generation,individual_id,l0_size,accuracy_on_full,f1_macro_on_full,num_tokens,num_distinct_tokens,num_classes_in_l0,most_frequent_class_in_l0,l0_indices_hash,fitness_calc_time_sec
1,0,50,0.201451,0.016553,274,240,38,padaria e confeitaria industrializado,a895129309,1.9066
1,1,50,0.160445,0.013699,266,237,34,cerveja,8c3ee7999f,1.7603
1,2,50,0.193822,0.025178,268,238,43,biscoito,e4e3819d3a,1.9124
1,3,50,0.184476,0.017100,285,249,39,biscoito,f0ede8b5ef,1.7324
1,4,50,0.175929,0.018614,275,253,39,outro farma,8770e7f264,1.8069
1,5,50,0.176954,0.022062,288,254,43,desodorante,c2ba85a12a,1.7424
1,6,50,0.201571,0.017469,286,254,36,iogurte,d465ec7718,1.7471
1,7,50,0.169991,0.018341,268,241,42,desodorante,c5ecde6179,1.7008
1,8,50,0.173079,0.015530,285,253,38,padaria e confeitaria industrializado,a4f85f54e9,1.7329
1,9,50,0.146226,0.018624,266,246,42,biscoito,5f9db89a27,1.7963
1,10,50,0.158874,0.017303,273,252,41,sabonete,7b40acb887,1.7049
1,11,50,0.145054,0.016317,276,234,40,iogurte,40c9a27a70,1.6685
1,12,50,0.164931,0.020307,289,260,47,iogurte,2ae399b410,1.8624
1,13,50,0.170417,0.015339,266,233,41,biscoito,0d2c964608,1.7956
1,14,50,0.181267,0.019630,278,255,46,biscoito,545f8b0018,1.7003
1,15,50,0.131740,0.014597,268,242,42,cerveja,7c26cd9e54,1.5948
1,16,50,0.138690,0.014457,278,246,40,biscoito,e4277921aa,1.8137
1,17,50,0.165158,0.017503,252,225,43,suco pronto,058cd173ee,1.6791
1,18,50,0.181547,0.016434,285,246,36,biscoito,b04ba6e38e,1.7900
1,19,50,0.177074,0.017786,283,249,38,refrigerante,f806db5283,1.7673
1,20,50,0.163733,0.015896,270,240,39,biscoito,264970fe2d,1.7033
1,21,50,0.186287,0.018080,277,247,39,biscoito,2f4d8a6e8c,1.8118
1,22,50,0.198669,0.020354,240,216,41,sabonete,0988c01f63,1.7310
1,23,50,0.208947,0.022124,281,257,40,biscoito,5bf514a482,1.7566
1,24,50,0.175170,0.016819,274,243,36,biscoito,3cf4274997,1.7380
1,25,50,0.180069,0.017470,284,255,39,biscoito,0c6f0f4c65,1.7666
1,26,50,0.182759,0.018179,269,235,41,biscoito,0e815c839b,1.7409
1,27,50,0.170683,0.017595,291,268,38,outro farma,50cc7c1c83,1.7680
1,28,50,0.149394,0.017790,277,244,44,aperitivo,ac6f03b134,1.8145
1,29,50,0.185062,0.018673,269,225,37,padaria e confeitaria industrializado,d11923980f,2.0490
1,30,50,0.155013,0.015283,259,223,38,biscoito,8cc42ac2f4,1.8197
1,31,50,0.196365,0.017227,282,245,37,sabonete,0f6b3a4e83,1.6334
1,32,50,0.162588,0.017080,269,233,38,cerveja,46ca111227,1.6790
1,33,50,0.153721,0.015792,285,260,43,cafe,aa5998dd29,1.6640
1,34,50,0.121262,0.017309,266,242,42,cafe,552bf46a2b,1.6513
1,35,50,0.174690,0.019790,266,241,41,chocolate,6b2432b566,1.7187
1,36,50,0.177992,0.017980,285,258,38,cerveja,0fcfc9a9d2,1.7740
1,37,50,0.170603,0.019755,258,233,41,biscoito,01953afb5d,1.7225
1,38,50,0.196898,0.018946,272,248,40,outro farma,b109961b00,1.6326
1,39,50,0.178032,0.016766,272,238,38,biscoito,0229ffeda2,1.8327
1,40,50,0.180282,0.019440,280,244,42,biscoito,607efb503a,1.6789
1,41,50,0.173905,0.020022,259,229,43,macarrao,076a4f79e4,1.6897
1,42,50,0.185208,0.018175,261,227,42,goiabada,e2816b2f8f,1.7674
1,43,50,0.179750,0.020247,275,241,42,iogurte,ae22c9c3af,1.6167
1,44,50,0.159619,0.018329,274,250,39,cafe,0cdf4ef38f,1.7546
1,45,50,0.182705,0.018569,274,250,40,desodorante,b231fc151c,1.7337
1,46,50,0.184290,0.019371,266,233,38,iogurte,24a6a0e90b,1.8186
1,47,50,0.146412,0.015141,274,242,41,suco pronto,dc38bf7cbd,1.6468
1,48,50,0.149900,0.019671,277,244,44,desodorante,ba98baf00b,1.6871
1,49,50,0.195420,0.016716,276,251,36,biscoito,2ca41bdd08,1.7484
2,0,50,0.121262,0.017309,266,242,42,cafe,552bf46a2b,1.6513
2,1,50,0.131740,0.014597,268,242,42,cerveja,7c26cd9e54,1.5948
2,2,50,0.138690,0.014457,278,246,40,biscoito,e4277921aa,1.8137
2,3,50,0.145054,0.016317,276,234,40,iogurte,40c9a27a70,1.6685
2,4,50,0.146226,0.018624,266,246,42,biscoito,5f9db89a27,1.7963
2,5,50,0.149700,0.018065,267,231,42,cafe,c4ce300350,1.8267
2,6,50,0.137252,0.019771,275,247,45,cafe,99b47b18ce,1.5785
2,7,50,0.183012,0.019649,298,268,42,suco pronto,5115b68ed7,1.7602
2,8,50,0.157076,0.014472,259,226,37,refrigerante,f28658222a,1.7353
2,9,50,0.118386,0.015174,274,237,41,desodorante,48c69727c2,1.7119
2,10,50,0.178512,0.017331,276,234,38,suco pronto,272b30182a,1.6571
2,11,50,0.172614,0.015892,263,236,40,biscoito,4566c58d0c,1.7365
2,12,50,0.185128,0.018502,264,231,38,cerveja,5163e15168,1.6799
2,13,50,0.139675,0.015523,279,247,41,biscoito,94fc07c6a6,1.8837
2,14,50,0.143643,0.018089,265,243,41,biscoito,3130259a69,1.6996
2,15,50,0.170883,0.018415,266,231,40,biscoito,d37681dad5,1.7039
2,16,50,0.145467,0.017130,266,243,42,biscoito,20e739428f,1.6745
2,17,50,0.126188,0.017915,265,235,41,cafe,8362b5c869,1.8243
2,18,50,0.155093,0.016151,286,262,43,arroz,e3d9474a2d,1.9041
2,19,50,0.141126,0.017265,269,236,41,creme dental,6bbec6b825,2.0807
2,20,50,0.152856,0.014645,268,224,35,biscoito,664165b713,1.7389
2,21,50,0.180282,0.019440,280,244,42,biscoito,607efb503a,1.6789
2,22,50,0.175170,0.016819,274,243,36,biscoito,3cf4274997,1.7380
2,23,50,0.142271,0.015942,271,234,40,outro farma,d5bbc681af,1.6997
2,24,50,0.180122,0.018257,290,259,38,cerveja,226e43cf31,1.7695
2,25,50,0.138690,0.014457,278,246,40,biscoito,e4277921aa,1.8137
2,26,50,0.149900,0.019671,277,244,44,desodorante,ba98baf00b,1.6871
2,27,50,0.173119,0.019138,274,259,42,oleo vegetal,e4b773b2fb,1.7018
2,28,50,0.172321,0.019370,263,247,42,cafe,4358c748c2,1.6796
2,29,50,0.171136,0.016560,264,230,42,biscoito,a12475194d,1.7117
2,30,50,0.131727,0.014685,270,244,42,biscoito,0ac1a85261,1.7469
2,31,50,0.108281,0.016152,255,223,41,refrigerante,13bf23bd49,1.6985
2,32,50,0.162948,0.018219,279,258,45,biscoito,d24441e154,1.8573
2,33,50,0.149314,0.015828,277,255,41,suco pronto,704ffc2837,1.6351
2,34,50,0.150459,0.016944,263,227,37,chocolate,ec2533d920,1.7010
2,35,50,0.173239,0.020117,289,245,45,alimento pet,4c8bc5ef1f,1.7173
2,36,50,0.149408,0.014696,264,230,43,outro farma,ed646cf18b,1.7600
2,37,50,0.170443,0.018551,277,249,41,cerveja,7d36a5e241,1.6335
2,38,50,0.170470,0.017647,257,227,41,aperitivo,b492ebcef6,1.6530
2,39,50,0.140727,0.017722,265,243,41,biscoito,ab5cc0ff22,1.8742
2,40,50,0.135375,0.014395,279,247,41,biscoito,417f950391,1.7978
2,41,50,0.158874,0.017303,273,252,41,sabonete,7b40acb887,1.7049
2,42,50,0.121262,0.017309,266,242,42,cafe,552bf46a2b,1.6513
2,43,50,0.165797,0.016494,260,228,38,biscoito,9542731b64,1.7457
2,44,50,0.164039,0.016313,267,242,42,suco pronto,53c34f719a,1.7569
2,45,50,0.168486,0.018894,286,254,43,lava roupas,f1b7595ae6,1.7142
2,46,50,0.134536,0.016368,269,243,46,biscoito,2935b2a2bd,1.7334
2,47,50,0.179989,0.019038,276,253,42,biscoito,ae02c91c21,1.5969
2,48,50,0.141286,0.017782,260,237,42,cafe,24bb723735,1.8520
2,49,50,0.150792,0.016761,274,237,42,biscoito,e19a49047d,1.7144
3,0,50,0.108281,0.016152,255,223,41,refrigerante,13bf23bd49,1.6985
3,1,50,0.118386,0.015174,274,237,41,desodorante,48c69727c2,1.7119
3,2,50,0.121262,0.017309,266,242,42,cafe,552bf46a2b,1.6513
3,3,50,0.121262,0.017309,266,242,42,cafe,552bf46a2b,1.6513
3,4,50,0.126188,0.017915,265,235,41,cafe,8362b5c869,1.8243
3,5,50,0.157303,0.015429,283,250,37,cafe,04614b14df,1.8308
3,6,50,0.170803,0.017022,260,229,41,cafe,a97329965b,1.6740
3,7,50,0.163507,0.019593,264,238,43,iogurte,0957df34dd,1.7684
3,8,50,0.181640,0.019327,276,249,42,chocolate,7f34f08513,1.7249
3,9,50,0.130901,0.015024,280,249,42,biscoito,046e0b49bd,1.7614
3,10,50,0.123219,0.016740,264,240,42,cafe,a9e1c61c48,1.7381
3,11,50,0.149408,0.014696,264,230,43,outro farma,ed646cf18b,1.7600
3,12,50,0.149900,0.019671,277,244,44,desodorante,ba98baf00b,1.6871
3,13,50,0.134430,0.015941,286,265,44,pano para limpeza,f9ac35ede6,1.7296
3,14,50,0.161723,0.017511,279,240,40,biscoito,c76c95d74e,1.8689
3,15,50,0.124750,0.017394,268,245,41,cafe,2cc7c03d71,1.9463
3,16,50,0.108281,0.016152,255,223,41,refrigerante,13bf23bd49,1.6985
3,17,50,0.142578,0.018359,267,249,42,biscoito,bf3a780990,1.9810
3,18,50,0.122980,0.016889,264,240,41,cafe,e3616a3be1,1.7028
3,19,50,0.136986,0.015720,274,255,44,cerveja,4c392f112c,1.6274
3,20,50,0.127426,0.016818,262,232,42,cafe,1c2f9883f6,1.7104
3,21,50,0.160405,0.016963,273,235,40,iogurte,bf5d800339,1.6682
3,22,50,0.116363,0.016238,267,231,44,creme dental,6e96ae69b7,1.7724
3,23,50,0.143882,0.019312,264,245,48,desodorante,2589091b1f,1.7095
3,24,50,0.141952,0.013989,279,242,41,lava roupas,90c1e73b46,1.7705
3,25,50,0.183384,0.017366,290,261,35,papel higienico,4c4dba0f44,1.5783
3,26,50,0.163094,0.018910,265,241,45,cerveja,f4743125fb,1.8333
3,27,50,0.157329,0.019924,271,236,43,biscoito,668aafc7ae,1.7632
3,28,50,0.128132,0.015281,259,239,46,aperitivo,3edfd33f4f,1.5725
3,29,50,0.145467,0.017130,266,243,42,biscoito,20e739428f,1.6745
3,30,50,0.138690,0.014457,278,246,40,biscoito,e4277921aa,1.8137
3,31,50,0.132353,0.020271,262,242,46,refrigerante,7e249b5cf0,1.8629
3,32,50,0.120623,0.011276,265,229,38,cerveja,dcdd404bbd,1.7563
3,33,50,0.138623,0.016278,280,252,43,biscoito,5e4bf9336e,1.6188
3,34,50,0.153016,0.018641,274,242,42,creme dental,b3d1662c7a,1.5661
3,35,50,0.138024,0.019926,275,247,45,cafe,cf8ca8a8e2,1.6558
3,36,50,0.152856,0.014645,268,224,35,biscoito,664165b713,1.7389
3,37,50,0.161590,0.020584,266,242,43,biscoito,7d79a26ec1,1.7148
3,38,50,0.149221,0.018466,274,246,46,cerveja,0dedbca696,1.7361
3,39,50,0.142178,0.018692,263,240,42,biscoito,462f5949ba,1.7410
3,40,50,0.137665,0.014751,281,249,41,biscoito,7bf3cf3aed,1.6423
3,41,50,0.136347,0.016130,265,240,46,chocolate,cfc87760f0,1.8054
3,42,50,0.146066,0.016409,274,244,42,desodorante,1c9016ffc4,1.6689
3,43,50,0.136360,0.015238,273,239,42,biscoito,78a5607271,2.0633
3,44,50,0.161550,0.018100,266,242,40,biscoito,92675eaa6f,1.7040
3,45,50,0.108281,0.016152,255,223,41,refrigerante,13bf23bd49,1.6985
3,46,50,0.108281,0.016152,255,223,41,refrigerante,13bf23bd49,1.6985
3,47,50,0.153961,0.020069,258,237,44,cafe,629c041d04,1.7496
3,48,50,0.148209,0.013740,268,227,39,padaria e confeitaria fresca,c75c80f181,1.6985
3,49,50,0.143643,0.018089,265,243,41,biscoito,3130259a69,1.6996
4,0,50,0.108281,0.016152,255,223,41,refrigerante,13bf23bd49,1.6985
4,1,50,0.108281,0.016152,255,223,41,refrigerante,13bf23bd49,1.6985
4,2,50,0.108281,0.016152,255,223,41,refrigerante,13bf23bd49,1.6985
4,3,50,0.108281,0.016152,255,223,41,refrigerante,13bf23bd49,1.6985
4,4,50,0.116363,0.016238,267,231,44,creme dental,6e96ae69b7,1.7724
4,5,50,0.131447,0.015419,284,254,42,pano para limpeza,2f39aac9a9,1.8298
4,6,50,0.120916,0.015710,276,248,42,desodorante,0c40fc6d26,1.6794
4,7,50,0.130475,0.018286,262,228,42,refrigerante,eb84f26882,1.7514
4,8,50,0.130941,0.015745,273,240,43,biscoito,9c2939c3a4,1.6557
4,9,50,0.138450,0.017175,262,236,41,cafe,88a13e3021,1.6696
4,10,50,0.141499,0.017383,284,255,44,energetico,ef9767002c,1.8938
4,11,50,0.129210,0.018420,265,236,43,cafe,c8050d0906,1.7309
4,12,50,0.134043,0.015849,286,263,42,cafe,9c519bb11b,2.0139
4,13,50,0.120543,0.015826,261,234,40,cerveja,8d879e9548,1.6531
4,14,50,0.106750,0.017004,257,229,42,refrigerante,dc9cc01a6d,1.5818
4,15,50,0.102676,0.016571,256,231,43,refrigerante,b206bf7db3,1.7233
4,16,50,0.158461,0.014723,275,241,38,queijo,d79280af21,1.7363
4,17,50,0.133777,0.018036,262,239,41,refrigerante,9e15c3283d,1.7823
4,18,50,0.108108,0.013923,280,244,40,cafe,f45fec1ce2,1.6727
4,19,50,0.108281,0.016152,255,223,41,refrigerante,13bf23bd49,1.6985
4,20,50,0.108281,0.016152,255,223,41,refrigerante,13bf23bd49,1.6985
4,21,50,0.136347,0.016130,265,240,46,chocolate,cfc87760f0,1.8054
4,22,50,0.108281,0.016152,255,223,41,refrigerante,13bf23bd49,1.6985
4,23,50,0.135308,0.016655,265,235,42,cafe,e5e6b6ced7,1.7725
4,24,50,0.126188,0.017915,265,235,41,cafe,8362b5c869,1.8243
4,25,50,0.097577,0.016021,257,229,41,refrigerante,af2f188e64,1.7178
4,26,50,0.117015,0.014018,272,229,39,cafe,7b210a3fe6,1.7582
4,27,50,0.147810,0.018081,290,259,41,biscoito,5df8dbed92,1.7301
4,28,50,0.142604,0.017381,258,237,40,biscoito,42980b4322,1.7665
4,29,50,0.112302,0.015654,255,228,44,cerveja,e45e48c08d,1.7562
4,30,50,0.107908,0.015624,259,236,45,cafe,89c7b47073,1.7930
4,31,50,0.116363,0.016238,267,231,44,creme dental,6e96ae69b7,1.7724
4,32,50,0.116363,0.016238,267,231,44,creme dental,6e96ae69b7,1.7724
4,33,50,0.108281,0.016152,255,223,41,refrigerante,13bf23bd49,1.6985
4,34,50,0.108281,0.016152,255,223,41,refrigerante,13bf23bd49,1.6985
4,35,50,0.133431,0.015120,282,249,43,biscoito,8e1b3ef91a,1.6991
4,36,50,0.139795,0.017277,272,244,42,desodorante,faee623a4d,1.6975
4,37,50,0.106018,0.010634,266,234,40,cerveja,de59d991c3,1.7388
4,38,50,0.147158,0.017229,285,260,43,biscoito,2b0152d71d,1.7457
4,39,50,0.109985,0.015749,266,233,45,multiuso,70124ceff0,1.8319
4,40,50,0.113966,0.016397,256,224,40,refrigerante,efcf7a7770,1.6479
4,41,50,0.150965,0.016458,268,232,46,aperitivo,4adaaf9291,1.7390
4,42,50,0.134869,0.015488,270,239,40,desodorante,accb23250c,1.6480
4,43,50,0.127573,0.015115,279,248,43,biscoito,3adf2a1de2,1.6145
4,44,50,0.130901,0.015024,280,249,42,biscoito,046e0b49bd,1.7614
4,45,50,0.152616,0.015821,278,245,40,biscoito,dbaca72dd7,1.7855
4,46,50,0.126894,0.013916,265,240,42,biscoito,8329a2a38a,1.7013
4,47,50,0.121262,0.017309,266,242,42,cafe,552bf46a2b,1.6513
4,48,50,0.109386,0.017029,255,223,42,refrigerante,de2b86242b,1.6931
4,49,50,0.135015,0.017891,264,243,47,refrigerante,0e05e44ace,1.7596
5,0,50,0.097577,0.016021,257,229,41,refrigerante,af2f188e64,1.7178
5,1,50,0.102676,0.016571,256,231,43,refrigerante,b206bf7db3,1.7233
5,2,50,0.106018,0.010634,266,234,40,cerveja,de59d991c3,1.7388
5,3,50,0.106750,0.017004,257,229,42,refrigerante,dc9cc01a6d,1.5818
5,4,50,0.107908,0.015624,259,236,45,cafe,89c7b47073,1.7930
5,5,50,0.094515,0.012958,273,232,40,cafe,9bbc862c57,1.7839
5,6,50,0.115977,0.015788,266,242,44,outro farma,09235d2234,1.7384
5,7,50,0.098482,0.014848,259,230,40,refrigerante,4771c1f489,1.7783
5,8,50,0.103954,0.013321,277,240,39,cafe,b784970510,1.9176
5,9,50,0.108281,0.016152,255,223,41,refrigerante,13bf23bd49,1.6985
5,10,50,0.108281,0.016152,255,223,41,refrigerante,13bf23bd49,1.6985
5,11,50,0.134403,0.019498,262,239,46,refrigerante,362729d538,1.8442
5,12,50,0.148249,0.018014,263,237,41,cerveja,89fae8d6a4,1.8989
5,13,50,0.120037,0.016009,267,237,45,multiuso,ff6f6b1dbc,1.8137
5,14,50,0.121755,0.015241,266,233,42,biscoito,5bef98a919,1.8668
5,15,50,0.097577,0.016021,257,229,41,refrigerante,af2f188e64,1.7178
5,16,50,0.108108,0.013923,280,244,40,cafe,f45fec1ce2,1.6727
5,17,50,0.102676,0.016571,256,231,43,refrigerante,b206bf7db3,1.7233
5,18,50,0.108281,0.016152,255,223,41,refrigerante,13bf23bd49,1.6985
5,19,50,0.102676,0.016571,256,231,43,refrigerante,b206bf7db3,1.7233
5,20,50,0.108281,0.016152,255,223,41,refrigerante,13bf23bd49,1.6985
5,21,50,0.108281,0.016152,255,223,41,refrigerante,13bf23bd49,1.6985
5,22,50,0.109346,0.015826,255,224,41,refrigerante,f8da8abad3,1.6836
5,23,50,0.108281,0.016152,255,223,41,refrigerante,13bf23bd49,1.6985
5,24,50,0.108281,0.016152,255,223,41,refrigerante,13bf23bd49,1.6985
5,25,50,0.117494,0.016175,262,235,43,refrigerante,6a555fd176,1.7117
5,26,50,0.097657,0.013467,273,233,40,cafe,7f132493e6,1.5440
5,27,50,0.098655,0.016907,257,228,42,refrigerante,1c94dc6341,1.7358
5,28,50,0.108281,0.016152,255,223,41,refrigerante,13bf23bd49,1.6985
5,29,50,0.108281,0.016152,255,223,41,refrigerante,13bf23bd49,1.6985
5,30,50,0.106750,0.017004,257,229,42,refrigerante,dc9cc01a6d,1.5818
5,31,50,0.106564,0.016095,256,225,41,refrigerante,2d5e7f33a9,1.6983
5,32,50,0.108281,0.016152,255,223,41,refrigerante,13bf23bd49,1.6985
5,33,50,0.108281,0.016152,255,223,41,refrigerante,13bf23bd49,1.6985
5,34,50,0.108281,0.016152,255,223,41,refrigerante,13bf23bd49,1.6985
5,35,50,0.111556,0.017752,255,225,43,refrigerante,19135a9928,1.7318
5,36,50,0.108281,0.016152,255,223,41,refrigerante,13bf23bd49,1.6985
5,37,50,0.106750,0.017004,257,229,42,refrigerante,dc9cc01a6d,1.5818
5,38,50,0.106750,0.017004,257,229,42,refrigerante,dc9cc01a6d,1.5818
5,39,50,0.108641,0.016374,260,234,42,refrigerante,83accbb0af,1.7459
5,40,50,0.111237,0.014370,279,246,42,cafe,833486434a,1.7445
5,41,50,0.108281,0.016152,255,223,41,refrigerante,13bf23bd49,1.6985
5,42,50,0.108281,0.016152,255,223,41,refrigerante,13bf23bd49,1.6985
5,43,50,0.117987,0.016145,266,231,44,cafe,3ab27821e4,1.8270
5,44,50,0.108974,0.017780,260,236,47,chocolate,df6ec106c3,1.6391
5,45,50,0.106750,0.017004,257,229,42,refrigerante,dc9cc01a6d,1.5818
5,46,50,0.102676,0.016571,256,231,43,refrigerante,b206bf7db3,1.7233
5,47,50,0.108281,0.016152,255,223,41,refrigerante,13bf23bd49,1.6985
5,48,50,0.097710,0.016014,258,229,41,barra alimentar,e3cb171d0d,1.7122
5,49,50,0.108281,0.016152,255,223,41,refrigerante,13bf23bd49,1.6985
6,0,50,0.094515,0.012958,273,232,40,cafe,9bbc862c57,1.7839
6,1,50,0.097577,0.016021,257,229,41,refrigerante,af2f188e64,1.7178
6,2,50,0.097577,0.016021,257,229,41,refrigerante,af2f188e64,1.7178
6,3,50,0.097657,0.013467,273,233,40,cafe,7f132493e6,1.5440
6,4,50,0.097710,0.016014,258,229,41,barra alimentar,e3cb171d0d,1.7122
6,5,50,0.085089,0.015006,265,231,43,cafe,9a960b2151,1.8290
6,6,50,0.115311,0.014570,264,237,42,cafe,b6afc71241,1.6333
6,7,50,0.094515,0.012958,273,232,40,cafe,9bbc862c57,1.7839
6,8,50,0.108281,0.016152,255,223,41,refrigerante,13bf23bd49,1.6985
6,9,50,0.108388,0.017120,258,234,43,barra alimentar,61a11fcbae,1.7129
6,10,50,0.102996,0.013742,275,237,40,cafe,38053a0f58,1.6362
6,11,50,0.105019,0.015079,274,237,41,cafe,d9bc17a4b8,1.7254
6,12,50,0.102383,0.015783,253,223,41,refrigerante,f1f911caf1,1.6733
6,13,50,0.107908,0.015624,259,236,45,cafe,89c7b47073,1.7930
6,14,50,0.102676,0.016571,256,231,43,refrigerante,b206bf7db3,1.7233
6,15,50,0.102676,0.016571,256,231,43,refrigerante,b206bf7db3,1.7233
6,16,50,0.103115,0.016807,253,229,43,refrigerante,b05973f89e,1.7292
6,17,50,0.094874,0.015638,261,237,43,barra alimentar,4e8d0eb8b1,1.7823
6,18,50,0.123299,0.014733,273,239,39,cafe,5847637a1a,1.5883
6,19,50,0.105179,0.014486,262,233,43,refrigerante,be7cf44e8e,1.7634
6,20,50,0.114619,0.013356,261,228,40,cerveja,c34d5a0501,1.5367
6,21,50,0.103874,0.013743,275,235,39,cafe,761feb3cef,1.7707
6,22,50,0.107176,0.016496,262,239,43,refrigerante,d2013858a3,1.5933
6,23,50,0.108428,0.016145,256,223,41,refrigerante,5484d411fd,1.6816
6,24,50,0.096698,0.015914,258,230,41,refrigerante,0000527b78,1.6918
6,25,50,0.098522,0.016679,257,228,41,refrigerante,b3b62d291a,1.6790
6,26,50,0.098655,0.016907,257,228,42,refrigerante,1c94dc6341,1.7358
6,27,50,0.108281,0.016152,255,223,41,refrigerante,13bf23bd49,1.6985
6,28,50,0.106750,0.017004,257,229,42,refrigerante,dc9cc01a6d,1.5818
6,29,50,0.092464,0.016128,258,236,43,barra alimentar,15e2bbbee8,1.7109
6,30,50,0.108281,0.016152,255,223,41,refrigerante,13bf23bd49,1.6985
6,31,50,0.112821,0.014904,279,248,43,cafe,64467fbf15,1.7295
6,32,50,0.101518,0.016719,257,228,42,refrigerante,85ef6666fd,1.6005
6,33,50,0.086047,0.014504,258,230,47,cafe,40d5ce8f14,1.7125
6,34,50,0.127573,0.017629,257,233,43,refrigerante,bafabe4aea,1.5992
6,35,50,0.097577,0.016021,257,229,41,refrigerante,af2f188e64,1.7178
6,36,50,0.097577,0.016021,257,229,41,refrigerante,af2f188e64,1.7178
6,37,50,0.106564,0.016095,256,225,41,refrigerante,2d5e7f33a9,1.6983
6,38,50,0.102676,0.016571,256,231,43,refrigerante,b206bf7db3,1.7233
6,39,50,0.106750,0.017004,257,229,42,refrigerante,dc9cc01a6d,1.5818
6,40,50,0.108281,0.016755,256,223,41,refrigerante,f9bab6a0fb,1.9624
6,41,50,0.113034,0.011267,264,230,39,cerveja,27d6cde818,1.8833
6,42,50,0.098269,0.017539,257,231,44,vinho importado,0269f051fe,1.8818
6,43,50,0.083890,0.013173,257,225,44,refrigerante,79793c8f17,1.7686
6,44,50,0.133537,0.018130,257,231,43,refrigerante,441f0b40f0,1.6481
6,45,50,0.096698,0.015914,258,230,41,refrigerante,0000527b78,1.6918
6,46,50,0.108281,0.016152,255,223,41,refrigerante,13bf23bd49,1.6985
6,47,50,0.109759,0.016928,254,221,42,refrigerante,030510f3eb,1.7941
6,48,50,0.099254,0.015362,261,237,42,refrigerante,9a8a6ce458,1.6352
6,49,50,0.108281,0.016152,255,223,41,refrigerante,13bf23bd49,1.6985
7,0,50,0.083890,0.013173,257,225,44,refrigerante,79793c8f17,1.7686
7,1,50,0.085089,0.015006,265,231,43,cafe,9a960b2151,1.8290
7,2,50,0.086047,0.014504,258,230,47,cafe,40d5ce8f14,1.7125
7,3,50,0.092464,0.016128,258,236,43,barra alimentar,15e2bbbee8,1.7109
7,4,50,0.094515,0.012958,273,232,40,cafe,9bbc862c57,1.7839
7,5,50,0.088004,0.016160,264,234,43,molho de tomate,b636c37be9,1.7582
7,6,50,0.119358,0.013726,267,238,39,cafe,07ead83c21,1.7193
7,7,50,0.097790,0.015925,258,228,41,refrigerante,b9341f133d,1.7422
7,8,50,0.098908,0.014256,274,238,42,cafe,db247e3a46,1.9349
7,9,50,0.102876,0.016401,261,238,43,refrigerante,fa56eb0d76,1.7302
7,10,50,0.104260,0.015237,263,233,41,refrigerante,531b5dc9ea,1.6301
7,11,50,0.096698,0.015914,258,230,41,refrigerante,0000527b78,1.6918
7,12,50,0.096698,0.015914,258,230,41,refrigerante,0000527b78,1.6918
7,13,50,0.093796,0.016411,259,235,42,barra alimentar,00d0cef804,1.8831
7,14,50,0.097430,0.016087,256,229,42,refrigerante,58d043bfab,2.1014
7,15,50,0.099907,0.015789,260,228,39,barra alimentar,5a372ab4be,1.7794
7,16,50,0.095447,0.015627,259,230,41,barra alimentar,aca2fc9554,1.6090
7,17,50,0.085089,0.015006,265,231,43,cafe,9a960b2151,1.8290
7,18,50,0.117175,0.013638,275,232,40,cafe,55212a0ce2,1.6887
7,19,50,0.086779,0.015212,270,239,43,molho de tomate,ab8a0a2156,1.9105
7,20,50,0.096885,0.016269,254,230,43,barra alimentar,ad58caab0a,1.6660
7,21,50,0.094848,0.013409,272,230,40,cafe,accfb467f9,1.8216
7,22,50,0.110092,0.015282,262,238,44,cafe,61bbb967fd,1.7153
7,23,50,0.087645,0.014628,271,238,43,cafe,152261f54b,1.7374
7,24,50,0.114898,0.016130,260,231,42,refrigerante,e7c06f4aee,1.6100
7,25,50,0.078046,0.013982,257,229,47,cafe,ad57a0d27e,1.8649
7,26,50,0.092464,0.016128,258,236,43,barra alimentar,15e2bbbee8,1.7109
7,27,50,0.096698,0.015914,258,230,41,refrigerante,0000527b78,1.6918
7,28,50,0.083890,0.013173,257,225,44,refrigerante,79793c8f17,1.7686
7,29,50,0.096805,0.015766,259,230,41,refrigerante,23be96e403,1.7181
7,30,50,0.083890,0.013173,257,225,44,refrigerante,79793c8f17,1.7686
7,31,50,0.113514,0.013722,269,241,42,cafe,bcd8880021,1.7636
7,32,50,0.093396,0.016892,265,235,43,molho de tomate,75856b9bfd,1.7078
7,33,50,0.083518,0.015177,268,237,43,molho de tomate,90748d9188,1.6898
7,34,50,0.108468,0.016315,255,224,41,refrigerante,39c5a3d710,1.6746
7,35,50,0.087019,0.015450,267,238,43,molho de tomate,79552dda55,1.8877
7,36,50,0.108281,0.016152,255,223,41,refrigerante,13bf23bd49,1.6985
7,37,50,0.096086,0.016021,258,232,42,barra alimentar,73cf74c1aa,1.7043
7,38,50,0.097577,0.016021,257,229,41,refrigerante,af2f188e64,1.7178
7,39,50,0.107216,0.015340,260,230,41,cafe,ad8007d130,1.7069
7,40,50,0.083997,0.016065,259,223,42,molho de tomate,72655e5453,1.8448
7,41,50,0.083531,0.015044,267,236,42,cafe,f01c305eeb,1.8148
7,42,50,0.114698,0.015253,264,237,43,refrigerante,a2a83a5193,2.0173
7,43,50,0.098882,0.016579,258,229,40,barra alimentar,93a5c71893,1.8053
7,44,50,0.096259,0.016009,257,229,42,refrigerante,8d69875b2d,2.0560
7,45,50,0.097577,0.016021,257,229,41,refrigerante,af2f188e64,1.7178
7,46,50,0.097577,0.016021,257,229,41,refrigerante,af2f188e64,1.7178
7,47,50,0.093077,0.016480,255,226,42,refrigerante,cc8ef86ba6,1.7665
7,48,50,0.106644,0.017771,259,233,44,vinho importado,5c8ffdfa28,1.6752
7,49,50,0.088670,0.015871,263,235,41,molho de tomate,36a9d861dc,1.7614
8,0,50,0.078046,0.013982,257,229,47,cafe,ad57a0d27e,1.8649
8,1,50,0.083518,0.015177,268,237,43,molho de tomate,90748d9188,1.6898
8,2,50,0.083531,0.015044,267,236,42,cafe,f01c305eeb,1.8148
8,3,50,0.083890,0.013173,257,225,44,refrigerante,79793c8f17,1.7686
8,4,50,0.083890,0.013173,257,225,44,refrigerante,79793c8f17,1.7686
8,5,50,0.083997,0.016065,259,223,42,molho de tomate,72655e5453,1.8448
8,6,50,0.085089,0.015006,265,231,43,cafe,9a960b2151,1.8290
8,7,50,0.088683,0.015515,265,237,41,molho de tomate,50a8c453af,1.8856
8,8,50,0.098642,0.015875,254,227,42,refrigerante,723e24be68,1.6807
8,9,50,0.085022,0.014628,266,233,43,cafe,2fff3f6a70,1.7481
8,10,50,0.082000,0.013797,259,228,44,vinho importado,2cc8d5f183,1.6505
8,11,50,0.085168,0.014415,261,233,46,cafe,4539993ec2,1.7512
8,12,50,0.091506,0.015309,263,237,41,cafe,84bf79f367,1.7311
8,13,50,0.097577,0.016021,257,229,41,refrigerante,af2f188e64,1.7178
8,14,50,0.092464,0.016128,258,236,43,barra alimentar,15e2bbbee8,1.7109
8,15,50,0.086779,0.015212,270,239,43,molho de tomate,ab8a0a2156,1.9105
8,16,50,0.096805,0.015766,259,230,41,refrigerante,23be96e403,1.7181
8,17,50,0.112994,0.017211,257,224,42,refrigerante,7c3cc51345,1.7692
8,18,50,0.085328,0.015539,266,237,42,molho de tomate,952499519a,1.7295
8,19,50,0.086593,0.015018,266,231,43,cafe,e31bc121b9,1.7723
8,20,50,0.074078,0.013367,262,237,47,vinho importado,f1c6369cc4,1.6468
8,21,50,0.094941,0.013311,272,230,40,cafe,03cacb6b10,1.7526
8,22,50,0.094515,0.012958,273,232,40,cafe,9bbc862c57,1.7839
8,23,50,0.078046,0.013982,257,229,47,cafe,ad57a0d27e,1.8649
8,24,50,0.084729,0.013711,256,223,44,refrigerante,cb5b9a8f1b,1.7491
8,25,50,0.083531,0.015044,267,236,42,cafe,f01c305eeb,1.8148
8,26,50,0.093077,0.016480,255,226,42,refrigerante,cc8ef86ba6,1.7665
8,27,50,0.082572,0.014749,260,233,47,vinho importado,78269c418c,1.7357
8,28,50,0.085022,0.014628,266,233,43,cafe,2fff3f6a70,1.7481
8,29,50,0.079630,0.014504,262,238,42,molho de tomate,5e9471f121,1.8128
8,30,50,0.104913,0.019006,255,227,45,refrigerante,69d8073f48,1.7340
8,31,50,0.085115,0.014574,265,230,42,cafe,a286331997,1.5825
8,32,50,0.085648,0.014132,257,228,45,vinho importado,c4323604b9,1.7421
8,33,50,0.097098,0.017237,263,240,44,refrigerante,9209f7af12,1.5760
8,34,50,0.097084,0.016551,260,237,43,vinho importado,d7155e70f4,1.7539
8,35,50,0.083531,0.015044,267,236,42,cafe,f01c305eeb,1.8148
8,36,50,0.097577,0.016021,257,229,41,refrigerante,af2f188e64,1.7178
8,37,50,0.088816,0.015767,248,229,44,vinho importado,a69b98105f,1.7112
8,38,50,0.094035,0.014899,267,235,43,cafe,15ad8654d8,1.5924
8,39,50,0.087552,0.015465,257,230,48,cafe,0b0c571524,1.7318
8,40,50,0.084969,0.015880,260,225,42,molho de tomate,c93d18941c,1.6950
8,41,50,0.078032,0.013969,258,232,47,cafe,fdf5fa07fe,1.9043
8,42,50,0.083890,0.013397,256,222,44,refrigerante,afb4b78cab,1.5412
8,43,50,0.079204,0.016695,267,235,43,molho de tomate,5dafb7c1e5,1.7514
8,44,50,0.100919,0.015625,260,239,43,refrigerante,eb90c44e4a,1.8778
8,45,50,0.083890,0.013173,257,225,44,refrigerante,79793c8f17,1.7686
8,46,50,0.083890,0.013173,257,225,44,refrigerante,79793c8f17,1.7686
8,47,50,0.096259,0.016009,257,229,42,refrigerante,8d69875b2d,2.0560
8,48,50,0.087019,0.015450,267,238,43,molho de tomate,79552dda55,1.8877
8,49,50,0.101025,0.016348,258,236,45,cafe,62f13feda1,1.8436
9,0,50,0.074078,0.013367,262,237,47,vinho importado,f1c6369cc4,1.6468
9,1,50,0.078032,0.013969,258,232,47,cafe,fdf5fa07fe,1.9043
9,2,50,0.078046,0.013982,257,229,47,cafe,ad57a0d27e,1.8649
9,3,50,0.078046,0.013982,257,229,47,cafe,ad57a0d27e,1.8649
9,4,50,0.079204,0.016695,267,235,43,molho de tomate,5dafb7c1e5,1.7514
9,5,50,0.082572,0.014749,260,233,47,vinho importado,78269c418c,1.7357
9,6,50,0.078046,0.013982,257,229,47,cafe,ad57a0d27e,1.8649
9,7,50,0.078046,0.013982,257,229,47,cafe,ad57a0d27e,1.8649
9,8,50,0.085648,0.014132,257,228,45,vinho importado,c4323604b9,1.7421
9,9,50,0.087791,0.016449,264,240,44,cafe,a658e3dc1a,1.9502
9,10,50,0.078245,0.013931,262,230,45,molho de tomate,e3f4ff69fd,1.6481
9,11,50,0.087538,0.014878,260,232,42,refrigerante,31d7a5a36d,1.7604
9,12,50,0.074424,0.014237,260,236,47,vinho importado,16ecae0d55,1.7997
9,13,50,0.082266,0.014017,261,232,46,cafe,5a2408ac5d,1.7325
9,14,50,0.081587,0.015440,261,227,44,cafe,260b11f96d,1.6959
9,15,50,0.084742,0.013666,258,223,44,cafe,cf0d503223,1.7133
9,16,50,0.083744,0.015837,258,226,41,refrigerante,eefa76692e,1.6683
9,17,50,0.078245,0.013931,262,230,45,molho de tomate,e3f4ff69fd,1.6481
9,18,50,0.079483,0.014180,258,241,43,barra alimentar,30cefecb73,1.6793
9,19,50,0.085089,0.015006,265,231,43,cafe,9a960b2151,1.8290
9,20,50,0.083890,0.013173,257,225,44,refrigerante,79793c8f17,1.7686
9,21,50,0.083518,0.015177,268,237,43,molho de tomate,90748d9188,1.6898
9,22,50,0.078046,0.013982,257,229,47,cafe,ad57a0d27e,1.8649
9,23,50,0.084183,0.013042,258,227,43,refrigerante,59a6d92977,1.8155
9,24,50,0.083185,0.015089,266,233,43,cafe,d5863316f2,1.5991
9,25,50,0.083531,0.015044,267,236,42,cafe,f01c305eeb,1.8148
9,26,50,0.083651,0.013804,259,228,44,vinho importado,31182b0a72,1.6378
9,27,50,0.083890,0.013397,256,222,44,refrigerante,afb4b78cab,1.5412
9,28,50,0.083890,0.013173,257,225,44,refrigerante,79793c8f17,1.7686
9,29,50,0.092464,0.016128,258,236,43,barra alimentar,15e2bbbee8,1.7109
9,30,50,0.085115,0.014574,265,230,42,cafe,a286331997,1.5825
9,31,50,0.085115,0.014574,265,230,42,cafe,a286331997,1.5825
9,32,50,0.081534,0.013751,259,229,44,vinho importado,3eff768b4d,1.7311
9,33,50,0.090787,0.014987,264,237,41,cafe,10a80fabda,1.7629
9,34,50,0.086114,0.014775,259,230,46,cafe,a82214a794,1.6179
9,35,50,0.082772,0.016418,265,230,43,molho de tomate,83a7575145,1.7521
9,36,50,0.081720,0.014535,263,238,46,vinho importado,2a852489ed,1.7030
9,37,50,0.085847,0.013607,254,230,45,cafe,cd913ec68f,1.7113
9,38,50,0.079404,0.014942,269,232,44,molho de tomate,9ea013aee5,1.7213
9,39,50,0.090680,0.015793,269,241,43,molho de tomate,8dda293729,1.6496
9,40,50,0.105166,0.016292,257,225,42,refrigerante,36aaaf3b0a,1.7801
9,41,50,0.075556,0.014110,259,234,46,vinho importado,47a8acb1bc,1.5927
9,42,50,0.075236,0.012567,259,233,44,vinho importado,0e1972367a,1.6931
9,43,50,0.085648,0.014132,257,228,45,vinho importado,c4323604b9,1.7421
9,44,50,0.079204,0.016695,267,235,43,molho de tomate,5dafb7c1e5,1.7514
9,45,50,0.090680,0.014407,249,224,42,cafe,a0f4cb5937,2.0404
9,46,50,0.079270,0.014236,273,236,44,molho de tomate,f23a36f02a,1.6952
9,47,50,0.075756,0.014558,262,234,47,sal,f3136aa74d,1.6596
9,48,50,0.084915,0.014846,265,230,43,cafe,9e155bba74,1.6650
9,49,50,0.090241,0.014238,251,226,42,cafe,6da2c4e27d,1.6121
10,0,50,0.074078,0.013367,262,237,47,vinho importado,f1c6369cc4,1.6468
10,1,50,0.074424,0.014237,260,236,47,vinho importado,16ecae0d55,1.7997
10,2,50,0.075236,0.012567,259,233,44,vinho importado,0e1972367a,1.6931
10,3,50,0.075556,0.014110,259,234,46,vinho importado,47a8acb1bc,1.5927
10,4,50,0.075756,0.014558,262,234,47,sal,f3136aa74d,1.6596
10,5,50,0.074437,0.013406,261,237,47,vinho importado,a9bc18871c,1.8179
10,6,50,0.078205,0.014521,258,229,47,cafe,a66b6db353,1.6730
10,7,50,0.075795,0.013072,261,236,46,vinho importado,d1a230ffbd,1.7532
10,8,50,0.075290,0.013684,263,238,46,vinho importado,0aaa1215ab,1.7284
10,9,50,0.082412,0.013265,265,239,45,vinho importado,3881b1d399,1.7913
10,10,50,0.072787,0.014613,259,228,48,cafe,15e0b00563,1.7807
10,11,50,0.078032,0.013969,258,232,47,cafe,fdf5fa07fe,1.9043
10,12,50,0.075250,0.014279,259,233,47,vinho importado,d5af868d10,1.8738
10,13,50,0.079603,0.014025,268,241,42,cafe,b032b8f898,1.6582
10,14,50,0.074038,0.014441,249,229,45,vinho importado,b3a3a3c9d2,1.6635
10,15,50,0.084556,0.016419,262,235,41,molho de tomate,9e10081a9e,1.7452
10,16,50,0.079790,0.014014,257,230,46,refrigerante,85c707bb64,1.7333
10,17,50,0.084742,0.013666,258,223,44,cafe,cf0d503223,1.7133
10,18,50,0.078032,0.013969,258,232,47,cafe,fdf5fa07fe,1.9043
10,19,50,0.073319,0.013307,262,237,47,vinho importado,fd9488e5c7,1.7069
10,20,50,0.074331,0.014153,260,236,47,vinho importado,7a7aa1c076,1.6977
10,21,50,0.077420,0.016362,267,232,43,molho de tomate,c0893d199e,1.6913
10,22,50,0.087645,0.013631,255,224,44,refrigerante,6e9bd2d883,1.5744
10,23,50,0.078032,0.013969,258,232,47,cafe,fdf5fa07fe,1.9043
10,24,50,0.084742,0.013666,258,223,44,cafe,cf0d503223,1.7133
10,25,50,0.082772,0.016418,265,230,43,molho de tomate,83a7575145,1.7521
10,26,50,0.078032,0.013969,258,232,47,cafe,fdf5fa07fe,1.9043
10,27,50,0.079204,0.016695,267,235,43,molho de tomate,5dafb7c1e5,1.7514
10,28,50,0.078032,0.013969,258,232,47,cafe,fdf5fa07fe,1.9043
10,29,50,0.083185,0.015089,266,233,43,cafe,d5863316f2,1.5991
10,30,50,0.083185,0.015089,266,233,43,cafe,d5863316f2,1.5991
10,31,50,0.078046,0.013982,257,229,47,cafe,ad57a0d27e,1.8649
10,32,50,0.078046,0.013982,257,229,47,cafe,ad57a0d27e,1.8649
10,33,50,0.077806,0.016915,267,238,43,molho de tomate,af50ea2f8c,1.7609
10,34,50,0.086127,0.013223,256,221,43,refrigerante,86856afb8b,1.5854
10,35,50,0.083744,0.015837,258,226,41,refrigerante,eefa76692e,1.6683
10,36,50,0.081534,0.013751,259,229,44,vinho importado,3eff768b4d,1.7311
10,37,50,0.079404,0.014942,269,232,44,molho de tomate,9ea013aee5,1.7213
10,38,50,0.081587,0.015440,261,227,44,cafe,260b11f96d,1.6959
10,39,50,0.082266,0.014017,261,232,46,cafe,5a2408ac5d,1.7325
10,40,50,0.078046,0.013982,257,229,47,cafe,ad57a0d27e,1.8649
10,41,50,0.083078,0.014682,266,239,46,vinho importado,ac25383c2e,1.7115
10,42,50,0.074770,0.014207,261,237,46,vinho importado,783e621d1b,1.7837
10,43,50,0.078898,0.016594,267,235,43,molho de tomate,58f64e9b0f,1.7206
10,44,50,0.084929,0.014809,266,230,42,cafe,3b3fde5ca2,1.6598
10,45,50,0.076541,0.013378,261,232,44,cafe,f659381c4c,1.7501
10,46,50,0.083198,0.015415,267,231,44,molho de tomate,2b3bf15e89,1.5661
10,47,50,0.078046,0.013982,257,229,47,cafe,ad57a0d27e,1.8649
10,48,50,0.083531,0.015044,267,236,42,cafe,f01c305eeb,1.8148
10,49,50,0.103488,0.013864,259,227,43,refrigerante,6d21f39f3d,1.6844
11,0,50,0.072787,0.014613,259,228,48,cafe,15e0b00563,1.7807
11,1,50,0.073319,0.013307,262,237,47,vinho importado,fd9488e5c7,1.7069
11,2,50,0.074038,0.014441,249,229,45,vinho importado,b3a3a3c9d2,1.6635
11,3,50,0.074078,0.013367,262,237,47,vinho importado,f1c6369cc4,1.6468
11,4,50,0.074331,0.014153,260,236,47,vinho importado,7a7aa1c076,1.6977
11,5,50,0.076648,0.015037,260,235,49,barra alimentar,aaf86a2541,1.8185
11,6,50,0.076554,0.012853,259,233,43,cafe,60f804b430,1.7556
11,7,50,0.077193,0.015908,272,235,44,molho de tomate,dcf91489c4,1.7492
11,8,50,0.072480,0.015189,254,230,45,vinho importado,eb68b5a5e8,1.7910
11,9,50,0.076341,0.014585,262,236,46,vinho importado,eeee018a0f,1.5761
11,10,50,0.077846,0.016938,268,239,44,molho de tomate,1e19fab720,1.8234
11,11,50,0.074770,0.014207,261,237,46,vinho importado,783e621d1b,1.7837
11,12,50,0.074424,0.014237,260,236,47,vinho importado,16ecae0d55,1.7997
11,13,50,0.075795,0.013072,261,236,46,vinho importado,d1a230ffbd,1.7532
11,14,50,0.075556,0.014110,259,234,46,vinho importado,47a8acb1bc,1.5927
11,15,50,0.072787,0.014613,259,228,48,cafe,15e0b00563,1.7807
11,16,50,0.078032,0.013969,258,232,47,cafe,fdf5fa07fe,1.9043
11,17,50,0.074770,0.014207,261,237,46,vinho importado,783e621d1b,1.7837
11,18,50,0.073319,0.013307,262,237,47,vinho importado,fd9488e5c7,1.7069
11,19,50,0.073319,0.013307,262,237,47,vinho importado,fd9488e5c7,1.7069
11,20,50,0.074424,0.014237,260,236,47,vinho importado,16ecae0d55,1.7997
11,21,50,0.078205,0.014521,258,229,47,cafe,a66b6db353,1.6730
11,22,50,0.078831,0.014664,260,232,46,sal,c33c965637,1.7212
11,23,50,0.075250,0.014279,259,233,47,vinho importado,d5af868d10,1.8738
11,24,50,0.074437,0.013406,261,237,47,vinho importado,a9bc18871c,1.8179
11,25,50,0.073945,0.013025,262,236,46,vinho importado,68cce2d806,1.7322
11,26,50,0.082412,0.013265,265,239,45,vinho importado,3881b1d399,1.7913
11,27,50,0.082066,0.014864,247,224,46,refrigerante,633a7e7a36,1.7309
11,28,50,0.073732,0.013219,262,237,46,vinho importado,e520aaa5f3,1.6639
11,29,50,0.078046,0.013982,257,229,47,cafe,ad57a0d27e,1.8649
11,30,50,0.074038,0.014441,249,229,45,vinho importado,b3a3a3c9d2,1.6635
11,31,50,0.079044,0.014219,266,237,46,sal,91a5d20dc0,1.7208
11,32,50,0.073239,0.014188,259,230,46,cafe,d713fc0c64,1.5762
11,33,50,0.084782,0.014313,255,234,47,cafe,ec848b8d97,1.6754
11,34,50,0.086753,0.016665,267,226,44,cafe,8bbee1df2e,1.6306
11,35,50,0.073332,0.014130,259,237,48,vinho importado,0c6580376a,1.7848
11,36,50,0.077420,0.016375,266,231,43,molho de tomate,d22edf8f7c,1.7673
11,37,50,0.078032,0.013969,258,232,47,cafe,fdf5fa07fe,1.9043
11,38,50,0.080975,0.014673,261,233,47,vinho importado,01ed8faba0,1.9323
11,39,50,0.075250,0.014279,259,233,47,vinho importado,d5af868d10,1.8738
11,40,50,0.075756,0.014558,262,234,47,sal,f3136aa74d,1.6596
11,41,50,0.074078,0.013367,262,237,47,vinho importado,f1c6369cc4,1.6468
11,42,50,0.078032,0.013969,258,232,47,cafe,fdf5fa07fe,1.9043
11,43,50,0.070071,0.013714,259,227,46,cafe,d157caba49,1.8355
11,44,50,0.074651,0.014474,250,230,46,vinho importado,c1d82a7c0c,1.7612
11,45,50,0.078032,0.013969,258,232,47,cafe,fdf5fa07fe,1.9043
11,46,50,0.074331,0.014225,259,233,47,vinho importado,ee2099e5ff,1.8850
11,47,50,0.074278,0.014245,261,236,48,vinho importado,8ea3195348,1.8932
11,48,50,0.077446,0.013292,263,234,47,cafe,66c70e95ba,1.7837
11,49,50,0.075795,0.013072,261,236,46,vinho importado,d1a230ffbd,1.7532
12,0,50,0.070071,0.013714,259,227,46,cafe,d157caba49,1.8355
12,1,50,0.072480,0.015189,254,230,45,vinho importado,eb68b5a5e8,1.7910
12,2,50,0.072787,0.014613,259,228,48,cafe,15e0b00563,1.7807
12,3,50,0.072787,0.014613,259,228,48,cafe,15e0b00563,1.7807
12,4,50,0.073239,0.014188,259,230,46,cafe,d713fc0c64,1.5762
12,5,50,0.079750,0.015195,251,226,45,refrigerante,5eae4ac46b,1.8313
12,6,50,0.068686,0.013952,264,236,48,vinho importado,d76cfa6961,1.6005
12,7,50,0.074677,0.012916,261,232,44,cafe,3f889fe119,1.7799
12,8,50,0.075356,0.017259,262,228,44,molho de tomate,2c9d72474d,1.7393
12,9,50,0.075369,0.014303,260,236,47,vinho importado,1055514fb2,1.6803
12,10,50,0.074331,0.014225,259,233,47,vinho importado,ee2099e5ff,1.8850
12,11,50,0.074078,0.013367,262,237,47,vinho importado,f1c6369cc4,1.6468
12,12,50,0.073319,0.013307,262,237,47,vinho importado,fd9488e5c7,1.7069
12,13,50,0.071003,0.014134,262,233,46,vinho importado,c561dd1b31,1.7311
12,14,50,0.081494,0.012959,259,230,43,cafe,517047cc40,1.6296
12,15,50,0.074078,0.013367,262,237,47,vinho importado,f1c6369cc4,1.6468
12,16,50,0.076554,0.012853,259,233,43,cafe,60f804b430,1.7556
12,17,50,0.073239,0.014188,259,230,46,cafe,d713fc0c64,1.5762
12,18,50,0.075250,0.014279,259,233,47,vinho importado,d5af868d10,1.8738
12,19,50,0.072480,0.015189,254,230,45,vinho importado,eb68b5a5e8,1.7910
12,20,50,0.073319,0.013307,262,237,47,vinho importado,fd9488e5c7,1.7069
12,21,50,0.073945,0.013025,262,236,46,vinho importado,68cce2d806,1.7322
12,22,50,0.074038,0.014441,249,229,45,vinho importado,b3a3a3c9d2,1.6635
12,23,50,0.073319,0.013307,262,237,47,vinho importado,fd9488e5c7,1.7069
12,24,50,0.074278,0.014245,261,236,48,vinho importado,8ea3195348,1.8932
12,25,50,0.076634,0.012859,259,232,46,cafe,0ea11f0b38,1.7139
12,26,50,0.086273,0.013803,265,240,46,vinho importado,48c5cece17,1.6798
12,27,50,0.073319,0.013307,262,237,47,vinho importado,fd9488e5c7,1.7069
12,28,50,0.075795,0.013072,261,236,46,vinho importado,d1a230ffbd,1.7532
12,29,50,0.074331,0.014225,259,233,47,vinho importado,ee2099e5ff,1.8850
12,30,50,0.074278,0.014245,261,236,48,vinho importado,8ea3195348,1.8932
12,31,50,0.073066,0.014942,253,230,46,vinho importado,44ff67c0c8,1.6766
12,32,50,0.076155,0.014547,265,237,46,vinho importado,53591804ec,1.7185
12,33,50,0.075942,0.013924,258,228,47,cafe,151828396a,1.6160
12,34,50,0.068952,0.014880,261,232,48,vinho importado,fd20e79e74,1.6726
12,35,50,0.070963,0.012640,262,238,45,vinho importado,925f33f4a3,1.5890
12,36,50,0.074011,0.012726,263,236,46,vinho importado,10b7cb9a0c,1.7240
12,37,50,0.074331,0.014153,260,236,47,vinho importado,7a7aa1c076,1.6977
12,38,50,0.073985,0.013804,259,234,47,vinho importado,94fc84e395,1.7920
12,39,50,0.074651,0.014474,250,230,46,vinho importado,c1d82a7c0c,1.7612
12,40,50,0.074038,0.014441,249,229,45,vinho importado,b3a3a3c9d2,1.6635
12,41,50,0.073665,0.013484,255,234,45,vinho importado,b3cddd1e59,1.6990
12,42,50,0.073226,0.014017,259,228,45,vinho importado,dc0a8248a4,1.9657
12,43,50,0.073319,0.013307,262,237,47,vinho importado,fd9488e5c7,1.7069
12,44,50,0.074078,0.013367,262,237,47,vinho importado,f1c6369cc4,1.6468
12,45,50,0.074770,0.014207,261,237,46,vinho importado,783e621d1b,1.7837
12,46,50,0.070071,0.013714,259,227,46,cafe,d157caba49,1.8355
12,47,50,0.076874,0.012930,262,234,46,vinho importado,06cb132b5a,1.7437
12,48,50,0.074477,0.013385,263,236,47,leite,8b14511411,1.7569
12,49,50,0.074371,0.015701,252,229,45,vinho importado,1744a1b87b,1.5725
13,0,50,0.068686,0.013952,264,236,48,vinho importado,d76cfa6961,1.6005
13,1,50,0.068952,0.014880,261,232,48,vinho importado,fd20e79e74,1.6726
13,2,50,0.070071,0.013714,259,227,46,cafe,d157caba49,1.8355
13,3,50,0.070071,0.013714,259,227,46,cafe,d157caba49,1.8355
13,4,50,0.070963,0.012640,262,238,45,vinho importado,925f33f4a3,1.5890
13,5,50,0.080282,0.013704,259,230,47,cafe,6426451cad,1.8077
13,6,50,0.064505,0.013627,261,231,47,vinho importado,973b46ec9c,1.6966
13,7,50,0.074011,0.012726,263,236,46,vinho importado,10b7cb9a0c,1.7240
13,8,50,0.078245,0.015516,255,232,45,vinho importado,fce7d3c11d,1.6641
13,9,50,0.068193,0.014064,258,236,45,vinho importado,59d635354b,1.7253
13,10,50,0.076887,0.013928,259,233,48,vinho importado,7e57dc6a8b,1.6780
13,11,50,0.074078,0.013367,262,237,47,vinho importado,f1c6369cc4,1.6468
13,12,50,0.072480,0.015189,254,230,45,vinho importado,eb68b5a5e8,1.7910
13,13,50,0.076861,0.013767,259,234,47,sal,c2eff0cc1d,1.8635
13,14,50,0.072014,0.014802,268,238,45,cafe,b3aaef7cf1,1.7641
13,15,50,0.072787,0.014613,259,228,48,cafe,15e0b00563,1.7807
13,16,50,0.068952,0.014880,261,232,48,vinho importado,fd20e79e74,1.6726
13,17,50,0.066968,0.014342,264,235,48,vinho importado,f0063bc476,1.8648
13,18,50,0.072574,0.013670,261,230,47,cafe,9aa9a365d5,1.7264
13,19,50,0.066383,0.013832,261,230,46,vinho importado,45ad7e60ff,1.6190
13,20,50,0.080282,0.013704,259,230,47,cafe,6426451cad,1.8077
13,21,50,0.070177,0.014247,263,232,46,vinho importado,095693c204,1.7295
13,22,50,0.073452,0.014078,249,231,45,vinho importado,d77dc19636,1.8254
13,23,50,0.071721,0.014506,260,236,45,vinho importado,bfda2b291c,1.8124
13,24,50,0.073133,0.013913,258,233,47,vinho importado,01bf5b02b2,1.8044
13,25,50,0.077193,0.013952,260,235,47,vinho importado,f5ef0a8271,1.7104
13,26,50,0.072480,0.015189,254,230,45,vinho importado,eb68b5a5e8,1.7910
13,27,50,0.073319,0.013307,262,237,47,vinho importado,fd9488e5c7,1.7069
13,28,50,0.074078,0.013367,262,237,47,vinho importado,f1c6369cc4,1.6468
13,29,50,0.076315,0.013008,265,236,45,vinho importado,0c211ff98b,1.7016
13,30,50,0.069578,0.012858,262,241,47,vinho importado,21b3999c2b,1.6487
13,31,50,0.074078,0.013367,262,237,47,vinho importado,f1c6369cc4,1.6468
13,32,50,0.073319,0.013307,262,237,47,vinho importado,fd9488e5c7,1.7069
13,33,50,0.073865,0.013999,258,233,47,vinho importado,59056bbf4a,1.7421
13,34,50,0.072667,0.014623,258,234,45,vinho importado,70a1377b59,1.8077
13,35,50,0.075423,0.014654,260,229,47,cafe,badde665cc,1.7024
13,36,50,0.072600,0.014313,258,229,47,cafe,fbd9d52be0,1.7429
13,37,50,0.071362,0.013570,260,233,48,vinho importado,e7317a0568,1.7268
13,38,50,0.073066,0.013836,261,230,46,cafe,edf356af19,1.7280
13,39,50,0.070257,0.014577,260,226,46,vinho importado,3640e792d6,1.6065
13,40,50,0.079750,0.015004,254,229,46,refrigerante,57cddcef96,1.7374
13,41,50,0.065877,0.014017,260,229,47,vinho importado,324e35ae23,1.6927
13,42,50,0.077353,0.013778,258,228,45,cafe,1a4548e407,1.7130
13,43,50,0.071003,0.014134,262,233,46,vinho importado,c561dd1b31,1.7311
13,44,50,0.068686,0.013952,264,236,48,vinho importado,d76cfa6961,1.6005
13,45,50,0.076807,0.014237,263,234,46,cafe,052886ecc2,1.7317
13,46,50,0.071895,0.014076,257,228,47,cafe,bf69bca322,1.7661
13,47,50,0.073665,0.013484,255,234,45,vinho importado,b3cddd1e59,1.6990
13,48,50,0.068686,0.013952,264,236,48,vinho importado,d76cfa6961,1.6005
13,49,50,0.078032,0.013969,258,232,47,cafe,fdf5fa07fe,1.9043
14,0,50,0.064505,0.013627,261,231,47,vinho importado,973b46ec9c,1.6966
14,1,50,0.065877,0.014017,260,229,47,vinho importado,324e35ae23,1.6927
14,2,50,0.066383,0.013832,261,230,46,vinho importado,45ad7e60ff,1.6190
14,3,50,0.066968,0.014342,264,235,48,vinho importado,f0063bc476,1.8648
14,4,50,0.068193,0.014064,258,236,45,vinho importado,59d635354b,1.7253
14,5,50,0.067687,0.014181,262,231,47,vinho importado,367f62c918,1.8319
14,6,50,0.067341,0.014303,260,232,47,vinho importado,87ca44873e,1.7699
14,7,50,0.071895,0.014076,257,228,47,cafe,bf69bca322,1.7661
14,8,50,0.070257,0.014577,260,226,46,vinho importado,3640e792d6,1.6065
14,9,50,0.067634,0.013964,261,232,46,vinho importado,4530651436,1.7497
14,10,50,0.070430,0.013040,262,233,47,cafe,6d78ed1f87,1.6490
14,11,50,0.076514,0.013642,260,234,46,cafe,2fb90f02c4,1.8326
14,12,50,0.068872,0.014589,256,228,47,vinho importado,80b768985d,1.6472
14,13,50,0.066383,0.013832,261,230,46,vinho importado,45ad7e60ff,1.6190
14,14,50,0.071895,0.014076,257,228,47,cafe,bf69bca322,1.7661
14,15,50,0.072480,0.015189,254,230,45,vinho importado,eb68b5a5e8,1.7910
14,16,50,0.069165,0.014742,264,236,48,vinho importado,3d11e31b7b,1.8059
14,17,50,0.068939,0.013213,266,238,46,vinho importado,2b1c8263ef,1.6215
14,18,50,0.072787,0.014613,259,228,48,cafe,15e0b00563,1.7807
14,19,50,0.074850,0.014617,254,227,45,refrigerante,6a5aab60af,1.8768
14,20,50,0.065477,0.013903,261,232,48,vinho importado,8b25550b6a,1.7384
14,21,50,0.072427,0.013815,259,234,46,cafe,6998cc2968,1.8830
14,22,50,0.066343,0.014226,262,230,48,sal,5663947ebb,1.7881
14,23,50,0.075090,0.015244,249,224,45,vinho importado,62c91078ef,2.0613
14,24,50,0.066476,0.014141,262,232,47,vinho importado,e597b455d7,1.8795
14,25,50,0.064505,0.013627,261,231,47,vinho importado,973b46ec9c,1.6966
14,26,50,0.068952,0.014880,261,232,48,vinho importado,fd20e79e74,1.6726
14,27,50,0.071961,0.014517,259,231,47,vinho importado,a604cab828,1.7822
14,28,50,0.069165,0.014144,264,233,46,vinho importado,3ab249a729,1.6830
14,29,50,0.070403,0.013598,259,234,48,vinho importado,a8d9dd678c,1.7544
14,30,50,0.065610,0.013518,263,237,46,vinho importado,ae4b843c8d,1.7423
14,31,50,0.068686,0.013952,264,236,48,vinho importado,d76cfa6961,1.6005
14,32,50,0.072480,0.015189,254,230,45,vinho importado,eb68b5a5e8,1.7910
14,33,50,0.070803,0.014011,263,228,45,vinho importado,b8b7972626,1.8036
14,34,50,0.064905,0.013784,258,230,47,vinho importado,6df140dcd5,1.6281
14,35,50,0.071748,0.015242,259,228,48,sal,d3f5332b24,1.8638
14,36,50,0.067394,0.014141,259,234,47,vinho importado,1060c4d64f,1.7760
14,37,50,0.068313,0.014626,261,230,47,vinho importado,4ca1e1d39b,1.7471
14,38,50,0.072787,0.014613,259,228,48,cafe,15e0b00563,1.7807
14,39,50,0.074864,0.013473,261,233,47,vinho importado,c9c52305a9,1.7489
14,40,50,0.070883,0.013810,258,228,46,vinho importado,92cf0f8ffe,1.7821
14,41,50,0.071721,0.014506,260,236,45,vinho importado,bfda2b291c,1.8124
14,42,50,0.069871,0.014275,258,226,47,cafe,40c0d24421,1.7677
14,43,50,0.071628,0.014104,263,231,47,cafe,1d965cc8a3,1.6353
14,44,50,0.073625,0.014690,261,231,46,vinho importado,c562d97766,1.7449
14,45,50,0.068193,0.014064,258,236,45,vinho importado,59d635354b,1.7253
14,46,50,0.069578,0.012858,262,241,47,vinho importado,21b3999c2b,1.6487
14,47,50,0.071003,0.014134,262,233,46,vinho importado,c561dd1b31,1.7311
14,48,50,0.072667,0.014623,258,234,45,vinho importado,70a1377b59,1.8077
14,49,50,0.071721,0.014506,260,236,45,vinho importado,bfda2b291c,1.8124
15,0,50,0.064505,0.013627,261,231,47,vinho importado,973b46ec9c,1.6966
15,1,50,0.064505,0.013627,261,231,47,vinho importado,973b46ec9c,1.6966
15,2,50,0.064905,0.013784,258,230,47,vinho importado,6df140dcd5,1.6281
15,3,50,0.065477,0.013903,261,232,48,vinho importado,8b25550b6a,1.7384
15,4,50,0.065610,0.013518,263,237,46,vinho importado,ae4b843c8d,1.7423
15,5,50,0.069964,0.014087,262,229,46,vinho importado,6f87d339b6,1.9366
15,6,50,0.075156,0.014771,259,229,47,vinho importado,c208a51e8d,1.7552
15,7,50,0.067687,0.014181,262,231,47,vinho importado,367f62c918,1.8319
15,8,50,0.064505,0.013627,261,231,47,vinho importado,973b46ec9c,1.6966
15,9,50,0.065877,0.014017,260,229,47,vinho importado,324e35ae23,1.6927
15,10,50,0.066210,0.013574,267,242,46,barra alimentar,9ffac625da,1.7321
15,11,50,0.068500,0.013309,263,233,46,vinho importado,e8d1a066e7,1.5422
15,12,50,0.065823,0.014043,261,233,47,vinho importado,546e1035c9,1.9681
15,13,50,0.069671,0.013796,259,235,48,vinho importado,8506bcd6b3,1.8672
15,14,50,0.069019,0.014150,262,236,47,vinho importado,d18c6d1fc9,1.8645
15,15,50,0.067235,0.013570,265,237,45,vinho importado,e3d14e7959,1.7352
15,16,50,0.065877,0.014039,260,231,48,vinho importado,050d7337b9,1.6303
15,17,50,0.068087,0.013381,264,236,46,vinho importado,bf7602209f,1.7823
15,18,50,0.069165,0.013777,264,236,47,vinho importado,7b5e715638,1.7253
15,19,50,0.070829,0.013125,260,231,47,vinho importado,c478b0a95b,1.6972
15,20,50,0.071642,0.015505,259,234,46,vinho importado,c1fa414d75,1.7694
15,21,50,0.066662,0.013905,261,227,46,vinho importado,2d83933913,1.8476
15,22,50,0.066476,0.014141,262,232,47,vinho importado,e597b455d7,1.8795
15,23,50,0.069085,0.013631,265,239,46,vinho importado,21c0f456db,1.7768
15,24,50,0.069165,0.014742,264,236,48,vinho importado,3d11e31b7b,1.8059
15,25,50,0.066463,0.013725,262,234,47,vinho importado,43f0ed4c08,1.7655
15,26,50,0.066116,0.014539,264,234,48,vinho importado,0d7ada7766,2.1642
15,27,50,0.066223,0.013595,265,240,46,vinho importado,d10f6dde05,2.4466
15,28,50,0.064971,0.013794,263,232,47,vinho importado,658c86796d,1.9913
15,29,50,0.064625,0.013702,259,230,47,vinho importado,0909552377,1.8810
15,30,50,0.078884,0.015027,259,233,48,vinho importado,6653294262,1.9557
15,31,50,0.068553,0.013515,265,236,45,vinho importado,3a29bffc3f,1.8344
15,32,50,0.064505,0.013627,261,231,47,vinho importado,973b46ec9c,1.6966
15,33,50,0.070883,0.013810,258,228,46,vinho importado,92cf0f8ffe,1.7821
15,34,50,0.083797,0.015773,268,237,48,vinho importado,e48f9682a5,1.9015
15,35,50,0.067421,0.013233,265,233,46,vinho importado,633fb603a2,1.8014
15,36,50,0.068140,0.014040,262,235,47,vinho importado,4e98aad168,1.6384
15,37,50,0.070337,0.014778,262,231,49,sal,67e9b9434c,1.7161
15,38,50,0.067075,0.013633,266,234,47,vinho importado,d36a704259,1.9346
15,39,50,0.064505,0.013627,261,231,47,vinho importado,973b46ec9c,1.6966
15,40,50,0.066383,0.013832,261,230,46,vinho importado,45ad7e60ff,1.6190
15,41,50,0.064905,0.013784,258,230,47,vinho importado,6df140dcd5,1.6281
15,42,50,0.064505,0.013627,261,231,47,vinho importado,973b46ec9c,1.6966
15,43,50,0.066902,0.014124,262,232,47,vinho importado,a751872e6d,1.7790
15,44,50,0.071855,0.014902,253,229,45,vinho importado,353f89b818,1.6730
15,45,50,0.065477,0.013903,261,232,48,vinho importado,8b25550b6a,1.7384
15,46,50,0.064905,0.013784,258,230,47,vinho importado,6df140dcd5,1.6281
15,47,50,0.063533,0.013601,261,234,46,vinho importado,5d6d20165e,1.7684
15,48,50,0.069591,0.013093,265,241,46,vinho importado,4f80f93a22,1.6409
15,49,50,0.066383,0.013832,261,230,46,vinho importado,45ad7e60ff,1.6190
16,0,50,0.063533,0.013601,261,234,46,vinho importado,5d6d20165e,1.7684
16,1,50,0.064505,0.013627,261,231,47,vinho importado,973b46ec9c,1.6966
16,2,50,0.064505,0.013627,261,231,47,vinho importado,973b46ec9c,1.6966
16,3,50,0.064505,0.013627,261,231,47,vinho importado,973b46ec9c,1.6966
16,4,50,0.064505,0.013627,261,231,47,vinho importado,973b46ec9c,1.6966
16,5,50,0.063533,0.013601,261,234,46,vinho importado,5d6d20165e,1.7684
16,6,50,0.065610,0.013518,263,237,46,vinho importado,ae4b843c8d,1.7423
16,7,50,0.064971,0.013794,263,232,47,vinho importado,658c86796d,1.9913
16,8,50,0.065278,0.013805,263,235,47,vinho importado,c4ed13e21c,1.8432
16,9,50,0.065344,0.013941,261,228,47,vinho importado,fd313772f0,1.6898
16,10,50,0.065717,0.014003,264,236,47,vinho importado,c88b2f54cb,1.7750
16,11,50,0.066715,0.014226,257,228,47,vinho importado,61fb80e8de,1.8132
16,12,50,0.066170,0.014356,258,228,47,vinho importado,861147b6c6,1.7498
16,13,50,0.063214,0.013818,261,232,48,vinho importado,987823c927,1.7631
16,14,50,0.066223,0.013707,265,237,46,vinho importado,b4a5919fb7,1.7876
16,15,50,0.068100,0.013698,262,230,47,vinho importado,233827681e,1.7417
16,16,50,0.067208,0.014005,264,237,48,vinho importado,22ee589f9f,1.9460
16,17,50,0.064505,0.013627,261,231,47,vinho importado,973b46ec9c,1.6966
16,18,50,0.063533,0.013601,261,234,46,vinho importado,5d6d20165e,1.7684
16,19,50,0.066476,0.014141,262,232,47,vinho importado,e597b455d7,1.8795
16,20,50,0.065264,0.013985,261,230,48,sal,f6a6b5b0d7,1.8921
16,21,50,0.068420,0.014171,263,238,47,vinho importado,1fb2a2d985,1.6333
16,22,50,0.066742,0.014092,260,227,47,refrigerante,53c46756d3,1.8125
16,23,50,0.066849,0.013823,264,239,47,sal,a3eb9795b6,1.6836
16,24,50,0.064625,0.013702,259,230,47,vinho importado,0909552377,1.8810
16,25,50,0.065184,0.013688,260,230,47,vinho importado,aaef2b2651,1.8310
16,26,50,0.064905,0.013784,258,230,47,vinho importado,6df140dcd5,1.6281
16,27,50,0.064785,0.014100,262,232,47,vinho importado,eee524758f,1.7277
16,28,50,0.065850,0.014023,262,238,47,vinho importado,d17dbfcb72,1.7646
16,29,50,0.067128,0.014097,262,232,47,vinho importado,d095d5d87e,1.7726
16,30,50,0.067301,0.014285,263,231,47,vinho importado,e6a8620de1,1.7139
16,31,50,0.064505,0.013627,261,231,47,vinho importado,973b46ec9c,1.6966
16,32,50,0.064505,0.013627,261,231,47,vinho importado,973b46ec9c,1.6966
16,33,50,0.064905,0.013784,258,230,47,vinho importado,6df140dcd5,1.6281
16,34,50,0.064505,0.013627,261,231,47,vinho importado,973b46ec9c,1.6966
16,35,50,0.065877,0.014017,260,229,47,vinho importado,324e35ae23,1.6927
16,36,50,0.064026,0.013713,263,236,46,vinho importado,d3565b56ba,1.8953
16,37,50,0.063533,0.013601,261,234,46,vinho importado,5d6d20165e,1.7684
16,38,50,0.064505,0.013627,261,231,47,vinho importado,973b46ec9c,1.6966
16,39,50,0.064971,0.013794,263,232,47,vinho importado,658c86796d,1.9913
16,40,50,0.066383,0.013832,261,230,46,vinho importado,45ad7e60ff,1.6190
16,41,50,0.068633,0.014058,263,236,47,vinho importado,633ca58b67,1.9932
16,42,50,0.065171,0.013871,262,232,47,vinho importado,4a4f820354,1.6743
16,43,50,0.064505,0.013627,261,231,47,vinho importado,973b46ec9c,1.6966
16,44,50,0.064505,0.013627,261,231,47,vinho importado,973b46ec9c,1.6966
16,45,50,0.066210,0.014133,259,231,48,vinho importado,6c984aa427,1.7339
16,46,50,0.064465,0.013564,264,231,47,vinho importado,0740d74e83,1.7667
16,47,50,0.070443,0.014655,256,227,47,vinho importado,8c04b05909,1.7146
16,48,50,0.087192,0.014509,258,230,47,vinho importado,2a3186f0e2,1.7488
16,49,50,0.064505,0.013627,261,231,47,vinho importado,973b46ec9c,1.6966
17,0,50,0.063214,0.013818,261,232,48,vinho importado,987823c927,1.7631
17,1,50,0.063533,0.013601,261,234,46,vinho importado,5d6d20165e,1.7684
17,2,50,0.063533,0.013601,261,234,46,vinho importado,5d6d20165e,1.7684
17,3,50,0.063533,0.013601,261,234,46,vinho importado,5d6d20165e,1.7684
17,4,50,0.063533,0.013601,261,234,46,vinho importado,5d6d20165e,1.7684
17,5,50,0.063946,0.013980,262,233,47,vinho importado,4841a594a0,1.9560
17,6,50,0.072787,0.014487,258,233,48,vinho importado,1b9ce47cd6,1.6359
17,7,50,0.064905,0.013795,261,230,47,vinho importado,cb90b3a866,1.8171
17,8,50,0.064079,0.013695,263,237,46,vinho importado,4180f846be,1.8526
17,9,50,0.064505,0.013627,261,231,47,vinho importado,973b46ec9c,1.6966
17,10,50,0.064505,0.013627,261,231,47,vinho importado,973b46ec9c,1.6966
17,11,50,0.063214,0.013818,261,232,48,vinho importado,987823c927,1.7631
17,12,50,0.064971,0.013794,263,232,47,vinho importado,658c86796d,1.9913
17,13,50,0.065278,0.013805,263,235,47,vinho importado,c4ed13e21c,1.8432
17,14,50,0.064465,0.013564,264,231,47,vinho importado,0740d74e83,1.7667
17,15,50,0.064692,0.012990,260,226,47,vinho importado,1a9cce26f1,1.7240
17,16,50,0.064212,0.013763,262,236,46,vinho importado,3db75a59b3,1.7162
17,17,50,0.064505,0.013627,261,231,47,vinho importado,973b46ec9c,1.6966
17,18,50,0.059739,0.013054,263,233,47,vinho importado,3f3ad89fdb,1.7802
17,19,50,0.063946,0.013509,262,231,47,vinho importado,95e97032a4,1.7176
17,20,50,0.062881,0.013549,263,232,47,vinho importado,89f90cd574,1.6404
17,21,50,0.061829,0.013181,260,227,47,vinho importado,be088c7fb1,1.7093
17,22,50,0.065797,0.013880,263,233,47,vinho importado,5dc55fd9a0,1.7927
17,23,50,0.065184,0.013688,260,230,47,vinho importado,aaef2b2651,1.8310
17,24,50,0.063533,0.013601,261,234,46,vinho importado,5d6d20165e,1.7684
17,25,50,0.064798,0.014114,257,228,48,vinho importado,d6e8a9a513,1.7443
17,26,50,0.065877,0.014017,260,229,47,vinho importado,324e35ae23,1.6927
17,27,50,0.064119,0.012824,262,233,46,vinho importado,48d066fb6b,1.7550
17,28,50,0.064585,0.013457,260,233,47,vinho importado,6589a7ef86,1.6508
17,29,50,0.064505,0.013627,261,231,47,vinho importado,973b46ec9c,1.6966
17,30,50,0.064505,0.013627,261,231,47,vinho importado,973b46ec9c,1.6966
17,31,50,0.064505,0.013627,261,231,47,vinho importado,973b46ec9c,1.6966
17,32,50,0.063533,0.013601,261,234,46,vinho importado,5d6d20165e,1.7684
17,33,50,0.063334,0.013617,265,236,47,vinho importado,3e28b3d43a,1.7668
17,34,50,0.065051,0.013607,265,232,47,vinho importado,ea190749d3,1.8673
17,35,50,0.063427,0.013389,262,233,46,vinho importado,e315b01546,1.8612
17,36,50,0.062974,0.013382,265,235,47,vinho importado,8ff82d1d53,1.9949
17,37,50,0.064505,0.013627,261,231,47,vinho importado,973b46ec9c,1.6966
17,38,50,0.066423,0.013250,261,232,47,vinho importado,9b76b6982f,1.9511
17,39,50,0.066076,0.014050,264,237,47,vinho importado,2ca0a65109,1.9831
17,40,50,0.064599,0.012414,260,228,47,vinho importado,5b6a661553,1.9506
17,41,50,0.065224,0.014046,260,227,48,sal,b18d45acf9,2.0871
17,42,50,0.065131,0.013491,264,233,47,vinho importado,e0d8645ece,1.9145
17,43,50,0.063533,0.013601,261,234,46,vinho importado,5d6d20165e,1.7684
17,44,50,0.064785,0.014100,262,232,47,vinho importado,eee524758f,1.7277
17,45,50,0.064239,0.013393,259,230,47,vinho importado,46d8ab25c7,1.8216
17,46,50,0.065131,0.013877,260,230,47,vinho importado,f9b3e892b1,1.8963
17,47,50,0.063946,0.013492,263,232,47,vinho importado,274abd8600,1.9486
17,48,50,0.064106,0.013858,262,232,47,vinho importado,5690d21b9f,2.2643
17,49,50,0.064838,0.013616,262,230,47,vinho importado,6c66ca05da,1.9458
18,0,50,0.059739,0.013054,263,233,47,vinho importado,3f3ad89fdb,1.7802
18,1,50,0.061829,0.013181,260,227,47,vinho importado,be088c7fb1,1.7093
18,2,50,0.062881,0.013549,263,232,47,vinho importado,89f90cd574,1.6404
18,3,50,0.062974,0.013382,265,235,47,vinho importado,8ff82d1d53,1.9949
18,4,50,0.063214,0.013818,261,232,48,vinho importado,987823c927,1.7631
18,5,50,0.063533,0.013601,261,234,46,vinho importado,5d6d20165e,1.7684
18,6,50,0.063334,0.013617,265,236,47,vinho importado,3e28b3d43a,1.7668
18,7,50,0.062974,0.013382,265,235,47,vinho importado,8ff82d1d53,1.9949
18,8,50,0.063214,0.013818,261,232,48,vinho importado,987823c927,1.7631
18,9,50,0.062974,0.013382,265,235,47,vinho importado,8ff82d1d53,1.9949
18,10,50,0.063946,0.013543,261,233,47,vinho importado,bfff96663a,1.7827
18,11,50,0.064505,0.013627,261,231,47,vinho importado,973b46ec9c,1.6966
18,12,50,0.064692,0.012990,260,226,47,vinho importado,1a9cce26f1,1.7240
18,13,50,0.063533,0.013601,261,234,46,vinho importado,5d6d20165e,1.7684
18,14,50,0.062974,0.013382,265,235,47,vinho importado,8ff82d1d53,1.9949
18,15,50,0.064505,0.013627,261,231,47,vinho importado,973b46ec9c,1.6966
18,16,50,0.064505,0.013627,261,231,47,vinho importado,973b46ec9c,1.6966
18,17,50,0.061736,0.013247,263,233,47,vinho importado,c4a82f510a,1.7165
18,18,50,0.062854,0.013359,263,233,46,vinho importado,f19cc22c9c,1.7856
18,19,50,0.063427,0.013389,262,233,46,vinho importado,e315b01546,1.8612
18,20,50,0.076235,0.013568,262,231,47,vinho importado,af71536001,1.7444
18,21,50,0.063187,0.013461,260,234,47,vinho importado,b8a67b1442,1.7803
18,22,50,0.063427,0.013389,262,233,46,vinho importado,e315b01546,1.8612
18,23,50,0.062082,0.013279,262,236,47,vinho importado,3e387b52b4,1.7959
18,24,50,0.065877,0.014017,260,229,47,vinho importado,324e35ae23,1.6927
18,25,50,0.066915,0.013519,261,231,47,vinho importado,cea502e496,1.7338
18,26,50,0.068460,0.013968,263,234,47,vinho importado,20feabf1f3,1.8129
18,27,50,0.066223,0.014166,261,228,47,vinho importado,3f79ca0a0a,1.6707
18,28,50,0.062482,0.013330,259,233,47,vinho importado,3763ccbba8,1.7217
18,29,50,0.063214,0.013818,261,232,48,vinho importado,987823c927,1.7631
18,30,50,0.063533,0.013601,261,234,46,vinho importado,5d6d20165e,1.7684
18,31,50,0.063946,0.013509,262,231,47,vinho importado,95e97032a4,1.7176
18,32,50,0.064399,0.013351,262,233,47,vinho importado,f6839a7c99,1.7688
18,33,50,0.063533,0.013601,261,234,46,vinho importado,5d6d20165e,1.7684
18,34,50,0.063533,0.013601,261,234,46,vinho importado,5d6d20165e,1.7684
18,35,50,0.063320,0.013694,263,234,47,vinho importado,378a48ec0b,1.7213
18,36,50,0.065877,0.014017,260,229,47,vinho importado,324e35ae23,1.6927
18,37,50,0.062974,0.013382,265,235,47,vinho importado,8ff82d1d53,1.9949
18,38,50,0.062974,0.013382,265,235,47,vinho importado,8ff82d1d53,1.9949
18,39,50,0.062974,0.013382,265,235,47,vinho importado,8ff82d1d53,1.9949
18,40,50,0.063334,0.013617,265,236,47,vinho importado,3e28b3d43a,1.7668
18,41,50,0.063533,0.013601,261,234,46,vinho importado,5d6d20165e,1.7684
18,42,50,0.065224,0.014046,260,227,48,sal,b18d45acf9,2.0871
18,43,50,0.059246,0.012759,260,233,47,vinho importado,ebebd9f973,1.6617
18,44,50,0.063267,0.013737,262,233,47,vinho importado,6909c8fe47,1.9775
18,45,50,0.063747,0.013334,262,233,47,vinho importado,43790edae5,1.9559
18,46,50,0.063267,0.013737,262,233,47,vinho importado,6909c8fe47,1.9775
18,47,50,0.063334,0.013617,265,236,47,vinho importado,3e28b3d43a,1.7668
18,48,50,0.063334,0.013617,265,236,47,vinho importado,3e28b3d43a,1.7668
18,49,50,0.064585,0.013457,260,233,47,vinho importado,6589a7ef86,1.6508
19,0,50,0.059246,0.012759,260,233,47,vinho importado,ebebd9f973,1.6617
19,1,50,0.059739,0.013054,263,233,47,vinho importado,3f3ad89fdb,1.7802
19,2,50,0.061736,0.013247,263,233,47,vinho importado,c4a82f510a,1.7165
19,3,50,0.061829,0.013181,260,227,47,vinho importado,be088c7fb1,1.7093
19,4,50,0.062082,0.013279,262,236,47,vinho importado,3e387b52b4,1.7959
19,5,50,0.062788,0.013646,264,237,48,vinho importado,8147f8f50e,1.8508
19,6,50,0.062455,0.012990,268,235,46,vinho importado,f6400a3d7d,1.5827
19,7,50,0.064798,0.014027,264,234,48,vinho importado,373d6d209c,1.7795
19,8,50,0.062562,0.013346,264,235,47,vinho importado,bd02c959f8,1.8194
19,9,50,0.062974,0.013382,265,235,47,vinho importado,8ff82d1d53,1.9949
19,10,50,0.061736,0.013247,263,233,47,vinho importado,c4a82f510a,1.7165
19,11,50,0.062628,0.013566,262,232,47,vinho importado,4bb722d0d7,1.7504
19,12,50,0.063400,0.013745,263,234,47,vinho importado,352815da62,1.7872
19,13,50,0.070111,0.013837,266,238,47,vinho importado,e163311f3f,1.9498
19,14,50,0.062974,0.013382,265,235,47,vinho importado,8ff82d1d53,1.9949
19,15,50,0.066915,0.013519,261,231,47,vinho importado,cea502e496,1.7338
19,16,50,0.062974,0.013382,265,235,47,vinho importado,8ff82d1d53,1.9949
19,17,50,0.065597,0.013199,265,237,48,vinho importado,9f6abdcf56,1.7256
19,18,50,0.059872,0.012752,265,234,47,vinho importado,76e84294e0,1.7310
19,19,50,0.062082,0.013279,262,236,47,vinho importado,3e387b52b4,1.7959
19,20,50,0.064279,0.013465,263,232,46,vinho importado,e88a4c53b8,1.7673
19,21,50,0.062628,0.013292,264,233,46,vinho importado,f2173dd3a4,1.7467
19,22,50,0.063241,0.013454,264,235,47,vinho importado,6265fc15b5,1.7781
19,23,50,0.061923,0.013235,263,236,47,vinho importado,9719def094,1.7296
19,24,50,0.063241,0.013454,264,235,47,vinho importado,6265fc15b5,1.7781
19,25,50,0.062082,0.013279,262,236,47,vinho importado,3e387b52b4,1.7959
19,26,50,0.063533,0.013601,261,234,46,vinho importado,5d6d20165e,1.7684
19,27,50,0.062282,0.013221,262,237,48,vinho importado,586794767d,1.7979
19,28,50,0.060045,0.012979,262,234,47,vinho importado,8984e7c3c5,1.8070
19,29,50,0.062428,0.013487,262,234,47,vinho importado,46f1d8f6f4,1.8217
19,30,50,0.064479,0.014074,264,236,48,vinho importado,1bc59df80e,1.9744
19,31,50,0.063986,0.013770,262,233,46,vinho importado,f27e45a200,1.8159
19,32,50,0.062815,0.013021,264,236,46,vinho importado,c3250877ce,1.6325
19,33,50,0.062668,0.013422,263,235,48,vinho importado,d0dd5e865e,1.7201
19,34,50,0.063440,0.013658,261,232,47,vinho importado,91d7fb0548,1.8293
19,35,50,0.062149,0.013388,263,234,47,vinho importado,0ad9cf6124,1.7141
19,36,50,0.063281,0.013347,261,234,46,vinho importado,3fa2ce17a9,1.6278
19,37,50,0.063081,0.013602,259,233,47,vinho importado,f4fa43b0a1,2.0303
19,38,50,0.059246,0.012759,260,233,47,vinho importado,ebebd9f973,1.6617
19,39,50,0.064146,0.013073,267,234,46,vinho importado,b09420f599,1.7661
19,40,50,0.063573,0.013724,261,231,47,vinho importado,5466dc7161,1.7981
19,41,50,0.062881,0.013549,263,232,47,vinho importado,89f90cd574,1.6404
19,42,50,0.062974,0.013382,265,235,47,vinho importado,8ff82d1d53,1.9949
19,43,50,0.065877,0.014017,260,229,47,vinho importado,324e35ae23,1.6927
19,44,50,0.061909,0.013306,262,233,47,vinho importado,75de184120,1.6834
19,45,50,0.063241,0.013454,264,235,47,vinho importado,6265fc15b5,1.7781
19,46,50,0.070124,0.014217,263,232,48,sal,e67eac2a2a,1.7430
19,47,50,0.063480,0.013676,261,233,47,vinho importado,32a1071219,1.8844
19,48,50,0.063187,0.013556,261,234,47,vinho importado,efdd9812fa,1.8565
19,49,50,0.063187,0.013291,267,237,46,vinho importado,a41c706121,2.0649
20,0,50,0.059246,0.012759,260,233,47,vinho importado,ebebd9f973,1.6617
20,1,50,0.059246,0.012759,260,233,47,vinho importado,ebebd9f973,1.6617
20,2,50,0.059739,0.013054,263,233,47,vinho importado,3f3ad89fdb,1.7802
20,3,50,0.059872,0.012752,265,234,47,vinho importado,76e84294e0,1.7310
20,4,50,0.060045,0.012979,262,234,47,vinho importado,8984e7c3c5,1.8070
20,5,50,0.061923,0.013235,263,236,47,vinho importado,9719def094,1.7296
20,6,50,0.061909,0.013306,262,233,47,vinho importado,75de184120,1.6834
20,7,50,0.062082,0.013279,262,236,47,vinho importado,3e387b52b4,1.7959
20,8,50,0.062082,0.013279,262,236,47,vinho importado,3e387b52b4,1.7959
20,9,50,0.060045,0.012979,262,234,47,vinho importado,8984e7c3c5,1.8070
20,10,50,0.062562,0.013346,264,235,47,vinho importado,bd02c959f8,1.8194
20,11,50,0.064292,0.013320,261,227,47,vinho importado,d6b052c0b6,1.8313
20,12,50,0.061736,0.013247,263,233,47,vinho importado,c4a82f510a,1.7165
20,13,50,0.059047,0.013002,266,239,47,vinho importado,51ec4b8659,1.7505
20,14,50,0.065704,0.013552,267,233,48,sal,6f9759f88f,2.0639
20,15,50,0.060458,0.013407,263,233,47,vinho importado,d593a8c03a,1.7466
20,16,50,0.062322,0.012600,263,232,47,vinho importado,4962740db2,1.7358
20,17,50,0.059246,0.012759,260,233,47,vinho importado,ebebd9f973,1.6617
20,18,50,0.059246,0.012759,260,233,47,vinho importado,ebebd9f973,1.6617
20,19,50,0.066023,0.014147,263,232,47,vinho importado,4702a6cbb9,1.7969
20,20,50,0.062455,0.013295,265,234,47,vinho importado,40e3712a08,1.7664
20,21,50,0.057809,0.012894,264,236,48,vinho importado,38fd4292a2,1.7651
20,22,50,0.068539,0.013646,264,236,47,vinho importado,9559707ba2,1.8323
20,23,50,0.063294,0.013432,262,234,47,vinho importado,a301136479,1.8620
20,24,50,0.062215,0.013437,263,233,47,vinho importado,243c979c67,1.7752
20,25,50,0.066329,0.013361,260,237,48,vinho importado,ae4b3963eb,1.7095
20,26,50,0.062322,0.013379,263,232,47,vinho importado,32457a398e,1.6424
20,27,50,0.054094,0.012049,260,234,47,vinho importado,a192f36600,1.8172
20,28,50,0.063826,0.012989,265,232,47,vinho importado,b61dc2ab75,1.7709
20,29,50,0.062641,0.013371,261,231,47,vinho importado,5ef9763e48,1.7063
20,30,50,0.059872,0.012752,265,234,47,vinho importado,76e84294e0,1.7310
20,31,50,0.062428,0.013487,262,234,47,vinho importado,46f1d8f6f4,1.8217
20,32,50,0.062082,0.013279,262,236,47,vinho importado,3e387b52b4,1.7959
20,33,50,0.059686,0.012816,261,232,47,vinho importado,79c4ad6c6b,1.9104
20,34,50,0.061496,0.013183,260,235,47,vinho importado,88bd501e4e,1.7868
20,35,50,0.061244,0.012706,265,236,46,vinho importado,604f2ebf3d,2.1776
20,36,50,0.063627,0.012171,267,232,46,vinho importado,145c5a15b1,1.8578
20,37,50,0.062282,0.013221,262,237,48,vinho importado,586794767d,1.7979
20,38,50,0.061736,0.013247,263,233,47,vinho importado,c4a82f510a,1.7165
20,39,50,0.059260,0.012698,261,236,47,vinho importado,aa8b0885c4,1.9303
20,40,50,0.062522,0.013001,266,237,47,vinho importado,1adab515e5,1.6824
20,41,50,0.059739,0.013054,263,233,47,vinho importado,3f3ad89fdb,1.7802
20,42,50,0.062082,0.013279,262,236,47,vinho importado,3e387b52b4,1.7959
20,43,50,0.059246,0.012759,260,233,47,vinho importado,ebebd9f973,1.6617
20,44,50,0.054440,0.012406,261,234,47,vinho importado,3020436973,1.8684
20,45,50,0.062082,0.013279,262,236,47,vinho importado,3e387b52b4,1.7959
20,46,50,0.062082,0.013279,262,236,47,vinho importado,3e387b52b4,1.7959
20,47,50,0.062548,0.013456,262,235,47,vinho importado,29265a3442,1.7772
20,48,50,0.062908,0.013474,265,238,47,vinho importado,05ec4e05d9,1.7793
20,49,50,0.063866,0.013415,261,233,46,vinho importado,ab23340873,1.7128
21,0,50,0.054094,0.012049,260,234,47,vinho importado,a192f36600,1.8172
21,1,50,0.054440,0.012406,261,234,47,vinho importado,3020436973,1.8684
21,2,50,0.057809,0.012894,264,236,48,vinho importado,38fd4292a2,1.7651
21,3,50,0.059047,0.013002,266,239,47,vinho importado,51ec4b8659,1.7505
21,4,50,0.059246,0.012759,260,233,47,vinho importado,ebebd9f973,1.6617
21,5,50,0.059313,0.012548,262,233,47,vinho importado,fb710204bc,1.8607
21,6,50,0.059246,0.012759,260,233,47,vinho importado,ebebd9f973,1.6617
21,7,50,0.068460,0.013653,265,239,47,vinho importado,e0d996da24,1.9301
21,8,50,0.057822,0.012911,265,237,47,vinho importado,9668eb89ab,1.7191
21,9,50,0.059246,0.012759,260,233,47,vinho importado,ebebd9f973,1.6617
21,10,50,0.060045,0.012979,262,234,47,vinho importado,8984e7c3c5,1.8070
21,11,50,0.054094,0.012049,260,234,47,vinho importado,a192f36600,1.8172
21,12,50,0.059167,0.012732,260,232,48,vinho importado,3e2a196e61,2.0775
21,13,50,0.060045,0.013078,261,233,48,vinho importado,6f62925e9d,1.7583
21,14,50,0.059180,0.012305,263,233,47,vinho importado,5f0189f02f,1.6673
21,15,50,0.060045,0.012979,262,234,47,vinho importado,8984e7c3c5,1.8070
21,16,50,0.066929,0.013278,264,235,46,vinho importado,f214634460,1.7430
21,17,50,0.062628,0.013634,258,234,48,vinho importado,f0b4ed4a54,1.7137
21,18,50,0.059273,0.012677,261,234,46,vinho importado,b84259e394,1.8844
21,19,50,0.063760,0.013401,262,232,47,vinho importado,1455d996a7,1.8788
21,20,50,0.061070,0.013310,263,235,47,vinho importado,b3f6781ca1,1.8234
21,21,50,0.062082,0.013279,262,236,47,vinho importado,3e387b52b4,1.7959
21,22,50,0.059246,0.012759,260,233,47,vinho importado,ebebd9f973,1.6617
21,23,50,0.059260,0.012658,260,233,47,vinho importado,bcea98bfd4,1.7227
21,24,50,0.054587,0.012235,261,236,47,vinho importado,9e2ee1be7a,1.8228
21,25,50,0.059300,0.012318,263,233,47,vinho importado,d010c9e2a3,1.7108
21,26,50,0.059779,0.012517,265,239,47,vinho importado,593bad7d17,1.7492
21,27,50,0.054440,0.012406,261,234,47,vinho importado,3020436973,1.8684
21,28,50,0.059739,0.013054,263,233,47,vinho importado,3f3ad89fdb,1.7802
21,29,50,0.059246,0.012759,260,233,47,vinho importado,ebebd9f973,1.6617
21,30,50,0.062548,0.013456,262,235,47,vinho importado,29265a3442,1.7772
21,31,50,0.059246,0.012759,260,233,47,vinho importado,ebebd9f973,1.6617
21,32,50,0.059872,0.012752,265,234,47,vinho importado,76e84294e0,1.7310
21,33,50,0.062575,0.013422,264,235,47,vinho importado,a8cef2e7d5,1.8559
21,34,50,0.062562,0.013346,264,235,47,vinho importado,bd02c959f8,1.8194
21,35,50,0.058847,0.012596,260,234,46,vinho importado,a883a1f520,1.7800
21,36,50,0.062215,0.012996,262,236,46,vinho importado,3797013a43,1.6681
21,37,50,0.071136,0.014205,265,238,47,vinho importado,71137bb017,1.7098
21,38,50,0.059353,0.012490,263,236,47,vinho importado,92bd698633,1.7808
21,39,50,0.060924,0.013355,266,237,47,vinho importado,b628d8a798,1.7574
21,40,50,0.061709,0.013357,257,234,48,vinho importado,262b11e17a,1.8460
21,41,50,0.055292,0.013031,263,235,47,vinho importado,f72e6c1f22,1.8556
21,42,50,0.059393,0.012435,265,234,47,vinho importado,609ddb9d40,1.8812
21,43,50,0.059246,0.012759,260,233,47,vinho importado,ebebd9f973,1.6617
21,44,50,0.059246,0.012759,260,233,47,vinho importado,ebebd9f973,1.6617
21,45,50,0.060764,0.013749,260,230,47,vinho importado,64752f48bb,1.8457
21,46,50,0.060391,0.012947,266,236,47,vinho importado,157d478303,1.8442
21,47,50,0.060045,0.012979,262,234,47,vinho importado,8984e7c3c5,1.8070
21,48,50,0.059952,0.012939,264,236,47,vinho importado,19547be914,1.8310
21,49,50,0.057769,0.011953,266,238,47,vinho importado,5976042113,1.7546
22,0,50,0.054094,0.012049,260,234,47,vinho importado,a192f36600,1.8172
22,1,50,0.054094,0.012049,260,234,47,vinho importado,a192f36600,1.8172
22,2,50,0.054440,0.012406,261,234,47,vinho importado,3020436973,1.8684
22,3,50,0.054440,0.012406,261,234,47,vinho importado,3020436973,1.8684
22,4,50,0.054587,0.012235,261,236,47,vinho importado,9e2ee1be7a,1.8228
22,5,50,0.060778,0.013511,263,234,48,vinho importado,dd9557d6c0,1.8844
22,6,50,0.060032,0.012886,264,235,47,vinho importado,04c59195cd,1.7117
22,7,50,0.059140,0.012255,266,237,47,vinho importado,d415db6946,1.8276
22,8,50,0.054107,0.012065,261,235,46,vinho importado,67e3c86e71,1.7661
22,9,50,0.069804,0.013699,263,233,46,vinho importado,6ea3cd6f69,1.6040
22,10,50,0.055385,0.012846,258,232,46,vinho importado,d6efde8187,1.7636
22,11,50,0.059260,0.012658,260,233,47,vinho importado,bcea98bfd4,1.7227
22,12,50,0.059925,0.013053,262,233,48,vinho importado,80e52779f2,1.8253
22,13,50,0.053375,0.011893,258,232,46,isotonico,62928eafd3,1.6833
22,14,50,0.054840,0.012357,262,235,47,vinho importado,4ca790492f,1.7054
22,15,50,0.060045,0.013078,261,233,48,vinho importado,6f62925e9d,1.7583
22,16,50,0.059393,0.012435,265,234,47,vinho importado,609ddb9d40,1.8812
22,17,50,0.059446,0.012820,259,233,47,vinho importado,5a2ef33f2b,2.2011
22,18,50,0.059699,0.012849,265,236,47,vinho importado,5bd96e4409,2.1986
22,19,50,0.053814,0.012048,258,234,47,vinho importado,785e0e92e1,1.6024
22,20,50,0.059246,0.012759,260,233,47,vinho importado,ebebd9f973,1.6617
22,21,50,0.054094,0.012049,260,234,47,vinho importado,a192f36600,1.8172
22,22,50,0.059127,0.012552,259,231,47,vinho importado,96a1e429a5,1.7061
22,23,50,0.063001,0.012531,266,237,47,vinho importado,68b6aecfed,1.7130
22,24,50,0.053868,0.011815,260,234,47,vinho importado,224c9a82a6,1.7430
22,25,50,0.059246,0.012759,260,233,47,vinho importado,ebebd9f973,1.6617
22,26,50,0.054440,0.012406,261,234,47,vinho importado,3020436973,1.8684
22,27,50,0.058714,0.012441,260,231,46,vinho importado,03c9004417,1.7447
22,28,50,0.054587,0.012235,261,236,47,vinho importado,9e2ee1be7a,1.8228
22,29,50,0.059686,0.012792,263,236,47,vinho importado,e6b1ed02e9,1.6936
22,30,50,0.058567,0.012005,262,233,47,vinho importado,ee308eba76,1.6820
22,31,50,0.060604,0.013525,264,235,47,vinho importado,e96808de4f,1.7097
22,32,50,0.057755,0.012890,265,236,48,vinho importado,ba24a744af,1.7515
22,33,50,0.059246,0.012759,260,233,47,vinho importado,ebebd9f973,1.6617
22,34,50,0.059246,0.012759,260,233,47,vinho importado,ebebd9f973,1.6617
22,35,50,0.054440,0.012406,261,234,47,vinho importado,3020436973,1.8684
22,36,50,0.059260,0.012658,260,233,47,vinho importado,bcea98bfd4,1.7227
22,37,50,0.059047,0.013002,266,239,47,vinho importado,51ec4b8659,1.7505
22,38,50,0.055292,0.013031,263,235,47,vinho importado,f72e6c1f22,1.8556
22,39,50,0.056277,0.012476,259,235,48,vinho importado,45cbb39911,1.8131
22,40,50,0.062828,0.012852,261,229,46,vinho importado,b30c037c99,1.6183
22,41,50,0.059912,0.012876,262,236,46,vinho importado,92c5d6fbf6,1.7746
22,42,50,0.057928,0.012275,261,235,47,vinho importado,b518657dd6,1.7250
22,43,50,0.059393,0.012879,261,233,47,vinho importado,e81c844266,1.7383
22,44,50,0.054094,0.012049,260,234,47,vinho importado,a192f36600,1.8172
22,45,50,0.061470,0.013741,267,240,48,vinho importado,8336100d28,1.7490
22,46,50,0.057822,0.012911,265,237,47,vinho importado,9668eb89ab,1.7191
22,47,50,0.057848,0.012716,263,238,47,vinho importado,80e12e306f,1.8568
22,48,50,0.072148,0.012880,268,239,46,vinho importado,eb77168a6f,1.6962
22,49,50,0.054440,0.012406,261,234,47,vinho importado,3020436973,1.8684
23,0,50,0.053375,0.011893,258,232,46,isotonico,62928eafd3,1.6833
23,1,50,0.053814,0.012048,258,234,47,vinho importado,785e0e92e1,1.6024
23,2,50,0.053868,0.011815,260,234,47,vinho importado,224c9a82a6,1.7430
23,3,50,0.054094,0.012049,260,234,47,vinho importado,a192f36600,1.8172
23,4,50,0.054094,0.012049,260,234,47,vinho importado,a192f36600,1.8172
23,5,50,0.049128,0.011681,261,235,47,vinho importado,f7f8d77546,1.8613
23,6,50,0.062881,0.013261,260,234,47,vinho importado,71bfe1afda,1.7830
23,7,50,0.057303,0.012737,258,233,48,vinho importado,9bd4b1aae5,1.8840
23,8,50,0.054627,0.011481,262,235,46,vinho importado,bdb0ea8494,1.6809
23,9,50,0.058141,0.013011,259,238,48,vinho importado,3e509caf09,1.8185
23,10,50,0.056437,0.012603,259,236,48,vinho importado,b4032b095a,1.6323
23,11,50,0.054440,0.012406,261,234,47,vinho importado,3020436973,1.8684
23,12,50,0.058714,0.012441,260,231,46,vinho importado,03c9004417,1.7447
23,13,50,0.053814,0.012048,258,234,47,vinho importado,785e0e92e1,1.6024
23,14,50,0.054094,0.012049,260,234,47,vinho importado,a192f36600,1.8172
23,15,50,0.054094,0.012049,260,234,47,vinho importado,a192f36600,1.8172
23,16,50,0.056131,0.012666,260,235,46,vinho importado,578d0ea11d,1.7320
23,17,50,0.054107,0.011978,261,235,46,vinho importado,886bce1d07,1.6806
23,18,50,0.053841,0.012155,258,233,47,vinho importado,a6ac540e27,1.8006
23,19,50,0.061470,0.013741,267,240,48,vinho importado,8336100d28,1.7490
23,20,50,0.053868,0.011815,260,234,47,vinho importado,224c9a82a6,1.7430
23,21,50,0.059246,0.012759,260,233,47,vinho importado,ebebd9f973,1.6617
23,22,50,0.054840,0.012357,262,235,47,vinho importado,4ca790492f,1.7054
23,23,50,0.059127,0.012552,259,231,47,vinho importado,96a1e429a5,1.7061
23,24,50,0.053375,0.011893,258,232,46,vinho importado,62928eafd3,1.6833
23,25,50,0.054094,0.012049,260,234,47,vinho importado,a192f36600,1.8172
23,26,50,0.055385,0.012846,258,232,46,vinho importado,d6efde8187,1.7636
23,27,50,0.053681,0.012129,260,236,47,vinho importado,24e15aa635,1.8809
23,28,50,0.054840,0.012357,262,235,47,vinho importado,4ca790492f,1.7054
23,29,50,0.054094,0.012049,260,234,47,vinho importado,a192f36600,1.8172
23,30,50,0.054587,0.012235,261,236,47,vinho importado,9e2ee1be7a,1.8228
23,31,50,0.054094,0.012049,260,234,47,vinho importado,a192f36600,1.8172
23,32,50,0.054094,0.012049,260,234,47,vinho importado,a192f36600,1.8172
23,33,50,0.053814,0.012048,258,234,47,vinho importado,785e0e92e1,1.6024
23,34,50,0.059047,0.013002,266,239,47,vinho importado,51ec4b8659,1.7505
23,35,50,0.055079,0.012192,268,238,46,vinho importado,73aef6174a,1.6776
23,36,50,0.057729,0.012891,264,236,47,vinho importado,bcb47e0fb3,1.8825
23,37,50,0.054627,0.011995,263,236,47,vinho importado,2fe9681054,1.6418
23,38,50,0.059100,0.012662,260,232,47,vinho importado,cd8482bd4a,1.7633
23,39,50,0.054866,0.011940,264,235,46,vinho importado,b21c8f5846,1.6688
23,40,50,0.058301,0.012792,265,239,47,vinho importado,99cb5da889,1.7000
23,41,50,0.054094,0.012049,260,234,47,vinho importado,a192f36600,1.8172
23,42,50,0.059872,0.012467,260,236,47,vinho importado,f80a959fe9,1.8287
23,43,50,0.059047,0.013002,266,239,47,vinho importado,51ec4b8659,1.7505
23,44,50,0.059393,0.012435,265,234,47,vinho importado,609ddb9d40,1.8812
23,45,50,0.053868,0.011815,260,234,47,vinho importado,224c9a82a6,1.7430
23,46,50,0.059912,0.012876,262,236,46,vinho importado,92c5d6fbf6,1.7746
23,47,50,0.054440,0.012406,261,234,47,vinho importado,3020436973,1.8684
23,48,50,0.059246,0.012759,260,233,47,vinho importado,ebebd9f973,1.6617
23,49,50,0.054786,0.012498,263,237,47,vinho importado,cc40aa22a6,1.7471
24,0,50,0.049128,0.011681,261,235,47,vinho importado,f7f8d77546,1.8613
24,1,50,0.053375,0.011893,258,232,46,isotonico,62928eafd3,1.6833
24,2,50,0.053375,0.011893,258,232,46,vinho importado,62928eafd3,1.6833
24,3,50,0.053681,0.012129,260,236,47,vinho importado,24e15aa635,1.8809
24,4,50,0.053814,0.012048,258,234,47,vinho importado,785e0e92e1,1.6024
24,5,50,0.054094,0.012049,260,234,47,vinho importado,a192f36600,1.8172
24,6,50,0.053814,0.012048,258,234,47,vinho importado,785e0e92e1,1.6024
24,7,50,0.053814,0.012048,258,234,47,vinho importado,785e0e92e1,1.6024
24,8,50,0.053841,0.012155,258,233,47,vinho importado,a6ac540e27,1.8006
24,9,50,0.053868,0.011815,260,234,47,vinho importado,224c9a82a6,1.7430
24,10,50,0.054440,0.012406,261,234,47,vinho importado,3020436973,1.8684
24,11,50,0.054440,0.012406,261,234,47,vinho importado,3020436973,1.8684
24,12,50,0.053681,0.012129,260,236,47,vinho importado,24e15aa635,1.8809
24,13,50,0.061270,0.012793,262,230,47,vinho importado,d0bf9a3d88,1.7508
24,14,50,0.054094,0.012049,260,234,47,vinho importado,a192f36600,1.8172
24,15,50,0.054094,0.012049,260,234,47,vinho importado,a192f36600,1.8172
24,16,50,0.059100,0.012662,260,232,47,vinho importado,cd8482bd4a,1.7633
24,17,50,0.053841,0.012358,258,231,47,vinho importado,27900d3b4e,1.7371
24,18,50,0.054107,0.012202,260,233,46,vinho importado,ddcd274528,1.6925
24,19,50,0.049128,0.011681,261,235,47,vinho importado,f7f8d77546,1.8613
24,20,50,0.054094,0.012049,260,234,47,vinho importado,a192f36600,1.8172
24,21,50,0.053841,0.011802,261,235,47,vinho importado,16399cb132,1.8209
24,22,50,0.054174,0.012052,255,229,46,vinho importado,329245006f,1.7092
24,23,50,0.054107,0.011978,261,235,46,vinho importado,886bce1d07,1.6806
24,24,50,0.053375,0.011893,258,232,46,vinho importado,62928eafd3,1.6833
24,25,50,0.054440,0.012406,261,234,47,vinho importado,3020436973,1.8684
24,26,50,0.054094,0.012049,260,234,47,vinho importado,a192f36600,1.8172
24,27,50,0.053841,0.012155,258,233,47,vinho importado,a6ac540e27,1.8006
24,28,50,0.053841,0.012155,258,233,47,vinho importado,a6ac540e27,1.8006
24,29,50,0.053814,0.012048,258,234,47,vinho importado,785e0e92e1,1.6024
24,30,50,0.054094,0.012049,260,234,47,vinho importado,a192f36600,1.8172
24,31,50,0.049128,0.011681,261,235,47,vinho importado,f7f8d77546,1.8613
24,32,50,0.053508,0.012133,260,231,47,sal,e1cdb514ee,1.7413
24,33,50,0.049128,0.011681,261,235,47,vinho importado,f7f8d77546,1.8613
24,34,50,0.054094,0.012049,260,234,47,vinho importado,a192f36600,1.8172
24,35,50,0.054094,0.012049,260,234,47,vinho importado,a192f36600,1.8172
24,36,50,0.053814,0.012048,258,234,47,vinho importado,785e0e92e1,1.6024
24,37,50,0.053814,0.012048,258,234,47,vinho importado,785e0e92e1,1.6024
24,38,50,0.054786,0.012498,263,237,47,vinho importado,cc40aa22a6,1.7471
24,39,50,0.054414,0.012068,260,235,46,vinho importado,9438fe9fcb,1.7825
24,40,50,0.053029,0.011605,258,234,46,vinho importado,3fda1da6f8,1.8321
24,41,50,0.053681,0.012129,260,236,47,vinho importado,24e15aa635,1.8809
24,42,50,0.053375,0.011893,258,232,46,isotonico,62928eafd3,1.6833
24,43,50,0.054067,0.012188,261,236,47,vinho importado,ad4daeee73,1.7594
24,44,50,0.058275,0.012054,259,231,46,vinho importado,ee703ef13d,1.8851
24,45,50,0.059246,0.012759,260,233,47,vinho importado,ebebd9f973,1.6617
24,46,50,0.055039,0.012215,263,237,47,vinho importado,e7ac52dfff,1.8329
24,47,50,0.049128,0.011681,261,235,47,vinho importado,f7f8d77546,1.8613
24,48,50,0.049820,0.011413,256,231,46,vinho importado,e3ab4f51f3,1.7452
24,49,50,0.059406,0.012845,261,232,47,vinho importado,584212644e,1.7100
25,0,50,0.049128,0.011681,261,235,47,vinho importado,f7f8d77546,1.8613
25,1,50,0.049128,0.011681,261,235,47,vinho importado,f7f8d77546,1.8613
25,2,50,0.049128,0.011681,261,235,47,vinho importado,f7f8d77546,1.8613
25,3,50,0.049128,0.011681,261,235,47,vinho importado,f7f8d77546,1.8613
25,4,50,0.049128,0.011681,261,235,47,vinho importado,f7f8d77546,1.8613
25,5,50,0.061483,0.012698,258,232,47,vinho importado,477eaff06e,1.8251
25,6,50,0.049820,0.011413,256,231,46,vinho importado,e3ab4f51f3,1.7452
25,7,50,0.053681,0.012129,260,236,47,vinho importado,24e15aa635,1.8809
25,8,50,0.053029,0.011605,258,234,46,vinho importado,3fda1da6f8,1.8321
25,9,50,0.054094,0.012049,260,234,47,vinho importado,a192f36600,1.8172
25,10,50,0.053841,0.012358,258,231,47,vinho importado,27900d3b4e,1.7371
25,11,50,0.053375,0.011893,258,232,46,vinho importado,62928eafd3,1.6833
25,12,50,0.053375,0.011893,258,232,46,vinho importado,62928eafd3,1.6833
25,13,50,0.054094,0.012049,260,234,47,vinho importado,a192f36600,1.8172
25,14,50,0.053814,0.012048,258,234,47,vinho importado,785e0e92e1,1.6024
25,15,50,0.049128,0.011681,261,235,47,vinho importado,f7f8d77546,1.8613
25,16,50,0.053375,0.011893,258,232,46,vinho importado,62928eafd3,1.6833
25,17,50,0.049128,0.011681,261,235,47,vinho importado,f7f8d77546,1.8613
25,18,50,0.074251,0.012761,258,234,47,vinho importado,74ae6e6c27,1.7543
25,19,50,0.053841,0.012155,258,233,47,vinho importado,a6ac540e27,1.8006
25,20,50,0.053122,0.011523,258,233,47,vinho importado,8969a0b04a,1.7781
25,21,50,0.048223,0.011387,257,234,47,vinho importado,cb32e4cf20,1.9034
25,22,50,0.053308,0.011907,262,233,46,vinho importado,1e2e9763f5,2.0346
25,23,50,0.049128,0.011681,261,235,47,vinho importado,f7f8d77546,1.8613
25,24,50,0.053029,0.011605,258,234,46,vinho importado,3fda1da6f8,1.8321
25,25,50,0.054640,0.012402,262,238,47,vinho importado,a89ed511c8,1.8656
25,26,50,0.049248,0.011462,262,236,47,vinho importado,8af16d2833,1.9848
25,27,50,0.059899,0.012304,257,233,46,vinho importado,e0b28fb7cc,2.0369
25,28,50,0.049794,0.011448,257,234,46,vinho importado,19bc10743f,2.3062
25,29,50,0.053348,0.011928,259,235,46,vinho importado,1cc2f3eeeb,2.2049
25,30,50,0.050313,0.011908,261,233,47,sal,4d390a3e64,2.2364
25,31,50,0.054027,0.012121,259,234,46,vinho importado,d0e68a9ec4,2.1644
25,32,50,0.052696,0.011384,260,235,46,vinho importado,efce160a0e,2.4736
25,33,50,0.053814,0.012048,258,234,47,vinho importado,785e0e92e1,1.6024
25,34,50,0.048183,0.011480,257,230,47,ketchup,4bce72e02e,2.1758
25,35,50,0.054094,0.011883,260,236,46,vinho importado,055ba0f439,2.2979
25,36,50,0.048942,0.011331,260,232,46,vinho importado,ae7a697baf,2.1463
25,37,50,0.058967,0.012560,259,232,46,vinho importado,a07be274e9,2.2492
25,38,50,0.051484,0.012317,256,234,47,vinho importado,cc68b0d883,2.1596
25,39,50,0.048462,0.011854,259,233,48,vinho importado,771e9c3bc2,2.1486
25,40,50,0.049128,0.011681,261,235,47,vinho importado,f7f8d77546,1.8613
25,41,50,0.053375,0.011893,258,232,46,vinho importado,62928eafd3,1.6833
25,42,50,0.053814,0.012048,258,234,47,vinho importado,785e0e92e1,1.6024
25,43,50,0.053681,0.012129,260,236,47,vinho importado,24e15aa635,1.8809
25,44,50,0.054094,0.012049,260,234,47,vinho importado,a192f36600,1.8172
25,45,50,0.048223,0.011387,257,234,47,vinho importado,cb32e4cf20,1.9034
25,46,50,0.055146,0.012341,260,234,47,vinho importado,415dc7cd9d,2.1799
25,47,50,0.048555,0.011540,259,233,47,vinho importado,827c77ae4e,2.2220
25,48,50,0.054094,0.012049,260,234,47,vinho importado,a192f36600,1.8172
25,49,50,0.054320,0.012355,259,235,47,vinho importado,f1d097f47a,2.2041
26,0,50,0.048183,0.011480,257,230,47,ketchup,4bce72e02e,2.1758
26,1,50,0.048223,0.011387,257,234,47,vinho importado,cb32e4cf20,1.9034
26,2,50,0.048223,0.011387,257,234,47,vinho importado,cb32e4cf20,1.9034
26,3,50,0.048462,0.011854,259,233,48,vinho importado,771e9c3bc2,2.1486
26,4,50,0.048555,0.011540,259,233,47,vinho importado,827c77ae4e,2.2220
26,5,50,0.048462,0.011854,259,233,48,vinho importado,771e9c3bc2,2.1486
26,6,50,0.050712,0.011835,259,232,47,vinho importado,492f66cda8,2.3624
26,7,50,0.048715,0.011395,259,235,46,vinho importado,babeec0759,2.1229
26,8,50,0.053801,0.012178,260,232,47,vinho importado,9d8a2f3024,1.9674
26,9,50,0.048555,0.011540,259,233,47,vinho importado,827c77ae4e,2.2220
26,10,50,0.048462,0.011854,259,233,48,vinho importado,771e9c3bc2,2.1486
26,11,50,0.053375,0.011893,258,232,46,vinho importado,62928eafd3,1.6833
26,12,50,0.048223,0.011387,257,234,47,vinho importado,cb32e4cf20,1.9034
26,13,50,0.052576,0.011277,258,232,46,vinho importado,0f4a1fb390,2.0141
26,14,50,0.050233,0.011321,262,237,46,vinho importado,890183a21f,2.0026
26,15,50,0.049128,0.011681,261,235,47,vinho importado,f7f8d77546,1.8613
26,16,50,0.049128,0.011681,261,235,47,vinho importado,f7f8d77546,1.8613
26,17,50,0.047823,0.011255,258,233,47,sal,4e304ae568,2.0626
26,18,50,0.049288,0.011591,262,235,47,vinho importado,e23df32099,2.1187
26,19,50,0.048143,0.011392,261,235,47,vinho importado,73f344c59d,2.1885
26,20,50,0.048236,0.011601,258,232,47,vinho importado,3fec863144,2.2038
26,21,50,0.048555,0.011540,259,233,47,vinho importado,827c77ae4e,2.2220
26,22,50,0.049128,0.011681,261,235,47,vinho importado,f7f8d77546,1.8613
26,23,50,0.048942,0.011331,260,232,46,vinho importado,ae7a697baf,2.1463
26,24,50,0.048942,0.011331,260,232,46,vinho importado,ae7a697baf,2.1463
26,25,50,0.049128,0.011681,261,235,47,vinho importado,f7f8d77546,1.8613
26,26,50,0.049128,0.011681,261,235,47,vinho importado,f7f8d77546,1.8613
26,27,50,0.053308,0.011907,262,233,46,vinho importado,1e2e9763f5,2.0346
26,28,50,0.053495,0.012042,259,234,47,vinho importado,57dab58b1f,1.8268
26,29,50,0.048409,0.011532,256,231,47,vinho importado,242dd06ec6,2.1202
26,30,50,0.049314,0.011487,261,236,47,vinho importado,9dc520c9a6,1.7016
26,31,50,0.053868,0.011924,259,230,46,vinho importado,05e62886ed,1.7812
26,32,50,0.053255,0.012085,259,234,47,vinho importado,9db10a3f3d,1.7725
26,33,50,0.048462,0.011854,259,233,48,vinho importado,771e9c3bc2,2.1486
26,34,50,0.054733,0.012999,264,237,46,vinho importado,8955f55471,1.6923
26,35,50,0.049128,0.011681,261,235,47,vinho importado,f7f8d77546,1.8613
26,36,50,0.049128,0.011681,261,235,47,vinho importado,f7f8d77546,1.8613
26,37,50,0.049128,0.011681,261,235,47,vinho importado,f7f8d77546,1.8613
26,38,50,0.048555,0.011540,259,233,47,vinho importado,827c77ae4e,2.2220
26,39,50,0.049128,0.011681,261,235,47,vinho importado,f7f8d77546,1.8613
26,40,50,0.049128,0.011681,261,235,47,vinho importado,f7f8d77546,1.8613
26,41,50,0.053881,0.012199,259,236,47,vinho importado,8484cdb454,1.7298
26,42,50,0.064212,0.012649,259,233,47,vinho importado,11e208f904,1.7620
26,43,50,0.050872,0.012499,254,232,48,vinho importado,b9437d63b1,1.6235
26,44,50,0.048702,0.010794,261,236,47,vinho importado,2291029a5b,1.7115
26,45,50,0.049128,0.011681,261,235,47,vinho importado,f7f8d77546,1.8613
26,46,50,0.053814,0.012048,258,234,47,vinho importado,785e0e92e1,1.6024
26,47,50,0.049128,0.011681,261,235,47,vinho importado,f7f8d77546,1.8613
26,48,50,0.049128,0.011681,261,235,47,vinho importado,f7f8d77546,1.8613
26,49,50,0.048715,0.011395,259,235,46,vinho importado,babeec0759,2.1229
27,0,50,0.047823,0.011255,258,233,47,sal,4e304ae568,2.0626
27,1,50,0.048143,0.011392,261,235,47,vinho importado,73f344c59d,2.1885
27,2,50,0.048183,0.011480,257,230,47,ketchup,4bce72e02e,2.1758
27,3,50,0.048223,0.011387,257,234,47,vinho importado,cb32e4cf20,1.9034
27,4,50,0.048223,0.011387,257,234,47,vinho importado,cb32e4cf20,1.9034
27,5,50,0.048595,0.011306,258,233,46,vinho importado,718a7ea6b1,1.9139
27,6,50,0.049128,0.011681,261,235,47,vinho importado,f7f8d77546,1.8613
27,7,50,0.048622,0.011396,258,232,47,vinho importado,4302280075,1.7461
27,8,50,0.048422,0.011318,262,236,47,vinho importado,c8f49c9ae5,1.8203
27,9,50,0.048223,0.011387,257,234,47,vinho importado,cb32e4cf20,1.9034
27,10,50,0.048462,0.011854,259,233,48,vinho importado,771e9c3bc2,2.1486
27,11,50,0.049128,0.011681,261,235,47,vinho importado,f7f8d77546,1.8613
27,12,50,0.048555,0.011540,259,233,47,vinho importado,827c77ae4e,2.2220
27,13,50,0.053801,0.012178,260,232,47,vinho importado,9d8a2f3024,1.9674
27,14,50,0.048715,0.011395,259,235,46,vinho importado,babeec0759,2.1229
27,15,50,0.049128,0.011681,261,235,47,vinho importado,f7f8d77546,1.8613
27,16,50,0.048143,0.011392,261,235,47,vinho importado,73f344c59d,2.1885
27,17,50,0.049035,0.011853,257,232,47,vinho importado,b43d741a01,1.7173
27,18,50,0.048129,0.011528,260,233,48,sal,d0f81c4618,1.6859
27,19,50,0.048223,0.011387,257,234,47,vinho importado,cb32e4cf20,1.9034
27,20,50,0.048143,0.011392,261,235,47,vinho importado,73f344c59d,2.1885
27,21,50,0.049128,0.011681,261,235,47,vinho importado,f7f8d77546,1.8613
27,22,50,0.047477,0.011550,255,232,48,vinho importado,fda4cccb97,1.7242
27,23,50,0.048675,0.011612,257,229,47,vinho importado,ac8532de9f,1.6816
27,24,50,0.048223,0.011387,257,234,47,vinho importado,cb32e4cf20,1.9034
27,25,50,0.049128,0.011681,261,235,47,vinho importado,f7f8d77546,1.8613
27,26,50,0.048263,0.011633,258,231,47,vinho importado,87c32d73cd,1.7212
27,27,50,0.047890,0.011419,260,234,47,vinho importado,abc93bac57,1.6323
27,28,50,0.049128,0.011681,261,235,47,vinho importado,f7f8d77546,1.8613
27,29,50,0.048649,0.011766,260,233,48,vinho importado,0e8ad2b048,1.7880
27,30,50,0.048689,0.011206,262,235,47,vinho importado,9fa1db94ec,1.6306
27,31,50,0.048209,0.011077,257,234,47,vinho importado,ba9867c3f5,1.8003
27,32,50,0.048702,0.010794,261,236,47,vinho importado,2291029a5b,1.7115
27,33,50,0.048462,0.011854,259,233,48,vinho importado,771e9c3bc2,2.1486
27,34,50,0.048236,0.011503,260,232,47,sal,e56db75e87,1.8352
27,35,50,0.045826,0.011434,260,235,47,vinho importado,9bde668aa0,1.6232
27,36,50,0.048702,0.010794,261,236,47,vinho importado,2291029a5b,1.7115
27,37,50,0.048715,0.011395,259,235,46,vinho importado,babeec0759,2.1229
27,38,50,0.049128,0.011681,261,235,47,vinho importado,f7f8d77546,1.8613
27,39,50,0.048223,0.011387,257,234,47,vinho importado,cb32e4cf20,1.9034
27,40,50,0.048236,0.011601,258,232,47,vinho importado,3fec863144,2.2038
27,41,50,0.048143,0.011392,261,235,47,vinho importado,73f344c59d,2.1885
27,42,50,0.048462,0.011854,259,233,48,vinho importado,771e9c3bc2,2.1486
27,43,50,0.048143,0.011392,261,235,47,vinho importado,73f344c59d,2.1885
27,44,50,0.048183,0.011480,257,230,47,ketchup,4bce72e02e,2.1758
27,45,50,0.049128,0.011681,261,235,47,vinho importado,f7f8d77546,1.8613
27,46,50,0.048183,0.011480,257,230,47,sal,4bce72e02e,2.1758
27,47,50,0.047477,0.011550,255,232,48,vinho importado,fda4cccb97,1.7242
27,48,50,0.049155,0.011688,261,234,47,vinho importado,992c479d3c,1.7164
27,49,50,0.049714,0.011690,261,234,46,vinho importado,c7afa2f1b4,1.7447
28,0,50,0.045826,0.011434,260,235,47,vinho importado,9bde668aa0,1.6232
28,1,50,0.047477,0.011550,255,232,48,vinho importado,fda4cccb97,1.7242
28,2,50,0.047477,0.011550,255,232,48,vinho importado,fda4cccb97,1.7242
28,3,50,0.047823,0.011255,258,233,47,sal,4e304ae568,2.0626
28,4,50,0.047890,0.011419,260,234,47,vinho importado,abc93bac57,1.6323
28,5,50,0.053708,0.012095,256,233,47,vinho importado,d3ff1c23f6,1.7823
28,6,50,0.048223,0.011387,257,234,47,vinho importado,cb32e4cf20,1.9034
28,7,50,0.048023,0.011366,258,233,47,sal,dddfdb25a2,1.6982
28,8,50,0.048902,0.011452,258,232,46,vinho importado,4eb3f6b03b,1.6742
28,9,50,0.048729,0.011671,256,229,47,vinho importado,92d5aaae0e,1.6987
28,10,50,0.047770,0.011337,261,234,47,vinho importado,8b11fc99a0,1.7368
28,11,50,0.048223,0.011387,257,234,47,vinho importado,cb32e4cf20,1.9034
28,12,50,0.051245,0.012119,257,236,47,vinho importado,119e75fbef,1.7996
28,13,50,0.048143,0.011392,261,235,47,vinho importado,73f344c59d,2.1885
28,14,50,0.048223,0.011387,257,234,47,vinho importado,cb32e4cf20,1.9034
28,15,50,0.049128,0.011681,261,235,47,vinho importado,f7f8d77546,1.8613
28,16,50,0.048143,0.011392,261,235,47,vinho importado,73f344c59d,2.1885
28,17,50,0.048755,0.011464,258,232,47,sal,1c580065ba,1.6810
28,18,50,0.048236,0.011503,260,232,47,sal,e56db75e87,1.8352
28,19,50,0.049128,0.011681,261,235,47,vinho importado,f7f8d77546,1.8613
28,20,50,0.044841,0.011127,256,234,47,vinho importado,f7d96cc6fa,1.8302
28,21,50,0.048675,0.011612,257,229,47,vinho importado,ac8532de9f,1.6816
28,22,50,0.048143,0.011392,261,235,47,vinho importado,73f344c59d,2.1885
28,23,50,0.047770,0.011556,257,232,48,vinho importado,1e6eaeaec8,2.0336
28,24,50,0.052017,0.011466,259,235,48,sal,261feaecbb,1.9647
28,25,50,0.055359,0.011999,261,235,47,vinho importado,09ad82105d,1.8176
28,26,50,0.047890,0.011419,260,234,47,vinho importado,abc93bac57,1.6323
28,27,50,0.048143,0.011392,261,235,47,vinho importado,73f344c59d,2.1885
28,28,50,0.048143,0.011392,261,235,47,vinho importado,73f344c59d,2.1885
28,29,50,0.048143,0.011392,261,235,47,vinho importado,73f344c59d,2.1885
28,30,50,0.055199,0.012238,255,232,48,vinho importado,a34f0c3cf4,1.7982
28,31,50,0.044854,0.011159,260,235,47,vinho importado,9ba86c884e,1.6141
28,32,50,0.049128,0.011681,261,235,47,vinho importado,f7f8d77546,1.8613
28,33,50,0.048050,0.011535,259,231,47,sal,f1f91d8cf0,1.7733
28,34,50,0.048555,0.011540,259,233,47,vinho importado,827c77ae4e,2.2220
28,35,50,0.048955,0.011564,260,236,47,vinho importado,1d482d20bd,1.7276
28,36,50,0.048822,0.011284,258,233,46,vinho importado,ec505375b3,1.8479
28,37,50,0.048888,0.011672,260,235,48,vinho importado,f4a63d521d,2.0063
28,38,50,0.058195,0.012294,261,237,47,vinho importado,6c07e8fb07,1.8047
28,39,50,0.047930,0.011295,262,235,47,vinho importado,17b76154c4,1.6642
28,40,50,0.048276,0.011611,259,233,48,sal,f8f63b139d,1.8395
28,41,50,0.049128,0.011681,261,235,47,vinho importado,f7f8d77546,1.8613
28,42,50,0.044841,0.011127,256,234,47,vinho importado,f7d96cc6fa,1.8302
28,43,50,0.048143,0.011392,261,235,47,sal,73f344c59d,2.1885
28,44,50,0.046851,0.010813,260,233,46,vinho importado,7a810bad4a,1.7809
28,45,50,0.048010,0.011395,259,232,47,vinho importado,8f50d476d6,1.5661
28,46,50,0.049621,0.011744,259,232,47,vinho importado,dab376883c,1.6650
28,47,50,0.047823,0.011319,257,233,47,sal,40c8365ba5,1.8108
28,48,50,0.048010,0.011361,256,232,47,vinho importado,e4e001329f,1.6721
28,49,50,0.047357,0.011056,259,232,46,sal,cf388d169d,1.6872
29,0,50,0.044841,0.011127,256,234,47,vinho importado,f7d96cc6fa,1.8302
29,1,50,0.044841,0.011127,256,234,47,vinho importado,f7d96cc6fa,1.8302
29,2,50,0.044854,0.011159,260,235,47,vinho importado,9ba86c884e,1.6141
29,3,50,0.045826,0.011434,260,235,47,vinho importado,9bde668aa0,1.6232
29,4,50,0.046851,0.010813,260,233,46,vinho importado,7a810bad4a,1.7809
29,5,50,0.047357,0.011056,259,232,46,sal,cf388d169d,1.6872
29,6,50,0.047823,0.011319,257,233,47,sal,40c8365ba5,1.8108
29,7,50,0.048143,0.011392,261,235,47,vinho importado,73f344c59d,2.1885
29,8,50,0.047890,0.011419,260,234,47,vinho importado,abc93bac57,1.6323
29,9,50,0.048955,0.011564,260,236,47,vinho importado,1d482d20bd,1.7276
29,10,50,0.048143,0.011392,261,235,47,vinho importado,73f344c59d,2.1885
29,11,50,0.044841,0.011127,256,234,47,vinho importado,f7d96cc6fa,1.8302
29,12,50,0.047477,0.011550,255,232,48,vinho importado,fda4cccb97,1.7242
29,13,50,0.048143,0.011392,261,235,47,vinho importado,73f344c59d,2.1885
29,14,50,0.048223,0.011387,257,234,47,vinho importado,cb32e4cf20,1.9034
29,15,50,0.045826,0.011434,260,235,47,vinho importado,9bde668aa0,1.6232
29,16,50,0.046851,0.010813,260,233,46,vinho importado,7a810bad4a,1.7809
29,17,50,0.046851,0.010813,260,233,46,vinho importado,7a810bad4a,1.7809
29,18,50,0.046851,0.010813,260,233,46,vinho importado,7a810bad4a,1.7809
29,19,50,0.047890,0.011419,260,234,47,vinho importado,abc93bac57,1.6323
29,20,50,0.047663,0.011479,258,232,48,vinho importado,9fff5e610c,1.8009
29,21,50,0.048050,0.011535,259,231,47,sal,f1f91d8cf0,1.7733
29,22,50,0.047357,0.011056,259,232,46,sal,cf388d169d,1.6872
29,23,50,0.047490,0.011532,258,232,48,vinho importado,17992316df,1.6999
29,24,50,0.049900,0.011962,259,232,47,sal,2f07b25c8c,1.7938
29,25,50,0.048023,0.011366,258,233,47,sal,dddfdb25a2,1.6982
29,26,50,0.047970,0.011451,256,231,47,vinho importado,4f3e8dc163,1.7333
29,27,50,0.048089,0.011419,261,232,47,sal,5ae8c9fde5,1.6748
29,28,50,0.048143,0.011479,258,232,47,vinho importado,ed7cbc748b,1.8101
29,29,50,0.049647,0.011543,260,232,46,vinho importado,5d0e3e4770,1.7352
29,30,50,0.044814,0.011135,262,237,47,vinho importado,f12b450cc9,1.6018
29,31,50,0.048422,0.011318,262,236,47,vinho importado,c8f49c9ae5,1.8203
29,32,50,0.045480,0.011421,258,235,47,vinho importado,9ae7fa3a57,1.7279
29,33,50,0.048143,0.011392,261,235,47,vinho importado,73f344c59d,2.1885
29,34,50,0.048223,0.011387,257,234,47,vinho importado,cb32e4cf20,1.9034
29,35,50,0.048010,0.011395,259,232,47,vinho importado,8f50d476d6,1.5661
29,36,50,0.046851,0.010813,260,233,46,vinho importado,7a810bad4a,1.7809
29,37,50,0.047477,0.011502,257,231,48,sal,51ebf62120,1.7452
29,38,50,0.048143,0.011392,261,235,47,vinho importado,73f344c59d,2.1885
29,39,50,0.052803,0.011941,260,235,47,vinho importado,4ee68f6bfb,1.7117
29,40,50,0.047637,0.011464,254,231,48,vinho importado,a132ea39ad,1.7061
29,41,50,0.047930,0.011295,262,235,47,vinho importado,17b76154c4,1.6642
29,42,50,0.048609,0.011686,259,233,48,sal,0a870b6a25,1.7524
29,43,50,0.048915,0.011813,259,233,48,sal,59e31c9ed4,1.7381
29,44,50,0.047930,0.011295,262,235,47,vinho importado,17b76154c4,1.6642
29,45,50,0.048143,0.011392,261,235,47,vinho importado,73f344c59d,2.1885
29,46,50,0.045826,0.011434,260,235,47,vinho importado,9bde668aa0,1.6232
29,47,50,0.047344,0.011268,255,232,47,vinho importado,61cd69be90,1.8038
29,48,50,0.048223,0.011387,257,234,47,vinho importado,cb32e4cf20,1.9034
29,49,50,0.046851,0.010813,260,233,46,vinho importado,7a810bad4a,1.7809
30,0,50,0.044814,0.011135,262,237,47,vinho importado,f12b450cc9,1.6018
30,1,50,0.044841,0.011127,256,234,47,vinho importado,f7d96cc6fa,1.8302
30,2,50,0.044841,0.011127,256,234,47,vinho importado,f7d96cc6fa,1.8302
30,3,50,0.044841,0.011127,256,234,47,vinho importado,f7d96cc6fa,1.8302
30,4,50,0.044854,0.011159,260,235,47,vinho importado,9ba86c884e,1.6141
30,5,50,0.044681,0.011183,259,233,47,vinho importado,628e49a6b0,1.8154
30,6,50,0.044655,0.011034,259,236,47,vinho importado,9293ef806a,1.9341
30,7,50,0.045826,0.011434,260,235,47,vinho importado,9bde668aa0,1.6232
30,8,50,0.044814,0.011135,262,237,47,vinho importado,f12b450cc9,1.6018
30,9,50,0.047424,0.011032,256,233,47,vinho importado,54fc839bbb,1.7616
30,10,50,0.044175,0.010973,260,234,46,vinho importado,78f3da4c99,1.7266
30,11,50,0.044841,0.011127,256,234,47,vinho importado,f7d96cc6fa,1.8302
30,12,50,0.044841,0.011127,256,234,47,vinho importado,f7d96cc6fa,1.8302
30,13,50,0.044668,0.011177,259,234,47,vinho importado,e9843cbe94,1.8152
30,14,50,0.048050,0.011294,258,234,47,vinho importado,01094dd644,1.7676
30,15,50,0.044841,0.011127,256,234,47,vinho importado,f7d96cc6fa,1.8302
30,16,50,0.044814,0.011135,262,237,47,vinho importado,f12b450cc9,1.6018
30,17,50,0.044841,0.011127,256,234,47,vinho importado,f7d96cc6fa,1.8302
30,18,50,0.048103,0.011713,256,231,48,vinho importado,d2c926ce19,1.7203
30,19,50,0.047331,0.011037,260,234,47,vinho importado,4e23fefabe,1.7360
30,20,50,0.044388,0.010938,260,234,46,vinho importado,92885acf18,1.5961
30,21,50,0.047477,0.011502,257,231,48,sal,51ebf62120,1.7452
30,22,50,0.047637,0.011464,254,231,48,vinho importado,a132ea39ad,1.7061
30,23,50,0.045640,0.011342,263,237,47,vinho importado,74468fbbf0,1.8251
30,24,50,0.048595,0.011391,259,233,47,vinho importado,6eba4d94e4,1.8121
30,25,50,0.048848,0.011650,255,230,48,vinho importado,151be6b5de,1.8239
30,26,50,0.045826,0.011434,260,235,47,vinho importado,9bde668aa0,1.6232
30,27,50,0.047477,0.011502,257,231,48,sal,51ebf62120,1.7452
30,28,50,0.049980,0.011303,260,235,47,vinho importado,5a1df6f27e,1.7940
30,29,50,0.044388,0.010938,260,234,46,vinho importado,92885acf18,1.5961
30,30,50,0.047331,0.011020,262,236,47,vinho importado,e85b9d37e1,1.7588
30,31,50,0.047903,0.011450,263,238,47,vinho importado,adf7cbcf6b,1.6055
30,32,50,0.045826,0.011434,260,235,47,vinho importado,9bde668aa0,1.6232
30,33,50,0.046851,0.010813,260,233,46,vinho importado,7a810bad4a,1.7809
30,34,50,0.046851,0.010813,260,233,46,vinho importado,7a810bad4a,1.7809
30,35,50,0.047477,0.011502,257,231,48,sal,51ebf62120,1.7452
30,36,50,0.044841,0.011127,256,234,47,vinho importado,f7d96cc6fa,1.8302
30,37,50,0.047717,0.011388,258,232,47,vinho importado,d0ee3c83b4,1.7711
30,38,50,0.048595,0.011802,257,233,48,sal,992dff2926,1.7506
30,39,50,0.044841,0.011127,256,234,47,vinho importado,f7d96cc6fa,1.8302
30,40,50,0.047477,0.011550,255,232,48,vinho importado,fda4cccb97,1.7242
30,41,50,0.046851,0.010813,260,233,46,vinho importado,7a810bad4a,1.7809
30,42,50,0.047637,0.011464,254,231,48,vinho importado,a132ea39ad,1.7061
30,43,50,0.044388,0.010938,260,234,46,vinho importado,92885acf18,1.5961
30,44,50,0.047331,0.011020,262,236,47,vinho importado,e85b9d37e1,1.7588
30,45,50,0.048555,0.011540,259,233,47,vinho importado,827c77ae4e,2.2220
30,46,50,0.048742,0.011632,261,234,47,vinho importado,8c2b5cd5dd,1.7092
30,47,50,0.046851,0.010813,260,233,46,vinho importado,7a810bad4a,1.7809
30,48,50,0.047663,0.011479,258,232,48,vinho importado,9fff5e610c,1.8009
30,49,50,0.044947,0.011131,257,232,47,vinho importado,f654d905c1,1.7256
31,0,50,0.044175,0.010973,260,234,46,vinho importado,78f3da4c99,1.7266
31,1,50,0.044388,0.010938,260,234,46,vinho importado,92885acf18,1.5961
31,2,50,0.044388,0.010938,260,234,46,vinho importado,92885acf18,1.5961
31,3,50,0.044388,0.010938,260,234,46,vinho importado,92885acf18,1.5961
31,4,50,0.044655,0.011034,259,236,47,vinho importado,9293ef806a,1.9341
31,5,50,0.044841,0.011127,256,234,47,vinho importado,f7d96cc6fa,1.8302
31,6,50,0.044388,0.010938,260,234,46,vinho importado,92885acf18,1.5961
31,7,50,0.044388,0.010938,260,234,46,vinho importado,92885acf18,1.5961
31,8,50,0.044841,0.011127,256,234,47,vinho importado,f7d96cc6fa,1.8302
31,9,50,0.047530,0.011613,259,234,47,vinho importado,10faa1b917,1.7826
31,10,50,0.044495,0.010930,258,231,46,vinho importado,102a7f7fcf,1.6889
31,11,50,0.044175,0.010973,260,234,46,vinho importado,78f3da4c99,1.7266
31,12,50,0.044841,0.011127,256,234,47,vinho importado,f7d96cc6fa,1.8302
31,13,50,0.045054,0.011363,259,234,47,vinho importado,3093de9b0e,1.9099
31,14,50,0.044681,0.011183,259,233,47,vinho importado,628e49a6b0,1.8154
31,15,50,0.044814,0.011135,262,237,47,vinho importado,f12b450cc9,1.6018
31,16,50,0.044388,0.010938,260,234,46,vinho importado,92885acf18,1.5961
31,17,50,0.044854,0.011159,260,235,47,vinho importado,9ba86c884e,1.6141
31,18,50,0.044841,0.011127,256,234,47,vinho importado,f7d96cc6fa,1.8302
31,19,50,0.044655,0.011034,259,236,47,vinho importado,9293ef806a,1.9341
31,20,50,0.044388,0.010938,260,234,46,vinho importado,92885acf18,1.5961
31,21,50,0.044947,0.011131,257,232,47,vinho importado,f654d905c1,1.7256
31,22,50,0.044388,0.010938,260,234,46,vinho importado,92885acf18,1.5961
31,23,50,0.044841,0.011127,256,234,47,vinho importado,f7d96cc6fa,1.8302
31,24,50,0.044841,0.011127,256,234,47,vinho importado,f7d96cc6fa,1.8302
31,25,50,0.045413,0.011279,256,233,47,vinho importado,5d0589a612,1.7437
31,26,50,0.044095,0.011057,262,238,47,vinho importado,9939f07acc,1.6355
31,27,50,0.044388,0.010938,260,234,46,vinho importado,92885acf18,1.5961
31,28,50,0.044814,0.011135,262,237,47,vinho importado,f12b450cc9,1.6018
31,29,50,0.044388,0.010938,260,234,46,vinho importado,92885acf18,1.5961
31,30,50,0.044175,0.010973,260,234,46,vinho importado,78f3da4c99,1.7266
31,31,50,0.044841,0.011127,256,234,47,vinho importado,f7d96cc6fa,1.8302
31,32,50,0.044841,0.011127,256,234,47,vinho importado,f7d96cc6fa,1.8302
31,33,50,0.047331,0.011037,260,234,47,vinho importado,4e23fefabe,1.7360
31,34,50,0.044814,0.011135,262,237,47,vinho importado,f12b450cc9,1.6018
31,35,50,0.045733,0.011321,260,234,47,vinho importado,0fb0a6273d,1.9815
31,36,50,0.045826,0.011434,260,235,47,vinho importado,9bde668aa0,1.6232
31,37,50,0.047331,0.011037,260,234,47,vinho importado,4e23fefabe,1.7360
31,38,50,0.046851,0.010813,260,233,46,vinho importado,7a810bad4a,1.7809
31,39,50,0.044841,0.011127,256,234,47,vinho importado,f7d96cc6fa,1.8302
31,40,50,0.044841,0.011127,256,234,47,vinho importado,f7d96cc6fa,1.8302
31,41,50,0.044388,0.010938,260,234,46,vinho importado,92885acf18,1.5961
31,42,50,0.044841,0.011127,256,234,47,vinho importado,f7d96cc6fa,1.8302
31,43,50,0.046851,0.010813,260,233,46,vinho importado,7a810bad4a,1.7809
31,44,50,0.059167,0.012372,261,237,47,vinho importado,952346fa0d,1.7107
31,45,50,0.045826,0.011434,260,235,47,vinho importado,9bde668aa0,1.6232
31,46,50,0.044814,0.011135,262,237,47,vinho importado,f12b450cc9,1.6018
31,47,50,0.048010,0.011448,258,231,47,vinho importado,89ea393963,1.7694
31,48,50,0.044681,0.010842,260,233,46,vinho importado,8f03de6423,1.7260
31,49,50,0.044388,0.010938,260,234,46,vinho importado,92885acf18,1.5961
32,0,50,0.044095,0.011057,262,238,47,vinho importado,9939f07acc,1.6355
32,1,50,0.044175,0.010973,260,234,46,vinho importado,78f3da4c99,1.7266
32,2,50,0.044175,0.010973,260,234,46,vinho importado,78f3da4c99,1.7266
32,3,50,0.044175,0.010973,260,234,46,vinho importado,78f3da4c99,1.7266
32,4,50,0.044388,0.010938,260,234,46,vinho importado,92885acf18,1.5961
32,5,50,0.043856,0.010999,259,233,47,vinho importado,0d3a7613fe,1.8634
32,6,50,0.044388,0.010938,260,234,46,vinho importado,92885acf18,1.5961
32,7,50,0.044135,0.010823,255,231,46,vinho importado,f2148b78d0,1.7113
32,8,50,0.045280,0.011166,258,235,47,vinho importado,2b009e95ab,1.6205
32,9,50,0.044175,0.010973,260,234,46,vinho importado,78f3da4c99,1.7266
32,10,50,0.044388,0.010938,260,234,46,vinho importado,92885acf18,1.5961
32,11,50,0.044388,0.010938,260,234,46,vinho importado,92885acf18,1.5961
32,12,50,0.044388,0.010938,260,234,46,vinho importado,92885acf18,1.5961
32,13,50,0.044388,0.010938,260,234,46,vinho importado,92885acf18,1.5961
32,14,50,0.044388,0.010938,260,234,46,vinho importado,92885acf18,1.5961
32,15,50,0.044974,0.011558,261,235,46,vinho importado,27c105796c,1.7279
32,16,50,0.044388,0.010938,260,234,46,vinho importado,92885acf18,1.5961
32,17,50,0.044095,0.011057,262,238,47,vinho importado,9939f07acc,1.6355
32,18,50,0.044388,0.010938,260,234,46,vinho importado,92885acf18,1.5961
32,19,50,0.044388,0.010938,260,234,46,vinho importado,92885acf18,1.5961
32,20,50,0.045054,0.011057,259,235,46,vinho importado,7f062bd50b,1.7906
32,21,50,0.044388,0.010938,260,234,46,vinho importado,92885acf18,1.5961
32,22,50,0.044814,0.011135,262,237,47,vinho importado,f12b450cc9,1.6018
32,23,50,0.044388,0.010938,260,234,46,vinho importado,92885acf18,1.5961
32,24,50,0.044388,0.010938,260,234,46,vinho importado,92885acf18,1.5961
32,25,50,0.044388,0.010938,260,234,46,vinho importado,92885acf18,1.5961
32,26,50,0.044388,0.010938,260,234,46,vinho importado,92885acf18,1.5961
32,27,50,0.044681,0.011183,259,233,47,vinho importado,628e49a6b0,1.8154
32,28,50,0.044202,0.011006,261,237,47,vinho importado,6cf214ca05,1.8034
32,29,50,0.045200,0.011200,259,234,46,vinho importado,b904bace61,1.9734
32,30,50,0.044175,0.010973,260,234,46,vinho importado,78f3da4c99,1.7266
32,31,50,0.044388,0.010938,260,234,46,vinho importado,92885acf18,1.5961
32,32,50,0.044175,0.010973,260,234,46,vinho importado,78f3da4c99,1.7266
32,33,50,0.044388,0.010938,260,234,46,vinho importado,92885acf18,1.5961
32,34,50,0.044175,0.010973,260,234,46,vinho importado,78f3da4c99,1.7266
32,35,50,0.044388,0.010938,260,234,46,vinho importado,92885acf18,1.5961
32,36,50,0.044841,0.011127,256,234,47,vinho importado,f7d96cc6fa,1.8302
32,37,50,0.044175,0.010973,260,234,46,vinho importado,78f3da4c99,1.7266
32,38,50,0.044388,0.010938,260,234,46,vinho importado,92885acf18,1.5961
32,39,50,0.044175,0.010973,260,234,46,vinho importado,78f3da4c99,1.7266
32,40,50,0.044841,0.011127,256,234,47,vinho importado,f7d96cc6fa,1.8302
32,41,50,0.044388,0.010938,260,234,46,vinho importado,92885acf18,1.5961
32,42,50,0.044388,0.010938,260,234,46,vinho importado,92885acf18,1.5961
32,43,50,0.044388,0.010938,260,234,46,vinho importado,92885acf18,1.5961
32,44,50,0.044655,0.011034,259,236,47,vinho importado,9293ef806a,1.9341
32,45,50,0.044388,0.010938,260,234,46,vinho importado,92885acf18,1.5961
32,46,50,0.044814,0.011135,262,237,47,vinho importado,f12b450cc9,1.6018
32,47,50,0.044841,0.011127,256,234,47,vinho importado,f7d96cc6fa,1.8302
32,48,50,0.044175,0.010973,260,234,46,vinho importado,78f3da4c99,1.7266
32,49,50,0.045014,0.011013,255,233,46,vinho importado,86ae6a5af6,1.7592
33,0,50,0.043856,0.010999,259,233,47,vinho importado,0d3a7613fe,1.8634
33,1,50,0.044095,0.011057,262,238,47,vinho importado,9939f07acc,1.6355
33,2,50,0.044095,0.011057,262,238,47,vinho importado,9939f07acc,1.6355
33,3,50,0.044135,0.010823,255,231,46,vinho importado,f2148b78d0,1.7113
33,4,50,0.044175,0.010973,260,234,46,vinho importado,78f3da4c99,1.7266
33,5,50,0.044388,0.010938,260,234,46,vinho importado,92885acf18,1.5961
33,6,50,0.044388,0.010938,260,234,46,vinho importado,92885acf18,1.5961
33,7,50,0.044175,0.010973,260,234,46,vinho importado,78f3da4c99,1.7266
33,8,50,0.044388,0.010938,260,234,46,vinho importado,92885acf18,1.5961
33,9,50,0.044175,0.010973,260,234,46,vinho importado,78f3da4c99,1.7266
33,10,50,0.044175,0.010973,260,234,46,vinho importado,78f3da4c99,1.7266
33,11,50,0.043856,0.010999,259,233,47,vinho importado,0d3a7613fe,1.8634
33,12,50,0.043856,0.010999,259,233,47,vinho importado,0d3a7613fe,1.8634
33,13,50,0.044388,0.010938,260,234,46,vinho importado,92885acf18,1.5961
33,14,50,0.044388,0.010938,260,234,46,vinho importado,92885acf18,1.5961
33,15,50,0.044388,0.010938,260,234,46,vinho importado,92885acf18,1.5961
33,16,50,0.044388,0.010938,260,234,46,vinho importado,92885acf18,1.5961
33,17,50,0.043629,0.011041,259,233,47,vinho importado,0f2de084a1,1.7527
33,18,50,0.044388,0.010938,260,234,46,vinho importado,92885acf18,1.5961
33,19,50,0.043776,0.010901,261,236,47,vinho importado,1d61952af1,1.7633
33,20,50,0.045134,0.011200,259,234,47,vinho importado,2419a730d8,1.7144
33,21,50,0.044388,0.010938,260,234,46,vinho importado,92885acf18,1.5961
33,22,50,0.044175,0.010973,260,234,46,vinho importado,78f3da4c99,1.7266
33,23,50,0.043483,0.010769,263,237,46,vinho importado,7646bce5aa,1.7304
33,24,50,0.045001,0.011227,259,235,47,vinho importado,460ed45370,1.7825
33,25,50,0.044388,0.010938,260,234,46,vinho importado,92885acf18,1.5961
33,26,50,0.044095,0.011057,262,238,47,vinho importado,9939f07acc,1.6355
33,27,50,0.051897,0.011560,256,233,46,vinho importado,4f8e441bfb,1.6678
33,28,50,0.045693,0.010678,264,238,46,vinho importado,ab9ff0fa6c,1.6790
33,29,50,0.044149,0.010869,258,233,46,vinho importado,ff6c9bf5df,1.8031
33,30,50,0.044015,0.010819,261,234,46,vinho importado,cea3fab60b,1.5771
33,31,50,0.044175,0.010973,260,234,46,vinho importado,78f3da4c99,1.7266
33,32,50,0.044175,0.010973,260,234,46,vinho importado,78f3da4c99,1.7266
33,33,50,0.044175,0.010973,260,234,46,vinho importado,78f3da4c99,1.7266
33,34,50,0.044175,0.010973,260,234,46,vinho importado,78f3da4c99,1.7266
33,35,50,0.044388,0.010938,260,234,46,vinho importado,92885acf18,1.5961
33,36,50,0.044095,0.011057,262,238,47,vinho importado,9939f07acc,1.6355
33,37,50,0.044175,0.010973,260,234,46,vinho importado,78f3da4c99,1.7266
33,38,50,0.044388,0.010938,260,234,46,vinho importado,92885acf18,1.5961
33,39,50,0.044388,0.010938,260,234,46,vinho importado,92885acf18,1.5961
33,40,50,0.043629,0.011041,259,233,47,vinho importado,0f2de084a1,1.7527
33,41,50,0.044095,0.011057,262,238,47,vinho importado,9939f07acc,1.6355
33,42,50,0.044202,0.011006,261,237,47,vinho importado,6cf214ca05,1.8034
33,43,50,0.044388,0.010938,260,234,46,vinho importado,92885acf18,1.5961
33,44,50,0.044175,0.010973,260,234,46,vinho importado,78f3da4c99,1.7266
33,45,50,0.044095,0.011057,262,238,47,vinho importado,9939f07acc,1.6355
33,46,50,0.044175,0.010973,260,234,46,vinho importado,78f3da4c99,1.7266
33,47,50,0.044175,0.010973,260,234,46,vinho importado,78f3da4c99,1.7266
33,48,50,0.044175,0.010973,260,234,46,vinho importado,78f3da4c99,1.7266
33,49,50,0.045640,0.011070,262,235,46,vinho importado,1efb71bd51,1.8133
34,0,50,0.043483,0.010769,263,237,46,vinho importado,7646bce5aa,1.7304
34,1,50,0.043629,0.011041,259,233,47,vinho importado,0f2de084a1,1.7527
34,2,50,0.043629,0.011041,259,233,47,vinho importado,0f2de084a1,1.7527
34,3,50,0.043776,0.010901,261,236,47,vinho importado,1d61952af1,1.7633
34,4,50,0.043856,0.010999,259,233,47,vinho importado,0d3a7613fe,1.8634
34,5,50,0.044095,0.011057,262,238,47,vinho importado,9939f07acc,1.6355
34,6,50,0.044095,0.011057,262,238,47,vinho importado,9939f07acc,1.6355
34,7,50,0.043856,0.010999,259,233,47,vinho importado,0d3a7613fe,1.8634
34,8,50,0.043629,0.011041,259,233,47,vinho importado,0f2de084a1,1.7527
34,9,50,0.044095,0.011057,262,238,47,vinho importado,9939f07acc,1.6355
34,10,50,0.043190,0.010624,261,237,47,vinho importado,c4c84f083f,1.7653
34,11,50,0.044175,0.010973,260,234,46,vinho importado,78f3da4c99,1.7266
34,12,50,0.043856,0.010999,259,233,47,vinho importado,0d3a7613fe,1.8634
34,13,50,0.044734,0.011129,260,233,46,vinho importado,6e73e0deb5,1.7698
34,14,50,0.043856,0.010999,259,233,47,vinho importado,0d3a7613fe,1.8634
34,15,50,0.043483,0.010769,263,237,46,vinho importado,7646bce5aa,1.7304
34,16,50,0.044468,0.011293,258,234,48,vinho importado,43afe37552,1.7614
34,17,50,0.049674,0.011513,263,238,46,vinho importado,b1849f539c,1.6661
34,18,50,0.044095,0.011057,262,238,47,vinho importado,9939f07acc,1.6355
34,19,50,0.044149,0.010869,258,233,46,vinho importado,ff6c9bf5df,1.8031
34,20,50,0.044921,0.010262,259,236,46,vinho importado,f02250a2f8,1.6691
34,21,50,0.044162,0.010858,259,232,46,vinho importado,8b197c7198,1.7396
34,22,50,0.044375,0.010900,256,233,46,vinho importado,1542889fd2,1.7144
34,23,50,0.044175,0.010973,260,234,46,vinho importado,78f3da4c99,1.7266
34,24,50,0.043629,0.011041,259,233,47,vinho importado,0f2de084a1,1.7527
34,25,50,0.044175,0.010973,260,234,46,vinho importado,78f3da4c99,1.7266
34,26,50,0.044095,0.011057,262,238,47,vinho importado,9939f07acc,1.6355
34,27,50,0.044388,0.010938,260,234,46,vinho importado,92885acf18,1.5961
34,28,50,0.044175,0.010973,260,234,46,vinho importado,78f3da4c99,1.7266
34,29,50,0.051458,0.011791,261,235,47,vinho importado,9a9bd6f70e,1.6829
34,30,50,0.044095,0.011057,262,238,47,vinho importado,9939f07acc,1.6355
34,31,50,0.044095,0.011057,262,238,47,vinho importado,9939f07acc,1.6355
34,32,50,0.044175,0.010973,260,234,46,vinho importado,78f3da4c99,1.7266
34,33,50,0.043616,0.010794,259,233,47,vinho importado,cc36547b67,1.7673
34,34,50,0.043856,0.010999,259,233,47,vinho importado,0d3a7613fe,1.8634
34,35,50,0.046585,0.010728,262,234,46,vinho importado,1e96881022,1.8621
34,36,50,0.044095,0.011057,262,238,47,vinho importado,9939f07acc,1.6355
34,37,50,0.043483,0.010769,263,237,46,vinho importado,7646bce5aa,1.7304
34,38,50,0.044175,0.010973,260,234,46,vinho importado,78f3da4c99,1.7266
34,39,50,0.046092,0.011370,263,239,48,vinho importado,b9fc69f568,1.7531
34,40,50,0.043776,0.010901,261,236,47,vinho importado,1d61952af1,1.7633
34,41,50,0.044175,0.010973,260,234,46,vinho importado,78f3da4c99,1.7266
34,42,50,0.043629,0.011041,259,233,47,vinho importado,0f2de084a1,1.7527
34,43,50,0.043936,0.010905,258,233,46,vinho importado,fe0df53284,1.7738
34,44,50,0.044987,0.011001,257,232,46,vinho importado,1ab93b8aee,1.6994
34,45,50,0.044175,0.010973,260,234,46,vinho importado,78f3da4c99,1.7266
34,46,50,0.044149,0.010869,258,233,46,vinho importado,ff6c9bf5df,1.8031
34,47,50,0.043936,0.010693,261,237,46,vinho importado,f086df59ec,1.7497
34,48,50,0.052736,0.011714,264,241,47,vinho importado,5690b938ec,2.3191
34,49,50,0.043629,0.011041,259,233,47,vinho importado,0f2de084a1,1.7527
35,0,50,0.043190,0.010624,261,237,47,vinho importado,c4c84f083f,1.7653
35,1,50,0.043483,0.010769,263,237,46,vinho importado,7646bce5aa,1.7304
35,2,50,0.043483,0.010769,263,237,46,vinho importado,7646bce5aa,1.7304
35,3,50,0.043483,0.010769,263,237,46,vinho importado,7646bce5aa,1.7304
35,4,50,0.043616,0.010794,259,233,47,vinho importado,cc36547b67,1.7673
35,5,50,0.044175,0.010973,260,234,46,vinho importado,78f3da4c99,1.7266
35,6,50,0.043403,0.010760,260,236,47,vinho importado,6d545f3f8b,2.5488
35,7,50,0.043629,0.011041,259,233,47,vinho importado,0f2de084a1,1.7527
35,8,50,0.043629,0.011041,259,233,47,vinho importado,0f2de084a1,1.7527
35,9,50,0.043004,0.010699,259,234,47,vinho importado,690a531685,2.1961
35,10,50,0.043483,0.010769,263,237,46,vinho importado,7646bce5aa,1.7304
35,11,50,0.043629,0.011041,259,233,47,vinho importado,0f2de084a1,1.7527
35,12,50,0.043629,0.011041,259,233,47,vinho importado,0f2de084a1,1.7527
35,13,50,0.043936,0.010905,258,233,46,vinho importado,fe0df53284,1.7738
35,14,50,0.044894,0.011109,261,234,46,vinho importado,f22758850d,1.7316
35,15,50,0.043563,0.011122,261,237,48,vinho importado,0470e82828,1.7907
35,16,50,0.044175,0.010973,260,234,46,vinho importado,78f3da4c99,1.7266
35,17,50,0.043616,0.010794,259,233,47,vinho importado,cc36547b67,1.7673
35,18,50,0.043856,0.010999,259,233,47,vinho importado,0d3a7613fe,1.8634
35,19,50,0.052443,0.011151,261,235,47,vinho importado,e6cea46d85,1.8251
35,20,50,0.044082,0.011066,257,230,47,vinho importado,cec4b740e8,1.8901
35,21,50,0.044149,0.010869,258,233,46,vinho importado,ff6c9bf5df,1.8031
35,22,50,0.043936,0.010693,261,237,46,vinho importado,f086df59ec,1.7497
35,23,50,0.043576,0.011107,263,238,46,vinho importado,e97a9231dc,2.0777
35,24,50,0.043989,0.011076,256,231,47,vinho importado,8d836c0227,1.5782
35,25,50,0.043856,0.010999,259,233,47,vinho importado,0d3a7613fe,1.8634
35,26,50,0.043856,0.010999,259,233,47,vinho importado,0d3a7613fe,1.8634
35,27,50,0.050246,0.011215,265,239,46,vinho importado,cec5878446,1.7695
35,28,50,0.044508,0.010936,262,236,47,vinho importado,893eb6c8bd,1.6702
35,29,50,0.043989,0.010324,259,236,47,vinho importado,7906d7f584,1.8443
35,30,50,0.044308,0.010750,262,235,46,vinho importado,d26d157048,1.5806
35,31,50,0.051445,0.011537,261,239,47,vinho importado,549b69cd8e,1.7328
35,32,50,0.044761,0.011103,262,236,46,vinho importado,f08f0ef56c,1.8443
35,33,50,0.043629,0.011041,259,233,47,vinho importado,0f2de084a1,1.7527
35,34,50,0.043629,0.011041,259,233,47,vinho importado,0f2de084a1,1.7527
35,35,50,0.043243,0.011180,257,233,48,vinho importado,e36405a5a5,1.7086
35,36,50,0.043443,0.010623,259,233,46,vinho importado,494df63291,1.8102
35,37,50,0.043470,0.010585,263,236,46,vinho importado,c6cec1c317,1.7297
35,38,50,0.043563,0.011122,261,237,48,vinho importado,0470e82828,1.7907
35,39,50,0.043403,0.010973,260,234,47,vinho importado,9d4801261c,1.8263
35,40,50,0.044095,0.010787,262,235,46,vinho importado,4cbe4a97cd,1.6868
35,41,50,0.042617,0.010928,257,231,47,vinho importado,2b51da2ac8,1.5835
35,42,50,0.043922,0.010796,264,239,47,vinho importado,9462e05fda,1.9462
35,43,50,0.043629,0.011041,259,233,47,vinho importado,0f2de084a1,1.7527
35,44,50,0.043936,0.010905,258,233,46,vinho importado,fe0df53284,1.7738
35,45,50,0.043123,0.010556,260,236,47,vinho importado,814dd7db59,1.7454
35,46,50,0.044388,0.010938,260,234,46,vinho importado,92885acf18,1.5961
35,47,50,0.043616,0.010794,259,233,47,vinho importado,cc36547b67,1.7673
35,48,50,0.044335,0.011153,258,232,47,vinho importado,6ed05ce0ef,1.6519
35,49,50,0.044095,0.011057,262,238,47,vinho importado,9939f07acc,1.6355
36,0,50,0.042617,0.010928,257,231,47,vinho importado,2b51da2ac8,1.5835
36,1,50,0.043004,0.010699,259,234,47,vinho importado,690a531685,2.1961
36,2,50,0.043123,0.010556,260,236,47,vinho importado,814dd7db59,1.7454
36,3,50,0.043190,0.010624,261,237,47,vinho importado,c4c84f083f,1.7653
36,4,50,0.043243,0.011180,257,233,48,vinho importado,e36405a5a5,1.7086
36,5,50,0.043004,0.010699,259,234,47,vinho importado,690a531685,2.1961
36,6,50,0.043616,0.010794,259,233,47,vinho importado,cc36547b67,1.7673
36,7,50,0.043097,0.010906,259,234,47,vinho importado,586c1f4d86,1.8463
36,8,50,0.042724,0.009868,262,237,48,vinho importado,6824adfcaa,1.6175
36,9,50,0.042937,0.011025,257,232,47,vinho importado,6f5b8a19e7,1.8174
36,10,50,0.043776,0.010685,258,235,48,vinho importado,757dd1cf8e,1.7585
36,11,50,0.043430,0.010825,259,233,47,vinho importado,5d2a861e7b,1.7561
36,12,50,0.043949,0.010892,259,232,46,vinho importado,d7d2864179,1.8050
36,13,50,0.043563,0.011122,261,237,48,vinho importado,0470e82828,1.7907
36,14,50,0.043563,0.011122,261,237,48,vinho importado,0470e82828,1.7907
36,15,50,0.043736,0.010608,264,239,46,vinho importado,8fe15ebbbb,1.6310
36,16,50,0.043416,0.010943,259,234,47,vinho importado,c0d06db20f,1.6282
36,17,50,0.043629,0.011041,259,233,47,vinho importado,0f2de084a1,1.7527
36,18,50,0.043629,0.011041,259,233,47,vinho importado,0f2de084a1,1.7527
36,19,50,0.041899,0.010946,261,235,47,vinho importado,89c6a7af29,1.8283
36,20,50,0.043643,0.010658,260,233,46,vinho importado,0883b9bd20,1.9500
36,21,50,0.055266,0.011523,260,235,47,vinho importado,72f3720934,1.7574
36,22,50,0.043989,0.010324,259,236,47,vinho importado,7906d7f584,1.8443
36,23,50,0.043882,0.010679,260,233,46,vinho importado,787c4d6e29,1.7635
36,24,50,0.042471,0.011151,259,231,47,vinho importado,85ef290dbc,1.7067
36,25,50,0.044135,0.010916,260,234,46,vinho importado,dd78629622,1.7277
36,26,50,0.042671,0.010412,262,236,46,vinho importado,1bfdbedb15,1.7962
36,27,50,0.042844,0.010524,259,234,47,vinho importado,1a29fc06f0,1.7818
36,28,50,0.066955,0.011267,260,236,47,vinho importado,7d977b1f44,1.8809
36,29,50,0.044069,0.010972,259,234,47,vinho importado,65ee4fcb7f,1.7247
36,30,50,0.043403,0.010973,260,234,47,vinho importado,9d4801261c,1.8263
36,31,50,0.043243,0.011180,257,233,48,vinho importado,e36405a5a5,1.7086
36,32,50,0.043190,0.010624,261,237,47,vinho importado,c4c84f083f,1.7653
36,33,50,0.043629,0.011041,259,233,47,vinho importado,0f2de084a1,1.7527
36,34,50,0.044082,0.011066,257,230,47,vinho importado,cec4b740e8,1.8901
36,35,50,0.044268,0.010927,260,233,46,vinho importado,e6bbbbfdbf,1.6833
36,36,50,0.044615,0.011088,260,234,46,vinho importado,c778c3237a,1.7468
36,37,50,0.043616,0.010794,259,233,47,vinho importado,cc36547b67,1.7673
36,38,50,0.043483,0.010769,263,237,46,vinho importado,7646bce5aa,1.7304
36,39,50,0.043483,0.010769,263,237,46,vinho importado,7646bce5aa,1.7304
36,40,50,0.043856,0.010999,259,233,47,vinho importado,0d3a7613fe,1.8634
36,41,50,0.042791,0.010509,262,237,47,vinho importado,ab53cf999a,1.6986
36,42,50,0.042751,0.010670,259,234,47,vinho importado,3a304d658d,1.6848
36,43,50,0.043629,0.011041,259,233,47,vinho importado,0f2de084a1,1.7527
36,44,50,0.043789,0.010721,265,239,47,vinho importado,3c3e50df0d,1.7900
36,45,50,0.043709,0.010937,263,238,47,vinho importado,443322c73d,1.6829
36,46,50,0.043270,0.010875,258,232,46,vinho importado,a9664581e7,1.6059
36,47,50,0.044149,0.010869,258,233,46,vinho importado,ff6c9bf5df,1.8031
36,48,50,0.043470,0.011397,259,236,49,vinho importado,8388cdb6cf,1.7796
36,49,50,0.043629,0.011041,259,233,47,vinho importado,0f2de084a1,1.7527
37,0,50,0.041899,0.010946,261,235,47,vinho importado,89c6a7af29,1.8283
37,1,50,0.042471,0.011151,259,231,47,vinho importado,85ef290dbc,1.7067
37,2,50,0.042617,0.010928,257,231,47,vinho importado,2b51da2ac8,1.5835
37,3,50,0.042671,0.010412,262,236,46,vinho importado,1bfdbedb15,1.7962
37,4,50,0.042724,0.009868,262,237,48,vinho importado,6824adfcaa,1.6175
37,5,50,0.043430,0.010825,259,233,47,vinho importado,5d2a861e7b,1.7561
37,6,50,0.042751,0.010670,259,234,47,vinho importado,3a304d658d,1.6848
37,7,50,0.043709,0.010937,263,238,47,vinho importado,443322c73d,1.6829
37,8,50,0.043097,0.010906,259,234,47,vinho importado,586c1f4d86,1.8463
37,9,50,0.043829,0.010756,257,232,47,vinho importado,c42518f9fb,1.7674
37,10,50,0.042458,0.010775,259,233,47,vinho importado,ccab4c76e7,1.6837
37,11,50,0.042671,0.010388,257,233,47,vinho importado,8dbc92f5c6,1.7082
37,12,50,0.044441,0.011178,258,232,47,vinho importado,8b70809f10,2.1328
37,13,50,0.042791,0.011103,258,232,47,vinho importado,63dbb1abd4,1.7295
37,14,50,0.041978,0.010621,260,233,47,vinho importado,12a102b871,1.7188
37,15,50,0.043123,0.010556,260,236,47,vinho importado,814dd7db59,1.7454
37,16,50,0.043097,0.010906,259,234,47,vinho importado,586c1f4d86,1.8463
37,17,50,0.043616,0.010794,259,233,47,vinho importado,cc36547b67,1.7673
37,18,50,0.041899,0.010946,261,235,47,vinho importado,89c6a7af29,1.8283
37,19,50,0.042538,0.010877,264,238,46,vinho importado,398f1a5c85,1.6881
37,20,50,0.044055,0.010963,260,235,47,vinho importado,d5a51dea03,1.9895
37,21,50,0.042471,0.011151,259,231,47,vinho importado,85ef290dbc,1.7067
37,22,50,0.042751,0.010670,259,234,47,vinho importado,3a304d658d,1.6848
37,23,50,0.043004,0.010699,259,234,47,vinho importado,690a531685,2.1961
37,24,50,0.042844,0.010524,259,234,47,vinho importado,1a29fc06f0,1.7818
37,25,50,0.043097,0.011354,259,231,47,vinho importado,cc88467249,1.7367
37,26,50,0.043163,0.011241,259,235,48,vinho importado,cd787cb640,1.7461
37,27,50,0.045866,0.010905,260,234,47,vinho importado,597d997795,1.7965
37,28,50,0.041899,0.010946,261,235,47,vinho importado,89c6a7af29,1.8283
37,29,50,0.042950,0.010828,262,236,47,vinho importado,1258c89b10,1.7131
37,30,50,0.042005,0.010383,259,234,46,vinho importado,6d019cd034,1.7810
37,31,50,0.043190,0.010624,261,237,47,vinho importado,c4c84f083f,1.7653
37,32,50,0.043190,0.010624,261,237,47,vinho importado,c4c84f083f,1.7653
37,33,50,0.042791,0.010509,262,237,47,vinho importado,ab53cf999a,1.6986
37,34,50,0.043190,0.010624,261,237,47,vinho importado,c4c84f083f,1.7653
37,35,50,0.041899,0.010946,261,235,47,vinho importado,89c6a7af29,1.8283
37,36,50,0.043243,0.010606,260,237,48,vinho importado,232db99319,1.7853
37,37,50,0.045027,0.011062,256,229,47,vinho importado,85eee6fbf3,1.6840
37,38,50,0.043629,0.011041,259,233,47,vinho importado,0f2de084a1,1.7527
37,39,50,0.042844,0.010524,259,234,47,vinho importado,1a29fc06f0,1.7818
37,40,50,0.043656,0.011000,258,232,47,vinho importado,abd3c80850,1.6949
37,41,50,0.042910,0.010467,260,234,45,vinho importado,50a9979bb4,1.6809
37,42,50,0.043563,0.011122,261,237,48,vinho importado,0470e82828,1.7907
37,43,50,0.042964,0.010766,261,234,46,vinho importado,162b4a67b8,1.7495
37,44,50,0.042311,0.010561,258,233,47,vinho importado,21835d06da,1.6169
37,45,50,0.042617,0.010928,257,231,47,vinho importado,2b51da2ac8,1.5835
37,46,50,0.045453,0.010655,260,236,46,vinho importado,5d7ecec867,1.8320
37,47,50,0.042857,0.010834,258,234,47,vinho importado,943bfa9490,1.8302
37,48,50,0.043243,0.011180,257,233,48,vinho importado,e36405a5a5,1.7086
37,49,50,0.043363,0.010615,259,233,46,vinho importado,eb6ee30898,1.7562
38,0,50,0.041899,0.010946,261,235,47,vinho importado,89c6a7af29,1.8283
38,1,50,0.041899,0.010946,261,235,47,vinho importado,89c6a7af29,1.8283
38,2,50,0.041899,0.010946,261,235,47,vinho importado,89c6a7af29,1.8283
38,3,50,0.041899,0.010946,261,235,47,vinho importado,89c6a7af29,1.8283
38,4,50,0.041978,0.010621,260,233,47,vinho importado,12a102b871,1.7188
38,5,50,0.041899,0.010946,261,235,47,vinho importado,89c6a7af29,1.8283
38,6,50,0.043563,0.011122,261,237,48,vinho importado,0470e82828,1.7907
38,7,50,0.043190,0.010624,261,237,47,vinho importado,c4c84f083f,1.7653
38,8,50,0.042751,0.010670,259,234,47,vinho importado,3a304d658d,1.6848
38,9,50,0.042471,0.011151,259,231,47,vinho importado,85ef290dbc,1.7067
38,10,50,0.041899,0.010946,261,235,47,vinho importado,89c6a7af29,1.8283
38,11,50,0.043882,0.011187,259,234,48,vinho importado,c8d2d5b92c,1.8877
38,12,50,0.041646,0.010795,263,237,47,vinho importado,a30ef8377d,1.9988
38,13,50,0.042471,0.011151,259,231,47,vinho importado,85ef290dbc,1.7067
38,14,50,0.043137,0.010505,259,234,46,vinho importado,dbf0020167,1.8904
38,15,50,0.043083,0.011062,257,232,47,vinho importado,c274695ae1,1.8661
38,16,50,0.043097,0.011132,258,229,47,vinho importado,901f01922a,1.7642
38,17,50,0.043123,0.010965,259,233,47,vinho importado,fcb837fb45,1.9967
38,18,50,0.050686,0.011665,258,236,48,vinho importado,ed9dfe417d,1.9347
38,19,50,0.050126,0.011493,258,235,47,vinho importado,5ff38f64d0,2.1813
38,20,50,0.043163,0.010941,261,235,47,vinho importado,2376f415f0,1.7310
38,21,50,0.042311,0.010561,258,233,47,vinho importado,21835d06da,1.6169
38,22,50,0.042311,0.010561,258,233,47,vinho importado,21835d06da,1.6169
38,23,50,0.042578,0.010387,255,231,47,vinho importado,b6b4cdbb23,1.7220
38,24,50,0.042391,0.010558,260,235,47,vinho importado,76d9d13d45,1.6764
38,25,50,0.042844,0.010524,259,234,47,vinho importado,1a29fc06f0,1.7818
38,26,50,0.043163,0.011241,259,235,48,vinho importado,cd787cb640,1.7461
38,27,50,0.042498,0.010811,257,231,47,vinho importado,cedaf04a01,1.8852
38,28,50,0.042990,0.010886,262,236,46,vinho importado,af540cc4a0,1.7615
38,29,50,0.042471,0.011151,259,231,47,vinho importado,85ef290dbc,1.7067
38,30,50,0.042791,0.011103,258,232,47,vinho importado,63dbb1abd4,1.7295
38,31,50,0.042471,0.011151,259,231,47,vinho importado,85ef290dbc,1.7067
38,32,50,0.041978,0.010621,260,233,47,vinho importado,12a102b871,1.7188
38,33,50,0.042391,0.010884,256,231,47,vinho importado,2b737bb669,1.7833
38,34,50,0.043163,0.010941,261,235,47,vinho importado,2376f415f0,1.7310
38,35,50,0.042152,0.011041,258,233,47,vinho importado,28942c8cb6,1.8628
38,36,50,0.043243,0.010606,260,237,48,vinho importado,232db99319,1.7853
38,37,50,0.043083,0.011515,258,229,47,vinho importado,1fa3d31f03,1.7447
38,38,50,0.042990,0.011368,260,233,48,vinho importado,2a5d6a0145,1.6409
38,39,50,0.042178,0.010739,259,234,47,vinho importado,df91a3206e,1.9685
38,40,50,0.043137,0.010960,259,231,47,vinho importado,eb74bd5b95,1.7965
38,41,50,0.041899,0.010946,261,235,47,vinho importado,89c6a7af29,1.8283
38,42,50,0.041899,0.010946,261,235,47,vinho importado,89c6a7af29,1.8283
38,43,50,0.044069,0.010972,259,234,47,vinho importado,65ee4fcb7f,1.7247
38,44,50,0.042072,0.010421,258,234,47,vinho importado,4b251a3911,1.7731
38,45,50,0.041899,0.010946,261,235,47,vinho importado,89c6a7af29,1.8283
38,46,50,0.043243,0.010850,260,234,46,vinho importado,3b492051db,1.7296
38,47,50,0.042218,0.010793,259,234,47,vinho importado,82f0849bbb,1.7625
38,48,50,0.042897,0.010529,261,235,46,vinho importado,b1d41c8de1,1.9329
38,49,50,0.042311,0.010561,258,233,47,vinho importado,21835d06da,1.6169
39,0,50,0.041646,0.010795,263,237,47,vinho importado,a30ef8377d,1.9988
39,1,50,0.041899,0.010946,261,235,47,vinho importado,89c6a7af29,1.8283
39,2,50,0.041899,0.010946,261,235,47,vinho importado,89c6a7af29,1.8283
39,3,50,0.041899,0.010946,261,235,47,vinho importado,89c6a7af29,1.8283
39,4,50,0.041899,0.010946,261,235,47,vinho importado,89c6a7af29,1.8283
39,5,50,0.042471,0.011151,259,231,47,vinho importado,85ef290dbc,1.7067
39,6,50,0.042471,0.011151,259,231,47,vinho importado,85ef290dbc,1.7067
39,7,50,0.040620,0.010721,264,236,47,vinho importado,9caaede713,1.9439
39,8,50,0.043629,0.011047,261,234,47,vinho importado,3d793d065b,1.6977
39,9,50,0.041899,0.010946,261,235,47,vinho importado,89c6a7af29,1.8283
39,10,50,0.041899,0.010946,261,235,47,vinho importado,89c6a7af29,1.8283
39,11,50,0.041899,0.010946,261,235,47,vinho importado,89c6a7af29,1.8283
39,12,50,0.041899,0.010946,261,235,47,vinho importado,89c6a7af29,1.8283
39,13,50,0.042471,0.011151,259,231,47,vinho importado,85ef290dbc,1.7067
39,14,50,0.041899,0.010946,261,235,47,vinho importado,89c6a7af29,1.8283
39,15,50,0.041899,0.010946,261,235,47,vinho importado,89c6a7af29,1.8283
39,16,50,0.041899,0.010946,261,235,47,vinho importado,89c6a7af29,1.8283
39,17,50,0.041899,0.010946,261,235,47,vinho importado,89c6a7af29,1.8283
39,18,50,0.041899,0.010946,261,235,47,vinho importado,89c6a7af29,1.8283
39,19,50,0.041646,0.010795,263,237,47,vinho importado,a30ef8377d,1.9988
39,20,50,0.041286,0.010609,261,236,47,vinho importado,e13ed74a70,1.7590
39,21,50,0.041899,0.010946,261,235,47,vinho importado,89c6a7af29,1.8283
39,22,50,0.041899,0.010946,261,235,47,vinho importado,89c6a7af29,1.8283
39,23,50,0.042245,0.010430,258,233,47,vinho importado,633f9cd3a4,1.7778
39,24,50,0.041646,0.010795,263,237,47,vinho importado,a30ef8377d,1.9988
39,25,50,0.041885,0.011097,261,234,47,vinho importado,30b94cba14,1.7212
39,26,50,0.042498,0.010820,258,232,47,vinho importado,1ce07be0e6,1.6954
39,27,50,0.041899,0.010946,261,235,47,vinho importado,89c6a7af29,1.8283
39,28,50,0.041899,0.010946,261,235,47,vinho importado,89c6a7af29,1.8283
39,29,50,0.041899,0.010946,261,235,47,vinho importado,89c6a7af29,1.8283
39,30,50,0.048263,0.011676,260,232,47,vinho importado,7ce3535ed9,1.7638
39,31,50,0.041899,0.010946,261,235,47,vinho importado,89c6a7af29,1.8283
39,32,50,0.042152,0.011041,258,233,47,vinho importado,28942c8cb6,1.8628
39,33,50,0.041046,0.011008,263,234,46,vinho importado,4ab074fb31,1.9586
39,34,50,0.041899,0.010946,261,235,47,vinho importado,89c6a7af29,1.8283
39,35,50,0.042311,0.010561,258,233,47,vinho importado,21835d06da,1.6169
39,36,50,0.042498,0.010811,257,231,47,vinho importado,cedaf04a01,1.8852
39,37,50,0.041899,0.010946,261,235,47,vinho importado,89c6a7af29,1.8283
39,38,50,0.042471,0.011151,259,231,47,vinho importado,85ef290dbc,1.7067
39,39,50,0.042085,0.011116,258,231,47,vinho importado,070bf3366e,2.5738
39,40,50,0.042391,0.010960,259,232,47,vinho importado,6ca29b1301,3.0906
39,41,50,0.041978,0.010621,260,233,47,vinho importado,12a102b871,1.7188
39,42,50,0.042351,0.010769,260,232,47,vinho importado,a3a2f646a4,3.2835
39,43,50,0.042391,0.010558,260,235,47,vinho importado,76d9d13d45,1.6764
39,44,50,0.041899,0.010946,261,235,47,vinho importado,89c6a7af29,1.8283
39,45,50,0.042684,0.010994,260,232,47,vinho importado,95248fb991,2.1905
39,46,50,0.043936,0.011158,259,234,47,vinho importado,828534be68,2.1642
39,47,50,0.042018,0.010675,260,238,47,vinho importado,e0c56f2a33,2.1674
39,48,50,0.043163,0.010941,261,235,47,vinho importado,2376f415f0,1.7310
39,49,50,0.042178,0.011029,260,235,47,vinho importado,1b210e5c09,2.2786
40,0,50,0.040620,0.010721,264,236,47,vinho importado,9caaede713,1.9439
40,1,50,0.041046,0.011008,263,234,46,vinho importado,4ab074fb31,1.9586
40,2,50,0.041286,0.010609,261,236,47,vinho importado,e13ed74a70,1.7590
40,3,50,0.041646,0.010795,263,237,47,vinho importado,a30ef8377d,1.9988
40,4,50,0.041646,0.010795,263,237,47,vinho importado,a30ef8377d,1.9988
40,5,50,0.041646,0.010795,263,237,47,vinho importado,a30ef8377d,1.9988
40,6,50,0.041899,0.010946,261,235,47,vinho importado,89c6a7af29,1.8283
40,7,50,0.041899,0.010946,261,235,47,vinho importado,89c6a7af29,1.8283
40,8,50,0.041899,0.010946,261,235,47,vinho importado,89c6a7af29,1.8283
40,9,50,0.041712,0.011221,263,235,47,vinho importado,12c3ff73e6,2.2597
40,10,50,0.042165,0.010996,263,237,48,vinho importado,0881aff9f0,2.0985
40,11,50,0.041899,0.010946,261,235,47,vinho importado,89c6a7af29,1.8283
40,12,50,0.041646,0.010795,263,237,47,vinho importado,a30ef8377d,1.9988
40,13,50,0.041046,0.011008,263,234,46,vinho importado,4ab074fb31,1.9586
40,14,50,0.042365,0.010283,266,238,47,vinho importado,86659c29ca,2.1429
40,15,50,0.041899,0.010946,261,235,47,vinho importado,89c6a7af29,1.8283
40,16,50,0.041899,0.010946,261,235,47,vinho importado,89c6a7af29,1.8283
40,17,50,0.040993,0.010956,264,235,47,vinho importado,ab00967843,2.0341
40,18,50,0.040620,0.010721,264,236,47,vinho importado,9caaede713,1.9439
40,19,50,0.041899,0.010946,261,235,47,vinho importado,89c6a7af29,1.8283
40,20,50,0.040620,0.010721,264,236,47,vinho importado,9caaede713,1.9439
40,21,50,0.041046,0.011008,263,234,46,vinho importado,4ab074fb31,1.9586
40,22,50,0.041286,0.010609,261,236,47,vinho importado,e13ed74a70,1.7590
40,23,50,0.041899,0.010946,261,235,47,vinho importado,89c6a7af29,1.8283
40,24,50,0.041899,0.010946,261,235,47,vinho importado,89c6a7af29,1.8283
40,25,50,0.041899,0.010946,261,235,47,vinho importado,89c6a7af29,1.8283
40,26,50,0.041899,0.010946,261,235,47,vinho importado,89c6a7af29,1.8283
40,27,50,0.041646,0.010795,263,237,47,vinho importado,a30ef8377d,1.9988
40,28,50,0.041646,0.010795,263,237,47,vinho importado,a30ef8377d,1.9988
40,29,50,0.040620,0.010721,264,236,47,vinho importado,9caaede713,1.9439
40,30,50,0.042178,0.011263,265,235,47,vinho importado,fd0c43decf,2.0746
40,31,50,0.041646,0.010795,263,237,47,vinho importado,a30ef8377d,1.9988
40,32,50,0.041899,0.010946,261,235,47,vinho importado,89c6a7af29,1.8283
40,33,50,0.041046,0.011008,263,234,46,vinho importado,4ab074fb31,1.9586
40,34,50,0.041899,0.010946,261,235,47,vinho importado,89c6a7af29,1.8283
40,35,50,0.041566,0.010941,263,236,47,vinho importado,dd2f1a42b1,2.0349
40,36,50,0.041899,0.010946,261,235,47,vinho importado,89c6a7af29,1.8283
40,37,50,0.042152,0.011041,258,233,47,vinho importado,28942c8cb6,1.8628
40,38,50,0.042671,0.011194,258,232,47,vinho importado,1442cac946,1.7628
40,39,50,0.047450,0.011638,264,239,48,vinho importado,89c53aedff,1.7637
40,40,50,0.041899,0.010946,261,235,47,vinho importado,89c6a7af29,1.8283
40,41,50,0.041286,0.010609,261,236,47,vinho importado,e13ed74a70,1.7590
40,42,50,0.041646,0.010795,263,237,47,vinho importado,a30ef8377d,1.9988
40,43,50,0.042924,0.010407,259,236,45,vinho importado,a0a9ce717c,1.7689
40,44,50,0.040900,0.010970,260,236,48,vinho importado,f427a79fe3,1.9229
40,45,50,0.040780,0.010508,265,237,46,vinho importado,7bb3157a4c,1.6474
40,46,50,0.041046,0.011008,263,234,46,vinho importado,4ab074fb31,1.9586
40,47,50,0.041899,0.010946,261,235,47,vinho importado,89c6a7af29,1.8283
40,48,50,0.041899,0.010946,261,235,47,vinho importado,89c6a7af29,1.8283
40,49,50,0.041899,0.010946,261,235,47,vinho importado,89c6a7af29,1.8283
41,0,50,0.040620,0.010721,264,236,47,vinho importado,9caaede713,1.9439
41,1,50,0.040620,0.010721,264,236,47,vinho importado,9caaede713,1.9439
41,2,50,0.040620,0.010721,264,236,47,vinho importado,9caaede713,1.9439
41,3,50,0.040620,0.010721,264,236,47,vinho importado,9caaede713,1.9439
41,4,50,0.040780,0.010508,265,237,46,vinho importado,7bb3157a4c,1.6474
41,5,50,0.041286,0.010609,261,236,47,vinho importado,e13ed74a70,1.7590
41,6,50,0.041286,0.010609,261,236,47,vinho importado,e13ed74a70,1.7590
41,7,50,0.040900,0.009739,265,236,47,vinho importado,a5babbced0,1.8794
41,8,50,0.041046,0.011008,263,234,46,vinho importado,4ab074fb31,1.9586
41,9,50,0.044495,0.011891,261,234,47,vinho importado,af65834503,1.7110
41,10,50,0.041046,0.011008,263,234,46,vinho importado,4ab074fb31,1.9586
41,11,50,0.041899,0.010946,261,235,47,vinho importado,89c6a7af29,1.8283
41,12,50,0.041046,0.011008,263,234,46,vinho importado,4ab074fb31,1.9586
41,13,50,0.040620,0.010721,264,236,47,vinho importado,9caaede713,1.9439
41,14,50,0.041659,0.010985,263,234,47,vinho importado,47207f9b3c,1.7413
41,15,50,0.041765,0.010963,264,238,48,vinho importado,a5c78bf5b1,1.8846
41,16,50,0.041086,0.010883,263,236,47,vinho importado,6dab8ab7ce,1.7935
41,17,50,0.040820,0.010448,262,236,47,vinho importado,34c2a20cf5,1.7919
41,18,50,0.041779,0.011041,263,236,47,vinho importado,0803d341a4,1.6426
41,19,50,0.041606,0.011111,264,235,47,vinho importado,8ebd5c875d,1.8307
41,20,50,0.041899,0.010946,261,235,47,vinho importado,89c6a7af29,1.8283
41,21,50,0.041046,0.010657,263,235,46,vinho importado,7ac5996060,1.7115
41,22,50,0.041646,0.010795,263,237,47,vinho importado,a30ef8377d,1.9988
41,23,50,0.041459,0.010200,265,237,46,vinho importado,28645528d6,1.7567
41,24,50,0.040620,0.010721,264,236,47,vinho importado,9caaede713,1.9439
41,25,50,0.041899,0.010946,261,235,47,vinho importado,89c6a7af29,1.8283
41,26,50,0.040434,0.011056,260,235,47,vinho importado,6e194a490a,1.7359
41,27,50,0.040993,0.010956,264,235,47,vinho importado,ab00967843,2.0341
41,28,50,0.041566,0.010941,263,236,47,vinho importado,dd2f1a42b1,2.0349
41,29,50,0.041646,0.010795,263,237,47,vinho importado,a30ef8377d,1.9988
41,30,50,0.040434,0.010890,265,234,46,vinho importado,ec0b21a20a,1.7571
41,31,50,0.040620,0.010721,264,236,47,vinho importado,9caaede713,1.9439
41,32,50,0.040620,0.010721,264,236,47,vinho importado,9caaede713,1.9439
41,33,50,0.042578,0.010527,264,235,47,vinho importado,9af3a8d480,1.8325
41,34,50,0.041619,0.010764,261,234,47,vinho importado,830e9aac4e,1.9817
41,35,50,0.040620,0.010721,264,236,47,vinho importado,9caaede713,1.9439
41,36,50,0.040620,0.010721,264,236,47,vinho importado,9caaede713,1.9439
41,37,50,0.041046,0.011008,263,234,46,vinho importado,4ab074fb31,1.9586
41,38,50,0.041899,0.010946,261,235,47,vinho importado,89c6a7af29,1.8283
41,39,50,0.041792,0.011281,265,238,48,vinho importado,81d689d3df,1.8352
41,40,50,0.040820,0.010448,262,236,47,vinho importado,34c2a20cf5,1.7919
41,41,50,0.041805,0.010840,262,235,47,vinho importado,ea2a6c775f,1.6442
41,42,50,0.041286,0.010609,261,236,47,vinho importado,e13ed74a70,1.7590
41,43,50,0.041632,0.010755,260,235,48,vinho importado,1cbb8f0e82,1.7736
41,44,50,0.040940,0.011064,263,236,48,vinho importado,8ca82833a5,1.7713
41,45,50,0.041646,0.010795,263,237,47,vinho importado,a30ef8377d,1.9988
41,46,50,0.040434,0.010890,265,234,46,vinho importado,ec0b21a20a,1.7571
41,47,50,0.040328,0.010759,264,234,46,vinho importado,e57de5e18d,1.7308
41,48,50,0.045906,0.011552,264,235,46,vinho importado,530d211523,1.7164
41,49,50,0.042258,0.010792,263,236,47,vinho importado,6ca3abf49e,1.7207
42,0,50,0.040328,0.010759,264,234,46,vinho importado,e57de5e18d,1.7308
42,1,50,0.040434,0.011056,260,235,47,vinho importado,6e194a490a,1.7359
42,2,50,0.040434,0.010890,265,234,46,vinho importado,ec0b21a20a,1.7571
42,3,50,0.040434,0.010890,265,234,46,vinho importado,ec0b21a20a,1.7571
42,4,50,0.040620,0.010721,264,236,47,vinho importado,9caaede713,1.9439
42,5,50,0.041113,0.010494,263,235,46,vinho importado,d3b8891a29,1.8421
42,6,50,0.040075,0.010540,264,235,46,vinho importado,5996bc2142,1.6481
42,7,50,0.040620,0.010721,264,236,47,vinho importado,9caaede713,1.9439
42,8,50,0.041632,0.011043,264,235,47,vinho importado,44edb24a07,1.8801
42,9,50,0.041286,0.010609,261,236,47,vinho importado,e13ed74a70,1.7590
42,10,50,0.040820,0.010448,262,236,47,vinho importado,34c2a20cf5,1.7919
42,11,50,0.040620,0.010721,264,236,47,vinho importado,9caaede713,1.9439
42,12,50,0.045387,0.011253,267,240,46,vinho importado,71d676bd11,1.6843
42,13,50,0.040314,0.011064,260,233,46,vinho importado,bd2a10e423,1.7582
42,14,50,0.042484,0.011373,260,233,47,vinho importado,2cea234dc9,1.7140
42,15,50,0.040434,0.011056,260,235,47,vinho importado,6e194a490a,1.7359
42,16,50,0.040620,0.010721,264,236,47,vinho importado,9caaede713,1.9439
42,17,50,0.040620,0.010721,264,236,47,vinho importado,9caaede713,1.9439
42,18,50,0.041046,0.011008,263,234,46,vinho importado,4ab074fb31,1.9586
42,19,50,0.040328,0.010759,264,234,46,vinho importado,e57de5e18d,1.7308
42,20,50,0.040967,0.010908,265,235,46,vinho importado,78ab017d62,1.7411
42,21,50,0.040620,0.010721,264,236,47,vinho importado,9caaede713,1.9439
42,22,50,0.040328,0.010759,264,234,46,vinho importado,e57de5e18d,1.7308
42,23,50,0.040620,0.010721,264,236,47,vinho importado,9caaede713,1.9439
42,24,50,0.040940,0.011064,263,236,48,vinho importado,8ca82833a5,1.7713
42,25,50,0.041805,0.009848,264,235,47,vinho importado,c0d817cd02,1.7611
42,26,50,0.040820,0.010448,262,236,47,vinho importado,34c2a20cf5,1.7919
42,27,50,0.040940,0.011064,263,236,48,vinho importado,8ca82833a5,1.7713
42,28,50,0.039582,0.009672,265,236,47,vinho importado,538949c2b5,1.7287
42,29,50,0.040434,0.010803,266,236,45,vinho importado,75f0726587,1.6760
42,30,50,0.041552,0.011075,266,236,47,vinho importado,3ce87fce11,1.8184
42,31,50,0.039715,0.010478,265,235,45,vinho importado,bb1daf77e9,1.9257
42,32,50,0.041233,0.010987,264,235,47,vinho importado,2ef8d47eb0,1.9096
42,33,50,0.040314,0.010541,260,236,47,vinho importado,e6f70e6f42,2.1568
42,34,50,0.041965,0.010883,265,238,48,vinho importado,7a68279306,1.8581
42,35,50,0.040767,0.010951,267,234,46,vinho importado,da69447ca8,1.7431
42,36,50,0.040780,0.010508,265,237,46,vinho importado,7bb3157a4c,1.6474
42,37,50,0.041393,0.010567,267,238,47,vinho importado,b051554965,1.8770
42,38,50,0.041073,0.011335,267,236,47,vinho importado,9a6fd9311a,1.6687
42,39,50,0.040620,0.010721,264,236,47,vinho importado,9caaede713,1.9439
42,40,50,0.044814,0.010848,265,236,47,vinho importado,356c9a2195,1.8780
42,41,50,0.047663,0.011274,265,238,47,vinho importado,e8507847eb,1.6236
42,42,50,0.040620,0.010721,264,236,47,vinho importado,9caaede713,1.9439
42,43,50,0.042844,0.011139,264,236,47,vinho importado,25c8462e11,1.8570
42,44,50,0.041046,0.011008,263,234,46,vinho importado,4ab074fb31,1.9586
42,45,50,0.040620,0.010721,264,236,47,vinho importado,9caaede713,1.9439
42,46,50,0.040620,0.010721,264,236,47,vinho importado,9caaede713,1.9439
42,47,50,0.042484,0.011084,263,236,47,vinho importado,11676b06a8,1.7717
42,48,50,0.041286,0.010609,261,236,47,vinho importado,e13ed74a70,1.7590
42,49,50,0.040620,0.010721,264,236,47,vinho importado,9caaede713,1.9439
43,0,50,0.039582,0.009672,265,236,47,vinho importado,538949c2b5,1.7287
43,1,50,0.039715,0.010478,265,235,45,vinho importado,bb1daf77e9,1.9257
43,2,50,0.040075,0.010540,264,235,46,vinho importado,5996bc2142,1.6481
43,3,50,0.040314,0.011064,260,233,46,vinho importado,bd2a10e423,1.7582
43,4,50,0.040314,0.010541,260,236,47,vinho importado,e6f70e6f42,2.1568
43,5,50,0.040075,0.010540,264,235,46,vinho importado,5996bc2142,1.6481
43,6,50,0.048582,0.011362,263,235,47,vinho importado,4d6e0aaffe,1.8430
43,7,50,0.040620,0.010721,264,236,47,vinho importado,9caaede713,1.9439
43,8,50,0.040620,0.010721,264,236,47,vinho importado,9caaede713,1.9439
43,9,50,0.040474,0.010812,263,237,47,vinho importado,7513897c0e,1.8148
43,10,50,0.039675,0.010856,262,233,46,vinho importado,7386275b64,1.8640
43,11,50,0.040754,0.010146,267,237,45,vinho importado,c3c6ea7811,1.9297
43,12,50,0.039462,0.010336,267,237,45,vinho importado,cdbd893ebf,1.9866
43,13,50,0.040434,0.010890,265,234,46,vinho importado,ec0b21a20a,1.7571
43,14,50,0.040620,0.010721,264,236,47,vinho importado,9caaede713,1.9439
43,15,50,0.040567,0.010850,262,233,47,vinho importado,652737a08a,1.7497
43,16,50,0.040660,0.010692,261,233,46,vinho importado,8b470163e8,1.6682
43,17,50,0.040328,0.011043,266,233,46,vinho importado,e9cfeb36f5,1.8298
43,18,50,0.040474,0.010811,267,233,46,vinho importado,dba38ab3c1,1.6219
43,19,50,0.040434,0.010890,265,234,46,vinho importado,ec0b21a20a,1.7571
43,20,50,0.040328,0.010759,264,234,46,vinho importado,e57de5e18d,1.7308
43,21,50,0.039888,0.010465,260,233,46,vinho importado,ea5853e71a,1.8456
43,22,50,0.039302,0.010629,264,236,47,vinho importado,b11a9cbd0c,1.7277
43,23,50,0.040434,0.010803,266,236,45,vinho importado,75f0726587,1.6760
43,24,50,0.040314,0.010541,260,236,47,vinho importado,e6f70e6f42,2.1568
43,25,50,0.041299,0.011050,265,236,47,vinho importado,351df59258,1.8429
43,26,50,0.041473,0.011094,267,238,46,vinho importado,1a21448fe4,1.7500
43,27,50,0.040620,0.010721,264,236,47,vinho importado,9caaede713,1.9439
43,28,50,0.040620,0.010721,264,236,47,vinho importado,9caaede713,1.9439
43,29,50,0.039302,0.010629,264,236,47,vinho importado,b11a9cbd0c,1.7277
43,30,50,0.043243,0.009953,267,238,48,vinho importado,d382445a44,1.7744
43,31,50,0.040993,0.011253,261,233,46,vinho importado,7988b5170c,1.6209
43,32,50,0.063334,0.011763,267,235,46,vinho importado,a0754cc025,1.8644
43,33,50,0.040687,0.010802,260,235,47,vinho importado,0e5fe6ad2f,1.6054
43,34,50,0.040075,0.010540,264,235,46,vinho importado,5996bc2142,1.6481
43,35,50,0.040367,0.010555,263,237,46,vinho importado,f8a57c8a7c,1.8046
43,36,50,0.039169,0.010191,264,236,45,vinho importado,8d76f38672,1.7965
43,37,50,0.040767,0.010951,267,234,46,vinho importado,da69447ca8,1.7431
43,38,50,0.040620,0.010721,264,236,47,vinho importado,9caaede713,1.9439
43,39,50,0.039582,0.009672,265,236,47,vinho importado,538949c2b5,1.7287
43,40,50,0.040314,0.011064,260,233,46,vinho importado,bd2a10e423,1.7582
43,41,50,0.040727,0.010678,267,237,46,vinho importado,948bef3ebc,1.7458
43,42,50,0.039262,0.010334,264,234,47,vinho importado,7dd6ce0c24,1.7723
43,43,50,0.040620,0.010721,264,236,47,vinho importado,9caaede713,1.9439
43,44,50,0.040620,0.010721,264,236,47,vinho importado,9caaede713,1.9439
43,45,50,0.040447,0.010694,267,238,47,vinho importado,5371dec630,1.7408
43,46,50,0.048981,0.010676,264,235,45,vinho importado,865372afc4,1.6342
43,47,50,0.040620,0.010721,264,236,47,vinho importado,9caaede713,1.9439
43,48,50,0.040620,0.010721,264,236,47,vinho importado,9caaede713,1.9439
43,49,50,0.039715,0.010478,265,235,45,vinho importado,bb1daf77e9,1.9257
44,0,50,0.039169,0.010191,264,236,45,vinho importado,8d76f38672,1.7965
44,1,50,0.039262,0.010334,264,234,47,vinho importado,7dd6ce0c24,1.7723
44,2,50,0.039302,0.010629,264,236,47,vinho importado,b11a9cbd0c,1.7277
44,3,50,0.039302,0.010629,264,236,47,vinho importado,b11a9cbd0c,1.7277
44,4,50,0.039462,0.010336,267,237,45,vinho importado,cdbd893ebf,1.9866
44,5,50,0.039715,0.010478,265,235,45,vinho importado,bb1daf77e9,1.9257
44,6,50,0.040128,0.010867,266,234,47,creme dental infantil,e285ea99f1,1.8657
44,7,50,0.039715,0.010478,265,235,45,vinho importado,bb1daf77e9,1.9257
44,8,50,0.039715,0.010478,265,235,45,vinho importado,bb1daf77e9,1.9257
44,9,50,0.039262,0.010334,264,234,47,vinho importado,7dd6ce0c24,1.7723
44,10,50,0.040035,0.011002,263,235,47,vinho importado,231c05b946,1.8637
44,11,50,0.039888,0.010832,266,235,46,vinho importado,139b8c61fd,1.8296
44,12,50,0.041526,0.010197,262,236,47,vinho importado,9aaccfd971,1.7689
44,13,50,0.039848,0.010452,265,237,48,vinho importado,962e6113d7,1.7474
44,14,50,0.039262,0.010334,264,234,47,vinho importado,7dd6ce0c24,1.7723
44,15,50,0.040620,0.010721,264,236,47,vinho importado,9caaede713,1.9439
44,16,50,0.040474,0.010812,263,237,47,vinho importado,7513897c0e,1.8148
44,17,50,0.038504,0.009477,266,235,46,vinho importado,a8ac63c4be,1.7965
44,18,50,0.040993,0.010771,263,233,46,vinho importado,30b25f7fb5,1.6631
44,19,50,0.040314,0.011064,260,233,46,vinho importado,bd2a10e423,1.7582
44,20,50,0.040474,0.010811,267,233,46,vinho importado,dba38ab3c1,1.6219
44,21,50,0.041299,0.011050,265,236,47,vinho importado,351df59258,1.8429
44,22,50,0.040687,0.010938,266,234,46,empanado congelado,675b43de54,1.7146
44,23,50,0.040887,0.010723,262,235,46,vinho importado,844488e5e0,1.7625
44,24,50,0.039356,0.009859,261,235,47,vinho importado,b61cf7a0d1,1.7712
44,25,50,0.039302,0.010629,264,236,47,vinho importado,b11a9cbd0c,1.7277
44,26,50,0.039555,0.009963,262,233,46,vinho importado,b901054126,1.7495
44,27,50,0.040780,0.011234,263,234,46,outro doce,859a758070,1.5635
44,28,50,0.039675,0.010856,262,233,46,vinho importado,7386275b64,1.8640
44,29,50,0.039302,0.010629,264,236,47,vinho importado,b11a9cbd0c,1.7277
44,30,50,0.039582,0.009672,265,236,47,vinho importado,538949c2b5,1.7287
44,31,50,0.049874,0.010740,267,239,45,vinho importado,b66f4b377b,1.9940
44,32,50,0.039715,0.010478,265,235,45,vinho importado,bb1daf77e9,1.9257
44,33,50,0.039262,0.010334,264,234,47,vinho importado,7dd6ce0c24,1.7723
44,34,50,0.039968,0.010549,265,237,48,vinho importado,90d23c4c38,1.7932
44,35,50,0.041792,0.011108,265,233,46,vinho importado,40efe18be8,1.9311
44,36,50,0.038903,0.010314,265,235,47,vinho importado,1a8d95b330,1.5833
44,37,50,0.041113,0.010840,261,234,46,vinho importado,1322d47d41,1.8359
44,38,50,0.040607,0.011012,261,232,45,vinho importado,039462bdd2,1.6887
44,39,50,0.040208,0.010556,263,235,46,vinho importado,cc69210d87,1.7769
44,40,50,0.040314,0.011064,260,233,46,vinho importado,bd2a10e423,1.7582
44,41,50,0.039302,0.010629,264,236,47,vinho importado,b11a9cbd0c,1.7277
44,42,50,0.039675,0.010379,266,238,46,vinho importado,680c1c538e,1.6852
44,43,50,0.040687,0.011156,265,234,46,vinho importado,8aec92874c,1.7584
44,44,50,0.041073,0.010806,264,236,47,vinho importado,d7b73802a4,1.7900
44,45,50,0.040794,0.010865,265,236,46,vinho importado,5dd887723a,1.7093
44,46,50,0.038890,0.010083,264,235,47,vinho importado,4a7fdbcdd0,1.7845
44,47,50,0.040660,0.010692,261,233,46,vinho importado,8b470163e8,1.6682
44,48,50,0.040620,0.010721,264,236,47,vinho importado,9caaede713,1.9439
44,49,50,0.039542,0.010136,264,235,47,vinho importado,51a60c4518,1.7666
45,0,50,0.038504,0.009477,266,235,46,vinho importado,a8ac63c4be,1.7965
45,1,50,0.038890,0.010083,264,235,47,vinho importado,4a7fdbcdd0,1.7845
45,2,50,0.038903,0.010314,265,235,47,vinho importado,1a8d95b330,1.5833
45,3,50,0.039169,0.010191,264,236,45,vinho importado,8d76f38672,1.7965
45,4,50,0.039262,0.010334,264,234,47,vinho importado,7dd6ce0c24,1.7723
45,5,50,0.039302,0.010629,264,236,47,vinho importado,b11a9cbd0c,1.7277
45,6,50,0.037984,0.010625,261,235,47,vinho importado,9b99a795c4,1.8205
45,7,50,0.046771,0.009884,265,235,45,vinho importado,713669bcfb,1.6404
45,8,50,0.039928,0.009765,265,236,45,vinho importado,11c40161dc,1.7832
45,9,50,0.038756,0.010314,265,236,46,vinho importado,bf3a108d66,1.7848
45,10,50,0.039302,0.010629,264,236,47,vinho importado,b11a9cbd0c,1.7277
45,11,50,0.039302,0.010629,264,236,47,vinho importado,b11a9cbd0c,1.7277
45,12,50,0.040927,0.011004,269,238,47,vinho importado,bf234af3ae,1.8334
45,13,50,0.039302,0.010629,264,236,47,vinho importado,b11a9cbd0c,1.7277
45,14,50,0.039302,0.010629,264,236,47,vinho importado,b11a9cbd0c,1.7277
45,15,50,0.040833,0.010910,266,234,46,vinho importado,a38a1e796c,1.7172
45,16,50,0.038131,0.009121,267,237,46,vinho importado,4dc8e8b21e,1.5794
45,17,50,0.039622,0.009943,265,237,47,vinho importado,903a570836,1.8763
45,18,50,0.038650,0.010246,266,235,46,vinho importado,a4c2a2d4ce,1.6357
45,19,50,0.040194,0.010491,261,232,47,vinho importado,a72e67de64,1.8801
45,20,50,0.039116,0.009768,265,235,46,vinho importado,99d6239a64,1.8111
45,21,50,0.041233,0.011037,266,235,45,vinho importado,ec80cf24a6,1.8066
45,22,50,0.038650,0.010246,266,235,46,vinho importado,a4c2a2d4ce,1.6357
45,23,50,0.039582,0.009672,265,236,47,vinho importado,538949c2b5,1.7287
45,24,50,0.039582,0.009672,265,236,47,vinho importado,538949c2b5,1.7287
45,25,50,0.038504,0.009477,266,235,46,vinho importado,a8ac63c4be,1.7965
45,26,50,0.039262,0.010334,264,234,47,vinho importado,7dd6ce0c24,1.7723
45,27,50,0.039782,0.010363,262,233,47,vinho importado,307c397f96,1.7658
45,28,50,0.039542,0.010770,264,237,48,vinho importado,9cfac03521,1.6483
45,29,50,0.039356,0.009859,261,235,47,vinho importado,b61cf7a0d1,1.7712
45,30,50,0.038903,0.010314,265,235,47,vinho importado,1a8d95b330,1.5833
45,31,50,0.043643,0.010053,265,238,46,vinho importado,27060f3d6a,1.8112
45,32,50,0.039435,0.010404,264,235,45,vinho importado,952f46b212,1.7525
45,33,50,0.039262,0.010334,264,234,47,vinho importado,7dd6ce0c24,1.7723
45,34,50,0.039622,0.010385,263,235,47,vinho importado,9193a32d46,1.7387
45,35,50,0.039555,0.009963,262,233,46,vinho importado,b901054126,1.7495
45,36,50,0.040314,0.011064,260,233,46,vinho importado,bd2a10e423,1.7582
45,37,50,0.039302,0.010629,264,236,47,vinho importado,b11a9cbd0c,1.7277
45,38,50,0.040035,0.011002,263,235,47,vinho importado,231c05b946,1.8637
45,39,50,0.038477,0.010507,264,235,47,vinho importado,ab2aba18a8,1.7962
45,40,50,0.039848,0.009709,262,234,46,vinho importado,7d03c3ea98,1.6791
45,41,50,0.039422,0.010642,262,234,46,vinho importado,174d79d3fc,1.8832
45,42,50,0.039435,0.010404,264,235,45,vinho importado,952f46b212,1.7525
45,43,50,0.039489,0.009533,269,235,47,vinho importado,2ba87df659,1.8347
45,44,50,0.041712,0.011195,268,238,47,vinho importado,a4d919b9f1,1.9437
45,45,50,0.039302,0.010629,264,236,47,vinho importado,b11a9cbd0c,1.7277
45,46,50,0.039555,0.009963,262,233,46,vinho importado,b901054126,1.7495
45,47,50,0.040620,0.010553,261,232,46,vinho importado,9983fa8700,2.0872
45,48,50,0.039555,0.009963,262,233,46,vinho importado,b901054126,1.7495
45,49,50,0.044694,0.010342,263,234,47,vinho importado,954aff1206,1.9650
46,0,50,0.037984,0.010625,261,235,47,vinho importado,9b99a795c4,1.8205
46,1,50,0.038131,0.009121,267,237,46,vinho importado,4dc8e8b21e,1.5794
46,2,50,0.038477,0.010507,264,235,47,vinho importado,ab2aba18a8,1.7962
46,3,50,0.038504,0.009477,266,235,46,vinho importado,a8ac63c4be,1.7965
46,4,50,0.038504,0.009477,266,235,46,vinho importado,a8ac63c4be,1.7965
46,5,50,0.038543,0.010382,264,232,46,vinho importado,51e3765294,2.0200
46,6,50,0.038890,0.010083,264,235,47,vinho importado,4a7fdbcdd0,1.7845
46,7,50,0.043563,0.011137,265,236,48,sal,6c57f6bf77,1.8008
46,8,50,0.039555,0.009963,262,233,46,vinho importado,b901054126,1.7495
46,9,50,0.039582,0.009672,265,236,47,vinho importado,538949c2b5,1.7287
46,10,50,0.047450,0.011135,267,237,46,vinho importado,beed5ab790,1.7802
46,11,50,0.038650,0.010246,266,235,46,vinho importado,a4c2a2d4ce,1.6357
46,12,50,0.039129,0.010393,264,232,46,vinho importado,17ce2d7118,1.7384
46,13,50,0.039302,0.010629,264,236,47,vinho importado,b11a9cbd0c,1.7277
46,14,50,0.037984,0.010625,261,235,47,vinho importado,9b99a795c4,1.8205
46,15,50,0.039356,0.009859,261,235,47,vinho importado,b61cf7a0d1,1.7712
46,16,50,0.039302,0.010629,264,236,47,vinho importado,b11a9cbd0c,1.7277
46,17,50,0.040913,0.010457,264,234,47,vinho importado,a1aad40a22,1.7689
46,18,50,0.039049,0.009519,268,235,47,vinho importado,81df9506f4,1.7781
46,19,50,0.038504,0.009477,266,235,46,vinho importado,a8ac63c4be,1.7965
46,20,50,0.038903,0.010314,265,235,47,vinho importado,1a8d95b330,1.5833
46,21,50,0.038504,0.009477,266,235,46,vinho importado,a8ac63c4be,1.7965
46,22,50,0.038251,0.009841,267,237,46,vinho importado,c78a9192bd,1.7858
46,23,50,0.038504,0.009477,266,235,46,vinho importado,a8ac63c4be,1.7965
46,24,50,0.038251,0.009841,267,237,46,vinho importado,c78a9192bd,1.7858
46,25,50,0.048263,0.011435,264,234,47,vinho importado,250cccccfc,1.7765
46,26,50,0.038650,0.010246,266,235,46,vinho importado,a4c2a2d4ce,1.6357
46,27,50,0.039236,0.010929,264,234,46,vinho importado,4742b3fa60,1.7023
46,28,50,0.039582,0.010653,263,234,47,vinho importado,359028470a,1.7535
46,29,50,0.037944,0.010091,269,235,47,vinho importado,58cab25543,1.6957
46,30,50,0.040274,0.009599,268,236,47,vinho importado,ddb9860de8,1.7022
46,31,50,0.038504,0.009477,266,235,46,vinho importado,a8ac63c4be,1.7965
46,32,50,0.038504,0.009477,266,235,46,vinho importado,a8ac63c4be,1.7965
46,33,50,0.039356,0.009859,261,235,47,vinho importado,b61cf7a0d1,1.7712
46,34,50,0.039302,0.010629,264,236,47,vinho importado,b11a9cbd0c,1.7277
46,35,50,0.038677,0.009511,263,234,46,vinho importado,480d269fc3,1.7436
46,36,50,0.038663,0.009424,266,235,46,vinho importado,b930818755,1.6974
46,37,50,0.038903,0.010314,265,235,47,vinho importado,1a8d95b330,1.5833
46,38,50,0.039262,0.010334,264,234,47,vinho importado,7dd6ce0c24,1.7723
46,39,50,0.039302,0.010629,264,236,47,vinho importado,b11a9cbd0c,1.7277
46,40,50,0.038890,0.010083,264,235,47,vinho importado,4a7fdbcdd0,1.7845
46,41,50,0.038650,0.010246,266,235,46,vinho importado,a4c2a2d4ce,1.6357
46,42,50,0.038930,0.010037,266,236,46,vinho importado,e60f671403,1.9986
46,43,50,0.037838,0.010125,260,234,47,vinho importado,0de1c6a576,1.6554
46,44,50,0.039489,0.010542,262,233,47,vinho importado,efcfe09d25,1.7402
46,45,50,0.039901,0.010281,264,236,47,vinho importado,0b36b96764,1.8355
46,46,50,0.039901,0.010649,269,239,47,vinho importado,8bbc5cd814,1.7716
46,47,50,0.038504,0.009477,266,235,46,vinho importado,a8ac63c4be,1.7965
46,48,50,0.038743,0.010289,263,232,46,vinho importado,2d866fa1b9,1.7330
46,49,50,0.037984,0.010625,261,235,47,vinho importado,9b99a795c4,1.8205
47,0,50,0.037838,0.010125,260,234,47,vinho importado,0de1c6a576,1.6554
47,1,50,0.037944,0.010091,269,235,47,vinho importado,58cab25543,1.6957
47,2,50,0.037984,0.010625,261,235,47,vinho importado,9b99a795c4,1.8205
47,3,50,0.037984,0.010625,261,235,47,vinho importado,9b99a795c4,1.8205
47,4,50,0.037984,0.010625,261,235,47,vinho importado,9b99a795c4,1.8205
47,5,50,0.039462,0.010935,259,233,47,vinho importado,7494521c85,1.8650
47,6,50,0.038530,0.010726,259,233,47,vinho importado,07e3640872,1.6444
47,7,50,0.039129,0.010393,264,232,46,vinho importado,17ce2d7118,1.7384
47,8,50,0.038890,0.010083,264,235,47,vinho importado,4a7fdbcdd0,1.7845
47,9,50,0.038930,0.010037,266,236,46,vinho importado,e60f671403,1.9986
47,10,50,0.037984,0.010625,261,235,47,vinho importado,9b99a795c4,1.8205
47,11,50,0.036972,0.009611,272,238,46,vinho importado,ea98c64593,1.7802
47,12,50,0.039262,0.010334,264,234,47,vinho importado,7dd6ce0c24,1.7723
47,13,50,0.039356,0.010617,265,234,46,vinho importado,ea6765aab8,1.7985
47,14,50,0.037185,0.009239,271,236,46,vinho importado,cc87e2764b,1.6429
47,15,50,0.039595,0.010378,265,233,46,vinho importado,7b9dc7534a,1.7277
47,16,50,0.037185,0.009239,271,236,46,vinho importado,cc87e2764b,1.6429
47,17,50,0.037891,0.009284,269,237,45,vinho importado,b1db31eb83,1.7954
47,18,50,0.038890,0.010083,264,235,47,vinho importado,4a7fdbcdd0,1.7845
47,19,50,0.038504,0.009477,266,235,46,vinho importado,a8ac63c4be,1.7965
47,20,50,0.038131,0.009121,267,237,46,vinho importado,4dc8e8b21e,1.5794
47,21,50,0.038504,0.009477,266,235,46,vinho importado,a8ac63c4be,1.7965
47,22,50,0.038131,0.009121,267,237,46,vinho importado,4dc8e8b21e,1.5794
47,23,50,0.037838,0.010125,260,234,47,vinho importado,0de1c6a576,1.6554
47,24,50,0.037984,0.010625,261,235,47,vinho importado,9b99a795c4,1.8205
47,25,50,0.036972,0.009611,272,238,46,vinho importado,ea98c64593,1.7802
47,26,50,0.039262,0.010334,264,234,47,vinho importado,7dd6ce0c24,1.7723
47,27,50,0.038504,0.009477,266,235,46,vinho importado,a8ac63c4be,1.7965
47,28,50,0.037984,0.010625,261,235,47,vinho importado,9b99a795c4,1.8205
47,29,50,0.037838,0.010125,260,234,47,vinho importado,0de1c6a576,1.6554
47,30,50,0.037984,0.010625,261,235,47,vinho importado,9b99a795c4,1.8205
47,31,50,0.038743,0.010289,263,232,46,vinho importado,2d866fa1b9,1.7330
47,32,50,0.042684,0.011013,262,235,47,vinho importado,9df638c747,1.7431
47,33,50,0.038251,0.009841,267,237,46,vinho importado,c78a9192bd,1.7858
47,34,50,0.037984,0.010625,261,235,47,vinho importado,9b99a795c4,1.8205
47,35,50,0.037359,0.009620,267,237,46,vinho importado,2c29851e7e,1.6827
47,36,50,0.038504,0.009477,266,235,46,vinho importado,a8ac63c4be,1.7965
47,37,50,0.038663,0.009424,266,235,46,vinho importado,b930818755,1.6974
47,38,50,0.038650,0.010246,266,235,46,vinho importado,a4c2a2d4ce,1.6357
47,39,50,0.038677,0.009511,263,234,46,vinho importado,480d269fc3,1.7436
47,40,50,0.038677,0.009511,263,234,46,vinho importado,480d269fc3,1.7436
47,41,50,0.038504,0.009477,266,235,46,vinho importado,a8ac63c4be,1.7965
47,42,50,0.038504,0.009477,266,235,46,vinho importado,a8ac63c4be,1.7965
47,43,50,0.038903,0.010314,265,235,47,vinho importado,1a8d95b330,1.5833
47,44,50,0.039302,0.010257,263,233,47,vinho importado,299cc9e193,1.8648
47,45,50,0.038504,0.009477,266,235,46,vinho importado,a8ac63c4be,1.7965
47,46,50,0.038504,0.009477,266,235,46,vinho importado,a8ac63c4be,1.7965
47,47,50,0.038504,0.009477,266,235,46,vinho importado,a8ac63c4be,1.7965
47,48,50,0.038131,0.009121,267,237,46,vinho importado,4dc8e8b21e,1.5794
47,49,50,0.038477,0.010507,264,235,47,vinho importado,ab2aba18a8,1.7962
48,0,50,0.036972,0.009611,272,238,46,vinho importado,ea98c64593,1.7802
48,1,50,0.036972,0.009611,272,238,46,vinho importado,ea98c64593,1.7802
48,2,50,0.037185,0.009239,271,236,46,vinho importado,cc87e2764b,1.6429
48,3,50,0.037185,0.009239,271,236,46,vinho importado,cc87e2764b,1.6429
48,4,50,0.037359,0.009620,267,237,46,vinho importado,2c29851e7e,1.6827
48,5,50,0.035721,0.008874,274,238,45,vinho importado,9e57c239c6,2.0256
48,6,50,0.038890,0.010083,264,235,47,vinho importado,4a7fdbcdd0,1.7845
48,7,50,0.036680,0.010413,266,236,47,vinho importado,25285c642e,1.9999
48,8,50,0.037705,0.009692,270,236,46,vinho importado,ac9cf06957,1.6621
48,9,50,0.054893,0.009984,262,237,46,vinho importado,2f321a06cf,1.7908
48,10,50,0.038983,0.009995,270,235,46,vinho importado,9929b1b3f5,1.7793
48,11,50,0.041206,0.009905,264,235,46,vinho importado,0a66e74f05,1.6159
48,12,50,0.038597,0.009983,259,236,47,vinho importado,6b852ef0a7,1.9016
48,13,50,0.041819,0.010929,264,240,48,vinho importado,905a29aeca,1.8923
48,14,50,0.038504,0.009477,266,235,46,vinho importado,a8ac63c4be,1.7965
48,15,50,0.037984,0.010625,261,235,47,vinho importado,9b99a795c4,1.8205
48,16,50,0.037359,0.009620,267,237,46,vinho importado,2c29851e7e,1.6827
48,17,50,0.037984,0.010625,261,235,47,vinho importado,9b99a795c4,1.8205
48,18,50,0.037984,0.010625,261,235,47,vinho importado,9b99a795c4,1.8205
48,19,50,0.038091,0.009926,272,240,47,vinho importado,9ce34ec4a3,1.7170
48,20,50,0.038717,0.010293,263,233,47,vinho importado,f1e0184206,1.7446
48,21,50,0.037572,0.009886,260,235,47,vinho importado,930d1f4e52,1.8207
48,22,50,0.039262,0.010334,264,234,47,vinho importado,7dd6ce0c24,1.7723
48,23,50,0.037984,0.010625,261,235,47,vinho importado,9b99a795c4,1.8205
48,24,50,0.038956,0.009343,264,232,45,vinho importado,5c888faaad,2.1186
48,25,50,0.037572,0.009812,269,236,47,vinho importado,9247458ba9,2.4648
48,26,50,0.037438,0.009489,271,235,46,vinho importado,39510d1227,1.6294
48,27,50,0.036027,0.009551,273,236,45,vinho importado,e39b4023d1,1.7479
48,28,50,0.038251,0.009197,269,237,47,vinho importado,6f1d9008a7,1.6450
48,29,50,0.037891,0.009284,269,237,45,vinho importado,b1db31eb83,1.7954
48,30,50,0.037984,0.010625,261,235,47,vinho importado,9b99a795c4,1.8205
48,31,50,0.036932,0.009922,269,238,47,vinho importado,9a152cb204,1.8570
48,32,50,0.039302,0.010629,264,236,47,vinho importado,b11a9cbd0c,1.7277
48,33,50,0.037771,0.010633,262,234,46,vinho importado,fb7bd3f993,1.6804
48,34,50,0.037918,0.008381,266,234,45,vinho importado,69547d7395,1.6425
48,35,50,0.036680,0.010413,266,236,47,vinho importado,25285c642e,1.9999
48,36,50,0.042285,0.010632,266,235,47,vinho importado,1ce3660c30,1.8129
48,37,50,0.037984,0.010625,261,235,47,vinho importado,9b99a795c4,1.8205
48,38,50,0.038530,0.010726,259,233,47,vinho importado,07e3640872,1.6444
48,39,50,0.037185,0.009239,271,236,46,vinho importado,cc87e2764b,1.6429
48,40,50,0.037359,0.009620,267,237,46,vinho importado,2c29851e7e,1.6827
48,41,50,0.038344,0.010859,260,236,47,vinho importado,5831631cd4,1.7015
48,42,50,0.042791,0.009945,268,238,45,vinho importado,dadf7c38f5,1.7511
48,43,50,0.037838,0.010125,260,234,47,vinho importado,0de1c6a576,1.6554
48,44,50,0.036972,0.009611,272,238,46,vinho importado,ea98c64593,1.7802
48,45,50,0.035721,0.008874,274,238,45,vinho importado,9e57c239c6,2.0256
48,46,50,0.038890,0.010083,264,235,47,vinho importado,4a7fdbcdd0,1.7845
48,47,50,0.037478,0.009726,267,236,46,vinho importado,fed95ea164,1.7831
48,48,50,0.037984,0.010395,269,237,47,vinho importado,8621891c62,1.8430
48,49,50,0.037345,0.010222,265,236,46,vinho importado,5c30cd0421,1.6395
49,0,50,0.035721,0.008874,274,238,45,vinho importado,9e57c239c6,2.0256
49,1,50,0.035721,0.008874,274,238,45,vinho importado,9e57c239c6,2.0256
49,2,50,0.036027,0.009551,273,236,45,vinho importado,e39b4023d1,1.7479
49,3,50,0.036680,0.010413,266,236,47,vinho importado,25285c642e,1.9999
49,4,50,0.036680,0.010413,266,236,47,vinho importado,25285c642e,1.9999
49,5,50,0.037305,0.009755,268,235,45,vinho importado,c04dbef299,1.8401
49,6,50,0.036893,0.009075,272,238,44,vinho importado,81fb98cc26,1.8138
49,7,50,0.037984,0.010395,269,237,47,vinho importado,8621891c62,1.8430
49,8,50,0.037345,0.010222,265,236,46,vinho importado,5c30cd0421,1.6395
49,9,50,0.037185,0.009239,271,236,46,vinho importado,cc87e2764b,1.6429
49,10,50,0.037359,0.009620,267,237,46,vinho importado,2c29851e7e,1.6827
49,11,50,0.036027,0.009551,273,236,45,vinho importado,e39b4023d1,1.7479
49,12,50,0.036972,0.009611,272,238,46,vinho importado,ea98c64593,1.7802
49,13,50,0.036120,0.010230,267,235,46,vinho importado,c81f915f06,1.7631
49,14,50,0.037039,0.009471,271,237,46,vinho importado,5effd358a9,1.5723
49,15,50,0.047144,0.010007,271,236,45,vinho importado,034f78c534,1.8883
49,16,50,0.036080,0.009416,272,238,46,vinho importado,726c0d4e35,1.7148
49,17,50,0.037731,0.010645,266,238,48,vinho importado,b2d3a33178,1.6175
49,18,50,0.039582,0.009672,265,236,47,vinho importado,538949c2b5,1.7287
49,19,50,0.037359,0.009620,267,237,46,vinho importado,2c29851e7e,1.6827
49,20,50,0.036813,0.009070,272,238,45,vinho importado,73d5e7683f,1.8058
49,21,50,0.035721,0.008874,274,238,45,vinho importado,9e57c239c6,2.0256
49,22,50,0.036746,0.010512,266,235,46,vinho importado,157c295bc5,2.4672
49,23,50,0.036972,0.010711,267,234,46,vinho importado,12245def76,2.7076
49,24,50,0.044295,0.010610,263,233,47,vinho importado,049b4e959b,1.9705
49,25,50,0.037572,0.009886,260,235,47,vinho importado,930d1f4e52,1.8207
49,26,50,0.037345,0.010222,265,236,46,vinho importado,5c30cd0421,1.6395
49,27,50,0.037185,0.009239,271,236,46,vinho importado,cc87e2764b,1.6429
49,28,50,0.037185,0.009239,271,236,46,vinho importado,cc87e2764b,1.6429
49,29,50,0.038530,0.009908,268,238,47,vinho importado,794ea1c30e,2.3654
49,30,50,0.037984,0.010625,261,235,47,vinho importado,9b99a795c4,1.8205
49,31,50,0.037185,0.009239,271,236,46,vinho importado,cc87e2764b,1.6429
49,32,50,0.037185,0.009239,271,236,46,vinho importado,cc87e2764b,1.6429
49,33,50,0.036680,0.010413,266,236,47,vinho importado,25285c642e,1.9999
49,34,50,0.037838,0.010125,260,234,47,vinho importado,0de1c6a576,1.6554
49,35,50,0.035721,0.008874,274,238,45,vinho importado,9e57c239c6,2.0256
49,36,50,0.036440,0.009785,271,236,46,vinho importado,4aa6a743e1,3.4429
49,37,50,0.037984,0.010395,269,237,47,vinho importado,8621891c62,1.8430
49,38,50,0.035654,0.009644,269,237,46,vinho importado,0c4ac90a12,3.2935
49,39,50,0.036680,0.010413,266,236,47,vinho importado,25285c642e,1.9999
49,40,50,0.036972,0.009611,272,238,46,vinho importado,ea98c64593,1.7802
49,41,50,0.038157,0.010107,266,234,45,vinho importado,bf51b8f9b2,1.9215
49,42,50,0.036972,0.009611,272,238,46,vinho importado,ea98c64593,1.7802
49,43,50,0.038597,0.009983,259,236,47,vinho importado,6b852ef0a7,1.9016
49,44,50,0.039036,0.010013,272,238,46,vinho importado,ebabb1e4e4,2.5665
49,45,50,0.037359,0.009620,267,237,46,vinho importado,2c29851e7e,1.6827
49,46,50,0.038890,0.010083,264,235,47,vinho importado,4a7fdbcdd0,1.7845
49,47,50,0.038397,0.008692,265,232,45,vinho importado,0d618cbacc,2.2244
49,48,50,0.044402,0.010504,261,237,47,vinho importado,76bd099eb9,2.2037
49,49,50,0.036520,0.009910,265,235,47,vinho importado,eaba33f2ae,2.3053
50,0,50,0.035654,0.009644,269,237,46,vinho importado,0c4ac90a12,3.2935
50,1,50,0.035721,0.008874,274,238,45,vinho importado,9e57c239c6,2.0256
50,2,50,0.035721,0.008874,274,238,45,vinho importado,9e57c239c6,2.0256
50,3,50,0.035721,0.008874,274,238,45,vinho importado,9e57c239c6,2.0256
50,4,50,0.035721,0.008874,274,238,45,vinho importado,9e57c239c6,2.0256
50,5,50,0.037119,0.009899,274,237,45,vinho importado,f2d596a363,2.8445
50,6,50,0.035721,0.008874,274,238,45,vinho importado,9e57c239c6,2.0256
50,7,50,0.036027,0.009551,273,236,45,vinho importado,e39b4023d1,1.7479
50,8,50,0.036440,0.009785,271,236,46,vinho importado,4aa6a743e1,3.4429
50,9,50,0.036347,0.009455,271,236,46,vinho importado,5cd80591c3,2.7754
50,10,50,0.037039,0.009670,266,237,46,vinho importado,e4ee084e7a,1.8763
50,11,50,0.037292,0.009343,270,239,45,vinho importado,f285f447ba,1.7135
50,12,50,0.036746,0.010412,262,236,47,vinho importado,c057eb0413,1.8254
50,13,50,0.036680,0.010413,266,236,47,vinho importado,25285c642e,1.9999
50,14,50,0.036120,0.010230,267,235,46,vinho importado,c81f915f06,1.7631
50,15,50,0.036680,0.010413,266,236,47,vinho importado,25285c642e,1.9999
50,16,50,0.037039,0.010525,263,234,47,vinho importado,73bc182bdb,1.6808
50,17,50,0.036001,0.009795,265,234,46,vinho importado,722e9bf396,1.8868
50,18,50,0.035654,0.009644,269,237,46,vinho importado,0c4ac90a12,3.2935
50,19,50,0.035721,0.008874,274,238,45,vinho importado,9e57c239c6,2.0256
50,20,50,0.035721,0.008874,274,238,45,vinho importado,9e57c239c6,2.0256
50,21,50,0.039422,0.009731,267,235,45,vinho importado,8babde18a5,1.8453
50,22,50,0.038264,0.010351,268,236,46,vinho importado,6b86c0487c,1.6152
50,23,50,0.036999,0.009902,268,236,46,vinho importado,0958c4ef2d,1.7609
50,24,50,0.040261,0.009822,272,238,46,vinho importado,bd20d9e088,1.8282
50,25,50,0.035708,0.009766,269,235,45,vinho importado,e90aef6bf6,1.7485
50,26,50,0.035974,0.008877,273,236,45,vinho importado,75e99853c7,1.6521
50,27,50,0.047197,0.010075,272,238,47,vinho importado,7a00ba3ef3,1.8306
50,28,50,0.036719,0.009455,272,238,46,vinho importado,29427a41e7,1.6457
50,29,50,0.035974,0.008877,273,236,45,vinho importado,75e99853c7,1.6521
50,30,50,0.037185,0.009239,271,236,46,vinho importado,cc87e2764b,1.6429
50,31,50,0.035721,0.008874,274,238,45,vinho importado,9e57c239c6,2.0256
50,32,50,0.035721,0.008874,274,238,45,vinho importado,9e57c239c6,2.0256
50,33,50,0.036853,0.008712,275,243,46,vinho importado,be3ac62d46,1.8661
50,34,50,0.043709,0.009617,276,240,45,vinho importado,7208f1da7a,1.8641
50,35,50,0.035721,0.008874,274,238,45,vinho importado,9e57c239c6,2.0256
50,36,50,0.035322,0.010383,272,233,46,empanado congelado,080b5a6a4e,1.9579
50,37,50,0.035654,0.009644,269,237,46,vinho importado,0c4ac90a12,3.2935
50,38,50,0.036972,0.010711,267,234,46,vinho importado,12245def76,2.7076
50,39,50,0.035814,0.009640,270,236,45,vinho importado,02fc186554,1.8183
50,40,50,0.036440,0.009785,271,236,46,vinho importado,4aa6a743e1,3.4429
50,41,50,0.035947,0.009497,269,238,46,vinho importado,619543c98c,1.7060
50,42,50,0.036680,0.010413,266,236,47,vinho importado,25285c642e,1.9999
50,43,50,0.037425,0.010058,273,240,46,vinho importado,0efb35ef26,1.8434
50,44,50,0.036027,0.009551,273,236,45,vinho importado,e39b4023d1,1.7479
50,45,50,0.036320,0.009400,273,237,45,vinho importado,24c444b725,1.7638
50,46,50,0.036467,0.010578,267,234,46,vinho importado,b866ca5e19,1.7084
50,47,50,0.036693,0.009803,272,236,45,vinho importado,dcab3c9a35,1.7720
50,48,50,0.037012,0.009105,270,233,45,vinho importado,8f1bd99a8a,1.5948
50,49,50,0.036680,0.010413,266,236,47,vinho importado,25285c642e,1.9999
51,0,50,0.035322,0.010383,272,233,46,empanado congelado,080b5a6a4e,1.9579
51,1,50,0.035654,0.009644,269,237,46,vinho importado,0c4ac90a12,3.2935
51,2,50,0.035654,0.009644,269,237,46,vinho importado,0c4ac90a12,3.2935
51,3,50,0.035654,0.009644,269,237,46,vinho importado,0c4ac90a12,3.2935
51,4,50,0.035708,0.009766,269,235,45,vinho importado,e90aef6bf6,1.7485
51,5,50,0.035654,0.009644,269,237,46,vinho importado,0c4ac90a12,3.2935
51,6,50,0.035708,0.009766,269,235,45,vinho importado,e90aef6bf6,1.7485
51,7,50,0.035721,0.008874,274,238,45,vinho importado,9e57c239c6,2.0256
51,8,50,0.036320,0.009400,273,237,45,vinho importado,24c444b725,1.7638
51,9,50,0.036653,0.010372,268,238,47,vinho importado,f06aba3f7f,1.7655
51,10,50,0.035867,0.009961,271,237,45,vinho importado,aebc2a2e4a,1.7947
51,11,50,0.035654,0.009644,269,237,46,vinho importado,0c4ac90a12,3.2935
51,12,50,0.035947,0.009497,269,238,46,vinho importado,619543c98c,1.7060
51,13,50,0.035122,0.009061,271,237,45,vinho importado,30dcaed55c,1.8132
51,14,50,0.036080,0.009416,272,238,46,vinho importado,726c0d4e35,1.7148
51,15,50,0.036640,0.009851,272,237,46,vinho importado,802abe53d6,1.7133
51,16,50,0.036613,0.009060,274,238,45,vinho importado,012e550d33,1.7315
51,17,50,0.048649,0.010860,264,231,46,vinho importado,2bb13ecb56,1.7002
51,18,50,0.036480,0.008786,270,236,46,vinho importado,5ab196b17a,1.7736
51,19,50,0.035721,0.008874,274,238,45,vinho importado,9e57c239c6,2.0256
51,20,50,0.035721,0.008874,274,238,45,vinho importado,9e57c239c6,2.0256
51,21,50,0.036440,0.009785,271,236,46,vinho importado,4aa6a743e1,3.4429
51,22,50,0.035721,0.008874,274,238,45,vinho importado,9e57c239c6,2.0256
51,23,50,0.036440,0.009785,271,236,46,vinho importado,4aa6a743e1,3.4429
51,24,50,0.035322,0.010383,272,233,46,empanado congelado,080b5a6a4e,1.9579
51,25,50,0.036440,0.009785,271,236,46,vinho importado,4aa6a743e1,3.4429
51,26,50,0.035721,0.008874,274,238,45,vinho importado,9e57c239c6,2.0256
51,27,50,0.035974,0.008877,273,236,45,vinho importado,75e99853c7,1.6521
51,28,50,0.035228,0.010350,270,232,46,empanado congelado,df624a033d,1.8818
51,29,50,0.035987,0.009519,273,238,45,vinho importado,3176c88e53,1.7175
51,30,50,0.037944,0.010091,269,235,47,vinho importado,58cab25543,1.6957
51,31,50,0.035721,0.008874,274,238,45,vinho importado,9e57c239c6,2.0256
51,32,50,0.036347,0.009455,271,236,46,vinho importado,5cd80591c3,2.7754
51,33,50,0.035721,0.008874,274,238,45,vinho importado,9e57c239c6,2.0256
51,34,50,0.036120,0.010230,267,235,46,vinho importado,c81f915f06,1.7631
51,35,50,0.035654,0.009644,269,237,46,vinho importado,0c4ac90a12,3.2935
51,36,50,0.038916,0.011248,266,234,46,vinho importado,36e57889ad,1.7287
51,37,50,0.036174,0.009545,272,237,45,vinho importado,edf399c11b,1.8657
51,38,50,0.035721,0.008874,274,238,45,vinho importado,9e57c239c6,2.0256
51,39,50,0.035654,0.009644,269,237,46,vinho importado,0c4ac90a12,3.2935
51,40,50,0.036027,0.009551,273,236,45,vinho importado,e39b4023d1,1.7479
51,41,50,0.035721,0.008874,274,238,45,vinho importado,9e57c239c6,2.0256
51,42,50,0.035734,0.009500,270,237,45,vinho importado,25f5efe58a,1.7135
51,43,50,0.036680,0.010413,266,236,47,vinho importado,25285c642e,1.9999
51,44,50,0.036001,0.010141,262,233,46,vinho importado,7e022b3744,1.7552
51,45,50,0.051005,0.010712,271,234,46,vinho importado,3d50f69120,1.6353
51,46,50,0.035721,0.008874,274,238,45,vinho importado,9e57c239c6,2.0256
51,47,50,0.035708,0.009766,269,235,45,vinho importado,e90aef6bf6,1.7485
51,48,50,0.035228,0.009355,264,233,45,vinho importado,5b53d74ce3,1.8187
51,49,50,0.036320,0.009400,273,237,45,vinho importado,24c444b725,1.7638
52,0,50,0.035122,0.009061,271,237,45,vinho importado,30dcaed55c,1.8132
52,1,50,0.035228,0.010350,270,232,46,empanado congelado,df624a033d,1.8818
52,2,50,0.035228,0.009355,264,233,45,vinho importado,5b53d74ce3,1.8187
52,3,50,0.035322,0.010383,272,233,46,empanado congelado,080b5a6a4e,1.9579
52,4,50,0.035322,0.010383,272,233,46,empanado congelado,080b5a6a4e,1.9579
52,5,50,0.035322,0.010383,272,233,46,empanado congelado,080b5a6a4e,1.9579
52,6,50,0.035654,0.009644,269,237,46,vinho importado,0c4ac90a12,3.2935
52,7,50,0.035947,0.009534,271,236,47,sal,a0d6b73635,1.8350
52,8,50,0.035681,0.010688,267,234,46,vinho importado,f4bf343afe,1.7516
52,9,50,0.036307,0.009566,272,236,45,vinho importado,f6f096fab3,1.5725
52,10,50,0.036533,0.009314,269,237,45,vinho importado,aca2439b21,1.9137
52,11,50,0.035122,0.009061,271,237,45,vinho importado,30dcaed55c,1.8132
52,12,50,0.035322,0.010383,272,233,46,empanado congelado,080b5a6a4e,1.9579
52,13,50,0.036160,0.008843,272,236,45,vinho importado,aa69ee5efa,1.8118
52,14,50,0.035708,0.009952,270,237,45,vinho importado,23de704093,1.5827
52,15,50,0.035721,0.008874,274,238,45,vinho importado,9e57c239c6,2.0256
52,16,50,0.035122,0.009061,271,237,45,vinho importado,30dcaed55c,1.8132
52,17,50,0.035162,0.009741,269,236,45,vinho importado,056405df43,1.8667
52,18,50,0.035561,0.010503,272,234,47,empanado congelado,235f607871,1.5907
52,19,50,0.038117,0.009533,273,236,45,vinho importado,79541260b7,1.8394
52,20,50,0.036440,0.009785,271,236,46,vinho importado,4aa6a743e1,3.4429
52,21,50,0.035721,0.008874,274,238,45,vinho importado,9e57c239c6,2.0256
52,22,50,0.035654,0.009644,269,237,46,vinho importado,0c4ac90a12,3.2935
52,23,50,0.035228,0.010350,270,232,46,empanado congelado,df624a033d,1.8818
52,24,50,0.035122,0.009061,271,237,45,vinho importado,30dcaed55c,1.8132
52,25,50,0.047983,0.009836,274,237,45,vinho importado,f444baf1ef,1.8175
52,26,50,0.035694,0.009701,273,236,46,empanado congelado,8b6772a124,1.8981
52,27,50,0.035228,0.009355,264,233,45,vinho importado,5b53d74ce3,1.8187
52,28,50,0.035721,0.008874,274,238,45,vinho importado,9e57c239c6,2.0256
52,29,50,0.035708,0.009766,269,235,45,vinho importado,e90aef6bf6,1.7485
52,30,50,0.035654,0.009644,269,237,46,vinho importado,0c4ac90a12,3.2935
52,31,50,0.035867,0.009961,271,237,45,vinho importado,aebc2a2e4a,1.7947
52,32,50,0.035734,0.009500,270,237,45,vinho importado,25f5efe58a,1.7135
52,33,50,0.035322,0.010383,272,233,46,empanado congelado,080b5a6a4e,1.9579
52,34,50,0.035122,0.009061,271,237,45,vinho importado,30dcaed55c,1.8132
52,35,50,0.035654,0.009644,269,237,46,vinho importado,0c4ac90a12,3.2935
52,36,50,0.035654,0.009644,269,237,46,vinho importado,0c4ac90a12,3.2935
52,37,50,0.034762,0.009812,269,235,45,vinho importado,8975457884,1.9485
52,38,50,0.035654,0.009644,269,237,46,vinho importado,0c4ac90a12,3.2935
52,39,50,0.036080,0.009416,272,238,46,vinho importado,726c0d4e35,1.7148
52,40,50,0.034682,0.010691,269,232,46,empanado congelado,b0d0dd7e79,1.7045
52,41,50,0.037319,0.010547,270,237,46,vinho importado,e41f748631,1.7615
52,42,50,0.036027,0.009551,273,236,45,vinho importado,e39b4023d1,1.7479
52,43,50,0.035388,0.009701,270,237,45,vinho importado,9817021e88,1.5955
52,44,50,0.035867,0.009961,271,237,45,vinho importado,aebc2a2e4a,1.7947
52,45,50,0.036373,0.010789,270,231,46,empanado congelado,34bd8bc460,1.8573
52,46,50,0.036120,0.008504,268,235,45,vinho importado,5b2f7ba1ac,1.6320
52,47,50,0.034909,0.009301,276,242,45,vinho importado,2e39eff26b,1.9025
52,48,50,0.035654,0.009644,269,237,46,vinho importado,0c4ac90a12,3.2935
52,49,50,0.035202,0.009131,272,239,46,vinho importado,e99e4aceb6,1.7169
53,0,50,0.034682,0.010691,269,232,46,empanado congelado,b0d0dd7e79,1.7045
53,1,50,0.034762,0.009812,269,235,45,vinho importado,8975457884,1.9485
53,2,50,0.034909,0.009301,276,242,45,vinho importado,2e39eff26b,1.9025
53,3,50,0.035122,0.009061,271,237,45,vinho importado,30dcaed55c,1.8132
53,4,50,0.035122,0.009061,271,237,45,vinho importado,30dcaed55c,1.8132
53,5,50,0.035681,0.010688,267,234,46,vinho importado,f4bf343afe,1.7516
53,6,50,0.035122,0.009061,271,237,45,vinho importado,30dcaed55c,1.8132
53,7,50,0.034909,0.009301,276,242,45,vinho importado,2e39eff26b,1.9025
53,8,50,0.035721,0.008874,274,238,45,vinho importado,9e57c239c6,2.0256
53,9,50,0.034682,0.010691,269,232,46,empanado congelado,b0d0dd7e79,1.7045
53,10,50,0.035122,0.009061,271,237,45,vinho importado,30dcaed55c,1.8132
53,11,50,0.035561,0.009902,265,233,45,vinho importado,4011adb617,1.8340
53,12,50,0.044308,0.009885,264,234,46,vinho importado,5be652d771,1.7959
53,13,50,0.035122,0.009061,271,237,45,vinho importado,30dcaed55c,1.8132
53,14,50,0.035122,0.009061,271,237,45,vinho importado,30dcaed55c,1.8132
53,15,50,0.035095,0.009883,270,235,46,empanado congelado,d604e4f872,1.8155
53,16,50,0.036174,0.010448,272,233,45,vinho importado,b5e215b97b,1.7246
53,17,50,0.035481,0.009915,274,242,46,vinho importado,ba61322c76,2.2052
53,18,50,0.034922,0.009838,269,234,45,vinho importado,117ef6e634,1.7957
53,19,50,0.034935,0.009771,270,236,45,vinho importado,ebe56e7c20,1.7907
53,20,50,0.035455,0.010283,271,233,46,empanado congelado,8470993961,1.6769
53,21,50,0.035854,0.009957,268,235,46,vinho importado,98a75fc7ad,2.1805
53,22,50,0.034696,0.009867,270,234,45,vinho importado,39d44e5577,1.8111
53,23,50,0.036533,0.010252,268,234,45,vinho importado,b0a7590767,1.7160
53,24,50,0.035654,0.009644,269,237,46,vinho importado,0c4ac90a12,3.2935
53,25,50,0.034909,0.009301,276,242,45,vinho importado,2e39eff26b,1.9025
53,26,50,0.035122,0.009061,271,237,45,vinho importado,30dcaed55c,1.8132
53,27,50,0.035708,0.009766,269,235,45,vinho importado,e90aef6bf6,1.7485
53,28,50,0.035122,0.009061,271,237,45,vinho importado,30dcaed55c,1.8132
53,29,50,0.035721,0.008874,274,238,45,vinho importado,9e57c239c6,2.0256
53,30,50,0.034682,0.010691,269,232,46,empanado congelado,b0d0dd7e79,1.7045
53,31,50,0.035654,0.009644,269,237,46,vinho importado,0c4ac90a12,3.2935
53,32,50,0.035681,0.010688,267,234,46,vinho importado,f4bf343afe,1.7516
53,33,50,0.035082,0.009108,271,238,46,vinho importado,1c73d8826c,1.7650
53,34,50,0.036373,0.010789,270,231,46,empanado congelado,34bd8bc460,1.8573
53,35,50,0.037372,0.009492,274,237,46,vinho importado,df4e82c31e,1.6782
53,36,50,0.035788,0.010487,267,231,46,empanado congelado,2671752112,1.7766
53,37,50,0.035854,0.009957,268,235,46,vinho importado,98a75fc7ad,2.1805
53,38,50,0.035122,0.009061,271,237,45,vinho importado,30dcaed55c,1.8132
53,39,50,0.035947,0.009534,271,236,47,sal,a0d6b73635,1.8350
53,40,50,0.034736,0.010547,268,233,45,vinho importado,8791686964,1.7517
53,41,50,0.035654,0.009644,269,237,46,vinho importado,0c4ac90a12,3.2935
53,42,50,0.035721,0.008874,274,238,45,vinho importado,9e57c239c6,2.0256
53,43,50,0.034736,0.010547,268,233,45,vinho importado,8791686964,1.7517
53,44,50,0.035681,0.010688,267,234,46,vinho importado,f4bf343afe,1.7516
53,45,50,0.035122,0.009061,271,237,45,vinho importado,30dcaed55c,1.8132
53,46,50,0.035122,0.009061,271,237,45,vinho importado,30dcaed55c,1.8132
53,47,50,0.035122,0.009061,271,237,45,vinho importado,30dcaed55c,1.8132
53,48,50,0.034909,0.009301,276,242,45,vinho importado,2e39eff26b,1.9025
53,49,50,0.038783,0.011123,271,235,46,empanado congelado,c1aab0ed08,1.7221
54,0,50,0.034682,0.010691,269,232,46,empanado congelado,b0d0dd7e79,1.7045
54,1,50,0.034682,0.010691,269,232,46,empanado congelado,b0d0dd7e79,1.7045
54,2,50,0.034682,0.010691,269,232,46,empanado congelado,b0d0dd7e79,1.7045
54,3,50,0.034696,0.009867,270,234,45,vinho importado,39d44e5577,1.8111
54,4,50,0.034736,0.010547,268,233,45,vinho importado,8791686964,1.7517
54,5,50,0.035162,0.009704,271,237,45,vinho importado,8f0b473ae8,1.8382
54,6,50,0.035415,0.009638,271,233,46,empanado congelado,f11f442b45,1.6575
54,7,50,0.034935,0.009771,270,236,45,vinho importado,ebe56e7c20,1.7907
54,8,50,0.035854,0.009957,268,235,46,vinho importado,98a75fc7ad,2.1805
54,9,50,0.035122,0.009061,271,237,45,vinho importado,30dcaed55c,1.8132
54,10,50,0.035122,0.009061,271,237,45,vinho importado,30dcaed55c,1.8132
54,11,50,0.034549,0.010424,266,232,45,vinho importado,45e516f523,1.8058
54,12,50,0.034922,0.009838,269,234,45,vinho importado,117ef6e634,1.7957
54,13,50,0.034935,0.009771,270,236,45,vinho importado,ebe56e7c20,1.7907
54,14,50,0.034270,0.011433,267,230,46,empanado congelado,0c7a1a5bc6,1.8072
54,15,50,0.034922,0.009838,269,234,45,vinho importado,117ef6e634,1.7957
54,16,50,0.035122,0.009061,271,237,45,vinho importado,30dcaed55c,1.8132
54,17,50,0.034509,0.010664,269,233,46,empanado congelado,9ab7ecb82c,1.7776
54,18,50,0.035162,0.009741,269,236,45,vinho importado,056405df43,1.8667
54,19,50,0.060937,0.010407,278,244,45,vinho importado,197d42bf1c,1.7476
54,20,50,0.034935,0.009771,270,236,45,vinho importado,ebe56e7c20,1.7907
54,21,50,0.035468,0.010353,268,236,46,vinho importado,f285efd679,1.8490
54,22,50,0.034696,0.009867,270,234,45,vinho importado,39d44e5577,1.8111
54,23,50,0.035122,0.009061,271,237,45,vinho importado,30dcaed55c,1.8132
54,24,50,0.034909,0.009301,276,242,45,vinho importado,2e39eff26b,1.9025
54,25,50,0.035654,0.009644,269,237,46,vinho importado,0c4ac90a12,3.2935
54,26,50,0.035015,0.010494,268,233,45,vinho importado,4305cf7225,1.7999
54,27,50,0.035122,0.009061,271,237,45,vinho importado,30dcaed55c,1.8132
54,28,50,0.034736,0.010547,268,233,45,vinho importado,8791686964,1.7517
54,29,50,0.035681,0.010688,267,234,46,vinho importado,f4bf343afe,1.7516
54,30,50,0.034935,0.009771,270,236,45,vinho importado,ebe56e7c20,1.7907
54,31,50,0.034762,0.009812,269,235,45,vinho importado,8975457884,1.9485
54,32,50,0.035082,0.009108,271,238,46,vinho importado,1c73d8826c,1.7650
54,33,50,0.035122,0.009061,271,237,45,vinho importado,30dcaed55c,1.8132
54,34,50,0.035122,0.009061,271,237,45,vinho importado,30dcaed55c,1.8132
54,35,50,0.034962,0.010649,267,231,45,vinho importado,29e8853e52,2.2714
54,36,50,0.034682,0.010691,269,232,46,empanado congelado,b0d0dd7e79,1.7045
54,37,50,0.035082,0.009108,271,238,46,vinho importado,1c73d8826c,1.7650
54,38,50,0.034682,0.010691,269,232,46,empanado congelado,b0d0dd7e79,1.7045
54,39,50,0.035814,0.009920,270,237,46,vinho importado,22328b2f6c,2.0140
54,40,50,0.034696,0.009867,270,234,45,vinho importado,39d44e5577,1.8111
54,41,50,0.034563,0.010282,272,235,45,vinho importado,b64c29e820,1.7164
54,42,50,0.035175,0.010670,271,233,47,sal,9b4744754f,1.7203
54,43,50,0.035122,0.009061,271,237,45,vinho importado,30dcaed55c,1.8132
54,44,50,0.034682,0.010691,269,232,46,empanado congelado,b0d0dd7e79,1.7045
54,45,50,0.034736,0.010547,268,233,45,vinho importado,8791686964,1.7517
54,46,50,0.035122,0.009061,271,237,45,vinho importado,30dcaed55c,1.8132
54,47,50,0.034629,0.011017,274,238,46,empanado congelado,21c853d3a9,1.7630
54,48,50,0.037532,0.008974,276,240,46,vinho importado,fd312a3df9,1.6022
54,49,50,0.037039,0.010899,268,230,46,empanado congelado,192bf6f10a,1.8285
55,0,50,0.034270,0.011433,267,230,46,empanado congelado,0c7a1a5bc6,1.8072
55,1,50,0.034509,0.010664,269,233,46,empanado congelado,9ab7ecb82c,1.7776
55,2,50,0.034549,0.010424,266,232,45,vinho importado,45e516f523,1.8058
55,3,50,0.034563,0.010282,272,235,45,vinho importado,b64c29e820,1.7164
55,4,50,0.034629,0.011017,274,238,46,empanado congelado,21c853d3a9,1.7630
55,5,50,0.034509,0.010664,269,233,46,empanado congelado,9ab7ecb82c,1.7776
55,6,50,0.034682,0.010691,269,232,46,empanado congelado,b0d0dd7e79,1.7045
55,7,50,0.035122,0.009061,271,237,45,vinho importado,30dcaed55c,1.8132
55,8,50,0.035122,0.009061,271,237,45,vinho importado,30dcaed55c,1.8132
55,9,50,0.034270,0.011433,267,230,46,empanado congelado,0c7a1a5bc6,1.8072
55,10,50,0.035122,0.009061,271,237,45,vinho importado,30dcaed55c,1.8132
55,11,50,0.034682,0.010691,269,232,46,empanado congelado,b0d0dd7e79,1.7045
55,12,50,0.034629,0.011017,274,238,46,empanado congelado,21c853d3a9,1.7630
55,13,50,0.040594,0.011463,270,233,46,suco pronto,10e0e37086,1.8681
55,14,50,0.034549,0.010424,266,232,45,vinho importado,45e516f523,1.8058
55,15,50,0.034270,0.011433,267,230,46,empanado congelado,0c7a1a5bc6,1.8072
55,16,50,0.034509,0.010664,269,233,46,empanado congelado,9ab7ecb82c,1.7776
55,17,50,0.034629,0.011017,274,238,46,empanado congelado,21c853d3a9,1.7630
55,18,50,0.034762,0.009812,269,235,45,vinho importado,8975457884,1.9485
55,19,50,0.035415,0.009971,269,234,45,vinho importado,baa98dc885,1.7047
55,20,50,0.034736,0.010547,268,233,45,vinho importado,8791686964,1.7517
55,21,50,0.035495,0.009898,271,238,46,vinho importado,9ce33a32c3,1.7814
55,22,50,0.034682,0.010691,269,232,46,empanado congelado,b0d0dd7e79,1.7045
55,23,50,0.034270,0.011433,267,230,46,empanado congelado,0c7a1a5bc6,1.8072
55,24,50,0.034682,0.010691,269,232,46,empanado congelado,b0d0dd7e79,1.7045
55,25,50,0.034682,0.010691,269,232,46,empanado congelado,b0d0dd7e79,1.7045
55,26,50,0.035122,0.009061,271,237,45,vinho importado,30dcaed55c,1.8132
55,27,50,0.035441,0.010690,269,235,45,vinho importado,d9e2e85975,1.7457
55,28,50,0.034682,0.010691,269,232,46,empanado congelado,b0d0dd7e79,1.7045
55,29,50,0.034682,0.010691,269,232,46,empanado congelado,b0d0dd7e79,1.7045
55,30,50,0.034270,0.011433,267,230,46,empanado congelado,0c7a1a5bc6,1.8072
55,31,50,0.034682,0.010691,269,232,46,empanado congelado,b0d0dd7e79,1.7045
55,32,50,0.034682,0.010691,269,232,46,empanado congelado,b0d0dd7e79,1.7045
55,33,50,0.035082,0.009108,271,238,46,vinho importado,1c73d8826c,1.7650
55,34,50,0.034762,0.009812,269,235,45,vinho importado,8975457884,1.9485
55,35,50,0.034682,0.010691,269,232,46,empanado congelado,b0d0dd7e79,1.7045
55,36,50,0.034935,0.009771,270,236,45,vinho importado,ebe56e7c20,1.7907
55,37,50,0.034682,0.010691,269,232,46,empanado congelado,b0d0dd7e79,1.7045
55,38,50,0.034563,0.010282,272,235,45,vinho importado,b64c29e820,1.7164
55,39,50,0.035015,0.010494,268,233,45,vinho importado,4305cf7225,1.7999
55,40,50,0.034736,0.010547,268,233,45,vinho importado,8791686964,1.7517
55,41,50,0.034350,0.010122,275,240,45,vinho importado,cf0ebd34b6,1.9088
55,42,50,0.034682,0.010691,269,232,46,empanado congelado,b0d0dd7e79,1.7045
55,43,50,0.054613,0.010868,272,235,45,vinho importado,d564b92508,1.7816
55,44,50,0.034922,0.009838,269,234,45,vinho importado,117ef6e634,1.7957
55,45,50,0.034549,0.010424,266,232,45,vinho importado,45e516f523,1.8058
55,46,50,0.034549,0.010424,266,232,45,vinho importado,45e516f523,1.8058
55,47,50,0.034270,0.011433,267,230,46,empanado congelado,0c7a1a5bc6,1.8072
55,48,50,0.034922,0.009838,269,234,45,vinho importado,117ef6e634,1.7957
55,49,50,0.034935,0.009771,270,236,45,vinho importado,ebe56e7c20,1.7907
56,0,50,0.034270,0.011433,267,230,46,empanado congelado,0c7a1a5bc6,1.8072
56,1,50,0.034270,0.011433,267,230,46,empanado congelado,0c7a1a5bc6,1.8072
56,2,50,0.034270,0.011433,267,230,46,empanado congelado,0c7a1a5bc6,1.8072
56,3,50,0.034270,0.011433,267,230,46,empanado congelado,0c7a1a5bc6,1.8072
56,4,50,0.034270,0.011433,267,230,46,empanado congelado,0c7a1a5bc6,1.8072
56,5,50,0.034682,0.010691,269,232,46,empanado congelado,b0d0dd7e79,1.7045
56,6,50,0.035095,0.011447,267,231,46,empanado congelado,ae7bc2b24b,1.8273
56,7,50,0.051737,0.010737,273,239,46,vinho importado,e7c886e13e,1.6361
56,8,50,0.034270,0.011433,267,230,46,empanado congelado,0c7a1a5bc6,1.8072
56,9,50,0.034682,0.010691,269,232,46,empanado congelado,b0d0dd7e79,1.7045
56,10,50,0.034270,0.011433,267,230,46,empanado congelado,0c7a1a5bc6,1.8072
56,11,50,0.035095,0.010856,275,241,46,empanado congelado,7aadf5e572,1.8553
56,12,50,0.034509,0.010664,269,233,46,empanado congelado,9ab7ecb82c,1.7776
56,13,50,0.034682,0.010691,269,232,46,empanado congelado,b0d0dd7e79,1.7045
56,14,50,0.034270,0.011433,267,230,46,empanado congelado,0c7a1a5bc6,1.8072
56,15,50,0.034629,0.011017,274,238,46,empanado congelado,21c853d3a9,1.7630
56,16,50,0.034629,0.011017,274,238,46,empanado congelado,21c853d3a9,1.7630
56,17,50,0.034616,0.010909,273,237,46,empanado congelado,5990e127c3,1.8939
56,18,50,0.034270,0.011433,267,230,46,empanado congelado,0c7a1a5bc6,1.8072
56,19,50,0.034270,0.011433,267,230,46,empanado congelado,0c7a1a5bc6,1.8072
56,20,50,0.034270,0.011433,267,230,46,empanado congelado,0c7a1a5bc6,1.8072
56,21,50,0.034682,0.010691,269,232,46,empanado congelado,b0d0dd7e79,1.7045
56,22,50,0.037798,0.010303,268,236,45,vinho importado,a14ccf33c4,1.7220
56,23,50,0.034696,0.011533,267,230,46,empanado congelado,283d0293c1,1.7746
56,24,50,0.034110,0.011003,270,233,45,vinho importado,94ca32f07b,1.7634
56,25,50,0.038330,0.010927,269,233,45,empanado congelado,bce65cbd00,1.7644
56,26,50,0.034270,0.011433,267,230,46,empanado congelado,0c7a1a5bc6,1.8072
56,27,50,0.033644,0.010910,271,235,46,empanado congelado,0ffa2b4443,1.8050
56,28,50,0.033964,0.011200,268,232,46,empanado congelado,ea0f18e79b,1.7552
56,29,50,0.035388,0.010727,269,234,46,vinho importado,02aa0c447a,1.5752
56,30,50,0.037252,0.010949,267,233,45,vinho importado,5a9675ae97,1.7941
56,31,50,0.036400,0.011382,272,238,46,vinho importado,6f8d90e4ea,1.7666
56,32,50,0.034682,0.010691,269,232,46,empanado congelado,b0d0dd7e79,1.7045
56,33,50,0.034270,0.011433,267,230,46,empanado congelado,0c7a1a5bc6,1.8072
56,34,50,0.034549,0.010424,266,232,45,vinho importado,45e516f523,1.8058
56,35,50,0.034682,0.010691,269,232,46,empanado congelado,b0d0dd7e79,1.7045
56,36,50,0.034270,0.011433,267,230,46,empanado congelado,0c7a1a5bc6,1.8072
56,37,50,0.034682,0.010691,269,232,46,empanado congelado,b0d0dd7e79,1.7045
56,38,50,0.034270,0.011433,267,230,46,empanado congelado,0c7a1a5bc6,1.8072
56,39,50,0.034137,0.011521,267,230,46,empanado congelado,f842f8714d,1.7080
56,40,50,0.034469,0.010019,275,240,45,vinho importado,0cdd224408,1.6906
56,41,50,0.034656,0.011526,267,231,46,empanado congelado,7029d051f8,1.8413
56,42,50,0.034270,0.011433,267,230,46,empanado congelado,0c7a1a5bc6,1.8072
56,43,50,0.034509,0.010664,269,233,46,empanado congelado,9ab7ecb82c,1.7776
56,44,50,0.034549,0.010424,266,232,45,vinho importado,45e516f523,1.8058
56,45,50,0.034270,0.011433,267,230,46,empanado congelado,0c7a1a5bc6,1.8072
56,46,50,0.034270,0.011433,267,230,46,empanado congelado,0c7a1a5bc6,1.8072
56,47,50,0.033125,0.010788,269,235,46,empanado congelado,6134be2b30,1.6994
56,48,50,0.035521,0.010745,269,232,45,vinho importado,a16f359752,1.7966
56,49,50,0.034270,0.011433,267,230,46,empanado congelado,0c7a1a5bc6,1.8072
57,0,50,0.033125,0.010788,269,235,46,empanado congelado,6134be2b30,1.6994
57,1,50,0.033644,0.010910,271,235,46,empanado congelado,0ffa2b4443,1.8050
57,2,50,0.033964,0.011200,268,232,46,empanado congelado,ea0f18e79b,1.7552
57,3,50,0.034110,0.011003,270,233,45,vinho importado,94ca32f07b,1.7634
57,4,50,0.034137,0.011521,267,230,46,empanado congelado,f842f8714d,1.7080
57,5,50,0.033964,0.011200,268,232,46,empanado congelado,ea0f18e79b,1.7552
57,6,50,0.034629,0.011017,274,238,46,empanado congelado,21c853d3a9,1.7630
57,7,50,0.033125,0.010788,269,235,46,empanado congelado,6134be2b30,1.6994
57,8,50,0.034270,0.011433,267,230,46,empanado congelado,0c7a1a5bc6,1.8072
57,9,50,0.034270,0.011433,267,230,46,empanado congelado,0c7a1a5bc6,1.8072
57,10,50,0.034270,0.011433,267,230,46,empanado congelado,0c7a1a5bc6,1.8072
57,11,50,0.034270,0.011433,267,230,46,empanado congelado,0c7a1a5bc6,1.8072
57,12,50,0.034270,0.011433,267,230,46,empanado congelado,0c7a1a5bc6,1.8072
57,13,50,0.034270,0.011433,267,230,46,empanado congelado,0c7a1a5bc6,1.8072
57,14,50,0.033644,0.010910,271,235,46,empanado congelado,0ffa2b4443,1.8050
57,15,50,0.033498,0.011283,265,230,46,empanado congelado,422be70fe9,1.9355
57,16,50,0.034030,0.010996,274,238,46,empanado congelado,039c1c0afd,1.8755
57,17,50,0.034270,0.011433,267,230,46,empanado congelado,0c7a1a5bc6,1.8072
57,18,50,0.038770,0.011687,266,229,45,empanado congelado,8118bfc850,1.8443
57,19,50,0.034137,0.011521,267,230,46,empanado congelado,f842f8714d,1.7080
57,20,50,0.034816,0.011357,268,231,46,empanado congelado,1db605b068,1.8089
57,21,50,0.034270,0.011433,267,230,46,empanado congelado,0c7a1a5bc6,1.8072
57,22,50,0.034270,0.011433,267,230,46,empanado congelado,0c7a1a5bc6,1.8072
57,23,50,0.034270,0.011433,267,230,46,empanado congelado,0c7a1a5bc6,1.8072
57,24,50,0.034270,0.011433,267,230,46,empanado congelado,0c7a1a5bc6,1.8072
57,25,50,0.039475,0.012106,265,230,47,empanado congelado,0ad63ed343,1.7992
57,26,50,0.034682,0.010691,269,232,46,empanado congelado,b0d0dd7e79,1.7045
57,27,50,0.034270,0.011433,267,230,46,empanado congelado,0c7a1a5bc6,1.8072
57,28,50,0.034270,0.011433,267,230,46,empanado congelado,0c7a1a5bc6,1.8072
57,29,50,0.034270,0.011433,267,230,46,empanado congelado,0c7a1a5bc6,1.8072
57,30,50,0.034270,0.011433,267,230,46,empanado congelado,0c7a1a5bc6,1.8072
57,31,50,0.034270,0.011433,267,230,46,empanado congelado,0c7a1a5bc6,1.8072
57,32,50,0.034270,0.011433,267,230,46,empanado congelado,0c7a1a5bc6,1.8072
57,33,50,0.034469,0.011165,268,231,46,empanado congelado,a6b38afc76,1.7607
57,34,50,0.033764,0.011455,267,231,46,empanado congelado,2e9ece3d2d,1.7792
57,35,50,0.034603,0.011053,266,232,45,vinho importado,945f44db61,1.7933
57,36,50,0.034469,0.010532,268,232,45,vinho importado,de5c0d2416,1.7915
57,37,50,0.034616,0.010909,273,237,46,empanado congelado,5990e127c3,1.8939
57,38,50,0.034270,0.011433,267,230,46,empanado congelado,0c7a1a5bc6,1.8072
57,39,50,0.034270,0.011433,267,230,46,empanado congelado,0c7a1a5bc6,1.8072
57,40,50,0.034270,0.011433,267,230,46,empanado congelado,0c7a1a5bc6,1.8072
57,41,50,0.034270,0.011433,267,230,46,empanado congelado,0c7a1a5bc6,1.8072
57,42,50,0.034270,0.011433,267,230,46,empanado congelado,0c7a1a5bc6,1.8072
57,43,50,0.034270,0.011433,267,230,46,empanado congelado,0c7a1a5bc6,1.8072
57,44,50,0.034270,0.011433,267,230,46,empanado congelado,0c7a1a5bc6,1.8072
57,45,50,0.034270,0.011433,267,230,46,empanado congelado,0c7a1a5bc6,1.8072
57,46,50,0.034270,0.011433,267,230,46,empanado congelado,0c7a1a5bc6,1.8072
57,47,50,0.034270,0.011433,267,230,46,empanado congelado,0c7a1a5bc6,1.8072
57,48,50,0.034270,0.011433,267,230,46,empanado congelado,0c7a1a5bc6,1.8072
57,49,50,0.034110,0.011003,270,233,45,vinho importado,94ca32f07b,1.7634
58,0,50,0.033125,0.010788,269,235,46,empanado congelado,6134be2b30,1.6994
58,1,50,0.033125,0.010788,269,235,46,empanado congelado,6134be2b30,1.6994
58,2,50,0.033498,0.011283,265,230,46,empanado congelado,422be70fe9,1.9355
58,3,50,0.033644,0.010910,271,235,46,empanado congelado,0ffa2b4443,1.8050
58,4,50,0.033644,0.010910,271,235,46,empanado congelado,0ffa2b4443,1.8050
58,5,50,0.033524,0.011313,265,229,46,empanado congelado,d9c3f30061,1.7603
58,6,50,0.032845,0.011174,275,238,46,empanado congelado,0599dbb1ad,1.6118
58,7,50,0.059553,0.012495,267,229,47,empanado congelado,12af6bcd0b,1.8712
58,8,50,0.034270,0.011433,267,230,46,empanado congelado,0c7a1a5bc6,1.8072
58,9,50,0.033844,0.010906,271,236,46,empanado congelado,a1b8cc1507,1.7075
58,10,50,0.036786,0.011682,266,230,45,empanado congelado,a5dd4b598e,1.6669
58,11,50,0.034203,0.011552,267,231,46,empanado congelado,dcc0156ef8,1.7464
58,12,50,0.033764,0.011455,267,231,46,empanado congelado,2e9ece3d2d,1.7792
58,13,50,0.033125,0.010788,269,235,46,empanado congelado,6134be2b30,1.6994
58,14,50,0.034270,0.011433,267,230,46,empanado congelado,0c7a1a5bc6,1.8072
58,15,50,0.032965,0.011611,267,233,46,empanado congelado,a59c3b3bd7,1.7316
58,16,50,0.033924,0.010967,274,239,46,empanado congelado,a7465994e8,1.6258
58,17,50,0.034270,0.011433,267,230,46,empanado congelado,0c7a1a5bc6,1.8072
58,18,50,0.033125,0.010788,269,235,46,empanado congelado,6134be2b30,1.6994
58,19,50,0.034137,0.011521,267,230,46,empanado congelado,f842f8714d,1.7080
58,20,50,0.034270,0.011433,267,230,46,empanado congelado,0c7a1a5bc6,1.8072
58,21,50,0.034270,0.011433,267,230,46,empanado congelado,0c7a1a5bc6,1.8072
58,22,50,0.034270,0.011433,267,230,46,empanado congelado,0c7a1a5bc6,1.8072
58,23,50,0.034270,0.011433,267,230,46,empanado congelado,0c7a1a5bc6,1.8072
58,24,50,0.034270,0.011433,267,230,46,empanado congelado,0c7a1a5bc6,1.8072
58,25,50,0.034270,0.011433,267,230,46,empanado congelado,0c7a1a5bc6,1.8072
58,26,50,0.034270,0.011433,267,230,46,empanado congelado,0c7a1a5bc6,1.8072
58,27,50,0.033617,0.011270,264,228,46,empanado congelado,557515a49c,1.6841
58,28,50,0.034323,0.011292,266,231,45,vinho importado,464a1d8a24,1.5964
58,29,50,0.033644,0.010910,271,235,46,empanado congelado,0ffa2b4443,1.8050
58,30,50,0.036440,0.011432,266,229,46,empanado congelado,cd8467d732,1.7663
58,31,50,0.033964,0.011200,268,232,46,empanado congelado,ea0f18e79b,1.7552
58,32,50,0.033897,0.011277,269,233,46,empanado congelado,8d9852de0c,1.7450
58,33,50,0.034110,0.011003,270,233,45,vinho importado,94ca32f07b,1.7634
58,34,50,0.034270,0.011433,267,230,46,empanado congelado,0c7a1a5bc6,1.8072
58,35,50,0.034270,0.011433,267,230,46,empanado congelado,0c7a1a5bc6,1.8072
58,36,50,0.033498,0.011283,265,230,46,empanado congelado,422be70fe9,1.9355
58,37,50,0.034416,0.011509,270,236,47,empanado congelado,29f3b4cb51,1.7437
58,38,50,0.036626,0.011443,274,239,46,empanado congelado,46de5fd68b,1.7796
58,39,50,0.038291,0.011693,269,230,46,empanado congelado,2447525297,1.6980
58,40,50,0.033285,0.010883,272,237,46,empanado congelado,399472505f,1.7663
58,41,50,0.033125,0.010788,269,235,46,empanado congelado,6134be2b30,1.6994
58,42,50,0.034137,0.011521,267,230,46,empanado congelado,f842f8714d,1.7080
58,43,50,0.034270,0.011433,267,230,46,empanado congelado,0c7a1a5bc6,1.8072
58,44,50,0.034270,0.011433,267,230,46,empanado congelado,0c7a1a5bc6,1.8072
58,45,50,0.034256,0.011414,268,233,46,empanado congelado,16d678ec79,1.8595
58,46,50,0.033298,0.010794,266,235,46,empanado congelado,476aeb953e,1.9099
58,47,50,0.033764,0.011455,267,231,46,empanado congelado,2e9ece3d2d,1.7792
58,48,50,0.033924,0.010967,274,239,46,empanado congelado,a7465994e8,1.6258
58,49,50,0.033617,0.011270,264,228,46,empanado congelado,557515a49c,1.6841
59,0,50,0.032845,0.011174,275,238,46,empanado congelado,0599dbb1ad,1.6118
59,1,50,0.032965,0.011611,267,233,46,empanado congelado,a59c3b3bd7,1.7316
59,2,50,0.033125,0.010788,269,235,46,empanado congelado,6134be2b30,1.6994
59,3,50,0.033125,0.010788,269,235,46,empanado congelado,6134be2b30,1.6994
59,4,50,0.033125,0.010788,269,235,46,empanado congelado,6134be2b30,1.6994
59,5,50,0.033697,0.011135,277,241,46,empanado congelado,351203b4cb,1.8346
59,6,50,0.032965,0.011611,267,233,46,empanado congelado,a59c3b3bd7,1.7316
59,7,50,0.033724,0.010928,270,235,46,empanado congelado,1cc9add5a3,1.6909
59,8,50,0.034243,0.011401,267,231,46,empanado congelado,47e921c986,1.6002
59,9,50,0.033964,0.011200,268,232,46,empanado congelado,ea0f18e79b,1.7552
59,10,50,0.033298,0.010794,266,235,46,empanado congelado,476aeb953e,1.9099
59,11,50,0.034270,0.011433,267,230,46,empanado congelado,0c7a1a5bc6,1.8072
59,12,50,0.038277,0.011602,266,234,47,empanado congelado,0927aa9c78,1.9199
59,13,50,0.034469,0.011504,267,230,46,empanado congelado,2a4a388d64,1.6005
59,14,50,0.034749,0.010982,274,240,46,empanado congelado,2e0d48e334,1.7796
59,15,50,0.033045,0.011532,266,232,46,empanado congelado,ad7d8b3b21,1.8292
59,16,50,0.033697,0.011639,270,236,46,empanado congelado,e07ae27b67,1.7100
59,17,50,0.041832,0.012055,268,233,46,empanado congelado,7abc0090b5,1.9801
59,18,50,0.033524,0.011313,265,229,46,empanado congelado,d9c3f30061,1.7603
59,19,50,0.033924,0.010967,274,239,46,empanado congelado,a7465994e8,1.6258
59,20,50,0.034043,0.011453,269,234,47,empanado congelado,094ec2e609,1.7149
59,21,50,0.033537,0.011127,272,240,47,empanado congelado,ff66065c30,1.7564
59,22,50,0.033524,0.011313,265,229,46,empanado congelado,d9c3f30061,1.7603
59,23,50,0.034030,0.011598,265,230,47,empanado congelado,cb77e3ffed,1.7474
59,24,50,0.033697,0.011639,270,236,46,empanado congelado,e07ae27b67,1.7100
59,25,50,0.034310,0.011543,268,232,46,empanado congelado,a156b3610e,1.7442
59,26,50,0.033644,0.011299,264,227,46,empanado congelado,d655ed419b,1.6606
59,27,50,0.041765,0.011339,272,234,46,empanado congelado,cd90c2189a,1.7857
59,28,50,0.033125,0.010788,269,235,46,empanado congelado,6134be2b30,1.6994
59,29,50,0.033085,0.010306,273,237,46,empanado congelado,cae9e53a7a,1.7392
59,30,50,0.034083,0.011310,265,229,46,empanado congelado,dda6029830,1.6036
59,31,50,0.034736,0.011445,272,237,46,empanado congelado,d29e8f8fe8,1.8237
59,32,50,0.056238,0.012387,265,231,46,empanado congelado,e2e0b9fd7b,1.5742
59,33,50,0.033125,0.010788,269,235,46,empanado congelado,6134be2b30,1.6994
59,34,50,0.033125,0.010788,269,235,46,empanado congelado,6134be2b30,1.6994
59,35,50,0.033071,0.011725,269,234,46,empanado congelado,e670d7ae09,1.8540
59,36,50,0.033737,0.010850,272,238,46,empanado congelado,a6391c86f8,1.6861
59,37,50,0.033897,0.011277,269,233,46,empanado congelado,8d9852de0c,1.7450
59,38,50,0.033964,0.011200,268,232,46,empanado congelado,ea0f18e79b,1.7552
59,39,50,0.033617,0.010881,272,236,46,empanado congelado,ee759851bf,1.7975
59,40,50,0.033125,0.010788,269,235,46,empanado congelado,6134be2b30,1.6994
59,41,50,0.033524,0.011313,265,229,46,empanado congelado,d9c3f30061,1.7603
59,42,50,0.034270,0.011433,267,230,46,empanado congelado,0c7a1a5bc6,1.8072
59,43,50,0.033298,0.010794,266,235,46,empanado congelado,476aeb953e,1.9099
59,44,50,0.033617,0.011270,264,228,46,empanado congelado,557515a49c,1.6841
59,45,50,0.033631,0.011607,266,233,46,empanado congelado,9c20fdc1f0,1.7337
59,46,50,0.032725,0.010683,270,236,46,empanado congelado,a19a449b35,1.7333
59,47,50,0.033644,0.010910,271,235,46,empanado congelado,0ffa2b4443,1.8050
59,48,50,0.033125,0.010788,269,235,46,empanado congelado,6134be2b30,1.6994
59,49,50,0.033471,0.011670,269,234,46,empanado congelado,80f9c6aa87,1.7502
60,0,50,0.032725,0.010683,270,236,46,empanado congelado,a19a449b35,1.7333
60,1,50,0.032845,0.011174,275,238,46,empanado congelado,0599dbb1ad,1.6118
60,2,50,0.032965,0.011611,267,233,46,empanado congelado,a59c3b3bd7,1.7316
60,3,50,0.032965,0.011611,267,233,46,empanado congelado,a59c3b3bd7,1.7316
60,4,50,0.033045,0.011532,266,232,46,empanado congelado,ad7d8b3b21,1.8292
60,5,50,0.033071,0.011725,269,234,46,empanado congelado,e670d7ae09,1.8540
60,6,50,0.033125,0.010788,269,235,46,empanado congelado,6134be2b30,1.6994
60,7,50,0.033524,0.011313,265,229,46,empanado congelado,d9c3f30061,1.7603
60,8,50,0.033617,0.010881,272,236,46,empanado congelado,ee759851bf,1.7975
60,9,50,0.032725,0.010683,270,236,46,empanado congelado,a19a449b35,1.7333
60,10,50,0.033125,0.010788,269,235,46,empanado congelado,6134be2b30,1.6994
60,11,50,0.032552,0.010849,269,234,46,empanado congelado,53d2591a00,1.8306
60,12,50,0.035415,0.011957,267,233,46,empanado congelado,fb60096747,1.6772
60,13,50,0.032965,0.011611,267,233,46,empanado congelado,a59c3b3bd7,1.7316
60,14,50,0.032619,0.010994,266,234,46,empanado congelado,75e995b961,1.6296
60,15,50,0.034043,0.011453,269,234,47,empanado congelado,094ec2e609,1.7149
60,16,50,0.034083,0.011310,265,229,46,empanado congelado,dda6029830,1.6036
60,17,50,0.033125,0.010788,269,235,46,empanado congelado,6134be2b30,1.6994
60,18,50,0.033125,0.010788,269,235,46,empanado congelado,6134be2b30,1.6994
60,19,50,0.033790,0.010523,267,232,46,empanado congelado,b507e57392,1.8978
60,20,50,0.033564,0.011153,271,237,46,empanado congelado,b3c6ba8d8d,1.7727
60,21,50,0.033617,0.010881,272,236,46,empanado congelado,ee759851bf,1.7975
60,22,50,0.033524,0.011313,265,229,46,empanado congelado,d9c3f30061,1.7603
60,23,50,0.036440,0.011487,271,238,47,empanado congelado,1c77cdac61,1.7264
60,24,50,0.033085,0.010306,273,237,46,empanado congelado,cae9e53a7a,1.7392
60,25,50,0.033125,0.010788,269,235,46,empanado congelado,6134be2b30,1.6994
60,26,50,0.033857,0.011633,269,235,46,empanado congelado,13516eda1f,1.8495
60,27,50,0.032832,0.010856,270,236,46,empanado congelado,107cc77441,1.7029
60,28,50,0.033431,0.011210,262,228,46,empanado congelado,9d38c6d3fa,1.7266
60,29,50,0.032672,0.011637,265,230,46,empanado congelado,127fc6ed93,1.6114
60,30,50,0.033285,0.011548,267,233,46,empanado congelado,a6b4d32c40,1.8021
60,31,50,0.033125,0.010788,269,235,46,empanado congelado,6134be2b30,1.6994
60,32,50,0.033125,0.010788,269,235,46,empanado congelado,6134be2b30,1.6994
60,33,50,0.033617,0.011270,264,228,46,empanado congelado,557515a49c,1.6841
60,34,50,0.032206,0.010238,268,235,46,empanado congelado,284dc7f67f,1.7173
60,35,50,0.038171,0.011717,264,227,46,empanado congelado,957ba776c5,1.7922
60,36,50,0.032872,0.010792,269,234,46,empanado congelado,ddc294ed3d,1.7050
60,37,50,0.039542,0.011593,265,228,47,empanado congelado,3080a8536e,1.7704
60,38,50,0.033524,0.011313,265,229,46,empanado congelado,d9c3f30061,1.7603
60,39,50,0.033524,0.011313,265,229,46,empanado congelado,d9c3f30061,1.7603
60,40,50,0.032725,0.010683,270,236,46,empanado congelado,a19a449b35,1.7333
60,41,50,0.032659,0.011608,266,231,46,empanado congelado,56cd167fe9,1.8108
60,42,50,0.034350,0.010697,271,237,46,empanado congelado,6fbdd0dc63,1.8380
60,43,50,0.033511,0.011121,275,238,46,empanado congelado,f37726272c,1.9083
60,44,50,0.033617,0.011456,267,230,46,empanado congelado,c9bfa9a7ae,1.6326
60,45,50,0.033511,0.010286,273,237,46,empanado congelado,7622c274b3,1.8424
60,46,50,0.032699,0.010860,269,234,46,empanado congelado,3586610e4b,1.8652
60,47,50,0.032965,0.011611,267,233,46,empanado congelado,a59c3b3bd7,1.7316
60,48,50,0.032965,0.011611,267,233,46,empanado congelado,a59c3b3bd7,1.7316
60,49,50,0.032100,0.010860,269,234,46,empanado congelado,1fbea927fd,1.7600
61,0,50,0.032100,0.010860,269,234,46,empanado congelado,1fbea927fd,1.7600
61,1,50,0.032206,0.010238,268,235,46,empanado congelado,284dc7f67f,1.7173
61,2,50,0.032552,0.010849,269,234,46,empanado congelado,53d2591a00,1.8306
61,3,50,0.032619,0.010994,266,234,46,empanado congelado,75e995b961,1.6296
61,4,50,0.032659,0.011608,266,231,46,empanado congelado,56cd167fe9,1.8108
61,5,50,0.034243,0.011529,266,233,46,empanado congelado,83fc112d35,1.8426
61,6,50,0.032552,0.010849,269,234,46,empanado congelado,53d2591a00,1.8306
61,7,50,0.033724,0.011771,265,231,47,empanado congelado,352d233135,1.7425
61,8,50,0.033391,0.011534,266,231,46,empanado congelado,a4be2af0ff,1.7432
61,9,50,0.033724,0.010660,272,236,46,empanado congelado,42d00bde3b,1.7489
61,10,50,0.032193,0.010764,274,239,46,empanado congelado,0f477c4bd4,1.7504
61,11,50,0.033085,0.010306,273,237,46,empanado congelado,cae9e53a7a,1.7392
61,12,50,0.032619,0.010994,266,234,46,empanado congelado,75e995b961,1.6296
61,13,50,0.033511,0.011121,275,238,46,empanado congelado,f37726272c,1.9083
61,14,50,0.032073,0.009750,273,236,46,empanado congelado,fbd9db5382,1.7248
61,15,50,0.032699,0.010860,269,234,46,empanado congelado,3586610e4b,1.8652
61,16,50,0.033085,0.011009,271,236,46,empanado congelado,221ff31249,1.7451
61,17,50,0.033178,0.011866,268,233,47,empanado congelado,462f0bc96d,1.7276
61,18,50,0.033058,0.010329,268,233,46,empanado congelado,db4da189df,1.7452
61,19,50,0.033125,0.010788,269,235,46,empanado congelado,6134be2b30,1.6994
61,20,50,0.035907,0.011830,265,234,46,empanado congelado,134fd7c867,1.7508
61,21,50,0.033205,0.011027,268,234,47,empanado congelado,303630886c,1.5999
61,22,50,0.033125,0.010788,269,235,46,empanado congelado,6134be2b30,1.6994
61,23,50,0.033005,0.011820,269,234,47,empanado congelado,60e377e218,1.8243
61,24,50,0.032952,0.011343,265,229,46,empanado congelado,014b6ca9aa,1.7658
61,25,50,0.033005,0.010105,270,235,46,empanado congelado,68c423b734,1.7152
61,26,50,0.033950,0.011218,270,237,46,empanado congelado,97075dcf15,1.6670
61,27,50,0.033125,0.010788,269,235,46,empanado congelado,6134be2b30,1.6994
61,28,50,0.033125,0.010788,269,235,46,empanado congelado,6134be2b30,1.6994
61,29,50,0.033577,0.010977,272,237,46,empanado congelado,3a0d65d912,1.9299
61,30,50,0.033431,0.011210,262,228,46,empanado congelado,9d38c6d3fa,1.7266
61,31,50,0.032219,0.010960,273,237,46,empanado congelado,d4ca1a34e9,1.6664
61,32,50,0.034350,0.010808,269,234,46,empanado congelado,f06a8476bd,1.7796
61,33,50,0.032725,0.010683,270,236,46,empanado congelado,a19a449b35,1.7333
61,34,50,0.032100,0.010860,269,234,46,empanado congelado,1fbea927fd,1.7600
61,35,50,0.032779,0.010896,268,234,46,empanado congelado,515c47f71f,1.6820
61,36,50,0.032725,0.010683,270,236,46,empanado congelado,a19a449b35,1.7333
61,37,50,0.033790,0.010523,267,232,46,empanado congelado,b507e57392,1.8978
61,38,50,0.032725,0.010683,270,236,46,empanado congelado,a19a449b35,1.7333
61,39,50,0.032552,0.010849,269,234,46,empanado congelado,53d2591a00,1.8306
61,40,50,0.032100,0.010860,269,234,46,empanado congelado,1fbea927fd,1.7600
61,41,50,0.032965,0.011611,267,233,46,empanado congelado,a59c3b3bd7,1.7316
61,42,50,0.033285,0.010909,271,236,46,empanado congelado,973a5d1f64,1.6830
61,43,50,0.033285,0.011548,267,233,46,empanado congelado,a6b4d32c40,1.8021
61,44,50,0.033285,0.011548,267,233,46,empanado congelado,a6b4d32c40,1.8021
61,45,50,0.034350,0.010697,271,237,46,empanado congelado,6fbdd0dc63,1.8380
61,46,50,0.032100,0.010860,269,234,46,empanado congelado,1fbea927fd,1.7600
61,47,50,0.033125,0.010788,269,235,46,empanado congelado,6134be2b30,1.6994
61,48,50,0.033125,0.011387,264,228,46,empanado congelado,f6f1aea4fe,1.6828
61,49,50,0.033551,0.010874,270,236,46,empanado congelado,be3b60807e,1.5290
62,0,50,0.032073,0.009750,273,236,46,empanado congelado,fbd9db5382,1.7248
62,1,50,0.032100,0.010860,269,234,46,empanado congelado,1fbea927fd,1.7600
62,2,50,0.032100,0.010860,269,234,46,empanado congelado,1fbea927fd,1.7600
62,3,50,0.032100,0.010860,269,234,46,empanado congelado,1fbea927fd,1.7600
62,4,50,0.032100,0.010860,269,234,46,empanado congelado,1fbea927fd,1.7600
62,5,50,0.034629,0.011023,269,234,46,empanado congelado,b6e9e6a228,1.7779
62,6,50,0.030382,0.009973,270,233,46,empanado congelado,2fdb8643f0,1.7320
62,7,50,0.033005,0.010105,270,235,46,empanado congelado,68c423b734,1.7152
62,8,50,0.032779,0.010896,268,234,46,empanado congelado,515c47f71f,1.6820
62,9,50,0.032752,0.011218,265,230,47,sal,12b1835834,1.6920
62,10,50,0.032100,0.010860,269,234,46,empanado congelado,1fbea927fd,1.7600
62,11,50,0.032100,0.010860,269,234,46,empanado congelado,1fbea927fd,1.7600
62,12,50,0.032619,0.010994,266,234,46,empanado congelado,75e995b961,1.6296
62,13,50,0.031820,0.011031,273,236,46,empanado congelado,eaf52986a5,1.6893
62,14,50,0.032499,0.011353,265,229,46,empanado congelado,4af3a6df7d,1.8305
62,15,50,0.032100,0.010860,269,234,46,empanado congelado,1fbea927fd,1.7600
62,16,50,0.032206,0.010238,268,235,46,empanado congelado,284dc7f67f,1.7173
62,17,50,0.033285,0.010883,272,237,46,empanado congelado,399472505f,1.7663
62,18,50,0.032725,0.010081,270,236,46,empanado congelado,f5a502d441,1.7430
62,19,50,0.030595,0.010317,269,232,46,empanado congelado,c2e6b4b2fd,1.8504
62,20,50,0.033511,0.010286,273,237,46,empanado congelado,7622c274b3,1.8424
62,21,50,0.033218,0.010960,271,235,46,empanado congelado,68add02bea,1.7971
62,22,50,0.032832,0.010856,270,236,46,empanado congelado,107cc77441,1.7029
62,23,50,0.032100,0.010860,269,234,46,empanado congelado,1fbea927fd,1.7600
62,24,50,0.032100,0.010860,269,234,46,empanado congelado,1fbea927fd,1.7600
62,25,50,0.033218,0.011260,270,233,45,empanado congelado,c76df4ec97,1.6834
62,26,50,0.032779,0.010384,270,237,46,empanado congelado,0231885d73,1.6970
62,27,50,0.032100,0.010860,269,234,46,empanado congelado,1fbea927fd,1.7600
62,28,50,0.032725,0.010683,270,236,46,empanado congelado,a19a449b35,1.7333
62,29,50,0.032725,0.010683,270,236,46,empanado congelado,a19a449b35,1.7333
62,30,50,0.033125,0.010788,269,235,46,empanado congelado,6134be2b30,1.6994
62,31,50,0.032632,0.010769,272,237,46,empanado congelado,1fab7a7f39,1.7773
62,32,50,0.032725,0.010683,270,236,46,empanado congelado,a19a449b35,1.7333
62,33,50,0.032552,0.010849,269,234,46,empanado congelado,53d2591a00,1.8306
62,34,50,0.033085,0.010998,270,236,46,empanado congelado,15b8d958ac,1.6611
62,35,50,0.033085,0.010306,273,237,46,empanado congelado,cae9e53a7a,1.7392
62,36,50,0.032206,0.010238,268,235,46,empanado congelado,284dc7f67f,1.7173
62,37,50,0.033737,0.010129,271,235,46,empanado congelado,729c7a7eed,1.7973
62,38,50,0.031540,0.010430,273,236,46,empanado congelado,2ab1c4a1f7,1.7059
62,39,50,0.045240,0.012509,264,232,47,sal,ee0c944f67,1.5825
62,40,50,0.033364,0.010685,264,230,46,empanado congelado,bd94524d8a,1.7866
62,41,50,0.033484,0.011032,272,235,46,empanado congelado,828c04674f,1.7023
62,42,50,0.032406,0.009539,270,237,46,empanado congelado,2dd721b1bc,1.7011
62,43,50,0.032073,0.010661,270,236,46,empanado congelado,71ae4a8bee,1.6826
62,44,50,0.031833,0.010135,269,236,46,empanado congelado,20874bb8aa,1.6958
62,45,50,0.032193,0.010764,274,239,46,empanado congelado,0f477c4bd4,1.7504
62,46,50,0.032100,0.010860,269,234,46,empanado congelado,1fbea927fd,1.7600
62,47,50,0.033125,0.010788,269,235,46,empanado congelado,6134be2b30,1.6994
62,48,50,0.031727,0.010753,270,235,46,empanado congelado,1fc9ba76c7,1.7777
62,49,50,0.033511,0.010286,273,237,46,empanado congelado,7622c274b3,1.8424
63,0,50,0.030382,0.009973,270,233,46,empanado congelado,2fdb8643f0,1.7320
63,1,50,0.030595,0.010317,269,232,46,empanado congelado,c2e6b4b2fd,1.8504
63,2,50,0.031540,0.010430,273,236,46,empanado congelado,2ab1c4a1f7,1.7059
63,3,50,0.031727,0.010753,270,235,46,empanado congelado,1fc9ba76c7,1.7777
63,4,50,0.031820,0.011031,273,236,46,empanado congelado,eaf52986a5,1.6893
63,5,50,0.032100,0.010860,269,234,46,empanado congelado,1fbea927fd,1.7600
63,6,50,0.032100,0.010860,269,234,46,empanado congelado,1fbea927fd,1.7600
63,7,50,0.031434,0.011510,266,233,46,empanado congelado,5d55503f20,1.8386
63,8,50,0.031860,0.011373,270,233,46,empanado congelado,d6a1b7d89a,1.5125
63,9,50,0.029676,0.010283,274,236,46,empanado congelado,ecae50173d,1.7490
63,10,50,0.034137,0.010854,270,233,46,empanado congelado,8ac97e609e,1.7985
63,11,50,0.032552,0.011413,265,228,46,empanado congelado,83b5b4d9b4,1.5637
63,12,50,0.031820,0.011031,273,236,46,empanado congelado,eaf52986a5,1.6893
63,13,50,0.032619,0.010994,266,234,46,empanado congelado,75e995b961,1.6296
63,14,50,0.031820,0.011031,273,236,46,empanado congelado,eaf52986a5,1.6893
63,15,50,0.032100,0.010860,269,234,46,empanado congelado,1fbea927fd,1.7600
63,16,50,0.033085,0.010526,267,231,46,empanado congelado,0ee769a753,1.7902
63,17,50,0.032100,0.010860,269,234,46,empanado congelado,1fbea927fd,1.7600
63,18,50,0.032100,0.010860,269,234,46,empanado congelado,1fbea927fd,1.7600
63,19,50,0.033644,0.010740,271,237,45,empanado congelado,53d183e98c,1.7837
63,20,50,0.031727,0.010753,270,235,46,empanado congelado,1fc9ba76c7,1.7777
63,21,50,0.031833,0.010135,269,236,46,empanado congelado,20874bb8aa,1.6958
63,22,50,0.042817,0.010894,270,235,46,empanado congelado,27c9aa2407,1.7615
63,23,50,0.032073,0.010661,270,236,46,empanado congelado,71ae4a8bee,1.6826
63,24,50,0.033125,0.010788,269,235,46,empanado congelado,6134be2b30,1.6994
63,25,50,0.032579,0.011759,268,233,46,empanado congelado,f6dd38f0ca,1.7328
63,26,50,0.032499,0.011353,265,229,46,empanado congelado,4af3a6df7d,1.8305
63,27,50,0.032100,0.010860,269,234,46,empanado congelado,1fbea927fd,1.7600
63,28,50,0.032100,0.010860,269,234,46,empanado congelado,1fbea927fd,1.7600
63,29,50,0.030675,0.010199,273,237,46,empanado congelado,01a13f920b,1.7350
63,30,50,0.033617,0.010558,266,229,46,empanado congelado,e9950e2b69,1.6062
63,31,50,0.034323,0.010549,269,235,46,empanado congelado,1d38c50650,1.8352
63,32,50,0.034350,0.011889,269,236,47,empanado congelado,2011facc89,1.7256
63,33,50,0.032100,0.010860,269,234,46,empanado congelado,1fbea927fd,1.7600
63,34,50,0.032100,0.010860,269,234,46,empanado congelado,1fbea927fd,1.7600
63,35,50,0.030209,0.010838,271,233,46,empanado congelado,ec708f4cdd,1.7138
63,36,50,0.034243,0.010161,270,236,47,empanado congelado,3f927f946a,1.6991
63,37,50,0.032379,0.010619,271,237,46,empanado congelado,ef5d16a62c,1.7023
63,38,50,0.029357,0.009845,271,234,46,empanado congelado,97424d010c,1.8009
63,39,50,0.033551,0.009711,271,237,46,empanado congelado,b263353b81,1.7312
63,40,50,0.032486,0.010071,271,236,46,empanado congelado,a199fc2166,1.8388
63,41,50,0.033511,0.010286,273,237,46,empanado congelado,7622c274b3,1.8424
63,42,50,0.030595,0.010317,269,232,46,empanado congelado,c2e6b4b2fd,1.8504
63,43,50,0.032100,0.010860,269,234,46,empanado congelado,1fbea927fd,1.7600
63,44,50,0.032100,0.010860,269,234,46,empanado congelado,1fbea927fd,1.7600
63,45,50,0.032100,0.010860,269,234,46,empanado congelado,1fbea927fd,1.7600
63,46,50,0.039848,0.011638,270,236,46,empanado congelado,02be4f1e85,2.0815
63,47,50,0.035774,0.011149,273,239,46,empanado congelado,857eb9cea4,1.8676
63,48,50,0.033245,0.011012,271,236,46,empanado congelado,d7283e2b98,1.9438
63,49,50,0.032100,0.010860,269,234,46,empanado congelado,1fbea927fd,1.7600
64,0,50,0.029357,0.009845,271,234,46,empanado congelado,97424d010c,1.8009
64,1,50,0.029676,0.010283,274,236,46,empanado congelado,ecae50173d,1.7490
64,2,50,0.030209,0.010838,271,233,46,empanado congelado,ec708f4cdd,1.7138
64,3,50,0.030382,0.009973,270,233,46,empanado congelado,2fdb8643f0,1.7320
64,4,50,0.030595,0.010317,269,232,46,empanado congelado,c2e6b4b2fd,1.8504
64,5,50,0.031194,0.010832,274,238,46,empanado congelado,306183ba6f,1.9004
64,6,50,0.034243,0.010957,267,232,46,empanado congelado,6f3f2a9e17,1.7799
64,7,50,0.032486,0.010071,271,236,46,empanado congelado,a199fc2166,1.8388
64,8,50,0.031727,0.010753,270,235,46,empanado congelado,1fc9ba76c7,1.7777
64,9,50,0.029317,0.010828,269,232,46,empanado congelado,a421c0c287,1.7603
64,10,50,0.032885,0.010175,274,237,46,empanado congelado,9a6a11eb78,1.7758
64,11,50,0.031727,0.010753,270,235,46,empanado congelado,1fc9ba76c7,1.7777
64,12,50,0.031434,0.011510,266,233,46,empanado congelado,5d55503f20,1.8386
64,13,50,0.034816,0.010947,270,234,46,empanado congelado,6b6e53e435,1.7474
64,14,50,0.032060,0.011046,273,237,46,empanado congelado,cc9136a03c,1.7187
64,15,50,0.030222,0.010456,270,237,46,empanado congelado,c212fb9845,1.8102
64,16,50,0.034629,0.009615,269,237,47,empanado congelado,00af793e0f,1.7024
64,17,50,0.032100,0.010860,269,234,46,empanado congelado,1fbea927fd,1.7600
64,18,50,0.032579,0.011759,268,233,46,empanado congelado,f6dd38f0ca,1.7328
64,19,50,0.029357,0.009845,271,234,46,empanado congelado,97424d010c,1.8009
64,20,50,0.034336,0.011097,271,237,46,empanado congelado,0eae5e6c5d,2.7439
64,21,50,0.030302,0.010482,273,234,46,empanado congelado,9398122eb0,3.8818
64,22,50,0.033977,0.010347,275,239,46,empanado congelado,a0b8356d81,3.3469
64,23,50,0.031966,0.010559,269,233,46,empanado congelado,73dbdd5cf7,1.8446
64,24,50,0.032858,0.010994,271,235,47,empanado congelado,c03dfa5abe,1.7854
64,25,50,0.030595,0.010317,269,232,46,empanado congelado,c2e6b4b2fd,1.8504
64,26,50,0.031727,0.010753,270,235,46,empanado congelado,1fc9ba76c7,1.7777
64,27,50,0.035508,0.011560,275,238,46,empanado congelado,438fac3daf,1.6659
64,28,50,0.031820,0.011031,273,236,46,empanado congelado,eaf52986a5,1.6893
64,29,50,0.029676,0.010283,274,236,46,empanado congelado,ecae50173d,1.7490
64,30,50,0.031727,0.010598,271,237,46,empanado congelado,fc2062f144,1.8070
64,31,50,0.030595,0.010317,269,232,46,empanado congelado,c2e6b4b2fd,1.8504
64,32,50,0.033151,0.010286,269,233,46,empanado congelado,bb787d21a9,1.7988
64,33,50,0.033018,0.011008,270,235,46,empanado congelado,0d6b7b96d2,1.9336
64,34,50,0.031860,0.011373,270,233,46,empanado congelado,d6a1b7d89a,1.5125
64,35,50,0.032206,0.010946,269,234,46,empanado congelado,e6b38166fb,2.0962
64,36,50,0.031860,0.011373,270,233,46,empanado congelado,d6a1b7d89a,1.5125
64,37,50,0.030595,0.010317,269,232,46,empanado congelado,c2e6b4b2fd,1.8504
64,38,50,0.033577,0.011022,272,236,46,empanado congelado,8eb26d752e,1.6790
64,39,50,0.030209,0.010838,271,233,46,empanado congelado,ec708f4cdd,1.7138
64,40,50,0.035734,0.011199,269,235,46,empanado congelado,f1cd856d63,1.7148
64,41,50,0.029357,0.009845,271,234,46,empanado congelado,97424d010c,1.8009
64,42,50,0.030675,0.010199,273,237,46,empanado congelado,01a13f920b,1.7350
64,43,50,0.031008,0.011073,267,231,46,empanado congelado,d62f03b7f1,1.7415
64,44,50,0.030209,0.010838,271,233,46,empanado congelado,ec708f4cdd,1.7138
64,45,50,0.031727,0.010753,270,235,46,empanado congelado,1fc9ba76c7,1.7777
64,46,50,0.031966,0.010559,269,233,46,empanado congelado,73dbdd5cf7,1.8446
64,47,50,0.028904,0.010506,269,233,46,empanado congelado,b8c904b994,1.7507
64,48,50,0.032100,0.010860,269,234,46,empanado congelado,1fbea927fd,1.7600
64,49,50,0.031141,0.010201,269,232,45,ketchup,748a89159f,1.8147
65,0,50,0.028904,0.010506,269,233,46,empanado congelado,b8c904b994,1.7507
65,1,50,0.029317,0.010828,269,232,46,empanado congelado,a421c0c287,1.7603
65,2,50,0.029357,0.009845,271,234,46,empanado congelado,97424d010c,1.8009
65,3,50,0.029357,0.009845,271,234,46,empanado congelado,97424d010c,1.8009
65,4,50,0.029357,0.009845,271,234,46,empanado congelado,97424d010c,1.8009
65,5,50,0.032885,0.010175,274,237,46,empanado congelado,9a6a11eb78,1.7758
65,6,50,0.030142,0.010253,274,236,46,empanado congelado,b783a1d19d,1.7458
65,7,50,0.029317,0.010828,269,232,46,empanado congelado,a421c0c287,1.7603
65,8,50,0.031194,0.010832,274,238,46,empanado congelado,306183ba6f,1.9004
65,9,50,0.029317,0.010828,269,232,46,empanado congelado,a421c0c287,1.7603
65,10,50,0.029357,0.009845,271,234,46,empanado congelado,97424d010c,1.8009
65,11,50,0.028958,0.010474,269,232,46,empanado congelado,966644960e,1.7122
65,12,50,0.030302,0.010482,273,234,46,empanado congelado,9398122eb0,3.8818
65,13,50,0.050087,0.011874,266,232,47,empanado congelado,ff31d9260c,1.9441
65,14,50,0.031727,0.010753,270,235,46,empanado congelado,1fc9ba76c7,1.7777
65,15,50,0.031727,0.010753,270,235,46,empanado congelado,1fc9ba76c7,1.7777
65,16,50,0.029317,0.010828,269,232,46,empanado congelado,a421c0c287,1.7603
65,17,50,0.033391,0.010311,270,236,47,empanado congelado,58802be397,1.7251
65,18,50,0.029676,0.011153,264,232,46,empanado congelado,57ec64531b,2.2295
65,19,50,0.029796,0.010800,268,231,46,empanado congelado,4eb2647145,3.0047
65,20,50,0.028332,0.009805,268,230,46,empanado congelado,7766fb27b2,2.0734
65,21,50,0.029676,0.010283,274,236,46,empanado congelado,ecae50173d,1.7490
65,22,50,0.029743,0.010630,272,234,46,empanado congelado,f7706f46aa,2.0995
65,23,50,0.030582,0.010559,275,238,46,empanado congelado,b8fa16b6bc,2.3334
65,24,50,0.035242,0.011675,270,235,46,empanado congelado,52da2f0dcf,2.9160
65,25,50,0.030222,0.010456,270,237,46,empanado congelado,c212fb9845,1.8102
65,26,50,0.030209,0.010838,271,233,46,empanado congelado,ec708f4cdd,1.7138
65,27,50,0.029796,0.010800,268,231,46,empanado congelado,4eb2647145,3.0047
65,28,50,0.028771,0.010761,265,227,46,empanado congelado,2ded0601bd,2.8885
65,29,50,0.029796,0.009947,267,230,45,ketchup,a391b505ff,2.7599
65,30,50,0.031141,0.010201,269,232,45,ketchup,748a89159f,1.8147
65,31,50,0.028904,0.010506,269,233,46,empanado congelado,b8c904b994,1.7507
65,32,50,0.030595,0.010317,269,232,46,empanado congelado,c2e6b4b2fd,1.8504
65,33,50,0.032858,0.010994,271,235,47,empanado congelado,c03dfa5abe,1.7854
65,34,50,0.032858,0.010994,271,235,47,empanado congelado,c03dfa5abe,1.7854
65,35,50,0.030209,0.010838,271,233,46,empanado congelado,ec708f4cdd,1.7138
65,36,50,0.029317,0.010828,269,232,46,empanado congelado,a421c0c287,1.7603
65,37,50,0.030289,0.010316,270,233,46,empanado congelado,a84151b7ce,2.8552
65,38,50,0.031194,0.010832,274,238,46,empanado congelado,306183ba6f,1.9004
65,39,50,0.030595,0.010317,269,232,46,empanado congelado,c2e6b4b2fd,1.8504
65,40,50,0.030209,0.010838,271,233,46,empanado congelado,ec708f4cdd,1.7138
65,41,50,0.030222,0.010456,270,237,46,empanado congelado,c212fb9845,1.8102
65,42,50,0.030222,0.010456,270,237,46,empanado congelado,c212fb9845,1.8102
65,43,50,0.030702,0.010410,273,235,46,empanado congelado,08f684d87f,2.7559
65,44,50,0.030595,0.010317,269,232,46,empanado congelado,c2e6b4b2fd,1.8504
65,45,50,0.028904,0.010506,269,233,46,empanado congelado,b8c904b994,1.7507
65,46,50,0.031860,0.011373,270,233,46,empanado congelado,d6a1b7d89a,1.5125
65,47,50,0.030209,0.010838,271,233,46,empanado congelado,ec708f4cdd,1.7138
65,48,50,0.030209,0.010838,271,233,46,empanado congelado,ec708f4cdd,1.7138
65,49,50,0.030222,0.010456,270,237,46,empanado congelado,c212fb9845,1.8102
66,0,50,0.028332,0.009805,268,230,46,empanado congelado,7766fb27b2,2.0734
66,1,50,0.028771,0.010761,265,227,46,empanado congelado,2ded0601bd,2.8885
66,2,50,0.028904,0.010506,269,233,46,empanado congelado,b8c904b994,1.7507
66,3,50,0.028904,0.010506,269,233,46,empanado congelado,b8c904b994,1.7507
66,4,50,0.028904,0.010506,269,233,46,empanado congelado,b8c904b994,1.7507
66,5,50,0.030222,0.010456,270,237,46,empanado congelado,c212fb9845,1.8102
66,6,50,0.029357,0.009845,271,234,46,empanado congelado,97424d010c,1.8009
66,7,50,0.028691,0.010630,270,234,46,empanado congelado,ca10ed7f96,3.0426
66,8,50,0.029983,0.010045,270,232,46,empanado congelado,4063d44cc7,2.9737
66,9,50,0.028904,0.010506,269,233,46,empanado congelado,b8c904b994,1.7507
66,10,50,0.030209,0.010838,271,233,46,empanado congelado,ec708f4cdd,1.7138
66,11,50,0.030742,0.010942,268,231,46,empanado congelado,77c53e527c,2.9739
66,12,50,0.029796,0.010800,268,231,46,empanado congelado,4eb2647145,3.0047
66,13,50,0.041592,0.009983,271,233,45,empanado congelado,847e963b6d,2.8176
66,14,50,0.028904,0.010506,269,233,46,empanado congelado,b8c904b994,1.7507
66,15,50,0.029317,0.010828,269,232,46,empanado congelado,a421c0c287,1.7603
66,16,50,0.029357,0.009845,271,234,46,empanado congelado,97424d010c,1.8009
66,17,50,0.029317,0.010828,269,232,46,empanado congelado,a421c0c287,1.7603
66,18,50,0.029317,0.010828,269,232,46,empanado congelado,a421c0c287,1.7603
66,19,50,0.030222,0.010456,270,237,46,empanado congelado,c212fb9845,1.8102
66,20,50,0.029676,0.011153,264,232,46,empanado congelado,57ec64531b,2.2295
66,21,50,0.030542,0.010889,266,233,46,empanado congelado,4465c05f0c,3.0337
66,22,50,0.028984,0.010388,273,236,46,empanado congelado,dcb44affb1,2.8654
66,23,50,0.033165,0.010568,266,229,46,empanado congelado,eeef7d2a6c,2.8561
66,24,50,0.029637,0.010589,267,230,46,empanado congelado,d7c7530f62,2.8383
66,25,50,0.028904,0.010506,269,233,46,empanado congelado,b8c904b994,1.7507
66,26,50,0.032552,0.009890,271,235,46,empanado congelado,30f2ad71b4,2.7136
66,27,50,0.029796,0.010800,268,231,46,empanado congelado,4eb2647145,3.0047
66,28,50,0.028332,0.009805,268,230,46,empanado congelado,7766fb27b2,2.0734
66,29,50,0.029796,0.010800,268,231,46,empanado congelado,4eb2647145,3.0047
66,30,50,0.028478,0.010502,270,233,46,empanado congelado,cef020b159,2.6748
66,31,50,0.029796,0.010800,268,231,46,empanado congelado,4eb2647145,3.0047
66,32,50,0.029676,0.011153,264,232,46,empanado congelado,57ec64531b,2.2295
66,33,50,0.033005,0.011092,272,236,46,empanado congelado,ef915661f4,2.9133
66,34,50,0.026721,0.010842,268,231,46,empanado congelado,9c2a8df77c,2.7847
66,35,50,0.029357,0.009845,271,234,46,empanado congelado,97424d010c,1.8009
66,36,50,0.029676,0.010283,274,236,46,empanado congelado,ecae50173d,1.7490
66,37,50,0.030355,0.009915,268,234,46,empanado congelado,843f7819b3,2.8163
66,38,50,0.030901,0.011040,270,233,46,empanado congelado,3c1ca02b7c,2.6481
66,39,50,0.029570,0.010277,273,235,46,empanado congelado,34d446c957,2.9879
66,40,50,0.029796,0.010800,268,231,46,empanado congelado,4eb2647145,3.0047
66,41,50,0.030595,0.010317,269,232,46,empanado congelado,c2e6b4b2fd,1.8504
66,42,50,0.029317,0.010828,269,232,46,empanado congelado,a421c0c287,1.7603
66,43,50,0.038370,0.010718,270,235,46,empanado congelado,00bf903440,3.0302
66,44,50,0.029357,0.009845,271,234,46,empanado congelado,97424d010c,1.8009
66,45,50,0.031580,0.011370,269,234,47,empanado congelado,cd454997b6,2.8166
66,46,50,0.029091,0.010776,269,233,46,empanado congelado,e3dc94ad18,2.9591
66,47,50,0.031966,0.010559,269,233,46,empanado congelado,73dbdd5cf7,1.8446
66,48,50,0.032392,0.010823,268,232,46,empanado congelado,d1331dad2f,2.7143
66,49,50,0.030142,0.010235,270,233,46,empanado congelado,c619c3a5bf,2.7322
67,0,50,0.026721,0.010842,268,231,46,empanado congelado,9c2a8df77c,2.7847
67,1,50,0.028332,0.009805,268,230,46,empanado congelado,7766fb27b2,2.0734
67,2,50,0.028332,0.009805,268,230,46,empanado congelado,7766fb27b2,2.0734
67,3,50,0.028478,0.010502,270,233,46,empanado congelado,cef020b159,2.6748
67,4,50,0.028691,0.010630,270,234,46,empanado congelado,ca10ed7f96,3.0426
67,5,50,0.028332,0.009805,268,230,46,empanado congelado,7766fb27b2,2.0734
67,6,50,0.029796,0.010800,268,231,46,empanado congelado,4eb2647145,3.0047
67,7,50,0.032446,0.010487,274,238,46,empanado congelado,09f6e8f5ed,3.0005
67,8,50,0.028904,0.010506,269,233,46,empanado congelado,b8c904b994,1.7507
67,9,50,0.028984,0.010388,273,236,46,empanado congelado,dcb44affb1,2.8654
67,10,50,0.026721,0.010842,268,231,46,empanado congelado,9c2a8df77c,2.7847
67,11,50,0.028904,0.010506,269,233,46,empanado congelado,b8c904b994,1.7507
67,12,50,0.030302,0.010752,270,233,46,empanado congelado,44d9e3a187,2.9979
67,13,50,0.029823,0.010849,268,231,46,empanado congelado,7e6fb5972b,2.8891
67,14,50,0.030289,0.010316,270,233,46,empanado congelado,a84151b7ce,2.8552
67,15,50,0.028691,0.010630,270,234,46,empanado congelado,ca10ed7f96,3.0426
67,16,50,0.028332,0.009805,268,230,46,empanado congelado,7766fb27b2,2.0734
67,17,50,0.030542,0.010889,266,233,46,empanado congelado,4465c05f0c,3.0337
67,18,50,0.030529,0.010831,265,233,46,empanado congelado,a71d1f1703,2.8195
67,19,50,0.028332,0.009805,268,230,46,empanado congelado,7766fb27b2,2.0734
67,20,50,0.029357,0.009845,271,234,46,empanado congelado,97424d010c,1.8009
67,21,50,0.029317,0.010828,269,232,46,empanado congelado,a421c0c287,1.7603
67,22,50,0.029317,0.010828,269,232,46,empanado congelado,a421c0c287,1.7603
67,23,50,0.029157,0.010779,269,232,46,empanado congelado,dfd100f090,2.6822
67,24,50,0.026721,0.010842,268,231,46,empanado congelado,9c2a8df77c,2.7847
67,25,50,0.029796,0.010800,268,231,46,empanado congelado,4eb2647145,3.0047
67,26,50,0.030209,0.010267,266,232,46,empanado congelado,adfb33d514,2.9770
67,27,50,0.028332,0.009805,268,230,46,empanado congelado,7766fb27b2,2.0734
67,28,50,0.029357,0.009845,271,234,46,empanado congelado,97424d010c,1.8009
67,29,50,0.032392,0.010823,268,232,46,empanado congelado,d1331dad2f,2.7143
67,30,50,0.030289,0.010032,271,234,46,empanado congelado,2759cfee66,2.7337
67,31,50,0.026721,0.010842,268,231,46,empanado congelado,9c2a8df77c,2.7847
67,32,50,0.033977,0.011890,270,234,47,empanado congelado,b322452fe8,2.9472
67,33,50,0.030289,0.010316,270,233,46,empanado congelado,a84151b7ce,2.8552
67,34,50,0.030116,0.010718,269,231,46,empanado congelado,cccb2417c5,2.8448
67,35,50,0.028904,0.010506,269,233,46,empanado congelado,b8c904b994,1.7507
67,36,50,0.028904,0.010506,269,233,46,empanado congelado,b8c904b994,1.7507
67,37,50,0.031900,0.010842,269,233,46,empanado congelado,973c056560,2.7201
67,38,50,0.028678,0.010103,275,238,46,empanado congelado,531172fc5b,2.7086
67,39,50,0.028997,0.011387,267,231,46,empanado congelado,75d0cfcaa4,2.8749
67,40,50,0.030089,0.011154,268,230,46,empanado congelado,93945cd115,2.8432
67,41,50,0.028332,0.009805,268,230,46,empanado congelado,7766fb27b2,2.0734
67,42,50,0.029796,0.010800,268,231,46,empanado congelado,4eb2647145,3.0047
67,43,50,0.028332,0.009805,268,230,46,empanado congelado,7766fb27b2,2.0734
67,44,50,0.029357,0.009845,271,234,46,empanado congelado,97424d010c,1.8009
67,45,50,0.028478,0.010502,270,233,46,empanado congelado,cef020b159,2.6748
67,46,50,0.028984,0.010388,273,236,46,empanado congelado,dcb44affb1,2.8654
67,47,50,0.055745,0.011578,272,234,46,empanado congelado,d8617655b9,2.8833
67,48,50,0.030142,0.010235,270,233,46,empanado congelado,c619c3a5bf,2.7322
67,49,50,0.029983,0.010045,270,232,46,empanado congelado,4063d44cc7,2.9737
68,0,50,0.026721,0.010842,268,231,46,empanado congelado,9c2a8df77c,2.7847
68,1,50,0.026721,0.010842,268,231,46,empanado congelado,9c2a8df77c,2.7847
68,2,50,0.026721,0.010842,268,231,46,empanado congelado,9c2a8df77c,2.7847
68,3,50,0.026721,0.010842,268,231,46,empanado congelado,9c2a8df77c,2.7847
68,4,50,0.028332,0.009805,268,230,46,empanado congelado,7766fb27b2,2.0734
68,5,50,0.033258,0.009451,270,237,46,empanado congelado,ddd9121632,2.9488
68,6,50,0.027480,0.010849,267,229,46,empanado congelado,4c23265bcb,2.8121
68,7,50,0.030435,0.010230,273,236,46,empanado congelado,d591c1ef4c,2.9740
68,8,50,0.029091,0.010776,269,233,46,empanado congelado,e3dc94ad18,2.9591
68,9,50,0.029317,0.010828,269,232,46,empanado congelado,a421c0c287,1.7603
68,10,50,0.030049,0.011168,270,233,46,empanado congelado,f16435a4c6,2.7599
68,11,50,0.028904,0.010506,269,233,46,empanado congelado,b8c904b994,1.7507
68,12,50,0.029317,0.010828,269,232,46,empanado congelado,a421c0c287,1.7603
68,13,50,0.028691,0.010630,270,234,46,empanado congelado,ca10ed7f96,3.0426
68,14,50,0.028478,0.010502,270,233,46,empanado congelado,cef020b159,2.6748
68,15,50,0.029210,0.010659,272,235,46,empanado congelado,fa2df62c65,2.9157
68,16,50,0.031900,0.010842,269,233,46,empanado congelado,973c056560,2.7201
68,17,50,0.028332,0.009805,268,230,46,empanado congelado,7766fb27b2,2.0734
68,18,50,0.028332,0.009805,268,230,46,empanado congelado,7766fb27b2,2.0734
68,19,50,0.030875,0.011186,270,233,46,empanado congelado,be131772f6,2.8670
68,20,50,0.025842,0.010328,271,234,46,empanado congelado,28006f16ef,2.6305
68,21,50,0.028332,0.009805,268,230,46,empanado congelado,7766fb27b2,2.0734
68,22,50,0.026721,0.010842,268,231,46,empanado congelado,9c2a8df77c,2.7847
68,23,50,0.030289,0.010316,270,233,46,empanado congelado,a84151b7ce,2.8552
68,24,50,0.028119,0.009991,270,232,46,empanado congelado,182608d8bf,2.9724
68,25,50,0.027386,0.009959,269,231,46,empanado congelado,cd0ba5381f,2.9526
68,26,50,0.032672,0.010456,269,231,46,empanado congelado,e79177a3b0,3.0366
68,27,50,0.027852,0.009833,269,231,46,empanado congelado,76545d0a95,2.7493
68,28,50,0.028958,0.010474,269,232,46,empanado congelado,966644960e,1.7122
68,29,50,0.028332,0.009805,268,230,46,empanado congelado,7766fb27b2,2.0734
68,30,50,0.028332,0.009805,268,230,46,empanado congelado,7766fb27b2,2.0734
68,31,50,0.029184,0.010224,263,228,46,empanado congelado,fd935b901d,2.7889
68,32,50,0.030289,0.010316,270,233,46,empanado congelado,a84151b7ce,2.8552
68,33,50,0.028904,0.010714,271,235,46,empanado congelado,832d844800,3.1735
68,34,50,0.028878,0.009873,272,235,46,empanado congelado,0ccb7a39e3,2.8333
68,35,50,0.032606,0.010646,271,236,46,empanado congelado,600ec543d2,2.6711
68,36,50,0.028958,0.010005,267,228,46,empanado congelado,9d0b9b4413,2.6888
68,37,50,0.029929,0.011102,268,232,46,empanado congelado,d03d7c62bc,2.8964
68,38,50,0.028199,0.010859,269,231,46,empanado congelado,eb365ef399,2.8639
68,39,50,0.028904,0.010506,269,233,46,empanado congelado,b8c904b994,1.7507
68,40,50,0.028904,0.010506,269,233,46,empanado congelado,b8c904b994,1.7507
68,41,50,0.026721,0.010842,268,231,46,empanado congelado,9c2a8df77c,2.7847
68,42,50,0.026721,0.010842,268,231,46,empanado congelado,9c2a8df77c,2.7847
68,43,50,0.030675,0.010266,268,232,46,empanado congelado,325b9d4bbd,2.8108
68,44,50,0.027027,0.010448,271,232,46,empanado congelado,f10e689fc9,2.9001
68,45,50,0.027386,0.009959,269,231,46,empanado congelado,cd0ba5381f,2.9526
68,46,50,0.033058,0.010500,271,236,46,empanado congelado,6c2fa03236,2.8288
68,47,50,0.028332,0.009805,268,230,46,empanado congelado,7766fb27b2,2.0734
68,48,50,0.028904,0.010506,269,233,46,empanado congelado,b8c904b994,1.7507
68,49,50,0.028332,0.009805,268,230,46,empanado congelado,7766fb27b2,2.0734
69,0,50,0.025842,0.010328,271,234,46,empanado congelado,28006f16ef,2.6305
69,1,50,0.026721,0.010842,268,231,46,empanado congelado,9c2a8df77c,2.7847
69,2,50,0.026721,0.010842,268,231,46,empanado congelado,9c2a8df77c,2.7847
69,3,50,0.026721,0.010842,268,231,46,empanado congelado,9c2a8df77c,2.7847
69,4,50,0.026721,0.010842,268,231,46,empanado congelado,9c2a8df77c,2.7847
69,5,50,0.025842,0.010328,271,234,46,empanado congelado,28006f16ef,2.6305
69,6,50,0.028944,0.010689,271,236,47,empanado congelado,dfef01ad22,3.1163
69,7,50,0.026721,0.010842,268,231,46,empanado congelado,9c2a8df77c,2.7847
69,8,50,0.027386,0.009959,269,231,46,empanado congelado,cd0ba5381f,2.9526
69,9,50,0.028332,0.009805,268,230,46,empanado congelado,7766fb27b2,2.0734
69,10,50,0.028119,0.009991,270,232,46,empanado congelado,182608d8bf,2.9724
69,11,50,0.029477,0.010203,271,235,46,empanado congelado,e7f36dfe40,2.9390
69,12,50,0.027986,0.010441,266,227,46,empanado congelado,72e2f87ca1,2.8692
69,13,50,0.032219,0.010721,269,232,46,empanado congelado,97c7b562a9,2.7542
69,14,50,0.026721,0.010842,268,231,46,empanado congelado,9c2a8df77c,2.7847
69,15,50,0.030635,0.010972,271,233,47,empanado congelado,69b57cd7bf,3.0832
69,16,50,0.027666,0.010591,267,230,46,empanado congelado,f12f22481b,2.9178
69,17,50,0.026721,0.010842,268,231,46,empanado congelado,9c2a8df77c,2.7847
69,18,50,0.026721,0.010842,268,231,46,empanado congelado,9c2a8df77c,2.7847
69,19,50,0.028332,0.009805,268,230,46,empanado congelado,7766fb27b2,2.0734
69,20,50,0.028332,0.009805,268,230,46,empanado congelado,7766fb27b2,2.0734
69,21,50,0.026774,0.009692,270,231,46,empanado congelado,ea4f45f4b5,3.3830
69,22,50,0.029477,0.010203,271,235,46,empanado congelado,e7f36dfe40,2.9390
69,23,50,0.028665,0.010327,271,234,46,empanado congelado,a7cdb47ec8,2.7208
69,24,50,0.029756,0.010304,272,236,46,empanado congelado,1bdfd49db0,3.3818
69,25,50,0.030795,0.010054,271,235,46,empanado congelado,90ae8c42cc,2.7376
69,26,50,0.028332,0.009805,268,230,46,empanado congelado,7766fb27b2,2.0734
69,27,50,0.026721,0.010842,268,231,46,empanado congelado,9c2a8df77c,2.7847
69,28,50,0.026721,0.010842,268,231,46,empanado congelado,9c2a8df77c,2.7847
69,29,50,0.026721,0.010842,268,231,46,empanado congelado,9c2a8df77c,2.7847
69,30,50,0.026721,0.010842,268,231,46,empanado congelado,9c2a8df77c,2.7847
69,31,50,0.028878,0.009873,272,235,46,empanado congelado,0ccb7a39e3,2.8333
69,32,50,0.028199,0.010859,269,231,46,empanado congelado,eb365ef399,2.8639
69,33,50,0.028199,0.010859,269,231,46,empanado congelado,eb365ef399,2.8639
69,34,50,0.026721,0.010842,268,231,46,empanado congelado,9c2a8df77c,2.7847
69,35,50,0.028332,0.009805,268,230,46,empanado congelado,7766fb27b2,2.0734
69,36,50,0.030369,0.010164,271,233,46,empanado congelado,7c08dcc298,2.9792
69,37,50,0.027386,0.009959,269,231,46,empanado congelado,cd0ba5381f,2.9526
69,38,50,0.027386,0.009959,269,231,46,empanado congelado,cd0ba5381f,2.9526
69,39,50,0.029716,0.011058,269,231,46,empanado congelado,ba93b474ad,3.0135
69,40,50,0.026960,0.010870,267,229,46,empanado congelado,883b98d4bf,2.8295
69,41,50,0.030915,0.010202,272,235,46,empanado congelado,15c8e35ab9,2.7806
69,42,50,0.025549,0.010433,265,226,46,empanado congelado,28174dcb8c,2.6506
69,43,50,0.026721,0.010842,268,231,46,empanado congelado,9c2a8df77c,2.7847
69,44,50,0.029317,0.010828,269,232,46,empanado congelado,a421c0c287,1.7603
69,45,50,0.028199,0.010859,269,231,46,empanado congelado,eb365ef399,2.8639
69,46,50,0.026721,0.010842,268,231,46,empanado congelado,9c2a8df77c,2.7847
69,47,50,0.027679,0.010148,270,232,46,empanado congelado,969481f37f,2.9988
69,48,50,0.028372,0.010223,270,231,46,empanado congelado,9f0039762a,2.9752
69,49,50,0.026721,0.010842,268,231,46,empanado congelado,9c2a8df77c,2.7847
70,0,50,0.025549,0.010433,265,226,46,empanado congelado,28174dcb8c,2.6506
70,1,50,0.025842,0.010328,271,234,46,empanado congelado,28006f16ef,2.6305
70,2,50,0.025842,0.010328,271,234,46,empanado congelado,28006f16ef,2.6305
70,3,50,0.026721,0.010842,268,231,46,empanado congelado,9c2a8df77c,2.7847
70,4,50,0.026721,0.010842,268,231,46,empanado congelado,9c2a8df77c,2.7847
70,5,50,0.027666,0.010591,267,230,46,empanado congelado,f12f22481b,2.9178
70,6,50,0.025842,0.010328,271,234,46,empanado congelado,28006f16ef,2.6305
70,7,50,0.028199,0.010859,269,231,46,empanado congelado,eb365ef399,2.8639
70,8,50,0.027986,0.010441,266,227,46,empanado congelado,72e2f87ca1,2.8692
70,9,50,0.027373,0.010867,267,229,46,empanado congelado,070bd8149c,2.9794
70,10,50,0.026721,0.010842,268,231,46,empanado congelado,9c2a8df77c,2.7847
70,11,50,0.027986,0.010441,266,227,46,empanado congelado,72e2f87ca1,2.8692
70,12,50,0.026721,0.010842,268,231,46,empanado congelado,9c2a8df77c,2.7847
70,13,50,0.026721,0.010842,268,231,46,empanado congelado,9c2a8df77c,2.7847
70,14,50,0.025842,0.010328,271,234,46,empanado congelado,28006f16ef,2.6305
70,15,50,0.026721,0.010842,268,231,46,empanado congelado,9c2a8df77c,2.7847
70,16,50,0.025842,0.010328,271,234,46,empanado congelado,28006f16ef,2.6305
70,17,50,0.026721,0.010842,268,231,46,empanado congelado,9c2a8df77c,2.7847
70,18,50,0.026721,0.010842,268,231,46,empanado congelado,9c2a8df77c,2.7847
70,19,50,0.025842,0.010328,271,234,46,empanado congelado,28006f16ef,2.6305
70,20,50,0.026721,0.010842,268,231,46,empanado congelado,9c2a8df77c,2.7847
70,21,50,0.025549,0.010433,265,226,46,empanado congelado,28174dcb8c,2.6506
70,22,50,0.030808,0.011106,269,232,46,empanado congelado,b6b33a6edb,3.3775
70,23,50,0.027826,0.010889,264,229,46,empanado congelado,958c379473,2.7599
70,24,50,0.025549,0.010433,265,226,46,empanado congelado,28174dcb8c,2.6506
70,25,50,0.026721,0.010842,268,231,46,empanado congelado,9c2a8df77c,2.7847
70,26,50,0.026721,0.010842,268,231,46,empanado congelado,9c2a8df77c,2.7847
70,27,50,0.028199,0.010859,269,231,46,empanado congelado,eb365ef399,2.8639
70,28,50,0.025842,0.010328,271,234,46,empanado congelado,28006f16ef,2.6305
70,29,50,0.043696,0.010994,272,236,45,empanado congelado,dd5118cd14,2.7839
70,30,50,0.025842,0.010328,271,234,46,empanado congelado,28006f16ef,2.6305
70,31,50,0.028332,0.009805,268,230,46,empanado congelado,7766fb27b2,2.0734
70,32,50,0.026774,0.009692,270,231,46,empanado congelado,ea4f45f4b5,3.3830
70,33,50,0.029996,0.010852,269,233,47,empanado congelado,0abbb6104f,2.9043
70,34,50,0.029477,0.010203,271,235,46,empanado congelado,e7f36dfe40,2.9390
70,35,50,0.026721,0.010842,268,231,46,empanado congelado,9c2a8df77c,2.7847
70,36,50,0.026721,0.010842,268,231,46,empanado congelado,9c2a8df77c,2.7847
70,37,50,0.026721,0.010842,268,231,46,empanado congelado,9c2a8df77c,2.7847
70,38,50,0.028944,0.010689,271,236,47,empanado congelado,dfef01ad22,3.1163
70,39,50,0.026721,0.010842,268,231,46,empanado congelado,9c2a8df77c,2.7847
70,40,50,0.027386,0.010807,267,228,46,empanado congelado,4fbb1a146a,2.8850
70,41,50,0.027014,0.010739,269,233,46,empanado congelado,dc7231116b,2.8593
70,42,50,0.029969,0.011067,268,232,46,empanado congelado,a0d43afc63,2.8068
70,43,50,0.026721,0.010842,268,231,46,empanado congelado,9c2a8df77c,2.7847
70,44,50,0.026721,0.010842,268,231,46,empanado congelado,9c2a8df77c,2.7847
70,45,50,0.027014,0.010739,269,233,46,empanado congelado,dc7231116b,2.8593
70,46,50,0.026268,0.009919,268,233,46,empanado congelado,4c9db29d7f,2.8599
70,47,50,0.027852,0.010946,266,228,46,empanado congelado,e9ca7b723d,2.9491
70,48,50,0.026721,0.010842,268,231,46,empanado congelado,9c2a8df77c,2.7847
70,49,50,0.028718,0.010588,272,234,47,empanado congelado,17c39d276e,3.0145
71,0,50,0.025549,0.010433,265,226,46,empanado congelado,28174dcb8c,2.6506
71,1,50,0.025549,0.010433,265,226,46,empanado congelado,28174dcb8c,2.6506
71,2,50,0.025549,0.010433,265,226,46,empanado congelado,28174dcb8c,2.6506
71,3,50,0.025842,0.010328,271,234,46,empanado congelado,28006f16ef,2.6305
71,4,50,0.025842,0.010328,271,234,46,empanado congelado,28006f16ef,2.6305
71,5,50,0.025842,0.010328,271,234,46,empanado congelado,28006f16ef,2.6305
71,6,50,0.025842,0.010328,271,234,46,empanado congelado,28006f16ef,2.6305
71,7,50,0.025842,0.010328,271,234,46,empanado congelado,28006f16ef,2.6305
71,8,50,0.025842,0.010328,271,234,46,empanado congelado,28006f16ef,2.6305
71,9,50,0.025549,0.010433,265,226,46,empanado congelado,28174dcb8c,2.6506
71,10,50,0.026388,0.010024,272,234,46,empanado congelado,60bfa85dd3,3.1357
71,11,50,0.026481,0.009863,270,232,45,empanado congelado,56f3705cf7,2.9559
71,12,50,0.026108,0.010187,270,231,46,empanado congelado,543e4e37fe,3.4656
71,13,50,0.027014,0.010739,269,233,46,empanado congelado,dc7231116b,2.8593
71,14,50,0.026268,0.009919,268,233,46,empanado congelado,4c9db29d7f,2.8599
71,15,50,0.026894,0.010480,271,234,47,empanado congelado,a14a85d6fb,2.9326
71,16,50,0.026694,0.010717,263,226,47,sal,0657b17241,2.9237
71,17,50,0.026721,0.010842,268,231,46,empanado congelado,9c2a8df77c,2.7847
71,18,50,0.026907,0.010494,269,231,46,empanado congelado,a9972ec4a0,2.8486
71,19,50,0.026721,0.010842,268,231,46,empanado congelado,9c2a8df77c,2.7847
71,20,50,0.026721,0.010842,268,231,46,empanado congelado,9c2a8df77c,2.7847
71,21,50,0.034110,0.011422,261,225,46,empanado congelado,1503eb1d1d,2.7307
71,22,50,0.026721,0.010842,268,231,46,empanado congelado,9c2a8df77c,2.7847
71,23,50,0.025842,0.010328,271,234,46,empanado congelado,28006f16ef,2.6305
71,24,50,0.032685,0.011485,267,231,46,empanado congelado,1dfde223c2,2.7264
71,25,50,0.026721,0.010842,268,231,46,empanado congelado,9c2a8df77c,2.7847
71,26,50,0.025549,0.010433,265,226,46,empanado congelado,28174dcb8c,2.6506
71,27,50,0.026721,0.010842,268,231,46,empanado congelado,9c2a8df77c,2.7847
71,28,50,0.026388,0.010024,272,234,46,empanado congelado,60bfa85dd3,3.1357
71,29,50,0.026614,0.010483,268,230,46,empanado congelado,5b65276767,2.8944
71,30,50,0.025549,0.010433,265,226,46,empanado congelado,28174dcb8c,2.6506
71,31,50,0.025842,0.010328,271,234,46,empanado congelado,28006f16ef,2.6305
71,32,50,0.031713,0.010479,269,233,45,empanado congelado,9e51411ead,3.0559
71,33,50,0.030888,0.010830,273,236,47,empanado congelado,908d11d017,2.8684
71,34,50,0.026721,0.010842,268,231,46,empanado congelado,9c2a8df77c,2.7847
71,35,50,0.026721,0.010842,268,231,46,empanado congelado,9c2a8df77c,2.7847
71,36,50,0.026721,0.010842,268,231,46,empanado congelado,9c2a8df77c,2.7847
71,37,50,0.026721,0.010842,268,231,46,empanado congelado,9c2a8df77c,2.7847
71,38,50,0.024191,0.010007,265,227,46,empanado congelado,877daa522a,2.6535
71,39,50,0.024364,0.010311,265,228,46,empanado congelado,744b28908c,2.8191
71,40,50,0.026601,0.010226,271,233,46,empanado congelado,07970fe91e,2.8534
71,41,50,0.025842,0.010328,271,234,46,empanado congelado,28006f16ef,2.6305
71,42,50,0.026721,0.010842,268,231,46,empanado congelado,9c2a8df77c,2.7847
71,43,50,0.026348,0.010652,267,231,46,empanado congelado,d8b886d9e4,2.9027
71,44,50,0.025842,0.010328,271,234,46,empanado congelado,28006f16ef,2.6305
71,45,50,0.026907,0.010494,269,231,46,empanado congelado,a9972ec4a0,2.8486
71,46,50,0.025549,0.010433,265,226,46,empanado congelado,28174dcb8c,2.6506
71,47,50,0.026361,0.010405,267,233,46,empanado congelado,50d289b409,2.7356
71,48,50,0.026721,0.010842,268,231,46,empanado congelado,9c2a8df77c,2.7847
71,49,50,0.026934,0.010554,269,232,47,empanado congelado,b5f39e12c7,2.7409
72,0,50,0.024191,0.010007,265,227,46,empanado congelado,877daa522a,2.6535
72,1,50,0.024364,0.010311,265,228,46,empanado congelado,744b28908c,2.8191
72,2,50,0.025549,0.010433,265,226,46,empanado congelado,28174dcb8c,2.6506
72,3,50,0.025549,0.010433,265,226,46,empanado congelado,28174dcb8c,2.6506
72,4,50,0.025549,0.010433,265,226,46,empanado congelado,28174dcb8c,2.6506
72,5,50,0.024364,0.010311,265,228,46,empanado congelado,744b28908c,2.8191
72,6,50,0.024191,0.010007,265,227,46,empanado congelado,877daa522a,2.6535
72,7,50,0.025842,0.010328,271,234,46,empanado congelado,28006f16ef,2.6305
72,8,50,0.028372,0.009892,272,234,46,empanado congelado,90eb4bb241,3.0065
72,9,50,0.025842,0.010328,271,234,46,empanado congelado,28006f16ef,2.6305
72,10,50,0.024191,0.010007,265,227,46,empanado congelado,877daa522a,2.6535
72,11,50,0.026721,0.010842,268,231,46,empanado congelado,9c2a8df77c,2.7847
72,12,50,0.025549,0.010433,265,226,46,empanado congelado,28174dcb8c,2.6506
72,13,50,0.025842,0.010328,271,234,46,empanado congelado,28006f16ef,2.6305
72,14,50,0.025842,0.010328,271,234,46,empanado congelado,28006f16ef,2.6305
72,15,50,0.026268,0.009919,268,233,46,empanado congelado,4c9db29d7f,2.8599
72,16,50,0.025842,0.010328,271,234,46,empanado congelado,28006f16ef,2.6305
72,17,50,0.025842,0.010328,271,234,46,empanado congelado,28006f16ef,2.6305
72,18,50,0.026268,0.009919,268,233,46,empanado congelado,4c9db29d7f,2.8599
72,19,50,0.024364,0.010311,265,228,46,empanado congelado,744b28908c,2.8191
72,20,50,0.026388,0.010024,272,234,46,empanado congelado,60bfa85dd3,3.1357
72,21,50,0.027813,0.010792,267,229,46,empanado congelado,6559549706,2.9954
72,22,50,0.025549,0.010433,265,226,46,empanado congelado,28174dcb8c,2.6506
72,23,50,0.026388,0.010024,272,234,46,empanado congelado,60bfa85dd3,3.1357
72,24,50,0.025842,0.010328,271,234,46,empanado congelado,28006f16ef,2.6305
72,25,50,0.024364,0.010311,265,228,46,empanado congelado,744b28908c,2.8191
72,26,50,0.025549,0.010433,265,226,46,empanado congelado,28174dcb8c,2.6506
72,27,50,0.025549,0.010433,265,226,46,empanado congelado,28174dcb8c,2.6506
72,28,50,0.026481,0.009863,270,232,45,empanado congelado,56f3705cf7,2.9559
72,29,50,0.026388,0.010024,272,234,46,empanado congelado,60bfa85dd3,3.1357
72,30,50,0.024364,0.010311,265,228,46,empanado congelado,744b28908c,2.8191
72,31,50,0.026348,0.010652,267,231,46,empanado congelado,d8b886d9e4,2.9027
72,32,50,0.024364,0.010311,265,228,46,empanado congelado,744b28908c,2.8191
72,33,50,0.025549,0.010433,265,226,46,empanado congelado,28174dcb8c,2.6506
72,34,50,0.025549,0.010433,265,226,46,empanado congelado,28174dcb8c,2.6506
72,35,50,0.024191,0.010007,265,227,46,empanado congelado,877daa522a,2.6535
72,36,50,0.025842,0.010328,271,234,46,empanado congelado,28006f16ef,2.6305
72,37,50,0.026468,0.010361,270,231,46,empanado congelado,af0501fc3b,2.8509
72,38,50,0.027386,0.009959,269,231,46,empanado congelado,cd0ba5381f,2.9526
72,39,50,0.025549,0.010433,265,226,46,empanado congelado,28174dcb8c,2.6506
72,40,50,0.025549,0.010433,265,226,46,empanado congelado,28174dcb8c,2.6506
72,41,50,0.032259,0.009610,265,230,46,empanado congelado,5b826c7fd9,2.6632
72,42,50,0.026028,0.010163,270,232,46,empanado congelado,a72ffa2b9e,2.8473
72,43,50,0.027400,0.010752,266,228,46,empanado congelado,e1f0e14165,2.8774
72,44,50,0.024364,0.010311,265,228,46,empanado congelado,744b28908c,2.8191
72,45,50,0.024191,0.010007,265,227,46,empanado congelado,877daa522a,2.6535
72,46,50,0.027134,0.010257,271,234,46,empanado congelado,5c2dcfd5d7,2.8829
72,47,50,0.026268,0.009919,268,233,46,empanado congelado,4c9db29d7f,2.8599
72,48,50,0.024191,0.010007,265,227,46,empanado congelado,877daa522a,2.6535
72,49,50,0.026721,0.010842,268,231,46,empanado congelado,9c2a8df77c,2.7847
73,0,50,0.024191,0.010007,265,227,46,empanado congelado,877daa522a,2.6535
73,1,50,0.024191,0.010007,265,227,46,empanado congelado,877daa522a,2.6535
73,2,50,0.024191,0.010007,265,227,46,empanado congelado,877daa522a,2.6535
73,3,50,0.024191,0.010007,265,227,46,empanado congelado,877daa522a,2.6535
73,4,50,0.024191,0.010007,265,227,46,empanado congelado,877daa522a,2.6535
73,5,50,0.024364,0.010311,265,228,46,empanado congelado,744b28908c,2.8191
73,6,50,0.024604,0.009978,268,229,46,empanado congelado,3680cc64e4,2.7868
73,7,50,0.025842,0.010328,271,234,46,empanado congelado,28006f16ef,2.6305
73,8,50,0.024191,0.010007,265,227,46,empanado congelado,877daa522a,2.6535
73,9,50,0.024364,0.010311,265,228,46,empanado congelado,744b28908c,2.8191
73,10,50,0.024191,0.010007,265,227,46,empanado congelado,877daa522a,2.6535
73,11,50,0.024977,0.009509,266,228,46,empanado congelado,45b60b8a19,2.6845
73,12,50,0.030821,0.010028,266,230,46,empanado congelado,0118d93cf0,2.9128
73,13,50,0.024364,0.010311,265,228,46,empanado congelado,744b28908c,2.8191
73,14,50,0.025549,0.010433,265,226,46,empanado congelado,28174dcb8c,2.6506
73,15,50,0.024364,0.010311,265,228,46,empanado congelado,744b28908c,2.8191
73,16,50,0.024191,0.010007,265,227,46,empanado congelado,877daa522a,2.6535
73,17,50,0.024191,0.010007,265,227,46,empanado congelado,877daa522a,2.6535
73,18,50,0.024191,0.010007,265,227,46,empanado congelado,877daa522a,2.6535
73,19,50,0.024191,0.010007,265,227,46,empanado congelado,877daa522a,2.6535
73,20,50,0.025842,0.010328,271,234,46,empanado congelado,28006f16ef,2.6305
73,21,50,0.024364,0.010311,265,228,46,empanado congelado,744b28908c,2.8191
73,22,50,0.024364,0.010311,265,228,46,empanado congelado,744b28908c,2.8191
73,23,50,0.024364,0.010311,265,228,46,empanado congelado,744b28908c,2.8191
73,24,50,0.024364,0.010311,265,228,46,empanado congelado,744b28908c,2.8191
73,25,50,0.024191,0.010007,265,227,46,empanado congelado,877daa522a,2.6535
73,26,50,0.026388,0.010024,272,234,46,empanado congelado,60bfa85dd3,3.1357
73,27,50,0.024191,0.010007,265,227,46,empanado congelado,877daa522a,2.6535
73,28,50,0.025842,0.010328,271,234,46,empanado congelado,28006f16ef,2.6305
73,29,50,0.024191,0.010007,265,227,46,empanado congelado,877daa522a,2.6535
73,30,50,0.025549,0.010433,265,226,46,empanado congelado,28174dcb8c,2.6506
73,31,50,0.024191,0.010007,265,227,46,empanado congelado,877daa522a,2.6535
73,32,50,0.025549,0.010433,265,226,46,empanado congelado,28174dcb8c,2.6506
73,33,50,0.025549,0.010433,265,226,46,empanado congelado,28174dcb8c,2.6506
73,34,50,0.024364,0.010311,265,228,46,empanado congelado,744b28908c,2.8191
73,35,50,0.024085,0.010310,265,230,47,empanado congelado,7d5a5c23ef,2.9019
73,36,50,0.027293,0.010095,268,233,46,empanado congelado,99f60921cc,2.7626
73,37,50,0.025549,0.010433,265,226,46,empanado congelado,28174dcb8c,2.6506
73,38,50,0.024364,0.010311,265,228,46,empanado congelado,744b28908c,2.8191
73,39,50,0.025549,0.010433,265,226,46,empanado congelado,28174dcb8c,2.6506
73,40,50,0.024191,0.010007,265,227,46,empanado congelado,877daa522a,2.6535
73,41,50,0.025842,0.010328,271,234,46,empanado congelado,28006f16ef,2.6305
73,42,50,0.025842,0.010328,271,234,46,empanado congelado,28006f16ef,2.6305
73,43,50,0.025549,0.010433,265,226,46,empanado congelado,28174dcb8c,2.6506
73,44,50,0.025549,0.010433,265,226,46,empanado congelado,28174dcb8c,2.6506
73,45,50,0.024191,0.010007,265,227,46,empanado congelado,877daa522a,2.6535
73,46,50,0.027200,0.009911,266,228,46,empanado congelado,1d0865f1e2,2.7250
73,47,50,0.024191,0.010007,265,227,46,empanado congelado,877daa522a,2.6535
73,48,50,0.029317,0.010468,264,224,45,empanado congelado,37dc6e9495,2.7290
73,49,50,0.026907,0.010494,269,231,46,empanado congelado,a9972ec4a0,2.8486
74,0,50,0.024085,0.010310,265,230,47,empanado congelado,7d5a5c23ef,2.9019
74,1,50,0.024191,0.010007,265,227,46,empanado congelado,877daa522a,2.6535
74,2,50,0.024191,0.010007,265,227,46,empanado congelado,877daa522a,2.6535
74,3,50,0.024191,0.010007,265,227,46,empanado congelado,877daa522a,2.6535
74,4,50,0.024191,0.010007,265,227,46,empanado congelado,877daa522a,2.6535
74,5,50,0.024191,0.010007,265,227,46,empanado congelado,877daa522a,2.6535
74,6,50,0.024191,0.010007,265,227,46,empanado congelado,877daa522a,2.6535
74,7,50,0.024191,0.010007,265,227,46,empanado congelado,877daa522a,2.6535
74,8,50,0.025136,0.010456,264,227,47,empanado congelado,b8621fb905,3.0529
74,9,50,0.024191,0.010007,265,227,46,empanado congelado,877daa522a,2.6535
74,10,50,0.024191,0.010007,265,227,46,empanado congelado,877daa522a,2.6535
74,11,50,0.024191,0.010007,265,227,46,empanado congelado,877daa522a,2.6535
74,12,50,0.024191,0.010007,265,227,46,empanado congelado,877daa522a,2.6535
74,13,50,0.025549,0.010433,265,226,46,empanado congelado,28174dcb8c,2.6506
74,14,50,0.024085,0.010310,265,230,47,empanado congelado,7d5a5c23ef,2.9019
74,15,50,0.024191,0.010007,265,227,46,empanado congelado,877daa522a,2.6535
74,16,50,0.024191,0.010007,265,227,46,empanado congelado,877daa522a,2.6535
74,17,50,0.025549,0.010433,265,226,46,empanado congelado,28174dcb8c,2.6506
74,18,50,0.024191,0.010007,265,227,46,empanado congelado,877daa522a,2.6535
74,19,50,0.024191,0.010007,265,227,46,empanado congelado,877daa522a,2.6535
74,20,50,0.024191,0.010007,265,227,46,empanado congelado,877daa522a,2.6535
74,21,50,0.023792,0.009896,265,229,47,empanado congelado,862e10b3c5,2.8777
74,22,50,0.025270,0.010433,265,228,47,empanado congelado,3974bc8744,2.6719
74,23,50,0.024191,0.010007,265,227,46,empanado congelado,877daa522a,2.6535
74,24,50,0.024191,0.010007,265,227,46,empanado congelado,877daa522a,2.6535
74,25,50,0.024191,0.010007,265,227,46,empanado congelado,877daa522a,2.6535
74,26,50,0.024364,0.010311,265,228,46,empanado congelado,744b28908c,2.8191
74,27,50,0.026548,0.010331,264,226,46,empanado congelado,53d7d1db6e,2.8367
74,28,50,0.024191,0.010007,265,227,46,empanado congelado,877daa522a,2.6535
74,29,50,0.024191,0.010007,265,227,46,empanado congelado,877daa522a,2.6535
74,30,50,0.024191,0.010007,265,227,46,empanado congelado,877daa522a,2.6535
74,31,50,0.030036,0.010693,264,226,46,suco pronto,6f8a630f3a,2.7859
74,32,50,0.025549,0.010433,265,226,46,empanado congelado,28174dcb8c,2.6506
74,33,50,0.024191,0.010007,265,227,46,empanado congelado,877daa522a,2.6535
74,34,50,0.024191,0.010007,265,227,46,empanado congelado,877daa522a,2.6535
74,35,50,0.024191,0.010007,265,227,46,empanado congelado,877daa522a,2.6535
74,36,50,0.024191,0.010007,265,227,46,empanado congelado,877daa522a,2.6535
74,37,50,0.024191,0.010007,265,227,46,empanado congelado,877daa522a,2.6535
74,38,50,0.024191,0.010007,265,227,46,empanado congelado,877daa522a,2.6535
74,39,50,0.024977,0.009509,266,228,46,empanado congelado,45b60b8a19,2.6845
74,40,50,0.025030,0.010209,265,228,46,empanado congelado,0d67aeadd2,3.1010
74,41,50,0.024364,0.010311,265,228,46,empanado congelado,744b28908c,2.8191
74,42,50,0.024364,0.010311,265,228,46,empanado congelado,744b28908c,2.8191
74,43,50,0.024364,0.010311,265,228,46,empanado congelado,744b28908c,2.8191
74,44,50,0.024191,0.010007,265,227,46,empanado congelado,877daa522a,2.6535
74,45,50,0.024085,0.010310,265,230,47,empanado congelado,7d5a5c23ef,2.9019
74,46,50,0.025549,0.010433,265,226,46,empanado congelado,28174dcb8c,2.6506
74,47,50,0.025549,0.010433,265,226,46,empanado congelado,28174dcb8c,2.6506
74,48,50,0.024085,0.010310,265,230,47,empanado congelado,7d5a5c23ef,2.9019
74,49,50,0.024191,0.010007,265,227,46,empanado congelado,877daa522a,2.6535
75,0,50,0.023792,0.009896,265,229,47,empanado congelado,862e10b3c5,2.8777
75,1,50,0.024085,0.010310,265,230,47,empanado congelado,7d5a5c23ef,2.9019
75,2,50,0.024085,0.010310,265,230,47,empanado congelado,7d5a5c23ef,2.9019
75,3,50,0.024085,0.010310,265,230,47,empanado congelado,7d5a5c23ef,2.9019
75,4,50,0.024085,0.010310,265,230,47,empanado congelado,7d5a5c23ef,2.9019
75,5,50,0.024191,0.010007,265,227,46,empanado congelado,877daa522a,2.6535
75,6,50,0.024191,0.010007,265,227,46,empanado congelado,877daa522a,2.6535
75,7,50,0.024191,0.010007,265,227,46,empanado congelado,877daa522a,2.6535
75,8,50,0.024191,0.010007,265,227,46,empanado congelado,877daa522a,2.6535
75,9,50,0.025549,0.010433,265,226,46,empanado congelado,28174dcb8c,2.6506
75,10,50,0.024085,0.010310,265,230,47,empanado congelado,7d5a5c23ef,2.9019
75,11,50,0.025549,0.010433,265,226,46,empanado congelado,28174dcb8c,2.6506
75,12,50,0.022034,0.009419,266,229,46,empanado congelado,a86c74bff4,3.0470
75,13,50,0.023765,0.009856,266,228,46,empanado congelado,e401d4e6bb,2.6832
75,14,50,0.023872,0.009470,262,225,46,empanado congelado,e70d976771,2.7561
75,15,50,0.024191,0.010007,265,227,46,empanado congelado,877daa522a,2.6535
75,16,50,0.024191,0.010007,265,227,46,empanado congelado,877daa522a,2.6535
75,17,50,0.024191,0.010007,265,227,46,empanado congelado,877daa522a,2.6535
75,18,50,0.024191,0.010007,265,227,46,empanado congelado,877daa522a,2.6535
75,19,50,0.024191,0.010007,265,227,46,empanado congelado,877daa522a,2.6535
75,20,50,0.024085,0.010310,265,230,47,empanado congelado,7d5a5c23ef,2.9019
75,21,50,0.024191,0.010007,265,227,46,empanado congelado,877daa522a,2.6535
75,22,50,0.024191,0.010007,265,227,46,empanado congelado,877daa522a,2.6535
75,23,50,0.024191,0.010007,265,227,46,empanado congelado,877daa522a,2.6535
75,24,50,0.024511,0.010242,266,230,46,empanado congelado,99e2918a8b,2.8266
75,25,50,0.024191,0.010007,265,227,46,empanado congelado,877daa522a,2.6535
75,26,50,0.024191,0.010007,265,227,46,empanado congelado,877daa522a,2.6535
75,27,50,0.024191,0.010007,265,227,46,empanado congelado,877daa522a,2.6535
75,28,50,0.024191,0.010007,265,227,46,empanado congelado,877daa522a,2.6535
75,29,50,0.025057,0.010382,264,226,46,empanado congelado,853556094c,2.8943
75,30,50,0.023912,0.010007,265,229,47,empanado congelado,a9176a8bbe,2.6536
75,31,50,0.024364,0.010311,265,228,46,empanado congelado,744b28908c,2.8191
75,32,50,0.024085,0.010310,265,230,47,empanado congelado,7d5a5c23ef,2.9019
75,33,50,0.025549,0.010433,265,226,46,empanado congelado,28174dcb8c,2.6506
75,34,50,0.023099,0.009874,264,228,46,empanado congelado,b859bb6cfc,2.6931
75,35,50,0.024085,0.010310,265,230,47,empanado congelado,7d5a5c23ef,2.9019
75,36,50,0.025030,0.010209,265,228,46,empanado congelado,0d67aeadd2,3.1010
75,37,50,0.024085,0.010310,265,230,47,empanado congelado,7d5a5c23ef,2.9019
75,38,50,0.024085,0.010310,265,230,47,empanado congelado,7d5a5c23ef,2.9019
75,39,50,0.025270,0.010433,265,228,47,empanado congelado,3974bc8744,2.6719
75,40,50,0.024191,0.010007,265,227,46,empanado congelado,877daa522a,2.6535
75,41,50,0.024085,0.010310,265,230,47,empanado congelado,7d5a5c23ef,2.9019
75,42,50,0.024191,0.010007,265,227,46,empanado congelado,877daa522a,2.6535
75,43,50,0.025549,0.010433,265,226,46,empanado congelado,28174dcb8c,2.6506
75,44,50,0.023099,0.009874,264,228,46,empanado congelado,b859bb6cfc,2.6931
75,45,50,0.024191,0.010007,265,227,46,empanado congelado,877daa522a,2.6535
75,46,50,0.024191,0.010007,265,227,46,empanado congelado,877daa522a,2.6535
75,47,50,0.025789,0.009910,261,226,46,empanado congelado,9f0bcd98e1,2.8025
75,48,50,0.024191,0.010007,265,227,46,empanado congelado,877daa522a,2.6535
75,49,50,0.024364,0.010311,265,228,46,empanado congelado,744b28908c,2.8191
76,0,50,0.022034,0.009419,266,229,46,empanado congelado,a86c74bff4,3.0470
76,1,50,0.023099,0.009874,264,228,46,empanado congelado,b859bb6cfc,2.6931
76,2,50,0.023099,0.009874,264,228,46,empanado congelado,b859bb6cfc,2.6931
76,3,50,0.023765,0.009856,266,228,46,empanado congelado,e401d4e6bb,2.6832
76,4,50,0.023792,0.009896,265,229,47,empanado congelado,862e10b3c5,2.8777
76,5,50,0.024191,0.010007,265,227,46,empanado congelado,877daa522a,2.6535
76,6,50,0.024191,0.010007,265,227,46,empanado congelado,877daa522a,2.6535
76,7,50,0.024191,0.010007,265,227,46,empanado congelado,877daa522a,2.6535
76,8,50,0.024085,0.010310,265,230,47,empanado congelado,7d5a5c23ef,2.9019
76,9,50,0.023099,0.009874,264,228,46,empanado congelado,b859bb6cfc,2.6931
76,10,50,0.023765,0.009856,266,228,46,empanado congelado,e401d4e6bb,2.6832
76,11,50,0.024191,0.010007,265,227,46,empanado congelado,877daa522a,2.6535
76,12,50,0.024191,0.010007,265,227,46,empanado congelado,877daa522a,2.6535
76,13,50,0.023765,0.009856,266,228,46,empanado congelado,e401d4e6bb,2.6832
76,14,50,0.024191,0.010007,265,227,46,empanado congelado,877daa522a,2.6535
76,15,50,0.023912,0.010007,265,229,47,empanado congelado,a9176a8bbe,2.6536
76,16,50,0.024085,0.010310,265,230,47,empanado congelado,7d5a5c23ef,2.9019
76,17,50,0.025536,0.010490,266,228,46,empanado congelado,e5ad101d1c,2.8931
76,18,50,0.023099,0.009874,264,228,46,empanado congelado,b859bb6cfc,2.6931
76,19,50,0.023912,0.010007,265,229,47,empanado congelado,a9176a8bbe,2.6536
76,20,50,0.029996,0.010789,263,229,48,empanado congelado,a20b73a172,3.6516
76,21,50,0.023126,0.009552,267,228,46,empanado congelado,86cb5075af,2.6349
76,22,50,0.023099,0.009874,264,228,46,empanado congelado,b859bb6cfc,2.6931
76,23,50,0.023965,0.010246,263,227,46,empanado congelado,16fd504006,3.0641
76,24,50,0.024191,0.010007,265,227,46,empanado congelado,877daa522a,2.6535
76,25,50,0.023299,0.009854,267,229,46,empanado congelado,b62d680f81,3.4905
76,26,50,0.023991,0.010182,264,225,46,empanado congelado,6aa303f2af,2.9719
76,27,50,0.022660,0.009719,265,229,46,empanado congelado,fdf9a3f08c,2.7129
76,28,50,0.025549,0.010433,265,226,46,empanado congelado,28174dcb8c,2.6506
76,29,50,0.024085,0.010310,265,230,47,empanado congelado,7d5a5c23ef,2.9019
76,30,50,0.024085,0.010310,265,230,47,empanado congelado,7d5a5c23ef,2.9019
76,31,50,0.024191,0.010007,265,227,46,empanado congelado,877daa522a,2.6535
76,32,50,0.024191,0.010007,265,227,46,empanado congelado,877daa522a,2.6535
76,33,50,0.025176,0.010443,266,229,47,empanado congelado,64c66e8a93,2.7720
76,34,50,0.023352,0.009729,263,225,46,empanado congelado,462e8afce8,2.9468
76,35,50,0.023339,0.009543,267,229,46,empanado congelado,adf6980ff1,2.8160
76,36,50,0.024178,0.010056,265,228,47,empanado congelado,ca66f5634c,2.6610
76,37,50,0.025549,0.010433,265,226,46,empanado congelado,28174dcb8c,2.6506
76,38,50,0.024085,0.010310,265,230,47,empanado congelado,7d5a5c23ef,2.9019
76,39,50,0.024191,0.010007,265,227,46,empanado congelado,877daa522a,2.6535
76,40,50,0.024191,0.010007,265,227,46,empanado congelado,877daa522a,2.6535
76,41,50,0.022687,0.009393,268,229,46,empanado congelado,a0119a237c,2.8933
76,42,50,0.023099,0.009874,264,228,46,empanado congelado,b859bb6cfc,2.6931
76,43,50,0.024191,0.010007,265,227,46,empanado congelado,877daa522a,2.6535
76,44,50,0.023099,0.009874,264,228,46,empanado congelado,b859bb6cfc,2.6931
76,45,50,0.023765,0.009856,266,228,46,empanado congelado,e401d4e6bb,2.6832
76,46,50,0.024191,0.010007,265,227,46,empanado congelado,877daa522a,2.6535
76,47,50,0.024085,0.010310,265,230,47,empanado congelado,7d5a5c23ef,2.9019
76,48,50,0.023792,0.009896,265,229,47,empanado congelado,862e10b3c5,2.8777
76,49,50,0.023099,0.009874,264,228,46,empanado congelado,b859bb6cfc,2.6931
77,0,50,0.022034,0.009419,266,229,46,empanado congelado,a86c74bff4,3.0470
77,1,50,0.022660,0.009719,265,229,46,empanado congelado,fdf9a3f08c,2.7129
77,2,50,0.022687,0.009393,268,229,46,empanado congelado,a0119a237c,2.8933
77,3,50,0.023099,0.009874,264,228,46,empanado congelado,b859bb6cfc,2.6931
77,4,50,0.023099,0.009874,264,228,46,empanado congelado,b859bb6cfc,2.6931
77,5,50,0.023099,0.009874,264,228,46,empanado congelado,b859bb6cfc,2.6931
77,6,50,0.022660,0.009719,265,229,46,empanado congelado,fdf9a3f08c,2.7129
77,7,50,0.022900,0.009383,268,230,46,empanado congelado,11fb9bcce0,3.0670
77,8,50,0.023406,0.009216,266,229,47,empanado congelado,f9523716b9,2.7963
77,9,50,0.023099,0.009874,264,228,46,empanado congelado,b859bb6cfc,2.6931
77,10,50,0.023099,0.009874,264,228,46,empanado congelado,b859bb6cfc,2.6931
77,11,50,0.023765,0.009856,266,228,46,empanado congelado,e401d4e6bb,2.6832
77,12,50,0.023765,0.009856,266,228,46,empanado congelado,e401d4e6bb,2.6832
77,13,50,0.024484,0.010661,264,227,47,empanado congelado,777e740d53,2.6870
77,14,50,0.023099,0.009874,264,228,46,empanado congelado,b859bb6cfc,2.6931
77,15,50,0.023099,0.009874,264,228,46,empanado congelado,b859bb6cfc,2.6931
77,16,50,0.024391,0.009458,266,230,47,empanado congelado,fcc20bfcd2,2.7864
77,17,50,0.023099,0.009874,264,228,46,empanado congelado,b859bb6cfc,2.6931
77,18,50,0.023099,0.009874,264,228,46,empanado congelado,b859bb6cfc,2.6931
77,19,50,0.023299,0.009854,267,229,46,empanado congelado,b62d680f81,3.4905
77,20,50,0.023512,0.009845,267,230,46,empanado congelado,9e184f8b99,3.0135
77,21,50,0.022660,0.009719,265,229,46,empanado congelado,fdf9a3f08c,2.7129
77,22,50,0.022034,0.009419,266,229,46,empanado congelado,a86c74bff4,3.0470
77,23,50,0.023099,0.009874,264,228,46,empanado congelado,b859bb6cfc,2.6931
77,24,50,0.023765,0.009856,266,228,46,empanado congelado,e401d4e6bb,2.6832
77,25,50,0.023099,0.009874,264,228,46,empanado congelado,b859bb6cfc,2.6931
77,26,50,0.023099,0.009874,264,228,46,empanado congelado,b859bb6cfc,2.6931
77,27,50,0.025176,0.010494,262,225,47,empanado congelado,95bfef9a62,2.9084
77,28,50,0.023965,0.010246,263,227,46,empanado congelado,16fd504006,3.0641
77,29,50,0.026668,0.010033,267,229,46,empanado congelado,5b5ea1d3fc,2.7235
77,30,50,0.024125,0.010056,267,233,47,empanado congelado,96409a575a,2.9073
77,31,50,0.023099,0.009874,264,228,46,empanado congelado,b859bb6cfc,2.6931
77,32,50,0.024085,0.010310,265,230,47,empanado congelado,7d5a5c23ef,2.9019
77,33,50,0.023339,0.009543,267,229,46,empanado congelado,adf6980ff1,2.8160
77,34,50,0.023099,0.009874,264,228,46,empanado congelado,b859bb6cfc,2.6931
77,35,50,0.023099,0.009874,264,228,46,empanado congelado,b859bb6cfc,2.6931
77,36,50,0.023912,0.010007,265,229,47,empanado congelado,a9176a8bbe,2.6536
77,37,50,0.023099,0.009874,264,228,46,empanado congelado,b859bb6cfc,2.6931
77,38,50,0.023099,0.009874,264,228,46,empanado congelado,b859bb6cfc,2.6931
77,39,50,0.023099,0.009874,264,228,46,empanado congelado,b859bb6cfc,2.6931
77,40,50,0.023113,0.009856,267,231,46,empanado congelado,7be3a1958a,2.7953
77,41,50,0.022660,0.009719,265,229,46,empanado congelado,fdf9a3f08c,2.7129
77,42,50,0.023153,0.009908,267,232,47,empanado congelado,85c8fe7bfd,2.7844
77,43,50,0.023099,0.009874,264,228,46,empanado congelado,b859bb6cfc,2.6931
77,44,50,0.023765,0.009856,266,228,46,empanado congelado,e401d4e6bb,2.6832
77,45,50,0.027506,0.010499,266,230,46,empanado congelado,ef02e4b262,2.8293
77,46,50,0.023832,0.010141,262,226,46,empanado congelado,8eaae2b94a,2.6833
77,47,50,0.023299,0.009854,267,229,46,empanado congelado,b62d680f81,3.4905
77,48,50,0.023352,0.009729,263,225,46,empanado congelado,462e8afce8,2.9468
77,49,50,0.022846,0.009552,267,230,47,empanado congelado,4bef2b7a94,2.8683
78,0,50,0.022034,0.009419,266,229,46,empanado congelado,a86c74bff4,3.0470
78,1,50,0.022034,0.009419,266,229,46,empanado congelado,a86c74bff4,3.0470
78,2,50,0.022660,0.009719,265,229,46,empanado congelado,fdf9a3f08c,2.7129
78,3,50,0.022660,0.009719,265,229,46,empanado congelado,fdf9a3f08c,2.7129
78,4,50,0.022660,0.009719,265,229,46,empanado congelado,fdf9a3f08c,2.7129
78,5,50,0.023099,0.009874,264,228,46,empanado congelado,b859bb6cfc,2.6931
78,6,50,0.023099,0.009874,264,228,46,empanado congelado,b859bb6cfc,2.6931
78,7,50,0.023832,0.009961,266,228,46,empanado congelado,0658c7bc7d,2.9192
78,8,50,0.022660,0.009719,265,229,46,empanado congelado,fdf9a3f08c,2.7129
78,9,50,0.022660,0.009719,265,229,46,empanado congelado,fdf9a3f08c,2.7129
78,10,50,0.023099,0.009874,264,228,46,empanado congelado,b859bb6cfc,2.6931
78,11,50,0.022660,0.009719,265,229,46,empanado congelado,fdf9a3f08c,2.7129
78,12,50,0.023099,0.009874,264,228,46,empanado congelado,b859bb6cfc,2.6931
78,13,50,0.022660,0.009719,265,229,46,empanado congelado,fdf9a3f08c,2.7129
78,14,50,0.022341,0.009424,270,233,46,empanado congelado,b1d5c3f554,2.7179
78,15,50,0.023099,0.009874,264,228,46,empanado congelado,b859bb6cfc,2.6931
78,16,50,0.022660,0.009719,265,229,46,empanado congelado,fdf9a3f08c,2.7129
78,17,50,0.022900,0.009383,268,230,46,empanado congelado,11fb9bcce0,3.0670
78,18,50,0.023512,0.009735,265,227,46,empanado congelado,932f01c87e,2.6934
78,19,50,0.022034,0.009419,266,229,46,empanado congelado,a86c74bff4,3.0470
78,20,50,0.022034,0.009419,266,229,46,empanado congelado,a86c74bff4,3.0470
78,21,50,0.022034,0.009419,266,229,46,empanado congelado,a86c74bff4,3.0470
78,22,50,0.023099,0.009874,264,228,46,empanado congelado,b859bb6cfc,2.6931
78,23,50,0.022900,0.009383,268,230,46,empanado congelado,11fb9bcce0,3.0670
78,24,50,0.023099,0.009874,264,228,46,empanado congelado,b859bb6cfc,2.6931
78,25,50,0.022660,0.009719,265,229,46,empanado congelado,fdf9a3f08c,2.7129
78,26,50,0.023326,0.009915,268,232,46,empanado congelado,e9316c6dfd,3.0128
78,27,50,0.023099,0.009874,264,228,46,empanado congelado,b859bb6cfc,2.6931
78,28,50,0.023099,0.009874,264,228,46,empanado congelado,b859bb6cfc,2.6931
78,29,50,0.022660,0.009719,265,229,46,empanado congelado,fdf9a3f08c,2.7129
78,30,50,0.022660,0.009719,265,229,46,empanado congelado,fdf9a3f08c,2.7129
78,31,50,0.022660,0.009719,265,229,46,empanado congelado,fdf9a3f08c,2.7129
78,32,50,0.036134,0.008984,267,234,46,empanado congelado,ded9804f6d,2.8613
78,33,50,0.022913,0.009888,268,233,47,empanado congelado,c2a785ee3b,2.6475
78,34,50,0.023126,0.009752,266,230,46,empanado congelado,1d4d708f1d,2.7066
78,35,50,0.022660,0.009719,265,229,46,empanado congelado,fdf9a3f08c,2.7129
78,36,50,0.022660,0.009719,265,229,46,empanado congelado,fdf9a3f08c,2.7129
78,37,50,0.022660,0.009719,265,229,46,empanado congelado,fdf9a3f08c,2.7129
78,38,50,0.023352,0.009729,263,225,46,empanado congelado,462e8afce8,2.9468
78,39,50,0.022660,0.009719,265,229,46,empanado congelado,fdf9a3f08c,2.7129
78,40,50,0.023099,0.009874,264,228,46,empanado congelado,b859bb6cfc,2.6931
78,41,50,0.022660,0.009719,265,229,46,empanado congelado,fdf9a3f08c,2.7129
78,42,50,0.022660,0.009719,265,229,46,empanado congelado,fdf9a3f08c,2.7129
78,43,50,0.023685,0.010065,265,229,48,empanado congelado,bbe4ef1d25,3.0460
78,44,50,0.022034,0.009419,266,229,46,empanado congelado,a86c74bff4,3.0470
78,45,50,0.022034,0.009419,266,229,46,empanado congelado,a86c74bff4,3.0470
78,46,50,0.023099,0.009874,264,228,46,empanado congelado,b859bb6cfc,2.6931
78,47,50,0.022900,0.009383,268,230,46,empanado congelado,11fb9bcce0,3.0670
78,48,50,0.024218,0.009212,267,233,47,empanado congelado,3337d53a3e,3.3382
78,49,50,0.033258,0.010563,269,231,46,empanado congelado,8af41df92d,3.2621
79,0,50,0.022034,0.009419,266,229,46,empanado congelado,a86c74bff4,3.0470
79,1,50,0.022034,0.009419,266,229,46,empanado congelado,a86c74bff4,3.0470
79,2,50,0.022034,0.009419,266,229,46,empanado congelado,a86c74bff4,3.0470
79,3,50,0.022034,0.009419,266,229,46,empanado congelado,a86c74bff4,3.0470
79,4,50,0.022034,0.009419,266,229,46,empanado congelado,a86c74bff4,3.0470
79,5,50,0.022660,0.009719,265,229,46,empanado congelado,fdf9a3f08c,2.7129
79,6,50,0.022660,0.009719,265,229,46,empanado congelado,fdf9a3f08c,2.7129
79,7,50,0.022034,0.009419,266,229,46,empanado congelado,a86c74bff4,3.0470
79,8,50,0.026361,0.009460,266,231,46,empanado congelado,36206fb970,2.9120
79,9,50,0.021795,0.009179,269,232,46,empanado congelado,8f40da25fb,2.7870
79,10,50,0.022660,0.009719,265,229,46,empanado congelado,fdf9a3f08c,2.7129
79,11,50,0.022713,0.008954,268,232,46,empanado congelado,fcd670b15e,2.8823
79,12,50,0.022660,0.009719,265,229,46,empanado congelado,fdf9a3f08c,2.7129
79,13,50,0.022660,0.009719,265,229,46,empanado congelado,fdf9a3f08c,2.7129
79,14,50,0.023326,0.009915,268,232,46,empanado congelado,e9316c6dfd,3.0128
79,15,50,0.022341,0.009424,270,233,46,empanado congelado,b1d5c3f554,2.7179
79,16,50,0.022354,0.009714,261,225,46,empanado congelado,acfc777277,2.8561
79,17,50,0.022660,0.009719,265,229,46,empanado congelado,fdf9a3f08c,2.7129
79,18,50,0.022034,0.009419,266,229,46,empanado congelado,a86c74bff4,3.0470
79,19,50,0.022034,0.009419,266,229,46,empanado congelado,a86c74bff4,3.0470
79,20,50,0.022034,0.009419,266,229,46,empanado congelado,a86c74bff4,3.0470
79,21,50,0.039915,0.010244,267,232,45,empanado congelado,db5e7c7bb4,2.8489
79,22,50,0.022660,0.009719,265,229,46,empanado congelado,fdf9a3f08c,2.7129
79,23,50,0.022660,0.009719,265,229,46,empanado congelado,fdf9a3f08c,2.7129
79,24,50,0.022660,0.009719,265,229,46,empanado congelado,fdf9a3f08c,2.7129
79,25,50,0.022660,0.009719,265,229,46,empanado congelado,fdf9a3f08c,2.7129
79,26,50,0.030409,0.010306,265,228,46,empanado congelado,e02cce7f10,2.6399
79,27,50,0.022660,0.009719,265,229,46,empanado congelado,fdf9a3f08c,2.7129
79,28,50,0.022660,0.009719,265,229,46,empanado congelado,fdf9a3f08c,2.7129
79,29,50,0.022034,0.009419,266,229,46,empanado congelado,a86c74bff4,3.0470
79,30,50,0.022034,0.009419,266,229,46,empanado congelado,a86c74bff4,3.0470
79,31,50,0.022660,0.009719,265,229,46,empanado congelado,fdf9a3f08c,2.7129
79,32,50,0.022913,0.009888,268,233,47,empanado congelado,c2a785ee3b,2.6475
79,33,50,0.022660,0.009719,265,229,46,empanado congelado,fdf9a3f08c,2.7129
79,34,50,0.022034,0.009419,266,229,46,empanado congelado,a86c74bff4,3.0470
79,35,50,0.022341,0.009424,270,233,46,empanado congelado,b1d5c3f554,2.7179
79,36,50,0.022354,0.009714,261,225,46,empanado congelado,acfc777277,2.8561
79,37,50,0.021582,0.009257,267,230,46,empanado congelado,468d9d998a,2.9089
79,38,50,0.023525,0.009607,271,233,46,empanado congelado,1b2e2e32f2,2.8996
79,39,50,0.022034,0.009419,266,229,46,empanado congelado,a86c74bff4,3.0470
79,40,50,0.022034,0.009419,266,229,46,empanado congelado,a86c74bff4,3.0470
79,41,50,0.022660,0.009719,265,229,46,empanado congelado,fdf9a3f08c,2.7129
79,42,50,0.022660,0.009719,265,229,46,empanado congelado,fdf9a3f08c,2.7129
79,43,50,0.022660,0.009719,265,229,46,empanado congelado,fdf9a3f08c,2.7129
79,44,50,0.022660,0.009719,265,229,46,empanado congelado,fdf9a3f08c,2.7129
79,45,50,0.022034,0.009419,266,229,46,empanado congelado,a86c74bff4,3.0470
79,46,50,0.022034,0.009419,266,229,46,empanado congelado,a86c74bff4,3.0470
79,47,50,0.022034,0.009419,266,229,46,empanado congelado,a86c74bff4,3.0470
79,48,50,0.025203,0.010016,270,232,46,empanado congelado,77530ddda7,2.6791
79,49,50,0.022660,0.009719,265,229,46,empanado congelado,fdf9a3f08c,2.7129
80,0,50,0.021582,0.009257,267,230,46,empanado congelado,468d9d998a,2.9089
80,1,50,0.021795,0.009179,269,232,46,empanado congelado,8f40da25fb,2.7870
80,2,50,0.022034,0.009419,266,229,46,empanado congelado,a86c74bff4,3.0470
80,3,50,0.022034,0.009419,266,229,46,empanado congelado,a86c74bff4,3.0470
80,4,50,0.022034,0.009419,266,229,46,empanado congelado,a86c74bff4,3.0470
80,5,50,0.022034,0.009419,266,229,46,empanado congelado,a86c74bff4,3.0470
80,6,50,0.022034,0.009419,266,229,46,empanado congelado,a86c74bff4,3.0470
80,7,50,0.021968,0.009358,265,228,46,empanado congelado,31e2a8449e,2.8672
80,8,50,0.021648,0.008499,270,233,46,empanado congelado,6be04921c6,2.8409
80,9,50,0.022034,0.009419,266,229,46,empanado congelado,a86c74bff4,3.0470
80,10,50,0.022381,0.008656,267,230,46,empanado congelado,7d68f8afb8,3.4026
80,11,50,0.022034,0.009419,266,229,46,empanado congelado,a86c74bff4,3.0470
80,12,50,0.022034,0.009419,266,229,46,empanado congelado,a86c74bff4,3.0470
80,13,50,0.021795,0.009179,269,232,46,empanado congelado,8f40da25fb,2.7870
80,14,50,0.022034,0.009419,266,229,46,empanado congelado,a86c74bff4,3.0470
80,15,50,0.022034,0.009419,266,229,46,empanado congelado,a86c74bff4,3.0470
80,16,50,0.022034,0.009419,266,229,46,empanado congelado,a86c74bff4,3.0470
80,17,50,0.022341,0.009424,270,233,46,empanado congelado,b1d5c3f554,2.7179
80,18,50,0.022114,0.009476,264,228,46,empanado congelado,c109f5f443,3.2455
80,19,50,0.022660,0.009719,265,229,46,empanado congelado,fdf9a3f08c,2.7129
80,20,50,0.022034,0.009419,266,229,46,empanado congelado,a86c74bff4,3.0470
80,21,50,0.023872,0.009521,264,226,46,empanado congelado,28dbb3b40a,2.8923
80,22,50,0.022034,0.009419,266,229,46,empanado congelado,a86c74bff4,3.0470
80,23,50,0.022034,0.009419,266,229,46,empanado congelado,a86c74bff4,3.0470
80,24,50,0.022341,0.009424,270,233,46,empanado congelado,b1d5c3f554,2.7179
80,25,50,0.022034,0.009419,266,229,46,empanado congelado,a86c74bff4,3.0470
80,26,50,0.022034,0.009419,266,229,46,empanado congelado,a86c74bff4,3.0470
80,27,50,0.022341,0.009424,270,233,46,empanado congelado,b1d5c3f554,2.7179
80,28,50,0.021795,0.009179,269,232,46,empanado congelado,8f40da25fb,2.7870
80,29,50,0.022034,0.009419,266,229,46,empanado congelado,a86c74bff4,3.0470
80,30,50,0.021688,0.009202,269,233,46,empanado congelado,f17c61d316,2.8707
80,31,50,0.022660,0.009719,265,229,46,empanado congelado,fdf9a3f08c,2.7129
80,32,50,0.022034,0.009419,266,229,46,empanado congelado,a86c74bff4,3.0470
80,33,50,0.022341,0.009424,270,233,46,empanado congelado,b1d5c3f554,2.7179
80,34,50,0.022660,0.009719,265,229,46,empanado congelado,fdf9a3f08c,2.7129
80,35,50,0.022660,0.009719,265,229,46,empanado congelado,fdf9a3f08c,2.7129
80,36,50,0.022660,0.009719,265,229,46,empanado congelado,fdf9a3f08c,2.7129
80,37,50,0.021795,0.009179,269,232,46,empanado congelado,8f40da25fb,2.7870
80,38,50,0.022034,0.009419,266,229,46,empanado congelado,a86c74bff4,3.0470
80,39,50,0.022341,0.009424,270,233,46,empanado congelado,b1d5c3f554,2.7179
80,40,50,0.022354,0.009714,261,225,46,empanado congelado,acfc777277,2.8561
80,41,50,0.021582,0.009257,267,230,46,empanado congelado,468d9d998a,2.9089
80,42,50,0.029783,0.010531,263,227,46,empanado congelado,15c7211241,2.8126
80,43,50,0.021915,0.009201,267,231,46,empanado congelado,f949794882,2.9084
80,44,50,0.022660,0.009719,265,229,46,empanado congelado,fdf9a3f08c,2.7129
80,45,50,0.022660,0.009719,265,229,46,empanado congelado,fdf9a3f08c,2.7129
80,46,50,0.022034,0.009419,266,229,46,empanado congelado,a86c74bff4,3.0470
80,47,50,0.022034,0.009419,266,229,46,empanado congelado,a86c74bff4,3.0470
80,48,50,0.021795,0.009179,269,232,46,empanado congelado,8f40da25fb,2.7870
80,49,50,0.022034,0.009419,266,229,46,empanado congelado,a86c74bff4,3.0470
81,0,50,0.021582,0.009257,267,230,46,empanado congelado,468d9d998a,2.9089
81,1,50,0.021582,0.009257,267,230,46,empanado congelado,468d9d998a,2.9089
81,2,50,0.021648,0.008499,270,233,46,empanado congelado,6be04921c6,2.8409
81,3,50,0.021688,0.009202,269,233,46,empanado congelado,f17c61d316,2.8707
81,4,50,0.021795,0.009179,269,232,46,empanado congelado,8f40da25fb,2.7870
81,5,50,0.022034,0.009419,266,229,46,empanado congelado,a86c74bff4,3.0470
81,6,50,0.021795,0.009179,269,232,46,empanado congelado,8f40da25fb,2.7870
81,7,50,0.022034,0.009419,266,229,46,empanado congelado,a86c74bff4,3.0470
81,8,50,0.022034,0.009419,266,229,46,empanado congelado,a86c74bff4,3.0470
81,9,50,0.022088,0.009412,265,231,46,empanado congelado,947b9275e5,3.0353
81,10,50,0.022034,0.009419,266,229,46,empanado congelado,a86c74bff4,3.0470
81,11,50,0.022341,0.009424,270,233,46,empanado congelado,b1d5c3f554,2.7179
81,12,50,0.022660,0.010005,268,233,46,empanado congelado,89a9c130a9,2.6481
81,13,50,0.022034,0.009419,266,229,46,empanado congelado,a86c74bff4,3.0470
81,14,50,0.022034,0.009419,266,229,46,empanado congelado,a86c74bff4,3.0470
81,15,50,0.021795,0.009179,269,232,46,empanado congelado,8f40da25fb,2.7870
81,16,50,0.022034,0.009419,266,229,46,empanado congelado,a86c74bff4,3.0470
81,17,50,0.021688,0.009202,269,233,46,empanado congelado,f17c61d316,2.8707
81,18,50,0.021688,0.009202,269,233,46,empanado congelado,f17c61d316,2.8707
81,19,50,0.028944,0.009890,267,230,46,empanado congelado,6308067cb6,2.9986
81,20,50,0.022034,0.009419,266,229,46,empanado congelado,a86c74bff4,3.0470
81,21,50,0.021648,0.007998,268,233,46,empanado congelado,2fe4275051,4.3041
81,22,50,0.021648,0.008499,270,233,46,empanado congelado,6be04921c6,2.8409
81,23,50,0.022034,0.009419,266,229,46,empanado congelado,a86c74bff4,3.0470
81,24,50,0.022354,0.009714,261,225,46,empanado congelado,acfc777277,2.8561
81,25,50,0.022034,0.009419,266,229,46,empanado congelado,a86c74bff4,3.0470
81,26,50,0.021688,0.009202,269,233,46,empanado congelado,f17c61d316,2.8707
81,27,50,0.022034,0.009419,266,229,46,empanado congelado,a86c74bff4,3.0470
81,28,50,0.022034,0.009419,266,229,46,empanado congelado,a86c74bff4,3.0470
81,29,50,0.021968,0.009358,265,228,46,empanado congelado,31e2a8449e,2.8672
81,30,50,0.022034,0.009419,266,229,46,empanado congelado,a86c74bff4,3.0470
81,31,50,0.022034,0.009419,266,229,46,empanado congelado,a86c74bff4,3.0470
81,32,50,0.022034,0.009419,266,229,46,empanado congelado,a86c74bff4,3.0470
81,33,50,0.035268,0.009551,270,233,46,empanado congelado,ec45a84216,2.8933
81,34,50,0.022034,0.009419,266,229,46,empanado congelado,a86c74bff4,3.0470
81,35,50,0.026335,0.009777,265,230,46,empanado congelado,3361399202,2.8189
81,36,50,0.022034,0.009419,266,229,46,empanado congelado,a86c74bff4,3.0470
81,37,50,0.021688,0.009202,269,233,46,empanado congelado,f17c61d316,2.8707
81,38,50,0.022034,0.009419,266,229,46,empanado congelado,a86c74bff4,3.0470
81,39,50,0.022034,0.009419,266,229,46,empanado congelado,a86c74bff4,3.0470
81,40,50,0.021648,0.008499,270,233,46,empanado congelado,6be04921c6,2.8409
81,41,50,0.021795,0.009179,269,232,46,empanado congelado,8f40da25fb,2.7870
81,42,50,0.024071,0.008547,267,231,46,empanado congelado,78b4ecc38a,2.8740
81,43,50,0.021196,0.008716,267,232,46,empanado congelado,c92ef7481c,3.0348
81,44,50,0.021582,0.009257,267,230,46,empanado congelado,468d9d998a,2.9089
81,45,50,0.021395,0.008944,268,233,46,empanado congelado,2484266b50,2.7443
81,46,50,0.022034,0.009419,266,229,46,empanado congelado,a86c74bff4,3.0470
81,47,50,0.021795,0.009179,269,232,46,empanado congelado,8f40da25fb,2.7870
81,48,50,0.021795,0.009179,269,232,46,empanado congelado,8f40da25fb,2.7870
81,49,50,0.021648,0.009281,266,230,47,empanado congelado,5da57af4ed,2.6029
82,0,50,0.021196,0.008716,267,232,46,empanado congelado,c92ef7481c,3.0348
82,1,50,0.021395,0.008944,268,233,46,empanado congelado,2484266b50,2.7443
82,2,50,0.021582,0.009257,267,230,46,empanado congelado,468d9d998a,2.9089
82,3,50,0.021582,0.009257,267,230,46,empanado congelado,468d9d998a,2.9089
82,4,50,0.021582,0.009257,267,230,46,empanado congelado,468d9d998a,2.9089
82,5,50,0.021648,0.008499,270,233,46,empanado congelado,6be04921c6,2.8409
82,6,50,0.023113,0.009458,267,233,46,empanado congelado,3a22a40d3a,3.0434
82,7,50,0.022341,0.009424,270,233,46,empanado congelado,b1d5c3f554,2.7179
82,8,50,0.021795,0.009179,269,232,46,empanado congelado,8f40da25fb,2.7870
82,9,50,0.021795,0.009179,269,232,46,empanado congelado,8f40da25fb,2.7870
82,10,50,0.032845,0.010128,264,229,47,empanado congelado,623fbdaed8,2.8942
82,11,50,0.021648,0.009281,266,230,47,empanado congelado,5da57af4ed,2.6029
82,12,50,0.021688,0.009202,269,233,46,empanado congelado,f17c61d316,2.8707
82,13,50,0.021981,0.009368,266,230,47,empanado congelado,2489650614,3.0021
82,14,50,0.021795,0.009179,269,232,46,empanado congelado,8f40da25fb,2.7870
82,15,50,0.022048,0.009401,269,232,46,empanado congelado,69eb69d680,2.7795
82,16,50,0.021502,0.009214,263,226,46,empanado congelado,e929218eef,2.7334
82,17,50,0.022341,0.009424,270,233,46,empanado congelado,b1d5c3f554,2.7179
82,18,50,0.021795,0.009179,269,232,46,empanado congelado,8f40da25fb,2.7870
82,19,50,0.021582,0.009257,267,230,46,empanado congelado,468d9d998a,2.9089
82,20,50,0.021582,0.009257,267,230,46,empanado congelado,468d9d998a,2.9089
82,21,50,0.022034,0.009419,266,229,46,empanado congelado,a86c74bff4,3.0470
82,22,50,0.022034,0.009419,266,229,46,empanado congelado,a86c74bff4,3.0470
82,23,50,0.022034,0.009419,266,229,46,empanado congelado,a86c74bff4,3.0470
82,24,50,0.021582,0.009257,267,230,46,empanado congelado,468d9d998a,2.9089
82,25,50,0.021395,0.008944,268,233,46,empanado congelado,2484266b50,2.7443
82,26,50,0.021688,0.009202,269,233,46,empanado congelado,f17c61d316,2.8707
82,27,50,0.021395,0.008944,268,233,46,empanado congelado,2484266b50,2.7443
82,28,50,0.022034,0.009419,266,229,46,empanado congelado,a86c74bff4,3.0470
82,29,50,0.022034,0.009419,266,229,46,empanado congelado,a86c74bff4,3.0470
82,30,50,0.021688,0.009202,269,233,46,empanado congelado,f17c61d316,2.8707
82,31,50,0.021395,0.008944,268,233,46,empanado congelado,2484266b50,2.7443
82,32,50,0.021648,0.008499,270,233,46,empanado congelado,6be04921c6,2.8409
82,33,50,0.021582,0.009257,267,230,46,empanado congelado,468d9d998a,2.9089
82,34,50,0.021848,0.009432,270,234,47,empanado congelado,13b1b0d54a,2.8937
82,35,50,0.021648,0.007998,268,233,46,empanado congelado,2fe4275051,4.3041
82,36,50,0.021688,0.009202,269,233,46,empanado congelado,f17c61d316,2.8707
82,37,50,0.021648,0.007998,268,233,46,empanado congelado,2fe4275051,4.3041
82,38,50,0.022034,0.009419,266,229,46,empanado congelado,a86c74bff4,3.0470
82,39,50,0.022034,0.009419,266,229,46,empanado congelado,a86c74bff4,3.0470
82,40,50,0.022034,0.009419,266,229,46,empanado congelado,a86c74bff4,3.0470
82,41,50,0.046612,0.010428,266,229,46,empanado congelado,ed852b75ef,3.0208
82,42,50,0.021648,0.008499,270,233,46,empanado congelado,6be04921c6,2.8409
82,43,50,0.021648,0.007998,268,233,46,empanado congelado,2fe4275051,4.3041
82,44,50,0.021196,0.008716,267,232,46,empanado congelado,c92ef7481c,3.0348
82,45,50,0.021795,0.009272,265,227,46,empanado congelado,42e0c481a1,2.9956
82,46,50,0.021129,0.008655,266,231,46,empanado congelado,45f8c72df4,2.6788
82,47,50,0.021582,0.009257,267,230,46,empanado congelado,468d9d998a,2.9089
82,48,50,0.021582,0.009257,267,230,46,empanado congelado,468d9d998a,2.9089
82,49,50,0.021795,0.009179,269,232,46,empanado congelado,8f40da25fb,2.7870
83,0,50,0.021129,0.008655,266,231,46,empanado congelado,45f8c72df4,2.6788
83,1,50,0.021196,0.008716,267,232,46,empanado congelado,c92ef7481c,3.0348
83,2,50,0.021196,0.008716,267,232,46,empanado congelado,c92ef7481c,3.0348
83,3,50,0.021395,0.008944,268,233,46,empanado congelado,2484266b50,2.7443
83,4,50,0.021395,0.008944,268,233,46,empanado congelado,2484266b50,2.7443
83,5,50,0.021582,0.009257,267,230,46,empanado congelado,468d9d998a,2.9089
83,6,50,0.021648,0.008499,270,233,46,empanado congelado,6be04921c6,2.8409
83,7,50,0.021196,0.008716,267,232,46,empanado congelado,c92ef7481c,3.0348
83,8,50,0.022261,0.009459,270,233,46,empanado congelado,dbc2287d7c,2.8674
83,9,50,0.022341,0.009424,270,233,46,empanado congelado,b1d5c3f554,2.7179
83,10,50,0.021648,0.007998,268,233,46,empanado congelado,2fe4275051,4.3041
83,11,50,0.021196,0.008716,267,232,46,empanado congelado,c92ef7481c,3.0348
83,12,50,0.021648,0.007998,268,233,46,empanado congelado,2fe4275051,4.3041
83,13,50,0.021688,0.009202,269,233,46,empanado congelado,f17c61d316,2.8707
83,14,50,0.021795,0.009179,269,232,46,empanado congelado,8f40da25fb,2.7870
83,15,50,0.021582,0.009257,267,230,46,empanado congelado,468d9d998a,2.9089
83,16,50,0.021395,0.008944,268,233,46,empanado congelado,2484266b50,2.7443
83,17,50,0.021582,0.009257,267,230,46,empanado congelado,468d9d998a,2.9089
83,18,50,0.021688,0.009202,269,233,46,empanado congelado,f17c61d316,2.8707
83,19,50,0.021582,0.009257,267,230,46,empanado congelado,468d9d998a,2.9089
83,20,50,0.027852,0.008781,267,233,46,empanado congelado,faf49dc38d,3.1097
83,21,50,0.021795,0.009179,269,232,46,empanado congelado,8f40da25fb,2.7870
83,22,50,0.021395,0.008944,268,233,46,empanado congelado,2484266b50,2.7443
83,23,50,0.021196,0.008716,267,232,46,empanado congelado,c92ef7481c,3.0348
83,24,50,0.023166,0.009530,267,233,46,empanado congelado,f9c58ca35d,2.8699
83,25,50,0.022088,0.009452,269,233,47,empanado congelado,f79fb4074a,2.5981
83,26,50,0.021182,0.009023,266,231,46,empanado congelado,7e8898a786,2.7091
83,27,50,0.021582,0.009257,267,230,46,empanado congelado,468d9d998a,2.9089
83,28,50,0.021648,0.008499,270,233,46,empanado congelado,6be04921c6,2.8409
83,29,50,0.026681,0.008964,268,234,46,empanado congelado,8d167d9457,2.8456
83,30,50,0.021582,0.009257,267,230,46,empanado congelado,468d9d998a,2.9089
83,31,50,0.021395,0.008944,268,233,46,empanado congelado,2484266b50,2.7443
83,32,50,0.021395,0.008944,268,233,46,empanado congelado,2484266b50,2.7443
83,33,50,0.020730,0.008622,264,229,46,empanado congelado,a578b0617d,2.7682
83,34,50,0.021395,0.008944,268,233,46,empanado congelado,2484266b50,2.7443
83,35,50,0.021129,0.008655,266,231,46,empanado congelado,45f8c72df4,2.6788
83,36,50,0.021648,0.009281,266,230,47,empanado congelado,5da57af4ed,2.6029
83,37,50,0.021648,0.008499,270,233,46,empanado congelado,6be04921c6,2.8409
83,38,50,0.021582,0.009257,267,230,46,empanado congelado,468d9d998a,2.9089
83,39,50,0.022048,0.009401,269,232,46,empanado congelado,69eb69d680,2.7795
83,40,50,0.020770,0.008456,266,232,46,empanado congelado,dac7915ceb,2.7069
83,41,50,0.021582,0.009257,267,230,46,empanado congelado,468d9d998a,2.9089
83,42,50,0.021795,0.009179,269,232,46,empanado congelado,8f40da25fb,2.7870
83,43,50,0.021196,0.008716,267,232,46,empanado congelado,c92ef7481c,3.0348
83,44,50,0.021582,0.009257,267,230,46,empanado congelado,468d9d998a,2.9089
83,45,50,0.021196,0.008716,267,232,46,empanado congelado,c92ef7481c,3.0348
83,46,50,0.021395,0.008944,268,233,46,empanado congelado,2484266b50,2.7443
83,47,50,0.021116,0.007794,265,230,46,empanado congelado,4fc0e07b6b,2.8140
83,48,50,0.022048,0.009456,263,227,47,empanado congelado,0fe18928fb,3.1831
83,49,50,0.021795,0.009179,269,232,46,empanado congelado,8f40da25fb,2.7870
84,0,50,0.020730,0.008622,264,229,46,empanado congelado,a578b0617d,2.7682
84,1,50,0.020770,0.008456,266,232,46,empanado congelado,dac7915ceb,2.7069
84,2,50,0.021116,0.007794,265,230,46,empanado congelado,4fc0e07b6b,2.8140
84,3,50,0.021129,0.008655,266,231,46,empanado congelado,45f8c72df4,2.6788
84,4,50,0.021129,0.008655,266,231,46,empanado congelado,45f8c72df4,2.6788
84,5,50,0.021129,0.008655,266,231,46,empanado congelado,45f8c72df4,2.6788
84,6,50,0.021395,0.008944,268,233,46,empanado congelado,2484266b50,2.7443
84,7,50,0.021116,0.007794,265,230,46,empanado congelado,4fc0e07b6b,2.8140
84,8,50,0.021222,0.008384,267,230,46,empanado congelado,f259d0984f,2.8797
84,9,50,0.021129,0.008655,266,231,46,empanado congelado,45f8c72df4,2.6788
84,10,50,0.021129,0.008655,266,231,46,empanado congelado,45f8c72df4,2.6788
84,11,50,0.021582,0.009257,267,230,46,empanado congelado,468d9d998a,2.9089
84,12,50,0.021582,0.009257,267,230,46,empanado congelado,468d9d998a,2.9089
84,13,50,0.021395,0.008944,268,233,46,empanado congelado,2484266b50,2.7443
84,14,50,0.021395,0.008944,268,233,46,empanado congelado,2484266b50,2.7443
84,15,50,0.022261,0.009459,270,233,46,empanado congelado,dbc2287d7c,2.8674
84,16,50,0.021355,0.008241,269,233,46,empanado congelado,b55f9855a0,2.7004
84,17,50,0.021648,0.009165,268,233,46,empanado congelado,86e7cc7d00,2.8090
84,18,50,0.021302,0.008737,267,232,46,empanado congelado,5193daceaa,2.8616
84,19,50,0.020730,0.007258,265,232,46,empanado congelado,145f9d75bc,2.7208
84,20,50,0.021196,0.008716,267,232,46,empanado congelado,c92ef7481c,3.0348
84,21,50,0.021422,0.008678,267,232,46,empanado congelado,443c5d0f72,2.6829
84,22,50,0.021129,0.008655,266,231,46,empanado congelado,45f8c72df4,2.6788
84,23,50,0.021395,0.008944,268,233,46,empanado congelado,2484266b50,2.7443
84,24,50,0.022381,0.008518,267,233,46,empanado congelado,2dfee5b4e2,2.6628
84,25,50,0.021941,0.009543,268,232,47,empanado congelado,1b3844e3f0,2.8848
84,26,50,0.021395,0.008944,268,233,46,empanado congelado,2484266b50,2.7443
84,27,50,0.026068,0.008592,265,233,45,empanado congelado,5dbcb0f18c,3.1156
84,28,50,0.022128,0.009433,270,232,46,empanado congelado,e3188d0ef3,2.6803
84,29,50,0.021196,0.008716,267,232,46,empanado congelado,c92ef7481c,3.0348
84,30,50,0.021196,0.008716,267,232,46,empanado congelado,c92ef7481c,3.0348
84,31,50,0.021395,0.008944,268,233,46,empanado congelado,2484266b50,2.7443
84,32,50,0.020730,0.008622,264,229,46,empanado congelado,a578b0617d,2.7682
84,33,50,0.021675,0.009391,268,231,46,empanado congelado,e06631f49c,2.7235
84,34,50,0.027466,0.009662,269,231,46,empanado congelado,e3c972b363,2.7289
84,35,50,0.021196,0.008716,267,232,46,empanado congelado,c92ef7481c,3.0348
84,36,50,0.021129,0.008655,266,231,46,empanado congelado,45f8c72df4,2.6788
84,37,50,0.021116,0.007794,265,230,46,empanado congelado,4fc0e07b6b,2.8140
84,38,50,0.022021,0.009142,269,232,46,empanado congelado,4cdd4327a0,2.7774
84,39,50,0.021196,0.008716,267,232,46,empanado congelado,c92ef7481c,3.0348
84,40,50,0.021795,0.009179,269,232,46,empanado congelado,8f40da25fb,2.7870
84,41,50,0.021662,0.009020,268,233,46,empanado congelado,235dfadaa8,2.7608
84,42,50,0.021382,0.009059,267,232,46,empanado congelado,8c86bf4e3a,2.7340
84,43,50,0.021116,0.007794,265,230,46,empanado congelado,4fc0e07b6b,2.8140
84,44,50,0.022274,0.009363,269,232,46,empanado congelado,7ebcb98f48,2.9369
84,45,50,0.021196,0.008716,267,232,46,empanado congelado,c92ef7481c,3.0348
84,46,50,0.021196,0.008716,267,232,46,empanado congelado,c92ef7481c,3.0348
84,47,50,0.021196,0.008716,267,232,46,empanado congelado,c92ef7481c,3.0348
84,48,50,0.021395,0.008944,268,233,46,empanado congelado,2484266b50,2.7443
84,49,50,0.021395,0.008944,268,233,46,empanado congelado,2484266b50,2.7443
85,0,50,0.020730,0.008622,264,229,46,empanado congelado,a578b0617d,2.7682
85,1,50,0.020730,0.007258,265,232,46,empanado congelado,145f9d75bc,2.7208
85,2,50,0.020730,0.008622,264,229,46,empanado congelado,a578b0617d,2.7682
85,3,50,0.020770,0.008456,266,232,46,empanado congelado,dac7915ceb,2.7069
85,4,50,0.021116,0.007794,265,230,46,empanado congelado,4fc0e07b6b,2.8140
85,5,50,0.020730,0.008622,264,229,46,empanado congelado,a578b0617d,2.7682
85,6,50,0.020929,0.008686,267,233,47,empanado congelado,a1f95261eb,3.0340
85,7,50,0.020730,0.008622,264,229,46,empanado congelado,a578b0617d,2.7682
85,8,50,0.021196,0.008716,267,232,46,empanado congelado,c92ef7481c,3.0348
85,9,50,0.020770,0.008456,266,232,46,empanado congelado,dac7915ceb,2.7069
85,10,50,0.020730,0.007258,265,232,46,empanado congelado,145f9d75bc,2.7208
85,11,50,0.021196,0.008716,267,232,46,empanado congelado,c92ef7481c,3.0348
85,12,50,0.021169,0.008666,262,230,46,empanado congelado,4a7d89c010,2.6869
85,13,50,0.021648,0.009165,268,233,46,empanado congelado,86e7cc7d00,2.8090
85,14,50,0.021116,0.007794,265,230,46,empanado congelado,4fc0e07b6b,2.8140
85,15,50,0.020876,0.008437,266,231,46,empanado congelado,67d9836304,2.8867
85,16,50,0.021648,0.009195,263,232,46,empanado congelado,b9e8d03996,3.0102
85,17,50,0.020730,0.008622,264,229,46,empanado congelado,a578b0617d,2.7682
85,18,50,0.021196,0.008716,267,232,46,empanado congelado,c92ef7481c,3.0348
85,19,50,0.021129,0.008655,266,231,46,empanado congelado,45f8c72df4,2.6788
85,20,50,0.020596,0.008537,267,229,46,empanado congelado,24002df2b6,2.8796
85,21,50,0.020730,0.008622,264,229,46,empanado congelado,a578b0617d,2.7682
85,22,50,0.022128,0.009433,270,232,46,empanado congelado,e3188d0ef3,2.6803
85,23,50,0.021196,0.008716,267,232,46,empanado congelado,c92ef7481c,3.0348
85,24,50,0.021129,0.008655,266,231,46,empanado congelado,45f8c72df4,2.6788
85,25,50,0.021329,0.009160,265,229,46,empanado congelado,dd3dd74da2,2.6322
85,26,50,0.021648,0.007998,268,233,46,empanado congelado,2fe4275051,4.3041
85,27,50,0.021129,0.008655,266,231,46,empanado congelado,45f8c72df4,2.6788
85,28,50,0.021129,0.008655,266,231,46,empanado congelado,45f8c72df4,2.6788
85,29,50,0.020730,0.008622,264,229,46,empanado congelado,a578b0617d,2.7682
85,30,50,0.021129,0.008655,266,231,46,empanado congelado,45f8c72df4,2.6788
85,31,50,0.021129,0.008655,266,231,46,empanado congelado,45f8c72df4,2.6788
85,32,50,0.026068,0.008592,265,233,45,empanado congelado,5dbcb0f18c,3.1156
85,33,50,0.021449,0.007576,270,234,46,empanado congelado,f9b801fd5b,2.6423
85,34,50,0.021355,0.008241,269,233,46,empanado congelado,b55f9855a0,2.7004
85,35,50,0.020770,0.008456,266,232,46,empanado congelado,dac7915ceb,2.7069
85,36,50,0.021169,0.008666,262,230,46,empanado congelado,4a7d89c010,2.6869
85,37,50,0.021196,0.008716,267,232,46,empanado congelado,c92ef7481c,3.0348
85,38,50,0.020117,0.008435,264,231,46,empanado congelado,3a1f5ac559,3.0851
85,39,50,0.021129,0.008655,266,231,46,empanado congelado,45f8c72df4,2.6788
85,40,50,0.020730,0.008622,264,229,46,empanado congelado,a578b0617d,2.7682
85,41,50,0.021196,0.008716,267,232,46,empanado congelado,c92ef7481c,3.0348
85,42,50,0.020730,0.008622,264,229,46,empanado congelado,a578b0617d,2.7682
85,43,50,0.021142,0.008555,265,230,46,empanado congelado,97803a945e,2.9256
85,44,50,0.021196,0.008716,267,232,46,empanado congelado,c92ef7481c,3.0348
85,45,50,0.021196,0.008716,267,232,46,empanado congelado,c92ef7481c,3.0348
85,46,50,0.021142,0.008730,266,232,46,empanado congelado,f62a24c5af,3.1653
85,47,50,0.021369,0.008920,268,232,46,empanado congelado,5884f7192b,2.7272
85,48,50,0.021648,0.007998,268,233,46,empanado congelado,2fe4275051,4.3041
85,49,50,0.021329,0.008884,267,232,46,empanado congelado,67a0ad2888,2.9119
86,0,50,0.020117,0.008435,264,231,46,empanado congelado,3a1f5ac559,3.0851
86,1,50,0.020596,0.008537,267,229,46,empanado congelado,24002df2b6,2.8796
86,2,50,0.020730,0.008622,264,229,46,empanado congelado,a578b0617d,2.7682
86,3,50,0.020730,0.007258,265,232,46,empanado congelado,145f9d75bc,2.7208
86,4,50,0.020730,0.008622,264,229,46,empanado congelado,a578b0617d,2.7682
86,5,50,0.021169,0.008666,262,230,46,empanado congelado,4a7d89c010,2.6869
86,6,50,0.021302,0.008737,267,232,46,empanado congelado,5193daceaa,2.8616
86,7,50,0.020730,0.008622,264,229,46,empanado congelado,a578b0617d,2.7682
86,8,50,0.020730,0.008622,264,229,46,empanado congelado,a578b0617d,2.7682
86,9,50,0.021116,0.007794,265,230,46,empanado congelado,4fc0e07b6b,2.8140
86,10,50,0.021116,0.007794,265,230,46,empanado congelado,4fc0e07b6b,2.8140
86,11,50,0.020730,0.008622,264,229,46,empanado congelado,a578b0617d,2.7682
86,12,50,0.020730,0.008622,264,229,46,empanado congelado,a578b0617d,2.7682
86,13,50,0.020730,0.008622,264,229,46,empanado congelado,a578b0617d,2.7682
86,14,50,0.022687,0.008871,265,229,45,empanado congelado,fc84013fe4,3.2319
86,15,50,0.020730,0.007258,265,232,46,empanado congelado,145f9d75bc,2.7208
86,16,50,0.020849,0.008518,269,235,46,empanado congelado,3058bf35ac,2.7491
86,17,50,0.020730,0.008622,264,229,46,empanado congelado,a578b0617d,2.7682
86,18,50,0.020730,0.008622,264,229,46,empanado congelado,a578b0617d,2.7682
86,19,50,0.020730,0.008622,264,229,46,empanado congelado,a578b0617d,2.7682
86,20,50,0.020730,0.008622,264,229,46,empanado congelado,a578b0617d,2.7682
86,21,50,0.020929,0.008686,267,233,47,empanado congelado,a1f95261eb,3.0340
86,22,50,0.020730,0.008622,264,229,46,empanado congelado,a578b0617d,2.7682
86,23,50,0.020596,0.008537,267,229,46,empanado congelado,24002df2b6,2.8796
86,24,50,0.020876,0.008437,266,231,46,empanado congelado,67d9836304,2.8867
86,25,50,0.021129,0.008655,266,231,46,empanado congelado,45f8c72df4,2.6788
86,26,50,0.020730,0.008622,264,229,46,empanado congelado,a578b0617d,2.7682
86,27,50,0.021129,0.008655,266,231,46,empanado congelado,45f8c72df4,2.6788
86,28,50,0.021142,0.008555,265,230,46,empanado congelado,97803a945e,2.9256
86,29,50,0.020730,0.008622,264,229,46,empanado congelado,a578b0617d,2.7682
86,30,50,0.021222,0.007929,265,231,46,empanado congelado,9616b60517,2.6914
86,31,50,0.021622,0.007971,267,233,47,empanado congelado,f2e722353a,2.8709
86,32,50,0.021116,0.009164,264,227,46,empanado congelado,a63572c8e4,2.8693
86,33,50,0.021116,0.007794,265,230,46,empanado congelado,4fc0e07b6b,2.8140
86,34,50,0.021795,0.009447,269,234,47,empanado congelado,67795459c6,2.9078
86,35,50,0.020477,0.008395,262,227,46,empanado congelado,8a0be80559,2.7969
86,36,50,0.020730,0.007258,265,232,46,empanado congelado,145f9d75bc,2.7208
86,37,50,0.020929,0.008686,267,233,47,empanado congelado,a1f95261eb,3.0340
86,38,50,0.020730,0.008622,264,229,46,empanado congelado,a578b0617d,2.7682
86,39,50,0.020770,0.008456,266,232,46,empanado congelado,dac7915ceb,2.7069
86,40,50,0.021196,0.008716,267,232,46,empanado congelado,c92ef7481c,3.0348
86,41,50,0.021422,0.008678,267,232,46,empanado congelado,443c5d0f72,2.6829
86,42,50,0.021129,0.008655,266,231,46,empanado congelado,45f8c72df4,2.6788
86,43,50,0.020730,0.008622,264,229,46,empanado congelado,a578b0617d,2.7682
86,44,50,0.020730,0.008622,264,229,46,empanado congelado,a578b0617d,2.7682
86,45,50,0.021329,0.009160,265,229,46,empanado congelado,dd3dd74da2,2.6322
86,46,50,0.020929,0.008686,267,233,47,empanado congelado,a1f95261eb,3.0340
86,47,50,0.025256,0.007649,266,233,46,empanado congelado,1c0daaa512,2.7609
86,48,50,0.020730,0.008622,264,229,46,empanado congelado,a578b0617d,2.7682
86,49,50,0.021129,0.008655,266,231,46,empanado congelado,45f8c72df4,2.6788
87,0,50,0.020117,0.008435,264,231,46,empanado congelado,3a1f5ac559,3.0851
87,1,50,0.020477,0.008395,262,227,46,empanado congelado,8a0be80559,2.7969
87,2,50,0.020596,0.008537,267,229,46,empanado congelado,24002df2b6,2.8796
87,3,50,0.020596,0.008537,267,229,46,empanado congelado,24002df2b6,2.8796
87,4,50,0.020730,0.008622,264,229,46,empanado congelado,a578b0617d,2.7682
87,5,50,0.021329,0.007956,266,232,46,empanado congelado,990f2fb9d3,2.9596
87,6,50,0.020730,0.008622,264,229,46,empanado congelado,a578b0617d,2.7682
87,7,50,0.021129,0.008655,266,231,46,empanado congelado,45f8c72df4,2.6788
87,8,50,0.021116,0.007794,265,230,46,empanado congelado,4fc0e07b6b,2.8140
87,9,50,0.020730,0.008622,264,229,46,empanado congelado,a578b0617d,2.7682
87,10,50,0.020117,0.008435,264,231,46,empanado congelado,3a1f5ac559,3.0851
87,11,50,0.020477,0.008395,262,227,46,empanado congelado,8a0be80559,2.7969
87,12,50,0.020730,0.008622,264,229,46,empanado congelado,a578b0617d,2.7682
87,13,50,0.020730,0.007258,265,232,46,empanado congelado,145f9d75bc,2.7208
87,14,50,0.030342,0.007988,266,233,46,empanado congelado,e0b13d9147,2.8409
87,15,50,0.020730,0.008622,264,229,46,empanado congelado,a578b0617d,2.7682
87,16,50,0.020730,0.008622,264,229,46,empanado congelado,a578b0617d,2.7682
87,17,50,0.029850,0.008052,264,231,46,empanado congelado,8230e616e1,2.6799
87,18,50,0.024631,0.007784,271,238,46,empanado congelado,ea0c89eb55,2.9313
87,19,50,0.027719,0.009312,264,227,46,empanado congelado,b098103991,2.8147
87,20,50,0.020596,0.008537,267,229,46,empanado congelado,24002df2b6,2.8796
87,21,50,0.020730,0.008622,264,229,46,empanado congelado,a578b0617d,2.7682
87,22,50,0.020730,0.007258,265,232,46,empanado congelado,145f9d75bc,2.7208
87,23,50,0.020596,0.008537,267,229,46,empanado congelado,24002df2b6,2.8796
87,24,50,0.020730,0.008622,264,229,46,empanado congelado,a578b0617d,2.7682
87,25,50,0.020730,0.008622,264,229,46,empanado congelado,a578b0617d,2.7682
87,26,50,0.020596,0.008537,267,229,46,empanado congelado,24002df2b6,2.8796
87,27,50,0.020730,0.007258,265,232,46,empanado congelado,145f9d75bc,2.7208
87,28,50,0.021116,0.007794,265,230,46,empanado congelado,4fc0e07b6b,2.8140
87,29,50,0.020730,0.007258,265,232,46,empanado congelado,145f9d75bc,2.7208
87,30,50,0.020730,0.008622,264,229,46,empanado congelado,a578b0617d,2.7682
87,31,50,0.021116,0.007794,265,230,46,empanado congelado,4fc0e07b6b,2.8140
87,32,50,0.020876,0.008437,266,231,46,empanado congelado,67d9836304,2.8867
87,33,50,0.020730,0.008622,264,229,46,empanado congelado,a578b0617d,2.7682
87,34,50,0.020876,0.008437,266,231,46,empanado congelado,67d9836304,2.8867
87,35,50,0.020730,0.008622,264,229,46,empanado congelado,a578b0617d,2.7682
87,36,50,0.021409,0.009223,268,228,46,empanado congelado,5fe3340ff0,2.9299
87,37,50,0.020730,0.008622,264,229,46,empanado congelado,a578b0617d,2.7682
87,38,50,0.020730,0.008622,264,229,46,empanado congelado,a578b0617d,2.7682
87,39,50,0.020730,0.007258,265,232,46,empanado congelado,145f9d75bc,2.7208
87,40,50,0.020876,0.008437,266,231,46,empanado congelado,67d9836304,2.8867
87,41,50,0.020730,0.008622,264,229,46,empanado congelado,a578b0617d,2.7682
87,42,50,0.020730,0.008622,264,229,46,empanado congelado,a578b0617d,2.7682
87,43,50,0.020730,0.008622,264,229,46,empanado congelado,a578b0617d,2.7682
87,44,50,0.020730,0.008622,264,229,46,empanado congelado,a578b0617d,2.7682
87,45,50,0.026202,0.008845,263,231,46,empanado congelado,53e6512a4e,2.6989
87,46,50,0.021129,0.008655,266,231,46,empanado congelado,45f8c72df4,2.6788
87,47,50,0.021129,0.008655,266,231,46,empanado congelado,45f8c72df4,2.6788
87,48,50,0.020517,0.008221,264,230,46,empanado congelado,c63e68db7d,2.7807
87,49,50,0.020477,0.008395,262,227,46,empanado congelado,8a0be80559,2.7969
88,0,50,0.020117,0.008435,264,231,46,empanado congelado,3a1f5ac559,3.0851
88,1,50,0.020117,0.008435,264,231,46,empanado congelado,3a1f5ac559,3.0851
88,2,50,0.020477,0.008395,262,227,46,empanado congelado,8a0be80559,2.7969
88,3,50,0.020477,0.008395,262,227,46,empanado congelado,8a0be80559,2.7969
88,4,50,0.020477,0.008395,262,227,46,empanado congelado,8a0be80559,2.7969
88,5,50,0.020650,0.008526,263,228,46,empanado congelado,a1fa3fef9c,3.3360
88,6,50,0.020596,0.008537,267,229,46,empanado congelado,24002df2b6,2.8796
88,7,50,0.020157,0.007776,268,229,46,empanado congelado,32c5a0056b,3.5320
88,8,50,0.020477,0.008395,262,227,46,empanado congelado,8a0be80559,2.7969
88,9,50,0.020596,0.008537,267,229,46,empanado congelado,24002df2b6,2.8796
88,10,50,0.020730,0.008622,264,229,46,empanado congelado,a578b0617d,2.7682
88,11,50,0.020730,0.008622,264,229,46,empanado congelado,a578b0617d,2.7682
88,12,50,0.020477,0.008395,262,227,46,empanado congelado,8a0be80559,2.7969
88,13,50,0.020117,0.008435,264,231,46,empanado congelado,3a1f5ac559,3.0851
88,14,50,0.020730,0.008622,264,229,46,empanado congelado,a578b0617d,2.7682
88,15,50,0.020730,0.008622,264,229,46,empanado congelado,a578b0617d,2.7682
88,16,50,0.020730,0.008622,264,229,46,empanado congelado,a578b0617d,2.7682
88,17,50,0.020503,0.008661,265,228,46,empanado congelado,7db26a40e7,2.8361
88,18,50,0.020956,0.008569,266,230,46,empanado congelado,021be4a694,2.7692
88,19,50,0.020730,0.008622,264,229,46,empanado congelado,a578b0617d,2.7682
88,20,50,0.020730,0.008622,264,229,46,empanado congelado,a578b0617d,2.7682
88,21,50,0.020477,0.008395,262,227,46,empanado congelado,8a0be80559,2.7969
88,22,50,0.020730,0.008622,264,229,46,empanado congelado,a578b0617d,2.7682
88,23,50,0.020503,0.008566,265,233,46,empanado congelado,13d23b1caa,2.7230
88,24,50,0.020730,0.008622,264,229,46,empanado congelado,a578b0617d,2.7682
88,25,50,0.020730,0.007258,265,232,46,empanado congelado,145f9d75bc,2.7208
88,26,50,0.020596,0.008537,267,229,46,empanado congelado,24002df2b6,2.8796
88,27,50,0.020730,0.008622,264,229,46,empanado congelado,a578b0617d,2.7682
88,28,50,0.020730,0.007258,265,232,46,empanado congelado,145f9d75bc,2.7208
88,29,50,0.020596,0.008537,267,229,46,empanado congelado,24002df2b6,2.8796
88,30,50,0.020730,0.008622,264,229,46,empanado congelado,a578b0617d,2.7682
88,31,50,0.021662,0.008985,263,228,46,ketchup,2e68872053,2.8299
88,32,50,0.020730,0.008622,264,229,46,empanado congelado,a578b0617d,2.7682
88,33,50,0.020730,0.008622,264,229,46,empanado congelado,a578b0617d,2.7682
88,34,50,0.020517,0.008221,264,230,46,empanado congelado,c63e68db7d,2.7807
88,35,50,0.020730,0.007258,265,232,46,empanado congelado,145f9d75bc,2.7208
88,36,50,0.020596,0.008537,267,229,46,empanado congelado,24002df2b6,2.8796
88,37,50,0.020730,0.008622,264,229,46,empanado congelado,a578b0617d,2.7682
88,38,50,0.020117,0.008435,264,231,46,empanado congelado,3a1f5ac559,3.0851
88,39,50,0.020117,0.008435,264,231,46,empanado congelado,3a1f5ac559,3.0851
88,40,50,0.020477,0.008395,262,227,46,empanado congelado,8a0be80559,2.7969
88,41,50,0.020596,0.008537,267,229,46,empanado congelado,24002df2b6,2.8796
88,42,50,0.025842,0.008729,264,230,46,aperitivo,dcaa2b5138,2.9137
88,43,50,0.019718,0.008380,260,227,46,empanado congelado,1b938f14d8,2.7763
88,44,50,0.020650,0.008585,265,229,46,empanado congelado,8ad1e610c2,2.7370
88,45,50,0.020730,0.008622,264,229,46,empanado congelado,a578b0617d,2.7682
88,46,50,0.020477,0.008395,262,227,46,empanado congelado,8a0be80559,2.7969
88,47,50,0.020730,0.008622,264,229,46,empanado congelado,a578b0617d,2.7682
88,48,50,0.020730,0.008622,264,229,46,empanado congelado,a578b0617d,2.7682
88,49,50,0.020730,0.008622,264,229,46,empanado congelado,a578b0617d,2.7682
89,0,50,0.019718,0.008380,260,227,46,empanado congelado,1b938f14d8,2.7763
89,1,50,0.020117,0.008435,264,231,46,empanado congelado,3a1f5ac559,3.0851
89,2,50,0.020117,0.008435,264,231,46,empanado congelado,3a1f5ac559,3.0851
89,3,50,0.020117,0.008435,264,231,46,empanado congelado,3a1f5ac559,3.0851
89,4,50,0.020117,0.008435,264,231,46,empanado congelado,3a1f5ac559,3.0851
89,5,50,0.020730,0.008622,264,229,46,empanado congelado,a578b0617d,2.7682
89,6,50,0.020477,0.008395,262,227,46,empanado congelado,8a0be80559,2.7969
89,7,50,0.020450,0.008465,265,229,46,empanado congelado,43875c8e86,3.4536
89,8,50,0.020650,0.008462,264,228,46,empanado congelado,9ba50ac771,3.0238
89,9,50,0.020503,0.008566,265,233,46,empanado congelado,13d23b1caa,2.7230
89,10,50,0.020117,0.008435,264,231,46,empanado congelado,3a1f5ac559,3.0851
89,11,50,0.020730,0.008622,264,229,46,empanado congelado,a578b0617d,2.7682
89,12,50,0.020477,0.008395,262,227,46,empanado congelado,8a0be80559,2.7969
89,13,50,0.020943,0.008721,264,229,47,empanado congelado,a48a9b7286,3.1170
89,14,50,0.020596,0.007776,265,232,46,empanado congelado,5854e5da8a,2.7795
89,15,50,0.019718,0.008380,260,227,46,empanado congelado,1b938f14d8,2.7763
89,16,50,0.019718,0.008380,260,227,46,empanado congelado,1b938f14d8,2.7763
89,17,50,0.020809,0.008577,267,233,47,empanado congelado,865a53b487,2.8397
89,18,50,0.020730,0.008622,264,229,46,empanado congelado,a578b0617d,2.7682
89,19,50,0.020503,0.008661,265,228,46,empanado congelado,7db26a40e7,2.8361
89,20,50,0.020477,0.008395,262,227,46,empanado congelado,8a0be80559,2.7969
89,21,50,0.020596,0.008537,267,229,46,empanado congelado,24002df2b6,2.8796
89,22,50,0.020650,0.008526,263,228,46,empanado congelado,a1fa3fef9c,3.3360
89,23,50,0.019838,0.008014,261,230,46,empanado congelado,43725842ce,2.9621
89,24,50,0.019864,0.008202,262,229,46,empanado congelado,e8e16df81d,2.9190
89,25,50,0.020117,0.008435,264,231,46,empanado congelado,3a1f5ac559,3.0851
89,26,50,0.020117,0.008435,264,231,46,empanado congelado,3a1f5ac559,3.0851
89,27,50,0.020730,0.008622,264,229,46,empanado congelado,a578b0617d,2.7682
89,28,50,0.020596,0.008537,267,229,46,empanado congelado,24002df2b6,2.8796
89,29,50,0.020596,0.008537,267,229,46,empanado congelado,24002df2b6,2.8796
89,30,50,0.019718,0.008380,260,227,46,empanado congelado,1b938f14d8,2.7763
89,31,50,0.020983,0.008663,261,226,46,empanado congelado,79e7e32d59,2.6515
89,32,50,0.020517,0.008221,264,230,46,empanado congelado,c63e68db7d,2.7807
89,33,50,0.019864,0.008202,262,229,46,empanado congelado,e8e16df81d,2.9190
89,34,50,0.020477,0.008511,263,228,46,empanado congelado,c7893d600d,2.7368
89,35,50,0.019718,0.008380,260,227,46,empanado congelado,1b938f14d8,2.7763
89,36,50,0.020477,0.008395,262,227,46,empanado congelado,8a0be80559,2.7969
89,37,50,0.020743,0.008769,263,231,46,empanado congelado,986b9346f9,3.0057
89,38,50,0.020943,0.008746,265,232,47,empanado congelado,642217d73e,2.6596
89,39,50,0.020210,0.008484,261,225,47,sal,cea423b53c,3.2291
89,40,50,0.020357,0.008589,263,228,46,empanado congelado,36ccdcf0f3,4.2102
89,41,50,0.020117,0.008435,264,231,46,empanado congelado,3a1f5ac559,3.0851
89,42,50,0.020596,0.008537,267,229,46,empanado congelado,24002df2b6,2.8796
89,43,50,0.020477,0.008395,262,227,46,empanado congelado,8a0be80559,2.7969
89,44,50,0.020157,0.007776,268,229,46,empanado congelado,32c5a0056b,3.5320
89,45,50,0.019758,0.008468,261,228,47,sal,ff47e21d49,3.9237
89,46,50,0.021835,0.008254,265,230,45,empanado congelado,faacd702f1,3.4333
89,47,50,0.020770,0.008456,266,232,46,empanado congelado,dac7915ceb,2.7069
89,48,50,0.020477,0.008395,262,227,46,empanado congelado,8a0be80559,2.7969
89,49,50,0.020117,0.008435,264,231,46,empanado congelado,3a1f5ac559,3.0851
90,0,50,0.019718,0.008380,260,227,46,empanado congelado,1b938f14d8,2.7763
90,1,50,0.019718,0.008380,260,227,46,empanado congelado,1b938f14d8,2.7763
90,2,50,0.019718,0.008380,260,227,46,empanado congelado,1b938f14d8,2.7763
90,3,50,0.019718,0.008380,260,227,46,empanado congelado,1b938f14d8,2.7763
90,4,50,0.019718,0.008380,260,227,46,empanado congelado,1b938f14d8,2.7763
90,5,50,0.019718,0.008380,260,227,46,empanado congelado,1b938f14d8,2.7763
90,6,50,0.020477,0.008395,262,227,46,empanado congelado,8a0be80559,2.7969
90,7,50,0.020117,0.008435,264,231,46,empanado congelado,3a1f5ac559,3.0851
90,8,50,0.020117,0.008435,264,231,46,empanado congelado,3a1f5ac559,3.0851
90,9,50,0.019864,0.008202,262,229,46,empanado congelado,e8e16df81d,2.9190
90,10,50,0.019758,0.008468,261,228,47,sal,ff47e21d49,3.9237
90,11,50,0.019878,0.008233,261,229,46,empanado congelado,3d58b51cee,3.1367
90,12,50,0.022247,0.007976,266,235,46,empanado congelado,e49fd7e4ee,2.7134
90,13,50,0.019505,0.008472,262,228,47,sal,e78a1861c9,2.7952
90,14,50,0.020184,0.007701,265,227,46,empanado congelado,22a691f047,3.0185
90,15,50,0.021302,0.008784,266,234,46,empanado congelado,12ad05fdba,2.9179
90,16,50,0.020250,0.008332,263,231,46,empanado congelado,0e060cf913,2.6708
90,17,50,0.020477,0.008395,262,227,46,empanado congelado,8a0be80559,2.7969
90,18,50,0.020117,0.008435,264,231,46,empanado congelado,3a1f5ac559,3.0851
90,19,50,0.020849,0.007892,261,227,46,empanado congelado,7b49e03667,3.1217
90,20,50,0.020503,0.008661,265,228,46,empanado congelado,7db26a40e7,2.8361
90,21,50,0.019718,0.008380,260,227,46,empanado congelado,1b938f14d8,2.7763
90,22,50,0.020117,0.008435,264,231,46,empanado congelado,3a1f5ac559,3.0851
90,23,50,0.019864,0.008202,262,229,46,empanado congelado,e8e16df81d,2.9190
90,24,50,0.019718,0.008380,260,227,46,empanado congelado,1b938f14d8,2.7763
90,25,50,0.021182,0.007979,268,232,46,empanado congelado,611b75a7f1,2.7756
90,26,50,0.019891,0.008451,262,228,46,empanado congelado,e5979648a2,2.8262
90,27,50,0.020117,0.008435,264,231,46,empanado congelado,3a1f5ac559,3.0851
90,28,50,0.019718,0.008380,260,227,46,empanado congelado,1b938f14d8,2.7763
90,29,50,0.020650,0.008462,264,228,46,empanado congelado,9ba50ac771,3.0238
90,30,50,0.019838,0.008014,261,230,46,empanado congelado,43725842ce,2.9621
90,31,50,0.020836,0.008745,264,229,47,sal,2f494f800e,2.7842
90,32,50,0.020477,0.008395,262,227,46,empanado congelado,8a0be80559,2.7969
90,33,50,0.020690,0.008622,267,231,46,empanado congelado,92ace47194,3.0886
90,34,50,0.019744,0.008403,261,228,46,empanado congelado,d5486688d5,3.1465
90,35,50,0.034363,0.008769,265,229,45,empanado congelado,bee20e8bdc,2.7250
90,36,50,0.019851,0.008449,265,230,46,empanado congelado,a0779ba4ff,2.6989
90,37,50,0.020903,0.008591,264,228,47,sal,7b88d0dd1f,2.7137
90,38,50,0.019758,0.008468,261,228,47,sal,ff47e21d49,3.9237
90,39,50,0.020863,0.008753,267,234,46,empanado congelado,b696ce468f,3.0069
90,40,50,0.020210,0.008409,260,225,46,empanado congelado,ced8b9621c,2.9387
90,41,50,0.021049,0.008643,265,234,46,empanado congelado,86b4cbe161,2.7158
90,42,50,0.019718,0.008380,260,227,46,empanado congelado,1b938f14d8,2.7763
90,43,50,0.020117,0.008375,266,229,45,empanado congelado,c050a3deaa,2.7604
90,44,50,0.020264,0.008182,265,230,46,empanado congelado,1234d5b84f,2.8614
90,45,50,0.019718,0.008380,260,227,46,empanado congelado,1b938f14d8,2.7763
90,46,50,0.020210,0.008447,258,227,46,empanado congelado,75874abd30,2.9180
90,47,50,0.020117,0.008435,264,231,46,empanado congelado,3a1f5ac559,3.0851
90,48,50,0.019718,0.008380,260,227,46,empanado congelado,1b938f14d8,2.7763
90,49,50,0.019718,0.008380,260,227,46,empanado congelado,1b938f14d8,2.7763
91,0,50,0.019505,0.008472,262,228,47,sal,e78a1861c9,2.7952
91,1,50,0.019718,0.008380,260,227,46,empanado congelado,1b938f14d8,2.7763
91,2,50,0.019718,0.008380,260,227,46,empanado congelado,1b938f14d8,2.7763
91,3,50,0.019718,0.008380,260,227,46,empanado congelado,1b938f14d8,2.7763
91,4,50,0.019718,0.008380,260,227,46,empanado congelado,1b938f14d8,2.7763
91,5,50,0.019891,0.008451,262,228,46,empanado congelado,e5979648a2,2.8262
91,6,50,0.020037,0.008271,264,230,46,empanado congelado,b872423c1b,2.8398
91,7,50,0.023126,0.008507,261,229,47,empanado congelado,8c253516c2,2.9809
91,8,50,0.019718,0.008380,260,227,46,empanado congelado,1b938f14d8,2.7763
91,9,50,0.019744,0.008403,261,228,46,empanado congelado,d5486688d5,3.1465
91,10,50,0.019718,0.008380,260,227,46,empanado congelado,1b938f14d8,2.7763
91,11,50,0.020051,0.008166,261,228,47,empanado congelado,d65e099538,3.0247
91,12,50,0.020716,0.008623,259,224,46,empanado congelado,00dc4431cd,2.5380
91,13,50,0.019864,0.008202,262,229,46,empanado congelado,e8e16df81d,2.9190
91,14,50,0.019851,0.008449,265,230,46,empanado congelado,a0779ba4ff,2.6989
91,15,50,0.020503,0.008566,265,233,46,empanado congelado,13d23b1caa,2.7230
91,16,50,0.020370,0.008437,263,231,46,empanado congelado,0966e14a57,2.6574
91,17,50,0.019718,0.008380,260,227,46,empanado congelado,1b938f14d8,2.7763
91,18,50,0.019891,0.008451,262,228,46,empanado congelado,e5979648a2,2.8262
91,19,50,0.020011,0.007707,259,226,46,empanado congelado,9fb2d0984e,2.7479
91,20,50,0.019505,0.008472,262,228,47,sal,e78a1861c9,2.7952
91,21,50,0.020663,0.007975,261,229,46,empanado congelado,373673d7c0,2.8655
91,22,50,0.020064,0.008170,259,227,46,empanado congelado,6e4c0658fd,2.5848
91,23,50,0.019718,0.008380,260,227,46,empanado congelado,1b938f14d8,2.7763
91,24,50,0.021369,0.008524,255,225,45,empanado congelado,f3b32ed997,2.7701
91,25,50,0.019718,0.008380,260,227,46,empanado congelado,1b938f14d8,2.7763
91,26,50,0.019505,0.008472,262,228,47,sal,e78a1861c9,2.7952
91,27,50,0.024165,0.008972,255,225,46,empanado congelado,21a1642293,2.9294
91,28,50,0.019864,0.008202,262,229,46,empanado congelado,e8e16df81d,2.9190
91,29,50,0.019704,0.008375,263,230,46,empanado congelado,224c985e73,2.7286
91,30,50,0.019758,0.008434,261,226,47,sal,f1f4626abf,2.7266
91,31,50,0.019718,0.008380,260,227,46,empanado congelado,1b938f14d8,2.7763
91,32,50,0.019718,0.008380,260,227,46,empanado congelado,1b938f14d8,2.7763
91,33,50,0.019718,0.008380,260,227,46,empanado congelado,1b938f14d8,2.7763
91,34,50,0.019718,0.008380,260,227,46,empanado congelado,1b938f14d8,2.7763
91,35,50,0.019718,0.008380,260,227,46,empanado congelado,1b938f14d8,2.7763
91,36,50,0.019718,0.008380,260,227,46,empanado congelado,1b938f14d8,2.7763
91,37,50,0.019878,0.008233,261,229,46,empanado congelado,3d58b51cee,3.1367
91,38,50,0.019718,0.008380,260,227,46,empanado congelado,1b938f14d8,2.7763
91,39,50,0.021049,0.008551,264,232,46,empanado congelado,af14844d26,2.8534
91,40,50,0.019718,0.008380,260,227,46,empanado congelado,1b938f14d8,2.7763
91,41,50,0.019718,0.008380,260,227,46,empanado congelado,1b938f14d8,2.7763
91,42,50,0.019891,0.008451,262,228,46,empanado congelado,e5979648a2,2.8262
91,43,50,0.020477,0.008395,262,227,46,empanado congelado,8a0be80559,2.7969
91,44,50,0.019744,0.008403,261,228,46,empanado congelado,d5486688d5,3.1465
91,45,50,0.020117,0.008435,264,231,46,empanado congelado,3a1f5ac559,3.0851
91,46,50,0.023326,0.008941,261,230,46,empanado congelado,7b52227ce6,2.8625
91,47,50,0.019638,0.008224,260,226,46,empanado congelado,10c087bcc7,2.5554
91,48,50,0.019585,0.007584,264,230,46,empanado congelado,9a8669d035,2.7753
91,49,50,0.019718,0.008380,260,227,46,empanado congelado,1b938f14d8,2.7763
92,0,50,0.019505,0.008472,262,228,47,sal,e78a1861c9,2.7952
92,1,50,0.019505,0.008472,262,228,47,sal,e78a1861c9,2.7952
92,2,50,0.019505,0.008472,262,228,47,sal,e78a1861c9,2.7952
92,3,50,0.019585,0.007584,264,230,46,empanado congelado,9a8669d035,2.7753
92,4,50,0.019638,0.008224,260,226,46,empanado congelado,10c087bcc7,2.5554
92,5,50,0.019704,0.008375,263,230,46,empanado congelado,224c985e73,2.7286
92,6,50,0.027360,0.009169,262,228,47,sal,f4b3a69704,2.8897
92,7,50,0.019718,0.008380,260,227,46,empanado congelado,1b938f14d8,2.7763
92,8,50,0.019718,0.008380,260,227,46,empanado congelado,1b938f14d8,2.7763
92,9,50,0.019704,0.008375,263,230,46,empanado congelado,224c985e73,2.7286
92,10,50,0.019971,0.008461,261,226,46,empanado congelado,2efcea12ad,2.9357
92,11,50,0.019718,0.008380,260,227,46,empanado congelado,1b938f14d8,2.7763
92,12,50,0.019718,0.008380,260,227,46,empanado congelado,1b938f14d8,2.7763
92,13,50,0.019718,0.008380,260,227,46,empanado congelado,1b938f14d8,2.7763
92,14,50,0.020184,0.008494,263,230,47,empanado congelado,ea8f253963,2.6603
92,15,50,0.019505,0.008472,262,228,47,sal,e78a1861c9,2.7952
92,16,50,0.019505,0.008472,262,228,47,sal,e78a1861c9,2.7952
92,17,50,0.019678,0.008369,260,227,47,sal,624e8ce49b,2.6088
92,18,50,0.019518,0.008410,261,227,46,empanado congelado,8ce5f99fd8,2.9346
92,19,50,0.019704,0.008375,263,230,46,empanado congelado,224c985e73,2.7286
92,20,50,0.019451,0.008471,259,225,47,sal,a3e27bd27b,2.7811
92,21,50,0.019638,0.008224,260,226,46,empanado congelado,10c087bcc7,2.5554
92,22,50,0.027040,0.008352,261,229,46,empanado congelado,659607ae51,2.8679
92,23,50,0.019718,0.008380,260,227,46,empanado congelado,1b938f14d8,2.7763
92,24,50,0.020064,0.008170,259,227,46,empanado congelado,6e4c0658fd,2.5848
92,25,50,0.019505,0.008472,262,228,47,sal,e78a1861c9,2.7952
92,26,50,0.019878,0.008446,257,223,46,empanado congelado,02cb7c7715,2.6982
92,27,50,0.019638,0.008224,260,226,46,empanado congelado,10c087bcc7,2.5554
92,28,50,0.019638,0.008224,260,226,46,empanado congelado,10c087bcc7,2.5554
92,29,50,0.021941,0.008081,260,226,46,empanado congelado,97d0d3d437,2.8867
92,30,50,0.019758,0.008468,261,228,47,sal,ff47e21d49,3.9237
92,31,50,0.022540,0.009143,262,229,47,sal,15faf6c24e,2.8261
92,32,50,0.019505,0.008472,262,228,47,sal,e78a1861c9,2.7952
92,33,50,0.019718,0.008380,260,227,46,empanado congelado,1b938f14d8,2.7763
92,34,50,0.019718,0.008380,260,227,46,empanado congelado,1b938f14d8,2.7763
92,35,50,0.025150,0.008478,262,230,46,empanado congelado,e9e915499b,2.5909
92,36,50,0.019585,0.007584,264,230,46,empanado congelado,9a8669d035,2.7753
92,37,50,0.019718,0.008380,260,227,46,empanado congelado,1b938f14d8,2.7763
92,38,50,0.019518,0.008162,261,230,46,empanado congelado,17fdc274c2,2.8398
92,39,50,0.019638,0.008224,260,226,46,empanado congelado,10c087bcc7,2.5554
92,40,50,0.019398,0.008351,259,225,47,sal,b0dd0fc2a5,2.7717
92,41,50,0.019718,0.008380,260,227,46,empanado congelado,1b938f14d8,2.7763
92,42,50,0.019505,0.008472,262,228,47,sal,e78a1861c9,2.7952
92,43,50,0.019718,0.008380,260,227,46,empanado congelado,1b938f14d8,2.7763
92,44,50,0.027147,0.009055,263,231,47,empanado congelado,a197faff4e,2.8000
92,45,50,0.019478,0.008425,260,227,47,sal,4114a8c728,2.6283
92,46,50,0.019505,0.008412,262,228,46,empanado congelado,7503306bba,2.8049
92,47,50,0.020583,0.008387,259,224,46,empanado congelado,cb2ef8c12f,2.7971
92,48,50,0.019718,0.008380,260,227,46,empanado congelado,1b938f14d8,2.7763
92,49,50,0.021196,0.008262,261,230,46,empanado congelado,2952484102,2.3422
93,0,50,0.019398,0.008351,259,225,47,sal,b0dd0fc2a5,2.7717
93,1,50,0.019451,0.008471,259,225,47,sal,a3e27bd27b,2.7811
93,2,50,0.019478,0.008425,260,227,47,sal,4114a8c728,2.6283
93,3,50,0.019505,0.008472,262,228,47,sal,e78a1861c9,2.7952
93,4,50,0.019505,0.008472,262,228,47,sal,e78a1861c9,2.7952
93,5,50,0.019638,0.008224,260,226,46,empanado congelado,10c087bcc7,2.5554
93,6,50,0.019518,0.008410,261,227,46,empanado congelado,8ce5f99fd8,2.9346
93,7,50,0.019585,0.008178,261,228,46,empanado congelado,9e638ffc08,2.1327
93,8,50,0.019451,0.008471,259,225,47,sal,a3e27bd27b,2.7811
93,9,50,0.019505,0.008472,262,228,47,sal,e78a1861c9,2.7952
93,10,50,0.019505,0.008472,262,228,47,sal,e78a1861c9,2.7952
93,11,50,0.019718,0.008380,260,227,46,empanado congelado,1b938f14d8,2.7763
93,12,50,0.019505,0.008472,262,228,47,sal,e78a1861c9,2.7952
93,13,50,0.019585,0.007584,264,230,46,empanado congelado,9a8669d035,2.7753
93,14,50,0.019505,0.008472,262,228,47,sal,e78a1861c9,2.7952
93,15,50,0.019704,0.008375,263,230,46,empanado congelado,224c985e73,2.7286
93,16,50,0.019132,0.008426,258,224,47,sal,a705b7cb33,1.6722
93,17,50,0.020157,0.008383,262,230,46,empanado congelado,c4d8adbd71,1.7139
93,18,50,0.019704,0.008375,263,230,46,empanado congelado,224c985e73,2.7286
93,19,50,0.019505,0.008472,262,228,47,sal,e78a1861c9,2.7952
93,20,50,0.019505,0.008412,262,228,46,empanado congelado,7503306bba,2.8049
93,21,50,0.019505,0.008472,262,228,47,sal,e78a1861c9,2.7952
93,22,50,0.019505,0.008472,262,228,47,sal,e78a1861c9,2.7952
93,23,50,0.019505,0.007237,264,230,46,empanado congelado,baf05d462b,1.6649
93,24,50,0.019478,0.008425,260,227,47,sal,4114a8c728,2.6283
93,25,50,0.019718,0.008380,260,227,46,empanado congelado,1b938f14d8,2.7763
93,26,50,0.019505,0.008472,262,228,47,sal,e78a1861c9,2.7952
93,27,50,0.019505,0.008472,262,228,47,sal,e78a1861c9,2.7952
93,28,50,0.019505,0.008472,262,228,47,sal,e78a1861c9,2.7952
93,29,50,0.019678,0.008369,260,227,47,sal,624e8ce49b,2.6088
93,30,50,0.019505,0.008472,262,228,47,sal,e78a1861c9,2.7952
93,31,50,0.019718,0.008380,260,227,46,empanado congelado,1b938f14d8,2.7763
93,32,50,0.019585,0.007593,261,230,46,empanado congelado,461912d598,1.7545
93,33,50,0.019638,0.008224,260,226,46,empanado congelado,10c087bcc7,2.5554
93,34,50,0.019638,0.008224,260,226,46,empanado congelado,10c087bcc7,2.5554
93,35,50,0.020277,0.008959,264,231,47,empanado congelado,ef6a6eff81,1.6838
93,36,50,0.041779,0.007398,268,235,46,empanado congelado,8d55d5605e,1.7092
93,37,50,0.019944,0.008482,264,230,46,empanado congelado,a8f007d11a,1.6722
93,38,50,0.019585,0.007584,264,230,46,empanado congelado,9a8669d035,2.7753
93,39,50,0.019585,0.007584,264,230,46,empanado congelado,9a8669d035,2.7753
93,40,50,0.019505,0.008472,262,228,47,sal,e78a1861c9,2.7952
93,41,50,0.019398,0.008351,259,225,47,sal,b0dd0fc2a5,2.7717
93,42,50,0.019718,0.008380,260,227,46,empanado congelado,1b938f14d8,2.7763
93,43,50,0.019398,0.008351,259,225,47,sal,b0dd0fc2a5,2.7717
93,44,50,0.019758,0.008468,261,228,47,sal,ff47e21d49,3.9237
93,45,50,0.019505,0.008472,262,228,47,sal,e78a1861c9,2.7952
93,46,50,0.019638,0.008224,260,226,46,empanado congelado,10c087bcc7,2.5554
93,47,50,0.019505,0.008472,262,228,47,sal,e78a1861c9,2.7952
93,48,50,0.028864,0.008985,263,228,47,sal,9f1833a980,1.6913
93,49,50,0.019718,0.008380,260,227,46,empanado congelado,1b938f14d8,2.7763
94,0,50,0.019132,0.008426,258,224,47,sal,a705b7cb33,1.6722
94,1,50,0.019398,0.008351,259,225,47,sal,b0dd0fc2a5,2.7717
94,2,50,0.019398,0.008351,259,225,47,sal,b0dd0fc2a5,2.7717
94,3,50,0.019398,0.008351,259,225,47,sal,b0dd0fc2a5,2.7717
94,4,50,0.019451,0.008471,259,225,47,sal,a3e27bd27b,2.7811
94,5,50,0.019398,0.008351,259,225,47,sal,b0dd0fc2a5,2.7717
94,6,50,0.019505,0.008472,262,228,47,sal,e78a1861c9,2.7952
94,7,50,0.019718,0.007510,263,230,46,empanado congelado,d7d9f6dc7d,1.7878
94,8,50,0.025469,0.008910,264,229,47,sal,5908bd2afd,1.6920
94,9,50,0.019398,0.008351,259,225,47,sal,b0dd0fc2a5,2.7717
94,10,50,0.019505,0.008412,262,228,46,empanado congelado,7503306bba,2.8049
94,11,50,0.019398,0.008351,259,225,47,sal,b0dd0fc2a5,2.7717
94,12,50,0.019931,0.008511,261,227,47,sal,a151a02b75,1.6845
94,13,50,0.019704,0.008375,263,230,46,empanado congelado,224c985e73,2.7286
94,14,50,0.019505,0.008472,262,228,47,sal,e78a1861c9,2.7952
94,15,50,0.019585,0.007584,264,230,46,empanado congelado,9a8669d035,2.7753
94,16,50,0.024031,0.007763,262,229,47,sal,0797ed6ff4,1.7826
94,17,50,0.019478,0.008425,260,227,47,sal,4114a8c728,2.6283
94,18,50,0.019398,0.008351,259,225,47,sal,b0dd0fc2a5,2.7717
94,19,50,0.019505,0.008472,262,228,47,sal,e78a1861c9,2.7952
94,20,50,0.019451,0.008471,259,225,47,sal,a3e27bd27b,2.7811
94,21,50,0.019398,0.008351,259,225,47,sal,b0dd0fc2a5,2.7717
94,22,50,0.019398,0.008351,259,225,47,sal,b0dd0fc2a5,2.7717
94,23,50,0.019398,0.008351,259,225,47,sal,b0dd0fc2a5,2.7717
94,24,50,0.019505,0.008472,262,228,47,sal,e78a1861c9,2.7952
94,25,50,0.019505,0.008472,262,228,47,sal,e78a1861c9,2.7952
94,26,50,0.019398,0.008351,259,225,47,sal,b0dd0fc2a5,2.7717
94,27,50,0.019505,0.008472,262,228,47,sal,e78a1861c9,2.7952
94,28,50,0.019505,0.008472,262,228,47,sal,e78a1861c9,2.7952
94,29,50,0.019505,0.008472,262,228,47,sal,e78a1861c9,2.7952
94,30,50,0.019505,0.008472,262,228,47,sal,e78a1861c9,2.7952
94,31,50,0.019358,0.008261,258,224,46,empanado congelado,f28cff53fe,1.7661
94,32,50,0.020011,0.008625,258,224,47,sal,de829e224a,1.6855
94,33,50,0.019505,0.008472,262,228,47,sal,e78a1861c9,2.7952
94,34,50,0.019505,0.008472,262,228,47,sal,e78a1861c9,2.7952
94,35,50,0.019451,0.008471,259,225,47,sal,a3e27bd27b,2.7811
94,36,50,0.019784,0.007717,263,229,47,sal,821eedb6fd,1.7409
94,37,50,0.021222,0.009083,262,227,47,sal,2bdc932ac6,1.7204
94,38,50,0.019398,0.008351,259,225,47,sal,b0dd0fc2a5,2.7717
94,39,50,0.019505,0.008472,262,228,47,sal,e78a1861c9,2.7952
94,40,50,0.019585,0.007584,264,230,46,empanado congelado,9a8669d035,2.7753
94,41,50,0.019105,0.007745,262,226,47,sal,d38434ee98,1.6952
94,42,50,0.019398,0.008351,259,225,47,sal,b0dd0fc2a5,2.7717
94,43,50,0.019478,0.008425,260,227,47,sal,4114a8c728,2.6283
94,44,50,0.019585,0.007584,264,230,46,empanado congelado,9a8669d035,2.7753
94,45,50,0.019651,0.008120,260,228,47,sal,56e3461140,1.6835
94,46,50,0.019505,0.008472,262,228,47,sal,e78a1861c9,2.7952
94,47,50,0.019478,0.008425,260,227,47,sal,4114a8c728,2.6283
94,48,50,0.019505,0.008472,262,228,47,sal,e78a1861c9,2.7952
94,49,50,0.027666,0.009165,262,228,47,sal,b786e5638d,1.6731
95,0,50,0.019105,0.007745,262,226,47,sal,d38434ee98,1.6952
95,1,50,0.019132,0.008426,258,224,47,sal,a705b7cb33,1.6722
95,2,50,0.019358,0.008261,258,224,46,empanado congelado,f28cff53fe,1.7661
95,3,50,0.019398,0.008351,259,225,47,sal,b0dd0fc2a5,2.7717
95,4,50,0.019398,0.008351,259,225,47,sal,b0dd0fc2a5,2.7717
95,5,50,0.019505,0.008472,262,228,47,sal,e78a1861c9,2.7952
95,6,50,0.019398,0.008351,259,225,47,sal,b0dd0fc2a5,2.7717
95,7,50,0.019345,0.008254,261,227,46,empanado congelado,b65c44fe46,1.7448
95,8,50,0.019571,0.006691,264,230,46,empanado congelado,d31bc7dbcd,1.6514
95,9,50,0.019571,0.008496,260,226,47,sal,e40edcdd25,1.6677
95,10,50,0.018985,0.008320,257,223,47,sal,4f7907424d,1.6856
95,11,50,0.019398,0.008351,259,225,47,sal,b0dd0fc2a5,2.7717
95,12,50,0.019358,0.008261,258,224,46,empanado congelado,f28cff53fe,1.7661
95,13,50,0.019398,0.008351,259,225,47,sal,b0dd0fc2a5,2.7717
95,14,50,0.019451,0.008471,259,225,47,sal,a3e27bd27b,2.7811
95,15,50,0.019398,0.008351,259,225,47,sal,b0dd0fc2a5,2.7717
95,16,50,0.019398,0.008351,259,225,47,sal,b0dd0fc2a5,2.7717
95,17,50,0.019451,0.008471,259,225,47,sal,a3e27bd27b,2.7811
95,18,50,0.019398,0.008351,259,225,47,sal,b0dd0fc2a5,2.7717
95,19,50,0.024764,0.009029,260,225,46,iogurte,62fd537c62,1.7150
95,20,50,0.022048,0.007243,260,228,47,sal,4d68825cad,1.6418
95,21,50,0.019478,0.008425,260,227,47,sal,4114a8c728,2.6283
95,22,50,0.019105,0.007745,262,226,47,sal,d38434ee98,1.6952
95,23,50,0.019398,0.008351,259,225,47,sal,b0dd0fc2a5,2.7717
95,24,50,0.024670,0.008595,265,231,47,sal,5e630b6c5d,1.7026
95,25,50,0.019398,0.008351,259,225,47,sal,b0dd0fc2a5,2.7717
95,26,50,0.019398,0.008351,259,225,47,sal,b0dd0fc2a5,2.7717
95,27,50,0.019358,0.008261,258,224,46,empanado congelado,f28cff53fe,1.7661
95,28,50,0.019518,0.008410,261,227,46,empanado congelado,8ce5f99fd8,2.9346
95,29,50,0.019398,0.008351,259,225,47,sal,b0dd0fc2a5,2.7717
95,30,50,0.019132,0.008426,258,224,47,sal,a705b7cb33,1.6722
95,31,50,0.019505,0.008472,262,228,47,sal,e78a1861c9,2.7952
95,32,50,0.023672,0.008588,258,224,47,sal,14f46522e2,1.7727
95,33,50,0.019398,0.008351,259,225,47,sal,b0dd0fc2a5,2.7717
95,34,50,0.019398,0.008351,259,225,47,sal,b0dd0fc2a5,2.7717
95,35,50,0.019505,0.008472,262,228,47,sal,e78a1861c9,2.7952
95,36,50,0.019398,0.008351,259,225,47,sal,b0dd0fc2a5,2.7717
95,37,50,0.034057,0.009273,264,230,47,sal,c1af020a6a,1.7192
95,38,50,0.019358,0.008261,258,224,46,empanado congelado,f28cff53fe,1.7661
95,39,50,0.019398,0.008351,259,225,47,sal,b0dd0fc2a5,2.7717
95,40,50,0.019505,0.008472,262,228,47,sal,e78a1861c9,2.7952
95,41,50,0.019398,0.008351,259,225,47,sal,b0dd0fc2a5,2.7717
95,42,50,0.019505,0.008472,262,228,47,sal,e78a1861c9,2.7952
95,43,50,0.019505,0.008472,262,228,47,sal,e78a1861c9,2.7952
95,44,50,0.019398,0.008351,259,225,47,sal,b0dd0fc2a5,2.7717
95,45,50,0.019398,0.008351,259,225,47,sal,b0dd0fc2a5,2.7717
95,46,50,0.019105,0.007745,262,226,47,sal,d38434ee98,1.6952
95,47,50,0.019398,0.008351,259,225,47,sal,b0dd0fc2a5,2.7717
95,48,50,0.019398,0.008351,259,225,47,sal,b0dd0fc2a5,2.7717
95,49,50,0.019478,0.008425,260,227,47,sal,4114a8c728,2.6283
96,0,50,0.018985,0.008320,257,223,47,sal,4f7907424d,1.6856
96,1,50,0.019105,0.007745,262,226,47,sal,d38434ee98,1.6952
96,2,50,0.019105,0.007745,262,226,47,sal,d38434ee98,1.6952
96,3,50,0.019105,0.007745,262,226,47,sal,d38434ee98,1.6952
96,4,50,0.019132,0.008426,258,224,47,sal,a705b7cb33,1.6722
96,5,50,0.019358,0.008261,258,224,46,empanado congelado,f28cff53fe,1.7661
96,6,50,0.019398,0.008351,259,225,47,sal,b0dd0fc2a5,2.7717
96,7,50,0.019398,0.008351,259,225,47,sal,b0dd0fc2a5,2.7717
96,8,50,0.019105,0.007745,262,226,47,sal,d38434ee98,1.6952
96,9,50,0.019012,0.007135,260,226,47,sal,499035a4ea,1.7457
96,10,50,0.019638,0.007668,262,228,47,sal,573e8eec00,1.5630
96,11,50,0.019398,0.008351,259,225,47,sal,b0dd0fc2a5,2.7717
96,12,50,0.019398,0.008351,259,225,47,sal,b0dd0fc2a5,2.7717
96,13,50,0.019824,0.008754,260,225,47,sal,0812066b15,1.7032
96,14,50,0.018985,0.008320,257,223,47,sal,4f7907424d,1.6856
96,15,50,0.019398,0.008351,259,225,47,sal,b0dd0fc2a5,2.7717
96,16,50,0.019398,0.008351,259,225,47,sal,b0dd0fc2a5,2.7717
96,17,50,0.019398,0.008351,259,225,47,sal,b0dd0fc2a5,2.7717
96,18,50,0.019358,0.008261,258,224,46,empanado congelado,f28cff53fe,1.7661
96,19,50,0.019398,0.008351,259,225,47,sal,b0dd0fc2a5,2.7717
96,20,50,0.024524,0.009038,261,229,48,sal,612fed8549,1.6797
96,21,50,0.019358,0.008261,258,224,46,empanado congelado,f28cff53fe,1.7661
96,22,50,0.019398,0.008351,259,225,47,sal,b0dd0fc2a5,2.7717
96,23,50,0.019398,0.008351,259,225,47,sal,b0dd0fc2a5,2.7717
96,24,50,0.020117,0.008512,259,224,47,sal,7b4302ee00,1.7475
96,25,50,0.023685,0.008967,260,227,47,sal,5e56314541,1.6055
96,26,50,0.019518,0.008419,259,225,46,empanado congelado,6e62de7e25,1.6878
96,27,50,0.019398,0.008351,259,225,47,sal,b0dd0fc2a5,2.7717
96,28,50,0.019398,0.008351,259,225,47,sal,b0dd0fc2a5,2.7717
96,29,50,0.019398,0.008351,259,225,47,sal,b0dd0fc2a5,2.7717
96,30,50,0.019398,0.008351,259,225,47,sal,b0dd0fc2a5,2.7717
96,31,50,0.018985,0.008320,257,223,47,sal,4f7907424d,1.6856
96,32,50,0.019398,0.008351,259,225,47,sal,b0dd0fc2a5,2.7717
96,33,50,0.019478,0.008425,260,227,47,sal,4114a8c728,2.6283
96,34,50,0.019105,0.007745,262,226,47,sal,d38434ee98,1.6952
96,35,50,0.019451,0.008471,259,225,47,sal,a3e27bd27b,2.7811
96,36,50,0.019451,0.008471,259,225,47,sal,a3e27bd27b,2.7811
96,37,50,0.019505,0.008472,262,228,47,sal,e78a1861c9,2.7952
96,38,50,0.019465,0.007178,258,220,47,sal,00ac7cb597,1.6824
96,39,50,0.019105,0.007745,262,226,47,sal,d38434ee98,1.6952
96,40,50,0.019398,0.008351,259,225,47,sal,b0dd0fc2a5,2.7717
96,41,50,0.019358,0.008261,258,224,46,empanado congelado,f28cff53fe,1.7661
96,42,50,0.019398,0.008351,259,225,47,sal,b0dd0fc2a5,2.7717
96,43,50,0.019105,0.007745,262,226,47,sal,d38434ee98,1.6952
96,44,50,0.019132,0.008426,258,224,47,sal,a705b7cb33,1.6722
96,45,50,0.019358,0.008261,258,224,46,empanado congelado,f28cff53fe,1.7661
96,46,50,0.019478,0.008425,260,227,47,sal,4114a8c728,2.6283
96,47,50,0.019638,0.007668,262,228,47,sal,573e8eec00,1.5630
96,48,50,0.018866,0.008363,259,223,47,sal,f394d362be,1.8611
96,49,50,0.019638,0.007668,262,228,47,sal,573e8eec00,1.5630
97,0,50,0.018866,0.008363,259,223,47,sal,f394d362be,1.8611
97,1,50,0.018985,0.008320,257,223,47,sal,4f7907424d,1.6856
97,2,50,0.018985,0.008320,257,223,47,sal,4f7907424d,1.6856
97,3,50,0.018985,0.008320,257,223,47,sal,4f7907424d,1.6856
97,4,50,0.019012,0.007135,260,226,47,sal,499035a4ea,1.7457
97,5,50,0.024471,0.008152,261,226,47,sal,7471071682,1.8330
97,6,50,0.018852,0.007722,262,226,47,sal,d3f884edb5,1.7277
97,7,50,0.019105,0.007745,262,226,47,sal,d38434ee98,1.6952
97,8,50,0.046186,0.008779,260,226,48,sal,359e0f28a6,1.7319
97,9,50,0.019358,0.008261,258,224,46,empanado congelado,f28cff53fe,1.7661
97,10,50,0.019358,0.008261,258,224,46,empanado congelado,f28cff53fe,1.7661
97,11,50,0.019611,0.007781,261,226,47,sal,625277ece5,1.7457
97,12,50,0.018866,0.008296,258,222,46,empanado congelado,60824301d7,1.5112
97,13,50,0.019105,0.007781,261,226,47,sal,d01e785295,1.8211
97,14,50,0.019638,0.007668,262,228,47,sal,573e8eec00,1.5630
97,15,50,0.023406,0.007902,262,227,47,sal,3e6c5f9979,1.7233
97,16,50,0.019398,0.008351,259,225,47,sal,b0dd0fc2a5,2.7717
97,17,50,0.019092,0.007515,259,225,47,sal,477228290f,1.7146
97,18,50,0.018493,0.008324,261,224,47,sal,130a3872df,1.7146
97,19,50,0.019105,0.007745,262,226,47,sal,d38434ee98,1.6952
97,20,50,0.019105,0.007745,262,226,47,sal,d38434ee98,1.6952
97,21,50,0.018985,0.008320,257,223,47,sal,4f7907424d,1.6856
97,22,50,0.018985,0.008320,257,223,47,sal,4f7907424d,1.6856
97,23,50,0.019039,0.007156,258,224,47,sal,6993c76c69,1.6803
97,24,50,0.019585,0.008402,259,225,47,sal,698fa4b81a,1.6386
97,25,50,0.019105,0.007745,262,226,47,sal,d38434ee98,1.6952
97,26,50,0.019012,0.007135,260,226,47,sal,499035a4ea,1.7457
97,27,50,0.019398,0.008351,259,225,47,sal,b0dd0fc2a5,2.7717
97,28,50,0.019012,0.007135,260,226,47,sal,499035a4ea,1.7457
97,29,50,0.019105,0.007745,262,226,47,sal,d38434ee98,1.6952
97,30,50,0.019105,0.007745,262,226,47,sal,d38434ee98,1.6952
97,31,50,0.019638,0.007668,262,228,47,sal,573e8eec00,1.5630
97,32,50,0.017827,0.008243,255,218,47,sal,c9a4dd9ea7,1.6595
97,33,50,0.018985,0.008320,257,223,47,sal,4f7907424d,1.6856
97,34,50,0.018985,0.008320,257,223,47,sal,4f7907424d,1.6856
97,35,50,0.019585,0.008550,259,225,47,sal,2396e66f0b,1.7360
97,36,50,0.018946,0.008228,256,222,46,empanado congelado,c43db1e9dd,1.7107
97,37,50,0.018985,0.008320,257,223,47,sal,4f7907424d,1.6856
97,38,50,0.019305,0.008031,258,225,47,sal,cb2db37e6e,1.7028
97,39,50,0.019105,0.007745,262,226,47,sal,d38434ee98,1.6952
97,40,50,0.019398,0.008351,259,225,47,sal,b0dd0fc2a5,2.7717
97,41,50,0.019358,0.008261,258,224,46,empanado congelado,f28cff53fe,1.7661
97,42,50,0.018985,0.008320,257,223,47,sal,4f7907424d,1.6856
97,43,50,0.019358,0.008261,258,224,46,empanado congelado,f28cff53fe,1.7661
97,44,50,0.019398,0.008351,259,225,47,sal,b0dd0fc2a5,2.7717
97,45,50,0.018985,0.008320,257,223,47,sal,4f7907424d,1.6856
97,46,50,0.019358,0.008261,258,224,46,empanado congelado,f28cff53fe,1.7661
97,47,50,0.019638,0.007668,262,228,47,sal,573e8eec00,1.5630
97,48,50,0.018866,0.008363,259,223,47,sal,f394d362be,1.8611
97,49,50,0.018946,0.008228,256,222,46,empanado congelado,c43db1e9dd,1.7107
98,0,50,0.017827,0.008243,255,218,47,sal,c9a4dd9ea7,1.6595
98,1,50,0.018493,0.008324,261,224,47,sal,130a3872df,1.7146
98,2,50,0.018852,0.007722,262,226,47,sal,d3f884edb5,1.7277
98,3,50,0.018866,0.008363,259,223,47,sal,f394d362be,1.8611
98,4,50,0.018866,0.008296,258,222,46,empanado congelado,60824301d7,1.5112
98,5,50,0.018453,0.007682,260,224,47,sal,d6e0de1d2c,1.9527
98,6,50,0.019092,0.007515,259,225,47,sal,477228290f,1.7146
98,7,50,0.018080,0.008114,255,219,47,sal,6b2de445ec,1.7283
98,8,50,0.019025,0.008545,260,224,47,sal,6c04315dc0,1.5650
98,9,50,0.018946,0.008228,256,222,46,empanado congelado,c43db1e9dd,1.7107
98,10,50,0.018493,0.008324,261,224,47,sal,130a3872df,1.7146
98,11,50,0.019119,0.008341,261,226,47,sal,663985c371,1.7804
98,12,50,0.018453,0.008332,257,221,47,sal,3dd00d1d3b,1.6734
98,13,50,0.018866,0.008363,259,223,47,sal,f394d362be,1.8611
98,14,50,0.019611,0.008611,262,226,47,sal,e7b962ddf8,1.8021
98,15,50,0.018613,0.007105,258,224,47,sal,45b1cdc612,1.5595
98,16,50,0.019025,0.008170,258,224,47,sal,e76ad3be03,1.7948
98,17,50,0.018559,0.008390,263,227,48,sal,f0a2f1596b,1.6951
98,18,50,0.019025,0.008545,260,224,47,sal,6c04315dc0,1.5650
98,19,50,0.018985,0.008320,257,223,47,sal,4f7907424d,1.6856
98,20,50,0.018985,0.008320,257,223,47,sal,4f7907424d,1.6856
98,21,50,0.019025,0.007488,258,225,47,sal,8532933a7b,1.7179
98,22,50,0.018453,0.008332,257,221,47,sal,3dd00d1d3b,1.6734
98,23,50,0.019092,0.008614,257,222,48,sal,76bbe2aaab,1.7543
98,24,50,0.019398,0.008351,259,225,47,sal,b0dd0fc2a5,2.7717
98,25,50,0.018866,0.008296,258,222,46,empanado congelado,60824301d7,1.5112
98,26,50,0.019012,0.007135,260,226,47,sal,499035a4ea,1.7457
98,27,50,0.025176,0.008452,256,221,47,sal,e499cce5a3,1.6417
98,28,50,0.018985,0.008320,257,223,47,sal,4f7907424d,1.6856
98,29,50,0.019105,0.007745,262,226,47,sal,d38434ee98,1.6952
98,30,50,0.019012,0.007135,260,226,47,sal,499035a4ea,1.7457
98,31,50,0.018985,0.008320,257,223,47,sal,4f7907424d,1.6856
98,32,50,0.018866,0.008363,259,223,47,sal,f394d362be,1.8611
98,33,50,0.018972,0.007119,258,225,46,empanado congelado,6d9bdb8e9b,1.6486
98,34,50,0.019372,0.008282,259,225,46,empanado congelado,ad0555892e,1.7012
98,35,50,0.018852,0.007722,262,226,47,sal,d3f884edb5,1.7277
98,36,50,0.019372,0.008328,258,224,47,sal,1b5edd68fd,1.6819
98,37,50,0.018613,0.007112,257,223,46,empanado congelado,8093d1b08a,1.7559
98,38,50,0.019398,0.008351,259,225,47,sal,b0dd0fc2a5,2.7717
98,39,50,0.018946,0.008228,256,222,46,empanado congelado,c43db1e9dd,1.7107
98,40,50,0.018946,0.008228,256,222,46,empanado congelado,c43db1e9dd,1.7107
98,41,50,0.018852,0.007722,262,226,47,sal,d3f884edb5,1.7277
98,42,50,0.019012,0.007603,261,224,46,sal,0035d11b4e,1.6984
98,43,50,0.018985,0.008320,257,223,47,sal,4f7907424d,1.6856
98,44,50,0.018985,0.008320,257,223,47,sal,4f7907424d,1.6856
98,45,50,0.018852,0.007722,262,226,47,sal,d3f884edb5,1.7277
98,46,50,0.018293,0.008269,255,218,47,sal,7fbb0eff60,1.7929
98,47,50,0.018852,0.008433,256,220,48,creme dental infantil,09cf2ad348,1.5735
98,48,50,0.019505,0.008472,262,228,47,sal,e78a1861c9,2.7952
98,49,50,0.018866,0.008363,259,223,47,sal,f394d362be,1.8611
99,0,50,0.017827,0.008243,255,218,47,sal,c9a4dd9ea7,1.6595
99,1,50,0.018080,0.008114,255,219,47,sal,6b2de445ec,1.7283
99,2,50,0.018293,0.008269,255,218,47,sal,7fbb0eff60,1.7929
99,3,50,0.018453,0.007682,260,224,47,sal,d6e0de1d2c,1.9527
99,4,50,0.018453,0.008332,257,221,47,sal,3dd00d1d3b,1.6734
99,5,50,0.019039,0.007728,259,226,46,empanado congelado,0caae9d5f5,1.8605
99,6,50,0.018200,0.008202,257,220,46,empanado congelado,07acc0a5c7,2.0174
99,7,50,0.018626,0.008222,255,220,47,sal,8528440549,1.8918
99,8,50,0.018573,0.008263,258,222,47,sal,311c9b7692,2.1096
99,9,50,0.018386,0.006716,259,225,47,sal,5753127c61,2.0008
99,10,50,0.018453,0.007616,259,223,46,empanado congelado,f5cd316247,1.7136
99,11,50,0.018866,0.008363,259,223,47,sal,f394d362be,1.8611
99,12,50,0.018453,0.007682,260,224,47,sal,d6e0de1d2c,1.9527
99,13,50,0.018946,0.008228,256,222,46,empanado congelado,c43db1e9dd,1.7107
99,14,50,0.019372,0.008282,259,225,46,empanado congelado,ad0555892e,1.7012
99,15,50,0.018613,0.007105,258,224,47,sal,45b1cdc612,1.5595
99,16,50,0.018866,0.008296,258,222,46,empanado congelado,60824301d7,1.5112
99,17,50,0.021369,0.008559,258,224,47,sal,5716021d63,1.7475
99,18,50,0.018906,0.008387,257,221,47,sal,ffbfd584db,1.8652
99,19,50,0.018293,0.008269,255,218,47,sal,7fbb0eff60,1.7929
99,20,50,0.018453,0.007682,260,224,47,sal,d6e0de1d2c,1.9527
99,21,50,0.018453,0.007682,260,224,47,sal,d6e0de1d2c,1.9527
99,22,50,0.018453,0.007682,260,224,47,sal,d6e0de1d2c,1.9527
99,23,50,0.018866,0.008296,258,222,46,empanado congelado,60824301d7,1.5112
99,24,50,0.018866,0.008296,258,222,46,empanado congelado,60824301d7,1.5112
99,25,50,0.018267,0.008296,259,223,47,sal,b3f6dd1553,2.0288
99,26,50,0.018520,0.008363,261,224,47,sal,ab26854882,2.0886
99,27,50,0.018453,0.007682,260,224,47,sal,d6e0de1d2c,1.9527
99,28,50,0.018493,0.008324,261,224,47,sal,130a3872df,1.7146
99,29,50,0.018453,0.007682,260,224,47,sal,d6e0de1d2c,1.9527
99,30,50,0.021635,0.008797,262,224,47,sal,74a6e40c44,1.8323
99,31,50,0.018559,0.008390,263,227,48,sal,f0a2f1596b,1.6951
99,32,50,0.018852,0.007722,262,226,47,sal,d3f884edb5,1.7277
99,33,50,0.019278,0.008657,262,227,48,sal,8ae152206d,1.7546
99,34,50,0.019917,0.008438,259,224,47,sal,ac75ff32b6,1.8079
99,35,50,0.018866,0.008296,258,222,46,empanado congelado,60824301d7,1.5112
99,36,50,0.018985,0.008320,257,223,47,sal,4f7907424d,1.6856
99,37,50,0.019398,0.008345,260,228,48,empanado congelado,49bd109a3a,1.6831
99,38,50,0.019372,0.008282,259,225,46,empanado congelado,ad0555892e,1.7012
99,39,50,0.018453,0.007682,260,224,47,sal,d6e0de1d2c,1.9527
99,40,50,0.018866,0.008363,259,223,47,sal,f394d362be,1.8611
99,41,50,0.018852,0.007722,262,226,47,sal,d3f884edb5,1.7277
99,42,50,0.018852,0.007722,262,226,47,sal,d3f884edb5,1.7277
99,43,50,0.018360,0.008278,257,220,47,sal,b0d4c78967,1.6557
99,44,50,0.018799,0.008349,257,221,47,sal,48659289d8,1.7662
99,45,50,0.018852,0.007722,262,226,47,sal,d3f884edb5,1.7277
99,46,50,0.018613,0.007105,258,224,47,sal,45b1cdc612,1.5595
99,47,50,0.021209,0.008626,257,220,47,sal,1f8202be32,1.7180
99,48,50,0.018586,0.008197,257,222,47,sal,b64f425fca,1.8481
99,49,50,0.018453,0.007682,260,224,47,sal,d6e0de1d2c,1.9527
100,0,50,0.017827,0.008243,255,218,47,sal,c9a4dd9ea7,1.6595
100,1,50,0.018080,0.008114,255,219,47,sal,6b2de445ec,1.7283
100,2,50,0.018200,0.008202,257,220,46,empanado congelado,07acc0a5c7,2.0174
100,3,50,0.018267,0.008296,259,223,47,sal,b3f6dd1553,2.0288
100,4,50,0.018293,0.008269,255,218,47,sal,7fbb0eff60,1.7929
100,5,50,0.017827,0.008243,255,218,47,sal,c9a4dd9ea7,1.6595
100,6,50,0.018453,0.007682,260,224,47,sal,d6e0de1d2c,1.9527
100,7,50,0.018453,0.007682,260,224,47,sal,d6e0de1d2c,1.9527
100,8,50,0.018360,0.008278,257,220,47,sal,b0d4c78967,1.6557
100,9,50,0.018080,0.008114,255,219,47,sal,6b2de445ec,1.7283
100,10,50,0.018453,0.007682,260,224,47,sal,d6e0de1d2c,1.9527
100,11,50,0.018080,0.008114,255,219,47,sal,6b2de445ec,1.7283
100,12,50,0.023446,0.008473,254,219,47,sal,ff427125fb,1.7574
100,13,50,0.018453,0.007682,260,224,47,sal,d6e0de1d2c,1.9527
100,14,50,0.018852,0.007722,262,226,47,sal,d3f884edb5,1.7277
100,15,50,0.018293,0.008269,255,218,47,sal,7fbb0eff60,1.7929
100,16,50,0.018453,0.007682,260,224,47,sal,d6e0de1d2c,1.9527
100,17,50,0.018267,0.008296,259,223,47,sal,b3f6dd1553,2.0288
100,18,50,0.018453,0.007682,260,224,47,sal,d6e0de1d2c,1.9527
100,19,50,0.024963,0.007872,261,225,47,sal,507199bec0,1.7636
100,20,50,0.018866,0.008363,259,223,47,sal,f394d362be,1.8611
100,21,50,0.018453,0.007940,259,223,47,sal,dd8493c9f6,1.8012
100,22,50,0.019425,0.008407,253,217,47,sal,5c90fdd3bb,1.7062
100,23,50,0.018453,0.007682,260,224,47,sal,d6e0de1d2c,1.9527
100,24,50,0.018386,0.006716,259,225,47,sal,5753127c61,2.0008
100,25,50,0.018293,0.008269,255,218,47,sal,7fbb0eff60,1.7929
100,26,50,0.018293,0.008269,255,218,47,sal,7fbb0eff60,1.7929
100,27,50,0.018626,0.008222,255,220,47,sal,8528440549,1.8918
100,28,50,0.018267,0.008296,259,223,47,sal,b3f6dd1553,2.0288
100,29,50,0.018453,0.007682,260,224,47,sal,d6e0de1d2c,1.9527
100,30,50,0.018453,0.007682,260,224,47,sal,d6e0de1d2c,1.9527
100,31,50,0.018533,0.007646,261,225,47,sal,9604dd315f,1.6652
100,32,50,0.018520,0.008363,261,224,47,sal,ab26854882,2.0886
100,33,50,0.017854,0.008196,255,217,47,sal,51ce81aada,1.7623
100,34,50,0.018080,0.008114,255,219,47,sal,6b2de445ec,1.7283
100,35,50,0.018453,0.007682,260,224,47,sal,d6e0de1d2c,1.9527
100,36,50,0.020157,0.007736,261,227,47,sal,138ed15d86,1.7020
100,37,50,0.018999,0.007840,257,224,47,sal,989ef57c78,1.6767
100,38,50,0.018453,0.007682,260,224,47,sal,d6e0de1d2c,1.9527
100,39,50,0.018626,0.008222,255,220,47,sal,8528440549,1.8918
100,40,50,0.018293,0.008269,255,218,47,sal,7fbb0eff60,1.7929
100,41,50,0.018586,0.008197,257,222,47,sal,b64f425fca,1.8481
100,42,50,0.018613,0.007105,258,224,47,sal,45b1cdc612,1.5595
100,43,50,0.017827,0.008243,255,218,47,sal,c9a4dd9ea7,1.6595
100,44,50,0.018786,0.007698,260,224,47,sal,e71df4ade3,1.6891
100,45,50,0.018080,0.008114,255,219,47,sal,6b2de445ec,1.7283
100,46,50,0.018626,0.008222,255,220,47,sal,8528440549,1.8918
100,47,50,0.018306,0.006898,260,225,47,sal,cf096f5f3c,1.6770
100,48,50,0.018267,0.008296,259,223,47,sal,b3f6dd1553,2.0288
100,49,50,0.018799,0.008349,257,221,47,sal,48659289d8,1.7662
