generation,individual_id,l0_size,accuracy_on_full,f1_macro_on_full,num_tokens,num_distinct_tokens,num_classes_in_l0,most_frequent_class_in_l0,l0_indices_hash,fitness_calc_time_sec
1,0,2500,0.665824,0.282879,13721,4654,351,biscoito,3f11a583f8,19.5574
1,1,2500,0.668252,0.270742,13697,4613,348,biscoito,bf632cd0f4,20.1648
1,2,2500,0.666143,0.276458,13779,4625,353,biscoito,b9a41405da,19.3714
1,3,2500,0.662956,0.280836,13720,4640,352,biscoito,68d0b50771,20.5432
1,4,2500,0.665349,0.281659,13699,4559,372,biscoito,268f4a0d34,20.7200
1,5,2500,0.662876,0.293070,13781,4612,364,biscoito,7d5cdf4d27,20.5225
1,6,2500,0.662309,0.278005,13632,4600,353,biscoito,8419e9827a,19.2190
1,7,2500,0.664330,0.272685,13823,4645,349,biscoito,e58b0dd517,20.1315
1,8,2500,0.666655,0.288828,13720,4670,362,biscoito,fe705b6d99,20.1089
1,9,2500,0.673333,0.281668,13750,4569,350,biscoito,f2a04735d6,19.6319
1,10,2500,0.678402,0.286218,13579,4532,360,biscoito,bc6aee9b61,19.7337
1,11,2500,0.658231,0.279057,13731,4531,357,biscoito,737afb3c0d,20.7795
1,12,2500,0.658335,0.277975,13620,4642,360,biscoito,9fd9fa4bbf,20.8122
1,13,2500,0.668588,0.290598,13784,4558,358,biscoito,81776fd850,20.6331
1,14,2500,0.659026,0.285771,13715,4624,362,biscoito,9350f21064,19.4639
1,15,2500,0.667210,0.277231,13759,4568,352,biscoito,e36e5e9ac0,20.6768
1,16,2500,0.670373,0.269696,13741,4691,346,biscoito,e55bfed15c,15.5761
1,17,2500,0.682292,0.292764,13728,4559,360,biscoito,9c50251719,15.2977
1,18,2500,0.660572,0.277979,13764,4562,353,biscoito,7b467d82be,15.1529
1,19,2500,0.662149,0.289502,13588,4570,367,biscoito,f46bc38bfc,14.2471
2,0,2500,0.670373,0.269696,13741,4691,346,biscoito,e55bfed15c,15.5761
2,3,2500,0.658335,0.277975,13620,4642,360,biscoito,9fd9fa4bbf,20.8122
2,4,2500,0.668252,0.270742,13697,4613,348,biscoito,bf632cd0f4,20.1648
2,9,2500,0.670373,0.269696,13741,4691,346,biscoito,e55bfed15c,15.5761
2,10,2500,0.668252,0.270742,13697,4613,348,biscoito,bf632cd0f4,20.1648
2,1,2500,0.668855,0.281367,13672,4568,369,biscoito,02a8fe3eda,21.1580
2,2,2500,0.670221,0.273188,13725,4598,346,biscoito,67e3523703,20.7752
2,5,2500,0.659305,0.277382,13776,4624,353,biscoito,1f9fd7b030,19.6666
2,6,2500,0.667881,0.280232,13762,4571,352,biscoito,0ba2e8d63f,20.0509
2,7,2500,0.667537,0.272300,13701,4645,350,biscoito,b2ac6b815e,19.7567
2,8,2500,0.665033,0.269204,13750,4546,356,biscoito,d9dbd5d8c1,20.6583
2,11,2500,0.660847,0.283261,13816,4669,359,biscoito,f56b3c1f16,20.0104
2,12,2500,0.666663,0.269446,13761,4637,345,biscoito,af04c88734,19.5743
2,13,2500,0.662165,0.274243,13701,4587,346,biscoito,aa21739eef,19.2978
2,14,2500,0.676285,0.282914,13686,4609,363,biscoito,69f036c055,19.1262
2,15,2500,0.662025,0.277429,13768,4581,357,biscoito,0be639b114,19.0788
2,16,2500,0.659649,0.277634,13736,4679,355,biscoito,029dfcced3,19.0138
2,17,2500,0.668228,0.269041,13800,4653,350,biscoito,fdb7b2bfe7,18.8450
2,18,2500,0.665920,0.274962,13773,4672,353,biscoito,96863df850,18.5871
2,19,2500,0.661966,0.265046,13789,4652,337,biscoito,61f7bf8286,18.3806
3,0,2500,0.661966,0.265046,13789,4652,337,biscoito,61f7bf8286,18.3806
3,3,2500,0.666663,0.269446,13761,4637,345,biscoito,af04c88734,19.5743
3,4,2500,0.658335,0.277975,13620,4642,360,biscoito,9fd9fa4bbf,20.8122
3,5,2500,0.670373,0.269696,13741,4691,346,biscoito,e55bfed15c,15.5761
3,6,2500,0.670373,0.269696,13741,4691,346,biscoito,e55bfed15c,15.5761
3,7,2500,0.666663,0.269446,13761,4637,345,biscoito,af04c88734,19.5743
3,9,2500,0.665033,0.269204,13750,4546,356,biscoito,d9dbd5d8c1,20.6583
3,15,2500,0.661966,0.265046,13789,4652,337,biscoito,61f7bf8286,18.3806
3,16,2500,0.661966,0.265046,13789,4652,337,biscoito,61f7bf8286,18.3806
3,17,2500,0.667537,0.272300,13701,4645,350,biscoito,b2ac6b815e,19.7567
3,18,2500,0.662025,0.277429,13768,4581,357,biscoito,0be639b114,19.0788
3,1,2500,0.662840,0.276027,13760,4639,342,biscoito,57bedd8c4a,20.3354
3,2,2500,0.665920,0.266749,13798,4668,344,biscoito,158af3028d,20.2920
3,8,2500,0.664482,0.267160,13784,4640,341,biscoito,e18278fe89,19.7634
3,10,2500,0.658223,0.271154,13743,4639,346,biscoito,7cf5ced9ec,20.3627
3,11,2500,0.671292,0.275781,13757,4571,355,biscoito,09e14e749e,19.6758
3,12,2500,0.661622,0.274097,13713,4589,361,biscoito,f1a9a5a16e,20.0252
3,13,2500,0.669215,0.260806,13705,4701,337,biscoito,449482f48f,19.5266
3,14,2500,0.670485,0.277277,13738,4587,350,biscoito,a471da5b2d,19.2429
3,19,2500,0.670477,0.274894,13777,4622,342,biscoito,d0f72ed6f5,7.7287
4,0,2500,0.669215,0.260806,13705,4701,337,biscoito,449482f48f,19.5266
4,1,2500,0.664482,0.267160,13784,4640,341,biscoito,e18278fe89,19.7634
4,2,2500,0.658223,0.271154,13743,4639,346,biscoito,7cf5ced9ec,20.3627
4,7,2500,0.666663,0.269446,13761,4637,345,biscoito,af04c88734,19.5743
4,8,2500,0.661966,0.265046,13789,4652,337,biscoito,61f7bf8286,18.3806
4,14,2500,0.670373,0.269696,13741,4691,346,biscoito,e55bfed15c,15.5761
4,19,2500,0.670373,0.269696,13741,4691,346,biscoito,e55bfed15c,15.5761
4,3,2500,0.654033,0.265926,13735,4653,349,biscoito,f73aee1c47,19.8781
4,4,2500,0.666998,0.269904,13810,4664,345,biscoito,83f7ddac09,20.5160
4,5,2500,0.667713,0.270506,13750,4557,354,biscoito,1f360c82de,20.3960
4,6,2500,0.666371,0.264833,13789,4644,341,biscoito,21ed065771,20.9213
4,9,2500,0.660647,0.266173,13817,4584,340,biscoito,493d2ea478,20.9080
4,10,2500,0.662485,0.268368,13708,4743,344,biscoito,bc07398c97,20.2587
4,11,2500,0.662732,0.266891,13761,4643,348,biscoito,9d3dc4e53e,19.8378
4,12,2500,0.662037,0.275121,13745,4631,341,biscoito,a11d73da32,20.5432
4,13,2500,0.665632,0.267922,13720,4707,346,biscoito,7de9d34635,14.2311
4,15,2500,0.668891,0.277979,13753,4677,347,biscoito,24f6bfa826,14.0404
4,16,2500,0.671603,0.278862,13776,4615,347,biscoito,627ed270fb,13.9637
4,17,2500,0.667410,0.258833,13758,4654,331,biscoito,43f2c39bbd,13.2877
4,18,2500,0.655016,0.269367,13720,4670,338,biscoito,1dd935cc30,13.1563
5,0,2500,0.667410,0.258833,13758,4654,331,biscoito,43f2c39bbd,13.2877
5,13,2500,0.669215,0.260806,13705,4701,337,biscoito,449482f48f,19.5266
5,14,2500,0.662485,0.268368,13708,4743,344,biscoito,bc07398c97,20.2587
5,1,2500,0.672159,0.267600,13822,4650,337,biscoito,2d1723009f,19.8833
5,2,2500,0.660851,0.260399,13687,4681,332,biscoito,791280cd1c,19.9249
5,3,2500,0.661598,0.267807,13811,4646,337,biscoito,6292e8f0aa,19.6230
5,4,2500,0.672618,0.272737,13711,4688,348,biscoito,cf882e2212,20.1763
5,5,2500,0.665856,0.273682,13820,4628,339,biscoito,3b43a1cff9,20.0196
5,6,2500,0.662557,0.267767,13730,4664,345,biscoito,865e0a08d2,20.3092
5,7,2500,0.664805,0.269734,13830,4659,338,biscoito,d142d65e2e,19.5738
5,8,2500,0.671104,0.273543,13765,4584,340,biscoito,4c7804e528,19.7478
5,9,2500,0.666407,0.274686,13807,4652,349,biscoito,7508b17d44,20.0916
5,10,2500,0.658858,0.266127,13650,4619,345,biscoito,36c90ae2c3,20.2520
5,11,2500,0.662021,0.267952,13782,4634,339,biscoito,941bd3f04c,19.6055
5,12,2500,0.668516,0.260724,13729,4660,334,biscoito,7aa2ed4d8c,20.0419
5,15,2500,0.667418,0.271556,13735,4622,349,biscoito,ae0d45bb72,20.2479
5,16,2500,0.665704,0.264051,13756,4730,342,biscoito,5d1cfb200c,19.9611
5,17,2500,0.671835,0.280556,13900,4684,353,biscoito,c4cbb4bf88,19.4799
5,18,2500,0.663955,0.274322,13680,4616,352,biscoito,f78b47cba7,18.5821
5,19,2500,0.662637,0.272133,13844,4647,342,biscoito,3b0566f58b,8.1386
6,0,2500,0.667410,0.258833,13758,4654,331,biscoito,43f2c39bbd,13.2877
6,9,2500,0.668516,0.260724,13729,4660,334,biscoito,7aa2ed4d8c,20.0419
6,10,2500,0.665704,0.264051,13756,4730,342,biscoito,5d1cfb200c,19.9611
6,11,2500,0.658858,0.266127,13650,4619,345,biscoito,36c90ae2c3,20.2520
6,12,2500,0.662485,0.268368,13708,4743,344,biscoito,bc07398c97,20.2587
6,17,2500,0.662557,0.267767,13730,4664,345,biscoito,865e0a08d2,20.3092
6,18,2500,0.662557,0.267767,13730,4664,345,biscoito,865e0a08d2,20.3092
6,1,2500,0.663639,0.263615,13735,4668,333,biscoito,95d9aabdda,20.6276
6,2,2500,0.665924,0.260836,13732,4709,336,biscoito,22eb13cc83,20.1041
6,3,2500,0.668440,0.264769,13784,4642,332,biscoito,e15acb2343,20.3391
6,4,2500,0.659877,0.270159,13794,4721,348,biscoito,1f007e76b5,20.9888
6,5,2500,0.653694,0.262466,13687,4681,332,biscoito,b0bab3bfbf,22.8312
6,6,2500,0.651756,0.266002,13650,4606,344,biscoito,6eea0fecfa,20.8135
6,7,2500,0.674615,0.265343,13756,4636,330,biscoito,8667ef1223,20.6204
6,8,2500,0.665253,0.263995,13687,4690,337,biscoito,5ccfb03734,20.9975
6,13,2500,0.667186,0.269445,13818,4693,344,biscoito,26c205fb0e,15.4308
6,14,2500,0.657496,0.271114,13747,4711,346,biscoito,5b8ab2004e,15.2498
6,15,2500,0.666994,0.264085,13731,4706,339,biscoito,04f8826f5d,14.9733
6,16,2500,0.661163,0.264112,13728,4659,339,biscoito,6989d9e541,14.6865
6,19,2500,0.658443,0.269510,13706,4687,350,biscoito,6cd9eef25a,13.6436
7,0,2500,0.667410,0.258833,13758,4654,331,biscoito,43f2c39bbd,13.2877
7,11,2500,0.668516,0.260724,13729,4660,334,biscoito,7aa2ed4d8c,20.0419
7,1,2500,0.660843,0.256986,13729,4668,339,biscoito,5e4082d7fc,20.3939
7,2,2500,0.671284,0.262326,13754,4659,328,biscoito,09e7934cad,20.3227
7,3,2500,0.668037,0.267332,13636,4618,336,biscoito,ffc363a66c,20.0945
7,4,2500,0.666759,0.274130,13727,4680,352,biscoito,c4b0620dbb,19.9302
7,5,2500,0.671548,0.262334,13768,4646,334,biscoito,1be378cb5d,19.6825
7,6,2500,0.661167,0.261840,13656,4670,334,biscoito,877023209d,20.2899
7,7,2500,0.668812,0.267608,13730,4663,333,biscoito,1c99c0d8fe,19.8163
7,8,2500,0.662245,0.257737,13672,4697,333,biscoito,dbb9dc8224,19.7838
7,9,2500,0.670178,0.262728,13791,4643,333,biscoito,6b7e100384,19.7082
7,10,2500,0.666195,0.261096,13755,4642,330,biscoito,ff8eb88ed5,19.8372
7,12,2500,0.667150,0.265620,13707,4665,335,biscoito,9b731d9c44,20.2813
7,13,2500,0.673684,0.270750,13798,4643,334,biscoito,13afc47b7c,19.7210
7,14,2500,0.671923,0.264562,13755,4738,345,biscoito,0a647daa21,20.3302
7,15,2500,0.659405,0.262300,13698,4672,334,biscoito,a3f0f3c707,19.8485
7,16,2500,0.666115,0.265896,13700,4701,339,biscoito,d208f25c39,19.4536
7,17,2500,0.667114,0.261236,13799,4633,331,biscoito,599b59f008,19.1906
7,18,2500,0.665956,0.258161,13694,4655,332,biscoito,5b2719c95c,9.3256
7,19,2500,0.665129,0.268962,13734,4724,344,biscoito,f23fa52602,8.9681
8,0,2500,0.660843,0.256986,13729,4668,339,biscoito,5e4082d7fc,20.3939
8,7,2500,0.665956,0.258161,13694,4655,332,biscoito,5b2719c95c,9.3256
8,9,2500,0.668516,0.260724,13729,4660,334,biscoito,7aa2ed4d8c,20.0419
8,10,2500,0.666195,0.261096,13755,4642,330,biscoito,ff8eb88ed5,19.8372
8,17,2500,0.665956,0.258161,13694,4655,332,biscoito,5b2719c95c,9.3256
8,18,2500,0.667410,0.258833,13758,4654,331,biscoito,43f2c39bbd,13.2877
8,1,2500,0.666655,0.262913,13698,4655,332,biscoito,fd7db2618e,23.3279
8,2,2500,0.665860,0.261785,13725,4650,334,biscoito,19230afb2a,22.5689
8,3,2500,0.663112,0.261029,13774,4662,334,biscoito,8c6f44e072,23.0125
8,4,2500,0.671500,0.260297,13783,4640,331,biscoito,0069049a65,22.9505
8,5,2500,0.667338,0.273767,13743,4617,343,biscoito,1a44fe05a2,23.3250
8,6,2500,0.666595,0.261187,13703,4693,333,biscoito,9af82cf593,23.0294
8,8,2500,0.667382,0.262711,13789,4624,333,biscoito,48d304647f,23.7706
8,11,2500,0.665257,0.260296,13710,4651,329,biscoito,5953427d34,23.3236
8,12,2500,0.665281,0.268399,13793,4615,333,biscoito,2c923f6b81,20.3019
8,13,2500,0.660252,0.270959,13780,4721,342,biscoito,0e5803dc0b,20.2481
8,14,2500,0.666942,0.265378,13738,4699,334,biscoito,af6c4b7ccb,19.3522
8,15,2500,0.672127,0.264690,13678,4630,331,biscoito,e751b60715,18.5199
8,16,2500,0.664054,0.262488,13712,4655,334,biscoito,3170c4c061,17.8170
8,19,2500,0.668895,0.262474,13795,4640,333,biscoito,3c8b1a5e4e,17.2208
9,0,2500,0.660843,0.256986,13729,4668,339,biscoito,5e4082d7fc,20.3939
9,5,2500,0.665956,0.258161,13694,4655,332,biscoito,5b2719c95c,9.3256
9,6,2500,0.665956,0.258161,13694,4655,332,biscoito,5b2719c95c,9.3256
9,7,2500,0.665956,0.258161,13694,4655,332,biscoito,5b2719c95c,9.3256
9,12,2500,0.660843,0.256986,13729,4668,339,biscoito,5e4082d7fc,20.3939
9,13,2500,0.665956,0.258161,13694,4655,332,biscoito,5b2719c95c,9.3256
9,14,2500,0.665257,0.260296,13710,4651,329,biscoito,5953427d34,23.3236
9,1,2500,0.660076,0.259542,13704,4646,330,biscoito,83eebb1e25,21.2717
9,2,2500,0.665860,0.266842,13774,4631,336,biscoito,84b649f70c,20.8162
9,3,2500,0.664897,0.261626,13737,4624,334,biscoito,47fb9f7406,21.1720
9,4,2500,0.661658,0.257679,13754,4624,333,biscoito,31cde33fde,20.4125
9,8,2500,0.660328,0.262941,13660,4652,335,biscoito,ccf1738899,20.7958
9,9,2500,0.670497,0.277474,13692,4653,345,biscoito,2bb2a17786,21.1973
9,10,2500,0.668432,0.260581,13755,4656,330,biscoito,ef6c4145a9,21.0007
9,11,2500,0.669419,0.262484,13708,4619,328,biscoito,5aa5afcd7e,21.1846
9,15,2500,0.666231,0.264266,13762,4664,329,biscoito,e908d56362,14.3806
9,16,2500,0.658495,0.261155,13724,4648,332,biscoito,dd8daf85f5,14.0322
9,17,2500,0.665832,0.261817,13717,4651,327,biscoito,f63668bc8e,14.0279
9,18,2500,0.665197,0.269472,13731,4678,340,biscoito,742230f29a,13.8759
9,19,2500,0.661542,0.262612,13689,4642,335,biscoito,75ac3ee0c6,13.6764
10,0,2500,0.660843,0.256986,13729,4668,339,biscoito,5e4082d7fc,20.3939
10,1,2500,0.665832,0.261817,13717,4651,327,biscoito,f63668bc8e,14.0279
10,2,2500,0.665956,0.258161,13694,4655,332,biscoito,5b2719c95c,9.3256
10,4,2500,0.660843,0.256986,13729,4668,339,biscoito,5e4082d7fc,20.3939
10,9,2500,0.665956,0.258161,13694,4655,332,biscoito,5b2719c95c,9.3256
10,10,2500,0.665956,0.258161,13694,4655,332,biscoito,5b2719c95c,9.3256
10,11,2500,0.660843,0.256986,13729,4668,339,biscoito,5e4082d7fc,20.3939
10,12,2500,0.660843,0.256986,13729,4668,339,biscoito,5e4082d7fc,20.3939
10,15,2500,0.665956,0.258161,13694,4655,332,biscoito,5b2719c95c,9.3256
10,16,2500,0.665956,0.258161,13694,4655,332,biscoito,5b2719c95c,9.3256
10,3,2500,0.663795,0.266388,13777,4633,340,biscoito,ba60f4d24b,20.0234
10,5,2500,0.668556,0.261791,13704,4653,330,biscoito,fa6d84592f,19.8095
10,6,2500,0.664929,0.260544,13706,4659,330,biscoito,ce7098d548,19.8529
10,7,2500,0.668025,0.261644,13719,4639,337,biscoito,16dab2471f,19.8902
10,8,2500,0.672163,0.262816,13709,4637,330,biscoito,5af1387ab7,20.0236
10,13,2500,0.667002,0.264229,13696,4651,332,biscoito,bb63a6a4f0,19.5554
10,14,2500,0.663891,0.262317,13717,4611,334,biscoito,c8264e6ff2,19.5131
10,17,2500,0.665301,0.263779,13747,4671,337,biscoito,0e729a7879,19.0493
10,18,2500,0.664749,0.261582,13709,4667,333,biscoito,07f5fc8824,9.0179
10,19,2500,0.662301,0.268636,13734,4626,340,biscoito,1f1969b9f7,8.8227
11,0,2500,0.660843,0.256986,13729,4668,339,biscoito,5e4082d7fc,20.3939
11,2,2500,0.665956,0.258161,13694,4655,332,biscoito,5b2719c95c,9.3256
11,5,2500,0.660843,0.256986,13729,4668,339,biscoito,5e4082d7fc,20.3939
11,6,2500,0.660843,0.256986,13729,4668,339,biscoito,5e4082d7fc,20.3939
11,9,2500,0.664929,0.260544,13706,4659,330,biscoito,ce7098d548,19.8529
11,10,2500,0.665956,0.258161,13694,4655,332,biscoito,5b2719c95c,9.3256
11,11,2500,0.665956,0.258161,13694,4655,332,biscoito,5b2719c95c,9.3256
11,1,2500,0.662860,0.258477,13706,4649,337,biscoito,fe658e327e,20.7036
11,3,2500,0.662249,0.262316,13725,4665,339,biscoito,6a3a5590aa,20.9096
11,4,2500,0.663491,0.267917,13682,4577,340,biscoito,5862ec0321,20.7935
11,7,2500,0.667214,0.259377,13713,4657,334,biscoito,6e9dd1ffc3,21.0376
11,8,2500,0.661422,0.258272,13730,4659,337,biscoito,64ff0a6ab0,20.2707
11,12,2500,0.656901,0.265195,13697,4631,345,biscoito,a48be4c0d9,20.3350
11,13,2500,0.660815,0.265508,13672,4656,339,biscoito,209f943a9d,20.8741
11,14,2500,0.666691,0.260610,13724,4663,336,biscoito,18d5810a17,20.2749
11,15,2500,0.661526,0.257778,13720,4651,336,biscoito,20677ed30e,15.5606
11,16,2500,0.663188,0.259979,13702,4671,333,biscoito,1ac56ccfdf,15.3996
11,17,2500,0.665353,0.267556,13683,4715,347,biscoito,4b0d7aa6cc,15.0964
11,18,2500,0.669594,0.261465,13721,4659,338,biscoito,4e1cd11460,14.7411
11,19,2500,0.668560,0.259932,13713,4656,329,biscoito,5b5c0b9729,14.6444
12,0,2500,0.660843,0.256986,13729,4668,339,biscoito,5e4082d7fc,20.3939
12,3,2500,0.660843,0.256986,13729,4668,339,biscoito,5e4082d7fc,20.3939
12,5,2500,0.660843,0.256986,13729,4668,339,biscoito,5e4082d7fc,20.3939
12,6,2500,0.660843,0.256986,13729,4668,339,biscoito,5e4082d7fc,20.3939
12,11,2500,0.660843,0.256986,13729,4668,339,biscoito,5e4082d7fc,20.3939
12,12,2500,0.660843,0.256986,13729,4668,339,biscoito,5e4082d7fc,20.3939
12,17,2500,0.668560,0.259932,13713,4656,329,biscoito,5b5c0b9729,14.6444
12,1,2500,0.668596,0.264768,13690,4648,336,biscoito,da910cb26f,20.5994
12,2,2500,0.672654,0.270381,13718,4644,335,biscoito,c6b479694d,21.8736
12,4,2500,0.663068,0.266450,13728,4664,343,biscoito,e2320321ec,21.6041
12,7,2500,0.657448,0.260388,13739,4677,338,biscoito,0ac8842f5c,21.3496
12,8,2500,0.667082,0.264401,13733,4676,335,biscoito,7600b3de73,21.9315
12,9,2500,0.663248,0.260019,13719,4659,337,biscoito,f26fe578dd,21.7870
12,10,2500,0.660172,0.259829,13681,4639,331,biscoito,ca2051f023,22.9139
12,13,2500,0.663543,0.261824,13707,4664,338,biscoito,460b708494,22.1932
12,14,2500,0.671136,0.268137,13732,4655,339,biscoito,82a0a21972,18.1116
12,15,2500,0.663020,0.258595,13696,4649,331,biscoito,b3de855924,17.2880
12,16,2500,0.665748,0.261987,13710,4664,335,biscoito,dab96ab187,16.9957
12,18,2500,0.662185,0.262051,13727,4707,336,biscoito,c0592c2c2b,16.7755
12,19,2500,0.660751,0.260770,13738,4656,337,biscoito,4e6d3c5b07,16.4670
13,0,2500,0.660843,0.256986,13729,4668,339,biscoito,5e4082d7fc,20.3939
13,3,2500,0.660843,0.256986,13729,4668,339,biscoito,5e4082d7fc,20.3939
13,4,2500,0.660843,0.256986,13729,4668,339,biscoito,5e4082d7fc,20.3939
13,5,2500,0.660843,0.256986,13729,4668,339,biscoito,5e4082d7fc,20.3939
13,6,2500,0.663248,0.260019,13719,4659,337,biscoito,f26fe578dd,21.7870
13,10,2500,0.660843,0.256986,13729,4668,339,biscoito,5e4082d7fc,20.3939
13,11,2500,0.660843,0.256986,13729,4668,339,biscoito,5e4082d7fc,20.3939
13,12,2500,0.660843,0.256986,13729,4668,339,biscoito,5e4082d7fc,20.3939
13,13,2500,0.660843,0.256986,13729,4668,339,biscoito,5e4082d7fc,20.3939
13,14,2500,0.660843,0.256986,13729,4668,339,biscoito,5e4082d7fc,20.3939
13,15,2500,0.660843,0.256986,13729,4668,339,biscoito,5e4082d7fc,20.3939
13,16,2500,0.660843,0.256986,13729,4668,339,biscoito,5e4082d7fc,20.3939
13,1,2500,0.655914,0.259314,13755,4677,339,biscoito,10ef78a3fd,20.0177
13,2,2500,0.668029,0.264717,13714,4658,336,biscoito,b50dc9e8db,19.7945
13,7,2500,0.668436,0.260573,13732,4654,331,biscoito,f49842ff4f,19.7913
13,8,2500,0.656521,0.267797,13675,4689,340,biscoito,2e66195dc2,19.7613
13,9,2500,0.667561,0.270739,13730,4683,342,biscoito,10134ff759,20.0679
13,17,2500,0.669582,0.265033,13718,4668,335,biscoito,1ca1a67e20,19.7307
13,18,2500,0.664114,0.267298,13708,4659,330,biscoito,c8a3b60da3,19.3339
13,19,2500,0.667625,0.263235,13730,4668,334,biscoito,b9a4dd8585,19.2651
14,0,2500,0.660843,0.256986,13729,4668,339,biscoito,5e4082d7fc,20.3939
14,2,2500,0.660843,0.256986,13729,4668,339,biscoito,5e4082d7fc,20.3939
14,5,2500,0.660843,0.256986,13729,4668,339,biscoito,5e4082d7fc,20.3939
14,6,2500,0.660843,0.256986,13729,4668,339,biscoito,5e4082d7fc,20.3939
14,13,2500,0.660843,0.256986,13729,4668,339,biscoito,5e4082d7fc,20.3939
14,14,2500,0.660843,0.256986,13729,4668,339,biscoito,5e4082d7fc,20.3939
14,15,2500,0.660843,0.256986,13729,4668,339,biscoito,5e4082d7fc,20.3939
14,16,2500,0.660843,0.256986,13729,4668,339,biscoito,5e4082d7fc,20.3939
14,17,2500,0.660843,0.256986,13729,4668,339,biscoito,5e4082d7fc,20.3939
14,18,2500,0.660843,0.256986,13729,4668,339,biscoito,5e4082d7fc,20.3939
14,19,2500,0.660843,0.256986,13729,4668,339,biscoito,5e4082d7fc,20.3939
14,1,2500,0.660879,0.261728,13697,4631,337,biscoito,117b59e682,20.1169
14,3,2500,0.657616,0.260676,13739,4646,343,biscoito,c032d5cee7,20.0480
14,4,2500,0.655930,0.257565,13730,4673,332,biscoito,5cb14c2fd5,20.1624
14,7,2500,0.662641,0.262017,13724,4671,340,biscoito,c1c35f6bf9,20.2707
14,8,2500,0.655834,0.265249,13721,4668,336,biscoito,1eb6436484,20.2883
14,9,2500,0.666119,0.261180,13733,4650,336,biscoito,e69db697e6,20.3340
14,10,2500,0.662381,0.264634,13754,4690,341,biscoito,24575c9c4b,19.9618
14,11,2500,0.666511,0.259723,13724,4644,334,biscoito,610d88b809,19.9224
14,12,2500,0.667733,0.270818,13748,4673,349,biscoito,52cb8e476c,7.7589
15,0,2500,0.660843,0.256986,13729,4668,339,biscoito,5e4082d7fc,20.3939
15,1,2500,0.660843,0.256986,13729,4668,339,biscoito,5e4082d7fc,20.3939
15,2,2500,0.660843,0.256986,13729,4668,339,biscoito,5e4082d7fc,20.3939
15,3,2500,0.660843,0.256986,13729,4668,339,biscoito,5e4082d7fc,20.3939
15,4,2500,0.660843,0.256986,13729,4668,339,biscoito,5e4082d7fc,20.3939
15,5,2500,0.666511,0.259723,13724,4644,334,biscoito,610d88b809,19.9224
15,6,2500,0.660843,0.256986,13729,4668,339,biscoito,5e4082d7fc,20.3939
15,7,2500,0.660843,0.256986,13729,4668,339,biscoito,5e4082d7fc,20.3939
15,8,2500,0.660843,0.256986,13729,4668,339,biscoito,5e4082d7fc,20.3939
15,9,2500,0.660843,0.256986,13729,4668,339,biscoito,5e4082d7fc,20.3939
15,10,2500,0.660843,0.256986,13729,4668,339,biscoito,5e4082d7fc,20.3939
15,11,2500,0.660843,0.256986,13729,4668,339,biscoito,5e4082d7fc,20.3939
15,12,2500,0.660843,0.256986,13729,4668,339,biscoito,5e4082d7fc,20.3939
15,13,2500,0.660843,0.256986,13729,4668,339,biscoito,5e4082d7fc,20.3939
15,17,2500,0.660843,0.256986,13729,4668,339,biscoito,5e4082d7fc,20.3939
15,18,2500,0.660843,0.256986,13729,4668,339,biscoito,5e4082d7fc,20.3939
15,19,2500,0.660843,0.256986,13729,4668,339,biscoito,5e4082d7fc,20.3939
15,14,2500,0.656070,0.258944,13700,4662,336,biscoito,3d970735b6,9.8918
15,15,2500,0.661850,0.263937,13726,4652,345,biscoito,961a422ff0,9.9660
15,16,2500,0.664318,0.267612,13758,4673,348,biscoito,ee21ac8f95,9.8926
16,0,2500,0.660843,0.256986,13729,4668,339,biscoito,5e4082d7fc,20.3939
16,1,2500,0.660843,0.256986,13729,4668,339,biscoito,5e4082d7fc,20.3939
16,2,2500,0.660843,0.256986,13729,4668,339,biscoito,5e4082d7fc,20.3939
16,3,2500,0.660843,0.256986,13729,4668,339,biscoito,5e4082d7fc,20.3939
16,5,2500,0.660843,0.256986,13729,4668,339,biscoito,5e4082d7fc,20.3939
16,6,2500,0.660843,0.256986,13729,4668,339,biscoito,5e4082d7fc,20.3939
16,7,2500,0.660843,0.256986,13729,4668,339,biscoito,5e4082d7fc,20.3939
16,8,2500,0.660843,0.256986,13729,4668,339,biscoito,5e4082d7fc,20.3939
16,9,2500,0.660843,0.256986,13729,4668,339,biscoito,5e4082d7fc,20.3939
16,10,2500,0.660843,0.256986,13729,4668,339,biscoito,5e4082d7fc,20.3939
16,11,2500,0.660843,0.256986,13729,4668,339,biscoito,5e4082d7fc,20.3939
16,12,2500,0.660843,0.256986,13729,4668,339,biscoito,5e4082d7fc,20.3939
16,13,2500,0.660843,0.256986,13729,4668,339,biscoito,5e4082d7fc,20.3939
16,14,2500,0.660843,0.256986,13729,4668,339,biscoito,5e4082d7fc,20.3939
16,16,2500,0.660843,0.256986,13729,4668,339,biscoito,5e4082d7fc,20.3939
16,17,2500,0.660843,0.256986,13729,4668,339,biscoito,5e4082d7fc,20.3939
16,18,2500,0.660843,0.256986,13729,4668,339,biscoito,5e4082d7fc,20.3939
16,4,2500,0.666068,0.259884,13724,4629,338,biscoito,70ca67e056,10.1050
16,15,2500,0.668312,0.269969,13745,4668,347,biscoito,594a488188,9.9846
16,19,2500,0.661478,0.260310,13732,4644,339,biscoito,55f2e7a5b9,9.9975
17,0,2500,0.660843,0.256986,13729,4668,339,biscoito,5e4082d7fc,20.3939
17,3,2500,0.660843,0.256986,13729,4668,339,biscoito,5e4082d7fc,20.3939
17,4,2500,0.660843,0.256986,13729,4668,339,biscoito,5e4082d7fc,20.3939
17,5,2500,0.660843,0.256986,13729,4668,339,biscoito,5e4082d7fc,20.3939
17,6,2500,0.660843,0.256986,13729,4668,339,biscoito,5e4082d7fc,20.3939
17,8,2500,0.660843,0.256986,13729,4668,339,biscoito,5e4082d7fc,20.3939
17,9,2500,0.660843,0.256986,13729,4668,339,biscoito,5e4082d7fc,20.3939
17,10,2500,0.660843,0.256986,13729,4668,339,biscoito,5e4082d7fc,20.3939
17,11,2500,0.660843,0.256986,13729,4668,339,biscoito,5e4082d7fc,20.3939
17,12,2500,0.660843,0.256986,13729,4668,339,biscoito,5e4082d7fc,20.3939
17,13,2500,0.660843,0.256986,13729,4668,339,biscoito,5e4082d7fc,20.3939
17,14,2500,0.660843,0.256986,13729,4668,339,biscoito,5e4082d7fc,20.3939
17,15,2500,0.660843,0.256986,13729,4668,339,biscoito,5e4082d7fc,20.3939
17,16,2500,0.660843,0.256986,13729,4668,339,biscoito,5e4082d7fc,20.3939
17,17,2500,0.660843,0.256986,13729,4668,339,biscoito,5e4082d7fc,20.3939
17,18,2500,0.660843,0.256986,13729,4668,339,biscoito,5e4082d7fc,20.3939
17,19,2500,0.660843,0.256986,13729,4668,339,biscoito,5e4082d7fc,20.3939
17,1,2500,0.662481,0.268536,13673,4660,347,biscoito,e55606faf1,9.4257
17,2,2500,0.651856,0.263551,13738,4613,346,biscoito,3d1e526a89,9.4465
17,7,2500,0.659956,0.262789,13761,4687,335,biscoito,3387bcbc86,9.3922
18,0,2500,0.660843,0.256986,13729,4668,339,biscoito,5e4082d7fc,20.3939
18,1,2500,0.660843,0.256986,13729,4668,339,biscoito,5e4082d7fc,20.3939
18,3,2500,0.660843,0.256986,13729,4668,339,biscoito,5e4082d7fc,20.3939
18,5,2500,0.660843,0.256986,13729,4668,339,biscoito,5e4082d7fc,20.3939
18,6,2500,0.660843,0.256986,13729,4668,339,biscoito,5e4082d7fc,20.3939
18,7,2500,0.660843,0.256986,13729,4668,339,biscoito,5e4082d7fc,20.3939
18,8,2500,0.660843,0.256986,13729,4668,339,biscoito,5e4082d7fc,20.3939
18,9,2500,0.660843,0.256986,13729,4668,339,biscoito,5e4082d7fc,20.3939
18,10,2500,0.660843,0.256986,13729,4668,339,biscoito,5e4082d7fc,20.3939
18,11,2500,0.660843,0.256986,13729,4668,339,biscoito,5e4082d7fc,20.3939
18,12,2500,0.660843,0.256986,13729,4668,339,biscoito,5e4082d7fc,20.3939
18,13,2500,0.660843,0.256986,13729,4668,339,biscoito,5e4082d7fc,20.3939
18,15,2500,0.660843,0.256986,13729,4668,339,biscoito,5e4082d7fc,20.3939
18,16,2500,0.660843,0.256986,13729,4668,339,biscoito,5e4082d7fc,20.3939
18,17,2500,0.660843,0.256986,13729,4668,339,biscoito,5e4082d7fc,20.3939
18,18,2500,0.660843,0.256986,13729,4668,339,biscoito,5e4082d7fc,20.3939
18,19,2500,0.660843,0.256986,13729,4668,339,biscoito,5e4082d7fc,20.3939
18,2,2500,0.669203,0.269178,13789,4709,343,biscoito,6b60c75a08,9.9316
18,4,2500,0.658818,0.263792,13735,4637,338,biscoito,83929d2387,9.8577
18,14,2500,0.657189,0.262554,13706,4649,342,biscoito,923d67af3d,9.8086
19,0,2500,0.660843,0.256986,13729,4668,339,biscoito,5e4082d7fc,20.3939
19,1,2500,0.660843,0.256986,13729,4668,339,biscoito,5e4082d7fc,20.3939
19,3,2500,0.660843,0.256986,13729,4668,339,biscoito,5e4082d7fc,20.3939
19,6,2500,0.660843,0.256986,13729,4668,339,biscoito,5e4082d7fc,20.3939
19,7,2500,0.660843,0.256986,13729,4668,339,biscoito,5e4082d7fc,20.3939
19,9,2500,0.660843,0.256986,13729,4668,339,biscoito,5e4082d7fc,20.3939
19,10,2500,0.660843,0.256986,13729,4668,339,biscoito,5e4082d7fc,20.3939
19,12,2500,0.660843,0.256986,13729,4668,339,biscoito,5e4082d7fc,20.3939
19,13,2500,0.660843,0.256986,13729,4668,339,biscoito,5e4082d7fc,20.3939
19,14,2500,0.660843,0.256986,13729,4668,339,biscoito,5e4082d7fc,20.3939
19,16,2500,0.660843,0.256986,13729,4668,339,biscoito,5e4082d7fc,20.3939
19,17,2500,0.660843,0.256986,13729,4668,339,biscoito,5e4082d7fc,20.3939
19,18,2500,0.660843,0.256986,13729,4668,339,biscoito,5e4082d7fc,20.3939
19,19,2500,0.660843,0.256986,13729,4668,339,biscoito,5e4082d7fc,20.3939
19,2,2500,0.664833,0.266440,13705,4649,339,biscoito,155f31aa8d,15.2295
19,4,2500,0.660667,0.262831,13743,4674,341,biscoito,089d498462,15.2612
19,5,2500,0.658311,0.263200,13780,4700,338,biscoito,6833fdc2fc,15.2078
19,8,2500,0.655994,0.261688,13761,4681,344,biscoito,c4b6088a31,15.1768
19,11,2500,0.660456,0.264419,13696,4648,346,biscoito,2119f38514,14.9045
19,15,2500,0.662433,0.264805,13723,4617,338,biscoito,9ee32301cf,14.9111
20,0,2500,0.660843,0.256986,13729,4668,339,biscoito,5e4082d7fc,20.3939
20,1,2500,0.660843,0.256986,13729,4668,339,biscoito,5e4082d7fc,20.3939
20,2,2500,0.660843,0.256986,13729,4668,339,biscoito,5e4082d7fc,20.3939
20,5,2500,0.660843,0.256986,13729,4668,339,biscoito,5e4082d7fc,20.3939
20,6,2500,0.660843,0.256986,13729,4668,339,biscoito,5e4082d7fc,20.3939
20,7,2500,0.660843,0.256986,13729,4668,339,biscoito,5e4082d7fc,20.3939
20,8,2500,0.660843,0.256986,13729,4668,339,biscoito,5e4082d7fc,20.3939
20,10,2500,0.660843,0.256986,13729,4668,339,biscoito,5e4082d7fc,20.3939
20,11,2500,0.660843,0.256986,13729,4668,339,biscoito,5e4082d7fc,20.3939
20,12,2500,0.660843,0.256986,13729,4668,339,biscoito,5e4082d7fc,20.3939
20,15,2500,0.660843,0.256986,13729,4668,339,biscoito,5e4082d7fc,20.3939
20,16,2500,0.660843,0.256986,13729,4668,339,biscoito,5e4082d7fc,20.3939
20,17,2500,0.660843,0.256986,13729,4668,339,biscoito,5e4082d7fc,20.3939
20,18,2500,0.660843,0.256986,13729,4668,339,biscoito,5e4082d7fc,20.3939
20,19,2500,0.660843,0.256986,13729,4668,339,biscoito,5e4082d7fc,20.3939
20,3,2500,0.664622,0.265649,13705,4655,340,biscoito,77ca368237,13.3657
20,4,2500,0.664526,0.268961,13742,4673,342,biscoito,21b94f05a3,13.3788
20,9,2500,0.666127,0.270781,13712,4676,346,biscoito,7d4b4bb9e7,13.2540
20,13,2500,0.662113,0.262304,13785,4708,335,biscoito,33eae9816a,12.8936
20,14,2500,0.667669,0.265227,13737,4639,347,biscoito,c2277c39a9,12.9043
21,0,2500,0.660843,0.256986,13729,4668,339,biscoito,5e4082d7fc,20.3939
21,1,2500,0.660843,0.256986,13729,4668,339,biscoito,5e4082d7fc,20.3939
21,2,2500,0.660843,0.256986,13729,4668,339,biscoito,5e4082d7fc,20.3939
21,3,2500,0.660843,0.256986,13729,4668,339,biscoito,5e4082d7fc,20.3939
21,4,2500,0.660843,0.256986,13729,4668,339,biscoito,5e4082d7fc,20.3939
21,5,2500,0.660843,0.256986,13729,4668,339,biscoito,5e4082d7fc,20.3939
21,6,2500,0.660843,0.256986,13729,4668,339,biscoito,5e4082d7fc,20.3939
21,7,2500,0.660843,0.256986,13729,4668,339,biscoito,5e4082d7fc,20.3939
21,8,2500,0.660843,0.256986,13729,4668,339,biscoito,5e4082d7fc,20.3939
21,10,2500,0.660843,0.256986,13729,4668,339,biscoito,5e4082d7fc,20.3939
21,11,2500,0.660843,0.256986,13729,4668,339,biscoito,5e4082d7fc,20.3939
21,13,2500,0.660843,0.256986,13729,4668,339,biscoito,5e4082d7fc,20.3939
21,15,2500,0.660843,0.256986,13729,4668,339,biscoito,5e4082d7fc,20.3939
21,16,2500,0.660843,0.256986,13729,4668,339,biscoito,5e4082d7fc,20.3939
21,17,2500,0.660843,0.256986,13729,4668,339,biscoito,5e4082d7fc,20.3939
21,18,2500,0.660843,0.256986,13729,4668,339,biscoito,5e4082d7fc,20.3939
21,19,2500,0.660843,0.256986,13729,4668,339,biscoito,5e4082d7fc,20.3939
21,9,2500,0.661970,0.267496,13732,4669,343,biscoito,13baf31055,10.0088
21,12,2500,0.669594,0.270468,13706,4676,346,biscoito,4f2d3bff54,9.9749
21,14,2500,0.661830,0.259962,13740,4675,334,biscoito,50713f4ffe,9.8580
22,0,2500,0.660843,0.256986,13729,4668,339,biscoito,5e4082d7fc,20.3939
22,1,2500,0.660843,0.256986,13729,4668,339,biscoito,5e4082d7fc,20.3939
22,2,2500,0.660843,0.256986,13729,4668,339,biscoito,5e4082d7fc,20.3939
22,4,2500,0.660843,0.256986,13729,4668,339,biscoito,5e4082d7fc,20.3939
22,7,2500,0.660843,0.256986,13729,4668,339,biscoito,5e4082d7fc,20.3939
22,8,2500,0.660843,0.256986,13729,4668,339,biscoito,5e4082d7fc,20.3939
22,9,2500,0.660843,0.256986,13729,4668,339,biscoito,5e4082d7fc,20.3939
22,10,2500,0.660843,0.256986,13729,4668,339,biscoito,5e4082d7fc,20.3939
22,11,2500,0.660843,0.256986,13729,4668,339,biscoito,5e4082d7fc,20.3939
22,12,2500,0.660843,0.256986,13729,4668,339,biscoito,5e4082d7fc,20.3939
22,13,2500,0.660843,0.256986,13729,4668,339,biscoito,5e4082d7fc,20.3939
22,14,2500,0.660843,0.256986,13729,4668,339,biscoito,5e4082d7fc,20.3939
22,15,2500,0.660843,0.256986,13729,4668,339,biscoito,5e4082d7fc,20.3939
22,17,2500,0.660843,0.256986,13729,4668,339,biscoito,5e4082d7fc,20.3939
22,18,2500,0.660843,0.256986,13729,4668,339,biscoito,5e4082d7fc,20.3939
22,19,2500,0.660843,0.256986,13729,4668,339,biscoito,5e4082d7fc,20.3939
22,3,2500,0.659972,0.266468,13727,4662,347,biscoito,73f3af3351,11.2995
22,5,2500,0.662241,0.260582,13733,4659,338,biscoito,ac329f1dbd,11.3052
22,6,2500,0.658199,0.266480,13693,4675,349,biscoito,e4c8652acb,11.0510
22,16,2500,0.661442,0.265420,13732,4663,344,biscoito,0815ab1494,11.0247
23,0,2500,0.660843,0.256986,13729,4668,339,biscoito,5e4082d7fc,20.3939
23,1,2500,0.660843,0.256986,13729,4668,339,biscoito,5e4082d7fc,20.3939
23,2,2500,0.660843,0.256986,13729,4668,339,biscoito,5e4082d7fc,20.3939
23,3,2500,0.660843,0.256986,13729,4668,339,biscoito,5e4082d7fc,20.3939
23,4,2500,0.660843,0.256986,13729,4668,339,biscoito,5e4082d7fc,20.3939
23,5,2500,0.660843,0.256986,13729,4668,339,biscoito,5e4082d7fc,20.3939
23,6,2500,0.660843,0.256986,13729,4668,339,biscoito,5e4082d7fc,20.3939
23,7,2500,0.660843,0.256986,13729,4668,339,biscoito,5e4082d7fc,20.3939
23,10,2500,0.660843,0.256986,13729,4668,339,biscoito,5e4082d7fc,20.3939
23,11,2500,0.660843,0.256986,13729,4668,339,biscoito,5e4082d7fc,20.3939
23,12,2500,0.660843,0.256986,13729,4668,339,biscoito,5e4082d7fc,20.3939
23,13,2500,0.660843,0.256986,13729,4668,339,biscoito,5e4082d7fc,20.3939
23,14,2500,0.660843,0.256986,13729,4668,339,biscoito,5e4082d7fc,20.3939
23,15,2500,0.660843,0.256986,13729,4668,339,biscoito,5e4082d7fc,20.3939
23,16,2500,0.660843,0.256986,13729,4668,339,biscoito,5e4082d7fc,20.3939
23,17,2500,0.660843,0.256986,13729,4668,339,biscoito,5e4082d7fc,20.3939
23,19,2500,0.660843,0.256986,13729,4668,339,biscoito,5e4082d7fc,20.3939
23,8,2500,0.660468,0.269032,13731,4661,345,biscoito,7ceac4d87e,10.0426
23,9,2500,0.668436,0.269754,13708,4666,344,biscoito,c980d70695,10.0870
23,18,2500,0.662589,0.270956,13769,4656,344,biscoito,8f611155e9,9.9644
24,0,2500,0.660843,0.256986,13729,4668,339,biscoito,5e4082d7fc,20.3939
24,2,2500,0.660843,0.256986,13729,4668,339,biscoito,5e4082d7fc,20.3939
24,3,2500,0.660843,0.256986,13729,4668,339,biscoito,5e4082d7fc,20.3939
24,5,2500,0.660843,0.256986,13729,4668,339,biscoito,5e4082d7fc,20.3939
24,6,2500,0.660843,0.256986,13729,4668,339,biscoito,5e4082d7fc,20.3939
24,8,2500,0.660843,0.256986,13729,4668,339,biscoito,5e4082d7fc,20.3939
24,9,2500,0.660843,0.256986,13729,4668,339,biscoito,5e4082d7fc,20.3939
24,10,2500,0.660843,0.256986,13729,4668,339,biscoito,5e4082d7fc,20.3939
24,11,2500,0.660843,0.256986,13729,4668,339,biscoito,5e4082d7fc,20.3939
24,12,2500,0.660843,0.256986,13729,4668,339,biscoito,5e4082d7fc,20.3939
24,13,2500,0.660843,0.256986,13729,4668,339,biscoito,5e4082d7fc,20.3939
24,14,2500,0.660843,0.256986,13729,4668,339,biscoito,5e4082d7fc,20.3939
24,15,2500,0.660843,0.256986,13729,4668,339,biscoito,5e4082d7fc,20.3939
24,16,2500,0.660843,0.256986,13729,4668,339,biscoito,5e4082d7fc,20.3939
24,17,2500,0.660843,0.256986,13729,4668,339,biscoito,5e4082d7fc,20.3939
24,18,2500,0.660843,0.256986,13729,4668,339,biscoito,5e4082d7fc,20.3939
24,19,2500,0.660843,0.256986,13729,4668,339,biscoito,5e4082d7fc,20.3939
24,1,2500,0.659733,0.258916,13735,4663,332,biscoito,6d16317786,9.1563
24,4,2500,0.668824,0.265177,13720,4676,340,biscoito,6a45f0dd55,9.1425
24,7,2500,0.667789,0.265957,13699,4660,336,biscoito,f19c813d70,9.2094
25,0,2500,0.660843,0.256986,13729,4668,339,biscoito,5e4082d7fc,20.3939
25,1,2500,0.660843,0.256986,13729,4668,339,biscoito,5e4082d7fc,20.3939
25,2,2500,0.660843,0.256986,13729,4668,339,biscoito,5e4082d7fc,20.3939
25,5,2500,0.660843,0.256986,13729,4668,339,biscoito,5e4082d7fc,20.3939
25,6,2500,0.660843,0.256986,13729,4668,339,biscoito,5e4082d7fc,20.3939
25,7,2500,0.660843,0.256986,13729,4668,339,biscoito,5e4082d7fc,20.3939
25,8,2500,0.660843,0.256986,13729,4668,339,biscoito,5e4082d7fc,20.3939
25,9,2500,0.660843,0.256986,13729,4668,339,biscoito,5e4082d7fc,20.3939
25,10,2500,0.660843,0.256986,13729,4668,339,biscoito,5e4082d7fc,20.3939
25,11,2500,0.660843,0.256986,13729,4668,339,biscoito,5e4082d7fc,20.3939
25,12,2500,0.660843,0.256986,13729,4668,339,biscoito,5e4082d7fc,20.3939
25,14,2500,0.660843,0.256986,13729,4668,339,biscoito,5e4082d7fc,20.3939
25,15,2500,0.660843,0.256986,13729,4668,339,biscoito,5e4082d7fc,20.3939
25,16,2500,0.660843,0.256986,13729,4668,339,biscoito,5e4082d7fc,20.3939
25,17,2500,0.660843,0.256986,13729,4668,339,biscoito,5e4082d7fc,20.3939
25,18,2500,0.660843,0.256986,13729,4668,339,biscoito,5e4082d7fc,20.3939
25,3,2500,0.660108,0.262530,13730,4615,336,biscoito,12a9560536,11.0890
25,4,2500,0.661314,0.263495,13719,4654,341,biscoito,22d4764738,11.0748
25,13,2500,0.662756,0.272259,13749,4639,345,biscoito,08c6ff3d30,10.9667
25,19,2500,0.671040,0.266486,13737,4646,335,biscoito,9156cff306,10.7892
26,0,2500,0.660843,0.256986,13729,4668,339,biscoito,5e4082d7fc,20.3939
26,1,2500,0.660843,0.256986,13729,4668,339,biscoito,5e4082d7fc,20.3939
26,2,2500,0.660843,0.256986,13729,4668,339,biscoito,5e4082d7fc,20.3939
26,3,2500,0.660843,0.256986,13729,4668,339,biscoito,5e4082d7fc,20.3939
26,4,2500,0.660843,0.256986,13729,4668,339,biscoito,5e4082d7fc,20.3939
26,5,2500,0.660843,0.256986,13729,4668,339,biscoito,5e4082d7fc,20.3939
26,6,2500,0.660843,0.256986,13729,4668,339,biscoito,5e4082d7fc,20.3939
26,7,2500,0.660843,0.256986,13729,4668,339,biscoito,5e4082d7fc,20.3939
26,8,2500,0.660843,0.256986,13729,4668,339,biscoito,5e4082d7fc,20.3939
26,9,2500,0.660843,0.256986,13729,4668,339,biscoito,5e4082d7fc,20.3939
26,10,2500,0.660843,0.256986,13729,4668,339,biscoito,5e4082d7fc,20.3939
26,12,2500,0.660843,0.256986,13729,4668,339,biscoito,5e4082d7fc,20.3939
26,13,2500,0.660843,0.256986,13729,4668,339,biscoito,5e4082d7fc,20.3939
26,14,2500,0.660843,0.256986,13729,4668,339,biscoito,5e4082d7fc,20.3939
26,15,2500,0.660843,0.256986,13729,4668,339,biscoito,5e4082d7fc,20.3939
26,17,2500,0.660843,0.256986,13729,4668,339,biscoito,5e4082d7fc,20.3939
26,18,2500,0.660843,0.256986,13729,4668,339,biscoito,5e4082d7fc,20.3939
26,19,2500,0.660843,0.256986,13729,4668,339,biscoito,5e4082d7fc,20.3939
26,11,2500,0.664490,0.266835,13694,4684,338,biscoito,9d491e603f,8.1963
26,16,2500,0.662001,0.264905,13728,4669,344,biscoito,7ce4c5ce9f,8.1826
27,0,2500,0.660843,0.256986,13729,4668,339,biscoito,5e4082d7fc,20.3939
27,1,2500,0.660843,0.256986,13729,4668,339,biscoito,5e4082d7fc,20.3939
27,2,2500,0.660843,0.256986,13729,4668,339,biscoito,5e4082d7fc,20.3939
27,3,2500,0.660843,0.256986,13729,4668,339,biscoito,5e4082d7fc,20.3939
27,5,2500,0.660843,0.256986,13729,4668,339,biscoito,5e4082d7fc,20.3939
27,6,2500,0.660843,0.256986,13729,4668,339,biscoito,5e4082d7fc,20.3939
27,9,2500,0.660843,0.256986,13729,4668,339,biscoito,5e4082d7fc,20.3939
27,10,2500,0.660843,0.256986,13729,4668,339,biscoito,5e4082d7fc,20.3939
27,11,2500,0.660843,0.256986,13729,4668,339,biscoito,5e4082d7fc,20.3939
27,12,2500,0.660843,0.256986,13729,4668,339,biscoito,5e4082d7fc,20.3939
27,18,2500,0.660843,0.256986,13729,4668,339,biscoito,5e4082d7fc,20.3939
27,19,2500,0.660843,0.256986,13729,4668,339,biscoito,5e4082d7fc,20.3939
27,4,2500,0.659841,0.266989,13730,4632,342,biscoito,cf38db39c4,19.7464
27,7,2500,0.672103,0.266515,13742,4637,336,biscoito,1201f0c0e7,20.2335
27,8,2500,0.666271,0.261586,13713,4668,340,biscoito,ae325a2197,19.9073
27,13,2500,0.662856,0.264602,13717,4675,341,biscoito,58c16b6efa,19.7651
27,14,2500,0.666727,0.265082,13699,4683,342,biscoito,42b16c73b7,19.8460
27,15,2500,0.655056,0.265006,13730,4631,344,biscoito,972df7e1b1,19.6409
27,16,2500,0.660208,0.264221,13695,4697,339,biscoito,405067561d,19.3743
27,17,2500,0.666611,0.260603,13679,4640,330,biscoito,267fb53428,18.8041
28,0,2500,0.660843,0.256986,13729,4668,339,biscoito,5e4082d7fc,20.3939
28,3,2500,0.660843,0.256986,13729,4668,339,biscoito,5e4082d7fc,20.3939
28,11,2500,0.660843,0.256986,13729,4668,339,biscoito,5e4082d7fc,20.3939
28,13,2500,0.660843,0.256986,13729,4668,339,biscoito,5e4082d7fc,20.3939
28,15,2500,0.660843,0.256986,13729,4668,339,biscoito,5e4082d7fc,20.3939
28,16,2500,0.660843,0.256986,13729,4668,339,biscoito,5e4082d7fc,20.3939
28,17,2500,0.660843,0.256986,13729,4668,339,biscoito,5e4082d7fc,20.3939
28,18,2500,0.660843,0.256986,13729,4668,339,biscoito,5e4082d7fc,20.3939
28,19,2500,0.660843,0.256986,13729,4668,339,biscoito,5e4082d7fc,20.3939
28,1,2500,0.652815,0.261330,13724,4668,340,biscoito,a5dccb34c8,20.5235
28,2,2500,0.662597,0.264952,13722,4677,341,biscoito,7b939a0d7a,21.0446
28,4,2500,0.664901,0.267056,13710,4645,350,biscoito,0ed9b14cb4,21.4434
28,5,2500,0.653306,0.261967,13723,4679,337,biscoito,bf13c7dd4f,20.5644
28,6,2500,0.667817,0.271175,13708,4646,351,biscoito,246b684bfa,20.9542
28,7,2500,0.664853,0.258658,13715,4648,329,biscoito,310086ac2a,20.4065
28,8,2500,0.658483,0.263142,13693,4659,340,biscoito,657fcbb3a0,20.3798
28,9,2500,0.665852,0.258891,13732,4650,331,biscoito,6740ddc1be,20.6977
28,10,2500,0.654900,0.263389,13676,4653,338,biscoito,5e324a042c,14.2580
28,12,2500,0.666599,0.266755,13756,4638,345,biscoito,002f94da7a,13.8403
28,14,2500,0.651980,0.263941,13705,4683,341,biscoito,862f09c6c0,13.4621
29,0,2500,0.660843,0.256986,13729,4668,339,biscoito,5e4082d7fc,20.3939
29,3,2500,0.660843,0.256986,13729,4668,339,biscoito,5e4082d7fc,20.3939
29,4,2500,0.660843,0.256986,13729,4668,339,biscoito,5e4082d7fc,20.3939
29,8,2500,0.665852,0.258891,13732,4650,331,biscoito,6740ddc1be,20.6977
29,9,2500,0.660843,0.256986,13729,4668,339,biscoito,5e4082d7fc,20.3939
29,10,2500,0.660843,0.256986,13729,4668,339,biscoito,5e4082d7fc,20.3939
29,11,2500,0.660843,0.256986,13729,4668,339,biscoito,5e4082d7fc,20.3939
29,12,2500,0.660843,0.256986,13729,4668,339,biscoito,5e4082d7fc,20.3939
29,15,2500,0.660843,0.256986,13729,4668,339,biscoito,5e4082d7fc,20.3939
29,16,2500,0.660843,0.256986,13729,4668,339,biscoito,5e4082d7fc,20.3939
29,17,2500,0.660843,0.256986,13729,4668,339,biscoito,5e4082d7fc,20.3939
29,18,2500,0.664853,0.258658,13715,4648,329,biscoito,310086ac2a,20.4065
29,19,2500,0.660843,0.256986,13729,4668,339,biscoito,5e4082d7fc,20.3939
29,1,2500,0.661019,0.259566,13732,4675,338,biscoito,1f81d42d0b,19.3357
29,2,2500,0.656186,0.258755,13714,4641,330,biscoito,ad8d4e236d,19.2442
29,5,2500,0.656466,0.256334,13698,4653,336,biscoito,f8d3e8db71,19.4184
29,6,2500,0.665261,0.263821,13723,4667,341,biscoito,e49d036781,19.2891
29,7,2500,0.671755,0.270291,13711,4679,343,biscoito,33d4907cd4,19.3318
29,13,2500,0.667178,0.262833,13743,4673,334,biscoito,0ba472df00,19.1515
29,14,2500,0.665568,0.262762,13760,4673,335,biscoito,020d2cb400,18.8999
30,0,2500,0.656466,0.256334,13698,4653,336,biscoito,f8d3e8db71,19.4184
30,2,2500,0.660843,0.256986,13729,4668,339,biscoito,5e4082d7fc,20.3939
30,3,2500,0.660843,0.256986,13729,4668,339,biscoito,5e4082d7fc,20.3939
30,4,2500,0.660843,0.256986,13729,4668,339,biscoito,5e4082d7fc,20.3939
30,5,2500,0.660843,0.256986,13729,4668,339,biscoito,5e4082d7fc,20.3939
30,6,2500,0.656466,0.256334,13698,4653,336,biscoito,f8d3e8db71,19.4184
30,10,2500,0.660843,0.256986,13729,4668,339,biscoito,5e4082d7fc,20.3939
30,12,2500,0.660843,0.256986,13729,4668,339,biscoito,5e4082d7fc,20.3939
30,13,2500,0.660843,0.256986,13729,4668,339,biscoito,5e4082d7fc,20.3939
30,14,2500,0.660843,0.256986,13729,4668,339,biscoito,5e4082d7fc,20.3939
30,17,2500,0.660843,0.256986,13729,4668,339,biscoito,5e4082d7fc,20.3939
30,18,2500,0.660843,0.256986,13729,4668,339,biscoito,5e4082d7fc,20.3939
30,19,2500,0.660843,0.256986,13729,4668,339,biscoito,5e4082d7fc,20.3939
30,1,2500,0.661127,0.260275,13752,4694,335,biscoito,3a7a131411,19.7210
30,7,2500,0.662904,0.259066,13744,4634,334,biscoito,62cf4abfdc,19.7029
30,8,2500,0.657029,0.261423,13708,4671,340,biscoito,c5fcd728a8,19.5348
30,9,2500,0.658598,0.267576,13729,4663,343,biscoito,3f221af3e1,19.7549
30,11,2500,0.655555,0.257503,13723,4662,336,biscoito,369711878f,19.7544
30,15,2500,0.663739,0.260328,13742,4661,334,biscoito,05dbcadad1,19.5166
30,16,2500,0.658319,0.268030,13745,4698,347,biscoito,84001c599c,19.1654
31,0,2500,0.656466,0.256334,13698,4653,336,biscoito,f8d3e8db71,19.4184
31,2,2500,0.660843,0.256986,13729,4668,339,biscoito,5e4082d7fc,20.3939
31,3,2500,0.660843,0.256986,13729,4668,339,biscoito,5e4082d7fc,20.3939
31,8,2500,0.660843,0.256986,13729,4668,339,biscoito,5e4082d7fc,20.3939
31,11,2500,0.660843,0.256986,13729,4668,339,biscoito,5e4082d7fc,20.3939
31,12,2500,0.660843,0.256986,13729,4668,339,biscoito,5e4082d7fc,20.3939
31,17,2500,0.660843,0.256986,13729,4668,339,biscoito,5e4082d7fc,20.3939
31,18,2500,0.660843,0.256986,13729,4668,339,biscoito,5e4082d7fc,20.3939
31,19,2500,0.660843,0.256986,13729,4668,339,biscoito,5e4082d7fc,20.3939
31,1,2500,0.656286,0.269237,13739,4628,342,biscoito,e6516ba94e,21.5571
31,4,2500,0.662149,0.259715,13774,4671,337,biscoito,3b5bb38390,21.3847
31,5,2500,0.657025,0.261280,13707,4657,336,biscoito,ad6fe84bcc,21.4347
31,6,2500,0.659022,0.259423,13716,4629,334,biscoito,dd6e5b54df,21.2717
31,7,2500,0.661131,0.260562,13736,4661,336,biscoito,1e1ee8d30e,21.7154
31,9,2500,0.661123,0.262097,13721,4666,337,biscoito,8899396cfb,21.8820
31,10,2500,0.664042,0.262949,13764,4701,334,biscoito,14d387a53a,21.2106
31,13,2500,0.652551,0.256720,13695,4653,337,biscoito,4d8d94f682,20.3938
31,14,2500,0.659261,0.268246,13746,4676,341,biscoito,6e4b02455d,12.0325
31,15,2500,0.660508,0.261352,13710,4671,341,biscoito,774355dfa7,11.9419
31,16,2500,0.659761,0.263953,13713,4672,339,biscoito,df54c0152b,11.7448
32,0,2500,0.656466,0.256334,13698,4653,336,biscoito,f8d3e8db71,19.4184
32,6,2500,0.660843,0.256986,13729,4668,339,biscoito,5e4082d7fc,20.3939
32,12,2500,0.660843,0.256986,13729,4668,339,biscoito,5e4082d7fc,20.3939
32,13,2500,0.660843,0.256986,13729,4668,339,biscoito,5e4082d7fc,20.3939
32,15,2500,0.660843,0.256986,13729,4668,339,biscoito,5e4082d7fc,20.3939
32,16,2500,0.660843,0.256986,13729,4668,339,biscoito,5e4082d7fc,20.3939
32,1,2500,0.660604,0.260433,13729,4654,339,biscoito,f79e96d76b,20.3454
32,2,2500,0.664338,0.255959,13735,4659,334,biscoito,a17bb397df,20.2244
32,3,2500,0.664122,0.262319,13711,4679,334,biscoito,32779f8f2c,20.5518
32,4,2500,0.659313,0.270337,13700,4681,346,biscoito,6737d3b5ed,20.7759
32,5,2500,0.670657,0.269893,13731,4672,342,biscoito,b15041b8c3,20.7577
32,7,2500,0.658043,0.266495,13726,4674,338,biscoito,037305c9a3,20.5568
32,8,2500,0.660348,0.258334,13696,4655,336,biscoito,03a1109290,20.2102
32,9,2500,0.653274,0.264541,13728,4670,341,biscoito,a78f936215,20.3315
32,10,2500,0.659305,0.264345,13708,4665,340,biscoito,ea729d22b4,17.8065
32,11,2500,0.664530,0.254210,13668,4666,328,biscoito,9bf5ba3f9b,17.4168
32,14,2500,0.657005,0.259830,13673,4629,341,biscoito,bdd6258d89,17.0612
32,17,2500,0.668352,0.265901,13758,4635,344,biscoito,cdcdb20ecc,16.5199
32,18,2500,0.655487,0.260115,13700,4653,335,biscoito,8eaf3cf1d0,16.5715
32,19,2500,0.659114,0.262341,13703,4660,337,biscoito,0317607d7a,16.3234
33,0,2500,0.664530,0.254210,13668,4666,328,biscoito,9bf5ba3f9b,17.4168
33,3,2500,0.664338,0.255959,13735,4659,334,biscoito,a17bb397df,20.2244
33,4,2500,0.664338,0.255959,13735,4659,334,biscoito,a17bb397df,20.2244
33,8,2500,0.660843,0.256986,13729,4668,339,biscoito,5e4082d7fc,20.3939
33,1,2500,0.664454,0.258286,13737,4657,337,biscoito,9533ddc230,20.5226
33,2,2500,0.663220,0.263595,13726,4665,341,biscoito,3c5e708906,19.8586
33,5,2500,0.660771,0.259847,13720,4680,331,biscoito,b2203a1152,20.7148
33,6,2500,0.661698,0.261839,13735,4663,335,biscoito,77a408ff4d,20.7431
33,7,2500,0.657600,0.264329,13692,4616,340,biscoito,3574d66009,19.7509
33,9,2500,0.657224,0.261134,13725,4657,334,biscoito,601e90f6fc,19.9730
33,10,2500,0.663987,0.261099,13728,4691,339,biscoito,c7fdc915f0,20.2735
33,11,2500,0.664426,0.260321,13731,4663,339,biscoito,894f326138,19.9563
33,12,2500,0.660472,0.265407,13706,4669,340,biscoito,3c0fff6409,22.3685
33,13,2500,0.664046,0.259027,13696,4661,336,biscoito,60638cd7c4,22.1622
33,14,2500,0.656370,0.260818,13707,4658,337,biscoito,5a3593fee3,21.2822
33,15,2500,0.656921,0.258315,13734,4674,335,biscoito,594bf39c62,22.4751
33,16,2500,0.660064,0.261351,13724,4654,338,biscoito,d75e0797a1,22.5034
33,17,2500,0.656865,0.262352,13672,4664,337,biscoito,0e10719934,21.8331
33,18,2500,0.661906,0.256591,13669,4650,334,biscoito,de7a6b4782,22.2736
33,19,2500,0.663995,0.259252,13729,4667,337,biscoito,ea68973495,21.9681
34,0,2500,0.664530,0.254210,13668,4666,328,biscoito,9bf5ba3f9b,17.4168
34,1,2500,0.664338,0.255959,13735,4659,334,biscoito,a17bb397df,20.2244
34,2,2500,0.664530,0.254210,13668,4666,328,biscoito,9bf5ba3f9b,17.4168
34,8,2500,0.664454,0.258286,13737,4657,337,biscoito,9533ddc230,20.5226
34,11,2500,0.664338,0.255959,13735,4659,334,biscoito,a17bb397df,20.2244
34,12,2500,0.664338,0.255959,13735,4659,334,biscoito,a17bb397df,20.2244
34,3,2500,0.662672,0.262646,13733,4692,338,biscoito,b551572b64,20.1398
34,4,2500,0.656689,0.259625,13723,4657,338,biscoito,73d9192694,20.3545
34,5,2500,0.659329,0.258395,13742,4691,338,biscoito,39b49c201c,20.1387
34,6,2500,0.665157,0.257823,13656,4636,326,biscoito,0694666469,20.2060
34,7,2500,0.655004,0.259194,13737,4629,333,biscoito,d1033822b8,20.2206
34,9,2500,0.657344,0.257434,13744,4671,337,biscoito,90d7369332,20.0303
34,10,2500,0.665149,0.259632,13729,4658,336,biscoito,c185ef67bf,20.5058
34,13,2500,0.663124,0.254447,13687,4659,333,biscoito,588b8553c2,20.1773
34,14,2500,0.659521,0.261478,13708,4671,335,biscoito,3d8e9c269c,17.4946
34,15,2500,0.657712,0.259100,13733,4654,336,biscoito,89d42dd32f,16.8176
34,16,2500,0.661075,0.262969,13646,4630,341,biscoito,68fa5d4cf1,16.9112
34,17,2500,0.662025,0.262695,13732,4663,338,biscoito,3355388c0e,16.7493
34,18,2500,0.657540,0.258234,13748,4657,339,biscoito,d1d06bce3d,16.6765
34,19,2500,0.659098,0.258929,13689,4670,335,biscoito,c3878bab4b,16.2274
35,0,2500,0.664530,0.254210,13668,4666,328,biscoito,9bf5ba3f9b,17.4168
35,2,2500,0.657540,0.258234,13748,4657,339,biscoito,d1d06bce3d,16.6765
35,5,2500,0.664338,0.255959,13735,4659,334,biscoito,a17bb397df,20.2244
35,6,2500,0.663124,0.254447,13687,4659,333,biscoito,588b8553c2,20.1773
35,7,2500,0.665157,0.257823,13656,4636,326,biscoito,0694666469,20.2060
35,8,2500,0.663124,0.254447,13687,4659,333,biscoito,588b8553c2,20.1773
35,9,2500,0.664530,0.254210,13668,4666,328,biscoito,9bf5ba3f9b,17.4168
35,10,2500,0.665157,0.257823,13656,4636,326,biscoito,0694666469,20.2060
35,11,2500,0.664530,0.254210,13668,4666,328,biscoito,9bf5ba3f9b,17.4168
35,12,2500,0.664530,0.254210,13668,4666,328,biscoito,9bf5ba3f9b,17.4168
35,15,2500,0.664338,0.255959,13735,4659,334,biscoito,a17bb397df,20.2244
35,16,2500,0.663124,0.254447,13687,4659,333,biscoito,588b8553c2,20.1773
35,1,2500,0.657456,0.260724,13754,4693,338,biscoito,27deedaba2,19.7297
35,3,2500,0.663407,0.258586,13684,4669,335,biscoito,afdc895b09,19.9259
35,4,2500,0.667797,0.267656,13684,4645,343,biscoito,7e5b88b9b2,19.5793
35,13,2500,0.662329,0.258359,13680,4653,331,biscoito,3d10228360,19.7894
35,14,2500,0.665197,0.257852,13664,4638,327,biscoito,2be405f756,19.5099
35,17,2500,0.664027,0.257875,13663,4648,327,biscoito,facb34df7d,19.3877
35,18,2500,0.656190,0.249194,13664,4645,324,biscoito,fdd794abe4,18.9623
35,19,2500,0.658926,0.256573,13695,4648,329,biscoito,62b8e16382,18.7121
36,0,2500,0.656190,0.249194,13664,4645,324,biscoito,fdd794abe4,18.9623
36,3,2500,0.664338,0.255959,13735,4659,334,biscoito,a17bb397df,20.2244
36,4,2500,0.664338,0.255959,13735,4659,334,biscoito,a17bb397df,20.2244
36,7,2500,0.664530,0.254210,13668,4666,328,biscoito,9bf5ba3f9b,17.4168
36,8,2500,0.663124,0.254447,13687,4659,333,biscoito,588b8553c2,20.1773
36,9,2500,0.664530,0.254210,13668,4666,328,biscoito,9bf5ba3f9b,17.4168
36,10,2500,0.663124,0.254447,13687,4659,333,biscoito,588b8553c2,20.1773
36,1,2500,0.655882,0.252504,13673,4668,328,biscoito,8de87a49d4,19.3316
36,2,2500,0.658790,0.267233,13786,4675,347,biscoito,69b87bbb70,19.7157
36,5,2500,0.655978,0.251990,13686,4654,330,biscoito,090adb2189,20.0235
36,6,2500,0.660979,0.253528,13666,4660,328,biscoito,e8a66ec5ed,20.1343
36,11,2500,0.657856,0.252279,13662,4658,325,biscoito,687de7cb52,20.3895
36,12,2500,0.661283,0.257993,13664,4653,327,biscoito,099aff53f2,20.0631
36,13,2500,0.655974,0.254765,13671,4698,333,biscoito,91bc520391,19.7055
36,14,2500,0.658347,0.255971,13675,4618,331,biscoito,e1e719c8e1,19.9410
36,15,2500,0.657620,0.255640,13676,4651,329,biscoito,0b8c7fb136,14.9063
36,16,2500,0.655331,0.255802,13683,4665,330,biscoito,5692736be1,14.9308
36,17,2500,0.657252,0.253316,13666,4647,327,biscoito,e7a8a115cf,14.5578
36,18,2500,0.659893,0.251886,13669,4662,325,biscoito,f6ccb2311e,14.2141
36,19,2500,0.664630,0.257210,13674,4671,323,biscoito,2b573065ab,13.7747
37,0,2500,0.656190,0.249194,13664,4645,324,biscoito,fdd794abe4,18.9623
37,3,2500,0.664530,0.254210,13668,4666,328,biscoito,9bf5ba3f9b,17.4168
37,9,2500,0.657856,0.252279,13662,4658,325,biscoito,687de7cb52,20.3895
37,10,2500,0.657856,0.252279,13662,4658,325,biscoito,687de7cb52,20.3895
37,15,2500,0.656190,0.249194,13664,4645,324,biscoito,fdd794abe4,18.9623
37,1,2500,0.660947,0.253080,13663,4668,328,biscoito,3ada8d3f62,20.0740
37,2,2500,0.662145,0.254736,13673,4660,328,biscoito,977cd968b7,19.9575
37,4,2500,0.664031,0.257281,13664,4673,326,biscoito,6c10570839,20.0387
37,5,2500,0.656537,0.256340,13663,4652,327,biscoito,a3ebbec5cc,19.7101
37,6,2500,0.657879,0.251536,13687,4651,328,biscoito,c59791a7cb,19.9710
37,7,2500,0.658491,0.261582,13688,4662,333,biscoito,9cb9a8183c,19.9445
37,8,2500,0.653845,0.252653,13660,4643,332,biscoito,3bf9cb901f,19.0761
37,11,2500,0.659437,0.257448,13720,4700,333,biscoito,a7ace8bac0,19.3891
37,12,2500,0.663012,0.251712,13698,4635,329,biscoito,8711d0bf97,18.7589
37,13,2500,0.660472,0.254763,13683,4648,330,biscoito,e3f5eaa436,18.5768
37,14,2500,0.661774,0.265312,13633,4677,340,biscoito,e90d8939b8,18.5668
37,16,2500,0.659761,0.255008,13671,4687,327,biscoito,396ba210e3,18.3739
37,17,2500,0.659218,0.252072,13670,4659,326,biscoito,0fe733bd24,18.1407
37,18,2500,0.654225,0.251920,13670,4662,328,biscoito,20d045c728,17.9878
37,19,2500,0.657792,0.258759,13665,4681,330,biscoito,66a3a58cce,17.8084
38,0,2500,0.656190,0.249194,13664,4645,324,biscoito,fdd794abe4,18.9623
38,3,2500,0.656190,0.249194,13664,4645,324,biscoito,fdd794abe4,18.9623
38,4,2500,0.656537,0.256340,13663,4652,327,biscoito,a3ebbec5cc,19.7101
38,17,2500,0.656190,0.249194,13664,4645,324,biscoito,fdd794abe4,18.9623
38,18,2500,0.656190,0.249194,13664,4645,324,biscoito,fdd794abe4,18.9623
38,1,2500,0.663104,0.253855,13691,4643,327,biscoito,d0a896c6a5,20.5272
38,2,2500,0.662916,0.257554,13676,4652,326,biscoito,269a1dbd28,19.9665
38,5,2500,0.657899,0.252995,13673,4660,328,biscoito,48cc1a9036,20.4605
38,6,2500,0.663495,0.252774,13701,4637,329,biscoito,1e066b96a8,20.4903
38,7,2500,0.664054,0.258059,13673,4660,335,biscoito,4293e50e49,20.0872
38,8,2500,0.664082,0.260153,13683,4651,334,biscoito,068f3e08e1,20.3877
38,9,2500,0.657800,0.253474,13673,4635,332,biscoito,9216034f56,20.2770
38,10,2500,0.659457,0.251480,13656,4648,324,biscoito,72df610ee2,20.1583
38,11,2500,0.661618,0.254882,13645,4649,326,biscoito,a9bbb2d11c,18.3409
38,12,2500,0.664861,0.253135,13695,4639,329,biscoito,734e987095,18.0852
38,13,2500,0.657580,0.246322,13721,4678,323,biscoito,c90e83a165,18.1415
38,14,2500,0.663363,0.253668,13699,4656,327,biscoito,b98af80469,18.0340
38,15,2500,0.664781,0.261474,13671,4597,337,biscoito,03198768d2,17.9856
38,16,2500,0.664510,0.254848,13673,4692,330,biscoito,67635714c2,17.6950
38,19,2500,0.660719,0.253171,13670,4649,326,biscoito,888df7b00b,17.2201
39,0,2500,0.657580,0.246322,13721,4678,323,biscoito,c90e83a165,18.1415
39,1,2500,0.659457,0.251480,13656,4648,324,biscoito,72df610ee2,20.1583
39,15,2500,0.664861,0.253135,13695,4639,329,biscoito,734e987095,18.0852
39,17,2500,0.656190,0.249194,13664,4645,324,biscoito,fdd794abe4,18.9623
39,2,2500,0.661275,0.255975,13697,4657,333,biscoito,0b55bfe043,20.4541
39,3,2500,0.666415,0.259430,13672,4655,335,biscoito,bc891e0ee9,21.3454
39,4,2500,0.659046,0.260399,13666,4618,336,biscoito,cd39403bbc,21.2281
39,5,2500,0.659174,0.258011,13694,4663,333,biscoito,f9ce2f17ca,19.6639
39,6,2500,0.665528,0.261704,13628,4627,330,biscoito,428beb4438,20.7495
39,7,2500,0.662613,0.255435,13692,4642,330,biscoito,5248a7da50,20.1901
39,8,2500,0.659006,0.253698,13665,4643,324,biscoito,929697d67e,20.4086
39,9,2500,0.655343,0.255377,13696,4652,331,biscoito,ed31d00a45,20.5626
39,10,2500,0.665580,0.251881,13692,4636,328,biscoito,bbb3773484,19.9926
39,11,2500,0.658511,0.245818,13698,4667,322,biscoito,1e357c9d09,20.9031
39,12,2500,0.660460,0.251647,13687,4645,324,biscoito,35cb67a642,19.7889
39,13,2500,0.654249,0.252217,13653,4657,324,biscoito,cc00077d33,19.8847
39,14,2500,0.660448,0.251218,13720,4658,324,biscoito,5f90e2becf,20.0420
39,16,2500,0.661814,0.260163,13676,4668,338,biscoito,a239dc879b,20.0543
39,18,2500,0.655958,0.255386,13717,4638,328,biscoito,fe0494aba5,19.4819
39,19,2500,0.653889,0.252198,13678,4627,329,biscoito,b93232f0bc,19.5186
40,0,2500,0.658511,0.245818,13698,4667,322,biscoito,1e357c9d09,20.9031
40,1,2500,0.660448,0.251218,13720,4658,324,biscoito,5f90e2becf,20.0420
40,2,2500,0.660448,0.251218,13720,4658,324,biscoito,5f90e2becf,20.0420
40,3,2500,0.660448,0.251218,13720,4658,324,biscoito,5f90e2becf,20.0420
40,4,2500,0.653889,0.252198,13678,4627,329,biscoito,b93232f0bc,19.5186
40,5,2500,0.659421,0.246932,13695,4671,324,biscoito,ac2827f670,20.1211
40,6,2500,0.660719,0.258669,13683,4658,327,biscoito,ff54446ed9,23.9026
40,7,2500,0.652308,0.246613,13717,4665,323,biscoito,2363152a23,20.1826
40,8,2500,0.657752,0.247294,13694,4677,323,biscoito,886d2418b6,19.0256
40,9,2500,0.655291,0.251921,13689,4647,327,biscoito,9b3a2a9f11,21.6103
40,10,2500,0.660795,0.246542,13694,4669,323,biscoito,ca08dd0086,18.8148
40,11,2500,0.664837,0.251328,13706,4642,328,biscoito,419acb00e7,19.8966
40,12,2500,0.656182,0.247079,13684,4665,322,biscoito,f1ea4e8fd4,20.7407
40,13,2500,0.655643,0.248980,13671,4651,321,biscoito,59432ea33f,20.0578
40,14,2500,0.660564,0.250296,13675,4650,324,biscoito,edccb120e8,19.1590
40,15,2500,0.662513,0.246744,13694,4661,321,biscoito,93b20cb178,19.6658
40,16,2500,0.652120,0.246556,13719,4680,324,biscoito,bc6e41f3ff,19.5405
40,17,2500,0.658798,0.248916,13686,4623,329,biscoito,af1a5835ad,18.4861
40,18,2500,0.655946,0.252050,13657,4641,324,biscoito,86c004253d,18.3787
40,19,2500,0.659641,0.255080,13747,4647,333,biscoito,1695cc65ab,17.8946
41,0,2500,0.658511,0.245818,13698,4667,322,biscoito,1e357c9d09,20.9031
41,3,2500,0.660795,0.246542,13694,4669,323,biscoito,ca08dd0086,18.8148
41,4,2500,0.660564,0.250296,13675,4650,324,biscoito,edccb120e8,19.1590
41,7,2500,0.658511,0.245818,13698,4667,322,biscoito,1e357c9d09,20.9031
41,8,2500,0.658511,0.245818,13698,4667,322,biscoito,1e357c9d09,20.9031
41,9,2500,0.652308,0.246613,13717,4665,323,biscoito,2363152a23,20.1826
41,14,2500,0.652308,0.246613,13717,4665,323,biscoito,2363152a23,20.1826
41,19,2500,0.652308,0.246613,13717,4665,323,biscoito,2363152a23,20.1826
41,1,2500,0.663523,0.248754,13711,4656,320,biscoito,06b82e6c94,19.8591
41,2,2500,0.662409,0.245919,13700,4661,321,biscoito,412bcaee96,20.0542
41,5,2500,0.660775,0.250021,13684,4657,324,biscoito,215e32e897,19.9529
41,6,2500,0.657692,0.246407,13715,4663,323,biscoito,83890c2e03,20.2011
41,10,2500,0.657692,0.249748,13699,4640,332,biscoito,cd321bce75,20.0026
41,11,2500,0.654129,0.258395,13672,4668,331,biscoito,a03e93ec18,20.4338
41,12,2500,0.657808,0.243524,13696,4668,322,biscoito,af07bf488a,20.2413
41,13,2500,0.652316,0.256952,13709,4707,334,biscoito,800fbd9b99,20.3085
41,15,2500,0.657907,0.244975,13708,4667,322,biscoito,4e16fbe975,13.8165
41,16,2500,0.662341,0.246595,13693,4665,321,biscoito,821c00f46c,13.4901
41,17,2500,0.658822,0.248330,13715,4667,324,biscoito,08dc2c24af,13.2905
41,18,2500,0.656645,0.246884,13709,4678,324,biscoito,805cc3e7a2,12.8220
42,0,2500,0.657808,0.243524,13696,4668,322,biscoito,af07bf488a,20.2413
42,3,2500,0.657907,0.244975,13708,4667,322,biscoito,4e16fbe975,13.8165
42,4,2500,0.658511,0.245818,13698,4667,322,biscoito,1e357c9d09,20.9031
42,6,2500,0.658511,0.245818,13698,4667,322,biscoito,1e357c9d09,20.9031
42,7,2500,0.658511,0.245818,13698,4667,322,biscoito,1e357c9d09,20.9031
42,8,2500,0.658511,0.245818,13698,4667,322,biscoito,1e357c9d09,20.9031
42,13,2500,0.663523,0.248754,13711,4656,320,biscoito,06b82e6c94,19.8591
42,16,2500,0.662409,0.245919,13700,4661,321,biscoito,412bcaee96,20.0542
42,17,2500,0.658511,0.245818,13698,4667,322,biscoito,1e357c9d09,20.9031
42,18,2500,0.658511,0.245818,13698,4667,322,biscoito,1e357c9d09,20.9031
42,1,2500,0.656158,0.246937,13698,4670,322,biscoito,9be1a26261,20.6849
42,2,2500,0.651177,0.242805,13697,4658,321,biscoito,ca078dfdfc,19.7605
42,5,2500,0.657236,0.251833,13737,4689,326,biscoito,d08014ac3d,20.0855
42,9,2500,0.651477,0.249827,13710,4673,326,biscoito,5115aabfe3,20.2439
42,10,2500,0.658786,0.249088,13696,4681,324,biscoito,e83e1b35aa,20.4042
42,11,2500,0.652040,0.247524,13695,4665,322,biscoito,c5082ff088,20.7440
42,12,2500,0.656705,0.245996,13699,4670,322,biscoito,981d77ceea,20.4398
42,14,2500,0.660623,0.255437,13711,4721,329,biscoito,3296c77027,20.2298
42,15,2500,0.652060,0.252669,13776,4703,328,biscoito,cc2075ea86,10.5531
42,19,2500,0.657125,0.247961,13714,4670,323,biscoito,d52dfb0316,10.1874
43,0,2500,0.651177,0.242805,13697,4658,321,biscoito,ca078dfdfc,19.7605
43,3,2500,0.658511,0.245818,13698,4667,322,biscoito,1e357c9d09,20.9031
43,4,2500,0.657808,0.243524,13696,4668,322,biscoito,af07bf488a,20.2413
43,5,2500,0.658511,0.245818,13698,4667,322,biscoito,1e357c9d09,20.9031
43,19,2500,0.651177,0.242805,13697,4658,321,biscoito,ca078dfdfc,19.7605
43,1,2500,0.657672,0.243950,13705,4667,320,biscoito,895ff0583d,19.9296
43,2,2500,0.656797,0.246826,13709,4656,324,biscoito,4d1d200dab,19.6588
43,6,2500,0.663831,0.248002,13665,4650,326,biscoito,44e1822b04,20.2682
43,7,2500,0.657760,0.254189,13697,4707,328,biscoito,56929cd466,20.1187
43,8,2500,0.655132,0.247013,13711,4649,324,biscoito,285c0486ad,19.7546
43,9,2500,0.656218,0.247899,13700,4665,322,biscoito,2ebc27e4ad,19.5689
43,10,2500,0.660068,0.243728,13696,4663,321,biscoito,7d799f3800,19.7396
43,11,2500,0.658255,0.248872,13705,4667,322,biscoito,3525bc43e8,19.8394
43,12,2500,0.655259,0.241144,13691,4663,322,biscoito,ea67fc0bd2,20.5701
43,13,2500,0.655076,0.242561,13696,4661,322,biscoito,5a51209d78,20.2545
43,14,2500,0.665996,0.250325,13724,4719,328,biscoito,26f6eb6dd4,20.2412
43,15,2500,0.655084,0.245421,13698,4666,322,biscoito,a985ba0436,20.4715
43,16,2500,0.652855,0.243750,13696,4668,322,biscoito,b4e1859aa1,20.2608
43,17,2500,0.657768,0.255143,13678,4674,334,biscoito,f60e0e919b,20.2062
43,18,2500,0.664058,0.244548,13790,4626,319,biscoito,2b4db4a8e5,20.0410
44,0,2500,0.655259,0.241144,13691,4663,322,biscoito,ea67fc0bd2,20.5701
44,1,2500,0.656797,0.246826,13709,4656,324,biscoito,4d1d200dab,19.6588
44,2,2500,0.655132,0.247013,13711,4649,324,biscoito,285c0486ad,19.7546
44,3,2500,0.657808,0.243524,13696,4668,322,biscoito,af07bf488a,20.2413
44,4,2500,0.658511,0.245818,13698,4667,322,biscoito,1e357c9d09,20.9031
44,7,2500,0.655259,0.241144,13691,4663,322,biscoito,ea67fc0bd2,20.5701
44,8,2500,0.655259,0.241144,13691,4663,322,biscoito,ea67fc0bd2,20.5701
44,9,2500,0.660068,0.243728,13696,4663,321,biscoito,7d799f3800,19.7396
44,10,2500,0.655259,0.241144,13691,4663,322,biscoito,ea67fc0bd2,20.5701
44,13,2500,0.655076,0.242561,13696,4661,322,biscoito,5a51209d78,20.2545
44,14,2500,0.655076,0.242561,13696,4661,322,biscoito,5a51209d78,20.2545
44,15,2500,0.652855,0.243750,13696,4668,322,biscoito,b4e1859aa1,20.2608
44,16,2500,0.658511,0.245818,13698,4667,322,biscoito,1e357c9d09,20.9031
44,5,2500,0.654349,0.248554,13709,4670,321,biscoito,4e2f1b2dc2,21.1640
44,6,2500,0.658151,0.247920,13684,4663,321,biscoito,794abf9850,21.2825
44,11,2500,0.655918,0.244531,13696,4661,322,biscoito,a0f9345fc7,21.0974
44,12,2500,0.653007,0.244901,13701,4670,321,biscoito,1eeb39b61c,20.6085
44,17,2500,0.655347,0.247032,13717,4649,323,biscoito,54bad2c3d1,21.0534
44,18,2500,0.665592,0.247528,13716,4660,316,biscoito,4b97adc973,20.2164
44,19,2500,0.654988,0.247299,13766,4614,320,biscoito,a07e086629,20.1116
45,0,2500,0.655259,0.241144,13691,4663,322,biscoito,ea67fc0bd2,20.5701
45,4,2500,0.653007,0.244901,13701,4670,321,biscoito,1eeb39b61c,20.6085
45,5,2500,0.658511,0.245818,13698,4667,322,biscoito,1e357c9d09,20.9031
45,6,2500,0.655259,0.241144,13691,4663,322,biscoito,ea67fc0bd2,20.5701
45,9,2500,0.655259,0.241144,13691,4663,322,biscoito,ea67fc0bd2,20.5701
45,10,2500,0.655259,0.241144,13691,4663,322,biscoito,ea67fc0bd2,20.5701
45,11,2500,0.655259,0.241144,13691,4663,322,biscoito,ea67fc0bd2,20.5701
45,12,2500,0.655259,0.241144,13691,4663,322,biscoito,ea67fc0bd2,20.5701
45,13,2500,0.655076,0.242561,13696,4661,322,biscoito,5a51209d78,20.2545
45,14,2500,0.655076,0.242561,13696,4661,322,biscoito,5a51209d78,20.2545
45,17,2500,0.655259,0.241144,13691,4663,322,biscoito,ea67fc0bd2,20.5701
45,18,2500,0.655259,0.241144,13691,4663,322,biscoito,ea67fc0bd2,20.5701
45,1,2500,0.651489,0.244684,13723,4662,321,biscoito,8bb7859e14,22.4198
45,2,2500,0.655687,0.244628,13705,4661,320,biscoito,509d1b8890,22.9353
45,3,2500,0.657656,0.246875,13694,4645,325,biscoito,7d390e5cfd,21.5804
45,7,2500,0.658047,0.254513,13691,4654,331,biscoito,feb22719da,21.7842
45,8,2500,0.652164,0.245408,13697,4666,321,biscoito,6e898668aa,20.9780
45,15,2500,0.655607,0.246037,13702,4661,322,biscoito,96bee1e7a8,21.9818
45,16,2500,0.654916,0.247504,13693,4663,322,biscoito,4e32393c27,21.4392
45,19,2500,0.657412,0.245495,13697,4665,322,biscoito,640413e2e2,21.0805
46,0,2500,0.655259,0.241144,13691,4663,322,biscoito,ea67fc0bd2,20.5701
46,2,2500,0.655259,0.241144,13691,4663,322,biscoito,ea67fc0bd2,20.5701
46,4,2500,0.655259,0.241144,13691,4663,322,biscoito,ea67fc0bd2,20.5701
46,5,2500,0.655259,0.241144,13691,4663,322,biscoito,ea67fc0bd2,20.5701
46,6,2500,0.655259,0.241144,13691,4663,322,biscoito,ea67fc0bd2,20.5701
46,7,2500,0.655259,0.241144,13691,4663,322,biscoito,ea67fc0bd2,20.5701
46,11,2500,0.655259,0.241144,13691,4663,322,biscoito,ea67fc0bd2,20.5701
46,12,2500,0.655259,0.241144,13691,4663,322,biscoito,ea67fc0bd2,20.5701
46,14,2500,0.655259,0.241144,13691,4663,322,biscoito,ea67fc0bd2,20.5701
46,17,2500,0.655259,0.241144,13691,4663,322,biscoito,ea67fc0bd2,20.5701
46,18,2500,0.655259,0.241144,13691,4663,322,biscoito,ea67fc0bd2,20.5701
46,1,2500,0.661131,0.257542,13672,4683,330,biscoito,d5c525c874,22.2721
46,3,2500,0.657456,0.245704,13712,4633,319,biscoito,c8822a98ee,22.5566
46,8,2500,0.667509,0.254122,13639,4666,335,biscoito,8d645d1c4b,22.4311
46,9,2500,0.659761,0.253083,13708,4666,328,biscoito,cd6ea9ac49,22.4706
46,10,2500,0.655311,0.246622,13689,4670,324,biscoito,823f9b1e19,22.5488
46,13,2500,0.663559,0.253896,13684,4653,326,biscoito,048ba862a1,22.7553
46,15,2500,0.656310,0.243913,13703,4667,323,biscoito,27de4ab664,22.3623
46,16,2500,0.660384,0.246692,13689,4657,324,biscoito,5de2290088,21.6351
46,19,2500,0.656701,0.248413,13699,4666,322,biscoito,e225f0aaf8,11.5093
47,0,2500,0.655259,0.241144,13691,4663,322,biscoito,ea67fc0bd2,20.5701
47,5,2500,0.655259,0.241144,13691,4663,322,biscoito,ea67fc0bd2,20.5701
47,6,2500,0.655259,0.241144,13691,4663,322,biscoito,ea67fc0bd2,20.5701
47,7,2500,0.655259,0.241144,13691,4663,322,biscoito,ea67fc0bd2,20.5701
47,8,2500,0.655259,0.241144,13691,4663,322,biscoito,ea67fc0bd2,20.5701
47,9,2500,0.655259,0.241144,13691,4663,322,biscoito,ea67fc0bd2,20.5701
47,11,2500,0.655259,0.241144,13691,4663,322,biscoito,ea67fc0bd2,20.5701
47,12,2500,0.655259,0.241144,13691,4663,322,biscoito,ea67fc0bd2,20.5701
47,13,2500,0.655311,0.246622,13689,4670,324,biscoito,823f9b1e19,22.5488
47,14,2500,0.655259,0.241144,13691,4663,322,biscoito,ea67fc0bd2,20.5701
47,17,2500,0.655259,0.241144,13691,4663,322,biscoito,ea67fc0bd2,20.5701
47,18,2500,0.655259,0.241144,13691,4663,322,biscoito,ea67fc0bd2,20.5701
47,1,2500,0.658103,0.256412,13695,4667,330,biscoito,90f81eb1f5,22.6774
47,2,2500,0.661982,0.259296,13681,4650,340,biscoito,ea5d7d471a,23.0455
47,3,2500,0.658183,0.252940,13700,4664,328,biscoito,3073f3eeb1,23.2936
47,4,2500,0.662005,0.254271,13697,4677,329,biscoito,1f1a536294,22.9529
47,10,2500,0.661366,0.251127,13646,4659,324,biscoito,381b8f0840,22.9723
47,15,2500,0.659525,0.248459,13681,4668,322,biscoito,7668bb6587,21.9759
47,16,2500,0.655359,0.246149,13701,4657,323,biscoito,6a72be34c7,21.5735
47,19,2500,0.659222,0.245927,13689,4671,323,biscoito,343e6726fa,21.1918
48,0,2500,0.655259,0.241144,13691,4663,322,biscoito,ea67fc0bd2,20.5701
48,1,2500,0.655259,0.241144,13691,4663,322,biscoito,ea67fc0bd2,20.5701
48,5,2500,0.655259,0.241144,13691,4663,322,biscoito,ea67fc0bd2,20.5701
48,6,2500,0.655259,0.241144,13691,4663,322,biscoito,ea67fc0bd2,20.5701
48,9,2500,0.655259,0.241144,13691,4663,322,biscoito,ea67fc0bd2,20.5701
48,11,2500,0.655259,0.241144,13691,4663,322,biscoito,ea67fc0bd2,20.5701
48,12,2500,0.655259,0.241144,13691,4663,322,biscoito,ea67fc0bd2,20.5701
48,13,2500,0.655259,0.241144,13691,4663,322,biscoito,ea67fc0bd2,20.5701
48,14,2500,0.655259,0.241144,13691,4663,322,biscoito,ea67fc0bd2,20.5701
48,15,2500,0.655259,0.241144,13691,4663,322,biscoito,ea67fc0bd2,20.5701
48,16,2500,0.655259,0.241144,13691,4663,322,biscoito,ea67fc0bd2,20.5701
48,17,2500,0.655259,0.241144,13691,4663,322,biscoito,ea67fc0bd2,20.5701
48,19,2500,0.655259,0.241144,13691,4663,322,biscoito,ea67fc0bd2,20.5701
48,2,2500,0.660883,0.256667,13633,4651,331,biscoito,d16b1a9887,21.8407
48,3,2500,0.653602,0.243684,13697,4668,322,biscoito,67763bdeef,21.4231
48,4,2500,0.654025,0.245523,13685,4652,323,biscoito,996e59c42c,21.7414
48,7,2500,0.658682,0.245012,13694,4666,323,biscoito,935fc82588,20.7170
48,8,2500,0.656042,0.246973,13681,4661,322,biscoito,f3a5755a85,20.8845
48,10,2500,0.658411,0.249722,13707,4683,330,biscoito,86712d0311,20.8828
48,18,2500,0.666447,0.255414,13698,4673,331,biscoito,bc3689cbe8,20.7841
49,0,2500,0.655259,0.241144,13691,4663,322,biscoito,ea67fc0bd2,20.5701
49,2,2500,0.655259,0.241144,13691,4663,322,biscoito,ea67fc0bd2,20.5701
49,3,2500,0.655259,0.241144,13691,4663,322,biscoito,ea67fc0bd2,20.5701
49,4,2500,0.655259,0.241144,13691,4663,322,biscoito,ea67fc0bd2,20.5701
49,5,2500,0.655259,0.241144,13691,4663,322,biscoito,ea67fc0bd2,20.5701
49,6,2500,0.655259,0.241144,13691,4663,322,biscoito,ea67fc0bd2,20.5701
49,7,2500,0.655259,0.241144,13691,4663,322,biscoito,ea67fc0bd2,20.5701
49,8,2500,0.655259,0.241144,13691,4663,322,biscoito,ea67fc0bd2,20.5701
49,9,2500,0.655259,0.241144,13691,4663,322,biscoito,ea67fc0bd2,20.5701
49,10,2500,0.655259,0.241144,13691,4663,322,biscoito,ea67fc0bd2,20.5701
49,11,2500,0.655259,0.241144,13691,4663,322,biscoito,ea67fc0bd2,20.5701
49,16,2500,0.655259,0.241144,13691,4663,322,biscoito,ea67fc0bd2,20.5701
49,17,2500,0.653602,0.243684,13697,4668,322,biscoito,67763bdeef,21.4231
49,19,2500,0.655259,0.241144,13691,4663,322,biscoito,ea67fc0bd2,20.5701
49,1,2500,0.654157,0.251380,13647,4642,322,biscoito,9c77b331b2,21.4697
49,12,2500,0.663415,0.250215,13682,4650,322,biscoito,4fcd3e60dd,20.6104
49,13,2500,0.653989,0.250423,13695,4630,322,biscoito,3e131620a2,20.2021
49,14,2500,0.663176,0.254457,13705,4645,323,biscoito,4d0e05c01a,20.6238
49,15,2500,0.657911,0.249445,13682,4641,331,biscoito,61c85760d8,20.9913
49,18,2500,0.662844,0.249863,13717,4661,320,biscoito,c3601a2895,21.2112
50,0,2500,0.655259,0.241144,13691,4663,322,biscoito,ea67fc0bd2,20.5701
50,3,2500,0.655259,0.241144,13691,4663,322,biscoito,ea67fc0bd2,20.5701
50,4,2500,0.655259,0.241144,13691,4663,322,biscoito,ea67fc0bd2,20.5701
50,5,2500,0.655259,0.241144,13691,4663,322,biscoito,ea67fc0bd2,20.5701
50,6,2500,0.655259,0.241144,13691,4663,322,biscoito,ea67fc0bd2,20.5701
50,7,2500,0.655259,0.241144,13691,4663,322,biscoito,ea67fc0bd2,20.5701
50,8,2500,0.655259,0.241144,13691,4663,322,biscoito,ea67fc0bd2,20.5701
50,10,2500,0.655259,0.241144,13691,4663,322,biscoito,ea67fc0bd2,20.5701
50,11,2500,0.655259,0.241144,13691,4663,322,biscoito,ea67fc0bd2,20.5701
50,12,2500,0.655259,0.241144,13691,4663,322,biscoito,ea67fc0bd2,20.5701
50,13,2500,0.655259,0.241144,13691,4663,322,biscoito,ea67fc0bd2,20.5701
50,15,2500,0.655259,0.241144,13691,4663,322,biscoito,ea67fc0bd2,20.5701
50,16,2500,0.655259,0.241144,13691,4663,322,biscoito,ea67fc0bd2,20.5701
50,17,2500,0.655259,0.241144,13691,4663,322,biscoito,ea67fc0bd2,20.5701
50,18,2500,0.655259,0.241144,13691,4663,322,biscoito,ea67fc0bd2,20.5701
50,19,2500,0.655259,0.241144,13691,4663,322,biscoito,ea67fc0bd2,20.5701
50,1,2500,0.658810,0.253915,13662,4651,322,biscoito,c4a88547c1,16.7654
50,2,2500,0.659613,0.254978,13687,4655,330,biscoito,90d279c9fe,16.8060
50,9,2500,0.659837,0.251939,13731,4651,324,biscoito,18b70988d6,16.7377
50,14,2500,0.660843,0.255507,13703,4640,328,biscoito,52c362f6f3,16.5552
51,0,2500,0.655259,0.241144,13691,4663,322,biscoito,ea67fc0bd2,20.5701
51,2,2500,0.655259,0.241144,13691,4663,322,biscoito,ea67fc0bd2,20.5701
51,3,2500,0.655259,0.241144,13691,4663,322,biscoito,ea67fc0bd2,20.5701
51,5,2500,0.655259,0.241144,13691,4663,322,biscoito,ea67fc0bd2,20.5701
51,7,2500,0.655259,0.241144,13691,4663,322,biscoito,ea67fc0bd2,20.5701
51,9,2500,0.655259,0.241144,13691,4663,322,biscoito,ea67fc0bd2,20.5701
51,11,2500,0.655259,0.241144,13691,4663,322,biscoito,ea67fc0bd2,20.5701
51,12,2500,0.655259,0.241144,13691,4663,322,biscoito,ea67fc0bd2,20.5701
51,15,2500,0.655259,0.241144,13691,4663,322,biscoito,ea67fc0bd2,20.5701
51,19,2500,0.655259,0.241144,13691,4663,322,biscoito,ea67fc0bd2,20.5701
51,1,2500,0.652116,0.253207,13710,4640,328,biscoito,2a6c003eb4,21.4894
51,4,2500,0.666275,0.256495,13647,4654,333,biscoito,3784d8ed5e,21.3835
51,6,2500,0.654896,0.248998,13663,4634,327,biscoito,a53b69d860,22.1672
51,8,2500,0.657991,0.251401,13697,4637,328,biscoito,6b63b2847d,22.4617
51,10,2500,0.660260,0.252966,13711,4673,334,biscoito,a572429317,20.9647
51,13,2500,0.661718,0.246800,13754,4642,328,biscoito,9d61fd1a8e,22.1964
51,14,2500,0.667438,0.258627,13725,4686,333,biscoito,429ba1e7ba,20.9227
51,16,2500,0.664993,0.252356,13688,4650,326,biscoito,b7c5ef6c1b,21.7245
51,17,2500,0.658814,0.250419,13725,4632,319,biscoito,ad979788d2,13.9885
51,18,2500,0.657117,0.253310,13722,4665,336,biscoito,1d8fa190b3,13.9124
52,0,2500,0.655259,0.241144,13691,4663,322,biscoito,ea67fc0bd2,20.5701
52,1,2500,0.664993,0.252356,13688,4650,326,biscoito,b7c5ef6c1b,21.7245
52,2,2500,0.654896,0.248998,13663,4634,327,biscoito,a53b69d860,22.1672
52,3,2500,0.655259,0.241144,13691,4663,322,biscoito,ea67fc0bd2,20.5701
52,4,2500,0.655259,0.241144,13691,4663,322,biscoito,ea67fc0bd2,20.5701
52,6,2500,0.655259,0.241144,13691,4663,322,biscoito,ea67fc0bd2,20.5701
52,7,2500,0.655259,0.241144,13691,4663,322,biscoito,ea67fc0bd2,20.5701
52,8,2500,0.655259,0.241144,13691,4663,322,biscoito,ea67fc0bd2,20.5701
52,9,2500,0.655259,0.241144,13691,4663,322,biscoito,ea67fc0bd2,20.5701
52,10,2500,0.655259,0.241144,13691,4663,322,biscoito,ea67fc0bd2,20.5701
52,11,2500,0.655259,0.241144,13691,4663,322,biscoito,ea67fc0bd2,20.5701
52,12,2500,0.655259,0.241144,13691,4663,322,biscoito,ea67fc0bd2,20.5701
52,15,2500,0.654896,0.248998,13663,4634,327,biscoito,a53b69d860,22.1672
52,17,2500,0.655259,0.241144,13691,4663,322,biscoito,ea67fc0bd2,20.5701
52,18,2500,0.655259,0.241144,13691,4663,322,biscoito,ea67fc0bd2,20.5701
52,19,2500,0.655259,0.241144,13691,4663,322,biscoito,ea67fc0bd2,20.5701
52,5,2500,0.664618,0.246521,13717,4674,323,biscoito,31aae78b2e,16.9602
52,13,2500,0.664921,0.248566,13674,4642,324,biscoito,70330186f8,17.0342
52,14,2500,0.654776,0.245748,13705,4673,324,biscoito,8b5d9de0ca,16.9895
52,16,2500,0.656797,0.248458,13727,4632,329,biscoito,0f488aa6f8,16.8653
53,0,2500,0.655259,0.241144,13691,4663,322,biscoito,ea67fc0bd2,20.5701
53,1,2500,0.655259,0.241144,13691,4663,322,biscoito,ea67fc0bd2,20.5701
53,2,2500,0.655259,0.241144,13691,4663,322,biscoito,ea67fc0bd2,20.5701
53,3,2500,0.655259,0.241144,13691,4663,322,biscoito,ea67fc0bd2,20.5701
53,4,2500,0.655259,0.241144,13691,4663,322,biscoito,ea67fc0bd2,20.5701
53,6,2500,0.655259,0.241144,13691,4663,322,biscoito,ea67fc0bd2,20.5701
53,7,2500,0.654776,0.245748,13705,4673,324,biscoito,8b5d9de0ca,16.9895
53,8,2500,0.655259,0.241144,13691,4663,322,biscoito,ea67fc0bd2,20.5701
53,9,2500,0.655259,0.241144,13691,4663,322,biscoito,ea67fc0bd2,20.5701
53,10,2500,0.655259,0.241144,13691,4663,322,biscoito,ea67fc0bd2,20.5701
53,14,2500,0.655259,0.241144,13691,4663,322,biscoito,ea67fc0bd2,20.5701
53,16,2500,0.655259,0.241144,13691,4663,322,biscoito,ea67fc0bd2,20.5701
53,18,2500,0.655259,0.241144,13691,4663,322,biscoito,ea67fc0bd2,20.5701
53,19,2500,0.655259,0.241144,13691,4663,322,biscoito,ea67fc0bd2,20.5701
53,5,2500,0.653470,0.253284,13681,4693,332,biscoito,288eab64fa,19.9543
53,11,2500,0.653314,0.245727,13707,4664,323,biscoito,91ad3bea03,19.6703
53,12,2500,0.660524,0.248017,13632,4643,324,biscoito,5cf9531989,19.5006
53,13,2500,0.662669,0.253942,13693,4647,330,biscoito,bb712420ca,19.5452
53,15,2500,0.657376,0.253462,13709,4651,331,biscoito,5138bc251b,19.3802
53,17,2500,0.655411,0.251035,13677,4695,327,biscoito,b2ca4d4a09,19.1929
54,0,2500,0.655259,0.241144,13691,4663,322,biscoito,ea67fc0bd2,20.5701
54,1,2500,0.655259,0.241144,13691,4663,322,biscoito,ea67fc0bd2,20.5701
54,5,2500,0.655259,0.241144,13691,4663,322,biscoito,ea67fc0bd2,20.5701
54,6,2500,0.655259,0.241144,13691,4663,322,biscoito,ea67fc0bd2,20.5701
54,7,2500,0.655259,0.241144,13691,4663,322,biscoito,ea67fc0bd2,20.5701
54,8,2500,0.655259,0.241144,13691,4663,322,biscoito,ea67fc0bd2,20.5701
54,9,2500,0.655259,0.241144,13691,4663,322,biscoito,ea67fc0bd2,20.5701
54,10,2500,0.655259,0.241144,13691,4663,322,biscoito,ea67fc0bd2,20.5701
54,11,2500,0.655259,0.241144,13691,4663,322,biscoito,ea67fc0bd2,20.5701
54,13,2500,0.655259,0.241144,13691,4663,322,biscoito,ea67fc0bd2,20.5701
54,14,2500,0.655259,0.241144,13691,4663,322,biscoito,ea67fc0bd2,20.5701
54,16,2500,0.655259,0.241144,13691,4663,322,biscoito,ea67fc0bd2,20.5701
54,17,2500,0.655259,0.241144,13691,4663,322,biscoito,ea67fc0bd2,20.5701
54,18,2500,0.655259,0.241144,13691,4663,322,biscoito,ea67fc0bd2,20.5701
54,19,2500,0.655259,0.241144,13691,4663,322,biscoito,ea67fc0bd2,20.5701
54,2,2500,0.657420,0.250031,13646,4637,329,biscoito,0084ef86b7,18.2901
54,3,2500,0.660623,0.253529,13657,4648,324,biscoito,ab59f2e3e1,18.4615
54,4,2500,0.652523,0.244834,13691,4661,321,biscoito,e1f8612cfa,18.3162
54,12,2500,0.664482,0.258116,13670,4689,330,biscoito,c572a109b7,18.2455
54,15,2500,0.661702,0.250343,13702,4629,330,biscoito,b21954083b,18.0593
55,0,2500,0.655259,0.241144,13691,4663,322,biscoito,ea67fc0bd2,20.5701
55,1,2500,0.655259,0.241144,13691,4663,322,biscoito,ea67fc0bd2,20.5701
55,2,2500,0.655259,0.241144,13691,4663,322,biscoito,ea67fc0bd2,20.5701
55,3,2500,0.655259,0.241144,13691,4663,322,biscoito,ea67fc0bd2,20.5701
55,4,2500,0.655259,0.241144,13691,4663,322,biscoito,ea67fc0bd2,20.5701
55,5,2500,0.655259,0.241144,13691,4663,322,biscoito,ea67fc0bd2,20.5701
55,6,2500,0.655259,0.241144,13691,4663,322,biscoito,ea67fc0bd2,20.5701
55,7,2500,0.655259,0.241144,13691,4663,322,biscoito,ea67fc0bd2,20.5701
55,8,2500,0.655259,0.241144,13691,4663,322,biscoito,ea67fc0bd2,20.5701
55,9,2500,0.655259,0.241144,13691,4663,322,biscoito,ea67fc0bd2,20.5701
55,11,2500,0.655259,0.241144,13691,4663,322,biscoito,ea67fc0bd2,20.5701
55,12,2500,0.655259,0.241144,13691,4663,322,biscoito,ea67fc0bd2,20.5701
55,13,2500,0.655259,0.241144,13691,4663,322,biscoito,ea67fc0bd2,20.5701
55,15,2500,0.655259,0.241144,13691,4663,322,biscoito,ea67fc0bd2,20.5701
55,16,2500,0.655259,0.241144,13691,4663,322,biscoito,ea67fc0bd2,20.5701
55,17,2500,0.655259,0.241144,13691,4663,322,biscoito,ea67fc0bd2,20.5701
55,18,2500,0.655259,0.241144,13691,4663,322,biscoito,ea67fc0bd2,20.5701
55,19,2500,0.655259,0.241144,13691,4663,322,biscoito,ea67fc0bd2,20.5701
55,10,2500,0.659976,0.251179,13732,4675,329,biscoito,0d81c9ffd1,12.4037
55,14,2500,0.661422,0.255743,13735,4677,330,biscoito,22bfd8f0a5,12.2449
56,0,2500,0.655259,0.241144,13691,4663,322,biscoito,ea67fc0bd2,20.5701
56,1,2500,0.655259,0.241144,13691,4663,322,biscoito,ea67fc0bd2,20.5701
56,2,2500,0.655259,0.241144,13691,4663,322,biscoito,ea67fc0bd2,20.5701
56,3,2500,0.655259,0.241144,13691,4663,322,biscoito,ea67fc0bd2,20.5701
56,4,2500,0.655259,0.241144,13691,4663,322,biscoito,ea67fc0bd2,20.5701
56,5,2500,0.655259,0.241144,13691,4663,322,biscoito,ea67fc0bd2,20.5701
56,7,2500,0.655259,0.241144,13691,4663,322,biscoito,ea67fc0bd2,20.5701
56,10,2500,0.655259,0.241144,13691,4663,322,biscoito,ea67fc0bd2,20.5701
56,11,2500,0.655259,0.241144,13691,4663,322,biscoito,ea67fc0bd2,20.5701
56,12,2500,0.655259,0.241144,13691,4663,322,biscoito,ea67fc0bd2,20.5701
56,13,2500,0.655259,0.241144,13691,4663,322,biscoito,ea67fc0bd2,20.5701
56,15,2500,0.655259,0.241144,13691,4663,322,biscoito,ea67fc0bd2,20.5701
56,16,2500,0.655259,0.241144,13691,4663,322,biscoito,ea67fc0bd2,20.5701
56,18,2500,0.655259,0.241144,13691,4663,322,biscoito,ea67fc0bd2,20.5701
56,6,2500,0.660164,0.251883,13668,4653,327,biscoito,fd3d5843e1,20.1087
56,8,2500,0.654273,0.251893,13655,4652,322,biscoito,76e06a2818,21.5074
56,9,2500,0.655415,0.254861,13698,4657,331,biscoito,963b048336,19.7343
56,14,2500,0.654824,0.249967,13700,4625,334,biscoito,f0f6011f44,19.6061
56,17,2500,0.657915,0.251660,13722,4688,331,biscoito,3352db512a,19.6690
56,19,2500,0.656697,0.251246,13711,4644,324,biscoito,be0216fa61,19.8451
57,0,2500,0.655259,0.241144,13691,4663,322,biscoito,ea67fc0bd2,20.5701
57,1,2500,0.655259,0.241144,13691,4663,322,biscoito,ea67fc0bd2,20.5701
57,2,2500,0.655259,0.241144,13691,4663,322,biscoito,ea67fc0bd2,20.5701
57,3,2500,0.655259,0.241144,13691,4663,322,biscoito,ea67fc0bd2,20.5701
57,6,2500,0.655259,0.241144,13691,4663,322,biscoito,ea67fc0bd2,20.5701
57,7,2500,0.655259,0.241144,13691,4663,322,biscoito,ea67fc0bd2,20.5701
57,8,2500,0.655259,0.241144,13691,4663,322,biscoito,ea67fc0bd2,20.5701
57,10,2500,0.655259,0.241144,13691,4663,322,biscoito,ea67fc0bd2,20.5701
57,11,2500,0.655259,0.241144,13691,4663,322,biscoito,ea67fc0bd2,20.5701
57,12,2500,0.655259,0.241144,13691,4663,322,biscoito,ea67fc0bd2,20.5701
57,13,2500,0.655259,0.241144,13691,4663,322,biscoito,ea67fc0bd2,20.5701
57,14,2500,0.655259,0.241144,13691,4663,322,biscoito,ea67fc0bd2,20.5701
57,16,2500,0.655259,0.241144,13691,4663,322,biscoito,ea67fc0bd2,20.5701
57,17,2500,0.655259,0.241144,13691,4663,322,biscoito,ea67fc0bd2,20.5701
57,18,2500,0.655259,0.241144,13691,4663,322,biscoito,ea67fc0bd2,20.5701
57,19,2500,0.655259,0.241144,13691,4663,322,biscoito,ea67fc0bd2,20.5701
57,4,2500,0.658251,0.253325,13688,4687,332,biscoito,5fe1aa4d2a,16.3000
57,5,2500,0.654181,0.252940,13651,4634,325,biscoito,b83f228189,16.3939
57,9,2500,0.651301,0.251057,13698,4665,326,biscoito,ed24391cb6,16.2879
57,15,2500,0.661782,0.254423,13696,4675,328,biscoito,fc3f31c87b,16.3490
58,0,2500,0.655259,0.241144,13691,4663,322,biscoito,ea67fc0bd2,20.5701
58,1,2500,0.655259,0.241144,13691,4663,322,biscoito,ea67fc0bd2,20.5701
58,3,2500,0.655259,0.241144,13691,4663,322,biscoito,ea67fc0bd2,20.5701
58,4,2500,0.655259,0.241144,13691,4663,322,biscoito,ea67fc0bd2,20.5701
58,5,2500,0.655259,0.241144,13691,4663,322,biscoito,ea67fc0bd2,20.5701
58,6,2500,0.655259,0.241144,13691,4663,322,biscoito,ea67fc0bd2,20.5701
58,7,2500,0.655259,0.241144,13691,4663,322,biscoito,ea67fc0bd2,20.5701
58,8,2500,0.655259,0.241144,13691,4663,322,biscoito,ea67fc0bd2,20.5701
58,10,2500,0.655259,0.241144,13691,4663,322,biscoito,ea67fc0bd2,20.5701
58,11,2500,0.655259,0.241144,13691,4663,322,biscoito,ea67fc0bd2,20.5701
58,12,2500,0.655259,0.241144,13691,4663,322,biscoito,ea67fc0bd2,20.5701
58,13,2500,0.655259,0.241144,13691,4663,322,biscoito,ea67fc0bd2,20.5701
58,14,2500,0.655259,0.241144,13691,4663,322,biscoito,ea67fc0bd2,20.5701
58,15,2500,0.655259,0.241144,13691,4663,322,biscoito,ea67fc0bd2,20.5701
58,16,2500,0.655259,0.241144,13691,4663,322,biscoito,ea67fc0bd2,20.5701
58,17,2500,0.655259,0.241144,13691,4663,322,biscoito,ea67fc0bd2,20.5701
58,19,2500,0.655259,0.241144,13691,4663,322,biscoito,ea67fc0bd2,20.5701
58,2,2500,0.664019,0.256399,13702,4657,333,biscoito,cf72d2e4d4,15.3186
58,9,2500,0.656941,0.250222,13713,4642,332,biscoito,d8ab23ce86,15.1879
58,18,2500,0.662073,0.257012,13712,4661,330,biscoito,b1b73ba6d6,14.9818
59,0,2500,0.655259,0.241144,13691,4663,322,biscoito,ea67fc0bd2,20.5701
59,1,2500,0.655259,0.241144,13691,4663,322,biscoito,ea67fc0bd2,20.5701
59,2,2500,0.655259,0.241144,13691,4663,322,biscoito,ea67fc0bd2,20.5701
59,4,2500,0.655259,0.241144,13691,4663,322,biscoito,ea67fc0bd2,20.5701
59,5,2500,0.655259,0.241144,13691,4663,322,biscoito,ea67fc0bd2,20.5701
59,7,2500,0.655259,0.241144,13691,4663,322,biscoito,ea67fc0bd2,20.5701
59,9,2500,0.655259,0.241144,13691,4663,322,biscoito,ea67fc0bd2,20.5701
59,10,2500,0.655259,0.241144,13691,4663,322,biscoito,ea67fc0bd2,20.5701
59,11,2500,0.655259,0.241144,13691,4663,322,biscoito,ea67fc0bd2,20.5701
59,12,2500,0.655259,0.241144,13691,4663,322,biscoito,ea67fc0bd2,20.5701
59,13,2500,0.655259,0.241144,13691,4663,322,biscoito,ea67fc0bd2,20.5701
59,14,2500,0.655259,0.241144,13691,4663,322,biscoito,ea67fc0bd2,20.5701
59,15,2500,0.655259,0.241144,13691,4663,322,biscoito,ea67fc0bd2,20.5701
59,16,2500,0.655259,0.241144,13691,4663,322,biscoito,ea67fc0bd2,20.5701
59,18,2500,0.655259,0.241144,13691,4663,322,biscoito,ea67fc0bd2,20.5701
59,19,2500,0.655259,0.241144,13691,4663,322,biscoito,ea67fc0bd2,20.5701
59,3,2500,0.657883,0.249661,13713,4694,330,biscoito,b098a0ef92,16.5447
59,6,2500,0.657189,0.248715,13706,4699,325,biscoito,1ae3496d77,16.3541
59,8,2500,0.655339,0.248477,13688,4663,331,biscoito,17632af8c8,16.4995
59,17,2500,0.661682,0.253448,13696,4656,330,biscoito,f2bb2bff3e,16.2248
60,0,2500,0.655259,0.241144,13691,4663,322,biscoito,ea67fc0bd2,20.5701
60,1,2500,0.655259,0.241144,13691,4663,322,biscoito,ea67fc0bd2,20.5701
60,3,2500,0.655259,0.241144,13691,4663,322,biscoito,ea67fc0bd2,20.5701
60,5,2500,0.655259,0.241144,13691,4663,322,biscoito,ea67fc0bd2,20.5701
60,6,2500,0.655259,0.241144,13691,4663,322,biscoito,ea67fc0bd2,20.5701
60,7,2500,0.655259,0.241144,13691,4663,322,biscoito,ea67fc0bd2,20.5701
60,8,2500,0.655259,0.241144,13691,4663,322,biscoito,ea67fc0bd2,20.5701
60,9,2500,0.655259,0.241144,13691,4663,322,biscoito,ea67fc0bd2,20.5701
60,10,2500,0.655259,0.241144,13691,4663,322,biscoito,ea67fc0bd2,20.5701
60,12,2500,0.655259,0.241144,13691,4663,322,biscoito,ea67fc0bd2,20.5701
60,13,2500,0.655259,0.241144,13691,4663,322,biscoito,ea67fc0bd2,20.5701
60,14,2500,0.655259,0.241144,13691,4663,322,biscoito,ea67fc0bd2,20.5701
60,15,2500,0.655259,0.241144,13691,4663,322,biscoito,ea67fc0bd2,20.5701
60,16,2500,0.655259,0.241144,13691,4663,322,biscoito,ea67fc0bd2,20.5701
60,17,2500,0.655259,0.241144,13691,4663,322,biscoito,ea67fc0bd2,20.5701
60,18,2500,0.655259,0.241144,13691,4663,322,biscoito,ea67fc0bd2,20.5701
60,19,2500,0.655259,0.241144,13691,4663,322,biscoito,ea67fc0bd2,20.5701
60,2,2500,0.660208,0.252967,13727,4682,330,biscoito,0a4f6570dd,14.3085
60,4,2500,0.662960,0.252826,13683,4643,333,biscoito,0d8b8ba56b,14.2243
60,11,2500,0.656106,0.249903,13696,4666,327,biscoito,c1bd517b66,14.1010
61,0,2500,0.655259,0.241144,13691,4663,322,biscoito,ea67fc0bd2,20.5701
61,1,2500,0.655259,0.241144,13691,4663,322,biscoito,ea67fc0bd2,20.5701
61,3,2500,0.655259,0.241144,13691,4663,322,biscoito,ea67fc0bd2,20.5701
61,4,2500,0.655259,0.241144,13691,4663,322,biscoito,ea67fc0bd2,20.5701
61,5,2500,0.655259,0.241144,13691,4663,322,biscoito,ea67fc0bd2,20.5701
61,6,2500,0.655259,0.241144,13691,4663,322,biscoito,ea67fc0bd2,20.5701
61,7,2500,0.655259,0.241144,13691,4663,322,biscoito,ea67fc0bd2,20.5701
61,8,2500,0.655259,0.241144,13691,4663,322,biscoito,ea67fc0bd2,20.5701
61,9,2500,0.655259,0.241144,13691,4663,322,biscoito,ea67fc0bd2,20.5701
61,10,2500,0.655259,0.241144,13691,4663,322,biscoito,ea67fc0bd2,20.5701
61,11,2500,0.655259,0.241144,13691,4663,322,biscoito,ea67fc0bd2,20.5701
61,14,2500,0.655259,0.241144,13691,4663,322,biscoito,ea67fc0bd2,20.5701
61,15,2500,0.655259,0.241144,13691,4663,322,biscoito,ea67fc0bd2,20.5701
61,16,2500,0.655259,0.241144,13691,4663,322,biscoito,ea67fc0bd2,20.5701
61,17,2500,0.655259,0.241144,13691,4663,322,biscoito,ea67fc0bd2,20.5701
61,18,2500,0.655259,0.241144,13691,4663,322,biscoito,ea67fc0bd2,20.5701
61,19,2500,0.655259,0.241144,13691,4663,322,biscoito,ea67fc0bd2,20.5701
61,2,2500,0.665776,0.254751,13675,4669,325,biscoito,ff70cc34d7,16.6238
61,12,2500,0.656030,0.250665,13678,4642,330,biscoito,65d62000b4,15.7748
61,13,2500,0.663455,0.252328,13703,4623,327,biscoito,4b0e0fe7c3,15.5133
62,0,2500,0.655259,0.241144,13691,4663,322,biscoito,ea67fc0bd2,20.5701
62,2,2500,0.655259,0.241144,13691,4663,322,biscoito,ea67fc0bd2,20.5701
62,3,2500,0.655259,0.241144,13691,4663,322,biscoito,ea67fc0bd2,20.5701
62,4,2500,0.655259,0.241144,13691,4663,322,biscoito,ea67fc0bd2,20.5701
62,6,2500,0.655259,0.241144,13691,4663,322,biscoito,ea67fc0bd2,20.5701
62,7,2500,0.655259,0.241144,13691,4663,322,biscoito,ea67fc0bd2,20.5701
62,9,2500,0.655259,0.241144,13691,4663,322,biscoito,ea67fc0bd2,20.5701
62,11,2500,0.655259,0.241144,13691,4663,322,biscoito,ea67fc0bd2,20.5701
62,12,2500,0.655259,0.241144,13691,4663,322,biscoito,ea67fc0bd2,20.5701
62,13,2500,0.655259,0.241144,13691,4663,322,biscoito,ea67fc0bd2,20.5701
62,14,2500,0.655259,0.241144,13691,4663,322,biscoito,ea67fc0bd2,20.5701
62,16,2500,0.655259,0.241144,13691,4663,322,biscoito,ea67fc0bd2,20.5701
62,17,2500,0.655259,0.241144,13691,4663,322,biscoito,ea67fc0bd2,20.5701
62,18,2500,0.655259,0.241144,13691,4663,322,biscoito,ea67fc0bd2,20.5701
62,19,2500,0.655259,0.241144,13691,4663,322,biscoito,ea67fc0bd2,20.5701
62,1,2500,0.652144,0.248143,13729,4665,330,biscoito,95ef322749,19.6550
62,5,2500,0.658990,0.248413,13694,4657,324,biscoito,082bfac494,19.8494
62,8,2500,0.662593,0.255338,13682,4612,330,biscoito,d9ecba06b6,19.5779
62,10,2500,0.655811,0.245926,13686,4697,320,biscoito,346eb5ccff,19.5109
62,15,2500,0.659537,0.249792,13680,4650,327,biscoito,62403f695f,19.3214
63,0,2500,0.655259,0.241144,13691,4663,322,biscoito,ea67fc0bd2,20.5701
63,1,2500,0.655259,0.241144,13691,4663,322,biscoito,ea67fc0bd2,20.5701
63,2,2500,0.655259,0.241144,13691,4663,322,biscoito,ea67fc0bd2,20.5701
63,3,2500,0.655259,0.241144,13691,4663,322,biscoito,ea67fc0bd2,20.5701
63,6,2500,0.655259,0.241144,13691,4663,322,biscoito,ea67fc0bd2,20.5701
63,8,2500,0.655259,0.241144,13691,4663,322,biscoito,ea67fc0bd2,20.5701
63,9,2500,0.655259,0.241144,13691,4663,322,biscoito,ea67fc0bd2,20.5701
63,10,2500,0.655259,0.241144,13691,4663,322,biscoito,ea67fc0bd2,20.5701
63,11,2500,0.655259,0.241144,13691,4663,322,biscoito,ea67fc0bd2,20.5701
63,12,2500,0.655259,0.241144,13691,4663,322,biscoito,ea67fc0bd2,20.5701
63,13,2500,0.655259,0.241144,13691,4663,322,biscoito,ea67fc0bd2,20.5701
63,14,2500,0.655259,0.241144,13691,4663,322,biscoito,ea67fc0bd2,20.5701
63,15,2500,0.655259,0.241144,13691,4663,322,biscoito,ea67fc0bd2,20.5701
63,17,2500,0.655259,0.241144,13691,4663,322,biscoito,ea67fc0bd2,20.5701
63,18,2500,0.655259,0.241144,13691,4663,322,biscoito,ea67fc0bd2,20.5701
63,4,2500,0.662197,0.249599,13675,4632,320,biscoito,5f4ef45140,19.2668
63,5,2500,0.657161,0.249657,13687,4665,326,biscoito,c8953429b2,19.2513
63,7,2500,0.663911,0.251033,13714,4661,324,biscoito,9a47e056a8,19.2144
63,16,2500,0.662313,0.252782,13635,4675,329,biscoito,3d0162d91b,19.2018
63,19,2500,0.665996,0.252724,13711,4679,326,biscoito,3f0876796b,19.0025
64,0,2500,0.655259,0.241144,13691,4663,322,biscoito,ea67fc0bd2,20.5701
64,1,2500,0.655259,0.241144,13691,4663,322,biscoito,ea67fc0bd2,20.5701
64,2,2500,0.655259,0.241144,13691,4663,322,biscoito,ea67fc0bd2,20.5701
64,3,2500,0.655259,0.241144,13691,4663,322,biscoito,ea67fc0bd2,20.5701
64,4,2500,0.655259,0.241144,13691,4663,322,biscoito,ea67fc0bd2,20.5701
64,5,2500,0.655259,0.241144,13691,4663,322,biscoito,ea67fc0bd2,20.5701
64,6,2500,0.655259,0.241144,13691,4663,322,biscoito,ea67fc0bd2,20.5701
64,7,2500,0.655259,0.241144,13691,4663,322,biscoito,ea67fc0bd2,20.5701
64,8,2500,0.655259,0.241144,13691,4663,322,biscoito,ea67fc0bd2,20.5701
64,9,2500,0.655259,0.241144,13691,4663,322,biscoito,ea67fc0bd2,20.5701
64,10,2500,0.655259,0.241144,13691,4663,322,biscoito,ea67fc0bd2,20.5701
64,11,2500,0.655259,0.241144,13691,4663,322,biscoito,ea67fc0bd2,20.5701
64,12,2500,0.655259,0.241144,13691,4663,322,biscoito,ea67fc0bd2,20.5701
64,13,2500,0.655259,0.241144,13691,4663,322,biscoito,ea67fc0bd2,20.5701
64,14,2500,0.655259,0.241144,13691,4663,322,biscoito,ea67fc0bd2,20.5701
64,16,2500,0.655259,0.241144,13691,4663,322,biscoito,ea67fc0bd2,20.5701
64,17,2500,0.655259,0.241144,13691,4663,322,biscoito,ea67fc0bd2,20.5701
64,18,2500,0.655259,0.241144,13691,4663,322,biscoito,ea67fc0bd2,20.5701
64,19,2500,0.655259,0.241144,13691,4663,322,biscoito,ea67fc0bd2,20.5701
64,15,2500,0.658934,0.258828,13650,4625,337,biscoito,1e5793501a,11.1341
65,0,2500,0.655259,0.241144,13691,4663,322,biscoito,ea67fc0bd2,20.5701
65,1,2500,0.655259,0.241144,13691,4663,322,biscoito,ea67fc0bd2,20.5701
65,2,2500,0.655259,0.241144,13691,4663,322,biscoito,ea67fc0bd2,20.5701
65,4,2500,0.655259,0.241144,13691,4663,322,biscoito,ea67fc0bd2,20.5701
65,5,2500,0.655259,0.241144,13691,4663,322,biscoito,ea67fc0bd2,20.5701
65,6,2500,0.655259,0.241144,13691,4663,322,biscoito,ea67fc0bd2,20.5701
65,7,2500,0.655259,0.241144,13691,4663,322,biscoito,ea67fc0bd2,20.5701
65,8,2500,0.655259,0.241144,13691,4663,322,biscoito,ea67fc0bd2,20.5701
65,9,2500,0.655259,0.241144,13691,4663,322,biscoito,ea67fc0bd2,20.5701
65,10,2500,0.655259,0.241144,13691,4663,322,biscoito,ea67fc0bd2,20.5701
65,12,2500,0.655259,0.241144,13691,4663,322,biscoito,ea67fc0bd2,20.5701
65,13,2500,0.655259,0.241144,13691,4663,322,biscoito,ea67fc0bd2,20.5701
65,14,2500,0.655259,0.241144,13691,4663,322,biscoito,ea67fc0bd2,20.5701
65,16,2500,0.655259,0.241144,13691,4663,322,biscoito,ea67fc0bd2,20.5701
65,17,2500,0.655259,0.241144,13691,4663,322,biscoito,ea67fc0bd2,20.5701
65,18,2500,0.655259,0.241144,13691,4663,322,biscoito,ea67fc0bd2,20.5701
65,19,2500,0.655259,0.241144,13691,4663,322,biscoito,ea67fc0bd2,20.5701
65,3,2500,0.658682,0.257268,13708,4655,336,biscoito,107f6ac651,15.8371
65,11,2500,0.659625,0.254938,13733,4693,337,biscoito,90d8f78354,15.8615
65,15,2500,0.661618,0.251894,13748,4698,333,biscoito,c7939e5371,15.5687
66,0,2500,0.655259,0.241144,13691,4663,322,biscoito,ea67fc0bd2,20.5701
66,1,2500,0.655259,0.241144,13691,4663,322,biscoito,ea67fc0bd2,20.5701
66,2,2500,0.655259,0.241144,13691,4663,322,biscoito,ea67fc0bd2,20.5701
66,3,2500,0.655259,0.241144,13691,4663,322,biscoito,ea67fc0bd2,20.5701
66,4,2500,0.655259,0.241144,13691,4663,322,biscoito,ea67fc0bd2,20.5701
66,5,2500,0.655259,0.241144,13691,4663,322,biscoito,ea67fc0bd2,20.5701
66,6,2500,0.655259,0.241144,13691,4663,322,biscoito,ea67fc0bd2,20.5701
66,7,2500,0.655259,0.241144,13691,4663,322,biscoito,ea67fc0bd2,20.5701
66,9,2500,0.655259,0.241144,13691,4663,322,biscoito,ea67fc0bd2,20.5701
66,10,2500,0.655259,0.241144,13691,4663,322,biscoito,ea67fc0bd2,20.5701
66,11,2500,0.655259,0.241144,13691,4663,322,biscoito,ea67fc0bd2,20.5701
66,12,2500,0.655259,0.241144,13691,4663,322,biscoito,ea67fc0bd2,20.5701
66,13,2500,0.655259,0.241144,13691,4663,322,biscoito,ea67fc0bd2,20.5701
66,14,2500,0.655259,0.241144,13691,4663,322,biscoito,ea67fc0bd2,20.5701
66,16,2500,0.655259,0.241144,13691,4663,322,biscoito,ea67fc0bd2,20.5701
66,17,2500,0.655259,0.241144,13691,4663,322,biscoito,ea67fc0bd2,20.5701
66,18,2500,0.655259,0.241144,13691,4663,322,biscoito,ea67fc0bd2,20.5701
66,19,2500,0.655259,0.241144,13691,4663,322,biscoito,ea67fc0bd2,20.5701
66,8,2500,0.652723,0.255802,13655,4618,332,biscoito,91bfa654f8,14.1591
66,15,2500,0.658618,0.252406,13703,4664,329,biscoito,1050f5d82a,14.2073
67,0,2500,0.655259,0.241144,13691,4663,322,biscoito,ea67fc0bd2,20.5701
67,1,2500,0.655259,0.241144,13691,4663,322,biscoito,ea67fc0bd2,20.5701
67,2,2500,0.655259,0.241144,13691,4663,322,biscoito,ea67fc0bd2,20.5701
67,4,2500,0.655259,0.241144,13691,4663,322,biscoito,ea67fc0bd2,20.5701
67,5,2500,0.655259,0.241144,13691,4663,322,biscoito,ea67fc0bd2,20.5701
67,6,2500,0.655259,0.241144,13691,4663,322,biscoito,ea67fc0bd2,20.5701
67,7,2500,0.655259,0.241144,13691,4663,322,biscoito,ea67fc0bd2,20.5701
67,8,2500,0.655259,0.241144,13691,4663,322,biscoito,ea67fc0bd2,20.5701
67,9,2500,0.655259,0.241144,13691,4663,322,biscoito,ea67fc0bd2,20.5701
67,10,2500,0.655259,0.241144,13691,4663,322,biscoito,ea67fc0bd2,20.5701
67,12,2500,0.655259,0.241144,13691,4663,322,biscoito,ea67fc0bd2,20.5701
67,15,2500,0.655259,0.241144,13691,4663,322,biscoito,ea67fc0bd2,20.5701
67,16,2500,0.655259,0.241144,13691,4663,322,biscoito,ea67fc0bd2,20.5701
67,17,2500,0.655259,0.241144,13691,4663,322,biscoito,ea67fc0bd2,20.5701
67,18,2500,0.655259,0.241144,13691,4663,322,biscoito,ea67fc0bd2,20.5701
67,19,2500,0.655259,0.241144,13691,4663,322,biscoito,ea67fc0bd2,20.5701
67,3,2500,0.660312,0.258457,13668,4658,330,biscoito,e05662845c,17.3727
67,11,2500,0.659857,0.251651,13685,4639,328,biscoito,116e6ee0cb,17.6310
67,13,2500,0.655715,0.252755,13639,4628,332,biscoito,5be23070c2,17.4747
67,14,2500,0.654728,0.250458,13679,4661,327,biscoito,64279152d0,17.4492
68,0,2500,0.655259,0.241144,13691,4663,322,biscoito,ea67fc0bd2,20.5701
68,1,2500,0.655259,0.241144,13691,4663,322,biscoito,ea67fc0bd2,20.5701
68,2,2500,0.655259,0.241144,13691,4663,322,biscoito,ea67fc0bd2,20.5701
68,3,2500,0.655259,0.241144,13691,4663,322,biscoito,ea67fc0bd2,20.5701
68,4,2500,0.655259,0.241144,13691,4663,322,biscoito,ea67fc0bd2,20.5701
68,5,2500,0.655259,0.241144,13691,4663,322,biscoito,ea67fc0bd2,20.5701
68,6,2500,0.655259,0.241144,13691,4663,322,biscoito,ea67fc0bd2,20.5701
68,8,2500,0.655259,0.241144,13691,4663,322,biscoito,ea67fc0bd2,20.5701
68,9,2500,0.655259,0.241144,13691,4663,322,biscoito,ea67fc0bd2,20.5701
68,11,2500,0.655259,0.241144,13691,4663,322,biscoito,ea67fc0bd2,20.5701
68,12,2500,0.655259,0.241144,13691,4663,322,biscoito,ea67fc0bd2,20.5701
68,13,2500,0.655259,0.241144,13691,4663,322,biscoito,ea67fc0bd2,20.5701
68,14,2500,0.655259,0.241144,13691,4663,322,biscoito,ea67fc0bd2,20.5701
68,15,2500,0.655259,0.241144,13691,4663,322,biscoito,ea67fc0bd2,20.5701
68,17,2500,0.655259,0.241144,13691,4663,322,biscoito,ea67fc0bd2,20.5701
68,18,2500,0.655259,0.241144,13691,4663,322,biscoito,ea67fc0bd2,20.5701
68,19,2500,0.655259,0.241144,13691,4663,322,biscoito,ea67fc0bd2,20.5701
68,7,2500,0.660124,0.249557,13671,4663,323,biscoito,65693ae1b0,14.6379
68,10,2500,0.652595,0.250200,13679,4639,330,biscoito,e7403e8bc6,15.5397
68,16,2500,0.657312,0.254642,13713,4639,329,biscoito,cddc207829,14.2082
69,0,2500,0.655259,0.241144,13691,4663,322,biscoito,ea67fc0bd2,20.5701
69,1,2500,0.655259,0.241144,13691,4663,322,biscoito,ea67fc0bd2,20.5701
69,3,2500,0.655259,0.241144,13691,4663,322,biscoito,ea67fc0bd2,20.5701
69,4,2500,0.655259,0.241144,13691,4663,322,biscoito,ea67fc0bd2,20.5701
69,6,2500,0.655259,0.241144,13691,4663,322,biscoito,ea67fc0bd2,20.5701
69,7,2500,0.655259,0.241144,13691,4663,322,biscoito,ea67fc0bd2,20.5701
69,8,2500,0.655259,0.241144,13691,4663,322,biscoito,ea67fc0bd2,20.5701
69,11,2500,0.655259,0.241144,13691,4663,322,biscoito,ea67fc0bd2,20.5701
69,12,2500,0.655259,0.241144,13691,4663,322,biscoito,ea67fc0bd2,20.5701
69,13,2500,0.655259,0.241144,13691,4663,322,biscoito,ea67fc0bd2,20.5701
69,14,2500,0.655259,0.241144,13691,4663,322,biscoito,ea67fc0bd2,20.5701
69,15,2500,0.655259,0.241144,13691,4663,322,biscoito,ea67fc0bd2,20.5701
69,16,2500,0.655259,0.241144,13691,4663,322,biscoito,ea67fc0bd2,20.5701
69,18,2500,0.655259,0.241144,13691,4663,322,biscoito,ea67fc0bd2,20.5701
69,19,2500,0.655259,0.241144,13691,4663,322,biscoito,ea67fc0bd2,20.5701
69,2,2500,0.661187,0.253969,13695,4659,326,biscoito,b133223196,19.1902
69,5,2500,0.663040,0.257889,13669,4664,336,biscoito,a6a3f3f6d1,18.4414
69,9,2500,0.659737,0.249310,13728,4640,327,biscoito,8fa267fbff,18.4951
69,10,2500,0.665660,0.258834,13690,4670,333,biscoito,1a05cd9951,18.5467
69,17,2500,0.663507,0.250900,13621,4610,326,biscoito,94990817c9,18.1974
70,0,2500,0.655259,0.241144,13691,4663,322,biscoito,ea67fc0bd2,20.5701
70,1,2500,0.655259,0.241144,13691,4663,322,biscoito,ea67fc0bd2,20.5701
70,2,2500,0.655259,0.241144,13691,4663,322,biscoito,ea67fc0bd2,20.5701
70,3,2500,0.655259,0.241144,13691,4663,322,biscoito,ea67fc0bd2,20.5701
70,4,2500,0.655259,0.241144,13691,4663,322,biscoito,ea67fc0bd2,20.5701
70,5,2500,0.655259,0.241144,13691,4663,322,biscoito,ea67fc0bd2,20.5701
70,6,2500,0.655259,0.241144,13691,4663,322,biscoito,ea67fc0bd2,20.5701
70,7,2500,0.655259,0.241144,13691,4663,322,biscoito,ea67fc0bd2,20.5701
70,9,2500,0.655259,0.241144,13691,4663,322,biscoito,ea67fc0bd2,20.5701
70,10,2500,0.655259,0.241144,13691,4663,322,biscoito,ea67fc0bd2,20.5701
70,11,2500,0.655259,0.241144,13691,4663,322,biscoito,ea67fc0bd2,20.5701
70,12,2500,0.655259,0.241144,13691,4663,322,biscoito,ea67fc0bd2,20.5701
70,13,2500,0.655259,0.241144,13691,4663,322,biscoito,ea67fc0bd2,20.5701
70,14,2500,0.655259,0.241144,13691,4663,322,biscoito,ea67fc0bd2,20.5701
70,15,2500,0.655259,0.241144,13691,4663,322,biscoito,ea67fc0bd2,20.5701
70,16,2500,0.655259,0.241144,13691,4663,322,biscoito,ea67fc0bd2,20.5701
70,17,2500,0.655259,0.241144,13691,4663,322,biscoito,ea67fc0bd2,20.5701
70,18,2500,0.655259,0.241144,13691,4663,322,biscoito,ea67fc0bd2,20.5701
70,19,2500,0.655259,0.241144,13691,4663,322,biscoito,ea67fc0bd2,20.5701
70,8,2500,0.662373,0.255182,13708,4677,328,biscoito,b6f4e08488,10.2638
71,0,2500,0.655259,0.241144,13691,4663,322,biscoito,ea67fc0bd2,20.5701
71,1,2500,0.655259,0.241144,13691,4663,322,biscoito,ea67fc0bd2,20.5701
71,2,2500,0.655259,0.241144,13691,4663,322,biscoito,ea67fc0bd2,20.5701
71,3,2500,0.655259,0.241144,13691,4663,322,biscoito,ea67fc0bd2,20.5701
71,4,2500,0.655259,0.241144,13691,4663,322,biscoito,ea67fc0bd2,20.5701
71,5,2500,0.655259,0.241144,13691,4663,322,biscoito,ea67fc0bd2,20.5701
71,7,2500,0.655259,0.241144,13691,4663,322,biscoito,ea67fc0bd2,20.5701
71,8,2500,0.655259,0.241144,13691,4663,322,biscoito,ea67fc0bd2,20.5701
71,9,2500,0.655259,0.241144,13691,4663,322,biscoito,ea67fc0bd2,20.5701
71,10,2500,0.655259,0.241144,13691,4663,322,biscoito,ea67fc0bd2,20.5701
71,12,2500,0.655259,0.241144,13691,4663,322,biscoito,ea67fc0bd2,20.5701
71,13,2500,0.655259,0.241144,13691,4663,322,biscoito,ea67fc0bd2,20.5701
71,14,2500,0.655259,0.241144,13691,4663,322,biscoito,ea67fc0bd2,20.5701
71,15,2500,0.655259,0.241144,13691,4663,322,biscoito,ea67fc0bd2,20.5701
71,16,2500,0.655259,0.241144,13691,4663,322,biscoito,ea67fc0bd2,20.5701
71,17,2500,0.655259,0.241144,13691,4663,322,biscoito,ea67fc0bd2,20.5701
71,18,2500,0.655259,0.241144,13691,4663,322,biscoito,ea67fc0bd2,20.5701
71,6,2500,0.657572,0.251095,13729,4631,327,biscoito,c3ca542a04,14.7351
71,11,2500,0.657596,0.250260,13710,4682,326,biscoito,04f4c8c1e0,14.6300
71,19,2500,0.668991,0.261191,13691,4657,332,biscoito,34ffc938ab,14.5475
72,0,2500,0.655259,0.241144,13691,4663,322,biscoito,ea67fc0bd2,20.5701
72,1,2500,0.655259,0.241144,13691,4663,322,biscoito,ea67fc0bd2,20.5701
72,2,2500,0.655259,0.241144,13691,4663,322,biscoito,ea67fc0bd2,20.5701
72,3,2500,0.655259,0.241144,13691,4663,322,biscoito,ea67fc0bd2,20.5701
72,4,2500,0.655259,0.241144,13691,4663,322,biscoito,ea67fc0bd2,20.5701
72,5,2500,0.655259,0.241144,13691,4663,322,biscoito,ea67fc0bd2,20.5701
72,7,2500,0.655259,0.241144,13691,4663,322,biscoito,ea67fc0bd2,20.5701
72,8,2500,0.655259,0.241144,13691,4663,322,biscoito,ea67fc0bd2,20.5701
72,10,2500,0.655259,0.241144,13691,4663,322,biscoito,ea67fc0bd2,20.5701
72,12,2500,0.655259,0.241144,13691,4663,322,biscoito,ea67fc0bd2,20.5701
72,13,2500,0.655259,0.241144,13691,4663,322,biscoito,ea67fc0bd2,20.5701
72,17,2500,0.655259,0.241144,13691,4663,322,biscoito,ea67fc0bd2,20.5701
72,18,2500,0.655259,0.241144,13691,4663,322,biscoito,ea67fc0bd2,20.5701
72,19,2500,0.655259,0.241144,13691,4663,322,biscoito,ea67fc0bd2,20.5701
72,6,2500,0.658826,0.252760,13728,4670,328,biscoito,f76caaaf6a,19.9829
72,9,2500,0.657943,0.251452,13698,4695,331,biscoito,2406a4815b,19.7964
72,11,2500,0.652216,0.249169,13638,4688,326,biscoito,488ed02865,19.8877
72,14,2500,0.658303,0.251147,13663,4660,328,biscoito,cdf9ac0a92,19.6163
72,15,2500,0.660212,0.252847,13660,4642,330,biscoito,87d5d7172f,19.6685
72,16,2500,0.657081,0.243732,13722,4629,326,biscoito,f9447ffc02,19.2483
73,0,2500,0.655259,0.241144,13691,4663,322,biscoito,ea67fc0bd2,20.5701
73,2,2500,0.655259,0.241144,13691,4663,322,biscoito,ea67fc0bd2,20.5701
73,3,2500,0.655259,0.241144,13691,4663,322,biscoito,ea67fc0bd2,20.5701
73,4,2500,0.655259,0.241144,13691,4663,322,biscoito,ea67fc0bd2,20.5701
73,7,2500,0.655259,0.241144,13691,4663,322,biscoito,ea67fc0bd2,20.5701
73,8,2500,0.655259,0.241144,13691,4663,322,biscoito,ea67fc0bd2,20.5701
73,9,2500,0.655259,0.241144,13691,4663,322,biscoito,ea67fc0bd2,20.5701
73,10,2500,0.655259,0.241144,13691,4663,322,biscoito,ea67fc0bd2,20.5701
73,11,2500,0.655259,0.241144,13691,4663,322,biscoito,ea67fc0bd2,20.5701
73,12,2500,0.655259,0.241144,13691,4663,322,biscoito,ea67fc0bd2,20.5701
73,14,2500,0.655259,0.241144,13691,4663,322,biscoito,ea67fc0bd2,20.5701
73,15,2500,0.655259,0.241144,13691,4663,322,biscoito,ea67fc0bd2,20.5701
73,16,2500,0.655259,0.241144,13691,4663,322,biscoito,ea67fc0bd2,20.5701
73,17,2500,0.655259,0.241144,13691,4663,322,biscoito,ea67fc0bd2,20.5701
73,18,2500,0.655259,0.241144,13691,4663,322,biscoito,ea67fc0bd2,20.5701
73,19,2500,0.655259,0.241144,13691,4663,322,biscoito,ea67fc0bd2,20.5701
73,1,2500,0.659421,0.253182,13700,4637,327,biscoito,34436c2d4d,16.4369
73,5,2500,0.655048,0.260180,13693,4647,341,biscoito,cf0b2c913e,16.4780
73,6,2500,0.660012,0.260462,13696,4669,340,biscoito,f168a0f698,16.3178
73,13,2500,0.653370,0.249191,13665,4671,326,biscoito,9d4290c6f6,16.2825
74,0,2500,0.655259,0.241144,13691,4663,322,biscoito,ea67fc0bd2,20.5701
74,2,2500,0.655259,0.241144,13691,4663,322,biscoito,ea67fc0bd2,20.5701
74,3,2500,0.655259,0.241144,13691,4663,322,biscoito,ea67fc0bd2,20.5701
74,4,2500,0.655259,0.241144,13691,4663,322,biscoito,ea67fc0bd2,20.5701
74,5,2500,0.655259,0.241144,13691,4663,322,biscoito,ea67fc0bd2,20.5701
74,6,2500,0.655259,0.241144,13691,4663,322,biscoito,ea67fc0bd2,20.5701
74,7,2500,0.655259,0.241144,13691,4663,322,biscoito,ea67fc0bd2,20.5701
74,8,2500,0.655259,0.241144,13691,4663,322,biscoito,ea67fc0bd2,20.5701
74,9,2500,0.655259,0.241144,13691,4663,322,biscoito,ea67fc0bd2,20.5701
74,10,2500,0.655259,0.241144,13691,4663,322,biscoito,ea67fc0bd2,20.5701
74,11,2500,0.655259,0.241144,13691,4663,322,biscoito,ea67fc0bd2,20.5701
74,12,2500,0.655259,0.241144,13691,4663,322,biscoito,ea67fc0bd2,20.5701
74,14,2500,0.655259,0.241144,13691,4663,322,biscoito,ea67fc0bd2,20.5701
74,15,2500,0.655259,0.241144,13691,4663,322,biscoito,ea67fc0bd2,20.5701
74,16,2500,0.655259,0.241144,13691,4663,322,biscoito,ea67fc0bd2,20.5701
74,17,2500,0.655259,0.241144,13691,4663,322,biscoito,ea67fc0bd2,20.5701
74,18,2500,0.655259,0.241144,13691,4663,322,biscoito,ea67fc0bd2,20.5701
74,1,2500,0.658658,0.249150,13730,4607,327,biscoito,53307da352,14.7457
74,13,2500,0.659449,0.246150,13693,4630,321,biscoito,bf700df544,14.6331
74,19,2500,0.656326,0.251882,13673,4639,327,biscoito,7d42d141e7,14.4995
75,0,2500,0.655259,0.241144,13691,4663,322,biscoito,ea67fc0bd2,20.5701
75,1,2500,0.655259,0.241144,13691,4663,322,biscoito,ea67fc0bd2,20.5701
75,2,2500,0.655259,0.241144,13691,4663,322,biscoito,ea67fc0bd2,20.5701
75,3,2500,0.655259,0.241144,13691,4663,322,biscoito,ea67fc0bd2,20.5701
75,4,2500,0.655259,0.241144,13691,4663,322,biscoito,ea67fc0bd2,20.5701
75,5,2500,0.655259,0.241144,13691,4663,322,biscoito,ea67fc0bd2,20.5701
75,7,2500,0.655259,0.241144,13691,4663,322,biscoito,ea67fc0bd2,20.5701
75,8,2500,0.655259,0.241144,13691,4663,322,biscoito,ea67fc0bd2,20.5701
75,12,2500,0.655259,0.241144,13691,4663,322,biscoito,ea67fc0bd2,20.5701
75,13,2500,0.655259,0.241144,13691,4663,322,biscoito,ea67fc0bd2,20.5701
75,14,2500,0.655259,0.241144,13691,4663,322,biscoito,ea67fc0bd2,20.5701
75,15,2500,0.655259,0.241144,13691,4663,322,biscoito,ea67fc0bd2,20.5701
75,16,2500,0.655259,0.241144,13691,4663,322,biscoito,ea67fc0bd2,20.5701
75,17,2500,0.655259,0.241144,13691,4663,322,biscoito,ea67fc0bd2,20.5701
75,18,2500,0.655259,0.241144,13691,4663,322,biscoito,ea67fc0bd2,20.5701
75,19,2500,0.655259,0.241144,13691,4663,322,biscoito,ea67fc0bd2,20.5701
75,6,2500,0.652399,0.248544,13703,4664,322,biscoito,aa8b144429,16.4995
75,9,2500,0.662764,0.250652,13714,4654,325,biscoito,fce9408c0f,16.5775
75,10,2500,0.661846,0.254646,13687,4624,321,biscoito,4be99d77eb,16.4988
75,11,2500,0.660296,0.254927,13706,4675,330,biscoito,6c79a4f264,16.2159
76,0,2500,0.655259,0.241144,13691,4663,322,biscoito,ea67fc0bd2,20.5701
76,1,2500,0.655259,0.241144,13691,4663,322,biscoito,ea67fc0bd2,20.5701
76,2,2500,0.655259,0.241144,13691,4663,322,biscoito,ea67fc0bd2,20.5701
76,3,2500,0.655259,0.241144,13691,4663,322,biscoito,ea67fc0bd2,20.5701
76,6,2500,0.655259,0.241144,13691,4663,322,biscoito,ea67fc0bd2,20.5701
76,7,2500,0.655259,0.241144,13691,4663,322,biscoito,ea67fc0bd2,20.5701
76,8,2500,0.655259,0.241144,13691,4663,322,biscoito,ea67fc0bd2,20.5701
76,9,2500,0.655259,0.241144,13691,4663,322,biscoito,ea67fc0bd2,20.5701
76,10,2500,0.655259,0.241144,13691,4663,322,biscoito,ea67fc0bd2,20.5701
76,11,2500,0.655259,0.241144,13691,4663,322,biscoito,ea67fc0bd2,20.5701
76,12,2500,0.655259,0.241144,13691,4663,322,biscoito,ea67fc0bd2,20.5701
76,15,2500,0.655259,0.241144,13691,4663,322,biscoito,ea67fc0bd2,20.5701
76,16,2500,0.655259,0.241144,13691,4663,322,biscoito,ea67fc0bd2,20.5701
76,4,2500,0.659917,0.252025,13701,4632,327,biscoito,da2f099f0c,20.6341
76,5,2500,0.657632,0.257274,13677,4674,331,biscoito,11c656508f,20.7975
76,13,2500,0.662305,0.252839,13721,4661,325,biscoito,3cbde401ed,20.6774
76,14,2500,0.666659,0.255966,13674,4603,326,biscoito,ce0885b427,20.6711
76,17,2500,0.661430,0.250105,13728,4640,330,biscoito,88e4b1cf95,20.2026
76,18,2500,0.656490,0.253135,13660,4636,328,biscoito,ca8c91dcdf,19.8073
76,19,2500,0.661530,0.253782,13682,4671,329,biscoito,f4fe38ae23,20.0784
77,0,2500,0.655259,0.241144,13691,4663,322,biscoito,ea67fc0bd2,20.5701
77,1,2500,0.655259,0.241144,13691,4663,322,biscoito,ea67fc0bd2,20.5701
77,2,2500,0.655259,0.241144,13691,4663,322,biscoito,ea67fc0bd2,20.5701
77,3,2500,0.655259,0.241144,13691,4663,322,biscoito,ea67fc0bd2,20.5701
77,5,2500,0.655259,0.241144,13691,4663,322,biscoito,ea67fc0bd2,20.5701
77,6,2500,0.655259,0.241144,13691,4663,322,biscoito,ea67fc0bd2,20.5701
77,9,2500,0.655259,0.241144,13691,4663,322,biscoito,ea67fc0bd2,20.5701
77,10,2500,0.655259,0.241144,13691,4663,322,biscoito,ea67fc0bd2,20.5701
77,12,2500,0.655259,0.241144,13691,4663,322,biscoito,ea67fc0bd2,20.5701
77,13,2500,0.655259,0.241144,13691,4663,322,biscoito,ea67fc0bd2,20.5701
77,14,2500,0.655259,0.241144,13691,4663,322,biscoito,ea67fc0bd2,20.5701
77,16,2500,0.655259,0.241144,13691,4663,322,biscoito,ea67fc0bd2,20.5701
77,17,2500,0.655259,0.241144,13691,4663,322,biscoito,ea67fc0bd2,20.5701
77,18,2500,0.655259,0.241144,13691,4663,322,biscoito,ea67fc0bd2,20.5701
77,19,2500,0.655259,0.241144,13691,4663,322,biscoito,ea67fc0bd2,20.5701
77,4,2500,0.658455,0.252413,13711,4678,321,biscoito,fcd38ef68c,18.6536
77,7,2500,0.652144,0.249515,13675,4637,323,biscoito,6a2b1072b0,18.6534
77,8,2500,0.660544,0.259952,13617,4624,336,biscoito,7984421287,18.6847
77,11,2500,0.657456,0.250245,13703,4673,327,biscoito,ebe03c3549,18.4016
77,15,2500,0.658363,0.249462,13710,4673,331,biscoito,db3b679209,18.4290
78,0,2500,0.655259,0.241144,13691,4663,322,biscoito,ea67fc0bd2,20.5701
78,1,2500,0.655259,0.241144,13691,4663,322,biscoito,ea67fc0bd2,20.5701
78,3,2500,0.655259,0.241144,13691,4663,322,biscoito,ea67fc0bd2,20.5701
78,4,2500,0.655259,0.241144,13691,4663,322,biscoito,ea67fc0bd2,20.5701
78,5,2500,0.655259,0.241144,13691,4663,322,biscoito,ea67fc0bd2,20.5701
78,7,2500,0.655259,0.241144,13691,4663,322,biscoito,ea67fc0bd2,20.5701
78,8,2500,0.655259,0.241144,13691,4663,322,biscoito,ea67fc0bd2,20.5701
78,9,2500,0.655259,0.241144,13691,4663,322,biscoito,ea67fc0bd2,20.5701
78,10,2500,0.655259,0.241144,13691,4663,322,biscoito,ea67fc0bd2,20.5701
78,11,2500,0.655259,0.241144,13691,4663,322,biscoito,ea67fc0bd2,20.5701
78,12,2500,0.655259,0.241144,13691,4663,322,biscoito,ea67fc0bd2,20.5701
78,13,2500,0.655259,0.241144,13691,4663,322,biscoito,ea67fc0bd2,20.5701
78,14,2500,0.655259,0.241144,13691,4663,322,biscoito,ea67fc0bd2,20.5701
78,15,2500,0.655259,0.241144,13691,4663,322,biscoito,ea67fc0bd2,20.5701
78,16,2500,0.655259,0.241144,13691,4663,322,biscoito,ea67fc0bd2,20.5701
78,19,2500,0.655259,0.241144,13691,4663,322,biscoito,ea67fc0bd2,20.5701
78,2,2500,0.663204,0.252332,13697,4657,325,biscoito,b5f533fb14,16.2994
78,6,2500,0.655136,0.248323,13704,4639,326,biscoito,eae873828e,16.3287
78,17,2500,0.659257,0.253880,13695,4687,327,biscoito,b811d7b695,16.2116
78,18,2500,0.660959,0.252600,13696,4677,328,biscoito,5fbcbea3e8,16.1932
79,0,2500,0.655259,0.241144,13691,4663,322,biscoito,ea67fc0bd2,20.5701
79,2,2500,0.655259,0.241144,13691,4663,322,biscoito,ea67fc0bd2,20.5701
79,3,2500,0.655259,0.241144,13691,4663,322,biscoito,ea67fc0bd2,20.5701
79,4,2500,0.655259,0.241144,13691,4663,322,biscoito,ea67fc0bd2,20.5701
79,5,2500,0.655259,0.241144,13691,4663,322,biscoito,ea67fc0bd2,20.5701
79,6,2500,0.655259,0.241144,13691,4663,322,biscoito,ea67fc0bd2,20.5701
79,7,2500,0.655259,0.241144,13691,4663,322,biscoito,ea67fc0bd2,20.5701
79,8,2500,0.655259,0.241144,13691,4663,322,biscoito,ea67fc0bd2,20.5701
79,9,2500,0.655259,0.241144,13691,4663,322,biscoito,ea67fc0bd2,20.5701
79,10,2500,0.655259,0.241144,13691,4663,322,biscoito,ea67fc0bd2,20.5701
79,12,2500,0.655259,0.241144,13691,4663,322,biscoito,ea67fc0bd2,20.5701
79,13,2500,0.655259,0.241144,13691,4663,322,biscoito,ea67fc0bd2,20.5701
79,14,2500,0.655259,0.241144,13691,4663,322,biscoito,ea67fc0bd2,20.5701
79,15,2500,0.655259,0.241144,13691,4663,322,biscoito,ea67fc0bd2,20.5701
79,16,2500,0.655259,0.241144,13691,4663,322,biscoito,ea67fc0bd2,20.5701
79,17,2500,0.655259,0.241144,13691,4663,322,biscoito,ea67fc0bd2,20.5701
79,18,2500,0.655259,0.241144,13691,4663,322,biscoito,ea67fc0bd2,20.5701
79,1,2500,0.657648,0.254485,13664,4646,333,biscoito,3851dcd253,14.3806
79,11,2500,0.668340,0.255464,13680,4673,327,biscoito,2215689858,14.2289
79,19,2500,0.656150,0.250709,13659,4661,328,biscoito,6024cd97b4,14.0760
80,0,2500,0.655259,0.241144,13691,4663,322,biscoito,ea67fc0bd2,20.5701
80,4,2500,0.655259,0.241144,13691,4663,322,biscoito,ea67fc0bd2,20.5701
80,5,2500,0.655259,0.241144,13691,4663,322,biscoito,ea67fc0bd2,20.5701
80,6,2500,0.655259,0.241144,13691,4663,322,biscoito,ea67fc0bd2,20.5701
80,7,2500,0.655259,0.241144,13691,4663,322,biscoito,ea67fc0bd2,20.5701
80,8,2500,0.655259,0.241144,13691,4663,322,biscoito,ea67fc0bd2,20.5701
80,9,2500,0.655259,0.241144,13691,4663,322,biscoito,ea67fc0bd2,20.5701
80,10,2500,0.655259,0.241144,13691,4663,322,biscoito,ea67fc0bd2,20.5701
80,11,2500,0.655259,0.241144,13691,4663,322,biscoito,ea67fc0bd2,20.5701
80,13,2500,0.655259,0.241144,13691,4663,322,biscoito,ea67fc0bd2,20.5701
80,14,2500,0.655259,0.241144,13691,4663,322,biscoito,ea67fc0bd2,20.5701
80,15,2500,0.655259,0.241144,13691,4663,322,biscoito,ea67fc0bd2,20.5701
80,17,2500,0.655259,0.241144,13691,4663,322,biscoito,ea67fc0bd2,20.5701
80,18,2500,0.655259,0.241144,13691,4663,322,biscoito,ea67fc0bd2,20.5701
80,19,2500,0.655259,0.241144,13691,4663,322,biscoito,ea67fc0bd2,20.5701
80,1,2500,0.659437,0.252739,13718,4698,331,biscoito,90b24a2afc,19.6253
80,2,2500,0.666275,0.259739,13692,4635,327,biscoito,bb0b65c7e9,19.3507
80,3,2500,0.659781,0.247442,13722,4678,330,biscoito,0dcb411f91,19.4664
80,12,2500,0.656665,0.245252,13716,4647,319,biscoito,b686a44181,19.4425
80,16,2500,0.656997,0.249469,13750,4667,325,biscoito,7a58584fc6,20.3958
81,0,2500,0.655259,0.241144,13691,4663,322,biscoito,ea67fc0bd2,20.5701
81,1,2500,0.655259,0.241144,13691,4663,322,biscoito,ea67fc0bd2,20.5701
81,2,2500,0.655259,0.241144,13691,4663,322,biscoito,ea67fc0bd2,20.5701
81,3,2500,0.655259,0.241144,13691,4663,322,biscoito,ea67fc0bd2,20.5701
81,4,2500,0.655259,0.241144,13691,4663,322,biscoito,ea67fc0bd2,20.5701
81,5,2500,0.655259,0.241144,13691,4663,322,biscoito,ea67fc0bd2,20.5701
81,6,2500,0.655259,0.241144,13691,4663,322,biscoito,ea67fc0bd2,20.5701
81,7,2500,0.655259,0.241144,13691,4663,322,biscoito,ea67fc0bd2,20.5701
81,8,2500,0.655259,0.241144,13691,4663,322,biscoito,ea67fc0bd2,20.5701
81,9,2500,0.655259,0.241144,13691,4663,322,biscoito,ea67fc0bd2,20.5701
81,10,2500,0.655259,0.241144,13691,4663,322,biscoito,ea67fc0bd2,20.5701
81,11,2500,0.655259,0.241144,13691,4663,322,biscoito,ea67fc0bd2,20.5701
81,12,2500,0.655259,0.241144,13691,4663,322,biscoito,ea67fc0bd2,20.5701
81,13,2500,0.655259,0.241144,13691,4663,322,biscoito,ea67fc0bd2,20.5701
81,14,2500,0.655259,0.241144,13691,4663,322,biscoito,ea67fc0bd2,20.5701
81,15,2500,0.655259,0.241144,13691,4663,322,biscoito,ea67fc0bd2,20.5701
81,17,2500,0.655259,0.241144,13691,4663,322,biscoito,ea67fc0bd2,20.5701
81,18,2500,0.655259,0.241144,13691,4663,322,biscoito,ea67fc0bd2,20.5701
81,16,2500,0.658834,0.247963,13691,4703,325,biscoito,276fb20388,14.9385
81,19,2500,0.655775,0.244682,13693,4668,322,biscoito,8bc2cc400a,14.8917
82,0,2500,0.655259,0.241144,13691,4663,322,biscoito,ea67fc0bd2,20.5701
82,1,2500,0.655259,0.241144,13691,4663,322,biscoito,ea67fc0bd2,20.5701
82,2,2500,0.655259,0.241144,13691,4663,322,biscoito,ea67fc0bd2,20.5701
82,3,2500,0.655259,0.241144,13691,4663,322,biscoito,ea67fc0bd2,20.5701
82,4,2500,0.655259,0.241144,13691,4663,322,biscoito,ea67fc0bd2,20.5701
82,5,2500,0.655259,0.241144,13691,4663,322,biscoito,ea67fc0bd2,20.5701
82,7,2500,0.655259,0.241144,13691,4663,322,biscoito,ea67fc0bd2,20.5701
82,8,2500,0.655259,0.241144,13691,4663,322,biscoito,ea67fc0bd2,20.5701
82,9,2500,0.655259,0.241144,13691,4663,322,biscoito,ea67fc0bd2,20.5701
82,10,2500,0.655259,0.241144,13691,4663,322,biscoito,ea67fc0bd2,20.5701
82,11,2500,0.655259,0.241144,13691,4663,322,biscoito,ea67fc0bd2,20.5701
82,12,2500,0.655259,0.241144,13691,4663,322,biscoito,ea67fc0bd2,20.5701
82,13,2500,0.655259,0.241144,13691,4663,322,biscoito,ea67fc0bd2,20.5701
82,14,2500,0.655259,0.241144,13691,4663,322,biscoito,ea67fc0bd2,20.5701
82,15,2500,0.655259,0.241144,13691,4663,322,biscoito,ea67fc0bd2,20.5701
82,16,2500,0.655259,0.241144,13691,4663,322,biscoito,ea67fc0bd2,20.5701
82,17,2500,0.655259,0.241144,13691,4663,322,biscoito,ea67fc0bd2,20.5701
82,18,2500,0.655259,0.241144,13691,4663,322,biscoito,ea67fc0bd2,20.5701
82,19,2500,0.655259,0.241144,13691,4663,322,biscoito,ea67fc0bd2,20.5701
82,6,2500,0.660224,0.246450,13725,4664,321,biscoito,efc84d50b4,11.4861
83,0,2500,0.655259,0.241144,13691,4663,322,biscoito,ea67fc0bd2,20.5701
83,1,2500,0.655259,0.241144,13691,4663,322,biscoito,ea67fc0bd2,20.5701
83,2,2500,0.655259,0.241144,13691,4663,322,biscoito,ea67fc0bd2,20.5701
83,4,2500,0.655259,0.241144,13691,4663,322,biscoito,ea67fc0bd2,20.5701
83,5,2500,0.655259,0.241144,13691,4663,322,biscoito,ea67fc0bd2,20.5701
83,6,2500,0.655259,0.241144,13691,4663,322,biscoito,ea67fc0bd2,20.5701
83,7,2500,0.655259,0.241144,13691,4663,322,biscoito,ea67fc0bd2,20.5701
83,8,2500,0.655259,0.241144,13691,4663,322,biscoito,ea67fc0bd2,20.5701
83,9,2500,0.655259,0.241144,13691,4663,322,biscoito,ea67fc0bd2,20.5701
83,10,2500,0.655259,0.241144,13691,4663,322,biscoito,ea67fc0bd2,20.5701
83,11,2500,0.655259,0.241144,13691,4663,322,biscoito,ea67fc0bd2,20.5701
83,12,2500,0.655259,0.241144,13691,4663,322,biscoito,ea67fc0bd2,20.5701
83,13,2500,0.655259,0.241144,13691,4663,322,biscoito,ea67fc0bd2,20.5701
83,14,2500,0.655259,0.241144,13691,4663,322,biscoito,ea67fc0bd2,20.5701
83,15,2500,0.655259,0.241144,13691,4663,322,biscoito,ea67fc0bd2,20.5701
83,17,2500,0.655259,0.241144,13691,4663,322,biscoito,ea67fc0bd2,20.5701
83,18,2500,0.655259,0.241144,13691,4663,322,biscoito,ea67fc0bd2,20.5701
83,19,2500,0.655259,0.241144,13691,4663,322,biscoito,ea67fc0bd2,20.5701
83,3,2500,0.661746,0.257420,13687,4668,332,biscoito,ecc4a7cd1a,12.8089
83,16,2500,0.655934,0.255159,13698,4661,328,biscoito,fcb28de07c,12.6847
84,0,2500,0.655259,0.241144,13691,4663,322,biscoito,ea67fc0bd2,20.5701
84,1,2500,0.655259,0.241144,13691,4663,322,biscoito,ea67fc0bd2,20.5701
84,2,2500,0.655259,0.241144,13691,4663,322,biscoito,ea67fc0bd2,20.5701
84,3,2500,0.655259,0.241144,13691,4663,322,biscoito,ea67fc0bd2,20.5701
84,4,2500,0.655259,0.241144,13691,4663,322,biscoito,ea67fc0bd2,20.5701
84,7,2500,0.655259,0.241144,13691,4663,322,biscoito,ea67fc0bd2,20.5701
84,8,2500,0.655259,0.241144,13691,4663,322,biscoito,ea67fc0bd2,20.5701
84,10,2500,0.655259,0.241144,13691,4663,322,biscoito,ea67fc0bd2,20.5701
84,11,2500,0.655259,0.241144,13691,4663,322,biscoito,ea67fc0bd2,20.5701
84,12,2500,0.655259,0.241144,13691,4663,322,biscoito,ea67fc0bd2,20.5701
84,14,2500,0.655259,0.241144,13691,4663,322,biscoito,ea67fc0bd2,20.5701
84,15,2500,0.655259,0.241144,13691,4663,322,biscoito,ea67fc0bd2,20.5701
84,16,2500,0.655259,0.241144,13691,4663,322,biscoito,ea67fc0bd2,20.5701
84,17,2500,0.655259,0.241144,13691,4663,322,biscoito,ea67fc0bd2,20.5701
84,19,2500,0.655259,0.241144,13691,4663,322,biscoito,ea67fc0bd2,20.5701
84,5,2500,0.664470,0.251003,13712,4598,325,biscoito,c05b3e014e,18.6320
84,6,2500,0.657248,0.252590,13714,4622,323,biscoito,6848edbc2c,18.6978
84,9,2500,0.658163,0.259586,13708,4672,335,biscoito,a42a8143db,18.5305
84,13,2500,0.661506,0.249987,13705,4654,324,biscoito,f3de82a890,18.5243
84,18,2500,0.654644,0.253159,13700,4638,326,biscoito,6a4ca0e10e,18.4163
85,0,2500,0.655259,0.241144,13691,4663,322,biscoito,ea67fc0bd2,20.5701
85,1,2500,0.655259,0.241144,13691,4663,322,biscoito,ea67fc0bd2,20.5701
85,4,2500,0.655259,0.241144,13691,4663,322,biscoito,ea67fc0bd2,20.5701
85,5,2500,0.655259,0.241144,13691,4663,322,biscoito,ea67fc0bd2,20.5701
85,6,2500,0.655259,0.241144,13691,4663,322,biscoito,ea67fc0bd2,20.5701
85,7,2500,0.655259,0.241144,13691,4663,322,biscoito,ea67fc0bd2,20.5701
85,8,2500,0.655259,0.241144,13691,4663,322,biscoito,ea67fc0bd2,20.5701
85,9,2500,0.655259,0.241144,13691,4663,322,biscoito,ea67fc0bd2,20.5701
85,10,2500,0.655259,0.241144,13691,4663,322,biscoito,ea67fc0bd2,20.5701
85,11,2500,0.655259,0.241144,13691,4663,322,biscoito,ea67fc0bd2,20.5701
85,12,2500,0.655259,0.241144,13691,4663,322,biscoito,ea67fc0bd2,20.5701
85,13,2500,0.655259,0.241144,13691,4663,322,biscoito,ea67fc0bd2,20.5701
85,14,2500,0.655259,0.241144,13691,4663,322,biscoito,ea67fc0bd2,20.5701
85,15,2500,0.655259,0.241144,13691,4663,322,biscoito,ea67fc0bd2,20.5701
85,16,2500,0.655259,0.241144,13691,4663,322,biscoito,ea67fc0bd2,20.5701
85,17,2500,0.655259,0.241144,13691,4663,322,biscoito,ea67fc0bd2,20.5701
85,19,2500,0.655259,0.241144,13691,4663,322,biscoito,ea67fc0bd2,20.5701
85,2,2500,0.654952,0.252603,13680,4644,331,biscoito,ae0750eb7e,14.6462
85,3,2500,0.660280,0.250165,13643,4652,325,biscoito,89a30b9da9,14.4743
85,18,2500,0.661618,0.248993,13664,4663,323,biscoito,bca9b65a0e,14.4526
86,0,2500,0.655259,0.241144,13691,4663,322,biscoito,ea67fc0bd2,20.5701
86,1,2500,0.655259,0.241144,13691,4663,322,biscoito,ea67fc0bd2,20.5701
86,2,2500,0.655259,0.241144,13691,4663,322,biscoito,ea67fc0bd2,20.5701
86,3,2500,0.655259,0.241144,13691,4663,322,biscoito,ea67fc0bd2,20.5701
86,4,2500,0.655259,0.241144,13691,4663,322,biscoito,ea67fc0bd2,20.5701
86,5,2500,0.655259,0.241144,13691,4663,322,biscoito,ea67fc0bd2,20.5701
86,6,2500,0.655259,0.241144,13691,4663,322,biscoito,ea67fc0bd2,20.5701
86,7,2500,0.655259,0.241144,13691,4663,322,biscoito,ea67fc0bd2,20.5701
86,11,2500,0.655259,0.241144,13691,4663,322,biscoito,ea67fc0bd2,20.5701
86,12,2500,0.655259,0.241144,13691,4663,322,biscoito,ea67fc0bd2,20.5701
86,13,2500,0.655259,0.241144,13691,4663,322,biscoito,ea67fc0bd2,20.5701
86,14,2500,0.655259,0.241144,13691,4663,322,biscoito,ea67fc0bd2,20.5701
86,15,2500,0.655259,0.241144,13691,4663,322,biscoito,ea67fc0bd2,20.5701
86,16,2500,0.655259,0.241144,13691,4663,322,biscoito,ea67fc0bd2,20.5701
86,17,2500,0.655259,0.241144,13691,4663,322,biscoito,ea67fc0bd2,20.5701
86,18,2500,0.655259,0.241144,13691,4663,322,biscoito,ea67fc0bd2,20.5701
86,19,2500,0.655259,0.241144,13691,4663,322,biscoito,ea67fc0bd2,20.5701
86,8,2500,0.657276,0.250953,13668,4620,329,biscoito,9133e5cfb4,15.4332
86,9,2500,0.660272,0.256237,13750,4723,332,biscoito,e611d5205e,15.6477
86,10,2500,0.657017,0.254594,13674,4616,329,biscoito,314546fc5d,15.3125
87,0,2500,0.655259,0.241144,13691,4663,322,biscoito,ea67fc0bd2,20.5701
87,1,2500,0.655259,0.241144,13691,4663,322,biscoito,ea67fc0bd2,20.5701
87,2,2500,0.655259,0.241144,13691,4663,322,biscoito,ea67fc0bd2,20.5701
87,3,2500,0.655259,0.241144,13691,4663,322,biscoito,ea67fc0bd2,20.5701
87,4,2500,0.655259,0.241144,13691,4663,322,biscoito,ea67fc0bd2,20.5701
87,6,2500,0.655259,0.241144,13691,4663,322,biscoito,ea67fc0bd2,20.5701
87,7,2500,0.655259,0.241144,13691,4663,322,biscoito,ea67fc0bd2,20.5701
87,8,2500,0.655259,0.241144,13691,4663,322,biscoito,ea67fc0bd2,20.5701
87,9,2500,0.655259,0.241144,13691,4663,322,biscoito,ea67fc0bd2,20.5701
87,10,2500,0.655259,0.241144,13691,4663,322,biscoito,ea67fc0bd2,20.5701
87,12,2500,0.655259,0.241144,13691,4663,322,biscoito,ea67fc0bd2,20.5701
87,13,2500,0.655259,0.241144,13691,4663,322,biscoito,ea67fc0bd2,20.5701
87,14,2500,0.655259,0.241144,13691,4663,322,biscoito,ea67fc0bd2,20.5701
87,15,2500,0.655259,0.241144,13691,4663,322,biscoito,ea67fc0bd2,20.5701
87,16,2500,0.655259,0.241144,13691,4663,322,biscoito,ea67fc0bd2,20.5701
87,17,2500,0.655259,0.241144,13691,4663,322,biscoito,ea67fc0bd2,20.5701
87,18,2500,0.655259,0.241144,13691,4663,322,biscoito,ea67fc0bd2,20.5701
87,19,2500,0.655259,0.241144,13691,4663,322,biscoito,ea67fc0bd2,20.5701
87,5,2500,0.654604,0.250636,13680,4641,331,biscoito,311b711216,12.3022
87,11,2500,0.663156,0.252910,13780,4678,330,biscoito,5c70c080ba,12.3234
88,0,2500,0.655259,0.241144,13691,4663,322,biscoito,ea67fc0bd2,20.5701
88,2,2500,0.655259,0.241144,13691,4663,322,biscoito,ea67fc0bd2,20.5701
88,3,2500,0.655259,0.241144,13691,4663,322,biscoito,ea67fc0bd2,20.5701
88,4,2500,0.655259,0.241144,13691,4663,322,biscoito,ea67fc0bd2,20.5701
88,5,2500,0.655259,0.241144,13691,4663,322,biscoito,ea67fc0bd2,20.5701
88,7,2500,0.655259,0.241144,13691,4663,322,biscoito,ea67fc0bd2,20.5701
88,8,2500,0.655259,0.241144,13691,4663,322,biscoito,ea67fc0bd2,20.5701
88,9,2500,0.655259,0.241144,13691,4663,322,biscoito,ea67fc0bd2,20.5701
88,10,2500,0.655259,0.241144,13691,4663,322,biscoito,ea67fc0bd2,20.5701
88,11,2500,0.655259,0.241144,13691,4663,322,biscoito,ea67fc0bd2,20.5701
88,12,2500,0.655259,0.241144,13691,4663,322,biscoito,ea67fc0bd2,20.5701
88,13,2500,0.655259,0.241144,13691,4663,322,biscoito,ea67fc0bd2,20.5701
88,14,2500,0.655259,0.241144,13691,4663,322,biscoito,ea67fc0bd2,20.5701
88,15,2500,0.655259,0.241144,13691,4663,322,biscoito,ea67fc0bd2,20.5701
88,16,2500,0.655259,0.241144,13691,4663,322,biscoito,ea67fc0bd2,20.5701
88,17,2500,0.655259,0.241144,13691,4663,322,biscoito,ea67fc0bd2,20.5701
88,19,2500,0.655259,0.241144,13691,4663,322,biscoito,ea67fc0bd2,20.5701
88,1,2500,0.660352,0.256654,13608,4630,336,biscoito,cac24f97f5,14.2942
88,6,2500,0.656190,0.253711,13677,4660,337,biscoito,71adefb7f5,14.2907
88,18,2500,0.662089,0.255146,13693,4655,337,biscoito,481a1c82c5,14.2022
89,0,2500,0.655259,0.241144,13691,4663,322,biscoito,ea67fc0bd2,20.5701
89,1,2500,0.655259,0.241144,13691,4663,322,biscoito,ea67fc0bd2,20.5701
89,3,2500,0.655259,0.241144,13691,4663,322,biscoito,ea67fc0bd2,20.5701
89,4,2500,0.655259,0.241144,13691,4663,322,biscoito,ea67fc0bd2,20.5701
89,5,2500,0.655259,0.241144,13691,4663,322,biscoito,ea67fc0bd2,20.5701
89,6,2500,0.655259,0.241144,13691,4663,322,biscoito,ea67fc0bd2,20.5701
89,7,2500,0.655259,0.241144,13691,4663,322,biscoito,ea67fc0bd2,20.5701
89,8,2500,0.655259,0.241144,13691,4663,322,biscoito,ea67fc0bd2,20.5701
89,9,2500,0.655259,0.241144,13691,4663,322,biscoito,ea67fc0bd2,20.5701
89,10,2500,0.655259,0.241144,13691,4663,322,biscoito,ea67fc0bd2,20.5701
89,11,2500,0.655259,0.241144,13691,4663,322,biscoito,ea67fc0bd2,20.5701
89,12,2500,0.655259,0.241144,13691,4663,322,biscoito,ea67fc0bd2,20.5701
89,13,2500,0.655259,0.241144,13691,4663,322,biscoito,ea67fc0bd2,20.5701
89,14,2500,0.655259,0.241144,13691,4663,322,biscoito,ea67fc0bd2,20.5701
89,15,2500,0.655259,0.241144,13691,4663,322,biscoito,ea67fc0bd2,20.5701
89,18,2500,0.655259,0.241144,13691,4663,322,biscoito,ea67fc0bd2,20.5701
89,19,2500,0.655259,0.241144,13691,4663,322,biscoito,ea67fc0bd2,20.5701
89,2,2500,0.660068,0.252034,13705,4685,326,biscoito,ec7f82a658,14.1929
89,16,2500,0.659869,0.254368,13694,4708,334,biscoito,6a95996f0b,14.1984
89,17,2500,0.659569,0.251140,13666,4697,326,biscoito,650b021ead,13.9419
90,0,2500,0.655259,0.241144,13691,4663,322,biscoito,ea67fc0bd2,20.5701
90,3,2500,0.655259,0.241144,13691,4663,322,biscoito,ea67fc0bd2,20.5701
90,5,2500,0.655259,0.241144,13691,4663,322,biscoito,ea67fc0bd2,20.5701
90,6,2500,0.655259,0.241144,13691,4663,322,biscoito,ea67fc0bd2,20.5701
90,7,2500,0.655259,0.241144,13691,4663,322,biscoito,ea67fc0bd2,20.5701
90,8,2500,0.655259,0.241144,13691,4663,322,biscoito,ea67fc0bd2,20.5701
90,9,2500,0.655259,0.241144,13691,4663,322,biscoito,ea67fc0bd2,20.5701
90,10,2500,0.655259,0.241144,13691,4663,322,biscoito,ea67fc0bd2,20.5701
90,12,2500,0.655259,0.241144,13691,4663,322,biscoito,ea67fc0bd2,20.5701
90,13,2500,0.655259,0.241144,13691,4663,322,biscoito,ea67fc0bd2,20.5701
90,15,2500,0.655259,0.241144,13691,4663,322,biscoito,ea67fc0bd2,20.5701
90,16,2500,0.655259,0.241144,13691,4663,322,biscoito,ea67fc0bd2,20.5701
90,17,2500,0.655259,0.241144,13691,4663,322,biscoito,ea67fc0bd2,20.5701
90,18,2500,0.655259,0.241144,13691,4663,322,biscoito,ea67fc0bd2,20.5701
90,1,2500,0.659517,0.254013,13720,4668,333,biscoito,487529974a,19.9405
90,2,2500,0.653198,0.248422,13721,4679,328,biscoito,10b9657559,19.9357
90,4,2500,0.661466,0.258278,13729,4693,332,biscoito,a0e0981e68,19.8151
90,11,2500,0.651645,0.249789,13706,4674,330,biscoito,145c47425b,19.7564
90,14,2500,0.656082,0.250799,13672,4686,330,biscoito,f5e08819fa,19.8670
90,19,2500,0.665548,0.254157,13701,4656,329,biscoito,215f17a95c,19.3950
91,0,2500,0.655259,0.241144,13691,4663,322,biscoito,ea67fc0bd2,20.5701
91,1,2500,0.655259,0.241144,13691,4663,322,biscoito,ea67fc0bd2,20.5701
91,2,2500,0.655259,0.241144,13691,4663,322,biscoito,ea67fc0bd2,20.5701
91,3,2500,0.655259,0.241144,13691,4663,322,biscoito,ea67fc0bd2,20.5701
91,8,2500,0.655259,0.241144,13691,4663,322,biscoito,ea67fc0bd2,20.5701
91,10,2500,0.655259,0.241144,13691,4663,322,biscoito,ea67fc0bd2,20.5701
91,11,2500,0.655259,0.241144,13691,4663,322,biscoito,ea67fc0bd2,20.5701
91,13,2500,0.655259,0.241144,13691,4663,322,biscoito,ea67fc0bd2,20.5701
91,15,2500,0.655259,0.241144,13691,4663,322,biscoito,ea67fc0bd2,20.5701
91,16,2500,0.655259,0.241144,13691,4663,322,biscoito,ea67fc0bd2,20.5701
91,17,2500,0.655259,0.241144,13691,4663,322,biscoito,ea67fc0bd2,20.5701
91,18,2500,0.655259,0.241144,13691,4663,322,biscoito,ea67fc0bd2,20.5701
91,19,2500,0.655259,0.241144,13691,4663,322,biscoito,ea67fc0bd2,20.5701
91,4,2500,0.666131,0.251889,13674,4627,331,biscoito,5b6ca3dad7,21.5616
91,5,2500,0.662449,0.253982,13701,4657,330,biscoito,b1eeab776f,21.2430
91,6,2500,0.656146,0.246916,13676,4627,321,biscoito,9862a79593,21.2160
91,7,2500,0.657616,0.247250,13674,4659,326,biscoito,45f372ad05,21.3597
91,9,2500,0.660919,0.250753,13683,4630,330,biscoito,bebba1c736,21.2079
91,12,2500,0.652523,0.246555,13745,4687,328,biscoito,e532a792b8,20.9166
91,14,2500,0.654784,0.251498,13660,4665,331,biscoito,4f1ec4a3af,20.8100
92,0,2500,0.655259,0.241144,13691,4663,322,biscoito,ea67fc0bd2,20.5701
92,1,2500,0.655259,0.241144,13691,4663,322,biscoito,ea67fc0bd2,20.5701
92,2,2500,0.655259,0.241144,13691,4663,322,biscoito,ea67fc0bd2,20.5701
92,3,2500,0.655259,0.241144,13691,4663,322,biscoito,ea67fc0bd2,20.5701
92,4,2500,0.655259,0.241144,13691,4663,322,biscoito,ea67fc0bd2,20.5701
92,5,2500,0.655259,0.241144,13691,4663,322,biscoito,ea67fc0bd2,20.5701
92,7,2500,0.655259,0.241144,13691,4663,322,biscoito,ea67fc0bd2,20.5701
92,8,2500,0.655259,0.241144,13691,4663,322,biscoito,ea67fc0bd2,20.5701
92,14,2500,0.655259,0.241144,13691,4663,322,biscoito,ea67fc0bd2,20.5701
92,16,2500,0.655259,0.241144,13691,4663,322,biscoito,ea67fc0bd2,20.5701
92,17,2500,0.655259,0.241144,13691,4663,322,biscoito,ea67fc0bd2,20.5701
92,18,2500,0.655259,0.241144,13691,4663,322,biscoito,ea67fc0bd2,20.5701
92,19,2500,0.655259,0.241144,13691,4663,322,biscoito,ea67fc0bd2,20.5701
92,6,2500,0.657692,0.250288,13706,4646,326,biscoito,6c85fc8ecd,18.0912
92,9,2500,0.654369,0.250891,13728,4659,327,biscoito,76420c730c,18.0783
92,10,2500,0.656837,0.253394,13669,4630,335,biscoito,081a23de7e,17.6940
92,11,2500,0.650934,0.249784,13673,4626,329,biscoito,c979f05000,17.6217
92,12,2500,0.660663,0.248136,13724,4649,326,biscoito,5f58b3efaa,17.5889
92,13,2500,0.660975,0.256425,13729,4684,330,biscoito,eae6b6d5c4,17.4400
92,15,2500,0.663755,0.255544,13642,4679,329,biscoito,f5271ff8a0,17.2110
93,0,2500,0.655259,0.241144,13691,4663,322,biscoito,ea67fc0bd2,20.5701
93,2,2500,0.655259,0.241144,13691,4663,322,biscoito,ea67fc0bd2,20.5701
93,3,2500,0.655259,0.241144,13691,4663,322,biscoito,ea67fc0bd2,20.5701
93,4,2500,0.655259,0.241144,13691,4663,322,biscoito,ea67fc0bd2,20.5701
93,5,2500,0.655259,0.241144,13691,4663,322,biscoito,ea67fc0bd2,20.5701
93,6,2500,0.655259,0.241144,13691,4663,322,biscoito,ea67fc0bd2,20.5701
93,7,2500,0.655259,0.241144,13691,4663,322,biscoito,ea67fc0bd2,20.5701
93,8,2500,0.655259,0.241144,13691,4663,322,biscoito,ea67fc0bd2,20.5701
93,9,2500,0.655259,0.241144,13691,4663,322,biscoito,ea67fc0bd2,20.5701
93,10,2500,0.655259,0.241144,13691,4663,322,biscoito,ea67fc0bd2,20.5701
93,11,2500,0.655259,0.241144,13691,4663,322,biscoito,ea67fc0bd2,20.5701
93,12,2500,0.655259,0.241144,13691,4663,322,biscoito,ea67fc0bd2,20.5701
93,13,2500,0.655259,0.241144,13691,4663,322,biscoito,ea67fc0bd2,20.5701
93,14,2500,0.655259,0.241144,13691,4663,322,biscoito,ea67fc0bd2,20.5701
93,15,2500,0.655259,0.241144,13691,4663,322,biscoito,ea67fc0bd2,20.5701
93,16,2500,0.655259,0.241144,13691,4663,322,biscoito,ea67fc0bd2,20.5701
93,17,2500,0.655259,0.241144,13691,4663,322,biscoito,ea67fc0bd2,20.5701
93,18,2500,0.655259,0.241144,13691,4663,322,biscoito,ea67fc0bd2,20.5701
93,19,2500,0.655259,0.241144,13691,4663,322,biscoito,ea67fc0bd2,20.5701
93,1,2500,0.657784,0.251571,13679,4628,331,biscoito,48fbc61b78,6.6952
94,0,2500,0.655259,0.241144,13691,4663,322,biscoito,ea67fc0bd2,20.5701
94,2,2500,0.655259,0.241144,13691,4663,322,biscoito,ea67fc0bd2,20.5701
94,4,2500,0.655259,0.241144,13691,4663,322,biscoito,ea67fc0bd2,20.5701
94,5,2500,0.655259,0.241144,13691,4663,322,biscoito,ea67fc0bd2,20.5701
94,6,2500,0.655259,0.241144,13691,4663,322,biscoito,ea67fc0bd2,20.5701
94,8,2500,0.655259,0.241144,13691,4663,322,biscoito,ea67fc0bd2,20.5701
94,9,2500,0.655259,0.241144,13691,4663,322,biscoito,ea67fc0bd2,20.5701
94,10,2500,0.655259,0.241144,13691,4663,322,biscoito,ea67fc0bd2,20.5701
94,12,2500,0.655259,0.241144,13691,4663,322,biscoito,ea67fc0bd2,20.5701
94,13,2500,0.655259,0.241144,13691,4663,322,biscoito,ea67fc0bd2,20.5701
94,14,2500,0.655259,0.241144,13691,4663,322,biscoito,ea67fc0bd2,20.5701
94,15,2500,0.655259,0.241144,13691,4663,322,biscoito,ea67fc0bd2,20.5701
94,16,2500,0.655259,0.241144,13691,4663,322,biscoito,ea67fc0bd2,20.5701
94,17,2500,0.655259,0.241144,13691,4663,322,biscoito,ea67fc0bd2,20.5701
94,18,2500,0.655259,0.241144,13691,4663,322,biscoito,ea67fc0bd2,20.5701
94,19,2500,0.655259,0.241144,13691,4663,322,biscoito,ea67fc0bd2,20.5701
94,1,2500,0.663052,0.252248,13690,4620,327,biscoito,5588ef708f,12.8141
94,3,2500,0.659273,0.255072,13687,4657,334,biscoito,a558feb008,12.6436
94,7,2500,0.661119,0.254466,13744,4633,328,biscoito,3bf1b9770b,12.7896
94,11,2500,0.662669,0.246953,13695,4639,325,biscoito,c4686f7c5e,12.6036
95,0,2500,0.655259,0.241144,13691,4663,322,biscoito,ea67fc0bd2,20.5701
95,2,2500,0.655259,0.241144,13691,4663,322,biscoito,ea67fc0bd2,20.5701
95,3,2500,0.655259,0.241144,13691,4663,322,biscoito,ea67fc0bd2,20.5701
95,4,2500,0.655259,0.241144,13691,4663,322,biscoito,ea67fc0bd2,20.5701
95,5,2500,0.655259,0.241144,13691,4663,322,biscoito,ea67fc0bd2,20.5701
95,7,2500,0.655259,0.241144,13691,4663,322,biscoito,ea67fc0bd2,20.5701
95,8,2500,0.655259,0.241144,13691,4663,322,biscoito,ea67fc0bd2,20.5701
95,9,2500,0.655259,0.241144,13691,4663,322,biscoito,ea67fc0bd2,20.5701
95,10,2500,0.655259,0.241144,13691,4663,322,biscoito,ea67fc0bd2,20.5701
95,12,2500,0.655259,0.241144,13691,4663,322,biscoito,ea67fc0bd2,20.5701
95,13,2500,0.655259,0.241144,13691,4663,322,biscoito,ea67fc0bd2,20.5701
95,14,2500,0.655259,0.241144,13691,4663,322,biscoito,ea67fc0bd2,20.5701
95,15,2500,0.655259,0.241144,13691,4663,322,biscoito,ea67fc0bd2,20.5701
95,16,2500,0.655259,0.241144,13691,4663,322,biscoito,ea67fc0bd2,20.5701
95,17,2500,0.655259,0.241144,13691,4663,322,biscoito,ea67fc0bd2,20.5701
95,18,2500,0.655259,0.241144,13691,4663,322,biscoito,ea67fc0bd2,20.5701
95,19,2500,0.655259,0.241144,13691,4663,322,biscoito,ea67fc0bd2,20.5701
95,1,2500,0.657472,0.248894,13679,4656,318,biscoito,a9f27c2ad4,9.1875
95,6,2500,0.657304,0.246199,13725,4650,327,biscoito,2e276a35b0,9.1921
95,11,2500,0.664266,0.251935,13716,4648,327,biscoito,f930d96063,9.1992
96,0,2500,0.655259,0.241144,13691,4663,322,biscoito,ea67fc0bd2,20.5701
96,1,2500,0.655259,0.241144,13691,4663,322,biscoito,ea67fc0bd2,20.5701
96,2,2500,0.655259,0.241144,13691,4663,322,biscoito,ea67fc0bd2,20.5701
96,3,2500,0.655259,0.241144,13691,4663,322,biscoito,ea67fc0bd2,20.5701
96,4,2500,0.655259,0.241144,13691,4663,322,biscoito,ea67fc0bd2,20.5701
96,5,2500,0.655259,0.241144,13691,4663,322,biscoito,ea67fc0bd2,20.5701
96,6,2500,0.655259,0.241144,13691,4663,322,biscoito,ea67fc0bd2,20.5701
96,7,2500,0.655259,0.241144,13691,4663,322,biscoito,ea67fc0bd2,20.5701
96,9,2500,0.655259,0.241144,13691,4663,322,biscoito,ea67fc0bd2,20.5701
96,10,2500,0.655259,0.241144,13691,4663,322,biscoito,ea67fc0bd2,20.5701
96,11,2500,0.655259,0.241144,13691,4663,322,biscoito,ea67fc0bd2,20.5701
96,12,2500,0.655259,0.241144,13691,4663,322,biscoito,ea67fc0bd2,20.5701
96,13,2500,0.655259,0.241144,13691,4663,322,biscoito,ea67fc0bd2,20.5701
96,15,2500,0.655259,0.241144,13691,4663,322,biscoito,ea67fc0bd2,20.5701
96,17,2500,0.655259,0.241144,13691,4663,322,biscoito,ea67fc0bd2,20.5701
96,18,2500,0.655259,0.241144,13691,4663,322,biscoito,ea67fc0bd2,20.5701
96,19,2500,0.655259,0.241144,13691,4663,322,biscoito,ea67fc0bd2,20.5701
96,8,2500,0.655411,0.253025,13713,4649,333,biscoito,f0c3e6b950,9.3840
96,14,2500,0.659753,0.255039,13699,4673,330,biscoito,6a5b942d1a,9.3814
96,16,2500,0.662980,0.252266,13738,4660,326,biscoito,23c2096d10,9.3496
97,0,2500,0.655259,0.241144,13691,4663,322,biscoito,ea67fc0bd2,20.5701
97,1,2500,0.655259,0.241144,13691,4663,322,biscoito,ea67fc0bd2,20.5701
97,2,2500,0.655259,0.241144,13691,4663,322,biscoito,ea67fc0bd2,20.5701
97,4,2500,0.655259,0.241144,13691,4663,322,biscoito,ea67fc0bd2,20.5701
97,5,2500,0.655259,0.241144,13691,4663,322,biscoito,ea67fc0bd2,20.5701
97,6,2500,0.655259,0.241144,13691,4663,322,biscoito,ea67fc0bd2,20.5701
97,7,2500,0.655259,0.241144,13691,4663,322,biscoito,ea67fc0bd2,20.5701
97,8,2500,0.655259,0.241144,13691,4663,322,biscoito,ea67fc0bd2,20.5701
97,9,2500,0.655259,0.241144,13691,4663,322,biscoito,ea67fc0bd2,20.5701
97,10,2500,0.655259,0.241144,13691,4663,322,biscoito,ea67fc0bd2,20.5701
97,11,2500,0.655259,0.241144,13691,4663,322,biscoito,ea67fc0bd2,20.5701
97,13,2500,0.655259,0.241144,13691,4663,322,biscoito,ea67fc0bd2,20.5701
97,14,2500,0.655259,0.241144,13691,4663,322,biscoito,ea67fc0bd2,20.5701
97,15,2500,0.655259,0.241144,13691,4663,322,biscoito,ea67fc0bd2,20.5701
97,18,2500,0.655259,0.241144,13691,4663,322,biscoito,ea67fc0bd2,20.5701
97,19,2500,0.655259,0.241144,13691,4663,322,biscoito,ea67fc0bd2,20.5701
97,3,2500,0.653466,0.246124,13721,4638,320,biscoito,6a79f10e86,12.3832
97,12,2500,0.659964,0.248585,13728,4660,330,biscoito,1933334ad0,12.4263
97,16,2500,0.654213,0.251341,13716,4662,331,biscoito,f1100bd835,12.2944
97,17,2500,0.655994,0.252137,13702,4626,324,biscoito,3644e43351,12.2714
98,0,2500,0.655259,0.241144,13691,4663,322,biscoito,ea67fc0bd2,20.5701
98,1,2500,0.655259,0.241144,13691,4663,322,biscoito,ea67fc0bd2,20.5701
98,2,2500,0.655259,0.241144,13691,4663,322,biscoito,ea67fc0bd2,20.5701
98,3,2500,0.655259,0.241144,13691,4663,322,biscoito,ea67fc0bd2,20.5701
98,4,2500,0.655259,0.241144,13691,4663,322,biscoito,ea67fc0bd2,20.5701
98,5,2500,0.655259,0.241144,13691,4663,322,biscoito,ea67fc0bd2,20.5701
98,6,2500,0.655259,0.241144,13691,4663,322,biscoito,ea67fc0bd2,20.5701
98,7,2500,0.655259,0.241144,13691,4663,322,biscoito,ea67fc0bd2,20.5701
98,8,2500,0.655259,0.241144,13691,4663,322,biscoito,ea67fc0bd2,20.5701
98,10,2500,0.655259,0.241144,13691,4663,322,biscoito,ea67fc0bd2,20.5701
98,12,2500,0.655259,0.241144,13691,4663,322,biscoito,ea67fc0bd2,20.5701
98,13,2500,0.655259,0.241144,13691,4663,322,biscoito,ea67fc0bd2,20.5701
98,14,2500,0.655259,0.241144,13691,4663,322,biscoito,ea67fc0bd2,20.5701
98,16,2500,0.655259,0.241144,13691,4663,322,biscoito,ea67fc0bd2,20.5701
98,17,2500,0.655259,0.241144,13691,4663,322,biscoito,ea67fc0bd2,20.5701
98,18,2500,0.655259,0.241144,13691,4663,322,biscoito,ea67fc0bd2,20.5701
98,19,2500,0.655259,0.241144,13691,4663,322,biscoito,ea67fc0bd2,20.5701
98,9,2500,0.658391,0.251525,13663,4650,326,biscoito,692eabfe19,9.8420
98,11,2500,0.656054,0.255459,13672,4613,332,biscoito,9f0f7dcdda,9.9063
98,15,2500,0.654169,0.250375,13742,4667,328,biscoito,624f491ae3,9.6861
99,0,2500,0.655259,0.241144,13691,4663,322,biscoito,ea67fc0bd2,20.5701
99,1,2500,0.655259,0.241144,13691,4663,322,biscoito,ea67fc0bd2,20.5701
99,2,2500,0.655259,0.241144,13691,4663,322,biscoito,ea67fc0bd2,20.5701
99,3,2500,0.655259,0.241144,13691,4663,322,biscoito,ea67fc0bd2,20.5701
99,4,2500,0.655259,0.241144,13691,4663,322,biscoito,ea67fc0bd2,20.5701
99,6,2500,0.655259,0.241144,13691,4663,322,biscoito,ea67fc0bd2,20.5701
99,7,2500,0.655259,0.241144,13691,4663,322,biscoito,ea67fc0bd2,20.5701
99,8,2500,0.655259,0.241144,13691,4663,322,biscoito,ea67fc0bd2,20.5701
99,9,2500,0.655259,0.241144,13691,4663,322,biscoito,ea67fc0bd2,20.5701
99,10,2500,0.655259,0.241144,13691,4663,322,biscoito,ea67fc0bd2,20.5701
99,11,2500,0.655259,0.241144,13691,4663,322,biscoito,ea67fc0bd2,20.5701
99,12,2500,0.655259,0.241144,13691,4663,322,biscoito,ea67fc0bd2,20.5701
99,13,2500,0.655259,0.241144,13691,4663,322,biscoito,ea67fc0bd2,20.5701
99,14,2500,0.655259,0.241144,13691,4663,322,biscoito,ea67fc0bd2,20.5701
99,15,2500,0.655259,0.241144,13691,4663,322,biscoito,ea67fc0bd2,20.5701
99,17,2500,0.655259,0.241144,13691,4663,322,biscoito,ea67fc0bd2,20.5701
99,19,2500,0.655259,0.241144,13691,4663,322,biscoito,ea67fc0bd2,20.5701
99,5,2500,0.664793,0.251767,13740,4683,324,biscoito,8c2d6bf085,9.2257
99,16,2500,0.659481,0.246527,13672,4632,320,biscoito,dcf17f0b6c,9.1590
99,18,2500,0.657808,0.253271,13727,4674,336,biscoito,5499d5f185,9.1919
100,0,2500,0.655259,0.241144,13691,4663,322,biscoito,ea67fc0bd2,20.5701
100,1,2500,0.655259,0.241144,13691,4663,322,biscoito,ea67fc0bd2,20.5701
100,2,2500,0.655259,0.241144,13691,4663,322,biscoito,ea67fc0bd2,20.5701
100,3,2500,0.655259,0.241144,13691,4663,322,biscoito,ea67fc0bd2,20.5701
100,4,2500,0.655259,0.241144,13691,4663,322,biscoito,ea67fc0bd2,20.5701
100,5,2500,0.655259,0.241144,13691,4663,322,biscoito,ea67fc0bd2,20.5701
100,6,2500,0.655259,0.241144,13691,4663,322,biscoito,ea67fc0bd2,20.5701
100,7,2500,0.655259,0.241144,13691,4663,322,biscoito,ea67fc0bd2,20.5701
100,8,2500,0.655259,0.241144,13691,4663,322,biscoito,ea67fc0bd2,20.5701
100,9,2500,0.655259,0.241144,13691,4663,322,biscoito,ea67fc0bd2,20.5701
100,10,2500,0.655259,0.241144,13691,4663,322,biscoito,ea67fc0bd2,20.5701
100,11,2500,0.655259,0.241144,13691,4663,322,biscoito,ea67fc0bd2,20.5701
100,12,2500,0.655259,0.241144,13691,4663,322,biscoito,ea67fc0bd2,20.5701
100,13,2500,0.655259,0.241144,13691,4663,322,biscoito,ea67fc0bd2,20.5701
100,15,2500,0.655259,0.241144,13691,4663,322,biscoito,ea67fc0bd2,20.5701
100,17,2500,0.655259,0.241144,13691,4663,322,biscoito,ea67fc0bd2,20.5701
100,18,2500,0.655259,0.241144,13691,4663,322,biscoito,ea67fc0bd2,20.5701
100,19,2500,0.655259,0.241144,13691,4663,322,biscoito,ea67fc0bd2,20.5701
100,14,2500,0.651792,0.249740,13668,4640,329,biscoito,8d9e291f5c,8.0088
100,16,2500,0.662109,0.256887,13674,4710,334,biscoito,a4478bc98d,8.0489
