generation,individual_id,l0_size,accuracy_on_full,f1_macro_on_full,num_tokens,num_distinct_tokens,num_classes_in_l0,most_frequent_class_in_l0,l0_indices_hash,fitness_calc_time_sec
1,0,100000,0.918938,0.809052,548653,33992,621,biscoito,bd21b8fafc,12.4602
1,1,100000,0.918104,0.802683,548213,33933,619,biscoito,fbbbafd787,13.1714
1,2,100000,0.919466,0.815702,548874,33981,619,biscoito,b80682361f,12.8230
1,3,100000,0.918044,0.802962,548082,33900,618,biscoito,7dbc531010,12.4687
1,4,100000,0.919462,0.810944,548439,33934,620,biscoito,371aee1ab0,12.5869
1,5,100000,0.919250,0.809649,548194,33925,620,biscoito,5e6b9decde,12.4731
1,6,100000,0.918807,0.810598,548692,33855,619,biscoito,ebc636cb8f,12.3745
1,7,100000,0.919042,0.809894,548415,34190,621,biscoito,c044efec4d,12.8575
1,8,100000,0.918723,0.804326,548169,34081,620,biscoito,36fbdca23d,12.0804
1,9,100000,0.918870,0.811759,548953,34022,622,biscoito,f00bcd0c3d,12.2631
1,10,100000,0.919238,0.809573,548226,34032,619,biscoito,f0ec648d68,12.6433
1,11,100000,0.919258,0.808980,548275,34039,622,biscoito,f2a0c07ddc,12.8758
1,12,100000,0.918858,0.812036,548776,33821,619,biscoito,089b8820ab,12.2986
1,13,100000,0.918543,0.806020,548357,34010,621,biscoito,c41db1d3c6,12.2416
1,14,100000,0.918108,0.806056,548461,33757,619,biscoito,5e3e35535d,12.3560
1,15,100000,0.919973,0.806847,548295,33951,618,biscoito,2fbcc5368d,13.0966
1,16,100000,0.918787,0.805746,548395,33874,621,biscoito,929627c22f,12.3038
1,17,100000,0.919573,0.808127,548843,33933,616,biscoito,914f682c40,12.4033
1,18,100000,0.919561,0.809681,548987,33909,620,biscoito,12127cfb0a,14.3680
1,19,100000,0.919849,0.806749,548870,34083,620,biscoito,9d571f9d5a,13.2665
2,0,100000,0.919466,0.815702,548874,33981,619,biscoito,b80682361f,12.8230
2,1,100000,0.918858,0.812036,548776,33821,619,biscoito,089b8820ab,12.2986
2,2,100000,0.919537,0.810002,548216,34072,619,biscoito,16d9e0ebc4,12.6955
2,3,100000,0.919290,0.806277,548888,34000,618,biscoito,18c3e7b5a6,12.3100
2,4,100000,0.918431,0.811833,548523,33844,620,biscoito,b236956991,12.3356
2,5,100000,0.919346,0.809216,548615,33989,618,biscoito,56a68ae4f9,12.7057
2,6,100000,0.919098,0.810917,548558,33973,620,biscoito,0aebb83102,12.6944
2,7,100000,0.919118,0.812278,548745,33776,619,biscoito,c56d80f6ca,12.6074
2,8,100000,0.918866,0.809615,548671,33955,621,biscoito,393e30dd3e,13.8505
2,9,100000,0.918503,0.807370,548574,33992,617,biscoito,6003aaacec,12.8860
2,10,100000,0.918267,0.806827,548240,33978,621,biscoito,448d0d86a1,12.8851
2,11,100000,0.918623,0.810991,548731,33849,619,biscoito,3f2ffc9b30,12.6282
2,12,100000,0.919466,0.815702,548874,33981,619,biscoito,b80682361f,12.8230
2,13,100000,0.919573,0.808127,548843,33933,616,biscoito,914f682c40,12.4033
2,14,100000,0.918858,0.812036,548776,33821,619,biscoito,089b8820ab,12.2986
2,15,100000,0.919462,0.810944,548439,33934,620,biscoito,371aee1ab0,12.5869
2,16,100000,0.918691,0.804005,548336,33988,619,biscoito,e5bc583144,12.7475
2,17,100000,0.918978,0.809096,548461,33819,620,biscoito,737167ba87,12.6754
2,18,100000,0.918543,0.814779,548857,33900,620,biscoito,47fb62c4a0,12.2931
2,19,100000,0.920197,0.817294,548869,33974,620,biscoito,da7b0829d3,12.6741
3,0,100000,0.920197,0.817294,548869,33974,620,biscoito,da7b0829d3,12.6741
3,1,100000,0.919466,0.815702,548874,33981,619,biscoito,b80682361f,12.8230
3,2,100000,0.918663,0.805412,549094,33997,618,biscoito,73d8ca0690,12.2878
3,3,100000,0.919270,0.819567,548506,33956,621,biscoito,fe4ed09092,12.5038
3,4,100000,0.919589,0.816222,548777,33990,620,biscoito,bb32ba1be1,12.0827
3,5,100000,0.919054,0.816151,549033,33895,620,biscoito,f0bf880474,12.2966
3,6,100000,0.920137,0.817817,548976,34022,621,biscoito,b87d9c01ae,13.2765
3,7,100000,0.919154,0.810599,548469,33920,620,biscoito,8df6d3513c,12.1376
3,8,100000,0.919062,0.812411,548526,33752,619,biscoito,99de93bb78,12.1041
3,9,100000,0.919310,0.810995,549247,33851,619,biscoito,f904cdcdbc,12.7234
3,10,100000,0.918635,0.812767,549531,33762,621,biscoito,9b5f6b5198,12.7352
3,11,100000,0.917800,0.809455,547883,33995,617,biscoito,f4b66b3b88,12.4608
3,12,100000,0.918471,0.814208,548350,33820,621,biscoito,5c62603885,12.8326
3,13,100000,0.919186,0.811930,548880,33809,619,biscoito,a2b8fcc3cb,12.1261
3,14,100000,0.918295,0.810773,548739,33833,622,biscoito,8c8b473d45,12.0745
3,15,100000,0.918279,0.814723,548160,33644,619,biscoito,d4271e0b4d,13.1460
3,16,100000,0.919769,0.817760,549419,33915,620,biscoito,5ad800fe91,12.1855
3,17,100000,0.918727,0.813546,548737,33903,621,biscoito,f5134f1537,12.6154
3,18,100000,0.920197,0.817294,548869,33974,620,biscoito,da7b0829d3,12.6741
3,19,100000,0.918623,0.810991,548731,33849,619,biscoito,3f2ffc9b30,12.6282
4,0,100000,0.919270,0.819567,548506,33956,621,biscoito,fe4ed09092,12.5038
4,1,100000,0.920137,0.817817,548976,34022,621,biscoito,b87d9c01ae,13.2765
4,2,100000,0.920372,0.817240,549001,33950,620,biscoito,faf7e4e4a7,12.7048
4,3,100000,0.918319,0.812981,549794,33852,622,biscoito,52707128b7,12.3693
4,4,100000,0.919394,0.819260,548395,33961,620,biscoito,ba319c5562,12.5511
4,5,100000,0.920137,0.817817,548976,34022,621,biscoito,b87d9c01ae,13.2765
4,6,100000,0.918926,0.817600,548321,33653,620,biscoito,e0ff7258b7,12.2891
4,7,100000,0.919849,0.816999,548866,34001,620,biscoito,ccd637ced5,12.5257
4,8,100000,0.919270,0.819567,548506,33956,621,biscoito,fe4ed09092,12.5038
4,9,100000,0.919186,0.811930,548880,33809,619,biscoito,a2b8fcc3cb,12.1261
4,10,100000,0.918471,0.814208,548350,33820,621,biscoito,5c62603885,12.8326
4,11,100000,0.918471,0.814208,548350,33820,621,biscoito,5c62603885,12.8326
4,12,100000,0.919450,0.816770,549213,33935,621,biscoito,5fa89c9fdd,12.3944
4,13,100000,0.919649,0.816680,548698,33948,620,biscoito,3743eb5bf1,12.4241
4,14,100000,0.919050,0.816045,548175,34053,619,biscoito,88e9b5f883,13.8161
4,15,100000,0.919230,0.816444,549161,33918,619,biscoito,ff06dd3941,13.0072
4,16,100000,0.918427,0.814701,548867,33860,621,biscoito,6f911c935d,12.2540
4,17,100000,0.918443,0.813456,550586,33857,621,biscoito,92ab1958d1,12.1041
4,18,100000,0.919745,0.816132,548740,33996,620,biscoito,28b7539da1,14.0897
4,19,100000,0.920197,0.819347,548830,34020,621,biscoito,f201228b08,12.2824
5,0,100000,0.919270,0.819567,548506,33956,621,biscoito,fe4ed09092,12.5038
5,1,100000,0.919270,0.819567,548506,33956,621,biscoito,fe4ed09092,12.5038
5,2,100000,0.919661,0.817029,548658,33920,620,biscoito,750293edff,12.9406
5,3,100000,0.920009,0.817468,549127,33996,621,biscoito,2e7f94893e,12.0885
5,4,100000,0.919414,0.816778,548928,33970,619,biscoito,7b5c04a8a3,12.4282
5,5,100000,0.919773,0.817203,548661,34016,620,biscoito,5d9a89e80d,12.6081
5,6,100000,0.920089,0.819558,548753,33998,620,biscoito,8442902b8d,12.1920
5,7,100000,0.918611,0.814496,548437,33865,622,biscoito,b3b0595e8a,12.2848
5,8,100000,0.919050,0.819680,549101,33823,621,biscoito,a20faece60,11.9772
5,9,100000,0.919178,0.814871,548128,33858,620,biscoito,c084f51bc1,13.2568
5,10,100000,0.918831,0.820888,548152,33790,621,biscoito,80b6a1d8cd,12.2089
5,11,100000,0.919146,0.817145,548794,33855,620,biscoito,9af3724d73,12.3614
5,12,100000,0.919234,0.821818,548734,33849,621,biscoito,456245b42a,12.2371
5,13,100000,0.918807,0.813018,548573,33856,618,biscoito,990b79e9a5,12.1169
5,14,100000,0.920137,0.817817,548976,34022,621,biscoito,b87d9c01ae,13.2765
5,15,100000,0.920137,0.817817,548976,34022,621,biscoito,b87d9c01ae,13.2765
5,16,100000,0.920197,0.819347,548830,34020,621,biscoito,f201228b08,12.2824
5,17,100000,0.920197,0.819347,548830,34020,621,biscoito,f201228b08,12.2824
5,18,100000,0.919270,0.819567,548506,33956,621,biscoito,fe4ed09092,12.5038
5,19,100000,0.919270,0.819567,548506,33956,621,biscoito,fe4ed09092,12.5038
6,0,100000,0.919234,0.821818,548734,33849,621,biscoito,456245b42a,12.2371
6,1,100000,0.918831,0.820888,548152,33790,621,biscoito,80b6a1d8cd,12.2089
6,2,100000,0.919270,0.819567,548506,33956,621,biscoito,fe4ed09092,12.5038
6,3,100000,0.919270,0.819567,548506,33956,621,biscoito,fe4ed09092,12.5038
6,4,100000,0.919557,0.812228,549534,33991,620,biscoito,163f6d312e,12.6514
6,5,100000,0.919346,0.820837,548677,33899,621,biscoito,487b316850,12.5463
6,6,100000,0.920197,0.819347,548830,34020,621,biscoito,f201228b08,12.2824
6,7,100000,0.920197,0.819347,548830,34020,621,biscoito,f201228b08,12.2824
6,8,100000,0.919518,0.816725,547680,33868,620,biscoito,45d9203c37,12.6494
6,9,100000,0.918439,0.817951,549215,33860,621,biscoito,f94d41609e,12.2404
6,10,100000,0.919765,0.816053,549069,33900,621,biscoito,5b49bd604e,12.3006
6,11,100000,0.918842,0.819971,548667,33909,621,biscoito,1bd3ec3a40,12.3851
6,12,100000,0.919206,0.819477,548582,33959,621,biscoito,5ce618dc9d,12.1726
6,13,100000,0.919270,0.819567,548506,33956,621,biscoito,fe4ed09092,12.5038
6,14,100000,0.919270,0.819567,548506,33956,621,biscoito,fe4ed09092,12.5038
6,15,100000,0.919270,0.819567,548506,33956,621,biscoito,fe4ed09092,12.5038
6,16,100000,0.919266,0.819539,548517,33955,621,biscoito,e9535cd6fb,12.0819
6,17,100000,0.918815,0.820920,548146,33785,621,biscoito,93fc6b1337,11.9715
6,18,100000,0.919693,0.818455,548303,33986,620,biscoito,bc7aee3047,13.1472
6,19,100000,0.919370,0.816280,549336,33946,621,biscoito,b01b12b190,12.7972
7,0,100000,0.919234,0.821818,548734,33849,621,biscoito,456245b42a,12.2371
7,1,100000,0.918815,0.820920,548146,33785,621,biscoito,93fc6b1337,11.9715
7,2,100000,0.919270,0.819567,548506,33956,621,biscoito,fe4ed09092,12.5038
7,3,100000,0.919270,0.819567,548506,33956,621,biscoito,fe4ed09092,12.5038
7,4,100000,0.919318,0.819798,548626,33827,621,biscoito,5ae54edf19,12.6241
7,5,100000,0.918207,0.821847,547843,33803,621,biscoito,0e7e9fb7ad,12.4117
7,6,100000,0.918695,0.821700,548538,33780,621,biscoito,c3208a6f22,12.6551
7,7,100000,0.919521,0.819757,548697,34015,621,biscoito,86e1a7627e,13.3762
7,8,100000,0.919258,0.821765,548764,33833,621,biscoito,05fba66376,12.2399
7,9,100000,0.919262,0.818673,548488,33965,621,biscoito,552995bdcb,12.3423
7,10,100000,0.918910,0.820360,548174,33777,621,biscoito,e17063dd66,12.2015
7,11,100000,0.919266,0.819539,548517,33955,621,biscoito,e9535cd6fb,12.0819
7,12,100000,0.918902,0.820006,548684,33919,621,biscoito,20c804c8c2,12.2645
7,13,100000,0.919278,0.819535,548682,33910,621,biscoito,2be246ceca,12.5578
7,14,100000,0.918815,0.820920,548146,33785,621,biscoito,93fc6b1337,11.9715
7,15,100000,0.920197,0.819347,548830,34020,621,biscoito,f201228b08,12.2824
7,16,100000,0.918615,0.822650,548123,33850,621,biscoito,0cf43cddca,12.1306
7,17,100000,0.919849,0.815888,548666,33817,620,biscoito,2c78c51927,12.3312
7,18,100000,0.919478,0.820712,548837,33900,621,biscoito,21989da1c5,12.1886
7,19,100000,0.919138,0.822071,548511,33861,621,biscoito,fe887c5a8e,12.5427
8,0,100000,0.918615,0.822650,548123,33850,621,biscoito,0cf43cddca,12.1306
8,1,100000,0.919138,0.822071,548511,33861,621,biscoito,fe887c5a8e,12.5427
8,2,100000,0.919258,0.821765,548764,33833,621,biscoito,05fba66376,12.2399
8,3,100000,0.918902,0.820006,548684,33919,621,biscoito,20c804c8c2,12.2645
8,4,100000,0.918447,0.822576,547915,33820,622,biscoito,d49a39eb75,12.2341
8,5,100000,0.918803,0.820938,548079,33787,621,biscoito,b1d825e08a,12.5085
8,6,100000,0.919258,0.821765,548764,33833,621,biscoito,05fba66376,12.2399
8,7,100000,0.919270,0.819567,548506,33956,621,biscoito,fe4ed09092,12.5038
8,8,100000,0.919018,0.817300,548411,33923,621,biscoito,a70a8cb16a,12.4313
8,9,100000,0.918954,0.821256,548337,33904,621,biscoito,669f1d9fe4,12.1391
8,10,100000,0.918795,0.821123,548131,33808,621,biscoito,970ac8ce3a,12.5832
8,11,100000,0.919326,0.821919,548521,33840,621,biscoito,6a0436713a,12.0931
8,12,100000,0.919258,0.821765,548764,33833,621,biscoito,05fba66376,12.2399
8,13,100000,0.919258,0.821765,548764,33833,621,biscoito,05fba66376,12.2399
8,14,100000,0.918910,0.820360,548174,33777,621,biscoito,e17063dd66,12.2015
8,15,100000,0.919234,0.821818,548734,33849,621,biscoito,456245b42a,12.2371
8,16,100000,0.919270,0.819567,548506,33956,621,biscoito,fe4ed09092,12.5038
8,17,100000,0.918207,0.821847,547843,33803,621,biscoito,0e7e9fb7ad,12.4117
8,18,100000,0.916738,0.815646,547951,33614,620,biscoito,88e4b01b6c,12.2343
8,19,100000,0.918906,0.822601,548310,33834,621,biscoito,6d8477939b,12.5923
9,0,100000,0.918615,0.822650,548123,33850,621,biscoito,0cf43cddca,12.1306
9,1,100000,0.918906,0.822601,548310,33834,621,biscoito,6d8477939b,12.5923
9,2,100000,0.918411,0.822899,547962,33810,622,biscoito,f27a987f7f,12.2370
9,3,100000,0.918399,0.821776,547846,33793,622,biscoito,63460dbb54,13.3454
9,4,100000,0.919326,0.821919,548521,33840,621,biscoito,6a0436713a,12.0931
9,5,100000,0.919270,0.819567,548506,33956,621,biscoito,fe4ed09092,12.5038
9,6,100000,0.918906,0.822601,548310,33834,621,biscoito,6d8477939b,12.5923
9,7,100000,0.918906,0.822601,548310,33834,621,biscoito,6d8477939b,12.5923
9,8,100000,0.918367,0.817613,548452,33661,621,biscoito,e5025513f7,12.1265
9,9,100000,0.918519,0.822916,548064,33832,621,biscoito,09da42b6dd,12.4386
9,10,100000,0.918854,0.821413,548414,33859,621,biscoito,009e4f1662,12.6439
9,11,100000,0.918922,0.822076,548252,33879,621,biscoito,98e4404e16,12.6548
9,12,100000,0.919034,0.823429,548297,33840,621,biscoito,b2c3e28170,12.2230
9,13,100000,0.918906,0.822601,548310,33834,621,biscoito,6d8477939b,12.5923
9,14,100000,0.918878,0.822047,548466,33876,621,biscoito,e0cb5d2c34,12.1513
9,15,100000,0.918727,0.819139,548406,33837,621,biscoito,8bf7178433,12.2565
9,16,100000,0.918623,0.822090,547946,33836,621,biscoito,35f19a44cc,12.2031
9,17,100000,0.919062,0.821007,547969,33864,620,biscoito,28050fcca7,13.5435
9,18,100000,0.919138,0.822071,548511,33861,621,biscoito,fe887c5a8e,12.5427
9,19,100000,0.918803,0.820938,548079,33787,621,biscoito,b1d825e08a,12.5085
10,0,100000,0.919034,0.823429,548297,33840,621,biscoito,b2c3e28170,12.2230
10,1,100000,0.918519,0.822916,548064,33832,621,biscoito,09da42b6dd,12.4386
10,2,100000,0.918751,0.822342,548048,33818,621,biscoito,36899fb70f,13.2241
10,3,100000,0.918623,0.822090,547946,33836,621,biscoito,35f19a44cc,12.2031
10,4,100000,0.918383,0.822563,547991,33801,622,biscoito,486f8df8b6,12.3100
10,5,100000,0.918563,0.822997,548084,33865,621,biscoito,ac219daf04,12.1093
10,6,100000,0.918387,0.822538,548245,33895,622,biscoito,b434e5bbe8,12.1494
10,7,100000,0.918012,0.823153,547892,33718,621,biscoito,4ea4b3dc47,12.6733
10,8,100000,0.918623,0.822508,548103,33842,621,biscoito,46648ddfde,12.0117
10,9,100000,0.918854,0.822601,548362,33845,621,biscoito,e56662b13c,12.6191
10,10,100000,0.918411,0.822899,547962,33810,622,biscoito,f27a987f7f,12.2370
10,11,100000,0.918411,0.822899,547962,33810,622,biscoito,f27a987f7f,12.2370
10,12,100000,0.919122,0.822496,548261,33856,621,biscoito,f18c094479,12.1523
10,13,100000,0.918683,0.821534,547963,33737,621,biscoito,92993e3a37,12.2282
10,14,100000,0.918555,0.823122,548015,33799,622,biscoito,e54cb52819,12.1438
10,15,100000,0.918807,0.823085,548297,33847,621,biscoito,a49e5e2c27,12.3042
10,16,100000,0.918910,0.822181,548254,33877,621,biscoito,11eff4cabd,12.7203
10,17,100000,0.918627,0.822092,547944,33839,621,biscoito,a30208943d,12.1506
10,18,100000,0.918922,0.822076,548252,33879,621,biscoito,98e4404e16,12.6548
10,19,100000,0.918922,0.822076,548252,33879,621,biscoito,98e4404e16,12.6548
11,0,100000,0.919034,0.823429,548297,33840,621,biscoito,b2c3e28170,12.2230
11,1,100000,0.918012,0.823153,547892,33718,621,biscoito,4ea4b3dc47,12.6733
11,2,100000,0.918659,0.824110,547599,33792,622,biscoito,ea4e3cd178,13.4561
11,3,100000,0.918132,0.824031,548111,33739,622,biscoito,bbbc041886,12.2913
11,4,100000,0.919102,0.822607,548307,33901,621,biscoito,155a422a8c,12.6892
11,5,100000,0.918870,0.821178,547861,33851,621,biscoito,c14be1512c,12.3863
11,6,100000,0.918922,0.823812,548232,33888,622,biscoito,6c6fd3193d,12.3400
11,7,100000,0.917760,0.818514,547483,33708,621,biscoito,26418baec9,12.9353
11,8,100000,0.918643,0.822003,548017,33831,621,biscoito,c1ba605833,12.1771
11,9,100000,0.918483,0.823089,547857,33858,622,biscoito,43af379c31,12.2032
11,10,100000,0.918163,0.821046,547552,33715,621,biscoito,f67d1155a4,12.1055
11,11,100000,0.918571,0.823227,548199,33842,621,biscoito,365e1d8b1a,12.2225
11,12,100000,0.918607,0.823212,547883,33844,621,biscoito,f851b74e9c,12.2325
11,13,100000,0.918575,0.822946,548103,33846,621,biscoito,72a9911b77,12.0786
11,14,100000,0.917948,0.821170,547782,33802,621,biscoito,dc8e8964a3,12.6979
11,15,100000,0.919018,0.824925,548187,33861,622,biscoito,8734a56316,12.1363
11,16,100000,0.918519,0.822916,548064,33832,621,biscoito,09da42b6dd,12.4386
11,17,100000,0.918627,0.822092,547944,33839,621,biscoito,a30208943d,12.1506
11,18,100000,0.918954,0.822250,548254,33849,621,biscoito,cb58dad30a,12.5760
11,19,100000,0.918603,0.823210,548116,33841,621,biscoito,c9bd62a32f,12.2995
12,0,100000,0.919018,0.824925,548187,33861,622,biscoito,8734a56316,12.1363
12,1,100000,0.918659,0.824110,547599,33792,622,biscoito,ea4e3cd178,13.4561
12,2,100000,0.918659,0.824110,547599,33792,622,biscoito,ea4e3cd178,13.4561
12,3,100000,0.919018,0.824925,548187,33861,622,biscoito,8734a56316,12.1363
12,4,100000,0.918511,0.822357,548194,33801,621,biscoito,72f6c557fe,12.1442
12,5,100000,0.918767,0.823513,548269,33907,621,biscoito,90c08a500d,12.2231
12,6,100000,0.918842,0.822483,548215,33895,621,biscoito,1bbc92574f,12.6022
12,7,100000,0.918727,0.825029,547679,33825,622,biscoito,942bcb8bbb,12.4727
12,8,100000,0.918387,0.823674,547845,33747,622,biscoito,22badf9ab7,12.1027
12,9,100000,0.918559,0.824846,548195,33844,622,biscoito,88dced71d5,12.1569
12,10,100000,0.918966,0.824181,548203,33868,622,biscoito,45668299ed,12.2222
12,11,100000,0.918323,0.817517,548270,33712,619,biscoito,1446f8d9bc,12.1984
12,12,100000,0.918607,0.823212,547883,33844,621,biscoito,f851b74e9c,12.2325
12,13,100000,0.919018,0.824925,548187,33861,622,biscoito,8734a56316,12.1363
12,14,100000,0.919018,0.824925,548187,33861,622,biscoito,8734a56316,12.1363
12,15,100000,0.919018,0.824925,548187,33861,622,biscoito,8734a56316,12.1363
12,16,100000,0.919014,0.824845,548173,33899,622,biscoito,b611a765a1,13.7370
12,17,100000,0.919110,0.823671,548239,33886,622,biscoito,b5bcc94d9a,12.4225
12,18,100000,0.918056,0.823724,548172,33733,622,biscoito,756e1debc0,12.2488
12,19,100000,0.918950,0.823779,548271,33896,622,biscoito,da816f0e9d,12.3290
13,0,100000,0.918727,0.825029,547679,33825,622,biscoito,942bcb8bbb,12.4727
13,1,100000,0.919018,0.824925,548187,33861,622,biscoito,8734a56316,12.1363
13,2,100000,0.918559,0.824846,548195,33844,622,biscoito,88dced71d5,12.1569
13,3,100000,0.919078,0.824229,548223,33853,622,biscoito,b2c61ffbcd,12.6716
13,4,100000,0.918307,0.823619,547537,33806,622,biscoito,449dc956e5,12.3081
13,5,100000,0.918679,0.825028,548184,33847,622,biscoito,85e4e72619,12.2693
13,6,100000,0.918906,0.824758,548176,33824,622,biscoito,2a28af1952,12.2386
13,7,100000,0.918559,0.823129,547923,33823,622,biscoito,f6d387e95d,12.1772
13,8,100000,0.918723,0.824969,548246,33860,622,biscoito,66a23a14f1,12.4818
13,9,100000,0.918771,0.824175,548050,33811,622,biscoito,cce9612d01,12.2242
13,10,100000,0.919018,0.824925,548187,33861,622,biscoito,8734a56316,12.1363
13,11,100000,0.919018,0.824925,548187,33861,622,biscoito,8734a56316,12.1363
13,12,100000,0.919018,0.824925,548187,33861,622,biscoito,8734a56316,12.1363
13,13,100000,0.918986,0.824581,548161,33850,622,biscoito,4ecbca04b0,12.0053
13,14,100000,0.919018,0.824925,548187,33861,622,biscoito,8734a56316,12.1363
13,15,100000,0.919018,0.824925,548187,33861,622,biscoito,8734a56316,12.1363
13,16,100000,0.918862,0.824661,547952,33919,622,biscoito,dce3e9136b,12.3065
13,17,100000,0.919102,0.824462,548236,33886,622,biscoito,011cf46210,13.2867
13,18,100000,0.919018,0.824925,548187,33861,622,biscoito,8734a56316,12.1363
13,19,100000,0.918866,0.823564,548193,33872,622,biscoito,1524831349,13.0122
14,0,100000,0.918727,0.825029,547679,33825,622,biscoito,942bcb8bbb,12.4727
14,1,100000,0.918679,0.825028,548184,33847,622,biscoito,85e4e72619,12.2693
14,2,100000,0.918687,0.824243,548262,33835,622,biscoito,1d690c5199,12.4247
14,3,100000,0.918667,0.822891,547949,33824,621,biscoito,7068428d61,12.3787
14,4,100000,0.918779,0.824701,548086,33804,622,biscoito,8626126002,12.9710
14,5,100000,0.918890,0.825813,548238,33898,622,biscoito,f5206f0ad8,12.6796
14,6,100000,0.918842,0.824860,548215,33868,622,biscoito,7da9640cde,12.4462
14,7,100000,0.918723,0.824743,548224,33863,622,biscoito,9ff1419316,11.9520
14,8,100000,0.919018,0.824925,548187,33861,622,biscoito,8734a56316,12.1363
14,9,100000,0.919018,0.824925,548187,33861,622,biscoito,8734a56316,12.1363
14,10,100000,0.918862,0.824720,548260,33869,621,biscoito,409e05e043,12.0772
14,11,100000,0.918735,0.822971,548104,33848,621,biscoito,e4cc82521b,12.2344
14,12,100000,0.919122,0.824696,548156,33895,622,biscoito,2b69f3ea71,12.7888
14,13,100000,0.919018,0.824925,548187,33861,622,biscoito,8734a56316,12.1363
14,14,100000,0.918519,0.824557,548118,33856,622,biscoito,a0d7e2e0dc,12.2243
14,15,100000,0.918683,0.824634,548308,33840,622,biscoito,f48991404f,12.3214
14,16,100000,0.919058,0.825744,548252,33868,622,biscoito,27256ac0ac,12.1869
14,17,100000,0.918651,0.822434,548200,33844,621,biscoito,6181874830,12.0802
14,18,100000,0.919118,0.824811,548275,33896,622,biscoito,5a91d80ce8,13.0821
14,19,100000,0.919110,0.824452,548241,33881,622,biscoito,be1e5d48ed,12.9251
15,0,100000,0.918890,0.825813,548238,33898,622,biscoito,f5206f0ad8,12.6796
15,1,100000,0.919058,0.825744,548252,33868,622,biscoito,27256ac0ac,12.1869
15,2,100000,0.918727,0.825029,547679,33825,622,biscoito,942bcb8bbb,12.4727
15,3,100000,0.918679,0.825028,548184,33847,622,biscoito,85e4e72619,12.2693
15,4,100000,0.918763,0.824083,547958,33806,622,biscoito,9a155e8a46,12.4420
15,5,100000,0.918779,0.824348,548201,33852,622,biscoito,9a6cf14d93,12.3096
15,6,100000,0.919018,0.824925,548187,33861,622,biscoito,8734a56316,12.1363
15,7,100000,0.919018,0.824925,548187,33861,622,biscoito,8734a56316,12.1363
15,8,100000,0.918850,0.825297,548209,33892,622,biscoito,38baff54ab,12.4064
15,9,100000,0.918862,0.824377,548125,33882,622,biscoito,b1006f0b30,12.1003
15,10,100000,0.918679,0.825028,548184,33847,622,biscoito,85e4e72619,12.2693
15,11,100000,0.919018,0.824925,548187,33861,622,biscoito,8734a56316,12.1363
15,12,100000,0.919078,0.825827,548248,33861,622,biscoito,d2df9d6c23,12.3889
15,13,100000,0.918842,0.824877,548222,33871,622,biscoito,08fb17951d,12.0246
15,14,100000,0.919058,0.825748,548266,33874,622,biscoito,e2f859be93,12.7770
15,15,100000,0.919142,0.824834,548267,33890,622,biscoito,f093d21c6a,14.0272
15,16,100000,0.919046,0.824509,548171,33813,622,biscoito,776bb6ceb0,17.7222
15,17,100000,0.918551,0.824934,548216,33838,622,biscoito,7b0336775c,18.7280
15,18,100000,0.918727,0.825029,547679,33825,622,biscoito,942bcb8bbb,12.4727
15,19,100000,0.918727,0.825029,547679,33825,622,biscoito,942bcb8bbb,12.4727
16,0,100000,0.919078,0.825827,548248,33861,622,biscoito,d2df9d6c23,12.3889
16,1,100000,0.918890,0.825813,548238,33898,622,biscoito,f5206f0ad8,12.6796
16,2,100000,0.919058,0.825748,548266,33874,622,biscoito,e2f859be93,12.7770
16,3,100000,0.919058,0.825748,548266,33874,622,biscoito,e2f859be93,12.7770
16,4,100000,0.918591,0.824492,548135,33825,622,biscoito,909982d4b3,20.0393
16,5,100000,0.918663,0.825112,547579,33833,622,biscoito,da5b0222f6,18.8846
16,6,100000,0.918683,0.825668,548000,33820,622,biscoito,064fd52458,18.9990
16,7,100000,0.918767,0.825442,548122,33852,622,biscoito,b18548db1a,20.1268
16,8,100000,0.918587,0.823871,547570,33848,622,biscoito,d1f17a5078,21.3035
16,9,100000,0.918831,0.825060,548209,33874,622,biscoito,da0ffd7abd,20.1530
16,10,100000,0.918659,0.824436,547695,33845,622,biscoito,8a432d0287,19.7449
16,11,100000,0.918962,0.826355,548259,33879,622,biscoito,4fc4b11c3a,19.4002
16,12,100000,0.918603,0.824961,547894,33833,622,biscoito,d688b925f2,19.0674
16,13,100000,0.918819,0.824943,547878,33859,622,biscoito,184594c75c,19.1076
16,14,100000,0.918854,0.825596,548322,33889,622,biscoito,f911bb9bca,19.5582
16,15,100000,0.918795,0.825875,548197,33879,622,biscoito,5c4e20f020,19.5201
16,16,100000,0.918719,0.823970,547777,33832,622,biscoito,7abfe506d1,19.3638
16,17,100000,0.919042,0.826628,548318,33927,622,biscoito,f571df069c,19.2129
16,18,100000,0.918703,0.824956,547754,33831,622,biscoito,b688a00dc8,19.9689
16,19,100000,0.919030,0.825519,548192,33803,622,biscoito,36cfe56082,18.9246
17,0,100000,0.919042,0.826628,548318,33927,622,biscoito,f571df069c,19.2129
17,1,100000,0.918962,0.826355,548259,33879,622,biscoito,4fc4b11c3a,19.4002
17,2,100000,0.918671,0.826304,548161,33923,622,biscoito,ca79902e81,20.2885
17,3,100000,0.918527,0.824355,547873,33818,622,biscoito,687fc6539b,19.3825
17,4,100000,0.918890,0.825691,548300,33897,622,biscoito,6167416e5e,20.0170
17,5,100000,0.919062,0.826252,548417,33870,622,biscoito,b0c86896c3,19.6604
17,6,100000,0.918914,0.826069,548179,33872,622,biscoito,58f793d5c7,20.0564
17,7,100000,0.918974,0.826992,548251,33870,622,biscoito,00920987de,19.9165
17,8,100000,0.918715,0.825484,548080,33843,622,biscoito,e82383dca5,19.5342
17,9,100000,0.918966,0.825767,548387,33887,622,biscoito,3252dd80ad,19.2730
17,10,100000,0.918850,0.826533,548213,33895,622,biscoito,4e2711f3af,20.7445
17,11,100000,0.918946,0.825504,548281,33871,622,biscoito,c84240ea65,19.8454
17,12,100000,0.918795,0.825561,548186,33873,622,biscoito,7446752665,19.3399
17,13,100000,0.919026,0.825707,548224,33813,622,biscoito,d711fd6566,19.8227
17,14,100000,0.918854,0.825596,548322,33889,622,biscoito,f911bb9bca,19.5582
17,15,100000,0.919078,0.825827,548248,33861,622,biscoito,d2df9d6c23,12.3889
17,16,100000,0.919042,0.826628,548318,33927,622,biscoito,f571df069c,19.2129
17,17,100000,0.919042,0.826628,548318,33927,622,biscoito,f571df069c,19.2129
17,18,100000,0.918970,0.826375,548360,33831,622,biscoito,b4f2d06c24,19.5328
17,19,100000,0.918811,0.825909,548220,33915,622,biscoito,a4ca4075dc,19.3642
18,0,100000,0.918974,0.826992,548251,33870,622,biscoito,00920987de,19.9165
18,1,100000,0.919042,0.826628,548318,33927,622,biscoito,f571df069c,19.2129
18,2,100000,0.919042,0.826628,548318,33927,622,biscoito,f571df069c,19.2129
18,3,100000,0.919042,0.826628,548318,33927,622,biscoito,f571df069c,19.2129
18,4,100000,0.918930,0.826972,548215,33857,622,biscoito,57f3d59e52,20.3368
18,5,100000,0.918862,0.825847,548228,33897,622,biscoito,dcd360b9d1,19.6161
18,6,100000,0.918966,0.827462,548293,33921,622,biscoito,2364a19bb5,20.2598
18,7,100000,0.918910,0.825778,548260,33848,622,biscoito,b005ea3c5c,20.1476
18,8,100000,0.918870,0.825698,548220,33871,622,biscoito,0ffbe95d3e,20.2110
18,9,100000,0.918978,0.827095,548273,33924,622,biscoito,6b0e4c0642,20.6344
18,10,100000,0.919026,0.826135,548388,33896,622,biscoito,40084e1adc,19.8052
18,11,100000,0.919042,0.827001,548277,33915,622,biscoito,dcde501cc8,19.6009
18,12,100000,0.919042,0.826628,548318,33927,622,biscoito,f571df069c,19.2129
18,13,100000,0.919042,0.826628,548318,33927,622,biscoito,f571df069c,19.2129
18,14,100000,0.918667,0.826123,548175,33922,622,biscoito,a29b2c4f75,19.4875
18,15,100000,0.918850,0.826533,548213,33895,622,biscoito,4e2711f3af,20.7445
18,16,100000,0.919062,0.826252,548413,33870,622,biscoito,2c9a11bafe,20.6929
18,17,100000,0.918974,0.826996,548256,33871,622,biscoito,11608737cf,20.0426
18,18,100000,0.919042,0.826628,548318,33927,622,biscoito,f571df069c,19.2129
18,19,100000,0.918671,0.826304,548161,33923,622,biscoito,ca79902e81,20.2885
19,0,100000,0.918966,0.827462,548293,33921,622,biscoito,2364a19bb5,20.2598
19,1,100000,0.918978,0.827095,548273,33924,622,biscoito,6b0e4c0642,20.6344
19,2,100000,0.918998,0.826951,548256,33917,622,biscoito,67f6a1ebce,19.9300
19,3,100000,0.918990,0.826711,548301,33923,622,biscoito,fd649e9ec3,19.5840
19,4,100000,0.918974,0.826996,548253,33871,622,biscoito,a6bb849652,17.4973
19,5,100000,0.918974,0.826993,548253,33871,622,biscoito,9b95574468,13.0403
19,6,100000,0.918926,0.826934,548273,33875,622,biscoito,65cce585b9,12.6980
19,7,100000,0.918894,0.827020,548158,33840,622,biscoito,f815efd70b,12.6784
19,8,100000,0.918998,0.827099,548278,33921,622,biscoito,9121336a70,12.4734
19,9,100000,0.919070,0.826072,548441,33902,621,biscoito,665bc93f9f,12.3670
19,10,100000,0.919062,0.826980,548323,33914,622,biscoito,c5fb0e6b81,12.2067
19,11,100000,0.919038,0.826766,548375,33933,622,biscoito,273c28b06c,13.0005
19,12,100000,0.918994,0.826172,548146,33849,622,biscoito,b7869decfd,15.9861
19,13,100000,0.918982,0.827172,548329,33956,622,biscoito,8c942e59e8,14.8288
19,14,100000,0.919006,0.827006,548301,33929,622,biscoito,9e49ee526f,12.8004
19,15,100000,0.919066,0.827054,548143,33831,622,biscoito,de4cb7f6bb,13.3903
19,16,100000,0.919034,0.827276,548261,33938,622,biscoito,7d0cf586a1,12.4235
19,17,100000,0.918914,0.825673,548448,33859,622,biscoito,7f0590e2e0,12.4354
19,18,100000,0.918890,0.827740,548185,33920,622,biscoito,1f54d39e39,13.1305
19,19,100000,0.918930,0.826259,548194,33880,622,biscoito,2521705fa4,12.4429
20,0,100000,0.918890,0.827740,548185,33920,622,biscoito,1f54d39e39,13.1305
20,1,100000,0.918966,0.827462,548293,33921,622,biscoito,2364a19bb5,20.2598
20,2,100000,0.919026,0.826760,548390,33935,622,biscoito,f83340c6c0,13.0110
20,3,100000,0.918898,0.826253,548289,33886,622,biscoito,c965002739,12.3389
20,4,100000,0.918998,0.826538,548258,33872,622,biscoito,26e1deafd1,12.3992
20,5,100000,0.919066,0.827046,548182,33835,622,biscoito,6c202a0fe9,12.3881
20,6,100000,0.918882,0.826897,548204,33916,622,biscoito,faa9b58ee0,12.4833
20,7,100000,0.918926,0.827172,548211,33928,622,biscoito,126342cf59,12.4057
20,8,100000,0.918994,0.827055,548278,33932,622,biscoito,6d2d1ebfeb,12.1850
20,9,100000,0.918974,0.827470,548297,33922,622,biscoito,01e050f36d,12.2999
20,10,100000,0.918982,0.827172,548329,33956,622,biscoito,8c942e59e8,14.8288
20,11,100000,0.918731,0.827296,548302,33928,622,biscoito,842ac6a72f,12.0881
20,12,100000,0.919090,0.827569,548269,33961,622,biscoito,cd509d2f92,12.5215
20,13,100000,0.918743,0.826516,548211,33914,622,biscoito,aafeb0b772,12.7046
20,14,100000,0.919022,0.827896,548262,33943,622,biscoito,8475d44e51,11.9499
20,15,100000,0.918823,0.827732,548206,33929,622,biscoito,2fc1f28b07,12.2935
20,16,100000,0.918890,0.827771,548225,33921,622,biscoito,6bdcceaa4f,12.2026
20,17,100000,0.918906,0.826998,548370,33890,622,biscoito,ebaed1944e,12.9364
20,18,100000,0.919062,0.826817,548295,33947,622,biscoito,3141c3c512,12.4199
20,19,100000,0.919062,0.827330,548351,33924,622,biscoito,7bd48424e0,12.1593
21,0,100000,0.919022,0.827896,548262,33943,622,biscoito,8475d44e51,11.9499
21,1,100000,0.918890,0.827771,548225,33921,622,biscoito,6bdcceaa4f,12.2026
21,2,100000,0.919022,0.827896,548262,33943,622,biscoito,8475d44e51,11.9499
21,3,100000,0.918954,0.827716,548276,33925,622,biscoito,801b970be3,12.6883
21,4,100000,0.918783,0.826821,548164,33924,622,biscoito,a6b119f203,12.4111
21,5,100000,0.918735,0.827490,548336,33938,622,biscoito,4ab2cf203d,13.0611
21,6,100000,0.918962,0.827455,548313,33955,622,biscoito,e6e60b2933,12.3480
21,7,100000,0.919106,0.827432,548274,33959,622,biscoito,3a93575084,12.2952
21,8,100000,0.918823,0.827561,548254,33927,622,biscoito,b9d761be37,12.3704
21,9,100000,0.918862,0.827620,548280,33928,622,biscoito,6fc9a6bf9e,12.6063
21,10,100000,0.918890,0.827771,548225,33921,622,biscoito,6bdcceaa4f,12.2026
21,11,100000,0.919090,0.827569,548269,33961,622,biscoito,cd509d2f92,12.5215
21,12,100000,0.918914,0.827879,548189,33929,622,biscoito,971c22b6b5,12.2967
21,13,100000,0.918886,0.827824,548269,33912,622,biscoito,55b85dfb62,12.5193
21,14,100000,0.918890,0.827771,548225,33921,622,biscoito,6bdcceaa4f,12.2026
21,15,100000,0.918890,0.827771,548225,33921,622,biscoito,6bdcceaa4f,12.2026
21,16,100000,0.919022,0.827896,548262,33943,622,biscoito,8475d44e51,11.9499
21,17,100000,0.918982,0.827172,548329,33956,622,biscoito,8c942e59e8,14.8288
21,18,100000,0.918918,0.828110,548261,33944,622,biscoito,a13dbf972d,12.1686
21,19,100000,0.919070,0.828150,548193,33925,622,biscoito,687bc7cd98,12.4971
22,0,100000,0.919070,0.828150,548193,33925,622,biscoito,687bc7cd98,12.4971
22,1,100000,0.918918,0.828110,548261,33944,622,biscoito,a13dbf972d,12.1686
22,2,100000,0.918854,0.827671,548263,33922,622,biscoito,7ea04b4805,12.6927
22,3,100000,0.918882,0.827367,548203,33919,622,biscoito,d80e8e6994,12.5079
22,4,100000,0.918902,0.827187,548173,33925,622,biscoito,8155d0c8ae,12.2373
22,5,100000,0.918914,0.827644,548345,33940,622,biscoito,ab03c105a3,12.7575
22,6,100000,0.918914,0.827909,548201,33928,622,biscoito,447b4f30f8,12.0782
22,7,100000,0.918854,0.827792,548272,33912,622,biscoito,fc13ac3f6d,12.6741
22,8,100000,0.918886,0.827824,548269,33912,622,biscoito,55b85dfb62,12.5193
22,9,100000,0.918918,0.828110,548261,33944,622,biscoito,a13dbf972d,12.1686
22,10,100000,0.919070,0.828150,548193,33925,622,biscoito,687bc7cd98,12.4971
22,11,100000,0.918954,0.827716,548276,33925,622,biscoito,801b970be3,12.6883
22,12,100000,0.918890,0.827771,548225,33921,622,biscoito,6bdcceaa4f,12.2026
22,13,100000,0.919022,0.827896,548262,33943,622,biscoito,8475d44e51,11.9499
22,14,100000,0.919022,0.827896,548262,33943,622,biscoito,8475d44e51,11.9499
22,15,100000,0.919022,0.827896,548262,33943,622,biscoito,8475d44e51,11.9499
22,16,100000,0.918890,0.827771,548225,33921,622,biscoito,6bdcceaa4f,12.2026
22,17,100000,0.918890,0.827771,548225,33921,622,biscoito,6bdcceaa4f,12.2026
22,18,100000,0.919070,0.828150,548193,33925,622,biscoito,687bc7cd98,12.4971
22,19,100000,0.918890,0.827771,548225,33921,622,biscoito,6bdcceaa4f,12.2026
23,0,100000,0.919070,0.828150,548193,33925,622,biscoito,687bc7cd98,12.4971
23,1,100000,0.919070,0.828150,548193,33925,622,biscoito,687bc7cd98,12.4971
23,2,100000,0.918970,0.827820,548297,33938,622,biscoito,3d2ee2e9e8,12.1527
23,3,100000,0.918898,0.828130,548225,33943,622,biscoito,652f85d82b,12.0602
23,4,100000,0.919070,0.828150,548193,33925,622,biscoito,687bc7cd98,12.4971
23,5,100000,0.919070,0.828150,548193,33925,622,biscoito,687bc7cd98,12.4971
23,6,100000,0.919138,0.828267,548190,33929,622,biscoito,7c5e5c383b,13.5641
23,7,100000,0.918926,0.828033,548265,33948,622,biscoito,6c3f0e7ac6,12.7864
23,8,100000,0.919014,0.827560,548323,33942,622,biscoito,adfdaef3e6,12.3061
23,9,100000,0.918858,0.827808,548184,33919,622,biscoito,44d8b5d6fb,12.0608
23,10,100000,0.918918,0.828110,548261,33944,622,biscoito,a13dbf972d,12.1686
23,11,100000,0.919022,0.827896,548262,33943,622,biscoito,8475d44e51,11.9499
23,12,100000,0.918966,0.828027,548198,33928,622,biscoito,0310e0e13e,12.1318
23,13,100000,0.918803,0.826488,548153,33922,622,biscoito,010b91facb,12.1422
23,14,100000,0.919070,0.828150,548193,33925,622,biscoito,687bc7cd98,12.4971
23,15,100000,0.919042,0.827986,548101,33930,622,biscoito,516dd68fa4,13.3562
23,16,100000,0.919086,0.828169,548169,33923,622,biscoito,b49d488ff2,12.2045
23,17,100000,0.919070,0.827332,548291,33908,622,biscoito,bd341645ee,12.1072
23,18,100000,0.919058,0.827833,548239,33927,622,biscoito,d233190047,12.1248
23,19,100000,0.918998,0.828302,548192,33927,622,biscoito,5ecefb6fb9,12.6853
24,0,100000,0.918998,0.828302,548192,33927,622,biscoito,5ecefb6fb9,12.6853
24,1,100000,0.919138,0.828267,548190,33929,622,biscoito,7c5e5c383b,13.5641
24,2,100000,0.918998,0.828302,548192,33927,622,biscoito,5ecefb6fb9,12.6853
24,3,100000,0.919070,0.828150,548193,33925,622,biscoito,687bc7cd98,12.4971
24,4,100000,0.919086,0.828026,548262,33920,622,biscoito,692c418511,12.9586
24,5,100000,0.918914,0.826991,548269,33894,622,biscoito,1ab5fa15e5,12.2786
24,6,100000,0.918966,0.828027,548198,33928,622,biscoito,0310e0e13e,12.1318
24,7,100000,0.919070,0.828150,548193,33925,622,biscoito,687bc7cd98,12.4971
24,8,100000,0.918926,0.828033,548265,33948,622,biscoito,6c3f0e7ac6,12.7864
24,9,100000,0.919086,0.828169,548169,33923,622,biscoito,b49d488ff2,12.2045
24,10,100000,0.918962,0.827873,548267,33930,622,biscoito,b7e661eae3,12.1411
24,11,100000,0.919078,0.827630,548179,33897,622,biscoito,80ca44272c,12.0885
24,12,100000,0.919062,0.828231,548190,33924,622,biscoito,54e725bdfe,12.4216
24,13,100000,0.918994,0.828097,548286,33941,622,biscoito,3bed3627ce,12.3331
24,14,100000,0.919094,0.828078,548227,33928,622,biscoito,5f75c0a63d,12.1399
24,15,100000,0.919090,0.827479,548259,33910,622,biscoito,cd03307c88,11.9322
24,16,100000,0.919046,0.827913,548160,33920,622,biscoito,43acc8e10a,12.2388
24,17,100000,0.918950,0.827222,548310,33925,622,biscoito,2f6d9c7a71,12.4322
24,18,100000,0.919154,0.828259,548185,33924,622,biscoito,6529c93149,12.1475
24,19,100000,0.919046,0.827957,548200,33925,622,biscoito,d8c88450d7,12.0284
25,0,100000,0.918998,0.828302,548192,33927,622,biscoito,5ecefb6fb9,12.6853
25,1,100000,0.918998,0.828302,548192,33927,622,biscoito,5ecefb6fb9,12.6853
25,2,100000,0.918974,0.828047,548200,33929,622,biscoito,9b7ca9a590,12.1080
25,3,100000,0.918998,0.828302,548195,33928,622,biscoito,c2c8ea1c5a,12.0128
25,4,100000,0.919150,0.828262,548195,33925,622,biscoito,09bedd4bf8,12.8218
25,5,100000,0.919086,0.828112,548185,33922,622,biscoito,57115610ee,12.5918
25,6,100000,0.918946,0.827600,548187,33914,622,biscoito,e47d7f7238,12.1384
25,7,100000,0.919126,0.828146,548234,33946,622,biscoito,4eb0df8115,12.0495
25,8,100000,0.918998,0.828302,548192,33927,622,biscoito,5ecefb6fb9,12.6853
25,9,100000,0.918994,0.828097,548286,33941,622,biscoito,3bed3627ce,12.3331
25,10,100000,0.918962,0.827873,548267,33930,622,biscoito,b7e661eae3,12.1411
25,11,100000,0.919070,0.828150,548193,33925,622,biscoito,687bc7cd98,12.4971
25,12,100000,0.918986,0.826412,548118,33929,622,biscoito,ae2966ce79,12.3215
25,13,100000,0.918994,0.828097,548286,33941,622,biscoito,3bed3627ce,12.3331
25,14,100000,0.919186,0.828301,548236,33931,622,biscoito,d6f884fc2d,12.4767
25,15,100000,0.919110,0.828085,548215,33926,622,biscoito,996a31a6eb,12.0717
25,16,100000,0.919074,0.828160,548192,33924,622,biscoito,d7b115e15e,12.2964
25,17,100000,0.919170,0.827620,548085,33929,622,biscoito,13af6618c5,12.4990
25,18,100000,0.919074,0.828227,548166,33923,622,biscoito,937eed7d19,12.4325
25,19,100000,0.918994,0.828229,548198,33929,622,biscoito,3f5e323678,12.1186
26,0,100000,0.918998,0.828302,548192,33927,622,biscoito,5ecefb6fb9,12.6853
26,1,100000,0.918998,0.828302,548192,33927,622,biscoito,5ecefb6fb9,12.6853
26,2,100000,0.919010,0.828679,548160,33943,622,biscoito,c464956f49,12.6574
26,3,100000,0.919138,0.828245,548194,33926,622,biscoito,ffff4ff1e3,12.1364
26,4,100000,0.918998,0.828302,548192,33927,622,biscoito,5ecefb6fb9,12.6853
26,5,100000,0.919050,0.827479,548133,33935,622,biscoito,28456c0394,12.3704
26,6,100000,0.919074,0.828227,548165,33922,622,biscoito,1249aacf17,12.5994
26,7,100000,0.919070,0.828150,548193,33925,622,biscoito,687bc7cd98,12.4971
26,8,100000,0.919098,0.828285,548232,33931,622,biscoito,b6af8dea23,12.2912
26,9,100000,0.919054,0.828247,548174,33924,622,biscoito,4b776610f3,12.0966
26,10,100000,0.918998,0.828302,548192,33927,622,biscoito,5ecefb6fb9,12.6853
26,11,100000,0.919186,0.828301,548236,33931,622,biscoito,d6f884fc2d,12.4767
26,12,100000,0.918962,0.827981,548334,33947,622,biscoito,d68e39ec57,12.3597
26,13,100000,0.919190,0.828572,548198,33930,622,biscoito,33793f5e75,12.4818
26,14,100000,0.919114,0.828164,548201,33923,622,biscoito,7d45645803,12.4552
26,15,100000,0.919058,0.828258,548186,33932,622,biscoito,1fcc1a8907,12.2066
26,16,100000,0.919070,0.828150,548193,33925,622,biscoito,687bc7cd98,12.4971
26,17,100000,0.919070,0.828150,548193,33925,622,biscoito,687bc7cd98,12.4971
26,18,100000,0.919074,0.828160,548192,33924,622,biscoito,d7b115e15e,12.2964
26,19,100000,0.919074,0.828160,548193,33924,622,biscoito,b08e5d0242,12.0451
27,0,100000,0.919010,0.828679,548160,33943,622,biscoito,c464956f49,12.6574
27,1,100000,0.919190,0.828572,548198,33930,622,biscoito,33793f5e75,12.4818
27,2,100000,0.919098,0.828285,548232,33931,622,biscoito,b6af8dea23,12.2912
27,3,100000,0.919190,0.828572,548198,33930,622,biscoito,33793f5e75,12.4818
27,4,100000,0.919342,0.828085,548236,33899,622,biscoito,e6e4ebeddd,12.2561
27,5,100000,0.919018,0.828714,548136,33943,622,biscoito,a0c8a14d81,12.1897
27,6,100000,0.919198,0.828620,548195,33929,622,biscoito,5ee20907bd,12.9291
27,7,100000,0.918982,0.828240,548207,33930,622,biscoito,35e5fb85f0,12.2361
27,8,100000,0.919058,0.828258,548186,33932,622,biscoito,1fcc1a8907,12.2066
27,9,100000,0.918998,0.828302,548192,33927,622,biscoito,5ecefb6fb9,12.6853
27,10,100000,0.919010,0.828679,548160,33943,622,biscoito,c464956f49,12.6574
27,11,100000,0.919058,0.828258,548186,33932,622,biscoito,1fcc1a8907,12.2066
27,12,100000,0.919058,0.828258,548186,33932,622,biscoito,1fcc1a8907,12.2066
27,13,100000,0.918998,0.828302,548192,33927,622,biscoito,5ecefb6fb9,12.6853
27,14,100000,0.918966,0.828285,548208,33922,622,biscoito,1ed689f690,12.1879
27,15,100000,0.919038,0.828532,548198,33934,622,biscoito,d55da9e99f,12.2814
27,16,100000,0.919170,0.828433,548196,33927,622,biscoito,e1c18e22f3,13.3062
27,17,100000,0.919006,0.827409,548244,33935,622,biscoito,9c764d97a7,12.3388
27,18,100000,0.918998,0.828302,548192,33927,622,biscoito,5ecefb6fb9,12.6853
27,19,100000,0.918998,0.828302,548192,33927,622,biscoito,5ecefb6fb9,12.6853
28,0,100000,0.919018,0.828714,548136,33943,622,biscoito,a0c8a14d81,12.1897
28,1,100000,0.919010,0.828679,548160,33943,622,biscoito,c464956f49,12.6574
28,2,100000,0.918998,0.828302,548192,33927,622,biscoito,5ecefb6fb9,12.6853
28,3,100000,0.919190,0.828572,548198,33930,622,biscoito,33793f5e75,12.4818
28,4,100000,0.918803,0.828019,548152,33926,622,biscoito,cf38bd7771,12.2910
28,5,100000,0.919218,0.828813,548246,33931,622,biscoito,39e29ea171,12.1141
28,6,100000,0.919170,0.828433,548196,33927,622,biscoito,e1c18e22f3,13.3062
28,7,100000,0.919018,0.828714,548136,33943,622,biscoito,a0c8a14d81,12.1897
28,8,100000,0.919094,0.828022,548194,33938,622,biscoito,6017d16b10,12.1657
28,9,100000,0.919150,0.829316,548136,33931,622,biscoito,b129fd4c93,12.5003
28,10,100000,0.919206,0.829268,548204,33924,622,biscoito,fc3437f40e,12.0092
28,11,100000,0.918994,0.827995,548141,33942,622,biscoito,04014e0180,12.2056
28,12,100000,0.918998,0.828254,548088,33944,622,biscoito,a0813e4fe2,12.0556
28,13,100000,0.919210,0.829053,548256,33924,622,biscoito,e9c8d16c2a,12.1689
28,14,100000,0.919010,0.828679,548160,33943,622,biscoito,c464956f49,12.6574
28,15,100000,0.919010,0.828679,548160,33943,622,biscoito,c464956f49,12.6574
28,16,100000,0.918946,0.828941,548210,33929,622,biscoito,9a1ee1d840,12.4044
28,17,100000,0.919050,0.827988,548131,33938,622,biscoito,3ade96eed7,12.2058
28,18,100000,0.919018,0.828714,548136,33943,622,biscoito,a0c8a14d81,12.1897
28,19,100000,0.919010,0.828679,548160,33943,622,biscoito,c464956f49,12.6574
29,0,100000,0.919150,0.829316,548136,33931,622,biscoito,b129fd4c93,12.5003
29,1,100000,0.919206,0.829268,548204,33924,622,biscoito,fc3437f40e,12.0092
29,2,100000,0.918946,0.828852,548192,33940,622,biscoito,0a2e8c552e,12.1481
29,3,100000,0.919034,0.828266,548252,33933,622,biscoito,991f349995,12.6281
29,4,100000,0.918990,0.829118,548185,33928,622,biscoito,903e887d3a,12.3424
29,5,100000,0.918982,0.827769,548102,33939,622,biscoito,5076774852,12.0091
29,6,100000,0.919014,0.827775,548140,33940,622,biscoito,9f573be97f,12.1249
29,7,100000,0.919046,0.828237,548237,33933,622,biscoito,e250f0227f,12.0405
29,8,100000,0.919010,0.828679,548160,33943,622,biscoito,c464956f49,12.6574
29,9,100000,0.919218,0.828813,548246,33931,622,biscoito,39e29ea171,12.1141
29,10,100000,0.919126,0.829282,548212,33925,622,biscoito,d7abd0cc32,12.0801
29,11,100000,0.918870,0.828483,548182,33917,622,biscoito,3bb87be292,14.0421
29,12,100000,0.919134,0.828386,548181,33943,622,biscoito,22310589c0,13.0352
29,13,100000,0.919138,0.828092,548194,33928,622,biscoito,628818b8ac,12.1197
29,14,100000,0.919018,0.828714,548136,33943,622,biscoito,a0c8a14d81,12.1897
29,15,100000,0.919206,0.829268,548204,33924,622,biscoito,fc3437f40e,12.0092
29,16,100000,0.919018,0.828714,548136,33943,622,biscoito,a0c8a14d81,12.1897
29,17,100000,0.919018,0.828714,548136,33943,622,biscoito,a0c8a14d81,12.1897
29,18,100000,0.919182,0.829193,548120,33938,622,biscoito,1db962d242,12.3327
29,19,100000,0.919242,0.829612,548213,33928,622,biscoito,a96b1affaa,12.6807
30,0,100000,0.919242,0.829612,548213,33928,622,biscoito,a96b1affaa,12.6807
30,1,100000,0.919150,0.829316,548136,33931,622,biscoito,b129fd4c93,12.5003
30,2,100000,0.919066,0.828712,548211,33924,622,biscoito,605208867e,12.4414
30,3,100000,0.919198,0.829126,548238,33922,622,biscoito,2f58c773d8,12.1097
30,4,100000,0.919242,0.829612,548213,33928,622,biscoito,a96b1affaa,12.6807
30,5,100000,0.919034,0.828266,548252,33933,622,biscoito,991f349995,12.6281
30,6,100000,0.919202,0.828826,548170,33935,622,biscoito,3f88b5865b,12.1219
30,7,100000,0.919190,0.829458,548287,33939,622,biscoito,3ce8e6d5fc,12.0634
30,8,100000,0.918938,0.828858,548182,33933,622,biscoito,0173fc91f5,12.4083
30,9,100000,0.918950,0.828975,548215,33933,622,biscoito,da9cef4f24,11.9885
30,10,100000,0.918946,0.828723,548147,33917,622,biscoito,06c84628ff,12.4584
30,11,100000,0.918962,0.828942,548218,33927,622,biscoito,aa4c0a7dda,12.0262
30,12,100000,0.919018,0.828636,548182,33945,622,biscoito,e7f30428c5,12.0072
30,13,100000,0.919290,0.829425,548124,33930,622,biscoito,00bb096e2c,12.4877
30,14,100000,0.919046,0.829164,548203,33950,622,biscoito,eda581ef9d,12.0858
30,15,100000,0.918990,0.828374,548263,33912,622,biscoito,30abfd7122,11.9250
30,16,100000,0.919202,0.829439,548161,33943,622,biscoito,fda4690655,12.3724
30,17,100000,0.919270,0.828203,548228,33941,622,biscoito,888a753d1f,16.1721
30,18,100000,0.919206,0.829268,548204,33924,622,biscoito,fc3437f40e,12.0092
30,19,100000,0.919206,0.829268,548204,33924,622,biscoito,fc3437f40e,12.0092
31,0,100000,0.919242,0.829612,548213,33928,622,biscoito,a96b1affaa,12.6807
31,1,100000,0.919242,0.829612,548213,33928,622,biscoito,a96b1affaa,12.6807
31,2,100000,0.918938,0.828858,548182,33933,622,biscoito,0173fc91f5,12.4083
31,3,100000,0.918962,0.828942,548218,33927,622,biscoito,aa4c0a7dda,12.0262
31,4,100000,0.919194,0.829059,548235,33919,622,biscoito,efb0489d38,14.6410
31,5,100000,0.919206,0.828685,548176,33932,622,biscoito,d683c6a6ad,13.9328
31,6,100000,0.919046,0.829164,548203,33950,622,biscoito,eda581ef9d,12.0858
31,7,100000,0.919150,0.829316,548136,33931,622,biscoito,b129fd4c93,12.5003
31,8,100000,0.919186,0.827662,548181,33907,621,biscoito,c537f1e499,12.4953
31,9,100000,0.919238,0.829375,548141,33918,622,biscoito,9317f4704c,12.2763
31,10,100000,0.919174,0.829626,548270,33961,622,biscoito,0e2729176d,13.3668
31,11,100000,0.919106,0.828820,548209,33928,622,biscoito,afe9b4e132,12.5533
31,12,100000,0.919202,0.829439,548161,33943,622,biscoito,fda4690655,12.3724
31,13,100000,0.919206,0.829268,548204,33924,622,biscoito,fc3437f40e,12.0092
31,14,100000,0.918966,0.828637,548097,33933,622,biscoito,885c5042e0,12.2186
31,15,100000,0.919082,0.828881,548250,33923,622,biscoito,a444409450,12.4633
31,16,100000,0.919206,0.829471,548260,33944,622,biscoito,f085a6f10f,12.1641
31,17,100000,0.919178,0.829023,548193,33921,622,biscoito,9f58fc9677,13.1188
31,18,100000,0.919254,0.829617,548122,33943,622,biscoito,ab36e8b2b3,12.0393
31,19,100000,0.919230,0.829102,548254,33926,622,biscoito,4190612edc,12.0945
32,0,100000,0.919174,0.829626,548270,33961,622,biscoito,0e2729176d,13.3668
32,1,100000,0.919254,0.829617,548122,33943,622,biscoito,ab36e8b2b3,12.0393
32,2,100000,0.919182,0.829028,548220,33927,622,biscoito,c4bf713691,12.0378
32,3,100000,0.919238,0.829469,548272,33939,622,biscoito,b1c8ba4ae1,12.2891
32,4,100000,0.919174,0.829626,548270,33961,622,biscoito,0e2729176d,13.3668
32,5,100000,0.919174,0.829626,548270,33961,622,biscoito,0e2729176d,13.3668
32,6,100000,0.919186,0.829272,548177,33933,622,biscoito,b22761c349,12.0915
32,7,100000,0.919186,0.828921,548229,33921,622,biscoito,5b233c9594,12.0278
32,8,100000,0.919146,0.829041,548208,33935,622,biscoito,81994ccdca,12.1524
32,9,100000,0.919186,0.829531,548245,33944,622,biscoito,d8b5dc4d78,11.9902
32,10,100000,0.919102,0.829329,548187,33951,622,biscoito,16ed4c0012,12.2597
32,11,100000,0.919022,0.828221,548218,33928,622,biscoito,91d75b63c0,12.7247
32,12,100000,0.919202,0.829439,548165,33941,622,biscoito,dabe6d62ce,11.9417
32,13,100000,0.919150,0.829316,548136,33932,622,biscoito,1ba740eadb,11.9302
32,14,100000,0.919238,0.829578,548245,33931,622,biscoito,c4e52ed0af,11.9111
32,15,100000,0.919282,0.829492,548153,33911,622,biscoito,755c5f6f33,12.4377
32,16,100000,0.919294,0.829069,548162,33929,622,biscoito,5048619e29,11.9399
32,17,100000,0.919238,0.829375,548141,33918,622,biscoito,9317f4704c,12.2763
32,18,100000,0.919062,0.828873,548137,33902,622,biscoito,87a7195371,12.0650
32,19,100000,0.919354,0.829583,548151,33902,622,biscoito,33682da0c2,12.0401
33,0,100000,0.919174,0.829626,548270,33961,622,biscoito,0e2729176d,13.3668
33,1,100000,0.919174,0.829626,548270,33961,622,biscoito,0e2729176d,13.3668
33,2,100000,0.919154,0.829371,548160,33944,622,biscoito,d1b632ea09,12.5312
33,3,100000,0.919318,0.829441,548119,33910,622,biscoito,a987a482e2,12.9624
33,4,100000,0.919222,0.829542,548125,33912,622,biscoito,fd1cee1fe7,12.0986
33,5,100000,0.919238,0.829051,548179,33941,622,biscoito,fa651b2651,12.2269
33,6,100000,0.919154,0.829698,548201,33943,622,biscoito,88684615a3,12.5164
33,7,100000,0.919238,0.829550,548170,33954,622,biscoito,83fc4a64ba,12.2015
33,8,100000,0.919142,0.828233,548314,33938,622,biscoito,7a1d38fcf8,12.6421
33,9,100000,0.919254,0.829370,548039,33925,622,biscoito,c7d17a6225,12.1645
33,10,100000,0.919214,0.829580,548306,33961,622,biscoito,c2b619eee6,11.9233
33,11,100000,0.919154,0.829356,548158,33943,622,biscoito,6e4c11dc48,12.0576
33,12,100000,0.919589,0.828607,548111,33951,622,biscoito,ae6f964f6d,12.3621
33,13,100000,0.919134,0.829180,548231,33918,622,biscoito,c97f4548a0,12.2029
33,14,100000,0.919174,0.829626,548270,33961,622,biscoito,0e2729176d,13.3668
33,15,100000,0.919174,0.829626,548270,33961,622,biscoito,0e2729176d,13.3668
33,16,100000,0.919174,0.829626,548270,33961,622,biscoito,0e2729176d,13.3668
33,17,100000,0.919174,0.829626,548270,33961,622,biscoito,0e2729176d,13.3668
33,18,100000,0.919238,0.829469,548272,33939,622,biscoito,b1c8ba4ae1,12.2891
33,19,100000,0.918994,0.827759,548292,33952,622,biscoito,c751e996ad,12.0221
34,0,100000,0.919154,0.829698,548201,33943,622,biscoito,88684615a3,12.5164
34,1,100000,0.919174,0.829626,548270,33961,622,biscoito,0e2729176d,13.3668
34,2,100000,0.919174,0.829626,548270,33961,622,biscoito,0e2729176d,13.3668
34,3,100000,0.919082,0.829433,548142,33945,622,biscoito,6258257c11,12.3481
34,4,100000,0.919154,0.829698,548201,33943,622,biscoito,88684615a3,12.5164
34,5,100000,0.919214,0.829580,548306,33961,622,biscoito,c2b619eee6,11.9233
34,6,100000,0.919418,0.829990,548199,33913,622,biscoito,a2ca54b0e8,12.2428
34,7,100000,0.919174,0.829625,548272,33959,622,biscoito,2a30a58c49,12.5541
34,8,100000,0.919174,0.829626,548270,33961,622,biscoito,0e2729176d,13.3668
34,9,100000,0.919174,0.829626,548270,33961,622,biscoito,0e2729176d,13.3668
34,10,100000,0.919174,0.829626,548270,33961,622,biscoito,0e2729176d,13.3668
34,11,100000,0.919174,0.829626,548270,33961,622,biscoito,0e2729176d,13.3668
34,12,100000,0.919154,0.829508,548215,33935,622,biscoito,c2bca7b162,12.1765
34,13,100000,0.919158,0.829405,548180,33933,622,biscoito,48eb9199de,12.0461
34,14,100000,0.919254,0.829453,548214,33950,622,biscoito,a7dc39f5ce,12.6129
34,15,100000,0.919178,0.828584,548248,33938,622,biscoito,0e75af9cba,12.6257
34,16,100000,0.919174,0.829626,548270,33961,622,biscoito,0e2729176d,13.3668
34,17,100000,0.919174,0.829626,548270,33961,622,biscoito,0e2729176d,13.3668
34,18,100000,0.919174,0.829626,548270,33961,622,biscoito,0e2729176d,13.3668
34,19,100000,0.919174,0.829626,548270,33961,622,biscoito,0e2729176d,13.3668
35,0,100000,0.919418,0.829990,548199,33913,622,biscoito,a2ca54b0e8,12.2428
35,1,100000,0.919154,0.829698,548201,33943,622,biscoito,88684615a3,12.5164
35,2,100000,0.919174,0.829626,548270,33961,622,biscoito,0e2729176d,13.3668
35,3,100000,0.919174,0.829626,548270,33961,622,biscoito,0e2729176d,13.3668
35,4,100000,0.919138,0.829021,548274,33985,622,biscoito,a0ed063cd9,12.6218
35,5,100000,0.919154,0.829698,548201,33943,622,biscoito,88684615a3,12.5164
35,6,100000,0.919174,0.829626,548270,33961,622,biscoito,0e2729176d,13.3668
35,7,100000,0.919174,0.829626,548270,33961,622,biscoito,0e2729176d,13.3668
35,8,100000,0.919174,0.829626,548270,33961,622,biscoito,0e2729176d,13.3668
35,9,100000,0.919174,0.829626,548270,33961,622,biscoito,0e2729176d,13.3668
35,10,100000,0.919154,0.829669,548273,33961,622,biscoito,10b71d8fda,12.1594
35,11,100000,0.919134,0.829616,548191,33937,622,biscoito,245bc35cdf,12.0092
35,12,100000,0.919210,0.829732,548200,33957,622,biscoito,14902876ea,12.2359
35,13,100000,0.919158,0.829430,548255,33949,622,biscoito,7f3f77b0e2,12.9404
35,14,100000,0.919154,0.829698,548201,33943,622,biscoito,88684615a3,12.5164
35,15,100000,0.919154,0.829698,548201,33943,622,biscoito,88684615a3,12.5164
35,16,100000,0.919174,0.829626,548270,33961,622,biscoito,0e2729176d,13.3668
35,17,100000,0.919174,0.829626,548270,33961,622,biscoito,0e2729176d,13.3668
35,18,100000,0.919154,0.829698,548201,33943,622,biscoito,88684615a3,12.5164
35,19,100000,0.919174,0.829626,548270,33961,622,biscoito,0e2729176d,13.3668
36,0,100000,0.919418,0.829990,548199,33913,622,biscoito,a2ca54b0e8,12.2428
36,1,100000,0.919210,0.829732,548200,33957,622,biscoito,14902876ea,12.2359
36,2,100000,0.919174,0.829626,548272,33961,622,biscoito,0fe7632db9,12.3402
36,3,100000,0.919154,0.829698,548197,33943,622,biscoito,c4444f246b,12.0925
36,4,100000,0.919174,0.829626,548270,33961,622,biscoito,0e2729176d,13.3668
36,5,100000,0.919210,0.829732,548200,33957,622,biscoito,14902876ea,12.2359
36,6,100000,0.919186,0.829605,548219,33962,622,biscoito,1af2c8b074,12.1071
36,7,100000,0.919142,0.829662,548246,33954,622,biscoito,01227094b7,12.6668
36,8,100000,0.919174,0.829626,548270,33961,622,biscoito,bfa08cfd05,12.8554
36,9,100000,0.919154,0.829698,548202,33943,622,biscoito,c97f6dd8c3,12.2729
36,10,100000,0.919162,0.829715,548196,33944,622,biscoito,9980f38b1a,12.0849
36,11,100000,0.919202,0.829715,548208,33956,622,biscoito,69b7fa20cb,12.0587
36,12,100000,0.919154,0.829698,548201,33943,622,biscoito,88684615a3,12.5164
36,13,100000,0.919154,0.829698,548201,33943,622,biscoito,88684615a3,12.5164
36,14,100000,0.919210,0.829732,548200,33957,622,biscoito,14902876ea,12.2359
36,15,100000,0.919210,0.829732,548200,33957,622,biscoito,14902876ea,12.2359
36,16,100000,0.919318,0.830012,548331,33955,622,biscoito,13c4baea3f,11.9857
36,17,100000,0.919258,0.829535,548040,33908,622,biscoito,faa1e2a7ee,12.3756
36,18,100000,0.919170,0.829812,548216,33908,622,biscoito,4766fb278c,12.1343
36,19,100000,0.919154,0.829698,548201,33943,622,biscoito,88684615a3,12.5164
37,0,100000,0.919318,0.830012,548331,33955,622,biscoito,13c4baea3f,11.9857
37,1,100000,0.919418,0.829990,548199,33913,622,biscoito,a2ca54b0e8,12.2428
37,2,100000,0.919358,0.829879,548301,33946,622,biscoito,d867e6bac5,12.2544
37,3,100000,0.919218,0.829708,548044,33914,622,biscoito,7d036c424d,12.9756
37,4,100000,0.919366,0.830112,548300,33948,622,biscoito,57d74ceeeb,15.5792
37,5,100000,0.919246,0.829804,548301,33925,622,biscoito,9ebedd5727,12.5275
37,6,100000,0.919394,0.829714,548186,33925,622,biscoito,de322ac93b,12.2662
37,7,100000,0.919226,0.830004,548219,33945,622,biscoito,d08f9ec56e,12.1440
37,8,100000,0.919202,0.829715,548207,33956,622,biscoito,e6044aaf99,12.1281
37,9,100000,0.919154,0.829698,548204,33943,622,biscoito,2038fc0ba5,12.7931
37,10,100000,0.919418,0.829990,548199,33913,622,biscoito,a2ca54b0e8,12.2428
37,11,100000,0.919418,0.829990,548199,33913,622,biscoito,a2ca54b0e8,12.2428
37,12,100000,0.919202,0.829715,548208,33956,622,biscoito,69b7fa20cb,12.0587
37,13,100000,0.919202,0.829715,548208,33956,622,biscoito,69b7fa20cb,12.0587
37,14,100000,0.919210,0.829901,548217,33920,622,biscoito,67edbb9018,12.0567
37,15,100000,0.919378,0.829887,548215,33906,622,biscoito,34279b0004,12.1051
37,16,100000,0.919210,0.829732,548200,33957,622,biscoito,14902876ea,12.2359
37,17,100000,0.919210,0.829732,548200,33957,622,biscoito,14902876ea,12.2359
37,18,100000,0.919206,0.829063,548188,33935,622,biscoito,8ddf42090e,12.1352
37,19,100000,0.919186,0.829533,548168,33927,622,biscoito,1f1313f8f0,12.0500
38,0,100000,0.919366,0.830112,548300,33948,622,biscoito,57d74ceeeb,15.5792
38,1,100000,0.919318,0.830012,548331,33955,622,biscoito,13c4baea3f,11.9857
38,2,100000,0.919318,0.830012,548331,33955,622,biscoito,13c4baea3f,11.9857
38,3,100000,0.919378,0.829887,548215,33906,622,biscoito,34279b0004,12.1051
38,4,100000,0.919418,0.829990,548199,33913,622,biscoito,a2ca54b0e8,12.2428
38,5,100000,0.919366,0.830112,548300,33948,622,biscoito,57d74ceeeb,15.5792
38,6,100000,0.919226,0.830004,548219,33945,622,biscoito,d08f9ec56e,12.1440
38,7,100000,0.919366,0.830112,548300,33948,622,biscoito,57d74ceeeb,15.5792
38,8,100000,0.919378,0.829887,548215,33906,622,biscoito,34279b0004,12.1051
38,9,100000,0.919318,0.830012,548331,33955,622,biscoito,13c4baea3f,11.9857
38,10,100000,0.919418,0.829990,548199,33913,622,biscoito,a2ca54b0e8,12.2428
38,11,100000,0.919418,0.829990,548199,33913,622,biscoito,a2ca54b0e8,12.2428
38,12,100000,0.919366,0.830112,548300,33948,622,biscoito,57d74ceeeb,15.5792
38,13,100000,0.919378,0.829887,548215,33906,622,biscoito,34279b0004,12.1051
38,14,100000,0.919226,0.830004,548219,33945,622,biscoito,d08f9ec56e,12.1440
38,15,100000,0.919226,0.830004,548219,33945,622,biscoito,d08f9ec56e,12.1440
38,16,100000,0.919210,0.829688,548276,33910,622,biscoito,f7d80c045c,13.0633
38,17,100000,0.919442,0.830034,548207,33921,622,biscoito,c7259164ec,12.5706
38,18,100000,0.919202,0.829730,548192,33961,622,biscoito,631a01b355,12.2244
38,19,100000,0.919338,0.830096,548304,33944,622,biscoito,ce542cc9dc,12.1378
39,0,100000,0.919366,0.830112,548300,33948,622,biscoito,57d74ceeeb,15.5792
39,1,100000,0.919366,0.830112,548300,33948,622,biscoito,57d74ceeeb,15.5792
39,2,100000,0.919366,0.830112,548300,33948,622,biscoito,57d74ceeeb,15.5792
39,3,100000,0.919442,0.830034,548207,33921,622,biscoito,c7259164ec,12.5706
39,4,100000,0.919418,0.829960,548215,33923,622,biscoito,9ea9bd3140,12.7138
39,5,100000,0.919122,0.829705,548263,33925,622,biscoito,5c030b0187,12.1873
39,6,100000,0.919426,0.830386,548196,33923,622,biscoito,7573bcbe58,12.0501
39,7,100000,0.919286,0.829824,548295,33908,622,biscoito,41c0ee2de2,12.1168
39,8,100000,0.919290,0.829679,548287,33938,622,biscoito,15217a43c9,12.0380
39,9,100000,0.919402,0.830162,548352,33965,622,biscoito,87616706f2,12.4669
39,10,100000,0.919142,0.829281,548261,33969,622,biscoito,f6b7d0f434,12.1171
39,11,100000,0.919645,0.828557,548288,33887,621,biscoito,b078fa957d,12.6815
39,12,100000,0.919394,0.829603,548275,33938,622,biscoito,55a763df06,11.9657
39,13,100000,0.919166,0.829891,548195,33954,622,biscoito,b4823ab739,12.2632
39,14,100000,0.919442,0.830034,548207,33921,622,biscoito,c7259164ec,12.5706
39,15,100000,0.919366,0.830112,548300,33948,622,biscoito,57d74ceeeb,15.5792
39,16,100000,0.919366,0.830112,548300,33948,622,biscoito,57d74ceeeb,15.5792
39,17,100000,0.919366,0.830112,548300,33948,622,biscoito,57d74ceeeb,15.5792
39,18,100000,0.919366,0.830112,548300,33948,622,biscoito,57d74ceeeb,15.5792
39,19,100000,0.919442,0.830034,548207,33921,622,biscoito,c7259164ec,12.5706
40,0,100000,0.919426,0.830386,548196,33923,622,biscoito,7573bcbe58,12.0501
40,1,100000,0.919402,0.830162,548352,33965,622,biscoito,87616706f2,12.4669
40,2,100000,0.919474,0.829694,548221,33931,622,biscoito,54e541d4ed,12.4514
40,3,100000,0.919322,0.830052,548277,33947,622,biscoito,49c7eb4dd4,12.0081
40,4,100000,0.919450,0.830520,548296,33944,622,biscoito,0672cbf71d,12.3171
40,5,100000,0.919378,0.830014,548278,33952,622,biscoito,23e164af2d,12.2465
40,6,100000,0.919406,0.829885,548304,33968,622,biscoito,59a7c7dfb8,12.8030
40,7,100000,0.919318,0.830269,548299,33945,622,biscoito,7a83568a49,12.1905
40,8,100000,0.919402,0.830162,548352,33965,622,biscoito,87616706f2,12.4669
40,9,100000,0.919442,0.830034,548207,33921,622,biscoito,c7259164ec,12.5706
40,10,100000,0.919382,0.829285,548273,33952,622,biscoito,cbf1e78bef,12.1570
40,11,100000,0.919366,0.830112,548300,33948,622,biscoito,57d74ceeeb,15.5792
40,12,100000,0.919478,0.829943,548220,33916,622,biscoito,00a1ade653,11.9725
40,13,100000,0.919354,0.829990,548302,33958,622,biscoito,60afafcc76,12.0618
40,14,100000,0.919366,0.830112,548300,33948,622,biscoito,57d74ceeeb,15.5792
40,15,100000,0.919366,0.830112,548300,33948,622,biscoito,57d74ceeeb,15.5792
40,16,100000,0.919378,0.828110,548249,33970,622,biscoito,5ef06d7556,12.8227
40,17,100000,0.919533,0.830339,548217,33942,622,biscoito,e722e24074,12.7397
40,18,100000,0.919366,0.830112,548300,33948,622,biscoito,57d74ceeeb,15.5792
40,19,100000,0.919366,0.830112,548300,33948,622,biscoito,57d74ceeeb,15.5792
41,0,100000,0.919450,0.830520,548296,33944,622,biscoito,0672cbf71d,12.3171
41,1,100000,0.919426,0.830386,548196,33923,622,biscoito,7573bcbe58,12.0501
41,2,100000,0.919366,0.830112,548300,33948,622,biscoito,57d74ceeeb,15.5792
41,3,100000,0.919318,0.830269,548299,33945,622,biscoito,7a83568a49,12.1905
41,4,100000,0.919414,0.830197,548308,33945,622,biscoito,b4e2ab73ca,12.4166
41,5,100000,0.919386,0.830238,548329,33958,622,biscoito,cc7a03c100,12.3151
41,6,100000,0.919553,0.830477,548172,33940,622,biscoito,e35816ad96,12.2853
41,7,100000,0.919402,0.830235,548248,33925,622,biscoito,c6187913df,12.8136
41,8,100000,0.919466,0.830149,548294,33955,622,biscoito,803b128c55,12.8378
41,9,100000,0.919382,0.830141,548218,33931,622,biscoito,a0eaddf5dc,12.2400
41,10,100000,0.919366,0.830112,548300,33948,622,biscoito,57d74ceeeb,15.5792
41,11,100000,0.919366,0.830112,548300,33948,622,biscoito,57d74ceeeb,15.5792
41,12,100000,0.919182,0.829398,548211,33965,622,biscoito,2d2d6f6950,12.0674
41,13,100000,0.919442,0.829840,548251,33919,622,biscoito,a35cf9a7d5,12.4968
41,14,100000,0.919326,0.829868,548281,33961,622,biscoito,e276c30774,11.9090
41,15,100000,0.919470,0.830080,548275,33958,622,biscoito,73f68e8d5a,12.2737
41,16,100000,0.919442,0.830528,548293,33929,622,biscoito,cb0860ca4f,12.2318
41,17,100000,0.919454,0.830573,548254,33938,622,biscoito,5bf7baccd1,12.3065
41,18,100000,0.919406,0.829885,548304,33968,622,biscoito,59a7c7dfb8,12.8030
41,19,100000,0.919366,0.830112,548300,33948,622,biscoito,57d74ceeeb,15.5792
42,0,100000,0.919454,0.830573,548254,33938,622,biscoito,5bf7baccd1,12.3065
42,1,100000,0.919442,0.830528,548293,33929,622,biscoito,cb0860ca4f,12.2318
42,2,100000,0.919346,0.830612,548324,33946,622,biscoito,81318a03cd,13.2405
42,3,100000,0.919458,0.829851,548255,33953,622,biscoito,c81808469c,12.2670
42,4,100000,0.919302,0.830272,548308,33987,622,biscoito,5a51c4802b,12.3065
42,5,100000,0.919466,0.830566,548295,33950,622,biscoito,5eeb9e4bdd,12.6815
42,6,100000,0.919418,0.830539,548280,33940,622,biscoito,7e627b7878,12.1138
42,7,100000,0.919214,0.829505,548539,33907,622,biscoito,9dad58b3b4,13.2140
42,8,100000,0.919426,0.830386,548196,33923,622,biscoito,7573bcbe58,12.0501
42,9,100000,0.919386,0.830238,548329,33958,622,biscoito,cc7a03c100,12.3151
42,10,100000,0.919478,0.830481,548256,33936,622,biscoito,671ef74b63,12.0904
42,11,100000,0.919422,0.830405,548294,33928,622,biscoito,e7de8ff3cd,12.2516
42,12,100000,0.919438,0.830518,548294,33930,622,biscoito,f348bbc1ce,12.0535
42,13,100000,0.919370,0.830122,548296,33947,622,biscoito,69ad14b520,12.3530
42,14,100000,0.919442,0.830528,548293,33929,622,biscoito,cb0860ca4f,12.2318
42,15,100000,0.919553,0.830477,548172,33940,622,biscoito,e35816ad96,12.2853
42,16,100000,0.919633,0.830166,548192,33949,622,biscoito,85a7139d23,12.6899
42,17,100000,0.919274,0.830479,548274,33938,622,biscoito,f913981889,12.1893
42,18,100000,0.919434,0.830796,548197,33954,622,biscoito,6435190250,12.7925
42,19,100000,0.919557,0.830241,548238,33938,622,biscoito,a6cbb1fbee,12.9241
43,0,100000,0.919434,0.830796,548197,33954,622,biscoito,6435190250,12.7925
43,1,100000,0.919346,0.830612,548324,33946,622,biscoito,81318a03cd,13.2405
43,2,100000,0.919438,0.830518,548294,33930,622,biscoito,f348bbc1ce,12.0535
43,3,100000,0.919434,0.830796,548197,33954,622,biscoito,6435190250,12.7925
43,4,100000,0.919454,0.830963,548356,33936,622,biscoito,c067b39cf7,12.8241
43,5,100000,0.919478,0.830481,548256,33936,622,biscoito,671ef74b63,12.0904
43,6,100000,0.919490,0.830642,548317,33940,622,biscoito,91911d063a,13.1666
43,7,100000,0.919406,0.830524,548275,33943,622,biscoito,8bafd004ef,13.1542
43,8,100000,0.919458,0.830569,548215,33951,622,biscoito,4290ad67a7,12.0895
43,9,100000,0.919541,0.830781,548289,33937,622,biscoito,79395add2a,12.2701
43,10,100000,0.919454,0.830573,548254,33938,622,biscoito,5bf7baccd1,12.3065
43,11,100000,0.919454,0.830573,548254,33938,622,biscoito,5bf7baccd1,12.3065
43,12,100000,0.919130,0.830025,548204,33974,622,biscoito,8251a78f1d,12.4501
43,13,100000,0.919557,0.829807,548389,33946,622,biscoito,8957a962c0,12.3704
43,14,100000,0.919446,0.830537,548242,33959,622,biscoito,8908fede91,13.2962
43,15,100000,0.919302,0.830827,548320,33947,622,biscoito,243caeba47,12.9345
43,16,100000,0.919466,0.830566,548295,33950,622,biscoito,5eeb9e4bdd,12.6815
43,17,100000,0.919466,0.830566,548295,33950,622,biscoito,5eeb9e4bdd,12.6815
43,18,100000,0.919346,0.830612,548324,33946,622,biscoito,81318a03cd,13.2405
43,19,100000,0.919346,0.830612,548324,33946,622,biscoito,81318a03cd,13.2405
44,0,100000,0.919454,0.830963,548356,33936,622,biscoito,c067b39cf7,12.8241
44,1,100000,0.919302,0.830827,548320,33947,622,biscoito,243caeba47,12.9345
44,2,100000,0.919322,0.830848,548320,33945,622,biscoito,1dddde7e7f,12.6918
44,3,100000,0.919446,0.830698,548178,33958,622,biscoito,5dd9b39aec,12.3896
44,4,100000,0.919478,0.830916,548210,33947,622,biscoito,9381c65fb6,12.2769
44,5,100000,0.919338,0.830527,548301,33957,622,biscoito,8817db9075,12.4203
44,6,100000,0.919446,0.830857,548221,33949,622,biscoito,8891b3d185,13.0441
44,7,100000,0.919410,0.830412,548259,33948,622,biscoito,b8b17e46f1,20.5334
44,8,100000,0.919394,0.831058,548324,33934,622,biscoito,4bc4fda356,19.7236
44,9,100000,0.919278,0.830757,548349,33947,622,biscoito,c3d0e25467,18.8986
44,10,100000,0.919490,0.830601,548298,33945,622,biscoito,b69f26d86d,19.6090
44,11,100000,0.919458,0.830241,548162,33958,622,biscoito,4bf9a6184f,19.2285
44,12,100000,0.919490,0.830642,548317,33940,622,biscoito,91911d063a,13.1666
44,13,100000,0.919541,0.830781,548289,33937,622,biscoito,79395add2a,12.2701
44,14,100000,0.919406,0.830546,548347,33956,622,biscoito,5da7233310,19.9776
44,15,100000,0.919490,0.829520,548249,33953,622,biscoito,50ffb94515,19.3515
44,16,100000,0.919346,0.830612,548324,33946,622,biscoito,81318a03cd,13.2405
44,17,100000,0.919346,0.830612,548324,33946,622,biscoito,81318a03cd,13.2405
44,18,100000,0.919466,0.830738,548256,33957,622,biscoito,86851a1219,18.3440
44,19,100000,0.919270,0.830682,548245,33942,622,biscoito,7a6c6d8900,20.0212
45,0,100000,0.919394,0.831058,548324,33934,622,biscoito,4bc4fda356,19.7236
45,1,100000,0.919454,0.830963,548356,33936,622,biscoito,c067b39cf7,12.8241
45,2,100000,0.919466,0.830738,548256,33957,622,biscoito,86851a1219,18.3440
45,3,100000,0.919270,0.830682,548245,33942,622,biscoito,7a6c6d8900,20.0212
45,4,100000,0.919406,0.830025,548119,33977,622,biscoito,7b1b4e4fc5,18.8000
45,5,100000,0.919466,0.830769,548257,33958,622,biscoito,15184bcbee,19.8753
45,6,100000,0.919510,0.830868,548250,33947,622,biscoito,577b7c4e31,18.9749
45,7,100000,0.919454,0.830689,548261,33953,622,biscoito,f22a7c349f,18.6819
45,8,100000,0.919386,0.830827,548334,33941,622,biscoito,65fa0d0adb,18.7898
45,9,100000,0.919374,0.830967,548341,33940,622,biscoito,9ac1d9cabc,18.7552
45,10,100000,0.919446,0.830689,548310,33949,622,biscoito,f0141ec971,18.7132
45,11,100000,0.919470,0.830838,548194,33959,622,biscoito,3bd28f06f4,20.5049
45,12,100000,0.919302,0.830827,548320,33947,622,biscoito,243caeba47,12.9345
45,13,100000,0.919322,0.830848,548320,33945,622,biscoito,1dddde7e7f,12.6918
45,14,100000,0.919278,0.830757,548349,33947,622,biscoito,c3d0e25467,18.8986
45,15,100000,0.919278,0.830757,548349,33947,622,biscoito,c3d0e25467,18.8986
45,16,100000,0.919314,0.830554,548326,33943,622,biscoito,91e0901019,18.8486
45,17,100000,0.919330,0.830844,548314,33950,622,biscoito,48b7b57765,20.4001
45,18,100000,0.919661,0.830457,548120,33919,622,biscoito,7ca994bc54,18.9687
45,19,100000,0.919545,0.830812,548306,33929,622,biscoito,0d50ce832d,19.1320
46,0,100000,0.919394,0.831058,548324,33934,622,biscoito,4bc4fda356,19.7236
46,1,100000,0.919374,0.830967,548341,33940,622,biscoito,9ac1d9cabc,18.7552
46,2,100000,0.919378,0.830916,548362,33944,622,biscoito,bb458ac56a,21.9723
46,3,100000,0.919258,0.830694,548387,33953,622,biscoito,95b6a467a5,18.8171
46,4,100000,0.919238,0.829401,548279,33941,622,biscoito,4c2e1a3071,19.0451
46,5,100000,0.919438,0.830822,548364,33946,622,biscoito,8a056dea3b,18.5314
46,6,100000,0.919354,0.830860,548358,33940,622,biscoito,99f83fc5a1,19.0368
46,7,100000,0.919553,0.830920,548201,33956,622,biscoito,7543a78a0e,20.2110
46,8,100000,0.919258,0.831077,548407,33956,622,biscoito,5eb26429ea,18.9882
46,9,100000,0.919406,0.830820,548372,33948,622,biscoito,388b8ccb02,18.9382
46,10,100000,0.919510,0.830868,548250,33947,622,biscoito,577b7c4e31,18.9749
46,11,100000,0.919454,0.830963,548356,33936,622,biscoito,c067b39cf7,12.8241
46,12,100000,0.919434,0.831228,548385,33952,622,biscoito,3fa5484511,20.7577
46,13,100000,0.919422,0.830897,548335,33933,622,biscoito,70784a1251,19.8554
46,14,100000,0.919302,0.830797,548346,33942,622,biscoito,f8e35acc0e,18.7892
46,15,100000,0.919537,0.831380,548239,33957,622,biscoito,c86308e51f,18.8929
46,16,100000,0.919246,0.830811,548291,33951,622,biscoito,bfbeea3674,19.6530
46,17,100000,0.919533,0.830839,548313,33937,622,biscoito,359e804c10,19.6052
46,18,100000,0.919346,0.830910,548236,33946,622,biscoito,9ce407ceb3,19.3856
46,19,100000,0.919545,0.830841,548324,33934,622,biscoito,30ae737e62,20.7499
47,0,100000,0.919537,0.831380,548239,33957,622,biscoito,c86308e51f,18.8929
47,1,100000,0.919434,0.831228,548385,33952,622,biscoito,3fa5484511,20.7577
47,2,100000,0.919338,0.831007,548313,33932,622,biscoito,6a3e8335a5,19.1329
47,3,100000,0.919585,0.831340,548271,33963,622,biscoito,ecfd87a87d,19.0776
47,4,100000,0.919422,0.831120,548328,33961,622,biscoito,193a338e42,19.5194
47,5,100000,0.919581,0.831324,548264,33947,622,biscoito,8de935b965,19.4328
47,6,100000,0.919386,0.830843,548372,33921,622,biscoito,8c3b192f58,19.7452
47,7,100000,0.919514,0.830803,548394,33962,622,biscoito,444f3b8c8a,18.8131
47,8,100000,0.919270,0.831614,548508,33999,622,biscoito,5c56a7729c,18.9852
47,9,100000,0.919537,0.831380,548239,33957,622,biscoito,c86308e51f,18.8929
47,10,100000,0.919446,0.830826,548357,33945,622,biscoito,f89ec9f872,18.7089
47,11,100000,0.919510,0.830867,548255,33948,622,biscoito,91fd59c393,18.8130
47,12,100000,0.919278,0.830745,548280,33922,622,biscoito,c3375afa97,17.6844
47,13,100000,0.919633,0.831669,548291,33970,622,biscoito,d464121163,12.5260
47,14,100000,0.919278,0.831119,548284,33985,622,biscoito,d5cb44235a,12.5957
47,15,100000,0.919518,0.831106,548338,33961,622,biscoito,65b705de93,12.7955
47,16,100000,0.919426,0.831357,548340,33945,622,biscoito,7a5c4d69c2,12.9712
47,17,100000,0.919374,0.831776,548384,33946,622,biscoito,c82f2aa092,12.9801
47,18,100000,0.919274,0.831030,548407,33963,622,biscoito,090cebd3a5,12.3230
47,19,100000,0.919565,0.830972,548216,33948,622,biscoito,c30a2ef526,12.4549
48,0,100000,0.919374,0.831776,548384,33946,622,biscoito,c82f2aa092,12.9801
48,1,100000,0.919633,0.831669,548291,33970,622,biscoito,d464121163,12.5260
48,2,100000,0.919454,0.831339,548418,33961,622,biscoito,24c971eb36,12.5168
48,3,100000,0.919653,0.831540,548318,33962,622,biscoito,f6924b5d44,12.2732
48,4,100000,0.919537,0.831380,548239,33957,622,biscoito,c86308e51f,18.8929
48,5,100000,0.919502,0.830328,548351,33939,622,biscoito,0f6f1d7bbc,12.1403
48,6,100000,0.919498,0.831023,548191,33962,622,biscoito,ccf5970561,12.1173
48,7,100000,0.919454,0.831228,548278,33956,622,biscoito,d344c7c1ae,12.5550
48,8,100000,0.919521,0.831111,548330,33964,622,biscoito,11cbad3cd7,13.5523
48,9,100000,0.919274,0.830601,548269,33970,622,biscoito,6b34767307,12.5847
48,10,100000,0.919573,0.830685,548240,33969,622,biscoito,71964ffb0e,12.0706
48,11,100000,0.919410,0.831077,548275,33954,622,biscoito,d7ad4d99fc,12.3881
48,12,100000,0.919633,0.831669,548291,33970,622,biscoito,d464121163,12.5260
48,13,100000,0.919537,0.831380,548239,33957,622,biscoito,c86308e51f,18.8929
48,14,100000,0.919438,0.831369,548340,33972,622,biscoito,313d36ae0a,12.5807
48,15,100000,0.919414,0.829905,548385,33917,622,biscoito,b7feb2f310,12.0958
48,16,100000,0.919673,0.831713,548300,33971,622,biscoito,c746e9e495,12.3242
48,17,100000,0.919342,0.830857,548255,33938,622,biscoito,4827d81637,15.1733
48,18,100000,0.919482,0.831498,548376,33952,622,biscoito,e741b40c15,13.5999
48,19,100000,0.919597,0.830119,548228,33946,621,biscoito,3d13c651c0,12.9469
49,0,100000,0.919374,0.831776,548384,33946,622,biscoito,c82f2aa092,12.9801
49,1,100000,0.919673,0.831713,548300,33971,622,biscoito,c746e9e495,12.3242
49,2,100000,0.919685,0.831606,548276,33960,622,biscoito,7baf20a717,12.4126
49,3,100000,0.919621,0.831640,548418,33976,622,biscoito,f95736dba1,12.0297
49,4,100000,0.919406,0.831075,548272,33951,622,biscoito,cdd75e3b9f,12.7919
49,5,100000,0.919641,0.831672,548294,33973,622,biscoito,62cb30a5f2,12.9343
49,6,100000,0.919422,0.830821,548279,33945,622,biscoito,c6f70d060f,12.2559
49,7,100000,0.919625,0.831925,548287,33979,622,biscoito,c87ca1f456,12.5548
49,8,100000,0.919494,0.829424,548317,33960,622,biscoito,525e56bc1a,15.0212
49,9,100000,0.919673,0.831713,548300,33971,622,biscoito,c746e9e495,12.3242
49,10,100000,0.919370,0.831740,548345,33944,622,biscoito,6cfc5be195,13.2848
49,11,100000,0.919737,0.831611,548359,33975,622,biscoito,a6e7725647,12.6902
49,12,100000,0.919725,0.831919,548379,33973,622,biscoito,38971e7a10,12.7991
49,13,100000,0.919278,0.831560,548259,33951,622,biscoito,d147f4e7b5,12.3581
49,14,100000,0.919370,0.831125,548353,33944,622,biscoito,dc71265b58,12.1698
49,15,100000,0.919593,0.831540,548310,33959,622,biscoito,06162e4a4a,12.9007
49,16,100000,0.919585,0.831422,548340,33963,622,biscoito,1065075f8f,12.7834
49,17,100000,0.919506,0.831532,548334,33960,622,biscoito,0813993882,12.2834
49,18,100000,0.919486,0.830547,548265,33946,622,biscoito,d9d0556025,12.0823
49,19,100000,0.919597,0.831502,548292,33960,622,biscoito,6ee2dfec5e,12.1573
50,0,100000,0.919625,0.831925,548287,33979,622,biscoito,c87ca1f456,12.5548
50,1,100000,0.919725,0.831919,548379,33973,622,biscoito,38971e7a10,12.7991
50,2,100000,0.919354,0.832058,548258,33946,622,biscoito,95dfd66b7f,12.7251
50,3,100000,0.919466,0.831309,548395,33940,622,biscoito,e14deeb600,12.3125
50,4,100000,0.919689,0.831809,548280,33962,622,biscoito,d5a72f71bd,12.3088
50,5,100000,0.919765,0.831521,548389,33964,622,biscoito,b7ac34f357,12.1587
50,6,100000,0.919713,0.831924,548399,33977,622,biscoito,29778eca52,12.2099
50,7,100000,0.919633,0.831632,548409,33973,622,biscoito,21d3b4e0f7,12.9910
50,8,100000,0.919641,0.831936,548343,33971,622,biscoito,b732df4631,12.1255
50,9,100000,0.919366,0.831722,548288,33951,622,biscoito,ffe8f3bc90,12.1912
50,10,100000,0.919701,0.831743,548296,33973,622,biscoito,d9796b7838,11.9847
50,11,100000,0.919657,0.831577,548282,33964,622,biscoito,77564e8408,12.7274
50,12,100000,0.919334,0.831834,548304,33954,622,biscoito,d147a49697,12.3552
50,13,100000,0.919585,0.831587,548375,33965,622,biscoito,36cfdea19f,15.7033
50,14,100000,0.919785,0.831443,548360,33972,622,biscoito,511bf2b770,12.4508
50,15,100000,0.919246,0.831615,548272,33935,622,biscoito,89b9b75ddb,12.0860
50,16,100000,0.919386,0.831843,548347,33940,622,biscoito,ba7e5258d9,12.8230
50,17,100000,0.919713,0.831767,548325,33964,622,biscoito,f6161ce6b3,12.1564
50,18,100000,0.919817,0.830917,548304,33946,622,biscoito,3496ed3927,12.2038
50,19,100000,0.919737,0.831611,548359,33975,622,biscoito,a6e7725647,12.6902
51,0,100000,0.919354,0.832058,548258,33946,622,biscoito,95dfd66b7f,12.7251
51,1,100000,0.919641,0.831936,548343,33971,622,biscoito,b732df4631,12.1255
51,2,100000,0.919334,0.831834,548304,33954,622,biscoito,d147a49697,12.3552
51,3,100000,0.919334,0.831834,548304,33954,622,biscoito,d147a49697,12.3552
51,4,100000,0.919717,0.831710,548384,33968,622,biscoito,83f53d22ad,12.1092
51,5,100000,0.919346,0.831875,548297,33968,622,biscoito,4bd7c91059,12.1330
51,6,100000,0.919637,0.831925,548286,33979,622,biscoito,0f34ef8bac,12.8383
51,7,100000,0.919625,0.831934,548345,33970,622,biscoito,23f18d8667,12.1570
51,8,100000,0.919641,0.831927,548286,33980,622,biscoito,812b8d6d98,12.4103
51,9,100000,0.919629,0.831936,548349,33971,622,biscoito,18357b1c58,11.9714
51,10,100000,0.919354,0.832058,548258,33946,622,biscoito,95dfd66b7f,12.7251
51,11,100000,0.919633,0.831632,548409,33973,622,biscoito,21d3b4e0f7,12.9910
51,12,100000,0.919354,0.832058,548258,33946,622,biscoito,95dfd66b7f,12.7251
51,13,100000,0.919334,0.831834,548304,33954,622,biscoito,d147a49697,12.3552
51,14,100000,0.919382,0.831794,548289,33948,622,biscoito,46cc78de20,12.4797
51,15,100000,0.919641,0.832033,548337,33967,622,biscoito,ddba84580d,11.9709
51,16,100000,0.919625,0.831925,548287,33979,622,biscoito,c87ca1f456,12.5548
51,17,100000,0.919625,0.831925,548287,33979,622,biscoito,c87ca1f456,12.5548
51,18,100000,0.919354,0.832058,548258,33946,622,biscoito,95dfd66b7f,12.7251
51,19,100000,0.919713,0.831924,548399,33977,622,biscoito,29778eca52,12.2099
52,0,100000,0.919354,0.832058,548258,33946,622,biscoito,95dfd66b7f,12.7251
52,1,100000,0.919354,0.832058,548258,33946,622,biscoito,95dfd66b7f,12.7251
52,2,100000,0.919354,0.832058,548258,33946,622,biscoito,95dfd66b7f,12.7251
52,3,100000,0.919565,0.831473,548156,33967,622,biscoito,514fb2c55f,12.2077
52,4,100000,0.919434,0.831889,548376,33961,622,biscoito,b324e89bf3,12.6121
52,5,100000,0.919234,0.831230,548185,33954,621,biscoito,0738e88137,12.1610
52,6,100000,0.919354,0.832058,548258,33946,622,biscoito,95dfd66b7f,12.7251
52,7,100000,0.919354,0.832058,548258,33946,622,biscoito,95dfd66b7f,12.7251
52,8,100000,0.919346,0.831494,548272,33973,622,biscoito,b4ba8d6dac,12.5346
52,9,100000,0.919561,0.831072,548320,33934,622,biscoito,c43e97fc0a,12.0437
52,10,100000,0.919354,0.832058,548258,33946,622,biscoito,95dfd66b7f,12.7251
52,11,100000,0.919354,0.832058,548258,33946,622,biscoito,95dfd66b7f,12.7251
52,12,100000,0.919322,0.831956,548274,33953,622,biscoito,6617549b93,11.9562
52,13,100000,0.919681,0.832103,548379,33973,622,biscoito,a344659f90,11.9663
52,14,100000,0.919354,0.832058,548258,33946,622,biscoito,95dfd66b7f,12.7251
52,15,100000,0.919354,0.832058,548258,33946,622,biscoito,95dfd66b7f,12.7251
52,16,100000,0.919406,0.831756,548404,33965,622,biscoito,cc02eee634,12.0208
52,17,100000,0.919617,0.832256,548233,33950,622,biscoito,a229491749,12.8884
52,18,100000,0.919625,0.831630,548283,33934,622,biscoito,dd1f00e6f6,12.1367
52,19,100000,0.919649,0.831906,548378,33975,622,biscoito,3fbf6222ab,12.4407
53,0,100000,0.919617,0.832256,548233,33950,622,biscoito,a229491749,12.8884
53,1,100000,0.919681,0.832103,548379,33973,622,biscoito,a344659f90,11.9663
53,2,100000,0.919390,0.832064,548332,33957,622,biscoito,ced8868bbc,12.6642
53,3,100000,0.919633,0.831559,548189,33931,622,biscoito,6e70fc3b95,12.6076
53,4,100000,0.919617,0.832256,548233,33950,622,biscoito,a229491749,12.8884
53,5,100000,0.919617,0.832256,548233,33950,622,biscoito,a229491749,12.8884
53,6,100000,0.919354,0.832058,548258,33946,622,biscoito,95dfd66b7f,12.7251
53,7,100000,0.919354,0.832058,548258,33946,622,biscoito,95dfd66b7f,12.7251
53,8,100000,0.919406,0.831756,548400,33965,622,biscoito,e108a66644,12.2952
53,9,100000,0.919350,0.832079,548260,33946,622,biscoito,03c1c84b0c,12.0319
53,10,100000,0.919354,0.832058,548258,33946,622,biscoito,95dfd66b7f,12.7251
53,11,100000,0.919617,0.832256,548233,33950,622,biscoito,a229491749,12.8884
53,12,100000,0.919354,0.832058,548258,33946,622,biscoito,95dfd66b7f,12.7251
53,13,100000,0.919354,0.832058,548258,33946,622,biscoito,95dfd66b7f,12.7251
53,14,100000,0.919430,0.830697,548228,33941,622,biscoito,f438b5a344,12.0729
53,15,100000,0.919354,0.832058,548258,33946,622,biscoito,95dfd66b7f,12.7251
53,16,100000,0.919358,0.831726,548345,33948,622,biscoito,4f302c3062,12.0217
53,17,100000,0.919354,0.832058,548258,33946,622,biscoito,95dfd66b7f,12.7251
53,18,100000,0.919354,0.832058,548258,33946,622,biscoito,95dfd66b7f,12.7251
53,19,100000,0.919354,0.832058,548258,33946,622,biscoito,95dfd66b7f,12.7251
54,0,100000,0.919617,0.832256,548233,33950,622,biscoito,a229491749,12.8884
54,1,100000,0.919617,0.832256,548233,33950,622,biscoito,a229491749,12.8884
54,2,100000,0.919573,0.832131,548285,33942,622,biscoito,8fabd52fb7,12.6251
54,3,100000,0.919625,0.831701,548281,33927,622,biscoito,75c9370f6c,12.0902
54,4,100000,0.919314,0.831891,548410,33952,622,biscoito,c165fae413,12.4860
54,5,100000,0.919498,0.832266,548269,33958,622,biscoito,d1fa69b1a3,12.2398
54,6,100000,0.919617,0.832256,548233,33950,622,biscoito,a229491749,12.8884
54,7,100000,0.919617,0.832256,548233,33950,622,biscoito,a229491749,12.8884
54,8,100000,0.919390,0.832064,548332,33957,622,biscoito,fb109b1949,11.9269
54,9,100000,0.919350,0.832079,548260,33946,622,biscoito,78c25d6209,12.6374
54,10,100000,0.919617,0.832256,548233,33950,622,biscoito,a229491749,12.8884
54,11,100000,0.919390,0.832064,548332,33957,622,biscoito,ced8868bbc,12.6642
54,12,100000,0.919342,0.831414,548240,33963,622,biscoito,bf84d2fa5f,12.0678
54,13,100000,0.919354,0.832058,548258,33946,622,biscoito,95dfd66b7f,12.7251
54,14,100000,0.919617,0.832256,548233,33950,622,biscoito,a229491749,12.8884
54,15,100000,0.919617,0.832256,548233,33950,622,biscoito,a229491749,12.8884
54,16,100000,0.919633,0.832368,548236,33957,622,biscoito,366c323d94,11.9738
54,17,100000,0.919270,0.830890,548272,33946,622,biscoito,4f2c351030,11.9920
54,18,100000,0.919565,0.831921,548250,33958,622,biscoito,4d7eacc566,12.0346
54,19,100000,0.919585,0.831736,548178,33960,621,biscoito,3d0ccc7d43,12.5787
55,0,100000,0.919633,0.832368,548236,33957,622,biscoito,366c323d94,11.9738
55,1,100000,0.919498,0.832266,548269,33958,622,biscoito,d1fa69b1a3,12.2398
55,2,100000,0.919617,0.832256,548233,33950,622,biscoito,a229491749,12.8884
55,3,100000,0.919617,0.832256,548233,33950,622,biscoito,a229491749,12.8884
55,4,100000,0.919617,0.832256,548233,33950,622,biscoito,a229491749,12.8884
55,5,100000,0.919390,0.832064,548332,33957,622,biscoito,ced8868bbc,12.6642
55,6,100000,0.919645,0.831749,548255,33965,622,biscoito,82ccc4793b,12.0626
55,7,100000,0.919617,0.832256,548233,33950,622,biscoito,a229491749,12.8884
55,8,100000,0.919498,0.832266,548269,33958,622,biscoito,d1fa69b1a3,12.2398
55,9,100000,0.919498,0.832266,548269,33958,622,biscoito,d1fa69b1a3,12.2398
55,10,100000,0.919617,0.832256,548233,33950,622,biscoito,a229491749,12.8884
55,11,100000,0.919617,0.832256,548233,33950,622,biscoito,a229491749,12.8884
55,12,100000,0.919617,0.832256,548233,33950,622,biscoito,a229491749,12.8884
55,13,100000,0.919617,0.832256,548233,33950,622,biscoito,a229491749,12.8884
55,14,100000,0.919597,0.832581,548249,33957,622,biscoito,30830344c0,12.1003
55,15,100000,0.919565,0.831633,548307,33939,622,biscoito,a9c0d95ff7,12.6004
55,16,100000,0.919294,0.831915,548301,33929,622,biscoito,00d144f453,13.1215
55,17,100000,0.919617,0.832245,548242,33949,622,biscoito,981c35adff,12.3013
55,18,100000,0.919649,0.831885,548160,33951,622,biscoito,9ab87cea76,12.1632
55,19,100000,0.919617,0.832256,548233,33950,622,biscoito,a229491749,12.8884
56,0,100000,0.919597,0.832581,548249,33957,622,biscoito,30830344c0,12.1003
56,1,100000,0.919633,0.832368,548236,33957,622,biscoito,366c323d94,11.9738
56,2,100000,0.919498,0.832266,548269,33958,622,biscoito,d1fa69b1a3,12.2398
56,3,100000,0.919498,0.832266,548269,33958,622,biscoito,d1fa69b1a3,12.2398
56,4,100000,0.919498,0.832266,548269,33958,622,biscoito,d1fa69b1a3,12.2398
56,5,100000,0.919617,0.832256,548233,33950,622,biscoito,a229491749,12.8884
56,6,100000,0.919609,0.832429,548263,33960,622,biscoito,efbc2e87ea,12.4317
56,7,100000,0.919665,0.832502,548191,33948,622,biscoito,92e1d8aab9,11.9773
56,8,100000,0.919474,0.831953,548242,33954,622,biscoito,4cef0e1dda,12.6716
56,9,100000,0.919621,0.832295,548245,33957,622,biscoito,5608c36a02,12.0402
56,10,100000,0.919645,0.832391,548234,33949,622,biscoito,da48b16136,12.7016
56,11,100000,0.919466,0.831889,548268,33954,622,biscoito,2faa15f3e5,12.2191
56,12,100000,0.919506,0.832324,548281,33965,622,biscoito,0eaf9b42d5,12.1242
56,13,100000,0.919633,0.832347,548242,33954,622,biscoito,21087a8b42,12.3490
56,14,100000,0.919649,0.832411,548234,33959,622,biscoito,aa4f61c890,12.0993
56,15,100000,0.919502,0.832285,548277,33961,622,biscoito,9083e8bc28,11.8676
56,16,100000,0.919633,0.831452,548221,33957,622,biscoito,c860db2d42,12.1099
56,17,100000,0.919474,0.832278,548270,33958,622,biscoito,f38f1ae136,12.1198
56,18,100000,0.919498,0.832266,548269,33958,622,biscoito,d1fa69b1a3,12.2398
56,19,100000,0.919498,0.832266,548269,33958,622,biscoito,d1fa69b1a3,12.2398
57,0,100000,0.919597,0.832581,548249,33957,622,biscoito,30830344c0,12.1003
57,1,100000,0.919665,0.832502,548191,33948,622,biscoito,92e1d8aab9,11.9773
57,2,100000,0.919633,0.832368,548236,33957,622,biscoito,366c323d94,11.9738
57,3,100000,0.919665,0.832502,548191,33948,622,biscoito,92e1d8aab9,11.9773
57,4,100000,0.919518,0.832161,548239,33956,622,biscoito,2a5b100404,12.2880
57,5,100000,0.919629,0.832390,548253,33963,622,biscoito,19e466162f,11.9556
57,6,100000,0.919589,0.832176,548254,33954,622,biscoito,49d45c416a,12.4260
57,7,100000,0.919633,0.832377,548206,33950,622,biscoito,23cd5bf3dd,12.7515
57,8,100000,0.919490,0.832297,548276,33961,622,biscoito,d624109b68,12.3648
57,9,100000,0.919210,0.832126,548269,33973,622,biscoito,dad0faaf21,12.7049
57,10,100000,0.919498,0.832365,548275,33962,622,biscoito,bc4154eb74,11.8863
57,11,100000,0.919454,0.832498,548270,33963,622,biscoito,54a72179fe,12.0565
57,12,100000,0.919482,0.832260,548293,33964,622,biscoito,e7a1aa6352,11.8548
57,13,100000,0.919521,0.832424,548243,33955,622,biscoito,1225183a4c,12.5162
57,14,100000,0.919633,0.832347,548242,33954,622,biscoito,21087a8b42,12.3490
57,15,100000,0.919665,0.832502,548191,33948,622,biscoito,92e1d8aab9,11.9773
57,16,100000,0.919665,0.832363,548278,33962,622,biscoito,03187003a8,12.1028
57,17,100000,0.919641,0.832487,548190,33944,622,biscoito,58bf30c2d8,12.5711
57,18,100000,0.919625,0.832190,548245,33954,622,biscoito,33381d8640,12.1321
57,19,100000,0.919466,0.832473,548254,33957,622,biscoito,dbcdbd2a59,11.9687
58,0,100000,0.919597,0.832581,548249,33957,622,biscoito,30830344c0,12.1003
58,1,100000,0.919665,0.832502,548191,33948,622,biscoito,92e1d8aab9,11.9773
58,2,100000,0.919669,0.832587,548203,33956,622,biscoito,f276198377,12.7384
58,3,100000,0.919649,0.832671,548248,33957,622,biscoito,24b7241608,11.9067
58,4,100000,0.919665,0.832502,548191,33948,622,biscoito,92e1d8aab9,11.9773
58,5,100000,0.919569,0.832916,548267,33936,622,biscoito,c76561717e,11.8846
58,6,100000,0.919665,0.832363,548278,33962,622,biscoito,03187003a8,12.1028
58,7,100000,0.919597,0.832581,548249,33957,622,biscoito,30830344c0,12.1003
58,8,100000,0.919529,0.832261,548212,33951,622,biscoito,9bdef9ec4d,12.0620
58,9,100000,0.919498,0.832450,548241,33955,622,biscoito,38fcf11ca4,12.1147
58,10,100000,0.919669,0.832515,548168,33946,622,biscoito,ffbaa85f9c,12.8227
58,11,100000,0.919669,0.832460,548279,33963,622,biscoito,c18f6088f4,12.0393
58,12,100000,0.919653,0.832367,548185,33949,622,biscoito,2bdc621497,13.1693
58,13,100000,0.919470,0.830320,548201,33951,622,biscoito,9cda4de319,12.3059
58,14,100000,0.919446,0.832504,548279,33969,622,biscoito,7f0e6b1f7c,12.6833
58,15,100000,0.919653,0.832488,548186,33947,622,biscoito,5a9b00f504,12.2174
58,16,100000,0.919454,0.832391,548214,33939,622,biscoito,16ba406332,12.1831
58,17,100000,0.919605,0.832323,548236,33957,622,biscoito,e1540fbac2,11.8598
58,18,100000,0.919665,0.832502,548191,33948,622,biscoito,92e1d8aab9,11.9773
58,19,100000,0.919665,0.832502,548191,33948,622,biscoito,92e1d8aab9,11.9773
59,0,100000,0.919569,0.832916,548267,33936,622,biscoito,c76561717e,11.8846
59,1,100000,0.919649,0.832671,548248,33957,622,biscoito,24b7241608,11.9067
59,2,100000,0.919601,0.832636,548249,33964,622,biscoito,50b491a1f6,12.6070
59,3,100000,0.919521,0.832254,548223,33956,622,biscoito,c2900eca2d,12.8052
59,4,100000,0.919669,0.832690,548183,33950,622,biscoito,2264f11c2b,12.1133
59,5,100000,0.919669,0.832425,548210,33956,622,biscoito,e354f42ee2,12.1695
59,6,100000,0.919669,0.832509,548170,33948,622,biscoito,7a1a01b754,13.2850
59,7,100000,0.919669,0.832418,548158,33951,622,biscoito,9bc13593d6,12.7142
59,8,100000,0.919637,0.832813,548371,33958,622,biscoito,09549ac57b,14.8746
59,9,100000,0.919561,0.832871,548143,33933,622,biscoito,ba1e702d9b,12.2850
59,10,100000,0.919446,0.832504,548279,33969,622,biscoito,7f0e6b1f7c,12.6833
59,11,100000,0.919649,0.832671,548248,33957,622,biscoito,24b7241608,11.9067
59,12,100000,0.919446,0.832504,548279,33969,622,biscoito,7f0e6b1f7c,12.6833
59,13,100000,0.919649,0.832671,548248,33957,622,biscoito,24b7241608,11.9067
59,14,100000,0.919577,0.833184,548371,33927,622,biscoito,61f54c34b1,12.5296
59,15,100000,0.919502,0.832095,548181,33940,622,biscoito,932cc37115,12.2505
59,16,100000,0.919569,0.832916,548267,33936,622,biscoito,c76561717e,11.8846
59,17,100000,0.919446,0.832504,548279,33969,622,biscoito,7f0e6b1f7c,12.6833
59,18,100000,0.919669,0.832460,548279,33963,622,biscoito,c18f6088f4,12.0393
59,19,100000,0.919665,0.832502,548191,33948,622,biscoito,92e1d8aab9,11.9773
60,0,100000,0.919577,0.833184,548371,33927,622,biscoito,61f54c34b1,12.5296
60,1,100000,0.919569,0.832916,548267,33936,622,biscoito,c76561717e,11.8846
60,2,100000,0.919549,0.832530,548224,33939,622,biscoito,790ff4be1c,12.6775
60,3,100000,0.919613,0.833001,548292,33960,622,biscoito,eb906723cf,12.1090
60,4,100000,0.919705,0.832659,548198,33947,622,biscoito,2301d063fd,12.0702
60,5,100000,0.919521,0.832759,548244,33936,622,biscoito,75cc02a59a,11.9414
60,6,100000,0.919733,0.833091,548276,33958,622,biscoito,d45c298977,12.0410
60,7,100000,0.919549,0.833218,548404,33937,622,biscoito,d7d1d63a96,12.3779
60,8,100000,0.919693,0.833427,548253,33931,622,biscoito,bbdaa7f64a,12.0660
60,9,100000,0.919549,0.832288,548166,33940,622,biscoito,3f26f8bff8,11.9233
60,10,100000,0.919569,0.832895,548150,33935,622,biscoito,1e98378de1,12.1836
60,11,100000,0.919673,0.832877,548315,33948,622,biscoito,d494ae2927,12.0236
60,12,100000,0.919577,0.833184,548371,33927,622,biscoito,61f54c34b1,12.5296
60,13,100000,0.919561,0.832871,548143,33933,622,biscoito,ba1e702d9b,12.2850
60,14,100000,0.919490,0.832300,548370,33959,622,biscoito,349fe2c827,12.3541
60,15,100000,0.919693,0.833323,548273,33927,622,biscoito,4baf38fbe2,12.7588
60,16,100000,0.919581,0.833085,548386,33933,622,biscoito,61b5cf48e9,12.2415
60,17,100000,0.919621,0.832921,548357,33946,622,biscoito,9771ccf29a,12.3877
60,18,100000,0.919525,0.832814,548165,33926,622,biscoito,963b78b232,13.9433
60,19,100000,0.919541,0.833139,548256,33932,622,biscoito,34c87354ee,12.1512
61,0,100000,0.919693,0.833427,548253,33931,622,biscoito,bbdaa7f64a,12.0660
61,1,100000,0.919693,0.833323,548273,33927,622,biscoito,4baf38fbe2,12.7588
61,2,100000,0.919733,0.833091,548276,33958,622,biscoito,d45c298977,12.0410
61,3,100000,0.919733,0.833091,548276,33958,622,biscoito,d45c298977,12.0410
61,4,100000,0.919569,0.832721,548358,33944,622,biscoito,cf540efc87,11.9938
61,5,100000,0.919705,0.833358,548277,33931,622,biscoito,9df8c395c7,12.0658
61,6,100000,0.919518,0.832381,548359,33965,622,biscoito,856355e8f0,11.9641
61,7,100000,0.919721,0.832819,548304,33955,622,biscoito,1931f63a3f,12.8737
61,8,100000,0.919462,0.833457,548395,33932,622,biscoito,31dfef3f39,12.2385
61,9,100000,0.919697,0.832711,548263,33959,622,biscoito,1b82bdfab8,12.9999
61,10,100000,0.919677,0.832333,548323,33944,622,biscoito,712e4863c5,12.3653
61,11,100000,0.919669,0.833165,548286,33931,622,biscoito,873462f3bb,12.2119
61,12,100000,0.920005,0.833070,548293,33925,622,biscoito,8363891cb3,15.7287
61,13,100000,0.919569,0.832916,548267,33936,622,biscoito,c76561717e,11.8846
61,14,100000,0.919697,0.833251,548315,33967,622,biscoito,d43ddafc4b,15.2333
61,15,100000,0.919657,0.833133,548345,33936,622,biscoito,7c1fdd296c,14.9458
61,16,100000,0.919585,0.832696,548094,33935,622,biscoito,a616859f76,15.2801
61,17,100000,0.919537,0.832679,548254,33939,622,biscoito,72e5b382ec,16.6359
61,18,100000,0.919549,0.833218,548404,33937,622,biscoito,d7d1d63a96,12.3779
61,19,100000,0.919693,0.833323,548273,33927,622,biscoito,4baf38fbe2,12.7588
62,0,100000,0.919462,0.833457,548395,33932,622,biscoito,31dfef3f39,12.2385
62,1,100000,0.919693,0.833427,548253,33931,622,biscoito,bbdaa7f64a,12.0660
62,2,100000,0.919693,0.833323,548273,33927,622,biscoito,4baf38fbe2,12.7588
62,3,100000,0.919693,0.833323,548273,33927,622,biscoito,4baf38fbe2,12.7588
62,4,100000,0.919645,0.833724,548328,33960,622,biscoito,563fd46837,13.6908
62,5,100000,0.919553,0.833507,548346,33921,622,biscoito,7cb8e4bc4f,12.4765
62,6,100000,0.919561,0.833107,548253,33937,622,biscoito,f0d4d27329,12.3208
62,7,100000,0.919617,0.832970,548314,33926,622,biscoito,9d6ba9e713,23.0946
62,8,100000,0.919901,0.833123,548203,33939,622,biscoito,5e9d4eba95,19.0622
62,9,100000,0.919693,0.833427,548253,33931,622,biscoito,bbdaa7f64a,12.0660
62,10,100000,0.919705,0.833056,548285,33952,622,biscoito,f127735f4c,18.7585
62,11,100000,0.919697,0.833200,548300,33937,622,biscoito,4349425af3,16.5910
62,12,100000,0.919737,0.833667,548267,33932,622,biscoito,6bc2c7cf24,15.1355
62,13,100000,0.919729,0.832589,548342,33908,622,biscoito,09d85160c5,13.9898
62,14,100000,0.919717,0.833576,548260,33933,622,biscoito,68be062571,20.8457
62,15,100000,0.919701,0.833300,548278,33927,622,biscoito,3fc6132864,17.4051
62,16,100000,0.919733,0.833091,548276,33958,622,biscoito,d45c298977,12.0410
62,17,100000,0.919462,0.833457,548395,33932,622,biscoito,31dfef3f39,12.2385
62,18,100000,0.919733,0.833230,548280,33931,622,biscoito,8f7b3b5dd0,14.5873
62,19,100000,0.919693,0.833062,548283,33952,622,biscoito,c47b9b98a2,14.5924
63,0,100000,0.919645,0.833724,548328,33960,622,biscoito,563fd46837,13.6908
63,1,100000,0.919737,0.833667,548267,33932,622,biscoito,6bc2c7cf24,15.1355
63,2,100000,0.919717,0.833576,548260,33933,622,biscoito,68be062571,20.8457
63,3,100000,0.919717,0.833576,548260,33933,622,biscoito,68be062571,20.8457
63,4,100000,0.919761,0.833248,548272,33935,622,biscoito,e0b38974ba,13.5163
63,5,100000,0.919697,0.833199,548291,33931,622,biscoito,1a4d992d8b,13.9489
63,6,100000,0.919721,0.833529,548236,33935,622,biscoito,a845b35a2c,13.8396
63,7,100000,0.919717,0.833394,548249,33926,622,biscoito,2e3537ab7e,12.6737
63,8,100000,0.919629,0.834223,548450,33937,622,biscoito,eeec70129e,14.2238
63,9,100000,0.919490,0.833129,548326,33946,622,biscoito,c856a78a5a,15.3265
63,10,100000,0.919553,0.833507,548346,33921,622,biscoito,7cb8e4bc4f,12.4765
63,11,100000,0.919693,0.833323,548273,33927,622,biscoito,4baf38fbe2,12.7588
63,12,100000,0.919689,0.833412,548255,33932,622,biscoito,bee3a64545,14.1383
63,13,100000,0.919721,0.833521,548273,33931,622,biscoito,4c2faf301b,12.5362
63,14,100000,0.919725,0.833642,548270,33938,622,biscoito,cbbd5d56fb,13.3469
63,15,100000,0.919741,0.832776,548208,33958,622,biscoito,7807cd8ecf,12.5805
63,16,100000,0.919565,0.833982,548336,33964,622,biscoito,5e126c6d82,12.4378
63,17,100000,0.919553,0.833581,548335,33936,622,biscoito,df96bca2bf,12.7189
63,18,100000,0.919693,0.833427,548253,33931,622,biscoito,bbdaa7f64a,12.0660
63,19,100000,0.919737,0.833667,548267,33932,622,biscoito,6bc2c7cf24,15.1355
64,0,100000,0.919629,0.834223,548450,33937,622,biscoito,eeec70129e,14.2238
64,1,100000,0.919565,0.833982,548336,33964,622,biscoito,5e126c6d82,12.4378
64,2,100000,0.919645,0.833724,548327,33960,622,biscoito,6b20ce509c,12.6332
64,3,100000,0.919561,0.833582,548335,33936,622,biscoito,d440bfb33e,13.5069
64,4,100000,0.919721,0.833521,548273,33931,622,biscoito,4c2faf301b,12.5362
64,5,100000,0.919629,0.834223,548450,33937,622,biscoito,eeec70129e,14.2238
64,6,100000,0.919565,0.833982,548336,33964,622,biscoito,5e126c6d82,12.4378
64,7,100000,0.919573,0.832976,548293,33993,622,biscoito,1abb530232,12.7338
64,8,100000,0.919637,0.832879,548354,33963,622,biscoito,3bcc7a6226,12.6319
64,9,100000,0.919645,0.833368,548259,33928,622,biscoito,e134a5cfd8,12.2184
64,10,100000,0.919565,0.833982,548336,33964,622,biscoito,5e126c6d82,12.4378
64,11,100000,0.919629,0.834223,548450,33937,622,biscoito,eeec70129e,14.2238
64,12,100000,0.919725,0.834316,548388,33914,622,biscoito,48d67c4910,13.4911
64,13,100000,0.919561,0.832421,548327,33949,622,biscoito,b470ae6499,12.8693
64,14,100000,0.919609,0.833831,548383,33913,622,biscoito,88d6fc97b2,12.4168
64,15,100000,0.919569,0.833475,548306,33946,622,biscoito,2894355345,13.6651
64,16,100000,0.919717,0.833576,548260,33933,622,biscoito,68be062571,20.8457
64,17,100000,0.919565,0.833982,548336,33964,622,biscoito,5e126c6d82,12.4378
64,18,100000,0.919665,0.834234,548460,33937,622,biscoito,8b00b2c6cc,12.5114
64,19,100000,0.919629,0.834025,548345,33948,622,biscoito,a7f360fa80,13.8627
65,0,100000,0.919725,0.834316,548388,33914,622,biscoito,48d67c4910,13.4911
65,1,100000,0.919665,0.834234,548460,33937,622,biscoito,8b00b2c6cc,12.5114
65,2,100000,0.919629,0.834223,548450,33937,622,biscoito,eeec70129e,14.2238
65,3,100000,0.919569,0.833475,548306,33946,622,biscoito,2894355345,13.6651
65,4,100000,0.919877,0.833942,548497,33958,622,biscoito,0e78f378ea,12.4912
65,5,100000,0.919518,0.834002,548421,33937,622,biscoito,c9d8b598e3,12.2729
65,6,100000,0.919629,0.834223,548450,33937,622,biscoito,eeec70129e,14.2238
65,7,100000,0.919442,0.833252,548333,33923,622,biscoito,7262372b91,12.3092
65,8,100000,0.919705,0.834036,548437,33941,622,biscoito,b79973102b,13.1133
65,9,100000,0.919494,0.833240,548286,33923,622,biscoito,42b69a2ce3,12.4757
65,10,100000,0.919661,0.834802,548416,33918,622,biscoito,49c4d48486,12.7017
65,11,100000,0.919625,0.833801,548364,33962,622,biscoito,631b80ad9b,12.7156
65,12,100000,0.919565,0.833982,548336,33964,622,biscoito,5e126c6d82,12.4378
65,13,100000,0.919629,0.834025,548345,33948,622,biscoito,a7f360fa80,13.8627
65,14,100000,0.919621,0.833388,548314,33952,622,biscoito,4db813c211,12.2517
65,15,100000,0.919641,0.834174,548297,33942,622,biscoito,0873f39394,13.3730
65,16,100000,0.919629,0.834223,548450,33937,622,biscoito,eeec70129e,14.2238
65,17,100000,0.919665,0.834234,548460,33937,622,biscoito,8b00b2c6cc,12.5114
65,18,100000,0.919565,0.833982,548336,33964,622,biscoito,5e126c6d82,12.4378
65,19,100000,0.919717,0.833576,548260,33933,622,biscoito,68be062571,20.8457
66,0,100000,0.919661,0.834802,548416,33918,622,biscoito,49c4d48486,12.7017
66,1,100000,0.919725,0.834316,548388,33914,622,biscoito,48d67c4910,13.4911
66,2,100000,0.919601,0.834563,548409,33923,622,biscoito,f0ba5b1b2f,12.5289
66,3,100000,0.919657,0.834379,548450,33934,622,biscoito,c26e0015e8,13.3904
66,4,100000,0.919665,0.834234,548460,33937,622,biscoito,8b00b2c6cc,12.5114
66,5,100000,0.919665,0.834234,548460,33937,622,biscoito,8b00b2c6cc,12.5114
66,6,100000,0.919633,0.834225,548444,33937,622,biscoito,8fb8f9aff6,12.3141
66,7,100000,0.919649,0.834220,548460,33938,622,biscoito,e157dab33d,12.7973
66,8,100000,0.919665,0.834234,548460,33937,622,biscoito,8b00b2c6cc,12.5114
66,9,100000,0.919705,0.834036,548437,33941,622,biscoito,b79973102b,13.1133
66,10,100000,0.919649,0.834629,548442,33922,622,biscoito,49f0a9d3e3,12.3541
66,11,100000,0.919653,0.834218,548434,33931,622,biscoito,9ab68ed6ae,12.3216
66,12,100000,0.919641,0.834174,548297,33942,622,biscoito,0873f39394,13.3730
66,13,100000,0.919737,0.833839,548374,33924,622,biscoito,fcfcbea8d6,12.5190
66,14,100000,0.919725,0.834316,548388,33914,622,biscoito,48d67c4910,13.4911
66,15,100000,0.919725,0.834316,548388,33914,622,biscoito,48d67c4910,13.4911
66,16,100000,0.919665,0.834234,548460,33937,622,biscoito,8b00b2c6cc,12.5114
66,17,100000,0.919705,0.834036,548437,33941,622,biscoito,b79973102b,13.1133
66,18,100000,0.919669,0.834349,548428,33921,622,biscoito,b41654b3e2,12.6856
66,19,100000,0.919657,0.834597,548448,33934,622,biscoito,d0deb693dd,13.9231
67,0,100000,0.919661,0.834802,548416,33918,622,biscoito,49c4d48486,12.7017
67,1,100000,0.919649,0.834629,548442,33922,622,biscoito,49f0a9d3e3,12.3541
67,2,100000,0.919645,0.834626,548494,33937,622,biscoito,b9ebe53b70,18.0582
67,3,100000,0.919661,0.834755,548412,33924,622,biscoito,61b9dce826,19.3167
67,4,100000,0.919665,0.834234,548460,33937,622,biscoito,8b00b2c6cc,12.5114
67,5,100000,0.919649,0.834629,548442,33922,622,biscoito,49f0a9d3e3,12.3541
67,6,100000,0.919641,0.834180,548433,33917,622,biscoito,4fb41e37ee,28.7823
67,7,100000,0.919733,0.834763,548397,33920,622,biscoito,dd1910a6ee,26.0639
67,8,100000,0.919601,0.834563,548409,33923,622,biscoito,f0ba5b1b2f,12.5289
67,9,100000,0.919657,0.834597,548448,33934,622,biscoito,d0deb693dd,13.9231
67,10,100000,0.919657,0.834663,548430,33921,622,biscoito,796c60827c,21.5799
67,11,100000,0.919681,0.834563,548435,33926,622,biscoito,7070a9be83,32.7787
67,12,100000,0.919593,0.834080,548437,33918,622,biscoito,27d388dd21,24.9270
67,13,100000,0.919697,0.834729,548443,33907,622,biscoito,f11472af0e,29.4156
67,14,100000,0.919669,0.834349,548428,33921,622,biscoito,b41654b3e2,12.6856
67,15,100000,0.919665,0.834234,548460,33937,622,biscoito,8b00b2c6cc,12.5114
67,16,100000,0.919697,0.834445,548429,33922,622,biscoito,f0dc8febaa,34.6216
67,17,100000,0.919637,0.834596,548452,33935,622,biscoito,ca2e002e8f,23.6681
67,18,100000,0.919645,0.834631,548421,33922,622,biscoito,03ab20d238,18.9581
67,19,100000,0.919633,0.834217,548384,33909,622,biscoito,9eff46323a,19.3028
68,0,100000,0.919661,0.834802,548416,33918,622,biscoito,49c4d48486,12.7017
68,1,100000,0.919733,0.834763,548397,33920,622,biscoito,dd1910a6ee,26.0639
68,2,100000,0.919653,0.834395,548410,33928,622,biscoito,a1481cc9b0,31.4277
68,3,100000,0.919657,0.834755,548427,33919,622,biscoito,952ab3a73e,30.4954
68,4,100000,0.919661,0.834755,548412,33924,622,biscoito,61b9dce826,19.3167
68,5,100000,0.919661,0.834755,548412,33924,622,biscoito,61b9dce826,19.3167
68,6,100000,0.919661,0.834802,548416,33918,622,biscoito,49c4d48486,12.7017
68,7,100000,0.919661,0.834802,548416,33918,622,biscoito,49c4d48486,12.7017
68,8,100000,0.919661,0.834802,548416,33918,622,biscoito,49c4d48486,12.7017
68,9,100000,0.919645,0.834626,548494,33937,622,biscoito,b9ebe53b70,18.0582
68,10,100000,0.919649,0.834597,548442,33936,622,biscoito,e28e330584,22.5719
68,11,100000,0.919645,0.834383,548426,33919,622,biscoito,01cb0bfe36,24.5392
68,12,100000,0.919657,0.834664,548429,33921,622,biscoito,79287fd675,19.5402
68,13,100000,0.919629,0.834620,548443,33925,622,biscoito,f18ceb7a51,24.7690
68,14,100000,0.919621,0.834626,548440,33924,622,biscoito,e8f266d653,28.1781
68,15,100000,0.919573,0.834030,548433,33941,622,biscoito,dd205fadaa,34.6184
68,16,100000,0.919717,0.835094,548445,33902,622,biscoito,d04a246b8b,40.2941
68,17,100000,0.919733,0.834763,548397,33920,622,biscoito,dd1910a6ee,26.0639
68,18,100000,0.919661,0.834755,548412,33924,622,biscoito,61b9dce826,19.3167
68,19,100000,0.919657,0.834597,548448,33934,622,biscoito,d0deb693dd,13.9231
69,0,100000,0.919717,0.835094,548445,33902,622,biscoito,d04a246b8b,40.2941
69,1,100000,0.919661,0.834802,548416,33918,622,biscoito,49c4d48486,12.7017
69,2,100000,0.919625,0.834668,548439,33925,622,biscoito,9ece245c43,41.1314
69,3,100000,0.919653,0.834795,548439,33922,622,biscoito,71d9909663,34.0386
69,4,100000,0.919693,0.834842,548476,33905,622,biscoito,58faec83cc,28.1863
69,5,100000,0.919965,0.833704,548383,33932,622,biscoito,11e94bb656,33.4670
69,6,100000,0.919625,0.834632,548432,33928,622,biscoito,dc92c91321,31.9126
69,7,100000,0.919641,0.834784,548429,33923,622,biscoito,28aa767a6a,27.2681
69,8,100000,0.919661,0.834802,548416,33918,622,biscoito,49c4d48486,12.7017
69,9,100000,0.919733,0.834763,548397,33920,622,biscoito,dd1910a6ee,26.0639
69,10,100000,0.919857,0.833652,548283,33937,622,biscoito,9a9540b51d,27.6398
69,11,100000,0.919661,0.834802,548416,33918,622,biscoito,49c4d48486,12.7017
69,12,100000,0.919657,0.834664,548429,33921,622,biscoito,79287fd675,19.5402
69,13,100000,0.919657,0.834664,548429,33921,622,biscoito,79287fd675,19.5402
69,14,100000,0.919661,0.834755,548412,33924,622,biscoito,61b9dce826,19.3167
69,15,100000,0.919733,0.834763,548397,33920,622,biscoito,dd1910a6ee,26.0639
69,16,100000,0.919721,0.835009,548468,33878,622,biscoito,46c1010954,26.4754
69,17,100000,0.919629,0.834639,548408,33926,622,biscoito,b5651e30f7,29.8514
69,18,100000,0.919677,0.834796,548410,33923,622,biscoito,9ad69f6edf,36.7621
69,19,100000,0.919661,0.834766,548411,33928,622,biscoito,73c6104702,46.6601
70,0,100000,0.919717,0.835094,548445,33902,622,biscoito,d04a246b8b,40.2941
70,1,100000,0.919721,0.835009,548468,33878,622,biscoito,46c1010954,26.4754
70,2,100000,0.919717,0.835094,548445,33902,622,biscoito,d04a246b8b,40.2941
70,3,100000,0.919661,0.834802,548416,33918,622,biscoito,49c4d48486,12.7017
70,4,100000,0.919653,0.834703,548416,33925,622,biscoito,0a5a415d2f,41.3224
70,5,100000,0.919793,0.833731,548320,33911,622,biscoito,d52b10171e,37.8947
70,6,100000,0.919601,0.834728,548378,33901,622,biscoito,277a191b5c,37.9447
70,7,100000,0.919689,0.834968,548488,33905,622,biscoito,e74b7dc412,40.0461
70,8,100000,0.919446,0.833851,548471,33905,622,biscoito,8549fdf85c,39.7642
70,9,100000,0.919569,0.834940,548446,33887,622,biscoito,8e888968bf,38.1933
70,10,100000,0.919609,0.834782,548460,33923,622,biscoito,841290738f,39.4687
70,11,100000,0.919757,0.835068,548417,33902,622,biscoito,780955df9a,50.2841
70,12,100000,0.919717,0.835094,548445,33902,622,biscoito,d04a246b8b,40.2941
70,13,100000,0.919717,0.835094,548445,33902,622,biscoito,d04a246b8b,40.2941
70,14,100000,0.919701,0.834785,548423,33922,622,biscoito,404ea8e33e,56.4944
70,15,100000,0.919689,0.834735,548515,33911,622,biscoito,8d0eadef57,48.0233
70,16,100000,0.919717,0.834774,548284,33913,622,biscoito,ea61e32c5b,56.0109
70,17,100000,0.919681,0.835159,548579,33876,622,biscoito,10887ccf66,45.4857
70,18,100000,0.919386,0.834207,548434,33939,622,biscoito,b51fd082d3,62.7510
70,19,100000,0.919705,0.834869,548431,33912,622,biscoito,bf88054dd8,53.7312
71,0,100000,0.919681,0.835159,548579,33876,622,biscoito,10887ccf66,45.4857
71,1,100000,0.919717,0.835094,548445,33902,622,biscoito,d04a246b8b,40.2941
71,2,100000,0.919717,0.835094,548445,33902,622,biscoito,d04a246b8b,40.2941
71,3,100000,0.919717,0.835094,548445,33902,622,biscoito,d04a246b8b,40.2941
71,4,100000,0.919757,0.835068,548417,33902,622,biscoito,780955df9a,50.2841
71,5,100000,0.919757,0.835068,548417,33902,622,biscoito,780955df9a,50.2841
71,6,100000,0.919717,0.835094,548445,33902,622,biscoito,d04a246b8b,40.2941
71,7,100000,0.919717,0.835094,548445,33902,622,biscoito,d04a246b8b,40.2941
71,8,100000,0.920001,0.834087,548372,33941,622,biscoito,c9b9a9f725,61.8347
71,9,100000,0.919721,0.835009,548468,33878,622,biscoito,46c1010954,26.4754
71,10,100000,0.919561,0.834796,548491,33917,622,biscoito,3599b2be37,50.8447
71,11,100000,0.919737,0.835304,548559,33862,622,biscoito,b6ae46b202,48.9695
71,12,100000,0.919693,0.834578,548360,33913,622,biscoito,d60fd65c92,45.1025
71,13,100000,0.919657,0.835172,548500,33907,622,biscoito,c3f42eb4ee,71.4907
71,14,100000,0.919821,0.834805,548413,33918,622,biscoito,f1c0603161,45.8894
71,15,100000,0.919773,0.834778,548447,33915,622,biscoito,be314da6c1,45.2050
71,16,100000,0.919717,0.835094,548445,33902,622,biscoito,d04a246b8b,40.2941
71,17,100000,0.919721,0.835009,548468,33878,622,biscoito,46c1010954,26.4754
71,18,100000,0.919701,0.834785,548423,33922,622,biscoito,404ea8e33e,56.4944
71,19,100000,0.919717,0.835094,548445,33902,622,biscoito,d04a246b8b,40.2941
72,0,100000,0.919737,0.835304,548559,33862,622,biscoito,b6ae46b202,48.9695
72,1,100000,0.919657,0.835172,548500,33907,622,biscoito,c3f42eb4ee,71.4907
72,2,100000,0.919981,0.834618,548435,33891,622,biscoito,b500dbc45b,49.1695
72,3,100000,0.919717,0.835094,548445,33902,622,biscoito,d04a246b8b,40.2941
72,4,100000,0.919709,0.835162,548596,33872,622,biscoito,cf82b224bc,46.0642
72,5,100000,0.919809,0.835225,548435,33902,622,biscoito,6905e16315,59.1047
72,6,100000,0.919617,0.834932,548709,33889,622,biscoito,b2c503b051,56.6280
72,7,100000,0.919761,0.835068,548454,33909,622,biscoito,337cbd5ce9,54.5668
72,8,100000,0.919713,0.834513,548518,33846,622,biscoito,681820ad7f,63.0297
72,9,100000,0.919737,0.835304,548559,33862,622,biscoito,b6ae46b202,48.9695
72,10,100000,0.919717,0.835094,548445,33902,622,biscoito,d04a246b8b,40.2941
72,11,100000,0.919717,0.835094,548445,33902,622,biscoito,d04a246b8b,40.2941
72,12,100000,0.919454,0.834006,548483,33909,622,biscoito,809385d93f,47.3332
72,13,100000,0.919689,0.835050,548403,33893,622,biscoito,87fe910919,44.6282
72,14,100000,0.919717,0.835094,548445,33902,622,biscoito,d04a246b8b,40.2941
72,15,100000,0.919717,0.835094,548445,33902,622,biscoito,d04a246b8b,40.2941
72,16,100000,0.919721,0.835232,548528,33885,622,biscoito,5e0982add4,48.4016
72,17,100000,0.919697,0.834021,548454,33915,622,biscoito,d285218c93,51.8987
72,18,100000,0.919653,0.835241,548399,33894,622,biscoito,809026b220,40.2160
72,19,100000,0.919629,0.835012,548534,33905,622,biscoito,cf8f75bbd1,41.7814
73,0,100000,0.919737,0.835304,548559,33862,622,biscoito,b6ae46b202,48.9695
73,1,100000,0.919737,0.835304,548559,33862,622,biscoito,b6ae46b202,48.9695
73,2,100000,0.919789,0.834901,548495,33858,622,biscoito,0e90f0aad4,40.3208
73,3,100000,0.919713,0.835016,548491,33904,622,biscoito,be71f5b441,45.8205
73,4,100000,0.919709,0.835162,548596,33872,622,biscoito,cf82b224bc,46.0642
73,5,100000,0.919717,0.835094,548445,33902,622,biscoito,d04a246b8b,40.2941
73,6,100000,0.919506,0.832888,548487,33907,622,biscoito,fbe7595731,43.1974
73,7,100000,0.919801,0.835351,548474,33895,622,biscoito,67ef4afa65,37.1446
73,8,100000,0.919625,0.834779,548454,33893,622,biscoito,29125a704b,50.1131
73,9,100000,0.920085,0.834930,548426,33900,622,biscoito,3e016b0ddb,42.2501
73,10,100000,0.919777,0.834957,548546,33866,622,biscoito,d5d1c7f31c,39.6592
73,11,100000,0.919693,0.835111,548469,33896,622,biscoito,cc8a041f1e,47.0657
73,12,100000,0.919717,0.835094,548445,33902,622,biscoito,d04a246b8b,40.2941
73,13,100000,0.919717,0.835094,548445,33902,622,biscoito,d04a246b8b,40.2941
73,14,100000,0.919617,0.834876,548460,33891,622,biscoito,2442a6fe8d,35.3762
73,15,100000,0.919729,0.835208,548488,33903,622,biscoito,cbb5c065f4,41.8300
73,16,100000,0.919717,0.835094,548445,33902,622,biscoito,d04a246b8b,40.2941
73,17,100000,0.919709,0.834706,548547,33885,622,biscoito,c850455b07,42.5027
73,18,100000,0.919805,0.835201,548464,33897,622,biscoito,355201eaa1,31.9916
73,19,100000,0.919769,0.835307,548525,33861,622,biscoito,f6c57f917b,30.0967
74,0,100000,0.919801,0.835351,548474,33895,622,biscoito,67ef4afa65,37.1446
74,1,100000,0.919769,0.835307,548525,33861,622,biscoito,f6c57f917b,30.0967
74,2,100000,0.919721,0.835141,548467,33905,622,biscoito,3c7d850f4a,39.6830
74,3,100000,0.919809,0.835240,548493,33907,622,biscoito,c37838e3db,43.4712
74,4,100000,0.919785,0.835269,548471,33898,622,biscoito,2fb09fcd65,43.2191
74,5,100000,0.919745,0.835243,548465,33904,622,biscoito,be0c1bdd1e,41.5719
74,6,100000,0.919801,0.835351,548474,33895,622,biscoito,67ef4afa65,37.1446
74,7,100000,0.919693,0.835111,548469,33896,622,biscoito,cc8a041f1e,47.0657
74,8,100000,0.919757,0.835277,548471,33889,622,biscoito,c1d2a3576c,32.1663
74,9,100000,0.919657,0.835016,548480,33869,622,biscoito,52a0268464,28.2635
74,10,100000,0.919737,0.835304,548559,33862,622,biscoito,b6ae46b202,48.9695
74,11,100000,0.919749,0.835034,548512,33864,622,biscoito,005406a15d,23.6281
74,12,100000,0.919749,0.834800,548431,33892,622,biscoito,bba6a55e01,30.5888
74,13,100000,0.919785,0.835136,548449,33898,622,biscoito,26bfababde,33.1400
74,14,100000,0.919525,0.834795,548607,33833,622,biscoito,092fdd6373,36.5715
74,15,100000,0.919709,0.835143,548448,33889,622,biscoito,d3651110bd,39.9868
74,16,100000,0.919737,0.835304,548559,33862,622,biscoito,b6ae46b202,48.9695
74,17,100000,0.919737,0.835304,548559,33862,622,biscoito,b6ae46b202,48.9695
74,18,100000,0.919757,0.835334,548491,33873,622,biscoito,3e9501ef52,29.5902
74,19,100000,0.919733,0.835021,548454,33899,622,biscoito,a7f9604733,23.9303
75,0,100000,0.919801,0.835351,548474,33895,622,biscoito,67ef4afa65,37.1446
75,1,100000,0.919801,0.835351,548474,33895,622,biscoito,67ef4afa65,37.1446
75,2,100000,0.919781,0.835354,548569,33869,622,biscoito,144c20ebf2,34.2549
75,3,100000,0.919769,0.835410,548519,33873,622,biscoito,43d88e8c4e,38.8319
75,4,100000,0.919789,0.835355,548496,33893,622,biscoito,93dc17b48f,32.1410
75,5,100000,0.919757,0.835325,548548,33867,622,biscoito,d5ed168fbd,26.5163
75,6,100000,0.919769,0.835307,548523,33860,622,biscoito,b55e452a88,31.0017
75,7,100000,0.919733,0.835303,548562,33863,622,biscoito,a86e1ccb44,34.0831
75,8,100000,0.919801,0.835338,548424,33887,622,biscoito,0c8d9be833,36.3076
75,9,100000,0.919757,0.835271,548497,33881,622,biscoito,b537a995e2,35.6974
75,10,100000,0.919769,0.835255,548472,33899,622,biscoito,ba441e5c6b,35.9073
75,11,100000,0.919821,0.835370,548468,33897,622,biscoito,3f733ec2fa,36.5159
75,12,100000,0.919749,0.835333,548556,33863,622,biscoito,fea6da282d,31.1585
75,13,100000,0.919749,0.834475,548490,33930,622,biscoito,f7602b8e76,23.3748
75,14,100000,0.919801,0.835351,548474,33895,622,biscoito,67ef4afa65,37.1446
75,15,100000,0.919785,0.835269,548471,33898,622,biscoito,2fb09fcd65,43.2191
75,16,100000,0.919781,0.835424,548476,33886,622,biscoito,53a3d486ae,28.6135
75,17,100000,0.919761,0.835297,548564,33871,622,biscoito,eb467e76b5,30.9845
75,18,100000,0.919701,0.835219,548527,33863,622,biscoito,9aef814e28,28.2050
75,19,100000,0.919753,0.835118,548455,33886,622,biscoito,4e30e141bb,23.8696
76,0,100000,0.919781,0.835424,548476,33886,622,biscoito,53a3d486ae,28.6135
76,1,100000,0.919769,0.835410,548519,33873,622,biscoito,43d88e8c4e,38.8319
76,2,100000,0.919809,0.835414,548423,33892,622,biscoito,28c2858a8a,33.1805
76,3,100000,0.919737,0.835260,548569,33864,622,biscoito,573683c1aa,34.1946
76,4,100000,0.919729,0.835163,548495,33851,622,biscoito,ff5e05c81a,27.8383
76,5,100000,0.919861,0.835397,548500,33893,622,biscoito,49ae70334a,36.5785
76,6,100000,0.919777,0.835420,548461,33888,622,biscoito,5502bd8829,25.4121
76,7,100000,0.919809,0.834111,548411,33889,622,biscoito,0e6d95a7e7,25.6804
76,8,100000,0.919861,0.835155,548563,33872,622,biscoito,5a3d33d5e3,25.2195
76,9,100000,0.919749,0.835316,548504,33879,622,biscoito,c6b6d5fdd4,31.7656
76,10,100000,0.919789,0.835355,548496,33893,622,biscoito,93dc17b48f,32.1410
76,11,100000,0.919789,0.835355,548496,33893,622,biscoito,93dc17b48f,32.1410
76,12,100000,0.919769,0.835334,548559,33866,622,biscoito,05480d1da0,26.7915
76,13,100000,0.919805,0.835365,548478,33896,622,biscoito,3485fe5982,20.6007
76,14,100000,0.919809,0.835350,548479,33897,622,biscoito,bc3644ebff,20.9000
76,15,100000,0.919781,0.835332,548471,33896,622,biscoito,f6ed4419c5,31.7662
76,16,100000,0.919825,0.834732,548526,33899,622,biscoito,c210204a92,27.8556
76,17,100000,0.919769,0.835410,548519,33873,622,biscoito,43d88e8c4e,38.8319
76,18,100000,0.919793,0.835440,548480,33895,622,biscoito,f85871e658,24.7353
76,19,100000,0.919781,0.835364,548505,33876,622,biscoito,c2371b656e,26.1223
77,0,100000,0.919793,0.835440,548480,33895,622,biscoito,f85871e658,24.7353
77,1,100000,0.919781,0.835424,548476,33886,622,biscoito,53a3d486ae,28.6135
77,2,100000,0.919809,0.835414,548423,33892,622,biscoito,28c2858a8a,33.1805
77,3,100000,0.919781,0.835424,548476,33886,622,biscoito,53a3d486ae,28.6135
77,4,100000,0.919769,0.835410,548519,33873,622,biscoito,43d88e8c4e,38.8319
77,5,100000,0.919793,0.835440,548480,33895,622,biscoito,f85871e658,24.7353
77,6,100000,0.919789,0.835355,548496,33893,622,biscoito,93dc17b48f,32.1410
77,7,100000,0.919909,0.834557,548525,33908,622,biscoito,df9f19e334,32.7730
77,8,100000,0.919777,0.835420,548461,33888,622,biscoito,5502bd8829,25.4121
77,9,100000,0.919777,0.835420,548461,33888,622,biscoito,5502bd8829,25.4121
77,10,100000,0.919821,0.834348,548534,33859,622,biscoito,dfba3a6f8b,31.6795
77,11,100000,0.919833,0.832998,548444,33902,622,biscoito,e88619d0f1,35.3056
77,12,100000,0.919809,0.835573,548443,33882,622,biscoito,603d4e5694,30.0014
77,13,100000,0.919769,0.835356,548494,33874,622,biscoito,0f268c021c,38.5985
77,14,100000,0.919777,0.835420,548461,33888,622,biscoito,5502bd8829,25.4121
77,15,100000,0.919777,0.835420,548461,33888,622,biscoito,5502bd8829,25.4121
77,16,100000,0.919781,0.835459,548491,33897,622,biscoito,e2814acf37,25.0121
77,17,100000,0.919773,0.835299,548551,33870,622,biscoito,d9dd2a97c5,25.2534
77,18,100000,0.919789,0.835409,548450,33894,622,biscoito,127090938d,30.8970
77,19,100000,0.919725,0.835327,548545,33873,622,biscoito,71c1ae44f5,34.4968
78,0,100000,0.919809,0.835573,548443,33882,622,biscoito,603d4e5694,30.0014
78,1,100000,0.919781,0.835459,548491,33897,622,biscoito,e2814acf37,25.0121
78,2,100000,0.919769,0.835450,548490,33896,622,biscoito,257bb37c97,26.0273
78,3,100000,0.919801,0.835402,548452,33889,622,biscoito,f0205350e7,26.9257
78,4,100000,0.919801,0.835447,548480,33891,622,biscoito,2735c9b616,33.4681
78,5,100000,0.919745,0.835375,548482,33887,622,biscoito,d8d37681d8,26.5590
78,6,100000,0.919777,0.835271,548520,33872,622,biscoito,cc921f8c73,20.9994
78,7,100000,0.919781,0.835327,548436,33892,622,biscoito,dc39ccd123,33.3469
78,8,100000,0.919849,0.835729,548422,33912,622,biscoito,734737d246,39.4041
78,9,100000,0.919781,0.835523,548453,33881,622,biscoito,1350c2e73b,35.1636
78,10,100000,0.919781,0.835566,548494,33887,622,biscoito,1c434e6664,34.7292
78,11,100000,0.919781,0.835332,548474,33896,622,biscoito,fa79f26be5,39.2150
78,12,100000,0.919813,0.835573,548450,33885,622,biscoito,df7ffc490a,35.4216
78,13,100000,0.919769,0.835396,548464,33890,622,biscoito,a5d58848c0,29.7574
78,14,100000,0.919777,0.835420,548461,33888,622,biscoito,5502bd8829,25.4121
78,15,100000,0.919777,0.835420,548461,33888,622,biscoito,5502bd8829,25.4121
78,16,100000,0.919793,0.835440,548480,33895,622,biscoito,f85871e658,24.7353
78,17,100000,0.919769,0.835410,548519,33873,622,biscoito,43d88e8c4e,38.8319
78,18,100000,0.919781,0.835470,548474,33886,622,biscoito,1c6d4200e8,29.2694
78,19,100000,0.919809,0.835480,548451,33881,622,biscoito,4e22916b5a,21.9090
79,0,100000,0.919849,0.835729,548422,33912,622,biscoito,734737d246,39.4041
79,1,100000,0.919809,0.835573,548443,33882,622,biscoito,603d4e5694,30.0014
79,2,100000,0.919849,0.835729,548422,33912,622,biscoito,734737d246,39.4041
79,3,100000,0.919781,0.835523,548453,33881,622,biscoito,1350c2e73b,35.1636
79,4,100000,0.919773,0.835500,548480,33886,622,biscoito,61b637f17c,35.5242
79,5,100000,0.919773,0.834922,548434,33885,622,biscoito,3feb0b6b27,32.8595
79,6,100000,0.919833,0.835537,548457,33880,622,biscoito,d37b3f2315,23.1555
79,7,100000,0.919757,0.835446,548481,33885,622,biscoito,21c144b679,32.7922
79,8,100000,0.919781,0.835523,548453,33881,622,biscoito,1350c2e73b,35.1636
79,9,100000,0.919809,0.835480,548451,33881,622,biscoito,4e22916b5a,21.9090
79,10,100000,0.919805,0.835495,548463,33887,622,biscoito,35185c87e0,31.4151
79,11,100000,0.919801,0.835396,548441,33894,622,biscoito,ea5ca390d1,42.1775
79,12,100000,0.919809,0.835480,548451,33881,622,biscoito,4e22916b5a,21.9090
79,13,100000,0.920077,0.835063,548417,33949,622,biscoito,f928fc66d6,36.4715
79,14,100000,0.919801,0.835402,548452,33889,622,biscoito,f0205350e7,26.9257
79,15,100000,0.919809,0.835480,548451,33881,622,biscoito,4e22916b5a,21.9090
79,16,100000,0.919829,0.835522,548446,33882,622,biscoito,32dd01d876,44.9004
79,17,100000,0.919805,0.835549,548450,33884,622,biscoito,7b5af5e78d,39.3008
79,18,100000,0.919781,0.835523,548455,33881,622,biscoito,2c06573eb5,40.8162
79,19,100000,0.919761,0.835429,548493,33896,622,biscoito,c068dc9c29,32.7786
80,0,100000,0.919849,0.835729,548422,33912,622,biscoito,734737d246,39.4041
80,1,100000,0.919849,0.835729,548422,33912,622,biscoito,734737d246,39.4041
80,2,100000,0.919777,0.835514,548455,33881,622,biscoito,ffaef610fc,41.6735
80,3,100000,0.919805,0.835549,548451,33884,622,biscoito,3072fd02bf,30.4246
80,4,100000,0.919873,0.835813,548488,33891,622,biscoito,f4ed1555c5,40.8842
80,5,100000,0.919837,0.834151,548439,33883,622,biscoito,bfff9a71b0,40.4975
80,6,100000,0.919829,0.835565,548455,33883,622,biscoito,0ef86279ad,34.3151
80,7,100000,0.919801,0.835479,548455,33881,622,biscoito,334e6abde6,44.5869
80,8,100000,0.919813,0.835780,548431,33904,622,biscoito,d6df54b60f,37.7913
80,9,100000,0.919809,0.835460,548440,33890,622,biscoito,344b6fe2e8,42.5671
80,10,100000,0.919833,0.835743,548374,33904,622,biscoito,e0c605ac0f,42.9543
80,11,100000,0.919841,0.835484,548504,33891,622,biscoito,f628ab541f,39.1642
80,12,100000,0.919793,0.835569,548452,33882,622,biscoito,df3508fcb4,39.3875
80,13,100000,0.919801,0.835450,548466,33887,622,biscoito,ef6af5b99b,41.7239
80,14,100000,0.919849,0.835729,548422,33912,622,biscoito,734737d246,39.4041
80,15,100000,0.919849,0.835729,548422,33912,622,biscoito,734737d246,39.4041
80,16,100000,0.919805,0.835549,548450,33884,622,biscoito,7b5af5e78d,39.3008
80,17,100000,0.919781,0.835523,548453,33881,622,biscoito,1350c2e73b,35.1636
80,18,100000,0.919809,0.835603,548390,33903,622,biscoito,c69a459253,33.6081
80,19,100000,0.919901,0.835718,548488,33892,622,biscoito,fd10e6bb24,34.0532
81,0,100000,0.919873,0.835813,548488,33891,622,biscoito,f4ed1555c5,40.8842
81,1,100000,0.919813,0.835780,548431,33904,622,biscoito,d6df54b60f,37.7913
81,2,100000,0.919777,0.835565,548475,33870,622,biscoito,a664d78b09,42.9129
81,3,100000,0.919789,0.835630,548406,33919,622,biscoito,6057b77bce,40.2097
81,4,100000,0.919849,0.835729,548422,33912,622,biscoito,734737d246,39.4041
81,5,100000,0.919849,0.835729,548422,33912,622,biscoito,734737d246,39.4041
81,6,100000,0.919849,0.835729,548422,33912,622,biscoito,734737d246,39.4041
81,7,100000,0.919849,0.835729,548422,33912,622,biscoito,734737d246,39.4041
81,8,100000,0.919849,0.835729,548422,33912,622,biscoito,734737d246,39.4041
81,9,100000,0.919849,0.835729,548422,33912,622,biscoito,734737d246,39.4041
81,10,100000,0.919877,0.835979,548465,33903,622,biscoito,f7ab622d02,39.0218
81,11,100000,0.919745,0.835689,548535,33890,622,biscoito,6ceaeca37c,39.7997
81,12,100000,0.919837,0.835725,548419,33905,622,biscoito,87a1bb60ce,39.1775
81,13,100000,0.919849,0.835564,548461,33890,622,biscoito,f26951c140,35.6213
81,14,100000,0.919809,0.835690,548426,33915,622,biscoito,4d3c05a59e,37.3608
81,15,100000,0.919837,0.835542,548429,33885,622,biscoito,f6e093fafe,43.4454
81,16,100000,0.919913,0.835837,548420,33906,622,biscoito,f6b1b0ee8a,32.3037
81,17,100000,0.919785,0.835338,548483,33882,622,biscoito,eda384afd6,41.1645
81,18,100000,0.919781,0.835855,548411,33907,622,biscoito,996a8d4c57,36.7857
81,19,100000,0.919873,0.836458,548555,33898,622,biscoito,d70a7c15c0,37.8869
82,0,100000,0.919873,0.836458,548555,33898,622,biscoito,d70a7c15c0,37.8869
82,1,100000,0.919877,0.835979,548465,33903,622,biscoito,f7ab622d02,39.0218
82,2,100000,0.919757,0.835814,548403,33912,622,biscoito,1bb0d4a223,44.7523
82,3,100000,0.919825,0.835837,548424,33901,622,biscoito,747d22429b,37.8690
82,4,100000,0.919833,0.835729,548426,33909,622,biscoito,3c5cc7e388,39.6343
82,5,100000,0.919893,0.835824,548481,33892,622,biscoito,8da5412707,36.2935
82,6,100000,0.919921,0.835854,548449,33895,622,biscoito,bc1f0a2ba8,35.5039
82,7,100000,0.919861,0.835945,548420,33915,622,biscoito,7c04167854,39.6404
82,8,100000,0.919833,0.836006,548402,33922,622,biscoito,a0a53a19c0,39.2298
82,9,100000,0.919901,0.833841,548507,33892,621,biscoito,7bd41c1852,35.1924
82,10,100000,0.919785,0.835806,548438,33904,622,biscoito,62c861671e,38.3725
82,11,100000,0.919845,0.835955,548417,33913,622,biscoito,ad44f6a2a5,33.4849
82,12,100000,0.919809,0.836081,548433,33910,622,biscoito,59ed3587a5,31.5573
82,13,100000,0.919753,0.835141,548502,33896,622,biscoito,8e72135f9b,33.4997
82,14,100000,0.919849,0.835729,548422,33912,622,biscoito,734737d246,39.4041
82,15,100000,0.919849,0.835729,548422,33912,622,biscoito,734737d246,39.4041
82,16,100000,0.919917,0.833778,548516,33882,621,biscoito,04ed627677,37.3696
82,17,100000,0.919861,0.835807,548401,33926,622,biscoito,c892c653b5,40.0381
82,18,100000,0.919837,0.835570,548484,33895,622,biscoito,9c5717b6db,33.5125
82,19,100000,0.919921,0.835912,548401,33923,622,biscoito,a8bfb9621b,35.6546
83,0,100000,0.919873,0.836458,548555,33898,622,biscoito,d70a7c15c0,37.8869
83,1,100000,0.919809,0.836081,548433,33910,622,biscoito,59ed3587a5,31.5573
83,2,100000,0.919881,0.835887,548428,33896,622,biscoito,1fc5839e54,42.0307
83,3,100000,0.919865,0.835806,548441,33899,622,biscoito,a969abdeb4,40.2237
83,4,100000,0.919845,0.835619,548430,33909,622,biscoito,885550d40c,38.0913
83,5,100000,0.919817,0.835819,548424,33907,622,biscoito,9b9b1bd319,44.0459
83,6,100000,0.919833,0.836006,548402,33922,622,biscoito,a0a53a19c0,39.2298
83,7,100000,0.919861,0.835945,548420,33915,622,biscoito,7c04167854,39.6404
83,8,100000,0.919873,0.836458,548555,33898,622,biscoito,d70a7c15c0,37.8869
83,9,100000,0.919845,0.835955,548417,33913,622,biscoito,ad44f6a2a5,33.4849
83,10,100000,0.919785,0.835345,548372,33938,622,biscoito,3275d5f231,40.4741
83,11,100000,0.919873,0.835893,548418,33920,622,biscoito,bdb34cc942,36.5831
83,12,100000,0.919737,0.835056,548461,33915,622,biscoito,0b18be731d,37.0545
83,13,100000,0.919861,0.835945,548420,33915,622,biscoito,7c04167854,39.6404
83,14,100000,0.919809,0.836081,548433,33910,622,biscoito,59ed3587a5,31.5573
83,15,100000,0.919845,0.835955,548417,33913,622,biscoito,ad44f6a2a5,33.4849
83,16,100000,0.919921,0.835935,548452,33897,622,biscoito,324fe7c47e,29.7844
83,17,100000,0.919917,0.835842,548487,33896,622,biscoito,9eaa6ce6a1,38.3873
83,18,100000,0.919953,0.836278,548579,33901,622,biscoito,6cad21c3f6,33.0227
83,19,100000,0.919785,0.835929,548379,33883,622,biscoito,7048409feb,26.3597
84,0,100000,0.919873,0.836458,548555,33898,622,biscoito,d70a7c15c0,37.8869
84,1,100000,0.919873,0.836458,548555,33898,622,biscoito,d70a7c15c0,37.8869
84,2,100000,0.919801,0.835168,548505,33912,622,biscoito,a9d5d91d17,38.7715
84,3,100000,0.919881,0.836277,548532,33904,622,biscoito,eb5b1a958b,40.8524
84,4,100000,0.919733,0.835662,548468,33901,622,biscoito,601ced6c0a,41.1473
84,5,100000,0.919933,0.836083,548371,33922,622,biscoito,78ee3b33f0,41.4324
84,6,100000,0.919809,0.836081,548433,33910,622,biscoito,59ed3587a5,31.5573
84,7,100000,0.919693,0.833847,548348,33884,622,biscoito,0d26d840d5,33.4832
84,8,100000,0.919857,0.835915,548388,33894,622,biscoito,6d071d7c28,31.0679
84,9,100000,0.919813,0.835952,548527,33922,622,biscoito,d0f50cf315,32.4770
84,10,100000,0.919845,0.835955,548417,33913,622,biscoito,ad44f6a2a5,33.4849
84,11,100000,0.919845,0.835955,548417,33913,622,biscoito,ad44f6a2a5,33.4849
84,12,100000,0.919801,0.836036,548428,33896,622,biscoito,9c25a96b4e,30.2783
84,13,100000,0.919805,0.836076,548394,33908,622,biscoito,01a496dc94,32.2666
84,14,100000,0.919789,0.836336,548520,33915,622,biscoito,669aaf196f,31.6243
84,15,100000,0.919913,0.835659,548422,33852,622,biscoito,5cd4ed4a7c,36.8523
84,16,100000,0.920053,0.836470,548311,33893,622,biscoito,d821b349d8,37.3979
84,17,100000,0.919921,0.836568,548565,33931,622,biscoito,e74c7080d6,39.3462
84,18,100000,0.920109,0.836231,548568,33911,622,biscoito,6e9ef54e94,43.7153
84,19,100000,0.919877,0.836482,548529,33899,622,biscoito,040dde24ba,46.1844
85,0,100000,0.919921,0.836568,548565,33931,622,biscoito,e74c7080d6,39.3462
85,1,100000,0.919877,0.836482,548529,33899,622,biscoito,040dde24ba,46.1844
85,2,100000,0.920033,0.836101,548398,33909,622,biscoito,f97f6fb91b,38.6627
85,3,100000,0.919997,0.836261,548300,33896,622,biscoito,33684bd710,40.4021
85,4,100000,0.919865,0.836332,548516,33913,622,biscoito,8222aec66d,27.1971
85,5,100000,0.919973,0.836314,548416,33910,622,biscoito,7e920eeac5,36.3169
85,6,100000,0.919833,0.836345,548407,33903,622,biscoito,1ffbfcad8d,30.2062
85,7,100000,0.919937,0.835889,548548,33921,622,biscoito,e478225f25,44.5606
85,8,100000,0.920037,0.836371,548340,33933,622,biscoito,d9fa6a671e,30.1086
85,9,100000,0.919817,0.835996,548509,33910,622,biscoito,7ac3ca117c,35.1223
85,10,100000,0.919937,0.836105,548512,33891,622,biscoito,11434d4a89,39.9265
85,11,100000,0.919757,0.836111,548534,33919,622,biscoito,e5219e5148,34.2077
85,12,100000,0.919921,0.836568,548565,33931,622,biscoito,e74c7080d6,39.3462
85,13,100000,0.919881,0.836277,548532,33904,622,biscoito,eb5b1a958b,40.8524
85,14,100000,0.919893,0.835890,548543,33895,622,biscoito,a2857a3b36,31.5046
85,15,100000,0.919913,0.836442,548544,33927,622,biscoito,6458691bc3,30.7804
85,16,100000,0.919777,0.835693,548521,33912,622,biscoito,e9fd6cf993,23.8816
85,17,100000,0.919857,0.836332,548361,33894,622,biscoito,a177c7b803,25.8126
85,18,100000,0.919929,0.836370,548577,33930,622,biscoito,1f2ed8d2de,27.7653
85,19,100000,0.919897,0.836705,548549,33901,622,biscoito,2152501566,28.1543
86,0,100000,0.919897,0.836705,548549,33901,622,biscoito,2152501566,28.1543
86,1,100000,0.919921,0.836568,548565,33931,622,biscoito,e74c7080d6,39.3462
86,2,100000,0.919969,0.836032,548366,33916,622,biscoito,111dabf93d,23.9216
86,3,100000,0.919857,0.835677,548499,33905,622,biscoito,27da246033,21.2181
86,4,100000,0.919893,0.835858,548639,33916,622,biscoito,b5e1ec6d4b,26.2889
86,5,100000,0.919921,0.836753,548443,33913,622,biscoito,ae96b957cb,20.5581
86,6,100000,0.919965,0.836677,548372,33929,622,biscoito,5db0507c2b,22.8377
86,7,100000,0.919797,0.835799,548438,33913,622,biscoito,09275bbc3c,35.2534
86,8,100000,0.919961,0.835736,548276,33888,622,biscoito,537f626b6e,33.2155
86,9,100000,0.919965,0.836275,548370,33910,622,biscoito,89eedb856f,25.5146
86,10,100000,0.919897,0.836339,548580,33921,622,biscoito,8c835a1a77,35.6946
86,11,100000,0.919945,0.836633,548564,33926,622,biscoito,b365e2aaab,22.6920
86,12,100000,0.920085,0.836572,548331,33893,622,biscoito,7248eab25b,39.7177
86,13,100000,0.919837,0.836309,548559,33942,622,biscoito,f457974061,29.1358
86,14,100000,0.919921,0.836568,548565,33931,622,biscoito,e74c7080d6,39.3462
86,15,100000,0.919921,0.836568,548565,33931,622,biscoito,e74c7080d6,39.3462
86,16,100000,0.919741,0.836001,548524,33914,622,biscoito,94de9cb654,36.2244
86,17,100000,0.919865,0.836535,548536,33895,622,biscoito,b811b306e6,28.4622
86,18,100000,0.920033,0.836294,548312,33902,622,biscoito,d259a12577,23.8781
86,19,100000,0.919801,0.836433,548436,33922,622,biscoito,be5d4c6b42,20.8241
87,0,100000,0.919921,0.836753,548443,33913,622,biscoito,ae96b957cb,20.5581
87,1,100000,0.919897,0.836705,548549,33901,622,biscoito,2152501566,28.1543
87,2,100000,0.919945,0.836633,548564,33926,622,biscoito,b365e2aaab,22.6920
87,3,100000,0.919921,0.836753,548443,33913,622,biscoito,ae96b957cb,20.5581
87,4,100000,0.919965,0.836275,548370,33910,622,biscoito,89eedb856f,25.5146
87,5,100000,0.919921,0.836568,548565,33931,622,biscoito,e74c7080d6,39.3462
87,6,100000,0.919873,0.836301,548574,33923,622,biscoito,a1206d592d,21.1922
87,7,100000,0.919753,0.836347,548485,33920,622,biscoito,92d1068187,24.7867
87,8,100000,0.919861,0.836181,548423,33913,622,biscoito,19f81fcaeb,28.5284
87,9,100000,0.919977,0.836733,548537,33927,622,biscoito,195580339e,22.1829
87,10,100000,0.919877,0.836486,548553,33947,622,biscoito,4007f1ea1a,28.6934
87,11,100000,0.919961,0.836505,548370,33947,622,biscoito,a9755cc504,37.7348
87,12,100000,0.919981,0.836593,548432,33895,622,biscoito,d0ccb7f164,42.8916
87,13,100000,0.919929,0.836118,548610,33964,622,biscoito,52ac8f72a7,31.5112
87,14,100000,0.919921,0.836568,548565,33931,622,biscoito,e74c7080d6,39.3462
87,15,100000,0.919897,0.836705,548549,33901,622,biscoito,2152501566,28.1543
87,16,100000,0.920061,0.836637,548300,33892,622,biscoito,45c48edde2,41.9775
87,17,100000,0.919625,0.835793,548518,33919,622,biscoito,2be84fb28b,30.7649
87,18,100000,0.919897,0.836339,548580,33921,622,biscoito,8c835a1a77,35.6946
87,19,100000,0.919945,0.836633,548564,33926,622,biscoito,b365e2aaab,22.6920
88,0,100000,0.919921,0.836753,548443,33913,622,biscoito,ae96b957cb,20.5581
88,1,100000,0.919921,0.836753,548443,33913,622,biscoito,ae96b957cb,20.5581
88,2,100000,0.919945,0.836633,548564,33926,622,biscoito,b365e2aaab,22.6920
88,3,100000,0.919945,0.836633,548564,33926,622,biscoito,b365e2aaab,22.6920
88,4,100000,0.920057,0.836756,548487,33923,622,biscoito,08d0a61390,40.9618
88,5,100000,0.919941,0.836717,548556,33921,622,biscoito,8f4a715e7b,42.5618
88,6,100000,0.919977,0.836733,548537,33927,622,biscoito,195580339e,22.1829
88,7,100000,0.920061,0.836637,548300,33892,622,biscoito,45c48edde2,41.9775
88,8,100000,0.919917,0.837046,548489,33912,622,biscoito,995b8ef3d1,41.5526
88,9,100000,0.919921,0.836124,548511,33885,622,biscoito,762ac0dfc0,34.4935
88,10,100000,0.919961,0.835978,548371,33919,622,biscoito,a287e31282,40.6888
88,11,100000,0.919969,0.837409,548576,33893,622,biscoito,e426405785,43.6103
88,12,100000,0.919901,0.835979,548494,33908,622,biscoito,3def9d6608,39.9165
88,13,100000,0.919977,0.836963,548488,33936,622,biscoito,1dafcc1872,37.4314
88,14,100000,0.919757,0.835850,548656,33922,622,biscoito,9344098472,37.4814
88,15,100000,0.920013,0.836875,548514,33888,622,biscoito,895ce83ebf,33.6429
88,16,100000,0.919921,0.836753,548443,33913,622,biscoito,ae96b957cb,20.5581
88,17,100000,0.919873,0.836301,548574,33923,622,biscoito,a1206d592d,21.1922
88,18,100000,0.919833,0.837014,548507,33908,622,biscoito,1566450261,42.2213
88,19,100000,0.919893,0.836338,548508,33897,622,biscoito,4b4f94490b,39.2528
89,0,100000,0.919969,0.837409,548576,33893,622,biscoito,e426405785,43.6103
89,1,100000,0.919917,0.837046,548489,33912,622,biscoito,995b8ef3d1,41.5526
89,2,100000,0.919833,0.837014,548507,33908,622,biscoito,1566450261,42.2213
89,3,100000,0.919945,0.836633,548564,33926,622,biscoito,b365e2aaab,22.6920
89,4,100000,0.919977,0.836963,548488,33936,622,biscoito,1dafcc1872,37.4314
89,5,100000,0.919977,0.836963,548488,33936,622,biscoito,1dafcc1872,37.4314
89,6,100000,0.919937,0.836557,548400,33874,622,biscoito,25566c477e,37.4564
89,7,100000,0.919965,0.837007,548555,33929,622,biscoito,df59b45653,44.3528
89,8,100000,0.920013,0.836875,548514,33888,622,biscoito,895ce83ebf,33.6429
89,9,100000,0.919833,0.837014,548507,33908,622,biscoito,1566450261,42.2213
89,10,100000,0.919797,0.836579,548506,33919,622,biscoito,dbdf77ae40,42.4774
89,11,100000,0.920093,0.836745,548524,33909,622,biscoito,f516fc54f8,36.0170
89,12,100000,0.919933,0.836298,548467,33907,622,biscoito,c44286da20,41.6776
89,13,100000,0.919925,0.837048,548482,33913,622,biscoito,6bb910b31c,39.6479
89,14,100000,0.920061,0.837024,548355,33890,622,biscoito,ee8a4f7827,42.2213
89,15,100000,0.919865,0.836703,548507,33947,622,biscoito,1d2c375737,41.2200
89,16,100000,0.919857,0.836582,548516,33921,622,biscoito,9b5935e020,41.6112
89,17,100000,0.919985,0.836755,548493,33917,622,biscoito,ff44440e46,48.0357
89,18,100000,0.919937,0.836518,548554,33919,622,biscoito,6abb4aeff4,45.4623
89,19,100000,0.920037,0.836568,548470,33898,622,biscoito,27f8d18ea9,41.3475
90,0,100000,0.919969,0.837409,548576,33893,622,biscoito,e426405785,43.6103
90,1,100000,0.919925,0.837048,548482,33913,622,biscoito,6bb910b31c,39.6479
90,2,100000,0.919949,0.836934,548587,33921,622,biscoito,27ac37ba4c,33.4371
90,3,100000,0.920017,0.837161,548406,33881,622,biscoito,29fbfb255b,42.4156
90,4,100000,0.919581,0.835603,548500,33900,622,biscoito,e796fe5d41,30.3802
90,5,100000,0.920005,0.837072,548474,33883,622,biscoito,9fcb510db0,38.2069
90,6,100000,0.919885,0.836984,548480,33911,622,biscoito,f7363e10b8,40.5670
90,7,100000,0.919877,0.837056,548515,33910,622,biscoito,088ac62856,32.6384
90,8,100000,0.919965,0.837418,548570,33938,622,biscoito,80e205f159,40.4281
90,9,100000,0.919837,0.836385,548503,33899,622,biscoito,053f8a4e8a,39.5539
90,10,100000,0.919897,0.837002,548495,33909,622,biscoito,c4104dc303,35.1786
90,11,100000,0.919877,0.836907,548529,33911,622,biscoito,f026bd7ce2,41.3225
90,12,100000,0.919917,0.837046,548489,33912,622,biscoito,995b8ef3d1,41.5526
90,13,100000,0.919833,0.837014,548507,33908,622,biscoito,1566450261,42.2213
90,14,100000,0.919849,0.836684,548492,33924,622,biscoito,f20f571820,36.0084
90,15,100000,0.920057,0.837099,548489,33932,622,biscoito,3b25765e52,41.1027
90,16,100000,0.919965,0.837007,548555,33929,622,biscoito,df59b45653,44.3528
90,17,100000,0.919925,0.837048,548482,33913,622,biscoito,6bb910b31c,39.6479
90,18,100000,0.919965,0.837125,548492,33888,622,biscoito,3c2a5e8651,43.2909
90,19,100000,0.919965,0.836687,548569,33891,622,biscoito,c2e2986e42,40.1549
91,0,100000,0.919965,0.837418,548570,33938,622,biscoito,80e205f159,40.4281
91,1,100000,0.919969,0.837409,548576,33893,622,biscoito,e426405785,43.6103
91,2,100000,0.920021,0.837184,548395,33881,622,biscoito,2558cab328,42.2460
91,3,100000,0.919873,0.837033,548526,33910,622,biscoito,d9072086f8,41.7866
91,4,100000,0.919913,0.836920,548494,33912,622,biscoito,d7cdad7d8f,35.6973
91,5,100000,0.919945,0.837092,548491,33909,622,biscoito,581a63f2f8,36.1597
91,6,100000,0.920041,0.837531,548486,33908,622,biscoito,7a25a3d614,37.1710
91,7,100000,0.919877,0.836948,548586,33923,622,biscoito,863b40a27f,30.2231
91,8,100000,0.919985,0.837311,548568,33886,622,biscoito,a0fc8a4f13,28.6291
91,9,100000,0.919961,0.837550,548564,33943,622,biscoito,c9980b77d2,24.8704
91,10,100000,0.920009,0.837211,548469,33898,622,biscoito,cdb10718e9,28.8617
91,11,100000,0.919905,0.836708,548607,33925,622,biscoito,cc3f729be8,25.2733
91,12,100000,0.920005,0.837072,548474,33883,622,biscoito,9fcb510db0,38.2069
91,13,100000,0.920005,0.837072,548474,33883,622,biscoito,9fcb510db0,38.2069
91,14,100000,0.919909,0.834996,548560,33892,622,biscoito,f1efb6532e,24.2574
91,15,100000,0.919921,0.837057,548484,33912,622,biscoito,3f1e9f7431,23.7643
91,16,100000,0.919969,0.837409,548576,33893,622,biscoito,e426405785,43.6103
91,17,100000,0.919925,0.837048,548482,33913,622,biscoito,6bb910b31c,39.6479
91,18,100000,0.919977,0.837298,548476,33932,622,biscoito,c435f6147a,26.5859
91,19,100000,0.919997,0.836921,548479,33912,622,biscoito,94242a1f33,29.1050
92,0,100000,0.919961,0.837550,548564,33943,622,biscoito,c9980b77d2,24.8704
92,1,100000,0.920041,0.837531,548486,33908,622,biscoito,7a25a3d614,37.1710
92,2,100000,0.919953,0.837468,548568,33939,622,biscoito,9cbc9bf488,34.8815
92,3,100000,0.919961,0.837508,548565,33942,622,biscoito,0ce1446584,30.1147
92,4,100000,0.919953,0.836740,548377,33919,622,biscoito,5b8b9e0e8d,22.6721
92,5,100000,0.920057,0.837948,548491,33906,622,biscoito,c09058acd8,24.9980
92,6,100000,0.919921,0.837057,548484,33912,622,biscoito,3f1e9f7431,23.7643
92,7,100000,0.919877,0.836948,548586,33923,622,biscoito,863b40a27f,30.2231
92,8,100000,0.919965,0.837418,548570,33938,622,biscoito,80e205f159,40.4281
92,9,100000,0.919985,0.837311,548568,33886,622,biscoito,a0fc8a4f13,28.6291
92,10,100000,0.919957,0.837539,548565,33944,622,biscoito,22252cbdee,24.1840
92,11,100000,0.920013,0.837221,548471,33898,622,biscoito,fbde9c6db2,30.6295
92,12,100000,0.919969,0.837130,548561,33932,622,biscoito,e8ffdcda36,33.7124
92,13,100000,0.919981,0.837272,548459,33883,622,biscoito,f7984e4a19,35.8288
92,14,100000,0.920037,0.837027,548475,33900,622,biscoito,bd39591f94,31.1673
92,15,100000,0.919849,0.837434,548617,33921,622,biscoito,dd36471825,27.1401
92,16,100000,0.919921,0.837057,548484,33912,622,biscoito,3f1e9f7431,23.7643
92,17,100000,0.920021,0.837184,548395,33881,622,biscoito,2558cab328,42.2460
92,18,100000,0.920037,0.837463,548479,33896,622,biscoito,6d6d26d5a6,33.3239
92,19,100000,0.919821,0.836854,548524,33940,622,biscoito,efa934efab,24.7497
93,0,100000,0.920057,0.837948,548491,33906,622,biscoito,c09058acd8,24.9980
93,1,100000,0.919961,0.837550,548564,33943,622,biscoito,c9980b77d2,24.8704
93,2,100000,0.919969,0.837491,548556,33940,622,biscoito,e17fe5a49f,37.3382
93,3,100000,0.919929,0.836931,548586,33931,622,biscoito,6af8f42414,31.1518
93,4,100000,0.919697,0.836828,548667,33947,622,biscoito,d3eb4a1342,42.6860
93,5,100000,0.919693,0.836301,548635,33869,622,biscoito,36af1d5abe,31.2325
93,6,100000,0.920089,0.837912,548565,33937,622,biscoito,53039fb7f2,39.5689
93,7,100000,0.919929,0.837277,548497,33927,622,biscoito,dea56a54d8,32.1950
93,8,100000,0.919957,0.837539,548565,33944,622,biscoito,22252cbdee,24.1840
93,9,100000,0.920057,0.837948,548491,33906,622,biscoito,c09058acd8,24.9980
93,10,100000,0.919965,0.837450,548526,33942,622,biscoito,82350a45c2,30.8868
93,11,100000,0.919753,0.836635,548535,33946,622,biscoito,e1999f8647,29.1638
93,12,100000,0.920049,0.837538,548483,33906,622,biscoito,e4cdc19a31,31.6406
93,13,100000,0.920025,0.837489,548462,33898,622,biscoito,61f3f48616,41.4721
93,14,100000,0.919957,0.837385,548576,33932,622,biscoito,f61afc880a,34.4557
93,15,100000,0.920069,0.838065,548498,33918,622,biscoito,8eb015b747,34.9672
93,16,100000,0.920057,0.837948,548491,33906,622,biscoito,c09058acd8,24.9980
93,17,100000,0.919849,0.837434,548617,33921,622,biscoito,dd36471825,27.1401
93,18,100000,0.920045,0.836324,548589,33957,622,biscoito,e689dd0c6c,40.6206
93,19,100000,0.920013,0.837221,548471,33898,622,biscoito,fbde9c6db2,30.6295
94,0,100000,0.920069,0.838065,548498,33918,622,biscoito,8eb015b747,34.9672
94,1,100000,0.920057,0.837948,548491,33906,622,biscoito,c09058acd8,24.9980
94,2,100000,0.920017,0.837714,548501,33902,622,biscoito,347f9f0659,33.4799
94,3,100000,0.919929,0.836606,548550,33927,622,biscoito,981c7e4ac7,40.5793
94,4,100000,0.920061,0.838030,548576,33928,622,biscoito,30cea2f496,42.7977
94,5,100000,0.920017,0.837503,548398,33876,622,biscoito,78afb6bd1b,44.1116
94,6,100000,0.920057,0.837948,548491,33906,622,biscoito,c09058acd8,24.9980
94,7,100000,0.920025,0.837489,548462,33898,622,biscoito,61f3f48616,41.4721
94,8,100000,0.920173,0.837978,548546,33923,622,biscoito,5bd4c68e8c,42.7179
94,9,100000,0.920113,0.837840,548558,33921,622,biscoito,0db9078d3a,39.1764
94,10,100000,0.920121,0.838047,548487,33930,622,biscoito,c4088db1fe,40.5390
94,11,100000,0.920328,0.837633,548664,33921,622,biscoito,aa9542b44c,40.6284
94,12,100000,0.920045,0.837915,548464,33913,622,biscoito,22033ac2d3,38.5732
94,13,100000,0.919925,0.837543,548582,33933,622,biscoito,aeff6a4f1e,37.8325
94,14,100000,0.919673,0.836935,548667,33944,622,biscoito,65ae386fe8,39.5150
94,15,100000,0.920065,0.838077,548462,33921,622,biscoito,ee3992ba77,45.1143
94,16,100000,0.920085,0.838108,548557,33916,622,biscoito,be70b16a7f,37.5107
94,17,100000,0.920037,0.837477,548380,33885,622,biscoito,be437ad6ad,43.0350
94,18,100000,0.919881,0.837122,548462,33948,622,biscoito,a7fa6c5b5a,38.0103
94,19,100000,0.919941,0.837561,548590,33932,622,biscoito,eec9deb2a9,44.5790
95,0,100000,0.920085,0.838108,548557,33916,622,biscoito,be70b16a7f,37.5107
95,1,100000,0.920065,0.838077,548462,33921,622,biscoito,ee3992ba77,45.1143
95,2,100000,0.920017,0.837295,548461,33928,622,biscoito,23194f80bb,45.7874
95,3,100000,0.920069,0.838065,548498,33918,622,biscoito,8eb015b747,34.9672
95,4,100000,0.920113,0.837858,548554,33932,622,biscoito,fce5658026,36.3667
95,5,100000,0.920085,0.838084,548493,33904,622,biscoito,d2967023af,40.1671
95,6,100000,0.920173,0.837978,548546,33923,622,biscoito,5bd4c68e8c,42.7179
95,7,100000,0.920173,0.837978,548546,33923,622,biscoito,5bd4c68e8c,42.7179
95,8,100000,0.920248,0.838029,548586,33933,622,biscoito,109e0bba8a,41.7179
95,9,100000,0.920125,0.837730,548614,33909,622,biscoito,e48aef90ad,36.2419
95,10,100000,0.920085,0.838108,548557,33916,622,biscoito,be70b16a7f,37.5107
95,11,100000,0.920065,0.838077,548462,33921,622,biscoito,ee3992ba77,45.1143
95,12,100000,0.919929,0.837561,548581,33934,622,biscoito,7480d92a2d,40.5673
95,13,100000,0.920065,0.838077,548465,33920,622,biscoito,f6fcc433ae,29.2553
95,14,100000,0.920157,0.838304,548502,33923,622,biscoito,c9ad0d9165,29.1401
95,15,100000,0.919901,0.837361,548569,33942,622,biscoito,126bde11fa,35.0408
95,16,100000,0.920057,0.837948,548490,33906,622,biscoito,e427109a6b,38.0098
95,17,100000,0.920065,0.838077,548463,33922,622,biscoito,8d5e3c8bb3,40.7263
95,18,100000,0.920069,0.837436,548510,33920,622,biscoito,bb640ccfe9,43.2967
95,19,100000,0.920057,0.838062,548541,33917,622,biscoito,a3e7d2e1cf,40.7957
96,0,100000,0.920157,0.838304,548502,33923,622,biscoito,c9ad0d9165,29.1401
96,1,100000,0.920085,0.838108,548557,33916,622,biscoito,be70b16a7f,37.5107
96,2,100000,0.920065,0.838077,548462,33921,622,biscoito,ee3992ba77,45.1143
96,3,100000,0.920248,0.838029,548586,33933,622,biscoito,109e0bba8a,41.7179
96,4,100000,0.920065,0.838077,548463,33920,622,biscoito,4c971c6557,30.4293
96,5,100000,0.919865,0.837421,548411,33937,622,biscoito,c7c34e13f5,36.8737
96,6,100000,0.920117,0.838126,548475,33920,622,biscoito,5bbeb613d3,35.0646
96,7,100000,0.920093,0.838189,548461,33919,622,biscoito,955b6c6848,30.6379
96,8,100000,0.920085,0.838084,548493,33904,622,biscoito,d2967023af,40.1671
96,9,100000,0.920157,0.838304,548502,33923,622,biscoito,c9ad0d9165,29.1401
96,10,100000,0.920248,0.838029,548586,33933,622,biscoito,109e0bba8a,41.7179
96,11,100000,0.920065,0.838077,548465,33920,622,biscoito,f6fcc433ae,29.2553
96,12,100000,0.920125,0.838371,548545,33914,622,biscoito,12ddb48b6d,41.3421
96,13,100000,0.920149,0.838609,548529,33920,622,biscoito,f82dd5f615,34.3143
96,14,100000,0.920157,0.838304,548502,33923,622,biscoito,c9ad0d9165,29.1401
96,15,100000,0.920157,0.838304,548502,33923,622,biscoito,c9ad0d9165,29.1401
96,16,100000,0.920125,0.837730,548614,33909,622,biscoito,e48aef90ad,36.2419
96,17,100000,0.920065,0.838077,548463,33922,622,biscoito,8d5e3c8bb3,40.7263
96,18,100000,0.920057,0.838062,548541,33917,622,biscoito,a3e7d2e1cf,40.7957
96,19,100000,0.920065,0.838077,548462,33921,622,biscoito,ee3992ba77,45.1143
97,0,100000,0.920149,0.838609,548529,33920,622,biscoito,f82dd5f615,34.3143
97,1,100000,0.920125,0.838371,548545,33914,622,biscoito,12ddb48b6d,41.3421
97,2,100000,0.920157,0.838304,548502,33923,622,biscoito,c9ad0d9165,29.1401
97,3,100000,0.920157,0.838304,548502,33923,622,biscoito,c9ad0d9165,29.1401
97,4,100000,0.920125,0.838349,548547,33913,622,biscoito,2b521172b5,36.4585
97,5,100000,0.920141,0.838310,548502,33920,622,biscoito,649218b8f3,41.3650
97,6,100000,0.920157,0.838304,548502,33923,622,biscoito,c9ad0d9165,29.1401
97,7,100000,0.920157,0.838304,548502,33923,622,biscoito,c9ad0d9165,29.1401
97,8,100000,0.920157,0.838304,548502,33923,622,biscoito,c9ad0d9165,29.1401
97,9,100000,0.920157,0.838304,548502,33923,622,biscoito,c9ad0d9165,29.1401
97,10,100000,0.920109,0.838473,548551,33924,622,biscoito,c374ab5dfe,43.8200
97,11,100000,0.920121,0.838377,548567,33910,622,biscoito,abc58833a8,41.6763
97,12,100000,0.919957,0.837831,548560,33926,622,biscoito,582a64506b,38.4526
97,13,100000,0.920149,0.838296,548500,33911,622,biscoito,09a9c70178,45.4157
97,14,100000,0.920097,0.838042,548489,33927,622,biscoito,ce8fe499a1,39.3744
97,15,100000,0.920153,0.838463,548472,33915,622,biscoito,8cfa49e74b,50.4658
97,16,100000,0.920157,0.838304,548502,33923,622,biscoito,c9ad0d9165,29.1401
97,17,100000,0.919953,0.837309,548404,33910,622,biscoito,ea2f7ca923,44.0942
97,18,100000,0.920041,0.837964,548551,33913,622,biscoito,da106161d6,39.2931
97,19,100000,0.920081,0.837970,548477,33922,622,biscoito,fff94e9c8c,43.8408
98,0,100000,0.920149,0.838609,548529,33920,622,biscoito,f82dd5f615,34.3143
98,1,100000,0.920109,0.838473,548551,33924,622,biscoito,c374ab5dfe,43.8200
98,2,100000,0.920181,0.838286,548590,33912,622,biscoito,cdbe2daeff,39.6997
98,3,100000,0.920133,0.837893,548448,33943,621,biscoito,90af3f6bb9,47.2743
98,4,100000,0.920109,0.838473,548551,33924,622,biscoito,c374ab5dfe,43.8200
98,5,100000,0.920157,0.838304,548502,33923,622,biscoito,c9ad0d9165,29.1401
98,6,100000,0.920169,0.838289,548536,33927,622,biscoito,ebef16c0a8,34.0881
98,7,100000,0.920001,0.837631,548543,33903,622,biscoito,1a59131820,46.2463
98,8,100000,0.920153,0.838306,548510,33922,622,biscoito,040d5df760,34.0029
98,9,100000,0.920129,0.838366,548544,33915,622,biscoito,77ce6d9380,36.0988
98,10,100000,0.920145,0.838377,548542,33911,622,biscoito,5875ac8f0f,41.8092
98,11,100000,0.920125,0.838379,548570,33911,622,biscoito,64f794a0c6,34.5723
98,12,100000,0.920149,0.838609,548529,33920,622,biscoito,f82dd5f615,34.3143
98,13,100000,0.920125,0.838371,548545,33914,622,biscoito,12ddb48b6d,41.3421
98,14,100000,0.920145,0.838638,548579,33914,622,biscoito,240e6a81e9,41.0682
98,15,100000,0.920149,0.838174,548462,33918,622,biscoito,059963a408,31.6357
98,16,100000,0.920109,0.838473,548551,33924,622,biscoito,c374ab5dfe,43.8200
98,17,100000,0.920157,0.838304,548502,33923,622,biscoito,c9ad0d9165,29.1401
98,18,100000,0.920201,0.838534,548498,33923,622,biscoito,64050581b6,40.3902
98,19,100000,0.919873,0.837286,548521,33898,622,biscoito,80483832cc,39.1043
99,0,100000,0.920145,0.838638,548579,33914,622,biscoito,240e6a81e9,41.0682
99,1,100000,0.920149,0.838609,548529,33920,622,biscoito,f82dd5f615,34.3143
99,2,100000,0.920145,0.838638,548579,33914,622,biscoito,240e6a81e9,41.0682
99,3,100000,0.920125,0.838379,548570,33911,622,biscoito,64f794a0c6,34.5723
99,4,100000,0.920153,0.838168,548545,33916,622,biscoito,f4115aaa30,33.8573
99,5,100000,0.920005,0.836461,548590,33927,622,biscoito,a92e79727f,36.4427
99,6,100000,0.920141,0.838595,548620,33907,622,biscoito,b3c5aa6754,37.0238
99,7,100000,0.920057,0.838277,548506,33915,622,biscoito,a02943b144,42.2799
99,8,100000,0.920085,0.838707,548528,33907,622,biscoito,efa3390b69,40.9654
99,9,100000,0.920133,0.838140,548616,33927,622,biscoito,c96c529bbe,43.9707
99,10,100000,0.920097,0.838473,548450,33925,622,biscoito,8c1cf5e957,35.1817
99,11,100000,0.920133,0.838501,548633,33921,622,biscoito,4d0c98c9f7,34.3967
99,12,100000,0.920121,0.838362,548542,33912,622,biscoito,456f38e68d,43.1769
99,13,100000,0.920129,0.838302,548546,33913,622,biscoito,4f1071de66,37.5967
99,14,100000,0.920105,0.838780,548529,33910,622,biscoito,d9309e2416,32.9197
99,15,100000,0.920129,0.838292,548634,33928,622,biscoito,bd09531358,43.0482
99,16,100000,0.920073,0.837957,548719,33908,622,biscoito,dfc0488093,35.1283
99,17,100000,0.920109,0.838473,548551,33924,622,biscoito,c374ab5dfe,43.8200
99,18,100000,0.920109,0.838473,548551,33924,622,biscoito,c374ab5dfe,43.8200
99,19,100000,0.920360,0.837621,548573,33898,622,biscoito,3a0fe198f7,33.1281
100,0,100000,0.920105,0.838780,548529,33910,622,biscoito,d9309e2416,32.9197
100,1,100000,0.920085,0.838707,548528,33907,622,biscoito,efa3390b69,40.9654
100,2,100000,0.920145,0.838500,548640,33906,622,biscoito,1af517a7fe,43.0813
100,3,100000,0.920113,0.838441,548534,33926,622,biscoito,952483c8b5,32.7839
100,4,100000,0.920109,0.838362,548529,33900,622,biscoito,1ec736ce14,35.8313
100,5,100000,0.920109,0.838468,548606,33923,622,biscoito,2fc6824c49,27.9593
100,6,100000,0.920145,0.838638,548579,33914,622,biscoito,240e6a81e9,41.0682
100,7,100000,0.920145,0.838638,548579,33914,622,biscoito,240e6a81e9,41.0682
100,8,100000,0.920121,0.838830,548509,33907,622,biscoito,c5d67472fd,18.1658
100,9,100000,0.920077,0.838528,548600,33916,622,biscoito,7bf94d191b,28.9797
100,10,100000,0.920145,0.838638,548579,33914,622,biscoito,240e6a81e9,41.0682
100,11,100000,0.920109,0.838473,548551,33924,622,biscoito,c374ab5dfe,43.8200
100,12,100000,0.920137,0.838469,548468,33922,622,biscoito,54f1d79b30,35.6100
100,13,100000,0.920141,0.838366,548626,33922,622,biscoito,8fdcab2bf7,35.6648
100,14,100000,0.920145,0.838638,548579,33914,622,biscoito,240e6a81e9,41.0682
100,15,100000,0.920149,0.838609,548529,33920,622,biscoito,f82dd5f615,34.3143
100,16,100000,0.920033,0.837827,548483,33924,622,biscoito,98edcd9dec,36.1371
100,17,100000,0.920097,0.838478,548443,33914,622,biscoito,170b55bc90,32.2539
100,18,100000,0.920085,0.838707,548528,33907,622,biscoito,efa3390b69,40.9654
100,19,100000,0.920085,0.838707,548528,33907,622,biscoito,efa3390b69,40.9654
