generation,individual_id,l0_size,accuracy_on_full,f1_macro_on_full,num_tokens,num_distinct_tokens,num_classes_in_l0,most_frequent_class_in_l0,l0_indices_hash,fitness_calc_time_sec
1,0,100000,0.918858,0.805064,548797,33890,621,biscoito,8394a39bfd,23.9946
1,1,100000,0.918439,0.811115,548981,34115,620,biscoito,3e16c5149d,26.8542
1,2,100000,0.918942,0.807660,548428,33882,620,biscoito,23f829dfcd,21.5234
1,3,100000,0.918315,0.807377,548408,33980,618,biscoito,2fccd0865d,21.9893
1,4,100000,0.920029,0.803935,548758,33982,620,biscoito,96360f2c9c,21.3821
1,5,100000,0.918695,0.803433,548744,33963,620,biscoito,6744b25b65,22.3761
1,6,100000,0.918815,0.808900,548118,34178,617,biscoito,69ec08fd8d,24.2857
1,7,100000,0.919206,0.809366,549039,33959,620,biscoito,f281cb86df,22.2292
1,8,100000,0.918914,0.803748,548462,33964,619,biscoito,3f219430af,22.4939
1,9,100000,0.918962,0.813632,548489,33857,622,biscoito,5bec70cd77,21.4149
1,10,100000,0.918551,0.802021,548568,33856,619,biscoito,c3b00d9299,21.2500
1,11,100000,0.919130,0.806381,548825,34029,618,biscoito,4b21b97b74,22.0185
1,12,100000,0.919086,0.808230,548491,34142,617,biscoito,e71654c167,23.0048
1,13,100000,0.918591,0.809834,548052,33991,621,biscoito,f2e1489786,21.9151
1,14,100000,0.919014,0.811589,548501,33891,620,biscoito,9602bb9ec6,22.5944
1,15,100000,0.919306,0.804625,548642,34115,620,biscoito,e6999ac16a,26.6558
1,16,100000,0.918032,0.808380,548674,34006,622,biscoito,1bedf01fc2,22.8908
1,17,100000,0.917960,0.807659,548826,33903,620,biscoito,11e83108a2,22.3161
1,18,100000,0.918559,0.805645,548702,33886,620,biscoito,322d955212,21.5562
1,19,100000,0.918527,0.807562,548325,34042,619,biscoito,634a515f4e,23.5212
2,0,100000,0.920029,0.803935,548758,33982,620,biscoito,96360f2c9c,21.3821
2,1,100000,0.919306,0.804625,548642,34115,620,biscoito,e6999ac16a,26.6558
2,2,100000,0.919845,0.802110,548705,34005,620,biscoito,fbf088afd5,21.8927
2,3,100000,0.919378,0.805948,548757,34107,620,biscoito,00edc83043,22.0975
2,4,100000,0.919206,0.809366,549039,33959,620,biscoito,f281cb86df,22.2292
2,5,100000,0.918942,0.807660,548428,33882,620,biscoito,23f829dfcd,21.5234
2,6,100000,0.918795,0.805977,548244,33852,620,biscoito,24e3a22e58,21.8148
2,7,100000,0.919214,0.802838,548873,33885,620,biscoito,fa010e2336,20.9791
2,8,100000,0.920029,0.803935,548758,33982,620,biscoito,96360f2c9c,21.3821
2,9,100000,0.920029,0.803935,548758,33982,620,biscoito,96360f2c9c,21.3821
2,10,100000,0.919374,0.808211,548481,33934,619,biscoito,d9ee3f21a8,22.6894
2,11,100000,0.918763,0.807050,548432,34130,617,biscoito,27b60b26fa,25.0658
2,12,100000,0.919130,0.806381,548825,34029,618,biscoito,4b21b97b74,22.0185
2,13,100000,0.919130,0.806381,548825,34029,618,biscoito,4b21b97b74,22.0185
2,14,100000,0.918387,0.803152,548497,33976,620,biscoito,56341753b5,23.5605
2,15,100000,0.919154,0.816068,548367,33850,622,biscoito,b7d300d3c9,21.5699
2,16,100000,0.919054,0.804636,548878,34002,617,biscoito,b9e87838b1,22.6570
2,17,100000,0.919126,0.805474,548583,34102,615,biscoito,937c91b1e4,20.9565
2,18,100000,0.919629,0.809516,548446,34056,620,biscoito,b67122efe5,22.0448
2,19,100000,0.918683,0.802358,548640,33870,619,biscoito,0d4737e29b,22.1492
3,0,100000,0.920029,0.803935,548758,33982,620,biscoito,96360f2c9c,21.3821
3,1,100000,0.920029,0.803935,548758,33982,620,biscoito,96360f2c9c,21.3821
3,2,100000,0.920029,0.803935,548758,33982,620,biscoito,96360f2c9c,21.3821
3,3,100000,0.919845,0.802110,548705,34005,620,biscoito,fbf088afd5,21.8927
3,4,100000,0.919629,0.809516,548446,34056,620,biscoito,b67122efe5,22.0448
3,5,100000,0.919306,0.804625,548642,34115,620,biscoito,e6999ac16a,26.6558
3,6,100000,0.917988,0.806099,546701,33904,617,biscoito,71992de514,22.3089
3,7,100000,0.917600,0.806636,550489,33868,622,biscoito,8ed77978cb,22.3857
3,8,100000,0.920029,0.803935,548758,33982,620,biscoito,96360f2c9c,21.3821
3,9,100000,0.920029,0.803935,548758,33982,620,biscoito,96360f2c9c,21.3821
3,10,100000,0.919226,0.808792,548521,33962,620,biscoito,4c78e15a30,20.9193
3,11,100000,0.919206,0.809366,549039,33959,620,biscoito,f281cb86df,22.2292
3,12,100000,0.919086,0.803623,549396,33920,615,biscoito,aa2253642a,14.3300
3,13,100000,0.917816,0.803953,548452,33924,618,biscoito,c4bbb5c7b6,14.1050
3,14,100000,0.918727,0.811671,548694,34017,620,biscoito,f4eef53d4e,13.9117
3,15,100000,0.919382,0.803524,548538,33963,618,biscoito,86c11cbadd,14.8544
3,16,100000,0.920029,0.803935,548758,33982,620,biscoito,96360f2c9c,21.3821
3,17,100000,0.920029,0.803935,548758,33982,620,biscoito,96360f2c9c,21.3821
3,18,100000,0.915555,0.798103,545034,33479,619,biscoito,53ab1a2894,13.5850
3,19,100000,0.919134,0.803159,552440,34149,617,biscoito,174fb528e4,14.6932
4,0,100000,0.920029,0.803935,548758,33982,620,biscoito,96360f2c9c,21.3821
4,1,100000,0.920029,0.803935,548758,33982,620,biscoito,96360f2c9c,21.3821
4,2,100000,0.919250,0.804934,548548,34045,618,biscoito,ef7ab72dc0,13.9856
4,3,100000,0.919278,0.811603,549009,33922,621,biscoito,c2cca3c77a,14.3543
4,4,100000,0.919745,0.805017,549389,33940,621,biscoito,a777d5c314,15.2023
4,5,100000,0.918587,0.800809,547626,33883,618,biscoito,ae7ff83691,16.2057
4,6,100000,0.920029,0.803935,548758,33982,620,biscoito,96360f2c9c,21.3821
4,7,100000,0.920029,0.803935,548758,33982,620,biscoito,96360f2c9c,21.3821
4,8,100000,0.920029,0.803935,548758,33982,620,biscoito,96360f2c9c,21.3821
4,9,100000,0.920029,0.803935,548758,33982,620,biscoito,96360f2c9c,21.3821
4,10,100000,0.919270,0.807360,547645,33983,621,biscoito,844e208344,13.8559
4,11,100000,0.919941,0.804133,549564,34019,621,biscoito,865453ba4e,14.8287
4,12,100000,0.920053,0.805434,548720,33982,620,biscoito,e44726b053,15.6109
4,13,100000,0.920029,0.803935,548758,33982,620,biscoito,96360f2c9c,21.3821
4,14,100000,0.920029,0.803935,548758,33982,620,biscoito,96360f2c9c,21.3821
4,15,100000,0.920029,0.803935,548758,33982,620,biscoito,96360f2c9c,21.3821
4,16,100000,0.919909,0.803419,548713,33992,620,biscoito,4addf067ff,15.4903
4,17,100000,0.920029,0.803935,548758,33982,620,biscoito,96360f2c9c,21.3821
4,18,100000,0.916638,0.801281,545680,33407,620,biscoito,8776fdb6fd,15.0252
4,19,100000,0.918711,0.807043,551742,34013,616,biscoito,9ce54d1feb,14.5375
5,0,100000,0.920053,0.805434,548720,33982,620,biscoito,e44726b053,15.6109
5,1,100000,0.920029,0.803935,548758,33982,620,biscoito,96360f2c9c,21.3821
5,2,100000,0.919949,0.804883,548870,33960,620,biscoito,7ecc96e26b,15.1570
5,3,100000,0.920029,0.803935,548758,33982,620,biscoito,96360f2c9c,21.3821
5,4,100000,0.919869,0.804407,548698,33992,619,biscoito,6716c2eead,14.4133
5,5,100000,0.919961,0.804505,548667,34010,620,biscoito,f2de93b543,15.1112
5,6,100000,0.919414,0.804228,548993,34047,620,biscoito,c6a7358398,18.6489
5,7,100000,0.919110,0.809928,548783,33874,621,biscoito,2c77db0863,14.2796
5,8,100000,0.920029,0.803935,548758,33982,620,biscoito,96360f2c9c,21.3821
5,9,100000,0.920029,0.803935,548758,33982,620,biscoito,96360f2c9c,21.3821
5,10,100000,0.920029,0.803935,548758,33982,620,biscoito,96360f2c9c,21.3821
5,11,100000,0.920029,0.803935,548758,33982,620,biscoito,96360f2c9c,21.3821
5,12,100000,0.920001,0.804538,548627,33971,620,biscoito,1b4ef3c9f4,14.9774
5,13,100000,0.919985,0.804594,548674,33978,620,biscoito,838a4923d7,15.2344
5,14,100000,0.919885,0.804391,548571,33967,620,biscoito,9c28e828c8,14.9548
5,15,100000,0.920037,0.804960,548656,33985,620,biscoito,2b5c5f7359,14.4943
5,16,100000,0.919905,0.804410,548734,34001,619,biscoito,b15fa874e5,14.4561
5,17,100000,0.920069,0.804827,548556,33983,620,biscoito,2c3fde4c9d,14.9987
5,18,100000,0.920029,0.803935,548758,33982,620,biscoito,96360f2c9c,21.3821
5,19,100000,0.920029,0.803935,548758,33982,620,biscoito,96360f2c9c,21.3821
6,0,100000,0.920069,0.804827,548556,33983,620,biscoito,2c3fde4c9d,14.9987
6,1,100000,0.920053,0.805434,548720,33982,620,biscoito,e44726b053,15.6109
6,2,100000,0.920053,0.805434,548720,33982,620,biscoito,e44726b053,15.6109
6,3,100000,0.920053,0.805434,548720,33982,620,biscoito,e44726b053,15.6109
6,4,100000,0.920037,0.804960,548656,33985,620,biscoito,2b5c5f7359,14.4943
6,5,100000,0.920029,0.803935,548758,33982,620,biscoito,96360f2c9c,21.3821
6,6,100000,0.920029,0.804077,548782,33982,620,biscoito,87e42bab7a,13.9983
6,7,100000,0.919993,0.805252,548696,33982,620,biscoito,7c1aa3a42d,14.7082
6,8,100000,0.920037,0.804960,548656,33985,620,biscoito,2b5c5f7359,14.4943
6,9,100000,0.920037,0.804960,548656,33985,620,biscoito,2b5c5f7359,14.4943
6,10,100000,0.920053,0.805434,548720,33982,620,biscoito,e44726b053,15.6109
6,11,100000,0.920029,0.803935,548758,33982,620,biscoito,96360f2c9c,21.3821
6,12,100000,0.920053,0.805434,548720,33982,620,biscoito,e44726b053,15.6109
6,13,100000,0.920029,0.803935,548758,33982,620,biscoito,96360f2c9c,21.3821
6,14,100000,0.920037,0.804881,548607,33969,620,biscoito,15087c50d2,15.4543
6,15,100000,0.919897,0.804664,548566,34005,620,biscoito,5b56a39421,20.7401
6,16,100000,0.919877,0.804372,548486,33956,620,biscoito,e01df0fb68,21.5317
6,17,100000,0.919777,0.802480,548648,33933,619,biscoito,ce07af1564,16.9153
6,18,100000,0.919861,0.803820,548734,33963,620,biscoito,c2403149b5,17.8690
6,19,100000,0.919957,0.803685,548791,33982,620,biscoito,9c1b9f30d2,20.8573
7,0,100000,0.920069,0.804827,548556,33983,620,biscoito,2c3fde4c9d,14.9987
7,1,100000,0.920053,0.805434,548720,33982,620,biscoito,e44726b053,15.6109
7,2,100000,0.919949,0.805400,548608,33983,620,biscoito,8ba658f0dd,15.8650
7,3,100000,0.919721,0.803922,548803,33946,620,biscoito,08f94ccada,17.1483
7,4,100000,0.919933,0.804146,548805,33952,620,biscoito,1f02027360,16.3956
7,5,100000,0.920025,0.804652,548702,33992,620,biscoito,bb799ba9da,23.1381
7,6,100000,0.920061,0.804897,548569,33981,620,biscoito,b9043d80ae,18.0963
7,7,100000,0.920049,0.805292,548791,33992,620,biscoito,5c138ef65d,16.0257
7,8,100000,0.920005,0.805046,548660,33985,620,biscoito,ca34218b31,26.0469
7,9,100000,0.919993,0.804819,548736,33984,620,biscoito,a69a6b0cb7,26.0365
7,10,100000,0.919993,0.805252,548696,33982,620,biscoito,7c1aa3a42d,14.7082
7,11,100000,0.919893,0.804929,548693,34009,620,biscoito,70fc8e2254,22.3171
7,12,100000,0.920149,0.805258,548619,34047,620,biscoito,0b102b1009,23.2084
7,13,100000,0.920224,0.805242,548625,33989,620,biscoito,086b2f01a6,21.2125
7,14,100000,0.920053,0.805434,548720,33982,620,biscoito,e44726b053,15.6109
7,15,100000,0.920053,0.805434,548720,33982,620,biscoito,e44726b053,15.6109
7,16,100000,0.920053,0.805434,548720,33982,620,biscoito,e44726b053,15.6109
7,17,100000,0.920053,0.805434,548720,33982,620,biscoito,e44726b053,15.6109
7,18,100000,0.920049,0.805222,548773,34010,620,biscoito,0d56216778,20.5135
7,19,100000,0.919989,0.804922,548608,33975,620,biscoito,c7f5d1466c,24.1460
8,0,100000,0.920224,0.805242,548625,33989,620,biscoito,086b2f01a6,21.2125
8,1,100000,0.920149,0.805258,548619,34047,620,biscoito,0b102b1009,23.2084
8,2,100000,0.919861,0.804356,548659,33931,620,biscoito,5f710c3875,19.1391
8,3,100000,0.920025,0.805179,548634,34030,620,biscoito,0e835dff2a,17.6999
8,4,100000,0.920021,0.804877,548612,33981,620,biscoito,788a5f7a41,19.5900
8,5,100000,0.920085,0.806512,548609,33983,620,biscoito,27ca6c1a51,18.0783
8,6,100000,0.920177,0.805531,548662,33983,620,biscoito,742d1c99d3,15.4326
8,7,100000,0.920201,0.804323,548401,33996,619,biscoito,e25e52d07b,16.5089
8,8,100000,0.920025,0.805438,548643,34013,620,biscoito,9b7242dabb,15.0092
8,9,100000,0.919985,0.804865,548668,33971,620,biscoito,3f2d4e1380,14.7434
8,10,100000,0.920045,0.804902,548649,33992,620,biscoito,9e1218d459,15.2216
8,11,100000,0.920089,0.807352,548742,33988,620,biscoito,55794955cb,15.8249
8,12,100000,0.919841,0.804828,548799,33970,620,biscoito,b51b055bb4,14.6608
8,13,100000,0.920197,0.805190,548652,33995,620,biscoito,cdb895c2bd,15.1966
8,14,100000,0.920053,0.805434,548720,33982,620,biscoito,e44726b053,15.6109
8,15,100000,0.920224,0.805242,548625,33989,620,biscoito,086b2f01a6,21.2125
8,16,100000,0.920069,0.804827,548556,33983,620,biscoito,2c3fde4c9d,14.9987
8,17,100000,0.920069,0.804827,548556,33983,620,biscoito,2c3fde4c9d,14.9987
8,18,100000,0.920009,0.805388,548716,33985,620,biscoito,91212fd122,15.6265
8,19,100000,0.920029,0.805293,548787,33990,620,biscoito,19af779a31,16.2533
9,0,100000,0.920224,0.805242,548625,33989,620,biscoito,086b2f01a6,21.2125
9,1,100000,0.920224,0.805242,548625,33989,620,biscoito,086b2f01a6,21.2125
9,2,100000,0.920201,0.804323,548401,33996,619,biscoito,e25e52d07b,16.5089
9,3,100000,0.920201,0.804323,548401,33996,619,biscoito,e25e52d07b,16.5089
9,4,100000,0.920224,0.805242,548625,33989,620,biscoito,086b2f01a6,21.2125
9,5,100000,0.919925,0.804932,548518,33995,620,biscoito,358235f591,16.4547
9,6,100000,0.920220,0.805297,548628,33988,620,biscoito,03a41ece1c,14.5875
9,7,100000,0.920177,0.804925,548646,33984,620,biscoito,cce7d233bb,14.6543
9,8,100000,0.920304,0.806754,548598,34005,620,biscoito,8e63a3dcba,14.7499
9,9,100000,0.919837,0.804395,548288,33937,620,biscoito,36eca79592,15.0186
9,10,100000,0.919869,0.803798,548699,33988,619,biscoito,6f442dda89,14.8885
9,11,100000,0.919957,0.804647,548545,33952,620,biscoito,bf0ce043df,14.3178
9,12,100000,0.920037,0.805676,548614,33968,620,biscoito,b41beaac30,14.6963
9,13,100000,0.920069,0.806094,548788,34007,620,biscoito,e5523ccee7,15.6624
9,14,100000,0.920177,0.805531,548662,33983,620,biscoito,742d1c99d3,15.4326
9,15,100000,0.920177,0.805531,548662,33983,620,biscoito,742d1c99d3,15.4326
9,16,100000,0.920153,0.804948,548618,33984,621,biscoito,eb5e56dfc2,17.4851
9,17,100000,0.920212,0.805604,548633,33975,620,biscoito,334a64febc,26.1687
9,18,100000,0.920201,0.804323,548401,33996,619,biscoito,e25e52d07b,16.5089
9,19,100000,0.920201,0.804323,548401,33996,619,biscoito,e25e52d07b,16.5089
10,0,100000,0.920304,0.806754,548598,34005,620,biscoito,8e63a3dcba,14.7499
10,1,100000,0.920224,0.805242,548625,33989,620,biscoito,086b2f01a6,21.2125
10,2,100000,0.920232,0.805473,548644,33984,620,biscoito,43997f7ac8,23.4878
10,3,100000,0.920117,0.804057,548576,34000,619,biscoito,20d582a668,22.0323
10,4,100000,0.920101,0.804332,548424,33981,619,biscoito,047324dc68,25.9226
10,5,100000,0.920189,0.805245,548752,34005,620,biscoito,c87c7831b6,15.1549
10,6,100000,0.920161,0.805941,548595,33972,620,biscoito,4e72a8c43d,14.0909
10,7,100000,0.920089,0.805082,548408,33980,620,biscoito,2407327f04,20.0455
10,8,100000,0.920284,0.806826,548610,33995,620,biscoito,211e94a99d,16.5469
10,9,100000,0.920252,0.805320,548586,34001,620,biscoito,ded65a44b8,14.6378
10,10,100000,0.919729,0.803844,548423,33967,620,biscoito,d5d09ea3b1,14.6616
10,11,100000,0.919853,0.803597,548395,33979,619,biscoito,ed422d9212,14.1086
10,12,100000,0.920304,0.806754,548598,34005,620,biscoito,8e63a3dcba,14.7499
10,13,100000,0.920224,0.805242,548625,33989,620,biscoito,086b2f01a6,21.2125
10,14,100000,0.920205,0.805206,548591,33977,620,biscoito,74e3d6c545,15.0862
10,15,100000,0.920280,0.806692,548612,34013,620,biscoito,8f1e8a80a4,15.3065
10,16,100000,0.920252,0.804520,548464,33978,619,biscoito,f01535eecb,14.5468
10,17,100000,0.920244,0.805279,548626,33990,620,biscoito,398ec8c115,13.8064
10,18,100000,0.920388,0.805015,548643,33952,620,biscoito,638bbf2487,14.5169
10,19,100000,0.920153,0.804948,548618,33984,621,biscoito,eb5e56dfc2,17.4851
11,0,100000,0.920388,0.805015,548643,33952,620,biscoito,638bbf2487,14.5169
11,1,100000,0.920304,0.806754,548598,34005,620,biscoito,8e63a3dcba,14.7499
11,2,100000,0.920292,0.804840,548596,33998,620,biscoito,b62a27bf66,15.7133
11,3,100000,0.920304,0.805332,548526,34000,620,biscoito,c43dce6264,16.8086
11,4,100000,0.919905,0.805417,548702,33984,619,biscoito,673d88337a,15.1855
11,5,100000,0.920073,0.805854,548559,33979,620,biscoito,d838219704,13.9030
11,6,100000,0.920272,0.805144,548484,33984,620,biscoito,3db9fe870b,14.2448
11,7,100000,0.920236,0.806650,548583,34026,620,biscoito,27e7a4b201,14.7888
11,8,100000,0.920177,0.805236,548613,33976,620,biscoito,121c62f174,14.8471
11,9,100000,0.920260,0.806526,548575,34008,620,biscoito,308ddb1448,13.9122
11,10,100000,0.920284,0.806826,548610,33995,620,biscoito,211e94a99d,16.5469
11,11,100000,0.920252,0.805320,548586,34001,620,biscoito,ded65a44b8,14.6378
11,12,100000,0.920061,0.804900,548413,34001,620,biscoito,b8f1d6a759,13.7379
11,13,100000,0.920205,0.806615,548631,34011,621,biscoito,02b9158d62,14.2404
11,14,100000,0.920224,0.805242,548625,33989,620,biscoito,086b2f01a6,21.2125
11,15,100000,0.920256,0.805498,548642,33986,620,biscoito,d0e233ab02,13.5978
11,16,100000,0.920304,0.806754,548598,34005,620,biscoito,8e63a3dcba,14.7499
11,17,100000,0.920304,0.806754,548598,34005,620,biscoito,8e63a3dcba,14.7499
11,18,100000,0.919821,0.805076,548533,33973,620,biscoito,f05e2a7957,13.8053
11,19,100000,0.920109,0.806607,548651,33978,620,biscoito,96cee7f5a8,14.3023
12,0,100000,0.920388,0.805015,548643,33952,620,biscoito,638bbf2487,14.5169
12,1,100000,0.920304,0.806754,548598,34005,620,biscoito,8e63a3dcba,14.7499
12,2,100000,0.920456,0.805384,548764,33978,620,biscoito,e9608acc85,14.1571
12,3,100000,0.920113,0.805489,548681,33975,620,biscoito,7477d22f3b,15.4358
12,4,100000,0.920280,0.805235,548401,33989,621,biscoito,fb8547b1a8,13.8610
12,5,100000,0.920256,0.805498,548642,33986,620,biscoito,d0e233ab02,13.5978
12,6,100000,0.920165,0.805390,548522,33959,620,biscoito,68002e1bb7,13.8167
12,7,100000,0.920352,0.806578,548699,34007,620,biscoito,cf75eeb6ef,15.6527
12,8,100000,0.920256,0.805498,548642,33986,620,biscoito,d0e233ab02,13.5978
12,9,100000,0.920284,0.806826,548610,33995,620,biscoito,211e94a99d,16.5469
12,10,100000,0.920252,0.805580,548626,33984,620,biscoito,56358d88dd,13.6206
12,11,100000,0.920240,0.806413,548582,34003,620,biscoito,a2d1c9a98e,13.7904
12,12,100000,0.920304,0.806652,548631,34010,620,biscoito,f47a32a97e,13.6209
12,13,100000,0.920205,0.805660,548434,33992,620,biscoito,54b3979b2c,14.8175
12,14,100000,0.920296,0.806747,548612,33997,620,biscoito,51032ef262,14.7379
12,15,100000,0.920352,0.805491,548540,34007,620,biscoito,09d08825ce,13.8742
12,16,100000,0.920292,0.805089,548555,33997,620,biscoito,7777643f14,14.0220
12,17,100000,0.920252,0.806946,548586,34014,621,biscoito,7bc082d5d6,14.2291
12,18,100000,0.920193,0.804797,548984,33991,619,biscoito,05b49fe475,15.0801
12,19,100000,0.920216,0.805914,548501,33986,620,biscoito,9e7db76def,13.6765
13,0,100000,0.920456,0.805384,548764,33978,620,biscoito,e9608acc85,14.1571
13,1,100000,0.920388,0.805015,548643,33952,620,biscoito,638bbf2487,14.5169
13,2,100000,0.920352,0.805491,548540,34007,620,biscoito,09d08825ce,13.8742
13,3,100000,0.920456,0.805384,548764,33978,620,biscoito,e9608acc85,14.1571
13,4,100000,0.920296,0.806747,548612,33997,620,biscoito,51032ef262,14.7379
13,5,100000,0.920256,0.805498,548642,33986,620,biscoito,d0e233ab02,13.5978
13,6,100000,0.920240,0.805288,548680,33978,620,biscoito,d4ddf0e89d,13.6804
13,7,100000,0.920368,0.805698,548661,33997,620,biscoito,4d3a72c23e,13.8207
13,8,100000,0.920173,0.807429,548447,33989,621,biscoito,672100436e,16.1619
13,9,100000,0.920169,0.804560,548630,33984,620,biscoito,6e5ee88bb9,15.7099
13,10,100000,0.920185,0.806278,548530,33941,620,biscoito,7f6de754aa,14.0582
13,11,100000,0.920388,0.805015,548643,33952,620,biscoito,638bbf2487,14.5169
13,12,100000,0.920516,0.805595,548647,33993,620,biscoito,5a6f68262b,13.8385
13,13,100000,0.920336,0.805377,548685,33959,620,biscoito,237ca02241,14.1556
13,14,100000,0.920436,0.806366,548379,33994,621,biscoito,a0614d71d1,13.7893
13,15,100000,0.920181,0.804325,548572,34001,620,biscoito,78a34fdc9f,14.4488
13,16,100000,0.920173,0.805204,548563,33992,620,biscoito,baae2e6770,14.5719
13,17,100000,0.920404,0.804634,548628,33963,620,biscoito,9d5fd3caec,14.1358
13,18,100000,0.920224,0.804966,548579,33988,620,biscoito,05011a01e0,13.8492
13,19,100000,0.920344,0.806676,548603,34010,620,biscoito,5efdc43ebc,13.6301
14,0,100000,0.920516,0.805595,548647,33993,620,biscoito,5a6f68262b,13.8385
14,1,100000,0.920456,0.805384,548764,33978,620,biscoito,e9608acc85,14.1571
14,2,100000,0.920428,0.805597,548614,34015,620,biscoito,0e7f9d96a0,13.8842
14,3,100000,0.920376,0.805298,548718,33965,620,biscoito,6a0914911e,18.1464
14,4,100000,0.920516,0.805595,548647,33993,620,biscoito,5a6f68262b,13.8385
14,5,100000,0.920436,0.806366,548379,33994,621,biscoito,a0614d71d1,13.7893
14,6,100000,0.920456,0.805234,548659,33967,620,biscoito,31cd11b9fa,13.8014
14,7,100000,0.920384,0.804980,548724,33976,620,biscoito,a148e0ee47,13.7607
14,8,100000,0.920432,0.805288,548611,33973,620,biscoito,a8f7144f69,13.6645
14,9,100000,0.920224,0.805904,548638,33985,620,biscoito,e59e171ea2,14.5789
14,10,100000,0.920436,0.806366,548379,33994,621,biscoito,a0614d71d1,13.7893
14,11,100000,0.920436,0.806366,548379,33994,621,biscoito,a0614d71d1,13.7893
14,12,100000,0.920320,0.805828,548478,34005,620,biscoito,2b020b5808,13.8373
14,13,100000,0.920332,0.805818,548456,33995,621,biscoito,4cc835c541,15.2208
14,14,100000,0.920316,0.807253,548677,34007,620,biscoito,dc93039ec0,13.9183
14,15,100000,0.920404,0.805741,548431,33978,621,biscoito,9a7bfcb778,14.9288
14,16,100000,0.920436,0.806366,548379,33994,621,biscoito,a0614d71d1,13.7893
14,17,100000,0.920516,0.805595,548647,33993,620,biscoito,5a6f68262b,13.8385
14,18,100000,0.920292,0.804466,548601,33949,620,biscoito,f8855295e2,14.4243
14,19,100000,0.920376,0.805613,548630,33971,620,biscoito,384cd9f26e,14.4537
15,0,100000,0.920516,0.805595,548647,33993,620,biscoito,5a6f68262b,13.8385
15,1,100000,0.920516,0.805595,548647,33993,620,biscoito,5a6f68262b,13.8385
15,2,100000,0.920348,0.805904,548770,33971,620,biscoito,da391d415f,13.8525
15,3,100000,0.920484,0.806016,548538,33998,621,biscoito,e6de6bb957,13.9776
15,4,100000,0.920492,0.805905,548704,33997,620,biscoito,4a6dea26ea,13.9897
15,5,100000,0.920448,0.805616,548604,34028,621,biscoito,2a1ac3c0bd,17.8413
15,6,100000,0.920332,0.806060,548649,33973,620,biscoito,404848a883,14.1394
15,7,100000,0.920448,0.806363,548380,33998,621,biscoito,9d82457d3d,14.1777
15,8,100000,0.920292,0.805522,548484,34002,620,biscoito,c008ca6974,13.9107
15,9,100000,0.920460,0.806151,548634,34010,620,biscoito,2020028c4c,13.6933
15,10,100000,0.920516,0.805595,548647,33993,620,biscoito,5a6f68262b,13.8385
15,11,100000,0.920436,0.806366,548379,33994,621,biscoito,a0614d71d1,13.7893
15,12,100000,0.920296,0.804983,548591,33970,620,biscoito,bce783d6a1,14.2895
15,13,100000,0.920384,0.804152,548703,34001,619,biscoito,866e50e51d,14.6968
15,14,100000,0.920372,0.805002,548707,33969,620,biscoito,b989f78ab1,15.7158
15,15,100000,0.920452,0.804919,548733,33976,620,biscoito,35ac85f15a,17.0645
15,16,100000,0.920340,0.805767,548463,33998,621,biscoito,060bea71a0,14.7515
15,17,100000,0.920400,0.806450,548369,33984,621,biscoito,683fd9aefc,14.4917
15,18,100000,0.920109,0.804001,548624,33979,620,biscoito,dd3bf0a3f0,13.8428
15,19,100000,0.920400,0.806265,548364,33979,621,biscoito,e5200e7726,13.7103
16,0,100000,0.920516,0.805595,548647,33993,620,biscoito,5a6f68262b,13.8385
16,1,100000,0.920516,0.805595,548647,33993,620,biscoito,5a6f68262b,13.8385
16,2,100000,0.920516,0.805595,548647,33993,620,biscoito,5a6f68262b,13.8385
16,3,100000,0.920516,0.805595,548647,33993,620,biscoito,5a6f68262b,13.8385
16,4,100000,0.920536,0.805479,548663,34001,620,biscoito,b146286460,13.8066
16,5,100000,0.920520,0.805859,548656,33985,620,biscoito,a777c4fb16,14.1365
16,6,100000,0.920436,0.806366,548377,33995,621,biscoito,18a7606b62,13.9251
16,7,100000,0.920117,0.805690,548347,33954,621,biscoito,a4e0ce0a98,13.5823
16,8,100000,0.920468,0.805896,548682,33990,620,biscoito,a285a924ea,13.9054
16,9,100000,0.920516,0.806214,548622,34016,620,biscoito,f6fd575a16,14.0937
16,10,100000,0.920472,0.805919,548512,33999,621,biscoito,19e89fcfcf,14.4859
16,11,100000,0.920504,0.805855,548632,33996,621,biscoito,e62e1338a1,13.7391
16,12,100000,0.920480,0.805453,548619,33981,620,biscoito,8f3e3b038d,13.9929
16,13,100000,0.920260,0.804914,548393,33974,620,biscoito,0f93584cc3,13.8718
16,14,100000,0.920548,0.805817,548620,34005,620,biscoito,dbdc443f32,13.7382
16,15,100000,0.920408,0.805826,548626,33988,620,biscoito,9904cf5e11,13.8225
16,16,100000,0.920448,0.805616,548604,34028,621,biscoito,2a1ac3c0bd,17.8413
16,17,100000,0.920516,0.805595,548647,33993,620,biscoito,5a6f68262b,13.8385
16,18,100000,0.920352,0.806324,548557,33987,621,biscoito,b567c11f89,13.4569
16,19,100000,0.920568,0.805931,548442,34010,620,biscoito,b5f50dc731,13.5631
17,0,100000,0.920568,0.805931,548442,34010,620,biscoito,b5f50dc731,13.5631
17,1,100000,0.920548,0.805817,548620,34005,620,biscoito,dbdc443f32,13.7382
17,2,100000,0.920504,0.805536,548622,33985,620,biscoito,28f32bb55c,14.2573
17,3,100000,0.920516,0.805539,548654,34001,620,biscoito,a75993c3c0,13.7030
17,4,100000,0.920512,0.805613,548589,34004,619,biscoito,be9dbfc223,13.6790
17,5,100000,0.920520,0.806036,548669,33983,620,biscoito,3efefd534b,14.5786
17,6,100000,0.920444,0.805934,548518,34003,621,biscoito,482949c81a,14.4684
17,7,100000,0.920576,0.806195,548533,33982,620,biscoito,08eff01b50,13.8473
17,8,100000,0.920516,0.805595,548647,33993,620,biscoito,5a6f68262b,13.8385
17,9,100000,0.920516,0.805595,548647,33993,620,biscoito,5a6f68262b,13.8385
17,10,100000,0.920496,0.805919,548700,33994,620,biscoito,d04d9296f1,13.9230
17,11,100000,0.920556,0.805589,548626,33995,620,biscoito,7d8932c1c2,13.7250
17,12,100000,0.920444,0.806954,548615,34019,620,biscoito,e85c29d7af,13.9540
17,13,100000,0.920612,0.805942,548431,34006,620,biscoito,533aeedb22,14.4814
17,14,100000,0.920528,0.805411,548633,33979,620,biscoito,256d129e05,14.1310
17,15,100000,0.920464,0.805859,548676,34010,620,biscoito,b691323008,13.9069
17,16,100000,0.920504,0.806005,548551,34003,621,biscoito,94495f1e13,14.2696
17,17,100000,0.920552,0.805898,548588,34008,620,biscoito,fc3924bdd9,13.6905
17,18,100000,0.920516,0.805595,548647,33993,620,biscoito,5a6f68262b,13.8385
17,19,100000,0.920568,0.805931,548442,34010,620,biscoito,b5f50dc731,13.5631
18,0,100000,0.920612,0.805942,548431,34006,620,biscoito,533aeedb22,14.4814
18,1,100000,0.920576,0.806195,548533,33982,620,biscoito,08eff01b50,13.8473
18,2,100000,0.920588,0.806044,548411,34017,620,biscoito,42c75df603,13.6819
18,3,100000,0.920532,0.805755,548618,34004,620,biscoito,b6caa4ded3,13.5682
18,4,100000,0.920616,0.805911,548434,34006,620,biscoito,7205b882d0,14.0283
18,5,100000,0.920516,0.805985,548692,33983,620,biscoito,0f1f302e12,13.6367
18,6,100000,0.920612,0.805774,548415,34007,620,biscoito,703c8cbd9e,14.4355
18,7,100000,0.920480,0.805467,548605,33987,620,biscoito,f9f911eb14,13.7001
18,8,100000,0.920560,0.806173,548377,34003,619,biscoito,d34e8768c2,13.6921
18,9,100000,0.920532,0.805101,548641,34010,620,biscoito,41153d0cd9,14.7915
18,10,100000,0.920604,0.806373,548649,34015,620,biscoito,8a0bf35ff4,13.7346
18,11,100000,0.920532,0.805842,548486,33970,620,biscoito,3add464b8e,13.6755
18,12,100000,0.920500,0.805843,548626,33998,620,biscoito,f2eb88b091,13.7873
18,13,100000,0.920552,0.805802,548639,34001,620,biscoito,c98f12c98d,14.7896
18,14,100000,0.920552,0.806147,548482,34010,620,biscoito,8ef1461a3f,13.7061
18,15,100000,0.920524,0.805917,548644,33998,620,biscoito,29bab36efb,14.0084
18,16,100000,0.920544,0.805599,548647,34005,620,biscoito,88f2a2b145,13.5899
18,17,100000,0.920552,0.805855,548591,34004,620,biscoito,e4b8c9e181,14.1375
18,18,100000,0.920556,0.805589,548626,33995,620,biscoito,7d8932c1c2,13.7250
18,19,100000,0.920528,0.805411,548633,33979,620,biscoito,256d129e05,14.1310
19,0,100000,0.920616,0.805911,548434,34006,620,biscoito,7205b882d0,14.0283
19,1,100000,0.920612,0.805942,548431,34006,620,biscoito,533aeedb22,14.4814
19,2,100000,0.920604,0.806373,548649,34015,620,biscoito,8a0bf35ff4,13.7346
19,3,100000,0.920616,0.805911,548434,34006,620,biscoito,7205b882d0,14.0283
19,4,100000,0.920544,0.806256,548629,34022,620,biscoito,08412376e3,13.6257
19,5,100000,0.920065,0.806934,548466,33964,621,biscoito,2bfea06c68,13.7942
19,6,100000,0.920348,0.803401,548449,34022,620,biscoito,72bf255237,13.7563
19,7,100000,0.920600,0.805939,548447,34005,620,biscoito,948ad6c0a8,14.1525
19,8,100000,0.920556,0.805589,548626,33995,620,biscoito,7d8932c1c2,13.7250
19,9,100000,0.920576,0.806195,548533,33982,620,biscoito,08eff01b50,13.8473
19,10,100000,0.920440,0.805589,548489,33996,620,biscoito,21ba2cad48,14.3217
19,11,100000,0.920584,0.805923,548603,34008,620,biscoito,e7258a9816,15.0038
19,12,100000,0.920548,0.805696,548620,34001,620,biscoito,5801d4395f,14.0197
19,13,100000,0.920588,0.806071,548396,33996,619,biscoito,11a8313b61,14.1954
19,14,100000,0.920596,0.805978,548422,33991,620,biscoito,02c96d452d,13.5204
19,15,100000,0.920528,0.805569,548638,34000,620,biscoito,4523b4f5f9,13.7661
19,16,100000,0.920612,0.805774,548416,34008,620,biscoito,16eba2ff14,13.4947
19,17,100000,0.920588,0.806044,548416,34017,620,biscoito,67b8670afd,14.4468
19,18,100000,0.920556,0.806015,548430,34016,620,biscoito,c6890beec8,14.3194
19,19,100000,0.920580,0.806095,548605,34009,620,biscoito,a31c2ebd1e,13.6185
20,0,100000,0.920616,0.805911,548434,34006,620,biscoito,7205b882d0,14.0283
20,1,100000,0.920616,0.805911,548434,34006,620,biscoito,7205b882d0,14.0283
20,2,100000,0.920628,0.805208,548400,34004,619,biscoito,5ce8a15667,13.7599
20,3,100000,0.920620,0.806727,548470,33986,620,biscoito,e4d6e984ec,14.1698
20,4,100000,0.920612,0.805774,548416,34008,620,biscoito,16eba2ff14,13.4947
20,5,100000,0.920612,0.805774,548416,34008,620,biscoito,16eba2ff14,13.4947
20,6,100000,0.920588,0.806044,548416,34017,620,biscoito,67b8670afd,14.4468
20,7,100000,0.920580,0.806095,548605,34009,620,biscoito,a31c2ebd1e,13.6185
20,8,100000,0.920612,0.805774,548416,34008,620,biscoito,16eba2ff14,13.4947
20,9,100000,0.920612,0.805774,548416,34008,620,biscoito,16eba2ff14,13.4947
20,10,100000,0.920560,0.805777,548430,34007,620,biscoito,53afed2bfc,14.6084
20,11,100000,0.920652,0.805985,548446,34008,620,biscoito,a55c9a91d8,14.2743
20,12,100000,0.920596,0.805978,548422,33991,620,biscoito,02c96d452d,13.5204
20,13,100000,0.920612,0.805942,548431,34006,620,biscoito,533aeedb22,14.4814
20,14,100000,0.920464,0.806443,548358,34028,621,biscoito,9b90e6cfc6,13.8712
20,15,100000,0.920624,0.805910,548413,34005,620,biscoito,37eb2ab3c0,13.6344
20,16,100000,0.920608,0.805937,548443,34006,620,biscoito,22cfdd83ad,14.2268
20,17,100000,0.920600,0.805897,548423,34007,620,biscoito,88a9f25f45,14.3598
20,18,100000,0.920612,0.805774,548416,34008,620,biscoito,16eba2ff14,13.4947
20,19,100000,0.920616,0.805911,548434,34006,620,biscoito,7205b882d0,14.0283
21,0,100000,0.920652,0.805985,548446,34008,620,biscoito,a55c9a91d8,14.2743
21,1,100000,0.920628,0.805208,548400,34004,619,biscoito,5ce8a15667,13.7599
21,2,100000,0.920620,0.806727,548470,33986,620,biscoito,e4d6e984ec,14.1698
21,3,100000,0.920732,0.805664,548367,33993,620,biscoito,2c7b920683,14.3859
21,4,100000,0.920612,0.805774,548416,34008,620,biscoito,16eba2ff14,13.4947
21,5,100000,0.920608,0.805937,548443,34006,620,biscoito,22cfdd83ad,14.2268
21,6,100000,0.920644,0.805984,548416,34006,620,biscoito,6b843ea5db,13.3216
21,7,100000,0.920584,0.807340,548445,34022,620,biscoito,b9c2c18335,16.1950
21,8,100000,0.920616,0.805911,548434,34006,620,biscoito,7205b882d0,14.0283
21,9,100000,0.920616,0.805911,548434,34006,620,biscoito,7205b882d0,14.0283
21,10,100000,0.920620,0.805429,548461,34005,620,biscoito,2956b9b030,15.0399
21,11,100000,0.920632,0.806745,548463,33986,620,biscoito,87f2b9e737,12.9573
21,12,100000,0.920612,0.805774,548416,34008,620,biscoito,16eba2ff14,13.4947
21,13,100000,0.920612,0.805774,548416,34008,620,biscoito,16eba2ff14,13.4947
21,14,100000,0.920652,0.805985,548446,34008,620,biscoito,a55c9a91d8,14.2743
21,15,100000,0.920624,0.805910,548413,34005,620,biscoito,37eb2ab3c0,13.6344
21,16,100000,0.920572,0.805543,548415,34016,619,biscoito,98cb22340c,11.8713
21,17,100000,0.920276,0.804998,548375,34023,619,biscoito,5a8f23179c,13.7225
21,18,100000,0.920616,0.805911,548434,34006,620,biscoito,7205b882d0,14.0283
21,19,100000,0.920280,0.806559,548357,34002,620,biscoito,3eea0113bb,17.0145
22,0,100000,0.920732,0.805664,548367,33993,620,biscoito,2c7b920683,14.3859
22,1,100000,0.920652,0.805985,548446,34008,620,biscoito,a55c9a91d8,14.2743
22,2,100000,0.920632,0.805950,548426,34006,620,biscoito,47bf4d573d,17.9982
22,3,100000,0.920644,0.806811,548443,33985,620,biscoito,bf7524ec30,23.1659
22,4,100000,0.920620,0.806727,548470,33986,620,biscoito,86a59df947,19.6683
22,5,100000,0.920632,0.805438,548461,34005,620,biscoito,6a7f90b73d,18.8405
22,6,100000,0.920628,0.805208,548400,34004,619,biscoito,5ce8a15667,13.7599
22,7,100000,0.920464,0.804611,548443,34011,620,biscoito,d5970cc979,21.8766
22,8,100000,0.920652,0.805985,548446,34008,620,biscoito,a55c9a91d8,14.2743
22,9,100000,0.920652,0.805985,548446,34008,620,biscoito,a55c9a91d8,14.2743
22,10,100000,0.920668,0.806191,548417,33994,619,biscoito,f2c9a65009,24.2316
22,11,100000,0.920568,0.805851,548512,34009,620,biscoito,89f870ed7f,18.5827
22,12,100000,0.920608,0.805848,548424,34008,620,biscoito,03693b4c7b,18.4070
22,13,100000,0.920612,0.805347,548424,34004,619,biscoito,443f2dcb9a,18.6343
22,14,100000,0.920560,0.805826,548387,33995,620,biscoito,6f5b73f635,18.4361
22,15,100000,0.920732,0.805664,548367,33993,620,biscoito,2c7b920683,14.3859
22,16,100000,0.920672,0.807480,548503,34011,620,biscoito,71309bc2ed,18.5503
22,17,100000,0.920596,0.805897,548364,34024,620,biscoito,16f3c34799,18.8689
22,18,100000,0.920664,0.805953,548451,34008,620,biscoito,bc75409f17,19.0720
22,19,100000,0.920468,0.806939,548421,34028,620,biscoito,1ab85a390a,18.3578
23,0,100000,0.920732,0.805664,548367,33993,620,biscoito,2c7b920683,14.3859
23,1,100000,0.920732,0.805664,548367,33993,620,biscoito,2c7b920683,14.3859
23,2,100000,0.920576,0.805015,548394,34022,620,biscoito,edb877fba9,18.4244
23,3,100000,0.920612,0.805347,548424,34004,619,biscoito,443f2dcb9a,18.6343
23,4,100000,0.920732,0.805664,548367,33993,620,biscoito,2c7b920683,14.3859
23,5,100000,0.920740,0.805891,548459,33985,620,biscoito,fe023f7a78,18.5050
23,6,100000,0.920804,0.805276,548261,33990,620,biscoito,647ea4fb36,18.7361
23,7,100000,0.920620,0.806401,548544,34014,620,biscoito,a215776377,21.5611
23,8,100000,0.920748,0.805796,548410,33993,620,biscoito,c27e889576,18.7646
23,9,100000,0.920700,0.806707,548442,34003,620,biscoito,df0be310a8,19.1041
23,10,100000,0.920736,0.805945,548348,33998,620,biscoito,e9aacc3859,18.9331
23,11,100000,0.920672,0.805754,548470,34000,620,biscoito,d430f47659,18.6559
23,12,100000,0.920732,0.805664,548367,33993,620,biscoito,2c7b920683,14.3859
23,13,100000,0.920664,0.805953,548451,34008,620,biscoito,bc75409f17,19.0720
23,14,100000,0.920716,0.806529,548493,34006,620,biscoito,da670649bc,18.3328
23,15,100000,0.920632,0.805878,548341,33971,620,biscoito,534b007581,18.3379
23,16,100000,0.920732,0.805664,548367,33993,620,biscoito,2c7b920683,14.3859
23,17,100000,0.920672,0.807480,548503,34011,620,biscoito,71309bc2ed,18.5503
23,18,100000,0.920672,0.806315,548428,33998,620,biscoito,e662b37a0d,18.4323
23,19,100000,0.920676,0.806119,548392,33981,620,biscoito,5c5b6c1614,18.1716
24,0,100000,0.920804,0.805276,548261,33990,620,biscoito,647ea4fb36,18.7361
24,1,100000,0.920748,0.805796,548410,33993,620,biscoito,c27e889576,18.7646
24,2,100000,0.920744,0.805652,548382,33999,620,biscoito,8210a77eb7,19.3755
24,3,100000,0.920720,0.806738,548429,33999,620,biscoito,6594b3037a,19.2632
24,4,100000,0.920700,0.805789,548389,33999,620,biscoito,16f7ba6b74,18.1692
24,5,100000,0.920696,0.805831,548395,33997,620,biscoito,ce04ab9567,19.4736
24,6,100000,0.920676,0.805797,548365,33990,620,biscoito,cb12298b18,18.2624
24,7,100000,0.920760,0.805984,548365,33994,620,biscoito,4b8d5aa89f,18.7222
24,8,100000,0.920732,0.805664,548367,33993,620,biscoito,2c7b920683,14.3859
24,9,100000,0.920732,0.805664,548367,33993,620,biscoito,2c7b920683,14.3859
24,10,100000,0.920676,0.805794,548361,33997,620,biscoito,33e37331fe,19.7455
24,11,100000,0.920680,0.805723,548382,33995,620,biscoito,02ea2c452f,19.1244
24,12,100000,0.920672,0.806315,548428,33998,620,biscoito,e662b37a0d,18.4323
24,13,100000,0.920676,0.806119,548392,33981,620,biscoito,5c5b6c1614,18.1716
24,14,100000,0.920724,0.806480,548375,33992,620,biscoito,c5a79cb5f0,18.5475
24,15,100000,0.920744,0.805436,548252,33998,620,biscoito,c17e4340b5,19.0999
24,16,100000,0.920724,0.805928,548373,33994,620,biscoito,7568dc3416,18.6405
24,17,100000,0.920728,0.806288,548460,33980,621,biscoito,c5f6c6aee2,18.3504
24,18,100000,0.920748,0.805796,548410,33993,620,biscoito,c27e889576,18.7646
24,19,100000,0.920740,0.805891,548459,33985,620,biscoito,fe023f7a78,18.5050
25,0,100000,0.920804,0.805276,548261,33990,620,biscoito,647ea4fb36,18.7361
25,1,100000,0.920760,0.805984,548365,33994,620,biscoito,4b8d5aa89f,18.7222
25,2,100000,0.920700,0.805537,548394,33999,620,biscoito,680be4828d,18.5052
25,3,100000,0.920740,0.805719,548387,33989,620,biscoito,1db1c52626,18.7237
25,4,100000,0.920716,0.806003,548497,33977,620,biscoito,4e1b831456,18.3567
25,5,100000,0.920744,0.805355,548375,33990,620,biscoito,a4791537fb,18.4183
25,6,100000,0.920744,0.805436,548252,33998,620,biscoito,c17e4340b5,19.0999
25,7,100000,0.920480,0.806015,548314,33964,620,biscoito,0d74c0f9df,22.8614
25,8,100000,0.920676,0.805251,548253,33991,620,biscoito,8cdb90a2c5,26.9555
25,9,100000,0.920764,0.805985,548326,33993,620,biscoito,5d8dca421e,17.1680
25,10,100000,0.920768,0.805749,548374,34005,620,biscoito,26e010cc20,14.8624
25,11,100000,0.920732,0.805879,548385,33990,620,biscoito,5f8ca134f3,14.0838
25,12,100000,0.920788,0.805732,548321,33985,620,biscoito,81d4f1452e,14.9962
25,13,100000,0.920680,0.806337,548483,33986,620,biscoito,0506fddf79,14.2388
25,14,100000,0.920804,0.805276,548261,33990,620,biscoito,647ea4fb36,18.7361
25,15,100000,0.920724,0.805928,548373,33994,620,biscoito,7568dc3416,18.6405
25,16,100000,0.920708,0.805840,548371,34006,620,biscoito,237610c712,12.8750
25,17,100000,0.920788,0.805230,548277,33983,620,biscoito,8a9ec67692,12.5909
25,18,100000,0.920732,0.806051,548449,33998,620,biscoito,b048c5acf4,12.8659
25,19,100000,0.920684,0.805827,548383,33998,620,biscoito,b760c42ccb,14.6644
26,0,100000,0.920804,0.805276,548261,33990,620,biscoito,647ea4fb36,18.7361
26,1,100000,0.920804,0.805276,548261,33990,620,biscoito,647ea4fb36,18.7361
26,2,100000,0.920808,0.805298,548235,33989,620,biscoito,00d2c75f81,12.4229
26,3,100000,0.920812,0.805202,548275,33983,620,biscoito,b6e630526b,12.1228
26,4,100000,0.920804,0.805815,548311,33987,620,biscoito,aaa584ea60,12.0645
26,5,100000,0.920636,0.804730,548315,33990,620,biscoito,40a006c7d5,12.2422
26,6,100000,0.920903,0.806078,548298,34013,620,biscoito,847471a76f,12.0504
26,7,100000,0.920412,0.803498,548232,33950,620,biscoito,c2dfb16b25,12.0418
26,8,100000,0.920704,0.807026,548239,33999,620,biscoito,a67ccb75b7,11.9311
26,9,100000,0.920808,0.805639,548322,33991,620,biscoito,49f9805f29,12.0639
26,10,100000,0.920748,0.805727,548373,34001,620,biscoito,862a2cca55,12.1628
26,11,100000,0.920712,0.805908,548353,34011,620,biscoito,84f1cd6dbd,11.9679
26,12,100000,0.920784,0.806128,548328,33991,620,biscoito,9363121aee,11.8901
26,13,100000,0.920772,0.804873,548286,33987,620,biscoito,0ce0a7bf3a,12.2634
26,14,100000,0.920744,0.805436,548252,33998,620,biscoito,c17e4340b5,19.0999
26,15,100000,0.920744,0.805436,548252,33998,620,biscoito,c17e4340b5,19.0999
26,16,100000,0.920772,0.805866,548324,33997,620,biscoito,da54dd9851,12.6717
26,17,100000,0.920756,0.806035,548341,33980,620,biscoito,0d15a6973e,12.3408
26,18,100000,0.920764,0.805985,548326,33993,620,biscoito,5d8dca421e,17.1680
26,19,100000,0.920788,0.805732,548321,33985,620,biscoito,81d4f1452e,14.9962
27,0,100000,0.920903,0.806078,548298,34013,620,biscoito,847471a76f,12.0504
27,1,100000,0.920812,0.805202,548275,33983,620,biscoito,b6e630526b,12.1228
27,2,100000,0.920903,0.806078,548298,34013,620,biscoito,847471a76f,12.0504
27,3,100000,0.920903,0.806078,548298,34013,620,biscoito,847471a76f,12.0504
27,4,100000,0.920824,0.805359,548243,33989,620,biscoito,153dc39a63,11.9932
27,5,100000,0.920788,0.805230,548274,33983,620,biscoito,0a37c07135,11.8879
27,6,100000,0.920844,0.806106,548334,34013,620,biscoito,b52846473d,11.8906
27,7,100000,0.920696,0.805265,548349,34009,619,biscoito,4674931915,12.0593
27,8,100000,0.920808,0.805298,548235,33989,620,biscoito,00d2c75f81,12.4229
27,9,100000,0.920804,0.805276,548261,33990,620,biscoito,647ea4fb36,18.7361
27,10,100000,0.920888,0.806128,548337,34037,620,biscoito,a77bbfc5e8,12.4925
27,11,100000,0.920812,0.805202,548275,33983,620,biscoito,b6e630526b,12.1228
27,12,100000,0.920740,0.805159,548244,33989,620,biscoito,547160c2c1,12.1381
27,13,100000,0.920852,0.805979,548313,33987,620,biscoito,500ec5be87,12.0411
27,14,100000,0.920971,0.806072,548298,34022,620,biscoito,c386d3b8aa,12.5131
27,15,100000,0.920632,0.805057,548268,33973,620,biscoito,b5d588cc31,12.0363
27,16,100000,0.920967,0.806000,548301,34026,620,biscoito,4b18c0ed48,12.4767
27,17,100000,0.920704,0.805084,548234,33978,620,biscoito,718a537cf6,11.9578
27,18,100000,0.920808,0.805298,548235,33989,620,biscoito,00d2c75f81,12.4229
27,19,100000,0.920804,0.805276,548261,33990,620,biscoito,647ea4fb36,18.7361
28,0,100000,0.920971,0.806072,548298,34022,620,biscoito,c386d3b8aa,12.5131
28,1,100000,0.920967,0.806000,548301,34026,620,biscoito,4b18c0ed48,12.4767
28,2,100000,0.920812,0.805202,548275,33983,620,biscoito,b6e630526b,12.1228
28,3,100000,0.920812,0.805202,548275,33983,620,biscoito,b6e630526b,12.1228
28,4,100000,0.920724,0.805162,548300,34017,620,biscoito,9b6c8c56da,12.3301
28,5,100000,0.920979,0.805842,548274,34039,620,biscoito,fd995c7ac6,11.7678
28,6,100000,0.920963,0.806170,548230,34026,620,biscoito,3a63561c95,12.1452
28,7,100000,0.920967,0.806041,548285,34021,620,biscoito,5f0cedd5c1,11.8268
28,8,100000,0.920919,0.805979,548329,34019,620,biscoito,8b225e0547,12.5934
28,9,100000,0.920927,0.806154,548327,34019,620,biscoito,35446a55f4,12.6947
28,10,100000,0.920991,0.806164,548299,33995,620,biscoito,5320d83602,11.9351
28,11,100000,0.920844,0.806106,548334,34013,620,biscoito,b52846473d,11.8906
28,12,100000,0.920967,0.806000,548301,34026,620,biscoito,4b18c0ed48,12.4767
28,13,100000,0.920967,0.806000,548301,34026,620,biscoito,4b18c0ed48,12.4767
28,14,100000,0.920852,0.805656,548320,33997,620,biscoito,eab7dbf276,12.2985
28,15,100000,0.920880,0.806393,548322,34031,620,biscoito,f9b1ee28d8,11.8512
28,16,100000,0.920856,0.806113,548336,34013,620,biscoito,5be0b6608e,12.1550
28,17,100000,0.920891,0.806066,548299,34017,620,biscoito,485f5ba225,12.0623
28,18,100000,0.920788,0.805262,548243,33987,620,biscoito,5ff8c547c2,11.9314
28,19,100000,0.920919,0.806057,548293,34012,620,biscoito,90c7a0e06f,13.0592
29,0,100000,0.920991,0.806164,548299,33995,620,biscoito,5320d83602,11.9351
29,1,100000,0.920979,0.805842,548274,34039,620,biscoito,fd995c7ac6,11.7678
29,2,100000,0.920856,0.806113,548336,34013,620,biscoito,5be0b6608e,12.1550
29,3,100000,0.920919,0.806057,548293,34012,620,biscoito,90c7a0e06f,13.0592
29,4,100000,0.920955,0.804852,548191,34008,620,biscoito,ecc5143e45,12.3126
29,5,100000,0.920983,0.806046,548294,34026,620,biscoito,c6ed8b48b2,14.0616
29,6,100000,0.920995,0.806565,548253,34018,620,biscoito,6730538faf,13.0476
29,7,100000,0.920927,0.805927,548334,33977,620,biscoito,20e10dd0dd,12.2376
29,8,100000,0.920844,0.805918,548239,34000,620,biscoito,6022db5683,15.8963
29,9,100000,0.920784,0.806198,548318,34013,621,biscoito,9b32135ad1,15.1318
29,10,100000,0.920963,0.806170,548230,34026,620,biscoito,3a63561c95,12.1452
29,11,100000,0.920999,0.807241,548151,34036,621,biscoito,8f787c4616,13.2807
29,12,100000,0.920931,0.805674,548333,34024,620,biscoito,9fb573271b,12.3203
29,13,100000,0.920943,0.806129,548295,34024,620,biscoito,c370885b8e,12.9413
29,14,100000,0.920943,0.806555,548330,34019,620,biscoito,a561934c3e,11.9221
29,15,100000,0.920983,0.805691,548277,33998,620,biscoito,cb25ec6a0a,12.0902
29,16,100000,0.920947,0.805168,548252,34024,620,biscoito,e5b57e499a,11.8074
29,17,100000,0.920899,0.806187,548339,34032,620,biscoito,22d7ac430c,11.9296
29,18,100000,0.920967,0.806000,548301,34026,620,biscoito,4b18c0ed48,12.4767
29,19,100000,0.920991,0.806164,548299,33995,620,biscoito,5320d83602,11.9351
30,0,100000,0.920999,0.807241,548151,34036,621,biscoito,8f787c4616,13.2807
30,1,100000,0.920995,0.806565,548253,34018,620,biscoito,6730538faf,13.0476
30,2,100000,0.921051,0.806459,548242,34030,620,biscoito,30548ec8ac,12.1892
30,3,100000,0.920927,0.807192,548164,34020,621,biscoito,629b1b3649,11.7331
30,4,100000,0.920935,0.805725,548194,34026,620,biscoito,b92968ec77,12.0094
30,5,100000,0.921015,0.806640,548160,34028,621,biscoito,315a587a00,11.7177
30,6,100000,0.920999,0.806414,548147,34017,621,biscoito,6f96ff1da8,12.3084
30,7,100000,0.920856,0.806438,548326,34027,620,biscoito,f79f99edbf,11.8707
30,8,100000,0.920931,0.807290,548204,34047,621,biscoito,393108070f,11.8202
30,9,100000,0.921015,0.806499,548291,34009,620,biscoito,a810bb7b34,12.3695
30,10,100000,0.920919,0.807063,548167,34017,621,biscoito,1f69aacda8,12.2394
30,11,100000,0.921071,0.806789,548264,34035,620,biscoito,79216c5990,12.2366
30,12,100000,0.920967,0.806374,548235,34007,620,biscoito,153c27eda4,12.0074
30,13,100000,0.920975,0.806578,548368,34012,620,biscoito,9b99b5dc20,11.9882
30,14,100000,0.920888,0.805816,548341,33983,620,biscoito,5838e936a4,11.8545
30,15,100000,0.921011,0.806225,548302,34014,620,biscoito,0a11ce260c,11.6383
30,16,100000,0.920971,0.805842,548269,33999,620,biscoito,278f39ea30,12.5316
30,17,100000,0.921103,0.807012,548262,33958,620,biscoito,88a7de1d8b,12.5160
30,18,100000,0.920987,0.805695,548289,34002,620,biscoito,8d25ef3815,12.0649
30,19,100000,0.920955,0.806235,548287,34022,620,biscoito,7cd8a0eb0a,12.0489
31,0,100000,0.921103,0.807012,548262,33958,620,biscoito,88a7de1d8b,12.5160
31,1,100000,0.921071,0.806789,548264,34035,620,biscoito,79216c5990,12.2366
31,2,100000,0.921107,0.806547,548174,34027,620,biscoito,d991df4971,11.8865
31,3,100000,0.920955,0.806634,548178,34012,621,biscoito,30b7dfa60b,12.8256
31,4,100000,0.921071,0.806789,548264,34035,620,biscoito,79216c5990,12.2366
31,5,100000,0.921015,0.806640,548160,34028,621,biscoito,315a587a00,11.7177
31,6,100000,0.921003,0.806799,548294,34017,620,biscoito,cf219578ae,11.9968
31,7,100000,0.921079,0.806035,548270,34021,620,biscoito,b23adce958,11.8805
31,8,100000,0.921015,0.806640,548160,34028,621,biscoito,315a587a00,11.7177
31,9,100000,0.920808,0.806447,548182,34005,621,biscoito,fe751c740a,11.8872
31,10,100000,0.921027,0.807348,548259,34031,620,biscoito,813dc1d7ea,11.8095
31,11,100000,0.921071,0.805976,548162,34033,621,biscoito,2a7046da95,12.3271
31,12,100000,0.921075,0.807414,548387,34028,620,biscoito,bb778248d7,11.9542
31,13,100000,0.921015,0.806791,548215,33984,620,biscoito,fb2ca245ed,12.0325
31,14,100000,0.921091,0.806952,548260,33941,621,biscoito,a9976edf4f,11.8044
31,15,100000,0.920999,0.807241,548151,34036,621,biscoito,8f787c4616,13.2807
31,16,100000,0.921015,0.805694,548334,34011,620,biscoito,13e5e7c541,12.2132
31,17,100000,0.920943,0.806470,548227,33997,620,biscoito,0650ed023d,12.3055
31,18,100000,0.921123,0.806526,548287,34012,620,biscoito,e06d91a215,11.8877
31,19,100000,0.920891,0.805820,548354,34013,620,biscoito,69cc59c287,12.1507
32,0,100000,0.921123,0.806526,548287,34012,620,biscoito,e06d91a215,11.8877
32,1,100000,0.921107,0.806547,548174,34027,620,biscoito,d991df4971,11.8865
32,2,100000,0.921191,0.806566,548341,34082,619,biscoito,b1563e14ca,13.4407
32,3,100000,0.921167,0.806553,548350,34010,620,biscoito,d0bb07eba9,12.2086
32,4,100000,0.921135,0.805846,548331,34025,619,biscoito,01ed2ab500,11.9228
32,5,100000,0.921119,0.806811,548260,34025,620,biscoito,087dd43794,11.7160
32,6,100000,0.921063,0.806615,548271,34019,620,biscoito,ff2104e3ab,11.9219
32,7,100000,0.921027,0.806712,548144,34023,620,biscoito,04b9e5abee,12.5842
32,8,100000,0.921107,0.806547,548174,34027,620,biscoito,d991df4971,11.8865
32,9,100000,0.921079,0.806035,548270,34021,620,biscoito,b23adce958,11.8805
32,10,100000,0.921123,0.806526,548287,34012,620,biscoito,e06d91a215,11.8877
32,11,100000,0.921123,0.806526,548287,34012,620,biscoito,e06d91a215,11.8877
32,12,100000,0.920824,0.806871,548195,33992,620,biscoito,44cd4719e9,12.6912
32,13,100000,0.921275,0.806182,548432,33964,621,biscoito,017b5801f6,12.3326
32,14,100000,0.920979,0.807345,548276,33978,620,biscoito,5b5e7f5ebc,11.7563
32,15,100000,0.921175,0.806892,548381,34013,620,biscoito,b7cd072017,12.3521
32,16,100000,0.921107,0.806547,548174,34027,620,biscoito,d991df4971,11.8865
32,17,100000,0.921103,0.807012,548262,33958,620,biscoito,88a7de1d8b,12.5160
32,18,100000,0.921091,0.807073,548320,34003,620,biscoito,92e9b137c1,11.9065
32,19,100000,0.921047,0.807098,548392,34057,620,biscoito,431b72ab1d,12.4827
33,0,100000,0.921275,0.806182,548432,33964,621,biscoito,017b5801f6,12.3326
33,1,100000,0.921191,0.806566,548341,34082,619,biscoito,b1563e14ca,13.4407
33,2,100000,0.921203,0.806813,548203,34001,620,biscoito,4e554c0f1f,12.0262
33,3,100000,0.921119,0.806590,548350,33983,621,biscoito,4533f1afc9,11.9828
33,4,100000,0.921207,0.806882,548143,34034,620,biscoito,d89937da34,12.2174
33,5,100000,0.921179,0.806313,548310,33990,620,biscoito,3409b3f996,12.2734
33,6,100000,0.921135,0.805846,548331,34025,619,biscoito,01ed2ab500,11.9228
33,7,100000,0.921191,0.806566,548341,34082,619,biscoito,b1563e14ca,13.4407
33,8,100000,0.921087,0.807118,548417,33992,620,biscoito,8fc4bf5499,13.0421
33,9,100000,0.921215,0.805254,548344,33985,621,biscoito,865f8808b0,12.0298
33,10,100000,0.921291,0.805920,548389,33981,621,biscoito,4dbbb824a0,11.8695
33,11,100000,0.921147,0.806364,548380,33988,620,biscoito,3867aa5fa4,12.1372
33,12,100000,0.921123,0.806526,548287,34012,620,biscoito,e06d91a215,11.8877
33,13,100000,0.921167,0.806553,548350,34010,620,biscoito,d0bb07eba9,12.2086
33,14,100000,0.921179,0.806101,548299,33987,620,biscoito,f644aaba0b,11.9839
33,15,100000,0.921027,0.806986,548326,34079,620,biscoito,0542913306,11.9910
33,16,100000,0.921327,0.807814,548350,33973,620,biscoito,2fcbb517b3,11.8504
33,17,100000,0.921011,0.805912,548267,33985,620,biscoito,6883ed2ce1,12.7875
33,18,100000,0.921071,0.807060,548468,33945,620,biscoito,c14b7ea6b9,12.3812
33,19,100000,0.921187,0.806761,548338,33986,621,biscoito,1897e864de,18.6557
34,0,100000,0.921327,0.807814,548350,33973,620,biscoito,2fcbb517b3,11.8504
34,1,100000,0.921291,0.805920,548389,33981,621,biscoito,4dbbb824a0,11.8695
34,2,100000,0.921191,0.806566,548341,34082,619,biscoito,b1563e14ca,13.4407
34,3,100000,0.921275,0.806182,548432,33964,621,biscoito,017b5801f6,12.3326
34,4,100000,0.921207,0.805051,548285,34004,621,biscoito,37417aa285,13.5878
34,5,100000,0.921335,0.806239,548451,33961,621,biscoito,5ad02070c6,12.2691
34,6,100000,0.921215,0.805254,548344,33985,621,biscoito,865f8808b0,12.0298
34,7,100000,0.921275,0.806182,548432,33964,621,biscoito,017b5801f6,12.3326
34,8,100000,0.921231,0.806495,548125,33998,620,biscoito,eb386f8f72,12.1281
34,9,100000,0.921191,0.806742,548383,33988,620,biscoito,ffa7074786,12.2103
34,10,100000,0.921283,0.807143,548305,33992,621,biscoito,fe34f58ce2,12.5029
34,11,100000,0.921303,0.806555,548200,34014,620,biscoito,3dc73c7bc7,11.9662
34,12,100000,0.921291,0.805920,548389,33981,621,biscoito,4dbbb824a0,11.8695
34,13,100000,0.921291,0.805920,548389,33981,621,biscoito,4dbbb824a0,11.8695
34,14,100000,0.921283,0.807711,548361,33978,620,biscoito,5b68867eb0,11.8938
34,15,100000,0.921263,0.807261,548317,33941,621,biscoito,9ab07cc53e,11.8942
34,16,100000,0.921183,0.806502,548349,33983,621,biscoito,5893e457b8,13.0642
34,17,100000,0.921107,0.806624,548372,33984,621,biscoito,d05c20ebaf,12.1301
34,18,100000,0.920836,0.807753,548273,33948,620,biscoito,7aa02a25a7,11.9669
34,19,100000,0.921255,0.805767,548334,33960,621,biscoito,e0106a9dd3,12.0875
35,0,100000,0.921335,0.806239,548451,33961,621,biscoito,5ad02070c6,12.2691
35,1,100000,0.921327,0.807814,548350,33973,620,biscoito,2fcbb517b3,11.8504
35,2,100000,0.921047,0.806361,548285,33966,621,biscoito,aeaa3cd354,11.8576
35,3,100000,0.921327,0.807814,548350,33973,620,biscoito,2fcbb517b3,11.8504
35,4,100000,0.921315,0.807553,548377,33961,620,biscoito,7831e36762,12.1803
35,5,100000,0.921263,0.806283,548416,34009,621,biscoito,38317e593c,12.0080
35,6,100000,0.921283,0.807711,548361,33978,620,biscoito,5b68867eb0,11.8938
35,7,100000,0.921283,0.807711,548361,33978,620,biscoito,5b68867eb0,11.8938
35,8,100000,0.921291,0.805920,548389,33981,621,biscoito,4dbbb824a0,11.8695
35,9,100000,0.921291,0.805920,548389,33981,621,biscoito,4dbbb824a0,11.8695
35,10,100000,0.921291,0.805920,548389,33981,621,biscoito,4dbbb824a0,11.8695
35,11,100000,0.921291,0.805920,548389,33981,621,biscoito,4dbbb824a0,11.8695
35,12,100000,0.921231,0.806495,548125,33998,620,biscoito,eb386f8f72,12.1281
35,13,100000,0.921231,0.806495,548125,33998,620,biscoito,eb386f8f72,12.1281
35,14,100000,0.921367,0.807846,548225,33919,621,biscoito,01d080edf0,11.8391
35,15,100000,0.921371,0.807092,548170,34064,620,biscoito,ef64073b40,11.8900
35,16,100000,0.921279,0.806329,548420,33978,621,biscoito,ac86ff77d0,11.8234
35,17,100000,0.921283,0.807385,548361,33974,620,biscoito,aa0f11d36c,12.1479
35,18,100000,0.921327,0.807814,548350,33973,620,biscoito,2fcbb517b3,11.8504
35,19,100000,0.921327,0.807814,548350,33973,620,biscoito,2fcbb517b3,11.8504
36,0,100000,0.921371,0.807092,548170,34064,620,biscoito,ef64073b40,11.8900
36,1,100000,0.921367,0.807846,548225,33919,621,biscoito,01d080edf0,11.8391
36,2,100000,0.921291,0.805920,548389,33981,621,biscoito,4dbbb824a0,11.8695
36,3,100000,0.921291,0.805920,548389,33981,621,biscoito,4dbbb824a0,11.8695
36,4,100000,0.921363,0.807090,548164,34064,620,biscoito,008e38bc0e,11.9566
36,5,100000,0.921335,0.807835,548359,33972,620,biscoito,a05cd12b52,12.0851
36,6,100000,0.921343,0.806983,548246,34042,620,biscoito,8d50d2b542,12.0739
36,7,100000,0.921363,0.806920,548488,33982,621,biscoito,7d255415f3,11.8213
36,8,100000,0.921275,0.807185,548313,33952,621,biscoito,ec9eefe540,12.1730
36,9,100000,0.921275,0.806857,548318,33952,621,biscoito,5f6304bd09,11.8599
36,10,100000,0.921291,0.805920,548389,33981,621,biscoito,4dbbb824a0,11.8695
36,11,100000,0.921087,0.806155,548391,33972,621,biscoito,6ae417d994,12.4650
36,12,100000,0.921335,0.806239,548451,33961,621,biscoito,5ad02070c6,12.2691
36,13,100000,0.921291,0.805920,548389,33981,621,biscoito,4dbbb824a0,11.8695
36,14,100000,0.921327,0.807814,548350,33973,620,biscoito,2fcbb517b3,11.8504
36,15,100000,0.921327,0.807814,548350,33973,620,biscoito,2fcbb517b3,11.8504
36,16,100000,0.921379,0.807943,548362,33983,620,biscoito,f28b81ee3e,12.0517
36,17,100000,0.920987,0.806491,548109,34035,620,biscoito,d5e91c2987,12.2058
36,18,100000,0.921323,0.808095,548399,34005,620,biscoito,6bedd758b1,12.2401
36,19,100000,0.921403,0.807737,548254,34035,620,biscoito,26f48d1c28,11.8053
37,0,100000,0.921403,0.807737,548254,34035,620,biscoito,26f48d1c28,11.8053
37,1,100000,0.921379,0.807943,548362,33983,620,biscoito,f28b81ee3e,12.0517
37,2,100000,0.921447,0.807615,548223,34020,620,biscoito,c88d478cbb,12.1590
37,3,100000,0.921327,0.807721,548298,33934,621,biscoito,122614c64e,12.0162
37,4,100000,0.921291,0.807560,548275,33987,620,biscoito,061da3a79d,12.8113
37,5,100000,0.921367,0.807846,548225,33919,621,biscoito,01d080edf0,11.8391
37,6,100000,0.921367,0.807846,548225,33919,621,biscoito,01d080edf0,11.8391
37,7,100000,0.921371,0.807092,548170,34064,620,biscoito,ef64073b40,11.8900
37,8,100000,0.921379,0.807327,548199,34043,620,biscoito,00da266920,11.9878
37,9,100000,0.921451,0.808217,548215,34052,620,biscoito,46e175af75,11.8232
37,10,100000,0.921447,0.807731,548360,33932,621,biscoito,5bf0f00a85,11.8130
37,11,100000,0.921251,0.806908,548291,33937,621,biscoito,246350064f,11.8543
37,12,100000,0.921367,0.807846,548225,33919,621,biscoito,01d080edf0,11.8391
37,13,100000,0.921379,0.807943,548362,33983,620,biscoito,f28b81ee3e,12.0517
37,14,100000,0.921371,0.807092,548170,34064,620,biscoito,ef64073b40,11.8900
37,15,100000,0.921371,0.807092,548170,34064,620,biscoito,ef64073b40,11.8900
37,16,100000,0.921379,0.807943,548362,33983,620,biscoito,f28b81ee3e,12.0517
37,17,100000,0.921367,0.807846,548225,33919,621,biscoito,01d080edf0,11.8391
37,18,100000,0.921327,0.807814,548350,33973,620,biscoito,2fcbb517b3,11.8504
37,19,100000,0.921327,0.807814,548350,33973,620,biscoito,2fcbb517b3,11.8504
38,0,100000,0.921451,0.808217,548215,34052,620,biscoito,46e175af75,11.8232
38,1,100000,0.921447,0.807615,548223,34020,620,biscoito,c88d478cbb,12.1590
38,2,100000,0.921295,0.806509,548253,34018,620,biscoito,f0dfaec57d,12.1692
38,3,100000,0.921307,0.807649,548296,33976,620,biscoito,01107a3863,12.5012
38,4,100000,0.921355,0.807825,548372,33968,620,biscoito,63ea3fe477,11.9711
38,5,100000,0.921399,0.807441,548242,34060,620,biscoito,4dc1249b3c,11.9398
38,6,100000,0.921367,0.807966,548260,34046,620,biscoito,284d23682c,12.6388
38,7,100000,0.921343,0.807146,548267,33966,620,biscoito,15ae7d7033,12.3997
38,8,100000,0.921531,0.807955,548129,34085,620,biscoito,aa74e95f6e,11.9624
38,9,100000,0.921443,0.808131,548198,34055,620,biscoito,eb1ea1e8e8,11.8139
38,10,100000,0.921367,0.807846,548225,33919,621,biscoito,01d080edf0,11.8391
38,11,100000,0.921367,0.807846,548225,33919,621,biscoito,01d080edf0,11.8391
38,12,100000,0.921395,0.807275,548147,34059,620,biscoito,a0bf268c30,12.3989
38,13,100000,0.921423,0.807996,548240,34055,620,biscoito,443d215007,11.8998
38,14,100000,0.921311,0.806809,548192,33948,621,biscoito,651ccde0b3,12.2406
38,15,100000,0.921487,0.808133,548166,34021,620,biscoito,31e1e625cc,11.9612
38,16,100000,0.921391,0.807804,548356,33979,620,biscoito,632da03697,11.6934
38,17,100000,0.921427,0.807659,548210,34018,620,biscoito,5c645ef909,11.8605
38,18,100000,0.921367,0.807796,548364,33975,620,biscoito,97c56448a1,15.5330
38,19,100000,0.921391,0.807250,548166,34055,620,biscoito,770a7f1195,14.5736
39,0,100000,0.921531,0.807955,548129,34085,620,biscoito,aa74e95f6e,11.9624
39,1,100000,0.921487,0.808133,548166,34021,620,biscoito,31e1e625cc,11.9612
39,2,100000,0.921435,0.807572,548089,34017,620,biscoito,dd0cd5dafa,14.8415
39,3,100000,0.921307,0.806552,548256,34057,619,biscoito,e5dd6e5502,16.2107
39,4,100000,0.921367,0.806839,548214,34034,620,biscoito,5485906fe8,17.5273
39,5,100000,0.921339,0.807474,548290,34057,620,biscoito,f8f0dccbcd,16.7203
39,6,100000,0.921295,0.807012,548232,33993,620,biscoito,f0e4a09b59,16.6839
39,7,100000,0.921287,0.808457,548424,33948,621,biscoito,af2a7f55e7,15.6967
39,8,100000,0.921427,0.807483,548137,34039,620,biscoito,7099a081b7,15.4033
39,9,100000,0.921431,0.807983,548202,34064,620,biscoito,07a3f6acd4,15.1619
39,10,100000,0.921403,0.807692,548192,34001,620,biscoito,b81646e24b,14.8887
39,11,100000,0.921331,0.807740,548385,34075,620,biscoito,6ddfa0df97,15.7620
39,12,100000,0.921411,0.807004,548115,34070,620,biscoito,14d4b37e5c,15.0177
39,13,100000,0.921511,0.809029,548175,34072,620,biscoito,67846e917b,15.6011
39,14,100000,0.921427,0.807659,548210,34018,620,biscoito,5c645ef909,11.8605
39,15,100000,0.921391,0.807250,548166,34055,620,biscoito,770a7f1195,14.5736
39,16,100000,0.921455,0.808109,548156,34028,620,biscoito,5df84860e7,15.5296
39,17,100000,0.921291,0.807830,548186,34036,620,biscoito,9026acbc42,17.5780
39,18,100000,0.921427,0.806962,548102,34030,620,biscoito,62d3fd13ac,15.4886
39,19,100000,0.921411,0.807781,548223,34063,620,biscoito,fb1d5a5452,15.2882
40,0,100000,0.921531,0.807955,548129,34085,620,biscoito,aa74e95f6e,11.9624
40,1,100000,0.921511,0.809029,548175,34072,620,biscoito,67846e917b,15.6011
40,2,100000,0.921247,0.806755,548109,34040,620,biscoito,7c011cc066,14.9876
40,3,100000,0.921567,0.808628,548107,34019,620,biscoito,8c8b555bcf,16.0020
40,4,100000,0.921315,0.807247,548120,34022,620,biscoito,b6e137debd,14.9615
40,5,100000,0.921479,0.807588,548179,34031,620,biscoito,39a84d638b,14.3549
40,6,100000,0.921371,0.808797,548149,34080,619,biscoito,d0bca4491e,14.1441
40,7,100000,0.921511,0.809029,548175,34072,620,biscoito,67846e917b,15.6011
40,8,100000,0.921471,0.807708,548105,34024,620,biscoito,65377fc6ea,17.0732
40,9,100000,0.921531,0.808468,548102,34058,620,biscoito,a38c577d52,17.5815
40,10,100000,0.921463,0.807762,548088,34037,620,biscoito,f8798d0add,16.2764
40,11,100000,0.921427,0.807186,548266,33993,620,biscoito,43ddc8281f,16.3209
40,12,100000,0.921335,0.807986,548222,34069,620,biscoito,bb352633ce,15.7159
40,13,100000,0.921479,0.808154,548169,34013,620,biscoito,5c1c7e8e21,15.9845
40,14,100000,0.921459,0.807811,548271,34027,620,biscoito,91e8ad23c4,15.5052
40,15,100000,0.921443,0.807775,548173,34013,620,biscoito,db398b6f77,16.0978
40,16,100000,0.921367,0.807136,548256,34050,620,biscoito,36bc251562,14.4457
40,17,100000,0.921375,0.807328,548122,34026,620,biscoito,a3e2454177,14.1616
40,18,100000,0.921363,0.808047,548317,34095,620,biscoito,f5873c8ed7,14.5139
40,19,100000,0.921519,0.806939,548125,34047,620,biscoito,7836b3aa2f,14.6922
41,0,100000,0.921567,0.808628,548107,34019,620,biscoito,8c8b555bcf,16.0020
41,1,100000,0.921531,0.807955,548129,34085,620,biscoito,aa74e95f6e,11.9624
41,2,100000,0.921451,0.807571,548088,34051,620,biscoito,5a1f43ad67,13.8522
41,3,100000,0.921535,0.808253,548053,34057,620,biscoito,3326575902,14.1296
41,4,100000,0.921403,0.808006,548248,34060,620,biscoito,3855af37bb,13.5365
41,5,100000,0.921539,0.807886,548137,34015,620,biscoito,b8e6e6fc2d,14.0088
41,6,100000,0.921586,0.807241,548071,34048,620,biscoito,e1cbce52bb,13.8449
41,7,100000,0.921327,0.808581,548310,34095,620,biscoito,04998204cb,13.4718
41,8,100000,0.921347,0.807507,548065,34030,620,biscoito,ad8bb27799,14.5586
41,9,100000,0.921499,0.808357,548138,34036,620,biscoito,ccd46111a1,13.4732
41,10,100000,0.921567,0.807857,548113,34054,620,biscoito,68433da611,13.6594
41,11,100000,0.921399,0.807747,548171,34060,620,biscoito,14cd600239,12.7715
41,12,100000,0.921567,0.808628,548107,34019,620,biscoito,8c8b555bcf,16.0020
41,13,100000,0.921531,0.807955,548129,34085,620,biscoito,aa74e95f6e,11.9624
41,14,100000,0.921379,0.808351,548290,34008,620,biscoito,8fffc7a25e,12.8408
41,15,100000,0.921503,0.808020,547973,34067,620,biscoito,eff22233ff,12.8913
41,16,100000,0.921483,0.807712,548107,34024,620,biscoito,20cfdde064,13.8214
41,17,100000,0.921563,0.808625,548100,34017,620,biscoito,f838f223e5,13.2570
41,18,100000,0.921503,0.807441,548131,34045,620,biscoito,7664bf45be,12.8618
41,19,100000,0.921531,0.807553,548238,34044,620,biscoito,f29d3d54db,12.6389
42,0,100000,0.921586,0.807241,548071,34048,620,biscoito,e1cbce52bb,13.8449
42,1,100000,0.921567,0.808628,548107,34019,620,biscoito,8c8b555bcf,16.0020
42,2,100000,0.921483,0.808895,548081,33997,620,biscoito,1cb1ec7ea4,13.8601
42,3,100000,0.921519,0.807779,548331,34049,621,biscoito,bfd302c601,14.4449
42,4,100000,0.921682,0.807777,548124,34033,620,biscoito,91c73b995b,13.3476
42,5,100000,0.921403,0.808117,548061,34057,620,biscoito,81b34c1a2c,13.9232
42,6,100000,0.921531,0.807955,548129,34085,620,biscoito,aa74e95f6e,11.9624
42,7,100000,0.921586,0.807241,548071,34048,620,biscoito,e1cbce52bb,13.8449
42,8,100000,0.921443,0.807903,548117,34081,620,biscoito,44223aaa21,13.6711
42,9,100000,0.921515,0.808108,547965,34056,620,biscoito,dcfac8bf5d,14.1380
42,10,100000,0.921634,0.807894,548123,34055,620,biscoito,a11ae40bb5,13.0235
42,11,100000,0.921487,0.808485,547972,33988,620,biscoito,7237cc5304,12.5913
42,12,100000,0.921567,0.808628,548107,34019,620,biscoito,8c8b555bcf,16.0020
42,13,100000,0.921586,0.807241,548071,34048,620,biscoito,e1cbce52bb,13.8449
42,14,100000,0.921555,0.808192,548149,34034,620,biscoito,b4004ce120,12.7423
42,15,100000,0.921295,0.808208,547920,34020,620,biscoito,9882668fe7,13.4167
42,16,100000,0.921563,0.808625,548099,34017,620,biscoito,0e813b97f1,14.0978
42,17,100000,0.921555,0.808621,548110,34019,620,biscoito,ba9ed0bc5f,14.0914
42,18,100000,0.921483,0.807712,548107,34024,620,biscoito,20cfdde064,13.8214
42,19,100000,0.921307,0.806327,548088,34048,620,biscoito,2e334e310f,13.5553
43,0,100000,0.921682,0.807777,548124,34033,620,biscoito,91c73b995b,13.3476
43,1,100000,0.921634,0.807894,548123,34055,620,biscoito,a11ae40bb5,13.0235
43,2,100000,0.921590,0.807241,548072,34047,620,biscoito,c8a58bd744,14.7874
43,3,100000,0.921682,0.807826,548122,34033,620,biscoito,29c9bf40df,13.4574
43,4,100000,0.921722,0.807994,548148,34049,620,biscoito,b4120e09f3,14.5395
43,5,100000,0.921563,0.808707,548066,34015,620,biscoito,72edf54c3d,13.6506
43,6,100000,0.921567,0.808628,548107,34019,620,biscoito,8c8b555bcf,16.0020
43,7,100000,0.921531,0.807955,548129,34085,620,biscoito,aa74e95f6e,11.9624
43,8,100000,0.921371,0.807953,547912,33986,620,biscoito,c13d25ebc0,13.5613
43,9,100000,0.921443,0.808748,548128,34026,620,biscoito,8af2f9d853,14.2677
43,10,100000,0.921586,0.807241,548071,34048,620,biscoito,e1cbce52bb,13.8449
43,11,100000,0.921586,0.807241,548071,34048,620,biscoito,e1cbce52bb,13.8449
43,12,100000,0.921618,0.807264,548062,34040,620,biscoito,c5f9a7f924,13.2734
43,13,100000,0.921714,0.808532,548149,34050,620,biscoito,b5f55fc756,13.7441
43,14,100000,0.921559,0.808342,548164,34038,620,biscoito,7ddc11a026,13.2889
43,15,100000,0.921527,0.806885,548118,34018,621,biscoito,7c0de096f4,14.3476
43,16,100000,0.921590,0.807241,548075,34048,620,biscoito,9fd814e35e,14.2287
43,17,100000,0.921682,0.807775,548122,34033,620,biscoito,50515478ec,14.1603
43,18,100000,0.921447,0.807429,548199,34036,620,biscoito,dc063ead83,14.9157
43,19,100000,0.921586,0.807241,548071,34048,620,biscoito,e1cbce52bb,13.8449
44,0,100000,0.921722,0.807994,548148,34049,620,biscoito,b4120e09f3,14.5395
44,1,100000,0.921714,0.808532,548149,34050,620,biscoito,b5f55fc756,13.7441
44,2,100000,0.921610,0.807883,548126,34046,620,biscoito,7f8ce9465d,14.4198
44,3,100000,0.921634,0.807207,548105,34029,620,biscoito,7a741e3955,14.5399
44,4,100000,0.921730,0.807892,548221,34032,620,biscoito,8cc01fe0e0,14.2405
44,5,100000,0.921710,0.807780,548091,34041,620,biscoito,1f4d109690,13.9396
44,6,100000,0.921674,0.807691,548137,34035,620,biscoito,bc36466646,17.0504
44,7,100000,0.921686,0.807375,548042,34043,620,biscoito,255068ced9,14.7387
44,8,100000,0.921830,0.808407,548191,34070,620,biscoito,1cd4147621,13.7296
44,9,100000,0.921778,0.808511,548146,34047,620,biscoito,1d17085ebc,14.3672
44,10,100000,0.921590,0.807241,548070,34048,620,biscoito,848bd3976a,14.1016
44,11,100000,0.921575,0.807240,548072,34048,620,biscoito,ce8d9ff1ff,14.2203
44,12,100000,0.921511,0.807599,548145,34006,621,biscoito,ab0e023308,13.7385
44,13,100000,0.921702,0.807729,548037,34043,620,biscoito,5ee49455ba,13.8025
44,14,100000,0.921682,0.807775,548122,34033,620,biscoito,50515478ec,14.1603
44,15,100000,0.921682,0.807777,548124,34033,620,biscoito,91c73b995b,13.3476
44,16,100000,0.921722,0.807994,548148,34049,620,biscoito,b4120e09f3,14.5395
44,17,100000,0.921714,0.808532,548149,34050,620,biscoito,b5f55fc756,13.7441
44,18,100000,0.921586,0.807241,548071,34048,620,biscoito,e1cbce52bb,13.8449
44,19,100000,0.921590,0.807241,548072,34047,620,biscoito,c8a58bd744,14.7874
45,0,100000,0.921830,0.808407,548191,34070,620,biscoito,1cd4147621,13.7296
45,1,100000,0.921778,0.808511,548146,34047,620,biscoito,1d17085ebc,14.3672
45,2,100000,0.921742,0.808143,548097,34063,620,biscoito,98fa7677f3,14.6252
45,3,100000,0.921798,0.808631,548197,34065,620,biscoito,db8825fdf5,13.8031
45,4,100000,0.921758,0.808194,548059,34041,620,biscoito,ac1cf31017,13.5152
45,5,100000,0.921495,0.807790,548295,34015,619,biscoito,565ff9aace,13.6228
45,6,100000,0.921842,0.808032,548168,34063,620,biscoito,69a8e24981,13.9715
45,7,100000,0.921694,0.808483,548152,34054,620,biscoito,253a1beb73,13.2282
45,8,100000,0.921838,0.808610,548182,34065,620,biscoito,77c19c1e15,13.6683
45,9,100000,0.921690,0.808335,548110,34047,620,biscoito,7ed6b8d553,14.4625
45,10,100000,0.921774,0.808409,548155,34047,620,biscoito,041e252f04,13.7236
45,11,100000,0.921698,0.808101,548157,34050,620,biscoito,df486a86d6,18.4082
45,12,100000,0.921758,0.807634,548139,34049,620,biscoito,8121f33926,19.9513
45,13,100000,0.921646,0.808210,548229,34039,620,biscoito,b236deec88,19.0414
45,14,100000,0.921778,0.808511,548146,34047,620,biscoito,1d17085ebc,14.3672
45,15,100000,0.921778,0.808511,548146,34047,620,biscoito,1d17085ebc,14.3672
45,16,100000,0.921722,0.807994,548148,34049,620,biscoito,b4120e09f3,14.5395
45,17,100000,0.921722,0.807994,548148,34049,620,biscoito,b4120e09f3,14.5395
45,18,100000,0.921551,0.807728,548226,34019,621,biscoito,4f4c5db668,20.0173
45,19,100000,0.921702,0.807901,548181,34054,620,biscoito,fa20c38295,19.6647
46,0,100000,0.921842,0.808032,548168,34063,620,biscoito,69a8e24981,13.9715
46,1,100000,0.921838,0.808610,548182,34065,620,biscoito,77c19c1e15,13.6683
46,2,100000,0.921726,0.808296,548120,34050,620,biscoito,a004c8b03e,20.8053
46,3,100000,0.922066,0.808258,548135,34085,619,biscoito,f6a0b82c5b,20.0851
46,4,100000,0.921798,0.808631,548197,34065,620,biscoito,db8825fdf5,13.8031
46,5,100000,0.921830,0.808407,548191,34070,620,biscoito,1cd4147621,13.7296
46,6,100000,0.921706,0.808191,548091,34074,620,biscoito,ffbba8fec8,19.2537
46,7,100000,0.921914,0.808162,548255,34053,620,biscoito,3c2e9d906d,19.3181
46,8,100000,0.921730,0.808503,548162,34052,620,biscoito,d7c28b74d2,19.0760
46,9,100000,0.921618,0.808009,548176,34085,620,biscoito,7cf697bb58,18.9442
46,10,100000,0.921798,0.808813,548153,34069,620,biscoito,e3f74142ce,19.4146
46,11,100000,0.921702,0.807850,548154,34032,620,biscoito,e5b77db9f8,18.9953
46,12,100000,0.921770,0.808244,548101,34059,620,biscoito,f8c4b20b5a,19.6979
46,13,100000,0.921690,0.808342,548094,34052,620,biscoito,f62b181fae,20.1585
46,14,100000,0.921722,0.808436,548125,34057,621,biscoito,0b3d1ca330,19.2447
46,15,100000,0.921678,0.808281,548244,34026,621,biscoito,55c3e0014a,19.5287
46,16,100000,0.921806,0.808649,548192,34067,620,biscoito,4a4a40cee0,20.9187
46,17,100000,0.921738,0.808006,548085,34061,620,biscoito,bec0fdd635,19.7547
46,18,100000,0.921774,0.808409,548155,34047,620,biscoito,041e252f04,13.7236
46,19,100000,0.921774,0.808409,548155,34047,620,biscoito,041e252f04,13.7236
47,0,100000,0.922066,0.808258,548135,34085,619,biscoito,f6a0b82c5b,20.0851
47,1,100000,0.921914,0.808162,548255,34053,620,biscoito,3c2e9d906d,19.3181
47,2,100000,0.921842,0.808203,548228,34064,620,biscoito,20ce5584fd,20.2334
47,3,100000,0.921862,0.808188,548191,34040,620,biscoito,e2aedfa6f6,19.9049
47,4,100000,0.921958,0.808301,548225,34051,620,biscoito,2c06af49d2,19.2970
47,5,100000,0.921802,0.808532,548229,34068,620,biscoito,4f941b3d9f,20.0279
47,6,100000,0.922066,0.808258,548135,34085,619,biscoito,f6a0b82c5b,20.0851
47,7,100000,0.922066,0.808258,548135,34085,619,biscoito,f6a0b82c5b,20.0851
47,8,100000,0.921834,0.808865,548214,34071,620,biscoito,c96f839072,20.3531
47,9,100000,0.921910,0.807705,548226,34059,620,biscoito,981d7e8282,20.4194
47,10,100000,0.921830,0.808813,548197,34083,620,biscoito,f3c2d4f1e3,19.6526
47,11,100000,0.922050,0.808278,548092,34070,619,biscoito,553157ca15,19.4350
47,12,100000,0.921894,0.808737,548161,34065,620,biscoito,06e55c91e8,19.0435
47,13,100000,0.921818,0.808312,548146,34058,620,biscoito,a6769ba81b,20.7554
47,14,100000,0.921850,0.808652,548169,34075,620,biscoito,ae25de813b,24.5873
47,15,100000,0.921714,0.808456,548113,34054,620,biscoito,913547e0ba,24.0304
47,16,100000,0.921914,0.808162,548255,34053,620,biscoito,3c2e9d906d,19.3181
47,17,100000,0.921830,0.808407,548191,34070,620,biscoito,1cd4147621,13.7296
47,18,100000,0.921882,0.808378,548077,34059,620,biscoito,daa6dd0891,21.2140
47,19,100000,0.921806,0.808813,548232,34081,620,biscoito,cc8639dbdd,28.5004
48,0,100000,0.922066,0.808258,548135,34085,619,biscoito,f6a0b82c5b,20.0851
48,1,100000,0.922066,0.808258,548135,34085,619,biscoito,f6a0b82c5b,20.0851
48,2,100000,0.922066,0.808258,548135,34085,619,biscoito,f6a0b82c5b,20.0851
48,3,100000,0.921850,0.808652,548169,34075,620,biscoito,ae25de813b,24.5873
48,4,100000,0.921850,0.808652,548169,34075,620,biscoito,ae25de813b,24.5873
48,5,100000,0.922066,0.808258,548135,34085,619,biscoito,f6a0b82c5b,20.0851
48,6,100000,0.921894,0.808737,548161,34065,620,biscoito,06e55c91e8,19.0435
48,7,100000,0.922066,0.808258,548135,34085,619,biscoito,f6a0b82c5b,20.0851
48,8,100000,0.922014,0.808329,548214,34082,619,biscoito,fc5d70b6cd,21.9967
48,9,100000,0.922042,0.807821,548145,34060,620,biscoito,de64f40782,21.5063
48,10,100000,0.921974,0.808316,548222,34050,620,biscoito,8eaa1e92e2,19.6150
48,11,100000,0.921850,0.808652,548172,34075,620,biscoito,aad3bfda4b,19.6827
48,12,100000,0.922094,0.808305,548137,34085,619,biscoito,9b66d3f6af,19.4824
48,13,100000,0.921906,0.808369,548218,34050,620,biscoito,641bd35ee2,19.2345
48,14,100000,0.921910,0.807923,548108,34054,620,biscoito,0b27cc497d,21.9313
48,15,100000,0.921830,0.808722,548136,34040,620,biscoito,8b502e7017,19.3665
48,16,100000,0.922066,0.808258,548135,34085,619,biscoito,f6a0b82c5b,20.0851
48,17,100000,0.922066,0.808258,548135,34085,619,biscoito,f6a0b82c5b,20.0851
48,18,100000,0.921914,0.808162,548255,34053,620,biscoito,3c2e9d906d,19.3181
48,19,100000,0.921914,0.808162,548255,34053,620,biscoito,3c2e9d906d,19.3181
49,0,100000,0.922094,0.808305,548137,34085,619,biscoito,9b66d3f6af,19.4824
49,1,100000,0.922066,0.808258,548135,34085,619,biscoito,f6a0b82c5b,20.0851
49,2,100000,0.922046,0.808345,548096,34083,619,biscoito,9b6c4b5559,19.4844
49,3,100000,0.922090,0.808310,548115,34083,619,biscoito,46c765adab,20.5349
49,4,100000,0.922066,0.808258,548135,34085,619,biscoito,f6a0b82c5b,20.0851
49,5,100000,0.921942,0.808044,548202,34062,619,biscoito,851c7fbb8d,22.2104
49,6,100000,0.922066,0.808258,548135,34085,619,biscoito,f6a0b82c5b,20.0851
49,7,100000,0.922066,0.808258,548135,34085,619,biscoito,f6a0b82c5b,20.0851
49,8,100000,0.922066,0.808258,548135,34085,619,biscoito,f6a0b82c5b,20.0851
49,9,100000,0.922066,0.808258,548135,34085,619,biscoito,f6a0b82c5b,20.0851
49,10,100000,0.922066,0.808258,548135,34085,619,biscoito,f6a0b82c5b,20.0851
49,11,100000,0.922094,0.808305,548137,34085,619,biscoito,9b66d3f6af,19.4824
49,12,100000,0.922066,0.808258,548135,34085,619,biscoito,f6a0b82c5b,20.0851
49,13,100000,0.922066,0.808258,548135,34085,619,biscoito,f6a0b82c5b,20.0851
49,14,100000,0.922066,0.808258,548135,34085,619,biscoito,f6a0b82c5b,20.0851
49,15,100000,0.922066,0.808258,548135,34085,619,biscoito,f6a0b82c5b,20.0851
49,16,100000,0.922066,0.808258,548135,34085,619,biscoito,f6a0b82c5b,20.0851
49,17,100000,0.922066,0.808258,548135,34085,619,biscoito,f6a0b82c5b,20.0851
49,18,100000,0.922066,0.808258,548135,34085,619,biscoito,f6a0b82c5b,20.0851
49,19,100000,0.922066,0.808258,548135,34085,619,biscoito,f6a0b82c5b,20.0851
50,0,100000,0.922094,0.808305,548137,34085,619,biscoito,9b66d3f6af,19.4824
50,1,100000,0.922094,0.808305,548137,34085,619,biscoito,9b66d3f6af,19.4824
50,2,100000,0.922094,0.808305,548137,34085,619,biscoito,9b66d3f6af,19.4824
50,3,100000,0.922094,0.808305,548137,34085,619,biscoito,9b66d3f6af,19.4824
50,4,100000,0.922010,0.808184,548117,34082,619,biscoito,5282f5621c,19.2372
50,5,100000,0.922030,0.808177,548170,34090,619,biscoito,82a57a5473,17.2776
50,6,100000,0.922066,0.808258,548135,34085,619,biscoito,f6a0b82c5b,20.0851
50,7,100000,0.922066,0.808258,548135,34085,619,biscoito,f6a0b82c5b,20.0851
50,8,100000,0.922094,0.808305,548137,34085,619,biscoito,9b66d3f6af,19.4824
50,9,100000,0.922066,0.808258,548135,34085,619,biscoito,f6a0b82c5b,20.0851
50,10,100000,0.922066,0.808258,548135,34085,619,biscoito,f6a0b82c5b,20.0851
50,11,100000,0.922094,0.808305,548137,34085,619,biscoito,9b66d3f6af,19.4824
50,12,100000,0.922070,0.808288,548137,34092,619,biscoito,5366251ae9,15.0108
50,13,100000,0.922030,0.808090,548133,34093,619,biscoito,1ead6f2409,14.3588
50,14,100000,0.922066,0.808258,548135,34085,619,biscoito,f6a0b82c5b,20.0851
50,15,100000,0.922066,0.808258,548135,34085,619,biscoito,f6a0b82c5b,20.0851
50,16,100000,0.922094,0.808305,548137,34085,619,biscoito,9b66d3f6af,19.4824
50,17,100000,0.922066,0.808258,548135,34085,619,biscoito,f6a0b82c5b,20.0851
50,18,100000,0.922082,0.808309,548121,34083,619,biscoito,21c199f230,14.8583
50,19,100000,0.922074,0.808259,548130,34084,619,biscoito,b9ce05206a,14.3850
51,0,100000,0.922094,0.808305,548137,34085,619,biscoito,9b66d3f6af,19.4824
51,1,100000,0.922094,0.808305,548137,34085,619,biscoito,9b66d3f6af,19.4824
51,2,100000,0.922078,0.808263,548131,34086,619,biscoito,327ce4d1e2,14.6224
51,3,100000,0.922082,0.808329,548128,34085,619,biscoito,a791a07659,14.0772
51,4,100000,0.922094,0.808305,548137,34085,619,biscoito,9b66d3f6af,19.4824
51,5,100000,0.922074,0.808259,548130,34084,619,biscoito,b9ce05206a,14.3850
51,6,100000,0.922078,0.808295,548136,34086,619,biscoito,b019e093a7,13.8037
51,7,100000,0.922082,0.808268,548134,34082,619,biscoito,cbb45327af,14.0460
51,8,100000,0.921706,0.805876,548149,34069,619,biscoito,5a4b127a8f,14.6743
51,9,100000,0.922094,0.808305,548137,34085,619,biscoito,9b66d3f6af,19.4824
51,10,100000,0.922094,0.808305,548137,34085,619,biscoito,9b66d3f6af,19.4824
51,11,100000,0.922066,0.808258,548135,34085,619,biscoito,f6a0b82c5b,20.0851
51,12,100000,0.922094,0.808305,548137,34085,619,biscoito,9b66d3f6af,19.4824
51,13,100000,0.922094,0.808305,548137,34085,619,biscoito,9b66d3f6af,19.4824
51,14,100000,0.922094,0.808305,548137,34085,619,biscoito,9b66d3f6af,19.4824
51,15,100000,0.922094,0.808305,548137,34085,619,biscoito,9b66d3f6af,19.4824
51,16,100000,0.922130,0.807303,548184,34078,619,biscoito,4543f9c588,13.8218
51,17,100000,0.922054,0.810212,548187,34091,619,biscoito,2962d0c6fd,14.3364
51,18,100000,0.922010,0.808184,548117,34082,619,biscoito,5282f5621c,19.2372
51,19,100000,0.922094,0.808305,548137,34085,619,biscoito,9b66d3f6af,19.4824
52,0,100000,0.922130,0.807303,548184,34078,619,biscoito,4543f9c588,13.8218
52,1,100000,0.922094,0.808305,548137,34085,619,biscoito,9b66d3f6af,19.4824
52,2,100000,0.922102,0.807932,548216,34102,619,biscoito,fce2781fbb,13.8275
52,3,100000,0.922138,0.807676,548105,34062,619,biscoito,de043741e7,13.8379
52,4,100000,0.922094,0.808305,548137,34085,619,biscoito,9b66d3f6af,19.4824
52,5,100000,0.922094,0.808305,548137,34085,619,biscoito,9b66d3f6af,19.4824
52,6,100000,0.922094,0.808305,548137,34085,619,biscoito,9b66d3f6af,19.4824
52,7,100000,0.922094,0.808305,548137,34085,619,biscoito,9b66d3f6af,19.4824
52,8,100000,0.922106,0.807605,548136,34060,619,biscoito,f9aedaa841,14.1040
52,9,100000,0.922126,0.808001,548185,34103,619,biscoito,6832ca6661,14.7682
52,10,100000,0.922094,0.808305,548137,34085,619,biscoito,9b66d3f6af,19.4824
52,11,100000,0.922094,0.808305,548137,34085,619,biscoito,9b66d3f6af,19.4824
52,12,100000,0.922078,0.809949,548136,34121,619,biscoito,4d6668cc86,13.9839
52,13,100000,0.922094,0.808305,548137,34085,619,biscoito,9b66d3f6af,19.4824
52,14,100000,0.922078,0.808263,548131,34086,619,biscoito,327ce4d1e2,14.6224
52,15,100000,0.922094,0.808305,548137,34085,619,biscoito,9b66d3f6af,19.4824
52,16,100000,0.922094,0.808305,548137,34085,619,biscoito,9b66d3f6af,19.4824
52,17,100000,0.922094,0.808305,548137,34085,619,biscoito,9b66d3f6af,19.4824
52,18,100000,0.922094,0.808305,548137,34085,619,biscoito,9b66d3f6af,19.4824
52,19,100000,0.922066,0.808258,548135,34085,619,biscoito,f6a0b82c5b,20.0851
53,0,100000,0.922138,0.807676,548105,34062,619,biscoito,de043741e7,13.8379
53,1,100000,0.922130,0.807303,548184,34078,619,biscoito,4543f9c588,13.8218
53,2,100000,0.922178,0.807724,548159,34080,619,biscoito,cb061a351e,14.3264
53,3,100000,0.922050,0.807513,548196,34089,619,biscoito,401f2257f0,13.7360
53,4,100000,0.922078,0.808132,548201,34085,619,biscoito,bd21b22c28,16.9120
53,5,100000,0.922170,0.807545,548023,34106,619,biscoito,2bacb8fe4e,19.9816
53,6,100000,0.922086,0.807862,548184,34091,619,biscoito,cfd14e38ce,20.3409
53,7,100000,0.922130,0.808063,548093,34103,619,biscoito,2e6e3db42b,19.8276
53,8,100000,0.922106,0.808328,548138,34087,619,biscoito,9f900d5732,21.2228
53,9,100000,0.922090,0.807559,548144,34059,619,biscoito,2c8d9dfbc6,19.9103
53,10,100000,0.922054,0.807240,548232,34084,619,biscoito,08a69a7389,21.6321
53,11,100000,0.922182,0.808367,548089,34080,619,biscoito,e95d1031d8,19.3058
53,12,100000,0.922261,0.807750,548169,34078,620,biscoito,4482bba1e5,19.5867
53,13,100000,0.922118,0.808570,548126,34112,619,biscoito,5d69edcf5e,19.3874
53,14,100000,0.922094,0.808305,548137,34085,619,biscoito,9b66d3f6af,19.4824
53,15,100000,0.922094,0.808305,548137,34085,619,biscoito,9b66d3f6af,19.4824
53,16,100000,0.922082,0.807770,548082,34058,619,biscoito,e40ec8b34b,19.4198
53,17,100000,0.922126,0.807957,548239,34106,619,biscoito,eb6aff2dd5,20.0589
53,18,100000,0.922094,0.808305,548137,34085,619,biscoito,9b66d3f6af,19.4824
53,19,100000,0.922094,0.808305,548137,34085,619,biscoito,9b66d3f6af,19.4824
54,0,100000,0.922261,0.807750,548169,34078,620,biscoito,4482bba1e5,19.5867
54,1,100000,0.922182,0.808367,548089,34080,619,biscoito,e95d1031d8,19.3058
54,2,100000,0.922066,0.808493,548080,34117,619,biscoito,afaf2fba67,20.1182
54,3,100000,0.922230,0.807642,548063,34102,619,biscoito,8c56606907,19.5724
54,4,100000,0.922130,0.807303,548184,34078,619,biscoito,4543f9c588,13.8218
54,5,100000,0.922261,0.807750,548169,34078,620,biscoito,4482bba1e5,19.5867
54,6,100000,0.922261,0.807750,548169,34078,620,biscoito,4482bba1e5,19.5867
54,7,100000,0.922118,0.808570,548126,34112,619,biscoito,5d69edcf5e,19.3874
54,8,100000,0.922154,0.807933,548107,34071,619,biscoito,a1416123ef,20.5583
54,9,100000,0.922170,0.807957,548103,34083,619,biscoito,34589d4aca,20.0081
54,10,100000,0.922246,0.807587,548178,34074,620,biscoito,fb599ac555,20.6124
54,11,100000,0.922102,0.808048,548084,34101,619,biscoito,6ef737e088,19.7145
54,12,100000,0.922134,0.808300,548097,34089,619,biscoito,a4874a4118,19.4315
54,13,100000,0.922162,0.808387,548115,34078,619,biscoito,8edf5fec5c,20.8159
54,14,100000,0.922102,0.808295,548138,34090,619,biscoito,a208a58320,19.2431
54,15,100000,0.922118,0.808526,548114,34111,619,biscoito,dd1d49d9b5,19.6479
54,16,100000,0.922118,0.808116,548086,34074,619,biscoito,d3d4a02c54,20.0411
54,17,100000,0.922098,0.807947,548168,34116,620,biscoito,1c58e7a32d,20.7473
54,18,100000,0.922130,0.808063,548093,34103,619,biscoito,2e6e3db42b,19.8276
54,19,100000,0.922138,0.807676,548105,34062,619,biscoito,de043741e7,13.8379
55,0,100000,0.922261,0.807750,548169,34078,620,biscoito,4482bba1e5,19.5867
55,1,100000,0.922261,0.807750,548169,34078,620,biscoito,4482bba1e5,19.5867
55,2,100000,0.922162,0.808387,548115,34078,619,biscoito,8edf5fec5c,20.8159
55,3,100000,0.922162,0.808387,548115,34078,619,biscoito,8edf5fec5c,20.8159
55,4,100000,0.922178,0.809272,548089,34113,619,biscoito,97eff203ff,19.8654
55,5,100000,0.922118,0.808526,548114,34111,619,biscoito,dd1d49d9b5,19.6479
55,6,100000,0.922261,0.807750,548169,34078,620,biscoito,4482bba1e5,19.5867
55,7,100000,0.922261,0.807750,548169,34078,620,biscoito,4482bba1e5,19.5867
55,8,100000,0.922261,0.807750,548169,34078,620,biscoito,4482bba1e5,19.5867
55,9,100000,0.922261,0.807750,548169,34078,620,biscoito,4482bba1e5,19.5867
55,10,100000,0.922261,0.807750,548169,34078,620,biscoito,4482bba1e5,19.5867
55,11,100000,0.922261,0.807750,548169,34078,620,biscoito,4482bba1e5,19.5867
55,12,100000,0.922309,0.807974,548176,34079,620,biscoito,89173ff8ac,19.8667
55,13,100000,0.922054,0.808002,548117,34060,619,biscoito,ca1af7eadf,20.3152
55,14,100000,0.922118,0.808526,548114,34111,619,biscoito,dd1d49d9b5,19.6479
55,15,100000,0.922130,0.808063,548093,34103,619,biscoito,2e6e3db42b,19.8276
55,16,100000,0.922154,0.808306,548133,34080,619,biscoito,a2705b726f,20.1642
55,17,100000,0.922094,0.807435,548192,34087,619,biscoito,e85705133a,19.8935
55,18,100000,0.922006,0.807160,548052,34022,619,biscoito,b6d6579596,20.6628
55,19,100000,0.922162,0.807769,548107,34081,620,biscoito,35db6635e2,21.5249
56,0,100000,0.922309,0.807974,548176,34079,620,biscoito,89173ff8ac,19.8667
56,1,100000,0.922261,0.807750,548169,34078,620,biscoito,4482bba1e5,19.5867
56,2,100000,0.922102,0.807405,548194,34063,620,biscoito,bd622e76c2,20.1116
56,3,100000,0.922230,0.807736,548117,34083,619,biscoito,2ff6697898,19.6563
56,4,100000,0.922261,0.807750,548169,34078,620,biscoito,4482bba1e5,19.5867
56,5,100000,0.922261,0.807750,548169,34078,620,biscoito,4482bba1e5,19.5867
56,6,100000,0.922261,0.807750,548169,34078,620,biscoito,4482bba1e5,19.5867
56,7,100000,0.922261,0.807750,548169,34078,620,biscoito,4482bba1e5,19.5867
56,8,100000,0.922261,0.807750,548169,34078,620,biscoito,4482bba1e5,19.5867
56,9,100000,0.922150,0.807781,548164,34058,620,biscoito,2eefe91201,21.3551
56,10,100000,0.922261,0.807750,548169,34078,620,biscoito,4482bba1e5,19.5867
56,11,100000,0.922261,0.807750,548169,34078,620,biscoito,4482bba1e5,19.5867
56,12,100000,0.922254,0.807745,548170,34078,620,biscoito,b053f80462,19.7811
56,13,100000,0.922242,0.809421,548217,34059,620,biscoito,87d8bce54b,19.9383
56,14,100000,0.922178,0.809272,548089,34113,619,biscoito,97eff203ff,19.8654
56,15,100000,0.922261,0.807750,548169,34078,620,biscoito,4482bba1e5,19.5867
56,16,100000,0.922277,0.807684,548162,34064,620,biscoito,6d24bd167a,19.4683
56,17,100000,0.922289,0.807797,548165,34078,620,biscoito,f8cecab97f,19.8036
56,18,100000,0.922261,0.807750,548169,34078,620,biscoito,4482bba1e5,19.5867
56,19,100000,0.922261,0.807750,548169,34078,620,biscoito,4482bba1e5,19.5867
57,0,100000,0.922309,0.807974,548176,34079,620,biscoito,89173ff8ac,19.8667
57,1,100000,0.922289,0.807797,548165,34078,620,biscoito,f8cecab97f,19.8036
57,2,100000,0.922301,0.807905,548196,34081,620,biscoito,0a64c09057,20.0030
57,3,100000,0.922325,0.807964,548169,34071,620,biscoito,b5c5b76fa2,19.8525
57,4,100000,0.922042,0.805991,548136,34089,620,biscoito,e9fb5ea290,20.7730
57,5,100000,0.922309,0.807974,548176,34079,620,biscoito,89173ff8ac,19.8667
57,6,100000,0.922214,0.807706,548183,34071,620,biscoito,75b184cf59,20.6093
57,7,100000,0.922305,0.807774,548176,34081,620,biscoito,63db5cb321,19.5788
57,8,100000,0.922281,0.807808,548179,34074,620,biscoito,1a7a74c598,19.6608
57,9,100000,0.922273,0.808259,548143,34081,620,biscoito,fdaf8d06ab,20.2830
57,10,100000,0.922261,0.807750,548169,34078,620,biscoito,4482bba1e5,19.5867
57,11,100000,0.921822,0.807380,548187,34038,620,biscoito,03415e094d,19.2637
57,12,100000,0.922273,0.807899,548201,34077,620,biscoito,7dc07a6664,16.2703
57,13,100000,0.922293,0.807733,548160,34067,620,biscoito,0e6eede83e,15.0733
57,14,100000,0.922273,0.807758,548189,34084,620,biscoito,4b21017a27,14.6307
57,15,100000,0.922261,0.807321,548114,34077,620,biscoito,56c3699b57,14.1468
57,16,100000,0.922309,0.807974,548176,34079,620,biscoito,89173ff8ac,19.8667
57,17,100000,0.922261,0.807750,548169,34078,620,biscoito,4482bba1e5,19.5867
57,18,100000,0.922301,0.807924,548293,34088,620,biscoito,85849840ed,14.1196
57,19,100000,0.922206,0.807251,548137,34092,619,biscoito,c801ee252d,13.9323
58,0,100000,0.922325,0.807964,548169,34071,620,biscoito,b5c5b76fa2,19.8525
58,1,100000,0.922309,0.807974,548176,34079,620,biscoito,89173ff8ac,19.8667
58,2,100000,0.922281,0.807907,548237,34080,620,biscoito,b6643e4bc7,14.9445
58,3,100000,0.922313,0.807973,548199,34078,620,biscoito,08d9873341,15.9529
58,4,100000,0.922309,0.808003,548201,34095,620,biscoito,5606801bda,17.6796
58,5,100000,0.922293,0.807733,548101,34056,620,biscoito,67ba26d4f7,20.4115
58,6,100000,0.922309,0.807974,548176,34079,620,biscoito,89173ff8ac,19.8667
58,7,100000,0.922309,0.807974,548176,34079,620,biscoito,89173ff8ac,19.8667
58,8,100000,0.922325,0.808130,548195,34097,620,biscoito,414b845398,19.7655
58,9,100000,0.922285,0.807800,548197,34078,620,biscoito,6e6ce631a1,20.8745
58,10,100000,0.922289,0.807797,548167,34077,620,biscoito,88b5a5c2ad,19.7417
58,11,100000,0.922254,0.807745,548167,34079,620,biscoito,89c7bc7e56,20.0726
58,12,100000,0.922313,0.807902,548175,34080,620,biscoito,564200f287,19.1472
58,13,100000,0.922317,0.807919,548161,34074,620,biscoito,0e33fdb927,19.7698
58,14,100000,0.922258,0.808207,548157,34080,620,biscoito,6367c22e9d,19.4819
58,15,100000,0.922301,0.807968,548188,34080,620,biscoito,4d97dcc722,20.3377
58,16,100000,0.922305,0.807940,548163,34087,620,biscoito,cdf8950a1d,20.6890
58,17,100000,0.922309,0.807981,548219,34080,620,biscoito,a249262141,19.8758
58,18,100000,0.922102,0.807605,548191,34080,620,biscoito,3de4236950,19.1124
58,19,100000,0.922293,0.807743,548213,34078,620,biscoito,2daf6905a3,20.2088
59,0,100000,0.922325,0.807964,548169,34071,620,biscoito,b5c5b76fa2,19.8525
59,1,100000,0.922325,0.808130,548195,34097,620,biscoito,414b845398,19.7655
59,2,100000,0.922309,0.807974,548176,34079,620,biscoito,89173ff8ac,19.8667
59,3,100000,0.922309,0.807974,548176,34079,620,biscoito,89173ff8ac,19.8667
59,4,100000,0.922285,0.807812,548227,34079,620,biscoito,9eb3c4f2dc,19.6999
59,5,100000,0.922321,0.808065,548150,34076,620,biscoito,861f011bcf,19.1249
59,6,100000,0.922313,0.807902,548175,34080,620,biscoito,564200f287,19.1472
59,7,100000,0.922313,0.807902,548175,34080,620,biscoito,564200f287,19.1472
59,8,100000,0.922329,0.807952,548170,34074,620,biscoito,405f96d1f0,20.4266
59,9,100000,0.922341,0.808003,548149,34073,620,biscoito,bb3a444c9d,19.5803
59,10,100000,0.922261,0.807807,548183,34076,620,biscoito,db0b5e9140,19.5216
59,11,100000,0.922337,0.807883,548191,34076,620,biscoito,d1b001d1f3,19.6994
59,12,100000,0.922301,0.807958,548175,34082,620,biscoito,393d63050b,19.7940
59,13,100000,0.922054,0.807853,548141,34052,620,biscoito,0510b97675,19.9732
59,14,100000,0.922281,0.807770,548161,34071,620,biscoito,b6b763046a,21.3711
59,15,100000,0.922317,0.807404,548205,34063,619,biscoito,16a34fce07,21.9656
59,16,100000,0.922309,0.807974,548176,34079,620,biscoito,89173ff8ac,19.8667
59,17,100000,0.922293,0.807743,548213,34078,620,biscoito,2daf6905a3,20.2088
59,18,100000,0.922281,0.807883,548209,34078,620,biscoito,b637110e28,20.0241
59,19,100000,0.922301,0.808045,548175,34069,620,biscoito,03edcea9ae,19.7935
60,0,100000,0.922341,0.808003,548149,34073,620,biscoito,bb3a444c9d,19.5803
60,1,100000,0.922337,0.807883,548191,34076,620,biscoito,d1b001d1f3,19.6994
60,2,100000,0.922325,0.807964,548169,34071,620,biscoito,b5c5b76fa2,19.8525
60,3,100000,0.922281,0.807770,548161,34071,620,biscoito,b6b763046a,21.3711
60,4,100000,0.922345,0.807835,548140,34065,620,biscoito,d11b6514ed,19.5754
60,5,100000,0.922126,0.808449,548270,34071,620,biscoito,0f0d2e201b,19.9567
60,6,100000,0.922289,0.807847,548133,34067,620,biscoito,cd926b2b4f,20.7763
60,7,100000,0.922349,0.807963,548204,34076,620,biscoito,38e3b429a8,19.8990
60,8,100000,0.922333,0.807613,548154,34076,620,biscoito,ad639ae65d,19.3046
60,9,100000,0.922333,0.807877,548180,34081,620,biscoito,e85a74981c,19.5011
60,10,100000,0.922329,0.807952,548170,34074,620,biscoito,405f96d1f0,20.4266
60,11,100000,0.922329,0.807952,548170,34074,620,biscoito,405f96d1f0,20.4266
60,12,100000,0.922349,0.807993,548154,34075,620,biscoito,df39b961be,21.4212
60,13,100000,0.922313,0.807989,548171,34078,620,biscoito,911c758530,19.7385
60,14,100000,0.922369,0.807454,548162,34070,619,biscoito,e5a17a80d2,19.5997
60,15,100000,0.922293,0.807945,548190,34075,620,biscoito,c1ca0c7e15,19.4033
60,16,100000,0.922285,0.807960,548200,34095,620,biscoito,512e6b15d7,20.9973
60,17,100000,0.922353,0.808143,548168,34082,620,biscoito,6e86f37e06,19.7884
60,18,100000,0.922333,0.807987,548176,34074,620,biscoito,39e53f705f,19.8249
60,19,100000,0.922289,0.807941,548165,34073,620,biscoito,f1393c9a47,19.8140
61,0,100000,0.922369,0.807454,548162,34070,619,biscoito,e5a17a80d2,19.5997
61,1,100000,0.922353,0.808143,548168,34082,620,biscoito,6e86f37e06,19.7884
61,2,100000,0.922313,0.807836,548145,34072,620,biscoito,fc5b87a0fe,19.4053
61,3,100000,0.922317,0.807667,548210,34068,620,biscoito,d2e215cfb8,20.8322
61,4,100000,0.922337,0.808000,548169,34077,620,biscoito,0ac06aa588,20.1516
61,5,100000,0.922353,0.807961,548158,34077,620,biscoito,f066d85ff4,19.5449
61,6,100000,0.922357,0.808027,548153,34071,620,biscoito,a9e8d2924f,20.4496
61,7,100000,0.922357,0.807572,548171,34072,619,biscoito,65426bb705,21.2973
61,8,100000,0.922349,0.807893,548176,34075,620,biscoito,d35e22b4fd,14.1233
61,9,100000,0.922301,0.807744,548142,34067,620,biscoito,045978b906,14.2162
61,10,100000,0.922349,0.807963,548204,34076,620,biscoito,38e3b429a8,19.8990
61,11,100000,0.922349,0.807993,548154,34075,620,biscoito,df39b961be,21.4212
61,12,100000,0.922337,0.807883,548191,34076,620,biscoito,d1b001d1f3,19.6994
61,13,100000,0.922238,0.808535,548275,34034,620,biscoito,1d807557f1,14.4063
61,14,100000,0.922305,0.807816,548128,34075,620,biscoito,d1c9be577c,15.4314
61,15,100000,0.922321,0.807563,548155,34078,620,biscoito,4d95243905,14.2019
61,16,100000,0.922353,0.808143,548168,34082,620,biscoito,6e86f37e06,19.7884
61,17,100000,0.922353,0.808143,548168,34082,620,biscoito,6e86f37e06,19.7884
61,18,100000,0.922421,0.808035,548151,34076,620,biscoito,d69dd42684,14.5708
61,19,100000,0.922337,0.807527,548186,34066,619,biscoito,daea54a35a,14.1730
62,0,100000,0.922421,0.808035,548151,34076,620,biscoito,d69dd42684,14.5708
62,1,100000,0.922369,0.807454,548162,34070,619,biscoito,e5a17a80d2,19.5997
62,2,100000,0.922345,0.807891,548177,34076,620,biscoito,98a670f28c,15.5144
62,3,100000,0.922353,0.808143,548169,34081,620,biscoito,72d734bc68,14.6213
62,4,100000,0.922425,0.808166,548166,34087,620,biscoito,bbf0b9578f,13.9019
62,5,100000,0.922337,0.807964,548167,34075,620,biscoito,fd0b590320,15.0686
62,6,100000,0.922210,0.807265,548168,34084,619,biscoito,dbfc3afe2b,15.9744
62,7,100000,0.922349,0.807893,548176,34075,620,biscoito,d35e22b4fd,14.1233
62,8,100000,0.922353,0.808143,548168,34082,620,biscoito,6e86f37e06,19.7884
62,9,100000,0.922353,0.808143,548168,34082,620,biscoito,6e86f37e06,19.7884
62,10,100000,0.922357,0.807572,548171,34072,619,biscoito,65426bb705,21.2973
62,11,100000,0.922421,0.808035,548151,34076,620,biscoito,d69dd42684,14.5708
62,12,100000,0.922393,0.808204,548145,34074,620,biscoito,867ad8dae7,15.2751
62,13,100000,0.922297,0.807970,548173,34078,620,biscoito,bf6ea815c2,13.8174
62,14,100000,0.922309,0.807966,548148,34074,620,biscoito,a305e06954,14.5773
62,15,100000,0.922365,0.808026,548170,34073,620,biscoito,d1d0b3567d,15.1520
62,16,100000,0.922357,0.807572,548171,34072,619,biscoito,65426bb705,21.2973
62,17,100000,0.922353,0.808143,548168,34082,620,biscoito,6e86f37e06,19.7884
62,18,100000,0.922301,0.808435,548195,34062,621,biscoito,d295c8edaa,14.8768
62,19,100000,0.922377,0.808043,548180,34080,620,biscoito,ebbf2f0eca,14.2576
63,0,100000,0.922425,0.808166,548166,34087,620,biscoito,bbf0b9578f,13.9019
63,1,100000,0.922421,0.808035,548151,34076,620,biscoito,d69dd42684,14.5708
63,2,100000,0.922413,0.808012,548155,34076,620,biscoito,7fa9a358e8,15.0156
63,3,100000,0.922365,0.807467,548157,34069,619,biscoito,29407bd5f0,15.1489
63,4,100000,0.922353,0.808143,548168,34082,620,biscoito,6e86f37e06,19.7884
63,5,100000,0.922369,0.807454,548162,34070,619,biscoito,e5a17a80d2,19.5997
63,6,100000,0.922385,0.808000,548173,34084,620,biscoito,edcbf920e6,14.9214
63,7,100000,0.922465,0.808198,548143,34079,620,biscoito,544e0b39a4,14.2259
63,8,100000,0.922285,0.807946,548173,34074,620,biscoito,a31f8245a5,14.7930
63,9,100000,0.922437,0.808227,548177,34084,620,biscoito,06a1eded1f,14.9831
63,10,100000,0.922417,0.808210,548161,34076,620,biscoito,eafe985def,14.1261
63,11,100000,0.922381,0.807996,548170,34085,620,biscoito,5900ae095c,13.6773
63,12,100000,0.922421,0.808035,548151,34076,620,biscoito,d69dd42684,14.5708
63,13,100000,0.922421,0.808035,548151,34076,620,biscoito,d69dd42684,14.5708
63,14,100000,0.922413,0.808215,548187,34087,620,biscoito,e0f0f489bb,13.4164
63,15,100000,0.922313,0.807723,548123,34104,620,biscoito,01149ab431,15.3177
63,16,100000,0.922365,0.808032,548175,34074,620,biscoito,691e2e7a62,13.9993
63,17,100000,0.922353,0.807564,548168,34071,619,biscoito,83ad9ba4fe,14.4734
63,18,100000,0.922401,0.808004,548190,34077,620,biscoito,b4864832d3,14.5188
63,19,100000,0.922397,0.808026,548170,34091,620,biscoito,8c272788a1,17.3981
64,0,100000,0.922465,0.808198,548143,34079,620,biscoito,544e0b39a4,14.2259
64,1,100000,0.922437,0.808227,548177,34084,620,biscoito,06a1eded1f,14.9831
64,2,100000,0.922425,0.808016,548151,34076,620,biscoito,bc7dede6e5,17.7524
64,3,100000,0.922465,0.808204,548144,34079,620,biscoito,7025e154a9,17.4498
64,4,100000,0.922437,0.808227,548177,34084,620,biscoito,06a1eded1f,14.9831
64,5,100000,0.922465,0.808198,548143,34079,620,biscoito,544e0b39a4,14.2259
64,6,100000,0.922465,0.808198,548143,34079,620,biscoito,544e0b39a4,14.2259
64,7,100000,0.922465,0.808198,548143,34079,620,biscoito,544e0b39a4,14.2259
64,8,100000,0.922441,0.808011,548129,34083,620,biscoito,58a0fd3a4b,24.3196
64,9,100000,0.922345,0.807907,548207,34074,620,biscoito,649d70e1da,19.9474
64,10,100000,0.922425,0.808204,548194,34082,620,biscoito,bf7c0d1a51,16.0354
64,11,100000,0.922429,0.808216,548139,34079,620,biscoito,a58f4e5862,17.7020
64,12,100000,0.922437,0.808227,548177,34084,620,biscoito,06a1eded1f,14.9831
64,13,100000,0.922421,0.808035,548151,34076,620,biscoito,d69dd42684,14.5708
64,14,100000,0.922413,0.808012,548155,34076,620,biscoito,7fa9a358e8,15.0156
64,15,100000,0.922421,0.808035,548151,34076,620,biscoito,d69dd42684,14.5708
64,16,100000,0.922453,0.808200,548144,34078,620,biscoito,974f19170e,15.6904
64,17,100000,0.922445,0.808245,548178,34085,620,biscoito,05d23bcbc8,14.4737
64,18,100000,0.922405,0.808179,548171,34074,620,biscoito,5b4949693f,13.6545
64,19,100000,0.922413,0.808047,548153,34079,620,biscoito,602820987c,16.0437
65,0,100000,0.922465,0.808198,548143,34079,620,biscoito,544e0b39a4,14.2259
65,1,100000,0.922465,0.808204,548144,34079,620,biscoito,7025e154a9,17.4498
65,2,100000,0.922441,0.808011,548143,34073,620,biscoito,67130e2059,15.1293
65,3,100000,0.922473,0.808180,548131,34086,620,biscoito,977c780f10,14.2882
65,4,100000,0.922465,0.808198,548144,34079,620,biscoito,0095e07563,16.5921
65,5,100000,0.922437,0.808228,548177,34084,620,biscoito,351993131d,15.2698
65,6,100000,0.922449,0.808186,548163,34069,620,biscoito,c7ec86f739,14.2266
65,7,100000,0.922457,0.808204,548177,34089,620,biscoito,fd74f4c837,14.9576
65,8,100000,0.922493,0.809969,548208,34070,620,biscoito,876fa6c7d1,15.0582
65,9,100000,0.922465,0.808204,548144,34079,620,biscoito,7025e154a9,17.4498
65,10,100000,0.922437,0.808227,548177,34084,620,biscoito,06a1eded1f,14.9831
65,11,100000,0.922297,0.807298,548084,34073,619,biscoito,db287b7c26,15.3712
65,12,100000,0.922445,0.808245,548178,34085,620,biscoito,05d23bcbc8,14.4737
65,13,100000,0.922465,0.808198,548143,34079,620,biscoito,544e0b39a4,14.2259
65,14,100000,0.922469,0.808205,548144,34079,620,biscoito,1fd378a4dc,15.4899
65,15,100000,0.922461,0.808197,548138,34079,620,biscoito,e399ae0835,14.7340
65,16,100000,0.922417,0.808048,548132,34076,620,biscoito,d69e18aaa8,15.7015
65,17,100000,0.922445,0.808204,548140,34078,620,biscoito,8704539239,17.2317
65,18,100000,0.922465,0.808198,548143,34079,620,biscoito,544e0b39a4,14.2259
65,19,100000,0.922425,0.808204,548194,34082,620,biscoito,bf7c0d1a51,16.0354
66,0,100000,0.922493,0.809969,548208,34070,620,biscoito,876fa6c7d1,15.0582
66,1,100000,0.922473,0.808180,548131,34086,620,biscoito,977c780f10,14.2882
66,2,100000,0.922465,0.808198,548144,34079,620,biscoito,3693179354,16.5901
66,3,100000,0.922465,0.808198,548146,34079,620,biscoito,39891fe3b3,14.2923
66,4,100000,0.922465,0.808204,548144,34079,620,biscoito,7025e154a9,17.4498
66,5,100000,0.922465,0.808198,548143,34079,620,biscoito,544e0b39a4,14.2259
66,6,100000,0.922329,0.809588,548336,34073,620,biscoito,0d1d08b2c2,15.6522
66,7,100000,0.922493,0.809969,548208,34070,620,biscoito,876fa6c7d1,15.0582
66,8,100000,0.922457,0.808204,548177,34089,620,biscoito,fd74f4c837,14.9576
66,9,100000,0.922457,0.808204,548177,34089,620,biscoito,fd74f4c837,14.9576
66,10,100000,0.922465,0.808198,548144,34079,620,biscoito,0095e07563,16.5921
66,11,100000,0.922465,0.808204,548144,34079,620,biscoito,7025e154a9,17.4498
66,12,100000,0.922465,0.808198,548143,34079,620,biscoito,544e0b39a4,14.2259
66,13,100000,0.922465,0.808198,548143,34079,620,biscoito,544e0b39a4,14.2259
66,14,100000,0.922493,0.809991,548200,34073,620,biscoito,0b51631acc,13.8076
66,15,100000,0.922337,0.808558,548185,34080,620,biscoito,648ec7b3aa,14.1095
66,16,100000,0.922469,0.808205,548138,34080,620,biscoito,7cbf387a72,14.9159
66,17,100000,0.922469,0.808205,548144,34080,620,biscoito,adaea08301,15.7029
66,18,100000,0.922469,0.808205,548144,34079,620,biscoito,1fd378a4dc,15.4899
66,19,100000,0.922465,0.808198,548144,34079,620,biscoito,0095e07563,16.5921
67,0,100000,0.922493,0.809969,548208,34070,620,biscoito,876fa6c7d1,15.0582
67,1,100000,0.922493,0.809969,548208,34070,620,biscoito,876fa6c7d1,15.0582
67,2,100000,0.922493,0.809969,548208,34070,620,biscoito,876fa6c7d1,15.0582
67,3,100000,0.922469,0.808205,548144,34079,620,biscoito,1fd378a4dc,15.4899
67,4,100000,0.922421,0.808936,548226,34081,620,biscoito,081b729b43,14.2606
67,5,100000,0.922317,0.808393,548087,34078,620,biscoito,e1b8fa8238,14.3934
67,6,100000,0.922465,0.808204,548144,34079,620,biscoito,7025e154a9,17.4498
67,7,100000,0.922469,0.808205,548144,34080,620,biscoito,adaea08301,15.7029
67,8,100000,0.922469,0.808205,548144,34080,620,biscoito,c828d72f21,13.6565
67,9,100000,0.922469,0.808205,548143,34080,620,biscoito,f8647b94fa,17.9611
67,10,100000,0.922389,0.809213,548210,34057,620,biscoito,99a8abd5df,16.8836
67,11,100000,0.922493,0.809969,548208,34070,620,biscoito,876fa6c7d1,15.0582
67,12,100000,0.922465,0.808198,548144,34079,620,biscoito,3693179354,16.5901
67,13,100000,0.922493,0.809969,548208,34070,620,biscoito,876fa6c7d1,15.0582
67,14,100000,0.922465,0.808198,548142,34079,620,biscoito,61fda27edc,15.7062
67,15,100000,0.922469,0.808205,548146,34080,620,biscoito,ebeb54c99a,15.6983
67,16,100000,0.922433,0.808494,548081,34074,620,biscoito,9b79bc2ce5,14.6642
67,17,100000,0.922513,0.809691,548274,34071,620,biscoito,8abcddfa3c,17.5306
67,18,100000,0.922493,0.809991,548200,34073,620,biscoito,0b51631acc,13.8076
67,19,100000,0.922469,0.808205,548144,34079,620,biscoito,1fd378a4dc,15.4899
68,0,100000,0.922513,0.809691,548274,34071,620,biscoito,8abcddfa3c,17.5306
68,1,100000,0.922493,0.809969,548208,34070,620,biscoito,876fa6c7d1,15.0582
68,2,100000,0.922469,0.808205,548146,34080,620,biscoito,ebeb54c99a,15.6983
68,3,100000,0.922469,0.808205,548144,34080,620,biscoito,c828d72f21,13.6565
68,4,100000,0.922561,0.809701,548269,34072,620,biscoito,4f2472628a,19.0063
68,5,100000,0.922441,0.809919,548214,34071,620,biscoito,0214424851,17.7289
68,6,100000,0.922493,0.809969,548208,34070,620,biscoito,876fa6c7d1,15.0582
68,7,100000,0.922493,0.809969,548208,34070,620,biscoito,876fa6c7d1,15.0582
68,8,100000,0.922437,0.809777,548177,34071,620,biscoito,25d6c34358,15.0514
68,9,100000,0.922525,0.809865,548248,34078,620,biscoito,d4043c2985,14.4503
68,10,100000,0.922469,0.808205,548144,34080,620,biscoito,0c0f94113d,15.2745
68,11,100000,0.922469,0.808205,548148,34079,620,biscoito,3a58033689,13.4508
68,12,100000,0.922513,0.809691,548274,34071,620,biscoito,8abcddfa3c,17.5306
68,13,100000,0.922513,0.809691,548274,34071,620,biscoito,8abcddfa3c,17.5306
68,14,100000,0.922513,0.809691,548274,34071,620,biscoito,8abcddfa3c,17.5306
68,15,100000,0.922281,0.810029,548231,34079,620,biscoito,f06dcdc2ff,13.9224
68,16,100000,0.922453,0.808485,548229,34081,620,biscoito,da424b1203,15.2220
68,17,100000,0.922497,0.809663,548127,34067,620,biscoito,0ea8f11dc0,15.6244
68,18,100000,0.922569,0.810138,548219,34070,620,biscoito,b795b610d2,15.1994
68,19,100000,0.922525,0.810031,548242,34073,620,biscoito,63ca22070d,14.0053
69,0,100000,0.922569,0.810138,548219,34070,620,biscoito,b795b610d2,15.1994
69,1,100000,0.922561,0.809701,548269,34072,620,biscoito,4f2472628a,19.0063
69,2,100000,0.922513,0.809691,548274,34071,620,biscoito,8abcddfa3c,17.5306
69,3,100000,0.922513,0.809691,548274,34071,620,biscoito,8abcddfa3c,17.5306
69,4,100000,0.922513,0.809704,548259,34070,620,biscoito,6f3072f991,16.0059
69,5,100000,0.922533,0.808222,548151,34081,620,biscoito,fc017c524f,15.8856
69,6,100000,0.922369,0.809291,548228,34056,620,biscoito,0149798244,14.8708
69,7,100000,0.922561,0.809701,548269,34072,620,biscoito,4f2472628a,19.0063
69,8,100000,0.922569,0.810045,548243,34064,620,biscoito,d5e40cd5c7,13.9591
69,9,100000,0.922525,0.809748,548262,34074,620,biscoito,a74d5023cd,14.5575
69,10,100000,0.922509,0.809594,548247,34076,620,biscoito,371c6b0178,15.3268
69,11,100000,0.922505,0.809827,548250,34063,620,biscoito,480b4552df,14.8794
69,12,100000,0.922577,0.809685,548091,34065,620,biscoito,4a4f3d11dd,13.8344
69,13,100000,0.922481,0.809720,548205,34085,620,biscoito,c966c6c00a,14.7304
69,14,100000,0.922557,0.809468,548242,34075,620,biscoito,6638fa93dd,14.3540
69,15,100000,0.922533,0.810359,548185,34070,620,biscoito,4d2b8cfc44,15.0763
69,16,100000,0.922501,0.809384,548280,34075,620,biscoito,c19ae5d0df,14.2961
69,17,100000,0.922553,0.810241,548215,34068,620,biscoito,e1987744ae,14.8403
69,18,100000,0.922521,0.810262,548267,34088,620,biscoito,4a28a8e2f5,14.6768
69,19,100000,0.922521,0.809738,548265,34070,620,biscoito,c6e587a424,14.7202
70,0,100000,0.922577,0.809685,548091,34065,620,biscoito,4a4f3d11dd,13.8344
70,1,100000,0.922569,0.810138,548219,34070,620,biscoito,b795b610d2,15.1994
70,2,100000,0.922553,0.810105,548232,34066,620,biscoito,b5f3614790,14.7206
70,3,100000,0.922397,0.811713,548239,34040,621,biscoito,abbb86e231,14.7780
70,4,100000,0.922369,0.809924,548264,34082,620,biscoito,f83dbff4ff,16.3453
70,5,100000,0.922597,0.809712,548083,34065,620,biscoito,c9cf42f4f8,14.3337
70,6,100000,0.922577,0.809685,548091,34065,620,biscoito,4a4f3d11dd,13.8344
70,7,100000,0.922569,0.810045,548243,34064,620,biscoito,d5e40cd5c7,13.9591
70,8,100000,0.922525,0.809748,548265,34074,620,biscoito,3fda2a4fda,14.8698
70,9,100000,0.922569,0.810137,548219,34070,620,biscoito,1d4e2c37a0,15.6233
70,10,100000,0.922545,0.809632,548247,34063,620,biscoito,01e41322d3,19.3727
70,11,100000,0.922541,0.810231,548214,34075,620,biscoito,a24ed3bb4d,18.5015
70,12,100000,0.922533,0.809926,548245,34066,620,biscoito,70c6de8cbf,17.1078
70,13,100000,0.922521,0.809715,548244,34075,620,biscoito,4ac83ea912,17.5313
70,14,100000,0.922533,0.810359,548185,34070,620,biscoito,4d2b8cfc44,15.0763
70,15,100000,0.922533,0.810359,548185,34070,620,biscoito,4d2b8cfc44,15.0763
70,16,100000,0.922485,0.809627,548350,34085,620,biscoito,1beb838b9c,17.5754
70,17,100000,0.922477,0.809281,548259,34066,620,biscoito,45509cfa85,15.4642
70,18,100000,0.922501,0.810362,548272,34073,620,biscoito,a612e4671b,16.0873
70,19,100000,0.922557,0.810308,548207,34075,620,biscoito,101cebe41a,13.9773
71,0,100000,0.922597,0.809712,548083,34065,620,biscoito,c9cf42f4f8,14.3337
71,1,100000,0.922577,0.809685,548091,34065,620,biscoito,4a4f3d11dd,13.8344
71,2,100000,0.922561,0.809598,548216,34075,620,biscoito,fdce1e8116,14.9549
71,3,100000,0.922653,0.810195,548024,34058,620,biscoito,e0bf94d917,13.6444
71,4,100000,0.922545,0.809952,548122,34071,620,biscoito,3d6d5b6dfd,14.5889
71,5,100000,0.922625,0.809845,548186,34071,620,biscoito,5484cbfb04,13.8443
71,6,100000,0.922533,0.809435,548203,34048,620,biscoito,c94a7034b3,13.6982
71,7,100000,0.922529,0.809997,548222,34073,620,biscoito,cb696b4761,14.5613
71,8,100000,0.922597,0.809712,548083,34065,620,biscoito,c9cf42f4f8,14.3337
71,9,100000,0.922389,0.809916,548038,34049,620,biscoito,19684bb217,14.6977
71,10,100000,0.922561,0.809152,548174,34064,620,biscoito,22d831c173,15.3048
71,11,100000,0.922569,0.810138,548219,34070,620,biscoito,b795b610d2,15.1994
71,12,100000,0.922493,0.810062,548246,34073,620,biscoito,5240c5a1bd,13.8549
71,13,100000,0.922593,0.809988,548193,34067,620,biscoito,2ec5e779fc,15.3134
71,14,100000,0.922565,0.809808,548096,34066,620,biscoito,46a571cee2,14.2123
71,15,100000,0.922429,0.810540,548226,34093,620,biscoito,854af261c7,14.5980
71,16,100000,0.922577,0.809685,548091,34065,620,biscoito,4a4f3d11dd,13.8344
71,17,100000,0.922597,0.809712,548083,34065,620,biscoito,c9cf42f4f8,14.3337
71,18,100000,0.922585,0.810080,548079,34064,620,biscoito,6402c7c49b,14.8506
71,19,100000,0.922501,0.810222,548218,34075,620,biscoito,2671e04a50,14.2144
72,0,100000,0.922653,0.810195,548024,34058,620,biscoito,e0bf94d917,13.6444
72,1,100000,0.922625,0.809845,548186,34071,620,biscoito,5484cbfb04,13.8443
72,2,100000,0.922593,0.809907,548162,34066,620,biscoito,a25bc42659,14.9958
72,3,100000,0.922509,0.810020,548161,34056,620,biscoito,ab99d51cb7,15.8452
72,4,100000,0.922605,0.809780,548066,34050,620,biscoito,44efc9c28c,14.3389
72,5,100000,0.922597,0.810317,548076,34060,620,biscoito,91564de361,14.2380
72,6,100000,0.922597,0.809712,548083,34065,620,biscoito,c9cf42f4f8,14.3337
72,7,100000,0.922625,0.809845,548186,34071,620,biscoito,5484cbfb04,13.8443
72,8,100000,0.922625,0.809845,548186,34071,620,biscoito,5484cbfb04,13.8443
72,9,100000,0.922234,0.809525,548181,34040,620,biscoito,1eafcf2172,16.0941
72,10,100000,0.922597,0.809807,548083,34064,620,biscoito,4e22e8a9e2,14.8533
72,11,100000,0.922581,0.810089,548068,34065,620,biscoito,0a0b7afd49,15.1081
72,12,100000,0.922621,0.810038,548050,34062,620,biscoito,2f04a6920f,14.2481
72,13,100000,0.922557,0.809683,548043,34048,620,biscoito,a5de0c2ee5,14.0024
72,14,100000,0.922597,0.809712,548083,34065,620,biscoito,c9cf42f4f8,14.3337
72,15,100000,0.922597,0.809712,548083,34065,620,biscoito,c9cf42f4f8,14.3337
72,16,100000,0.922597,0.809712,548081,34065,620,biscoito,2a736e3f3a,14.6156
72,17,100000,0.922625,0.809845,548188,34070,620,biscoito,0fbf0aba70,15.0867
72,18,100000,0.922597,0.809712,548083,34065,620,biscoito,c9cf42f4f8,14.3337
72,19,100000,0.922597,0.809712,548083,34065,620,biscoito,c9cf42f4f8,14.3337
73,0,100000,0.922653,0.810195,548024,34058,620,biscoito,e0bf94d917,13.6444
73,1,100000,0.922625,0.809845,548186,34071,620,biscoito,5484cbfb04,13.8443
73,2,100000,0.922625,0.809845,548188,34070,620,biscoito,0fbf0aba70,15.0867
73,3,100000,0.922625,0.809845,548186,34071,620,biscoito,5484cbfb04,13.8443
73,4,100000,0.922621,0.810038,548050,34062,620,biscoito,2f04a6920f,14.2481
73,5,100000,0.922597,0.809712,548083,34065,620,biscoito,c9cf42f4f8,14.3337
73,6,100000,0.922597,0.810156,548043,34055,620,biscoito,582c9a48fe,14.2954
73,7,100000,0.922601,0.809341,548131,34065,620,biscoito,51b0301d5d,14.7360
73,8,100000,0.922633,0.809852,548192,34070,620,biscoito,6c4381aae1,15.4863
73,9,100000,0.922501,0.810013,548161,34056,620,biscoito,5790f27124,14.5980
73,10,100000,0.922469,0.808683,548056,34083,620,biscoito,089e5efceb,13.8415
73,11,100000,0.922605,0.808589,548139,34077,620,biscoito,c2a5af5242,15.9243
73,12,100000,0.922625,0.809959,548021,34062,620,biscoito,d657222305,14.7310
73,13,100000,0.922533,0.809436,548201,34058,620,biscoito,3374c6c037,14.7382
73,14,100000,0.922641,0.810119,548046,34057,620,biscoito,1cdf0bda8c,14.6275
73,15,100000,0.922589,0.810315,548098,34062,620,biscoito,5e0d23df64,16.5008
73,16,100000,0.922625,0.810032,548049,34060,620,biscoito,771b9102ad,14.8190
73,17,100000,0.922629,0.809851,548175,34072,620,biscoito,ff2cd0c166,15.2413
73,18,100000,0.922601,0.808602,548080,34068,619,biscoito,207ca5a339,14.1994
73,19,100000,0.922769,0.810171,548043,34047,620,biscoito,69768f0b4a,15.6217
74,0,100000,0.922769,0.810171,548043,34047,620,biscoito,69768f0b4a,15.6217
74,1,100000,0.922653,0.810195,548024,34058,620,biscoito,e0bf94d917,13.6444
74,2,100000,0.922633,0.810054,548043,34056,620,biscoito,fb5007e35c,14.1414
74,3,100000,0.922633,0.809943,548193,34073,620,biscoito,e98d89fb16,16.1401
74,4,100000,0.922601,0.810182,548045,34034,620,biscoito,7f3a5b5829,15.0037
74,5,100000,0.922793,0.809956,548185,34077,620,biscoito,1b7444d347,14.4395
74,6,100000,0.922625,0.810032,548049,34060,620,biscoito,771b9102ad,14.8190
74,7,100000,0.922641,0.810119,548046,34057,620,biscoito,1cdf0bda8c,14.6275
74,8,100000,0.922765,0.810942,548015,34075,620,biscoito,6a5e85d591,13.8763
74,9,100000,0.922645,0.810200,548060,34037,620,biscoito,8b43f0a551,13.8637
74,10,100000,0.922485,0.809246,548230,34055,620,biscoito,c7cd4807e6,14.6801
74,11,100000,0.922753,0.810353,548057,34105,620,biscoito,83da5d224b,14.5278
74,12,100000,0.922477,0.810633,548093,34075,620,biscoito,faa4bca0cf,14.3445
74,13,100000,0.922669,0.810210,548024,34058,620,biscoito,a7a14ea6b7,14.3049
74,14,100000,0.922629,0.809851,548175,34072,620,biscoito,ff2cd0c166,15.2413
74,15,100000,0.922537,0.810385,548111,34090,620,biscoito,42cf81f9d1,15.0615
74,16,100000,0.922625,0.809959,548021,34062,620,biscoito,d657222305,14.7310
74,17,100000,0.922629,0.809851,548175,34072,620,biscoito,ff2cd0c166,15.2413
74,18,100000,0.922777,0.810112,548021,34057,620,biscoito,314ceb531b,14.9225
74,19,100000,0.922605,0.810042,548090,34052,620,biscoito,4b86d07110,13.9868
75,0,100000,0.922793,0.809956,548185,34077,620,biscoito,1b7444d347,14.4395
75,1,100000,0.922777,0.810112,548021,34057,620,biscoito,314ceb531b,14.9225
75,2,100000,0.922717,0.810400,548174,34091,620,biscoito,522c0d5800,15.1227
75,3,100000,0.922837,0.810012,548090,34060,620,biscoito,0e82e3f089,14.2728
75,4,100000,0.922769,0.810171,548043,34047,620,biscoito,69768f0b4a,15.6217
75,5,100000,0.922765,0.810942,548015,34075,620,biscoito,6a5e85d591,13.8763
75,6,100000,0.922761,0.809983,548104,34065,620,biscoito,c25b1a8aaa,14.6874
75,7,100000,0.922681,0.810224,548060,34061,620,biscoito,4501d79135,14.6220
75,8,100000,0.922749,0.810560,548027,34074,620,biscoito,e51bf37e4f,15.0012
75,9,100000,0.922805,0.810364,548071,34077,620,biscoito,91922fccf7,15.3210
75,10,100000,0.922809,0.809590,548034,34089,620,biscoito,0e477325a1,13.8818
75,11,100000,0.922489,0.810070,548032,34062,620,biscoito,bb58cd7fb6,13.5429
75,12,100000,0.922641,0.810196,548065,34039,620,biscoito,9e4cb51f36,13.6257
75,13,100000,0.922757,0.810073,548031,34065,620,biscoito,ec7cb7156d,13.5527
75,14,100000,0.922661,0.810413,548143,34081,620,biscoito,aa741997db,14.8573
75,15,100000,0.922729,0.809232,548061,34070,620,biscoito,c0cb315cf3,13.9039
75,16,100000,0.922753,0.810353,548057,34105,620,biscoito,83da5d224b,14.5278
75,17,100000,0.922793,0.809956,548185,34077,620,biscoito,1b7444d347,14.4395
75,18,100000,0.922645,0.810200,548060,34037,620,biscoito,8b43f0a551,13.8637
75,19,100000,0.922765,0.810942,548015,34075,620,biscoito,6a5e85d591,13.8763
76,0,100000,0.922837,0.810012,548090,34060,620,biscoito,0e82e3f089,14.2728
76,1,100000,0.922809,0.809590,548034,34089,620,biscoito,0e477325a1,13.8818
76,2,100000,0.922809,0.809590,548034,34089,620,biscoito,0e477325a1,13.8818
76,3,100000,0.922809,0.809590,548034,34089,620,biscoito,0e477325a1,13.8818
76,4,100000,0.922713,0.810083,548036,34066,620,biscoito,e846dd547a,13.7401
76,5,100000,0.922925,0.809640,548053,34094,620,biscoito,c8d1333ac6,15.0431
76,6,100000,0.922409,0.808989,548097,34043,620,biscoito,0005473970,15.9691
76,7,100000,0.922829,0.810185,548206,34067,620,biscoito,192204ed8d,15.5261
76,8,100000,0.922625,0.809819,547984,34069,620,biscoito,287112034c,14.4893
76,9,100000,0.922797,0.810099,548025,34070,620,biscoito,c083fe1bb0,14.9864
76,10,100000,0.922837,0.810012,548090,34060,620,biscoito,0e82e3f089,14.2728
76,11,100000,0.922761,0.809983,548104,34065,620,biscoito,c25b1a8aaa,14.6874
76,12,100000,0.922789,0.810027,548193,34081,620,biscoito,7de569b128,16.2555
76,13,100000,0.922749,0.810838,548016,34072,620,biscoito,b843ead650,15.0193
76,14,100000,0.922633,0.810300,548079,34093,620,biscoito,87f2167a01,14.6235
76,15,100000,0.922917,0.810578,548196,34082,620,biscoito,c86752d3fb,14.6184
76,16,100000,0.922797,0.809978,548177,34078,620,biscoito,13b253f9d9,15.7346
76,17,100000,0.922761,0.809959,548127,34069,620,biscoito,8df5680b8b,14.3871
76,18,100000,0.922733,0.811020,547941,34070,620,biscoito,9c4ace08b0,14.9286
76,19,100000,0.922721,0.810798,548164,34095,620,biscoito,23b8f8c9f1,14.6179
77,0,100000,0.922925,0.809640,548053,34094,620,biscoito,c8d1333ac6,15.0431
77,1,100000,0.922917,0.810578,548196,34082,620,biscoito,c86752d3fb,14.6184
77,2,100000,0.922761,0.809983,548104,34065,620,biscoito,c25b1a8aaa,14.6874
77,3,100000,0.922837,0.810012,548090,34060,620,biscoito,0e82e3f089,14.2728
77,4,100000,0.922809,0.809590,548034,34089,620,biscoito,0e477325a1,13.8818
77,5,100000,0.922809,0.809590,548034,34089,620,biscoito,0e477325a1,13.8818
77,6,100000,0.922837,0.810012,548090,34060,620,biscoito,0e82e3f089,14.2728
77,7,100000,0.922809,0.809590,548034,34089,620,biscoito,0e477325a1,13.8818
77,8,100000,0.922837,0.810012,548090,34060,620,biscoito,0e82e3f089,14.2728
77,9,100000,0.922669,0.809401,548095,34062,620,biscoito,23994db50d,15.6693
77,10,100000,0.922945,0.810144,548156,34076,620,biscoito,b3c41de0c0,14.3225
77,11,100000,0.922801,0.809238,548049,34085,620,biscoito,29e22bb628,14.6436
77,12,100000,0.922853,0.810494,547978,34067,620,biscoito,f93539bc2c,14.3508
77,13,100000,0.922709,0.810018,548089,34049,620,biscoito,7a011f47b9,14.7598
77,14,100000,0.922881,0.810129,548195,34067,620,biscoito,713709da4c,15.3706
77,15,100000,0.922753,0.809654,547948,34079,620,biscoito,2fd13c331c,15.0767
77,16,100000,0.922581,0.808683,548098,34081,620,biscoito,ae4acf1ccd,14.9493
77,17,100000,0.922952,0.810768,548129,34088,620,biscoito,735c69f439,14.7946
77,18,100000,0.922837,0.809807,547986,34100,620,biscoito,511522f3a7,15.2130
77,19,100000,0.922877,0.809659,548055,34054,620,biscoito,6eb944a187,14.4828
78,0,100000,0.922952,0.810768,548129,34088,620,biscoito,735c69f439,14.7946
78,1,100000,0.922945,0.810144,548156,34076,620,biscoito,b3c41de0c0,14.3225
78,2,100000,0.922837,0.810012,548090,34060,620,biscoito,0e82e3f089,14.2728
78,3,100000,0.922809,0.809590,548034,34089,620,biscoito,0e477325a1,13.8818
78,4,100000,0.922933,0.809930,548170,34099,620,biscoito,0c742ddfc1,14.9241
78,5,100000,0.922873,0.810122,548049,34083,620,biscoito,d993e56974,15.6688
78,6,100000,0.922837,0.810012,548090,34060,620,biscoito,0e82e3f089,14.2728
78,7,100000,0.922837,0.810012,548090,34060,620,biscoito,0e82e3f089,14.2728
78,8,100000,0.922960,0.810103,548109,34078,620,biscoito,9569db936d,15.5673
78,9,100000,0.922821,0.809808,548015,34094,620,biscoito,ad30d03d0d,14.9853
78,10,100000,0.922881,0.810129,548195,34067,620,biscoito,713709da4c,15.3706
78,11,100000,0.922881,0.810129,548195,34067,620,biscoito,713709da4c,15.3706
78,12,100000,0.922897,0.810606,548042,34098,620,biscoito,a5f75ce13a,14.8873
78,13,100000,0.922988,0.810631,548064,34081,620,biscoito,f0f767edb6,14.6860
78,14,100000,0.922865,0.809681,548131,34094,620,biscoito,65cd74eb26,15.1082
78,15,100000,0.922893,0.810971,548050,34038,620,biscoito,f6098dfe93,14.4699
78,16,100000,0.922996,0.810487,548077,34081,620,biscoito,6e7ec92f38,15.3723
78,17,100000,0.922841,0.810333,548122,34068,620,biscoito,1d9bcd1cb9,19.1147
78,18,100000,0.922789,0.809779,548037,34092,620,biscoito,11a8d9f0e2,19.9049
78,19,100000,0.922857,0.810093,548134,34076,620,biscoito,3780786cea,21.3642
79,0,100000,0.922996,0.810487,548077,34081,620,biscoito,6e7ec92f38,15.3723
79,1,100000,0.922988,0.810631,548064,34081,620,biscoito,f0f767edb6,14.6860
79,2,100000,0.922873,0.807691,548148,34101,618,biscoito,6b8c6026a5,20.2272
79,3,100000,0.923056,0.810775,548094,34081,620,biscoito,957257bbf2,20.9783
79,4,100000,0.922873,0.809796,548187,34063,620,biscoito,c2ffdfc089,20.1652
79,5,100000,0.922968,0.810430,548120,34081,620,biscoito,733d97fa0a,20.2014
79,6,100000,0.922897,0.810600,548120,34066,620,biscoito,a49abe4a29,19.8396
79,7,100000,0.923044,0.810168,548088,34097,620,biscoito,12f66ece11,20.4637
79,8,100000,0.922945,0.810144,548155,34076,620,biscoito,311ba3a297,21.2868
79,9,100000,0.922929,0.809927,548166,34098,620,biscoito,b67bc79e0d,20.2532
79,10,100000,0.922960,0.810103,548109,34078,620,biscoito,9569db936d,15.5673
79,11,100000,0.922960,0.810103,548109,34078,620,biscoito,9569db936d,15.5673
79,12,100000,0.922968,0.810384,548095,34097,620,biscoito,6771936e39,20.5578
79,13,100000,0.922976,0.810665,548085,34081,620,biscoito,4cc82e3158,20.3841
79,14,100000,0.922933,0.809930,548170,34099,620,biscoito,0c742ddfc1,14.9241
79,15,100000,0.922960,0.810103,548109,34078,620,biscoito,9569db936d,15.5673
79,16,100000,0.922948,0.810806,548087,34070,620,biscoito,ef319f8ac4,22.1586
79,17,100000,0.922968,0.810467,548157,34077,620,biscoito,36460805c9,20.0522
79,18,100000,0.922845,0.810255,548079,34074,620,biscoito,1c5995985c,22.0962
79,19,100000,0.922972,0.809947,548090,34092,620,biscoito,703c86b906,20.3352
80,0,100000,0.923056,0.810775,548094,34081,620,biscoito,957257bbf2,20.9783
80,1,100000,0.923044,0.810168,548088,34097,620,biscoito,12f66ece11,20.4637
80,2,100000,0.923156,0.810866,548022,34093,620,biscoito,c8f82eccbc,20.9548
80,3,100000,0.922945,0.811104,548075,34079,620,biscoito,1fc58fa814,20.1472
80,4,100000,0.923044,0.810168,548088,34097,620,biscoito,12f66ece11,20.4637
80,5,100000,0.923044,0.810168,548088,34097,620,biscoito,12f66ece11,20.4637
80,6,100000,0.923088,0.810229,548046,34088,620,biscoito,8243b2d4a1,21.7002
80,7,100000,0.922941,0.810621,548103,34086,620,biscoito,e9546fe0f6,20.2604
80,8,100000,0.922992,0.810370,548059,34073,620,biscoito,dac787826a,19.8469
80,9,100000,0.923096,0.811381,548111,34068,620,biscoito,6adf086042,22.0709
80,10,100000,0.922917,0.810415,548087,34090,620,biscoito,1b863935b9,21.3574
80,11,100000,0.923024,0.810712,548097,34092,620,biscoito,7a2818f8ff,20.2324
80,12,100000,0.922921,0.809705,548107,34086,620,biscoito,6472fd8c8b,20.7409
80,13,100000,0.923004,0.810164,548087,34128,620,biscoito,c8f4882581,20.2951
80,14,100000,0.922988,0.810281,548089,34095,620,biscoito,1bc38bca49,20.4001
80,15,100000,0.922845,0.811041,548082,34075,620,biscoito,bfd71ea4c5,20.4793
80,16,100000,0.922968,0.810384,548095,34097,620,biscoito,6771936e39,20.5578
80,17,100000,0.923056,0.810775,548094,34081,620,biscoito,957257bbf2,20.9783
80,18,100000,0.923056,0.810775,548094,34081,620,biscoito,957257bbf2,20.9783
80,19,100000,0.922589,0.811538,548099,34066,620,biscoito,99d9106c06,21.3706
81,0,100000,0.923156,0.810866,548022,34093,620,biscoito,c8f82eccbc,20.9548
81,1,100000,0.923096,0.811381,548111,34068,620,biscoito,6adf086042,22.0709
81,2,100000,0.923072,0.811153,548102,34089,620,biscoito,850317582e,20.3346
81,3,100000,0.922988,0.809789,548133,34096,620,biscoito,b19a9ddd0d,20.4962
81,4,100000,0.923052,0.810520,548082,34084,620,biscoito,9fa8535271,23.4121
81,5,100000,0.923108,0.811215,548128,34065,620,biscoito,7da98c3896,20.6636
81,6,100000,0.923080,0.810235,548064,34093,620,biscoito,895f888b61,20.2799
81,7,100000,0.923056,0.810861,548099,34082,620,biscoito,da0a0d5c51,20.3757
81,8,100000,0.923088,0.809912,548080,34103,620,biscoito,80504bb89c,22.2966
81,9,100000,0.922988,0.810715,548124,34072,620,biscoito,3243553b54,20.5909
81,10,100000,0.922869,0.809203,548159,34099,619,biscoito,f4c0854dbf,20.9532
81,11,100000,0.923024,0.810074,548101,34076,620,biscoito,f4d52a2fde,21.7873
81,12,100000,0.922988,0.809857,548148,34094,620,biscoito,5c524ef53f,20.4456
81,13,100000,0.923004,0.810481,548061,34066,620,biscoito,de694d93c7,20.7979
81,14,100000,0.923056,0.810775,548094,34081,620,biscoito,957257bbf2,20.9783
81,15,100000,0.923056,0.810775,548094,34081,620,biscoito,957257bbf2,20.9783
81,16,100000,0.923132,0.811392,548120,34054,620,biscoito,ee6b80c06c,20.4337
81,17,100000,0.922980,0.809819,548030,34106,620,biscoito,8a7402d3c0,21.0363
81,18,100000,0.923068,0.810670,548068,34093,620,biscoito,809a01ea8d,20.7106
81,19,100000,0.922941,0.810936,548071,34084,620,biscoito,59f07119b9,17.4714
82,0,100000,0.923156,0.810866,548022,34093,620,biscoito,c8f82eccbc,20.9548
82,1,100000,0.923132,0.811392,548120,34054,620,biscoito,ee6b80c06c,20.4337
82,2,100000,0.923140,0.811326,548120,34065,620,biscoito,adaf97fa68,15.2298
82,3,100000,0.923020,0.810224,548038,34075,620,biscoito,0377c59803,14.8984
82,4,100000,0.923152,0.811215,548158,34051,620,biscoito,7605c997d3,15.3011
82,5,100000,0.922964,0.810031,548061,34103,620,biscoito,c6bbbd142b,15.4792
82,6,100000,0.923160,0.811931,548131,34088,620,biscoito,40665345e5,14.5077
82,7,100000,0.923036,0.810418,548123,34073,620,biscoito,e6aef19fe3,13.9789
82,8,100000,0.923088,0.809912,548080,34103,620,biscoito,80504bb89c,22.2966
82,9,100000,0.923072,0.811153,548102,34089,620,biscoito,850317582e,20.3346
82,10,100000,0.923156,0.810866,548022,34093,620,biscoito,c8f82eccbc,20.9548
82,11,100000,0.923096,0.811381,548111,34068,620,biscoito,6adf086042,22.0709
82,12,100000,0.922976,0.811315,548096,34063,620,biscoito,63a329c22a,15.4094
82,13,100000,0.923216,0.810261,548107,34082,620,biscoito,a42e850acc,14.9924
82,14,100000,0.923088,0.811271,548113,34064,620,biscoito,f943cbc4f8,14.8585
82,15,100000,0.923020,0.811335,548112,34107,620,biscoito,6d0082f100,15.1722
82,16,100000,0.923076,0.811211,548119,34093,620,biscoito,313937b0a7,16.0341
82,17,100000,0.923116,0.811150,547978,34084,620,biscoito,9a3035bfb1,15.5413
82,18,100000,0.923172,0.810531,548082,34079,620,biscoito,f0cb385979,15.7098
82,19,100000,0.923096,0.811594,548062,34077,620,biscoito,f5ba5edbdf,15.2961
83,0,100000,0.923216,0.810261,548107,34082,620,biscoito,a42e850acc,14.9924
83,1,100000,0.923172,0.810531,548082,34079,620,biscoito,f0cb385979,15.7098
83,2,100000,0.923172,0.811025,548100,34082,620,biscoito,e94c2a2c44,14.6617
83,3,100000,0.923096,0.811159,548055,34060,620,biscoito,c22b90711b,15.4707
83,4,100000,0.923136,0.810653,548163,34064,620,biscoito,c54d15344f,14.0314
83,5,100000,0.923192,0.811511,548115,34079,620,biscoito,96ec4597ef,13.7883
83,6,100000,0.923084,0.810956,548051,34066,620,biscoito,18980e2141,17.6885
83,7,100000,0.923200,0.810960,548108,34071,620,biscoito,54e1dd759d,17.0774
83,8,100000,0.923216,0.810261,548107,34082,620,biscoito,a42e850acc,14.9924
83,9,100000,0.923216,0.810261,548107,34082,620,biscoito,a42e850acc,14.9924
83,10,100000,0.923160,0.811385,548136,34074,620,biscoito,22d9b5fdbd,15.7819
83,11,100000,0.923152,0.810559,548049,34067,620,biscoito,28e2b235b1,16.0132
83,12,100000,0.923132,0.811285,548125,34064,620,biscoito,b73b35a165,14.9749
83,13,100000,0.923172,0.810212,548039,34071,620,biscoito,7e6a0dbb61,14.9318
83,14,100000,0.923160,0.811931,548131,34088,620,biscoito,40665345e5,14.5077
83,15,100000,0.923132,0.811392,548120,34054,620,biscoito,ee6b80c06c,20.4337
83,16,100000,0.923156,0.810611,548008,34066,620,biscoito,92aa987ba7,15.5780
83,17,100000,0.923200,0.811029,548033,34081,620,biscoito,003005a551,15.3346
83,18,100000,0.923216,0.810261,548107,34082,620,biscoito,a42e850acc,14.9924
83,19,100000,0.923152,0.811215,548158,34051,620,biscoito,7605c997d3,15.3011
84,0,100000,0.923216,0.810261,548107,34082,620,biscoito,a42e850acc,14.9924
84,1,100000,0.923216,0.810261,548107,34082,620,biscoito,a42e850acc,14.9924
84,2,100000,0.923132,0.810977,548073,34077,620,biscoito,cab8f66d85,15.5706
84,3,100000,0.923188,0.810948,548105,34092,620,biscoito,010d28a9db,14.5034
84,4,100000,0.923168,0.810272,548109,34074,620,biscoito,1e25ee6abd,16.5349
84,5,100000,0.923224,0.810197,548192,34079,620,biscoito,4da72c93a4,16.7016
84,6,100000,0.923216,0.810261,548107,34082,620,biscoito,a42e850acc,14.9924
84,7,100000,0.923216,0.810261,548107,34082,620,biscoito,a42e850acc,14.9924
84,8,100000,0.923200,0.810960,548108,34071,620,biscoito,54e1dd759d,17.0774
84,9,100000,0.923216,0.810261,548107,34082,620,biscoito,a42e850acc,14.9924
84,10,100000,0.923216,0.810261,548107,34082,620,biscoito,a42e850acc,14.9924
84,11,100000,0.923216,0.810261,548107,34082,620,biscoito,a42e850acc,14.9924
84,12,100000,0.923132,0.810936,548148,34068,620,biscoito,502b616a17,16.7782
84,13,100000,0.923192,0.811558,548116,34064,620,biscoito,691b09a764,16.2934
84,14,100000,0.923160,0.811670,548107,34066,620,biscoito,1acfec859f,15.9213
84,15,100000,0.923176,0.811804,548194,34043,620,biscoito,b1e62d3f6c,15.4890
84,16,100000,0.923120,0.809737,548006,34057,620,biscoito,051a6baa50,15.7036
84,17,100000,0.923140,0.810246,548175,34070,620,biscoito,8c4f8869c0,15.8703
84,18,100000,0.923192,0.811511,548115,34079,620,biscoito,96ec4597ef,13.7883
84,19,100000,0.923148,0.810620,548116,34124,620,biscoito,b2b2356f15,15.6864
85,0,100000,0.923224,0.810197,548192,34079,620,biscoito,4da72c93a4,16.7016
85,1,100000,0.923216,0.810261,548107,34082,620,biscoito,a42e850acc,14.9924
85,2,100000,0.923216,0.810261,548107,34082,620,biscoito,a42e850acc,14.9924
85,3,100000,0.923216,0.810261,548107,34082,620,biscoito,a42e850acc,14.9924
85,4,100000,0.923216,0.810261,548107,34082,620,biscoito,a42e850acc,14.9924
85,5,100000,0.923216,0.810261,548107,34082,620,biscoito,a42e850acc,14.9924
85,6,100000,0.923240,0.809871,548152,34075,620,biscoito,5c952dbdcc,15.1909
85,7,100000,0.923232,0.810496,548133,34078,620,biscoito,3f68fe4fcb,15.1124
85,8,100000,0.923216,0.810261,548107,34082,620,biscoito,a42e850acc,14.9924
85,9,100000,0.923216,0.810261,548107,34082,620,biscoito,a42e850acc,14.9924
85,10,100000,0.923216,0.810261,548107,34082,620,biscoito,a42e850acc,14.9924
85,11,100000,0.923216,0.810261,548107,34082,620,biscoito,a42e850acc,14.9924
85,12,100000,0.923224,0.810197,548192,34079,620,biscoito,4da72c93a4,16.7016
85,13,100000,0.923224,0.810197,548192,34079,620,biscoito,4da72c93a4,16.7016
85,14,100000,0.923136,0.810318,548123,34037,620,biscoito,d97825c17c,15.6761
85,15,100000,0.923336,0.810910,548160,34117,620,biscoito,0bd7a9887e,16.4382
85,16,100000,0.923216,0.810261,548107,34082,620,biscoito,a42e850acc,14.9924
85,17,100000,0.923216,0.810261,548107,34082,620,biscoito,a42e850acc,14.9924
85,18,100000,0.923208,0.810678,548128,34086,620,biscoito,71e3030368,15.8275
85,19,100000,0.923264,0.809816,548178,34078,620,biscoito,8e9d24523f,15.6475
86,0,100000,0.923336,0.810910,548160,34117,620,biscoito,0bd7a9887e,16.4382
86,1,100000,0.923264,0.809816,548178,34078,620,biscoito,8e9d24523f,15.6475
86,2,100000,0.923224,0.810197,548192,34079,620,biscoito,4da72c93a4,16.7016
86,3,100000,0.923224,0.810197,548192,34079,620,biscoito,4da72c93a4,16.7016
86,4,100000,0.923296,0.810251,548190,34069,620,biscoito,6f775109dc,15.8691
86,5,100000,0.923260,0.810148,548198,34076,620,biscoito,96b635eb14,15.4178
86,6,100000,0.923224,0.810197,548192,34079,620,biscoito,4da72c93a4,16.7016
86,7,100000,0.923232,0.810496,548133,34078,620,biscoito,3f68fe4fcb,15.1124
86,8,100000,0.923240,0.809871,548152,34075,620,biscoito,5c952dbdcc,15.1909
86,9,100000,0.923336,0.810910,548160,34117,620,biscoito,0bd7a9887e,16.4382
86,10,100000,0.923228,0.810212,548145,34075,620,biscoito,775a9f430f,14.5995
86,11,100000,0.923212,0.810428,548193,34081,620,biscoito,bd9f1c45a8,15.0171
86,12,100000,0.923212,0.810162,548119,34083,620,biscoito,b0ea4926b9,16.9660
86,13,100000,0.923348,0.811058,548155,34116,620,biscoito,074b501920,14.4178
86,14,100000,0.923328,0.810445,548185,34102,620,biscoito,3de1a8b8ba,14.4963
86,15,100000,0.923212,0.810549,548080,34062,620,biscoito,29dca845c6,14.0770
86,16,100000,0.923228,0.810232,548202,34078,620,biscoito,73e64a98c9,14.5722
86,17,100000,0.922968,0.810597,548246,34116,620,biscoito,296d73996e,14.6948
86,18,100000,0.923324,0.811080,548152,34104,620,biscoito,057d404a7b,15.0128
86,19,100000,0.923132,0.809661,548142,34057,620,biscoito,bdabe30124,13.6650
87,0,100000,0.923348,0.811058,548155,34116,620,biscoito,074b501920,14.4178
87,1,100000,0.923336,0.810910,548160,34117,620,biscoito,0bd7a9887e,16.4382
87,2,100000,0.923240,0.809871,548152,34075,620,biscoito,5c952dbdcc,15.1909
87,3,100000,0.923232,0.810496,548133,34078,620,biscoito,3f68fe4fcb,15.1124
87,4,100000,0.923352,0.811105,548170,34111,620,biscoito,4d356ef352,15.3248
87,5,100000,0.922769,0.809673,548229,34122,619,biscoito,cd1f464693,16.6614
87,6,100000,0.923336,0.810910,548160,34117,620,biscoito,0bd7a9887e,16.4382
87,7,100000,0.923336,0.810910,548160,34117,620,biscoito,0bd7a9887e,16.4382
87,8,100000,0.923224,0.810197,548192,34079,620,biscoito,4da72c93a4,16.7016
87,9,100000,0.923260,0.810148,548198,34076,620,biscoito,96b635eb14,15.4178
87,10,100000,0.923320,0.811049,548171,34112,620,biscoito,8650211447,17.3774
87,11,100000,0.923324,0.810416,548181,34112,620,biscoito,9ee4480442,16.5541
87,12,100000,0.923344,0.811064,548169,34102,620,biscoito,e1fd944953,16.4173
87,13,100000,0.923368,0.811068,548141,34119,620,biscoito,fb1fe77ebe,14.3120
87,14,100000,0.923336,0.810910,548160,34117,620,biscoito,0bd7a9887e,16.4382
87,15,100000,0.923420,0.810328,548228,34034,620,biscoito,d70e70ef08,14.5581
87,16,100000,0.923212,0.810183,548195,34083,620,biscoito,8ad0403e4a,14.4917
87,17,100000,0.923272,0.809833,548185,34083,620,biscoito,c266678553,14.7972
87,18,100000,0.923324,0.810416,548199,34106,620,biscoito,44c4866c0e,15.4953
87,19,100000,0.923284,0.809828,548173,34075,620,biscoito,45dfbaa51a,15.0159
88,0,100000,0.923420,0.810328,548228,34034,620,biscoito,d70e70ef08,14.5581
88,1,100000,0.923368,0.811068,548141,34119,620,biscoito,fb1fe77ebe,14.3120
88,2,100000,0.923168,0.811864,548076,34136,621,biscoito,f0a7300a24,14.9422
88,3,100000,0.923336,0.810910,548160,34117,620,biscoito,0bd7a9887e,16.4382
88,4,100000,0.923288,0.810582,548238,34131,620,biscoito,3e35d91e97,14.1809
88,5,100000,0.923232,0.810348,548124,34097,620,biscoito,ea51bac30c,14.7484
88,6,100000,0.923412,0.811380,548163,34103,620,biscoito,e39705a777,15.3891
88,7,100000,0.923188,0.808972,548027,34081,620,biscoito,034e86a54b,16.3747
88,8,100000,0.923420,0.810328,548228,34034,620,biscoito,d70e70ef08,14.5581
88,9,100000,0.923324,0.810416,548199,34106,620,biscoito,44c4866c0e,15.4953
88,10,100000,0.923336,0.810910,548160,34117,620,biscoito,0bd7a9887e,16.4382
88,11,100000,0.923336,0.810910,548160,34117,620,biscoito,0bd7a9887e,16.4382
88,12,100000,0.923420,0.810328,548228,34034,620,biscoito,d70e70ef08,14.5581
88,13,100000,0.923308,0.810715,548353,34048,620,biscoito,5743562ee1,14.9671
88,14,100000,0.923332,0.811148,548210,34100,620,biscoito,783fa849ca,14.3269
88,15,100000,0.923384,0.810438,548169,34099,620,biscoito,c081555110,13.9967
88,16,100000,0.923336,0.810910,548160,34117,620,biscoito,0bd7a9887e,16.4382
88,17,100000,0.923336,0.810910,548160,34117,620,biscoito,0bd7a9887e,16.4382
88,18,100000,0.923192,0.810213,548201,34061,620,biscoito,2bce89cd95,14.7142
88,19,100000,0.923420,0.810945,548164,34086,620,biscoito,099fb22e04,14.1877
89,0,100000,0.923420,0.810328,548228,34034,620,biscoito,d70e70ef08,14.5581
89,1,100000,0.923420,0.810328,548228,34034,620,biscoito,d70e70ef08,14.5581
89,2,100000,0.923420,0.810328,548228,34034,620,biscoito,d70e70ef08,14.5581
89,3,100000,0.923420,0.810328,548228,34034,620,biscoito,d70e70ef08,14.5581
89,4,100000,0.923360,0.810909,548133,34116,620,biscoito,699581591c,14.1709
89,5,100000,0.923428,0.810472,548238,34036,620,biscoito,bea29f3bed,14.1402
89,6,100000,0.923100,0.811205,548228,34075,620,biscoito,2113222590,15.9570
89,7,100000,0.923424,0.810085,548148,34106,620,biscoito,ff8b974f27,13.8720
89,8,100000,0.923384,0.810866,548193,34092,620,biscoito,5439611536,14.1385
89,9,100000,0.923324,0.810885,548187,34124,620,biscoito,ce5aa28a40,13.9670
89,10,100000,0.923420,0.810328,548228,34034,620,biscoito,d70e70ef08,14.5581
89,11,100000,0.923420,0.810328,548228,34034,620,biscoito,d70e70ef08,14.5581
89,12,100000,0.923476,0.809305,548233,34035,620,biscoito,f412c37f40,15.1841
89,13,100000,0.923204,0.811342,548167,34078,620,biscoito,ef38692f9f,15.1577
89,14,100000,0.923308,0.810593,548185,34106,620,biscoito,c02439be3c,14.3462
89,15,100000,0.923344,0.810807,548195,34105,620,biscoito,4390ec9bbf,14.2134
89,16,100000,0.923384,0.810438,548169,34099,620,biscoito,c081555110,13.9967
89,17,100000,0.923384,0.810438,548169,34099,620,biscoito,c081555110,13.9967
89,18,100000,0.923412,0.811380,548163,34103,620,biscoito,e39705a777,15.3891
89,19,100000,0.923324,0.810416,548199,34106,620,biscoito,44c4866c0e,15.4953
90,0,100000,0.923476,0.809305,548233,34035,620,biscoito,f412c37f40,15.1841
90,1,100000,0.923428,0.810472,548238,34036,620,biscoito,bea29f3bed,14.1402
90,2,100000,0.923420,0.810328,548228,34034,620,biscoito,d70e70ef08,14.5581
90,3,100000,0.923420,0.810328,548228,34034,620,biscoito,d70e70ef08,14.5581
90,4,100000,0.923432,0.811387,548090,34083,620,biscoito,7b940e4574,15.8567
90,5,100000,0.923388,0.809488,548190,34060,620,biscoito,d396c7e113,15.3062
90,6,100000,0.923420,0.809821,548192,34077,620,biscoito,3ba678c865,14.1007
90,7,100000,0.923436,0.810685,548101,34053,620,biscoito,5623946236,15.6628
90,8,100000,0.923428,0.810472,548238,34036,620,biscoito,bea29f3bed,14.1402
90,9,100000,0.923428,0.810472,548238,34036,620,biscoito,bea29f3bed,14.1402
90,10,100000,0.923588,0.811137,548247,34083,620,biscoito,2a41770bf9,15.8514
90,11,100000,0.923200,0.810531,548169,34057,620,biscoito,622091126d,15.6720
90,12,100000,0.923412,0.810455,548171,34094,620,biscoito,bc978e67aa,14.3868
90,13,100000,0.923396,0.810316,548230,34037,620,biscoito,4a36010f3c,14.6379
90,14,100000,0.923476,0.810379,548197,34071,620,biscoito,06ba67a248,15.6903
90,15,100000,0.923304,0.810431,548186,34077,620,biscoito,3bcb27d996,14.5681
90,16,100000,0.923440,0.809972,548204,34045,620,biscoito,63f8ccb0a1,15.6858
90,17,100000,0.923184,0.810459,548154,34080,620,biscoito,e10db3c859,15.1789
90,18,100000,0.923412,0.811380,548163,34103,620,biscoito,e39705a777,15.3891
90,19,100000,0.923332,0.811307,548297,34044,620,biscoito,0af4643db1,14.5924
91,0,100000,0.923588,0.811137,548247,34083,620,biscoito,2a41770bf9,15.8514
91,1,100000,0.923476,0.809305,548233,34035,620,biscoito,f412c37f40,15.1841
91,2,100000,0.923428,0.810472,548238,34036,620,biscoito,bea29f3bed,14.1402
91,3,100000,0.923428,0.810472,548238,34036,620,biscoito,bea29f3bed,14.1402
91,4,100000,0.923484,0.810491,548206,34072,620,biscoito,f149c02625,15.3570
91,5,100000,0.923420,0.810330,548229,34035,620,biscoito,39afbe514b,15.0009
91,6,100000,0.923544,0.810942,548254,34078,620,biscoito,0682f96d3e,15.6619
91,7,100000,0.923432,0.810567,548224,34033,620,biscoito,2f65d15202,15.7971
91,8,100000,0.923488,0.810997,548109,34056,620,biscoito,40c55efd23,15.6997
91,9,100000,0.923380,0.810166,548232,34036,620,biscoito,f5c5710de7,15.9041
91,10,100000,0.923440,0.809972,548204,34045,620,biscoito,63f8ccb0a1,15.6858
91,11,100000,0.923420,0.810328,548228,34034,620,biscoito,d70e70ef08,14.5581
91,12,100000,0.923492,0.811384,548223,34080,620,biscoito,207e3aed02,16.2004
91,13,100000,0.923556,0.809685,548236,34051,620,biscoito,54607b043b,14.9694
91,14,100000,0.923336,0.810563,548132,34079,620,biscoito,492e806203,15.5173
91,15,100000,0.923220,0.810238,548159,34044,620,biscoito,597032924b,15.1865
91,16,100000,0.923428,0.809773,548203,34015,620,biscoito,3890dbeda7,16.3886
91,17,100000,0.923296,0.811015,548086,34072,620,biscoito,5d3cede2c9,15.2769
91,18,100000,0.923476,0.810073,548194,34005,620,biscoito,31396c94b3,15.8470
91,19,100000,0.923408,0.809537,548242,34067,620,biscoito,6691a1950e,14.8589
92,0,100000,0.923588,0.811137,548247,34083,620,biscoito,2a41770bf9,15.8514
92,1,100000,0.923556,0.809685,548236,34051,620,biscoito,54607b043b,14.9694
92,2,100000,0.923544,0.810942,548254,34078,620,biscoito,0682f96d3e,15.6619
92,3,100000,0.923488,0.810997,548109,34056,620,biscoito,40c55efd23,15.6997
92,4,100000,0.923488,0.810997,548109,34056,620,biscoito,40c55efd23,15.6997
92,5,100000,0.923556,0.809685,548236,34051,620,biscoito,54607b043b,14.9694
92,6,100000,0.923484,0.810491,548206,34072,620,biscoito,f149c02625,15.3570
92,7,100000,0.923484,0.810491,548206,34072,620,biscoito,f149c02625,15.3570
92,8,100000,0.923512,0.810151,548182,34063,620,biscoito,7fd4a8b31c,16.2758
92,9,100000,0.923584,0.811009,548264,34030,620,biscoito,3f15248ad5,15.5064
92,10,100000,0.923132,0.809192,548276,34007,620,biscoito,b81e6e567d,15.7753
92,11,100000,0.923496,0.810626,548253,34078,620,biscoito,48764c8886,15.3713
92,12,100000,0.923412,0.810243,548141,34092,619,biscoito,fcf5da1365,15.5514
92,13,100000,0.923584,0.810437,548171,34032,620,biscoito,5ac83e071b,15.2549
92,14,100000,0.923588,0.812486,548169,34097,620,biscoito,35e61141d5,18.8507
92,15,100000,0.923488,0.810997,548109,34056,620,biscoito,40c55efd23,15.6997
92,16,100000,0.923476,0.809320,548229,34033,620,biscoito,58132a90bd,16.6628
92,17,100000,0.923536,0.809667,548238,34052,620,biscoito,9356eab8fa,15.2832
92,18,100000,0.923560,0.811994,548284,34087,620,biscoito,6d503298a0,14.7999
92,19,100000,0.923504,0.810513,548193,34075,620,biscoito,a96cefbd09,14.9572
93,0,100000,0.923588,0.811137,548247,34083,620,biscoito,2a41770bf9,15.8514
93,1,100000,0.923588,0.812486,548169,34097,620,biscoito,35e61141d5,18.8507
93,2,100000,0.923184,0.809811,548179,34058,620,biscoito,efead3d008,15.7363
93,3,100000,0.923220,0.809553,548437,34018,620,biscoito,aa6d3009bd,15.0357
93,4,100000,0.923584,0.811009,548263,34030,620,biscoito,3989c90307,16.0468
93,5,100000,0.923544,0.810942,548252,34078,620,biscoito,73c0dd4218,17.5602
93,6,100000,0.923504,0.811137,548283,34068,620,biscoito,b44220268f,16.8986
93,7,100000,0.923412,0.810586,548276,34068,620,biscoito,1d55dcce4f,16.8941
93,8,100000,0.923560,0.809399,548192,34040,620,biscoito,51bb4ed4f4,16.0480
93,9,100000,0.923516,0.810697,548271,34037,620,biscoito,41c4851ef8,15.9763
93,10,100000,0.923468,0.810914,548115,34055,620,biscoito,790ceaba80,15.1449
93,11,100000,0.923584,0.811009,548270,34031,620,biscoito,dadaf993d3,15.1442
93,12,100000,0.923452,0.810676,548231,34066,619,biscoito,91a13b41c5,15.4924
93,13,100000,0.923651,0.811642,548184,34072,620,biscoito,e6032949ab,16.1592
93,14,100000,0.923612,0.812566,548165,34096,620,biscoito,fbf604b062,15.0663
93,15,100000,0.923544,0.811932,548284,34089,620,biscoito,0e49bcec79,15.2298
93,16,100000,0.923560,0.811994,548284,34087,620,biscoito,6d503298a0,14.7999
93,17,100000,0.923560,0.811994,548284,34087,620,biscoito,6d503298a0,14.7999
93,18,100000,0.923584,0.811140,548255,34083,620,biscoito,149e1631ec,15.4971
93,19,100000,0.923576,0.810409,548168,34028,620,biscoito,f3281e4d35,16.1185
94,0,100000,0.923651,0.811642,548184,34072,620,biscoito,e6032949ab,16.1592
94,1,100000,0.923612,0.812566,548165,34096,620,biscoito,fbf604b062,15.0663
94,2,100000,0.923536,0.812690,548168,34103,620,biscoito,189247e75e,15.1501
94,3,100000,0.923556,0.811568,548137,34052,620,biscoito,e9a21cbd00,15.7390
94,4,100000,0.923643,0.812596,548190,34096,620,biscoito,bbfddaaba9,15.7245
94,5,100000,0.923460,0.810967,548259,34064,620,biscoito,7876313b19,15.7266
94,6,100000,0.923560,0.811066,548242,34084,620,biscoito,f0696462f7,15.4014
94,7,100000,0.923568,0.811138,548247,34085,620,biscoito,6d6accf1a4,15.3963
94,8,100000,0.923488,0.812468,548135,34100,620,biscoito,c19556ce2e,15.7238
94,9,100000,0.923691,0.811199,548247,34074,620,biscoito,f2e0465138,15.1601
94,10,100000,0.923596,0.811026,548124,34032,620,biscoito,1c4e491364,15.2237
94,11,100000,0.923600,0.812578,548186,34092,620,biscoito,1426a0bc69,14.5246
94,12,100000,0.923624,0.811770,548312,34081,620,biscoito,4bd5b86344,14.6108
94,13,100000,0.923540,0.809614,548165,34053,620,biscoito,2d5678af2f,15.0938
94,14,100000,0.923548,0.811712,548335,34100,620,biscoito,356fba21e2,15.0355
94,15,100000,0.923524,0.811677,548088,34077,620,biscoito,0e895f146a,14.9643
94,16,100000,0.923540,0.812423,548194,34106,620,biscoito,db7e20f163,14.7198
94,17,100000,0.923484,0.811432,548131,34070,620,biscoito,b95d2cd8db,15.5274
94,18,100000,0.923628,0.811904,548278,34066,620,biscoito,f945e59d6f,15.3421
94,19,100000,0.923540,0.811738,548151,34068,620,biscoito,f36f46f12a,13.8204
95,0,100000,0.923691,0.811199,548247,34074,620,biscoito,f2e0465138,15.1601
95,1,100000,0.923651,0.811642,548184,34072,620,biscoito,e6032949ab,16.1592
95,2,100000,0.923691,0.811199,548247,34074,620,biscoito,f2e0465138,15.1601
95,3,100000,0.923691,0.811199,548247,34074,620,biscoito,f2e0465138,15.1601
95,4,100000,0.923604,0.812250,548191,34103,620,biscoito,38eef87346,16.2030
95,5,100000,0.923608,0.811474,548206,34081,620,biscoito,bdb1dd078b,14.6797
95,6,100000,0.923560,0.811066,548242,34084,620,biscoito,f0696462f7,15.4014
95,7,100000,0.923691,0.811199,548247,34074,620,biscoito,f2e0465138,15.1601
95,8,100000,0.923691,0.811199,548247,34074,620,biscoito,f2e0465138,15.1601
95,9,100000,0.923651,0.811642,548184,34072,620,biscoito,e6032949ab,16.1592
95,10,100000,0.923691,0.811199,548247,34074,620,biscoito,f2e0465138,15.1601
95,11,100000,0.923691,0.811199,548247,34074,620,biscoito,f2e0465138,15.1601
95,12,100000,0.923624,0.811770,548312,34081,620,biscoito,4bd5b86344,14.6108
95,13,100000,0.923596,0.811026,548124,34032,620,biscoito,1c4e491364,15.2237
95,14,100000,0.923612,0.812566,548165,34096,620,biscoito,fbf604b062,15.0663
95,15,100000,0.923643,0.812596,548190,34096,620,biscoito,bbfddaaba9,15.7245
95,16,100000,0.923659,0.811277,548272,34058,620,biscoito,e91cee03ce,15.2246
95,17,100000,0.923540,0.812218,548249,34080,620,biscoito,4d2c34ef85,15.1897
95,18,100000,0.923643,0.812596,548190,34096,620,biscoito,bbfddaaba9,15.7245
95,19,100000,0.923600,0.812578,548186,34092,620,biscoito,1426a0bc69,14.5246
96,0,100000,0.923691,0.811199,548247,34074,620,biscoito,f2e0465138,15.1601
96,1,100000,0.923691,0.811199,548247,34074,620,biscoito,f2e0465138,15.1601
96,2,100000,0.923679,0.811182,548256,34070,620,biscoito,5f81ae0a18,15.8828
96,3,100000,0.923643,0.811636,548184,34077,620,biscoito,0720662142,15.2138
96,4,100000,0.923691,0.811199,548247,34074,620,biscoito,f2e0465138,15.1601
96,5,100000,0.923691,0.811199,548247,34074,620,biscoito,f2e0465138,15.1601
96,6,100000,0.923695,0.811755,548208,34067,620,biscoito,9cbec0eca5,15.4155
96,7,100000,0.923691,0.811178,548236,34072,620,biscoito,849472462d,16.3591
96,8,100000,0.923691,0.811199,548247,34074,620,biscoito,f2e0465138,15.1601
96,9,100000,0.923272,0.810560,548184,34076,620,biscoito,92269a518f,15.4100
96,10,100000,0.923691,0.811199,548247,34074,620,biscoito,f2e0465138,15.1601
96,11,100000,0.923691,0.811199,548247,34074,620,biscoito,f2e0465138,15.1601
96,12,100000,0.923691,0.811199,548247,34074,620,biscoito,f2e0465138,15.1601
96,13,100000,0.923691,0.811199,548247,34074,620,biscoito,f2e0465138,15.1601
96,14,100000,0.923631,0.811278,548275,34074,620,biscoito,868bdee7b5,15.9711
96,15,100000,0.923719,0.811277,548257,34077,620,biscoito,5750d0fc74,15.8451
96,16,100000,0.923691,0.811199,548247,34074,620,biscoito,f2e0465138,15.1601
96,17,100000,0.923691,0.811199,548247,34074,620,biscoito,f2e0465138,15.1601
96,18,100000,0.923691,0.811199,548247,34074,620,biscoito,f2e0465138,15.1601
96,19,100000,0.923691,0.811199,548247,34074,620,biscoito,f2e0465138,15.1601
97,0,100000,0.923719,0.811277,548257,34077,620,biscoito,5750d0fc74,15.8451
97,1,100000,0.923695,0.811755,548208,34067,620,biscoito,9cbec0eca5,15.4155
97,2,100000,0.923719,0.811277,548257,34077,620,biscoito,5750d0fc74,15.8451
97,3,100000,0.923639,0.811699,548117,34079,620,biscoito,4f6a8f3d7e,15.8333
97,4,100000,0.923683,0.811751,548211,34067,620,biscoito,951ff85a3b,15.3705
97,5,100000,0.923464,0.809656,548205,34063,620,biscoito,4fd33fc222,15.5405
97,6,100000,0.923691,0.811199,548247,34074,620,biscoito,f2e0465138,15.1601
97,7,100000,0.923691,0.811199,548247,34074,620,biscoito,f2e0465138,15.1601
97,8,100000,0.923400,0.811382,548230,34072,620,biscoito,0d13fca66f,15.6183
97,9,100000,0.923699,0.811161,548231,34073,620,biscoito,c01d50cda3,15.6436
97,10,100000,0.923691,0.811199,548247,34074,620,biscoito,f2e0465138,15.1601
97,11,100000,0.923691,0.811178,548236,34072,620,biscoito,849472462d,16.3591
97,12,100000,0.923691,0.811199,548247,34074,620,biscoito,f2e0465138,15.1601
97,13,100000,0.923719,0.811277,548257,34077,620,biscoito,5750d0fc74,15.8451
97,14,100000,0.923691,0.811779,548238,34058,620,biscoito,673afa7c84,16.1586
97,15,100000,0.923731,0.811278,548247,34079,620,biscoito,c724c76c2f,17.7513
97,16,100000,0.923691,0.811199,548247,34074,620,biscoito,f2e0465138,15.1601
97,17,100000,0.923691,0.811199,548247,34074,620,biscoito,f2e0465138,15.1601
97,18,100000,0.923699,0.811270,548213,34072,620,biscoito,15a943d7bd,18.1519
97,19,100000,0.923727,0.811241,548257,34076,620,biscoito,68113549d1,14.9200
98,0,100000,0.923731,0.811278,548247,34079,620,biscoito,c724c76c2f,17.7513
98,1,100000,0.923727,0.811241,548257,34076,620,biscoito,68113549d1,14.9200
98,2,100000,0.923719,0.811277,548257,34077,620,biscoito,5750d0fc74,15.8451
98,3,100000,0.923719,0.811277,548257,34077,620,biscoito,5750d0fc74,15.8451
98,4,100000,0.923735,0.811278,548248,34081,620,biscoito,256cc958f3,17.0443
98,5,100000,0.923703,0.811268,548256,34075,620,biscoito,1aecaf1346,16.0729
98,6,100000,0.923719,0.811277,548257,34077,620,biscoito,5750d0fc74,15.8451
98,7,100000,0.923691,0.811199,548247,34074,620,biscoito,f2e0465138,15.1601
98,8,100000,0.923719,0.811311,548212,34074,620,biscoito,99dc8a0899,16.3929
98,9,100000,0.923488,0.811190,548278,34067,620,biscoito,54c9e7c2ef,15.4575
98,10,100000,0.923719,0.811788,548231,34065,620,biscoito,6ac997b0c5,15.9403
98,11,100000,0.923635,0.811193,548165,34112,620,biscoito,1c8c96e340,17.1987
98,12,100000,0.923691,0.811199,548247,34074,620,biscoito,f2e0465138,15.1601
98,13,100000,0.923719,0.811277,548257,34077,620,biscoito,5750d0fc74,15.8451
98,14,100000,0.923691,0.811251,548241,34075,620,biscoito,5a07ff5eb7,15.2689
98,15,100000,0.923731,0.811285,548227,34072,620,biscoito,d26e2adca8,16.0724
98,16,100000,0.923695,0.811755,548208,34067,620,biscoito,9cbec0eca5,15.4155
98,17,100000,0.923731,0.811278,548247,34079,620,biscoito,c724c76c2f,17.7513
98,18,100000,0.923719,0.811277,548257,34077,620,biscoito,5750d0fc74,15.8451
98,19,100000,0.923719,0.811277,548257,34077,620,biscoito,5750d0fc74,15.8451
99,0,100000,0.923735,0.811278,548248,34081,620,biscoito,256cc958f3,17.0443
99,1,100000,0.923731,0.811278,548247,34079,620,biscoito,c724c76c2f,17.7513
99,2,100000,0.923731,0.811310,548238,34070,620,biscoito,5f09e9609b,15.2695
99,3,100000,0.923727,0.811271,548243,34079,620,biscoito,8486b3176b,17.0791
99,4,100000,0.923743,0.811266,548272,34084,620,biscoito,90e76b7f1a,15.6569
99,5,100000,0.923743,0.812021,548221,34072,620,biscoito,965325edd5,16.6609
99,6,100000,0.923580,0.810840,548137,34067,620,biscoito,3468957517,17.5679
99,7,100000,0.923731,0.811285,548227,34072,620,biscoito,d26e2adca8,16.0724
99,8,100000,0.923763,0.812135,548412,34064,620,biscoito,309e17bb02,16.0541
99,9,100000,0.923727,0.811273,548250,34082,620,biscoito,15df8afd0b,16.4936
99,10,100000,0.923719,0.811277,548257,34077,620,biscoito,5750d0fc74,15.8451
99,11,100000,0.923719,0.811277,548257,34077,620,biscoito,5750d0fc74,15.8451
99,12,100000,0.923699,0.811281,548221,34068,620,biscoito,fc16c864fc,14.9407
99,13,100000,0.923723,0.811297,548233,34077,620,biscoito,6c3d80b1b3,16.7350
99,14,100000,0.923707,0.811040,548217,34066,620,biscoito,49b8a575fd,15.5352
99,15,100000,0.923715,0.811287,548257,34076,620,biscoito,79617543f7,16.2570
99,16,100000,0.923719,0.811277,548257,34077,620,biscoito,5750d0fc74,15.8451
99,17,100000,0.923448,0.808912,548259,34083,619,biscoito,dfb763cd3b,14.9727
99,18,100000,0.923791,0.812063,548182,34063,620,biscoito,556833d8c3,17.0575
99,19,100000,0.923372,0.811253,548298,34069,620,biscoito,a9e2dd0e89,15.6400
100,0,100000,0.923791,0.812063,548182,34063,620,biscoito,556833d8c3,17.0575
100,1,100000,0.923763,0.812135,548412,34064,620,biscoito,309e17bb02,16.0541
100,2,100000,0.923751,0.811332,548207,34070,620,biscoito,19232570b2,16.7836
100,3,100000,0.923803,0.812038,548228,34073,620,biscoito,92790ca74c,16.5453
100,4,100000,0.923763,0.812135,548412,34064,620,biscoito,309e17bb02,16.0541
100,5,100000,0.923743,0.812021,548221,34072,620,biscoito,965325edd5,16.6609
100,6,100000,0.923655,0.811618,548298,34063,620,biscoito,180abcdfbf,15.4203
100,7,100000,0.923823,0.811666,548381,34081,620,biscoito,71df03eb70,16.6602
100,8,100000,0.923731,0.811267,548249,34079,620,biscoito,08f2d25355,19.8540
100,9,100000,0.923747,0.811278,548271,34086,620,biscoito,900010b1a5,17.0570
100,10,100000,0.923723,0.811839,548265,34074,620,biscoito,b8b8b70b5e,16.3196
100,11,100000,0.923747,0.811312,548283,34080,620,biscoito,4a29b227a8,16.5557
100,12,100000,0.923739,0.811321,548269,34084,620,biscoito,cf97229c33,16.7857
100,13,100000,0.923727,0.811953,548232,34069,620,biscoito,79f2803a74,15.6613
100,14,100000,0.923763,0.812135,548412,34064,620,biscoito,309e17bb02,16.0541
100,15,100000,0.923727,0.811271,548243,34079,620,biscoito,8486b3176b,17.0791
100,16,100000,0.923719,0.811277,548257,34077,620,biscoito,5750d0fc74,15.8451
100,17,100000,0.923731,0.811310,548238,34070,620,biscoito,5f09e9609b,15.2695
100,18,100000,0.923763,0.812135,548412,34064,620,biscoito,309e17bb02,16.0541
100,19,100000,0.923763,0.812135,548412,34064,620,biscoito,309e17bb02,16.0541
