generation,individual_id,l0_size,accuracy_on_full,f1_macro_on_full,num_tokens,num_distinct_tokens,num_classes_in_l0,most_frequent_class_in_l0,l0_indices_hash,fitness_calc_time_sec
1,0,5000,0.725908,0.367863,27543,6888,422,biscoito,55e6f120c2,23.9859
1,1,5000,0.731468,0.375937,27425,6918,435,biscoito,1290f985e6,26.6171
1,2,5000,0.731360,0.363774,27405,6950,420,biscoito,971cbc3c95,23.0825
1,3,5000,0.723879,0.364799,27371,6894,433,biscoito,31ef111977,23.9292
1,4,5000,0.723036,0.365465,27499,6958,433,biscoito,f42bd26d88,32.7735
1,5,5000,0.729195,0.373230,27538,6940,433,biscoito,c337d99700,30.5757
1,6,5000,0.730781,0.365496,27502,6960,436,biscoito,8e37909771,27.1933
1,7,5000,0.725565,0.381444,27550,6980,434,biscoito,a7d945fb59,28.8389
1,8,5000,0.725800,0.369525,27412,6896,434,biscoito,bb4639ced4,33.4723
1,9,5000,0.725457,0.365416,27562,7036,432,biscoito,82d4173365,29.9507
1,10,5000,0.720760,0.361027,27298,6988,426,biscoito,b752d578bd,30.9255
1,11,5000,0.734847,0.388260,27416,6971,447,biscoito,8b947c4a81,30.5284
1,12,5000,0.728317,0.364807,27440,7065,432,biscoito,c3e5a8ab21,22.7310
1,13,5000,0.727326,0.366022,27325,7015,429,biscoito,c93fc173a9,32.2829
1,14,5000,0.723691,0.366656,27402,6910,432,biscoito,961eb88f8c,26.6847
1,15,5000,0.734831,0.377244,27420,6939,440,biscoito,9c96141e59,28.3344
1,16,5000,0.726819,0.365174,27457,6954,425,biscoito,1c2929da76,24.7004
1,17,5000,0.723408,0.373272,27219,7096,429,biscoito,0590b874e4,24.3123
1,18,5000,0.726835,0.369487,27396,6954,432,biscoito,fd91067185,23.8171
1,19,5000,0.726899,0.364578,27451,7010,431,biscoito,1142886ed6,25.8509
2,0,5000,0.734847,0.388260,27416,6971,447,biscoito,8b947c4a81,30.5284
2,5,5000,0.731360,0.363774,27405,6950,420,biscoito,971cbc3c95,23.0825
2,6,5000,0.730781,0.365496,27502,6960,436,biscoito,8e37909771,27.1933
2,11,5000,0.734847,0.388260,27416,6971,447,biscoito,8b947c4a81,30.5284
2,12,5000,0.734847,0.388260,27416,6971,447,biscoito,8b947c4a81,30.5284
2,1,5000,0.726991,0.367329,27384,6905,434,biscoito,e58ea1bc68,23.8349
2,2,5000,0.727402,0.370234,27446,6943,438,biscoito,bd4134877c,23.7983
2,3,5000,0.735378,0.374957,27486,7016,434,biscoito,2724d6a074,32.1468
2,4,5000,0.724810,0.366929,27369,6949,420,biscoito,38cda1d4f4,24.1778
2,7,5000,0.725665,0.363964,27512,6909,423,biscoito,21a6948b49,27.1097
2,8,5000,0.725441,0.373018,27469,7009,437,biscoito,31ccd60eab,40.7348
2,9,5000,0.726108,0.361353,27428,6960,423,biscoito,cf48d40476,40.1592
2,10,5000,0.730525,0.369494,27422,7078,434,biscoito,7908c42a19,23.1567
2,13,5000,0.726272,0.362538,27483,6934,441,biscoito,5a7ebd23d6,28.4869
2,14,5000,0.734268,0.376919,27395,6985,434,biscoito,ab86e759ca,30.5724
2,15,5000,0.727598,0.372829,27450,7016,438,biscoito,8fbe81dda8,34.1788
2,16,5000,0.730629,0.380307,27417,7008,438,biscoito,b5b5393836,24.6590
2,17,5000,0.730434,0.368845,27361,6930,436,biscoito,3e332c9fa1,23.8914
2,18,5000,0.724522,0.367656,27344,7060,427,biscoito,214fea2843,29.4444
2,19,5000,0.727726,0.373971,27375,6972,434,biscoito,7639b5a77f,23.4522
3,0,5000,0.735378,0.374957,27486,7016,434,biscoito,2724d6a074,32.1468
3,1,5000,0.735378,0.374957,27486,7016,434,biscoito,2724d6a074,32.1468
3,2,5000,0.727402,0.370234,27446,6943,438,biscoito,bd4134877c,23.7983
3,3,5000,0.727258,0.375859,27413,6950,438,biscoito,6f50bbf8c8,26.7442
3,4,5000,0.727897,0.365886,27392,6972,428,biscoito,7c14829a10,25.0079
3,5,5000,0.726044,0.357285,27508,6966,426,biscoito,264ca437d1,47.2134
3,6,5000,0.725249,0.381785,27314,6914,439,biscoito,4924c44a91,41.2916
3,7,5000,0.731324,0.375416,27453,6913,435,biscoito,ebef7cd75d,25.5543
3,8,5000,0.726623,0.378682,27432,6997,449,biscoito,e16bfc154f,34.5989
3,9,5000,0.723675,0.366201,27378,6934,429,biscoito,9ee870c97a,27.3278
3,10,5000,0.730346,0.377007,27475,7003,441,biscoito,2ac30334c4,32.2406
3,11,5000,0.726368,0.381347,27418,6964,447,biscoito,19acee17af,39.3202
3,12,5000,0.729735,0.379304,27383,6976,441,biscoito,6e725c8edc,30.6852
3,13,5000,0.732483,0.376348,27334,6956,435,biscoito,72b2e9f0c4,39.3281
3,14,5000,0.726252,0.374784,27462,6964,439,biscoito,539dd25a0f,37.9133
3,15,5000,0.727406,0.373867,27577,7065,443,biscoito,5e7aff974a,28.0537
3,16,5000,0.730046,0.375931,27326,6875,434,biscoito,45e2c791d4,28.5681
3,17,5000,0.728552,0.367502,27521,6861,436,biscoito,1cb769b5cf,29.6262
3,18,5000,0.717624,0.368164,27327,6986,438,biscoito,ec3264cc8a,28.8680
3,19,5000,0.728125,0.369538,27576,6898,434,biscoito,def896eb01,28.9389
4,0,5000,0.735378,0.374957,27486,7016,434,biscoito,2724d6a074,32.1468
4,1,5000,0.730346,0.377007,27475,7003,441,biscoito,2ac30334c4,32.2406
4,2,5000,0.730346,0.377007,27475,7003,441,biscoito,2ac30334c4,32.2406
4,3,5000,0.732483,0.376348,27334,6956,435,biscoito,72b2e9f0c4,39.3281
4,4,5000,0.728125,0.369538,27576,6898,434,biscoito,def896eb01,28.9389
4,5,5000,0.732483,0.376348,27334,6956,435,biscoito,72b2e9f0c4,39.3281
4,6,5000,0.732483,0.376348,27334,6956,435,biscoito,72b2e9f0c4,39.3281
4,7,5000,0.726228,0.371468,27594,7006,433,biscoito,2f66f3e3e1,36.8660
4,8,5000,0.725493,0.359137,27403,6963,427,biscoito,049a7f46df,29.6530
4,9,5000,0.732870,0.378175,27323,6880,433,biscoito,df7b8c00cb,26.2889
4,10,5000,0.729535,0.373350,27482,7012,435,biscoito,e0c8ae2052,38.0687
4,11,5000,0.726467,0.380123,27518,6969,443,biscoito,9206246ff3,39.4939
4,12,5000,0.727310,0.372457,27346,6956,435,biscoito,de06fe8786,38.8487
4,13,5000,0.732155,0.365641,27491,6824,440,biscoito,05d6ec243f,37.9007
4,14,5000,0.730945,0.373128,27492,6928,433,biscoito,cb686d2c5e,33.4198
4,15,5000,0.729858,0.374937,27432,6939,436,biscoito,f204d3e917,31.1279
4,16,5000,0.725700,0.373349,27598,7041,438,biscoito,7bedc90f74,30.3342
4,17,5000,0.724091,0.367571,27348,6955,431,biscoito,02ab5bd3f6,28.0766
4,18,5000,0.737391,0.371814,27468,7000,438,biscoito,7d468c058b,26.5211
4,19,5000,0.727562,0.369645,27539,6957,426,biscoito,db7d51504f,26.9541
5,0,5000,0.737391,0.371814,27468,7000,438,biscoito,7d468c058b,26.5211
5,7,5000,0.728125,0.369538,27576,6898,434,biscoito,def896eb01,28.9389
5,8,5000,0.732483,0.376348,27334,6956,435,biscoito,72b2e9f0c4,39.3281
5,15,5000,0.730346,0.377007,27475,7003,441,biscoito,2ac30334c4,32.2406
5,16,5000,0.730346,0.377007,27475,7003,441,biscoito,2ac30334c4,32.2406
5,19,5000,0.732483,0.376348,27334,6956,435,biscoito,72b2e9f0c4,39.3281
5,1,5000,0.729123,0.368560,27424,6976,435,biscoito,a040e217ab,23.3839
5,2,5000,0.735630,0.369684,27532,7050,431,biscoito,d6605885fc,22.0469
5,3,5000,0.732538,0.368786,27280,6969,434,biscoito,dd929c9bdd,25.2133
5,4,5000,0.728421,0.373042,27544,7038,434,biscoito,922821be03,35.1964
5,5,5000,0.729263,0.373172,27409,6955,439,biscoito,395631b1d3,29.8151
5,6,5000,0.726056,0.369538,27492,6947,437,biscoito,fefe8082b2,32.0504
5,9,5000,0.730230,0.363859,27475,6837,438,biscoito,caf8b0ab32,34.1277
5,10,5000,0.729064,0.375976,27346,6950,435,biscoito,56ea7f27b2,26.0498
5,11,5000,0.735738,0.376921,27291,6952,438,biscoito,0f863660c8,29.5875
5,12,5000,0.728085,0.370123,27356,7007,433,biscoito,0200ed07a5,25.8938
5,13,5000,0.727877,0.375550,27469,6917,438,biscoito,c05988e7f2,27.6751
5,14,5000,0.727043,0.365590,27480,7074,434,biscoito,e1b07d2c4c,27.4416
5,17,5000,0.728313,0.378784,27390,6958,435,biscoito,d1391f9049,24.6717
5,18,5000,0.725537,0.370833,27418,6978,437,biscoito,6226eec955,24.6682
6,0,5000,0.737391,0.371814,27468,7000,438,biscoito,7d468c058b,26.5211
6,5,5000,0.737391,0.371814,27468,7000,438,biscoito,7d468c058b,26.5211
6,6,5000,0.737391,0.371814,27468,7000,438,biscoito,7d468c058b,26.5211
6,11,5000,0.735738,0.376921,27291,6952,438,biscoito,0f863660c8,29.5875
6,12,5000,0.735738,0.376921,27291,6952,438,biscoito,0f863660c8,29.5875
6,13,5000,0.735738,0.376921,27291,6952,438,biscoito,0f863660c8,29.5875
6,14,5000,0.729263,0.373172,27409,6955,439,biscoito,395631b1d3,29.8151
6,19,5000,0.732483,0.376348,27334,6956,435,biscoito,72b2e9f0c4,39.3281
6,1,5000,0.731448,0.379737,27332,6933,443,biscoito,f9d798a498,32.6911
6,2,5000,0.728365,0.369289,27472,6996,436,biscoito,af5eb32f50,40.7239
6,3,5000,0.729938,0.373242,27339,6961,435,biscoito,90a100077c,49.7743
6,4,5000,0.733325,0.380441,27287,6948,438,biscoito,8f1e9f68f3,38.5415
6,7,5000,0.733725,0.374970,27332,6906,440,biscoito,23b1fe51e1,42.8716
6,8,5000,0.732047,0.369661,27428,7009,432,biscoito,a543b8ef4a,48.2034
6,9,5000,0.734452,0.368756,27677,7069,432,biscoito,32dad39a8b,48.6329
6,10,5000,0.725712,0.370665,27265,6828,428,biscoito,7951a031cd,47.9280
6,15,5000,0.727442,0.375056,27429,6960,436,biscoito,4efb79c06c,32.3822
6,16,5000,0.729379,0.377269,27383,6965,439,biscoito,7155aa0f18,33.6155
6,17,5000,0.729115,0.373785,27456,6919,438,biscoito,7a10b0a438,32.2194
6,18,5000,0.733789,0.366003,27482,7032,434,biscoito,941826c1b9,30.3272
7,0,5000,0.737391,0.371814,27468,7000,438,biscoito,7d468c058b,26.5211
7,5,5000,0.735738,0.376921,27291,6952,438,biscoito,0f863660c8,29.5875
7,6,5000,0.735738,0.376921,27291,6952,438,biscoito,0f863660c8,29.5875
7,7,5000,0.737391,0.371814,27468,7000,438,biscoito,7d468c058b,26.5211
7,8,5000,0.735738,0.376921,27291,6952,438,biscoito,0f863660c8,29.5875
7,9,5000,0.737391,0.371814,27468,7000,438,biscoito,7d468c058b,26.5211
7,10,5000,0.737391,0.371814,27468,7000,438,biscoito,7d468c058b,26.5211
7,17,5000,0.737391,0.371814,27468,7000,438,biscoito,7d468c058b,26.5211
7,18,5000,0.737391,0.371814,27468,7000,438,biscoito,7d468c058b,26.5211
7,19,5000,0.735738,0.376921,27291,6952,438,biscoito,0f863660c8,29.5875
7,1,5000,0.730829,0.370772,27449,6993,438,biscoito,7d6cdeb687,29.7332
7,2,5000,0.722717,0.365261,27687,7079,433,biscoito,874ba5ceb2,29.1955
7,3,5000,0.730873,0.368055,27491,7004,439,biscoito,218d601127,29.7503
7,4,5000,0.724998,0.368184,27654,7058,434,biscoito,abc757b3a0,28.2229
7,11,5000,0.730985,0.366879,27662,6969,429,biscoito,4fc8169cff,27.4150
7,12,5000,0.731943,0.367965,27510,7010,433,biscoito,2f36b7149a,29.2723
7,13,5000,0.727658,0.372144,27441,6934,439,biscoito,66e5d3b1d9,28.5419
7,14,5000,0.728696,0.373763,27474,6993,438,biscoito,0776ae50e3,28.7205
7,15,5000,0.736764,0.374479,27460,6989,442,biscoito,3cd8bc08f2,21.1849
7,16,5000,0.724259,0.363475,27441,6939,426,biscoito,361169c0cc,21.6843
8,0,5000,0.737391,0.371814,27468,7000,438,biscoito,7d468c058b,26.5211
8,1,5000,0.737391,0.371814,27468,7000,438,biscoito,7d468c058b,26.5211
8,2,5000,0.737391,0.371814,27468,7000,438,biscoito,7d468c058b,26.5211
8,3,5000,0.730873,0.368055,27491,7004,439,biscoito,218d601127,29.7503
8,5,5000,0.737391,0.371814,27468,7000,438,biscoito,7d468c058b,26.5211
8,6,5000,0.737391,0.371814,27468,7000,438,biscoito,7d468c058b,26.5211
8,7,5000,0.737391,0.371814,27468,7000,438,biscoito,7d468c058b,26.5211
8,8,5000,0.737391,0.371814,27468,7000,438,biscoito,7d468c058b,26.5211
8,9,5000,0.737391,0.371814,27468,7000,438,biscoito,7d468c058b,26.5211
8,10,5000,0.737391,0.371814,27468,7000,438,biscoito,7d468c058b,26.5211
8,15,5000,0.737391,0.371814,27468,7000,438,biscoito,7d468c058b,26.5211
8,16,5000,0.730985,0.366879,27662,6969,429,biscoito,4fc8169cff,27.4150
8,4,5000,0.727757,0.368932,27500,7016,441,biscoito,41d83b8bbc,27.1689
8,11,5000,0.729171,0.368698,27398,7000,435,biscoito,9b82ce0f34,28.5199
8,12,5000,0.735993,0.381510,27361,6923,442,biscoito,3a3ed34d73,28.5595
8,13,5000,0.734767,0.373132,27501,7029,437,biscoito,019b9aae9e,26.8836
8,14,5000,0.739037,0.379180,27244,6939,436,biscoito,cbf95751c0,27.7878
8,17,5000,0.730366,0.370467,27469,6996,437,biscoito,0ae406f221,28.3166
8,18,5000,0.737312,0.379709,27452,6988,441,biscoito,07c382ac1f,25.1309
8,19,5000,0.734272,0.372500,27482,7006,438,biscoito,26145818b0,27.2929
9,0,5000,0.739037,0.379180,27244,6939,436,biscoito,cbf95751c0,27.7878
9,6,5000,0.737391,0.371814,27468,7000,438,biscoito,7d468c058b,26.5211
9,9,5000,0.737391,0.371814,27468,7000,438,biscoito,7d468c058b,26.5211
9,10,5000,0.737391,0.371814,27468,7000,438,biscoito,7d468c058b,26.5211
9,15,5000,0.737391,0.371814,27468,7000,438,biscoito,7d468c058b,26.5211
9,16,5000,0.737391,0.371814,27468,7000,438,biscoito,7d468c058b,26.5211
9,1,5000,0.725169,0.362806,27457,6991,430,biscoito,2a482a17c8,38.6726
9,2,5000,0.736093,0.380886,27255,6879,445,biscoito,101c1ddab4,37.8927
9,3,5000,0.732814,0.382317,27270,6906,452,biscoito,5d58e881ec,37.6009
9,4,5000,0.726683,0.365390,27423,7000,431,biscoito,97bed63889,40.5314
9,5,5000,0.735302,0.373504,27445,7030,440,biscoito,f4a1ca5ae5,37.1280
9,7,5000,0.732135,0.370081,27409,6966,441,biscoito,5532262004,41.9468
9,8,5000,0.731025,0.374900,27300,6952,439,biscoito,c206431734,37.1035
9,11,5000,0.734659,0.373999,27516,6979,442,biscoito,753d3a2d11,43.0462
9,12,5000,0.727402,0.368061,27635,6972,434,biscoito,b8a10aa4ef,39.4357
9,13,5000,0.736868,0.375628,27447,6972,439,biscoito,b215f725e1,34.7627
9,14,5000,0.732970,0.378191,27272,6950,439,biscoito,d4192c35b6,32.6121
9,17,5000,0.733681,0.372583,27467,6987,437,biscoito,884392f5f7,36.8095
9,18,5000,0.729739,0.372915,27500,7011,437,biscoito,aeee8ff366,34.3702
9,19,5000,0.735247,0.376012,27455,7018,441,biscoito,230694813c,34.1494
10,0,5000,0.739037,0.379180,27244,6939,436,biscoito,cbf95751c0,27.7878
10,3,5000,0.734659,0.373999,27516,6979,442,biscoito,753d3a2d11,43.0462
10,4,5000,0.737391,0.371814,27468,7000,438,biscoito,7d468c058b,26.5211
10,5,5000,0.739037,0.379180,27244,6939,436,biscoito,cbf95751c0,27.7878
10,6,5000,0.737391,0.371814,27468,7000,438,biscoito,7d468c058b,26.5211
10,8,5000,0.737391,0.371814,27468,7000,438,biscoito,7d468c058b,26.5211
10,10,5000,0.737391,0.371814,27468,7000,438,biscoito,7d468c058b,26.5211
10,12,5000,0.737391,0.371814,27468,7000,438,biscoito,7d468c058b,26.5211
10,14,5000,0.737391,0.371814,27468,7000,438,biscoito,7d468c058b,26.5211
10,15,5000,0.737391,0.371814,27468,7000,438,biscoito,7d468c058b,26.5211
10,16,5000,0.737391,0.371814,27468,7000,438,biscoito,7d468c058b,26.5211
10,17,5000,0.739037,0.379180,27244,6939,436,biscoito,cbf95751c0,27.7878
10,18,5000,0.739037,0.379180,27244,6939,436,biscoito,cbf95751c0,27.7878
10,1,5000,0.736405,0.378839,27302,6947,438,biscoito,e65981949a,34.8018
10,2,5000,0.735003,0.374463,27466,6996,437,biscoito,aff6438be0,32.4421
10,7,5000,0.731828,0.371868,27453,7005,440,biscoito,4d025ed459,34.4612
10,9,5000,0.735175,0.375448,27488,6982,439,biscoito,007d24ad2a,35.5316
10,11,5000,0.734180,0.374435,27441,7012,438,biscoito,a01a0c825d,35.4874
10,13,5000,0.731696,0.375264,27471,6986,440,biscoito,cb0e3309db,33.6601
10,19,5000,0.738514,0.377690,27446,6971,439,biscoito,ce75c8021e,31.8650
11,0,5000,0.739037,0.379180,27244,6939,436,biscoito,cbf95751c0,27.7878
11,1,5000,0.739037,0.379180,27244,6939,436,biscoito,cbf95751c0,27.7878
11,2,5000,0.739037,0.379180,27244,6939,436,biscoito,cbf95751c0,27.7878
11,3,5000,0.739037,0.379180,27244,6939,436,biscoito,cbf95751c0,27.7878
11,4,5000,0.737391,0.371814,27468,7000,438,biscoito,7d468c058b,26.5211
11,5,5000,0.737391,0.371814,27468,7000,438,biscoito,7d468c058b,26.5211
11,6,5000,0.739037,0.379180,27244,6939,436,biscoito,cbf95751c0,27.7878
11,7,5000,0.739037,0.379180,27244,6939,436,biscoito,cbf95751c0,27.7878
11,9,5000,0.739037,0.379180,27244,6939,436,biscoito,cbf95751c0,27.7878
11,11,5000,0.739037,0.379180,27244,6939,436,biscoito,cbf95751c0,27.7878
11,12,5000,0.739037,0.379180,27244,6939,436,biscoito,cbf95751c0,27.7878
11,16,5000,0.738514,0.377690,27446,6971,439,biscoito,ce75c8021e,31.8650
11,17,5000,0.739037,0.379180,27244,6939,436,biscoito,cbf95751c0,27.7878
11,19,5000,0.739037,0.379180,27244,6939,436,biscoito,cbf95751c0,27.7878
11,8,5000,0.734536,0.376740,27233,6957,438,biscoito,578f3e6638,37.6132
11,10,5000,0.734268,0.375717,27248,6932,437,biscoito,3e59583d70,37.7971
11,13,5000,0.731300,0.372295,27434,6964,439,biscoito,a490d702d2,39.9163
11,14,5000,0.732083,0.379260,27280,6940,436,biscoito,f3f3b398c0,36.1081
11,15,5000,0.736924,0.375951,27442,6975,436,biscoito,faba36723f,39.1420
11,18,5000,0.734508,0.378157,27282,6949,434,biscoito,0b5332c0a1,37.2313
12,0,5000,0.739037,0.379180,27244,6939,436,biscoito,cbf95751c0,27.7878
12,1,5000,0.739037,0.379180,27244,6939,436,biscoito,cbf95751c0,27.7878
12,2,5000,0.739037,0.379180,27244,6939,436,biscoito,cbf95751c0,27.7878
12,3,5000,0.739037,0.379180,27244,6939,436,biscoito,cbf95751c0,27.7878
12,4,5000,0.739037,0.379180,27244,6939,436,biscoito,cbf95751c0,27.7878
12,8,5000,0.739037,0.379180,27244,6939,436,biscoito,cbf95751c0,27.7878
12,9,5000,0.739037,0.379180,27244,6939,436,biscoito,cbf95751c0,27.7878
12,11,5000,0.739037,0.379180,27244,6939,436,biscoito,cbf95751c0,27.7878
12,12,5000,0.739037,0.379180,27244,6939,436,biscoito,cbf95751c0,27.7878
12,13,5000,0.739037,0.379180,27244,6939,436,biscoito,cbf95751c0,27.7878
12,14,5000,0.739037,0.379180,27244,6939,436,biscoito,cbf95751c0,27.7878
12,17,5000,0.739037,0.379180,27244,6939,436,biscoito,cbf95751c0,27.7878
12,18,5000,0.739037,0.379180,27244,6939,436,biscoito,cbf95751c0,27.7878
12,19,5000,0.739037,0.379180,27244,6939,436,biscoito,cbf95751c0,27.7878
12,5,5000,0.735738,0.376686,27261,6932,436,biscoito,300160907a,27.0000
12,6,5000,0.736573,0.378379,27263,6938,436,biscoito,686f7c5731,28.2870
12,7,5000,0.735374,0.377432,27252,6932,435,biscoito,899f768a22,26.9969
12,10,5000,0.729715,0.374814,27260,6906,435,biscoito,63c72791ed,26.2352
12,15,5000,0.734580,0.375919,27256,6936,434,biscoito,88954482de,27.7170
12,16,5000,0.734711,0.376307,27259,6948,433,biscoito,4985085dca,27.0060
13,0,5000,0.739037,0.379180,27244,6939,436,biscoito,cbf95751c0,27.7878
13,1,5000,0.739037,0.379180,27244,6939,436,biscoito,cbf95751c0,27.7878
13,2,5000,0.739037,0.379180,27244,6939,436,biscoito,cbf95751c0,27.7878
13,3,5000,0.739037,0.379180,27244,6939,436,biscoito,cbf95751c0,27.7878
13,4,5000,0.739037,0.379180,27244,6939,436,biscoito,cbf95751c0,27.7878
13,6,5000,0.739037,0.379180,27244,6939,436,biscoito,cbf95751c0,27.7878
13,8,5000,0.739037,0.379180,27244,6939,436,biscoito,cbf95751c0,27.7878
13,9,5000,0.739037,0.379180,27244,6939,436,biscoito,cbf95751c0,27.7878
13,11,5000,0.739037,0.379180,27244,6939,436,biscoito,cbf95751c0,27.7878
13,12,5000,0.739037,0.379180,27244,6939,436,biscoito,cbf95751c0,27.7878
13,13,5000,0.739037,0.379180,27244,6939,436,biscoito,cbf95751c0,27.7878
13,14,5000,0.739037,0.379180,27244,6939,436,biscoito,cbf95751c0,27.7878
13,15,5000,0.739037,0.379180,27244,6939,436,biscoito,cbf95751c0,27.7878
13,16,5000,0.739037,0.379180,27244,6939,436,biscoito,cbf95751c0,27.7878
13,17,5000,0.739037,0.379180,27244,6939,436,biscoito,cbf95751c0,27.7878
13,19,5000,0.739037,0.379180,27244,6939,436,biscoito,cbf95751c0,27.7878
13,5,5000,0.731288,0.377611,27245,6924,435,biscoito,e7dac93aa2,23.8456
13,7,5000,0.737383,0.380052,27226,6942,435,biscoito,ee34d8f1f4,24.4178
13,10,5000,0.734715,0.377238,27226,6954,439,biscoito,3837e13f37,24.5595
13,18,5000,0.733745,0.378297,27232,6931,436,biscoito,26daaae9e1,24.7266
14,0,5000,0.739037,0.379180,27244,6939,436,biscoito,cbf95751c0,27.7878
14,1,5000,0.739037,0.379180,27244,6939,436,biscoito,cbf95751c0,27.7878
14,2,5000,0.739037,0.379180,27244,6939,436,biscoito,cbf95751c0,27.7878
14,5,5000,0.739037,0.379180,27244,6939,436,biscoito,cbf95751c0,27.7878
14,6,5000,0.739037,0.379180,27244,6939,436,biscoito,cbf95751c0,27.7878
14,7,5000,0.739037,0.379180,27244,6939,436,biscoito,cbf95751c0,27.7878
14,9,5000,0.739037,0.379180,27244,6939,436,biscoito,cbf95751c0,27.7878
14,10,5000,0.739037,0.379180,27244,6939,436,biscoito,cbf95751c0,27.7878
14,11,5000,0.739037,0.379180,27244,6939,436,biscoito,cbf95751c0,27.7878
14,12,5000,0.739037,0.379180,27244,6939,436,biscoito,cbf95751c0,27.7878
14,15,5000,0.739037,0.379180,27244,6939,436,biscoito,cbf95751c0,27.7878
14,16,5000,0.739037,0.379180,27244,6939,436,biscoito,cbf95751c0,27.7878
14,17,5000,0.739037,0.379180,27244,6939,436,biscoito,cbf95751c0,27.7878
14,18,5000,0.739037,0.379180,27244,6939,436,biscoito,cbf95751c0,27.7878
14,3,5000,0.734983,0.376910,27235,6942,436,biscoito,51008d5394,28.9846
14,4,5000,0.735922,0.374277,27255,6939,434,biscoito,d875b0bd91,27.2085
14,8,5000,0.730549,0.378742,27238,6936,437,biscoito,eb94cd6c84,30.7806
14,13,5000,0.733984,0.374020,27273,6945,436,biscoito,8f2f5f599c,31.1547
14,14,5000,0.729958,0.378638,27250,6935,437,biscoito,8db3350621,27.0252
14,19,5000,0.736273,0.382422,27277,6942,437,biscoito,a60c7eaa10,26.9587
15,0,5000,0.739037,0.379180,27244,6939,436,biscoito,cbf95751c0,27.7878
15,1,5000,0.739037,0.379180,27244,6939,436,biscoito,cbf95751c0,27.7878
15,2,5000,0.739037,0.379180,27244,6939,436,biscoito,cbf95751c0,27.7878
15,3,5000,0.739037,0.379180,27244,6939,436,biscoito,cbf95751c0,27.7878
15,5,5000,0.739037,0.379180,27244,6939,436,biscoito,cbf95751c0,27.7878
15,6,5000,0.739037,0.379180,27244,6939,436,biscoito,cbf95751c0,27.7878
15,7,5000,0.739037,0.379180,27244,6939,436,biscoito,cbf95751c0,27.7878
15,8,5000,0.739037,0.379180,27244,6939,436,biscoito,cbf95751c0,27.7878
15,9,5000,0.739037,0.379180,27244,6939,436,biscoito,cbf95751c0,27.7878
15,11,5000,0.739037,0.379180,27244,6939,436,biscoito,cbf95751c0,27.7878
15,12,5000,0.739037,0.379180,27244,6939,436,biscoito,cbf95751c0,27.7878
15,14,5000,0.739037,0.379180,27244,6939,436,biscoito,cbf95751c0,27.7878
15,16,5000,0.739037,0.379180,27244,6939,436,biscoito,cbf95751c0,27.7878
15,17,5000,0.739037,0.379180,27244,6939,436,biscoito,cbf95751c0,27.7878
15,18,5000,0.739037,0.379180,27244,6939,436,biscoito,cbf95751c0,27.7878
15,19,5000,0.739037,0.379180,27244,6939,436,biscoito,cbf95751c0,27.7878
15,4,5000,0.735993,0.379069,27244,6962,436,biscoito,d7cb0a413f,22.1919
15,10,5000,0.739792,0.379160,27253,6928,438,biscoito,47dd72bcea,22.6187
15,13,5000,0.730981,0.370670,27241,6949,433,biscoito,761c17e186,22.1143
15,15,5000,0.732914,0.376694,27242,6915,436,biscoito,32e57c758d,22.2387
16,0,5000,0.739792,0.379160,27253,6928,438,biscoito,47dd72bcea,22.6187
16,1,5000,0.739037,0.379180,27244,6939,436,biscoito,cbf95751c0,27.7878
16,2,5000,0.739037,0.379180,27244,6939,436,biscoito,cbf95751c0,27.7878
16,3,5000,0.739037,0.379180,27244,6939,436,biscoito,cbf95751c0,27.7878
16,4,5000,0.739037,0.379180,27244,6939,436,biscoito,cbf95751c0,27.7878
16,5,5000,0.739037,0.379180,27244,6939,436,biscoito,cbf95751c0,27.7878
16,6,5000,0.739037,0.379180,27244,6939,436,biscoito,cbf95751c0,27.7878
16,7,5000,0.739037,0.379180,27244,6939,436,biscoito,cbf95751c0,27.7878
16,8,5000,0.739037,0.379180,27244,6939,436,biscoito,cbf95751c0,27.7878
16,9,5000,0.739037,0.379180,27244,6939,436,biscoito,cbf95751c0,27.7878
16,10,5000,0.739037,0.379180,27244,6939,436,biscoito,cbf95751c0,27.7878
16,12,5000,0.739037,0.379180,27244,6939,436,biscoito,cbf95751c0,27.7878
16,17,5000,0.739037,0.379180,27244,6939,436,biscoito,cbf95751c0,27.7878
16,18,5000,0.739792,0.379160,27253,6928,438,biscoito,47dd72bcea,22.6187
16,11,5000,0.736760,0.377747,27253,6906,435,biscoito,b6eda90ced,23.1002
16,13,5000,0.737200,0.376399,27223,6953,434,biscoito,1af63f5685,22.9003
16,14,5000,0.730949,0.375225,27254,6933,436,biscoito,db90e497a4,23.2917
16,15,5000,0.730625,0.376676,27284,6965,439,biscoito,37e2666a04,23.0258
16,16,5000,0.732347,0.377042,27275,6927,435,biscoito,4c807eddda,23.0272
16,19,5000,0.734144,0.372966,27260,6929,435,biscoito,8790a2027a,23.0912
17,0,5000,0.739792,0.379160,27253,6928,438,biscoito,47dd72bcea,22.6187
17,1,5000,0.739037,0.379180,27244,6939,436,biscoito,cbf95751c0,27.7878
17,2,5000,0.739037,0.379180,27244,6939,436,biscoito,cbf95751c0,27.7878
17,3,5000,0.739037,0.379180,27244,6939,436,biscoito,cbf95751c0,27.7878
17,4,5000,0.739037,0.379180,27244,6939,436,biscoito,cbf95751c0,27.7878
17,5,5000,0.739037,0.379180,27244,6939,436,biscoito,cbf95751c0,27.7878
17,6,5000,0.739037,0.379180,27244,6939,436,biscoito,cbf95751c0,27.7878
17,7,5000,0.739037,0.379180,27244,6939,436,biscoito,cbf95751c0,27.7878
17,8,5000,0.739037,0.379180,27244,6939,436,biscoito,cbf95751c0,27.7878
17,9,5000,0.739037,0.379180,27244,6939,436,biscoito,cbf95751c0,27.7878
17,10,5000,0.739037,0.379180,27244,6939,436,biscoito,cbf95751c0,27.7878
17,11,5000,0.739037,0.379180,27244,6939,436,biscoito,cbf95751c0,27.7878
17,12,5000,0.739037,0.379180,27244,6939,436,biscoito,cbf95751c0,27.7878
17,13,5000,0.739037,0.379180,27244,6939,436,biscoito,cbf95751c0,27.7878
17,15,5000,0.739037,0.379180,27244,6939,436,biscoito,cbf95751c0,27.7878
17,16,5000,0.739037,0.379180,27244,6939,436,biscoito,cbf95751c0,27.7878
17,19,5000,0.739037,0.379180,27244,6939,436,biscoito,cbf95751c0,27.7878
17,14,5000,0.733952,0.377658,27223,6934,435,biscoito,cedc2715cc,21.5469
17,17,5000,0.733337,0.373395,27250,6935,437,biscoito,1f1c2bf5d4,21.4051
17,18,5000,0.729783,0.377493,27248,6936,439,biscoito,adb02a60bd,21.7372
18,0,5000,0.739792,0.379160,27253,6928,438,biscoito,47dd72bcea,22.6187
18,2,5000,0.739037,0.379180,27244,6939,436,biscoito,cbf95751c0,27.7878
18,5,5000,0.739037,0.379180,27244,6939,436,biscoito,cbf95751c0,27.7878
18,6,5000,0.739037,0.379180,27244,6939,436,biscoito,cbf95751c0,27.7878
18,7,5000,0.739037,0.379180,27244,6939,436,biscoito,cbf95751c0,27.7878
18,9,5000,0.739037,0.379180,27244,6939,436,biscoito,cbf95751c0,27.7878
18,11,5000,0.739037,0.379180,27244,6939,436,biscoito,cbf95751c0,27.7878
18,15,5000,0.739037,0.379180,27244,6939,436,biscoito,cbf95751c0,27.7878
18,16,5000,0.739037,0.379180,27244,6939,436,biscoito,cbf95751c0,27.7878
18,18,5000,0.739037,0.379180,27244,6939,436,biscoito,cbf95751c0,27.7878
18,1,5000,0.738238,0.377285,27267,6927,435,biscoito,cdac79574a,25.3828
18,3,5000,0.733074,0.375989,27241,6933,436,biscoito,da606bb1b4,24.7438
18,4,5000,0.732319,0.374922,27256,6934,438,biscoito,a979041bd3,26.6540
18,8,5000,0.735382,0.375537,27254,6947,435,biscoito,7aabd7aff8,26.9147
18,10,5000,0.734252,0.374456,27266,6951,436,biscoito,f89cb94b96,27.0973
18,12,5000,0.734564,0.377405,27247,6933,435,biscoito,b0df8ab4e9,26.6395
18,13,5000,0.730621,0.371615,27255,6939,437,biscoito,344bb3982a,24.6259
18,14,5000,0.737264,0.379216,27243,6928,437,biscoito,2056e70ab0,24.3773
18,17,5000,0.733249,0.375821,27254,6916,437,biscoito,912f6d9d92,20.0490
18,19,5000,0.738618,0.379239,27248,6935,437,biscoito,65bed2a599,19.9959
19,0,5000,0.739792,0.379160,27253,6928,438,biscoito,47dd72bcea,22.6187
19,1,5000,0.739037,0.379180,27244,6939,436,biscoito,cbf95751c0,27.7878
19,2,5000,0.739037,0.379180,27244,6939,436,biscoito,cbf95751c0,27.7878
19,3,5000,0.739037,0.379180,27244,6939,436,biscoito,cbf95751c0,27.7878
19,5,5000,0.739037,0.379180,27244,6939,436,biscoito,cbf95751c0,27.7878
19,6,5000,0.739037,0.379180,27244,6939,436,biscoito,cbf95751c0,27.7878
19,7,5000,0.739037,0.379180,27244,6939,436,biscoito,cbf95751c0,27.7878
19,8,5000,0.739037,0.379180,27244,6939,436,biscoito,cbf95751c0,27.7878
19,14,5000,0.739037,0.379180,27244,6939,436,biscoito,cbf95751c0,27.7878
19,16,5000,0.739037,0.379180,27244,6939,436,biscoito,cbf95751c0,27.7878
19,17,5000,0.739037,0.379180,27244,6939,436,biscoito,cbf95751c0,27.7878
19,4,5000,0.730701,0.378293,27254,6934,435,biscoito,9ad11301ba,25.6187
19,9,5000,0.734400,0.377945,27264,6933,437,biscoito,2b55a326c1,26.8952
19,10,5000,0.736828,0.379043,27246,6939,436,biscoito,fb6158d1e5,27.4089
19,11,5000,0.735235,0.378685,27254,6941,436,biscoito,74bfc7ea48,25.8827
19,12,5000,0.735534,0.381015,27270,6946,434,biscoito,a2df051134,25.6398
19,13,5000,0.737084,0.384397,27238,6934,436,biscoito,942a2120fb,26.0911
19,15,5000,0.732938,0.378078,27272,6947,437,biscoito,e7fb8a0384,25.6397
19,18,5000,0.735490,0.383981,27251,6951,439,biscoito,d93e8ffde0,23.6444
19,19,5000,0.731029,0.376442,27232,6946,434,biscoito,d33cfce559,16.9634
20,0,5000,0.739792,0.379160,27253,6928,438,biscoito,47dd72bcea,22.6187
20,1,5000,0.739037,0.379180,27244,6939,436,biscoito,cbf95751c0,27.7878
20,2,5000,0.739037,0.379180,27244,6939,436,biscoito,cbf95751c0,27.7878
20,5,5000,0.739037,0.379180,27244,6939,436,biscoito,cbf95751c0,27.7878
20,12,5000,0.739037,0.379180,27244,6939,436,biscoito,cbf95751c0,27.7878
20,16,5000,0.739037,0.379180,27244,6939,436,biscoito,cbf95751c0,27.7878
20,17,5000,0.739037,0.379180,27244,6939,436,biscoito,cbf95751c0,27.7878
20,18,5000,0.739037,0.379180,27244,6939,436,biscoito,cbf95751c0,27.7878
20,3,5000,0.736361,0.381483,27283,6938,434,biscoito,9bf013c0d7,28.3936
20,4,5000,0.733721,0.373501,27226,6953,436,biscoito,79beaeea00,27.8715
20,6,5000,0.735802,0.374127,27249,6945,435,biscoito,f706386b6f,27.2785
20,7,5000,0.739117,0.379461,27267,6950,436,biscoito,88a21dc6ea,27.9065
20,8,5000,0.733625,0.382589,27246,6936,434,biscoito,66f836d937,26.8241
20,9,5000,0.732087,0.377253,27256,6935,436,biscoito,bfa70a5ab1,24.7531
20,10,5000,0.735866,0.378115,27244,6933,438,biscoito,d8f620fb2b,25.3063
20,11,5000,0.732614,0.377597,27268,6931,437,biscoito,a553de627b,26.0878
20,13,5000,0.732546,0.377440,27244,6930,437,biscoito,6d34d60898,20.8598
20,14,5000,0.735526,0.376586,27252,6937,437,biscoito,91ca5748ca,21.0341
20,15,5000,0.737431,0.378617,27262,6940,436,biscoito,4b27128418,20.6865
20,19,5000,0.732491,0.373631,27244,6928,436,biscoito,c4069e39bf,20.5882
21,0,5000,0.739792,0.379160,27253,6928,438,biscoito,47dd72bcea,22.6187
21,1,5000,0.739792,0.379160,27253,6928,438,biscoito,47dd72bcea,22.6187
21,3,5000,0.739037,0.379180,27244,6939,436,biscoito,cbf95751c0,27.7878
21,4,5000,0.735802,0.374127,27249,6945,435,biscoito,f706386b6f,27.2785
21,5,5000,0.735866,0.378115,27244,6933,438,biscoito,d8f620fb2b,25.3063
21,6,5000,0.739792,0.379160,27253,6928,438,biscoito,47dd72bcea,22.6187
21,9,5000,0.739037,0.379180,27244,6939,436,biscoito,cbf95751c0,27.7878
21,14,5000,0.733337,0.373395,27250,6935,437,biscoito,1f1c2bf5d4,21.4051
21,18,5000,0.739037,0.379180,27244,6939,436,biscoito,cbf95751c0,27.7878
21,19,5000,0.739037,0.379180,27244,6939,436,biscoito,cbf95751c0,27.7878
21,2,5000,0.733893,0.377964,27257,6938,433,biscoito,ee0eb6b108,26.1699
21,7,5000,0.735958,0.379277,27231,6951,437,biscoito,c9f61a0717,26.4317
21,8,5000,0.733681,0.380150,27229,6949,439,biscoito,de9329596f,24.4382
21,10,5000,0.733361,0.378438,27234,6954,437,biscoito,d95b4e0961,25.4240
21,11,5000,0.730905,0.375647,27255,6926,435,biscoito,35d3b071b5,27.0461
21,12,5000,0.731045,0.377515,27247,6937,435,biscoito,0ad64f2812,23.8339
21,13,5000,0.741254,0.380588,27247,6932,437,biscoito,ebcb60ac37,24.9035
21,15,5000,0.735882,0.378296,27252,6939,435,biscoito,43f48d4873,23.6478
21,16,5000,0.731376,0.370891,27269,6953,436,biscoito,bd5971895c,18.4368
21,17,5000,0.736373,0.381764,27224,6933,436,biscoito,6077dbeb38,17.9358
22,0,5000,0.741254,0.380588,27247,6932,437,biscoito,ebcb60ac37,24.9035
22,1,5000,0.739792,0.379160,27253,6928,438,biscoito,47dd72bcea,22.6187
22,2,5000,0.739792,0.379160,27253,6928,438,biscoito,47dd72bcea,22.6187
22,3,5000,0.736373,0.381764,27224,6933,436,biscoito,6077dbeb38,17.9358
22,4,5000,0.733361,0.378438,27234,6954,437,biscoito,d95b4e0961,25.4240
22,7,5000,0.739792,0.379160,27253,6928,438,biscoito,47dd72bcea,22.6187
22,8,5000,0.739792,0.379160,27253,6928,438,biscoito,47dd72bcea,22.6187
22,13,5000,0.739037,0.379180,27244,6939,436,biscoito,cbf95751c0,27.7878
22,14,5000,0.739037,0.379180,27244,6939,436,biscoito,cbf95751c0,27.7878
22,17,5000,0.739037,0.379180,27244,6939,436,biscoito,cbf95751c0,27.7878
22,19,5000,0.739792,0.379160,27253,6928,438,biscoito,47dd72bcea,22.6187
22,5,5000,0.726827,0.375662,27257,6940,434,biscoito,9e7440f4bc,27.2960
22,6,5000,0.734755,0.377600,27242,6944,436,biscoito,82e223fbe0,26.5177
22,9,5000,0.737743,0.376367,27249,6937,438,biscoito,aae8e98a08,24.6363
22,10,5000,0.735095,0.378124,27233,6944,437,biscoito,0b3459189c,26.2932
22,11,5000,0.734088,0.376344,27249,6931,438,biscoito,877b8b5733,23.7760
22,12,5000,0.735954,0.377334,27248,6936,436,biscoito,2b34f4422c,27.4904
22,15,5000,0.735850,0.376904,27255,6961,433,biscoito,5495dcd88f,25.7281
22,16,5000,0.735147,0.379495,27251,6936,438,biscoito,c1d1fef3d3,25.5906
22,18,5000,0.736952,0.374856,27247,6962,436,biscoito,fe7be28e3d,16.4410
23,0,5000,0.741254,0.380588,27247,6932,437,biscoito,ebcb60ac37,24.9035
23,1,5000,0.739792,0.379160,27253,6928,438,biscoito,47dd72bcea,22.6187
23,2,5000,0.739792,0.379160,27253,6928,438,biscoito,47dd72bcea,22.6187
23,3,5000,0.736952,0.374856,27247,6962,436,biscoito,fe7be28e3d,16.4410
23,4,5000,0.739037,0.379180,27244,6939,436,biscoito,cbf95751c0,27.7878
23,9,5000,0.739792,0.379160,27253,6928,438,biscoito,47dd72bcea,22.6187
23,10,5000,0.739792,0.379160,27253,6928,438,biscoito,47dd72bcea,22.6187
23,11,5000,0.737743,0.376367,27249,6937,438,biscoito,aae8e98a08,24.6363
23,12,5000,0.735147,0.379495,27251,6936,438,biscoito,c1d1fef3d3,25.5906
23,13,5000,0.741254,0.380588,27247,6932,437,biscoito,ebcb60ac37,24.9035
23,15,5000,0.741254,0.380588,27247,6932,437,biscoito,ebcb60ac37,24.9035
23,16,5000,0.739792,0.379160,27253,6928,438,biscoito,47dd72bcea,22.6187
23,17,5000,0.737743,0.376367,27249,6937,438,biscoito,aae8e98a08,24.6363
23,18,5000,0.741254,0.380588,27247,6932,437,biscoito,ebcb60ac37,24.9035
23,19,5000,0.739792,0.379160,27253,6928,438,biscoito,47dd72bcea,22.6187
23,5,5000,0.736381,0.381178,27230,6915,439,biscoito,c1801dbe8d,21.8002
23,6,5000,0.732387,0.376705,27227,6934,435,biscoito,1e5a4dc201,22.0388
23,7,5000,0.731464,0.376417,27245,6938,436,biscoito,f97da3e692,21.9438
23,8,5000,0.735910,0.378222,27241,6932,437,biscoito,14602cf1f9,21.7022
23,14,5000,0.738350,0.380172,27207,6917,438,biscoito,823c12597f,21.6704
24,0,5000,0.741254,0.380588,27247,6932,437,biscoito,ebcb60ac37,24.9035
24,2,5000,0.739792,0.379160,27253,6928,438,biscoito,47dd72bcea,22.6187
24,4,5000,0.739792,0.379160,27253,6928,438,biscoito,47dd72bcea,22.6187
24,7,5000,0.741254,0.380588,27247,6932,437,biscoito,ebcb60ac37,24.9035
24,8,5000,0.741254,0.380588,27247,6932,437,biscoito,ebcb60ac37,24.9035
24,11,5000,0.739792,0.379160,27253,6928,438,biscoito,47dd72bcea,22.6187
24,12,5000,0.741254,0.380588,27247,6932,437,biscoito,ebcb60ac37,24.9035
24,13,5000,0.739792,0.379160,27253,6928,438,biscoito,47dd72bcea,22.6187
24,14,5000,0.739792,0.379160,27253,6928,438,biscoito,47dd72bcea,22.6187
24,16,5000,0.741254,0.380588,27247,6932,437,biscoito,ebcb60ac37,24.9035
24,17,5000,0.739792,0.379160,27253,6928,438,biscoito,47dd72bcea,22.6187
24,19,5000,0.741254,0.380588,27247,6932,437,biscoito,ebcb60ac37,24.9035
24,1,5000,0.735746,0.376063,27258,6919,437,biscoito,17d65040c2,26.9425
24,3,5000,0.736121,0.380342,27274,6924,438,biscoito,56c710c38e,24.5701
24,5,5000,0.732099,0.376185,27251,6936,436,biscoito,d8f6630af1,26.1920
24,6,5000,0.732355,0.375562,27238,6941,438,biscoito,fa5f0920c9,24.1784
24,9,5000,0.735247,0.377747,27231,6926,439,biscoito,7b87e05525,25.8878
24,10,5000,0.738889,0.383070,27256,6929,439,biscoito,f9f2da9690,24.9881
24,15,5000,0.737715,0.374756,27282,6927,439,biscoito,4ff337df49,25.3107
24,18,5000,0.731855,0.375171,27255,6920,439,biscoito,d4c98564c9,23.4794
25,0,5000,0.741254,0.380588,27247,6932,437,biscoito,ebcb60ac37,24.9035
25,3,5000,0.741254,0.380588,27247,6932,437,biscoito,ebcb60ac37,24.9035
25,4,5000,0.741254,0.380588,27247,6932,437,biscoito,ebcb60ac37,24.9035
25,5,5000,0.739792,0.379160,27253,6928,438,biscoito,47dd72bcea,22.6187
25,7,5000,0.741254,0.380588,27247,6932,437,biscoito,ebcb60ac37,24.9035
25,8,5000,0.739792,0.379160,27253,6928,438,biscoito,47dd72bcea,22.6187
25,9,5000,0.741254,0.380588,27247,6932,437,biscoito,ebcb60ac37,24.9035
25,10,5000,0.741254,0.380588,27247,6932,437,biscoito,ebcb60ac37,24.9035
25,11,5000,0.741254,0.380588,27247,6932,437,biscoito,ebcb60ac37,24.9035
25,12,5000,0.741254,0.380588,27247,6932,437,biscoito,ebcb60ac37,24.9035
25,13,5000,0.741254,0.380588,27247,6932,437,biscoito,ebcb60ac37,24.9035
25,14,5000,0.741254,0.380588,27247,6932,437,biscoito,ebcb60ac37,24.9035
25,15,5000,0.741254,0.380588,27247,6932,437,biscoito,ebcb60ac37,24.9035
25,16,5000,0.741254,0.380588,27247,6932,437,biscoito,ebcb60ac37,24.9035
25,17,5000,0.741254,0.380588,27247,6932,437,biscoito,ebcb60ac37,24.9035
25,18,5000,0.741254,0.380588,27247,6932,437,biscoito,ebcb60ac37,24.9035
25,19,5000,0.736121,0.380342,27274,6924,438,biscoito,56c710c38e,24.5701
25,1,5000,0.736800,0.379652,27256,6928,437,biscoito,3c7eab57df,18.2637
25,2,5000,0.731340,0.378681,27245,6933,438,biscoito,46c9174b45,18.2619
25,6,5000,0.736684,0.376709,27270,6932,436,biscoito,ee9fcc237e,18.0722
26,0,5000,0.741254,0.380588,27247,6932,437,biscoito,ebcb60ac37,24.9035
26,1,5000,0.741254,0.380588,27247,6932,437,biscoito,ebcb60ac37,24.9035
26,2,5000,0.739792,0.379160,27253,6928,438,biscoito,47dd72bcea,22.6187
26,4,5000,0.741254,0.380588,27247,6932,437,biscoito,ebcb60ac37,24.9035
26,5,5000,0.741254,0.380588,27247,6932,437,biscoito,ebcb60ac37,24.9035
26,6,5000,0.741254,0.380588,27247,6932,437,biscoito,ebcb60ac37,24.9035
26,7,5000,0.741254,0.380588,27247,6932,437,biscoito,ebcb60ac37,24.9035
26,8,5000,0.741254,0.380588,27247,6932,437,biscoito,ebcb60ac37,24.9035
26,9,5000,0.741254,0.380588,27247,6932,437,biscoito,ebcb60ac37,24.9035
26,10,5000,0.741254,0.380588,27247,6932,437,biscoito,ebcb60ac37,24.9035
26,11,5000,0.741254,0.380588,27247,6932,437,biscoito,ebcb60ac37,24.9035
26,12,5000,0.741254,0.380588,27247,6932,437,biscoito,ebcb60ac37,24.9035
26,13,5000,0.741254,0.380588,27247,6932,437,biscoito,ebcb60ac37,24.9035
26,14,5000,0.741254,0.380588,27247,6932,437,biscoito,ebcb60ac37,24.9035
26,15,5000,0.741254,0.380588,27247,6932,437,biscoito,ebcb60ac37,24.9035
26,16,5000,0.741254,0.380588,27247,6932,437,biscoito,ebcb60ac37,24.9035
26,17,5000,0.741254,0.380588,27247,6932,437,biscoito,ebcb60ac37,24.9035
26,18,5000,0.741254,0.380588,27247,6932,437,biscoito,ebcb60ac37,24.9035
26,19,5000,0.741254,0.380588,27247,6932,437,biscoito,ebcb60ac37,24.9035
26,3,5000,0.735422,0.377871,27266,6940,436,biscoito,4992ff7064,13.1722
27,0,5000,0.741254,0.380588,27247,6932,437,biscoito,ebcb60ac37,24.9035
27,1,5000,0.741254,0.380588,27247,6932,437,biscoito,ebcb60ac37,24.9035
27,3,5000,0.741254,0.380588,27247,6932,437,biscoito,ebcb60ac37,24.9035
27,4,5000,0.741254,0.380588,27247,6932,437,biscoito,ebcb60ac37,24.9035
27,5,5000,0.741254,0.380588,27247,6932,437,biscoito,ebcb60ac37,24.9035
27,6,5000,0.741254,0.380588,27247,6932,437,biscoito,ebcb60ac37,24.9035
27,8,5000,0.741254,0.380588,27247,6932,437,biscoito,ebcb60ac37,24.9035
27,9,5000,0.741254,0.380588,27247,6932,437,biscoito,ebcb60ac37,24.9035
27,10,5000,0.741254,0.380588,27247,6932,437,biscoito,ebcb60ac37,24.9035
27,11,5000,0.741254,0.380588,27247,6932,437,biscoito,ebcb60ac37,24.9035
27,12,5000,0.741254,0.380588,27247,6932,437,biscoito,ebcb60ac37,24.9035
27,13,5000,0.741254,0.380588,27247,6932,437,biscoito,ebcb60ac37,24.9035
27,14,5000,0.741254,0.380588,27247,6932,437,biscoito,ebcb60ac37,24.9035
27,15,5000,0.741254,0.380588,27247,6932,437,biscoito,ebcb60ac37,24.9035
27,18,5000,0.741254,0.380588,27247,6932,437,biscoito,ebcb60ac37,24.9035
27,19,5000,0.741254,0.380588,27247,6932,437,biscoito,ebcb60ac37,24.9035
27,2,5000,0.734016,0.374959,27265,6942,437,biscoito,8848d397f0,20.9935
27,7,5000,0.734879,0.379145,27257,6928,437,biscoito,d1395a8dd5,21.1365
27,16,5000,0.731065,0.377081,27255,6942,438,biscoito,2c07d64b1d,21.0539
27,17,5000,0.736021,0.375028,27247,6932,438,biscoito,8877d0643d,20.6691
28,0,5000,0.741254,0.380588,27247,6932,437,biscoito,ebcb60ac37,24.9035
28,1,5000,0.741254,0.380588,27247,6932,437,biscoito,ebcb60ac37,24.9035
28,2,5000,0.741254,0.380588,27247,6932,437,biscoito,ebcb60ac37,24.9035
28,4,5000,0.741254,0.380588,27247,6932,437,biscoito,ebcb60ac37,24.9035
28,5,5000,0.741254,0.380588,27247,6932,437,biscoito,ebcb60ac37,24.9035
28,6,5000,0.741254,0.380588,27247,6932,437,biscoito,ebcb60ac37,24.9035
28,7,5000,0.741254,0.380588,27247,6932,437,biscoito,ebcb60ac37,24.9035
28,9,5000,0.741254,0.380588,27247,6932,437,biscoito,ebcb60ac37,24.9035
28,10,5000,0.741254,0.380588,27247,6932,437,biscoito,ebcb60ac37,24.9035
28,11,5000,0.741254,0.380588,27247,6932,437,biscoito,ebcb60ac37,24.9035
28,12,5000,0.741254,0.380588,27247,6932,437,biscoito,ebcb60ac37,24.9035
28,13,5000,0.741254,0.380588,27247,6932,437,biscoito,ebcb60ac37,24.9035
28,14,5000,0.741254,0.380588,27247,6932,437,biscoito,ebcb60ac37,24.9035
28,15,5000,0.741254,0.380588,27247,6932,437,biscoito,ebcb60ac37,24.9035
28,17,5000,0.741254,0.380588,27247,6932,437,biscoito,ebcb60ac37,24.9035
28,3,5000,0.737583,0.382635,27222,6967,438,biscoito,b757771c7f,22.9492
28,8,5000,0.729355,0.375869,27280,6954,438,biscoito,282ee39d02,22.9291
28,16,5000,0.732431,0.380662,27268,6917,435,biscoito,245c778586,22.7147
28,18,5000,0.732095,0.376282,27269,6964,437,biscoito,6da8f23b20,22.6630
28,19,5000,0.734304,0.378718,27249,6908,435,biscoito,c712a8544f,22.3816
29,0,5000,0.741254,0.380588,27247,6932,437,biscoito,ebcb60ac37,24.9035
29,1,5000,0.741254,0.380588,27247,6932,437,biscoito,ebcb60ac37,24.9035
29,2,5000,0.741254,0.380588,27247,6932,437,biscoito,ebcb60ac37,24.9035
29,4,5000,0.741254,0.380588,27247,6932,437,biscoito,ebcb60ac37,24.9035
29,6,5000,0.741254,0.380588,27247,6932,437,biscoito,ebcb60ac37,24.9035
29,8,5000,0.741254,0.380588,27247,6932,437,biscoito,ebcb60ac37,24.9035
29,11,5000,0.741254,0.380588,27247,6932,437,biscoito,ebcb60ac37,24.9035
29,12,5000,0.741254,0.380588,27247,6932,437,biscoito,ebcb60ac37,24.9035
29,13,5000,0.741254,0.380588,27247,6932,437,biscoito,ebcb60ac37,24.9035
29,14,5000,0.741254,0.380588,27247,6932,437,biscoito,ebcb60ac37,24.9035
29,15,5000,0.741254,0.380588,27247,6932,437,biscoito,ebcb60ac37,24.9035
29,16,5000,0.741254,0.380588,27247,6932,437,biscoito,ebcb60ac37,24.9035
29,18,5000,0.741254,0.380588,27247,6932,437,biscoito,ebcb60ac37,24.9035
29,3,5000,0.735706,0.377597,27285,6951,439,biscoito,605049e323,25.3662
29,5,5000,0.731764,0.373369,27234,6959,437,biscoito,4b277c09ef,25.9770
29,7,5000,0.737607,0.382795,27245,6947,440,biscoito,063708a7ee,25.4848
29,9,5000,0.736940,0.374400,27264,6961,435,biscoito,ae45820cd8,24.4729
29,10,5000,0.733054,0.374178,27303,6955,438,biscoito,1055355c3b,23.9332
29,17,5000,0.734783,0.378746,27252,6916,436,biscoito,65b33b53c7,26.1244
29,19,5000,0.738510,0.375214,27249,6919,436,biscoito,f50d21d26e,23.8708
30,0,5000,0.741254,0.380588,27247,6932,437,biscoito,ebcb60ac37,24.9035
30,1,5000,0.741254,0.380588,27247,6932,437,biscoito,ebcb60ac37,24.9035
30,3,5000,0.741254,0.380588,27247,6932,437,biscoito,ebcb60ac37,24.9035
30,4,5000,0.741254,0.380588,27247,6932,437,biscoito,ebcb60ac37,24.9035
30,5,5000,0.741254,0.380588,27247,6932,437,biscoito,ebcb60ac37,24.9035
30,6,5000,0.741254,0.380588,27247,6932,437,biscoito,ebcb60ac37,24.9035
30,7,5000,0.741254,0.380588,27247,6932,437,biscoito,ebcb60ac37,24.9035
30,9,5000,0.741254,0.380588,27247,6932,437,biscoito,ebcb60ac37,24.9035
30,10,5000,0.741254,0.380588,27247,6932,437,biscoito,ebcb60ac37,24.9035
30,11,5000,0.741254,0.380588,27247,6932,437,biscoito,ebcb60ac37,24.9035
30,12,5000,0.741254,0.380588,27247,6932,437,biscoito,ebcb60ac37,24.9035
30,17,5000,0.741254,0.380588,27247,6932,437,biscoito,ebcb60ac37,24.9035
30,18,5000,0.741254,0.380588,27247,6932,437,biscoito,ebcb60ac37,24.9035
30,19,5000,0.741254,0.380588,27247,6932,437,biscoito,ebcb60ac37,24.9035
30,2,5000,0.733601,0.381192,27216,6917,439,biscoito,da2c872cc4,23.7218
30,8,5000,0.736593,0.382379,27247,6924,440,biscoito,c370cbb8c5,23.6175
30,13,5000,0.738266,0.378505,27239,6930,437,biscoito,099dda8029,23.2446
30,14,5000,0.730965,0.375233,27257,6921,436,biscoito,3bb3589882,23.4097
30,15,5000,0.739808,0.380573,27240,6939,438,biscoito,c4d94fd36a,23.2660
30,16,5000,0.734480,0.377792,27239,6923,438,biscoito,3938977b4a,22.7602
31,0,5000,0.741254,0.380588,27247,6932,437,biscoito,ebcb60ac37,24.9035
31,1,5000,0.741254,0.380588,27247,6932,437,biscoito,ebcb60ac37,24.9035
31,2,5000,0.741254,0.380588,27247,6932,437,biscoito,ebcb60ac37,24.9035
31,3,5000,0.741254,0.380588,27247,6932,437,biscoito,ebcb60ac37,24.9035
31,4,5000,0.741254,0.380588,27247,6932,437,biscoito,ebcb60ac37,24.9035
31,5,5000,0.741254,0.380588,27247,6932,437,biscoito,ebcb60ac37,24.9035
31,7,5000,0.741254,0.380588,27247,6932,437,biscoito,ebcb60ac37,24.9035
31,8,5000,0.741254,0.380588,27247,6932,437,biscoito,ebcb60ac37,24.9035
31,9,5000,0.741254,0.380588,27247,6932,437,biscoito,ebcb60ac37,24.9035
31,10,5000,0.741254,0.380588,27247,6932,437,biscoito,ebcb60ac37,24.9035
31,11,5000,0.741254,0.380588,27247,6932,437,biscoito,ebcb60ac37,24.9035
31,12,5000,0.741254,0.380588,27247,6932,437,biscoito,ebcb60ac37,24.9035
31,14,5000,0.741254,0.380588,27247,6932,437,biscoito,ebcb60ac37,24.9035
31,16,5000,0.741254,0.380588,27247,6932,437,biscoito,ebcb60ac37,24.9035
31,17,5000,0.741254,0.380588,27247,6932,437,biscoito,ebcb60ac37,24.9035
31,18,5000,0.741254,0.380588,27247,6932,437,biscoito,ebcb60ac37,24.9035
31,19,5000,0.741254,0.380588,27247,6932,437,biscoito,ebcb60ac37,24.9035
31,6,5000,0.734508,0.369753,27241,6911,430,biscoito,efb118e182,16.3061
31,13,5000,0.736660,0.376780,27248,6926,433,biscoito,8cc53bb05d,16.2212
31,15,5000,0.733569,0.379142,27256,6924,438,biscoito,68b5a6a6c0,16.3804
32,0,5000,0.741254,0.380588,27247,6932,437,biscoito,ebcb60ac37,24.9035
32,1,5000,0.741254,0.380588,27247,6932,437,biscoito,ebcb60ac37,24.9035
32,2,5000,0.741254,0.380588,27247,6932,437,biscoito,ebcb60ac37,24.9035
32,3,5000,0.741254,0.380588,27247,6932,437,biscoito,ebcb60ac37,24.9035
32,4,5000,0.741254,0.380588,27247,6932,437,biscoito,ebcb60ac37,24.9035
32,5,5000,0.741254,0.380588,27247,6932,437,biscoito,ebcb60ac37,24.9035
32,6,5000,0.741254,0.380588,27247,6932,437,biscoito,ebcb60ac37,24.9035
32,8,5000,0.741254,0.380588,27247,6932,437,biscoito,ebcb60ac37,24.9035
32,10,5000,0.741254,0.380588,27247,6932,437,biscoito,ebcb60ac37,24.9035
32,11,5000,0.741254,0.380588,27247,6932,437,biscoito,ebcb60ac37,24.9035
32,12,5000,0.741254,0.380588,27247,6932,437,biscoito,ebcb60ac37,24.9035
32,13,5000,0.741254,0.380588,27247,6932,437,biscoito,ebcb60ac37,24.9035
32,14,5000,0.741254,0.380588,27247,6932,437,biscoito,ebcb60ac37,24.9035
32,15,5000,0.741254,0.380588,27247,6932,437,biscoito,ebcb60ac37,24.9035
32,17,5000,0.741254,0.380588,27247,6932,437,biscoito,ebcb60ac37,24.9035
32,18,5000,0.741254,0.380588,27247,6932,437,biscoito,ebcb60ac37,24.9035
32,7,5000,0.728732,0.375321,27232,6960,439,biscoito,661cfbb033,17.5453
32,9,5000,0.732159,0.376627,27251,6951,436,biscoito,8cab8ad27d,17.2441
32,16,5000,0.736916,0.378803,27242,6927,436,biscoito,6e80e1005e,17.1245
32,19,5000,0.728197,0.370719,27251,6927,433,biscoito,126c1eb328,16.9262
33,0,5000,0.741254,0.380588,27247,6932,437,biscoito,ebcb60ac37,24.9035
33,1,5000,0.741254,0.380588,27247,6932,437,biscoito,ebcb60ac37,24.9035
33,2,5000,0.741254,0.380588,27247,6932,437,biscoito,ebcb60ac37,24.9035
33,3,5000,0.741254,0.380588,27247,6932,437,biscoito,ebcb60ac37,24.9035
33,5,5000,0.741254,0.380588,27247,6932,437,biscoito,ebcb60ac37,24.9035
33,6,5000,0.741254,0.380588,27247,6932,437,biscoito,ebcb60ac37,24.9035
33,7,5000,0.741254,0.380588,27247,6932,437,biscoito,ebcb60ac37,24.9035
33,8,5000,0.741254,0.380588,27247,6932,437,biscoito,ebcb60ac37,24.9035
33,9,5000,0.741254,0.380588,27247,6932,437,biscoito,ebcb60ac37,24.9035
33,10,5000,0.741254,0.380588,27247,6932,437,biscoito,ebcb60ac37,24.9035
33,11,5000,0.741254,0.380588,27247,6932,437,biscoito,ebcb60ac37,24.9035
33,13,5000,0.741254,0.380588,27247,6932,437,biscoito,ebcb60ac37,24.9035
33,14,5000,0.741254,0.380588,27247,6932,437,biscoito,ebcb60ac37,24.9035
33,15,5000,0.741254,0.380588,27247,6932,437,biscoito,ebcb60ac37,24.9035
33,16,5000,0.741254,0.380588,27247,6932,437,biscoito,ebcb60ac37,24.9035
33,17,5000,0.741254,0.380588,27247,6932,437,biscoito,ebcb60ac37,24.9035
33,18,5000,0.741254,0.380588,27247,6932,437,biscoito,ebcb60ac37,24.9035
33,19,5000,0.741254,0.380588,27247,6932,437,biscoito,ebcb60ac37,24.9035
33,4,5000,0.732099,0.373620,27265,6933,437,biscoito,6b86d2486e,11.1199
33,12,5000,0.738234,0.374937,27265,6940,432,biscoito,dce4221b6b,10.9535
34,0,5000,0.741254,0.380588,27247,6932,437,biscoito,ebcb60ac37,24.9035
34,1,5000,0.741254,0.380588,27247,6932,437,biscoito,ebcb60ac37,24.9035
34,2,5000,0.741254,0.380588,27247,6932,437,biscoito,ebcb60ac37,24.9035
34,3,5000,0.741254,0.380588,27247,6932,437,biscoito,ebcb60ac37,24.9035
34,4,5000,0.741254,0.380588,27247,6932,437,biscoito,ebcb60ac37,24.9035
34,5,5000,0.741254,0.380588,27247,6932,437,biscoito,ebcb60ac37,24.9035
34,6,5000,0.741254,0.380588,27247,6932,437,biscoito,ebcb60ac37,24.9035
34,7,5000,0.741254,0.380588,27247,6932,437,biscoito,ebcb60ac37,24.9035
34,8,5000,0.741254,0.380588,27247,6932,437,biscoito,ebcb60ac37,24.9035
34,9,5000,0.741254,0.380588,27247,6932,437,biscoito,ebcb60ac37,24.9035
34,10,5000,0.741254,0.380588,27247,6932,437,biscoito,ebcb60ac37,24.9035
34,12,5000,0.741254,0.380588,27247,6932,437,biscoito,ebcb60ac37,24.9035
34,14,5000,0.741254,0.380588,27247,6932,437,biscoito,ebcb60ac37,24.9035
34,15,5000,0.741254,0.380588,27247,6932,437,biscoito,ebcb60ac37,24.9035
34,16,5000,0.741254,0.380588,27247,6932,437,biscoito,ebcb60ac37,24.9035
34,17,5000,0.741254,0.380588,27247,6932,437,biscoito,ebcb60ac37,24.9035
34,11,5000,0.734184,0.378381,27258,6933,440,biscoito,71eab6f35c,15.8115
34,13,5000,0.738066,0.377926,27271,6917,439,biscoito,55b9f3682d,15.8131
34,18,5000,0.735654,0.375025,27237,6913,434,biscoito,44ba279d6f,15.7454
34,19,5000,0.734987,0.379037,27240,6910,441,biscoito,35a74e0a42,15.4753
35,0,5000,0.741254,0.380588,27247,6932,437,biscoito,ebcb60ac37,24.9035
35,1,5000,0.741254,0.380588,27247,6932,437,biscoito,ebcb60ac37,24.9035
35,2,5000,0.741254,0.380588,27247,6932,437,biscoito,ebcb60ac37,24.9035
35,4,5000,0.741254,0.380588,27247,6932,437,biscoito,ebcb60ac37,24.9035
35,5,5000,0.741254,0.380588,27247,6932,437,biscoito,ebcb60ac37,24.9035
35,6,5000,0.741254,0.380588,27247,6932,437,biscoito,ebcb60ac37,24.9035
35,8,5000,0.741254,0.380588,27247,6932,437,biscoito,ebcb60ac37,24.9035
35,11,5000,0.741254,0.380588,27247,6932,437,biscoito,ebcb60ac37,24.9035
35,12,5000,0.741254,0.380588,27247,6932,437,biscoito,ebcb60ac37,24.9035
35,13,5000,0.741254,0.380588,27247,6932,437,biscoito,ebcb60ac37,24.9035
35,14,5000,0.741254,0.380588,27247,6932,437,biscoito,ebcb60ac37,24.9035
35,15,5000,0.741254,0.380588,27247,6932,437,biscoito,ebcb60ac37,24.9035
35,16,5000,0.741254,0.380588,27247,6932,437,biscoito,ebcb60ac37,24.9035
35,17,5000,0.741254,0.380588,27247,6932,437,biscoito,ebcb60ac37,24.9035
35,19,5000,0.741254,0.380588,27247,6932,437,biscoito,ebcb60ac37,24.9035
35,3,5000,0.733685,0.379273,27281,6933,436,biscoito,d6253569dc,18.5920
35,7,5000,0.730613,0.380720,27225,6927,440,biscoito,bf7be7c26f,18.5775
35,9,5000,0.733086,0.377127,27226,6930,437,biscoito,d91483a313,18.5138
35,10,5000,0.736413,0.379340,27272,6945,437,biscoito,829589c5df,18.4311
35,18,5000,0.730082,0.373640,27241,6918,440,biscoito,9c25b84395,18.0929
36,0,5000,0.741254,0.380588,27247,6932,437,biscoito,ebcb60ac37,24.9035
36,1,5000,0.741254,0.380588,27247,6932,437,biscoito,ebcb60ac37,24.9035
36,2,5000,0.741254,0.380588,27247,6932,437,biscoito,ebcb60ac37,24.9035
36,4,5000,0.741254,0.380588,27247,6932,437,biscoito,ebcb60ac37,24.9035
36,5,5000,0.741254,0.380588,27247,6932,437,biscoito,ebcb60ac37,24.9035
36,7,5000,0.741254,0.380588,27247,6932,437,biscoito,ebcb60ac37,24.9035
36,8,5000,0.741254,0.380588,27247,6932,437,biscoito,ebcb60ac37,24.9035
36,9,5000,0.741254,0.380588,27247,6932,437,biscoito,ebcb60ac37,24.9035
36,10,5000,0.741254,0.380588,27247,6932,437,biscoito,ebcb60ac37,24.9035
36,11,5000,0.741254,0.380588,27247,6932,437,biscoito,ebcb60ac37,24.9035
36,12,5000,0.741254,0.380588,27247,6932,437,biscoito,ebcb60ac37,24.9035
36,13,5000,0.741254,0.380588,27247,6932,437,biscoito,ebcb60ac37,24.9035
36,15,5000,0.741254,0.380588,27247,6932,437,biscoito,ebcb60ac37,24.9035
36,16,5000,0.741254,0.380588,27247,6932,437,biscoito,ebcb60ac37,24.9035
36,19,5000,0.741254,0.380588,27247,6932,437,biscoito,ebcb60ac37,24.9035
36,3,5000,0.732227,0.378731,27269,6929,439,biscoito,d6157d8da7,17.6260
36,6,5000,0.735922,0.379536,27232,6938,439,biscoito,d9a39f3df7,17.5485
36,14,5000,0.733964,0.375568,27258,6945,436,biscoito,592b0f05e5,17.3962
36,17,5000,0.738793,0.374302,27244,6935,435,biscoito,94673526b1,17.3281
36,18,5000,0.738570,0.380059,27263,6933,437,biscoito,892934c4cb,17.3040
37,0,5000,0.741254,0.380588,27247,6932,437,biscoito,ebcb60ac37,24.9035
37,2,5000,0.741254,0.380588,27247,6932,437,biscoito,ebcb60ac37,24.9035
37,4,5000,0.741254,0.380588,27247,6932,437,biscoito,ebcb60ac37,24.9035
37,5,5000,0.741254,0.380588,27247,6932,437,biscoito,ebcb60ac37,24.9035
37,6,5000,0.741254,0.380588,27247,6932,437,biscoito,ebcb60ac37,24.9035
37,7,5000,0.741254,0.380588,27247,6932,437,biscoito,ebcb60ac37,24.9035
37,8,5000,0.741254,0.380588,27247,6932,437,biscoito,ebcb60ac37,24.9035
37,9,5000,0.741254,0.380588,27247,6932,437,biscoito,ebcb60ac37,24.9035
37,11,5000,0.741254,0.380588,27247,6932,437,biscoito,ebcb60ac37,24.9035
37,14,5000,0.741254,0.380588,27247,6932,437,biscoito,ebcb60ac37,24.9035
37,15,5000,0.741254,0.380588,27247,6932,437,biscoito,ebcb60ac37,24.9035
37,18,5000,0.741254,0.380588,27247,6932,437,biscoito,ebcb60ac37,24.9035
37,1,5000,0.732247,0.374653,27255,6924,435,biscoito,82184dbfc7,22.9383
37,3,5000,0.739576,0.377034,27213,6908,440,biscoito,e837c1d2e4,24.0131
37,10,5000,0.734723,0.376342,27265,6927,438,biscoito,19d37bf68c,25.0847
37,12,5000,0.733301,0.380169,27239,6934,439,biscoito,f87d6a098b,25.1062
37,13,5000,0.733629,0.380689,27248,6922,439,biscoito,0118f299b2,24.7444
37,16,5000,0.737575,0.380936,27275,6958,438,biscoito,b7b8461893,22.9424
37,17,5000,0.730993,0.379639,27212,6930,440,biscoito,85aee80bb9,21.6804
37,19,5000,0.733289,0.377724,27225,6943,436,biscoito,1372f29187,20.7312
38,0,5000,0.741254,0.380588,27247,6932,437,biscoito,ebcb60ac37,24.9035
38,1,5000,0.741254,0.380588,27247,6932,437,biscoito,ebcb60ac37,24.9035
38,5,5000,0.741254,0.380588,27247,6932,437,biscoito,ebcb60ac37,24.9035
38,6,5000,0.741254,0.380588,27247,6932,437,biscoito,ebcb60ac37,24.9035
38,7,5000,0.741254,0.380588,27247,6932,437,biscoito,ebcb60ac37,24.9035
38,8,5000,0.741254,0.380588,27247,6932,437,biscoito,ebcb60ac37,24.9035
38,9,5000,0.741254,0.380588,27247,6932,437,biscoito,ebcb60ac37,24.9035
38,10,5000,0.741254,0.380588,27247,6932,437,biscoito,ebcb60ac37,24.9035
38,11,5000,0.741254,0.380588,27247,6932,437,biscoito,ebcb60ac37,24.9035
38,12,5000,0.741254,0.380588,27247,6932,437,biscoito,ebcb60ac37,24.9035
38,15,5000,0.741254,0.380588,27247,6932,437,biscoito,ebcb60ac37,24.9035
38,16,5000,0.741254,0.380588,27247,6932,437,biscoito,ebcb60ac37,24.9035
38,17,5000,0.741254,0.380588,27247,6932,437,biscoito,ebcb60ac37,24.9035
38,18,5000,0.741254,0.380588,27247,6932,437,biscoito,ebcb60ac37,24.9035
38,2,5000,0.734468,0.375463,27247,6935,435,biscoito,c01cf0aafd,20.3587
38,3,5000,0.732670,0.377084,27250,6917,439,biscoito,5e36938e77,20.5176
38,4,5000,0.737028,0.377951,27245,6937,437,biscoito,edd923110e,20.3622
38,13,5000,0.738470,0.377523,27269,6920,439,biscoito,40defcda32,21.8552
38,14,5000,0.732499,0.373079,27222,6950,436,biscoito,b42fa1f52a,20.1011
38,19,5000,0.731951,0.378722,27274,6962,438,biscoito,e3888d9a6b,20.4793
39,0,5000,0.741254,0.380588,27247,6932,437,biscoito,ebcb60ac37,24.9035
39,2,5000,0.741254,0.380588,27247,6932,437,biscoito,ebcb60ac37,24.9035
39,3,5000,0.741254,0.380588,27247,6932,437,biscoito,ebcb60ac37,24.9035
39,4,5000,0.741254,0.380588,27247,6932,437,biscoito,ebcb60ac37,24.9035
39,5,5000,0.741254,0.380588,27247,6932,437,biscoito,ebcb60ac37,24.9035
39,6,5000,0.741254,0.380588,27247,6932,437,biscoito,ebcb60ac37,24.9035
39,7,5000,0.741254,0.380588,27247,6932,437,biscoito,ebcb60ac37,24.9035
39,9,5000,0.741254,0.380588,27247,6932,437,biscoito,ebcb60ac37,24.9035
39,10,5000,0.741254,0.380588,27247,6932,437,biscoito,ebcb60ac37,24.9035
39,11,5000,0.741254,0.380588,27247,6932,437,biscoito,ebcb60ac37,24.9035
39,12,5000,0.741254,0.380588,27247,6932,437,biscoito,ebcb60ac37,24.9035
39,13,5000,0.741254,0.380588,27247,6932,437,biscoito,ebcb60ac37,24.9035
39,14,5000,0.741254,0.380588,27247,6932,437,biscoito,ebcb60ac37,24.9035
39,15,5000,0.741254,0.380588,27247,6932,437,biscoito,ebcb60ac37,24.9035
39,16,5000,0.741254,0.380588,27247,6932,437,biscoito,ebcb60ac37,24.9035
39,17,5000,0.741254,0.380588,27247,6932,437,biscoito,ebcb60ac37,24.9035
39,18,5000,0.741254,0.380588,27247,6932,437,biscoito,ebcb60ac37,24.9035
39,19,5000,0.741254,0.380588,27247,6932,437,biscoito,ebcb60ac37,24.9035
39,1,5000,0.734691,0.373894,27222,6902,432,biscoito,1768fb5543,11.2147
39,8,5000,0.738358,0.378900,27218,6919,441,biscoito,3e4a70640a,11.1897
40,0,5000,0.741254,0.380588,27247,6932,437,biscoito,ebcb60ac37,24.9035
40,1,5000,0.741254,0.380588,27247,6932,437,biscoito,ebcb60ac37,24.9035
40,2,5000,0.741254,0.380588,27247,6932,437,biscoito,ebcb60ac37,24.9035
40,3,5000,0.741254,0.380588,27247,6932,437,biscoito,ebcb60ac37,24.9035
40,4,5000,0.741254,0.380588,27247,6932,437,biscoito,ebcb60ac37,24.9035
40,6,5000,0.741254,0.380588,27247,6932,437,biscoito,ebcb60ac37,24.9035
40,7,5000,0.741254,0.380588,27247,6932,437,biscoito,ebcb60ac37,24.9035
40,8,5000,0.741254,0.380588,27247,6932,437,biscoito,ebcb60ac37,24.9035
40,9,5000,0.741254,0.380588,27247,6932,437,biscoito,ebcb60ac37,24.9035
40,10,5000,0.741254,0.380588,27247,6932,437,biscoito,ebcb60ac37,24.9035
40,11,5000,0.741254,0.380588,27247,6932,437,biscoito,ebcb60ac37,24.9035
40,13,5000,0.741254,0.380588,27247,6932,437,biscoito,ebcb60ac37,24.9035
40,14,5000,0.741254,0.380588,27247,6932,437,biscoito,ebcb60ac37,24.9035
40,17,5000,0.741254,0.380588,27247,6932,437,biscoito,ebcb60ac37,24.9035
40,18,5000,0.741254,0.380588,27247,6932,437,biscoito,ebcb60ac37,24.9035
40,19,5000,0.741254,0.380588,27247,6932,437,biscoito,ebcb60ac37,24.9035
40,5,5000,0.734044,0.379807,27269,6932,439,biscoito,0165eb37c7,15.7338
40,12,5000,0.737671,0.380373,27263,6935,437,biscoito,e9aee196b2,15.6644
40,15,5000,0.731252,0.379405,27259,6939,440,biscoito,295b7a506f,15.4200
40,16,5000,0.735322,0.376175,27241,6944,436,biscoito,eb6e2b8f80,15.4160
41,0,5000,0.741254,0.380588,27247,6932,437,biscoito,ebcb60ac37,24.9035
41,1,5000,0.741254,0.380588,27247,6932,437,biscoito,ebcb60ac37,24.9035
41,2,5000,0.741254,0.380588,27247,6932,437,biscoito,ebcb60ac37,24.9035
41,3,5000,0.741254,0.380588,27247,6932,437,biscoito,ebcb60ac37,24.9035
41,5,5000,0.741254,0.380588,27247,6932,437,biscoito,ebcb60ac37,24.9035
41,6,5000,0.741254,0.380588,27247,6932,437,biscoito,ebcb60ac37,24.9035
41,9,5000,0.741254,0.380588,27247,6932,437,biscoito,ebcb60ac37,24.9035
41,10,5000,0.741254,0.380588,27247,6932,437,biscoito,ebcb60ac37,24.9035
41,11,5000,0.741254,0.380588,27247,6932,437,biscoito,ebcb60ac37,24.9035
41,13,5000,0.741254,0.380588,27247,6932,437,biscoito,ebcb60ac37,24.9035
41,14,5000,0.741254,0.380588,27247,6932,437,biscoito,ebcb60ac37,24.9035
41,15,5000,0.741254,0.380588,27247,6932,437,biscoito,ebcb60ac37,24.9035
41,16,5000,0.741254,0.380588,27247,6932,437,biscoito,ebcb60ac37,24.9035
41,4,5000,0.736541,0.378850,27240,6923,440,biscoito,765b501bb4,21.8075
41,7,5000,0.734839,0.374943,27243,6967,436,biscoito,5482d34e81,21.9663
41,8,5000,0.731125,0.373827,27231,6916,437,biscoito,f7ba24e9b2,21.9662
41,12,5000,0.728972,0.375825,27257,6939,440,biscoito,2fc8b8738a,21.4900
41,17,5000,0.736668,0.378230,27233,6959,439,biscoito,fad57edc0f,21.6154
41,18,5000,0.735310,0.375025,27272,6926,439,biscoito,d794b91e19,21.3898
41,19,5000,0.732594,0.375574,27235,6924,437,biscoito,cc49809fc7,20.8946
42,0,5000,0.741254,0.380588,27247,6932,437,biscoito,ebcb60ac37,24.9035
42,1,5000,0.741254,0.380588,27247,6932,437,biscoito,ebcb60ac37,24.9035
42,2,5000,0.741254,0.380588,27247,6932,437,biscoito,ebcb60ac37,24.9035
42,3,5000,0.741254,0.380588,27247,6932,437,biscoito,ebcb60ac37,24.9035
42,5,5000,0.741254,0.380588,27247,6932,437,biscoito,ebcb60ac37,24.9035
42,6,5000,0.741254,0.380588,27247,6932,437,biscoito,ebcb60ac37,24.9035
42,7,5000,0.741254,0.380588,27247,6932,437,biscoito,ebcb60ac37,24.9035
42,8,5000,0.741254,0.380588,27247,6932,437,biscoito,ebcb60ac37,24.9035
42,9,5000,0.741254,0.380588,27247,6932,437,biscoito,ebcb60ac37,24.9035
42,13,5000,0.741254,0.380588,27247,6932,437,biscoito,ebcb60ac37,24.9035
42,14,5000,0.741254,0.380588,27247,6932,437,biscoito,ebcb60ac37,24.9035
42,15,5000,0.741254,0.380588,27247,6932,437,biscoito,ebcb60ac37,24.9035
42,17,5000,0.741254,0.380588,27247,6932,437,biscoito,ebcb60ac37,24.9035
42,4,5000,0.732906,0.376353,27268,6924,438,biscoito,5c22fa1156,23.3395
42,10,5000,0.735690,0.377236,27259,6924,437,biscoito,e093e555a0,23.1774
42,11,5000,0.736213,0.379988,27248,6923,440,biscoito,72e70b709e,22.9603
42,12,5000,0.736944,0.377061,27239,6932,437,biscoito,8fc1e89c2e,22.5127
42,16,5000,0.731668,0.376810,27215,6956,436,biscoito,888b6ebcaf,22.3976
42,18,5000,0.732646,0.378907,27227,6947,437,biscoito,0fc4b4b07b,22.7542
42,19,5000,0.736133,0.381507,27247,6926,439,biscoito,efcd165553,22.0436
43,0,5000,0.741254,0.380588,27247,6932,437,biscoito,ebcb60ac37,24.9035
43,1,5000,0.741254,0.380588,27247,6932,437,biscoito,ebcb60ac37,24.9035
43,2,5000,0.741254,0.380588,27247,6932,437,biscoito,ebcb60ac37,24.9035
43,3,5000,0.741254,0.380588,27247,6932,437,biscoito,ebcb60ac37,24.9035
43,4,5000,0.741254,0.380588,27247,6932,437,biscoito,ebcb60ac37,24.9035
43,6,5000,0.741254,0.380588,27247,6932,437,biscoito,ebcb60ac37,24.9035
43,7,5000,0.741254,0.380588,27247,6932,437,biscoito,ebcb60ac37,24.9035
43,8,5000,0.741254,0.380588,27247,6932,437,biscoito,ebcb60ac37,24.9035
43,9,5000,0.741254,0.380588,27247,6932,437,biscoito,ebcb60ac37,24.9035
43,10,5000,0.741254,0.380588,27247,6932,437,biscoito,ebcb60ac37,24.9035
43,11,5000,0.741254,0.380588,27247,6932,437,biscoito,ebcb60ac37,24.9035
43,13,5000,0.741254,0.380588,27247,6932,437,biscoito,ebcb60ac37,24.9035
43,14,5000,0.741254,0.380588,27247,6932,437,biscoito,ebcb60ac37,24.9035
43,15,5000,0.741254,0.380588,27247,6932,437,biscoito,ebcb60ac37,24.9035
43,16,5000,0.741254,0.380588,27247,6932,437,biscoito,ebcb60ac37,24.9035
43,17,5000,0.741254,0.380588,27247,6932,437,biscoito,ebcb60ac37,24.9035
43,18,5000,0.741254,0.380588,27247,6932,437,biscoito,ebcb60ac37,24.9035
43,19,5000,0.741254,0.380588,27247,6932,437,biscoito,ebcb60ac37,24.9035
43,5,5000,0.732994,0.380073,27254,6949,439,biscoito,88bc272922,11.0107
43,12,5000,0.733948,0.375841,27254,6923,438,biscoito,9c8304ef37,11.0058
44,0,5000,0.741254,0.380588,27247,6932,437,biscoito,ebcb60ac37,24.9035
44,1,5000,0.741254,0.380588,27247,6932,437,biscoito,ebcb60ac37,24.9035
44,2,5000,0.741254,0.380588,27247,6932,437,biscoito,ebcb60ac37,24.9035
44,3,5000,0.741254,0.380588,27247,6932,437,biscoito,ebcb60ac37,24.9035
44,6,5000,0.741254,0.380588,27247,6932,437,biscoito,ebcb60ac37,24.9035
44,7,5000,0.741254,0.380588,27247,6932,437,biscoito,ebcb60ac37,24.9035
44,8,5000,0.741254,0.380588,27247,6932,437,biscoito,ebcb60ac37,24.9035
44,10,5000,0.741254,0.380588,27247,6932,437,biscoito,ebcb60ac37,24.9035
44,11,5000,0.741254,0.380588,27247,6932,437,biscoito,ebcb60ac37,24.9035
44,12,5000,0.741254,0.380588,27247,6932,437,biscoito,ebcb60ac37,24.9035
44,13,5000,0.741254,0.380588,27247,6932,437,biscoito,ebcb60ac37,24.9035
44,14,5000,0.741254,0.380588,27247,6932,437,biscoito,ebcb60ac37,24.9035
44,15,5000,0.741254,0.380588,27247,6932,437,biscoito,ebcb60ac37,24.9035
44,16,5000,0.741254,0.380588,27247,6932,437,biscoito,ebcb60ac37,24.9035
44,19,5000,0.741254,0.380588,27247,6932,437,biscoito,ebcb60ac37,24.9035
44,4,5000,0.737859,0.378579,27205,6908,438,biscoito,59df4d67af,20.6818
44,5,5000,0.735622,0.373747,27251,6924,435,biscoito,4759c80ec8,20.7672
44,9,5000,0.733126,0.378758,27245,6950,435,biscoito,a445820f21,21.0465
44,17,5000,0.737036,0.376118,27274,6931,435,biscoito,766b26e632,20.7788
44,18,5000,0.737335,0.376669,27228,6953,434,biscoito,bcba53e7ac,20.3719
45,0,5000,0.741254,0.380588,27247,6932,437,biscoito,ebcb60ac37,24.9035
45,1,5000,0.741254,0.380588,27247,6932,437,biscoito,ebcb60ac37,24.9035
45,2,5000,0.741254,0.380588,27247,6932,437,biscoito,ebcb60ac37,24.9035
45,3,5000,0.741254,0.380588,27247,6932,437,biscoito,ebcb60ac37,24.9035
45,4,5000,0.741254,0.380588,27247,6932,437,biscoito,ebcb60ac37,24.9035
45,5,5000,0.741254,0.380588,27247,6932,437,biscoito,ebcb60ac37,24.9035
45,6,5000,0.741254,0.380588,27247,6932,437,biscoito,ebcb60ac37,24.9035
45,9,5000,0.741254,0.380588,27247,6932,437,biscoito,ebcb60ac37,24.9035
45,12,5000,0.741254,0.380588,27247,6932,437,biscoito,ebcb60ac37,24.9035
45,13,5000,0.741254,0.380588,27247,6932,437,biscoito,ebcb60ac37,24.9035
45,14,5000,0.741254,0.380588,27247,6932,437,biscoito,ebcb60ac37,24.9035
45,15,5000,0.741254,0.380588,27247,6932,437,biscoito,ebcb60ac37,24.9035
45,16,5000,0.741254,0.380588,27247,6932,437,biscoito,ebcb60ac37,24.9035
45,17,5000,0.741254,0.380588,27247,6932,437,biscoito,ebcb60ac37,24.9035
45,18,5000,0.741254,0.380588,27247,6932,437,biscoito,ebcb60ac37,24.9035
45,19,5000,0.741254,0.380588,27247,6932,437,biscoito,ebcb60ac37,24.9035
45,7,5000,0.733585,0.375261,27252,6934,436,biscoito,6f7c9df50f,15.7691
45,8,5000,0.732223,0.376004,27269,6929,436,biscoito,bd4086c481,15.8902
45,10,5000,0.733162,0.375026,27255,6940,439,biscoito,55fae6eb3d,15.6941
45,11,5000,0.737483,0.377863,27233,6933,435,biscoito,fc5fd082c4,15.7178
46,0,5000,0.741254,0.380588,27247,6932,437,biscoito,ebcb60ac37,24.9035
46,1,5000,0.741254,0.380588,27247,6932,437,biscoito,ebcb60ac37,24.9035
46,2,5000,0.741254,0.380588,27247,6932,437,biscoito,ebcb60ac37,24.9035
46,3,5000,0.741254,0.380588,27247,6932,437,biscoito,ebcb60ac37,24.9035
46,4,5000,0.741254,0.380588,27247,6932,437,biscoito,ebcb60ac37,24.9035
46,5,5000,0.741254,0.380588,27247,6932,437,biscoito,ebcb60ac37,24.9035
46,6,5000,0.741254,0.380588,27247,6932,437,biscoito,ebcb60ac37,24.9035
46,7,5000,0.741254,0.380588,27247,6932,437,biscoito,ebcb60ac37,24.9035
46,9,5000,0.741254,0.380588,27247,6932,437,biscoito,ebcb60ac37,24.9035
46,15,5000,0.741254,0.380588,27247,6932,437,biscoito,ebcb60ac37,24.9035
46,17,5000,0.741254,0.380588,27247,6932,437,biscoito,ebcb60ac37,24.9035
46,18,5000,0.741254,0.380588,27247,6932,437,biscoito,ebcb60ac37,24.9035
46,19,5000,0.741254,0.380588,27247,6932,437,biscoito,ebcb60ac37,24.9035
46,8,5000,0.737052,0.378105,27292,6950,437,biscoito,33d5bd3912,23.3309
46,10,5000,0.735606,0.374214,27253,6928,435,biscoito,6985846b67,22.0520
46,11,5000,0.738849,0.384729,27274,6932,440,biscoito,47e54890de,22.5588
46,12,5000,0.733269,0.380197,27255,6926,438,biscoito,d7ff6ff1db,22.2941
46,13,5000,0.730250,0.373810,27242,6939,439,biscoito,62bb737c20,22.3484
46,14,5000,0.732686,0.375183,27260,6933,437,biscoito,7ada6e3715,21.8054
46,16,5000,0.734092,0.382498,27262,6942,437,biscoito,9a09b3e19c,20.7635
47,0,5000,0.741254,0.380588,27247,6932,437,biscoito,ebcb60ac37,24.9035
47,1,5000,0.741254,0.380588,27247,6932,437,biscoito,ebcb60ac37,24.9035
47,2,5000,0.741254,0.380588,27247,6932,437,biscoito,ebcb60ac37,24.9035
47,3,5000,0.741254,0.380588,27247,6932,437,biscoito,ebcb60ac37,24.9035
47,4,5000,0.735606,0.374214,27253,6928,435,biscoito,6985846b67,22.0520
47,6,5000,0.741254,0.380588,27247,6932,437,biscoito,ebcb60ac37,24.9035
47,7,5000,0.741254,0.380588,27247,6932,437,biscoito,ebcb60ac37,24.9035
47,8,5000,0.741254,0.380588,27247,6932,437,biscoito,ebcb60ac37,24.9035
47,12,5000,0.741254,0.380588,27247,6932,437,biscoito,ebcb60ac37,24.9035
47,13,5000,0.741254,0.380588,27247,6932,437,biscoito,ebcb60ac37,24.9035
47,14,5000,0.741254,0.380588,27247,6932,437,biscoito,ebcb60ac37,24.9035
47,15,5000,0.741254,0.380588,27247,6932,437,biscoito,ebcb60ac37,24.9035
47,16,5000,0.741254,0.380588,27247,6932,437,biscoito,ebcb60ac37,24.9035
47,17,5000,0.741254,0.380588,27247,6932,437,biscoito,ebcb60ac37,24.9035
47,18,5000,0.741254,0.380588,27247,6932,437,biscoito,ebcb60ac37,24.9035
47,5,5000,0.732199,0.378190,27248,6935,437,biscoito,800bb5aee9,18.0923
47,9,5000,0.733206,0.378409,27270,6936,439,biscoito,b0fbc0d32e,18.0857
47,10,5000,0.734200,0.372871,27283,6928,432,biscoito,096cf702b0,17.9090
47,11,5000,0.735043,0.375646,27235,6934,437,biscoito,71f2b6f6c3,17.9124
47,19,5000,0.732135,0.379511,27247,6925,436,biscoito,bd21d143f0,17.6798
48,0,5000,0.741254,0.380588,27247,6932,437,biscoito,ebcb60ac37,24.9035
48,1,5000,0.741254,0.380588,27247,6932,437,biscoito,ebcb60ac37,24.9035
48,2,5000,0.741254,0.380588,27247,6932,437,biscoito,ebcb60ac37,24.9035
48,3,5000,0.741254,0.380588,27247,6932,437,biscoito,ebcb60ac37,24.9035
48,4,5000,0.741254,0.380588,27247,6932,437,biscoito,ebcb60ac37,24.9035
48,7,5000,0.741254,0.380588,27247,6932,437,biscoito,ebcb60ac37,24.9035
48,8,5000,0.741254,0.380588,27247,6932,437,biscoito,ebcb60ac37,24.9035
48,9,5000,0.741254,0.380588,27247,6932,437,biscoito,ebcb60ac37,24.9035
48,13,5000,0.741254,0.380588,27247,6932,437,biscoito,ebcb60ac37,24.9035
48,16,5000,0.741254,0.380588,27247,6932,437,biscoito,ebcb60ac37,24.9035
48,17,5000,0.741254,0.380588,27247,6932,437,biscoito,ebcb60ac37,24.9035
48,18,5000,0.741254,0.380588,27247,6932,437,biscoito,ebcb60ac37,24.9035
48,19,5000,0.741254,0.380588,27247,6932,437,biscoito,ebcb60ac37,24.9035
48,5,5000,0.731328,0.378054,27267,6944,437,biscoito,517045502c,21.6887
48,6,5000,0.735119,0.377893,27249,6931,436,biscoito,4729d4345b,21.8231
48,10,5000,0.734516,0.379033,27256,6931,437,biscoito,72d006b3b7,21.4673
48,11,5000,0.729854,0.377992,27237,6934,438,biscoito,8995bade99,21.7268
48,12,5000,0.738833,0.383246,27245,6932,436,biscoito,4730188a21,21.4793
48,14,5000,0.735670,0.377955,27268,6931,438,biscoito,dc69e24334,20.5705
48,15,5000,0.735902,0.378954,27247,6947,439,biscoito,a01dd7ea97,19.9649
49,0,5000,0.741254,0.380588,27247,6932,437,biscoito,ebcb60ac37,24.9035
49,1,5000,0.741254,0.380588,27247,6932,437,biscoito,ebcb60ac37,24.9035
49,2,5000,0.741254,0.380588,27247,6932,437,biscoito,ebcb60ac37,24.9035
49,3,5000,0.741254,0.380588,27247,6932,437,biscoito,ebcb60ac37,24.9035
49,4,5000,0.741254,0.380588,27247,6932,437,biscoito,ebcb60ac37,24.9035
49,5,5000,0.741254,0.380588,27247,6932,437,biscoito,ebcb60ac37,24.9035
49,6,5000,0.741254,0.380588,27247,6932,437,biscoito,ebcb60ac37,24.9035
49,7,5000,0.741254,0.380588,27247,6932,437,biscoito,ebcb60ac37,24.9035
49,9,5000,0.741254,0.380588,27247,6932,437,biscoito,ebcb60ac37,24.9035
49,12,5000,0.741254,0.380588,27247,6932,437,biscoito,ebcb60ac37,24.9035
49,13,5000,0.741254,0.380588,27247,6932,437,biscoito,ebcb60ac37,24.9035
49,14,5000,0.741254,0.380588,27247,6932,437,biscoito,ebcb60ac37,24.9035
49,17,5000,0.741254,0.380588,27247,6932,437,biscoito,ebcb60ac37,24.9035
49,18,5000,0.741254,0.380588,27247,6932,437,biscoito,ebcb60ac37,24.9035
49,19,5000,0.741254,0.380588,27247,6932,437,biscoito,ebcb60ac37,24.9035
49,8,5000,0.730218,0.377459,27256,6919,436,biscoito,35ab3e7aa5,19.6542
49,10,5000,0.738166,0.378251,27243,6946,435,biscoito,825e13be27,19.6048
49,11,5000,0.739293,0.379465,27252,6928,437,biscoito,75b9c3349f,19.6028
49,15,5000,0.738426,0.375386,27250,6926,435,biscoito,2e76e2c023,19.3197
49,16,5000,0.737120,0.380333,27265,6939,438,biscoito,7e31979f1c,18.9373
50,0,5000,0.741254,0.380588,27247,6932,437,biscoito,ebcb60ac37,24.9035
50,1,5000,0.741254,0.380588,27247,6932,437,biscoito,ebcb60ac37,24.9035
50,2,5000,0.741254,0.380588,27247,6932,437,biscoito,ebcb60ac37,24.9035
50,3,5000,0.741254,0.380588,27247,6932,437,biscoito,ebcb60ac37,24.9035
50,4,5000,0.741254,0.380588,27247,6932,437,biscoito,ebcb60ac37,24.9035
50,7,5000,0.741254,0.380588,27247,6932,437,biscoito,ebcb60ac37,24.9035
50,10,5000,0.741254,0.380588,27247,6932,437,biscoito,ebcb60ac37,24.9035
50,11,5000,0.741254,0.380588,27247,6932,437,biscoito,ebcb60ac37,24.9035
50,13,5000,0.741254,0.380588,27247,6932,437,biscoito,ebcb60ac37,24.9035
50,14,5000,0.741254,0.380588,27247,6932,437,biscoito,ebcb60ac37,24.9035
50,15,5000,0.741254,0.380588,27247,6932,437,biscoito,ebcb60ac37,24.9035
50,16,5000,0.741254,0.380588,27247,6932,437,biscoito,ebcb60ac37,24.9035
50,18,5000,0.741254,0.380588,27247,6932,437,biscoito,ebcb60ac37,24.9035
50,19,5000,0.741254,0.380588,27247,6932,437,biscoito,ebcb60ac37,24.9035
50,5,5000,0.734703,0.376707,27238,6917,438,biscoito,a0d21d0c12,20.5509
50,6,5000,0.731844,0.372755,27252,6940,433,biscoito,21a217ddeb,20.4245
50,8,5000,0.739892,0.384304,27261,6922,443,biscoito,bdb7e19cce,20.6563
50,9,5000,0.730162,0.371588,27239,6902,435,biscoito,c96a648286,20.4119
50,12,5000,0.738885,0.379055,27248,6940,439,biscoito,96214d55d0,20.3773
50,17,5000,0.732007,0.377879,27248,6910,438,biscoito,421dec0075,20.0623
51,0,5000,0.741254,0.380588,27247,6932,437,biscoito,ebcb60ac37,24.9035
51,2,5000,0.741254,0.380588,27247,6932,437,biscoito,ebcb60ac37,24.9035
51,3,5000,0.741254,0.380588,27247,6932,437,biscoito,ebcb60ac37,24.9035
51,4,5000,0.741254,0.380588,27247,6932,437,biscoito,ebcb60ac37,24.9035
51,5,5000,0.741254,0.380588,27247,6932,437,biscoito,ebcb60ac37,24.9035
51,6,5000,0.741254,0.380588,27247,6932,437,biscoito,ebcb60ac37,24.9035
51,8,5000,0.741254,0.380588,27247,6932,437,biscoito,ebcb60ac37,24.9035
51,9,5000,0.741254,0.380588,27247,6932,437,biscoito,ebcb60ac37,24.9035
51,10,5000,0.741254,0.380588,27247,6932,437,biscoito,ebcb60ac37,24.9035
51,11,5000,0.741254,0.380588,27247,6932,437,biscoito,ebcb60ac37,24.9035
51,12,5000,0.741254,0.380588,27247,6932,437,biscoito,ebcb60ac37,24.9035
51,13,5000,0.741254,0.380588,27247,6932,437,biscoito,ebcb60ac37,24.9035
51,14,5000,0.741254,0.380588,27247,6932,437,biscoito,ebcb60ac37,24.9035
51,15,5000,0.741254,0.380588,27247,6932,437,biscoito,ebcb60ac37,24.9035
51,16,5000,0.741254,0.380588,27247,6932,437,biscoito,ebcb60ac37,24.9035
51,17,5000,0.741254,0.380588,27247,6932,437,biscoito,ebcb60ac37,24.9035
51,18,5000,0.741254,0.380588,27247,6932,437,biscoito,ebcb60ac37,24.9035
51,19,5000,0.741254,0.380588,27247,6932,437,biscoito,ebcb60ac37,24.9035
51,1,5000,0.730470,0.373862,27242,6948,438,biscoito,1347fc9d1c,11.4419
51,7,5000,0.731444,0.372467,27250,6919,437,biscoito,374afc9fb0,11.5453
52,0,5000,0.741254,0.380588,27247,6932,437,biscoito,ebcb60ac37,24.9035
52,1,5000,0.741254,0.380588,27247,6932,437,biscoito,ebcb60ac37,24.9035
52,2,5000,0.741254,0.380588,27247,6932,437,biscoito,ebcb60ac37,24.9035
52,3,5000,0.741254,0.380588,27247,6932,437,biscoito,ebcb60ac37,24.9035
52,4,5000,0.741254,0.380588,27247,6932,437,biscoito,ebcb60ac37,24.9035
52,5,5000,0.741254,0.380588,27247,6932,437,biscoito,ebcb60ac37,24.9035
52,7,5000,0.741254,0.380588,27247,6932,437,biscoito,ebcb60ac37,24.9035
52,8,5000,0.741254,0.380588,27247,6932,437,biscoito,ebcb60ac37,24.9035
52,9,5000,0.741254,0.380588,27247,6932,437,biscoito,ebcb60ac37,24.9035
52,10,5000,0.741254,0.380588,27247,6932,437,biscoito,ebcb60ac37,24.9035
52,11,5000,0.741254,0.380588,27247,6932,437,biscoito,ebcb60ac37,24.9035
52,12,5000,0.741254,0.380588,27247,6932,437,biscoito,ebcb60ac37,24.9035
52,13,5000,0.741254,0.380588,27247,6932,437,biscoito,ebcb60ac37,24.9035
52,14,5000,0.741254,0.380588,27247,6932,437,biscoito,ebcb60ac37,24.9035
52,17,5000,0.741254,0.380588,27247,6932,437,biscoito,ebcb60ac37,24.9035
52,18,5000,0.741254,0.380588,27247,6932,437,biscoito,ebcb60ac37,24.9035
52,19,5000,0.741254,0.380588,27247,6932,437,biscoito,ebcb60ac37,24.9035
52,6,5000,0.735406,0.376303,27255,6935,435,biscoito,a0aae25220,12.7262
52,15,5000,0.731883,0.376523,27261,6930,435,biscoito,808e4841c6,12.9490
52,16,5000,0.739229,0.379877,27239,6923,437,biscoito,3d2af2edb3,12.8143
53,0,5000,0.741254,0.380588,27247,6932,437,biscoito,ebcb60ac37,24.9035
53,1,5000,0.741254,0.380588,27247,6932,437,biscoito,ebcb60ac37,24.9035
53,2,5000,0.741254,0.380588,27247,6932,437,biscoito,ebcb60ac37,24.9035
53,3,5000,0.741254,0.380588,27247,6932,437,biscoito,ebcb60ac37,24.9035
53,4,5000,0.741254,0.380588,27247,6932,437,biscoito,ebcb60ac37,24.9035
53,5,5000,0.741254,0.380588,27247,6932,437,biscoito,ebcb60ac37,24.9035
53,6,5000,0.741254,0.380588,27247,6932,437,biscoito,ebcb60ac37,24.9035
53,7,5000,0.741254,0.380588,27247,6932,437,biscoito,ebcb60ac37,24.9035
53,11,5000,0.741254,0.380588,27247,6932,437,biscoito,ebcb60ac37,24.9035
53,13,5000,0.741254,0.380588,27247,6932,437,biscoito,ebcb60ac37,24.9035
53,14,5000,0.741254,0.380588,27247,6932,437,biscoito,ebcb60ac37,24.9035
53,16,5000,0.741254,0.380588,27247,6932,437,biscoito,ebcb60ac37,24.9035
53,17,5000,0.741254,0.380588,27247,6932,437,biscoito,ebcb60ac37,24.9035
53,18,5000,0.741254,0.380588,27247,6932,437,biscoito,ebcb60ac37,24.9035
53,19,5000,0.741254,0.380588,27247,6932,437,biscoito,ebcb60ac37,24.9035
53,8,5000,0.734923,0.376451,27235,6937,434,biscoito,ebc043166a,17.6337
53,9,5000,0.733976,0.381551,27227,6935,440,biscoito,88d97da180,18.0259
53,10,5000,0.735530,0.376877,27248,6949,434,biscoito,050944ffd9,17.9349
53,12,5000,0.736792,0.381322,27254,6942,437,biscoito,1aa6973ecf,17.7865
53,15,5000,0.731935,0.378093,27251,6950,438,biscoito,fd61d53b06,17.6555
54,0,5000,0.741254,0.380588,27247,6932,437,biscoito,ebcb60ac37,24.9035
54,1,5000,0.741254,0.380588,27247,6932,437,biscoito,ebcb60ac37,24.9035
54,2,5000,0.741254,0.380588,27247,6932,437,biscoito,ebcb60ac37,24.9035
54,3,5000,0.741254,0.380588,27247,6932,437,biscoito,ebcb60ac37,24.9035
54,6,5000,0.741254,0.380588,27247,6932,437,biscoito,ebcb60ac37,24.9035
54,7,5000,0.741254,0.380588,27247,6932,437,biscoito,ebcb60ac37,24.9035
54,8,5000,0.741254,0.380588,27247,6932,437,biscoito,ebcb60ac37,24.9035
54,10,5000,0.741254,0.380588,27247,6932,437,biscoito,ebcb60ac37,24.9035
54,11,5000,0.741254,0.380588,27247,6932,437,biscoito,ebcb60ac37,24.9035
54,13,5000,0.741254,0.380588,27247,6932,437,biscoito,ebcb60ac37,24.9035
54,14,5000,0.741254,0.380588,27247,6932,437,biscoito,ebcb60ac37,24.9035
54,15,5000,0.741254,0.380588,27247,6932,437,biscoito,ebcb60ac37,24.9035
54,16,5000,0.741254,0.380588,27247,6932,437,biscoito,ebcb60ac37,24.9035
54,17,5000,0.741254,0.380588,27247,6932,437,biscoito,ebcb60ac37,24.9035
54,18,5000,0.741254,0.380588,27247,6932,437,biscoito,ebcb60ac37,24.9035
54,19,5000,0.741254,0.380588,27247,6932,437,biscoito,ebcb60ac37,24.9035
54,4,5000,0.731784,0.374745,27224,6948,435,biscoito,7985da9f73,15.1997
54,5,5000,0.728009,0.372757,27250,6926,435,biscoito,d2bda3f432,15.0506
54,9,5000,0.731248,0.375769,27241,6935,440,biscoito,3d44f961e1,15.1468
54,12,5000,0.727414,0.376033,27268,6932,438,biscoito,725733f513,15.0255
55,0,5000,0.741254,0.380588,27247,6932,437,biscoito,ebcb60ac37,24.9035
55,1,5000,0.741254,0.380588,27247,6932,437,biscoito,ebcb60ac37,24.9035
55,3,5000,0.741254,0.380588,27247,6932,437,biscoito,ebcb60ac37,24.9035
55,4,5000,0.741254,0.380588,27247,6932,437,biscoito,ebcb60ac37,24.9035
55,5,5000,0.741254,0.380588,27247,6932,437,biscoito,ebcb60ac37,24.9035
55,6,5000,0.741254,0.380588,27247,6932,437,biscoito,ebcb60ac37,24.9035
55,8,5000,0.741254,0.380588,27247,6932,437,biscoito,ebcb60ac37,24.9035
55,10,5000,0.741254,0.380588,27247,6932,437,biscoito,ebcb60ac37,24.9035
55,11,5000,0.741254,0.380588,27247,6932,437,biscoito,ebcb60ac37,24.9035
55,12,5000,0.741254,0.380588,27247,6932,437,biscoito,ebcb60ac37,24.9035
55,14,5000,0.741254,0.380588,27247,6932,437,biscoito,ebcb60ac37,24.9035
55,15,5000,0.741254,0.380588,27247,6932,437,biscoito,ebcb60ac37,24.9035
55,16,5000,0.741254,0.380588,27247,6932,437,biscoito,ebcb60ac37,24.9035
55,17,5000,0.741254,0.380588,27247,6932,437,biscoito,ebcb60ac37,24.9035
55,18,5000,0.741254,0.380588,27247,6932,437,biscoito,ebcb60ac37,24.9035
55,19,5000,0.741254,0.380588,27247,6932,437,biscoito,ebcb60ac37,24.9035
55,2,5000,0.733737,0.379926,27224,6944,440,biscoito,6e16dc236d,15.7844
55,7,5000,0.732694,0.379608,27249,6948,439,biscoito,7f43626900,16.0325
55,9,5000,0.736301,0.377587,27268,6944,438,biscoito,97e241faeb,15.6746
55,13,5000,0.734516,0.378061,27236,6920,435,biscoito,d21824eedd,15.7484
56,0,5000,0.741254,0.380588,27247,6932,437,biscoito,ebcb60ac37,24.9035
56,1,5000,0.741254,0.380588,27247,6932,437,biscoito,ebcb60ac37,24.9035
56,3,5000,0.741254,0.380588,27247,6932,437,biscoito,ebcb60ac37,24.9035
56,4,5000,0.741254,0.380588,27247,6932,437,biscoito,ebcb60ac37,24.9035
56,5,5000,0.741254,0.380588,27247,6932,437,biscoito,ebcb60ac37,24.9035
56,6,5000,0.741254,0.380588,27247,6932,437,biscoito,ebcb60ac37,24.9035
56,7,5000,0.741254,0.380588,27247,6932,437,biscoito,ebcb60ac37,24.9035
56,8,5000,0.741254,0.380588,27247,6932,437,biscoito,ebcb60ac37,24.9035
56,9,5000,0.741254,0.380588,27247,6932,437,biscoito,ebcb60ac37,24.9035
56,10,5000,0.741254,0.380588,27247,6932,437,biscoito,ebcb60ac37,24.9035
56,11,5000,0.741254,0.380588,27247,6932,437,biscoito,ebcb60ac37,24.9035
56,12,5000,0.741254,0.380588,27247,6932,437,biscoito,ebcb60ac37,24.9035
56,13,5000,0.741254,0.380588,27247,6932,437,biscoito,ebcb60ac37,24.9035
56,14,5000,0.741254,0.380588,27247,6932,437,biscoito,ebcb60ac37,24.9035
56,15,5000,0.741254,0.380588,27247,6932,437,biscoito,ebcb60ac37,24.9035
56,16,5000,0.741254,0.380588,27247,6932,437,biscoito,ebcb60ac37,24.9035
56,18,5000,0.741254,0.380588,27247,6932,437,biscoito,ebcb60ac37,24.9035
56,19,5000,0.741254,0.380588,27247,6932,437,biscoito,ebcb60ac37,24.9035
56,2,5000,0.737220,0.380194,27270,6923,436,biscoito,ad8fcde20e,10.9724
56,17,5000,0.737244,0.379534,27274,6928,437,biscoito,fb58753e06,11.0253
57,0,5000,0.741254,0.380588,27247,6932,437,biscoito,ebcb60ac37,24.9035
57,1,5000,0.741254,0.380588,27247,6932,437,biscoito,ebcb60ac37,24.9035
57,2,5000,0.741254,0.380588,27247,6932,437,biscoito,ebcb60ac37,24.9035
57,4,5000,0.741254,0.380588,27247,6932,437,biscoito,ebcb60ac37,24.9035
57,5,5000,0.741254,0.380588,27247,6932,437,biscoito,ebcb60ac37,24.9035
57,6,5000,0.741254,0.380588,27247,6932,437,biscoito,ebcb60ac37,24.9035
57,7,5000,0.741254,0.380588,27247,6932,437,biscoito,ebcb60ac37,24.9035
57,8,5000,0.741254,0.380588,27247,6932,437,biscoito,ebcb60ac37,24.9035
57,11,5000,0.741254,0.380588,27247,6932,437,biscoito,ebcb60ac37,24.9035
57,12,5000,0.741254,0.380588,27247,6932,437,biscoito,ebcb60ac37,24.9035
57,14,5000,0.741254,0.380588,27247,6932,437,biscoito,ebcb60ac37,24.9035
57,15,5000,0.741254,0.380588,27247,6932,437,biscoito,ebcb60ac37,24.9035
57,17,5000,0.741254,0.380588,27247,6932,437,biscoito,ebcb60ac37,24.9035
57,18,5000,0.741254,0.380588,27247,6932,437,biscoito,ebcb60ac37,24.9035
57,3,5000,0.730693,0.379097,27242,6900,436,biscoito,444ebc5bf3,19.9165
57,9,5000,0.736932,0.372547,27278,6930,433,biscoito,ec97d10ec7,19.4887
57,10,5000,0.738186,0.380088,27233,6933,436,biscoito,c3b787d7b0,19.7777
57,13,5000,0.734468,0.378590,27250,6930,438,biscoito,c115a3c7d8,19.7108
57,16,5000,0.728992,0.377036,27256,6935,437,biscoito,718bffb065,19.6948
57,19,5000,0.731316,0.375176,27270,6907,438,biscoito,a85131d67f,19.4130
58,0,5000,0.741254,0.380588,27247,6932,437,biscoito,ebcb60ac37,24.9035
58,1,5000,0.741254,0.380588,27247,6932,437,biscoito,ebcb60ac37,24.9035
58,3,5000,0.741254,0.380588,27247,6932,437,biscoito,ebcb60ac37,24.9035
58,4,5000,0.741254,0.380588,27247,6932,437,biscoito,ebcb60ac37,24.9035
58,5,5000,0.741254,0.380588,27247,6932,437,biscoito,ebcb60ac37,24.9035
58,6,5000,0.741254,0.380588,27247,6932,437,biscoito,ebcb60ac37,24.9035
58,7,5000,0.741254,0.380588,27247,6932,437,biscoito,ebcb60ac37,24.9035
58,8,5000,0.741254,0.380588,27247,6932,437,biscoito,ebcb60ac37,24.9035
58,9,5000,0.741254,0.380588,27247,6932,437,biscoito,ebcb60ac37,24.9035
58,11,5000,0.741254,0.380588,27247,6932,437,biscoito,ebcb60ac37,24.9035
58,12,5000,0.741254,0.380588,27247,6932,437,biscoito,ebcb60ac37,24.9035
58,13,5000,0.741254,0.380588,27247,6932,437,biscoito,ebcb60ac37,24.9035
58,14,5000,0.741254,0.380588,27247,6932,437,biscoito,ebcb60ac37,24.9035
58,15,5000,0.741254,0.380588,27247,6932,437,biscoito,ebcb60ac37,24.9035
58,16,5000,0.741254,0.380588,27247,6932,437,biscoito,ebcb60ac37,24.9035
58,2,5000,0.731133,0.373097,27224,6926,433,biscoito,13fffc2228,18.5013
58,10,5000,0.734603,0.375813,27296,6927,439,biscoito,7f85cb6377,18.3623
58,17,5000,0.735251,0.373141,27253,6933,439,biscoito,0800c38b66,18.4614
58,18,5000,0.733581,0.375986,27259,6915,436,biscoito,4d098113c4,18.2532
58,19,5000,0.731480,0.377006,27257,6951,438,biscoito,026a791057,17.9996
59,0,5000,0.741254,0.380588,27247,6932,437,biscoito,ebcb60ac37,24.9035
59,4,5000,0.741254,0.380588,27247,6932,437,biscoito,ebcb60ac37,24.9035
59,6,5000,0.741254,0.380588,27247,6932,437,biscoito,ebcb60ac37,24.9035
59,7,5000,0.741254,0.380588,27247,6932,437,biscoito,ebcb60ac37,24.9035
59,8,5000,0.741254,0.380588,27247,6932,437,biscoito,ebcb60ac37,24.9035
59,9,5000,0.741254,0.380588,27247,6932,437,biscoito,ebcb60ac37,24.9035
59,10,5000,0.741254,0.380588,27247,6932,437,biscoito,ebcb60ac37,24.9035
59,11,5000,0.741254,0.380588,27247,6932,437,biscoito,ebcb60ac37,24.9035
59,12,5000,0.741254,0.380588,27247,6932,437,biscoito,ebcb60ac37,24.9035
59,13,5000,0.741254,0.380588,27247,6932,437,biscoito,ebcb60ac37,24.9035
59,14,5000,0.741254,0.380588,27247,6932,437,biscoito,ebcb60ac37,24.9035
59,15,5000,0.741254,0.380588,27247,6932,437,biscoito,ebcb60ac37,24.9035
59,16,5000,0.741254,0.380588,27247,6932,437,biscoito,ebcb60ac37,24.9035
59,17,5000,0.741254,0.380588,27247,6932,437,biscoito,ebcb60ac37,24.9035
59,18,5000,0.741254,0.380588,27247,6932,437,biscoito,ebcb60ac37,24.9035
59,19,5000,0.741254,0.380588,27247,6932,437,biscoito,ebcb60ac37,24.9035
59,1,5000,0.733904,0.376921,27257,6932,437,biscoito,94c71bfd7f,15.3136
59,2,5000,0.734404,0.379107,27227,6917,438,biscoito,0aa293aac1,15.0245
59,3,5000,0.733757,0.380070,27250,6940,439,biscoito,2481387762,15.1355
59,5,5000,0.733249,0.375950,27269,6925,437,biscoito,7e2bedf760,15.1400
60,0,5000,0.741254,0.380588,27247,6932,437,biscoito,ebcb60ac37,24.9035
60,1,5000,0.741254,0.380588,27247,6932,437,biscoito,ebcb60ac37,24.9035
60,2,5000,0.741254,0.380588,27247,6932,437,biscoito,ebcb60ac37,24.9035
60,4,5000,0.741254,0.380588,27247,6932,437,biscoito,ebcb60ac37,24.9035
60,5,5000,0.741254,0.380588,27247,6932,437,biscoito,ebcb60ac37,24.9035
60,7,5000,0.741254,0.380588,27247,6932,437,biscoito,ebcb60ac37,24.9035
60,8,5000,0.741254,0.380588,27247,6932,437,biscoito,ebcb60ac37,24.9035
60,10,5000,0.741254,0.380588,27247,6932,437,biscoito,ebcb60ac37,24.9035
60,13,5000,0.741254,0.380588,27247,6932,437,biscoito,ebcb60ac37,24.9035
60,14,5000,0.741254,0.380588,27247,6932,437,biscoito,ebcb60ac37,24.9035
60,15,5000,0.741254,0.380588,27247,6932,437,biscoito,ebcb60ac37,24.9035
60,17,5000,0.741254,0.380588,27247,6932,437,biscoito,ebcb60ac37,24.9035
60,18,5000,0.741254,0.380588,27247,6932,437,biscoito,ebcb60ac37,24.9035
60,19,5000,0.741254,0.380588,27247,6932,437,biscoito,ebcb60ac37,24.9035
60,3,5000,0.732367,0.375478,27252,6932,433,biscoito,a980a00257,19.7387
60,6,5000,0.738314,0.383389,27248,6943,438,biscoito,21de1744b0,19.9314
60,9,5000,0.738410,0.379363,27264,6930,436,biscoito,f5b907c667,19.8642
60,11,5000,0.734887,0.379239,27256,6925,437,biscoito,2316b00cb9,19.5587
60,12,5000,0.730617,0.375266,27244,6944,434,biscoito,5235e3c127,19.4935
60,16,5000,0.734815,0.378337,27247,6926,437,biscoito,ce7b8966a4,19.1181
61,0,5000,0.741254,0.380588,27247,6932,437,biscoito,ebcb60ac37,24.9035
61,1,5000,0.741254,0.380588,27247,6932,437,biscoito,ebcb60ac37,24.9035
61,2,5000,0.741254,0.380588,27247,6932,437,biscoito,ebcb60ac37,24.9035
61,3,5000,0.741254,0.380588,27247,6932,437,biscoito,ebcb60ac37,24.9035
61,4,5000,0.741254,0.380588,27247,6932,437,biscoito,ebcb60ac37,24.9035
61,5,5000,0.741254,0.380588,27247,6932,437,biscoito,ebcb60ac37,24.9035
61,6,5000,0.741254,0.380588,27247,6932,437,biscoito,ebcb60ac37,24.9035
61,7,5000,0.741254,0.380588,27247,6932,437,biscoito,ebcb60ac37,24.9035
61,8,5000,0.741254,0.380588,27247,6932,437,biscoito,ebcb60ac37,24.9035
61,9,5000,0.741254,0.380588,27247,6932,437,biscoito,ebcb60ac37,24.9035
61,10,5000,0.741254,0.380588,27247,6932,437,biscoito,ebcb60ac37,24.9035
61,11,5000,0.741254,0.380588,27247,6932,437,biscoito,ebcb60ac37,24.9035
61,12,5000,0.741254,0.380588,27247,6932,437,biscoito,ebcb60ac37,24.9035
61,16,5000,0.741254,0.380588,27247,6932,437,biscoito,ebcb60ac37,24.9035
61,17,5000,0.741254,0.380588,27247,6932,437,biscoito,ebcb60ac37,24.9035
61,18,5000,0.741254,0.380588,27247,6932,437,biscoito,ebcb60ac37,24.9035
61,19,5000,0.741254,0.380588,27247,6932,437,biscoito,ebcb60ac37,24.9035
61,13,5000,0.733361,0.380711,27250,6951,438,biscoito,a948fd14b6,13.4507
61,14,5000,0.736597,0.375698,27245,6924,437,biscoito,20b901eef9,12.7946
61,15,5000,0.734763,0.378970,27227,6922,439,biscoito,0bd70cde05,13.1157
62,0,5000,0.741254,0.380588,27247,6932,437,biscoito,ebcb60ac37,24.9035
62,1,5000,0.741254,0.380588,27247,6932,437,biscoito,ebcb60ac37,24.9035
62,2,5000,0.741254,0.380588,27247,6932,437,biscoito,ebcb60ac37,24.9035
62,3,5000,0.741254,0.380588,27247,6932,437,biscoito,ebcb60ac37,24.9035
62,5,5000,0.741254,0.380588,27247,6932,437,biscoito,ebcb60ac37,24.9035
62,6,5000,0.741254,0.380588,27247,6932,437,biscoito,ebcb60ac37,24.9035
62,7,5000,0.741254,0.380588,27247,6932,437,biscoito,ebcb60ac37,24.9035
62,8,5000,0.741254,0.380588,27247,6932,437,biscoito,ebcb60ac37,24.9035
62,10,5000,0.741254,0.380588,27247,6932,437,biscoito,ebcb60ac37,24.9035
62,11,5000,0.741254,0.380588,27247,6932,437,biscoito,ebcb60ac37,24.9035
62,12,5000,0.741254,0.380588,27247,6932,437,biscoito,ebcb60ac37,24.9035
62,13,5000,0.741254,0.380588,27247,6932,437,biscoito,ebcb60ac37,24.9035
62,14,5000,0.741254,0.380588,27247,6932,437,biscoito,ebcb60ac37,24.9035
62,15,5000,0.741254,0.380588,27247,6932,437,biscoito,ebcb60ac37,24.9035
62,16,5000,0.741254,0.380588,27247,6932,437,biscoito,ebcb60ac37,24.9035
62,17,5000,0.741254,0.380588,27247,6932,437,biscoito,ebcb60ac37,24.9035
62,18,5000,0.741254,0.380588,27247,6932,437,biscoito,ebcb60ac37,24.9035
62,4,5000,0.732550,0.379515,27268,6945,439,biscoito,f7804aa703,12.8109
62,9,5000,0.733457,0.376672,27264,6929,438,biscoito,654b301876,13.0320
62,19,5000,0.736113,0.376979,27251,6936,436,biscoito,f2a4b292c6,12.7246
63,0,5000,0.741254,0.380588,27247,6932,437,biscoito,ebcb60ac37,24.9035
63,1,5000,0.741254,0.380588,27247,6932,437,biscoito,ebcb60ac37,24.9035
63,2,5000,0.741254,0.380588,27247,6932,437,biscoito,ebcb60ac37,24.9035
63,3,5000,0.741254,0.380588,27247,6932,437,biscoito,ebcb60ac37,24.9035
63,4,5000,0.741254,0.380588,27247,6932,437,biscoito,ebcb60ac37,24.9035
63,5,5000,0.741254,0.380588,27247,6932,437,biscoito,ebcb60ac37,24.9035
63,7,5000,0.741254,0.380588,27247,6932,437,biscoito,ebcb60ac37,24.9035
63,9,5000,0.741254,0.380588,27247,6932,437,biscoito,ebcb60ac37,24.9035
63,10,5000,0.741254,0.380588,27247,6932,437,biscoito,ebcb60ac37,24.9035
63,12,5000,0.741254,0.380588,27247,6932,437,biscoito,ebcb60ac37,24.9035
63,13,5000,0.741254,0.380588,27247,6932,437,biscoito,ebcb60ac37,24.9035
63,14,5000,0.741254,0.380588,27247,6932,437,biscoito,ebcb60ac37,24.9035
63,15,5000,0.741254,0.380588,27247,6932,437,biscoito,ebcb60ac37,24.9035
63,16,5000,0.741254,0.380588,27247,6932,437,biscoito,ebcb60ac37,24.9035
63,17,5000,0.741254,0.380588,27247,6932,437,biscoito,ebcb60ac37,24.9035
63,18,5000,0.741254,0.380588,27247,6932,437,biscoito,ebcb60ac37,24.9035
63,19,5000,0.741254,0.380588,27247,6932,437,biscoito,ebcb60ac37,24.9035
63,6,5000,0.729100,0.376838,27254,6923,437,biscoito,3d86aa1f31,12.9066
63,8,5000,0.734540,0.377611,27254,6947,438,biscoito,5a9a17eca4,13.0728
63,11,5000,0.733777,0.375292,27251,6928,439,biscoito,7143740bb4,12.8002
64,0,5000,0.741254,0.380588,27247,6932,437,biscoito,ebcb60ac37,24.9035
64,1,5000,0.741254,0.380588,27247,6932,437,biscoito,ebcb60ac37,24.9035
64,2,5000,0.741254,0.380588,27247,6932,437,biscoito,ebcb60ac37,24.9035
64,3,5000,0.741254,0.380588,27247,6932,437,biscoito,ebcb60ac37,24.9035
64,5,5000,0.741254,0.380588,27247,6932,437,biscoito,ebcb60ac37,24.9035
64,6,5000,0.741254,0.380588,27247,6932,437,biscoito,ebcb60ac37,24.9035
64,9,5000,0.741254,0.380588,27247,6932,437,biscoito,ebcb60ac37,24.9035
64,10,5000,0.741254,0.380588,27247,6932,437,biscoito,ebcb60ac37,24.9035
64,12,5000,0.741254,0.380588,27247,6932,437,biscoito,ebcb60ac37,24.9035
64,13,5000,0.741254,0.380588,27247,6932,437,biscoito,ebcb60ac37,24.9035
64,14,5000,0.741254,0.380588,27247,6932,437,biscoito,ebcb60ac37,24.9035
64,15,5000,0.741254,0.380588,27247,6932,437,biscoito,ebcb60ac37,24.9035
64,16,5000,0.741254,0.380588,27247,6932,437,biscoito,ebcb60ac37,24.9035
64,17,5000,0.741254,0.380588,27247,6932,437,biscoito,ebcb60ac37,24.9035
64,18,5000,0.741254,0.380588,27247,6932,437,biscoito,ebcb60ac37,24.9035
64,4,5000,0.735215,0.376351,27257,6923,437,biscoito,70b6dd4337,18.9266
64,7,5000,0.732882,0.377087,27263,6926,435,biscoito,b0e5862a8e,17.7563
64,8,5000,0.730865,0.376677,27244,6940,437,biscoito,45f4b1f3e8,17.6670
64,11,5000,0.734767,0.377400,27231,6935,435,biscoito,f8191e4d7d,17.5923
64,19,5000,0.733182,0.373201,27231,6936,437,biscoito,a53b6c8e40,17.3706
65,0,5000,0.741254,0.380588,27247,6932,437,biscoito,ebcb60ac37,24.9035
65,1,5000,0.741254,0.380588,27247,6932,437,biscoito,ebcb60ac37,24.9035
65,2,5000,0.741254,0.380588,27247,6932,437,biscoito,ebcb60ac37,24.9035
65,3,5000,0.741254,0.380588,27247,6932,437,biscoito,ebcb60ac37,24.9035
65,4,5000,0.741254,0.380588,27247,6932,437,biscoito,ebcb60ac37,24.9035
65,5,5000,0.741254,0.380588,27247,6932,437,biscoito,ebcb60ac37,24.9035
65,6,5000,0.741254,0.380588,27247,6932,437,biscoito,ebcb60ac37,24.9035
65,8,5000,0.741254,0.380588,27247,6932,437,biscoito,ebcb60ac37,24.9035
65,9,5000,0.741254,0.380588,27247,6932,437,biscoito,ebcb60ac37,24.9035
65,10,5000,0.741254,0.380588,27247,6932,437,biscoito,ebcb60ac37,24.9035
65,11,5000,0.741254,0.380588,27247,6932,437,biscoito,ebcb60ac37,24.9035
65,13,5000,0.741254,0.380588,27247,6932,437,biscoito,ebcb60ac37,24.9035
65,14,5000,0.741254,0.380588,27247,6932,437,biscoito,ebcb60ac37,24.9035
65,15,5000,0.741254,0.380588,27247,6932,437,biscoito,ebcb60ac37,24.9035
65,17,5000,0.741254,0.380588,27247,6932,437,biscoito,ebcb60ac37,24.9035
65,18,5000,0.741254,0.380588,27247,6932,437,biscoito,ebcb60ac37,24.9035
65,7,5000,0.736441,0.378856,27277,6944,435,biscoito,83ab3a2a90,15.3469
65,12,5000,0.735961,0.380721,27272,6942,436,biscoito,85ba6cb905,15.0847
65,16,5000,0.738833,0.378933,27300,6945,436,biscoito,b33f461db6,15.1036
65,19,5000,0.734911,0.374993,27207,6935,438,biscoito,0b631eef0d,15.0043
66,0,5000,0.741254,0.380588,27247,6932,437,biscoito,ebcb60ac37,24.9035
66,1,5000,0.741254,0.380588,27247,6932,437,biscoito,ebcb60ac37,24.9035
66,2,5000,0.741254,0.380588,27247,6932,437,biscoito,ebcb60ac37,24.9035
66,3,5000,0.741254,0.380588,27247,6932,437,biscoito,ebcb60ac37,24.9035
66,4,5000,0.741254,0.380588,27247,6932,437,biscoito,ebcb60ac37,24.9035
66,5,5000,0.741254,0.380588,27247,6932,437,biscoito,ebcb60ac37,24.9035
66,7,5000,0.741254,0.380588,27247,6932,437,biscoito,ebcb60ac37,24.9035
66,8,5000,0.741254,0.380588,27247,6932,437,biscoito,ebcb60ac37,24.9035
66,9,5000,0.741254,0.380588,27247,6932,437,biscoito,ebcb60ac37,24.9035
66,10,5000,0.741254,0.380588,27247,6932,437,biscoito,ebcb60ac37,24.9035
66,11,5000,0.741254,0.380588,27247,6932,437,biscoito,ebcb60ac37,24.9035
66,12,5000,0.741254,0.380588,27247,6932,437,biscoito,ebcb60ac37,24.9035
66,13,5000,0.741254,0.380588,27247,6932,437,biscoito,ebcb60ac37,24.9035
66,14,5000,0.741254,0.380588,27247,6932,437,biscoito,ebcb60ac37,24.9035
66,15,5000,0.741254,0.380588,27247,6932,437,biscoito,ebcb60ac37,24.9035
66,16,5000,0.741254,0.380588,27247,6932,437,biscoito,ebcb60ac37,24.9035
66,17,5000,0.741254,0.380588,27247,6932,437,biscoito,ebcb60ac37,24.9035
66,19,5000,0.741254,0.380588,27247,6932,437,biscoito,ebcb60ac37,24.9035
66,6,5000,0.732275,0.377916,27207,6925,437,biscoito,7da8409042,11.2170
66,18,5000,0.733777,0.380240,27243,6929,437,biscoito,ba690537a2,11.2912
67,0,5000,0.741254,0.380588,27247,6932,437,biscoito,ebcb60ac37,24.9035
67,1,5000,0.741254,0.380588,27247,6932,437,biscoito,ebcb60ac37,24.9035
67,2,5000,0.741254,0.380588,27247,6932,437,biscoito,ebcb60ac37,24.9035
67,3,5000,0.741254,0.380588,27247,6932,437,biscoito,ebcb60ac37,24.9035
67,4,5000,0.741254,0.380588,27247,6932,437,biscoito,ebcb60ac37,24.9035
67,5,5000,0.741254,0.380588,27247,6932,437,biscoito,ebcb60ac37,24.9035
67,6,5000,0.741254,0.380588,27247,6932,437,biscoito,ebcb60ac37,24.9035
67,7,5000,0.741254,0.380588,27247,6932,437,biscoito,ebcb60ac37,24.9035
67,8,5000,0.741254,0.380588,27247,6932,437,biscoito,ebcb60ac37,24.9035
67,9,5000,0.741254,0.380588,27247,6932,437,biscoito,ebcb60ac37,24.9035
67,10,5000,0.741254,0.380588,27247,6932,437,biscoito,ebcb60ac37,24.9035
67,11,5000,0.741254,0.380588,27247,6932,437,biscoito,ebcb60ac37,24.9035
67,13,5000,0.741254,0.380588,27247,6932,437,biscoito,ebcb60ac37,24.9035
67,14,5000,0.741254,0.380588,27247,6932,437,biscoito,ebcb60ac37,24.9035
67,15,5000,0.741254,0.380588,27247,6932,437,biscoito,ebcb60ac37,24.9035
67,16,5000,0.741254,0.380588,27247,6932,437,biscoito,ebcb60ac37,24.9035
67,17,5000,0.741254,0.380588,27247,6932,437,biscoito,ebcb60ac37,24.9035
67,18,5000,0.741254,0.380588,27247,6932,437,biscoito,ebcb60ac37,24.9035
67,19,5000,0.741254,0.380588,27247,6932,437,biscoito,ebcb60ac37,24.9035
67,12,5000,0.733733,0.377693,27263,6927,438,biscoito,c6019bb09e,8.8195
68,0,5000,0.741254,0.380588,27247,6932,437,biscoito,ebcb60ac37,24.9035
68,1,5000,0.741254,0.380588,27247,6932,437,biscoito,ebcb60ac37,24.9035
68,2,5000,0.741254,0.380588,27247,6932,437,biscoito,ebcb60ac37,24.9035
68,3,5000,0.741254,0.380588,27247,6932,437,biscoito,ebcb60ac37,24.9035
68,5,5000,0.741254,0.380588,27247,6932,437,biscoito,ebcb60ac37,24.9035
68,7,5000,0.741254,0.380588,27247,6932,437,biscoito,ebcb60ac37,24.9035
68,8,5000,0.741254,0.380588,27247,6932,437,biscoito,ebcb60ac37,24.9035
68,10,5000,0.741254,0.380588,27247,6932,437,biscoito,ebcb60ac37,24.9035
68,12,5000,0.741254,0.380588,27247,6932,437,biscoito,ebcb60ac37,24.9035
68,13,5000,0.741254,0.380588,27247,6932,437,biscoito,ebcb60ac37,24.9035
68,14,5000,0.741254,0.380588,27247,6932,437,biscoito,ebcb60ac37,24.9035
68,15,5000,0.741254,0.380588,27247,6932,437,biscoito,ebcb60ac37,24.9035
68,16,5000,0.741254,0.380588,27247,6932,437,biscoito,ebcb60ac37,24.9035
68,18,5000,0.741254,0.380588,27247,6932,437,biscoito,ebcb60ac37,24.9035
68,19,5000,0.741254,0.380588,27247,6932,437,biscoito,ebcb60ac37,24.9035
68,4,5000,0.735239,0.376228,27237,6927,437,biscoito,48257d3351,16.8926
68,6,5000,0.737128,0.377032,27250,6946,438,biscoito,890be2062d,16.8733
68,9,5000,0.733757,0.380323,27262,6925,436,biscoito,8e2a436979,16.8647
68,11,5000,0.736748,0.381500,27274,6940,440,biscoito,d2e7c4fa72,16.5540
68,17,5000,0.735211,0.379550,27248,6944,440,biscoito,6b81fc70e4,16.5332
69,0,5000,0.741254,0.380588,27247,6932,437,biscoito,ebcb60ac37,24.9035
69,1,5000,0.741254,0.380588,27247,6932,437,biscoito,ebcb60ac37,24.9035
69,2,5000,0.741254,0.380588,27247,6932,437,biscoito,ebcb60ac37,24.9035
69,4,5000,0.741254,0.380588,27247,6932,437,biscoito,ebcb60ac37,24.9035
69,5,5000,0.741254,0.380588,27247,6932,437,biscoito,ebcb60ac37,24.9035
69,6,5000,0.741254,0.380588,27247,6932,437,biscoito,ebcb60ac37,24.9035
69,8,5000,0.741254,0.380588,27247,6932,437,biscoito,ebcb60ac37,24.9035
69,9,5000,0.741254,0.380588,27247,6932,437,biscoito,ebcb60ac37,24.9035
69,10,5000,0.741254,0.380588,27247,6932,437,biscoito,ebcb60ac37,24.9035
69,11,5000,0.741254,0.380588,27247,6932,437,biscoito,ebcb60ac37,24.9035
69,12,5000,0.741254,0.380588,27247,6932,437,biscoito,ebcb60ac37,24.9035
69,14,5000,0.741254,0.380588,27247,6932,437,biscoito,ebcb60ac37,24.9035
69,15,5000,0.741254,0.380588,27247,6932,437,biscoito,ebcb60ac37,24.9035
69,16,5000,0.741254,0.380588,27247,6932,437,biscoito,ebcb60ac37,24.9035
69,17,5000,0.741254,0.380588,27247,6932,437,biscoito,ebcb60ac37,24.9035
69,18,5000,0.741254,0.380588,27247,6932,437,biscoito,ebcb60ac37,24.9035
69,3,5000,0.734935,0.376069,27258,6938,436,biscoito,1b7afa1562,14.5029
69,7,5000,0.730697,0.378501,27247,6948,437,biscoito,def7ead593,14.6648
69,13,5000,0.735163,0.374648,27235,6918,434,biscoito,18f018fcd0,14.4892
69,19,5000,0.736676,0.376807,27229,6913,438,biscoito,ba98de3f0d,14.4245
70,0,5000,0.741254,0.380588,27247,6932,437,biscoito,ebcb60ac37,24.9035
70,2,5000,0.741254,0.380588,27247,6932,437,biscoito,ebcb60ac37,24.9035
70,3,5000,0.741254,0.380588,27247,6932,437,biscoito,ebcb60ac37,24.9035
70,4,5000,0.741254,0.380588,27247,6932,437,biscoito,ebcb60ac37,24.9035
70,5,5000,0.741254,0.380588,27247,6932,437,biscoito,ebcb60ac37,24.9035
70,6,5000,0.741254,0.380588,27247,6932,437,biscoito,ebcb60ac37,24.9035
70,7,5000,0.741254,0.380588,27247,6932,437,biscoito,ebcb60ac37,24.9035
70,8,5000,0.741254,0.380588,27247,6932,437,biscoito,ebcb60ac37,24.9035
70,9,5000,0.741254,0.380588,27247,6932,437,biscoito,ebcb60ac37,24.9035
70,11,5000,0.741254,0.380588,27247,6932,437,biscoito,ebcb60ac37,24.9035
70,12,5000,0.741254,0.380588,27247,6932,437,biscoito,ebcb60ac37,24.9035
70,13,5000,0.741254,0.380588,27247,6932,437,biscoito,ebcb60ac37,24.9035
70,14,5000,0.741254,0.380588,27247,6932,437,biscoito,ebcb60ac37,24.9035
70,16,5000,0.741254,0.380588,27247,6932,437,biscoito,ebcb60ac37,24.9035
70,17,5000,0.741254,0.380588,27247,6932,437,biscoito,ebcb60ac37,24.9035
70,18,5000,0.741254,0.380588,27247,6932,437,biscoito,ebcb60ac37,24.9035
70,1,5000,0.731328,0.378149,27278,6910,438,biscoito,3089f52961,15.2651
70,10,5000,0.733920,0.376568,27235,6935,438,biscoito,431bd4f1c9,14.9626
70,15,5000,0.732826,0.377956,27227,6927,437,biscoito,5c2e9d47aa,15.1632
70,19,5000,0.731528,0.378434,27224,6935,438,biscoito,5234dbce73,14.9546
71,0,5000,0.741254,0.380588,27247,6932,437,biscoito,ebcb60ac37,24.9035
71,1,5000,0.741254,0.380588,27247,6932,437,biscoito,ebcb60ac37,24.9035
71,2,5000,0.741254,0.380588,27247,6932,437,biscoito,ebcb60ac37,24.9035
71,4,5000,0.741254,0.380588,27247,6932,437,biscoito,ebcb60ac37,24.9035
71,5,5000,0.741254,0.380588,27247,6932,437,biscoito,ebcb60ac37,24.9035
71,6,5000,0.741254,0.380588,27247,6932,437,biscoito,ebcb60ac37,24.9035
71,7,5000,0.741254,0.380588,27247,6932,437,biscoito,ebcb60ac37,24.9035
71,8,5000,0.741254,0.380588,27247,6932,437,biscoito,ebcb60ac37,24.9035
71,9,5000,0.741254,0.380588,27247,6932,437,biscoito,ebcb60ac37,24.9035
71,10,5000,0.741254,0.380588,27247,6932,437,biscoito,ebcb60ac37,24.9035
71,11,5000,0.741254,0.380588,27247,6932,437,biscoito,ebcb60ac37,24.9035
71,12,5000,0.741254,0.380588,27247,6932,437,biscoito,ebcb60ac37,24.9035
71,13,5000,0.741254,0.380588,27247,6932,437,biscoito,ebcb60ac37,24.9035
71,14,5000,0.741254,0.380588,27247,6932,437,biscoito,ebcb60ac37,24.9035
71,15,5000,0.741254,0.380588,27247,6932,437,biscoito,ebcb60ac37,24.9035
71,16,5000,0.741254,0.380588,27247,6932,437,biscoito,ebcb60ac37,24.9035
71,17,5000,0.741254,0.380588,27247,6932,437,biscoito,ebcb60ac37,24.9035
71,19,5000,0.741254,0.380588,27247,6932,437,biscoito,ebcb60ac37,24.9035
71,3,5000,0.733589,0.377950,27271,6928,438,biscoito,f9fcbb6ccf,11.8977
71,18,5000,0.735390,0.377505,27293,6950,437,biscoito,6c5e1d566f,11.7732
72,0,5000,0.741254,0.380588,27247,6932,437,biscoito,ebcb60ac37,24.9035
72,1,5000,0.741254,0.380588,27247,6932,437,biscoito,ebcb60ac37,24.9035
72,2,5000,0.741254,0.380588,27247,6932,437,biscoito,ebcb60ac37,24.9035
72,3,5000,0.741254,0.380588,27247,6932,437,biscoito,ebcb60ac37,24.9035
72,4,5000,0.741254,0.380588,27247,6932,437,biscoito,ebcb60ac37,24.9035
72,5,5000,0.741254,0.380588,27247,6932,437,biscoito,ebcb60ac37,24.9035
72,6,5000,0.741254,0.380588,27247,6932,437,biscoito,ebcb60ac37,24.9035
72,8,5000,0.741254,0.380588,27247,6932,437,biscoito,ebcb60ac37,24.9035
72,12,5000,0.741254,0.380588,27247,6932,437,biscoito,ebcb60ac37,24.9035
72,13,5000,0.741254,0.380588,27247,6932,437,biscoito,ebcb60ac37,24.9035
72,14,5000,0.741254,0.380588,27247,6932,437,biscoito,ebcb60ac37,24.9035
72,16,5000,0.741254,0.380588,27247,6932,437,biscoito,ebcb60ac37,24.9035
72,17,5000,0.741254,0.380588,27247,6932,437,biscoito,ebcb60ac37,24.9035
72,18,5000,0.741254,0.380588,27247,6932,437,biscoito,ebcb60ac37,24.9035
72,19,5000,0.741254,0.380588,27247,6932,437,biscoito,ebcb60ac37,24.9035
72,7,5000,0.734619,0.378515,27223,6939,436,biscoito,b1407eedfc,17.6647
72,9,5000,0.732814,0.379736,27246,6955,436,biscoito,5223b6868c,17.6202
72,10,5000,0.733649,0.378074,27268,6948,437,biscoito,ef7c39a344,17.6604
72,11,5000,0.735330,0.381146,27238,6954,439,biscoito,7463fbedc4,17.6172
72,15,5000,0.736109,0.378464,27240,6946,437,biscoito,e51af82661,17.4664
73,0,5000,0.741254,0.380588,27247,6932,437,biscoito,ebcb60ac37,24.9035
73,3,5000,0.741254,0.380588,27247,6932,437,biscoito,ebcb60ac37,24.9035
73,4,5000,0.741254,0.380588,27247,6932,437,biscoito,ebcb60ac37,24.9035
73,6,5000,0.741254,0.380588,27247,6932,437,biscoito,ebcb60ac37,24.9035
73,7,5000,0.741254,0.380588,27247,6932,437,biscoito,ebcb60ac37,24.9035
73,8,5000,0.741254,0.380588,27247,6932,437,biscoito,ebcb60ac37,24.9035
73,9,5000,0.741254,0.380588,27247,6932,437,biscoito,ebcb60ac37,24.9035
73,10,5000,0.741254,0.380588,27247,6932,437,biscoito,ebcb60ac37,24.9035
73,11,5000,0.741254,0.380588,27247,6932,437,biscoito,ebcb60ac37,24.9035
73,13,5000,0.741254,0.380588,27247,6932,437,biscoito,ebcb60ac37,24.9035
73,14,5000,0.741254,0.380588,27247,6932,437,biscoito,ebcb60ac37,24.9035
73,15,5000,0.741254,0.380588,27247,6932,437,biscoito,ebcb60ac37,24.9035
73,16,5000,0.741254,0.380588,27247,6932,437,biscoito,ebcb60ac37,24.9035
73,17,5000,0.741254,0.380588,27247,6932,437,biscoito,ebcb60ac37,24.9035
73,19,5000,0.741254,0.380588,27247,6932,437,biscoito,ebcb60ac37,24.9035
73,1,5000,0.736852,0.375323,27238,6939,436,biscoito,08623fb20f,18.6353
73,2,5000,0.735997,0.376662,27238,6930,436,biscoito,b8b640eebd,18.7844
73,5,5000,0.732479,0.379969,27253,6934,440,biscoito,59a4b217e1,18.3798
73,12,5000,0.732379,0.376871,27243,6946,438,biscoito,ac0ce56c92,18.4223
73,18,5000,0.733757,0.376905,27231,6912,437,biscoito,38671e2e3a,18.0295
74,0,5000,0.741254,0.380588,27247,6932,437,biscoito,ebcb60ac37,24.9035
74,3,5000,0.741254,0.380588,27247,6932,437,biscoito,ebcb60ac37,24.9035
74,4,5000,0.741254,0.380588,27247,6932,437,biscoito,ebcb60ac37,24.9035
74,5,5000,0.741254,0.380588,27247,6932,437,biscoito,ebcb60ac37,24.9035
74,7,5000,0.741254,0.380588,27247,6932,437,biscoito,ebcb60ac37,24.9035
74,8,5000,0.741254,0.380588,27247,6932,437,biscoito,ebcb60ac37,24.9035
74,9,5000,0.741254,0.380588,27247,6932,437,biscoito,ebcb60ac37,24.9035
74,10,5000,0.741254,0.380588,27247,6932,437,biscoito,ebcb60ac37,24.9035
74,12,5000,0.741254,0.380588,27247,6932,437,biscoito,ebcb60ac37,24.9035
74,13,5000,0.741254,0.380588,27247,6932,437,biscoito,ebcb60ac37,24.9035
74,14,5000,0.741254,0.380588,27247,6932,437,biscoito,ebcb60ac37,24.9035
74,15,5000,0.741254,0.380588,27247,6932,437,biscoito,ebcb60ac37,24.9035
74,16,5000,0.741254,0.380588,27247,6932,437,biscoito,ebcb60ac37,24.9035
74,17,5000,0.741254,0.380588,27247,6932,437,biscoito,ebcb60ac37,24.9035
74,18,5000,0.741254,0.380588,27247,6932,437,biscoito,ebcb60ac37,24.9035
74,1,5000,0.733114,0.380402,27247,6932,437,biscoito,43ec822a01,17.2095
74,2,5000,0.730961,0.379512,27240,6940,436,biscoito,5901f1a9d2,17.6522
74,6,5000,0.738358,0.379691,27287,6941,437,biscoito,b24bfb6d58,17.3693
74,11,5000,0.734556,0.378781,27232,6934,438,biscoito,06168be93b,17.1251
74,19,5000,0.736041,0.374033,27235,6924,438,biscoito,efd021b9c6,17.2033
75,0,5000,0.741254,0.380588,27247,6932,437,biscoito,ebcb60ac37,24.9035
75,1,5000,0.741254,0.380588,27247,6932,437,biscoito,ebcb60ac37,24.9035
75,4,5000,0.741254,0.380588,27247,6932,437,biscoito,ebcb60ac37,24.9035
75,5,5000,0.741254,0.380588,27247,6932,437,biscoito,ebcb60ac37,24.9035
75,6,5000,0.741254,0.380588,27247,6932,437,biscoito,ebcb60ac37,24.9035
75,7,5000,0.741254,0.380588,27247,6932,437,biscoito,ebcb60ac37,24.9035
75,8,5000,0.741254,0.380588,27247,6932,437,biscoito,ebcb60ac37,24.9035
75,9,5000,0.741254,0.380588,27247,6932,437,biscoito,ebcb60ac37,24.9035
75,11,5000,0.741254,0.380588,27247,6932,437,biscoito,ebcb60ac37,24.9035
75,12,5000,0.741254,0.380588,27247,6932,437,biscoito,ebcb60ac37,24.9035
75,13,5000,0.741254,0.380588,27247,6932,437,biscoito,ebcb60ac37,24.9035
75,14,5000,0.741254,0.380588,27247,6932,437,biscoito,ebcb60ac37,24.9035
75,17,5000,0.741254,0.380588,27247,6932,437,biscoito,ebcb60ac37,24.9035
75,19,5000,0.741254,0.380588,27247,6932,437,biscoito,ebcb60ac37,24.9035
75,2,5000,0.733313,0.378187,27229,6933,439,biscoito,924af14701,20.0551
75,3,5000,0.736964,0.377845,27244,6946,438,biscoito,8c3c052206,20.4220
75,10,5000,0.733142,0.374801,27264,6940,437,biscoito,d64b4fca67,20.0203
75,15,5000,0.736708,0.379661,27282,6956,436,biscoito,164e89e67f,21.0046
75,16,5000,0.739297,0.381536,27246,6921,436,biscoito,7cce5095ee,19.7673
75,18,5000,0.737252,0.379200,27272,6934,440,biscoito,f0490258bb,19.4105
76,0,5000,0.741254,0.380588,27247,6932,437,biscoito,ebcb60ac37,24.9035
76,1,5000,0.741254,0.380588,27247,6932,437,biscoito,ebcb60ac37,24.9035
76,2,5000,0.741254,0.380588,27247,6932,437,biscoito,ebcb60ac37,24.9035
76,5,5000,0.741254,0.380588,27247,6932,437,biscoito,ebcb60ac37,24.9035
76,6,5000,0.741254,0.380588,27247,6932,437,biscoito,ebcb60ac37,24.9035
76,7,5000,0.741254,0.380588,27247,6932,437,biscoito,ebcb60ac37,24.9035
76,8,5000,0.741254,0.380588,27247,6932,437,biscoito,ebcb60ac37,24.9035
76,10,5000,0.741254,0.380588,27247,6932,437,biscoito,ebcb60ac37,24.9035
76,11,5000,0.741254,0.380588,27247,6932,437,biscoito,ebcb60ac37,24.9035
76,12,5000,0.741254,0.380588,27247,6932,437,biscoito,ebcb60ac37,24.9035
76,13,5000,0.741254,0.380588,27247,6932,437,biscoito,ebcb60ac37,24.9035
76,14,5000,0.741254,0.380588,27247,6932,437,biscoito,ebcb60ac37,24.9035
76,15,5000,0.741254,0.380588,27247,6932,437,biscoito,ebcb60ac37,24.9035
76,17,5000,0.741254,0.380588,27247,6932,437,biscoito,ebcb60ac37,24.9035
76,18,5000,0.741254,0.380588,27247,6932,437,biscoito,ebcb60ac37,24.9035
76,19,5000,0.741254,0.380588,27247,6932,437,biscoito,ebcb60ac37,24.9035
76,3,5000,0.733493,0.378513,27258,6940,438,biscoito,4572db9089,15.1411
76,4,5000,0.737523,0.378730,27271,6948,435,biscoito,c758a403b2,15.2610
76,9,5000,0.738646,0.377375,27253,6931,436,biscoito,468b798a5e,14.9545
76,16,5000,0.732626,0.378832,27251,6948,437,biscoito,b0d5e302e1,14.6260
77,0,5000,0.741254,0.380588,27247,6932,437,biscoito,ebcb60ac37,24.9035
77,3,5000,0.741254,0.380588,27247,6932,437,biscoito,ebcb60ac37,24.9035
77,5,5000,0.741254,0.380588,27247,6932,437,biscoito,ebcb60ac37,24.9035
77,7,5000,0.741254,0.380588,27247,6932,437,biscoito,ebcb60ac37,24.9035
77,10,5000,0.741254,0.380588,27247,6932,437,biscoito,ebcb60ac37,24.9035
77,13,5000,0.741254,0.380588,27247,6932,437,biscoito,ebcb60ac37,24.9035
77,14,5000,0.741254,0.380588,27247,6932,437,biscoito,ebcb60ac37,24.9035
77,15,5000,0.741254,0.380588,27247,6932,437,biscoito,ebcb60ac37,24.9035
77,16,5000,0.741254,0.380588,27247,6932,437,biscoito,ebcb60ac37,24.9035
77,17,5000,0.741254,0.380588,27247,6932,437,biscoito,ebcb60ac37,24.9035
77,18,5000,0.741254,0.380588,27247,6932,437,biscoito,ebcb60ac37,24.9035
77,1,5000,0.739552,0.382437,27227,6939,438,biscoito,73de3e73af,23.0680
77,2,5000,0.729631,0.378288,27215,6929,436,biscoito,5d4f2e125a,23.6439
77,4,5000,0.732558,0.376374,27248,6942,437,biscoito,7d7dc8abd6,23.1492
77,6,5000,0.738086,0.378159,27260,6938,437,biscoito,dbb279c767,23.7326
77,8,5000,0.737487,0.381913,27234,6930,441,biscoito,249b4f39b3,24.1919
77,9,5000,0.732670,0.373379,27268,6940,432,biscoito,8c21c6c187,23.3883
77,11,5000,0.735658,0.376383,27239,6933,437,biscoito,45cb0335eb,23.0026
77,12,5000,0.735670,0.378899,27243,6934,437,biscoito,00707b87a5,21.0880
77,19,5000,0.737903,0.380638,27252,6928,434,biscoito,4c83f619cc,11.0815
78,0,5000,0.741254,0.380588,27247,6932,437,biscoito,ebcb60ac37,24.9035
78,1,5000,0.741254,0.380588,27247,6932,437,biscoito,ebcb60ac37,24.9035
78,2,5000,0.741254,0.380588,27247,6932,437,biscoito,ebcb60ac37,24.9035
78,3,5000,0.741254,0.380588,27247,6932,437,biscoito,ebcb60ac37,24.9035
78,4,5000,0.741254,0.380588,27247,6932,437,biscoito,ebcb60ac37,24.9035
78,6,5000,0.741254,0.380588,27247,6932,437,biscoito,ebcb60ac37,24.9035
78,7,5000,0.741254,0.380588,27247,6932,437,biscoito,ebcb60ac37,24.9035
78,8,5000,0.741254,0.380588,27247,6932,437,biscoito,ebcb60ac37,24.9035
78,9,5000,0.741254,0.380588,27247,6932,437,biscoito,ebcb60ac37,24.9035
78,10,5000,0.741254,0.380588,27247,6932,437,biscoito,ebcb60ac37,24.9035
78,11,5000,0.741254,0.380588,27247,6932,437,biscoito,ebcb60ac37,24.9035
78,12,5000,0.741254,0.380588,27247,6932,437,biscoito,ebcb60ac37,24.9035
78,13,5000,0.741254,0.380588,27247,6932,437,biscoito,ebcb60ac37,24.9035
78,14,5000,0.741254,0.380588,27247,6932,437,biscoito,ebcb60ac37,24.9035
78,15,5000,0.741254,0.380588,27247,6932,437,biscoito,ebcb60ac37,24.9035
78,16,5000,0.741254,0.380588,27247,6932,437,biscoito,ebcb60ac37,24.9035
78,17,5000,0.741254,0.380588,27247,6932,437,biscoito,ebcb60ac37,24.9035
78,18,5000,0.741254,0.380588,27247,6932,437,biscoito,ebcb60ac37,24.9035
78,5,5000,0.738314,0.379097,27256,6942,439,biscoito,2acd3e4b57,12.0627
78,19,5000,0.733305,0.376790,27248,6945,440,biscoito,4be5bf1519,11.9507
79,0,5000,0.741254,0.380588,27247,6932,437,biscoito,ebcb60ac37,24.9035
79,4,5000,0.741254,0.380588,27247,6932,437,biscoito,ebcb60ac37,24.9035
79,5,5000,0.741254,0.380588,27247,6932,437,biscoito,ebcb60ac37,24.9035
79,6,5000,0.741254,0.380588,27247,6932,437,biscoito,ebcb60ac37,24.9035
79,7,5000,0.741254,0.380588,27247,6932,437,biscoito,ebcb60ac37,24.9035
79,8,5000,0.741254,0.380588,27247,6932,437,biscoito,ebcb60ac37,24.9035
79,9,5000,0.741254,0.380588,27247,6932,437,biscoito,ebcb60ac37,24.9035
79,10,5000,0.741254,0.380588,27247,6932,437,biscoito,ebcb60ac37,24.9035
79,11,5000,0.741254,0.380588,27247,6932,437,biscoito,ebcb60ac37,24.9035
79,12,5000,0.741254,0.380588,27247,6932,437,biscoito,ebcb60ac37,24.9035
79,13,5000,0.741254,0.380588,27247,6932,437,biscoito,ebcb60ac37,24.9035
79,14,5000,0.741254,0.380588,27247,6932,437,biscoito,ebcb60ac37,24.9035
79,15,5000,0.741254,0.380588,27247,6932,437,biscoito,ebcb60ac37,24.9035
79,16,5000,0.741254,0.380588,27247,6932,437,biscoito,ebcb60ac37,24.9035
79,17,5000,0.741254,0.380588,27247,6932,437,biscoito,ebcb60ac37,24.9035
79,18,5000,0.741254,0.380588,27247,6932,437,biscoito,ebcb60ac37,24.9035
79,1,5000,0.730378,0.377045,27246,6912,439,biscoito,e4791be5a6,14.8609
79,2,5000,0.737471,0.381644,27244,6934,439,biscoito,df7a3feed6,14.7763
79,3,5000,0.734971,0.377226,27258,6977,438,biscoito,b5b3c22c88,14.8813
79,19,5000,0.735015,0.379463,27242,6930,434,biscoito,70f5481cab,14.6816
80,0,5000,0.741254,0.380588,27247,6932,437,biscoito,ebcb60ac37,24.9035
80,1,5000,0.741254,0.380588,27247,6932,437,biscoito,ebcb60ac37,24.9035
80,2,5000,0.741254,0.380588,27247,6932,437,biscoito,ebcb60ac37,24.9035
80,4,5000,0.741254,0.380588,27247,6932,437,biscoito,ebcb60ac37,24.9035
80,5,5000,0.741254,0.380588,27247,6932,437,biscoito,ebcb60ac37,24.9035
80,6,5000,0.741254,0.380588,27247,6932,437,biscoito,ebcb60ac37,24.9035
80,7,5000,0.741254,0.380588,27247,6932,437,biscoito,ebcb60ac37,24.9035
80,8,5000,0.741254,0.380588,27247,6932,437,biscoito,ebcb60ac37,24.9035
80,9,5000,0.741254,0.380588,27247,6932,437,biscoito,ebcb60ac37,24.9035
80,12,5000,0.741254,0.380588,27247,6932,437,biscoito,ebcb60ac37,24.9035
80,13,5000,0.741254,0.380588,27247,6932,437,biscoito,ebcb60ac37,24.9035
80,14,5000,0.741254,0.380588,27247,6932,437,biscoito,ebcb60ac37,24.9035
80,17,5000,0.741254,0.380588,27247,6932,437,biscoito,ebcb60ac37,24.9035
80,19,5000,0.741254,0.380588,27247,6932,437,biscoito,ebcb60ac37,24.9035
80,3,5000,0.736720,0.380847,27262,6963,439,biscoito,5ba8351ea1,19.8898
80,10,5000,0.738158,0.385994,27220,6945,440,biscoito,9a07f34f3e,20.1140
80,11,5000,0.734719,0.377062,27245,6930,440,biscoito,3a9946f620,21.6913
80,15,5000,0.735770,0.375091,27248,6932,433,biscoito,4f4b4f61ae,19.9368
80,16,5000,0.736429,0.382037,27240,6935,439,biscoito,e9c3c0cb7d,20.0174
80,18,5000,0.733549,0.378669,27246,6935,436,biscoito,71d4fbd1f3,19.6163
81,0,5000,0.741254,0.380588,27247,6932,437,biscoito,ebcb60ac37,24.9035
81,1,5000,0.741254,0.380588,27247,6932,437,biscoito,ebcb60ac37,24.9035
81,2,5000,0.738158,0.385994,27220,6945,440,biscoito,9a07f34f3e,20.1140
81,3,5000,0.741254,0.380588,27247,6932,437,biscoito,ebcb60ac37,24.9035
81,4,5000,0.741254,0.380588,27247,6932,437,biscoito,ebcb60ac37,24.9035
81,5,5000,0.741254,0.380588,27247,6932,437,biscoito,ebcb60ac37,24.9035
81,6,5000,0.741254,0.380588,27247,6932,437,biscoito,ebcb60ac37,24.9035
81,7,5000,0.741254,0.380588,27247,6932,437,biscoito,ebcb60ac37,24.9035
81,8,5000,0.741254,0.380588,27247,6932,437,biscoito,ebcb60ac37,24.9035
81,9,5000,0.741254,0.380588,27247,6932,437,biscoito,ebcb60ac37,24.9035
81,10,5000,0.741254,0.380588,27247,6932,437,biscoito,ebcb60ac37,24.9035
81,13,5000,0.741254,0.380588,27247,6932,437,biscoito,ebcb60ac37,24.9035
81,14,5000,0.741254,0.380588,27247,6932,437,biscoito,ebcb60ac37,24.9035
81,16,5000,0.741254,0.380588,27247,6932,437,biscoito,ebcb60ac37,24.9035
81,19,5000,0.741254,0.380588,27247,6932,437,biscoito,ebcb60ac37,24.9035
81,11,5000,0.736668,0.379958,27234,6934,439,biscoito,db9b8a4110,17.5672
81,12,5000,0.736157,0.374999,27250,6934,435,biscoito,ba3204acac,17.7941
81,15,5000,0.730106,0.379277,27276,6938,437,biscoito,4b33631303,17.7185
81,17,5000,0.736197,0.383543,27220,6940,438,biscoito,23811c40a9,17.4406
81,18,5000,0.734935,0.382820,27247,6937,439,biscoito,89cd2f6d3c,16.9466
82,0,5000,0.741254,0.380588,27247,6932,437,biscoito,ebcb60ac37,24.9035
82,1,5000,0.741254,0.380588,27247,6932,437,biscoito,ebcb60ac37,24.9035
82,2,5000,0.741254,0.380588,27247,6932,437,biscoito,ebcb60ac37,24.9035
82,3,5000,0.741254,0.380588,27247,6932,437,biscoito,ebcb60ac37,24.9035
82,4,5000,0.741254,0.380588,27247,6932,437,biscoito,ebcb60ac37,24.9035
82,5,5000,0.741254,0.380588,27247,6932,437,biscoito,ebcb60ac37,24.9035
82,6,5000,0.741254,0.380588,27247,6932,437,biscoito,ebcb60ac37,24.9035
82,7,5000,0.741254,0.380588,27247,6932,437,biscoito,ebcb60ac37,24.9035
82,8,5000,0.741254,0.380588,27247,6932,437,biscoito,ebcb60ac37,24.9035
82,10,5000,0.741254,0.380588,27247,6932,437,biscoito,ebcb60ac37,24.9035
82,12,5000,0.741254,0.380588,27247,6932,437,biscoito,ebcb60ac37,24.9035
82,13,5000,0.741254,0.380588,27247,6932,437,biscoito,ebcb60ac37,24.9035
82,14,5000,0.738158,0.385994,27220,6945,440,biscoito,9a07f34f3e,20.1140
82,15,5000,0.741254,0.380588,27247,6932,437,biscoito,ebcb60ac37,24.9035
82,16,5000,0.741254,0.380588,27247,6932,437,biscoito,ebcb60ac37,24.9035
82,17,5000,0.741254,0.380588,27247,6932,437,biscoito,ebcb60ac37,24.9035
82,18,5000,0.741254,0.380588,27247,6932,437,biscoito,ebcb60ac37,24.9035
82,19,5000,0.741254,0.380588,27247,6932,437,biscoito,ebcb60ac37,24.9035
82,9,5000,0.735055,0.379695,27270,6922,438,biscoito,f445f902ac,11.0642
82,11,5000,0.739520,0.378729,27243,6924,436,biscoito,92c71c0fb5,11.0711
83,0,5000,0.741254,0.380588,27247,6932,437,biscoito,ebcb60ac37,24.9035
83,1,5000,0.741254,0.380588,27247,6932,437,biscoito,ebcb60ac37,24.9035
83,2,5000,0.741254,0.380588,27247,6932,437,biscoito,ebcb60ac37,24.9035
83,3,5000,0.741254,0.380588,27247,6932,437,biscoito,ebcb60ac37,24.9035
83,4,5000,0.741254,0.380588,27247,6932,437,biscoito,ebcb60ac37,24.9035
83,5,5000,0.741254,0.380588,27247,6932,437,biscoito,ebcb60ac37,24.9035
83,7,5000,0.741254,0.380588,27247,6932,437,biscoito,ebcb60ac37,24.9035
83,9,5000,0.741254,0.380588,27247,6932,437,biscoito,ebcb60ac37,24.9035
83,10,5000,0.741254,0.380588,27247,6932,437,biscoito,ebcb60ac37,24.9035
83,11,5000,0.741254,0.380588,27247,6932,437,biscoito,ebcb60ac37,24.9035
83,12,5000,0.741254,0.380588,27247,6932,437,biscoito,ebcb60ac37,24.9035
83,13,5000,0.741254,0.380588,27247,6932,437,biscoito,ebcb60ac37,24.9035
83,15,5000,0.741254,0.380588,27247,6932,437,biscoito,ebcb60ac37,24.9035
83,16,5000,0.741254,0.380588,27247,6932,437,biscoito,ebcb60ac37,24.9035
83,18,5000,0.741254,0.380588,27247,6932,437,biscoito,ebcb60ac37,24.9035
83,6,5000,0.733265,0.376440,27257,6941,437,biscoito,67b6f0df33,18.7750
83,8,5000,0.734895,0.377879,27252,6922,438,biscoito,5a16bc2f32,17.6195
83,14,5000,0.736105,0.380472,27224,6929,437,biscoito,ff1287e461,17.1115
83,17,5000,0.733269,0.376115,27252,6956,436,biscoito,44b40b0652,17.2183
83,19,5000,0.734280,0.379094,27234,6932,439,biscoito,3645f0c2d5,17.0454
84,0,5000,0.741254,0.380588,27247,6932,437,biscoito,ebcb60ac37,24.9035
84,1,5000,0.741254,0.380588,27247,6932,437,biscoito,ebcb60ac37,24.9035
84,3,5000,0.741254,0.380588,27247,6932,437,biscoito,ebcb60ac37,24.9035
84,6,5000,0.741254,0.380588,27247,6932,437,biscoito,ebcb60ac37,24.9035
84,7,5000,0.741254,0.380588,27247,6932,437,biscoito,ebcb60ac37,24.9035
84,8,5000,0.741254,0.380588,27247,6932,437,biscoito,ebcb60ac37,24.9035
84,9,5000,0.741254,0.380588,27247,6932,437,biscoito,ebcb60ac37,24.9035
84,11,5000,0.741254,0.380588,27247,6932,437,biscoito,ebcb60ac37,24.9035
84,12,5000,0.741254,0.380588,27247,6932,437,biscoito,ebcb60ac37,24.9035
84,13,5000,0.741254,0.380588,27247,6932,437,biscoito,ebcb60ac37,24.9035
84,15,5000,0.741254,0.380588,27247,6932,437,biscoito,ebcb60ac37,24.9035
84,16,5000,0.741254,0.380588,27247,6932,437,biscoito,ebcb60ac37,24.9035
84,17,5000,0.741254,0.380588,27247,6932,437,biscoito,ebcb60ac37,24.9035
84,18,5000,0.741254,0.380588,27247,6932,437,biscoito,ebcb60ac37,24.9035
84,2,5000,0.733801,0.376693,27292,6937,438,biscoito,d281a7209e,20.1112
84,4,5000,0.732179,0.377464,27246,6921,438,biscoito,48890f31c6,19.9406
84,5,5000,0.739864,0.376550,27232,6925,435,biscoito,a4171add0e,19.9213
84,10,5000,0.734500,0.377404,27222,6932,435,biscoito,052b9731fd,19.9475
84,14,5000,0.738166,0.377352,27262,6935,437,biscoito,938fc60008,19.7432
84,19,5000,0.734316,0.378104,27221,6924,438,biscoito,3af5df16cf,19.7128
85,0,5000,0.741254,0.380588,27247,6932,437,biscoito,ebcb60ac37,24.9035
85,1,5000,0.741254,0.380588,27247,6932,437,biscoito,ebcb60ac37,24.9035
85,2,5000,0.741254,0.380588,27247,6932,437,biscoito,ebcb60ac37,24.9035
85,3,5000,0.741254,0.380588,27247,6932,437,biscoito,ebcb60ac37,24.9035
85,4,5000,0.741254,0.380588,27247,6932,437,biscoito,ebcb60ac37,24.9035
85,5,5000,0.741254,0.380588,27247,6932,437,biscoito,ebcb60ac37,24.9035
85,7,5000,0.741254,0.380588,27247,6932,437,biscoito,ebcb60ac37,24.9035
85,8,5000,0.741254,0.380588,27247,6932,437,biscoito,ebcb60ac37,24.9035
85,9,5000,0.741254,0.380588,27247,6932,437,biscoito,ebcb60ac37,24.9035
85,10,5000,0.741254,0.380588,27247,6932,437,biscoito,ebcb60ac37,24.9035
85,11,5000,0.741254,0.380588,27247,6932,437,biscoito,ebcb60ac37,24.9035
85,12,5000,0.741254,0.380588,27247,6932,437,biscoito,ebcb60ac37,24.9035
85,13,5000,0.741254,0.380588,27247,6932,437,biscoito,ebcb60ac37,24.9035
85,14,5000,0.741254,0.380588,27247,6932,437,biscoito,ebcb60ac37,24.9035
85,15,5000,0.741254,0.380588,27247,6932,437,biscoito,ebcb60ac37,24.9035
85,16,5000,0.741254,0.380588,27247,6932,437,biscoito,ebcb60ac37,24.9035
85,17,5000,0.741254,0.380588,27247,6932,437,biscoito,ebcb60ac37,24.9035
85,18,5000,0.741254,0.380588,27247,6932,437,biscoito,ebcb60ac37,24.9035
85,19,5000,0.741254,0.380588,27247,6932,437,biscoito,ebcb60ac37,24.9035
85,6,5000,0.736577,0.371404,27275,6936,434,biscoito,ff366f3c67,9.1955
86,0,5000,0.741254,0.380588,27247,6932,437,biscoito,ebcb60ac37,24.9035
86,1,5000,0.741254,0.380588,27247,6932,437,biscoito,ebcb60ac37,24.9035
86,2,5000,0.741254,0.380588,27247,6932,437,biscoito,ebcb60ac37,24.9035
86,3,5000,0.741254,0.380588,27247,6932,437,biscoito,ebcb60ac37,24.9035
86,4,5000,0.741254,0.380588,27247,6932,437,biscoito,ebcb60ac37,24.9035
86,6,5000,0.741254,0.380588,27247,6932,437,biscoito,ebcb60ac37,24.9035
86,7,5000,0.741254,0.380588,27247,6932,437,biscoito,ebcb60ac37,24.9035
86,9,5000,0.741254,0.380588,27247,6932,437,biscoito,ebcb60ac37,24.9035
86,10,5000,0.741254,0.380588,27247,6932,437,biscoito,ebcb60ac37,24.9035
86,11,5000,0.741254,0.380588,27247,6932,437,biscoito,ebcb60ac37,24.9035
86,12,5000,0.741254,0.380588,27247,6932,437,biscoito,ebcb60ac37,24.9035
86,14,5000,0.741254,0.380588,27247,6932,437,biscoito,ebcb60ac37,24.9035
86,15,5000,0.741254,0.380588,27247,6932,437,biscoito,ebcb60ac37,24.9035
86,16,5000,0.741254,0.380588,27247,6932,437,biscoito,ebcb60ac37,24.9035
86,17,5000,0.741254,0.380588,27247,6932,437,biscoito,ebcb60ac37,24.9035
86,18,5000,0.741254,0.380588,27247,6932,437,biscoito,ebcb60ac37,24.9035
86,19,5000,0.741254,0.380588,27247,6932,437,biscoito,ebcb60ac37,24.9035
86,5,5000,0.734907,0.380368,27259,6936,439,biscoito,41f8c38ac4,13.0320
86,8,5000,0.732291,0.378812,27221,6948,437,biscoito,80f65f8f52,13.0059
86,13,5000,0.734508,0.380088,27266,6962,438,biscoito,e43e2f8430,12.9997
87,0,5000,0.741254,0.380588,27247,6932,437,biscoito,ebcb60ac37,24.9035
87,2,5000,0.741254,0.380588,27247,6932,437,biscoito,ebcb60ac37,24.9035
87,5,5000,0.741254,0.380588,27247,6932,437,biscoito,ebcb60ac37,24.9035
87,6,5000,0.741254,0.380588,27247,6932,437,biscoito,ebcb60ac37,24.9035
87,8,5000,0.741254,0.380588,27247,6932,437,biscoito,ebcb60ac37,24.9035
87,9,5000,0.741254,0.380588,27247,6932,437,biscoito,ebcb60ac37,24.9035
87,10,5000,0.741254,0.380588,27247,6932,437,biscoito,ebcb60ac37,24.9035
87,13,5000,0.741254,0.380588,27247,6932,437,biscoito,ebcb60ac37,24.9035
87,15,5000,0.741254,0.380588,27247,6932,437,biscoito,ebcb60ac37,24.9035
87,16,5000,0.741254,0.380588,27247,6932,437,biscoito,ebcb60ac37,24.9035
87,17,5000,0.741254,0.380588,27247,6932,437,biscoito,ebcb60ac37,24.9035
87,19,5000,0.741254,0.380588,27247,6932,437,biscoito,ebcb60ac37,24.9035
87,1,5000,0.738941,0.380070,27233,6930,438,biscoito,e63cd09021,22.5063
87,3,5000,0.734192,0.376953,27239,6924,435,biscoito,fdd825dbb6,24.0164
87,4,5000,0.730262,0.377639,27283,6932,436,biscoito,ad67309de7,22.3923
87,7,5000,0.733026,0.376450,27253,6920,437,biscoito,37e9c1bb5a,24.2476
87,11,5000,0.733186,0.375084,27265,6920,437,biscoito,65f5681d66,23.0425
87,12,5000,0.735211,0.375420,27245,6937,435,biscoito,ba55b82740,23.8306
87,14,5000,0.732071,0.378817,27273,6937,437,biscoito,ff2eb60c62,23.1216
87,18,5000,0.730022,0.378438,27236,6931,438,biscoito,c46d03eed1,21.9712
88,0,5000,0.741254,0.380588,27247,6932,437,biscoito,ebcb60ac37,24.9035
88,1,5000,0.741254,0.380588,27247,6932,437,biscoito,ebcb60ac37,24.9035
88,2,5000,0.741254,0.380588,27247,6932,437,biscoito,ebcb60ac37,24.9035
88,3,5000,0.741254,0.380588,27247,6932,437,biscoito,ebcb60ac37,24.9035
88,4,5000,0.741254,0.380588,27247,6932,437,biscoito,ebcb60ac37,24.9035
88,5,5000,0.741254,0.380588,27247,6932,437,biscoito,ebcb60ac37,24.9035
88,7,5000,0.741254,0.380588,27247,6932,437,biscoito,ebcb60ac37,24.9035
88,9,5000,0.735211,0.375420,27245,6937,435,biscoito,ba55b82740,23.8306
88,11,5000,0.741254,0.380588,27247,6932,437,biscoito,ebcb60ac37,24.9035
88,12,5000,0.741254,0.380588,27247,6932,437,biscoito,ebcb60ac37,24.9035
88,14,5000,0.741254,0.380588,27247,6932,437,biscoito,ebcb60ac37,24.9035
88,15,5000,0.741254,0.380588,27247,6932,437,biscoito,ebcb60ac37,24.9035
88,16,5000,0.741254,0.380588,27247,6932,437,biscoito,ebcb60ac37,24.9035
88,19,5000,0.738941,0.380070,27233,6930,438,biscoito,e63cd09021,22.5063
88,6,5000,0.731923,0.374700,27237,6922,436,biscoito,2e8424433a,20.5954
88,8,5000,0.734699,0.378526,27238,6944,437,biscoito,e4f1108151,20.7148
88,10,5000,0.733138,0.379503,27260,6943,438,biscoito,904c04f1a1,20.3621
88,13,5000,0.733002,0.374908,27244,6955,438,biscoito,f83cd9ecb2,20.6835
88,17,5000,0.733461,0.372185,27237,6922,435,biscoito,769a7392e9,20.3687
88,18,5000,0.734388,0.376821,27249,6934,437,biscoito,cb05d4220e,20.2132
89,0,5000,0.741254,0.380588,27247,6932,437,biscoito,ebcb60ac37,24.9035
89,1,5000,0.741254,0.380588,27247,6932,437,biscoito,ebcb60ac37,24.9035
89,2,5000,0.741254,0.380588,27247,6932,437,biscoito,ebcb60ac37,24.9035
89,3,5000,0.741254,0.380588,27247,6932,437,biscoito,ebcb60ac37,24.9035
89,4,5000,0.741254,0.380588,27247,6932,437,biscoito,ebcb60ac37,24.9035
89,5,5000,0.741254,0.380588,27247,6932,437,biscoito,ebcb60ac37,24.9035
89,6,5000,0.741254,0.380588,27247,6932,437,biscoito,ebcb60ac37,24.9035
89,8,5000,0.741254,0.380588,27247,6932,437,biscoito,ebcb60ac37,24.9035
89,9,5000,0.741254,0.380588,27247,6932,437,biscoito,ebcb60ac37,24.9035
89,10,5000,0.741254,0.380588,27247,6932,437,biscoito,ebcb60ac37,24.9035
89,11,5000,0.741254,0.380588,27247,6932,437,biscoito,ebcb60ac37,24.9035
89,12,5000,0.741254,0.380588,27247,6932,437,biscoito,ebcb60ac37,24.9035
89,14,5000,0.741254,0.380588,27247,6932,437,biscoito,ebcb60ac37,24.9035
89,17,5000,0.741254,0.380588,27247,6932,437,biscoito,ebcb60ac37,24.9035
89,18,5000,0.741254,0.380588,27247,6932,437,biscoito,ebcb60ac37,24.9035
89,7,5000,0.736285,0.379580,27259,6933,438,biscoito,da7d0d3e07,18.5189
89,13,5000,0.734284,0.377892,27241,6922,438,biscoito,23e26cebcd,17.2289
89,15,5000,0.733221,0.373050,27252,6937,433,biscoito,a3e1d9a3fc,17.2739
89,16,5000,0.737675,0.381724,27308,6935,441,biscoito,82d7301e5b,17.1469
89,19,5000,0.739384,0.378215,27266,6947,438,biscoito,3a89a5afb3,17.1288
90,0,5000,0.741254,0.380588,27247,6932,437,biscoito,ebcb60ac37,24.9035
90,1,5000,0.741254,0.380588,27247,6932,437,biscoito,ebcb60ac37,24.9035
90,5,5000,0.741254,0.380588,27247,6932,437,biscoito,ebcb60ac37,24.9035
90,6,5000,0.741254,0.380588,27247,6932,437,biscoito,ebcb60ac37,24.9035
90,7,5000,0.741254,0.380588,27247,6932,437,biscoito,ebcb60ac37,24.9035
90,9,5000,0.741254,0.380588,27247,6932,437,biscoito,ebcb60ac37,24.9035
90,10,5000,0.741254,0.380588,27247,6932,437,biscoito,ebcb60ac37,24.9035
90,11,5000,0.741254,0.380588,27247,6932,437,biscoito,ebcb60ac37,24.9035
90,12,5000,0.741254,0.380588,27247,6932,437,biscoito,ebcb60ac37,24.9035
90,15,5000,0.741254,0.380588,27247,6932,437,biscoito,ebcb60ac37,24.9035
90,16,5000,0.741254,0.380588,27247,6932,437,biscoito,ebcb60ac37,24.9035
90,17,5000,0.741254,0.380588,27247,6932,437,biscoito,ebcb60ac37,24.9035
90,18,5000,0.741254,0.380588,27247,6932,437,biscoito,ebcb60ac37,24.9035
90,19,5000,0.741254,0.380588,27247,6932,437,biscoito,ebcb60ac37,24.9035
90,2,5000,0.736736,0.380782,27280,6950,435,biscoito,627ceb7eab,20.6266
90,3,5000,0.731919,0.377765,27273,6940,439,biscoito,3d22407823,20.7892
90,4,5000,0.730665,0.377868,27256,6940,439,biscoito,623b11399a,21.4511
90,8,5000,0.734084,0.373152,27233,6912,440,biscoito,ff1e677ac5,20.8136
90,13,5000,0.733485,0.376827,27263,6937,438,biscoito,8aea5681c6,20.8259
90,14,5000,0.731380,0.378237,27250,6942,437,biscoito,05e3099f0f,20.3615
91,0,5000,0.741254,0.380588,27247,6932,437,biscoito,ebcb60ac37,24.9035
91,2,5000,0.741254,0.380588,27247,6932,437,biscoito,ebcb60ac37,24.9035
91,3,5000,0.741254,0.380588,27247,6932,437,biscoito,ebcb60ac37,24.9035
91,4,5000,0.741254,0.380588,27247,6932,437,biscoito,ebcb60ac37,24.9035
91,5,5000,0.741254,0.380588,27247,6932,437,biscoito,ebcb60ac37,24.9035
91,6,5000,0.741254,0.380588,27247,6932,437,biscoito,ebcb60ac37,24.9035
91,7,5000,0.741254,0.380588,27247,6932,437,biscoito,ebcb60ac37,24.9035
91,8,5000,0.741254,0.380588,27247,6932,437,biscoito,ebcb60ac37,24.9035
91,11,5000,0.741254,0.380588,27247,6932,437,biscoito,ebcb60ac37,24.9035
91,14,5000,0.734084,0.373152,27233,6912,440,biscoito,ff1e677ac5,20.8136
91,15,5000,0.741254,0.380588,27247,6932,437,biscoito,ebcb60ac37,24.9035
91,16,5000,0.741254,0.380588,27247,6932,437,biscoito,ebcb60ac37,24.9035
91,18,5000,0.741254,0.380588,27247,6932,437,biscoito,ebcb60ac37,24.9035
91,1,5000,0.731959,0.380098,27300,6940,439,biscoito,178de26b0c,22.4983
91,9,5000,0.734244,0.378899,27285,6923,438,biscoito,f6df4a728d,22.5499
91,10,5000,0.734572,0.374605,27242,6933,438,biscoito,a22a7ac17e,21.5969
91,12,5000,0.735646,0.376500,27254,6933,437,biscoito,63c7e737ce,22.5350
91,13,5000,0.732574,0.383146,27287,6960,440,biscoito,55da026742,22.9606
91,17,5000,0.734388,0.378447,27255,6915,438,biscoito,49586a7dbe,22.1641
91,19,5000,0.731188,0.377475,27246,6928,437,biscoito,c8f1106f67,22.7110
92,0,5000,0.741254,0.380588,27247,6932,437,biscoito,ebcb60ac37,24.9035
92,1,5000,0.741254,0.380588,27247,6932,437,biscoito,ebcb60ac37,24.9035
92,2,5000,0.741254,0.380588,27247,6932,437,biscoito,ebcb60ac37,24.9035
92,4,5000,0.741254,0.380588,27247,6932,437,biscoito,ebcb60ac37,24.9035
92,5,5000,0.741254,0.380588,27247,6932,437,biscoito,ebcb60ac37,24.9035
92,6,5000,0.741254,0.380588,27247,6932,437,biscoito,ebcb60ac37,24.9035
92,8,5000,0.741254,0.380588,27247,6932,437,biscoito,ebcb60ac37,24.9035
92,11,5000,0.741254,0.380588,27247,6932,437,biscoito,ebcb60ac37,24.9035
92,12,5000,0.741254,0.380588,27247,6932,437,biscoito,ebcb60ac37,24.9035
92,13,5000,0.741254,0.380588,27247,6932,437,biscoito,ebcb60ac37,24.9035
92,15,5000,0.741254,0.380588,27247,6932,437,biscoito,ebcb60ac37,24.9035
92,16,5000,0.741254,0.380588,27247,6932,437,biscoito,ebcb60ac37,24.9035
92,17,5000,0.741254,0.380588,27247,6932,437,biscoito,ebcb60ac37,24.9035
92,18,5000,0.741254,0.380588,27247,6932,437,biscoito,ebcb60ac37,24.9035
92,19,5000,0.741254,0.380588,27247,6932,437,biscoito,ebcb60ac37,24.9035
92,3,5000,0.730661,0.376118,27258,6943,437,biscoito,913dc6e7d6,17.5018
92,7,5000,0.738450,0.383089,27271,6922,441,biscoito,358c65b890,17.3651
92,9,5000,0.732762,0.373881,27260,6925,437,biscoito,b2eff7760a,17.3560
92,10,5000,0.735890,0.375115,27242,6935,436,biscoito,508524b511,17.2515
92,14,5000,0.733106,0.377162,27238,6935,438,biscoito,c4dfac27e0,16.9691
93,0,5000,0.741254,0.380588,27247,6932,437,biscoito,ebcb60ac37,24.9035
93,1,5000,0.741254,0.380588,27247,6932,437,biscoito,ebcb60ac37,24.9035
93,2,5000,0.741254,0.380588,27247,6932,437,biscoito,ebcb60ac37,24.9035
93,3,5000,0.741254,0.380588,27247,6932,437,biscoito,ebcb60ac37,24.9035
93,4,5000,0.741254,0.380588,27247,6932,437,biscoito,ebcb60ac37,24.9035
93,5,5000,0.741254,0.380588,27247,6932,437,biscoito,ebcb60ac37,24.9035
93,6,5000,0.741254,0.380588,27247,6932,437,biscoito,ebcb60ac37,24.9035
93,7,5000,0.741254,0.380588,27247,6932,437,biscoito,ebcb60ac37,24.9035
93,8,5000,0.741254,0.380588,27247,6932,437,biscoito,ebcb60ac37,24.9035
93,9,5000,0.741254,0.380588,27247,6932,437,biscoito,ebcb60ac37,24.9035
93,10,5000,0.741254,0.380588,27247,6932,437,biscoito,ebcb60ac37,24.9035
93,12,5000,0.741254,0.380588,27247,6932,437,biscoito,ebcb60ac37,24.9035
93,13,5000,0.741254,0.380588,27247,6932,437,biscoito,ebcb60ac37,24.9035
93,14,5000,0.741254,0.380588,27247,6932,437,biscoito,ebcb60ac37,24.9035
93,16,5000,0.741254,0.380588,27247,6932,437,biscoito,ebcb60ac37,24.9035
93,19,5000,0.741254,0.380588,27247,6932,437,biscoito,ebcb60ac37,24.9035
93,11,5000,0.732323,0.372836,27251,6908,435,biscoito,ac7b973f6b,15.4526
93,15,5000,0.737264,0.380304,27267,6928,436,biscoito,b711fd63ed,15.0719
93,17,5000,0.732115,0.378329,27276,6929,438,biscoito,32ea9e9166,15.2501
93,18,5000,0.735358,0.378903,27242,6925,440,biscoito,3d47cc82d1,15.0782
94,0,5000,0.741254,0.380588,27247,6932,437,biscoito,ebcb60ac37,24.9035
94,1,5000,0.741254,0.380588,27247,6932,437,biscoito,ebcb60ac37,24.9035
94,2,5000,0.741254,0.380588,27247,6932,437,biscoito,ebcb60ac37,24.9035
94,3,5000,0.741254,0.380588,27247,6932,437,biscoito,ebcb60ac37,24.9035
94,4,5000,0.741254,0.380588,27247,6932,437,biscoito,ebcb60ac37,24.9035
94,5,5000,0.741254,0.380588,27247,6932,437,biscoito,ebcb60ac37,24.9035
94,7,5000,0.741254,0.380588,27247,6932,437,biscoito,ebcb60ac37,24.9035
94,8,5000,0.741254,0.380588,27247,6932,437,biscoito,ebcb60ac37,24.9035
94,9,5000,0.741254,0.380588,27247,6932,437,biscoito,ebcb60ac37,24.9035
94,10,5000,0.741254,0.380588,27247,6932,437,biscoito,ebcb60ac37,24.9035
94,13,5000,0.741254,0.380588,27247,6932,437,biscoito,ebcb60ac37,24.9035
94,14,5000,0.741254,0.380588,27247,6932,437,biscoito,ebcb60ac37,24.9035
94,16,5000,0.741254,0.380588,27247,6932,437,biscoito,ebcb60ac37,24.9035
94,17,5000,0.741254,0.380588,27247,6932,437,biscoito,ebcb60ac37,24.9035
94,18,5000,0.741254,0.380588,27247,6932,437,biscoito,ebcb60ac37,24.9035
94,19,5000,0.741254,0.380588,27247,6932,437,biscoito,ebcb60ac37,24.9035
94,6,5000,0.734951,0.375987,27227,6933,436,biscoito,f37c07d785,15.5042
94,11,5000,0.736433,0.374448,27245,6941,435,biscoito,61b0e5b8de,15.4352
94,12,5000,0.735446,0.377811,27227,6920,433,biscoito,0c3b06563c,15.3065
94,15,5000,0.731017,0.376633,27255,6945,437,biscoito,62f8fb56ea,15.0686
95,0,5000,0.741254,0.380588,27247,6932,437,biscoito,ebcb60ac37,24.9035
95,2,5000,0.741254,0.380588,27247,6932,437,biscoito,ebcb60ac37,24.9035
95,3,5000,0.741254,0.380588,27247,6932,437,biscoito,ebcb60ac37,24.9035
95,4,5000,0.741254,0.380588,27247,6932,437,biscoito,ebcb60ac37,24.9035
95,5,5000,0.741254,0.380588,27247,6932,437,biscoito,ebcb60ac37,24.9035
95,6,5000,0.741254,0.380588,27247,6932,437,biscoito,ebcb60ac37,24.9035
95,7,5000,0.741254,0.380588,27247,6932,437,biscoito,ebcb60ac37,24.9035
95,8,5000,0.741254,0.380588,27247,6932,437,biscoito,ebcb60ac37,24.9035
95,9,5000,0.741254,0.380588,27247,6932,437,biscoito,ebcb60ac37,24.9035
95,10,5000,0.741254,0.380588,27247,6932,437,biscoito,ebcb60ac37,24.9035
95,11,5000,0.741254,0.380588,27247,6932,437,biscoito,ebcb60ac37,24.9035
95,12,5000,0.741254,0.380588,27247,6932,437,biscoito,ebcb60ac37,24.9035
95,13,5000,0.741254,0.380588,27247,6932,437,biscoito,ebcb60ac37,24.9035
95,15,5000,0.741254,0.380588,27247,6932,437,biscoito,ebcb60ac37,24.9035
95,16,5000,0.741254,0.380588,27247,6932,437,biscoito,ebcb60ac37,24.9035
95,17,5000,0.741254,0.380588,27247,6932,437,biscoito,ebcb60ac37,24.9035
95,18,5000,0.741254,0.380588,27247,6932,437,biscoito,ebcb60ac37,24.9035
95,19,5000,0.741254,0.380588,27247,6932,437,biscoito,ebcb60ac37,24.9035
95,1,5000,0.737008,0.379800,27236,6935,435,biscoito,25c020bad9,11.0084
95,14,5000,0.732954,0.377928,27258,6918,436,biscoito,fb2b755ebe,10.9227
96,0,5000,0.741254,0.380588,27247,6932,437,biscoito,ebcb60ac37,24.9035
96,1,5000,0.741254,0.380588,27247,6932,437,biscoito,ebcb60ac37,24.9035
96,4,5000,0.741254,0.380588,27247,6932,437,biscoito,ebcb60ac37,24.9035
96,8,5000,0.741254,0.380588,27247,6932,437,biscoito,ebcb60ac37,24.9035
96,9,5000,0.741254,0.380588,27247,6932,437,biscoito,ebcb60ac37,24.9035
96,10,5000,0.741254,0.380588,27247,6932,437,biscoito,ebcb60ac37,24.9035
96,11,5000,0.741254,0.380588,27247,6932,437,biscoito,ebcb60ac37,24.9035
96,12,5000,0.741254,0.380588,27247,6932,437,biscoito,ebcb60ac37,24.9035
96,13,5000,0.741254,0.380588,27247,6932,437,biscoito,ebcb60ac37,24.9035
96,14,5000,0.741254,0.380588,27247,6932,437,biscoito,ebcb60ac37,24.9035
96,16,5000,0.741254,0.380588,27247,6932,437,biscoito,ebcb60ac37,24.9035
96,17,5000,0.741254,0.380588,27247,6932,437,biscoito,ebcb60ac37,24.9035
96,18,5000,0.741254,0.380588,27247,6932,437,biscoito,ebcb60ac37,24.9035
96,19,5000,0.741254,0.380588,27247,6932,437,biscoito,ebcb60ac37,24.9035
96,2,5000,0.737387,0.380382,27280,6932,437,biscoito,6ad6e9b736,19.7296
96,3,5000,0.731836,0.375452,27252,6938,437,biscoito,42b00f53cd,19.6763
96,5,5000,0.731684,0.375767,27263,6941,435,biscoito,2708f36dc2,19.9723
96,6,5000,0.733713,0.381111,27251,6899,437,biscoito,7fee06f9d7,19.6466
96,7,5000,0.734540,0.374680,27254,6939,437,biscoito,f7aba6110f,19.3837
96,15,5000,0.732043,0.378696,27233,6931,435,biscoito,0487bedaf0,18.4922
97,0,5000,0.741254,0.380588,27247,6932,437,biscoito,ebcb60ac37,24.9035
97,1,5000,0.741254,0.380588,27247,6932,437,biscoito,ebcb60ac37,24.9035
97,2,5000,0.741254,0.380588,27247,6932,437,biscoito,ebcb60ac37,24.9035
97,3,5000,0.741254,0.380588,27247,6932,437,biscoito,ebcb60ac37,24.9035
97,4,5000,0.741254,0.380588,27247,6932,437,biscoito,ebcb60ac37,24.9035
97,5,5000,0.741254,0.380588,27247,6932,437,biscoito,ebcb60ac37,24.9035
97,7,5000,0.741254,0.380588,27247,6932,437,biscoito,ebcb60ac37,24.9035
97,10,5000,0.741254,0.380588,27247,6932,437,biscoito,ebcb60ac37,24.9035
97,11,5000,0.741254,0.380588,27247,6932,437,biscoito,ebcb60ac37,24.9035
97,12,5000,0.741254,0.380588,27247,6932,437,biscoito,ebcb60ac37,24.9035
97,13,5000,0.741254,0.380588,27247,6932,437,biscoito,ebcb60ac37,24.9035
97,15,5000,0.741254,0.380588,27247,6932,437,biscoito,ebcb60ac37,24.9035
97,16,5000,0.741254,0.380588,27247,6932,437,biscoito,ebcb60ac37,24.9035
97,18,5000,0.741254,0.380588,27247,6932,437,biscoito,ebcb60ac37,24.9035
97,19,5000,0.741254,0.380588,27247,6932,437,biscoito,ebcb60ac37,24.9035
97,6,5000,0.736289,0.378612,27242,6934,437,biscoito,04223f3e35,17.2064
97,8,5000,0.738490,0.378896,27258,6914,437,biscoito,086f1b4d43,17.1171
97,9,5000,0.736153,0.376858,27264,6889,437,biscoito,6a18ffbf9c,17.1163
97,14,5000,0.733162,0.373545,27259,6946,434,biscoito,de8064521c,17.0945
97,17,5000,0.731911,0.377632,27271,6932,436,biscoito,68fcb3952c,16.8581
98,0,5000,0.741254,0.380588,27247,6932,437,biscoito,ebcb60ac37,24.9035
98,2,5000,0.741254,0.380588,27247,6932,437,biscoito,ebcb60ac37,24.9035
98,3,5000,0.741254,0.380588,27247,6932,437,biscoito,ebcb60ac37,24.9035
98,4,5000,0.741254,0.380588,27247,6932,437,biscoito,ebcb60ac37,24.9035
98,5,5000,0.741254,0.380588,27247,6932,437,biscoito,ebcb60ac37,24.9035
98,6,5000,0.741254,0.380588,27247,6932,437,biscoito,ebcb60ac37,24.9035
98,7,5000,0.741254,0.380588,27247,6932,437,biscoito,ebcb60ac37,24.9035
98,8,5000,0.741254,0.380588,27247,6932,437,biscoito,ebcb60ac37,24.9035
98,9,5000,0.741254,0.380588,27247,6932,437,biscoito,ebcb60ac37,24.9035
98,10,5000,0.741254,0.380588,27247,6932,437,biscoito,ebcb60ac37,24.9035
98,11,5000,0.741254,0.380588,27247,6932,437,biscoito,ebcb60ac37,24.9035
98,12,5000,0.741254,0.380588,27247,6932,437,biscoito,ebcb60ac37,24.9035
98,13,5000,0.741254,0.380588,27247,6932,437,biscoito,ebcb60ac37,24.9035
98,14,5000,0.741254,0.380588,27247,6932,437,biscoito,ebcb60ac37,24.9035
98,16,5000,0.741254,0.380588,27247,6932,437,biscoito,ebcb60ac37,24.9035
98,17,5000,0.741254,0.380588,27247,6932,437,biscoito,ebcb60ac37,24.9035
98,18,5000,0.741254,0.380588,27247,6932,437,biscoito,ebcb60ac37,24.9035
98,19,5000,0.741254,0.380588,27247,6932,437,biscoito,ebcb60ac37,24.9035
98,1,5000,0.735946,0.382108,27247,6952,441,biscoito,57e4689b3c,11.0707
98,15,5000,0.734564,0.377953,27254,6930,436,biscoito,488c300417,10.8173
99,0,5000,0.741254,0.380588,27247,6932,437,biscoito,ebcb60ac37,24.9035
99,1,5000,0.741254,0.380588,27247,6932,437,biscoito,ebcb60ac37,24.9035
99,3,5000,0.741254,0.380588,27247,6932,437,biscoito,ebcb60ac37,24.9035
99,4,5000,0.741254,0.380588,27247,6932,437,biscoito,ebcb60ac37,24.9035
99,5,5000,0.741254,0.380588,27247,6932,437,biscoito,ebcb60ac37,24.9035
99,6,5000,0.741254,0.380588,27247,6932,437,biscoito,ebcb60ac37,24.9035
99,7,5000,0.741254,0.380588,27247,6932,437,biscoito,ebcb60ac37,24.9035
99,8,5000,0.741254,0.380588,27247,6932,437,biscoito,ebcb60ac37,24.9035
99,9,5000,0.741254,0.380588,27247,6932,437,biscoito,ebcb60ac37,24.9035
99,10,5000,0.741254,0.380588,27247,6932,437,biscoito,ebcb60ac37,24.9035
99,12,5000,0.741254,0.380588,27247,6932,437,biscoito,ebcb60ac37,24.9035
99,14,5000,0.741254,0.380588,27247,6932,437,biscoito,ebcb60ac37,24.9035
99,15,5000,0.741254,0.380588,27247,6932,437,biscoito,ebcb60ac37,24.9035
99,16,5000,0.741254,0.380588,27247,6932,437,biscoito,ebcb60ac37,24.9035
99,18,5000,0.741254,0.380588,27247,6932,437,biscoito,ebcb60ac37,24.9035
99,2,5000,0.730166,0.376993,27290,6947,436,biscoito,3738b9c435,17.7296
99,11,5000,0.740810,0.381109,27279,6963,439,biscoito,ac3cca0f69,17.8070
99,13,5000,0.732271,0.377734,27244,6911,435,biscoito,afc066b2aa,17.6335
99,17,5000,0.737008,0.377868,27247,6927,437,biscoito,1875bff0c6,17.7264
99,19,5000,0.735538,0.378850,27248,6947,438,biscoito,cd79e8cc5a,17.4087
100,0,5000,0.741254,0.380588,27247,6932,437,biscoito,ebcb60ac37,24.9035
100,2,5000,0.741254,0.380588,27247,6932,437,biscoito,ebcb60ac37,24.9035
100,3,5000,0.741254,0.380588,27247,6932,437,biscoito,ebcb60ac37,24.9035
100,5,5000,0.741254,0.380588,27247,6932,437,biscoito,ebcb60ac37,24.9035
100,6,5000,0.741254,0.380588,27247,6932,437,biscoito,ebcb60ac37,24.9035
100,7,5000,0.741254,0.380588,27247,6932,437,biscoito,ebcb60ac37,24.9035
100,9,5000,0.741254,0.380588,27247,6932,437,biscoito,ebcb60ac37,24.9035
100,10,5000,0.741254,0.380588,27247,6932,437,biscoito,ebcb60ac37,24.9035
100,11,5000,0.741254,0.380588,27247,6932,437,biscoito,ebcb60ac37,24.9035
100,13,5000,0.741254,0.380588,27247,6932,437,biscoito,ebcb60ac37,24.9035
100,14,5000,0.741254,0.380588,27247,6932,437,biscoito,ebcb60ac37,24.9035
100,16,5000,0.741254,0.380588,27247,6932,437,biscoito,ebcb60ac37,24.9035
100,17,5000,0.741254,0.380588,27247,6932,437,biscoito,ebcb60ac37,24.9035
100,18,5000,0.741254,0.380588,27247,6932,437,biscoito,ebcb60ac37,24.9035
100,19,5000,0.741254,0.380588,27247,6932,437,biscoito,ebcb60ac37,24.9035
100,1,5000,0.730977,0.374155,27282,6947,438,biscoito,6693240d18,18.0256
100,4,5000,0.736437,0.383029,27253,6945,437,biscoito,31c2caa98d,17.9638
100,8,5000,0.733857,0.377673,27248,6930,438,biscoito,8553c17467,17.9276
100,12,5000,0.735474,0.379977,27237,6923,436,biscoito,d2606aa386,17.6675
100,15,5000,0.735474,0.379189,27256,6932,439,biscoito,831be98ba3,17.5729
