generation,individual_id,l0_size,accuracy_on_full,f1_macro_on_full,num_tokens,num_distinct_tokens,num_classes_in_l0,most_frequent_class_in_l0,l0_indices_hash,fitness_calc_time_sec
1,0,100,0.271575,0.036438,543,454,66,biscoito,5bce5937e1,3.3245
1,1,100,0.228838,0.030097,559,445,69,cerveja,2d729fa88c,2.9571
1,2,100,0.249234,0.032538,573,466,66,biscoito,2799c44f0b,2.9372
1,3,100,0.245027,0.035846,546,445,70,iogurte,360631c064,3.0626
1,4,100,0.228012,0.032031,537,447,67,biscoito,5f89975ee6,2.9574
1,5,100,0.222673,0.031091,546,445,67,padaria e confeitaria industrializado,b55fdbd4ff,3.0456
1,6,100,0.241126,0.030822,557,473,67,biscoito,4e939deec0,3.6882
1,7,100,0.241113,0.038525,546,449,75,padaria e confeitaria industrializado,885895cf72,3.2558
1,8,100,0.239222,0.028053,555,434,59,biscoito,5c18af8fe6,3.3318
1,9,100,0.224418,0.034711,530,436,73,suco pronto,f327a04469,3.1478
1,10,100,0.263960,0.036355,574,469,65,biscoito,386ded5c79,3.1296
1,11,100,0.229690,0.029501,552,446,63,iogurte,1b6c215d64,2.9777
1,12,100,0.265371,0.034561,545,446,67,queijo,82a5c9f58f,2.9751
1,13,100,0.220663,0.028933,558,459,69,biscoito,4b9bff4674,3.0744
1,14,100,0.259193,0.034666,539,445,66,carne bovina,9ebb77ca05,2.9691
1,15,100,0.237252,0.029864,557,443,64,chocolate,56ce3d059e,3.1328
1,16,100,0.228651,0.029994,534,446,68,chocolate,51b59b8efa,2.9690
1,17,100,0.224418,0.029358,547,454,65,biscoito,d4012877d2,3.0070
1,18,100,0.257196,0.031961,537,445,65,biscoito,33d2ee175c,3.3475
1,19,100,0.254161,0.035912,566,470,70,suco pronto,89d49935dc,3.1916
1,20,100,0.244029,0.033155,554,442,70,biscoito,89cf233dca,2.8758
1,21,100,0.223379,0.030978,537,440,65,biscoito,50f9be693e,3.0224
1,22,100,0.258115,0.037727,547,449,64,biscoito,f486dbfd28,3.1998
1,23,100,0.259073,0.034243,553,453,67,biscoito,622fb94c00,3.1033
1,24,100,0.213247,0.025728,538,439,61,padaria e confeitaria industrializado,8463920f40,3.1518
1,25,100,0.239875,0.032253,538,433,68,biscoito,768667d625,2.8139
1,26,100,0.242165,0.035734,574,475,73,chocolate,b9c4758afb,3.1785
1,27,100,0.229463,0.036752,537,459,72,chocolate,e7022fabdd,3.2330
1,28,100,0.259127,0.036134,563,443,68,iogurte,b5eee8b7a7,3.1004
1,29,100,0.241073,0.034564,550,453,66,carne bovina,144d42a878,3.0407
1,30,100,0.262721,0.036380,561,454,65,biscoito,a2339b3e8d,3.0144
1,31,100,0.242045,0.033024,552,461,69,biscoito,3c9ea5475a,3.0666
1,32,100,0.247757,0.032561,554,459,64,iogurte,200e3d65ee,2.9320
1,33,100,0.234097,0.034760,546,442,68,multiuso,9c585505ae,3.0227
1,34,100,0.228412,0.035303,539,457,73,biscoito,fe46dd80d3,2.9739
1,35,100,0.243882,0.031657,534,438,64,biscoito,1fd88854fb,2.9768
1,36,100,0.225176,0.032148,541,435,69,cafe,ab4f62fafb,3.1094
1,37,100,0.262695,0.032649,560,443,66,biscoito,9dd6061941,2.9246
1,38,100,0.237984,0.032732,551,441,67,biscoito,b1c946f966,2.9493
1,39,100,0.248928,0.038082,540,440,77,chocolate,488db76fcd,2.9412
1,40,100,0.264985,0.035697,568,464,69,bala,96d682a398,3.0624
1,41,100,0.235947,0.037054,532,439,73,iogurte,271bb35938,3.2768
1,42,100,0.253974,0.032207,555,441,70,biscoito,bca9206503,3.0487
1,43,100,0.213407,0.033668,547,441,75,preparo para bolo,be94c0f99c,2.9256
1,44,100,0.231580,0.030252,529,424,63,chocolate,9b7e42f6ff,2.8408
1,45,100,0.238464,0.033793,547,439,66,biscoito,b019f59872,2.8931
1,46,100,0.206337,0.031059,538,449,70,biscoito,4bde44945c,3.0944
1,47,100,0.255998,0.032920,558,449,68,biscoito,8ccc3846d9,3.3647
1,48,100,0.234137,0.032137,569,454,67,iogurte,212865db85,2.7695
1,49,100,0.248555,0.034236,544,443,72,biscoito,de4e20c0f9,3.1925
2,0,100,0.241113,0.038525,546,449,75,padaria e confeitaria industrializado,885895cf72,3.2558
2,1,100,0.248928,0.038082,540,440,77,chocolate,488db76fcd,2.9412
2,2,100,0.258115,0.037727,547,449,64,biscoito,f486dbfd28,3.1998
2,3,100,0.235947,0.037054,532,439,73,iogurte,271bb35938,3.2768
2,4,100,0.229463,0.036752,537,459,72,chocolate,e7022fabdd,3.2330
2,5,100,0.252030,0.037293,549,442,71,biscoito,889728b175,3.3873
2,6,100,0.255266,0.035210,551,443,72,chocolate,9135d97c9c,3.0521
2,7,100,0.255026,0.033685,571,463,66,energetico,f145b54627,3.1469
2,8,100,0.256331,0.038322,542,444,64,padaria e confeitaria industrializado,053cad18f9,2.8141
2,9,100,0.255519,0.038334,539,444,71,padaria e confeitaria industrializado,e513773fec,2.9281
2,10,100,0.230515,0.033011,545,443,66,biscoito,18981f0070,2.7728
2,11,100,0.234097,0.034760,546,442,68,multiuso,9c585505ae,3.0227
2,12,100,0.224418,0.034711,530,436,73,suco pronto,f327a04469,3.1478
2,13,100,0.228412,0.035303,539,457,73,biscoito,fe46dd80d3,2.9739
2,14,100,0.238464,0.033793,547,439,66,biscoito,b019f59872,2.8931
2,15,100,0.271575,0.036438,543,454,66,biscoito,5bce5937e1,3.3245
2,16,100,0.244189,0.035855,548,447,70,iogurte,36d1729e78,3.0796
2,17,100,0.271575,0.036438,543,454,66,biscoito,5bce5937e1,3.3245
2,18,100,0.271575,0.036438,543,454,66,biscoito,5bce5937e1,3.3245
2,19,100,0.262388,0.038095,543,451,67,padaria e confeitaria industrializado,a888e6dc14,3.1826
2,20,100,0.220943,0.033844,536,439,69,biscoito,a41d550e1c,2.8182
2,21,100,0.261896,0.034939,562,453,71,biscoito,a77b1a10c1,2.8414
2,22,100,0.267900,0.037449,578,475,70,aperitivo,d37d5bf39f,3.1964
2,23,100,0.250406,0.033559,561,458,68,biscoito,1dc5003005,3.3595
2,24,100,0.266236,0.037876,556,452,65,biscoito,17a5df2358,3.1039
2,25,100,0.229064,0.030940,563,461,65,biscoito,7829472684,3.0211
2,26,100,0.244402,0.033299,547,453,70,biscoito,46799346c3,2.9275
2,27,100,0.229650,0.029391,551,446,67,biscoito,f403b7f9b9,2.9346
2,28,100,0.259273,0.036857,530,428,64,suco pronto,a313634238,3.0326
2,29,100,0.248928,0.038082,540,440,77,chocolate,488db76fcd,2.9412
2,30,100,0.241113,0.038525,546,449,75,padaria e confeitaria industrializado,885895cf72,3.2558
2,31,100,0.260431,0.033597,547,429,68,iogurte,eeffe822c4,3.1737
2,32,100,0.227666,0.037738,562,468,76,padaria e confeitaria industrializado,2b239b41e8,2.9214
2,33,100,0.228412,0.035303,539,457,73,biscoito,fe46dd80d3,2.9739
2,34,100,0.262721,0.036380,561,454,65,biscoito,a2339b3e8d,3.0144
2,35,100,0.243896,0.033232,531,425,63,carne bovina,bcc2cf15c8,2.8932
2,36,100,0.262721,0.036489,574,475,71,aperitivo,65b587a34b,3.0451
2,37,100,0.228412,0.035303,539,457,73,biscoito,fe46dd80d3,2.9739
2,38,100,0.234097,0.034760,546,442,68,multiuso,9c585505ae,3.0227
2,39,100,0.259127,0.036134,563,443,68,iogurte,b5eee8b7a7,3.1004
2,40,100,0.259127,0.036134,563,443,68,iogurte,b5eee8b7a7,3.1004
2,41,100,0.223912,0.034797,539,457,74,biscoito,42ae23887b,2.8250
2,42,100,0.228758,0.034438,530,435,72,suco pronto,39df7801dd,2.9978
2,43,100,0.229463,0.036752,537,459,72,chocolate,e7022fabdd,3.2330
2,44,100,0.271575,0.036438,543,454,66,biscoito,5bce5937e1,3.3245
2,45,100,0.271575,0.036438,543,454,66,biscoito,5bce5937e1,3.3245
2,46,100,0.271575,0.036438,543,454,66,biscoito,5bce5937e1,3.3245
2,47,100,0.222886,0.031301,574,456,67,iogurte,5637c86bd5,3.1649
2,48,100,0.255159,0.032301,563,449,64,cerveja,5f0468633c,3.0285
2,49,100,0.262721,0.036380,561,454,65,biscoito,a2339b3e8d,3.0144
3,0,100,0.241113,0.038525,546,449,75,padaria e confeitaria industrializado,885895cf72,3.2558
3,1,100,0.241113,0.038525,546,449,75,padaria e confeitaria industrializado,885895cf72,3.2558
3,2,100,0.255519,0.038334,539,444,71,padaria e confeitaria industrializado,e513773fec,2.9281
3,3,100,0.256331,0.038322,542,444,64,padaria e confeitaria industrializado,053cad18f9,2.8141
3,4,100,0.262388,0.038095,543,451,67,padaria e confeitaria industrializado,a888e6dc14,3.1826
3,5,100,0.255678,0.035792,548,461,69,biscoito,5b98184d89,3.1718
3,6,100,0.219278,0.033744,527,435,69,biscoito,9f40a3e893,2.9755
3,7,100,0.258381,0.035917,544,456,68,biscoito,a35f3c2b1d,2.9193
3,8,100,0.263187,0.037116,546,449,62,padaria e confeitaria industrializado,4e117b2b2e,3.0141
3,9,100,0.237252,0.035525,556,442,71,padaria e confeitaria industrializado,083a8180ce,3.0259
3,10,100,0.246532,0.032534,532,431,67,biscoito,8cb7d8b433,2.9357
3,11,100,0.250446,0.038505,538,446,76,biscoito,4f1c07883f,2.8802
3,12,100,0.240807,0.037314,546,455,69,biscoito,7495a78aa0,3.1414
3,13,100,0.235947,0.037054,532,439,73,iogurte,271bb35938,3.2768
3,14,100,0.258115,0.037727,547,449,64,biscoito,f486dbfd28,3.1998
3,15,100,0.241113,0.038525,546,449,75,padaria e confeitaria industrializado,885895cf72,3.2558
3,16,100,0.237545,0.037841,544,448,75,padaria e confeitaria industrializado,6b4a9706d4,3.1676
3,17,100,0.241113,0.038525,546,449,75,padaria e confeitaria industrializado,885895cf72,3.2558
3,18,100,0.267900,0.037449,578,475,70,aperitivo,d37d5bf39f,3.1964
3,19,100,0.267900,0.037449,578,475,70,aperitivo,d37d5bf39f,3.1964
3,20,100,0.256331,0.038322,542,444,64,padaria e confeitaria industrializado,053cad18f9,2.8141
3,21,100,0.270337,0.040611,544,443,72,biscoito,5ccb2d6d0f,3.1343
3,22,100,0.243310,0.030265,547,443,63,padaria e confeitaria industrializado,a9668d12e0,3.0361
3,23,100,0.254880,0.040491,542,443,76,chocolate,fb50f36e86,2.9051
3,24,100,0.241899,0.036180,541,452,67,biscoito,01aa8fb70e,2.9046
3,25,100,0.264452,0.037038,577,478,71,aperitivo,5ef64a1309,2.9549
3,26,100,0.255479,0.036041,576,473,71,aperitivo,43f2c184b6,3.0351
3,27,100,0.244268,0.038547,560,460,67,padaria e confeitaria industrializado,7f8c35caad,3.0592
3,28,100,0.246345,0.031646,560,455,63,aperitivo,9f94ab7619,2.9169
3,29,100,0.225949,0.034636,535,439,72,suco pronto,a415c8a403,2.8546
3,30,100,0.262721,0.036489,574,475,71,aperitivo,65b587a34b,3.0451
3,31,100,0.233617,0.032011,549,458,60,biscoito,e858de443e,3.2297
3,32,100,0.258448,0.037559,541,441,65,biscoito,aa0605cd27,3.0554
3,33,100,0.239968,0.030767,549,446,65,iogurte,402c91b2db,2.8537
3,34,100,0.241406,0.042280,539,445,78,padaria e confeitaria industrializado,b993db0633,3.0023
3,35,100,0.232499,0.034528,576,485,70,alimento pet,008960f9f2,3.1172
3,36,100,0.245720,0.039135,532,449,72,biscoito,3d1873341b,3.0358
3,37,100,0.224071,0.034778,548,443,70,bala,ca27f19f6a,2.9630
3,38,100,0.240674,0.038513,530,437,75,presunto,e10a2df53f,2.9585
3,39,100,0.240088,0.034889,538,432,66,bala,10e6dbf338,2.8156
3,40,100,0.232472,0.036116,534,437,77,chocolate,5c21dd99d6,3.0338
3,41,100,0.262721,0.036489,574,475,71,aperitivo,65b587a34b,3.0451
3,42,100,0.238464,0.033793,547,439,66,biscoito,b019f59872,2.8931
3,43,100,0.250100,0.035294,552,443,67,aperitivo,65a18b44d1,3.1420
3,44,100,0.253016,0.038900,571,462,73,outro farma,a187be1c56,3.2350
3,45,100,0.255519,0.038334,539,444,71,padaria e confeitaria industrializado,e513773fec,2.9281
3,46,100,0.230249,0.036772,540,462,71,chocolate,649101e4c2,3.3091
3,47,100,0.238703,0.038388,560,449,74,biscoito,c53ceb3dc1,2.9607
3,48,100,0.231434,0.033143,528,444,71,biscoito,6624801f3d,3.1366
3,49,100,0.248928,0.038082,540,440,77,chocolate,488db76fcd,2.9412
4,0,100,0.241406,0.042280,539,445,78,padaria e confeitaria industrializado,b993db0633,3.0023
4,1,100,0.270337,0.040611,544,443,72,biscoito,5ccb2d6d0f,3.1343
4,2,100,0.254880,0.040491,542,443,76,chocolate,fb50f36e86,2.9051
4,3,100,0.245720,0.039135,532,449,72,biscoito,3d1873341b,3.0358
4,4,100,0.253016,0.038900,571,462,73,outro farma,a187be1c56,3.2350
4,5,100,0.238237,0.030350,550,436,61,biscoito,75eb838ca1,3.1786
4,6,100,0.231847,0.039906,566,466,75,padaria e confeitaria industrializado,fd1de6ba29,2.9963
4,7,100,0.254880,0.040491,542,443,76,chocolate,fb50f36e86,2.9051
4,8,100,0.254880,0.040491,542,443,76,chocolate,fb50f36e86,2.9051
4,9,100,0.265158,0.039287,537,442,71,queijo,1dde877fbf,2.9217
4,10,100,0.222660,0.037688,537,454,75,padaria e confeitaria industrializado,f12c2af899,2.9478
4,11,100,0.248689,0.038027,550,444,66,padaria e confeitaria industrializado,1cb8630cc4,2.9805
4,12,100,0.235029,0.035373,552,445,69,biscoito,abac2ee331,3.2470
4,13,100,0.235947,0.037054,532,439,73,iogurte,271bb35938,3.2768
4,14,100,0.253016,0.038900,571,462,73,outro farma,a187be1c56,3.2350
4,15,100,0.250060,0.036250,542,435,68,biscoito,4425a3e84a,2.8106
4,16,100,0.235148,0.038767,532,443,72,iogurte,ebc688b14c,2.9362
4,17,100,0.246372,0.036773,558,449,67,padaria e confeitaria industrializado,98c1594323,3.2737
4,18,100,0.244428,0.037697,526,433,73,padaria e confeitaria industrializado,fde20a3920,3.7371
4,19,100,0.244921,0.037671,550,440,66,padaria e confeitaria industrializado,22e13aa047,3.6763
4,20,100,0.237159,0.037725,556,455,75,padaria e confeitaria industrializado,1d137e82ec,3.0517
4,21,100,0.242644,0.033597,559,458,63,cafe,071b076090,4.0031
4,22,100,0.247291,0.036376,561,461,71,aperitivo,1f7cfaf410,3.0534
4,23,100,0.236347,0.039244,544,448,76,padaria e confeitaria industrializado,29a00ac290,3.1692
4,24,100,0.237545,0.037841,544,448,75,padaria e confeitaria industrializado,6b4a9706d4,3.1676
4,25,100,0.258807,0.036826,539,440,63,padaria e confeitaria industrializado,a41b330be8,3.1373
4,26,100,0.243470,0.037491,541,440,69,padaria e confeitaria industrializado,94effa91f4,3.1294
4,27,100,0.231993,0.036702,546,449,76,padaria e confeitaria industrializado,2acd902fbd,3.1195
4,28,100,0.271881,0.038499,541,449,66,padaria e confeitaria industrializado,4ab623861b,3.1496
4,29,100,0.241113,0.038525,546,449,75,padaria e confeitaria industrializado,885895cf72,3.2558
4,30,100,0.254880,0.040491,542,443,76,chocolate,fb50f36e86,2.9051
4,31,100,0.239143,0.036904,539,450,70,biscoito,dcea6bb815,3.0753
4,32,100,0.266889,0.038836,541,448,72,biscoito,3c3001f06e,3.2191
4,33,100,0.261616,0.040140,541,442,72,suco pronto,2864aafa2e,2.8230
4,34,100,0.259886,0.037790,546,447,64,biscoito,929d8b9fc7,2.7407
4,35,100,0.244708,0.036929,545,443,73,padaria e confeitaria industrializado,e58b622cd1,3.1362
4,36,100,0.246665,0.035085,532,438,70,biscoito,fcf291a868,3.2305
4,37,100,0.246745,0.035578,565,456,71,lava roupas,1841429cb4,3.1046
4,38,100,0.253535,0.037066,553,455,65,iogurte,2ba7d14172,2.8081
4,39,100,0.268713,0.041580,545,441,72,suco pronto,d6870a138a,3.1357
4,40,100,0.246931,0.036845,540,440,67,biscoito,1e6015e9f7,2.9423
4,41,100,0.253641,0.040118,527,445,72,biscoito,347bf89de2,3.0475
4,42,100,0.246345,0.037180,544,448,71,padaria e confeitaria industrializado,ce996b7f69,3.0869
4,43,100,0.241473,0.032287,560,457,62,cafe,76d5c5e6ec,2.8386
4,44,100,0.247637,0.036897,561,453,70,aperitivo,24581d1270,3.0432
4,45,100,0.262921,0.042831,552,454,80,desinfetante,6eefaec441,3.2662
4,46,100,0.221515,0.032751,548,436,66,biscoito,0152c2739c,3.0167
4,47,100,0.244255,0.038382,534,441,75,padaria e confeitaria industrializado,65a46ec0bb,2.9233
4,48,100,0.257303,0.041684,538,438,76,chocolate,808c153d15,2.8662
4,49,100,0.239409,0.042539,551,457,79,padaria e confeitaria industrializado,171ee71b60,3.3612
5,0,100,0.262921,0.042831,552,454,80,desinfetante,6eefaec441,3.2662
5,1,100,0.239409,0.042539,551,457,79,padaria e confeitaria industrializado,171ee71b60,3.3612
5,2,100,0.241406,0.042280,539,445,78,padaria e confeitaria industrializado,b993db0633,3.0023
5,3,100,0.257303,0.041684,538,438,76,chocolate,808c153d15,2.8662
5,4,100,0.268713,0.041580,545,441,72,suco pronto,d6870a138a,3.1357
5,5,100,0.237545,0.037841,544,448,75,padaria e confeitaria industrializado,6b4a9706d4,3.1676
5,6,100,0.270337,0.040611,544,443,72,biscoito,5ccb2d6d0f,3.1343
5,7,100,0.239755,0.039700,564,469,75,outro farma,2d4d1e4639,3.6826
5,8,100,0.276182,0.042989,573,472,78,padaria e confeitaria industrializado,35e61aaa36,3.1897
5,9,100,0.270337,0.040611,544,443,72,biscoito,5ccb2d6d0f,3.1343
5,10,100,0.257303,0.041684,538,438,76,chocolate,808c153d15,2.8662
5,11,100,0.241406,0.042280,539,445,78,padaria e confeitaria industrializado,b993db0633,3.0023
5,12,100,0.239409,0.042539,551,457,79,padaria e confeitaria industrializado,171ee71b60,3.3612
5,13,100,0.261616,0.040140,541,442,72,suco pronto,2864aafa2e,2.8230
5,14,100,0.270337,0.040611,544,443,72,biscoito,5ccb2d6d0f,3.1343
5,15,100,0.254467,0.039434,535,452,73,biscoito,929253ab09,2.9640
5,16,100,0.266090,0.043905,545,454,78,desinfetante,1920bec44b,2.9697
5,17,100,0.262202,0.037471,552,448,64,biscoito,a7a98dd9e0,2.8693
5,18,100,0.259912,0.040115,538,442,71,suco pronto,b4e61feccc,3.2170
5,19,100,0.268713,0.041580,545,441,72,suco pronto,d6870a138a,3.1357
5,20,100,0.244255,0.038382,534,441,75,padaria e confeitaria industrializado,65a46ec0bb,2.9233
5,21,100,0.246305,0.038437,531,449,71,biscoito,bdef98b0e6,2.6954
5,22,100,0.271562,0.041506,545,440,72,biscoito,a1389ff681,2.9243
5,23,100,0.235681,0.040277,538,437,73,padaria e confeitaria industrializado,ad8c576cee,3.0303
5,24,100,0.229543,0.038162,542,452,73,padaria e confeitaria industrializado,3848db900d,2.9800
5,25,100,0.264452,0.040504,537,438,71,suco pronto,11aefbe885,3.0304
5,26,100,0.243896,0.036986,538,441,75,biscoito,3b49089c96,2.9795
5,27,100,0.255625,0.038257,553,446,66,padaria e confeitaria industrializado,f07bce0b26,3.0153
5,28,100,0.248981,0.035813,545,450,72,biscoito,97183baa7a,3.0261
5,29,100,0.240474,0.040239,553,452,73,desodorante,80d003d4cd,2.8858
5,30,100,0.258967,0.039083,574,469,75,padaria e confeitaria industrializado,943eded1fc,3.0436
5,31,100,0.262921,0.042831,552,454,80,desinfetante,6eefaec441,3.2662
5,32,100,0.255931,0.040353,543,444,76,chocolate,0d136987e9,2.7413
5,33,100,0.254880,0.040491,542,443,76,chocolate,fb50f36e86,2.9051
5,34,100,0.254880,0.040491,542,443,76,chocolate,fb50f36e86,2.9051
5,35,100,0.232965,0.034112,534,433,72,chocolate,3152a93590,3.0391
5,36,100,0.253801,0.041018,549,446,78,biscoito,d9b4e6fe2a,3.0305
5,37,100,0.259752,0.041108,532,447,83,chocolate,931a88fb02,2.7185
5,38,100,0.259260,0.039466,561,456,71,desinfetante,5d22c8b20c,3.0329
5,39,100,0.266036,0.039990,557,462,66,padaria e confeitaria industrializado,db8760bda9,2.9567
5,40,100,0.250686,0.039010,555,445,73,desodorante,47a0cbabae,3.3357
5,41,100,0.230901,0.037866,539,450,74,desinfetante,5ef7105e48,3.0555
5,42,100,0.235907,0.035189,539,445,72,padaria e confeitaria industrializado,247791f591,2.7898
5,43,100,0.235148,0.038767,532,443,72,iogurte,ebc688b14c,2.9362
5,44,100,0.253016,0.038900,571,462,73,outro farma,a187be1c56,3.2350
5,45,100,0.231753,0.034958,541,433,69,biscoito,adbd81203d,3.1779
5,46,100,0.255186,0.040391,549,434,75,chocolate,920adc244b,2.9863
5,47,100,0.268713,0.041580,545,441,72,suco pronto,d6870a138a,3.1357
5,48,100,0.266889,0.038836,541,448,72,biscoito,3c3001f06e,3.2191
5,49,100,0.245720,0.039135,532,449,72,biscoito,3d1873341b,3.0358
6,0,100,0.266090,0.043905,545,454,78,desinfetante,1920bec44b,2.9697
6,1,100,0.276182,0.042989,573,472,78,padaria e confeitaria industrializado,35e61aaa36,3.1897
6,2,100,0.262921,0.042831,552,454,80,desinfetante,6eefaec441,3.2662
6,3,100,0.262921,0.042831,552,454,80,desinfetante,6eefaec441,3.2662
6,4,100,0.239409,0.042539,551,457,79,padaria e confeitaria industrializado,171ee71b60,3.3612
6,5,100,0.261004,0.043320,560,463,81,macarrao,abd6368850,3.3638
6,6,100,0.272653,0.042172,551,459,74,desinfetante,e26f9cb6e0,3.0315
6,7,100,0.253748,0.039280,538,436,73,biscoito,2db89919de,2.7228
6,8,100,0.272094,0.043206,544,444,75,suco pronto,ea83f9c2f5,3.0372
6,9,100,0.280282,0.040239,541,442,72,biscoito,0ca3766ca1,2.9695
6,10,100,0.255798,0.041242,535,446,79,carne bovina,a45abf05f5,2.9415
6,11,100,0.256677,0.040767,553,448,78,biscoito,146bf5f0a3,2.9147
6,12,100,0.266889,0.040880,541,441,72,suco pronto,5c1a5ec89e,2.8191
6,13,100,0.260778,0.043021,554,456,80,desinfetante,830e7b8558,3.0166
6,14,100,0.238903,0.042921,550,457,80,padaria e confeitaria industrializado,03a7d9045b,3.2934
6,15,100,0.279670,0.044155,545,448,79,desinfetante,5dc1b4ab63,2.9384
6,16,100,0.241912,0.041654,548,458,78,desinfetante,c8145a2867,2.9635
6,17,100,0.264838,0.043213,552,454,80,desinfetante,a2f3105d4f,3.0602
6,18,100,0.253868,0.039009,538,442,71,suco pronto,a7ce8f7679,3.1130
6,19,100,0.217548,0.037134,538,434,72,padaria e confeitaria industrializado,a43a595168,2.9681
6,20,100,0.271069,0.039020,544,434,71,suco pronto,76492ed068,2.8273
6,21,100,0.262921,0.042831,552,454,80,desinfetante,6eefaec441,3.2662
6,22,100,0.270337,0.040611,544,443,72,biscoito,5ccb2d6d0f,3.1343
6,23,100,0.238743,0.042520,553,459,79,padaria e confeitaria industrializado,4a0b835116,2.8610
6,24,100,0.257303,0.041684,538,438,76,chocolate,808c153d15,2.8662
6,25,100,0.287365,0.044434,552,442,74,linguica,88f0956d56,2.9504
6,26,100,0.236866,0.036743,558,458,73,suco pronto,4c1882b3cf,3.0145
6,27,100,0.239409,0.042539,551,457,79,padaria e confeitaria industrializado,171ee71b60,3.3612
6,28,100,0.257396,0.039929,545,439,72,suco pronto,5807379bca,2.8488
6,29,100,0.271322,0.040548,565,467,71,suco pronto,1991b2ade7,3.2732
6,30,100,0.259539,0.041943,552,446,78,linguica,b7ac36eb0e,3.0731
6,31,100,0.255066,0.039723,553,447,69,linguica,d1f6167406,3.0393
6,32,100,0.251445,0.041966,537,447,76,suco pronto,47ca998888,3.0240
6,33,100,0.263041,0.041369,548,458,81,desinfetante,8ab4a39f6a,2.8615
6,34,100,0.251524,0.037274,541,437,71,desodorante,c0211e1d55,3.0119
6,35,100,0.267701,0.041778,540,446,74,suco pronto,95ed8f485d,3.0008
6,36,100,0.267581,0.042619,550,453,74,linguica,58a43b70e8,2.9131
6,37,100,0.262921,0.042831,552,454,80,desinfetante,6eefaec441,3.2662
6,38,100,0.246305,0.038437,531,449,71,biscoito,bdef98b0e6,2.6954
6,39,100,0.262388,0.038560,544,442,69,suco pronto,e95ed1fe0a,3.3243
6,40,100,0.244388,0.039260,544,439,73,chocolate,9cec1f49e7,3.4980
6,41,100,0.260631,0.042170,553,463,80,padaria e confeitaria industrializado,b957560b0e,2.9504
6,42,100,0.267980,0.045573,547,443,74,padaria e confeitaria industrializado,eaec7132ef,3.4162
6,43,100,0.248223,0.041452,539,438,77,biscoito,449877457c,2.9669
6,44,100,0.271136,0.041483,553,462,77,desinfetante,4a23d52f22,2.9631
6,45,100,0.266809,0.042272,555,444,71,padaria e confeitaria industrializado,c9568989ff,3.0704
6,46,100,0.259473,0.039539,540,452,81,chocolate,192fd5b44b,2.9642
6,47,100,0.257303,0.041684,538,438,76,chocolate,808c153d15,2.8662
6,48,100,0.240474,0.040239,553,452,73,desodorante,80d003d4cd,2.8858
6,49,100,0.285248,0.043867,546,447,75,linguica,ea1933e029,3.0032
7,0,100,0.267980,0.045573,547,443,74,padaria e confeitaria industrializado,eaec7132ef,3.4162
7,1,100,0.287365,0.044434,552,442,74,linguica,88f0956d56,2.9504
7,2,100,0.279670,0.044155,545,448,79,desinfetante,5dc1b4ab63,2.9384
7,3,100,0.266090,0.043905,545,454,78,desinfetante,1920bec44b,2.9697
7,4,100,0.285248,0.043867,546,447,75,linguica,ea1933e029,3.0032
7,5,100,0.270457,0.041539,568,478,78,desinfetante,2716d3a045,3.2556
7,6,100,0.271429,0.041570,559,457,78,padaria e confeitaria industrializado,0b2dd01bfc,3.5310
7,7,100,0.270750,0.043045,551,450,78,desinfetante,0c4b991e62,3.9883
7,8,100,0.234097,0.040364,548,451,78,desinfetante,142933a91b,4.5029
7,9,100,0.274371,0.042180,566,465,78,padaria e confeitaria industrializado,2692266865,3.6767
7,10,100,0.265570,0.042390,557,464,75,desinfetante,50bc1dca09,3.6685
7,11,100,0.257303,0.041684,538,438,76,chocolate,808c153d15,2.8662
7,12,100,0.239409,0.042539,551,457,79,padaria e confeitaria industrializado,171ee71b60,3.3612
7,13,100,0.278551,0.044163,554,454,80,desinfetante,7fa8cacbdf,3.2948
7,14,100,0.270124,0.041436,535,433,73,suco pronto,0c1e4f82a1,2.9986
7,15,100,0.261976,0.041646,537,446,78,carne bovina,fc01aadf8b,2.9561
7,16,100,0.258887,0.040216,540,441,72,suco pronto,7373d64763,2.9305
7,17,100,0.252763,0.039287,557,449,69,linguica,a43f22fd02,3.1628
7,18,100,0.265171,0.042020,549,459,76,desinfetante,d6658c5c29,3.2999
7,19,100,0.266090,0.043905,545,454,78,desinfetante,1920bec44b,2.9697
7,20,100,0.266090,0.043905,545,454,78,desinfetante,1920bec44b,2.9697
7,21,100,0.270896,0.042633,552,450,74,desinfetante,c3c8ffd147,3.0455
7,22,100,0.254786,0.043777,547,447,77,padaria e confeitaria industrializado,f0b5144ead,2.8650
7,23,100,0.273972,0.042708,567,463,79,padaria e confeitaria industrializado,3ae5311c74,2.8815
7,24,100,0.274185,0.043379,548,453,78,desinfetante,7dd2cd32cc,3.2612
7,25,100,0.264053,0.043045,552,452,80,desinfetante,a6c487f0bf,2.9577
7,26,100,0.262921,0.042831,552,454,80,desinfetante,6eefaec441,3.2662
7,27,100,0.271469,0.045090,550,454,80,desinfetante,40087bc971,2.9163
7,28,100,0.251152,0.041473,549,461,77,desinfetante,4a1b5c79fe,2.8893
7,29,100,0.257223,0.036754,555,449,70,desodorante,9d12e51408,2.8327
7,30,100,0.251591,0.040022,535,429,75,outro farma,3c6c4bf633,3.1682
7,31,100,0.264465,0.042221,550,452,79,desinfetante,610f742d0e,2.9504
7,32,100,0.282745,0.044561,552,442,75,linguica,dece4f116e,2.8469
7,33,100,0.248715,0.040568,558,443,74,biscoito,23d82ec221,2.9970
7,34,100,0.286660,0.043409,547,461,75,desinfetante,61dc8b8518,3.1152
7,35,100,0.279670,0.044155,545,448,79,desinfetante,5dc1b4ab63,2.9384
7,36,100,0.261177,0.042359,551,454,79,desinfetante,ec9983e5f1,3.1507
7,37,100,0.259273,0.039186,540,433,68,linguica,db2a32f9ed,2.8300
7,38,100,0.256224,0.039452,553,452,71,padaria e confeitaria industrializado,893f22454a,2.8530
7,39,100,0.238796,0.035991,553,453,69,biscoito,a542d67c96,2.9176
7,40,100,0.244748,0.040340,531,438,78,iogurte,33250d6532,3.2201
7,41,100,0.271136,0.041483,553,462,77,desinfetante,4a23d52f22,2.9631
7,42,100,0.266090,0.043905,545,454,78,desinfetante,1920bec44b,2.9697
7,43,100,0.255186,0.038856,569,473,76,padaria e confeitaria industrializado,15232297b4,2.9826
7,44,100,0.224897,0.040049,559,454,74,padaria e confeitaria industrializado,ef9cdafd7d,2.8731
7,45,100,0.267980,0.045573,547,443,74,padaria e confeitaria industrializado,eaec7132ef,3.4162
7,46,100,0.260778,0.043021,554,456,80,desinfetante,830e7b8558,3.0166
7,47,100,0.252776,0.039514,557,445,71,padaria e confeitaria industrializado,f3234a2b87,2.8669
7,48,100,0.262016,0.042105,536,434,74,chocolate,b8eeb79b6c,3.0157
7,49,100,0.272680,0.045185,559,456,75,desinfetante,2d105aa336,3.3428
8,0,100,0.267980,0.045573,547,443,74,padaria e confeitaria industrializado,eaec7132ef,3.4162
8,1,100,0.267980,0.045573,547,443,74,padaria e confeitaria industrializado,eaec7132ef,3.4162
8,2,100,0.272680,0.045185,559,456,75,desinfetante,2d105aa336,3.3428
8,3,100,0.271469,0.045090,550,454,80,desinfetante,40087bc971,2.9163
8,4,100,0.282745,0.044561,552,442,75,linguica,dece4f116e,2.8469
8,5,100,0.272680,0.045185,559,456,75,desinfetante,2d105aa336,3.3428
8,6,100,0.257303,0.041684,538,438,76,chocolate,808c153d15,2.8662
8,7,100,0.276088,0.041793,550,436,69,linguica,b25a0575ed,3.1903
8,8,100,0.269139,0.043138,547,451,79,padaria e confeitaria industrializado,cd9659353f,2.8619
8,9,100,0.285368,0.044403,548,450,78,desinfetante,12ce029e76,2.9135
8,10,100,0.270190,0.045474,541,445,76,desinfetante,b9d9e110f7,3.0436
8,11,100,0.279670,0.044155,545,448,79,desinfetante,5dc1b4ab63,2.9384
8,12,100,0.271469,0.045090,550,454,80,desinfetante,40087bc971,2.9163
8,13,100,0.271122,0.042472,553,450,77,desinfetante,45064e99ef,2.8633
8,14,100,0.261403,0.043721,552,456,79,padaria e confeitaria industrializado,b04f011f9e,2.8533
8,15,100,0.254760,0.041761,557,460,80,desinfetante,dd5ddc29c6,2.9779
8,16,100,0.274757,0.042947,548,460,77,desinfetante,32bd844b8e,3.0190
8,17,100,0.265051,0.043097,542,448,78,padaria e confeitaria industrializado,36557185cf,3.0338
8,18,100,0.269445,0.043146,568,467,75,desinfetante,3c97d0f2b3,2.7757
8,19,100,0.278325,0.044353,551,451,79,desinfetante,dcd485be95,2.9704
8,20,100,0.255971,0.040639,546,456,78,desinfetante,fc70c82ba0,3.2469
8,21,100,0.287365,0.044434,552,442,74,linguica,88f0956d56,2.9504
8,22,100,0.248715,0.040568,558,443,74,biscoito,23d82ec221,2.9970
8,23,100,0.268713,0.042623,546,444,71,padaria e confeitaria industrializado,29bc7ce1cc,3.0919
8,24,100,0.283664,0.044083,553,444,75,padaria e confeitaria industrializado,03ea28bc28,3.0473
8,25,100,0.267980,0.045573,547,443,74,padaria e confeitaria industrializado,eaec7132ef,3.4162
8,26,100,0.261936,0.043077,547,455,78,desinfetante,7d091e937e,2.7571
8,27,100,0.259167,0.044123,554,447,75,lava roupas,0b5f0184a2,3.0173
8,28,100,0.275409,0.044915,555,451,73,desinfetante,22d5144683,3.1903
8,29,100,0.281387,0.045517,548,454,76,desinfetante,b86a808e05,2.9525
8,30,100,0.256530,0.044091,544,452,80,desinfetante,e8bdc7272e,2.8051
8,31,100,0.270750,0.043045,551,450,78,desinfetante,0c4b991e62,3.9883
8,32,100,0.278551,0.044163,554,454,80,desinfetante,7fa8cacbdf,3.2948
8,33,100,0.239156,0.041510,544,448,79,padaria e confeitaria industrializado,52eb720560,2.8728
8,34,100,0.278898,0.045023,561,461,80,desinfetante,cda3f0a31c,3.0621
8,35,100,0.254786,0.043777,547,447,77,padaria e confeitaria industrializado,f0b5144ead,2.8650
8,36,100,0.272680,0.045185,559,456,75,desinfetante,2d105aa336,3.3428
8,37,100,0.279670,0.044155,545,448,79,desinfetante,5dc1b4ab63,2.9384
8,38,100,0.272680,0.045185,559,456,75,desinfetante,2d105aa336,3.3428
8,39,100,0.262921,0.042831,552,454,80,desinfetante,6eefaec441,3.2662
8,40,100,0.279670,0.044155,545,448,79,desinfetante,5dc1b4ab63,2.9384
8,41,100,0.270896,0.043781,557,448,77,padaria e confeitaria industrializado,3cdd3b93ea,3.0194
8,42,100,0.282532,0.043895,549,447,77,desinfetante,4583ef622e,3.2640
8,43,100,0.278139,0.042841,558,465,77,desinfetante,dbe8038643,2.9040
8,44,100,0.265504,0.043138,560,461,79,desinfetante,0d913645b0,2.9104
8,45,100,0.264053,0.043045,552,452,80,desinfetante,a6c487f0bf,2.9577
8,46,100,0.279670,0.044155,545,448,79,desinfetante,5dc1b4ab63,2.9384
8,47,100,0.230023,0.041431,543,447,77,desinfetante,ee546e0f79,3.1419
8,48,100,0.273905,0.044281,555,447,75,lava roupas,ee0c232786,3.6430
8,49,100,0.275103,0.045243,552,453,78,desinfetante,2fc59ffde3,2.8886
9,0,100,0.267980,0.045573,547,443,74,padaria e confeitaria industrializado,eaec7132ef,3.4162
9,1,100,0.267980,0.045573,547,443,74,padaria e confeitaria industrializado,eaec7132ef,3.4162
9,2,100,0.267980,0.045573,547,443,74,padaria e confeitaria industrializado,eaec7132ef,3.4162
9,3,100,0.281387,0.045517,548,454,76,desinfetante,b86a808e05,2.9525
9,4,100,0.270190,0.045474,541,445,76,desinfetante,b9d9e110f7,3.0436
9,5,100,0.273905,0.044281,555,447,75,lava roupas,ee0c232786,3.6430
9,6,100,0.267980,0.045573,547,443,74,padaria e confeitaria industrializado,eaec7132ef,3.4162
9,7,100,0.243656,0.044563,541,451,80,padaria e confeitaria industrializado,760244b341,3.1845
9,8,100,0.256331,0.042828,552,450,74,desinfetante,a6aa8f18c9,2.9781
9,9,100,0.279870,0.044375,550,454,78,desinfetante,1e92a90314,2.9977
9,10,100,0.272653,0.043881,554,451,78,desinfetante,7a70002c38,3.1344
9,11,100,0.278472,0.044976,557,444,73,desinfetante,488383a0de,2.9760
9,12,100,0.260245,0.042576,544,453,77,desinfetante,1761b8c47a,2.8760
9,13,100,0.279670,0.044155,545,448,79,desinfetante,5dc1b4ab63,2.9384
9,14,100,0.280668,0.044494,546,448,79,desinfetante,1e1d66d459,3.0319
9,15,100,0.269858,0.040760,557,445,71,padaria e confeitaria industrializado,07a6480b1b,2.8957
9,16,100,0.231700,0.041795,536,442,74,cafe,d8537aa560,3.0105
9,17,100,0.277087,0.044317,559,454,74,desinfetante,93ffec5d02,2.9019
9,18,100,0.273812,0.045832,551,447,78,padaria e confeitaria industrializado,3a3f89439c,3.4375
9,19,100,0.269445,0.043146,568,467,75,desinfetante,3c97d0f2b3,2.7757
9,20,100,0.282745,0.044561,552,442,75,linguica,dece4f116e,2.8469
9,21,100,0.273692,0.045889,560,459,75,desinfetante,86fa89da6a,3.1056
9,22,100,0.273399,0.044293,551,449,78,desinfetante,c54abc781e,2.9655
9,23,100,0.278125,0.044990,554,451,77,desinfetante,eaa6b0c7ab,2.9052
9,24,100,0.272454,0.044266,556,451,73,desinfetante,942e922235,2.9561
9,25,100,0.272227,0.039511,550,444,69,linguica,b49f00814f,3.3388
9,26,100,0.268966,0.046053,563,460,82,desodorante,d58be2ef3d,3.8846
9,27,100,0.275849,0.043372,555,449,73,desinfetante,42052f6689,2.9520
9,28,100,0.252909,0.042997,545,451,80,padaria e confeitaria industrializado,2272f09823,2.6541
9,29,100,0.260604,0.042987,553,457,79,desinfetante,7eb63486fe,2.0140
9,30,100,0.273945,0.045038,559,450,74,desinfetante,70bd3ce1fe,1.8716
9,31,100,0.281387,0.045517,548,454,76,desinfetante,b86a808e05,2.9525
9,32,100,0.265051,0.043097,542,448,78,padaria e confeitaria industrializado,36557185cf,3.0338
9,33,100,0.268713,0.042623,546,444,71,padaria e confeitaria industrializado,29bc7ce1cc,3.0919
9,34,100,0.267980,0.045573,547,443,74,padaria e confeitaria industrializado,eaec7132ef,3.4162
9,35,100,0.260152,0.039861,555,447,69,padaria e confeitaria industrializado,b998d4d1ab,1.7836
9,36,100,0.245334,0.042226,540,460,80,desinfetante,c3ba2eaf89,1.8423
9,37,100,0.288963,0.043326,548,454,72,desinfetante,45d95e8c5b,1.8403
9,38,100,0.257782,0.044493,538,448,79,padaria e confeitaria industrializado,cdb967487f,1.7880
9,39,100,0.270071,0.040509,549,437,71,biscoito,fe9d7ae16c,1.8126
9,40,100,0.207456,0.038395,541,445,77,desinfetante,7c100e7ad2,1.7988
9,41,100,0.246079,0.042886,533,443,80,queijo,dd326c2a65,1.8330
9,42,100,0.282066,0.043665,548,456,74,desinfetante,63e41aad1c,1.8554
9,43,100,0.272680,0.045185,559,456,75,desinfetante,2d105aa336,3.3428
9,44,100,0.275103,0.045243,552,453,78,desinfetante,2fc59ffde3,2.8886
9,45,100,0.272387,0.044715,546,450,78,desinfetante,d2d7bf12bf,1.8002
9,46,100,0.261909,0.042937,549,455,76,desinfetante,091e3faafa,1.8623
9,47,100,0.257343,0.040363,548,453,74,desinfetante,b6d7508712,1.9155
9,48,100,0.269232,0.042311,545,445,79,desinfetante,1d5ac63838,1.8117
9,49,100,0.272680,0.045185,559,456,75,desinfetante,2d105aa336,3.3428
10,0,100,0.268966,0.046053,563,460,82,desodorante,d58be2ef3d,3.8846
10,1,100,0.273692,0.045889,560,459,75,desinfetante,86fa89da6a,3.1056
10,2,100,0.273812,0.045832,551,447,78,padaria e confeitaria industrializado,3a3f89439c,3.4375
10,3,100,0.267980,0.045573,547,443,74,padaria e confeitaria industrializado,eaec7132ef,3.4162
10,4,100,0.267980,0.045573,547,443,74,padaria e confeitaria industrializado,eaec7132ef,3.4162
10,5,100,0.268899,0.045082,538,444,79,desinfetante,e826c736d4,1.9550
10,6,100,0.277833,0.044486,547,450,74,desinfetante,955e793383,2.0836
10,7,100,0.278125,0.044990,554,451,77,desinfetante,eaa6b0c7ab,2.9052
10,8,100,0.275103,0.045243,552,453,78,desinfetante,2fc59ffde3,2.8886
10,9,100,0.266955,0.046150,548,454,76,lava roupas,e2e018f633,1.8013
10,10,100,0.269618,0.039949,561,453,68,padaria e confeitaria industrializado,00e755e6ba,1.8484
10,11,100,0.282812,0.043382,548,456,74,desinfetante,46b6dac161,1.9021
10,12,100,0.266835,0.043860,551,443,76,padaria e confeitaria industrializado,bc162f5abb,1.7960
10,13,100,0.277793,0.044459,558,461,80,desinfetante,e21292b109,1.7594
10,14,100,0.239901,0.042436,556,454,78,desodorante,2d769542be,1.6740
10,15,100,0.281387,0.045517,548,454,76,desinfetante,b86a808e05,2.9525
10,16,100,0.273812,0.045832,551,447,78,padaria e confeitaria industrializado,3a3f89439c,3.4375
10,17,100,0.268966,0.046053,563,460,82,desodorante,d58be2ef3d,3.8846
10,18,100,0.273812,0.045832,551,447,78,padaria e confeitaria industrializado,3a3f89439c,3.4375
10,19,100,0.266729,0.042505,559,444,72,lava roupas,fc1d08b3eb,1.8792
10,20,100,0.260165,0.038852,552,443,69,biscoito,4faf346c11,1.7764
10,21,100,0.272494,0.045031,556,449,75,desinfetante,fabeb8d087,1.7925
10,22,100,0.266929,0.044134,554,458,78,desinfetante,41164d1e1d,1.8059
10,23,100,0.272174,0.044161,551,462,76,padaria e confeitaria industrializado,400afde43d,1.7743
10,24,100,0.268406,0.044070,550,449,79,desinfetante,b241715c29,1.7968
10,25,100,0.279936,0.045952,549,454,78,desinfetante,a8817dd5f9,1.9305
10,26,100,0.248249,0.042065,540,438,73,padaria e confeitaria industrializado,c5c0d62900,1.8543
10,27,100,0.264945,0.042759,558,463,75,desinfetante,96b7612ddc,2.0764
10,28,100,0.261230,0.040523,564,455,72,padaria e confeitaria industrializado,ac0d0f1473,2.3806
10,29,100,0.267980,0.045573,547,443,74,padaria e confeitaria industrializado,eaec7132ef,3.4162
10,30,100,0.278125,0.044990,554,451,77,desinfetante,eaa6b0c7ab,2.9052
10,31,100,0.264825,0.046614,541,439,75,cafe,bc6ece4d62,1.8841
10,32,100,0.271828,0.043149,557,446,75,padaria e confeitaria industrializado,b24412e44a,1.7814
10,33,100,0.267980,0.045573,547,443,74,padaria e confeitaria industrializado,eaec7132ef,3.4162
10,34,100,0.267980,0.045573,547,443,74,padaria e confeitaria industrializado,eaec7132ef,3.4162
10,35,100,0.273159,0.045159,552,453,78,desinfetante,e0d2d1c6ba,1.7734
10,36,100,0.278884,0.046168,551,448,78,cafe,9697ba7013,1.8391
10,37,100,0.237119,0.043143,548,448,75,desinfetante,7ef77c958a,1.7952
10,38,100,0.260764,0.040743,550,439,72,padaria e confeitaria industrializado,68de3addd0,1.7613
10,39,100,0.267860,0.044856,558,446,75,desinfetante,97d2ce4b71,1.9065
10,40,100,0.273399,0.044293,551,449,78,desinfetante,c54abc781e,2.9655
10,41,100,0.271921,0.044759,559,456,74,desinfetante,dada74b583,1.8186
10,42,100,0.268127,0.045964,546,443,75,padaria e confeitaria industrializado,0eeb3f0a90,1.8661
10,43,100,0.240714,0.043643,552,439,73,lava roupas,23b4f0e2ad,1.8338
10,44,100,0.247530,0.041158,550,448,75,biscoito,b9554a5271,2.1484
10,45,100,0.249328,0.042278,534,437,73,cafe,548bfe10be,1.8827
10,46,100,0.272973,0.040272,564,451,69,padaria e confeitaria industrializado,4e3ca73d48,1.7991
10,47,100,0.266968,0.042429,552,456,79,desinfetante,3ea6cbefdc,2.0637
10,48,100,0.276048,0.046134,552,451,76,desinfetante,c0c95ec6ba,1.8170
10,49,100,0.264852,0.042475,559,441,75,padaria e confeitaria industrializado,49d22e2b8e,1.8433
11,0,100,0.264825,0.046614,541,439,75,cafe,bc6ece4d62,1.8841
11,1,100,0.278884,0.046168,551,448,78,cafe,9697ba7013,1.8391
11,2,100,0.266955,0.046150,548,454,76,lava roupas,e2e018f633,1.8013
11,3,100,0.276048,0.046134,552,451,76,desinfetante,c0c95ec6ba,1.8170
11,4,100,0.268966,0.046053,563,460,82,desodorante,d58be2ef3d,3.8846
11,5,100,0.283704,0.044822,552,447,78,cafe,fd5faea362,2.1433
11,6,100,0.229916,0.039667,554,449,73,lava roupas,521d679fdc,1.8307
11,7,100,0.265637,0.043539,552,447,74,padaria e confeitaria industrializado,41bc4723e6,1.9298
11,8,100,0.255532,0.043585,546,448,78,cafe,8032f03c4b,1.8261
11,9,100,0.265664,0.044188,552,445,74,padaria e confeitaria industrializado,09a72b7e73,1.7753
11,10,100,0.282639,0.046777,544,450,77,desinfetante,cddaf94d0f,1.7620
11,11,100,0.272014,0.046246,557,453,76,lava roupas,d199b4bb3d,1.8450
11,12,100,0.275622,0.045852,553,448,75,desinfetante,231407e066,1.9182
11,13,100,0.268127,0.045964,546,443,75,padaria e confeitaria industrializado,0eeb3f0a90,1.8661
11,14,100,0.268966,0.046053,563,460,82,desodorante,d58be2ef3d,3.8846
11,15,100,0.232832,0.042198,548,446,74,cafe,42bdbec8d4,1.7956
11,16,100,0.267088,0.042864,553,454,75,cafe,19739c1e09,1.7766
11,17,100,0.262042,0.045529,540,439,74,cafe,e02b4904a6,1.7619
11,18,100,0.272787,0.042967,560,446,75,biscoito,e1ed97ce9d,1.7353
11,19,100,0.283371,0.045117,548,450,78,desinfetante,b78c6f6739,1.9470
11,20,100,0.269897,0.045910,555,453,76,desinfetante,8ecb68ed54,2.1314
11,21,100,0.268979,0.045058,545,448,78,padaria e confeitaria industrializado,f90032dfe2,1.9846
11,22,100,0.275050,0.045953,548,459,76,desinfetante,4dda148e6d,1.9295
11,23,100,0.280588,0.045054,556,457,79,desinfetante,ae257b06cd,1.7909
11,24,100,0.257449,0.044108,557,453,81,padaria e confeitaria industrializado,4f8ed4d63f,1.7776
11,25,100,0.245693,0.041309,548,444,69,cafe,3cc318e0cf,1.8591
11,26,100,0.248915,0.042841,539,443,78,padaria e confeitaria industrializado,b0000e40fe,2.9029
11,27,100,0.288976,0.047620,553,456,80,padaria e confeitaria industrializado,9ea6666b51,2.1704
11,28,100,0.260698,0.043953,559,453,74,padaria e confeitaria industrializado,a93f6d4837,1.9093
11,29,100,0.279936,0.045952,549,454,78,desinfetante,a8817dd5f9,1.9305
11,30,100,0.279936,0.045952,549,454,78,desinfetante,a8817dd5f9,1.9305
11,31,100,0.270084,0.045248,558,458,75,desinfetante,a2c85d783a,1.7965
11,32,100,0.279310,0.046209,553,446,77,padaria e confeitaria industrializado,e6f4c8c21a,1.8512
11,33,100,0.267980,0.045573,547,443,74,padaria e confeitaria industrializado,eaec7132ef,3.4162
11,34,100,0.268127,0.045964,546,443,75,padaria e confeitaria industrializado,0eeb3f0a90,1.8661
11,35,100,0.235961,0.042059,556,446,71,desinfetante,a2427257c8,1.7301
11,36,100,0.278272,0.045003,552,452,76,lava roupas,64e2edd9e5,1.7805
11,37,100,0.264825,0.046614,541,439,75,cafe,bc6ece4d62,1.8841
11,38,100,0.268127,0.045964,546,443,75,padaria e confeitaria industrializado,0eeb3f0a90,1.8661
11,39,100,0.260951,0.040430,546,442,70,padaria e confeitaria industrializado,7daac1b1bd,1.8485
11,40,100,0.259886,0.042352,551,446,78,desodorante,a279e0338d,1.6701
11,41,100,0.273812,0.045832,551,447,78,padaria e confeitaria industrializado,3a3f89439c,3.4375
11,42,100,0.268899,0.045082,538,444,79,desinfetante,e826c736d4,1.9550
11,43,100,0.268966,0.046053,563,460,82,desodorante,d58be2ef3d,3.8846
11,44,100,0.268966,0.046053,563,460,82,desodorante,d58be2ef3d,3.8846
11,45,100,0.241566,0.040412,554,445,72,acucar,df247f4650,1.8852
11,46,100,0.260991,0.041893,551,443,74,cafe,8e6158186e,1.8833
11,47,100,0.278325,0.045267,547,459,76,padaria e confeitaria industrializado,47f68ab19b,1.8002
11,48,100,0.271282,0.046150,564,453,82,desodorante,4f413a5e6b,1.7215
11,49,100,0.274131,0.044072,562,451,76,cafe,c3735bb3af,1.9075
12,0,100,0.288976,0.047620,553,456,80,padaria e confeitaria industrializado,9ea6666b51,2.1704
12,1,100,0.282639,0.046777,544,450,77,desinfetante,cddaf94d0f,1.7620
12,2,100,0.264825,0.046614,541,439,75,cafe,bc6ece4d62,1.8841
12,3,100,0.264825,0.046614,541,439,75,cafe,bc6ece4d62,1.8841
12,4,100,0.272014,0.046246,557,453,76,lava roupas,d199b4bb3d,1.8450
12,5,100,0.266955,0.046150,548,454,76,lava roupas,e2e018f633,1.8013
12,6,100,0.276048,0.046134,552,451,76,desinfetante,c0c95ec6ba,1.8170
12,7,100,0.261949,0.046130,551,452,76,lava roupas,039aa1713c,2.1542
12,8,100,0.263826,0.045249,557,454,76,lava roupas,2dcbd91871,1.9274
12,9,100,0.273679,0.046554,555,453,76,lava roupas,9fdd198c99,1.9687
12,10,100,0.270563,0.044597,551,453,78,desinfetante,e2aa5217cb,1.8154
12,11,100,0.256544,0.044678,545,444,77,cafe,57855a44f7,1.8415
12,12,100,0.266276,0.045481,553,452,76,lava roupas,dfda3af22a,1.8245
12,13,100,0.261683,0.046012,548,449,75,desinfetante,e3858545d7,1.7862
12,14,100,0.280735,0.046327,547,448,75,padaria e confeitaria industrializado,9b3c164377,1.8675
12,15,100,0.278884,0.046168,551,448,78,cafe,9697ba7013,1.8391
12,16,100,0.278405,0.045889,551,448,77,cafe,f125b81ecf,1.7231
12,17,100,0.269392,0.045920,562,459,81,padaria e confeitaria industrializado,f717738eeb,1.8060
12,18,100,0.275183,0.046211,556,455,77,desinfetante,7a184e9887,1.9435
12,19,100,0.254294,0.043774,546,448,78,cafe,b40811c499,2.1617
12,20,100,0.260312,0.045021,541,445,76,padaria e confeitaria industrializado,6b9d8305d4,2.0496
12,21,100,0.231900,0.041933,557,456,79,padaria e confeitaria industrializado,5a43642aca,1.8023
12,22,100,0.273772,0.045468,560,461,76,desinfetante,990f25570a,1.8519
12,23,100,0.249647,0.042957,542,443,78,lava roupas,65842af68d,1.8032
12,24,100,0.266955,0.046150,548,454,76,lava roupas,e2e018f633,1.8013
12,25,100,0.263547,0.045202,551,452,78,lava roupas,e1d31f215c,1.8141
12,26,100,0.263227,0.043900,555,446,74,padaria e confeitaria industrializado,3a0fa7a69b,1.8073
12,27,100,0.275795,0.044103,560,454,73,desinfetante,fa7da88b90,2.2144
12,28,100,0.275782,0.045462,546,444,75,desinfetante,1ef721d396,1.7654
12,29,100,0.268966,0.046053,563,460,82,desodorante,d58be2ef3d,3.8846
12,30,100,0.268966,0.046053,563,460,82,desodorante,d58be2ef3d,3.8846
12,31,100,0.264825,0.046614,541,439,75,cafe,bc6ece4d62,1.8841
12,32,100,0.264825,0.046614,541,439,75,cafe,bc6ece4d62,1.8841
12,33,100,0.298456,0.047148,551,443,75,padaria e confeitaria industrializado,99e62a4397,1.8014
12,34,100,0.247424,0.044337,543,436,76,cafe,1cf1a36424,1.8489
12,35,100,0.256397,0.044962,542,442,76,lava roupas,b7d174782a,1.8184
12,36,100,0.265850,0.042213,552,452,74,cafe,6571e04f4a,1.7953
12,37,100,0.277353,0.041560,552,450,71,padaria e confeitaria industrializado,88625e2533,1.8051
12,38,100,0.219558,0.042316,546,443,74,cafe,219843d201,1.8513
12,39,100,0.278072,0.044477,550,455,77,desinfetante,b29ac77ede,1.8141
12,40,100,0.285781,0.047174,551,456,79,padaria e confeitaria industrializado,7e32ed533e,1.8105
12,41,100,0.267647,0.045122,542,445,76,desinfetante,934a40d6ee,1.7696
12,42,100,0.270523,0.047217,559,457,81,desinfetante,a213eeb867,1.8179
12,43,100,0.269858,0.045271,548,447,75,desinfetante,8bf409fa66,1.7602
12,44,100,0.260218,0.043631,551,452,77,lava roupas,9cc96d1d37,1.8234
12,45,100,0.287938,0.046555,557,451,78,padaria e confeitaria industrializado,c236b3aa99,1.7658
12,46,100,0.266676,0.045054,562,462,77,desinfetante,08f53769f5,1.8792
12,47,100,0.277034,0.044867,556,460,77,desinfetante,f7d259c8a6,1.8013
12,48,100,0.265211,0.046060,556,458,75,lava roupas,af11281ced,1.8141
12,49,100,0.267900,0.045120,565,456,81,desodorante,4e6225ed99,1.7681
13,0,100,0.288976,0.047620,553,456,80,padaria e confeitaria industrializado,9ea6666b51,2.1704
13,1,100,0.270523,0.047217,559,457,81,desinfetante,a213eeb867,1.8179
13,2,100,0.285781,0.047174,551,456,79,padaria e confeitaria industrializado,7e32ed533e,1.8105
13,3,100,0.298456,0.047148,551,443,75,padaria e confeitaria industrializado,99e62a4397,1.8014
13,4,100,0.282639,0.046777,544,450,77,desinfetante,cddaf94d0f,1.7620
13,5,100,0.282093,0.044688,553,448,72,cafe,5cb495b91e,2.0562
13,6,100,0.276554,0.043107,539,431,71,lava roupas,9b1d2b9f69,2.0945
13,7,100,0.270071,0.043970,550,449,77,desinfetante,de1fdf33de,1.8175
13,8,100,0.270656,0.045250,542,451,77,padaria e confeitaria industrializado,c874bf56e1,1.7621
13,9,100,0.262442,0.044199,550,454,77,cafe,2fbe8533c0,1.8034
13,10,100,0.238517,0.044596,539,438,74,cafe,f8ad9436c3,2.0800
13,11,100,0.278538,0.044267,557,450,74,desinfetante,e10fe9074a,2.7221
13,12,100,0.277526,0.043379,542,430,73,padaria e confeitaria industrializado,bc74c9a68c,1.8991
13,13,100,0.273612,0.044348,555,451,76,desinfetante,466e9c8369,2.1324
13,14,100,0.278165,0.045519,554,447,80,biscoito,37b7f3402a,2.5460
13,15,100,0.289842,0.047901,559,458,81,padaria e confeitaria industrializado,0d1f7bfc8c,2.1320
13,16,100,0.284090,0.045234,550,442,77,padaria e confeitaria industrializado,6ff56cfb53,1.9730
13,17,100,0.297111,0.047676,549,443,76,padaria e confeitaria industrializado,1ee5772404,1.8263
13,18,100,0.286247,0.046675,553,456,78,padaria e confeitaria industrializado,2a60d19708,1.5948
13,19,100,0.246385,0.042065,552,444,73,lava roupas,2e78048a5b,1.9569
13,20,100,0.263227,0.041908,547,441,74,cafe,f0c2b0d505,1.8851
13,21,100,0.275929,0.042465,549,446,69,cafe,889556b42e,1.8813
13,22,100,0.249248,0.042337,546,444,79,lava roupas,4f83c084d2,1.7602
13,23,100,0.278405,0.045889,551,448,77,cafe,f125b81ecf,1.7231
13,24,100,0.276048,0.046134,552,451,76,desinfetante,c0c95ec6ba,1.8170
13,25,100,0.277819,0.046734,552,460,76,lava roupas,960d83e6d5,1.7929
13,26,100,0.266676,0.046070,557,452,80,desinfetante,e0568f8dd8,1.9125
13,27,100,0.268966,0.046053,563,460,82,desodorante,d58be2ef3d,3.8846
13,28,100,0.275782,0.045462,546,444,75,desinfetante,1ef721d396,1.7654
13,29,100,0.288976,0.047620,553,456,80,padaria e confeitaria industrializado,9ea6666b51,2.1704
13,30,100,0.261856,0.046007,545,450,76,desinfetante,77a91da3c4,1.8723
13,31,100,0.286593,0.045519,561,455,77,desinfetante,3c5103ab51,1.8210
13,32,100,0.262428,0.043984,544,443,73,linguica,bbb6868bfb,1.7828
13,33,100,0.247903,0.044160,562,458,80,desodorante,d62133ccee,1.7817
13,34,100,0.285728,0.046141,555,459,77,desinfetante,f3f9ba6541,1.8407
13,35,100,0.280735,0.046327,547,448,75,padaria e confeitaria industrializado,9b3c164377,1.8675
13,36,100,0.280735,0.046327,547,448,75,padaria e confeitaria industrializado,9b3c164377,1.8675
13,37,100,0.264825,0.046614,541,439,75,cafe,bc6ece4d62,1.8841
13,38,100,0.266676,0.045054,562,462,77,desinfetante,08f53769f5,1.8792
13,39,100,0.288803,0.045701,562,453,76,padaria e confeitaria industrializado,75fe889746,1.9030
13,40,100,0.289083,0.046600,552,441,76,padaria e confeitaria industrializado,5d0867e284,1.8212
13,41,100,0.265637,0.044110,546,436,75,cafe,e054073154,1.8043
13,42,100,0.269432,0.043290,546,444,74,padaria e confeitaria industrializado,5d80c65cdc,1.7766
13,43,100,0.264825,0.046614,541,439,75,cafe,bc6ece4d62,1.8841
13,44,100,0.273679,0.046554,555,453,76,lava roupas,9fdd198c99,1.9687
13,45,100,0.277060,0.045713,552,449,75,desinfetante,facb9bd028,1.8706
13,46,100,0.268912,0.045653,548,447,75,padaria e confeitaria industrializado,c2b64a7801,1.7890
13,47,100,0.294608,0.046626,561,454,78,plantas e sementes,5cf7e5f4b5,1.7943
13,48,100,0.281121,0.044231,546,446,73,padaria e confeitaria industrializado,d9ca1594b4,1.9162
13,49,100,0.283757,0.046037,550,451,79,lava roupas,e3c14e4b1f,1.8287
14,0,100,0.289842,0.047901,559,458,81,padaria e confeitaria industrializado,0d1f7bfc8c,2.1320
14,1,100,0.297111,0.047676,549,443,76,padaria e confeitaria industrializado,1ee5772404,1.8263
14,2,100,0.288976,0.047620,553,456,80,padaria e confeitaria industrializado,9ea6666b51,2.1704
14,3,100,0.288976,0.047620,553,456,80,padaria e confeitaria industrializado,9ea6666b51,2.1704
14,4,100,0.270523,0.047217,559,457,81,desinfetante,a213eeb867,1.8179
14,5,100,0.264279,0.046678,546,443,76,cafe,375138269c,1.9429
14,6,100,0.278751,0.046560,550,449,76,desinfetante,dd607d36af,1.7866
14,7,100,0.288404,0.047234,552,455,80,padaria e confeitaria industrializado,92671d7dff,2.3736
14,8,100,0.279137,0.046259,557,462,76,desinfetante,d8c5fd54b2,2.4381
14,9,100,0.300013,0.047014,552,440,75,linguica,a4334c637c,1.7650
14,10,100,0.272041,0.044941,554,456,80,padaria e confeitaria industrializado,5b71ebd94a,1.8001
14,11,100,0.258581,0.040551,559,447,71,padaria e confeitaria industrializado,988c975f1d,1.9264
14,12,100,0.258634,0.042438,542,443,72,lava roupas,ae60362d0e,1.8179
14,13,100,0.273173,0.046191,545,446,79,iogurte,2e5ee66610,1.7463
14,14,100,0.285634,0.046593,563,456,76,padaria e confeitaria industrializado,ba3a409546,1.8760
14,15,100,0.291200,0.048383,547,445,82,lava roupas,4e5f7a74b3,1.8317
14,16,100,0.270337,0.045090,544,448,75,desinfetante,62a4fdb0fd,1.8423
14,17,100,0.283970,0.047703,560,462,81,padaria e confeitaria industrializado,cb7a13b958,1.8923
14,18,100,0.279257,0.046878,556,459,80,padaria e confeitaria industrializado,0534019127,1.9180
14,19,100,0.265983,0.046055,545,445,75,lava roupas,434e72af12,1.8828
14,20,100,0.267741,0.040872,550,441,71,padaria e confeitaria industrializado,637082a334,2.3934
14,21,100,0.266676,0.046070,557,452,80,desinfetante,e0568f8dd8,1.9125
14,22,100,0.266676,0.046070,557,452,80,desinfetante,e0568f8dd8,1.9125
14,23,100,0.272733,0.046283,566,461,80,desodorante,df7873efb4,1.8812
14,24,100,0.289708,0.046443,551,443,73,linguica,7a62419363,1.7657
14,25,100,0.273319,0.044675,550,459,75,lava roupas,7330a8a1a1,1.7854
14,26,100,0.272227,0.047401,546,449,76,padaria e confeitaria industrializado,aa857c6501,2.1157
14,27,100,0.291266,0.045851,557,447,78,lava roupas,38aafc6319,1.7557
14,28,100,0.282412,0.045453,551,445,78,lava roupas,0936b6c41b,1.7621
14,29,100,0.287658,0.046785,555,457,78,padaria e confeitaria industrializado,625a42786c,1.8701
14,30,100,0.284010,0.046189,553,445,77,padaria e confeitaria industrializado,7fb8fb4b42,1.8266
14,31,100,0.297111,0.047676,549,443,76,padaria e confeitaria industrializado,1ee5772404,1.8263
14,32,100,0.298456,0.047148,551,443,75,padaria e confeitaria industrializado,99e62a4397,1.8014
14,33,100,0.272520,0.046438,549,450,76,padaria e confeitaria industrializado,054666a6cf,1.9469
14,34,100,0.294182,0.046545,551,445,76,padaria e confeitaria industrializado,2489204e67,1.7984
14,35,100,0.295034,0.048306,555,459,81,desodorante,1d33908ec0,1.8195
14,36,100,0.287964,0.047097,557,452,77,padaria e confeitaria industrializado,f878ecef08,1.8127
14,37,100,0.273918,0.042145,551,448,71,padaria e confeitaria industrializado,74ce24a05f,1.6866
14,38,100,0.258288,0.043738,545,438,74,lava roupas,c3d7898f7c,1.9461
14,39,100,0.288084,0.046963,558,458,80,padaria e confeitaria industrializado,2773d9691a,1.8896
14,40,100,0.286633,0.047630,552,455,79,desodorante,f87052c420,1.8170
14,41,100,0.268366,0.046340,561,459,80,desodorante,e5a9893933,1.8261
14,42,100,0.265704,0.046348,538,436,74,cafe,1ebcbd6312,1.8737
14,43,100,0.275769,0.045421,550,451,78,padaria e confeitaria industrializado,4cf47744dd,2.3178
14,44,100,0.289242,0.045584,554,450,75,macarrao,58a3b663ac,2.3809
14,45,100,0.237478,0.039048,552,439,70,lava roupas,03d121ae33,1.8315
14,46,100,0.267275,0.042864,549,438,76,cafe,2cbeb9a2df,1.6795
14,47,100,0.260844,0.043659,555,442,73,lava roupas,1a43bc315e,2.0760
14,48,100,0.266516,0.041861,549,440,72,padaria e confeitaria industrializado,c3d4deabbb,1.8046
14,49,100,0.279683,0.045277,554,448,73,cafe,ad66b0b3b5,1.9187
15,0,100,0.291200,0.048383,547,445,82,lava roupas,4e5f7a74b3,1.8317
15,1,100,0.295034,0.048306,555,459,81,desodorante,1d33908ec0,1.8195
15,2,100,0.289842,0.047901,559,458,81,padaria e confeitaria industrializado,0d1f7bfc8c,2.1320
15,3,100,0.283970,0.047703,560,462,81,padaria e confeitaria industrializado,cb7a13b958,1.8923
15,4,100,0.297111,0.047676,549,443,76,padaria e confeitaria industrializado,1ee5772404,1.8263
15,5,100,0.284077,0.045857,554,442,79,lava roupas,ce2fbee7f3,2.1510
15,6,100,0.283757,0.046037,550,451,79,lava roupas,e3c14e4b1f,1.8287
15,7,100,0.298456,0.047148,551,443,75,padaria e confeitaria industrializado,99e62a4397,1.8014
15,8,100,0.272227,0.047401,546,449,76,padaria e confeitaria industrializado,aa857c6501,2.1157
15,9,100,0.281813,0.047380,553,445,81,lava roupas,c2faaafb5d,1.8355
15,10,100,0.277899,0.045385,544,444,75,desinfetante,9316ef57b4,2.0245
15,11,100,0.289509,0.047647,555,455,81,desinfetante,098fb654ad,1.8647
15,12,100,0.266689,0.045364,544,445,77,padaria e confeitaria industrializado,52066ca9f1,2.0170
15,13,100,0.229929,0.041268,545,440,74,cafe,ae3cbbf1e9,1.9141
15,14,100,0.278085,0.043897,555,457,73,macarrao,af255f8ba8,2.9146
15,15,100,0.288976,0.047620,553,456,80,padaria e confeitaria industrializado,9ea6666b51,2.1704
15,16,100,0.288976,0.047620,553,456,80,padaria e confeitaria industrializado,9ea6666b51,2.1704
15,17,100,0.290960,0.047723,551,448,82,iogurte,de6d188e2c,2.0567
15,18,100,0.287552,0.047461,556,459,80,padaria e confeitaria industrializado,c72a0aa7bb,1.9218
15,19,100,0.271362,0.047289,560,457,81,desinfetante,0a829bd1d2,1.7800
15,20,100,0.273319,0.044675,550,459,75,lava roupas,7330a8a1a1,1.7854
15,21,100,0.262029,0.041743,553,444,74,cafe,abc60ccbaf,1.7849
15,22,100,0.233484,0.041891,547,446,74,lava roupas,e3a2ba5bf3,1.8667
15,23,100,0.260684,0.045672,542,441,76,lava roupas,ca7bece90a,1.8334
15,24,100,0.282080,0.043157,551,443,76,padaria e confeitaria industrializado,cb7352ea1c,1.7605
15,25,100,0.271841,0.045125,551,441,76,padaria e confeitaria industrializado,ad2813739a,1.8316
15,26,100,0.262921,0.045397,561,454,82,desodorante,f1975dd314,1.7316
15,27,100,0.289043,0.045353,562,459,77,padaria e confeitaria industrializado,06e28be238,1.7908
15,28,100,0.287179,0.047098,554,456,79,padaria e confeitaria industrializado,85c6abfbf2,1.7687
15,29,100,0.286633,0.047630,552,455,79,desodorante,f87052c420,1.8170
15,30,100,0.289842,0.047901,559,458,81,padaria e confeitaria industrializado,0d1f7bfc8c,2.1320
15,31,100,0.288084,0.046963,558,458,80,padaria e confeitaria industrializado,2773d9691a,1.8896
15,32,100,0.268366,0.046340,561,459,80,desodorante,e5a9893933,1.8261
15,33,100,0.272227,0.047401,546,449,76,padaria e confeitaria industrializado,aa857c6501,2.1157
15,34,100,0.300013,0.047014,552,440,75,linguica,a4334c637c,1.7650
15,35,100,0.287658,0.046785,555,457,78,padaria e confeitaria industrializado,625a42786c,1.8701
15,36,100,0.286633,0.047630,552,455,79,desodorante,f87052c420,1.8170
15,37,100,0.271056,0.047196,549,451,81,desodorante,0fd81985f2,1.7714
15,38,100,0.284543,0.045614,569,465,78,padaria e confeitaria industrializado,8474d0eb86,1.7940
15,39,100,0.265344,0.045866,535,434,73,cafe,005b07f0d8,1.8719
15,40,100,0.291692,0.048907,545,444,83,iogurte,8a5c4ef492,1.7345
15,41,100,0.291200,0.048383,547,445,82,lava roupas,4e5f7a74b3,1.8317
15,42,100,0.300013,0.047014,552,440,75,linguica,a4334c637c,1.7650
15,43,100,0.287179,0.046304,547,441,72,linguica,d9ac43c960,1.8497
15,44,100,0.252669,0.044473,553,456,81,padaria e confeitaria industrializado,e609fcd90f,2.1469
15,45,100,0.283757,0.045557,560,454,79,desodorante,e76041f3c6,2.1963
15,46,100,0.258661,0.043911,545,463,77,cafe,1d0eec2801,1.8837
15,47,100,0.283731,0.045124,554,449,75,padaria e confeitaria industrializado,f8db95283f,1.7683
15,48,100,0.295979,0.049077,547,445,83,lava roupas,1d8534dd41,2.9249
15,49,100,0.279257,0.046878,556,459,80,padaria e confeitaria industrializado,0534019127,1.9180
16,0,100,0.295979,0.049077,547,445,83,lava roupas,1d8534dd41,2.9249
16,1,100,0.291692,0.048907,545,444,83,iogurte,8a5c4ef492,1.7345
16,2,100,0.291200,0.048383,547,445,82,lava roupas,4e5f7a74b3,1.8317
16,3,100,0.291200,0.048383,547,445,82,lava roupas,4e5f7a74b3,1.8317
16,4,100,0.295034,0.048306,555,459,81,desodorante,1d33908ec0,1.8195
16,5,100,0.291692,0.048907,545,444,83,iogurte,8a5c4ef492,1.7345
16,6,100,0.286633,0.047630,552,455,79,desodorante,f87052c420,1.8170
16,7,100,0.266715,0.046463,548,449,75,lava roupas,fa462bcc84,2.6085
16,8,100,0.287738,0.047247,553,456,80,padaria e confeitaria industrializado,874fe276ab,2.1318
16,9,100,0.275995,0.045640,565,457,76,padaria e confeitaria industrializado,325d3cf5fc,3.2812
16,10,100,0.290600,0.047493,547,442,81,lava roupas,fef28bedbb,3.1827
16,11,100,0.282772,0.046400,549,444,73,linguica,a411ebc8a5,2.2121
16,12,100,0.293064,0.046940,544,442,75,padaria e confeitaria industrializado,c9892f85a2,1.8829
16,13,100,0.285102,0.046379,555,456,79,padaria e confeitaria industrializado,e3b400f0a6,1.8168
16,14,100,0.261283,0.045352,545,444,75,lava roupas,10e4b5a1e9,1.9139
16,15,100,0.292651,0.048467,563,463,83,desodorante,b009d0d612,1.7854
16,16,100,0.280389,0.046358,551,454,79,desinfetante,525c445d03,1.8136
16,17,100,0.271362,0.047289,560,457,81,desinfetante,0a829bd1d2,1.7800
16,18,100,0.287552,0.047461,556,459,80,padaria e confeitaria industrializado,c72a0aa7bb,1.9218
16,19,100,0.283757,0.046037,550,451,79,lava roupas,e3c14e4b1f,1.8287
16,20,100,0.288976,0.047620,553,456,80,padaria e confeitaria industrializado,9ea6666b51,2.1704
16,21,100,0.291200,0.048383,547,445,82,lava roupas,4e5f7a74b3,1.8317
16,22,100,0.291692,0.048907,545,444,83,iogurte,8a5c4ef492,1.7345
16,23,100,0.268686,0.045093,560,456,80,desodorante,505af187ac,1.7855
16,24,100,0.276661,0.045710,556,453,80,linguica,f78d399023,1.7318
16,25,100,0.271056,0.047196,549,451,81,desodorante,0fd81985f2,1.7714
16,26,100,0.291200,0.048383,547,445,82,lava roupas,4e5f7a74b3,1.8317
16,27,100,0.281001,0.048271,549,458,82,padaria e confeitaria industrializado,6b3c0f6e36,1.9197
16,28,100,0.286340,0.048686,564,452,82,lava roupas,4a7f71a9c5,2.2244
16,29,100,0.295034,0.048306,555,459,81,desodorante,1d33908ec0,1.8195
16,30,100,0.295979,0.049077,547,445,83,lava roupas,1d8534dd41,2.9249
16,31,100,0.298456,0.047148,551,443,75,padaria e confeitaria industrializado,99e62a4397,1.8014
16,32,100,0.271362,0.047289,560,457,81,desinfetante,0a829bd1d2,1.7800
16,33,100,0.288084,0.046963,558,458,80,padaria e confeitaria industrializado,2773d9691a,1.8896
16,34,100,0.284410,0.047188,549,454,81,padaria e confeitaria industrializado,56ac194f8a,2.7280
16,35,100,0.294262,0.048164,554,455,81,desodorante,63c0aa0b2c,2.1446
16,36,100,0.281121,0.047021,552,452,79,desinfetante,d67c540ec5,1.8829
16,37,100,0.272227,0.047401,546,449,76,padaria e confeitaria industrializado,aa857c6501,2.1157
16,38,100,0.272227,0.047401,546,449,76,padaria e confeitaria industrializado,aa857c6501,2.1157
16,39,100,0.287179,0.047098,554,456,79,padaria e confeitaria industrializado,85c6abfbf2,1.7687
16,40,100,0.289842,0.047901,559,458,81,padaria e confeitaria industrializado,0d1f7bfc8c,2.1320
16,41,100,0.286207,0.047722,551,456,80,desodorante,5faf917c69,1.8420
16,42,100,0.286633,0.047630,552,455,79,desodorante,f87052c420,1.8170
16,43,100,0.282306,0.045766,546,441,76,lava roupas,5c93cf6fdd,1.7333
16,44,100,0.241646,0.044712,543,440,76,lava roupas,cedfa33bee,1.8547
16,45,100,0.290148,0.045785,547,443,77,padaria e confeitaria industrializado,5a27600bd6,1.9284
16,46,100,0.267088,0.045964,557,460,79,padaria e confeitaria industrializado,fb78377809,1.8400
16,47,100,0.267368,0.045943,561,459,82,desodorante,62609beec8,1.8025
16,48,100,0.269911,0.044053,555,456,77,desinfetante,50387017af,1.9905
16,49,100,0.287751,0.048291,555,457,80,desodorante,5dddbbf042,2.1596
17,0,100,0.295979,0.049077,547,445,83,lava roupas,1d8534dd41,2.9249
17,1,100,0.295979,0.049077,547,445,83,lava roupas,1d8534dd41,2.9249
17,2,100,0.291692,0.048907,545,444,83,iogurte,8a5c4ef492,1.7345
17,3,100,0.291692,0.048907,545,444,83,iogurte,8a5c4ef492,1.7345
17,4,100,0.291692,0.048907,545,444,83,iogurte,8a5c4ef492,1.7345
17,5,100,0.285568,0.048003,549,457,81,padaria e confeitaria industrializado,8ba89cf6ef,2.1201
17,6,100,0.284210,0.047979,553,456,81,padaria e confeitaria industrializado,345cf5bbb7,1.7994
17,7,100,0.296206,0.046271,540,433,78,iogurte,e8c86588a2,1.8143
17,8,100,0.286633,0.047607,554,455,79,desodorante,93d05aa246,1.7715
17,9,100,0.289416,0.047408,545,446,82,desodorante,45a719887e,1.7147
17,10,100,0.282386,0.045753,555,456,78,lava roupas,520d062fbc,2.0544
17,11,100,0.286087,0.047717,549,449,81,desodorante,e3064635bd,1.7642
17,12,100,0.282932,0.046119,550,453,79,lava roupas,9e1b90ef05,1.7686
17,13,100,0.293636,0.048527,560,450,82,lava roupas,69bc0767a3,1.7722
17,14,100,0.286021,0.047828,549,447,82,lava roupas,8f90654c35,1.6472
17,15,100,0.294262,0.048164,554,455,81,desodorante,63c0aa0b2c,2.1446
17,16,100,0.291692,0.048907,545,444,83,iogurte,8a5c4ef492,1.7345
17,17,100,0.264838,0.045468,570,458,81,desodorante,861dee316d,1.7812
17,18,100,0.282932,0.045519,556,455,79,padaria e confeitaria industrializado,87013d07f8,1.8439
17,19,100,0.295979,0.049077,547,445,83,lava roupas,1d8534dd41,2.9249
17,20,100,0.295979,0.049077,547,445,83,lava roupas,1d8534dd41,2.9249
17,21,100,0.291692,0.048907,545,444,83,iogurte,8a5c4ef492,1.7345
17,22,100,0.291692,0.048907,545,444,83,iogurte,8a5c4ef492,1.7345
17,23,100,0.286886,0.047895,556,455,81,padaria e confeitaria industrializado,7ca31172a8,1.7112
17,24,100,0.292105,0.048649,544,445,82,iogurte,9a3f83372a,1.8584
17,25,100,0.288976,0.047620,553,456,80,padaria e confeitaria industrializado,9ea6666b51,2.1704
17,26,100,0.295034,0.048306,555,459,81,desodorante,1d33908ec0,1.8195
17,27,100,0.295979,0.049077,547,445,83,lava roupas,1d8534dd41,2.9249
17,28,100,0.295034,0.048306,555,459,81,desodorante,1d33908ec0,1.8195
17,29,100,0.296299,0.049042,549,446,83,lava roupas,6a4b336bf6,1.7976
17,30,100,0.272227,0.047401,546,449,76,padaria e confeitaria industrializado,aa857c6501,2.1157
17,31,100,0.291692,0.048907,545,444,83,iogurte,8a5c4ef492,1.7345
17,32,100,0.291692,0.048907,545,444,83,iogurte,8a5c4ef492,1.7345
17,33,100,0.286127,0.047872,552,449,80,desodorante,7abe43bf80,1.7626
17,34,100,0.285728,0.046588,547,450,80,padaria e confeitaria industrializado,e08822fdf9,1.7627
17,35,100,0.291692,0.048907,545,444,83,iogurte,8a5c4ef492,1.7345
17,36,100,0.291200,0.048383,547,445,82,lava roupas,4e5f7a74b3,1.8317
17,37,100,0.295979,0.049077,547,445,83,lava roupas,1d8534dd41,2.9249
17,38,100,0.291200,0.048383,547,445,82,lava roupas,4e5f7a74b3,1.8317
17,39,100,0.295034,0.048306,555,459,81,desodorante,1d33908ec0,1.8195
17,40,100,0.291200,0.048383,547,445,82,lava roupas,4e5f7a74b3,1.8317
17,41,100,0.285834,0.047807,550,452,81,padaria e confeitaria industrializado,b1f339f872,1.7899
17,42,100,0.289602,0.047772,556,452,82,iogurte,0ffa52ca70,1.7586
17,43,100,0.269285,0.044651,560,457,78,desodorante,0dc57a1330,1.7695
17,44,100,0.289589,0.048011,549,451,83,macarrao,668043962c,1.6611
17,45,100,0.276048,0.043722,553,447,79,desodorante,a09bc28069,2.1505
17,46,100,0.249447,0.043446,547,443,73,lava roupas,ef87e3e570,1.8157
17,47,100,0.290680,0.048838,555,450,83,lava roupas,91eff6a39d,1.7441
17,48,100,0.286021,0.048750,544,444,82,iogurte,9513a9a4e4,1.8201
17,49,100,0.292331,0.048616,562,462,83,padaria e confeitaria industrializado,37afda9893,1.6738
18,0,100,0.295979,0.049077,547,445,83,lava roupas,1d8534dd41,2.9249
18,1,100,0.295979,0.049077,547,445,83,lava roupas,1d8534dd41,2.9249
18,2,100,0.295979,0.049077,547,445,83,lava roupas,1d8534dd41,2.9249
18,3,100,0.295979,0.049077,547,445,83,lava roupas,1d8534dd41,2.9249
18,4,100,0.295979,0.049077,547,445,83,lava roupas,1d8534dd41,2.9249
18,5,100,0.295979,0.049077,547,445,83,lava roupas,1d8534dd41,2.9249
18,6,100,0.295979,0.049077,547,445,83,lava roupas,1d8534dd41,2.9249
18,7,100,0.291692,0.048907,545,444,83,iogurte,8a5c4ef492,1.7345
18,8,100,0.291692,0.048907,545,444,83,iogurte,8a5c4ef492,1.7345
18,9,100,0.293636,0.048527,560,450,82,lava roupas,69bc0767a3,1.7722
18,10,100,0.295979,0.049077,547,445,83,lava roupas,1d8534dd41,2.9249
18,11,100,0.293117,0.049686,557,447,83,lava roupas,206e6772ae,1.8702
18,12,100,0.284676,0.048900,546,445,83,iogurte,ccec394f53,1.7851
18,13,100,0.290893,0.049478,544,444,83,iogurte,6a5be787e6,1.8537
18,14,100,0.293157,0.048460,549,446,83,lava roupas,94ea2de4b8,1.7419
18,15,100,0.295979,0.049077,547,445,83,lava roupas,1d8534dd41,2.9249
18,16,100,0.292105,0.048649,544,445,82,iogurte,9a3f83372a,1.8584
18,17,100,0.291200,0.048383,547,445,82,lava roupas,4e5f7a74b3,1.8317
18,18,100,0.296325,0.049500,545,443,84,iogurte,83d2c2126d,1.9845
18,19,100,0.291200,0.048383,547,445,82,lava roupas,4e5f7a74b3,1.8317
18,20,100,0.296885,0.049581,547,445,84,iogurte,32fa0520c7,2.0378
18,21,100,0.291692,0.048907,545,444,83,iogurte,8a5c4ef492,1.7345
18,22,100,0.291200,0.048383,547,445,82,lava roupas,4e5f7a74b3,1.8317
18,23,100,0.291692,0.048907,545,444,83,iogurte,8a5c4ef492,1.7345
18,24,100,0.290680,0.048838,555,450,83,lava roupas,91eff6a39d,1.7441
18,25,100,0.295979,0.049077,547,445,83,lava roupas,1d8534dd41,2.9249
18,26,100,0.291692,0.048907,545,444,83,iogurte,8a5c4ef492,1.7345
18,27,100,0.291200,0.048383,547,445,82,lava roupas,4e5f7a74b3,1.8317
18,28,100,0.291692,0.048907,545,444,83,iogurte,8a5c4ef492,1.7345
18,29,100,0.285954,0.047420,553,452,80,desodorante,86c77ef144,2.0646
18,30,100,0.294408,0.047742,554,455,80,desodorante,edde2fa170,1.7752
18,31,100,0.291865,0.048771,547,448,85,macarrao,767f41b37f,1.7643
18,32,100,0.288204,0.047429,547,446,80,lava roupas,3459022180,1.7936
18,33,100,0.291200,0.048383,547,445,82,lava roupas,4e5f7a74b3,1.8317
18,34,100,0.296885,0.049581,547,445,84,iogurte,32fa0520c7,2.0378
18,35,100,0.290680,0.048838,555,450,83,lava roupas,91eff6a39d,1.7441
18,36,100,0.291692,0.048907,545,444,83,iogurte,8a5c4ef492,1.7345
18,37,100,0.287072,0.048015,552,455,81,padaria e confeitaria industrializado,c395d54763,1.7771
18,38,100,0.292105,0.048649,544,445,82,iogurte,9a3f83372a,1.8584
18,39,100,0.281241,0.048076,555,446,83,lava roupas,ab0846e395,1.8657
18,40,100,0.291519,0.049808,548,447,85,lava roupas,0bfea761a0,1.8849
18,41,100,0.296552,0.049611,545,444,84,iogurte,dbc44e548f,1.7302
18,42,100,0.291200,0.048383,547,445,82,lava roupas,4e5f7a74b3,1.8317
18,43,100,0.296552,0.049611,545,444,84,iogurte,dbc44e548f,1.7302
18,44,100,0.291200,0.048383,547,445,82,lava roupas,4e5f7a74b3,1.8317
18,45,100,0.298895,0.049624,547,446,84,iogurte,8252c852f9,1.8026
18,46,100,0.291200,0.048383,547,445,82,lava roupas,4e5f7a74b3,1.8317
18,47,100,0.291200,0.048383,547,445,82,lava roupas,4e5f7a74b3,1.8317
18,48,100,0.294754,0.048440,558,453,83,iogurte,a93a1d3fff,1.7855
18,49,100,0.282319,0.046823,550,452,82,iogurte,509c0772fe,1.7978
19,0,100,0.291519,0.049808,548,447,85,lava roupas,0bfea761a0,1.8849
19,1,100,0.293117,0.049686,557,447,83,lava roupas,206e6772ae,1.8702
19,2,100,0.298895,0.049624,547,446,84,iogurte,8252c852f9,1.8026
19,3,100,0.296552,0.049611,545,444,84,iogurte,dbc44e548f,1.7302
19,4,100,0.296552,0.049611,545,444,84,iogurte,dbc44e548f,1.7302
19,5,100,0.293902,0.048829,550,448,83,lava roupas,6a66deecf6,2.2689
19,6,100,0.290268,0.049298,545,444,84,lava roupas,e26542c48a,1.8137
19,7,100,0.294022,0.048918,547,446,83,iogurte,930a75d6b4,1.8980
19,8,100,0.296552,0.049611,545,444,84,iogurte,dbc44e548f,1.7302
19,9,100,0.295979,0.049077,547,445,83,lava roupas,1d8534dd41,2.9249
19,10,100,0.295979,0.049077,547,445,83,lava roupas,1d8534dd41,2.9249
19,11,100,0.292811,0.050001,552,446,85,lava roupas,018dd8aba4,1.8820
19,12,100,0.296778,0.049174,544,446,83,iogurte,36c2a8f39c,1.7845
19,13,100,0.291200,0.048383,547,445,82,lava roupas,4e5f7a74b3,1.8317
19,14,100,0.295593,0.050130,543,444,85,iogurte,99502bef19,1.7530
19,15,100,0.295979,0.049077,547,445,83,lava roupas,1d8534dd41,2.9249
19,16,100,0.295979,0.049077,547,445,83,lava roupas,1d8534dd41,2.9249
19,17,100,0.296552,0.049611,545,444,84,iogurte,dbc44e548f,1.7302
19,18,100,0.296325,0.049500,545,443,84,iogurte,83d2c2126d,1.9845
19,19,100,0.295753,0.048989,547,444,83,lava roupas,fcc65e302f,1.7682
19,20,100,0.296552,0.049611,545,444,84,iogurte,dbc44e548f,1.7302
19,21,100,0.295979,0.049077,547,445,83,lava roupas,1d8534dd41,2.9249
19,22,100,0.297457,0.049279,545,441,83,iogurte,e1599346dc,1.7821
19,23,100,0.297670,0.049703,546,445,84,iogurte,636756d3ab,1.9345
19,24,100,0.290268,0.049298,545,444,84,lava roupas,e26542c48a,1.8137
19,25,100,0.293037,0.049587,553,446,84,lava roupas,e516776e00,1.8674
19,26,100,0.294555,0.048429,548,445,82,lava roupas,7a174919ea,1.8044
19,27,100,0.295593,0.048866,546,443,82,iogurte,a8db6c95ac,1.9052
19,28,100,0.289828,0.048913,545,442,83,iogurte,b5070ca1f0,1.7841
19,29,100,0.295979,0.049077,547,445,83,lava roupas,1d8534dd41,2.9249
19,30,100,0.291200,0.048383,547,445,82,lava roupas,4e5f7a74b3,1.8317
19,31,100,0.296299,0.048816,547,443,83,iogurte,c22d1c9a82,1.7813
19,32,100,0.289455,0.049053,546,446,85,macarrao,ef74d2c6a9,1.7171
19,33,100,0.296046,0.049182,549,447,83,lava roupas,9e82272be2,1.7388
19,34,100,0.291519,0.049808,548,447,85,lava roupas,0bfea761a0,1.8849
19,35,100,0.296645,0.049712,549,446,83,iogurte,b468156e36,1.7987
19,36,100,0.285368,0.047766,554,444,82,lava roupas,5aa5ef6d84,1.8034
19,37,100,0.295979,0.049077,547,445,83,lava roupas,1d8534dd41,2.9249
19,38,100,0.296325,0.049500,545,443,84,iogurte,83d2c2126d,1.9845
19,39,100,0.296072,0.049639,558,448,83,lava roupas,b5198e9a72,1.8124
19,40,100,0.295846,0.049636,546,446,84,iogurte,5b4669e505,1.9432
19,41,100,0.295979,0.049077,547,445,83,lava roupas,1d8534dd41,2.9249
19,42,100,0.296325,0.049500,545,443,84,iogurte,83d2c2126d,1.9845
19,43,100,0.292478,0.049384,544,444,83,iogurte,3d0f45ab25,2.0544
19,44,100,0.292238,0.049406,551,448,82,lava roupas,e923a88ad1,2.0961
19,45,100,0.291692,0.048907,545,444,83,iogurte,8a5c4ef492,1.7345
19,46,100,0.291692,0.048907,545,444,83,iogurte,8a5c4ef492,1.7345
19,47,100,0.296459,0.049507,547,445,84,iogurte,6685ada000,1.8178
19,48,100,0.293623,0.049794,550,449,85,lava roupas,5d30981138,1.7520
19,49,100,0.295979,0.049077,547,445,83,lava roupas,1d8534dd41,2.9249
20,0,100,0.295593,0.050130,543,444,85,iogurte,99502bef19,1.7530
20,1,100,0.292811,0.050001,552,446,85,lava roupas,018dd8aba4,1.8820
20,2,100,0.291519,0.049808,548,447,85,lava roupas,0bfea761a0,1.8849
20,3,100,0.291519,0.049808,548,447,85,lava roupas,0bfea761a0,1.8849
20,4,100,0.293623,0.049794,550,449,85,lava roupas,5d30981138,1.7520
20,5,100,0.298895,0.049624,547,446,84,iogurte,8252c852f9,1.8026
20,6,100,0.291519,0.049808,548,447,85,lava roupas,0bfea761a0,1.8849
20,7,100,0.296831,0.049773,544,445,84,iogurte,3bf6fde4e2,1.9538
20,8,100,0.295606,0.049428,550,447,84,lava roupas,20b707badd,1.7248
20,9,100,0.290001,0.049096,546,446,84,lava roupas,d56ebbc009,1.8837
20,10,100,0.299534,0.050100,548,446,83,biscoito,c6ff41ef18,1.8654
20,11,100,0.296072,0.049639,558,448,83,lava roupas,b5198e9a72,1.8124
20,12,100,0.292811,0.050001,552,446,85,lava roupas,018dd8aba4,1.8820
20,13,100,0.292478,0.049384,544,444,83,iogurte,3d0f45ab25,2.0544
20,14,100,0.293117,0.049686,557,447,83,lava roupas,206e6772ae,1.8702
20,15,100,0.286127,0.047806,546,442,82,lava roupas,ddb6d1911d,1.7823
20,16,100,0.290507,0.049904,547,448,85,lava roupas,8d296eb0d4,1.7910
20,17,100,0.296645,0.049712,549,446,83,iogurte,b468156e36,1.7987
20,18,100,0.295593,0.050130,543,444,85,iogurte,99502bef19,1.7530
20,19,100,0.293396,0.049196,548,445,84,lava roupas,fc87567399,1.7220
20,20,100,0.293623,0.049794,550,449,85,lava roupas,5d30981138,1.7520
20,21,100,0.296325,0.049500,545,443,84,iogurte,83d2c2126d,1.9845
20,22,100,0.296325,0.049500,545,443,84,iogurte,83d2c2126d,1.9845
20,23,100,0.294648,0.049456,550,445,84,lava roupas,4243822c26,1.8424
20,24,100,0.288550,0.049875,547,445,85,lava roupas,dbf2e38240,1.7121
20,25,100,0.297337,0.050331,544,445,85,iogurte,320df1d7c2,1.7963
20,26,100,0.295979,0.049077,547,445,83,lava roupas,1d8534dd41,2.9249
20,27,100,0.296552,0.049611,545,444,84,iogurte,dbc44e548f,1.7302
20,28,100,0.295593,0.050130,543,444,85,iogurte,99502bef19,1.7530
20,29,100,0.297191,0.049861,547,446,84,lava roupas,3bc90aef7f,1.9450
20,30,100,0.293183,0.049608,547,445,84,iogurte,573246a199,1.8530
20,31,100,0.292717,0.049039,558,448,82,lava roupas,2e2579f782,1.7839
20,32,100,0.294568,0.049566,546,446,84,iogurte,2ba5ca05d6,1.7963
20,33,100,0.293356,0.050265,540,440,84,iogurte,c0b73aebf2,1.8299
20,34,100,0.297590,0.049923,544,443,83,iogurte,dfaa75fb3e,1.7478
20,35,100,0.294501,0.049364,548,447,84,iogurte,e40e596751,1.8819
20,36,100,0.296325,0.049500,545,443,84,iogurte,83d2c2126d,1.9845
20,37,100,0.292238,0.049406,551,448,82,lava roupas,e923a88ad1,2.0961
20,38,100,0.291519,0.049808,548,447,85,lava roupas,0bfea761a0,1.8849
20,39,100,0.294635,0.048050,553,445,82,lava roupas,a279ff2a1a,1.7253
20,40,100,0.293756,0.049246,559,447,83,lava roupas,9ded8fb6ac,1.9096
20,41,100,0.296552,0.049611,545,444,84,iogurte,dbc44e548f,1.7302
20,42,100,0.296325,0.049500,545,443,84,iogurte,83d2c2126d,1.9845
20,43,100,0.295979,0.049077,547,445,83,lava roupas,1d8534dd41,2.9249
20,44,100,0.298895,0.049624,547,446,84,iogurte,8252c852f9,1.8026
20,45,100,0.295846,0.049237,549,448,83,lava roupas,3f551b28c5,1.8649
20,46,100,0.296046,0.050400,547,445,85,iogurte,29de221aeb,1.8348
20,47,100,0.292238,0.049406,551,448,82,lava roupas,e923a88ad1,2.0961
20,48,100,0.292811,0.050001,552,446,85,lava roupas,018dd8aba4,1.8820
20,49,100,0.295593,0.050130,543,444,85,iogurte,99502bef19,1.7530
21,0,100,0.296046,0.050400,547,445,85,iogurte,29de221aeb,1.8348
21,1,100,0.297337,0.050331,544,445,85,iogurte,320df1d7c2,1.7963
21,2,100,0.293356,0.050265,540,440,84,iogurte,c0b73aebf2,1.8299
21,3,100,0.295593,0.050130,543,444,85,iogurte,99502bef19,1.7530
21,4,100,0.295593,0.050130,543,444,85,iogurte,99502bef19,1.7530
21,5,100,0.291386,0.048698,547,444,83,iogurte,44be6150ac,2.1142
21,6,100,0.299614,0.050249,549,449,85,iogurte,22cc8b8b40,1.6373
21,7,100,0.295593,0.050130,543,444,85,iogurte,99502bef19,1.7530
21,8,100,0.295593,0.050130,543,444,85,iogurte,99502bef19,1.7530
21,9,100,0.295593,0.050130,543,444,85,iogurte,99502bef19,1.7530
21,10,100,0.292811,0.050001,552,446,85,lava roupas,018dd8aba4,1.8820
21,11,100,0.295593,0.050130,543,444,85,iogurte,99502bef19,1.7530
21,12,100,0.293623,0.049794,550,449,85,lava roupas,5d30981138,1.7520
21,13,100,0.296991,0.050241,547,448,85,iogurte,67147bf943,1.9304
21,14,100,0.290521,0.049946,548,445,85,lava roupas,234d5c6947,1.8977
21,15,100,0.296552,0.049611,545,444,84,iogurte,dbc44e548f,1.7302
21,16,100,0.292331,0.050519,547,448,86,lava roupas,c064ccf9bc,2.0605
21,17,100,0.297550,0.050351,543,445,85,iogurte,d6fcf3fec5,2.0045
21,18,100,0.296552,0.049611,545,444,84,iogurte,dbc44e548f,1.7302
21,19,100,0.289309,0.048893,545,444,83,iogurte,56d7e39549,1.9477
21,20,100,0.293862,0.051491,542,441,86,iogurte,72887cf1b8,2.5489
21,21,100,0.291519,0.049808,548,447,85,lava roupas,0bfea761a0,1.8849
21,22,100,0.293623,0.049794,550,449,85,lava roupas,5d30981138,1.7520
21,23,100,0.291519,0.049808,548,447,85,lava roupas,0bfea761a0,1.8849
21,24,100,0.291519,0.049808,548,447,85,lava roupas,0bfea761a0,1.8849
21,25,100,0.296046,0.050400,547,445,85,iogurte,29de221aeb,1.8348
21,26,100,0.288550,0.049875,547,445,85,lava roupas,dbf2e38240,1.7121
21,27,100,0.295593,0.050130,543,444,85,iogurte,99502bef19,1.7530
21,28,100,0.299534,0.050100,548,446,83,biscoito,c6ff41ef18,1.8654
21,29,100,0.290747,0.050553,550,449,86,lava roupas,8355a97906,2.2658
21,30,100,0.284143,0.048219,548,445,83,lava roupas,d07537bb0e,2.1723
21,31,100,0.292811,0.050001,552,446,85,lava roupas,018dd8aba4,1.8820
21,32,100,0.295593,0.050130,543,444,85,iogurte,99502bef19,1.7530
21,33,100,0.296552,0.049611,545,444,84,iogurte,dbc44e548f,1.7302
21,34,100,0.299534,0.049868,549,448,84,lava roupas,2670f02e4d,1.8196
21,35,100,0.297337,0.050331,544,445,85,iogurte,320df1d7c2,1.7963
21,36,100,0.295593,0.050130,543,444,85,iogurte,99502bef19,1.7530
21,37,100,0.296751,0.049723,547,446,83,iogurte,6105ed10a8,1.7816
21,38,100,0.288963,0.050276,545,446,85,lava roupas,1c27328ad9,1.8793
21,39,100,0.290201,0.049812,550,447,84,lava roupas,1637d7be0f,1.8873
21,40,100,0.296991,0.050241,547,448,85,iogurte,67147bf943,1.9304
21,41,100,0.289522,0.049909,548,444,84,lava roupas,b0344aef6a,1.8424
21,42,100,0.292811,0.050001,552,446,85,lava roupas,018dd8aba4,1.8820
21,43,100,0.291519,0.049808,548,447,85,lava roupas,0bfea761a0,1.8849
21,44,100,0.288630,0.049814,548,449,85,iogurte,d6c17eec8d,1.8141
21,45,100,0.293543,0.049775,546,446,84,iogurte,5d672d6beb,1.8462
21,46,100,0.297457,0.050159,544,446,84,iogurte,d4a5bc1451,1.8679
21,47,100,0.293356,0.050265,540,440,84,iogurte,c0b73aebf2,1.8299
21,48,100,0.291519,0.049808,548,447,85,lava roupas,0bfea761a0,1.8849
21,49,100,0.291506,0.050100,542,444,85,iogurte,ecd1588b2f,1.9049
22,0,100,0.293862,0.051491,542,441,86,iogurte,72887cf1b8,2.5489
22,1,100,0.290747,0.050553,550,449,86,lava roupas,8355a97906,2.2658
22,2,100,0.292331,0.050519,547,448,86,lava roupas,c064ccf9bc,2.0605
22,3,100,0.296046,0.050400,547,445,85,iogurte,29de221aeb,1.8348
22,4,100,0.296046,0.050400,547,445,85,iogurte,29de221aeb,1.8348
22,5,100,0.290521,0.049946,548,445,85,lava roupas,234d5c6947,1.8977
22,6,100,0.295593,0.050130,543,444,85,iogurte,99502bef19,1.7530
22,7,100,0.297337,0.050331,544,445,85,iogurte,320df1d7c2,1.7963
22,8,100,0.299534,0.050100,548,446,83,biscoito,c6ff41ef18,1.8654
22,9,100,0.295593,0.050130,543,444,85,iogurte,99502bef19,1.7530
22,10,100,0.296991,0.050241,547,448,85,iogurte,67147bf943,1.9304
22,11,100,0.288550,0.049875,547,445,85,lava roupas,dbf2e38240,1.7121
22,12,100,0.288963,0.050276,545,446,85,lava roupas,1c27328ad9,1.8793
22,13,100,0.293356,0.049675,541,440,84,iogurte,ba2e5b2f30,1.9641
22,14,100,0.292757,0.050346,543,444,85,iogurte,685e3c8954,1.9840
22,15,100,0.292624,0.049955,548,448,85,lava roupas,bfc4688c8c,1.7818
22,16,100,0.292331,0.050519,547,448,86,lava roupas,c064ccf9bc,2.0605
22,17,100,0.297337,0.050331,544,445,85,iogurte,320df1d7c2,1.7963
22,18,100,0.290201,0.049812,550,447,84,lava roupas,1637d7be0f,1.8873
22,19,100,0.293010,0.050370,544,444,85,iogurte,d879ac01d2,2.0305
22,20,100,0.297364,0.050245,542,442,84,iogurte,64565d0e2c,1.7638
22,21,100,0.294927,0.050030,547,447,85,iogurte,37a761170a,1.8847
22,22,100,0.295407,0.051121,544,443,86,iogurte,cf36d3db8b,1.8469
22,23,100,0.295140,0.051110,543,441,85,iogurte,042ce2834e,1.7447
22,24,100,0.289296,0.050622,548,448,86,lava roupas,4d83983576,1.8292
22,25,100,0.297550,0.050351,543,445,85,iogurte,d6fcf3fec5,2.0045
22,26,100,0.297337,0.050331,544,445,85,iogurte,320df1d7c2,1.7963
22,27,100,0.293277,0.050217,542,442,84,iogurte,74c2a9cadd,1.8149
22,28,100,0.297058,0.050887,543,444,86,iogurte,3b19d0fe77,1.8647
22,29,100,0.298030,0.050132,541,440,84,iogurte,c7dd30e8af,1.9137
22,30,100,0.294235,0.050789,541,444,84,iogurte,4d62242e7a,1.7948
22,31,100,0.293862,0.051577,543,443,86,iogurte,56ad5bda68,1.7598
22,32,100,0.295593,0.050049,542,442,85,iogurte,8c429501a3,1.7717
22,33,100,0.295593,0.050130,543,444,85,iogurte,99502bef19,1.7530
22,34,100,0.295593,0.050130,543,444,85,iogurte,99502bef19,1.7530
22,35,100,0.294528,0.049390,543,445,84,iogurte,f5e966d02b,1.7572
22,36,100,0.297550,0.050196,544,445,85,iogurte,6947803fe4,1.8111
22,37,100,0.294781,0.050577,542,440,85,iogurte,941bdc94be,1.9684
22,38,100,0.294688,0.051074,543,445,86,iogurte,445f6f1489,1.8971
22,39,100,0.288390,0.049212,546,445,84,iogurte,42e1424606,2.2159
22,40,100,0.296738,0.050294,544,446,85,iogurte,df49da4d70,1.7960
22,41,100,0.295593,0.050130,543,444,85,iogurte,99502bef19,1.7530
22,42,100,0.288963,0.050276,545,446,85,lava roupas,1c27328ad9,1.8793
22,43,100,0.295593,0.050130,543,444,85,iogurte,99502bef19,1.7530
22,44,100,0.288963,0.050276,545,446,85,lava roupas,1c27328ad9,1.8793
22,45,100,0.296179,0.050711,545,447,86,iogurte,fa5f1c61ea,1.7818
22,46,100,0.288963,0.050377,549,446,86,lava roupas,102d944718,1.8449
22,47,100,0.295793,0.050436,543,444,85,iogurte,1382ab8b31,1.7625
22,48,100,0.296552,0.049611,545,444,84,iogurte,dbc44e548f,1.7302
22,49,100,0.295593,0.050130,543,444,85,iogurte,99502bef19,1.7530
23,0,100,0.293862,0.051577,543,443,86,iogurte,56ad5bda68,1.7598
23,1,100,0.293862,0.051491,542,441,86,iogurte,72887cf1b8,2.5489
23,2,100,0.295407,0.051121,544,443,86,iogurte,cf36d3db8b,1.8469
23,3,100,0.295140,0.051110,543,441,85,iogurte,042ce2834e,1.7447
23,4,100,0.294688,0.051074,543,445,86,iogurte,445f6f1489,1.8971
23,5,100,0.288031,0.050114,545,445,85,lava roupas,d3cb9d5618,1.9730
23,6,100,0.294475,0.050365,545,446,86,iogurte,16bef9133b,1.8141
23,7,100,0.298030,0.050132,541,440,84,iogurte,c7dd30e8af,1.9137
23,8,100,0.298030,0.050132,541,440,84,iogurte,c7dd30e8af,1.9137
23,9,100,0.297337,0.050331,544,445,85,iogurte,320df1d7c2,1.7963
23,10,100,0.295353,0.051586,543,443,86,iogurte,c6ba6b75d9,1.7907
23,11,100,0.295793,0.050436,543,444,85,iogurte,1382ab8b31,1.7625
23,12,100,0.293862,0.051577,543,443,86,iogurte,56ad5bda68,1.7598
23,13,100,0.291519,0.049808,548,447,85,lava roupas,0bfea761a0,1.8849
23,14,100,0.296578,0.051155,542,445,86,iogurte,4169ec6d8a,2.0448
23,15,100,0.298908,0.050167,546,448,85,iogurte,fa4333e9d2,1.7632
23,16,100,0.288590,0.050338,548,447,86,lava roupas,80e6f2e752,1.7929
23,17,100,0.294688,0.051074,543,445,86,iogurte,445f6f1489,1.8971
23,18,100,0.294688,0.051074,543,445,86,iogurte,445f6f1489,1.8971
23,19,100,0.292052,0.050889,542,444,86,iogurte,2340565056,1.7981
23,20,100,0.295620,0.050531,545,445,85,iogurte,c61e372410,1.7638
23,21,100,0.295407,0.051121,544,443,86,iogurte,cf36d3db8b,1.8469
23,22,100,0.294781,0.050577,542,440,85,iogurte,941bdc94be,1.9684
23,23,100,0.292078,0.050187,544,447,86,iogurte,2d623d983b,1.7667
23,24,100,0.289469,0.050470,548,445,86,lava roupas,0b0d1f151a,1.9624
23,25,100,0.297058,0.050887,543,444,86,iogurte,3b19d0fe77,1.8647
23,26,100,0.296179,0.050711,545,447,86,iogurte,fa5f1c61ea,1.7818
23,27,100,0.294701,0.051120,543,442,85,iogurte,9b17445664,1.7701
23,28,100,0.289336,0.050034,541,442,85,iogurte,f2494f0197,1.6777
23,29,100,0.297550,0.050196,544,445,85,iogurte,6947803fe4,1.8111
23,30,100,0.293782,0.051344,542,444,86,iogurte,bab7a576f1,2.0347
23,31,100,0.296072,0.051137,545,445,85,linguica,188d341afe,1.6361
23,32,100,0.298655,0.050814,542,444,85,iogurte,592fdecea4,1.8976
23,33,100,0.293010,0.050370,544,444,85,iogurte,d879ac01d2,2.0305
23,34,100,0.292331,0.050519,547,448,86,lava roupas,c064ccf9bc,2.0605
23,35,100,0.295593,0.050130,543,444,85,iogurte,99502bef19,1.7530
23,36,100,0.294901,0.050511,543,440,85,iogurte,fc96abced3,1.7623
23,37,100,0.299055,0.051031,546,449,86,iogurte,007295c990,1.8842
23,38,100,0.292092,0.050174,548,447,85,lava roupas,3c2b1e7ad0,1.9739
23,39,100,0.296046,0.050400,547,445,85,iogurte,29de221aeb,1.8348
23,40,100,0.289296,0.050622,548,448,86,lava roupas,4d83983576,1.8292
23,41,100,0.280562,0.049094,549,448,85,lava roupas,edccbc341f,1.8618
23,42,100,0.293370,0.050914,545,447,86,iogurte,353e6f8ab6,1.8384
23,43,100,0.296405,0.051251,544,446,86,iogurte,1d8774c519,1.7986
23,44,100,0.291519,0.049808,548,447,85,lava roupas,0bfea761a0,1.8849
23,45,100,0.290694,0.051070,544,445,86,iogurte,29afb56f07,1.7679
23,46,100,0.296272,0.050167,544,443,85,iogurte,d5ee34ec6a,1.7497
23,47,100,0.294142,0.052059,542,443,87,iogurte,0ea270ccbf,1.8226
23,48,100,0.293862,0.051491,542,441,86,iogurte,72887cf1b8,2.5489
23,49,100,0.288883,0.050322,544,443,86,iogurte,3c53fcaaee,1.7360
24,0,100,0.294142,0.052059,542,443,87,iogurte,0ea270ccbf,1.8226
24,1,100,0.295353,0.051586,543,443,86,iogurte,c6ba6b75d9,1.7907
24,2,100,0.293862,0.051577,543,443,86,iogurte,56ad5bda68,1.7598
24,3,100,0.293862,0.051577,543,443,86,iogurte,56ad5bda68,1.7598
24,4,100,0.293862,0.051491,542,441,86,iogurte,72887cf1b8,2.5489
24,5,100,0.298069,0.050963,546,448,86,iogurte,27dbd3c08a,2.1576
24,6,100,0.292185,0.051570,546,446,86,iogurte,4a9d862461,1.9266
24,7,100,0.295620,0.050531,545,445,85,iogurte,c61e372410,1.7638
24,8,100,0.296072,0.051137,545,445,85,linguica,188d341afe,1.6361
24,9,100,0.289083,0.050313,543,448,86,iogurte,0d92f12973,2.1321
24,10,100,0.293782,0.051344,542,444,86,iogurte,bab7a576f1,2.0347
24,11,100,0.295407,0.051121,544,443,86,iogurte,cf36d3db8b,1.8469
24,12,100,0.293782,0.051344,542,444,86,iogurte,bab7a576f1,2.0347
24,13,100,0.295007,0.050917,544,443,85,iogurte,93690b957c,1.8173
24,14,100,0.295353,0.051586,543,443,86,iogurte,c6ba6b75d9,1.7907
24,15,100,0.295806,0.051547,547,448,87,iogurte,d03659173e,1.7791
24,16,100,0.293383,0.050839,541,438,85,iogurte,b090672956,1.7598
24,17,100,0.297124,0.050153,546,444,84,linguica,c1d19ca97e,1.6183
24,18,100,0.293862,0.051491,542,441,86,iogurte,72887cf1b8,2.5489
24,19,100,0.296658,0.050206,539,439,85,iogurte,771ae2c6cb,1.8798
24,20,100,0.296179,0.050711,545,447,86,iogurte,fa5f1c61ea,1.7818
24,21,100,0.292198,0.050989,543,444,86,iogurte,dc3d1592b2,1.8183
24,22,100,0.295833,0.050442,546,447,85,iogurte,27ea48d88c,1.8157
24,23,100,0.292491,0.051143,546,445,86,iogurte,10b535c224,1.8110
24,24,100,0.280469,0.051047,539,441,86,iogurte,5c79a7ce4f,1.8646
24,25,100,0.298815,0.051057,548,446,85,iogurte,49df6a2785,1.7531
24,26,100,0.296538,0.050877,543,445,86,iogurte,ba62f9f69d,1.8589
24,27,100,0.286207,0.050197,541,441,85,iogurte,6676a14c21,1.9768
24,28,100,0.293862,0.051491,542,441,86,iogurte,72887cf1b8,2.5489
24,29,100,0.294688,0.051074,543,445,86,iogurte,445f6f1489,1.8971
24,30,100,0.292052,0.050889,542,444,86,iogurte,2340565056,1.7981
24,31,100,0.293862,0.051491,542,441,86,iogurte,72887cf1b8,2.5489
24,32,100,0.295407,0.051121,544,443,86,iogurte,cf36d3db8b,1.8469
24,33,100,0.293862,0.051577,543,443,86,iogurte,56ad5bda68,1.7598
24,34,100,0.294688,0.051074,543,445,86,iogurte,445f6f1489,1.8971
24,35,100,0.293370,0.050914,545,447,86,iogurte,353e6f8ab6,1.8384
24,36,100,0.294688,0.051074,543,445,86,iogurte,445f6f1489,1.8971
24,37,100,0.293050,0.050260,541,443,85,iogurte,7f53a604b4,1.7503
24,38,100,0.295580,0.052269,545,447,87,iogurte,df71eeaa29,1.8615
24,39,100,0.294688,0.051074,543,445,86,iogurte,445f6f1489,1.8971
24,40,100,0.293370,0.050914,545,447,86,iogurte,353e6f8ab6,1.8384
24,41,100,0.291093,0.050433,545,442,85,iogurte,aca765f6ee,1.8816
24,42,100,0.295140,0.051110,543,441,85,iogurte,042ce2834e,1.7447
24,43,100,0.285927,0.051261,542,442,86,iogurte,d5886c9c76,1.7954
24,44,100,0.294528,0.052091,543,441,86,iogurte,6269bff9c5,1.9512
24,45,100,0.293822,0.050418,545,445,86,iogurte,e4e7ee350f,1.7301
24,46,100,0.294941,0.051237,543,442,85,iogurte,bc77b7363e,1.7972
24,47,100,0.296432,0.051690,545,445,86,iogurte,381a8f4101,1.8069
24,48,100,0.295407,0.051121,544,443,86,iogurte,cf36d3db8b,1.8469
24,49,100,0.296405,0.051251,544,446,86,iogurte,1d8774c519,1.7986
25,0,100,0.295580,0.052269,545,447,87,iogurte,df71eeaa29,1.8615
25,1,100,0.294528,0.052091,543,441,86,iogurte,6269bff9c5,1.9512
25,2,100,0.294142,0.052059,542,443,87,iogurte,0ea270ccbf,1.8226
25,3,100,0.296432,0.051690,545,445,86,iogurte,381a8f4101,1.8069
25,4,100,0.295353,0.051586,543,443,86,iogurte,c6ba6b75d9,1.7907
25,5,100,0.296818,0.051658,546,448,86,iogurte,3b779f9103,2.0641
25,6,100,0.293316,0.051336,541,441,86,iogurte,0dfbf6e568,1.7839
25,7,100,0.297896,0.051497,548,447,86,iogurte,4ba0a0cffd,1.7671
25,8,100,0.295460,0.052046,547,447,87,iogurte,914f081b61,1.8218
25,9,100,0.293862,0.051491,542,441,86,iogurte,72887cf1b8,2.5489
25,10,100,0.294688,0.051074,543,445,86,iogurte,445f6f1489,1.8971
25,11,100,0.294129,0.051409,547,446,87,iogurte,8e30381d61,1.8263
25,12,100,0.295007,0.050917,544,443,85,iogurte,93690b957c,1.8173
25,13,100,0.294941,0.051237,543,442,85,iogurte,bc77b7363e,1.7972
25,14,100,0.295353,0.051586,543,443,86,iogurte,c6ba6b75d9,1.7907
25,15,100,0.293862,0.051491,542,441,86,iogurte,72887cf1b8,2.5489
25,16,100,0.295407,0.051207,545,445,86,iogurte,ae6ed1e5fd,1.7356
25,17,100,0.292491,0.051143,546,445,86,iogurte,10b535c224,1.8110
25,18,100,0.293862,0.051577,543,443,86,iogurte,56ad5bda68,1.7598
25,19,100,0.294688,0.051074,543,445,86,iogurte,445f6f1489,1.8971
25,20,100,0.292185,0.051570,546,446,86,iogurte,4a9d862461,1.9266
25,21,100,0.293556,0.051598,547,448,86,iogurte,172ce2074b,1.8807
25,22,100,0.295314,0.051590,544,443,86,iogurte,b94ca79ed2,2.3327
25,23,100,0.295034,0.050679,545,446,86,iogurte,a5c6d8396a,1.7997
25,24,100,0.297071,0.051307,546,444,85,iogurte,5bd6d0a73f,1.9824
25,25,100,0.292038,0.050984,544,442,85,iogurte,05e94ef1ed,2.1498
25,26,100,0.291146,0.051238,545,443,86,iogurte,e12f35ea26,2.0083
25,27,100,0.293862,0.051577,543,443,86,iogurte,56ad5bda68,1.7598
25,28,100,0.294142,0.052059,542,443,87,iogurte,0ea270ccbf,1.8226
25,29,100,0.292584,0.051120,544,445,86,iogurte,75d70a3737,1.7609
25,30,100,0.295806,0.051547,547,448,87,iogurte,d03659173e,1.7791
25,31,100,0.285914,0.051167,541,440,86,iogurte,fb05f712b3,1.7608
25,32,100,0.293862,0.051577,543,443,86,iogurte,56ad5bda68,1.7598
25,33,100,0.296072,0.051137,545,445,85,linguica,188d341afe,1.6361
25,34,100,0.290454,0.050837,541,440,85,iogurte,7e5299b1c3,1.7656
25,35,100,0.292185,0.051570,546,446,86,iogurte,4a9d862461,1.9266
25,36,100,0.293862,0.051577,543,443,86,iogurte,56ad5bda68,1.7598
25,37,100,0.291639,0.050970,544,445,86,linguica,a4df309c04,1.7853
25,38,100,0.295353,0.051586,543,443,86,iogurte,c6ba6b75d9,1.7907
25,39,100,0.295234,0.050280,544,445,85,iogurte,03d00e0098,1.7326
25,40,100,0.297510,0.052006,543,443,86,iogurte,a9ab151f1c,1.7729
25,41,100,0.294142,0.052059,542,443,87,iogurte,0ea270ccbf,1.8226
25,42,100,0.296432,0.051690,545,445,86,iogurte,381a8f4101,1.8069
25,43,100,0.296525,0.051153,545,444,85,iogurte,197b793f73,1.7853
25,44,100,0.294528,0.051636,543,447,87,iogurte,d48142dcc6,1.7993
25,45,100,0.293862,0.051491,542,441,86,iogurte,72887cf1b8,2.5489
25,46,100,0.296592,0.051198,544,443,85,iogurte,9de84731b4,1.7795
25,47,100,0.295473,0.050717,544,442,84,iogurte,4ea946dbbc,1.7592
25,48,100,0.290161,0.051091,541,444,87,iogurte,99a759ae00,1.8146
25,49,100,0.293862,0.051491,542,441,86,iogurte,72887cf1b8,2.5489
26,0,100,0.295580,0.052269,545,447,87,iogurte,df71eeaa29,1.8615
26,1,100,0.294528,0.052091,543,441,86,iogurte,6269bff9c5,1.9512
26,2,100,0.294142,0.052059,542,443,87,iogurte,0ea270ccbf,1.8226
26,3,100,0.294142,0.052059,542,443,87,iogurte,0ea270ccbf,1.8226
26,4,100,0.294142,0.052059,542,443,87,iogurte,0ea270ccbf,1.8226
26,5,100,0.295353,0.051586,543,443,86,iogurte,c6ba6b75d9,1.7907
26,6,100,0.294528,0.052091,543,441,86,iogurte,6269bff9c5,1.9512
26,7,100,0.296432,0.051690,545,445,86,iogurte,381a8f4101,1.8069
26,8,100,0.296046,0.052011,544,447,86,iogurte,2aa01c3959,1.9134
26,9,100,0.295606,0.051749,545,449,87,iogurte,4410f7e460,1.7664
26,10,100,0.298722,0.051436,542,445,86,iogurte,acecc6f5d8,1.9379
26,11,100,0.298176,0.051980,547,447,87,iogurte,38c1a87b76,1.8896
26,12,100,0.295433,0.052067,546,444,85,iogurte,c6a0702f37,1.8138
26,13,100,0.296432,0.051690,545,445,86,iogurte,381a8f4101,1.8069
26,14,100,0.295314,0.051590,544,443,86,iogurte,b94ca79ed2,2.3327
26,15,100,0.294169,0.051922,544,444,86,iogurte,41be91476c,1.7786
26,16,100,0.296086,0.051478,541,443,86,iogurte,cfb42e7e7c,1.9460
26,17,100,0.293862,0.051577,543,443,86,iogurte,56ad5bda68,1.7598
26,18,100,0.293862,0.051491,542,441,86,iogurte,72887cf1b8,2.5489
26,19,100,0.294488,0.052243,542,442,86,iogurte,f674e0ed1f,1.7624
26,20,100,0.293410,0.050968,545,443,85,iogurte,6e0be84f41,1.7809
26,21,100,0.296432,0.051690,545,445,86,iogurte,381a8f4101,1.8069
26,22,100,0.294142,0.052059,542,443,87,iogurte,0ea270ccbf,1.8226
26,23,100,0.295606,0.052172,544,445,87,iogurte,b81f7f21ee,1.8908
26,24,100,0.301132,0.052653,546,448,86,iogurte,cc8d5d246d,1.8197
26,25,100,0.297071,0.051549,542,443,86,iogurte,46568333a7,1.7825
26,26,100,0.296432,0.051690,545,445,86,iogurte,381a8f4101,1.8069
26,27,100,0.294661,0.052668,545,445,87,iogurte,4147bf0287,1.7852
26,28,100,0.293396,0.051020,545,444,85,iogurte,a279165075,1.9370
26,29,100,0.292890,0.051083,547,450,86,iogurte,9bde9bde32,1.7981
26,30,100,0.295180,0.052140,543,445,87,iogurte,5fb65ca135,1.7057
26,31,100,0.295353,0.051586,543,443,86,iogurte,c6ba6b75d9,1.7907
26,32,100,0.294528,0.052091,543,441,86,iogurte,6269bff9c5,1.9512
26,33,100,0.284077,0.050475,543,441,85,iogurte,796edc6278,1.8209
26,34,100,0.292185,0.051570,546,446,86,iogurte,4a9d862461,1.9266
26,35,100,0.295353,0.051586,543,443,86,iogurte,c6ba6b75d9,1.7907
26,36,100,0.292957,0.051295,543,443,86,iogurte,aff1b7fc2c,1.7827
26,37,100,0.294142,0.052059,542,443,87,iogurte,0ea270ccbf,1.8226
26,38,100,0.296432,0.051690,545,445,86,iogurte,381a8f4101,1.8069
26,39,100,0.293862,0.051577,543,443,86,iogurte,56ad5bda68,1.7598
26,40,100,0.297510,0.052006,543,443,86,iogurte,a9ab151f1c,1.7729
26,41,100,0.284343,0.050835,541,440,86,iogurte,e7313c7001,1.9532
26,42,100,0.291479,0.051832,542,443,87,iogurte,0cbdd28488,2.0308
26,43,100,0.296192,0.052675,549,450,88,iogurte,8b3138c14e,2.1918
26,44,100,0.294714,0.051511,545,446,86,iogurte,c41f817e1c,1.7442
26,45,100,0.294142,0.052059,542,443,87,iogurte,0ea270ccbf,1.8226
26,46,100,0.294142,0.052059,542,443,87,iogurte,0ea270ccbf,1.8226
26,47,100,0.295873,0.051565,538,436,86,iogurte,af4e9be7ae,1.9046
26,48,100,0.295606,0.052172,544,445,87,iogurte,b81f7f21ee,1.8908
26,49,100,0.291173,0.051105,545,442,85,iogurte,1a01ee676c,1.8104
27,0,100,0.296192,0.052675,549,450,88,iogurte,8b3138c14e,2.1918
27,1,100,0.294661,0.052668,545,445,87,iogurte,4147bf0287,1.7852
27,2,100,0.301132,0.052653,546,448,86,iogurte,cc8d5d246d,1.8197
27,3,100,0.295580,0.052269,545,447,87,iogurte,df71eeaa29,1.8615
27,4,100,0.294488,0.052243,542,442,86,iogurte,f674e0ed1f,1.7624
27,5,100,0.299015,0.052526,548,447,86,iogurte,82b3219948,1.9811
27,6,100,0.294595,0.051529,545,444,86,iogurte,855223a432,1.9548
27,7,100,0.292451,0.051895,544,439,86,iogurte,44c3e9a8e5,2.1766
27,8,100,0.293277,0.051211,541,439,86,iogurte,cecae0e8f2,1.7650
27,9,100,0.292957,0.051295,543,443,86,iogurte,aff1b7fc2c,1.7827
27,10,100,0.295580,0.052269,545,447,87,iogurte,df71eeaa29,1.8615
27,11,100,0.296432,0.051690,545,445,86,iogurte,381a8f4101,1.8069
27,12,100,0.296432,0.051690,545,445,86,iogurte,381a8f4101,1.8069
27,13,100,0.301132,0.052653,546,448,86,iogurte,cc8d5d246d,1.8197
27,14,100,0.294528,0.052091,543,441,86,iogurte,6269bff9c5,1.9512
27,15,100,0.294142,0.052059,542,443,87,iogurte,0ea270ccbf,1.8226
27,16,100,0.295007,0.050999,543,443,86,iogurte,e7cd42337c,1.8267
27,17,100,0.294142,0.052059,542,443,87,iogurte,0ea270ccbf,1.8226
27,18,100,0.294142,0.052059,542,443,87,iogurte,0ea270ccbf,1.8226
27,19,100,0.293862,0.051577,543,443,86,iogurte,56ad5bda68,1.7598
27,20,100,0.293636,0.051467,543,442,86,iogurte,c3711b0d95,1.7511
27,21,100,0.299867,0.052648,545,447,88,iogurte,8d8b6475e6,1.7054
27,22,100,0.297750,0.051197,545,446,85,iogurte,830c26d6d3,1.9872
27,23,100,0.294528,0.052091,543,441,86,iogurte,6269bff9c5,1.9512
27,24,100,0.295353,0.051586,543,443,86,iogurte,c6ba6b75d9,1.7907
27,25,100,0.293929,0.050399,541,443,86,iogurte,755dec647a,2.5483
27,26,100,0.300519,0.052825,546,447,86,iogurte,cfca39a6ea,1.9351
27,27,100,0.299667,0.053208,542,444,88,iogurte,68489568d3,1.7710
27,28,100,0.295993,0.052203,545,443,86,iogurte,0dbe000edd,2.5143
27,29,100,0.294661,0.052668,545,445,87,iogurte,4147bf0287,1.7852
27,30,100,0.295433,0.052067,546,444,85,iogurte,c6a0702f37,1.8138
27,31,100,0.301132,0.052739,547,447,86,iogurte,7875bd7720,1.8758
27,32,100,0.296738,0.052705,545,446,87,iogurte,834f344b9d,1.7989
27,33,100,0.294528,0.052091,543,441,86,iogurte,6269bff9c5,1.9512
27,34,100,0.294528,0.052091,543,441,86,iogurte,6269bff9c5,1.9512
27,35,100,0.295101,0.052539,543,446,88,iogurte,0f84c44af2,1.8977
27,36,100,0.287299,0.049807,543,441,85,iogurte,6ff9adc1e7,1.7662
27,37,100,0.294528,0.052091,543,441,86,iogurte,6269bff9c5,1.9512
27,38,100,0.293010,0.051989,547,446,87,iogurte,e4772adbb3,1.9086
27,39,100,0.294275,0.052635,544,447,88,iogurte,2307bc7b45,1.9619
27,40,100,0.288870,0.051602,544,440,85,iogurte,9b9e9d28a6,1.7500
27,41,100,0.298030,0.052109,547,449,86,iogurte,d418a80583,1.7215
27,42,100,0.296046,0.051596,544,442,86,iogurte,59e6360404,1.7561
27,43,100,0.293583,0.051837,538,440,87,iogurte,b62d0c8a9f,1.8005
27,44,100,0.295433,0.052067,546,444,85,iogurte,c6a0702f37,1.8138
27,45,100,0.297763,0.052096,545,448,88,iogurte,14aa54b4cc,1.8467
27,46,100,0.299627,0.051597,549,448,85,iogurte,6fddaded0d,1.8293
27,47,100,0.294661,0.052668,545,445,87,iogurte,4147bf0287,1.7852
27,48,100,0.294528,0.052091,543,441,86,iogurte,6269bff9c5,1.9512
27,49,100,0.295606,0.052172,544,445,87,iogurte,b81f7f21ee,1.8908
28,0,100,0.299667,0.053208,542,444,88,iogurte,68489568d3,1.7710
28,1,100,0.300519,0.052825,546,447,86,iogurte,cfca39a6ea,1.9351
28,2,100,0.301132,0.052739,547,447,86,iogurte,7875bd7720,1.8758
28,3,100,0.296738,0.052705,545,446,87,iogurte,834f344b9d,1.7989
28,4,100,0.296192,0.052675,549,450,88,iogurte,8b3138c14e,2.1918
28,5,100,0.300493,0.053373,543,446,87,iogurte,1e9f45fe26,2.0074
28,6,100,0.296392,0.053009,545,447,87,iogurte,b61bd0a860,1.9143
28,7,100,0.292957,0.051295,543,443,86,iogurte,aff1b7fc2c,1.7827
28,8,100,0.299667,0.053208,542,444,88,iogurte,68489568d3,1.7710
28,9,100,0.298189,0.053393,545,448,88,iogurte,d478a028f9,2.1266
28,10,100,0.294142,0.052059,542,443,87,iogurte,0ea270ccbf,1.8226
28,11,100,0.294528,0.052091,543,441,86,iogurte,6269bff9c5,1.9512
28,12,100,0.294528,0.052091,543,441,86,iogurte,6269bff9c5,1.9512
28,13,100,0.296392,0.052172,546,446,86,iogurte,3ca454a578,2.4803
28,14,100,0.286686,0.051740,542,441,87,iogurte,6f7de541f0,1.7851
28,15,100,0.293782,0.051463,547,448,87,iogurte,068f932f21,1.6630
28,16,100,0.295274,0.052694,548,448,87,iogurte,6d4be38be2,1.8684
28,17,100,0.299667,0.053208,542,444,88,iogurte,68489568d3,1.7710
28,18,100,0.297217,0.052370,547,449,86,iogurte,f756235ab4,1.7265
28,19,100,0.296738,0.052705,545,446,87,iogurte,834f344b9d,1.7989
28,20,100,0.295606,0.052172,544,445,87,iogurte,b81f7f21ee,1.8908
28,21,100,0.295101,0.052539,543,446,88,iogurte,0f84c44af2,1.8977
28,22,100,0.301132,0.052739,547,447,86,iogurte,7875bd7720,1.8758
28,23,100,0.299015,0.052526,548,447,86,iogurte,82b3219948,1.9811
28,24,100,0.300892,0.052458,547,449,85,iogurte,20db3d6bd6,1.9025
28,25,100,0.300732,0.053817,549,448,87,iogurte,69086dd51f,1.8807
28,26,100,0.295993,0.052203,545,443,86,iogurte,0dbe000edd,2.5143
28,27,100,0.299867,0.052648,545,447,88,iogurte,8d8b6475e6,1.7054
28,28,100,0.299867,0.052648,545,447,88,iogurte,8d8b6475e6,1.7054
28,29,100,0.303435,0.053756,542,447,88,iogurte,076b77e227,1.7021
28,30,100,0.300253,0.053744,547,449,89,iogurte,9aa1f7c853,1.7507
28,31,100,0.296964,0.051689,549,449,87,iogurte,6e458cf3ce,1.8029
28,32,100,0.301251,0.053366,549,449,87,iogurte,f25fc9d035,1.7848
28,33,100,0.300519,0.052825,546,447,86,iogurte,cfca39a6ea,1.9351
28,34,100,0.294288,0.052867,547,449,88,iogurte,c40bff7636,1.8126
28,35,100,0.300865,0.053098,546,445,86,iogurte,c33a45c46d,1.7921
28,36,100,0.295114,0.051950,547,448,87,iogurte,74749c6c04,1.7907
28,37,100,0.294608,0.052068,543,446,87,iogurte,e9d6ac1917,1.8139
28,38,100,0.296379,0.052664,544,446,87,iogurte,04487db48a,1.9580
28,39,100,0.294528,0.052091,543,441,86,iogurte,6269bff9c5,1.9512
28,40,100,0.300666,0.053404,548,451,87,iogurte,d6a9edcf0f,1.9485
28,41,100,0.293916,0.051411,545,448,87,iogurte,90f7e268b6,1.7834
28,42,100,0.297763,0.052096,545,448,88,iogurte,14aa54b4cc,1.8467
28,43,100,0.299268,0.052269,543,445,87,iogurte,e168dc1fe2,1.7550
28,44,100,0.300306,0.052718,548,450,88,iogurte,f44bb5c849,1.7935
28,45,100,0.294661,0.052668,545,445,87,iogurte,4147bf0287,1.7852
28,46,100,0.294714,0.052377,544,446,87,iogurte,b0e9b25b40,1.7127
28,47,100,0.293995,0.052153,545,447,87,iogurte,a12f3cb64c,1.8769
28,48,100,0.292731,0.051341,547,446,87,iogurte,f950fc9a91,1.9588
28,49,100,0.294142,0.052059,542,443,87,iogurte,0ea270ccbf,1.8226
29,0,100,0.300732,0.053817,549,448,87,iogurte,69086dd51f,1.8807
29,1,100,0.303435,0.053756,542,447,88,iogurte,076b77e227,1.7021
29,2,100,0.300253,0.053744,547,449,89,iogurte,9aa1f7c853,1.7507
29,3,100,0.300666,0.053404,548,451,87,iogurte,d6a9edcf0f,1.9485
29,4,100,0.298189,0.053393,545,448,88,iogurte,d478a028f9,2.1266
29,5,100,0.303435,0.053756,542,447,88,iogurte,076b77e227,1.7021
29,6,100,0.300519,0.052825,546,447,86,iogurte,cfca39a6ea,1.9351
29,7,100,0.299960,0.052443,546,450,86,iogurte,6c16f0e97e,2.4172
29,8,100,0.295993,0.052203,545,443,86,iogurte,0dbe000edd,2.5143
29,9,100,0.299667,0.053208,542,444,88,iogurte,68489568d3,1.7710
29,10,100,0.296991,0.052802,547,448,87,iogurte,e389d91ea7,2.1107
29,11,100,0.299667,0.053208,542,444,88,iogurte,68489568d3,1.7710
29,12,100,0.296738,0.052705,545,446,87,iogurte,834f344b9d,1.7989
29,13,100,0.300519,0.052825,546,447,86,iogurte,cfca39a6ea,1.9351
29,14,100,0.300519,0.052825,546,447,86,iogurte,cfca39a6ea,1.9351
29,15,100,0.296738,0.052705,545,446,87,iogurte,834f344b9d,1.7989
29,16,100,0.300306,0.052718,548,450,88,iogurte,f44bb5c849,1.7935
29,17,100,0.300759,0.053644,543,444,87,iogurte,4ec8621970,1.7125
29,18,100,0.300519,0.052825,546,447,86,iogurte,cfca39a6ea,1.9351
29,19,100,0.299641,0.053713,544,448,89,iogurte,16df19538c,1.7927
29,20,100,0.298056,0.052818,543,444,87,iogurte,90601f8e9b,1.6858
29,21,100,0.299547,0.052780,542,445,87,iogurte,51df57a7f1,1.8938
29,22,100,0.301185,0.053472,547,449,88,iogurte,10b2919e9e,1.8819
29,23,100,0.294288,0.052867,547,449,88,iogurte,c40bff7636,1.8126
29,24,100,0.303435,0.053756,542,447,88,iogurte,076b77e227,1.7021
29,25,100,0.299667,0.053208,542,444,88,iogurte,68489568d3,1.7710
29,26,100,0.300732,0.053817,549,448,87,iogurte,69086dd51f,1.8807
29,27,100,0.303368,0.053752,545,449,88,iogurte,f11b75439d,1.9172
29,28,100,0.295833,0.052133,542,445,87,iogurte,90ae4840f0,2.2752
29,29,100,0.295101,0.052539,543,446,88,iogurte,0f84c44af2,1.8977
29,30,100,0.300746,0.053741,546,447,88,iogurte,280d6d41e7,1.8454
29,31,100,0.301278,0.053305,549,451,87,iogurte,0fc9d327bc,1.8421
29,32,100,0.298056,0.052818,543,444,87,iogurte,90601f8e9b,1.6858
29,33,100,0.300732,0.053817,549,448,87,iogurte,69086dd51f,1.8807
29,34,100,0.299667,0.053208,542,444,88,iogurte,68489568d3,1.7710
29,35,100,0.296192,0.052675,549,450,88,iogurte,8b3138c14e,2.1918
29,36,100,0.300253,0.053744,547,449,89,iogurte,9aa1f7c853,1.7507
29,37,100,0.302024,0.054093,548,450,88,iogurte,d400731f0e,1.8574
29,38,100,0.299720,0.052645,544,445,86,iogurte,bf65382577,1.7332
29,39,100,0.301185,0.053472,547,449,88,iogurte,10b2919e9e,1.8819
29,40,100,0.298749,0.052387,543,446,87,iogurte,3caccb7eda,1.7919
29,41,100,0.299654,0.052750,542,445,87,iogurte,df07f25fb8,1.7364
29,42,100,0.295234,0.053115,545,450,89,iogurte,849a51b7c4,1.9703
29,43,100,0.298083,0.051519,551,453,87,iogurte,9e7a119e4a,2.1842
29,44,100,0.299574,0.053002,546,445,88,iogurte,0357253413,2.8202
29,45,100,0.299987,0.052946,544,444,87,iogurte,f59d15e8c8,2.3401
29,46,100,0.300932,0.053331,548,450,87,iogurte,45a3375533,1.7990
29,47,100,0.303169,0.051942,542,446,86,iogurte,cef6e7bf3b,1.7412
29,48,100,0.300959,0.053257,548,448,88,iogurte,6eeeaca7ff,1.8197
29,49,100,0.292771,0.051918,543,444,87,iogurte,5682f41b3f,1.7950
30,0,100,0.302024,0.054093,548,450,88,iogurte,d400731f0e,1.8574
30,1,100,0.300732,0.053817,549,448,87,iogurte,69086dd51f,1.8807
30,2,100,0.300732,0.053817,549,448,87,iogurte,69086dd51f,1.8807
30,3,100,0.300732,0.053817,549,448,87,iogurte,69086dd51f,1.8807
30,4,100,0.303435,0.053756,542,447,88,iogurte,076b77e227,1.7021
30,5,100,0.301251,0.053551,548,450,87,iogurte,4b1eb961ae,2.1984
30,6,100,0.298855,0.052888,546,451,88,iogurte,bccccffe54,1.7774
30,7,100,0.299907,0.053538,546,449,88,iogurte,d0d67c0639,1.8179
30,8,100,0.297830,0.052869,546,448,87,iogurte,ea077e85fe,1.8335
30,9,100,0.300519,0.052825,546,447,86,iogurte,cfca39a6ea,1.9351
30,10,100,0.300879,0.054316,548,451,89,iogurte,819c29a10a,1.8230
30,11,100,0.303368,0.053752,545,449,88,iogurte,f11b75439d,1.9172
30,12,100,0.300732,0.053817,549,448,87,iogurte,69086dd51f,1.8807
30,13,100,0.299414,0.053773,551,450,88,iogurte,74d1a74360,1.8952
30,14,100,0.300759,0.054263,540,443,87,iogurte,a7a96f0383,1.8704
30,15,100,0.301571,0.053434,549,448,87,iogurte,a94f061a7e,1.9602
30,16,100,0.302649,0.054233,544,452,89,iogurte,563c6ec473,1.8353
30,17,100,0.303435,0.053756,542,447,88,iogurte,076b77e227,1.7021
30,18,100,0.303435,0.053756,542,447,88,iogurte,076b77e227,1.7021
30,19,100,0.301185,0.053472,547,449,88,iogurte,10b2919e9e,1.8819
30,20,100,0.300746,0.053741,546,447,88,iogurte,280d6d41e7,1.8454
30,21,100,0.300732,0.053817,549,448,87,iogurte,69086dd51f,1.8807
30,22,100,0.302024,0.054093,548,450,88,iogurte,d400731f0e,1.8574
30,23,100,0.297723,0.052353,545,450,88,iogurte,72898e5677,1.8367
30,24,100,0.304380,0.053788,547,447,86,iogurte,2a5c0e72d7,1.6840
30,25,100,0.291200,0.052356,544,447,88,iogurte,166b95af53,1.8770
30,26,100,0.300959,0.053425,548,448,88,iogurte,a214395b3f,1.8482
30,27,100,0.300599,0.053239,547,444,86,iogurte,e2840584dd,1.7336
30,28,100,0.303408,0.054260,544,451,89,iogurte,00d661931f,1.9963
30,29,100,0.300466,0.052936,544,447,87,iogurte,e3aa174184,2.0553
30,30,100,0.301225,0.053786,549,453,88,iogurte,87b5986d93,2.3083
30,31,100,0.295660,0.052918,548,447,87,iogurte,c19174ef9f,1.8455
30,32,100,0.296938,0.052695,544,441,86,iogurte,68dc5ce728,1.7715
30,33,100,0.295234,0.053115,545,450,89,iogurte,849a51b7c4,1.9703
30,34,100,0.300253,0.053744,547,449,89,iogurte,9aa1f7c853,1.7507
30,35,100,0.300519,0.052825,546,447,86,iogurte,cfca39a6ea,1.9351
30,36,100,0.303435,0.053756,542,447,88,iogurte,076b77e227,1.7021
30,37,100,0.295527,0.052451,544,449,87,iogurte,171fb6ca3f,1.7701
30,38,100,0.300466,0.053298,545,444,87,iogurte,dce0cc035e,1.8291
30,39,100,0.301185,0.053472,547,449,88,iogurte,10b2919e9e,1.8819
30,40,100,0.303435,0.053756,542,447,88,iogurte,076b77e227,1.7021
30,41,100,0.298482,0.053915,541,442,87,iogurte,045666ec6e,1.7711
30,42,100,0.303435,0.053756,542,447,88,iogurte,076b77e227,1.7021
30,43,100,0.300466,0.053298,545,444,87,iogurte,dce0cc035e,1.8291
30,44,100,0.303648,0.053644,543,450,88,iogurte,f9aa20f187,1.8128
30,45,100,0.301185,0.053548,551,453,87,iogurte,4523dce06f,2.1342
30,46,100,0.294262,0.053016,542,446,88,iogurte,6db645b773,1.8440
30,47,100,0.296179,0.053709,546,447,88,iogurte,520011c931,1.7470
30,48,100,0.300599,0.053239,547,444,86,iogurte,e2840584dd,1.7336
30,49,100,0.304274,0.053340,547,449,87,iogurte,19e8e589f3,1.8132
31,0,100,0.300879,0.054316,548,451,89,iogurte,819c29a10a,1.8230
31,1,100,0.300759,0.054263,540,443,87,iogurte,a7a96f0383,1.8704
31,2,100,0.303408,0.054260,544,451,89,iogurte,00d661931f,1.9963
31,3,100,0.302649,0.054233,544,452,89,iogurte,563c6ec473,1.8353
31,4,100,0.302024,0.054093,548,450,88,iogurte,d400731f0e,1.8574
31,5,100,0.302223,0.053704,540,446,88,iogurte,644654dff2,1.9028
31,6,100,0.299428,0.053931,543,443,87,iogurte,be66c60a14,1.7922
31,7,100,0.303435,0.053756,542,447,88,iogurte,076b77e227,1.7021
31,8,100,0.300253,0.053744,547,449,89,iogurte,9aa1f7c853,1.7507
31,9,100,0.304380,0.053788,547,447,86,iogurte,2a5c0e72d7,1.6840
31,10,100,0.303435,0.053756,542,447,88,iogurte,076b77e227,1.7021
31,11,100,0.302610,0.054382,546,449,88,linguica,2ed7cc0425,1.8642
31,12,100,0.301012,0.054404,551,454,89,iogurte,91f73dc9ec,1.7226
31,13,100,0.296405,0.052328,548,447,86,iogurte,ee330218b7,1.8782
31,14,100,0.299268,0.053709,545,447,88,iogurte,968861b4c1,1.8379
31,15,100,0.301877,0.054101,547,452,88,iogurte,8e86fe760d,1.8646
31,16,100,0.303595,0.053061,544,451,88,iogurte,96e7bb4990,1.8095
31,17,100,0.292771,0.052552,549,448,89,iogurte,f7da267229,1.7948
31,18,100,0.303701,0.054278,546,451,88,iogurte,b26489f25c,1.7947
31,19,100,0.304340,0.054428,543,448,88,iogurte,44c2fcfcfc,1.9329
31,20,100,0.300200,0.053786,546,448,88,iogurte,a55dba51a9,1.6864
31,21,100,0.296871,0.053202,549,450,87,iogurte,1f652b80c6,1.9788
31,22,100,0.295194,0.053557,543,446,87,iogurte,310b64b36d,1.8282
31,23,100,0.303408,0.054260,544,451,89,iogurte,00d661931f,1.9963
31,24,100,0.303435,0.053756,542,447,88,iogurte,076b77e227,1.7021
31,25,100,0.300746,0.053741,546,447,88,iogurte,280d6d41e7,1.8454
31,26,100,0.302024,0.054093,548,450,88,iogurte,d400731f0e,1.8574
31,27,100,0.301757,0.054763,544,446,87,iogurte,da967ed31c,1.8133
31,28,100,0.300732,0.053817,549,448,87,iogurte,69086dd51f,1.8807
31,29,100,0.295527,0.053431,546,447,87,iogurte,208ef7b151,1.7638
31,30,100,0.303754,0.053379,542,448,88,iogurte,c6b8d61f45,1.7908
31,31,100,0.300759,0.054263,540,443,87,iogurte,a7a96f0383,1.8704
31,32,100,0.298482,0.053915,541,442,87,iogurte,045666ec6e,1.7711
31,33,100,0.300732,0.053817,549,448,87,iogurte,69086dd51f,1.8807
31,34,100,0.303435,0.053756,542,447,88,iogurte,076b77e227,1.7021
31,35,100,0.296179,0.053709,546,447,88,iogurte,520011c931,1.7470
31,36,100,0.296179,0.053709,546,447,88,iogurte,520011c931,1.7470
31,37,100,0.300732,0.053817,549,448,87,iogurte,69086dd51f,1.8807
31,38,100,0.300759,0.054263,540,443,87,iogurte,a7a96f0383,1.8704
31,39,100,0.302024,0.054093,548,450,88,iogurte,d400731f0e,1.8574
31,40,100,0.299414,0.054414,541,440,87,iogurte,cff02fb113,1.7539
31,41,100,0.300732,0.053817,549,448,87,iogurte,69086dd51f,1.8807
31,42,100,0.298482,0.053915,541,442,87,iogurte,045666ec6e,1.7711
31,43,100,0.300759,0.054263,540,443,87,iogurte,a7a96f0383,1.8704
31,44,100,0.300732,0.053817,549,448,87,iogurte,69086dd51f,1.8807
31,45,100,0.298815,0.053571,545,451,89,iogurte,6595a6651b,1.8221
31,46,100,0.302942,0.054147,548,447,87,iogurte,bb4ebbc1e5,2.1045
31,47,100,0.304380,0.053788,547,447,86,iogurte,2a5c0e72d7,1.6840
31,48,100,0.304380,0.053788,547,447,86,iogurte,2a5c0e72d7,1.6840
31,49,100,0.300732,0.053817,549,448,87,iogurte,69086dd51f,1.8807
32,0,100,0.301757,0.054763,544,446,87,iogurte,da967ed31c,1.8133
32,1,100,0.304340,0.054428,543,448,88,iogurte,44c2fcfcfc,1.9329
32,2,100,0.299414,0.054414,541,440,87,iogurte,cff02fb113,1.7539
32,3,100,0.301012,0.054404,551,454,89,iogurte,91f73dc9ec,1.7226
32,4,100,0.302610,0.054382,546,449,88,linguica,2ed7cc0425,1.8642
32,5,100,0.300626,0.054695,537,438,87,iogurte,9d2cab2a23,2.5622
32,6,100,0.300559,0.054540,548,448,87,iogurte,0a2b136c21,1.9265
32,7,100,0.303488,0.054885,547,450,88,linguica,a0086cf9ca,1.7121
32,8,100,0.300626,0.053751,546,448,88,iogurte,fc92c76251,2.0971
32,9,100,0.297377,0.053689,545,450,89,iogurte,5280112609,1.7700
32,10,100,0.305352,0.054511,542,447,87,iogurte,0418a1d455,1.8302
32,11,100,0.300759,0.054263,540,443,87,iogurte,a7a96f0383,1.8704
32,12,100,0.300759,0.054263,540,443,87,iogurte,a7a96f0383,1.8704
32,13,100,0.299428,0.054445,545,443,88,iogurte,6c016af2c1,1.8182
32,14,100,0.299547,0.053749,547,445,86,iogurte,a00ffeb5b7,1.7963
32,15,100,0.300759,0.054263,540,443,87,iogurte,a7a96f0383,1.8704
32,16,100,0.300759,0.054263,540,443,87,iogurte,a7a96f0383,1.8704
32,17,100,0.302024,0.054093,548,450,88,iogurte,d400731f0e,1.8574
32,18,100,0.300759,0.054263,540,443,87,iogurte,a7a96f0383,1.8704
32,19,100,0.298123,0.054105,545,447,88,iogurte,f35aef7834,1.8298
32,20,100,0.301651,0.053779,541,445,88,iogurte,555d2dfdf2,1.9130
32,21,100,0.302969,0.054112,550,451,88,iogurte,21f3fda556,1.7849
32,22,100,0.298482,0.053915,541,442,87,iogurte,045666ec6e,1.7711
32,23,100,0.302636,0.054843,546,452,89,iogurte,6a1c4ec04d,1.8336
32,24,100,0.303275,0.054489,548,447,87,iogurte,116a7c1bbb,1.6711
32,25,100,0.302024,0.054093,548,450,88,iogurte,d400731f0e,1.8574
32,26,100,0.301757,0.054763,544,446,87,iogurte,da967ed31c,1.8133
32,27,100,0.303408,0.054260,544,451,89,iogurte,00d661931f,1.9963
32,28,100,0.300879,0.054316,548,451,89,iogurte,819c29a10a,1.8230
32,29,100,0.300732,0.053817,549,448,87,iogurte,69086dd51f,1.8807
32,30,100,0.303408,0.054260,544,451,89,iogurte,00d661931f,1.9963
32,31,100,0.302649,0.054233,544,452,89,iogurte,563c6ec473,1.8353
32,32,100,0.304380,0.053788,547,447,86,iogurte,2a5c0e72d7,1.6840
32,33,100,0.302024,0.054093,548,450,88,iogurte,d400731f0e,1.8574
32,34,100,0.300759,0.054263,540,443,87,iogurte,a7a96f0383,1.8704
32,35,100,0.302610,0.053737,541,444,87,iogurte,2b65241977,1.7704
32,36,100,0.302676,0.054774,546,447,87,iogurte,e75de8910b,1.8813
32,37,100,0.304380,0.053740,548,453,87,iogurte,1bb3862911,2.0320
32,38,100,0.304314,0.054416,550,453,88,iogurte,ba589ec5be,1.8186
32,39,100,0.300759,0.054263,540,443,87,iogurte,a7a96f0383,1.8704
32,40,100,0.303408,0.054260,544,451,89,iogurte,00d661931f,1.9963
32,41,100,0.301757,0.054763,544,446,87,iogurte,da967ed31c,1.8133
32,42,100,0.301757,0.054763,544,446,87,iogurte,da967ed31c,1.8133
32,43,100,0.300093,0.053404,542,443,87,iogurte,c32a020b1b,1.8255
32,44,100,0.297990,0.052831,541,441,86,iogurte,9ca1b665ec,1.8262
32,45,100,0.300732,0.053817,549,448,87,iogurte,69086dd51f,1.8807
32,46,100,0.301877,0.054101,547,452,88,iogurte,8e86fe760d,1.8646
32,47,100,0.302037,0.054058,546,448,87,iogurte,a625cb9e12,1.8506
32,48,100,0.305099,0.054747,548,452,89,iogurte,042e335328,1.6619
32,49,100,0.299414,0.054414,541,440,87,iogurte,cff02fb113,1.7539
33,0,100,0.303488,0.054885,547,450,88,linguica,a0086cf9ca,1.7121
33,1,100,0.302636,0.054843,546,452,89,iogurte,6a1c4ec04d,1.8336
33,2,100,0.302676,0.054774,546,447,87,iogurte,e75de8910b,1.8813
33,3,100,0.301757,0.054763,544,446,87,iogurte,da967ed31c,1.8133
33,4,100,0.301757,0.054763,544,446,87,iogurte,da967ed31c,1.8133
33,5,100,0.302263,0.054171,546,453,89,iogurte,3c6fd99323,2.2341
33,6,100,0.303928,0.055105,548,452,89,carne de ave,00dde80542,3.3873
33,7,100,0.300759,0.054263,540,443,87,iogurte,a7a96f0383,1.8704
33,8,100,0.300759,0.054263,540,443,87,iogurte,a7a96f0383,1.8704
33,9,100,0.301757,0.054763,544,446,87,iogurte,da967ed31c,1.8133
33,10,100,0.302676,0.054774,546,447,87,iogurte,e75de8910b,1.8813
33,11,100,0.301438,0.054501,554,452,88,iogurte,0a1002eb96,2.8399
33,12,100,0.304647,0.054415,542,449,88,iogurte,7ee0d7cfd0,2.9251
33,13,100,0.303275,0.054489,548,447,87,iogurte,116a7c1bbb,1.6711
33,14,100,0.302024,0.054353,541,445,87,iogurte,73e2380cbb,1.8949
33,15,100,0.303488,0.054885,547,450,88,linguica,a0086cf9ca,1.7121
33,16,100,0.300759,0.054263,540,443,87,iogurte,a7a96f0383,1.8704
33,17,100,0.302157,0.055115,540,441,87,iogurte,2cd339fc21,6.2643
33,18,100,0.299228,0.053843,537,440,87,iogurte,d38d57d1e7,4.0177
33,19,100,0.300759,0.054263,540,443,87,iogurte,a7a96f0383,1.8704
33,20,100,0.302676,0.054774,546,447,87,iogurte,e75de8910b,1.8813
33,21,100,0.297018,0.053932,540,443,88,iogurte,bcb5d74bc5,3.1205
33,22,100,0.303568,0.054778,543,442,86,iogurte,0089544fa8,2.1955
33,23,100,0.302889,0.054421,545,446,87,iogurte,5881bf3a07,1.7459
33,24,100,0.300200,0.054268,550,452,88,iogurte,3c9c48ec99,2.4348
33,25,100,0.299334,0.054003,540,444,88,iogurte,5e9c70aa8d,1.9061
33,26,100,0.299707,0.054309,549,452,88,iogurte,548eb94484,2.2791
33,27,100,0.300759,0.054263,540,443,87,iogurte,a7a96f0383,1.8704
33,28,100,0.301757,0.054763,544,446,87,iogurte,da967ed31c,1.8133
33,29,100,0.296126,0.052979,545,448,88,iogurte,3ab5ec9967,1.9776
33,30,100,0.299321,0.054049,545,447,87,iogurte,71efcfbfdc,1.7982
33,31,100,0.300759,0.054263,540,443,87,iogurte,a7a96f0383,1.8704
33,32,100,0.301757,0.054763,544,446,87,iogurte,da967ed31c,1.8133
33,33,100,0.302024,0.054391,540,445,87,iogurte,9562c51b61,2.0364
33,34,100,0.304101,0.054273,545,449,88,iogurte,b9bc269427,2.2191
33,35,100,0.301638,0.053808,543,448,87,iogurte,331a998b54,1.7165
33,36,100,0.302676,0.055189,549,453,88,iogurte,fbf3eee6f6,2.3376
33,37,100,0.300879,0.054316,548,451,89,iogurte,819c29a10a,1.8230
33,38,100,0.302636,0.054843,546,452,89,iogurte,6a1c4ec04d,1.8336
33,39,100,0.301824,0.054682,549,450,89,iogurte,8e2fd91f1a,2.3810
33,40,100,0.300120,0.054107,543,446,87,iogurte,28e57cc948,1.7827
33,41,100,0.304314,0.054416,550,453,88,iogurte,ba589ec5be,1.8186
33,42,100,0.300759,0.054263,540,443,87,iogurte,a7a96f0383,1.8704
33,43,100,0.292052,0.053641,549,453,89,iogurte,a74a5644b7,2.6124
33,44,100,0.302796,0.054339,550,454,87,iogurte,7093f5d274,2.2489
33,45,100,0.301757,0.054763,544,446,87,iogurte,da967ed31c,1.8133
33,46,100,0.301757,0.054763,544,446,87,iogurte,da967ed31c,1.8133
33,47,100,0.294461,0.053539,546,450,88,linguica,d9f46c84f7,1.8120
33,48,100,0.297364,0.054415,545,449,89,iogurte,3675fca73f,1.8224
33,49,100,0.305046,0.053800,537,442,86,iogurte,479e8ab3c2,2.5553
34,0,100,0.302676,0.055189,549,453,88,iogurte,fbf3eee6f6,2.3376
34,1,100,0.302157,0.055115,540,441,87,iogurte,2cd339fc21,6.2643
34,2,100,0.303928,0.055105,548,452,89,carne de ave,00dde80542,3.3873
34,3,100,0.303488,0.054885,547,450,88,linguica,a0086cf9ca,1.7121
34,4,100,0.303488,0.054885,547,450,88,linguica,a0086cf9ca,1.7121
34,5,100,0.303968,0.055276,544,451,89,iogurte,e0ee540c79,1.8786
34,6,100,0.302183,0.053621,546,449,88,iogurte,01dd04eb47,1.9323
34,7,100,0.302676,0.054774,546,447,87,iogurte,e75de8910b,1.8813
34,8,100,0.301757,0.054763,544,446,87,iogurte,da967ed31c,1.8133
34,9,100,0.303488,0.054885,547,450,88,linguica,a0086cf9ca,1.7121
34,10,100,0.301757,0.054763,544,446,87,iogurte,da967ed31c,1.8133
34,11,100,0.302676,0.054774,546,447,87,iogurte,e75de8910b,1.8813
34,12,100,0.302157,0.055115,540,441,87,iogurte,2cd339fc21,6.2643
34,13,100,0.301744,0.054162,544,447,88,linguica,3d36abf8b7,1.7503
34,14,100,0.303368,0.053549,543,446,86,iogurte,b0367c8693,2.0883
34,15,100,0.306897,0.055155,546,451,88,iogurte,271b1f5b92,1.8032
34,16,100,0.299614,0.053902,550,451,87,iogurte,a6d6492376,2.3278
34,17,100,0.301757,0.054763,544,446,87,iogurte,da967ed31c,1.8133
34,18,100,0.301757,0.054763,544,446,87,iogurte,da967ed31c,1.8133
34,19,100,0.302636,0.054843,546,452,89,iogurte,6a1c4ec04d,1.8336
34,20,100,0.302636,0.054843,546,452,89,iogurte,6a1c4ec04d,1.8336
34,21,100,0.302676,0.054774,546,447,87,iogurte,e75de8910b,1.8813
34,22,100,0.302636,0.054843,546,452,89,iogurte,6a1c4ec04d,1.8336
34,23,100,0.303568,0.054778,543,442,86,iogurte,0089544fa8,2.1955
34,24,100,0.301757,0.054763,544,446,87,iogurte,da967ed31c,1.8133
34,25,100,0.302676,0.054774,546,447,87,iogurte,e75de8910b,1.8813
34,26,100,0.301757,0.054763,544,446,87,iogurte,da967ed31c,1.8133
34,27,100,0.302676,0.054774,546,447,87,iogurte,e75de8910b,1.8813
34,28,100,0.302889,0.054421,545,446,87,iogurte,5881bf3a07,1.7459
34,29,100,0.301757,0.054763,544,446,87,iogurte,da967ed31c,1.8133
34,30,100,0.302037,0.054355,542,446,87,iogurte,f4c433c6b8,2.3760
34,31,100,0.300759,0.054263,540,443,87,iogurte,a7a96f0383,1.8704
34,32,100,0.303928,0.055105,548,452,89,carne de ave,00dde80542,3.3873
34,33,100,0.303022,0.054893,544,448,87,iogurte,bad7155c82,2.6914
34,34,100,0.293876,0.053980,540,443,87,iogurte,7bb595d097,2.3993
34,35,100,0.302010,0.055244,542,443,88,iogurte,b14d1b60a7,3.6670
34,36,100,0.302823,0.054727,544,450,88,iogurte,a38c592445,3.8397
34,37,100,0.301531,0.055203,541,444,89,iogurte,a8eca8be23,3.7651
34,38,100,0.303901,0.054364,546,447,86,linguica,685a52e1ec,2.8179
34,39,100,0.302729,0.053413,545,451,88,carne de ave,25af063f34,3.9097
34,40,100,0.300173,0.054801,551,454,87,iogurte,1de37a6f35,2.5824
34,41,100,0.301771,0.054851,547,450,88,iogurte,fac307f291,3.0597
34,42,100,0.300359,0.053883,544,448,88,iogurte,61d91b1eb3,3.1602
34,43,100,0.299041,0.052485,546,447,86,iogurte,7e5f9699e4,3.5035
34,44,100,0.302450,0.055062,548,449,87,iogurte,72ff799653,3.2997
34,45,100,0.302982,0.055112,549,451,88,iogurte,a1944511a4,3.3190
34,46,100,0.299534,0.052614,540,445,87,iogurte,3d1a7ced20,6.4263
34,47,100,0.301038,0.053188,547,450,86,iogurte,937c447d14,4.9981
34,48,100,0.302676,0.055292,548,451,88,iogurte,d18925b53f,5.8022
34,49,100,0.302676,0.054774,546,447,87,iogurte,e75de8910b,1.8813
35,0,100,0.302676,0.055292,548,451,88,iogurte,d18925b53f,5.8022
35,1,100,0.303968,0.055276,544,451,89,iogurte,e0ee540c79,1.8786
35,2,100,0.302010,0.055244,542,443,88,iogurte,b14d1b60a7,3.6670
35,3,100,0.301531,0.055203,541,444,89,iogurte,a8eca8be23,3.7651
35,4,100,0.302676,0.055189,549,453,88,iogurte,fbf3eee6f6,2.3376
35,5,100,0.302636,0.054843,546,452,89,iogurte,6a1c4ec04d,1.8336
35,6,100,0.306284,0.055555,542,442,87,iogurte,79b18ecec9,5.3456
35,7,100,0.303928,0.055105,548,452,89,carne de ave,00dde80542,3.3873
35,8,100,0.298269,0.054468,545,451,89,iogurte,9040b89d61,5.3222
35,9,100,0.300413,0.054897,541,444,88,iogurte,b5375ee2dc,4.2037
35,10,100,0.299867,0.053705,544,444,87,iogurte,e72b5ceb14,4.2688
35,11,100,0.305885,0.056148,546,452,90,iogurte,dca4754bcf,5.7303
35,12,100,0.304433,0.055192,549,451,88,iogurte,5b33c34069,4.6243
35,13,100,0.301731,0.054317,547,450,87,iogurte,6ac512a4a7,3.9262
35,14,100,0.297990,0.054786,547,453,89,iogurte,5c126e285e,4.2863
35,15,100,0.303834,0.054540,544,448,87,iogurte,50fa4944b4,4.4938
35,16,100,0.303608,0.055120,550,451,87,iogurte,7a1f6d95ef,7.0520
35,17,100,0.302010,0.055244,542,443,88,iogurte,b14d1b60a7,3.6670
35,18,100,0.299428,0.054111,547,450,86,iogurte,a019010299,3.7090
35,19,100,0.302010,0.055244,542,443,88,iogurte,b14d1b60a7,3.6670
35,20,100,0.298349,0.053961,546,448,87,iogurte,c162adae0a,3.7353
35,21,100,0.302676,0.055292,548,451,88,iogurte,d18925b53f,5.8022
35,22,100,0.303768,0.054268,547,447,86,iogurte,64616a0af3,5.0076
35,23,100,0.301544,0.054247,547,448,87,iogurte,fb53c2093f,6.1953
35,24,100,0.301997,0.054920,547,452,88,iogurte,0115bffc26,4.5926
35,25,100,0.300559,0.054493,542,445,87,linguica,55d221a70b,4.5505
35,26,100,0.302370,0.054739,551,454,89,iogurte,9d46c157eb,3.7316
35,27,100,0.304034,0.055594,549,453,89,carne de ave,df205e2011,3.7317
35,28,100,0.300107,0.054507,550,453,88,iogurte,26ef856716,4.0850
35,29,100,0.302676,0.055292,548,451,88,iogurte,d18925b53f,5.8022
35,30,100,0.301757,0.054763,544,446,87,iogurte,da967ed31c,1.8133
35,31,100,0.292731,0.053392,545,451,88,iogurte,5df86e98a7,4.3643
35,32,100,0.301118,0.054607,547,449,87,iogurte,131f4be2eb,3.7842
35,33,100,0.302583,0.054887,548,451,89,carne de ave,5eb1e59867,4.5834
35,34,100,0.303222,0.054936,545,445,86,iogurte,7eb5a43010,4.0263
35,35,100,0.302676,0.054774,546,447,87,iogurte,e75de8910b,1.8813
35,36,100,0.302450,0.055062,548,449,87,iogurte,72ff799653,3.2997
35,37,100,0.303302,0.055431,548,452,89,iogurte,e4c060a4e8,6.8072
35,38,100,0.306044,0.052702,541,447,86,iogurte,4a12556c81,3.6132
35,39,100,0.302623,0.054778,548,452,89,carne de ave,c1ab55089f,5.0185
35,40,100,0.301931,0.054517,544,451,89,iogurte,1347fe8029,8.3193
35,41,100,0.293583,0.053745,545,445,86,iogurte,42ac2b516d,10.2828
35,42,100,0.303954,0.055392,547,451,89,carne de ave,8e071eda7d,6.5721
35,43,100,0.302157,0.055115,540,441,87,iogurte,2cd339fc21,6.2643
35,44,100,0.303928,0.055105,548,452,89,carne de ave,00dde80542,3.3873
35,45,100,0.303022,0.054893,544,448,87,iogurte,bad7155c82,2.6914
35,46,100,0.301757,0.054763,544,446,87,iogurte,da967ed31c,1.8133
35,47,100,0.301132,0.054940,541,443,88,iogurte,02570cfb4b,6.1248
35,48,100,0.305485,0.054395,543,446,87,iogurte,01eb100832,6.4831
35,49,100,0.300373,0.055510,547,455,91,iogurte,b98e97aa7b,5.1925
36,0,100,0.305885,0.056148,546,452,90,iogurte,dca4754bcf,5.7303
36,1,100,0.304034,0.055594,549,453,89,carne de ave,df205e2011,3.7317
36,2,100,0.306284,0.055555,542,442,87,iogurte,79b18ecec9,5.3456
36,3,100,0.300373,0.055510,547,455,91,iogurte,b98e97aa7b,5.1925
36,4,100,0.303302,0.055431,548,452,89,iogurte,e4c060a4e8,6.8072
36,5,100,0.300959,0.054607,542,447,88,iogurte,479df921cb,8.0249
36,6,100,0.305352,0.054615,549,454,88,iogurte,ff9435103e,5.2245
36,7,100,0.302490,0.054843,546,449,88,iogurte,92342c4b73,11.8467
36,8,100,0.310465,0.056707,542,443,88,lava roupas,2ff1830f85,5.0829
36,9,100,0.298682,0.054875,548,450,88,iogurte,15ef43a18f,10.4455
36,10,100,0.303302,0.054345,550,451,86,iogurte,8e15f101f3,9.5240
36,11,100,0.301784,0.054987,547,455,90,iogurte,1d4a7b9f7d,10.8551
36,12,100,0.305525,0.055623,545,446,88,carne de ave,7ef4ed65db,11.6169
36,13,100,0.305299,0.055686,552,452,88,iogurte,2f1db567f4,8.0490
36,14,100,0.303049,0.054609,545,451,89,carne de ave,7442b9617f,7.5044
36,15,100,0.303608,0.055120,550,451,87,iogurte,7a1f6d95ef,7.0520
36,16,100,0.305885,0.056148,546,452,90,iogurte,dca4754bcf,5.7303
36,17,100,0.304420,0.055083,550,453,88,iogurte,df07b95e8a,7.5579
36,18,100,0.300892,0.055477,546,452,90,iogurte,52ad65d77a,10.6962
36,19,100,0.309453,0.055890,555,456,89,iogurte,1bd88c7f3d,12.2313
36,20,100,0.302849,0.055472,542,445,88,lava roupas,c91c11fc45,16.3479
36,21,100,0.300213,0.055279,549,456,91,carne de ave,75c3aeef7d,18.9663
36,22,100,0.292052,0.054425,549,458,90,iogurte,555507cd47,31.0873
36,23,100,0.300879,0.054750,541,445,88,iogurte,8d927eab98,13.3557
36,24,100,0.305725,0.055347,544,450,88,iogurte,4290eec958,14.2042
36,25,100,0.302636,0.054843,546,452,89,iogurte,6a1c4ec04d,1.8336
36,26,100,0.302623,0.054778,548,452,89,carne de ave,c1ab55089f,5.0185
36,27,100,0.302010,0.055244,542,443,88,iogurte,b14d1b60a7,3.6670
36,28,100,0.306284,0.055555,542,442,87,iogurte,79b18ecec9,5.3456
36,29,100,0.298669,0.053455,543,448,88,iogurte,c8fb39c483,15.7953
36,30,100,0.307576,0.056574,549,450,89,iogurte,b5591fe6a4,15.2769
36,31,100,0.295686,0.054383,552,460,91,iogurte,aa5176f259,14.2775
36,32,100,0.302796,0.054772,546,448,87,iogurte,3a77c52155,16.7188
36,33,100,0.305552,0.054752,545,447,86,iogurte,0e71df16f2,9.7022
36,34,100,0.303848,0.055668,548,455,90,iogurte,49519db26e,11.9224
36,35,100,0.302583,0.054887,548,451,89,carne de ave,5eb1e59867,4.5834
36,36,100,0.301757,0.054763,544,446,87,iogurte,da967ed31c,1.8133
36,37,100,0.302010,0.055244,542,443,88,iogurte,b14d1b60a7,3.6670
36,38,100,0.302676,0.055292,548,451,88,iogurte,d18925b53f,5.8022
36,39,100,0.301891,0.055030,547,448,87,iogurte,a674d25fb7,10.5468
36,40,100,0.304087,0.055686,549,455,90,iogurte,7acc961ab3,11.1998
36,41,100,0.305365,0.055874,544,445,88,iogurte,1886f65e84,7.8021
36,42,100,0.304527,0.054569,548,450,88,linguica,6f8ec81ce5,4.9610
36,43,100,0.302010,0.055244,542,443,88,iogurte,b14d1b60a7,3.6670
36,44,100,0.302010,0.055244,542,443,88,iogurte,b14d1b60a7,3.6670
36,45,100,0.302676,0.055292,548,451,88,iogurte,d18925b53f,5.8022
36,46,100,0.300413,0.054897,541,444,88,iogurte,b5375ee2dc,4.2037
36,47,100,0.303222,0.054936,545,445,86,iogurte,7eb5a43010,4.0263
36,48,100,0.301531,0.055203,541,444,89,iogurte,a8eca8be23,3.7651
36,49,100,0.302676,0.055292,548,451,88,iogurte,d18925b53f,5.8022
37,0,100,0.310465,0.056707,542,443,88,lava roupas,2ff1830f85,5.0829
37,1,100,0.307576,0.056574,549,450,89,iogurte,b5591fe6a4,15.2769
37,2,100,0.305885,0.056148,546,452,90,iogurte,dca4754bcf,5.7303
37,3,100,0.305885,0.056148,546,452,90,iogurte,dca4754bcf,5.7303
37,4,100,0.309453,0.055890,555,456,89,iogurte,1bd88c7f3d,12.2313
37,5,100,0.303235,0.054384,549,449,87,iogurte,1118421e41,7.9864
37,6,100,0.305259,0.055378,543,444,88,iogurte,8677a1625a,6.8211
37,7,100,0.302610,0.055525,544,443,87,iogurte,b04ecb3d05,9.7432
37,8,100,0.306284,0.055555,542,442,87,lava roupas,79b18ecec9,5.3456
37,9,100,0.302490,0.054843,546,449,88,iogurte,92342c4b73,11.8467
37,10,100,0.304087,0.055686,549,455,90,iogurte,7acc961ab3,11.1998
37,11,100,0.309759,0.055121,556,456,88,iogurte,8a1eecebd8,4.8019
37,12,100,0.304194,0.055862,549,453,89,iogurte,36d1f80128,3.6588
37,13,100,0.301145,0.054624,548,446,87,iogurte,d299995f10,4.5582
37,14,100,0.303289,0.054997,544,446,88,carne de ave,4a7bf8c1ae,5.3282
37,15,100,0.300759,0.055101,547,453,89,iogurte,65bbdc85c8,9.8373
37,16,100,0.303968,0.055070,548,451,88,carne de ave,8f275370aa,6.6385
37,17,100,0.310465,0.056707,542,443,88,lava roupas,2ff1830f85,5.0829
37,18,100,0.310465,0.056707,542,443,88,lava roupas,2ff1830f85,5.0829
37,19,100,0.301465,0.054693,545,451,89,iogurte,a0ba0d9887,4.1287
37,20,100,0.301970,0.055656,549,448,88,iogurte,846e672afd,4.5598
37,21,100,0.303768,0.055911,547,453,90,iogurte,d6973771e1,4.4135
37,22,100,0.306963,0.056062,545,447,88,iogurte,c67da5c378,3.9255
37,23,100,0.303848,0.055668,548,455,90,iogurte,49519db26e,11.9224
37,24,100,0.305299,0.055686,552,452,88,iogurte,2f1db567f4,8.0490
37,25,100,0.303302,0.055431,548,452,89,iogurte,e4c060a4e8,6.8072
37,26,100,0.300213,0.055279,549,456,91,carne de ave,75c3aeef7d,18.9663
37,27,100,0.310465,0.056707,542,443,88,lava roupas,2ff1830f85,5.0829
37,28,100,0.310465,0.056707,542,443,88,lava roupas,2ff1830f85,5.0829
37,29,100,0.298163,0.054678,546,452,90,iogurte,9f219a1bac,4.2991
37,30,100,0.305179,0.056304,550,453,90,iogurte,6d02c3c1b0,3.9127
37,31,100,0.305885,0.056148,546,452,90,iogurte,dca4754bcf,5.7303
37,32,100,0.303608,0.055120,550,451,87,iogurte,7a1f6d95ef,7.0520
37,33,100,0.302676,0.055292,548,451,88,iogurte,d18925b53f,5.8022
37,34,100,0.305885,0.056148,546,452,90,iogurte,dca4754bcf,5.7303
37,35,100,0.300759,0.054899,545,449,88,iogurte,523ea827a6,3.5989
37,36,100,0.301891,0.054555,550,451,87,lava roupas,178bdf4ecb,3.9170
37,37,100,0.309413,0.055221,547,451,88,iogurte,e3f0afddd0,6.0478
37,38,100,0.303408,0.055193,550,450,88,iogurte,8eeeae8f83,5.8535
37,39,100,0.306391,0.056050,543,443,87,iogurte,780c4c0bc6,4.6153
37,40,100,0.310851,0.056560,541,442,88,lava roupas,4449ef4c89,7.3961
37,41,100,0.306284,0.055555,542,442,87,iogurte,79b18ecec9,5.3456
37,42,100,0.302010,0.055244,542,443,88,iogurte,b14d1b60a7,3.6670
37,43,100,0.307655,0.055296,551,450,87,lava roupas,93d436a357,8.8570
37,44,100,0.301278,0.054939,543,447,89,iogurte,f366785969,5.1068
37,45,100,0.307576,0.056574,549,450,89,iogurte,b5591fe6a4,15.2769
37,46,100,0.307576,0.056574,549,450,89,iogurte,b5591fe6a4,15.2769
37,47,100,0.306963,0.055519,541,441,86,iogurte,e89c6c4721,8.0330
37,48,100,0.300879,0.054750,541,445,88,iogurte,8d927eab98,13.3557
37,49,100,0.299680,0.055097,549,455,90,iogurte,25cbfdc615,6.2541
38,0,100,0.310465,0.056707,542,443,88,lava roupas,2ff1830f85,5.0829
38,1,100,0.310465,0.056707,542,443,88,lava roupas,2ff1830f85,5.0829
38,2,100,0.310465,0.056707,542,443,88,lava roupas,2ff1830f85,5.0829
38,3,100,0.310465,0.056707,542,443,88,lava roupas,2ff1830f85,5.0829
38,4,100,0.310465,0.056707,542,443,88,lava roupas,2ff1830f85,5.0829
38,5,100,0.306164,0.056801,554,456,90,iogurte,a594624b10,4.9811
38,6,100,0.307269,0.055538,545,450,88,iogurte,3b731b83ff,6.4858
38,7,100,0.306391,0.056050,543,443,87,iogurte,780c4c0bc6,4.6153
38,8,100,0.307576,0.056574,549,450,89,iogurte,b5591fe6a4,15.2769
38,9,100,0.310465,0.056707,542,443,88,lava roupas,2ff1830f85,5.0829
38,10,100,0.305885,0.056148,546,452,90,iogurte,dca4754bcf,5.7303
38,11,100,0.307203,0.056080,546,447,88,iogurte,7f160b68b7,5.4145
38,12,100,0.307056,0.056251,544,451,90,lava roupas,9a9a14b8eb,4.5052
38,13,100,0.306963,0.055519,541,441,86,iogurte,e89c6c4721,8.0330
38,14,100,0.307576,0.056574,549,450,89,iogurte,b5591fe6a4,15.2769
38,15,100,0.305925,0.055497,541,442,87,iogurte,36d074e628,3.9095
38,16,100,0.301611,0.055749,542,442,88,linguica,7b9090ff13,5.1648
38,17,100,0.305326,0.055508,540,447,89,lava roupas,2b641460a4,4.2638
38,18,100,0.305592,0.055673,546,446,88,iogurte,8b1ba0d7a8,4.0764
38,19,100,0.305831,0.055468,546,451,89,iogurte,df1380c384,3.8010
38,20,100,0.303848,0.055668,548,455,90,iogurte,49519db26e,11.9224
38,21,100,0.309226,0.056150,547,450,88,lava roupas,9e527c1480,4.1782
38,22,100,0.303834,0.055794,545,449,89,iogurte,66bf3f29f7,3.5769
38,23,100,0.309266,0.054594,548,450,87,iogurte,7c47029744,3.8052
38,24,100,0.305885,0.056148,546,452,90,iogurte,dca4754bcf,5.7303
38,25,100,0.307203,0.056080,546,447,88,iogurte,7f160b68b7,5.4145
38,26,100,0.302982,0.056017,547,446,88,iogurte,366e9851a5,7.3351
38,27,100,0.301305,0.054905,541,449,89,linguica,e7dc7b17d8,5.3586
38,28,100,0.296938,0.055919,549,449,89,iogurte,1707f5dc56,4.7222
38,29,100,0.306018,0.055897,548,448,88,iogurte,cf8082cb43,11.6260
38,30,100,0.307562,0.056567,555,455,89,iogurte,2f49f65110,4.2589
38,31,100,0.310465,0.056707,542,443,88,lava roupas,2ff1830f85,5.0829
38,32,100,0.301970,0.055656,549,448,88,iogurte,846e672afd,4.5598
38,33,100,0.307576,0.056574,549,450,89,iogurte,b5591fe6a4,15.2769
38,34,100,0.304087,0.055686,549,455,90,iogurte,7acc961ab3,11.1998
38,35,100,0.307655,0.055296,551,450,87,lava roupas,93d436a357,8.8570
38,36,100,0.304087,0.055686,549,455,90,iogurte,7acc961ab3,11.1998
38,37,100,0.307576,0.056574,549,450,89,iogurte,b5591fe6a4,15.2769
38,38,100,0.310305,0.056013,547,450,88,lava roupas,2f57f644e2,5.0622
38,39,100,0.305885,0.056148,546,452,90,iogurte,dca4754bcf,5.7303
38,40,100,0.307682,0.055974,540,442,87,lava roupas,7a23894a47,4.3728
38,41,100,0.307576,0.056574,549,450,89,iogurte,b5591fe6a4,15.2769
38,42,100,0.310465,0.056707,542,443,88,lava roupas,2ff1830f85,5.0829
38,43,100,0.308321,0.055450,549,447,87,lava roupas,5d967c4c6b,4.3421
38,44,100,0.306657,0.056048,545,445,88,iogurte,a98deba90b,4.7203
38,45,100,0.310465,0.056707,542,443,88,lava roupas,2ff1830f85,5.0829
38,46,100,0.310465,0.056707,542,443,88,lava roupas,2ff1830f85,5.0829
38,47,100,0.305179,0.056304,550,453,90,iogurte,6d02c3c1b0,3.9127
38,48,100,0.309759,0.055121,556,456,88,iogurte,8a1eecebd8,4.8019
38,49,100,0.310465,0.056707,542,443,88,lava roupas,2ff1830f85,5.0829
39,0,100,0.306164,0.056801,554,456,90,iogurte,a594624b10,4.9811
39,1,100,0.310465,0.056707,542,443,88,lava roupas,2ff1830f85,5.0829
39,2,100,0.310465,0.056707,542,443,88,lava roupas,2ff1830f85,5.0829
39,3,100,0.310465,0.056707,542,443,88,lava roupas,2ff1830f85,5.0829
39,4,100,0.310465,0.056707,542,443,88,lava roupas,2ff1830f85,5.0829
39,5,100,0.304087,0.055686,549,455,90,iogurte,7acc961ab3,11.1998
39,6,100,0.310465,0.056707,542,443,88,lava roupas,2ff1830f85,5.0829
39,7,100,0.310611,0.057756,545,444,89,lava roupas,3764c39c2a,4.7747
39,8,100,0.305432,0.056092,547,448,89,iogurte,95667185ab,3.8386
39,9,100,0.310465,0.056707,542,443,88,lava roupas,2ff1830f85,5.0829
39,10,100,0.310465,0.056707,542,443,88,lava roupas,2ff1830f85,5.0829
39,11,100,0.310465,0.056707,542,443,88,lava roupas,2ff1830f85,5.0829
39,12,100,0.310465,0.056707,542,443,88,lava roupas,2ff1830f85,5.0829
39,13,100,0.307203,0.056080,546,447,88,iogurte,7f160b68b7,5.4145
39,14,100,0.310465,0.056707,542,443,88,lava roupas,2ff1830f85,5.0829
39,15,100,0.302543,0.055268,546,452,90,iogurte,83acca417a,4.2082
39,16,100,0.307895,0.056766,550,449,89,iogurte,4bc27ac75d,4.0969
39,17,100,0.303808,0.055070,549,449,89,iogurte,c58040de34,6.8620
39,18,100,0.300479,0.055142,551,453,88,iogurte,09f9a06271,16.4116
39,19,100,0.307203,0.056080,546,447,88,iogurte,7f160b68b7,5.4145
39,20,100,0.310904,0.057200,545,446,89,lava roupas,165664f361,8.3687
39,21,100,0.306431,0.055655,546,448,88,iogurte,0c03eea2ed,6.8013
39,22,100,0.304713,0.055360,547,448,88,iogurte,dd9427f845,6.2957
39,23,100,0.309692,0.056507,539,441,88,lava roupas,8ae0e76e53,6.0140
39,24,100,0.309826,0.055633,541,445,87,lava roupas,26fbd9ad4d,5.9121
39,25,100,0.310465,0.056707,542,443,88,lava roupas,2ff1830f85,5.0829
39,26,100,0.310465,0.056707,542,443,88,lava roupas,2ff1830f85,5.0829
39,27,100,0.307056,0.056251,544,451,90,lava roupas,9a9a14b8eb,4.5052
39,28,100,0.307576,0.056574,549,450,89,iogurte,b5591fe6a4,15.2769
39,29,100,0.303848,0.055668,548,455,90,iogurte,49519db26e,11.9224
39,30,100,0.310465,0.056707,542,443,88,lava roupas,2ff1830f85,5.0829
39,31,100,0.310465,0.056707,542,443,88,lava roupas,2ff1830f85,5.0829
39,32,100,0.309786,0.056025,542,441,87,lava roupas,bfc48891ea,4.5974
39,33,100,0.305805,0.056733,550,452,90,iogurte,e302f5fc15,4.1773
39,34,100,0.310425,0.056305,545,447,88,lava roupas,025ae6dbed,8.5619
39,35,100,0.304127,0.056159,550,452,90,iogurte,7183febece,6.1260
39,36,100,0.307163,0.056284,544,445,88,lava roupas,7fb2a5cd9c,5.3446
39,37,100,0.306657,0.056048,545,445,88,iogurte,a98deba90b,4.7203
39,38,100,0.308215,0.056504,544,443,89,lava roupas,9a4bad7e67,4.3630
39,39,100,0.306204,0.056329,546,450,89,iogurte,0737626020,3.8455
39,40,100,0.310465,0.056707,542,443,88,lava roupas,2ff1830f85,5.0829
39,41,100,0.310465,0.056707,542,443,88,lava roupas,2ff1830f85,5.0829
39,42,100,0.310465,0.056707,542,443,88,lava roupas,2ff1830f85,5.0829
39,43,100,0.306018,0.055897,548,448,88,iogurte,cf8082cb43,11.6260
39,44,100,0.307576,0.056574,549,450,89,iogurte,b5591fe6a4,15.2769
39,45,100,0.310465,0.056707,542,443,88,lava roupas,2ff1830f85,5.0829
39,46,100,0.311104,0.056652,543,446,88,lava roupas,f830ca87bd,4.6750
39,47,100,0.306670,0.056193,545,449,89,linguica,d2e6a84aa5,3.9423
39,48,100,0.307203,0.056080,546,447,88,iogurte,7f160b68b7,5.4145
39,49,100,0.310465,0.056707,542,443,88,lava roupas,2ff1830f85,5.0829
40,0,100,0.310611,0.057756,545,444,89,lava roupas,3764c39c2a,4.7747
40,1,100,0.310904,0.057200,545,446,89,lava roupas,165664f361,8.3687
40,2,100,0.306164,0.056801,554,456,90,iogurte,a594624b10,4.9811
40,3,100,0.307895,0.056766,550,449,89,iogurte,4bc27ac75d,4.0969
40,4,100,0.305805,0.056733,550,452,90,iogurte,e302f5fc15,4.1773
40,5,100,0.308175,0.056428,544,443,88,iogurte,0398a36000,5.7491
40,6,100,0.296006,0.055843,542,442,88,linguica,50fcb1e63b,10.6031
40,7,100,0.310611,0.056872,545,446,88,lava roupas,fafdd09a6c,3.6947
40,8,100,0.306164,0.056801,554,456,90,iogurte,a594624b10,4.9811
40,9,100,0.310465,0.056707,542,443,88,lava roupas,2ff1830f85,5.0829
40,10,100,0.310465,0.056707,542,443,88,lava roupas,2ff1830f85,5.0829
40,11,100,0.307829,0.056712,549,448,89,iogurte,b5ffa7af35,10.3742
40,12,100,0.310904,0.057200,545,446,89,lava roupas,165664f361,8.3687
40,13,100,0.308108,0.056030,547,447,88,iogurte,9310bdb127,7.6434
40,14,100,0.300945,0.056124,549,449,88,linguica,746e94ca4b,5.4869
40,15,100,0.310465,0.056707,542,443,88,lava roupas,2ff1830f85,5.0829
40,16,100,0.310465,0.056707,542,443,88,lava roupas,2ff1830f85,5.0829
40,17,100,0.311104,0.056652,543,446,88,lava roupas,f830ca87bd,4.6750
40,18,100,0.310465,0.056707,542,443,88,lava roupas,2ff1830f85,5.0829
40,19,100,0.310465,0.056707,542,443,88,lava roupas,2ff1830f85,5.0829
40,20,100,0.310465,0.056707,542,443,88,lava roupas,2ff1830f85,5.0829
40,21,100,0.304833,0.056302,543,443,88,lava roupas,86797ea33a,4.0562
40,22,100,0.306431,0.055655,546,448,88,iogurte,0c03eea2ed,6.8013
40,23,100,0.310465,0.056707,542,443,88,lava roupas,2ff1830f85,5.0829
40,24,100,0.310465,0.056707,542,443,88,lava roupas,2ff1830f85,5.0829
40,25,100,0.310731,0.057366,546,445,88,lava roupas,3d992bc725,3.9367
40,26,100,0.310465,0.056707,542,443,88,lava roupas,2ff1830f85,5.0829
40,27,100,0.304846,0.055952,547,449,89,iogurte,fd61ffeccf,4.0445
40,28,100,0.310465,0.056707,542,443,88,lava roupas,2ff1830f85,5.0829
40,29,100,0.306297,0.056392,549,452,89,iogurte,a41b1c9f42,4.9942
40,30,100,0.304513,0.056073,540,444,89,lava roupas,99d6e860fa,12.0235
40,31,100,0.310904,0.057200,545,446,89,lava roupas,165664f361,8.3687
40,32,100,0.310904,0.057200,545,446,89,lava roupas,165664f361,8.3687
40,33,100,0.302396,0.055281,547,449,88,iogurte,3e4353b996,14.5447
40,34,100,0.302823,0.055056,555,458,88,iogurte,8b65af34f0,7.4524
40,35,100,0.310465,0.056707,542,443,88,lava roupas,2ff1830f85,5.0829
40,36,100,0.310465,0.056707,542,443,88,lava roupas,2ff1830f85,5.0829
40,37,100,0.307163,0.056284,544,445,88,lava roupas,7fb2a5cd9c,5.3446
40,38,100,0.310465,0.056707,542,443,88,lava roupas,2ff1830f85,5.0829
40,39,100,0.310465,0.056707,542,443,88,lava roupas,2ff1830f85,5.0829
40,40,100,0.311104,0.056652,543,446,88,lava roupas,f830ca87bd,4.6750
40,41,100,0.311064,0.056863,544,446,88,lava roupas,84a6caa43b,5.2433
40,42,100,0.307576,0.056574,549,450,89,iogurte,b5591fe6a4,15.2769
40,43,100,0.307203,0.056080,546,447,88,iogurte,7f160b68b7,5.4145
40,44,100,0.310118,0.056260,546,447,88,linguica,6653c2a23d,4.0025
40,45,100,0.304580,0.056577,552,451,89,iogurte,fd6ccaa566,4.6165
40,46,100,0.306164,0.056801,554,456,90,iogurte,a594624b10,4.9811
40,47,100,0.308175,0.056428,544,443,88,iogurte,0398a36000,5.7491
40,48,100,0.310478,0.056723,551,452,88,linguica,1549c96a5b,4.0987
40,49,100,0.308175,0.056428,544,443,88,iogurte,0398a36000,5.7491
41,0,100,0.310611,0.057756,545,444,89,lava roupas,3764c39c2a,4.7747
41,1,100,0.310731,0.057366,546,445,88,lava roupas,3d992bc725,3.9367
41,2,100,0.310904,0.057200,545,446,89,lava roupas,165664f361,8.3687
41,3,100,0.310904,0.057200,545,446,89,lava roupas,165664f361,8.3687
41,4,100,0.310904,0.057200,545,446,89,lava roupas,165664f361,8.3687
41,5,100,0.311064,0.056863,544,446,88,lava roupas,84a6caa43b,5.2433
41,6,100,0.310465,0.056707,542,443,88,lava roupas,2ff1830f85,5.0829
41,7,100,0.307895,0.056766,550,449,89,iogurte,4bc27ac75d,4.0969
41,8,100,0.310718,0.056587,545,447,88,linguica,a0c0173597,4.2575
41,9,100,0.310731,0.057366,546,445,88,lava roupas,3d992bc725,3.9367
41,10,100,0.310465,0.056707,542,443,88,lava roupas,2ff1830f85,5.0829
41,11,100,0.310904,0.057200,545,446,89,lava roupas,165664f361,8.3687
41,12,100,0.304580,0.056577,552,451,89,iogurte,fd6ccaa566,4.6165
41,13,100,0.310465,0.056707,542,443,88,lava roupas,2ff1830f85,5.0829
41,14,100,0.311064,0.057368,548,449,89,lava roupas,ece071754d,3.6275
41,15,100,0.307895,0.056766,550,449,89,iogurte,4bc27ac75d,4.0969
41,16,100,0.306111,0.056753,553,455,90,iogurte,6ffff144d8,7.4726
41,17,100,0.306510,0.055757,543,443,87,lava roupas,18e9442aa0,4.3702
41,18,100,0.308361,0.056567,547,446,88,lava roupas,da597028a0,4.0093
41,19,100,0.307895,0.056766,550,449,89,iogurte,4bc27ac75d,4.0969
41,20,100,0.310904,0.057200,545,446,89,lava roupas,165664f361,8.3687
41,21,100,0.307562,0.055624,545,446,87,lava roupas,c5ad320de7,5.2620
41,22,100,0.304127,0.056159,550,452,90,iogurte,7183febece,6.1260
41,23,100,0.311130,0.058026,544,444,90,lava roupas,eba92e86fd,13.1593
41,24,100,0.310731,0.057366,546,445,88,lava roupas,3d992bc725,3.9367
41,25,100,0.306830,0.055644,543,443,88,iogurte,85c0e37f80,9.4274
41,26,100,0.305938,0.055398,544,443,87,lava roupas,9f75d7f0b5,4.7968
41,27,100,0.310465,0.056707,542,443,88,lava roupas,2ff1830f85,5.0829
41,28,100,0.308321,0.056887,557,459,90,lava roupas,3e95f553b5,4.6342
41,29,100,0.310465,0.056707,542,443,88,lava roupas,2ff1830f85,5.0829
41,30,100,0.310465,0.056707,542,443,88,lava roupas,2ff1830f85,5.0829
41,31,100,0.310904,0.057200,545,446,89,lava roupas,165664f361,8.3687
41,32,100,0.307549,0.057204,540,444,90,carne de ave,bef79fdd6a,3.6690
41,33,100,0.310345,0.057488,543,442,89,lava roupas,dc29b97370,6.8027
41,34,100,0.310465,0.056707,542,443,88,lava roupas,2ff1830f85,5.0829
41,35,100,0.310465,0.056707,542,443,88,lava roupas,2ff1830f85,5.0829
41,36,100,0.310904,0.057200,545,446,89,lava roupas,165664f361,8.3687
41,37,100,0.304686,0.056158,551,452,89,iogurte,68af1c0b77,3.7160
41,38,100,0.309999,0.056814,544,447,89,lava roupas,614653ad51,3.8486
41,39,100,0.311064,0.056863,544,446,88,lava roupas,84a6caa43b,5.2433
41,40,100,0.310465,0.056707,542,443,88,lava roupas,2ff1830f85,5.0829
41,41,100,0.310731,0.057366,546,445,88,lava roupas,3d992bc725,3.9367
41,42,100,0.310478,0.056723,551,452,88,linguica,1549c96a5b,4.0987
41,43,100,0.310824,0.057422,549,449,89,lava roupas,13b8d8a9e0,3.6626
41,44,100,0.310691,0.057534,541,441,89,lava roupas,5974f28ec4,4.4861
41,45,100,0.310172,0.056087,542,440,87,lava roupas,f4478d67ec,5.2237
41,46,100,0.307895,0.056766,550,449,89,iogurte,4bc27ac75d,4.0969
41,47,100,0.310611,0.056872,545,446,88,lava roupas,fafdd09a6c,3.6947
41,48,100,0.311104,0.056652,543,446,88,lava roupas,f830ca87bd,4.6750
41,49,100,0.310465,0.056707,542,443,88,lava roupas,2ff1830f85,5.0829
42,0,100,0.311130,0.058026,544,444,90,lava roupas,eba92e86fd,13.1593
42,1,100,0.310611,0.057756,545,444,89,lava roupas,3764c39c2a,4.7747
42,2,100,0.310691,0.057534,541,441,89,lava roupas,5974f28ec4,4.4861
42,3,100,0.310345,0.057488,543,442,89,lava roupas,dc29b97370,6.8027
42,4,100,0.310824,0.057422,549,449,89,lava roupas,13b8d8a9e0,3.6626
42,5,100,0.311130,0.058026,544,444,90,lava roupas,eba92e86fd,13.1593
42,6,100,0.310731,0.057366,546,445,88,lava roupas,3d992bc725,3.9367
42,7,100,0.310465,0.056707,542,443,88,lava roupas,2ff1830f85,5.0829
42,8,100,0.310465,0.056707,542,443,88,lava roupas,2ff1830f85,5.0829
42,9,100,0.310731,0.057366,546,445,88,lava roupas,3d992bc725,3.9367
42,10,100,0.310731,0.057366,546,445,88,lava roupas,3d992bc725,3.9367
42,11,100,0.310172,0.057317,543,445,89,lava roupas,e665daadcc,5.1426
42,12,100,0.310678,0.056218,543,447,88,lava roupas,942585677d,6.2087
42,13,100,0.310731,0.057366,546,445,88,lava roupas,3d992bc725,3.9367
42,14,100,0.310904,0.057200,545,446,89,lava roupas,165664f361,8.3687
42,15,100,0.311064,0.057664,548,445,88,lava roupas,a345c2fd1e,15.3059
42,16,100,0.310731,0.057366,546,445,88,lava roupas,3d992bc725,3.9367
42,17,100,0.310824,0.057422,549,449,89,lava roupas,13b8d8a9e0,3.6626
42,18,100,0.310904,0.057200,545,446,89,lava roupas,165664f361,8.3687
42,19,100,0.311516,0.057534,543,447,89,lava roupas,519aa8a5e1,4.9200
42,20,100,0.307602,0.056800,555,455,90,iogurte,3f759bef5f,4.0552
42,21,100,0.300093,0.057295,546,444,90,lava roupas,a40d49dacb,11.0487
42,22,100,0.310904,0.057200,545,446,89,lava roupas,165664f361,8.3687
42,23,100,0.310385,0.056929,546,446,88,lava roupas,3ca164945a,21.2336
42,24,100,0.311050,0.058248,548,447,90,lava roupas,ccb44fc364,24.6807
42,25,100,0.311357,0.057969,547,445,89,lava roupas,c0ff346e91,8.7906
42,26,100,0.310145,0.057119,546,449,89,lava roupas,d2a0d7ae46,5.3723
42,27,100,0.310465,0.056707,542,443,88,lava roupas,2ff1830f85,5.0829
42,28,100,0.310611,0.057756,545,444,89,lava roupas,3764c39c2a,4.7747
42,29,100,0.307895,0.056766,550,449,89,iogurte,4bc27ac75d,4.0969
42,30,100,0.305379,0.056398,549,448,89,iogurte,5a70156688,5.8595
42,31,100,0.310904,0.057200,545,446,89,lava roupas,165664f361,8.3687
42,32,100,0.310731,0.057366,546,445,88,lava roupas,3d992bc725,3.9367
42,33,100,0.310904,0.057200,545,446,89,lava roupas,165664f361,8.3687
42,34,100,0.310904,0.057200,545,446,89,lava roupas,165664f361,8.3687
42,35,100,0.311064,0.056863,544,446,88,lava roupas,84a6caa43b,5.2433
42,36,100,0.306271,0.056303,542,442,89,lava roupas,cc36a3c677,4.8878
42,37,100,0.310904,0.057200,545,446,89,lava roupas,165664f361,8.3687
42,38,100,0.310904,0.057200,545,446,89,lava roupas,165664f361,8.3687
42,39,100,0.310904,0.057200,545,446,89,lava roupas,165664f361,8.3687
42,40,100,0.310731,0.057366,546,445,88,lava roupas,3d992bc725,3.9367
42,41,100,0.310904,0.057200,545,446,89,lava roupas,165664f361,8.3687
42,42,100,0.307549,0.057204,540,444,90,carne de ave,bef79fdd6a,3.6690
42,43,100,0.310465,0.057590,547,448,89,lava roupas,0923874060,4.3577
42,44,100,0.310691,0.057534,541,441,89,lava roupas,5974f28ec4,4.4861
42,45,100,0.307416,0.055802,543,443,87,linguica,d5feca6f34,4.6862
42,46,100,0.310332,0.056657,546,447,88,iogurte,3eb14689d9,3.7467
42,47,100,0.310345,0.056441,547,449,88,lava roupas,f2e23ae0d7,4.2647
42,48,100,0.309639,0.057864,546,446,89,lava roupas,83b501c7b5,3.8756
42,49,100,0.311623,0.056677,552,455,89,lava roupas,13c9afe0f7,3.9907
43,0,100,0.311050,0.058248,548,447,90,lava roupas,ccb44fc364,24.6807
43,1,100,0.311130,0.058026,544,444,90,lava roupas,eba92e86fd,13.1593
43,2,100,0.311130,0.058026,544,444,90,lava roupas,eba92e86fd,13.1593
43,3,100,0.311357,0.057969,547,445,89,lava roupas,c0ff346e91,8.7906
43,4,100,0.309639,0.057864,546,446,89,lava roupas,83b501c7b5,3.8756
43,5,100,0.311130,0.058026,544,444,90,lava roupas,eba92e86fd,13.1593
43,6,100,0.310611,0.057756,545,444,89,lava roupas,3764c39c2a,4.7747
43,7,100,0.312395,0.058417,547,445,89,lava roupas,dc75bab6e2,4.8708
43,8,100,0.308561,0.057467,544,446,90,lava roupas,c70dd2305a,4.1255
43,9,100,0.310971,0.057163,544,445,88,lava roupas,6ed3c626c6,4.7819
43,10,100,0.312821,0.058622,546,447,90,lava roupas,e2c3a7509f,4.2594
43,11,100,0.310731,0.057366,546,445,88,lava roupas,3d992bc725,3.9367
43,12,100,0.310731,0.057366,546,445,88,lava roupas,3d992bc725,3.9367
43,13,100,0.293876,0.056699,547,447,90,lava roupas,6b55f3adb4,3.9596
43,14,100,0.309306,0.056971,544,444,87,lava roupas,9ac2f47089,4.3794
43,15,100,0.311357,0.057969,547,445,89,lava roupas,c0ff346e91,8.7906
43,16,100,0.310691,0.057534,541,441,89,lava roupas,5974f28ec4,4.4861
43,17,100,0.309493,0.056862,545,444,88,lava roupas,a42ae8d02c,4.5560
43,18,100,0.308694,0.056907,543,443,88,lava roupas,51cfb9ff73,5.6810
43,19,100,0.310638,0.057225,544,446,89,lava roupas,1314702d4f,3.6140
43,20,100,0.310731,0.057366,546,445,88,lava roupas,3d992bc725,3.9367
43,21,100,0.310345,0.057488,543,442,89,lava roupas,dc29b97370,6.8027
43,22,100,0.306923,0.056574,542,444,88,lava roupas,5c76d1080d,3.6411
43,23,100,0.310611,0.057756,545,444,89,lava roupas,3764c39c2a,4.7747
43,24,100,0.310611,0.057756,545,444,89,lava roupas,3764c39c2a,4.7747
43,25,100,0.310611,0.057756,545,444,89,lava roupas,3764c39c2a,4.7747
43,26,100,0.311130,0.058026,544,444,90,lava roupas,eba92e86fd,13.1593
43,27,100,0.308641,0.056485,547,447,88,lava roupas,44bb5c2093,4.6485
43,28,100,0.311117,0.057428,546,447,89,lava roupas,4eaf0dc7fa,3.8885
43,29,100,0.301558,0.056668,548,449,89,lava roupas,a8ad8068a7,3.7871
43,30,100,0.311357,0.057969,547,445,89,lava roupas,c0ff346e91,8.7906
43,31,100,0.310731,0.057366,546,445,88,lava roupas,3d992bc725,3.9367
43,32,100,0.310345,0.057488,543,442,89,lava roupas,dc29b97370,6.8027
43,33,100,0.310664,0.057037,545,445,88,lava roupas,ebda5d4367,6.3909
43,34,100,0.307789,0.058035,539,442,91,acucar,74fe44ae1e,4.0069
43,35,100,0.303355,0.056839,546,446,88,lava roupas,8c7e652103,3.8291
43,36,100,0.310039,0.057709,544,445,90,lava roupas,3a1b2544f4,3.7447
43,37,100,0.307895,0.057535,547,446,90,lava roupas,57bf4a99c0,3.8481
43,38,100,0.310118,0.056661,544,444,88,lava roupas,43913e7220,3.8994
43,39,100,0.310691,0.057534,541,441,89,lava roupas,5974f28ec4,4.4861
43,40,100,0.310611,0.057756,545,444,89,lava roupas,3764c39c2a,4.7747
43,41,100,0.311130,0.058026,544,444,90,lava roupas,eba92e86fd,13.1593
43,42,100,0.310904,0.057200,545,446,89,lava roupas,165664f361,8.3687
43,43,100,0.310425,0.057647,547,447,89,lava roupas,d1ff3a1f3c,3.4843
43,44,100,0.309280,0.056673,542,443,88,lava roupas,ca405fe9e2,4.3225
43,45,100,0.311050,0.058248,548,447,90,lava roupas,ccb44fc364,24.6807
43,46,100,0.310691,0.057534,541,441,89,lava roupas,5974f28ec4,4.4861
43,47,100,0.308614,0.056721,542,441,88,lava roupas,1499b878fb,5.5425
43,48,100,0.310731,0.057366,546,445,88,lava roupas,3d992bc725,3.9367
43,49,100,0.311290,0.057574,548,445,88,lava roupas,b9799f42dd,3.9839
44,0,100,0.312821,0.058622,546,447,90,lava roupas,e2c3a7509f,4.2594
44,1,100,0.312395,0.058417,547,445,89,lava roupas,dc75bab6e2,4.8708
44,2,100,0.311050,0.058248,548,447,90,lava roupas,ccb44fc364,24.6807
44,3,100,0.311050,0.058248,548,447,90,lava roupas,ccb44fc364,24.6807
44,4,100,0.307789,0.058035,539,442,91,acucar,74fe44ae1e,4.0069
44,5,100,0.310611,0.057756,545,444,89,lava roupas,3764c39c2a,4.7747
44,6,100,0.311357,0.057969,547,445,89,lava roupas,c0ff346e91,8.7906
44,7,100,0.306910,0.057398,540,441,90,acucar,95ac7b7dd2,4.9215
44,8,100,0.311357,0.058235,541,443,91,lava roupas,450fcc7b97,4.1201
44,9,100,0.307336,0.057543,536,439,90,acucar,f2656b3260,3.7490
44,10,100,0.311357,0.057969,547,445,89,lava roupas,c0ff346e91,8.7906
44,11,100,0.311130,0.058026,544,444,90,lava roupas,eba92e86fd,13.1593
44,12,100,0.310371,0.057244,543,442,89,lava roupas,58d231f237,3.9617
44,13,100,0.308374,0.057398,545,444,89,lava roupas,536a05c27f,3.5989
44,14,100,0.311450,0.057751,543,442,89,lava roupas,eb47a63bce,3.8146
44,15,100,0.307789,0.058035,539,442,91,acucar,74fe44ae1e,4.0069
44,16,100,0.310039,0.057709,544,445,90,lava roupas,3a1b2544f4,3.7447
44,17,100,0.310691,0.057534,541,441,89,lava roupas,5974f28ec4,4.4861
44,18,100,0.311050,0.058248,548,447,90,lava roupas,ccb44fc364,24.6807
44,19,100,0.310611,0.057756,545,444,89,lava roupas,3764c39c2a,4.7747
44,20,100,0.311130,0.058026,544,444,90,lava roupas,eba92e86fd,13.1593
44,21,100,0.310345,0.057488,543,442,89,lava roupas,dc29b97370,6.8027
44,22,100,0.311130,0.058026,544,444,90,lava roupas,eba92e86fd,13.1593
44,23,100,0.310039,0.057709,544,445,90,lava roupas,3a1b2544f4,3.7447
44,24,100,0.309479,0.057068,542,441,89,lava roupas,f05707bdae,3.9486
44,25,100,0.311357,0.057969,547,445,89,lava roupas,c0ff346e91,8.7906
44,26,100,0.310611,0.057756,545,444,89,lava roupas,3764c39c2a,4.7747
44,27,100,0.312395,0.058417,547,445,89,lava roupas,dc75bab6e2,4.8708
44,28,100,0.310731,0.057366,546,445,88,lava roupas,3d992bc725,3.9367
44,29,100,0.310611,0.057756,545,444,89,lava roupas,3764c39c2a,4.7747
44,30,100,0.311050,0.058248,548,447,90,lava roupas,ccb44fc364,24.6807
44,31,100,0.310611,0.057756,545,444,89,lava roupas,3764c39c2a,4.7747
44,32,100,0.311357,0.057969,547,445,89,lava roupas,c0ff346e91,8.7906
44,33,100,0.311357,0.057969,547,445,89,lava roupas,c0ff346e91,8.7906
44,34,100,0.310691,0.057534,541,441,89,lava roupas,5974f28ec4,4.4861
44,35,100,0.310904,0.057200,545,446,89,lava roupas,165664f361,8.3687
44,36,100,0.307895,0.057535,547,446,90,lava roupas,57bf4a99c0,3.8481
44,37,100,0.311876,0.058019,547,442,89,lava roupas,188ae8ea8a,4.0322
44,38,100,0.310225,0.058223,546,446,90,lava roupas,9b5766e788,4.0250
44,39,100,0.310731,0.057366,546,445,88,lava roupas,3d992bc725,3.9367
44,40,100,0.311024,0.057310,543,441,89,iogurte,590de27ffe,3.9535
44,41,100,0.311437,0.057846,543,442,90,lava roupas,cb38d83667,3.4586
44,42,100,0.311357,0.057969,547,445,89,lava roupas,c0ff346e91,8.7906
44,43,100,0.311130,0.058026,544,444,90,lava roupas,eba92e86fd,13.1593
44,44,100,0.311130,0.058026,544,444,90,lava roupas,eba92e86fd,13.1593
44,45,100,0.310611,0.057756,545,444,89,lava roupas,3764c39c2a,4.7747
44,46,100,0.311050,0.058248,548,447,90,lava roupas,ccb44fc364,24.6807
44,47,100,0.308734,0.057695,546,447,89,lava roupas,5d24065baa,5.3640
44,48,100,0.311357,0.057969,547,445,89,lava roupas,c0ff346e91,8.7906
44,49,100,0.310611,0.057756,545,444,89,lava roupas,3764c39c2a,4.7747
45,0,100,0.312821,0.058622,546,447,90,lava roupas,e2c3a7509f,4.2594
45,1,100,0.312395,0.058417,547,445,89,lava roupas,dc75bab6e2,4.8708
45,2,100,0.312395,0.058417,547,445,89,lava roupas,dc75bab6e2,4.8708
45,3,100,0.311050,0.058248,548,447,90,lava roupas,ccb44fc364,24.6807
45,4,100,0.311050,0.058248,548,447,90,lava roupas,ccb44fc364,24.6807
45,5,100,0.311357,0.057969,547,445,89,lava roupas,c0ff346e91,8.7906
45,6,100,0.311130,0.058026,544,444,90,lava roupas,eba92e86fd,13.1593
45,7,100,0.311050,0.058248,548,447,90,lava roupas,ccb44fc364,24.6807
45,8,100,0.311130,0.058026,544,444,90,lava roupas,eba92e86fd,13.1593
45,9,100,0.310225,0.058223,546,446,90,lava roupas,9b5766e788,4.0250
45,10,100,0.311050,0.058248,548,447,90,lava roupas,ccb44fc364,24.6807
45,11,100,0.312395,0.058417,547,445,89,lava roupas,dc75bab6e2,4.8708
45,12,100,0.310225,0.058223,546,446,90,lava roupas,9b5766e788,4.0250
45,13,100,0.309812,0.057307,545,445,89,lava roupas,4b59eec714,6.3904
45,14,100,0.311823,0.057622,549,447,90,lava roupas,8ef3dcdb54,4.1287
45,15,100,0.312821,0.058622,546,447,90,lava roupas,e2c3a7509f,4.2594
45,16,100,0.308295,0.057770,547,444,89,lava roupas,e92d308b8b,3.5923
45,17,100,0.312808,0.058887,550,448,90,lava roupas,599a961aaf,4.0291
45,18,100,0.311357,0.057969,547,445,89,lava roupas,c0ff346e91,8.7906
45,19,100,0.311357,0.057969,547,445,89,lava roupas,c0ff346e91,8.7906
45,20,100,0.311050,0.058248,548,447,90,lava roupas,ccb44fc364,24.6807
45,21,100,0.311437,0.057846,543,442,90,lava roupas,cb38d83667,3.4586
45,22,100,0.310425,0.058065,546,445,90,lava roupas,325a70dff3,5.1147
45,23,100,0.311037,0.057594,550,447,89,lava roupas,27e716b9c4,4.5861
45,24,100,0.304021,0.056772,545,447,89,lava roupas,6d6df3afe1,5.7792
45,25,100,0.311050,0.058248,548,447,90,lava roupas,ccb44fc364,24.6807
45,26,100,0.311130,0.058026,544,444,90,lava roupas,eba92e86fd,13.1593
45,27,100,0.307336,0.057543,536,439,90,acucar,f2656b3260,3.7490
45,28,100,0.311050,0.058248,548,447,90,lava roupas,ccb44fc364,24.6807
45,29,100,0.311357,0.058235,541,443,91,lava roupas,450fcc7b97,4.1201
45,30,100,0.310611,0.057756,545,444,89,lava roupas,3764c39c2a,4.7747
45,31,100,0.311703,0.058016,545,444,89,lava roupas,4e36a44626,3.8921
45,32,100,0.310931,0.057996,545,446,90,lava roupas,15df900e33,4.0321
45,33,100,0.311050,0.058248,548,447,90,lava roupas,ccb44fc364,24.6807
45,34,100,0.311876,0.058019,547,442,89,lava roupas,188ae8ea8a,4.0322
45,35,100,0.311703,0.058016,545,444,89,lava roupas,4e36a44626,3.8921
45,36,100,0.304580,0.057720,544,446,91,lava roupas,44dd019028,3.7143
45,37,100,0.311783,0.058756,542,446,91,lava roupas,2b4f70fbf1,4.7550
45,38,100,0.310797,0.057738,547,444,90,lava roupas,a48a1ed17e,3.5857
45,39,100,0.307789,0.058035,539,442,91,acucar,74fe44ae1e,4.0069
45,40,100,0.311130,0.058026,544,444,90,lava roupas,eba92e86fd,13.1593
45,41,100,0.311024,0.057377,540,439,89,lava roupas,c6c351ba17,6.0904
45,42,100,0.311343,0.058065,547,445,90,lava roupas,1de4521b62,5.6155
45,43,100,0.310891,0.058108,543,443,90,lava roupas,5825cf3f22,3.9524
45,44,100,0.306763,0.057163,540,439,90,lava roupas,764abd184b,5.3734
45,45,100,0.310611,0.057756,545,444,89,lava roupas,3764c39c2a,4.7747
45,46,100,0.311050,0.058248,548,447,90,lava roupas,ccb44fc364,24.6807
45,47,100,0.311050,0.058248,548,447,90,lava roupas,ccb44fc364,24.6807
45,48,100,0.311357,0.057969,547,445,89,lava roupas,c0ff346e91,8.7906
45,49,100,0.311423,0.058291,549,450,90,carne de ave,8864d4946d,4.4950
46,0,100,0.312808,0.058887,550,448,90,lava roupas,599a961aaf,4.0291
46,1,100,0.311783,0.058756,542,446,91,lava roupas,2b4f70fbf1,4.7550
46,2,100,0.312821,0.058622,546,447,90,lava roupas,e2c3a7509f,4.2594
46,3,100,0.312821,0.058622,546,447,90,lava roupas,e2c3a7509f,4.2594
46,4,100,0.312395,0.058417,547,445,89,lava roupas,dc75bab6e2,4.8708
46,5,100,0.311783,0.058756,542,446,91,lava roupas,2b4f70fbf1,4.7550
46,6,100,0.311130,0.058026,544,444,90,lava roupas,eba92e86fd,13.1593
46,7,100,0.311050,0.058248,548,447,90,lava roupas,ccb44fc364,24.6807
46,8,100,0.312821,0.058622,546,447,90,lava roupas,e2c3a7509f,4.2594
46,9,100,0.308281,0.057107,541,442,89,lava roupas,510fb8256c,4.0487
46,10,100,0.310611,0.057756,545,444,89,lava roupas,3764c39c2a,4.7747
46,11,100,0.311130,0.058026,544,444,90,lava roupas,eba92e86fd,13.1593
46,12,100,0.304607,0.057192,543,445,90,lava roupas,77d26ced5f,4.2540
46,13,100,0.311050,0.058248,548,447,90,lava roupas,ccb44fc364,24.6807
46,14,100,0.310225,0.058223,546,446,90,lava roupas,9b5766e788,4.0250
46,15,100,0.302463,0.057468,542,443,89,lava roupas,68942fc41a,3.9336
46,16,100,0.311703,0.058016,545,444,89,lava roupas,4e36a44626,3.8921
46,17,100,0.311050,0.058248,548,447,90,lava roupas,ccb44fc364,24.6807
46,18,100,0.310678,0.057220,541,445,90,lava roupas,a8f826b3cf,3.7582
46,19,100,0.311050,0.058248,548,447,90,lava roupas,ccb44fc364,24.6807
46,20,100,0.311357,0.057969,547,445,89,lava roupas,c0ff346e91,8.7906
46,21,100,0.312821,0.058622,546,447,90,lava roupas,e2c3a7509f,4.2594
46,22,100,0.311050,0.058248,548,447,90,lava roupas,ccb44fc364,24.6807
46,23,100,0.311050,0.058248,548,447,90,lava roupas,ccb44fc364,24.6807
46,24,100,0.312808,0.058887,550,448,90,lava roupas,599a961aaf,4.0291
46,25,100,0.311050,0.058248,548,447,90,lava roupas,ccb44fc364,24.6807
46,26,100,0.312821,0.058622,546,447,90,lava roupas,e2c3a7509f,4.2594
46,27,100,0.313194,0.058960,548,447,90,lava roupas,44a2d62b29,4.0493
46,28,100,0.310984,0.058214,541,444,90,lava roupas,c7d5fbaeb9,3.6267
46,29,100,0.310651,0.057700,545,445,89,lava roupas,c76963ccad,3.4620
46,30,100,0.311703,0.058016,545,444,89,lava roupas,4e36a44626,3.8921
46,31,100,0.311050,0.058248,548,447,90,lava roupas,ccb44fc364,24.6807
46,32,100,0.311050,0.058248,548,447,90,lava roupas,ccb44fc364,24.6807
46,33,100,0.311423,0.058291,549,450,90,lava roupas,8864d4946d,4.4950
46,34,100,0.311050,0.058248,548,447,90,lava roupas,ccb44fc364,24.6807
46,35,100,0.310851,0.057835,542,444,91,lava roupas,1a150866b8,4.2804
46,36,100,0.308015,0.057330,535,439,90,acucar,4eca07d3b2,4.2078
46,37,100,0.312289,0.058335,540,445,90,lava roupas,143b09fe09,6.7655
46,38,100,0.310891,0.058108,543,443,90,lava roupas,5825cf3f22,3.9524
46,39,100,0.311357,0.057969,547,445,89,lava roupas,c0ff346e91,8.7906
46,40,100,0.311383,0.057921,546,448,89,lava roupas,ac9ec96131,4.8796
46,41,100,0.310039,0.057709,544,445,90,lava roupas,3a1b2544f4,3.7447
46,42,100,0.311343,0.058264,539,443,90,lava roupas,4f4bb3f527,3.9249
46,43,100,0.306324,0.057222,545,445,89,lava roupas,9e0fbc662b,3.6655
46,44,100,0.311876,0.058019,547,442,89,lava roupas,188ae8ea8a,4.0322
46,45,100,0.311050,0.058248,548,447,90,lava roupas,ccb44fc364,24.6807
46,46,100,0.311783,0.058756,542,446,91,lava roupas,2b4f70fbf1,4.7550
46,47,100,0.310931,0.057996,545,446,90,lava roupas,15df900e33,4.0321
46,48,100,0.311130,0.058026,544,444,90,lava roupas,eba92e86fd,13.1593
46,49,100,0.311357,0.057969,547,445,89,lava roupas,c0ff346e91,8.7906
47,0,100,0.313194,0.058960,548,447,90,lava roupas,44a2d62b29,4.0493
47,1,100,0.312808,0.058887,550,448,90,lava roupas,599a961aaf,4.0291
47,2,100,0.312808,0.058887,550,448,90,lava roupas,599a961aaf,4.0291
47,3,100,0.311783,0.058756,542,446,91,lava roupas,2b4f70fbf1,4.7550
47,4,100,0.311783,0.058756,542,446,91,lava roupas,2b4f70fbf1,4.7550
47,5,100,0.312808,0.058887,550,448,90,lava roupas,599a961aaf,4.0291
47,6,100,0.312808,0.058887,550,448,90,lava roupas,599a961aaf,4.0291
47,7,100,0.313194,0.058960,548,447,90,lava roupas,44a2d62b29,4.0493
47,8,100,0.311050,0.058248,548,447,90,lava roupas,ccb44fc364,24.6807
47,9,100,0.311783,0.058756,542,446,91,lava roupas,2b4f70fbf1,4.7550
47,10,100,0.301065,0.057404,541,441,89,lava roupas,107accbb18,4.5011
47,11,100,0.311050,0.058248,548,447,90,lava roupas,ccb44fc364,24.6807
47,12,100,0.312821,0.058622,546,447,90,lava roupas,e2c3a7509f,4.2594
47,13,100,0.311050,0.058248,548,447,90,lava roupas,ccb44fc364,24.6807
47,14,100,0.311050,0.058248,548,447,90,lava roupas,ccb44fc364,24.6807
47,15,100,0.308934,0.057694,544,447,90,lava roupas,c8fe9fb028,3.5738
47,16,100,0.316722,0.058640,546,446,89,carne de ave,eb573d0560,3.7783
47,17,100,0.310225,0.058223,546,446,90,lava roupas,9b5766e788,4.0250
47,18,100,0.312821,0.058622,546,447,90,lava roupas,e2c3a7509f,4.2594
47,19,100,0.310531,0.057631,545,449,89,lava roupas,bbe051b9a4,4.1298
47,20,100,0.307895,0.058255,550,452,90,lava roupas,3015528c0b,4.0642
47,21,100,0.311783,0.058756,542,446,91,lava roupas,2b4f70fbf1,4.7550
47,22,100,0.311783,0.058756,542,446,91,lava roupas,2b4f70fbf1,4.7550
47,23,100,0.310225,0.057447,546,446,90,lava roupas,057ddbbff8,3.9186
47,24,100,0.311130,0.058026,544,444,90,lava roupas,eba92e86fd,13.1593
47,25,100,0.311783,0.058756,542,446,91,lava roupas,2b4f70fbf1,4.7550
47,26,100,0.311783,0.058756,542,446,91,lava roupas,2b4f70fbf1,4.7550
47,27,100,0.311783,0.058756,542,446,91,lava roupas,2b4f70fbf1,4.7550
47,28,100,0.312821,0.058622,546,447,90,lava roupas,e2c3a7509f,4.2594
47,29,100,0.311130,0.058026,544,444,90,lava roupas,eba92e86fd,13.1593
47,30,100,0.313300,0.058668,542,445,90,lava roupas,12016b7133,3.7476
47,31,100,0.312582,0.058099,549,447,89,lava roupas,5c7fcfa38d,3.5328
47,32,100,0.310238,0.058340,546,446,91,lava roupas,74afb76664,4.5129
47,33,100,0.312821,0.058622,546,447,90,lava roupas,e2c3a7509f,4.2594
47,34,100,0.312821,0.058622,546,447,90,lava roupas,e2c3a7509f,4.2594
47,35,100,0.312821,0.058622,546,447,90,lava roupas,e2c3a7509f,4.2594
47,36,100,0.310891,0.058108,543,443,90,lava roupas,5825cf3f22,3.9524
47,37,100,0.311050,0.058248,548,447,90,lava roupas,ccb44fc364,24.6807
47,38,100,0.312821,0.058622,546,447,90,lava roupas,e2c3a7509f,4.2594
47,39,100,0.311357,0.057969,547,445,89,lava roupas,c0ff346e91,8.7906
47,40,100,0.311343,0.058264,539,443,90,lava roupas,4f4bb3f527,3.9249
47,41,100,0.311050,0.058248,548,447,90,lava roupas,ccb44fc364,24.6807
47,42,100,0.310984,0.058214,541,444,90,lava roupas,c7d5fbaeb9,3.6267
47,43,100,0.311343,0.058264,539,443,90,lava roupas,4f4bb3f527,3.9249
47,44,100,0.311636,0.058014,546,445,89,lava roupas,4d07bc6542,5.2239
47,45,100,0.311783,0.058756,542,446,91,lava roupas,2b4f70fbf1,4.7550
47,46,100,0.311343,0.058264,539,443,90,lava roupas,4f4bb3f527,3.9249
47,47,100,0.311050,0.058248,548,447,90,lava roupas,ccb44fc364,24.6807
47,48,100,0.312808,0.058887,550,448,90,lava roupas,599a961aaf,4.0291
47,49,100,0.311050,0.058248,548,447,90,lava roupas,ccb44fc364,24.6807
48,0,100,0.313194,0.058960,548,447,90,lava roupas,44a2d62b29,4.0493
48,1,100,0.313194,0.058960,548,447,90,lava roupas,44a2d62b29,4.0493
48,2,100,0.312808,0.058887,550,448,90,lava roupas,599a961aaf,4.0291
48,3,100,0.312808,0.058887,550,448,90,lava roupas,599a961aaf,4.0291
48,4,100,0.312808,0.058887,550,448,90,lava roupas,599a961aaf,4.0291
48,5,100,0.313367,0.058998,547,448,90,lava roupas,2f0c1dcf72,6.3390
48,6,100,0.310784,0.058047,543,446,91,lava roupas,3d43c1bcee,4.2284
48,7,100,0.312821,0.058622,546,447,90,lava roupas,e2c3a7509f,4.2594
48,8,100,0.312821,0.058622,546,447,90,lava roupas,e2c3a7509f,4.2594
48,9,100,0.311783,0.058756,542,446,91,lava roupas,2b4f70fbf1,4.7550
48,10,100,0.313194,0.058960,548,447,90,lava roupas,44a2d62b29,4.0493
48,11,100,0.311783,0.058756,542,446,91,lava roupas,2b4f70fbf1,4.7550
48,12,100,0.312821,0.058622,546,447,90,lava roupas,e2c3a7509f,4.2594
48,13,100,0.311783,0.058756,542,446,91,lava roupas,2b4f70fbf1,4.7550
48,14,100,0.311050,0.058248,548,447,90,lava roupas,ccb44fc364,24.6807
48,15,100,0.316003,0.059444,544,446,91,acucar,f85066a549,4.7784
48,16,100,0.309240,0.056731,542,443,88,lava roupas,3dea0272c7,4.4368
48,17,100,0.311783,0.058756,542,446,91,lava roupas,2b4f70fbf1,4.7550
48,18,100,0.311783,0.058756,542,446,91,lava roupas,2b4f70fbf1,4.7550
48,19,100,0.311783,0.058756,542,446,91,lava roupas,2b4f70fbf1,4.7550
48,20,100,0.310438,0.058731,540,445,91,lava roupas,cd9def4a24,3.9914
48,21,100,0.302024,0.056970,547,446,89,lava roupas,17652ec26d,3.8605
48,22,100,0.310718,0.058111,542,445,90,lava roupas,7dac6deb9c,3.9217
48,23,100,0.312808,0.058887,550,448,90,lava roupas,599a961aaf,4.0291
48,24,100,0.311783,0.058756,542,446,91,lava roupas,2b4f70fbf1,4.7550
48,25,100,0.311783,0.058756,542,446,91,lava roupas,2b4f70fbf1,4.7550
48,26,100,0.313194,0.058960,548,447,90,lava roupas,44a2d62b29,4.0493
48,27,100,0.312808,0.058887,550,448,90,lava roupas,599a961aaf,4.0291
48,28,100,0.311783,0.058756,542,446,91,lava roupas,2b4f70fbf1,4.7550
48,29,100,0.312808,0.058887,550,448,90,lava roupas,599a961aaf,4.0291
48,30,100,0.312808,0.058887,550,448,90,lava roupas,599a961aaf,4.0291
48,31,100,0.309559,0.058269,547,447,90,lava roupas,13371faade,3.5902
48,32,100,0.312808,0.058887,550,448,90,lava roupas,599a961aaf,4.0291
48,33,100,0.312821,0.058622,546,447,90,lava roupas,e2c3a7509f,4.2594
48,34,100,0.310238,0.058340,546,446,91,lava roupas,74afb76664,4.5129
48,35,100,0.312808,0.058887,550,448,90,lava roupas,599a961aaf,4.0291
48,36,100,0.311783,0.058756,542,446,91,lava roupas,2b4f70fbf1,4.7550
48,37,100,0.312808,0.058887,550,448,90,lava roupas,599a961aaf,4.0291
48,38,100,0.312808,0.058887,550,448,90,lava roupas,599a961aaf,4.0291
48,39,100,0.311397,0.058494,547,448,90,lava roupas,c4b299085f,4.0000
48,40,100,0.318147,0.059574,548,447,90,acucar,f7ed6b0f68,3.6218
48,41,100,0.311783,0.058756,542,446,91,lava roupas,2b4f70fbf1,4.7550
48,42,100,0.312821,0.058622,546,447,90,lava roupas,e2c3a7509f,4.2594
48,43,100,0.312808,0.058887,550,448,90,lava roupas,599a961aaf,4.0291
48,44,100,0.311783,0.058756,542,446,91,lava roupas,2b4f70fbf1,4.7550
48,45,100,0.312262,0.058893,552,451,90,lava roupas,60abc8f02a,3.8874
48,46,100,0.313300,0.058668,542,445,90,lava roupas,12016b7133,3.7476
48,47,100,0.313194,0.058960,548,447,90,lava roupas,44a2d62b29,4.0493
48,48,100,0.313194,0.058960,548,447,90,lava roupas,44a2d62b29,4.0493
48,49,100,0.313194,0.058960,548,447,90,lava roupas,44a2d62b29,4.0493
49,0,100,0.318147,0.059574,548,447,90,acucar,f7ed6b0f68,3.6218
49,1,100,0.316003,0.059444,544,446,91,acucar,f85066a549,4.7784
49,2,100,0.313367,0.058998,547,448,90,lava roupas,2f0c1dcf72,6.3390
49,3,100,0.313194,0.058960,548,447,90,lava roupas,44a2d62b29,4.0493
49,4,100,0.313194,0.058960,548,447,90,lava roupas,44a2d62b29,4.0493
49,5,100,0.312808,0.058887,550,448,90,lava roupas,599a961aaf,4.0291
49,6,100,0.313194,0.058960,548,447,90,lava roupas,44a2d62b29,4.0493
49,7,100,0.313194,0.058960,548,447,90,lava roupas,44a2d62b29,4.0493
49,8,100,0.313367,0.058998,547,448,90,lava roupas,2f0c1dcf72,6.3390
49,9,100,0.312808,0.058887,550,448,90,lava roupas,599a961aaf,4.0291
49,10,100,0.313367,0.058998,547,448,90,lava roupas,2f0c1dcf72,6.3390
49,11,100,0.312808,0.058887,550,448,90,lava roupas,599a961aaf,4.0291
49,12,100,0.313194,0.058960,548,447,90,lava roupas,44a2d62b29,4.0493
49,13,100,0.313367,0.058998,547,448,90,lava roupas,2f0c1dcf72,6.3390
49,14,100,0.311783,0.058756,542,446,91,lava roupas,2b4f70fbf1,4.7550
49,15,100,0.318133,0.059128,549,448,89,lava roupas,65d17d12d5,4.4237
49,16,100,0.317055,0.059235,553,451,90,lava roupas,3985719464,4.6297
49,17,100,0.311783,0.058756,542,446,91,lava roupas,2b4f70fbf1,4.7550
49,18,100,0.311783,0.058756,542,446,91,lava roupas,2b4f70fbf1,4.7550
49,19,100,0.317042,0.059313,548,447,90,acucar,cdce7f5864,5.7645
49,20,100,0.312808,0.058887,550,448,90,lava roupas,599a961aaf,4.0291
49,21,100,0.312262,0.058893,552,451,90,lava roupas,60abc8f02a,3.8874
49,22,100,0.311783,0.058756,542,446,91,lava roupas,2b4f70fbf1,4.7550
49,23,100,0.312808,0.058887,550,448,90,lava roupas,599a961aaf,4.0291
49,24,100,0.313194,0.058960,548,447,90,lava roupas,44a2d62b29,4.0493
49,25,100,0.305605,0.057750,540,444,92,lava roupas,79bd18ba0d,3.9931
49,26,100,0.313127,0.058531,545,446,89,lava roupas,52c801e90e,4.3501
49,27,100,0.308348,0.058564,548,448,90,lava roupas,f4d51bd507,3.4808
49,28,100,0.311197,0.058161,541,445,91,lava roupas,6d497af14c,3.6320
49,29,100,0.313194,0.058960,548,447,90,lava roupas,44a2d62b29,4.0493
49,30,100,0.318147,0.059574,548,447,90,acucar,f7ed6b0f68,3.6218
49,31,100,0.313194,0.058960,548,447,90,lava roupas,44a2d62b29,4.0493
49,32,100,0.311783,0.058756,542,446,91,lava roupas,2b4f70fbf1,4.7550
49,33,100,0.312262,0.058893,552,451,90,lava roupas,60abc8f02a,3.8874
49,34,100,0.311783,0.058756,542,446,91,lava roupas,2b4f70fbf1,4.7550
49,35,100,0.313194,0.058960,548,447,90,lava roupas,44a2d62b29,4.0493
49,36,100,0.312808,0.058887,550,448,90,lava roupas,599a961aaf,4.0291
49,37,100,0.313194,0.058960,548,447,90,lava roupas,44a2d62b29,4.0493
49,38,100,0.316003,0.059444,544,446,91,acucar,f85066a549,4.7784
49,39,100,0.308068,0.058254,545,449,90,lava roupas,fdbf68dc7a,4.4575
49,40,100,0.317987,0.059113,549,448,89,acucar,6f8529432d,3.9343
49,41,100,0.313194,0.058960,548,447,90,lava roupas,44a2d62b29,4.0493
49,42,100,0.313194,0.058960,548,447,90,lava roupas,44a2d62b29,4.0493
49,43,100,0.306843,0.058230,546,447,90,lava roupas,a25b3498fd,3.3903
49,44,100,0.312808,0.058887,550,448,90,lava roupas,599a961aaf,4.0291
49,45,100,0.312648,0.058523,545,447,90,lava roupas,daf1bbb8bb,4.3458
49,46,100,0.313194,0.058960,548,447,90,lava roupas,44a2d62b29,4.0493
49,47,100,0.318147,0.059574,548,447,90,acucar,f7ed6b0f68,3.6218
49,48,100,0.311783,0.058756,542,446,91,lava roupas,2b4f70fbf1,4.7550
49,49,100,0.312808,0.058887,550,448,90,lava roupas,599a961aaf,4.0291
50,0,100,0.318147,0.059574,548,447,90,acucar,f7ed6b0f68,3.6218
50,1,100,0.318147,0.059574,548,447,90,acucar,f7ed6b0f68,3.6218
50,2,100,0.318147,0.059574,548,447,90,acucar,f7ed6b0f68,3.6218
50,3,100,0.316003,0.059444,544,446,91,acucar,f85066a549,4.7784
50,4,100,0.316003,0.059444,544,446,91,acucar,f85066a549,4.7784
50,5,100,0.315657,0.059023,540,446,91,acucar,93f74a0937,4.2946
50,6,100,0.311064,0.058837,544,446,91,lava roupas,82979c3d3a,3.6779
50,7,100,0.317055,0.059235,553,451,90,lava roupas,3985719464,4.6297
50,8,100,0.312808,0.058887,550,448,90,lava roupas,599a961aaf,4.0291
50,9,100,0.318133,0.059128,549,448,89,lava roupas,65d17d12d5,4.4237
50,10,100,0.313367,0.058998,547,448,90,lava roupas,2f0c1dcf72,6.3390
50,11,100,0.318147,0.059574,548,447,90,acucar,f7ed6b0f68,3.6218
50,12,100,0.318080,0.059481,554,454,90,lava roupas,650177821b,3.6162
50,13,100,0.318147,0.059574,548,447,90,acucar,f7ed6b0f68,3.6218
50,14,100,0.313194,0.058960,548,447,90,lava roupas,44a2d62b29,4.0493
50,15,100,0.301025,0.057528,541,445,90,lava roupas,d2f5de8f75,3.7501
50,16,100,0.317454,0.059781,551,450,91,acucar,9cd03a03bd,4.4960
50,17,100,0.313194,0.058960,548,447,90,lava roupas,44a2d62b29,4.0493
50,18,100,0.313194,0.058960,548,447,90,lava roupas,44a2d62b29,4.0493
50,19,100,0.317987,0.059113,549,448,89,acucar,6f8529432d,3.9343
50,20,100,0.311996,0.058304,553,450,89,lava roupas,e34aabbd6c,4.7458
50,21,100,0.316003,0.059444,544,446,91,acucar,f85066a549,4.7784
50,22,100,0.316003,0.059444,544,446,91,acucar,f85066a549,4.7784
50,23,100,0.313194,0.058960,548,447,90,lava roupas,44a2d62b29,4.0493
50,24,100,0.313194,0.058960,548,447,90,lava roupas,44a2d62b29,4.0493
50,25,100,0.313194,0.058960,548,447,90,lava roupas,44a2d62b29,4.0493
50,26,100,0.308494,0.059579,545,445,90,lava roupas,208f7edfa2,4.6519
50,27,100,0.312981,0.058926,549,449,90,lava roupas,fdd599f300,3.7507
50,28,100,0.313194,0.058960,548,447,90,lava roupas,44a2d62b29,4.0493
50,29,100,0.311809,0.058370,542,445,90,lava roupas,e3186cb6eb,3.7592
50,30,100,0.316562,0.059067,547,446,90,acucar,82ce45fbce,3.6214
50,31,100,0.301837,0.057026,546,449,90,lava roupas,2cf065ff20,3.8787
50,32,100,0.312981,0.058305,542,444,91,acucar,aff7d1682e,3.6449
50,33,100,0.317681,0.059469,545,445,90,acucar,ca24c4365c,4.2692
50,34,100,0.311956,0.058659,548,446,90,lava roupas,dd4f466973,3.5790
50,35,100,0.317987,0.059113,549,448,89,acucar,6f8529432d,3.9343
50,36,100,0.318147,0.059574,548,447,90,acucar,f7ed6b0f68,3.6218
50,37,100,0.310292,0.058938,548,447,91,lava roupas,f866f90e10,3.5912
50,38,100,0.313194,0.058960,548,447,90,lava roupas,44a2d62b29,4.0493
50,39,100,0.316496,0.059319,550,450,90,acucar,ee7468350f,3.9913
50,40,100,0.313753,0.058688,551,449,89,lava roupas,008cdb6bf0,3.3972
50,41,100,0.317375,0.059506,548,447,91,acucar,550700c185,3.8055
50,42,100,0.314752,0.059465,553,454,90,lava roupas,156d58d646,3.8262
50,43,100,0.313673,0.058643,551,451,89,lava roupas,03dd317808,4.1641
50,44,100,0.317441,0.058904,547,448,90,lava roupas,7bc82f95c6,5.5944
50,45,100,0.316762,0.058945,548,454,90,lava roupas,a9ec9d01bc,5.7729
50,46,100,0.313048,0.059018,543,442,90,acucar,854fcebc77,4.5712
50,47,100,0.313194,0.058960,548,447,90,lava roupas,44a2d62b29,4.0493
50,48,100,0.312808,0.058887,550,448,90,lava roupas,599a961aaf,4.0291
50,49,100,0.313367,0.058998,547,448,90,lava roupas,2f0c1dcf72,6.3390
51,0,100,0.317454,0.059781,551,450,91,acucar,9cd03a03bd,4.4960
51,1,100,0.308494,0.059579,545,445,90,lava roupas,208f7edfa2,4.6519
51,2,100,0.318147,0.059574,548,447,90,acucar,f7ed6b0f68,3.6218
51,3,100,0.318147,0.059574,548,447,90,acucar,f7ed6b0f68,3.6218
51,4,100,0.318147,0.059574,548,447,90,acucar,f7ed6b0f68,3.6218
51,5,100,0.313048,0.058696,545,447,90,lava roupas,cfd1cbf9f8,4.3105
51,6,100,0.317401,0.059362,546,446,90,acucar,eed2f8e337,3.9624
51,7,100,0.317375,0.059506,548,447,91,acucar,550700c185,3.8055
51,8,100,0.316589,0.058988,549,453,90,lava roupas,731c7d499d,4.8880
51,9,100,0.308494,0.059579,545,445,90,lava roupas,208f7edfa2,4.6519
51,10,100,0.317987,0.059113,549,448,89,acucar,6f8529432d,3.9343
51,11,100,0.318080,0.059481,554,454,90,lava roupas,650177821b,3.6162
51,12,100,0.317454,0.059781,551,450,91,acucar,9cd03a03bd,4.4960
51,13,100,0.316522,0.059240,548,450,90,acucar,d9a5bca23d,5.0648
51,14,100,0.309826,0.058135,541,445,91,alvejante,84b26ade49,4.5688
51,15,100,0.322740,0.059327,546,446,89,acucar,3f3069d87a,4.7887
51,16,100,0.313367,0.058998,547,448,90,lava roupas,2f0c1dcf72,6.3390
51,17,100,0.315045,0.059183,552,452,89,lava roupas,a027d75328,4.1284
51,18,100,0.313194,0.058960,548,447,90,lava roupas,44a2d62b29,4.0493
51,19,100,0.317681,0.059469,545,445,90,acucar,ca24c4365c,4.2692
51,20,100,0.303102,0.058852,537,439,91,lava roupas,124f69666a,4.4101
51,21,100,0.317454,0.059781,551,450,91,acucar,9cd03a03bd,4.4960
51,22,100,0.318147,0.059574,548,447,90,acucar,f7ed6b0f68,3.6218
51,23,100,0.313500,0.058679,547,445,89,lava roupas,7544790317,3.6109
51,24,100,0.314951,0.059838,549,449,92,acucar,c207ca4f6c,4.5436
51,25,100,0.316895,0.058709,548,451,89,lava roupas,718ac9616d,5.2703
51,26,100,0.318014,0.059891,548,450,91,acucar,87f94181d8,4.8597
51,27,100,0.317055,0.059235,553,451,90,lava roupas,3985719464,4.6297
51,28,100,0.318147,0.059574,548,447,90,acucar,f7ed6b0f68,3.6218
51,29,100,0.317308,0.058509,550,448,88,acucar,153a2d8b7b,3.8717
51,30,100,0.312715,0.058633,553,452,90,iogurte,05b35821f7,3.5072
51,31,100,0.318147,0.059574,548,447,90,acucar,f7ed6b0f68,3.6218
51,32,100,0.313194,0.058960,548,447,90,lava roupas,44a2d62b29,4.0493
51,33,100,0.317375,0.059506,548,447,91,acucar,550700c185,3.8055
51,34,100,0.317375,0.059506,548,447,91,acucar,550700c185,3.8055
51,35,100,0.315111,0.058659,546,446,90,acucar,a207a001f5,4.1621
51,36,100,0.317934,0.059236,551,449,90,acucar,e9ba2917fe,4.6868
51,37,100,0.318147,0.059574,548,447,90,acucar,f7ed6b0f68,3.6218
51,38,100,0.318147,0.059574,548,447,90,acucar,f7ed6b0f68,3.6218
51,39,100,0.313194,0.058960,548,447,90,lava roupas,44a2d62b29,4.0493
51,40,100,0.318147,0.059574,548,447,90,acucar,f7ed6b0f68,3.6218
51,41,100,0.318147,0.059574,548,447,90,acucar,f7ed6b0f68,3.6218
51,42,100,0.318147,0.059574,548,447,90,acucar,f7ed6b0f68,3.6218
51,43,100,0.316496,0.059319,550,450,90,acucar,ee7468350f,3.9913
51,44,100,0.310132,0.058847,546,450,91,acucar,a3166a5e54,4.0288
51,45,100,0.313846,0.060217,549,449,90,lava roupas,17c3def5c8,4.1346
51,46,100,0.317401,0.059362,546,446,90,acucar,eed2f8e337,3.9624
51,47,100,0.317042,0.059313,548,447,90,acucar,cdce7f5864,5.7645
51,48,100,0.317454,0.059781,551,450,91,acucar,9cd03a03bd,4.4960
51,49,100,0.317042,0.059313,548,447,90,acucar,cdce7f5864,5.7645
52,0,100,0.313846,0.060217,549,449,90,lava roupas,17c3def5c8,4.1346
52,1,100,0.318014,0.059891,548,450,91,acucar,87f94181d8,4.8597
52,2,100,0.314951,0.059838,549,449,92,acucar,c207ca4f6c,4.5436
52,3,100,0.317454,0.059781,551,450,91,acucar,9cd03a03bd,4.4960
52,4,100,0.317454,0.059781,551,450,91,acucar,9cd03a03bd,4.4960
52,5,100,0.317454,0.059781,551,450,91,acucar,9cd03a03bd,4.4960
52,6,100,0.314951,0.059838,549,449,92,acucar,c207ca4f6c,4.5436
52,7,100,0.317375,0.059506,548,447,91,acucar,550700c185,3.8055
52,8,100,0.308494,0.059579,545,445,90,lava roupas,208f7edfa2,4.6519
52,9,100,0.317042,0.059313,548,447,90,acucar,cdce7f5864,5.7645
52,10,100,0.318147,0.059574,548,447,90,acucar,f7ed6b0f68,3.6218
52,11,100,0.316829,0.059503,550,450,90,lava roupas,aef344a070,6.1855
52,12,100,0.313846,0.060217,549,449,90,lava roupas,17c3def5c8,4.1346
52,13,100,0.318147,0.059574,548,447,90,acucar,f7ed6b0f68,3.6218
52,14,100,0.318147,0.059574,548,447,90,acucar,f7ed6b0f68,3.6218
52,15,100,0.308494,0.059579,545,445,90,lava roupas,208f7edfa2,4.6519
52,16,100,0.317454,0.059781,551,450,91,acucar,9cd03a03bd,4.4960
52,17,100,0.317454,0.059781,551,450,91,acucar,9cd03a03bd,4.4960
52,18,100,0.319691,0.059559,551,453,90,lava roupas,a37ee132b3,4.8915
52,19,100,0.317681,0.059227,547,445,90,acucar,16ecf57f2c,3.7786
52,20,100,0.312275,0.058950,543,442,91,acucar,6ce91953ae,3.8532
52,21,100,0.308494,0.059579,545,445,90,lava roupas,208f7edfa2,4.6519
52,22,100,0.301411,0.058825,543,442,90,lava roupas,1854ce7565,5.0771
52,23,100,0.318147,0.059574,548,447,90,acucar,f7ed6b0f68,3.6218
52,24,100,0.322740,0.059327,546,446,89,acucar,3f3069d87a,4.7887
52,25,100,0.314153,0.060261,547,445,90,lava roupas,0952ef10b9,5.9081
52,26,100,0.317454,0.059781,551,450,91,acucar,9cd03a03bd,4.4960
52,27,100,0.316669,0.059215,549,447,90,acucar,78c774ce9b,4.5489
52,28,100,0.318147,0.059574,548,447,90,acucar,f7ed6b0f68,3.6218
52,29,100,0.315351,0.059570,548,447,91,acucar,b820c35acd,4.3864
52,30,100,0.317841,0.059852,549,449,91,acucar,eb56fefe75,3.7067
52,31,100,0.318147,0.059574,548,447,90,acucar,f7ed6b0f68,3.6218
52,32,100,0.308494,0.059579,545,445,90,lava roupas,208f7edfa2,4.6519
52,33,100,0.308840,0.059099,548,448,92,acucar,557d9d6b8a,3.9172
52,34,100,0.308494,0.059579,545,445,90,lava roupas,208f7edfa2,4.6519
52,35,100,0.316749,0.059596,549,449,91,acucar,8dae6bfab6,3.7823
52,36,100,0.318093,0.059695,550,448,91,acucar,84c72bd5d9,4.1420
52,37,100,0.317375,0.059506,548,447,91,acucar,550700c185,3.8055
52,38,100,0.317454,0.059781,551,450,91,acucar,9cd03a03bd,4.4960
52,39,100,0.317042,0.059313,548,447,90,acucar,cdce7f5864,5.7645
52,40,100,0.318147,0.059574,548,447,90,acucar,f7ed6b0f68,3.6218
52,41,100,0.317375,0.059506,548,447,91,acucar,550700c185,3.8055
52,42,100,0.318147,0.059574,548,447,90,acucar,f7ed6b0f68,3.6218
52,43,100,0.313846,0.060217,549,449,90,lava roupas,17c3def5c8,4.1346
52,44,100,0.316496,0.059319,550,450,90,acucar,ee7468350f,3.9913
52,45,100,0.317454,0.059781,551,450,91,acucar,9cd03a03bd,4.4960
52,46,100,0.312608,0.058924,547,449,92,acucar,bedb930b04,3.9381
52,47,100,0.318147,0.059574,548,447,90,acucar,f7ed6b0f68,3.6218
52,48,100,0.317454,0.059781,551,450,91,acucar,9cd03a03bd,4.4960
52,49,100,0.317454,0.059781,551,450,91,acucar,9cd03a03bd,4.4960
53,0,100,0.314153,0.060261,547,445,90,lava roupas,0952ef10b9,5.9081
53,1,100,0.313846,0.060217,549,449,90,lava roupas,17c3def5c8,4.1346
53,2,100,0.313846,0.060217,549,449,90,lava roupas,17c3def5c8,4.1346
53,3,100,0.313846,0.060217,549,449,90,lava roupas,17c3def5c8,4.1346
53,4,100,0.318014,0.059891,548,450,91,acucar,87f94181d8,4.8597
53,5,100,0.316802,0.059983,545,448,92,acucar,798a3a7d94,4.5710
53,6,100,0.318014,0.059891,548,450,91,acucar,87f94181d8,4.8597
53,7,100,0.317454,0.059781,551,450,91,acucar,9cd03a03bd,4.4960
53,8,100,0.318014,0.059891,548,450,91,acucar,87f94181d8,4.8597
53,9,100,0.314765,0.059444,548,448,91,acucar,bb1bc8a963,4.8790
53,10,100,0.318093,0.059695,550,448,91,acucar,84c72bd5d9,4.1420
53,11,100,0.314565,0.059764,551,450,92,acucar,f304780d0a,3.9234
53,12,100,0.317841,0.059852,549,449,91,acucar,eb56fefe75,3.7067
53,13,100,0.313846,0.060217,549,449,90,lava roupas,17c3def5c8,4.1346
53,14,100,0.312395,0.058417,547,445,89,lava roupas,dc75bab6e2,4.8708
53,15,100,0.315457,0.059055,548,446,90,acucar,f285a2f400,3.6025
53,16,100,0.314153,0.060261,547,445,90,lava roupas,0952ef10b9,5.9081
53,17,100,0.318799,0.061155,548,447,91,acucar,d6e3c22d87,3.4352
53,18,100,0.308108,0.059507,547,446,90,lava roupas,f9eeb1397f,3.8361
53,19,100,0.317454,0.059781,551,450,91,acucar,9cd03a03bd,4.4960
53,20,100,0.317454,0.059781,551,450,91,acucar,9cd03a03bd,4.4960
53,21,100,0.308494,0.059579,545,445,90,lava roupas,208f7edfa2,4.6519
53,22,100,0.318147,0.059574,548,447,90,acucar,f7ed6b0f68,3.6218
53,23,100,0.314153,0.060261,547,445,90,lava roupas,0952ef10b9,5.9081
53,24,100,0.314153,0.060261,547,445,90,lava roupas,0952ef10b9,5.9081
53,25,100,0.308494,0.059579,545,445,90,lava roupas,208f7edfa2,4.6519
53,26,100,0.317454,0.059781,551,450,91,acucar,9cd03a03bd,4.4960
53,27,100,0.306098,0.057863,554,453,90,lava roupas,c73bd66c78,5.5055
53,28,100,0.307402,0.059762,544,444,91,acucar,181403a38b,4.4061
53,29,100,0.313846,0.060217,549,449,90,lava roupas,17c3def5c8,4.1346
53,30,100,0.316775,0.059295,548,449,91,lava roupas,d30aa798b0,3.8115
53,31,100,0.314951,0.059838,549,449,92,acucar,c207ca4f6c,4.5436
53,32,100,0.318147,0.059574,548,447,90,acucar,f7ed6b0f68,3.6218
53,33,100,0.317454,0.059781,551,450,91,acucar,9cd03a03bd,4.4960
53,34,100,0.318147,0.059574,548,447,90,acucar,f7ed6b0f68,3.6218
53,35,100,0.304673,0.059113,546,446,90,lava roupas,785f20bec4,4.0724
53,36,100,0.316363,0.059492,550,449,91,acucar,4cd0abe32a,3.7320
53,37,100,0.313846,0.060217,549,449,90,lava roupas,17c3def5c8,4.1346
53,38,100,0.314153,0.060261,547,445,90,lava roupas,0952ef10b9,5.9081
53,39,100,0.317215,0.059832,550,450,91,acucar,f1c5f3a1c6,3.6741
53,40,100,0.317454,0.059781,551,450,91,acucar,9cd03a03bd,4.4960
53,41,100,0.314153,0.060261,547,445,90,lava roupas,0952ef10b9,5.9081
53,42,100,0.318147,0.059574,548,447,90,acucar,f7ed6b0f68,3.6218
53,43,100,0.308667,0.059621,544,446,90,lava roupas,4f09b730b5,4.7095
53,44,100,0.317841,0.059852,549,449,91,acucar,eb56fefe75,3.7067
53,45,100,0.309280,0.058852,547,451,92,acucar,e538978f03,4.1098
53,46,100,0.316988,0.059678,548,448,91,acucar,88faa48036,3.9023
53,47,100,0.318093,0.059695,550,448,91,acucar,84c72bd5d9,4.1420
53,48,100,0.317454,0.059781,551,450,91,acucar,9cd03a03bd,4.4960
53,49,100,0.317454,0.059781,551,450,91,acucar,9cd03a03bd,4.4960
54,0,100,0.318799,0.061155,548,447,91,acucar,d6e3c22d87,3.4352
54,1,100,0.314153,0.060261,547,445,90,lava roupas,0952ef10b9,5.9081
54,2,100,0.314153,0.060261,547,445,90,lava roupas,0952ef10b9,5.9081
54,3,100,0.314153,0.060261,547,445,90,lava roupas,0952ef10b9,5.9081
54,4,100,0.314153,0.060261,547,445,90,lava roupas,0952ef10b9,5.9081
54,5,100,0.314153,0.060261,547,445,90,lava roupas,0952ef10b9,5.9081
54,6,100,0.314153,0.060261,547,445,90,lava roupas,0952ef10b9,5.9081
54,7,100,0.313846,0.060217,549,449,90,lava roupas,17c3def5c8,4.1346
54,8,100,0.317841,0.059852,549,449,91,acucar,eb56fefe75,3.7067
54,9,100,0.306936,0.059442,540,442,91,acucar,55ad4da243,4.5971
54,10,100,0.317388,0.059738,551,452,91,acucar,66ed0e10e2,4.1889
54,11,100,0.314153,0.060261,547,445,90,lava roupas,0952ef10b9,5.9081
54,12,100,0.314153,0.060261,547,445,90,lava roupas,0952ef10b9,5.9081
54,13,100,0.318786,0.060711,549,448,90,lava roupas,ee395e8cfa,3.8947
54,14,100,0.314153,0.060261,547,445,90,lava roupas,0952ef10b9,5.9081
54,15,100,0.301997,0.057732,548,445,89,lava roupas,3a4e4bdd5e,4.3652
54,16,100,0.314153,0.060261,547,445,90,lava roupas,0952ef10b9,5.9081
54,17,100,0.315870,0.059142,550,446,90,creme de leite,6647d8e6a3,4.5005
54,18,100,0.315830,0.059511,552,451,90,biscoito,977443aabb,4.9710
54,19,100,0.314153,0.060261,547,445,90,lava roupas,0952ef10b9,5.9081
54,20,100,0.313846,0.060217,549,449,90,lava roupas,17c3def5c8,4.1346
54,21,100,0.314153,0.060261,547,445,90,lava roupas,0952ef10b9,5.9081
54,22,100,0.317215,0.059832,550,450,91,acucar,f1c5f3a1c6,3.6741
54,23,100,0.314153,0.060261,547,445,90,lava roupas,0952ef10b9,5.9081
54,24,100,0.318147,0.059574,548,447,90,acucar,f7ed6b0f68,3.6218
54,25,100,0.317454,0.059781,551,450,91,acucar,9cd03a03bd,4.4960
54,26,100,0.313846,0.060217,549,449,90,lava roupas,17c3def5c8,4.1346
54,27,100,0.314153,0.060261,547,445,90,lava roupas,0952ef10b9,5.9081
54,28,100,0.318014,0.059891,548,450,91,acucar,87f94181d8,4.8597
54,29,100,0.318799,0.061155,548,447,91,acucar,d6e3c22d87,3.4352
54,30,100,0.314752,0.059935,549,449,89,lava roupas,151158a501,3.9534
54,31,100,0.314153,0.060261,547,445,90,lava roupas,0952ef10b9,5.9081
54,32,100,0.314153,0.060261,547,445,90,lava roupas,0952ef10b9,5.9081
54,33,100,0.312502,0.058844,552,452,90,lava roupas,867e276d61,5.1614
54,34,100,0.318799,0.061155,548,447,91,acucar,d6e3c22d87,3.4352
54,35,100,0.317841,0.059852,549,449,91,acucar,eb56fefe75,3.7067
54,36,100,0.318147,0.059574,548,447,90,acucar,f7ed6b0f68,3.6218
54,37,100,0.317841,0.059852,549,449,91,acucar,eb56fefe75,3.7067
54,38,100,0.316802,0.059983,545,448,92,acucar,798a3a7d94,4.5710
54,39,100,0.317454,0.059781,551,450,91,acucar,9cd03a03bd,4.4960
54,40,100,0.313846,0.060217,549,449,90,lava roupas,17c3def5c8,4.1346
54,41,100,0.303235,0.059027,546,449,90,agua,42afe986a2,4.7868
54,42,100,0.317454,0.059781,551,450,91,acucar,9cd03a03bd,4.4960
54,43,100,0.317841,0.059852,549,449,91,acucar,eb56fefe75,3.7067
54,44,100,0.300453,0.059672,543,446,90,lava roupas,1566f6a213,5.1288
54,45,100,0.313846,0.060217,549,449,90,lava roupas,17c3def5c8,4.1346
54,46,100,0.317215,0.059832,550,450,91,acucar,f1c5f3a1c6,3.6741
54,47,100,0.318799,0.061155,548,447,91,acucar,d6e3c22d87,3.4352
54,48,100,0.305592,0.059557,545,445,91,lava roupas,3813337bef,3.8970
54,49,100,0.317841,0.059852,549,449,91,acucar,eb56fefe75,3.7067
55,0,100,0.318799,0.061155,548,447,91,acucar,d6e3c22d87,3.4352
55,1,100,0.318799,0.061155,548,447,91,acucar,d6e3c22d87,3.4352
55,2,100,0.318799,0.061155,548,447,91,acucar,d6e3c22d87,3.4352
55,3,100,0.318799,0.061155,548,447,91,acucar,d6e3c22d87,3.4352
55,4,100,0.318786,0.060711,549,448,90,lava roupas,ee395e8cfa,3.8947
55,5,100,0.314153,0.060261,547,445,90,lava roupas,0952ef10b9,5.9081
55,6,100,0.314153,0.060261,547,445,90,lava roupas,0952ef10b9,5.9081
55,7,100,0.317241,0.060427,549,448,90,lava roupas,6646c02992,5.7406
55,8,100,0.313846,0.060217,549,449,90,lava roupas,17c3def5c8,4.1346
55,9,100,0.314153,0.060261,547,445,90,lava roupas,0952ef10b9,5.9081
55,10,100,0.317841,0.059852,549,449,91,acucar,eb56fefe75,3.7067
55,11,100,0.318147,0.059574,548,447,90,acucar,f7ed6b0f68,3.6218
55,12,100,0.313846,0.060217,549,449,90,lava roupas,17c3def5c8,4.1346
55,13,100,0.318799,0.061155,548,447,91,acucar,d6e3c22d87,3.4352
55,14,100,0.318799,0.061155,548,447,91,acucar,d6e3c22d87,3.4352
55,15,100,0.314153,0.060261,547,445,90,lava roupas,0952ef10b9,5.9081
55,16,100,0.314153,0.060261,547,445,90,lava roupas,0952ef10b9,5.9081
55,17,100,0.314153,0.060261,547,445,90,lava roupas,0952ef10b9,5.9081
55,18,100,0.318280,0.059580,552,453,91,acucar,c5d4cbe3cb,4.3769
55,19,100,0.313846,0.060217,549,449,90,lava roupas,17c3def5c8,4.1346
55,20,100,0.315124,0.060460,547,447,90,lava roupas,fff769f3f9,3.8374
55,21,100,0.314153,0.060261,547,445,90,lava roupas,0952ef10b9,5.9081
55,22,100,0.314153,0.060261,547,445,90,lava roupas,0952ef10b9,5.9081
55,23,100,0.315045,0.060155,549,449,90,lava roupas,5ee6caf9e6,4.2052
55,24,100,0.318799,0.061155,548,447,91,acucar,d6e3c22d87,3.4352
55,25,100,0.314153,0.060261,547,445,90,lava roupas,0952ef10b9,5.9081
55,26,100,0.317481,0.061086,550,450,91,lava roupas,a2fa638c06,4.2482
55,27,100,0.314392,0.060316,548,446,90,acucar,bdd6358f4f,3.9747
55,28,100,0.319664,0.060483,551,452,89,lava roupas,62051f6618,5.0764
55,29,100,0.314153,0.060261,547,445,90,lava roupas,0952ef10b9,5.9081
55,30,100,0.314153,0.060261,547,445,90,lava roupas,0952ef10b9,5.9081
55,31,100,0.314153,0.060261,547,445,90,lava roupas,0952ef10b9,5.9081
55,32,100,0.314153,0.060261,547,445,90,lava roupas,0952ef10b9,5.9081
55,33,100,0.314153,0.060261,547,445,90,lava roupas,0952ef10b9,5.9081
55,34,100,0.314153,0.060261,547,445,90,lava roupas,0952ef10b9,5.9081
55,35,100,0.308002,0.059214,546,445,90,lava roupas,3810c77f54,5.1569
55,36,100,0.314725,0.060631,549,449,91,lava roupas,bef763e56b,3.9357
55,37,100,0.314153,0.060261,547,445,90,lava roupas,0952ef10b9,5.9081
55,38,100,0.314153,0.060261,547,445,90,lava roupas,0952ef10b9,5.9081
55,39,100,0.318546,0.059597,552,451,90,lava roupas,112ba1398e,5.0432
55,40,100,0.319425,0.060854,551,451,90,lava roupas,84b2c8b13b,18.2661
55,41,100,0.314153,0.060261,547,445,90,lava roupas,0952ef10b9,5.9081
55,42,100,0.312621,0.060056,546,443,90,acucar,6ef628f7e8,4.6867
55,43,100,0.314153,0.060261,547,445,90,lava roupas,0952ef10b9,5.9081
55,44,100,0.317414,0.060231,545,448,90,acucar,8b654b712e,5.0863
55,45,100,0.315005,0.059421,555,453,91,lava roupas,41eabffe39,4.0421
55,46,100,0.314153,0.060261,547,445,90,lava roupas,0952ef10b9,5.9081
55,47,100,0.314153,0.060261,547,445,90,lava roupas,0952ef10b9,5.9081
55,48,100,0.311037,0.060044,548,445,91,lava roupas,b4caf6f6ae,4.3601
55,49,100,0.318093,0.059937,548,448,91,acucar,95d2419ad9,4.1525
56,0,100,0.318799,0.061155,548,447,91,acucar,d6e3c22d87,3.4352
56,1,100,0.318799,0.061155,548,447,91,acucar,d6e3c22d87,3.4352
56,2,100,0.318799,0.061155,548,447,91,acucar,d6e3c22d87,3.4352
56,3,100,0.318799,0.061155,548,447,91,acucar,d6e3c22d87,3.4352
56,4,100,0.318799,0.061155,548,447,91,acucar,d6e3c22d87,3.4352
56,5,100,0.314153,0.060261,547,445,90,lava roupas,0952ef10b9,5.9081
56,6,100,0.319425,0.060854,551,451,90,lava roupas,84b2c8b13b,18.2661
56,7,100,0.318799,0.061155,548,447,91,acucar,d6e3c22d87,3.4352
56,8,100,0.319425,0.060854,551,451,90,lava roupas,84b2c8b13b,18.2661
56,9,100,0.314153,0.060261,547,445,90,lava roupas,0952ef10b9,5.9081
56,10,100,0.314153,0.060261,547,445,90,lava roupas,0952ef10b9,5.9081
56,11,100,0.317241,0.060427,549,448,90,lava roupas,6646c02992,5.7406
56,12,100,0.312582,0.059335,546,444,90,lava roupas,5a2927ba6b,6.0508
56,13,100,0.316443,0.060760,546,443,91,acucar,d0a8012dc6,4.2427
56,14,100,0.318799,0.061155,548,447,91,acucar,d6e3c22d87,3.4352
56,15,100,0.314153,0.060261,547,445,90,lava roupas,0952ef10b9,5.9081
56,16,100,0.314153,0.060261,547,445,90,lava roupas,0952ef10b9,5.9081
56,17,100,0.314153,0.060261,547,445,90,lava roupas,0952ef10b9,5.9081
56,18,100,0.318799,0.061155,548,447,91,acucar,d6e3c22d87,3.4352
56,19,100,0.317827,0.060286,549,449,90,lava roupas,e0ecf495aa,4.1227
56,20,100,0.318546,0.059597,552,451,90,lava roupas,112ba1398e,5.0432
56,21,100,0.314153,0.060261,547,445,90,lava roupas,0952ef10b9,5.9081
56,22,100,0.317548,0.060291,548,451,90,lava roupas,8cb8dc3135,4.0627
56,23,100,0.318799,0.061155,548,447,91,acucar,d6e3c22d87,3.4352
56,24,100,0.318799,0.061155,548,447,91,acucar,d6e3c22d87,3.4352
56,25,100,0.318799,0.061155,548,447,91,acucar,d6e3c22d87,3.4352
56,26,100,0.318799,0.061155,548,447,91,acucar,d6e3c22d87,3.4352
56,27,100,0.317481,0.061086,550,450,91,lava roupas,a2fa638c06,4.2482
56,28,100,0.318799,0.061155,548,447,91,acucar,d6e3c22d87,3.4352
56,29,100,0.317481,0.061086,550,450,91,lava roupas,a2fa638c06,4.2482
56,30,100,0.318799,0.061155,548,447,91,acucar,d6e3c22d87,3.4352
56,31,100,0.318799,0.061155,548,447,91,acucar,d6e3c22d87,3.4352
56,32,100,0.318799,0.061155,548,447,91,acucar,d6e3c22d87,3.4352
56,33,100,0.318799,0.061155,548,447,91,acucar,d6e3c22d87,3.4352
56,34,100,0.318799,0.061155,548,447,91,acucar,d6e3c22d87,3.4352
56,35,100,0.314153,0.060261,547,445,90,lava roupas,0952ef10b9,5.9081
56,36,100,0.317241,0.060427,549,448,90,lava roupas,6646c02992,5.7406
56,37,100,0.315124,0.060460,547,447,90,lava roupas,fff769f3f9,3.8374
56,38,100,0.319238,0.060782,551,451,90,lava roupas,e6cbbcb916,3.4579
56,39,100,0.317481,0.061086,550,450,91,lava roupas,a2fa638c06,4.2482
56,40,100,0.318799,0.061155,548,447,91,acucar,d6e3c22d87,3.4352
56,41,100,0.318786,0.060711,549,448,90,lava roupas,ee395e8cfa,3.8947
56,42,100,0.318799,0.061155,548,447,91,acucar,d6e3c22d87,3.4352
56,43,100,0.318786,0.060711,549,448,90,lava roupas,ee395e8cfa,3.8947
56,44,100,0.319664,0.060483,551,452,89,lava roupas,62051f6618,5.0764
56,45,100,0.318799,0.061155,548,447,91,acucar,d6e3c22d87,3.4352
56,46,100,0.317694,0.060548,549,447,90,lava roupas,6e26fb47f1,3.3788
56,47,100,0.319385,0.060827,550,451,90,acucar,f37a863481,4.0448
56,48,100,0.319744,0.060489,553,453,89,lava roupas,2bd40c2919,3.5723
56,49,100,0.320743,0.059872,552,450,90,lava roupas,35280f0994,3.3171
57,0,100,0.318799,0.061155,548,447,91,acucar,d6e3c22d87,3.4352
57,1,100,0.318799,0.061155,548,447,91,acucar,d6e3c22d87,3.4352
57,2,100,0.318799,0.061155,548,447,91,acucar,d6e3c22d87,3.4352
57,3,100,0.318799,0.061155,548,447,91,acucar,d6e3c22d87,3.4352
57,4,100,0.318799,0.061155,548,447,91,acucar,d6e3c22d87,3.4352
57,5,100,0.319425,0.060854,551,451,90,lava roupas,84b2c8b13b,18.2661
57,6,100,0.318799,0.061155,548,447,91,acucar,d6e3c22d87,3.4352
57,7,100,0.318799,0.061155,548,447,91,acucar,d6e3c22d87,3.4352
57,8,100,0.318799,0.061155,548,447,91,acucar,d6e3c22d87,3.4352
57,9,100,0.318799,0.061155,548,447,91,acucar,d6e3c22d87,3.4352
57,10,100,0.318799,0.061155,548,447,91,acucar,d6e3c22d87,3.4352
57,11,100,0.318799,0.061155,548,447,91,acucar,d6e3c22d87,3.4352
57,12,100,0.318799,0.061155,548,447,91,acucar,d6e3c22d87,3.4352
57,13,100,0.318799,0.061155,548,447,91,acucar,d6e3c22d87,3.4352
57,14,100,0.317241,0.060427,549,448,90,lava roupas,6646c02992,5.7406
57,15,100,0.318799,0.061155,548,447,91,acucar,d6e3c22d87,3.4352
57,16,100,0.315124,0.060460,547,447,90,lava roupas,fff769f3f9,3.8374
57,17,100,0.318799,0.061155,548,447,91,acucar,d6e3c22d87,3.4352
57,18,100,0.318799,0.061155,548,447,91,acucar,d6e3c22d87,3.4352
57,19,100,0.318799,0.061155,548,447,91,acucar,d6e3c22d87,3.4352
57,20,100,0.318799,0.061155,548,447,91,acucar,d6e3c22d87,3.4352
57,21,100,0.294142,0.059596,547,445,91,acucar,40c011e09f,6.2078
57,22,100,0.318799,0.061155,548,447,91,acucar,d6e3c22d87,3.4352
57,23,100,0.318985,0.061108,550,451,91,lava roupas,5286b4afe9,5.9302
57,24,100,0.317827,0.060286,549,449,90,lava roupas,e0ecf495aa,4.1227
57,25,100,0.318799,0.061155,548,447,91,acucar,d6e3c22d87,3.4352
57,26,100,0.315124,0.060460,547,447,90,lava roupas,fff769f3f9,3.8374
57,27,100,0.318799,0.061155,548,447,91,acucar,d6e3c22d87,3.4352
57,28,100,0.318799,0.061155,548,447,91,acucar,d6e3c22d87,3.4352
57,29,100,0.315124,0.060460,547,447,90,lava roupas,fff769f3f9,3.8374
57,30,100,0.318799,0.061155,548,447,91,acucar,d6e3c22d87,3.4352
57,31,100,0.318799,0.061155,548,447,91,acucar,d6e3c22d87,3.4352
57,32,100,0.318799,0.061155,548,447,91,acucar,d6e3c22d87,3.4352
57,33,100,0.317481,0.061086,550,450,91,lava roupas,a2fa638c06,4.2482
57,34,100,0.318799,0.061155,548,447,91,acucar,d6e3c22d87,3.4352
57,35,100,0.318799,0.061155,548,447,91,acucar,d6e3c22d87,3.4352
57,36,100,0.317641,0.060280,546,445,90,acucar,c8ae7a9057,6.1637
57,37,100,0.318799,0.061155,548,447,91,acucar,d6e3c22d87,3.4352
57,38,100,0.314153,0.060261,547,445,90,lava roupas,0952ef10b9,5.9081
57,39,100,0.318799,0.061155,548,447,91,acucar,d6e3c22d87,3.4352
57,40,100,0.318799,0.061155,548,447,91,acucar,d6e3c22d87,3.4352
57,41,100,0.313101,0.060256,544,444,91,acucar,98266a5276,6.1850
57,42,100,0.316349,0.060416,547,445,90,iogurte,56fa7261c0,4.7603
57,43,100,0.317681,0.060907,548,446,91,acucar,ffda0ce4df,4.2753
57,44,100,0.316443,0.060760,546,443,91,acucar,d0a8012dc6,4.2427
57,45,100,0.318799,0.061155,548,447,91,acucar,d6e3c22d87,3.4352
57,46,100,0.319332,0.060453,548,448,90,lava roupas,11999e041a,4.6969
57,47,100,0.318799,0.061155,548,447,91,acucar,d6e3c22d87,3.4352
57,48,100,0.318799,0.061155,548,447,91,acucar,d6e3c22d87,3.4352
57,49,100,0.317481,0.061086,550,450,91,lava roupas,a2fa638c06,4.2482
58,0,100,0.318799,0.061155,548,447,91,acucar,d6e3c22d87,3.4352
58,1,100,0.318799,0.061155,548,447,91,acucar,d6e3c22d87,3.4352
58,2,100,0.318799,0.061155,548,447,91,acucar,d6e3c22d87,3.4352
58,3,100,0.318799,0.061155,548,447,91,acucar,d6e3c22d87,3.4352
58,4,100,0.318799,0.061155,548,447,91,acucar,d6e3c22d87,3.4352
58,5,100,0.314552,0.060966,549,448,91,acucar,17f7068d9e,4.0945
58,6,100,0.318799,0.061155,548,447,91,acucar,d6e3c22d87,3.4352
58,7,100,0.318799,0.061155,548,447,91,acucar,d6e3c22d87,3.4352
58,8,100,0.318799,0.061155,548,447,91,acucar,d6e3c22d87,3.4352
58,9,100,0.318799,0.061155,548,447,91,acucar,d6e3c22d87,3.4352
58,10,100,0.318799,0.061155,548,447,91,acucar,d6e3c22d87,3.4352
58,11,100,0.318067,0.059605,549,449,91,acucar,d9608c873d,3.7304
58,12,100,0.318799,0.061155,548,447,91,acucar,d6e3c22d87,3.4352
58,13,100,0.318799,0.061155,548,447,91,acucar,d6e3c22d87,3.4352
58,14,100,0.318799,0.061155,548,447,91,acucar,d6e3c22d87,3.4352
58,15,100,0.318799,0.061155,548,447,91,acucar,d6e3c22d87,3.4352
58,16,100,0.318799,0.061155,548,447,91,acucar,d6e3c22d87,3.4352
58,17,100,0.318253,0.061055,546,444,90,acucar,da5fa20c65,4.1000
58,18,100,0.317907,0.060383,547,446,90,sabonete,b68239b32d,3.7269
58,19,100,0.318799,0.061155,548,447,91,acucar,d6e3c22d87,3.4352
58,20,100,0.318799,0.061155,548,447,91,acucar,d6e3c22d87,3.4352
58,21,100,0.318799,0.061155,548,447,91,acucar,d6e3c22d87,3.4352
58,22,100,0.318799,0.061155,548,447,91,acucar,d6e3c22d87,3.4352
58,23,100,0.308694,0.060451,546,445,91,acucar,b673f7f419,4.3075
58,24,100,0.318999,0.061250,546,448,91,acucar,0569d81f63,3.5614
58,25,100,0.318799,0.061155,548,447,91,acucar,d6e3c22d87,3.4352
58,26,100,0.318799,0.061155,548,447,91,acucar,d6e3c22d87,3.4352
58,27,100,0.318799,0.061155,548,447,91,acucar,d6e3c22d87,3.4352
58,28,100,0.318799,0.061155,548,447,91,acucar,d6e3c22d87,3.4352
58,29,100,0.318799,0.061155,548,447,91,acucar,d6e3c22d87,3.4352
58,30,100,0.318799,0.061155,548,447,91,acucar,d6e3c22d87,3.4352
58,31,100,0.318799,0.061155,548,447,91,acucar,d6e3c22d87,3.4352
58,32,100,0.318799,0.061155,548,447,91,acucar,d6e3c22d87,3.4352
58,33,100,0.318799,0.061155,548,447,91,acucar,d6e3c22d87,3.4352
58,34,100,0.318799,0.061155,548,447,91,acucar,d6e3c22d87,3.4352
58,35,100,0.318799,0.061155,548,447,91,acucar,d6e3c22d87,3.4352
58,36,100,0.318799,0.061155,548,447,91,acucar,d6e3c22d87,3.4352
58,37,100,0.318799,0.061155,548,447,91,acucar,d6e3c22d87,3.4352
58,38,100,0.318799,0.061155,548,447,91,acucar,d6e3c22d87,3.4352
58,39,100,0.318799,0.061155,548,447,91,acucar,d6e3c22d87,3.4352
58,40,100,0.318799,0.061155,548,447,91,acucar,d6e3c22d87,3.4352
58,41,100,0.318799,0.061155,548,447,91,acucar,d6e3c22d87,3.4352
58,42,100,0.318493,0.061060,547,446,91,acucar,bac67000d1,3.5809
58,43,100,0.318799,0.061155,548,447,91,acucar,d6e3c22d87,3.4352
58,44,100,0.318799,0.061155,548,447,91,acucar,d6e3c22d87,3.4352
58,45,100,0.318799,0.061155,548,447,91,acucar,d6e3c22d87,3.4352
58,46,100,0.315511,0.060353,544,445,91,biscoito,dafd486ac4,4.7263
58,47,100,0.318799,0.061155,548,447,91,acucar,d6e3c22d87,3.4352
58,48,100,0.318799,0.061155,548,447,91,acucar,d6e3c22d87,3.4352
58,49,100,0.318799,0.061155,548,447,91,acucar,d6e3c22d87,3.4352
59,0,100,0.318999,0.061250,546,448,91,acucar,0569d81f63,3.5614
59,1,100,0.318799,0.061155,548,447,91,acucar,d6e3c22d87,3.4352
59,2,100,0.318799,0.061155,548,447,91,acucar,d6e3c22d87,3.4352
59,3,100,0.318799,0.061155,548,447,91,acucar,d6e3c22d87,3.4352
59,4,100,0.318799,0.061155,548,447,91,acucar,d6e3c22d87,3.4352
59,5,100,0.318799,0.061155,548,447,91,acucar,d6e3c22d87,3.4352
59,6,100,0.318799,0.061155,548,447,91,acucar,d6e3c22d87,3.4352
59,7,100,0.318799,0.061155,548,447,91,acucar,d6e3c22d87,3.4352
59,8,100,0.318799,0.061155,548,447,91,acucar,d6e3c22d87,3.4352
59,9,100,0.318799,0.061155,548,447,91,acucar,d6e3c22d87,3.4352
59,10,100,0.318799,0.061155,548,447,91,acucar,d6e3c22d87,3.4352
59,11,100,0.318799,0.061155,548,447,91,acucar,d6e3c22d87,3.4352
59,12,100,0.318799,0.061155,548,447,91,acucar,d6e3c22d87,3.4352
59,13,100,0.316669,0.060229,548,448,90,suco pronto,6d52dc98bc,4.5957
59,14,100,0.318799,0.061155,548,447,91,acucar,d6e3c22d87,3.4352
59,15,100,0.318799,0.061155,548,447,91,acucar,d6e3c22d87,3.4352
59,16,100,0.318799,0.061155,548,447,91,acucar,d6e3c22d87,3.4352
59,17,100,0.318799,0.061155,548,447,91,acucar,d6e3c22d87,3.4352
59,18,100,0.318799,0.061155,548,447,91,acucar,d6e3c22d87,3.4352
59,19,100,0.318799,0.061155,548,447,91,acucar,d6e3c22d87,3.4352
59,20,100,0.318799,0.061155,548,447,91,acucar,d6e3c22d87,3.4352
59,21,100,0.318799,0.061155,548,447,91,acucar,d6e3c22d87,3.4352
59,22,100,0.318799,0.061155,548,447,91,acucar,d6e3c22d87,3.4352
59,23,100,0.318799,0.061155,548,447,91,acucar,d6e3c22d87,3.4352
59,24,100,0.318799,0.061155,548,447,91,acucar,d6e3c22d87,3.4352
59,25,100,0.318799,0.061155,548,447,91,acucar,d6e3c22d87,3.4352
59,26,100,0.318799,0.061155,548,447,91,acucar,d6e3c22d87,3.4352
59,27,100,0.318999,0.061250,546,448,91,acucar,0569d81f63,3.5614
59,28,100,0.318799,0.061155,548,447,91,acucar,d6e3c22d87,3.4352
59,29,100,0.318799,0.061155,548,447,91,acucar,d6e3c22d87,3.4352
59,30,100,0.318799,0.061155,548,447,91,acucar,d6e3c22d87,3.4352
59,31,100,0.318799,0.061155,548,447,91,acucar,d6e3c22d87,3.4352
59,32,100,0.318799,0.061155,548,447,91,acucar,d6e3c22d87,3.4352
59,33,100,0.318799,0.061155,548,447,91,acucar,d6e3c22d87,3.4352
59,34,100,0.318799,0.061155,548,447,91,acucar,d6e3c22d87,3.4352
59,35,100,0.318493,0.061060,547,446,91,acucar,bac67000d1,3.5809
59,36,100,0.318559,0.060946,548,445,91,acucar,6e7a658d3a,4.2646
59,37,100,0.318799,0.061155,548,447,91,acucar,d6e3c22d87,3.4352
59,38,100,0.318799,0.061155,548,447,91,acucar,d6e3c22d87,3.4352
59,39,100,0.318799,0.061155,548,447,91,acucar,d6e3c22d87,3.4352
59,40,100,0.318799,0.061155,548,447,91,acucar,d6e3c22d87,3.4352
59,41,100,0.318799,0.061155,548,447,91,acucar,d6e3c22d87,3.4352
59,42,100,0.318799,0.061155,548,447,91,acucar,d6e3c22d87,3.4352
59,43,100,0.318027,0.060354,550,448,90,acucar,aee6af6e6e,4.7411
59,44,100,0.318799,0.061155,548,447,91,acucar,d6e3c22d87,3.4352
59,45,100,0.318799,0.061155,548,447,91,acucar,d6e3c22d87,3.4352
59,46,100,0.318799,0.061155,548,447,91,acucar,d6e3c22d87,3.4352
59,47,100,0.318799,0.061155,548,447,91,acucar,d6e3c22d87,3.4352
59,48,100,0.318799,0.061155,548,447,91,acucar,d6e3c22d87,3.4352
59,49,100,0.318799,0.061155,548,447,91,acucar,d6e3c22d87,3.4352
60,0,100,0.318999,0.061250,546,448,91,acucar,0569d81f63,3.5614
60,1,100,0.318999,0.061250,546,448,91,acucar,0569d81f63,3.5614
60,2,100,0.318799,0.061155,548,447,91,acucar,d6e3c22d87,3.4352
60,3,100,0.318799,0.061155,548,447,91,acucar,d6e3c22d87,3.4352
60,4,100,0.318799,0.061155,548,447,91,acucar,d6e3c22d87,3.4352
60,5,100,0.318799,0.061155,548,447,91,acucar,d6e3c22d87,3.4352
60,6,100,0.318799,0.061155,548,447,91,acucar,d6e3c22d87,3.4352
60,7,100,0.318799,0.061155,548,447,91,acucar,d6e3c22d87,3.4352
60,8,100,0.318799,0.061155,548,447,91,acucar,d6e3c22d87,3.4352
60,9,100,0.318320,0.060370,548,447,90,acucar,5b671340b7,3.9640
60,10,100,0.318799,0.061155,548,447,91,acucar,d6e3c22d87,3.4352
60,11,100,0.318799,0.061155,548,447,91,acucar,d6e3c22d87,3.4352
60,12,100,0.318799,0.061155,548,447,91,acucar,d6e3c22d87,3.4352
60,13,100,0.318799,0.061155,548,447,91,acucar,d6e3c22d87,3.4352
60,14,100,0.318799,0.061155,548,447,91,acucar,d6e3c22d87,3.4352
60,15,100,0.318799,0.061155,548,447,91,acucar,d6e3c22d87,3.4352
60,16,100,0.318799,0.061155,548,447,91,acucar,d6e3c22d87,3.4352
60,17,100,0.318999,0.061250,546,448,91,acucar,0569d81f63,3.5614
60,18,100,0.318799,0.061155,548,447,91,acucar,d6e3c22d87,3.4352
60,19,100,0.318799,0.061155,548,447,91,acucar,d6e3c22d87,3.4352
60,20,100,0.318799,0.061155,548,447,91,acucar,d6e3c22d87,3.4352
60,21,100,0.318799,0.061155,548,447,91,acucar,d6e3c22d87,3.4352
60,22,100,0.318999,0.061250,546,448,91,acucar,0569d81f63,3.5614
60,23,100,0.318799,0.061155,548,447,91,acucar,d6e3c22d87,3.4352
60,24,100,0.318799,0.061155,548,447,91,acucar,d6e3c22d87,3.4352
60,25,100,0.318799,0.061155,548,447,91,acucar,d6e3c22d87,3.4352
60,26,100,0.318799,0.061155,548,447,91,acucar,d6e3c22d87,3.4352
60,27,100,0.318799,0.061155,548,447,91,acucar,d6e3c22d87,3.4352
60,28,100,0.318799,0.061155,548,447,91,acucar,d6e3c22d87,3.4352
60,29,100,0.318799,0.061155,548,447,91,acucar,d6e3c22d87,3.4352
60,30,100,0.318799,0.061155,548,447,91,acucar,d6e3c22d87,3.4352
60,31,100,0.318799,0.061155,548,447,91,acucar,d6e3c22d87,3.4352
60,32,100,0.318799,0.061155,548,447,91,acucar,d6e3c22d87,3.4352
60,33,100,0.318799,0.061155,548,447,91,acucar,d6e3c22d87,3.4352
60,34,100,0.319238,0.060902,547,447,91,acucar,7a4d32b69d,3.6289
60,35,100,0.319558,0.061145,548,448,90,preparo para sopa,0fe15f6d79,4.1819
60,36,100,0.317201,0.060836,546,447,91,acucar,93a85b5d18,3.7218
60,37,100,0.318799,0.061155,548,447,91,acucar,d6e3c22d87,3.4352
60,38,100,0.313061,0.060234,549,444,90,carne de ave,1e96586c4c,3.7121
60,39,100,0.318799,0.061155,548,447,91,acucar,d6e3c22d87,3.4352
60,40,100,0.318799,0.061155,548,447,91,acucar,d6e3c22d87,3.4352
60,41,100,0.318799,0.061155,548,447,91,acucar,d6e3c22d87,3.4352
60,42,100,0.318799,0.061155,548,447,91,acucar,d6e3c22d87,3.4352
60,43,100,0.318999,0.061250,546,448,91,acucar,0569d81f63,3.5614
60,44,100,0.318799,0.061155,548,447,91,acucar,d6e3c22d87,3.4352
60,45,100,0.318799,0.061155,548,447,91,acucar,d6e3c22d87,3.4352
60,46,100,0.318999,0.061250,546,448,91,acucar,0569d81f63,3.5614
60,47,100,0.318280,0.060521,549,447,90,acucar,e4b0c066ae,4.1612
60,48,100,0.318799,0.061155,548,447,91,acucar,d6e3c22d87,3.4352
60,49,100,0.318799,0.061155,548,447,91,acucar,d6e3c22d87,3.4352
61,0,100,0.318999,0.061250,546,448,91,acucar,0569d81f63,3.5614
61,1,100,0.318999,0.061250,546,448,91,acucar,0569d81f63,3.5614
61,2,100,0.318999,0.061250,546,448,91,acucar,0569d81f63,3.5614
61,3,100,0.318999,0.061250,546,448,91,acucar,0569d81f63,3.5614
61,4,100,0.318999,0.061250,546,448,91,acucar,0569d81f63,3.5614
61,5,100,0.318799,0.061155,548,447,91,acucar,d6e3c22d87,3.4352
61,6,100,0.318799,0.061155,548,447,91,acucar,d6e3c22d87,3.4352
61,7,100,0.318799,0.061155,548,447,91,acucar,d6e3c22d87,3.4352
61,8,100,0.318799,0.061155,548,447,91,acucar,d6e3c22d87,3.4352
61,9,100,0.318999,0.061250,546,448,91,acucar,0569d81f63,3.5614
61,10,100,0.318999,0.061250,546,448,91,acucar,0569d81f63,3.5614
61,11,100,0.318799,0.061155,548,447,91,acucar,d6e3c22d87,3.4352
61,12,100,0.316975,0.060010,544,445,90,acucar,4a44ce3f3f,4.2498
61,13,100,0.318799,0.061155,548,447,91,acucar,d6e3c22d87,3.4352
61,14,100,0.318799,0.061155,548,447,91,acucar,d6e3c22d87,3.4352
61,15,100,0.318799,0.061155,548,447,91,acucar,d6e3c22d87,3.4352
61,16,100,0.318999,0.061250,546,448,91,acucar,0569d81f63,3.5614
61,17,100,0.318799,0.061155,548,447,91,acucar,d6e3c22d87,3.4352
61,18,100,0.318799,0.061155,548,447,91,acucar,d6e3c22d87,3.4352
61,19,100,0.318799,0.061155,548,447,91,acucar,d6e3c22d87,3.4352
61,20,100,0.318799,0.061155,548,447,91,acucar,d6e3c22d87,3.4352
61,21,100,0.318999,0.061250,546,448,91,acucar,0569d81f63,3.5614
61,22,100,0.318799,0.061155,548,447,91,acucar,d6e3c22d87,3.4352
61,23,100,0.318799,0.061155,548,447,91,acucar,d6e3c22d87,3.4352
61,24,100,0.318799,0.061155,548,447,91,acucar,d6e3c22d87,3.4352
61,25,100,0.318799,0.061155,548,447,91,acucar,d6e3c22d87,3.4352
61,26,100,0.318999,0.061250,546,448,91,acucar,0569d81f63,3.5614
61,27,100,0.314499,0.059879,544,442,90,acucar,39925e77a2,4.7719
61,28,100,0.318999,0.061250,546,448,91,acucar,0569d81f63,3.5614
61,29,100,0.318480,0.060765,549,448,90,acucar,0ec1f047fe,4.9523
61,30,100,0.318999,0.061250,546,448,91,acucar,0569d81f63,3.5614
61,31,100,0.318799,0.061155,548,447,91,acucar,d6e3c22d87,3.4352
61,32,100,0.318799,0.061155,548,447,91,acucar,d6e3c22d87,3.4352
61,33,100,0.318999,0.061250,546,448,91,acucar,0569d81f63,3.5614
61,34,100,0.318440,0.061286,549,449,92,acucar,4a435e3128,6.1079
61,35,100,0.318799,0.061155,548,447,91,acucar,d6e3c22d87,3.4352
61,36,100,0.318799,0.061155,548,447,91,acucar,d6e3c22d87,3.4352
61,37,100,0.318799,0.061155,548,447,91,acucar,d6e3c22d87,3.4352
61,38,100,0.318799,0.061155,548,447,91,acucar,d6e3c22d87,3.4352
61,39,100,0.318799,0.061155,548,447,91,acucar,d6e3c22d87,3.4352
61,40,100,0.317508,0.060202,547,444,90,acucar,58e067e02c,3.8218
61,41,100,0.318799,0.061155,548,447,91,acucar,d6e3c22d87,3.4352
61,42,100,0.318999,0.061250,546,448,91,acucar,0569d81f63,3.5614
61,43,100,0.318799,0.061155,548,447,91,acucar,d6e3c22d87,3.4352
61,44,100,0.318999,0.061250,546,448,91,acucar,0569d81f63,3.5614
61,45,100,0.318799,0.061155,548,447,91,acucar,d6e3c22d87,3.4352
61,46,100,0.318799,0.061155,548,447,91,acucar,d6e3c22d87,3.4352
61,47,100,0.318799,0.061155,548,447,91,acucar,d6e3c22d87,3.4352
61,48,100,0.318999,0.061250,546,448,91,acucar,0569d81f63,3.5614
61,49,100,0.318799,0.061155,548,447,91,acucar,d6e3c22d87,3.4352
62,0,100,0.318440,0.061286,549,449,92,acucar,4a435e3128,6.1079
62,1,100,0.318999,0.061250,546,448,91,acucar,0569d81f63,3.5614
62,2,100,0.318999,0.061250,546,448,91,acucar,0569d81f63,3.5614
62,3,100,0.318999,0.061250,546,448,91,acucar,0569d81f63,3.5614
62,4,100,0.318999,0.061250,546,448,91,acucar,0569d81f63,3.5614
62,5,100,0.318799,0.061155,548,447,91,acucar,d6e3c22d87,3.4352
62,6,100,0.318999,0.061250,546,448,91,acucar,0569d81f63,3.5614
62,7,100,0.318799,0.061155,548,447,91,acucar,d6e3c22d87,3.4352
62,8,100,0.313300,0.060243,545,447,91,acucar,dfa102fcfc,5.1136
62,9,100,0.318999,0.061250,546,448,91,acucar,0569d81f63,3.5614
62,10,100,0.318999,0.061250,546,448,91,acucar,0569d81f63,3.5614
62,11,100,0.318386,0.060076,549,449,91,acucar,019263c7f4,4.5527
62,12,100,0.318799,0.061155,548,447,91,acucar,d6e3c22d87,3.4352
62,13,100,0.318999,0.061250,546,448,91,acucar,0569d81f63,3.5614
62,14,100,0.318999,0.061250,546,448,91,acucar,0569d81f63,3.5614
62,15,100,0.317508,0.060937,549,445,91,acucar,b74340be0d,4.4729
62,16,100,0.318999,0.061250,546,448,91,acucar,0569d81f63,3.5614
62,17,100,0.318999,0.061250,546,448,91,acucar,0569d81f63,3.5614
62,18,100,0.316150,0.060441,547,447,91,acucar,5538dd74fb,4.9880
62,19,100,0.318799,0.061155,548,447,91,acucar,d6e3c22d87,3.4352
62,20,100,0.318999,0.061250,546,448,91,acucar,0569d81f63,3.5614
62,21,100,0.318639,0.061377,547,450,92,acucar,0e9d7945aa,3.9660
62,22,100,0.318799,0.061155,548,447,91,acucar,d6e3c22d87,3.4352
62,23,100,0.318799,0.061155,548,447,91,acucar,d6e3c22d87,3.4352
62,24,100,0.318799,0.061155,548,447,91,acucar,d6e3c22d87,3.4352
62,25,100,0.318799,0.061155,548,447,91,acucar,d6e3c22d87,3.4352
62,26,100,0.318999,0.061250,546,448,91,acucar,0569d81f63,3.5614
62,27,100,0.318999,0.061250,546,448,91,acucar,0569d81f63,3.5614
62,28,100,0.324005,0.061594,548,450,91,acucar,306b24250c,4.1779
62,29,100,0.318799,0.061155,548,447,91,acucar,d6e3c22d87,3.4352
62,30,100,0.318999,0.061250,546,448,91,acucar,0569d81f63,3.5614
62,31,100,0.318999,0.061250,546,448,91,acucar,0569d81f63,3.5614
62,32,100,0.318799,0.061155,548,447,91,acucar,d6e3c22d87,3.4352
62,33,100,0.318999,0.061250,546,448,91,acucar,0569d81f63,3.5614
62,34,100,0.318999,0.061250,546,448,91,acucar,0569d81f63,3.5614
62,35,100,0.318799,0.061155,548,447,91,acucar,d6e3c22d87,3.4352
62,36,100,0.318639,0.061377,547,450,92,acucar,0e9d7945aa,3.9660
62,37,100,0.318999,0.061250,546,448,91,acucar,0569d81f63,3.5614
62,38,100,0.318799,0.061155,548,447,91,acucar,d6e3c22d87,3.4352
62,39,100,0.318999,0.061250,546,448,91,acucar,0569d81f63,3.5614
62,40,100,0.318999,0.061250,546,448,91,acucar,0569d81f63,3.5614
62,41,100,0.318999,0.061250,546,448,91,acucar,0569d81f63,3.5614
62,42,100,0.318999,0.061250,546,448,91,acucar,0569d81f63,3.5614
62,43,100,0.318400,0.060605,552,451,91,acucar,3490eecaab,4.1729
62,44,100,0.318799,0.061155,548,447,91,acucar,d6e3c22d87,3.4352
62,45,100,0.318999,0.061250,546,448,91,acucar,0569d81f63,3.5614
62,46,100,0.318999,0.061250,546,448,91,acucar,0569d81f63,3.5614
62,47,100,0.318799,0.061155,548,447,91,acucar,d6e3c22d87,3.4352
62,48,100,0.318999,0.061250,546,448,91,acucar,0569d81f63,3.5614
62,49,100,0.318999,0.061250,546,448,91,acucar,0569d81f63,3.5614
63,0,100,0.324005,0.061594,548,450,91,acucar,306b24250c,4.1779
63,1,100,0.318639,0.061377,547,450,92,acucar,0e9d7945aa,3.9660
63,2,100,0.318639,0.061377,547,450,92,acucar,0e9d7945aa,3.9660
63,3,100,0.318440,0.061286,549,449,92,acucar,4a435e3128,6.1079
63,4,100,0.318999,0.061250,546,448,91,acucar,0569d81f63,3.5614
63,5,100,0.318999,0.061250,546,448,91,acucar,0569d81f63,3.5614
63,6,100,0.318999,0.061250,546,448,91,acucar,0569d81f63,3.5614
63,7,100,0.318999,0.061250,546,448,91,acucar,0569d81f63,3.5614
63,8,100,0.318999,0.061250,546,448,91,acucar,0569d81f63,3.5614
63,9,100,0.318999,0.061250,546,448,91,acucar,0569d81f63,3.5614
63,10,100,0.318999,0.061250,546,448,91,acucar,0569d81f63,3.5614
63,11,100,0.318999,0.061250,546,448,91,acucar,0569d81f63,3.5614
63,12,100,0.318999,0.061250,546,448,91,acucar,0569d81f63,3.5614
63,13,100,0.318999,0.061250,546,448,91,acucar,0569d81f63,3.5614
63,14,100,0.317627,0.060158,548,449,90,acucar,983afe3efe,4.8725
63,15,100,0.318999,0.061250,546,448,91,acucar,0569d81f63,3.5614
63,16,100,0.318493,0.060862,545,447,91,acucar,a603dd79c4,3.8037
63,17,100,0.318639,0.061377,547,450,92,acucar,0e9d7945aa,3.9660
63,18,100,0.318799,0.061155,548,447,91,acucar,d6e3c22d87,3.4352
63,19,100,0.318999,0.061250,546,448,91,acucar,0569d81f63,3.5614
63,20,100,0.318999,0.061250,546,448,91,acucar,0569d81f63,3.5614
63,21,100,0.318999,0.061250,546,448,91,acucar,0569d81f63,3.5614
63,22,100,0.318999,0.061250,546,448,91,acucar,0569d81f63,3.5614
63,23,100,0.318440,0.061286,549,449,92,acucar,4a435e3128,6.1079
63,24,100,0.318999,0.061250,546,448,91,acucar,0569d81f63,3.5614
63,25,100,0.318639,0.061377,547,450,92,acucar,0e9d7945aa,3.9660
63,26,100,0.318014,0.060744,546,448,91,acucar,096f9e573d,3.6038
63,27,100,0.318999,0.061250,546,448,91,acucar,0569d81f63,3.5614
63,28,100,0.318999,0.061250,546,448,91,acucar,0569d81f63,3.5614
63,29,100,0.318999,0.061250,546,448,91,acucar,0569d81f63,3.5614
63,30,100,0.318999,0.061250,546,448,91,acucar,0569d81f63,3.5614
63,31,100,0.318999,0.061250,546,448,91,acucar,0569d81f63,3.5614
63,32,100,0.318999,0.061250,546,448,91,acucar,0569d81f63,3.5614
63,33,100,0.318999,0.061250,546,448,91,acucar,0569d81f63,3.5614
63,34,100,0.318999,0.061250,546,448,91,acucar,0569d81f63,3.5614
63,35,100,0.318999,0.061250,546,448,91,acucar,0569d81f63,3.5614
63,36,100,0.316309,0.060486,545,447,91,acucar,f8ae1e85ac,3.9785
63,37,100,0.317960,0.060525,545,444,90,acucar,c2d2a2a7bd,3.7266
63,38,100,0.318799,0.061155,548,447,91,acucar,d6e3c22d87,3.4352
63,39,100,0.318639,0.061377,547,450,92,acucar,0e9d7945aa,3.9660
63,40,100,0.318999,0.061250,546,448,91,acucar,0569d81f63,3.5614
63,41,100,0.318999,0.061250,546,448,91,acucar,0569d81f63,3.5614
63,42,100,0.318999,0.061250,546,448,91,acucar,0569d81f63,3.5614
63,43,100,0.318639,0.061377,547,450,92,acucar,0e9d7945aa,3.9660
63,44,100,0.318639,0.060437,549,452,90,acucar,fc73a3e8c6,3.4760
63,45,100,0.318999,0.061250,546,448,91,acucar,0569d81f63,3.5614
63,46,100,0.318999,0.061250,546,448,91,acucar,0569d81f63,3.5614
63,47,100,0.318799,0.061155,548,447,91,acucar,d6e3c22d87,3.4352
63,48,100,0.318999,0.061250,546,448,91,acucar,0569d81f63,3.5614
63,49,100,0.318999,0.061250,546,448,91,acucar,0569d81f63,3.5614
64,0,100,0.324005,0.061594,548,450,91,acucar,306b24250c,4.1779
64,1,100,0.318639,0.061377,547,450,92,acucar,0e9d7945aa,3.9660
64,2,100,0.318639,0.061377,547,450,92,acucar,0e9d7945aa,3.9660
64,3,100,0.318639,0.061377,547,450,92,acucar,0e9d7945aa,3.9660
64,4,100,0.318639,0.061377,547,450,92,acucar,0e9d7945aa,3.9660
64,5,100,0.316030,0.060391,547,446,91,acucar,0dc665df91,7.9498
64,6,100,0.316083,0.060636,547,450,92,acucar,7aa750209c,7.7619
64,7,100,0.315883,0.060663,549,449,92,acucar,9bb0007f14,4.6285
64,8,100,0.318014,0.060744,546,448,91,acucar,096f9e573d,3.6038
64,9,100,0.318999,0.061250,546,448,91,acucar,0569d81f63,3.5614
64,10,100,0.324005,0.061594,548,450,91,acucar,306b24250c,4.1779
64,11,100,0.318999,0.061250,546,448,91,acucar,0569d81f63,3.5614
64,12,100,0.318999,0.061250,546,448,91,acucar,0569d81f63,3.5614
64,13,100,0.309879,0.059946,546,449,91,carne de ave,8f8607b620,4.2631
64,14,100,0.324005,0.061594,548,450,91,acucar,306b24250c,4.1779
64,15,100,0.318999,0.061250,546,448,91,acucar,0569d81f63,3.5614
64,16,100,0.318999,0.061250,546,448,91,acucar,0569d81f63,3.5614
64,17,100,0.318999,0.061250,546,448,91,acucar,0569d81f63,3.5614
64,18,100,0.316110,0.060307,547,448,90,acucar,28380c2bcd,3.8637
64,19,100,0.318999,0.061250,546,448,91,acucar,0569d81f63,3.5614
64,20,100,0.318639,0.061377,547,450,92,acucar,0e9d7945aa,3.9660
64,21,100,0.318999,0.061250,546,448,91,acucar,0569d81f63,3.5614
64,22,100,0.318999,0.061250,546,448,91,acucar,0569d81f63,3.5614
64,23,100,0.318999,0.061250,546,448,91,acucar,0569d81f63,3.5614
64,24,100,0.318999,0.061250,546,448,91,acucar,0569d81f63,3.5614
64,25,100,0.318639,0.061377,547,450,92,acucar,0e9d7945aa,3.9660
64,26,100,0.318999,0.061250,546,448,91,acucar,0569d81f63,3.5614
64,27,100,0.318999,0.061250,546,448,91,acucar,0569d81f63,3.5614
64,28,100,0.318999,0.061250,546,448,91,acucar,0569d81f63,3.5614
64,29,100,0.318999,0.061250,546,448,91,acucar,0569d81f63,3.5614
64,30,100,0.318639,0.061377,547,450,92,acucar,0e9d7945aa,3.9660
64,31,100,0.318999,0.061250,546,448,91,acucar,0569d81f63,3.5614
64,32,100,0.318999,0.061250,546,448,91,acucar,0569d81f63,3.5614
64,33,100,0.318999,0.061250,546,448,91,acucar,0569d81f63,3.5614
64,34,100,0.318999,0.061250,546,448,91,acucar,0569d81f63,3.5614
64,35,100,0.324005,0.061594,548,450,91,acucar,306b24250c,4.1779
64,36,100,0.318639,0.061377,547,450,92,acucar,0e9d7945aa,3.9660
64,37,100,0.318999,0.061250,546,448,91,acucar,0569d81f63,3.5614
64,38,100,0.318999,0.061250,546,448,91,acucar,0569d81f63,3.5614
64,39,100,0.318999,0.061250,546,448,91,acucar,0569d81f63,3.5614
64,40,100,0.318639,0.061377,547,450,92,acucar,0e9d7945aa,3.9660
64,41,100,0.318639,0.061377,547,450,92,acucar,0e9d7945aa,3.9660
64,42,100,0.301864,0.059872,545,447,92,acucar,74bc95340b,5.6425
64,43,100,0.318999,0.061250,546,448,91,acucar,0569d81f63,3.5614
64,44,100,0.318413,0.060467,545,445,90,acucar,ff886daefa,3.8251
64,45,100,0.318999,0.061250,546,448,91,acucar,0569d81f63,3.5614
64,46,100,0.318639,0.061377,547,450,92,acucar,0e9d7945aa,3.9660
64,47,100,0.318999,0.061250,546,448,91,acucar,0569d81f63,3.5614
64,48,100,0.318999,0.061250,546,448,91,acucar,0569d81f63,3.5614
64,49,100,0.318999,0.061250,546,448,91,acucar,0569d81f63,3.5614
65,0,100,0.324005,0.061594,548,450,91,acucar,306b24250c,4.1779
65,1,100,0.324005,0.061594,548,450,91,acucar,306b24250c,4.1779
65,2,100,0.324005,0.061594,548,450,91,acucar,306b24250c,4.1779
65,3,100,0.324005,0.061594,548,450,91,acucar,306b24250c,4.1779
65,4,100,0.318639,0.061377,547,450,92,acucar,0e9d7945aa,3.9660
65,5,100,0.318639,0.061377,547,450,92,acucar,0e9d7945aa,3.9660
65,6,100,0.318639,0.061377,547,450,92,acucar,0e9d7945aa,3.9660
65,7,100,0.312568,0.060264,546,450,91,acucar,053df0040f,4.4964
65,8,100,0.318639,0.061377,547,450,92,acucar,0e9d7945aa,3.9660
65,9,100,0.318999,0.061250,546,448,91,acucar,0569d81f63,3.5614
65,10,100,0.318999,0.061250,546,448,91,acucar,0569d81f63,3.5614
65,11,100,0.312781,0.060716,546,450,92,acucar,03d8b7a138,3.6957
65,12,100,0.318639,0.061377,547,450,92,acucar,0e9d7945aa,3.9660
65,13,100,0.318639,0.061377,547,450,92,acucar,0e9d7945aa,3.9660
65,14,100,0.324005,0.061594,548,450,91,acucar,306b24250c,4.1779
65,15,100,0.324005,0.061594,548,450,91,acucar,306b24250c,4.1779
65,16,100,0.321315,0.060747,549,450,90,agua,fb8beb4584,3.8986
65,17,100,0.318999,0.061250,546,448,91,acucar,0569d81f63,3.5614
65,18,100,0.324005,0.061594,548,450,91,acucar,306b24250c,4.1779
65,19,100,0.318639,0.061377,547,450,92,acucar,0e9d7945aa,3.9660
65,20,100,0.318999,0.061250,546,448,91,acucar,0569d81f63,3.5614
65,21,100,0.317707,0.060348,546,446,90,acucar,316fa9e0d8,4.1747
65,22,100,0.318639,0.061377,547,450,92,acucar,0e9d7945aa,3.9660
65,23,100,0.318999,0.061250,546,448,91,acucar,0569d81f63,3.5614
65,24,100,0.316150,0.060452,545,448,91,acucar,216955c01e,3.8970
65,25,100,0.318639,0.061377,547,450,92,acucar,0e9d7945aa,3.9660
65,26,100,0.318999,0.061250,546,448,91,acucar,0569d81f63,3.5614
65,27,100,0.318999,0.061250,546,448,91,acucar,0569d81f63,3.5614
65,28,100,0.318999,0.061250,546,448,91,acucar,0569d81f63,3.5614
65,29,100,0.318639,0.061377,547,450,92,acucar,0e9d7945aa,3.9660
65,30,100,0.318999,0.061250,546,448,91,acucar,0569d81f63,3.5614
65,31,100,0.318639,0.061377,547,450,92,acucar,0e9d7945aa,3.9660
65,32,100,0.324005,0.061594,548,450,91,acucar,306b24250c,4.1779
65,33,100,0.324005,0.061594,548,450,91,acucar,306b24250c,4.1779
65,34,100,0.317987,0.060953,547,446,90,iogurte,12ced59699,7.2085
65,35,100,0.318999,0.061250,546,448,91,acucar,0569d81f63,3.5614
65,36,100,0.318639,0.061377,547,450,92,acucar,0e9d7945aa,3.9660
65,37,100,0.318639,0.061377,547,450,92,acucar,0e9d7945aa,3.9660
65,38,100,0.324005,0.061594,548,450,91,acucar,306b24250c,4.1779
65,39,100,0.318639,0.061377,547,450,92,acucar,0e9d7945aa,3.9660
65,40,100,0.318999,0.061250,546,448,91,acucar,0569d81f63,3.5614
65,41,100,0.320743,0.061090,544,449,91,acucar,5cb09e8034,7.1933
65,42,100,0.318639,0.061377,547,450,92,acucar,0e9d7945aa,3.9660
65,43,100,0.318999,0.061250,546,448,91,acucar,0569d81f63,3.5614
65,44,100,0.318999,0.061250,546,448,91,acucar,0569d81f63,3.5614
65,45,100,0.317201,0.060613,544,446,91,acucar,e2beff4861,4.9312
65,46,100,0.324045,0.061608,548,449,91,acucar,2bab308fb9,7.3269
65,47,100,0.318999,0.061250,546,448,91,acucar,0569d81f63,3.5614
65,48,100,0.324005,0.061594,548,450,91,acucar,306b24250c,4.1779
65,49,100,0.317827,0.060798,548,449,91,acucar,f0ecd89a93,7.0216
66,0,100,0.324045,0.061608,548,449,91,acucar,2bab308fb9,7.3269
66,1,100,0.324005,0.061594,548,450,91,acucar,306b24250c,4.1779
66,2,100,0.324005,0.061594,548,450,91,acucar,306b24250c,4.1779
66,3,100,0.324005,0.061594,548,450,91,acucar,306b24250c,4.1779
66,4,100,0.324005,0.061594,548,450,91,acucar,306b24250c,4.1779
66,5,100,0.318639,0.061377,547,450,92,acucar,0e9d7945aa,3.9660
66,6,100,0.318639,0.061377,547,450,92,acucar,0e9d7945aa,3.9660
66,7,100,0.324697,0.062351,549,452,92,acucar,382ec0a57e,7.9392
66,8,100,0.322740,0.060777,547,450,91,acucar,0f445ff165,6.7191
66,9,100,0.318639,0.061377,547,450,92,acucar,0e9d7945aa,3.9660
66,10,100,0.318639,0.061377,547,450,92,acucar,0e9d7945aa,3.9660
66,11,100,0.324005,0.061594,548,450,91,acucar,306b24250c,4.1779
66,12,100,0.315151,0.060725,547,450,91,acucar,65db6ade56,6.6313
66,13,100,0.318999,0.061250,546,448,91,acucar,0569d81f63,3.5614
66,14,100,0.318639,0.061377,547,450,92,acucar,0e9d7945aa,3.9660
66,15,100,0.324005,0.061594,548,450,91,acucar,306b24250c,4.1779
66,16,100,0.318639,0.061377,547,450,92,acucar,0e9d7945aa,3.9660
66,17,100,0.318639,0.061377,547,450,92,acucar,0e9d7945aa,3.9660
66,18,100,0.319358,0.060873,547,449,91,acucar,69f10122f5,8.0667
66,19,100,0.324005,0.061594,548,450,91,acucar,306b24250c,4.1779
66,20,100,0.324045,0.061608,548,449,91,acucar,2bab308fb9,7.3269
66,21,100,0.324697,0.062351,549,452,92,acucar,382ec0a57e,7.9392
66,22,100,0.315910,0.060338,544,448,92,suco pronto,1cb1af03df,7.1684
66,23,100,0.318639,0.061377,547,450,92,acucar,0e9d7945aa,3.9660
66,24,100,0.318639,0.061377,547,450,92,acucar,0e9d7945aa,3.9660
66,25,100,0.324524,0.061899,547,449,91,acucar,b71634dd27,7.8733
66,26,100,0.324005,0.061594,548,450,91,acucar,306b24250c,4.1779
66,27,100,0.318639,0.061377,547,450,92,acucar,0e9d7945aa,3.9660
66,28,100,0.315590,0.060570,545,447,91,acucar,5a1a121f26,8.1522
66,29,100,0.317947,0.060562,546,448,91,acucar,e438626b71,8.5584
66,30,100,0.323419,0.061774,549,452,92,acucar,da48cdc626,7.7494
66,31,100,0.324005,0.061594,548,450,91,acucar,306b24250c,4.1779
66,32,100,0.318999,0.061250,546,448,91,acucar,0569d81f63,3.5614
66,33,100,0.318639,0.061377,547,450,92,acucar,0e9d7945aa,3.9660
66,34,100,0.318639,0.061377,547,450,92,acucar,0e9d7945aa,3.9660
66,35,100,0.316110,0.060207,547,448,91,acucar,19b834508a,7.1478
66,36,100,0.318999,0.061250,546,448,91,acucar,0569d81f63,3.5614
66,37,100,0.318999,0.061250,546,448,91,acucar,0569d81f63,3.5614
66,38,100,0.318639,0.061377,547,450,92,acucar,0e9d7945aa,3.9660
66,39,100,0.318999,0.061250,546,448,91,acucar,0569d81f63,3.5614
66,40,100,0.318639,0.061377,547,450,92,acucar,0e9d7945aa,3.9660
66,41,100,0.318999,0.061250,546,448,91,acucar,0569d81f63,3.5614
66,42,100,0.323645,0.061665,549,452,92,acucar,5629daa23d,9.4962
66,43,100,0.324005,0.061594,548,450,91,acucar,306b24250c,4.1779
66,44,100,0.324005,0.061594,548,450,91,acucar,306b24250c,4.1779
66,45,100,0.318999,0.061250,546,448,91,acucar,0569d81f63,3.5614
66,46,100,0.318999,0.061250,546,448,91,acucar,0569d81f63,3.5614
66,47,100,0.324005,0.061594,548,450,91,acucar,306b24250c,4.1779
66,48,100,0.318639,0.061377,547,450,92,acucar,0e9d7945aa,3.9660
66,49,100,0.324005,0.061594,548,450,91,acucar,306b24250c,4.1779
67,0,100,0.324697,0.062351,549,452,92,acucar,382ec0a57e,7.9392
67,1,100,0.324697,0.062351,549,452,92,acucar,382ec0a57e,7.9392
67,2,100,0.324524,0.061899,547,449,91,acucar,b71634dd27,7.8733
67,3,100,0.323419,0.061774,549,452,92,acucar,da48cdc626,7.7494
67,4,100,0.323645,0.061665,549,452,92,acucar,5629daa23d,9.4962
67,5,100,0.318639,0.061377,547,450,92,acucar,0e9d7945aa,3.9660
67,6,100,0.324005,0.061594,548,450,91,acucar,306b24250c,4.1779
67,7,100,0.324005,0.061594,548,450,91,acucar,306b24250c,4.1779
67,8,100,0.318639,0.061377,547,450,92,acucar,0e9d7945aa,3.9660
67,9,100,0.318639,0.061377,547,450,92,acucar,0e9d7945aa,3.9660
67,10,100,0.323645,0.061665,549,452,92,acucar,5629daa23d,9.4962
67,11,100,0.318639,0.061377,547,450,92,acucar,0e9d7945aa,3.9660
67,12,100,0.324524,0.061899,547,449,91,acucar,b71634dd27,7.8733
67,13,100,0.324524,0.061899,547,449,91,acucar,b71634dd27,7.8733
67,14,100,0.318639,0.061377,547,450,92,acucar,0e9d7945aa,3.9660
67,15,100,0.324697,0.062351,549,452,92,acucar,382ec0a57e,7.9392
67,16,100,0.324005,0.061594,548,450,91,acucar,306b24250c,4.1779
67,17,100,0.323419,0.061774,549,452,92,acucar,da48cdc626,7.7494
67,18,100,0.324697,0.062351,549,452,92,acucar,382ec0a57e,7.9392
67,19,100,0.322900,0.061449,548,449,91,acucar,c6323ed03c,8.2348
67,20,100,0.318999,0.061250,546,448,91,acucar,0569d81f63,3.5614
67,21,100,0.324218,0.059962,552,450,90,carne de ave,25ed49cdd7,7.4662
67,22,100,0.318067,0.060702,547,447,91,acucar,8b187c39ed,8.6177
67,23,100,0.324005,0.061594,548,450,91,acucar,306b24250c,4.1779
67,24,100,0.324005,0.061594,548,450,91,acucar,306b24250c,4.1779
67,25,100,0.324697,0.062351,549,452,92,acucar,382ec0a57e,7.9392
67,26,100,0.318639,0.061377,547,450,92,acucar,0e9d7945aa,3.9660
67,27,100,0.323419,0.061774,549,452,92,acucar,da48cdc626,7.7494
67,28,100,0.324005,0.061594,548,450,91,acucar,306b24250c,4.1779
67,29,100,0.324005,0.061594,548,450,91,acucar,306b24250c,4.1779
67,30,100,0.324697,0.062351,549,452,92,acucar,382ec0a57e,7.9392
67,31,100,0.318639,0.061377,547,450,92,acucar,0e9d7945aa,3.9660
67,32,100,0.318639,0.061377,547,450,92,acucar,0e9d7945aa,3.9660
67,33,100,0.324005,0.061594,548,450,91,acucar,306b24250c,4.1779
67,34,100,0.324045,0.061608,548,449,91,acucar,2bab308fb9,7.3269
67,35,100,0.318639,0.061377,547,450,92,acucar,0e9d7945aa,3.9660
67,36,100,0.318639,0.061377,547,450,92,acucar,0e9d7945aa,3.9660
67,37,100,0.318639,0.061377,547,450,92,acucar,0e9d7945aa,3.9660
67,38,100,0.323645,0.061665,549,452,92,acucar,5629daa23d,9.4962
67,39,100,0.324697,0.062351,549,452,92,acucar,382ec0a57e,7.9392
67,40,100,0.323645,0.061665,549,452,92,acucar,5629daa23d,9.4962
67,41,100,0.323991,0.062225,548,451,92,acucar,a82a90a5e2,8.7044
67,42,100,0.324524,0.061899,547,449,91,acucar,b71634dd27,7.8733
67,43,100,0.318639,0.061377,547,450,92,acucar,0e9d7945aa,3.9660
67,44,100,0.324005,0.061594,548,450,91,acucar,306b24250c,4.1779
67,45,100,0.322407,0.060398,549,450,90,biscoito,0c983b9d6b,8.8451
67,46,100,0.321409,0.061031,544,446,91,acucar,36a169b2de,8.3695
67,47,100,0.318639,0.061377,547,450,92,acucar,0e9d7945aa,3.9660
67,48,100,0.324005,0.061594,548,450,91,acucar,306b24250c,4.1779
67,49,100,0.324005,0.061594,548,450,91,acucar,306b24250c,4.1779
68,0,100,0.324697,0.062351,549,452,92,acucar,382ec0a57e,7.9392
68,1,100,0.324697,0.062351,549,452,92,acucar,382ec0a57e,7.9392
68,2,100,0.324697,0.062351,549,452,92,acucar,382ec0a57e,7.9392
68,3,100,0.324697,0.062351,549,452,92,acucar,382ec0a57e,7.9392
68,4,100,0.324697,0.062351,549,452,92,acucar,382ec0a57e,7.9392
68,5,100,0.324697,0.062351,549,452,92,acucar,382ec0a57e,7.9392
68,6,100,0.324697,0.062351,549,452,92,acucar,382ec0a57e,7.9392
68,7,100,0.318639,0.061377,547,450,92,acucar,0e9d7945aa,3.9660
68,8,100,0.321821,0.061458,551,454,92,acucar,d78ca7c1d4,14.9730
68,9,100,0.323645,0.061665,549,452,92,acucar,5629daa23d,9.4962
68,10,100,0.323419,0.061774,549,452,92,acucar,da48cdc626,7.7494
68,11,100,0.324005,0.061594,548,450,91,acucar,306b24250c,4.1779
68,12,100,0.324005,0.061594,548,450,91,acucar,306b24250c,4.1779
68,13,100,0.324005,0.061594,548,450,91,acucar,306b24250c,4.1779
68,14,100,0.326335,0.061529,546,448,90,biscoito,edf0b99312,12.4727
68,15,100,0.324005,0.061594,548,450,91,acucar,306b24250c,4.1779
68,16,100,0.324697,0.062351,549,452,92,acucar,382ec0a57e,7.9392
68,17,100,0.328665,0.061982,548,452,91,acucar,2eeb8409bb,11.4387
68,18,100,0.324524,0.061899,547,449,91,acucar,b71634dd27,7.8733
68,19,100,0.320783,0.061238,550,450,91,acucar,2aa75d190b,10.4714
68,20,100,0.324524,0.061899,547,449,91,acucar,b71634dd27,7.8733
68,21,100,0.323645,0.061665,549,452,92,acucar,5629daa23d,9.4962
68,22,100,0.323645,0.061665,549,452,92,acucar,5629daa23d,9.4962
68,23,100,0.324005,0.061594,548,450,91,acucar,306b24250c,4.1779
68,24,100,0.324697,0.062351,549,452,92,acucar,382ec0a57e,7.9392
68,25,100,0.318639,0.061377,547,450,92,acucar,0e9d7945aa,3.9660
68,26,100,0.319412,0.060772,547,447,90,acucar,e8e06e7858,8.0077
68,27,100,0.324697,0.062351,549,452,92,acucar,382ec0a57e,7.9392
68,28,100,0.324005,0.061594,548,450,91,acucar,306b24250c,4.1779
68,29,100,0.324524,0.061899,547,449,91,acucar,b71634dd27,7.8733
68,30,100,0.323645,0.061665,549,452,92,acucar,5629daa23d,9.4962
68,31,100,0.324524,0.061899,547,449,91,acucar,b71634dd27,7.8733
68,32,100,0.324524,0.061899,547,449,91,acucar,b71634dd27,7.8733
68,33,100,0.324697,0.062351,549,452,92,acucar,382ec0a57e,7.9392
68,34,100,0.324697,0.062351,549,452,92,acucar,382ec0a57e,7.9392
68,35,100,0.323645,0.061665,549,452,92,acucar,5629daa23d,9.4962
68,36,100,0.324697,0.062351,549,452,92,acucar,382ec0a57e,7.9392
68,37,100,0.324591,0.061704,547,451,92,acucar,80166d8f96,11.1016
68,38,100,0.324218,0.061690,549,451,91,acucar,1036a73be2,9.5402
68,39,100,0.324697,0.062351,549,452,92,acucar,382ec0a57e,7.9392
68,40,100,0.324697,0.062351,549,452,92,acucar,382ec0a57e,7.9392
68,41,100,0.320250,0.060592,543,444,91,acucar,ccea641559,9.0289
68,42,100,0.323645,0.061665,549,452,92,acucar,5629daa23d,9.4962
68,43,100,0.323645,0.061665,549,452,92,acucar,5629daa23d,9.4962
68,44,100,0.321528,0.060900,543,446,92,acucar,f7d4f65d19,10.3335
68,45,100,0.324697,0.062351,549,452,92,acucar,382ec0a57e,7.9392
68,46,100,0.324138,0.061340,549,452,91,acucar,5e182ed95c,8.0890
68,47,100,0.324524,0.061899,547,449,91,acucar,b71634dd27,7.8733
68,48,100,0.324005,0.061594,548,450,91,acucar,306b24250c,4.1779
68,49,100,0.324524,0.061899,547,449,91,acucar,b71634dd27,7.8733
69,0,100,0.324697,0.062351,549,452,92,acucar,382ec0a57e,7.9392
69,1,100,0.324697,0.062351,549,452,92,acucar,382ec0a57e,7.9392
69,2,100,0.324697,0.062351,549,452,92,acucar,382ec0a57e,7.9392
69,3,100,0.324697,0.062351,549,452,92,acucar,382ec0a57e,7.9392
69,4,100,0.324697,0.062351,549,452,92,acucar,382ec0a57e,7.9392
69,5,100,0.324697,0.062351,549,452,92,acucar,382ec0a57e,7.9392
69,6,100,0.324697,0.062351,549,452,92,acucar,382ec0a57e,7.9392
69,7,100,0.323645,0.061665,549,452,92,acucar,5629daa23d,9.4962
69,8,100,0.324697,0.062351,549,452,92,acucar,382ec0a57e,7.9392
69,9,100,0.324005,0.061594,548,450,91,acucar,306b24250c,4.1779
69,10,100,0.324697,0.062351,549,452,92,acucar,382ec0a57e,7.9392
69,11,100,0.324697,0.062351,549,452,92,acucar,382ec0a57e,7.9392
69,12,100,0.324524,0.061899,547,449,91,acucar,b71634dd27,7.8733
69,13,100,0.324524,0.061899,547,449,91,acucar,b71634dd27,7.8733
69,14,100,0.324977,0.061264,547,450,90,acucar,b428e991ca,9.8250
69,15,100,0.324697,0.062351,549,452,92,acucar,382ec0a57e,7.9392
69,16,100,0.324857,0.061927,547,450,91,acucar,121f681518,12.5652
69,17,100,0.323645,0.061665,549,452,92,acucar,5629daa23d,9.4962
69,18,100,0.324258,0.061723,548,452,92,acucar,0a168b4ed8,9.9018
69,19,100,0.324697,0.062351,549,452,92,acucar,382ec0a57e,7.9392
69,20,100,0.324697,0.062351,549,452,92,acucar,382ec0a57e,7.9392
69,21,100,0.323419,0.061774,549,452,92,acucar,da48cdc626,7.7494
69,22,100,0.324524,0.061899,547,449,91,acucar,b71634dd27,7.8733
69,23,100,0.324697,0.062351,549,452,92,acucar,382ec0a57e,7.9392
69,24,100,0.324697,0.062351,549,452,92,acucar,382ec0a57e,7.9392
69,25,100,0.324697,0.062351,549,452,92,acucar,382ec0a57e,7.9392
69,26,100,0.324697,0.062351,549,452,92,acucar,382ec0a57e,7.9392
69,27,100,0.324697,0.062351,549,452,92,acucar,382ec0a57e,7.9392
69,28,100,0.320210,0.061585,552,452,91,biscoito,ab62764284,8.0653
69,29,100,0.323645,0.061665,549,452,92,acucar,5629daa23d,9.4962
69,30,100,0.324524,0.061899,547,449,91,acucar,b71634dd27,7.8733
69,31,100,0.323765,0.061419,547,451,91,acucar,1c78594811,8.8191
69,32,100,0.324444,0.061793,550,454,91,acucar,86153cf98a,8.4871
69,33,100,0.324697,0.062351,549,452,92,acucar,382ec0a57e,7.9392
69,34,100,0.324697,0.062351,549,452,92,acucar,382ec0a57e,7.9392
69,35,100,0.324604,0.061301,551,452,90,acucar,f79b3ba873,9.4026
69,36,100,0.324697,0.062351,549,452,92,acucar,382ec0a57e,7.9392
69,37,100,0.324697,0.062351,549,452,92,acucar,382ec0a57e,7.9392
69,38,100,0.328665,0.061982,548,452,91,acucar,2eeb8409bb,11.4387
69,39,100,0.328665,0.061982,548,452,91,acucar,2eeb8409bb,11.4387
69,40,100,0.324697,0.062351,549,452,92,acucar,382ec0a57e,7.9392
69,41,100,0.324697,0.062351,549,452,92,acucar,382ec0a57e,7.9392
69,42,100,0.324524,0.061899,547,449,91,acucar,b71634dd27,7.8733
69,43,100,0.324697,0.062351,549,452,92,acucar,382ec0a57e,7.9392
69,44,100,0.324524,0.061899,547,449,91,acucar,b71634dd27,7.8733
69,45,100,0.324697,0.062351,549,452,92,acucar,382ec0a57e,7.9392
69,46,100,0.324697,0.062351,549,452,92,acucar,382ec0a57e,7.9392
69,47,100,0.324591,0.061704,547,451,92,acucar,80166d8f96,11.1016
69,48,100,0.324697,0.062351,549,452,92,acucar,382ec0a57e,7.9392
69,49,100,0.324697,0.062351,549,452,92,acucar,382ec0a57e,7.9392
70,0,100,0.324697,0.062351,549,452,92,acucar,382ec0a57e,7.9392
70,1,100,0.324697,0.062351,549,452,92,acucar,382ec0a57e,7.9392
70,2,100,0.324697,0.062351,549,452,92,acucar,382ec0a57e,7.9392
70,3,100,0.324697,0.062351,549,452,92,acucar,382ec0a57e,7.9392
70,4,100,0.324697,0.062351,549,452,92,acucar,382ec0a57e,7.9392
70,5,100,0.324697,0.062351,549,452,92,acucar,382ec0a57e,7.9392
70,6,100,0.324697,0.062351,549,452,92,acucar,382ec0a57e,7.9392
70,7,100,0.324697,0.062351,549,452,92,acucar,382ec0a57e,7.9392
70,8,100,0.324697,0.062351,549,452,92,acucar,382ec0a57e,7.9392
70,9,100,0.324697,0.062351,549,452,92,acucar,382ec0a57e,7.9392
70,10,100,0.324165,0.061769,549,452,91,acucar,3a5bf912ef,11.9603
70,11,100,0.324697,0.062351,549,452,92,acucar,382ec0a57e,7.9392
70,12,100,0.324697,0.062351,549,452,92,acucar,382ec0a57e,7.9392
70,13,100,0.324697,0.062351,549,452,92,acucar,382ec0a57e,7.9392
70,14,100,0.324697,0.062351,549,452,92,acucar,382ec0a57e,7.9392
70,15,100,0.324697,0.062351,549,452,92,acucar,382ec0a57e,7.9392
70,16,100,0.316909,0.061571,548,451,92,sabonete,6a3d3aa03c,9.9940
70,17,100,0.324697,0.062351,549,452,92,acucar,382ec0a57e,7.9392
70,18,100,0.324697,0.062351,549,452,92,acucar,382ec0a57e,7.9392
70,19,100,0.329104,0.062141,548,452,91,acucar,5a9616f578,8.3307
70,20,100,0.324697,0.062351,549,452,92,acucar,382ec0a57e,7.9392
70,21,100,0.324697,0.062351,549,452,92,acucar,382ec0a57e,7.9392
70,22,100,0.324697,0.062351,549,452,92,acucar,382ec0a57e,7.9392
70,23,100,0.324697,0.062351,549,452,92,acucar,382ec0a57e,7.9392
70,24,100,0.324697,0.062351,549,452,92,acucar,382ec0a57e,7.9392
70,25,100,0.324697,0.062351,549,452,92,acucar,382ec0a57e,7.9392
70,26,100,0.324697,0.062351,549,452,92,acucar,382ec0a57e,7.9392
70,27,100,0.324697,0.062351,549,452,92,acucar,382ec0a57e,7.9392
70,28,100,0.322008,0.061345,547,453,91,acucar,4876421498,7.9088
70,29,100,0.324697,0.062351,549,452,92,acucar,382ec0a57e,7.9392
70,30,100,0.324697,0.062351,549,452,92,acucar,382ec0a57e,7.9392
70,31,100,0.324524,0.061899,547,449,91,acucar,b71634dd27,7.8733
70,32,100,0.324697,0.062351,549,452,92,acucar,382ec0a57e,7.9392
70,33,100,0.327200,0.061874,550,453,91,acucar,faef55c987,8.0146
70,34,100,0.326268,0.062426,549,453,92,acucar,68e96548b9,8.8987
70,35,100,0.324697,0.062351,549,452,92,acucar,382ec0a57e,7.9392
70,36,100,0.324697,0.062351,549,452,92,acucar,382ec0a57e,7.9392
70,37,100,0.324697,0.062351,549,452,92,acucar,382ec0a57e,7.9392
70,38,100,0.324697,0.062351,549,452,92,acucar,382ec0a57e,7.9392
70,39,100,0.324697,0.062351,549,452,92,acucar,382ec0a57e,7.9392
70,40,100,0.324697,0.062351,549,452,92,acucar,382ec0a57e,7.9392
70,41,100,0.324697,0.062351,549,452,92,acucar,382ec0a57e,7.9392
70,42,100,0.317894,0.061777,550,452,92,acucar,9c2fda81d3,9.5533
70,43,100,0.324697,0.062351,549,452,92,acucar,382ec0a57e,7.9392
70,44,100,0.324697,0.062351,549,452,92,acucar,382ec0a57e,7.9392
70,45,100,0.324524,0.061899,547,449,91,acucar,b71634dd27,7.8733
70,46,100,0.324511,0.061312,547,447,90,acucar,85c22a6504,7.8725
70,47,100,0.324790,0.061882,547,450,91,acucar,dfafb0cf96,7.5017
70,48,100,0.324697,0.062351,549,452,92,acucar,382ec0a57e,7.9392
70,49,100,0.324697,0.062351,549,452,92,acucar,382ec0a57e,7.9392
71,0,100,0.326268,0.062426,549,453,92,acucar,68e96548b9,8.8987
71,1,100,0.324697,0.062351,549,452,92,acucar,382ec0a57e,7.9392
71,2,100,0.324697,0.062351,549,452,92,acucar,382ec0a57e,7.9392
71,3,100,0.324697,0.062351,549,452,92,acucar,382ec0a57e,7.9392
71,4,100,0.324697,0.062351,549,452,92,acucar,382ec0a57e,7.9392
71,5,100,0.324697,0.062351,549,452,92,acucar,382ec0a57e,7.9392
71,6,100,0.324697,0.062351,549,452,92,acucar,382ec0a57e,7.9392
71,7,100,0.324697,0.062351,549,452,92,acucar,382ec0a57e,7.9392
71,8,100,0.324697,0.062351,549,452,92,acucar,382ec0a57e,7.9392
71,9,100,0.324697,0.062351,549,452,92,acucar,382ec0a57e,7.9392
71,10,100,0.324697,0.062351,549,452,92,acucar,382ec0a57e,7.9392
71,11,100,0.324697,0.062351,549,452,92,acucar,382ec0a57e,7.9392
71,12,100,0.324697,0.062351,549,452,92,acucar,382ec0a57e,7.9392
71,13,100,0.326268,0.062426,549,453,92,acucar,68e96548b9,8.8987
71,14,100,0.320983,0.060985,552,454,91,acucar,3d025839d9,10.1664
71,15,100,0.324697,0.062351,549,452,92,acucar,382ec0a57e,7.9392
71,16,100,0.324697,0.062351,549,452,92,acucar,382ec0a57e,7.9392
71,17,100,0.324697,0.062351,549,452,92,acucar,382ec0a57e,7.9392
71,18,100,0.324697,0.062351,549,452,92,acucar,382ec0a57e,7.9392
71,19,100,0.324697,0.062351,549,452,92,acucar,382ec0a57e,7.9392
71,20,100,0.324697,0.062351,549,452,92,acucar,382ec0a57e,7.9392
71,21,100,0.324697,0.062351,549,452,92,acucar,382ec0a57e,7.9392
71,22,100,0.324697,0.062351,549,452,92,acucar,382ec0a57e,7.9392
71,23,100,0.324697,0.062351,549,452,92,acucar,382ec0a57e,7.9392
71,24,100,0.324697,0.062351,549,452,92,acucar,382ec0a57e,7.9392
71,25,100,0.324697,0.062351,549,452,92,acucar,382ec0a57e,7.9392
71,26,100,0.324697,0.062351,549,452,92,acucar,382ec0a57e,7.9392
71,27,100,0.324697,0.062351,549,452,92,acucar,382ec0a57e,7.9392
71,28,100,0.324697,0.062351,549,452,92,acucar,382ec0a57e,7.9392
71,29,100,0.322114,0.062006,549,453,92,acucar,5c723f48fa,7.7085
71,30,100,0.324697,0.062351,549,452,92,acucar,382ec0a57e,7.9392
71,31,100,0.324697,0.062351,549,452,92,acucar,382ec0a57e,7.9392
71,32,100,0.326268,0.062426,549,453,92,acucar,68e96548b9,8.8987
71,33,100,0.324697,0.062351,549,452,92,acucar,382ec0a57e,7.9392
71,34,100,0.324697,0.062351,549,452,92,acucar,382ec0a57e,7.9392
71,35,100,0.324697,0.062351,549,452,92,acucar,382ec0a57e,7.9392
71,36,100,0.324697,0.062351,549,452,92,acucar,382ec0a57e,7.9392
71,37,100,0.324697,0.062351,549,452,92,acucar,382ec0a57e,7.9392
71,38,100,0.324697,0.062351,549,452,92,acucar,382ec0a57e,7.9392
71,39,100,0.324697,0.062351,549,452,92,acucar,382ec0a57e,7.9392
71,40,100,0.324697,0.062351,549,452,92,acucar,382ec0a57e,7.9392
71,41,100,0.324697,0.062351,549,452,92,acucar,382ec0a57e,7.9392
71,42,100,0.324697,0.062351,549,452,92,acucar,382ec0a57e,7.9392
71,43,100,0.324697,0.062351,549,452,92,acucar,382ec0a57e,7.9392
71,44,100,0.324697,0.062351,549,452,92,acucar,382ec0a57e,7.9392
71,45,100,0.324697,0.062351,549,452,92,acucar,382ec0a57e,7.9392
71,46,100,0.324697,0.062351,549,452,92,acucar,382ec0a57e,7.9392
71,47,100,0.324697,0.062351,549,452,92,acucar,382ec0a57e,7.9392
71,48,100,0.324697,0.062351,549,452,92,acucar,382ec0a57e,7.9392
71,49,100,0.324697,0.062351,549,452,92,acucar,382ec0a57e,7.9392
72,0,100,0.326268,0.062426,549,453,92,acucar,68e96548b9,8.8987
72,1,100,0.326268,0.062426,549,453,92,acucar,68e96548b9,8.8987
72,2,100,0.326268,0.062426,549,453,92,acucar,68e96548b9,8.8987
72,3,100,0.324697,0.062351,549,452,92,acucar,382ec0a57e,7.9392
72,4,100,0.324697,0.062351,549,452,92,acucar,382ec0a57e,7.9392
72,5,100,0.326468,0.061638,549,453,91,acucar,57e0aa65ca,8.3175
72,6,100,0.326268,0.062426,549,453,92,acucar,68e96548b9,8.8987
72,7,100,0.324697,0.062351,549,452,92,acucar,382ec0a57e,7.9392
72,8,100,0.324697,0.062351,549,452,92,acucar,382ec0a57e,7.9392
72,9,100,0.326268,0.062426,549,453,92,acucar,68e96548b9,8.8987
72,10,100,0.324697,0.062351,549,452,92,acucar,382ec0a57e,7.9392
72,11,100,0.324697,0.062351,549,452,92,acucar,382ec0a57e,7.9392
72,12,100,0.326268,0.062426,549,453,92,acucar,68e96548b9,8.8987
72,13,100,0.326268,0.062426,549,453,92,acucar,68e96548b9,8.8987
72,14,100,0.324697,0.062351,549,452,92,acucar,382ec0a57e,7.9392
72,15,100,0.326468,0.061638,549,453,91,acucar,57e0aa65ca,8.3175
72,16,100,0.324697,0.062351,549,452,92,acucar,382ec0a57e,7.9392
72,17,100,0.324697,0.062351,549,452,92,acucar,382ec0a57e,7.9392
72,18,100,0.314246,0.060924,551,450,91,acucar,48d872ab79,8.3079
72,19,100,0.324697,0.062351,549,452,92,acucar,382ec0a57e,7.9392
72,20,100,0.324697,0.062351,549,452,92,acucar,382ec0a57e,7.9392
72,21,100,0.324697,0.062351,549,452,92,acucar,382ec0a57e,7.9392
72,22,100,0.324697,0.062351,549,452,92,acucar,382ec0a57e,7.9392
72,23,100,0.326415,0.061558,547,452,91,acucar,2afdbd466c,7.4673
72,24,100,0.324697,0.062351,549,452,92,acucar,382ec0a57e,7.9392
72,25,100,0.324697,0.062351,549,452,92,acucar,382ec0a57e,7.9392
72,26,100,0.324697,0.062351,549,452,92,acucar,382ec0a57e,7.9392
72,27,100,0.324697,0.062351,549,452,92,acucar,382ec0a57e,7.9392
72,28,100,0.324697,0.062351,549,452,92,acucar,382ec0a57e,7.9392
72,29,100,0.326268,0.062426,549,453,92,acucar,68e96548b9,8.8987
72,30,100,0.324697,0.062351,549,452,92,acucar,382ec0a57e,7.9392
72,31,100,0.324697,0.062351,549,452,92,acucar,382ec0a57e,7.9392
72,32,100,0.324697,0.062351,549,452,92,acucar,382ec0a57e,7.9392
72,33,100,0.324697,0.062351,549,452,92,acucar,382ec0a57e,7.9392
72,34,100,0.324697,0.062351,549,452,92,acucar,382ec0a57e,7.9392
72,35,100,0.324697,0.062351,549,452,92,acucar,382ec0a57e,7.9392
72,36,100,0.324697,0.062351,549,452,92,acucar,382ec0a57e,7.9392
72,37,100,0.324697,0.062351,549,452,92,acucar,382ec0a57e,7.9392
72,38,100,0.326428,0.062091,550,454,91,acucar,485715faa4,7.6975
72,39,100,0.324697,0.062351,549,452,92,acucar,382ec0a57e,7.9392
72,40,100,0.324697,0.062351,549,452,92,acucar,382ec0a57e,7.9392
72,41,100,0.324484,0.061568,552,454,91,acucar,35810a42ed,8.6440
72,42,100,0.326268,0.062426,549,453,92,acucar,68e96548b9,8.8987
72,43,100,0.322434,0.062314,549,452,92,acucar,adfd06a358,8.5919
72,44,100,0.324697,0.062351,549,452,92,acucar,382ec0a57e,7.9392
72,45,100,0.324697,0.062351,549,452,92,acucar,382ec0a57e,7.9392
72,46,100,0.326268,0.062426,549,453,92,acucar,68e96548b9,8.8987
72,47,100,0.324697,0.062351,549,452,92,acucar,382ec0a57e,7.9392
72,48,100,0.324697,0.062351,549,452,92,acucar,382ec0a57e,7.9392
72,49,100,0.324697,0.062351,549,452,92,acucar,382ec0a57e,7.9392
73,0,100,0.326268,0.062426,549,453,92,acucar,68e96548b9,8.8987
73,1,100,0.326268,0.062426,549,453,92,acucar,68e96548b9,8.8987
73,2,100,0.326268,0.062426,549,453,92,acucar,68e96548b9,8.8987
73,3,100,0.326268,0.062426,549,453,92,acucar,68e96548b9,8.8987
73,4,100,0.326268,0.062426,549,453,92,acucar,68e96548b9,8.8987
73,5,100,0.326268,0.062426,549,453,92,acucar,68e96548b9,8.8987
73,6,100,0.326268,0.062426,549,453,92,acucar,68e96548b9,8.8987
73,7,100,0.326508,0.062166,548,451,91,acucar,daec951dc0,8.7398
73,8,100,0.324697,0.062351,549,452,92,acucar,382ec0a57e,7.9392
73,9,100,0.326668,0.061951,550,451,91,acucar,38fc2759bd,8.5086
73,10,100,0.324697,0.062351,549,452,92,acucar,382ec0a57e,7.9392
73,11,100,0.326268,0.062426,549,453,92,acucar,68e96548b9,8.8987
73,12,100,0.326268,0.062426,549,453,92,acucar,68e96548b9,8.8987
73,13,100,0.324697,0.062351,549,452,92,acucar,382ec0a57e,7.9392
73,14,100,0.325815,0.060511,545,448,90,acucar,4a34efa383,8.2787
73,15,100,0.322514,0.061422,551,457,91,acucar,7ad4e27a21,10.8386
73,16,100,0.326268,0.062426,549,453,92,acucar,68e96548b9,8.8987
73,17,100,0.326268,0.062426,549,453,92,acucar,68e96548b9,8.8987
73,18,100,0.325363,0.062363,548,451,92,acucar,b90a35b2c9,7.8765
73,19,100,0.324697,0.062351,549,452,92,acucar,382ec0a57e,7.9392
73,20,100,0.324697,0.062351,549,452,92,acucar,382ec0a57e,7.9392
73,21,100,0.324697,0.062351,549,452,92,acucar,382ec0a57e,7.9392
73,22,100,0.324697,0.062351,549,452,92,acucar,382ec0a57e,7.9392
73,23,100,0.324697,0.062351,549,452,92,acucar,382ec0a57e,7.9392
73,24,100,0.324697,0.062351,549,452,92,acucar,382ec0a57e,7.9392
73,25,100,0.326268,0.062426,549,453,92,acucar,68e96548b9,8.8987
73,26,100,0.326268,0.062426,549,453,92,acucar,68e96548b9,8.8987
73,27,100,0.324697,0.062351,549,452,92,acucar,382ec0a57e,7.9392
73,28,100,0.324697,0.062351,549,452,92,acucar,382ec0a57e,7.9392
73,29,100,0.324697,0.062351,549,452,92,acucar,382ec0a57e,7.9392
73,30,100,0.324697,0.062351,549,452,92,acucar,382ec0a57e,7.9392
73,31,100,0.324697,0.062351,549,452,92,acucar,382ec0a57e,7.9392
73,32,100,0.325296,0.061579,548,451,91,acucar,858e555c28,8.3972
73,33,100,0.326268,0.062426,549,453,92,acucar,68e96548b9,8.8987
73,34,100,0.324697,0.062351,549,452,92,acucar,382ec0a57e,7.9392
73,35,100,0.324697,0.062351,549,452,92,acucar,382ec0a57e,7.9392
73,36,100,0.326268,0.062426,549,453,92,acucar,68e96548b9,8.8987
73,37,100,0.326268,0.062426,549,453,92,acucar,68e96548b9,8.8987
73,38,100,0.326268,0.062426,549,453,92,acucar,68e96548b9,8.8987
73,39,100,0.326268,0.062426,549,453,92,acucar,68e96548b9,8.8987
73,40,100,0.324697,0.062351,549,452,92,acucar,382ec0a57e,7.9392
73,41,100,0.326268,0.062426,549,453,92,acucar,68e96548b9,8.8987
73,42,100,0.317987,0.061240,548,450,91,acucar,df39443cb4,9.3947
73,43,100,0.326268,0.062426,549,453,92,acucar,68e96548b9,8.8987
73,44,100,0.308721,0.060692,550,453,91,suco pronto,ed73cac559,7.9287
73,45,100,0.326268,0.062426,549,453,92,acucar,68e96548b9,8.8987
73,46,100,0.326268,0.062426,549,453,92,acucar,68e96548b9,8.8987
73,47,100,0.324697,0.062351,549,452,92,acucar,382ec0a57e,7.9392
73,48,100,0.324697,0.062351,549,452,92,acucar,382ec0a57e,7.9392
73,49,100,0.326348,0.061803,549,452,91,acucar,d84deaff97,7.7857
74,0,100,0.326268,0.062426,549,453,92,acucar,68e96548b9,8.8987
74,1,100,0.326268,0.062426,549,453,92,acucar,68e96548b9,8.8987
74,2,100,0.326268,0.062426,549,453,92,acucar,68e96548b9,8.8987
74,3,100,0.326268,0.062426,549,453,92,acucar,68e96548b9,8.8987
74,4,100,0.326268,0.062426,549,453,92,acucar,68e96548b9,8.8987
74,5,100,0.326268,0.062426,549,453,92,acucar,68e96548b9,8.8987
74,6,100,0.326268,0.062426,549,453,92,acucar,68e96548b9,8.8987
74,7,100,0.326268,0.062426,549,453,92,acucar,68e96548b9,8.8987
74,8,100,0.326268,0.062426,549,453,92,acucar,68e96548b9,8.8987
74,9,100,0.326268,0.062426,549,453,92,acucar,68e96548b9,8.8987
74,10,100,0.326268,0.062426,549,453,92,acucar,68e96548b9,8.8987
74,11,100,0.326268,0.062426,549,453,92,acucar,68e96548b9,8.8987
74,12,100,0.324324,0.061348,549,452,91,acucar,0c3e434b18,10.3446
74,13,100,0.326268,0.062426,549,453,92,acucar,68e96548b9,8.8987
74,14,100,0.326335,0.061986,549,452,91,acucar,c7f547d3da,9.1406
74,15,100,0.326268,0.062426,549,453,92,acucar,68e96548b9,8.8987
74,16,100,0.326268,0.062426,549,453,92,acucar,68e96548b9,8.8987
74,17,100,0.324697,0.062351,549,452,92,acucar,382ec0a57e,7.9392
74,18,100,0.324697,0.062351,549,452,92,acucar,382ec0a57e,7.9392
74,19,100,0.326268,0.062426,549,453,92,acucar,68e96548b9,8.8987
74,20,100,0.326268,0.062426,549,453,92,acucar,68e96548b9,8.8987
74,21,100,0.326122,0.061703,552,454,91,acucar,f2afe0de7f,8.7629
74,22,100,0.326268,0.062426,549,453,92,acucar,68e96548b9,8.8987
74,23,100,0.326268,0.062426,549,453,92,acucar,68e96548b9,8.8987
74,24,100,0.326268,0.062426,549,453,92,acucar,68e96548b9,8.8987
74,25,100,0.326268,0.062426,549,453,92,acucar,68e96548b9,8.8987
74,26,100,0.326268,0.062426,549,453,92,acucar,68e96548b9,8.8987
74,27,100,0.326268,0.062426,549,453,92,acucar,68e96548b9,8.8987
74,28,100,0.326268,0.062426,549,453,92,acucar,68e96548b9,8.8987
74,29,100,0.326508,0.062166,548,451,91,acucar,daec951dc0,8.7398
74,30,100,0.326268,0.062426,549,453,92,acucar,68e96548b9,8.8987
74,31,100,0.326268,0.062426,549,453,92,acucar,68e96548b9,8.8987
74,32,100,0.326268,0.062426,549,453,92,acucar,68e96548b9,8.8987
74,33,100,0.326268,0.062426,549,453,92,acucar,68e96548b9,8.8987
74,34,100,0.325749,0.062277,548,454,92,acucar,329aabe3bc,8.0860
74,35,100,0.326268,0.062426,549,453,92,acucar,68e96548b9,8.8987
74,36,100,0.326268,0.062426,549,453,92,acucar,68e96548b9,8.8987
74,37,100,0.326268,0.062426,549,453,92,acucar,68e96548b9,8.8987
74,38,100,0.326268,0.062426,549,453,92,acucar,68e96548b9,8.8987
74,39,100,0.326268,0.062426,549,453,92,acucar,68e96548b9,8.8987
74,40,100,0.326268,0.062426,549,453,92,acucar,68e96548b9,8.8987
74,41,100,0.326268,0.062426,549,453,92,acucar,68e96548b9,8.8987
74,42,100,0.326268,0.062426,549,453,92,acucar,68e96548b9,8.8987
74,43,100,0.326268,0.062426,549,453,92,acucar,68e96548b9,8.8987
74,44,100,0.326268,0.062426,549,453,92,acucar,68e96548b9,8.8987
74,45,100,0.326108,0.061540,551,457,91,acucar,58e824949e,9.0764
74,46,100,0.326268,0.062426,549,453,92,acucar,68e96548b9,8.8987
74,47,100,0.326268,0.062426,549,453,92,acucar,68e96548b9,8.8987
74,48,100,0.326268,0.062426,549,453,92,acucar,68e96548b9,8.8987
74,49,100,0.326268,0.062426,549,453,92,acucar,68e96548b9,8.8987
75,0,100,0.326268,0.062426,549,453,92,acucar,68e96548b9,8.8987
75,1,100,0.326268,0.062426,549,453,92,acucar,68e96548b9,8.8987
75,2,100,0.326268,0.062426,549,453,92,acucar,68e96548b9,8.8987
75,3,100,0.326268,0.062426,549,453,92,acucar,68e96548b9,8.8987
75,4,100,0.326268,0.062426,549,453,92,acucar,68e96548b9,8.8987
75,5,100,0.326268,0.062426,549,453,92,acucar,68e96548b9,8.8987
75,6,100,0.330103,0.062042,549,453,91,sabonete,12b6c1663a,8.8341
75,7,100,0.326268,0.062426,549,453,92,acucar,68e96548b9,8.8987
75,8,100,0.326268,0.062426,549,453,92,acucar,68e96548b9,8.8987
75,9,100,0.326268,0.062426,549,453,92,acucar,68e96548b9,8.8987
75,10,100,0.329051,0.062223,552,454,91,acucar,00bbe859ac,7.3672
75,11,100,0.326268,0.062426,549,453,92,acucar,68e96548b9,8.8987
75,12,100,0.326268,0.062426,549,453,92,acucar,68e96548b9,8.8987
75,13,100,0.326268,0.062426,549,453,92,acucar,68e96548b9,8.8987
75,14,100,0.326268,0.062426,549,453,92,acucar,68e96548b9,8.8987
75,15,100,0.326268,0.062426,549,453,92,acucar,68e96548b9,8.8987
75,16,100,0.326268,0.062426,549,453,92,acucar,68e96548b9,8.8987
75,17,100,0.326268,0.062426,549,453,92,acucar,68e96548b9,8.8987
75,18,100,0.326268,0.062426,549,453,92,acucar,68e96548b9,8.8987
75,19,100,0.326268,0.062426,549,453,92,acucar,68e96548b9,8.8987
75,20,100,0.326268,0.062426,549,453,92,acucar,68e96548b9,8.8987
75,21,100,0.326268,0.062426,549,453,92,acucar,68e96548b9,8.8987
75,22,100,0.326268,0.062426,549,453,92,acucar,68e96548b9,8.8987
75,23,100,0.326268,0.062426,549,453,92,acucar,68e96548b9,8.8987
75,24,100,0.324804,0.061704,550,452,91,acucar,5e54e90a6a,8.0245
75,25,100,0.326268,0.062426,549,453,92,acucar,68e96548b9,8.8987
75,26,100,0.326268,0.062426,549,453,92,acucar,68e96548b9,8.8987
75,27,100,0.326268,0.062426,549,453,92,acucar,68e96548b9,8.8987
75,28,100,0.326268,0.062426,549,453,92,acucar,68e96548b9,8.8987
75,29,100,0.326494,0.061888,548,453,91,macarrao,2275cbea7b,10.1186
75,30,100,0.326268,0.062426,549,453,92,acucar,68e96548b9,8.8987
75,31,100,0.325629,0.062037,549,453,92,acucar,5faa0ad632,9.1399
75,32,100,0.326268,0.062426,549,453,92,acucar,68e96548b9,8.8987
75,33,100,0.326268,0.062426,549,453,92,acucar,68e96548b9,8.8987
75,34,100,0.326268,0.062426,549,453,92,acucar,68e96548b9,8.8987
75,35,100,0.326055,0.062591,549,452,92,acucar,f09260fab8,8.8426
75,36,100,0.326268,0.062426,549,453,92,acucar,68e96548b9,8.8987
75,37,100,0.326268,0.062426,549,453,92,acucar,68e96548b9,8.8987
75,38,100,0.326268,0.062426,549,453,92,acucar,68e96548b9,8.8987
75,39,100,0.326268,0.062426,549,453,92,acucar,68e96548b9,8.8987
75,40,100,0.326268,0.062426,549,453,92,acucar,68e96548b9,8.8987
75,41,100,0.326268,0.062426,549,453,92,acucar,68e96548b9,8.8987
75,42,100,0.326268,0.062426,549,453,92,acucar,68e96548b9,8.8987
75,43,100,0.326268,0.062426,549,453,92,acucar,68e96548b9,8.8987
75,44,100,0.326268,0.062426,549,453,92,acucar,68e96548b9,8.8987
75,45,100,0.326268,0.062426,549,453,92,acucar,68e96548b9,8.8987
75,46,100,0.326268,0.062426,549,453,92,acucar,68e96548b9,8.8987
75,47,100,0.326268,0.062426,549,453,92,acucar,68e96548b9,8.8987
75,48,100,0.326268,0.062426,549,453,92,acucar,68e96548b9,8.8987
75,49,100,0.326268,0.062426,549,453,92,acucar,68e96548b9,8.8987
76,0,100,0.326055,0.062591,549,452,92,acucar,f09260fab8,8.8426
76,1,100,0.326268,0.062426,549,453,92,acucar,68e96548b9,8.8987
76,2,100,0.326268,0.062426,549,453,92,acucar,68e96548b9,8.8987
76,3,100,0.326268,0.062426,549,453,92,acucar,68e96548b9,8.8987
76,4,100,0.326268,0.062426,549,453,92,acucar,68e96548b9,8.8987
76,5,100,0.320809,0.061474,548,455,93,acucar,5da492b9f8,9.1271
76,6,100,0.326268,0.062426,549,453,92,acucar,68e96548b9,8.8987
76,7,100,0.326268,0.062426,549,453,92,acucar,68e96548b9,8.8987
76,8,100,0.326268,0.062426,549,453,92,acucar,68e96548b9,8.8987
76,9,100,0.325909,0.061908,547,452,92,acucar,050da25e90,8.7418
76,10,100,0.326268,0.062426,549,453,92,acucar,68e96548b9,8.8987
76,11,100,0.326268,0.062426,549,453,92,acucar,68e96548b9,8.8987
76,12,100,0.326268,0.062426,549,453,92,acucar,68e96548b9,8.8987
76,13,100,0.326268,0.062426,549,453,92,acucar,68e96548b9,8.8987
76,14,100,0.324071,0.061440,550,451,91,macarrao,6aed2a3379,7.5416
76,15,100,0.326268,0.062426,549,453,92,acucar,68e96548b9,8.8987
76,16,100,0.326268,0.062426,549,453,92,acucar,68e96548b9,8.8987
76,17,100,0.326268,0.062426,549,453,92,acucar,68e96548b9,8.8987
76,18,100,0.326521,0.061515,547,453,91,acucar,aee3d854c2,7.7983
76,19,100,0.326268,0.062426,549,453,92,acucar,68e96548b9,8.8987
76,20,100,0.327586,0.061602,549,451,91,biscoito,ea2e28fd15,8.7133
76,21,100,0.326268,0.062426,549,453,92,acucar,68e96548b9,8.8987
76,22,100,0.326268,0.062426,549,453,92,acucar,68e96548b9,8.8987
76,23,100,0.326268,0.062426,549,453,92,acucar,68e96548b9,8.8987
76,24,100,0.326268,0.062426,549,453,92,acucar,68e96548b9,8.8987
76,25,100,0.326268,0.062426,549,453,92,acucar,68e96548b9,8.8987
76,26,100,0.326268,0.062426,549,453,92,acucar,68e96548b9,8.8987
76,27,100,0.326268,0.062426,549,453,92,acucar,68e96548b9,8.8987
76,28,100,0.326268,0.062426,549,453,92,acucar,68e96548b9,8.8987
76,29,100,0.326268,0.062426,549,453,92,acucar,68e96548b9,8.8987
76,30,100,0.326268,0.062426,549,453,92,acucar,68e96548b9,8.8987
76,31,100,0.326268,0.062426,549,453,92,acucar,68e96548b9,8.8987
76,32,100,0.326268,0.062426,549,453,92,acucar,68e96548b9,8.8987
76,33,100,0.326268,0.062426,549,453,92,acucar,68e96548b9,8.8987
76,34,100,0.326268,0.062426,549,453,92,acucar,68e96548b9,8.8987
76,35,100,0.326268,0.062426,549,453,92,acucar,68e96548b9,8.8987
76,36,100,0.326268,0.062426,549,453,92,acucar,68e96548b9,8.8987
76,37,100,0.326268,0.062426,549,453,92,acucar,68e96548b9,8.8987
76,38,100,0.326268,0.062426,549,453,92,acucar,68e96548b9,8.8987
76,39,100,0.326268,0.062426,549,453,92,acucar,68e96548b9,8.8987
76,40,100,0.326268,0.062426,549,453,92,acucar,68e96548b9,8.8987
76,41,100,0.326268,0.062426,549,453,92,acucar,68e96548b9,8.8987
76,42,100,0.324884,0.061950,548,454,92,acucar,0ab6acfbcb,9.0428
76,43,100,0.326268,0.062426,549,453,92,acucar,68e96548b9,8.8987
76,44,100,0.326268,0.062426,549,453,92,acucar,68e96548b9,8.8987
76,45,100,0.326268,0.062426,549,453,92,acucar,68e96548b9,8.8987
76,46,100,0.326268,0.062426,549,453,92,acucar,68e96548b9,8.8987
76,47,100,0.326268,0.062426,549,453,92,acucar,68e96548b9,8.8987
76,48,100,0.326268,0.062426,549,453,92,acucar,68e96548b9,8.8987
76,49,100,0.326268,0.062426,549,453,92,acucar,68e96548b9,8.8987
77,0,100,0.326055,0.062591,549,452,92,acucar,f09260fab8,8.8426
77,1,100,0.326268,0.062426,549,453,92,acucar,68e96548b9,8.8987
77,2,100,0.326268,0.062426,549,453,92,acucar,68e96548b9,8.8987
77,3,100,0.326268,0.062426,549,453,92,acucar,68e96548b9,8.8987
77,4,100,0.326268,0.062426,549,453,92,acucar,68e96548b9,8.8987
77,5,100,0.326268,0.062426,549,453,92,acucar,68e96548b9,8.8987
77,6,100,0.326268,0.062426,549,453,92,acucar,68e96548b9,8.8987
77,7,100,0.325656,0.061834,549,454,91,acucar,1f7e1f141a,11.9611
77,8,100,0.327440,0.062704,550,456,92,acucar,102cfd551a,8.9187
77,9,100,0.326268,0.062426,549,453,92,acucar,68e96548b9,8.8987
77,10,100,0.326268,0.062426,549,453,92,acucar,68e96548b9,8.8987
77,11,100,0.326268,0.062426,549,453,92,acucar,68e96548b9,8.8987
77,12,100,0.326268,0.062426,549,453,92,acucar,68e96548b9,8.8987
77,13,100,0.326268,0.062426,549,453,92,acucar,68e96548b9,8.8987
77,14,100,0.326268,0.062426,549,453,92,acucar,68e96548b9,8.8987
77,15,100,0.326268,0.062426,549,453,92,acucar,68e96548b9,8.8987
77,16,100,0.326055,0.062591,549,452,92,acucar,f09260fab8,8.8426
77,17,100,0.326268,0.062426,549,453,92,acucar,68e96548b9,8.8987
77,18,100,0.326268,0.062426,549,453,92,acucar,68e96548b9,8.8987
77,19,100,0.326268,0.062426,549,453,92,acucar,68e96548b9,8.8987
77,20,100,0.326268,0.062426,549,453,92,acucar,68e96548b9,8.8987
77,21,100,0.326268,0.062426,549,453,92,acucar,68e96548b9,8.8987
77,22,100,0.326268,0.062426,549,453,92,acucar,68e96548b9,8.8987
77,23,100,0.326268,0.062426,549,453,92,acucar,68e96548b9,8.8987
77,24,100,0.326268,0.062426,549,453,92,acucar,68e96548b9,8.8987
77,25,100,0.326268,0.062426,549,453,92,acucar,68e96548b9,8.8987
77,26,100,0.326268,0.062426,549,453,92,acucar,68e96548b9,8.8987
77,27,100,0.326268,0.062426,549,453,92,acucar,68e96548b9,8.8987
77,28,100,0.326268,0.062426,549,453,92,acucar,68e96548b9,8.8987
77,29,100,0.326268,0.062426,549,453,92,acucar,68e96548b9,8.8987
77,30,100,0.326268,0.062426,549,453,92,acucar,68e96548b9,8.8987
77,31,100,0.326268,0.062426,549,453,92,acucar,68e96548b9,8.8987
77,32,100,0.326268,0.062426,549,453,92,acucar,68e96548b9,8.8987
77,33,100,0.326268,0.062426,549,453,92,acucar,68e96548b9,8.8987
77,34,100,0.326268,0.062426,549,453,92,acucar,68e96548b9,8.8987
77,35,100,0.326268,0.062426,549,453,92,acucar,68e96548b9,8.8987
77,36,100,0.326268,0.062426,549,453,92,acucar,68e96548b9,8.8987
77,37,100,0.326268,0.062426,549,453,92,acucar,68e96548b9,8.8987
77,38,100,0.326268,0.062426,549,453,92,acucar,68e96548b9,8.8987
77,39,100,0.326268,0.062426,549,453,92,acucar,68e96548b9,8.8987
77,40,100,0.326055,0.062591,549,452,92,acucar,f09260fab8,8.8426
77,41,100,0.326268,0.062426,549,453,92,acucar,68e96548b9,8.8987
77,42,100,0.326268,0.062426,549,453,92,acucar,68e96548b9,8.8987
77,43,100,0.326268,0.062426,549,453,92,acucar,68e96548b9,8.8987
77,44,100,0.326268,0.062426,549,453,92,acucar,68e96548b9,8.8987
77,45,100,0.326268,0.062426,549,453,92,acucar,68e96548b9,8.8987
77,46,100,0.326268,0.062426,549,453,92,acucar,68e96548b9,8.8987
77,47,100,0.326268,0.062426,549,453,92,acucar,68e96548b9,8.8987
77,48,100,0.326268,0.062426,549,453,92,acucar,68e96548b9,8.8987
77,49,100,0.326268,0.062426,549,453,92,acucar,68e96548b9,8.8987
78,0,100,0.327440,0.062704,550,456,92,acucar,102cfd551a,8.9187
78,1,100,0.326055,0.062591,549,452,92,acucar,f09260fab8,8.8426
78,2,100,0.326055,0.062591,549,452,92,acucar,f09260fab8,8.8426
78,3,100,0.326055,0.062591,549,452,92,acucar,f09260fab8,8.8426
78,4,100,0.326268,0.062426,549,453,92,acucar,68e96548b9,8.8987
78,5,100,0.326268,0.062426,549,453,92,acucar,68e96548b9,8.8987
78,6,100,0.326268,0.062426,549,453,92,acucar,68e96548b9,8.8987
78,7,100,0.326268,0.062426,549,453,92,acucar,68e96548b9,8.8987
78,8,100,0.326055,0.062591,549,452,92,acucar,f09260fab8,8.8426
78,9,100,0.326055,0.062591,549,452,92,acucar,f09260fab8,8.8426
78,10,100,0.326055,0.062591,549,452,92,acucar,f09260fab8,8.8426
78,11,100,0.326268,0.062426,549,453,92,acucar,68e96548b9,8.8987
78,12,100,0.326268,0.062426,549,453,92,acucar,68e96548b9,8.8987
78,13,100,0.325749,0.062184,550,451,91,acucar,7d4ab8d5ee,10.0630
78,14,100,0.326055,0.062591,549,452,92,acucar,f09260fab8,8.8426
78,15,100,0.326268,0.062426,549,453,92,acucar,68e96548b9,8.8987
78,16,100,0.326268,0.062426,549,453,92,acucar,68e96548b9,8.8987
78,17,100,0.326268,0.062426,549,453,92,acucar,68e96548b9,8.8987
78,18,100,0.326268,0.062426,549,453,92,acucar,68e96548b9,8.8987
78,19,100,0.324990,0.062147,551,456,92,acucar,a2f3b69976,8.6081
78,20,100,0.327440,0.062704,550,456,92,acucar,102cfd551a,8.9187
78,21,100,0.326055,0.062591,549,452,92,acucar,f09260fab8,8.8426
78,22,100,0.323978,0.061852,547,450,91,acucar,6596992137,10.2725
78,23,100,0.324205,0.061831,549,450,91,acucar,258beed017,9.2321
78,24,100,0.326055,0.062591,549,452,92,acucar,f09260fab8,8.8426
78,25,100,0.321795,0.060612,552,454,90,cafe,d7dda9fec6,8.7545
78,26,100,0.326055,0.062591,549,452,92,acucar,f09260fab8,8.8426
78,27,100,0.326268,0.062426,549,453,92,acucar,68e96548b9,8.8987
78,28,100,0.326268,0.062426,549,453,92,acucar,68e96548b9,8.8987
78,29,100,0.326268,0.062426,549,453,92,acucar,68e96548b9,8.8987
78,30,100,0.326055,0.062591,549,452,92,acucar,f09260fab8,8.8426
78,31,100,0.326268,0.062426,549,453,92,acucar,68e96548b9,8.8987
78,32,100,0.308201,0.061031,548,453,92,acucar,3b08ee8bdb,8.2641
78,33,100,0.326268,0.062426,549,453,92,acucar,68e96548b9,8.8987
78,34,100,0.326268,0.062426,549,453,92,acucar,68e96548b9,8.8987
78,35,100,0.327440,0.062704,550,456,92,acucar,102cfd551a,8.9187
78,36,100,0.326268,0.062426,549,453,92,acucar,68e96548b9,8.8987
78,37,100,0.326068,0.062251,550,453,91,acucar,98fa14914b,9.1430
78,38,100,0.326055,0.062591,549,452,92,acucar,f09260fab8,8.8426
78,39,100,0.324804,0.062229,549,453,92,acucar,32760dcc85,8.9416
78,40,100,0.326987,0.061959,550,451,91,acucar,681b92de60,9.1044
78,41,100,0.326268,0.062426,549,453,92,acucar,68e96548b9,8.8987
78,42,100,0.326268,0.062426,549,453,92,acucar,68e96548b9,8.8987
78,43,100,0.326055,0.062591,549,452,92,acucar,f09260fab8,8.8426
78,44,100,0.326268,0.062426,549,453,92,acucar,68e96548b9,8.8987
78,45,100,0.326268,0.062426,549,453,92,acucar,68e96548b9,8.8987
78,46,100,0.326268,0.062426,549,453,92,acucar,68e96548b9,8.8987
78,47,100,0.326268,0.062426,549,453,92,acucar,68e96548b9,8.8987
78,48,100,0.326268,0.062426,549,453,92,acucar,68e96548b9,8.8987
78,49,100,0.326268,0.062426,549,453,92,acucar,68e96548b9,8.8987
79,0,100,0.327440,0.062704,550,456,92,acucar,102cfd551a,8.9187
79,1,100,0.327440,0.062704,550,456,92,acucar,102cfd551a,8.9187
79,2,100,0.327440,0.062704,550,456,92,acucar,102cfd551a,8.9187
79,3,100,0.326055,0.062591,549,452,92,acucar,f09260fab8,8.8426
79,4,100,0.326055,0.062591,549,452,92,acucar,f09260fab8,8.8426
79,5,100,0.326268,0.062426,549,453,92,acucar,68e96548b9,8.8987
79,6,100,0.327440,0.062704,550,456,92,acucar,102cfd551a,8.9187
79,7,100,0.325256,0.061996,549,452,91,acucar,87216e2fe4,11.6278
79,8,100,0.326055,0.062591,549,452,92,acucar,f09260fab8,8.8426
79,9,100,0.326055,0.062591,549,452,92,acucar,f09260fab8,8.8426
79,10,100,0.327440,0.062704,550,456,92,acucar,102cfd551a,8.9187
79,11,100,0.326268,0.062426,549,453,92,acucar,68e96548b9,8.8987
79,12,100,0.326268,0.062426,549,453,92,acucar,68e96548b9,8.8987
79,13,100,0.325696,0.062213,551,451,92,acucar,73937424b9,8.9626
79,14,100,0.326055,0.062591,549,452,92,acucar,f09260fab8,8.8426
79,15,100,0.326055,0.062591,549,452,92,acucar,f09260fab8,8.8426
79,16,100,0.326055,0.062591,549,452,92,acucar,f09260fab8,8.8426
79,17,100,0.326268,0.062426,549,453,92,acucar,68e96548b9,8.8987
79,18,100,0.327440,0.062704,550,456,92,acucar,102cfd551a,8.9187
79,19,100,0.326055,0.062591,549,452,92,acucar,f09260fab8,8.8426
79,20,100,0.327440,0.062704,550,456,92,acucar,102cfd551a,8.9187
79,21,100,0.326055,0.062591,549,452,92,acucar,f09260fab8,8.8426
79,22,100,0.326055,0.062591,549,452,92,acucar,f09260fab8,8.8426
79,23,100,0.326055,0.062591,549,452,92,acucar,f09260fab8,8.8426
79,24,100,0.326055,0.062591,549,452,92,acucar,f09260fab8,8.8426
79,25,100,0.326055,0.062591,549,452,92,acucar,f09260fab8,8.8426
79,26,100,0.326268,0.062426,549,453,92,acucar,68e96548b9,8.8987
79,27,100,0.326055,0.062591,549,452,92,acucar,f09260fab8,8.8426
79,28,100,0.327440,0.062704,550,456,92,acucar,102cfd551a,8.9187
79,29,100,0.326055,0.062591,549,452,92,acucar,f09260fab8,8.8426
79,30,100,0.326055,0.062591,549,452,92,acucar,f09260fab8,8.8426
79,31,100,0.319571,0.061865,550,454,92,acucar,61632ca990,8.9446
79,32,100,0.326268,0.062426,549,453,92,acucar,68e96548b9,8.8987
79,33,100,0.326055,0.062591,549,452,92,acucar,f09260fab8,8.8426
79,34,100,0.326335,0.062421,549,452,92,acucar,ae54c4f3da,7.4451
79,35,100,0.326055,0.062591,549,452,92,acucar,f09260fab8,8.8426
79,36,100,0.326055,0.062591,549,452,92,acucar,f09260fab8,8.8426
79,37,100,0.326268,0.062426,549,453,92,acucar,68e96548b9,8.8987
79,38,100,0.326268,0.062426,549,453,92,acucar,68e96548b9,8.8987
79,39,100,0.326055,0.062591,549,452,92,acucar,f09260fab8,8.8426
79,40,100,0.326055,0.062591,549,452,92,acucar,f09260fab8,8.8426
79,41,100,0.326055,0.062591,549,452,92,acucar,f09260fab8,8.8426
79,42,100,0.326055,0.062591,549,452,92,acucar,f09260fab8,8.8426
79,43,100,0.325256,0.061996,549,452,91,acucar,87216e2fe4,11.6278
79,44,100,0.328265,0.063297,550,456,93,acucar,fada1c16f0,8.7707
79,45,100,0.326055,0.062591,549,452,92,acucar,f09260fab8,8.8426
79,46,100,0.326055,0.062591,549,452,92,acucar,f09260fab8,8.8426
79,47,100,0.326055,0.062591,549,452,92,acucar,f09260fab8,8.8426
79,48,100,0.326055,0.062591,549,452,92,acucar,f09260fab8,8.8426
79,49,100,0.326055,0.062591,549,452,92,acucar,f09260fab8,8.8426
80,0,100,0.328265,0.063297,550,456,93,acucar,fada1c16f0,8.7707
80,1,100,0.327440,0.062704,550,456,92,acucar,102cfd551a,8.9187
80,2,100,0.327440,0.062704,550,456,92,acucar,102cfd551a,8.9187
80,3,100,0.327440,0.062704,550,456,92,acucar,102cfd551a,8.9187
80,4,100,0.327440,0.062704,550,456,92,acucar,102cfd551a,8.9187
80,5,100,0.320676,0.061640,548,454,91,acucar,a9c9ec8d31,10.9840
80,6,100,0.326268,0.062426,549,453,92,acucar,68e96548b9,8.8987
80,7,100,0.324737,0.061463,548,453,91,acucar,8d598b2714,8.6353
80,8,100,0.326268,0.062426,549,453,92,acucar,68e96548b9,8.8987
80,9,100,0.326055,0.062591,549,452,92,acucar,f09260fab8,8.8426
80,10,100,0.326055,0.062591,549,452,92,acucar,f09260fab8,8.8426
80,11,100,0.326055,0.062591,549,452,92,acucar,f09260fab8,8.8426
80,12,100,0.327440,0.062704,550,456,92,acucar,102cfd551a,8.9187
80,13,100,0.326055,0.062591,549,452,92,acucar,f09260fab8,8.8426
80,14,100,0.326055,0.062591,549,452,92,acucar,f09260fab8,8.8426
80,15,100,0.327094,0.062408,552,457,91,acucar,cc20d6f158,9.2872
80,16,100,0.326348,0.063066,550,455,93,linguica,1ac7d75f83,8.8195
80,17,100,0.326268,0.062426,549,453,92,acucar,68e96548b9,8.8987
80,18,100,0.323233,0.061649,546,449,91,acucar,2582b65b97,8.6016
80,19,100,0.327440,0.062704,550,456,92,acucar,102cfd551a,8.9187
80,20,100,0.327440,0.062704,550,456,92,acucar,102cfd551a,8.9187
80,21,100,0.326055,0.062591,549,452,92,acucar,f09260fab8,8.8426
80,22,100,0.327440,0.062704,550,456,92,acucar,102cfd551a,8.9187
80,23,100,0.325256,0.061996,549,452,91,acucar,87216e2fe4,11.6278
80,24,100,0.319119,0.062596,549,455,94,acucar,0a36789a87,7.9832
80,25,100,0.327014,0.061754,553,457,92,acucar,063dcb7bf7,7.4184
80,26,100,0.327440,0.062704,550,456,92,acucar,102cfd551a,8.9187
80,27,100,0.327440,0.062704,550,456,92,acucar,102cfd551a,8.9187
80,28,100,0.326055,0.062591,549,452,92,acucar,f09260fab8,8.8426
80,29,100,0.328265,0.063297,550,456,93,acucar,fada1c16f0,8.7707
80,30,100,0.325256,0.061996,549,452,91,acucar,87216e2fe4,11.6278
80,31,100,0.327440,0.062704,550,456,92,acucar,102cfd551a,8.9187
80,32,100,0.327440,0.062704,550,456,92,acucar,102cfd551a,8.9187
80,33,100,0.326055,0.062591,549,452,92,acucar,f09260fab8,8.8426
80,34,100,0.327293,0.062073,555,459,91,acucar,6b7e562e58,10.9933
80,35,100,0.326055,0.062591,549,452,92,acucar,f09260fab8,8.8426
80,36,100,0.326055,0.062591,549,452,92,acucar,f09260fab8,8.8426
80,37,100,0.326055,0.062591,549,452,92,acucar,f09260fab8,8.8426
80,38,100,0.328265,0.063297,550,456,93,acucar,fada1c16f0,8.7707
80,39,100,0.327440,0.062704,550,456,92,acucar,102cfd551a,8.9187
80,40,100,0.327440,0.062704,550,456,92,acucar,102cfd551a,8.9187
80,41,100,0.326055,0.062591,549,452,92,acucar,f09260fab8,8.8426
80,42,100,0.326055,0.062591,549,452,92,acucar,f09260fab8,8.8426
80,43,100,0.327440,0.062704,550,456,92,acucar,102cfd551a,8.9187
80,44,100,0.327440,0.062704,550,456,92,acucar,102cfd551a,8.9187
80,45,100,0.327440,0.062704,550,456,92,acucar,102cfd551a,8.9187
80,46,100,0.328265,0.063297,550,456,93,acucar,fada1c16f0,8.7707
80,47,100,0.327440,0.062704,550,456,92,acucar,102cfd551a,8.9187
80,48,100,0.327440,0.062704,550,456,92,acucar,102cfd551a,8.9187
80,49,100,0.326055,0.062591,549,452,92,acucar,f09260fab8,8.8426
81,0,100,0.328265,0.063297,550,456,93,acucar,fada1c16f0,8.7707
81,1,100,0.328265,0.063297,550,456,93,acucar,fada1c16f0,8.7707
81,2,100,0.328265,0.063297,550,456,93,acucar,fada1c16f0,8.7707
81,3,100,0.328265,0.063297,550,456,93,acucar,fada1c16f0,8.7707
81,4,100,0.326348,0.063066,550,455,93,linguica,1ac7d75f83,8.8195
81,5,100,0.326055,0.062591,549,452,92,acucar,f09260fab8,8.8426
81,6,100,0.328265,0.063297,550,456,93,acucar,fada1c16f0,8.7707
81,7,100,0.327440,0.062704,550,456,92,acucar,102cfd551a,8.9187
81,8,100,0.328265,0.063297,550,456,93,acucar,fada1c16f0,8.7707
81,9,100,0.319119,0.062596,549,455,94,acucar,0a36789a87,7.9832
81,10,100,0.327440,0.062704,550,456,92,acucar,102cfd551a,8.9187
81,11,100,0.327440,0.062704,550,456,92,acucar,102cfd551a,8.9187
81,12,100,0.327440,0.062704,550,456,92,acucar,102cfd551a,8.9187
81,13,100,0.328052,0.062255,550,457,92,acucar,a66c50100a,12.1406
81,14,100,0.327440,0.062704,550,456,92,acucar,102cfd551a,8.9187
81,15,100,0.327440,0.062704,550,456,92,acucar,102cfd551a,8.9187
81,16,100,0.327440,0.062704,550,456,92,acucar,102cfd551a,8.9187
81,17,100,0.327440,0.062704,550,456,92,acucar,102cfd551a,8.9187
81,18,100,0.328265,0.063297,550,456,93,acucar,fada1c16f0,8.7707
81,19,100,0.327440,0.062704,550,456,92,acucar,102cfd551a,8.9187
81,20,100,0.327440,0.062704,550,456,92,acucar,102cfd551a,8.9187
81,21,100,0.328265,0.063297,550,456,93,acucar,fada1c16f0,8.7707
81,22,100,0.327679,0.062243,550,453,91,suco pronto,c6cab4ffa9,12.0268
81,23,100,0.327440,0.062704,550,456,92,acucar,102cfd551a,8.9187
81,24,100,0.327440,0.062704,550,456,92,acucar,102cfd551a,8.9187
81,25,100,0.327440,0.062704,550,456,92,acucar,102cfd551a,8.9187
81,26,100,0.327440,0.062704,550,456,92,acucar,102cfd551a,8.9187
81,27,100,0.325256,0.061996,549,452,91,acucar,87216e2fe4,11.6278
81,28,100,0.328265,0.063297,550,456,93,acucar,fada1c16f0,8.7707
81,29,100,0.327440,0.062704,550,456,92,acucar,102cfd551a,8.9187
81,30,100,0.323752,0.061734,549,456,91,acucar,e940b63784,10.3459
81,31,100,0.328265,0.063297,550,456,93,acucar,fada1c16f0,8.7707
81,32,100,0.326268,0.062426,549,453,92,acucar,68e96548b9,8.8987
81,33,100,0.327440,0.062704,550,456,92,acucar,102cfd551a,8.9187
81,34,100,0.327440,0.062704,550,456,92,acucar,102cfd551a,8.9187
81,35,100,0.328265,0.063297,550,456,93,acucar,fada1c16f0,8.7707
81,36,100,0.328265,0.063297,550,456,93,acucar,fada1c16f0,8.7707
81,37,100,0.327440,0.062704,550,456,92,acucar,102cfd551a,8.9187
81,38,100,0.327440,0.062704,550,456,92,acucar,102cfd551a,8.9187
81,39,100,0.325256,0.061996,549,452,91,acucar,87216e2fe4,11.6278
81,40,100,0.328265,0.063297,550,456,93,acucar,fada1c16f0,8.7707
81,41,100,0.327440,0.062704,550,456,92,acucar,102cfd551a,8.9187
81,42,100,0.327440,0.062704,550,456,92,acucar,102cfd551a,8.9187
81,43,100,0.324205,0.061831,549,450,91,acucar,258beed017,9.2321
81,44,100,0.328265,0.063297,550,456,93,acucar,fada1c16f0,8.7707
81,45,100,0.327440,0.062704,550,456,92,acucar,102cfd551a,8.9187
81,46,100,0.327440,0.062704,550,456,92,acucar,102cfd551a,8.9187
81,47,100,0.327440,0.062704,550,456,92,acucar,102cfd551a,8.9187
81,48,100,0.327440,0.062704,550,456,92,acucar,102cfd551a,8.9187
81,49,100,0.325696,0.061844,550,455,91,acucar,34efd1172d,8.8215
82,0,100,0.328265,0.063297,550,456,93,acucar,fada1c16f0,8.7707
82,1,100,0.328265,0.063297,550,456,93,acucar,fada1c16f0,8.7707
82,2,100,0.328265,0.063297,550,456,93,acucar,fada1c16f0,8.7707
82,3,100,0.328265,0.063297,550,456,93,acucar,fada1c16f0,8.7707
82,4,100,0.328265,0.063297,550,456,93,acucar,fada1c16f0,8.7707
82,5,100,0.328265,0.063297,550,456,93,acucar,fada1c16f0,8.7707
82,6,100,0.328265,0.063297,550,456,93,acucar,fada1c16f0,8.7707
82,7,100,0.327440,0.062704,550,456,92,acucar,102cfd551a,8.9187
82,8,100,0.327440,0.062704,550,456,92,acucar,102cfd551a,8.9187
82,9,100,0.328265,0.063297,550,456,93,acucar,fada1c16f0,8.7707
82,10,100,0.328265,0.063297,550,456,93,acucar,fada1c16f0,8.7707
82,11,100,0.328265,0.063297,550,456,93,acucar,fada1c16f0,8.7707
82,12,100,0.328265,0.063297,550,456,93,acucar,fada1c16f0,8.7707
82,13,100,0.328265,0.063297,550,456,93,acucar,fada1c16f0,8.7707
82,14,100,0.327440,0.062704,550,456,92,acucar,102cfd551a,8.9187
82,15,100,0.328265,0.063297,550,456,93,acucar,fada1c16f0,8.7707
82,16,100,0.328265,0.063297,550,456,93,acucar,fada1c16f0,8.7707
82,17,100,0.328265,0.063297,550,456,93,acucar,fada1c16f0,8.7707
82,18,100,0.327440,0.062704,550,456,92,acucar,102cfd551a,8.9187
82,19,100,0.327386,0.062705,549,457,92,acucar,9ee32d9704,8.7329
82,20,100,0.327440,0.062704,550,456,92,acucar,102cfd551a,8.9187
82,21,100,0.327440,0.062704,550,456,92,acucar,102cfd551a,8.9187
82,22,100,0.328265,0.063297,550,456,93,acucar,fada1c16f0,8.7707
82,23,100,0.328265,0.063297,550,456,93,acucar,fada1c16f0,8.7707
82,24,100,0.328265,0.063297,550,456,93,acucar,fada1c16f0,8.7707
82,25,100,0.328265,0.063297,550,456,93,acucar,fada1c16f0,8.7707
82,26,100,0.328265,0.063297,550,456,93,acucar,fada1c16f0,8.7707
82,27,100,0.327440,0.062704,550,456,92,acucar,102cfd551a,8.9187
82,28,100,0.325283,0.062327,550,455,92,acucar,0602367084,7.9753
82,29,100,0.328265,0.063297,550,456,93,acucar,fada1c16f0,8.7707
82,30,100,0.328265,0.063297,550,456,93,acucar,fada1c16f0,8.7707
82,31,100,0.328265,0.063297,550,456,93,acucar,fada1c16f0,8.7707
82,32,100,0.328265,0.063297,550,456,93,acucar,fada1c16f0,8.7707
82,33,100,0.328265,0.063297,550,456,93,acucar,fada1c16f0,8.7707
82,34,100,0.328265,0.063297,550,456,93,acucar,fada1c16f0,8.7707
82,35,100,0.327440,0.062704,550,456,92,acucar,102cfd551a,8.9187
82,36,100,0.328265,0.063297,550,456,93,acucar,fada1c16f0,8.7707
82,37,100,0.327440,0.062704,550,456,92,acucar,102cfd551a,8.9187
82,38,100,0.328265,0.063297,550,456,93,acucar,fada1c16f0,8.7707
82,39,100,0.328265,0.063297,550,456,93,acucar,fada1c16f0,8.7707
82,40,100,0.327440,0.062704,550,456,92,acucar,102cfd551a,8.9187
82,41,100,0.328265,0.063297,550,456,93,acucar,fada1c16f0,8.7707
82,42,100,0.326921,0.062667,548,453,92,acucar,a0b2bbd7bf,7.6955
82,43,100,0.327440,0.062704,550,456,92,acucar,102cfd551a,8.9187
82,44,100,0.328265,0.063297,550,456,93,acucar,fada1c16f0,8.7707
82,45,100,0.327440,0.062704,550,456,92,acucar,102cfd551a,8.9187
82,46,100,0.328265,0.063297,550,456,93,acucar,fada1c16f0,8.7707
82,47,100,0.328079,0.062973,551,457,93,acucar,39a54fefdb,8.0759
82,48,100,0.328265,0.063297,550,456,93,acucar,fada1c16f0,8.7707
82,49,100,0.327786,0.062410,555,459,92,acucar,6b44d8e92e,8.0522
83,0,100,0.328265,0.063297,550,456,93,acucar,fada1c16f0,8.7707
83,1,100,0.328265,0.063297,550,456,93,acucar,fada1c16f0,8.7707
83,2,100,0.328265,0.063297,550,456,93,acucar,fada1c16f0,8.7707
83,3,100,0.328265,0.063297,550,456,93,acucar,fada1c16f0,8.7707
83,4,100,0.328265,0.063297,550,456,93,acucar,fada1c16f0,8.7707
83,5,100,0.328265,0.063297,550,456,93,acucar,fada1c16f0,8.7707
83,6,100,0.328265,0.063297,550,456,93,acucar,fada1c16f0,8.7707
83,7,100,0.328265,0.063297,550,456,93,acucar,fada1c16f0,8.7707
83,8,100,0.328265,0.063297,550,456,93,acucar,fada1c16f0,8.7707
83,9,100,0.328265,0.063297,550,456,93,acucar,fada1c16f0,8.7707
83,10,100,0.328265,0.063297,550,456,93,acucar,fada1c16f0,8.7707
83,11,100,0.328212,0.062788,549,455,92,sabonete,f675bbbf32,9.1083
83,12,100,0.328265,0.063297,550,456,93,acucar,fada1c16f0,8.7707
83,13,100,0.328265,0.063297,550,456,93,acucar,fada1c16f0,8.7707
83,14,100,0.328265,0.063297,550,456,93,acucar,fada1c16f0,8.7707
83,15,100,0.328265,0.063297,550,456,93,acucar,fada1c16f0,8.7707
83,16,100,0.328265,0.063297,550,456,93,acucar,fada1c16f0,8.7707
83,17,100,0.328265,0.063297,550,456,93,acucar,fada1c16f0,8.7707
83,18,100,0.328265,0.063297,550,456,93,acucar,fada1c16f0,8.7707
83,19,100,0.328265,0.063297,550,456,93,acucar,fada1c16f0,8.7707
83,20,100,0.328265,0.063297,550,456,93,acucar,fada1c16f0,8.7707
83,21,100,0.328265,0.063297,550,456,93,acucar,fada1c16f0,8.7707
83,22,100,0.328265,0.063297,550,456,93,acucar,fada1c16f0,8.7707
83,23,100,0.328358,0.062629,552,459,92,acucar,b3c8329270,8.2133
83,24,100,0.328265,0.063297,550,456,93,acucar,fada1c16f0,8.7707
83,25,100,0.328265,0.063297,550,456,93,acucar,fada1c16f0,8.7707
83,26,100,0.328265,0.063297,550,456,93,acucar,fada1c16f0,8.7707
83,27,100,0.328265,0.063297,550,456,93,acucar,fada1c16f0,8.7707
83,28,100,0.328265,0.063297,550,456,93,acucar,fada1c16f0,8.7707
83,29,100,0.328265,0.063297,550,456,93,acucar,fada1c16f0,8.7707
83,30,100,0.328265,0.063297,550,456,93,acucar,fada1c16f0,8.7707
83,31,100,0.328265,0.063297,550,456,93,acucar,fada1c16f0,8.7707
83,32,100,0.328265,0.063297,550,456,93,acucar,fada1c16f0,8.7707
83,33,100,0.328265,0.063297,550,456,93,acucar,fada1c16f0,8.7707
83,34,100,0.328265,0.063297,550,456,93,acucar,fada1c16f0,8.7707
83,35,100,0.328265,0.063297,550,456,93,acucar,fada1c16f0,8.7707
83,36,100,0.328265,0.063297,550,456,93,acucar,fada1c16f0,8.7707
83,37,100,0.328265,0.063297,550,456,93,acucar,fada1c16f0,8.7707
83,38,100,0.328265,0.063297,550,456,93,acucar,fada1c16f0,8.7707
83,39,100,0.328265,0.063297,550,456,93,acucar,fada1c16f0,8.7707
83,40,100,0.328265,0.063297,550,456,93,acucar,fada1c16f0,8.7707
83,41,100,0.328265,0.063297,550,456,93,acucar,fada1c16f0,8.7707
83,42,100,0.328265,0.063297,550,456,93,acucar,fada1c16f0,8.7707
83,43,100,0.328265,0.063297,550,456,93,acucar,fada1c16f0,8.7707
83,44,100,0.328265,0.063297,550,456,93,acucar,fada1c16f0,8.7707
83,45,100,0.328265,0.063297,550,456,93,acucar,fada1c16f0,8.7707
83,46,100,0.328265,0.063297,550,456,93,acucar,fada1c16f0,8.7707
83,47,100,0.328265,0.063297,550,456,93,acucar,fada1c16f0,8.7707
83,48,100,0.328265,0.063297,550,456,93,acucar,fada1c16f0,8.7707
83,49,100,0.328265,0.063297,550,456,93,acucar,fada1c16f0,8.7707
84,0,100,0.328265,0.063297,550,456,93,acucar,fada1c16f0,8.7707
84,1,100,0.328265,0.063297,550,456,93,acucar,fada1c16f0,8.7707
84,2,100,0.328265,0.063297,550,456,93,acucar,fada1c16f0,8.7707
84,3,100,0.328265,0.063297,550,456,93,acucar,fada1c16f0,8.7707
84,4,100,0.328265,0.063297,550,456,93,acucar,fada1c16f0,8.7707
84,5,100,0.328265,0.063297,550,456,93,acucar,fada1c16f0,8.7707
84,6,100,0.328265,0.063297,550,456,93,acucar,fada1c16f0,8.7707
84,7,100,0.328265,0.063297,550,456,93,acucar,fada1c16f0,8.7707
84,8,100,0.328265,0.063297,550,456,93,acucar,fada1c16f0,8.7707
84,9,100,0.328265,0.063297,550,456,93,acucar,fada1c16f0,8.7707
84,10,100,0.328265,0.063297,550,456,93,acucar,fada1c16f0,8.7707
84,11,100,0.328265,0.063297,550,456,93,acucar,fada1c16f0,8.7707
84,12,100,0.328265,0.063297,550,456,93,acucar,fada1c16f0,8.7707
84,13,100,0.328265,0.063297,550,456,93,acucar,fada1c16f0,8.7707
84,14,100,0.328265,0.063297,550,456,93,acucar,fada1c16f0,8.7707
84,15,100,0.328265,0.063297,550,456,93,acucar,fada1c16f0,8.7707
84,16,100,0.328265,0.063297,550,456,93,acucar,fada1c16f0,8.7707
84,17,100,0.328265,0.063297,550,456,93,acucar,fada1c16f0,8.7707
84,18,100,0.328265,0.063297,550,456,93,acucar,fada1c16f0,8.7707
84,19,100,0.328265,0.063297,550,456,93,acucar,fada1c16f0,8.7707
84,20,100,0.328265,0.063297,550,456,93,acucar,fada1c16f0,8.7707
84,21,100,0.320157,0.062425,549,452,93,padaria e confeitaria industrializado,1cb1098106,9.1876
84,22,100,0.328265,0.063297,550,456,93,acucar,fada1c16f0,8.7707
84,23,100,0.328265,0.063297,550,456,93,acucar,fada1c16f0,8.7707
84,24,100,0.328265,0.063297,550,456,93,acucar,fada1c16f0,8.7707
84,25,100,0.328265,0.063297,550,456,93,acucar,fada1c16f0,8.7707
84,26,100,0.328265,0.063297,550,456,93,acucar,fada1c16f0,8.7707
84,27,100,0.328265,0.063297,550,456,93,acucar,fada1c16f0,8.7707
84,28,100,0.328265,0.063297,550,456,93,acucar,fada1c16f0,8.7707
84,29,100,0.328265,0.063297,550,456,93,acucar,fada1c16f0,8.7707
84,30,100,0.328265,0.063297,550,456,93,acucar,fada1c16f0,8.7707
84,31,100,0.328265,0.063297,550,456,93,acucar,fada1c16f0,8.7707
84,32,100,0.328265,0.063297,550,456,93,acucar,fada1c16f0,8.7707
84,33,100,0.328265,0.063297,550,456,93,acucar,fada1c16f0,8.7707
84,34,100,0.328265,0.063297,550,456,93,acucar,fada1c16f0,8.7707
84,35,100,0.328265,0.063297,550,456,93,acucar,fada1c16f0,8.7707
84,36,100,0.328265,0.063297,550,456,93,acucar,fada1c16f0,8.7707
84,37,100,0.328265,0.063297,550,456,93,acucar,fada1c16f0,8.7707
84,38,100,0.326934,0.062472,550,453,92,alvejante,8c235832bc,8.0978
84,39,100,0.328265,0.063297,550,456,93,acucar,fada1c16f0,8.7707
84,40,100,0.328265,0.063297,550,456,93,acucar,fada1c16f0,8.7707
84,41,100,0.328265,0.063297,550,456,93,acucar,fada1c16f0,8.7707
84,42,100,0.328265,0.063297,550,456,93,acucar,fada1c16f0,8.7707
84,43,100,0.328265,0.063297,550,456,93,acucar,fada1c16f0,8.7707
84,44,100,0.312701,0.061676,550,458,92,acucar,4c7a35ece6,7.8876
84,45,100,0.301624,0.061025,553,456,93,acucar,4c8980d156,8.9345
84,46,100,0.328265,0.063297,550,456,93,acucar,fada1c16f0,8.7707
84,47,100,0.328265,0.063297,550,456,93,acucar,fada1c16f0,8.7707
84,48,100,0.328265,0.063297,550,456,93,acucar,fada1c16f0,8.7707
84,49,100,0.328265,0.063297,550,456,93,acucar,fada1c16f0,8.7707
85,0,100,0.328265,0.063297,550,456,93,acucar,fada1c16f0,8.7707
85,1,100,0.328265,0.063297,550,456,93,acucar,fada1c16f0,8.7707
85,2,100,0.328265,0.063297,550,456,93,acucar,fada1c16f0,8.7707
85,3,100,0.328265,0.063297,550,456,93,acucar,fada1c16f0,8.7707
85,4,100,0.328265,0.063297,550,456,93,acucar,fada1c16f0,8.7707
85,5,100,0.328265,0.063297,550,456,93,acucar,fada1c16f0,8.7707
85,6,100,0.328265,0.063297,550,456,93,acucar,fada1c16f0,8.7707
85,7,100,0.328265,0.063297,550,456,93,acucar,fada1c16f0,8.7707
85,8,100,0.328265,0.063297,550,456,93,acucar,fada1c16f0,8.7707
85,9,100,0.328265,0.063297,550,456,93,acucar,fada1c16f0,8.7707
85,10,100,0.328265,0.063297,550,456,93,acucar,fada1c16f0,8.7707
85,11,100,0.328265,0.063297,550,456,93,acucar,fada1c16f0,8.7707
85,12,100,0.328265,0.063297,550,456,93,acucar,fada1c16f0,8.7707
85,13,100,0.332938,0.063175,547,458,92,acucar,d32080ab83,11.4178
85,14,100,0.328265,0.063297,550,456,93,acucar,fada1c16f0,8.7707
85,15,100,0.328265,0.063297,550,456,93,acucar,fada1c16f0,8.7707
85,16,100,0.328265,0.063297,550,456,93,acucar,fada1c16f0,8.7707
85,17,100,0.328265,0.063297,550,456,93,acucar,fada1c16f0,8.7707
85,18,100,0.328265,0.063297,550,456,93,acucar,fada1c16f0,8.7707
85,19,100,0.328265,0.063297,550,456,93,acucar,fada1c16f0,8.7707
85,20,100,0.328265,0.063297,550,456,93,acucar,fada1c16f0,8.7707
85,21,100,0.328265,0.063297,550,456,93,acucar,fada1c16f0,8.7707
85,22,100,0.328265,0.063297,550,456,93,acucar,fada1c16f0,8.7707
85,23,100,0.328265,0.063297,550,456,93,acucar,fada1c16f0,8.7707
85,24,100,0.328265,0.063297,550,456,93,acucar,fada1c16f0,8.7707
85,25,100,0.328265,0.063297,550,456,93,acucar,fada1c16f0,8.7707
85,26,100,0.328265,0.063297,550,456,93,acucar,fada1c16f0,8.7707
85,27,100,0.328265,0.063297,550,456,93,acucar,fada1c16f0,8.7707
85,28,100,0.328265,0.063297,550,456,93,acucar,fada1c16f0,8.7707
85,29,100,0.325602,0.062949,552,457,93,acucar,ec1c1a578a,9.3164
85,30,100,0.328265,0.063297,550,456,93,acucar,fada1c16f0,8.7707
85,31,100,0.328265,0.063297,550,456,93,acucar,fada1c16f0,8.7707
85,32,100,0.328265,0.063297,550,456,93,acucar,fada1c16f0,8.7707
85,33,100,0.329344,0.063226,551,456,92,suco pronto,15d3c7e792,8.7925
85,34,100,0.328265,0.063297,550,456,93,acucar,fada1c16f0,8.7707
85,35,100,0.328265,0.063297,550,456,93,acucar,fada1c16f0,8.7707
85,36,100,0.328265,0.063297,550,456,93,acucar,fada1c16f0,8.7707
85,37,100,0.328265,0.063297,550,456,93,acucar,fada1c16f0,8.7707
85,38,100,0.328265,0.063297,550,456,93,acucar,fada1c16f0,8.7707
85,39,100,0.328265,0.063297,550,456,93,acucar,fada1c16f0,8.7707
85,40,100,0.328265,0.063297,550,456,93,acucar,fada1c16f0,8.7707
85,41,100,0.328265,0.063297,550,456,93,acucar,fada1c16f0,8.7707
85,42,100,0.327373,0.063239,550,455,94,linguica,4ac32756b2,7.7341
85,43,100,0.328265,0.063297,550,456,93,acucar,fada1c16f0,8.7707
85,44,100,0.328265,0.063297,550,456,93,acucar,fada1c16f0,8.7707
85,45,100,0.328265,0.063297,550,456,93,acucar,fada1c16f0,8.7707
85,46,100,0.328265,0.063297,550,456,93,acucar,fada1c16f0,8.7707
85,47,100,0.328265,0.063297,550,456,93,acucar,fada1c16f0,8.7707
85,48,100,0.328265,0.063297,550,456,93,acucar,fada1c16f0,8.7707
85,49,100,0.328265,0.063297,550,456,93,acucar,fada1c16f0,8.7707
86,0,100,0.328265,0.063297,550,456,93,acucar,fada1c16f0,8.7707
86,1,100,0.328265,0.063297,550,456,93,acucar,fada1c16f0,8.7707
86,2,100,0.328265,0.063297,550,456,93,acucar,fada1c16f0,8.7707
86,3,100,0.328265,0.063297,550,456,93,acucar,fada1c16f0,8.7707
86,4,100,0.328265,0.063297,550,456,93,acucar,fada1c16f0,8.7707
86,5,100,0.328265,0.063297,550,456,93,acucar,fada1c16f0,8.7707
86,6,100,0.328265,0.063297,550,456,93,acucar,fada1c16f0,8.7707
86,7,100,0.328265,0.063297,550,456,93,acucar,fada1c16f0,8.7707
86,8,100,0.328265,0.063297,550,456,93,acucar,fada1c16f0,8.7707
86,9,100,0.328265,0.063297,550,456,93,acucar,fada1c16f0,8.7707
86,10,100,0.328265,0.063297,550,456,93,acucar,fada1c16f0,8.7707
86,11,100,0.328265,0.063297,550,456,93,acucar,fada1c16f0,8.7707
86,12,100,0.328265,0.063297,550,456,93,acucar,fada1c16f0,8.7707
86,13,100,0.328265,0.063297,550,456,93,acucar,fada1c16f0,8.7707
86,14,100,0.325722,0.062092,550,455,92,acucar,4f3f1e78eb,9.2147
86,15,100,0.328265,0.063297,550,456,93,acucar,fada1c16f0,8.7707
86,16,100,0.328265,0.063297,550,456,93,acucar,fada1c16f0,8.7707
86,17,100,0.328265,0.063297,550,456,93,acucar,fada1c16f0,8.7707
86,18,100,0.328265,0.063297,550,456,93,acucar,fada1c16f0,8.7707
86,19,100,0.328265,0.063297,550,456,93,acucar,fada1c16f0,8.7707
86,20,100,0.328265,0.063297,550,456,93,acucar,fada1c16f0,8.7707
86,21,100,0.328265,0.063297,550,456,93,acucar,fada1c16f0,8.7707
86,22,100,0.328265,0.063297,550,456,93,acucar,fada1c16f0,8.7707
86,23,100,0.328265,0.063297,550,456,93,acucar,fada1c16f0,8.7707
86,24,100,0.328265,0.063297,550,456,93,acucar,fada1c16f0,8.7707
86,25,100,0.328265,0.063297,550,456,93,acucar,fada1c16f0,8.7707
86,26,100,0.328265,0.063297,550,456,93,acucar,fada1c16f0,8.7707
86,27,100,0.328265,0.063297,550,456,93,acucar,fada1c16f0,8.7707
86,28,100,0.328265,0.063297,550,456,93,acucar,fada1c16f0,8.7707
86,29,100,0.328265,0.063297,550,456,93,acucar,fada1c16f0,8.7707
86,30,100,0.328265,0.063297,550,456,93,acucar,fada1c16f0,8.7707
86,31,100,0.328265,0.063297,550,456,93,acucar,fada1c16f0,8.7707
86,32,100,0.328265,0.063297,550,456,93,acucar,fada1c16f0,8.7707
86,33,100,0.328265,0.063297,550,456,93,acucar,fada1c16f0,8.7707
86,34,100,0.328265,0.063297,550,456,93,acucar,fada1c16f0,8.7707
86,35,100,0.328265,0.063297,550,456,93,acucar,fada1c16f0,8.7707
86,36,100,0.328265,0.063297,550,456,93,acucar,fada1c16f0,8.7707
86,37,100,0.325989,0.062398,554,458,92,refrigerante,05bb88d2ec,7.7252
86,38,100,0.328265,0.063297,550,456,93,acucar,fada1c16f0,8.7707
86,39,100,0.328265,0.063297,550,456,93,acucar,fada1c16f0,8.7707
86,40,100,0.312728,0.062652,547,457,93,acucar,a7567704a2,8.3426
86,41,100,0.328265,0.063297,550,456,93,acucar,fada1c16f0,8.7707
86,42,100,0.328265,0.063297,550,456,93,acucar,fada1c16f0,8.7707
86,43,100,0.328265,0.063297,550,456,93,acucar,fada1c16f0,8.7707
86,44,100,0.328265,0.063297,550,456,93,acucar,fada1c16f0,8.7707
86,45,100,0.328265,0.063297,550,456,93,acucar,fada1c16f0,8.7707
86,46,100,0.328265,0.063297,550,456,93,acucar,fada1c16f0,8.7707
86,47,100,0.328265,0.063297,550,456,93,acucar,fada1c16f0,8.7707
86,48,100,0.328265,0.063297,550,456,93,acucar,fada1c16f0,8.7707
86,49,100,0.328265,0.063297,550,456,93,acucar,fada1c16f0,8.7707
87,0,100,0.328265,0.063297,550,456,93,acucar,fada1c16f0,8.7707
87,1,100,0.328265,0.063297,550,456,93,acucar,fada1c16f0,8.7707
87,2,100,0.328265,0.063297,550,456,93,acucar,fada1c16f0,8.7707
87,3,100,0.328265,0.063297,550,456,93,acucar,fada1c16f0,8.7707
87,4,100,0.328265,0.063297,550,456,93,acucar,fada1c16f0,8.7707
87,5,100,0.328265,0.063297,550,456,93,acucar,fada1c16f0,8.7707
87,6,100,0.328265,0.063297,550,456,93,acucar,fada1c16f0,8.7707
87,7,100,0.328265,0.063297,550,456,93,acucar,fada1c16f0,8.7707
87,8,100,0.328265,0.063297,550,456,93,acucar,fada1c16f0,8.7707
87,9,100,0.328265,0.063297,550,456,93,acucar,fada1c16f0,8.7707
87,10,100,0.328265,0.063297,550,456,93,acucar,fada1c16f0,8.7707
87,11,100,0.325989,0.062921,553,456,93,acucar,8a61fb0bbd,9.6744
87,12,100,0.328265,0.063297,550,456,93,acucar,fada1c16f0,8.7707
87,13,100,0.328265,0.063297,550,456,93,acucar,fada1c16f0,8.7707
87,14,100,0.328265,0.063297,550,456,93,acucar,fada1c16f0,8.7707
87,15,100,0.328265,0.063297,550,456,93,acucar,fada1c16f0,8.7707
87,16,100,0.328265,0.063297,550,456,93,acucar,fada1c16f0,8.7707
87,17,100,0.323099,0.062624,547,454,93,acucar,e8cc035ed2,9.8205
87,18,100,0.328265,0.063297,550,456,93,acucar,fada1c16f0,8.7707
87,19,100,0.328265,0.063297,550,456,93,acucar,fada1c16f0,8.7707
87,20,100,0.328265,0.063297,550,456,93,acucar,fada1c16f0,8.7707
87,21,100,0.328265,0.063297,550,456,93,acucar,fada1c16f0,8.7707
87,22,100,0.328265,0.063297,550,456,93,acucar,fada1c16f0,8.7707
87,23,100,0.328265,0.063297,550,456,93,acucar,fada1c16f0,8.7707
87,24,100,0.328265,0.063297,550,456,93,acucar,fada1c16f0,8.7707
87,25,100,0.328265,0.063297,550,456,93,acucar,fada1c16f0,8.7707
87,26,100,0.324923,0.062834,553,460,93,acucar,4a24910838,10.2863
87,27,100,0.313367,0.062697,545,456,94,acucar,999a03505c,9.5912
87,28,100,0.328265,0.063297,550,456,93,acucar,fada1c16f0,8.7707
87,29,100,0.328265,0.063297,550,456,93,acucar,fada1c16f0,8.7707
87,30,100,0.328265,0.063297,550,456,93,acucar,fada1c16f0,8.7707
87,31,100,0.328265,0.063297,550,456,93,acucar,fada1c16f0,8.7707
87,32,100,0.328265,0.063297,550,456,93,acucar,fada1c16f0,8.7707
87,33,100,0.328265,0.063297,550,456,93,acucar,fada1c16f0,8.7707
87,34,100,0.328265,0.063297,550,456,93,acucar,fada1c16f0,8.7707
87,35,100,0.328265,0.063297,550,456,93,acucar,fada1c16f0,8.7707
87,36,100,0.328265,0.063297,550,456,93,acucar,fada1c16f0,8.7707
87,37,100,0.328265,0.063297,550,456,93,acucar,fada1c16f0,8.7707
87,38,100,0.328265,0.063297,550,456,93,acucar,fada1c16f0,8.7707
87,39,100,0.328265,0.063297,550,456,93,acucar,fada1c16f0,8.7707
87,40,100,0.328265,0.063297,550,456,93,acucar,fada1c16f0,8.7707
87,41,100,0.328265,0.063297,550,456,93,acucar,fada1c16f0,8.7707
87,42,100,0.327600,0.062782,550,454,92,acucar,7d5a079c5b,8.8027
87,43,100,0.328265,0.063297,550,456,93,acucar,fada1c16f0,8.7707
87,44,100,0.328265,0.063297,550,456,93,acucar,fada1c16f0,8.7707
87,45,100,0.328265,0.063297,550,456,93,acucar,fada1c16f0,8.7707
87,46,100,0.328265,0.063297,550,456,93,acucar,fada1c16f0,8.7707
87,47,100,0.328265,0.063297,550,456,93,acucar,fada1c16f0,8.7707
87,48,100,0.326321,0.062579,548,454,93,acucar,057b49ebf1,9.9752
87,49,100,0.328265,0.063297,550,456,93,acucar,fada1c16f0,8.7707
88,0,100,0.328265,0.063297,550,456,93,acucar,fada1c16f0,8.7707
88,1,100,0.328265,0.063297,550,456,93,acucar,fada1c16f0,8.7707
88,2,100,0.328265,0.063297,550,456,93,acucar,fada1c16f0,8.7707
88,3,100,0.328265,0.063297,550,456,93,acucar,fada1c16f0,8.7707
88,4,100,0.328265,0.063297,550,456,93,acucar,fada1c16f0,8.7707
88,5,100,0.328265,0.063297,550,456,93,acucar,fada1c16f0,8.7707
88,6,100,0.328265,0.063297,550,456,93,acucar,fada1c16f0,8.7707
88,7,100,0.328265,0.063297,550,456,93,acucar,fada1c16f0,8.7707
88,8,100,0.328265,0.063297,550,456,93,acucar,fada1c16f0,8.7707
88,9,100,0.326761,0.062906,552,456,93,acucar,58b44d1c9d,9.2971
88,10,100,0.328265,0.063297,550,456,93,acucar,fada1c16f0,8.7707
88,11,100,0.328265,0.063297,550,456,93,acucar,fada1c16f0,8.7707
88,12,100,0.328265,0.063297,550,456,93,acucar,fada1c16f0,8.7707
88,13,100,0.328265,0.063297,550,456,93,acucar,fada1c16f0,8.7707
88,14,100,0.328265,0.063297,550,456,93,acucar,fada1c16f0,8.7707
88,15,100,0.328265,0.063297,550,456,93,acucar,fada1c16f0,8.7707
88,16,100,0.328265,0.063297,550,456,93,acucar,fada1c16f0,8.7707
88,17,100,0.328265,0.063297,550,456,93,acucar,fada1c16f0,8.7707
88,18,100,0.328265,0.063297,550,456,93,acucar,fada1c16f0,8.7707
88,19,100,0.328265,0.063297,550,456,93,acucar,fada1c16f0,8.7707
88,20,100,0.323113,0.062600,549,453,93,acucar,9284b87fda,8.9126
88,21,100,0.328265,0.063297,550,456,93,acucar,fada1c16f0,8.7707
88,22,100,0.328265,0.063297,550,456,93,acucar,fada1c16f0,8.7707
88,23,100,0.328145,0.061827,553,456,92,acucar,6d3078ecf2,8.7114
88,24,100,0.328265,0.063297,550,456,93,acucar,fada1c16f0,8.7707
88,25,100,0.328265,0.063297,550,456,93,acucar,fada1c16f0,8.7707
88,26,100,0.328265,0.063297,550,456,93,acucar,fada1c16f0,8.7707
88,27,100,0.328265,0.063297,550,456,93,acucar,fada1c16f0,8.7707
88,28,100,0.323366,0.063123,551,456,93,acucar,dbc44ded31,9.2915
88,29,100,0.328265,0.063297,550,456,93,acucar,fada1c16f0,8.7707
88,30,100,0.328265,0.063297,550,456,93,acucar,fada1c16f0,8.7707
88,31,100,0.327373,0.062519,552,455,92,acucar,192569d3e0,7.1074
88,32,100,0.328265,0.063297,550,456,93,acucar,fada1c16f0,8.7707
88,33,100,0.328265,0.063297,550,456,93,acucar,fada1c16f0,8.7707
88,34,100,0.328265,0.063297,550,456,93,acucar,fada1c16f0,8.7707
88,35,100,0.328265,0.063297,550,456,93,acucar,fada1c16f0,8.7707
88,36,100,0.328265,0.063297,550,456,93,acucar,fada1c16f0,8.7707
88,37,100,0.328265,0.063297,550,456,93,acucar,fada1c16f0,8.7707
88,38,100,0.328265,0.063297,550,456,93,acucar,fada1c16f0,8.7707
88,39,100,0.328265,0.063297,550,456,93,acucar,fada1c16f0,8.7707
88,40,100,0.328265,0.063297,550,456,93,acucar,fada1c16f0,8.7707
88,41,100,0.328265,0.063297,550,456,93,acucar,fada1c16f0,8.7707
88,42,100,0.328265,0.063297,550,456,93,acucar,fada1c16f0,8.7707
88,43,100,0.328265,0.063297,550,456,93,linguica,fada1c16f0,8.7707
88,44,100,0.328265,0.063297,550,456,93,acucar,fada1c16f0,8.7707
88,45,100,0.328265,0.063297,550,456,93,acucar,fada1c16f0,8.7707
88,46,100,0.328265,0.063297,550,456,93,acucar,fada1c16f0,8.7707
88,47,100,0.328265,0.063297,550,456,93,acucar,fada1c16f0,8.7707
88,48,100,0.328265,0.063297,550,456,93,acucar,fada1c16f0,8.7707
88,49,100,0.328265,0.063297,550,456,93,acucar,fada1c16f0,8.7707
89,0,100,0.328265,0.063297,550,456,93,acucar,fada1c16f0,8.7707
89,1,100,0.328265,0.063297,550,456,93,acucar,fada1c16f0,8.7707
89,2,100,0.328265,0.063297,550,456,93,acucar,fada1c16f0,8.7707
89,3,100,0.328265,0.063297,550,456,93,acucar,fada1c16f0,8.7707
89,4,100,0.328265,0.063297,550,456,93,acucar,fada1c16f0,8.7707
89,5,100,0.328265,0.063297,550,456,93,acucar,fada1c16f0,8.7707
89,6,100,0.328265,0.063297,550,456,93,acucar,fada1c16f0,8.7707
89,7,100,0.328265,0.063297,550,456,93,acucar,fada1c16f0,8.7707
89,8,100,0.328265,0.063297,550,456,93,acucar,fada1c16f0,8.7707
89,9,100,0.331048,0.062346,550,457,92,acucar,ca12bbebd5,7.8977
89,10,100,0.328265,0.063297,550,456,93,acucar,fada1c16f0,8.7707
89,11,100,0.328718,0.063040,551,455,92,acucar,cb58213c3c,10.6410
89,12,100,0.328265,0.063297,550,456,93,acucar,fada1c16f0,8.7707
89,13,100,0.328265,0.063297,550,456,93,acucar,fada1c16f0,8.7707
89,14,100,0.328265,0.063297,550,456,93,acucar,fada1c16f0,8.7707
89,15,100,0.328265,0.063297,550,456,93,acucar,fada1c16f0,8.7707
89,16,100,0.328265,0.063297,550,456,93,acucar,fada1c16f0,8.7707
89,17,100,0.328265,0.063297,550,456,93,acucar,fada1c16f0,8.7707
89,18,100,0.328265,0.063297,550,456,93,acucar,fada1c16f0,8.7707
89,19,100,0.328265,0.063297,550,456,93,acucar,fada1c16f0,8.7707
89,20,100,0.328265,0.063297,550,456,93,acucar,fada1c16f0,8.7707
89,21,100,0.321262,0.062369,550,456,92,acucar,450c148903,11.3433
89,22,100,0.328265,0.063297,550,456,93,acucar,fada1c16f0,8.7707
89,23,100,0.328265,0.063297,550,456,93,acucar,fada1c16f0,8.7707
89,24,100,0.325243,0.062536,552,453,93,acucar,dbf6fed24d,13.0006
89,25,100,0.328265,0.063297,550,456,93,acucar,fada1c16f0,8.7707
89,26,100,0.328265,0.063297,550,456,93,acucar,fada1c16f0,8.7707
89,27,100,0.328265,0.063297,550,456,93,acucar,fada1c16f0,8.7707
89,28,100,0.328265,0.063297,550,456,93,acucar,fada1c16f0,8.7707
89,29,100,0.328771,0.063539,547,455,93,acucar,a2dd992978,12.0980
89,30,100,0.328265,0.063297,550,456,93,acucar,fada1c16f0,8.7707
89,31,100,0.328265,0.063297,550,456,93,acucar,fada1c16f0,8.7707
89,32,100,0.328265,0.063297,550,456,93,acucar,fada1c16f0,8.7707
89,33,100,0.325989,0.062461,548,458,93,acucar,2bef060496,11.7691
89,34,100,0.328265,0.063297,550,456,93,acucar,fada1c16f0,8.7707
89,35,100,0.328265,0.063297,550,456,93,acucar,fada1c16f0,8.7707
89,36,100,0.328265,0.063297,550,456,93,acucar,fada1c16f0,8.7707
89,37,100,0.328265,0.063297,550,456,93,acucar,fada1c16f0,8.7707
89,38,100,0.328265,0.063297,550,456,93,acucar,fada1c16f0,8.7707
89,39,100,0.328265,0.063297,550,456,93,acucar,fada1c16f0,8.7707
89,40,100,0.328265,0.063297,550,456,93,acucar,fada1c16f0,8.7707
89,41,100,0.328265,0.063297,550,456,93,acucar,fada1c16f0,8.7707
89,42,100,0.328265,0.063297,550,456,93,acucar,fada1c16f0,8.7707
89,43,100,0.329570,0.062471,549,455,92,acucar,faa06c0ef5,14.1513
89,44,100,0.328265,0.063297,550,456,93,acucar,fada1c16f0,8.7707
89,45,100,0.328265,0.063297,550,456,93,acucar,fada1c16f0,8.7707
89,46,100,0.328265,0.063297,550,456,93,acucar,fada1c16f0,8.7707
89,47,100,0.328265,0.063297,550,456,93,acucar,fada1c16f0,8.7707
89,48,100,0.328265,0.063297,550,456,93,acucar,fada1c16f0,8.7707
89,49,100,0.328265,0.063297,550,456,93,acucar,fada1c16f0,8.7707
90,0,100,0.328771,0.063539,547,455,93,acucar,a2dd992978,12.0980
90,1,100,0.328265,0.063297,550,456,93,acucar,fada1c16f0,8.7707
90,2,100,0.328265,0.063297,550,456,93,acucar,fada1c16f0,8.7707
90,3,100,0.328265,0.063297,550,456,93,acucar,fada1c16f0,8.7707
90,4,100,0.328265,0.063297,550,456,93,acucar,fada1c16f0,8.7707
90,5,100,0.328265,0.063297,550,456,93,acucar,fada1c16f0,8.7707
90,6,100,0.328265,0.063297,550,456,93,acucar,fada1c16f0,8.7707
90,7,100,0.327333,0.062595,549,454,92,acucar,f787b87977,12.6769
90,8,100,0.328265,0.063297,550,456,93,acucar,fada1c16f0,8.7707
90,9,100,0.328265,0.063297,550,456,93,acucar,fada1c16f0,8.7707
90,10,100,0.328265,0.063297,550,456,93,acucar,fada1c16f0,8.7707
90,11,100,0.328265,0.063297,550,456,93,acucar,fada1c16f0,8.7707
90,12,100,0.328265,0.063297,550,456,93,acucar,fada1c16f0,8.7707
90,13,100,0.328265,0.063297,550,456,93,acucar,fada1c16f0,8.7707
90,14,100,0.328265,0.063297,550,456,93,acucar,fada1c16f0,8.7707
90,15,100,0.328265,0.063297,550,456,93,acucar,fada1c16f0,8.7707
90,16,100,0.328265,0.063297,550,456,93,acucar,fada1c16f0,8.7707
90,17,100,0.328265,0.063297,550,456,93,acucar,fada1c16f0,8.7707
90,18,100,0.328265,0.063297,550,456,93,acucar,fada1c16f0,8.7707
90,19,100,0.328265,0.063297,550,456,93,acucar,fada1c16f0,8.7707
90,20,100,0.328771,0.063539,547,455,93,acucar,a2dd992978,12.0980
90,21,100,0.328265,0.063297,550,456,93,acucar,fada1c16f0,8.7707
90,22,100,0.328265,0.063297,550,456,93,acucar,fada1c16f0,8.7707
90,23,100,0.326654,0.063319,549,455,93,acucar,092b6c9299,10.7621
90,24,100,0.321289,0.061733,548,456,92,acucar,b9f04b1d32,9.5195
90,25,100,0.328265,0.063297,550,456,93,acucar,fada1c16f0,8.7707
90,26,100,0.328265,0.063297,550,456,93,acucar,fada1c16f0,8.7707
90,27,100,0.330768,0.062842,548,452,92,refrigerante,7041744428,9.8172
90,28,100,0.328265,0.063297,550,456,93,acucar,fada1c16f0,8.7707
90,29,100,0.328265,0.063297,550,456,93,acucar,fada1c16f0,8.7707
90,30,100,0.328265,0.063297,550,456,93,acucar,fada1c16f0,8.7707
90,31,100,0.328265,0.063297,550,456,93,acucar,fada1c16f0,8.7707
90,32,100,0.328265,0.063297,550,456,93,acucar,fada1c16f0,8.7707
90,33,100,0.325469,0.062050,551,457,93,acucar,0a3caae266,10.6828
90,34,100,0.328265,0.063297,550,456,93,acucar,fada1c16f0,8.7707
90,35,100,0.328958,0.063402,548,453,93,acucar,53abae0570,10.9438
90,36,100,0.328265,0.063297,550,456,93,acucar,fada1c16f0,8.7707
90,37,100,0.328265,0.063297,550,456,93,acucar,fada1c16f0,8.7707
90,38,100,0.328265,0.063297,550,456,93,acucar,fada1c16f0,8.7707
90,39,100,0.328265,0.063297,550,456,93,acucar,fada1c16f0,8.7707
90,40,100,0.328265,0.063297,550,456,93,acucar,fada1c16f0,8.7707
90,41,100,0.321502,0.061926,550,454,92,acucar,a704b8d60f,9.1704
90,42,100,0.328265,0.063297,550,456,93,acucar,fada1c16f0,8.7707
90,43,100,0.328265,0.063297,550,456,93,acucar,fada1c16f0,8.7707
90,44,100,0.328265,0.063297,550,456,93,acucar,fada1c16f0,8.7707
90,45,100,0.330888,0.062760,549,455,92,refrigerante,dbc1a2405a,7.8931
90,46,100,0.328265,0.063297,550,456,93,acucar,fada1c16f0,8.7707
90,47,100,0.328265,0.063297,550,456,93,acucar,fada1c16f0,8.7707
90,48,100,0.328265,0.063297,550,456,93,acucar,fada1c16f0,8.7707
90,49,100,0.328771,0.063539,547,455,93,acucar,a2dd992978,12.0980
91,0,100,0.328771,0.063539,547,455,93,acucar,a2dd992978,12.0980
91,1,100,0.328771,0.063539,547,455,93,acucar,a2dd992978,12.0980
91,2,100,0.328771,0.063539,547,455,93,acucar,a2dd992978,12.0980
91,3,100,0.328958,0.063402,548,453,93,acucar,53abae0570,10.9438
91,4,100,0.326654,0.063319,549,455,93,acucar,092b6c9299,10.7621
91,5,100,0.328265,0.063297,550,456,93,acucar,fada1c16f0,8.7707
91,6,100,0.328265,0.063297,550,456,93,acucar,fada1c16f0,8.7707
91,7,100,0.329597,0.062087,553,460,92,sabonete,ab01ca6ea9,11.3318
91,8,100,0.328265,0.063297,550,456,93,acucar,fada1c16f0,8.7707
91,9,100,0.328265,0.063297,550,456,93,acucar,fada1c16f0,8.7707
91,10,100,0.327999,0.062878,549,453,92,acucar,1d6d096348,9.2650
91,11,100,0.328265,0.063297,550,456,93,acucar,fada1c16f0,8.7707
91,12,100,0.328265,0.063297,550,456,93,acucar,fada1c16f0,8.7707
91,13,100,0.322261,0.062565,548,453,93,acucar,bafb98eff4,11.9980
91,14,100,0.328265,0.063297,550,456,93,acucar,fada1c16f0,8.7707
91,15,100,0.328771,0.063539,547,455,93,acucar,a2dd992978,12.0980
91,16,100,0.327200,0.062602,546,453,92,acucar,18202e001f,9.5952
91,17,100,0.328265,0.063297,550,456,93,acucar,fada1c16f0,8.7707
91,18,100,0.328265,0.063297,550,456,93,acucar,fada1c16f0,8.7707
91,19,100,0.328265,0.063297,550,456,93,acucar,fada1c16f0,8.7707
91,20,100,0.328265,0.063297,550,456,93,acucar,fada1c16f0,8.7707
91,21,100,0.328265,0.063297,550,456,93,acucar,fada1c16f0,8.7707
91,22,100,0.327520,0.062396,551,454,92,acucar,6e56e7cfed,7.6029
91,23,100,0.328265,0.063297,550,456,93,acucar,fada1c16f0,8.7707
91,24,100,0.328771,0.063539,547,455,93,acucar,a2dd992978,12.0980
91,25,100,0.328265,0.063297,550,456,93,acucar,fada1c16f0,8.7707
91,26,100,0.328265,0.063297,550,456,93,acucar,fada1c16f0,8.7707
91,27,100,0.328265,0.063297,550,456,93,acucar,fada1c16f0,8.7707
91,28,100,0.328265,0.063297,550,456,93,acucar,fada1c16f0,8.7707
91,29,100,0.328265,0.063297,550,456,93,acucar,fada1c16f0,8.7707
91,30,100,0.328771,0.063539,547,455,93,acucar,a2dd992978,12.0980
91,31,100,0.326654,0.063319,549,455,93,acucar,092b6c9299,10.7621
91,32,100,0.328265,0.063297,550,456,93,acucar,fada1c16f0,8.7707
91,33,100,0.328771,0.063539,547,455,93,acucar,a2dd992978,12.0980
91,34,100,0.326761,0.062773,549,455,92,acucar,45adb9f90a,7.6865
91,35,100,0.328771,0.063539,547,455,93,acucar,a2dd992978,12.0980
91,36,100,0.328958,0.063402,548,453,93,acucar,53abae0570,10.9438
91,37,100,0.328265,0.063297,550,456,93,acucar,fada1c16f0,8.7707
91,38,100,0.328265,0.063297,550,456,93,acucar,fada1c16f0,8.7707
91,39,100,0.328265,0.063297,550,456,93,acucar,fada1c16f0,8.7707
91,40,100,0.328265,0.063297,550,456,93,acucar,fada1c16f0,8.7707
91,41,100,0.328958,0.063402,548,453,93,acucar,53abae0570,10.9438
91,42,100,0.328265,0.063297,550,456,93,acucar,fada1c16f0,8.7707
91,43,100,0.328265,0.063297,550,456,93,acucar,fada1c16f0,8.7707
91,44,100,0.330529,0.063071,549,455,92,acucar,c0d9827e7e,8.6590
91,45,100,0.328265,0.063297,550,456,93,acucar,fada1c16f0,8.7707
91,46,100,0.328771,0.063539,547,455,93,acucar,a2dd992978,12.0980
91,47,100,0.328265,0.063297,550,456,93,acucar,fada1c16f0,8.7707
91,48,100,0.329171,0.063819,550,457,93,acucar,f61e1a39ee,9.4126
91,49,100,0.328265,0.063297,550,456,93,acucar,fada1c16f0,8.7707
92,0,100,0.329171,0.063819,550,457,93,acucar,f61e1a39ee,9.4126
92,1,100,0.328771,0.063539,547,455,93,acucar,a2dd992978,12.0980
92,2,100,0.328771,0.063539,547,455,93,acucar,a2dd992978,12.0980
92,3,100,0.328771,0.063539,547,455,93,acucar,a2dd992978,12.0980
92,4,100,0.328771,0.063539,547,455,93,acucar,a2dd992978,12.0980
92,5,100,0.328958,0.063402,548,453,93,acucar,53abae0570,10.9438
92,6,100,0.328771,0.063539,547,455,93,acucar,a2dd992978,12.0980
92,7,100,0.326654,0.063319,549,455,93,acucar,092b6c9299,10.7621
92,8,100,0.328265,0.063297,550,456,93,acucar,fada1c16f0,8.7707
92,9,100,0.326654,0.063319,549,455,93,acucar,092b6c9299,10.7621
92,10,100,0.328771,0.063539,547,455,93,acucar,a2dd992978,12.0980
92,11,100,0.329477,0.063647,545,452,93,acucar,29af374d79,9.6382
92,12,100,0.328265,0.063297,550,456,93,acucar,fada1c16f0,8.7707
92,13,100,0.328771,0.063539,547,455,93,acucar,a2dd992978,12.0980
92,14,100,0.328265,0.063297,550,456,93,acucar,fada1c16f0,8.7707
92,15,100,0.328265,0.063297,550,456,93,acucar,fada1c16f0,8.7707
92,16,100,0.328771,0.063539,547,455,93,acucar,a2dd992978,12.0980
92,17,100,0.328771,0.063539,547,455,93,acucar,a2dd992978,12.0980
92,18,100,0.328771,0.063539,547,455,93,acucar,a2dd992978,12.0980
92,19,100,0.323312,0.063286,549,455,93,acucar,cec5f8c86f,10.8119
92,20,100,0.328958,0.063402,548,453,93,acucar,53abae0570,10.9438
92,21,100,0.328265,0.063297,550,456,93,acucar,fada1c16f0,8.7707
92,22,100,0.328505,0.063036,549,452,93,acucar,a1ab18abb7,6.2484
92,23,100,0.328851,0.063510,548,455,93,acucar,6c41b12756,5.1400
92,24,100,0.328771,0.063539,547,455,93,acucar,a2dd992978,12.0980
92,25,100,0.328265,0.063297,550,456,93,acucar,fada1c16f0,8.7707
92,26,100,0.328265,0.063297,550,456,93,acucar,fada1c16f0,8.7707
92,27,100,0.324178,0.063313,546,451,93,acucar,e1bc133b53,5.9772
92,28,100,0.328265,0.063297,550,456,93,acucar,fada1c16f0,8.7707
92,29,100,0.328265,0.063297,550,456,93,acucar,fada1c16f0,8.7707
92,30,100,0.328771,0.063539,547,455,93,acucar,a2dd992978,12.0980
92,31,100,0.324817,0.063180,548,455,93,acucar,ad0b914812,5.3620
92,32,100,0.328265,0.063297,550,456,93,acucar,fada1c16f0,8.7707
92,33,100,0.328265,0.063297,550,456,93,acucar,fada1c16f0,8.7707
92,34,100,0.328958,0.063402,548,453,93,acucar,53abae0570,10.9438
92,35,100,0.328771,0.063539,547,455,93,acucar,a2dd992978,12.0980
92,36,100,0.328771,0.063539,547,455,93,acucar,a2dd992978,12.0980
92,37,100,0.328771,0.063539,547,455,93,acucar,a2dd992978,12.0980
92,38,100,0.328771,0.063539,547,455,93,acucar,a2dd992978,12.0980
92,39,100,0.326801,0.062457,548,456,92,acucar,959578e5ed,4.8693
92,40,100,0.328771,0.063539,547,455,93,acucar,a2dd992978,12.0980
92,41,100,0.328265,0.063297,550,456,93,acucar,fada1c16f0,8.7707
92,42,100,0.328265,0.063297,550,456,93,acucar,fada1c16f0,8.7707
92,43,100,0.328771,0.063539,547,455,93,acucar,a2dd992978,12.0980
92,44,100,0.328771,0.063539,547,455,93,acucar,a2dd992978,12.0980
92,45,100,0.329184,0.063793,549,454,93,acucar,6ff8b10498,4.2203
92,46,100,0.328771,0.063539,547,455,93,acucar,a2dd992978,12.0980
92,47,100,0.334137,0.064224,547,457,93,acucar,64db64545e,3.7359
92,48,100,0.328771,0.063539,547,455,93,acucar,a2dd992978,12.0980
92,49,100,0.328958,0.063402,548,453,93,acucar,53abae0570,10.9438
93,0,100,0.334137,0.064224,547,457,93,acucar,64db64545e,3.7359
93,1,100,0.329171,0.063819,550,457,93,acucar,f61e1a39ee,9.4126
93,2,100,0.329184,0.063793,549,454,93,acucar,6ff8b10498,4.2203
93,3,100,0.329477,0.063647,545,452,93,acucar,29af374d79,9.6382
93,4,100,0.328771,0.063539,547,455,93,acucar,a2dd992978,12.0980
93,5,100,0.328851,0.063510,548,455,93,acucar,6c41b12756,5.1400
93,6,100,0.328771,0.063539,547,455,93,acucar,a2dd992978,12.0980
93,7,100,0.328265,0.063297,550,456,93,acucar,fada1c16f0,8.7707
93,8,100,0.328771,0.063539,547,455,93,acucar,a2dd992978,12.0980
93,9,100,0.328771,0.063539,547,455,93,acucar,a2dd992978,12.0980
93,10,100,0.329477,0.063647,545,452,93,acucar,29af374d79,9.6382
93,11,100,0.328771,0.063539,547,455,93,acucar,a2dd992978,12.0980
93,12,100,0.328771,0.063539,547,455,93,acucar,a2dd992978,12.0980
93,13,100,0.334137,0.064224,547,457,93,acucar,64db64545e,3.7359
93,14,100,0.328265,0.063297,550,456,93,acucar,fada1c16f0,8.7707
93,15,100,0.329171,0.063819,550,457,93,acucar,f61e1a39ee,9.4126
93,16,100,0.326654,0.063319,549,455,93,acucar,092b6c9299,10.7621
93,17,100,0.329743,0.063871,548,452,93,acucar,1d3c30d7df,3.8387
93,18,100,0.328265,0.063297,550,456,93,acucar,fada1c16f0,8.7707
93,19,100,0.328771,0.063539,547,455,93,acucar,a2dd992978,12.0980
93,20,100,0.328771,0.063539,547,455,93,acucar,a2dd992978,12.0980
93,21,100,0.329477,0.063647,545,452,93,acucar,29af374d79,9.6382
93,22,100,0.328771,0.063539,547,455,93,acucar,a2dd992978,12.0980
93,23,100,0.328252,0.062819,546,452,93,acucar,432d328645,3.4599
93,24,100,0.329490,0.064125,549,456,93,acucar,a07eb3b354,3.6332
93,25,100,0.329171,0.063819,550,457,93,acucar,f61e1a39ee,9.4126
93,26,100,0.329171,0.063819,550,457,93,acucar,f61e1a39ee,9.4126
93,27,100,0.328771,0.063539,547,455,93,acucar,a2dd992978,12.0980
93,28,100,0.327200,0.062802,549,457,93,acucar,c7b3c66bcc,3.7970
93,29,100,0.328771,0.063539,547,455,93,acucar,a2dd992978,12.0980
93,30,100,0.328771,0.063539,547,455,93,acucar,a2dd992978,12.0980
93,31,100,0.328851,0.063510,548,455,93,acucar,6c41b12756,5.1400
93,32,100,0.328958,0.063402,548,453,93,acucar,53abae0570,10.9438
93,33,100,0.328265,0.063297,550,456,93,acucar,fada1c16f0,8.7707
93,34,100,0.329490,0.064125,549,456,93,acucar,a07eb3b354,3.6332
93,35,100,0.328958,0.063402,548,453,93,acucar,53abae0570,10.9438
93,36,100,0.328771,0.063539,547,455,93,acucar,a2dd992978,12.0980
93,37,100,0.333245,0.063021,544,455,92,sabonete,35b4cfad7d,3.6942
93,38,100,0.328771,0.063539,547,455,93,acucar,a2dd992978,12.0980
93,39,100,0.328771,0.063539,547,455,93,acucar,a2dd992978,12.0980
93,40,100,0.328771,0.063539,547,455,93,acucar,a2dd992978,12.0980
93,41,100,0.328771,0.063539,547,455,93,acucar,a2dd992978,12.0980
93,42,100,0.328771,0.063539,547,455,93,acucar,a2dd992978,12.0980
93,43,100,0.328771,0.063539,547,455,93,acucar,a2dd992978,12.0980
93,44,100,0.328545,0.062650,551,457,93,acucar,301b0f696a,4.3534
93,45,100,0.328265,0.063297,550,456,93,acucar,fada1c16f0,8.7707
93,46,100,0.328771,0.063539,547,455,93,acucar,a2dd992978,12.0980
93,47,100,0.328771,0.063539,547,455,93,acucar,a2dd992978,12.0980
93,48,100,0.328265,0.063297,550,456,93,acucar,fada1c16f0,8.7707
93,49,100,0.319225,0.062762,546,450,92,acucar,81302f64be,4.0577
94,0,100,0.334137,0.064224,547,457,93,acucar,64db64545e,3.7359
94,1,100,0.334137,0.064224,547,457,93,acucar,64db64545e,3.7359
94,2,100,0.329490,0.064125,549,456,93,acucar,a07eb3b354,3.6332
94,3,100,0.329490,0.064125,549,456,93,acucar,a07eb3b354,3.6332
94,4,100,0.329743,0.063871,548,452,93,acucar,1d3c30d7df,3.8387
94,5,100,0.329490,0.064125,549,456,93,acucar,a07eb3b354,3.6332
94,6,100,0.329490,0.064125,549,456,93,acucar,a07eb3b354,3.6332
94,7,100,0.334230,0.064254,547,458,93,acucar,aaecd309c1,4.2951
94,8,100,0.328771,0.063539,547,455,93,acucar,a2dd992978,12.0980
94,9,100,0.329171,0.063819,550,457,93,acucar,f61e1a39ee,9.4126
94,10,100,0.329171,0.063819,550,457,93,acucar,f61e1a39ee,9.4126
94,11,100,0.328771,0.063539,547,455,93,acucar,a2dd992978,12.0980
94,12,100,0.329490,0.064125,549,456,93,acucar,a07eb3b354,3.6332
94,13,100,0.329583,0.063297,547,456,92,acucar,472220f1db,3.5958
94,14,100,0.328771,0.063539,547,455,93,acucar,a2dd992978,12.0980
94,15,100,0.329184,0.063793,549,454,93,acucar,6ff8b10498,4.2203
94,16,100,0.334137,0.064224,547,457,93,acucar,64db64545e,3.7359
94,17,100,0.328771,0.063539,547,455,93,acucar,a2dd992978,12.0980
94,18,100,0.329490,0.064125,549,456,93,acucar,a07eb3b354,3.6332
94,19,100,0.329543,0.063610,546,452,93,acucar,7325260fdf,3.6761
94,20,100,0.328958,0.063402,548,453,93,acucar,53abae0570,10.9438
94,21,100,0.329477,0.063647,545,452,93,acucar,29af374d79,9.6382
94,22,100,0.328771,0.063539,547,455,93,acucar,a2dd992978,12.0980
94,23,100,0.328771,0.063539,547,455,93,acucar,a2dd992978,12.0980
94,24,100,0.327679,0.063361,550,455,93,acucar,bae2364fea,4.8458
94,25,100,0.334137,0.064224,547,457,93,acucar,64db64545e,3.7359
94,26,100,0.328771,0.063539,547,455,93,acucar,a2dd992978,12.0980
94,27,100,0.327333,0.064027,548,454,94,acucar,b3e69d304f,3.5390
94,28,100,0.328771,0.063539,547,455,93,acucar,a2dd992978,12.0980
94,29,100,0.328771,0.063539,547,455,93,acucar,a2dd992978,12.0980
94,30,100,0.328771,0.063539,547,455,93,acucar,a2dd992978,12.0980
94,31,100,0.326388,0.063215,551,457,93,acucar,716ad1904f,3.3239
94,32,100,0.328771,0.063539,547,455,93,acucar,a2dd992978,12.0980
94,33,100,0.328771,0.063539,547,455,93,acucar,a2dd992978,12.0980
94,34,100,0.328771,0.063539,547,455,93,acucar,a2dd992978,12.0980
94,35,100,0.328265,0.062844,547,455,93,acucar,8da59ea38d,3.4513
94,36,100,0.328771,0.063539,547,455,93,acucar,a2dd992978,12.0980
94,37,100,0.329490,0.064125,549,456,93,acucar,a07eb3b354,3.6332
94,38,100,0.329171,0.063819,550,457,93,acucar,f61e1a39ee,9.4126
94,39,100,0.328771,0.063539,547,455,93,acucar,a2dd992978,12.0980
94,40,100,0.328771,0.063539,547,455,93,acucar,a2dd992978,12.0980
94,41,100,0.329171,0.063819,550,457,93,acucar,f61e1a39ee,9.4126
94,42,100,0.334137,0.064224,547,457,93,acucar,64db64545e,3.7359
94,43,100,0.329490,0.064125,549,456,93,acucar,a07eb3b354,3.6332
94,44,100,0.334137,0.064224,547,457,93,acucar,64db64545e,3.7359
94,45,100,0.329490,0.064125,549,456,93,acucar,a07eb3b354,3.6332
94,46,100,0.328771,0.063539,547,455,93,acucar,a2dd992978,12.0980
94,47,100,0.328771,0.063539,547,455,93,acucar,a2dd992978,12.0980
94,48,100,0.328771,0.063539,547,455,93,acucar,a2dd992978,12.0980
94,49,100,0.329490,0.064125,549,456,93,acucar,a07eb3b354,3.6332
95,0,100,0.334230,0.064254,547,458,93,acucar,aaecd309c1,4.2951
95,1,100,0.334137,0.064224,547,457,93,acucar,64db64545e,3.7359
95,2,100,0.334137,0.064224,547,457,93,acucar,64db64545e,3.7359
95,3,100,0.334137,0.064224,547,457,93,acucar,64db64545e,3.7359
95,4,100,0.334137,0.064224,547,457,93,acucar,64db64545e,3.7359
95,5,100,0.334137,0.064224,547,457,93,acucar,64db64545e,3.7359
95,6,100,0.329490,0.064125,549,456,93,acucar,a07eb3b354,3.6332
95,7,100,0.329490,0.064125,549,456,93,acucar,a07eb3b354,3.6332
95,8,100,0.334137,0.064224,547,457,93,acucar,64db64545e,3.7359
95,9,100,0.328771,0.063539,547,455,93,acucar,a2dd992978,12.0980
95,10,100,0.334137,0.064224,547,457,93,acucar,64db64545e,3.7359
95,11,100,0.334137,0.064224,547,457,93,acucar,64db64545e,3.7359
95,12,100,0.334137,0.064224,547,457,93,acucar,64db64545e,3.7359
95,13,100,0.329490,0.064125,549,456,93,acucar,a07eb3b354,3.6332
95,14,100,0.328771,0.063539,547,455,93,acucar,a2dd992978,12.0980
95,15,100,0.334137,0.064224,547,457,93,acucar,64db64545e,3.7359
95,16,100,0.334137,0.064224,547,457,93,acucar,64db64545e,3.7359
95,17,100,0.329490,0.064125,549,456,93,acucar,a07eb3b354,3.6332
95,18,100,0.328771,0.063539,547,455,93,acucar,a2dd992978,12.0980
95,19,100,0.329490,0.064125,549,456,93,acucar,a07eb3b354,3.6332
95,20,100,0.329490,0.064125,549,456,93,acucar,a07eb3b354,3.6332
95,21,100,0.329490,0.064125,549,456,93,acucar,a07eb3b354,3.6332
95,22,100,0.329237,0.063844,551,456,93,acucar,8cf0ab1025,4.2292
95,23,100,0.334137,0.064224,547,457,93,acucar,64db64545e,3.7359
95,24,100,0.329490,0.064125,549,456,93,acucar,a07eb3b354,3.6332
95,25,100,0.329490,0.064125,549,456,93,acucar,a07eb3b354,3.6332
95,26,100,0.329490,0.064125,549,456,93,acucar,a07eb3b354,3.6332
95,27,100,0.334137,0.064224,547,457,93,acucar,64db64545e,3.7359
95,28,100,0.329490,0.064125,549,456,93,acucar,a07eb3b354,3.6332
95,29,100,0.334230,0.064254,547,458,93,acucar,aaecd309c1,4.2951
95,30,100,0.334549,0.063514,548,458,92,agua,e7552ac355,2.7769
95,31,100,0.329490,0.064125,549,456,93,acucar,a07eb3b354,3.6332
95,32,100,0.314392,0.063592,546,456,94,acucar,e519908e23,3.4116
95,33,100,0.329543,0.063610,546,452,93,acucar,7325260fdf,3.6761
95,34,100,0.329171,0.063819,550,457,93,acucar,f61e1a39ee,9.4126
95,35,100,0.328771,0.063539,547,455,93,acucar,a2dd992978,12.0980
95,36,100,0.329171,0.063819,550,457,93,acucar,f61e1a39ee,9.4126
95,37,100,0.329490,0.064125,549,456,93,acucar,a07eb3b354,3.6332
95,38,100,0.328771,0.063539,547,455,93,acucar,a2dd992978,12.0980
95,39,100,0.329490,0.064125,549,456,93,acucar,a07eb3b354,3.6332
95,40,100,0.328771,0.063539,547,455,93,acucar,a2dd992978,12.0980
95,41,100,0.330489,0.064690,546,457,94,acucar,6973996ffd,3.2318
95,42,100,0.334137,0.064224,547,457,93,acucar,64db64545e,3.7359
95,43,100,0.329490,0.064125,549,456,93,acucar,a07eb3b354,3.6332
95,44,100,0.334137,0.064224,547,457,93,acucar,64db64545e,3.7359
95,45,100,0.334137,0.064224,547,457,93,acucar,64db64545e,3.7359
95,46,100,0.334230,0.064254,547,458,93,acucar,aaecd309c1,4.2951
95,47,100,0.327333,0.064027,548,454,94,acucar,b3e69d304f,3.5390
95,48,100,0.334137,0.064224,547,457,93,acucar,64db64545e,3.7359
95,49,100,0.334137,0.064224,547,457,93,acucar,64db64545e,3.7359
96,0,100,0.330489,0.064690,546,457,94,acucar,6973996ffd,3.2318
96,1,100,0.334230,0.064254,547,458,93,acucar,aaecd309c1,4.2951
96,2,100,0.334230,0.064254,547,458,93,acucar,aaecd309c1,4.2951
96,3,100,0.334230,0.064254,547,458,93,acucar,aaecd309c1,4.2951
96,4,100,0.334137,0.064224,547,457,93,acucar,64db64545e,3.7359
96,5,100,0.334137,0.064224,547,457,93,acucar,64db64545e,3.7359
96,6,100,0.334137,0.064224,547,457,93,acucar,64db64545e,3.7359
96,7,100,0.334137,0.064224,547,457,93,acucar,64db64545e,3.7359
96,8,100,0.334137,0.064224,547,457,93,acucar,64db64545e,3.7359
96,9,100,0.329490,0.064125,549,456,93,acucar,a07eb3b354,3.6332
96,10,100,0.334137,0.064224,547,457,93,acucar,64db64545e,3.7359
96,11,100,0.330489,0.064690,546,457,94,acucar,6973996ffd,3.2318
96,12,100,0.334137,0.064224,547,457,93,acucar,64db64545e,3.7359
96,13,100,0.334230,0.064254,547,458,93,acucar,aaecd309c1,4.2951
96,14,100,0.329490,0.064125,549,456,93,acucar,a07eb3b354,3.6332
96,15,100,0.334137,0.064224,547,457,93,acucar,64db64545e,3.7359
96,16,100,0.334137,0.064224,547,457,93,acucar,64db64545e,3.7359
96,17,100,0.334230,0.064254,547,458,93,acucar,aaecd309c1,4.2951
96,18,100,0.334230,0.064254,547,458,93,acucar,aaecd309c1,4.2951
96,19,100,0.330462,0.063139,542,451,92,acucar,b8278a7f2e,3.4741
96,20,100,0.334230,0.064254,547,458,93,acucar,aaecd309c1,4.2951
96,21,100,0.334137,0.064224,547,457,93,acucar,64db64545e,3.7359
96,22,100,0.334230,0.064254,547,458,93,acucar,aaecd309c1,4.2951
96,23,100,0.329676,0.063749,549,459,94,acucar,fea79863ea,3.4905
96,24,100,0.334230,0.064254,547,458,93,acucar,aaecd309c1,4.2951
96,25,100,0.334137,0.064224,547,457,93,acucar,64db64545e,3.7359
96,26,100,0.334230,0.064254,547,458,93,acucar,aaecd309c1,4.2951
96,27,100,0.334137,0.064224,547,457,93,acucar,64db64545e,3.7359
96,28,100,0.334137,0.064224,547,457,93,acucar,64db64545e,3.7359
96,29,100,0.334137,0.064224,547,457,93,acucar,64db64545e,3.7359
96,30,100,0.334230,0.064254,547,458,93,acucar,aaecd309c1,4.2951
96,31,100,0.334137,0.064224,547,457,93,acucar,64db64545e,3.7359
96,32,100,0.334230,0.064254,547,458,93,acucar,aaecd309c1,4.2951
96,33,100,0.334137,0.064224,547,457,93,acucar,64db64545e,3.7359
96,34,100,0.334137,0.064224,547,457,93,acucar,64db64545e,3.7359
96,35,100,0.334137,0.064224,547,457,93,acucar,64db64545e,3.7359
96,36,100,0.329490,0.064125,549,456,93,acucar,a07eb3b354,3.6332
96,37,100,0.334230,0.064254,547,458,93,acucar,aaecd309c1,4.2951
96,38,100,0.334230,0.064254,547,458,93,acucar,aaecd309c1,4.2951
96,39,100,0.334137,0.064224,547,457,93,acucar,64db64545e,3.7359
96,40,100,0.329490,0.064125,549,456,93,acucar,a07eb3b354,3.6332
96,41,100,0.334230,0.064254,547,458,93,acucar,aaecd309c1,4.2951
96,42,100,0.334230,0.064254,547,458,93,acucar,aaecd309c1,4.2951
96,43,100,0.329490,0.064125,549,456,93,acucar,a07eb3b354,3.6332
96,44,100,0.334137,0.064224,547,457,93,acucar,64db64545e,3.7359
96,45,100,0.329490,0.064125,549,456,93,acucar,a07eb3b354,3.6332
96,46,100,0.334230,0.064254,547,458,93,acucar,aaecd309c1,4.2951
96,47,100,0.334137,0.064224,547,457,93,acucar,64db64545e,3.7359
96,48,100,0.334137,0.064224,547,457,93,acucar,64db64545e,3.7359
96,49,100,0.332566,0.063583,545,456,92,acucar,aa26c8c07b,3.4814
97,0,100,0.330489,0.064690,546,457,94,acucar,6973996ffd,3.2318
97,1,100,0.330489,0.064690,546,457,94,acucar,6973996ffd,3.2318
97,2,100,0.334230,0.064254,547,458,93,acucar,aaecd309c1,4.2951
97,3,100,0.334230,0.064254,547,458,93,acucar,aaecd309c1,4.2951
97,4,100,0.334230,0.064254,547,458,93,acucar,aaecd309c1,4.2951
97,5,100,0.334230,0.064254,547,458,93,acucar,aaecd309c1,4.2951
97,6,100,0.334230,0.064254,547,458,93,acucar,aaecd309c1,4.2951
97,7,100,0.334230,0.064254,547,458,93,acucar,aaecd309c1,4.2951
97,8,100,0.334230,0.064254,547,458,93,acucar,aaecd309c1,4.2951
97,9,100,0.334230,0.064254,547,458,93,acucar,aaecd309c1,4.2951
97,10,100,0.334137,0.064224,547,457,93,acucar,64db64545e,3.7359
97,11,100,0.334230,0.064254,547,458,93,acucar,aaecd309c1,4.2951
97,12,100,0.334230,0.064254,547,458,93,acucar,aaecd309c1,4.2951
97,13,100,0.334230,0.064254,547,458,93,acucar,aaecd309c1,4.2951
97,14,100,0.325523,0.063682,547,459,93,acucar,819466ae9f,3.3643
97,15,100,0.334230,0.064254,547,458,93,acucar,aaecd309c1,4.2951
97,16,100,0.334230,0.064254,547,458,93,acucar,aaecd309c1,4.2951
97,17,100,0.334137,0.064224,547,457,93,acucar,64db64545e,3.7359
97,18,100,0.334137,0.064224,547,457,93,acucar,64db64545e,3.7359
97,19,100,0.334230,0.064254,547,458,93,acucar,aaecd309c1,4.2951
97,20,100,0.330489,0.064690,546,457,94,acucar,6973996ffd,3.2318
97,21,100,0.334083,0.063821,548,459,92,acucar,f384823393,3.2896
97,22,100,0.334137,0.064224,547,457,93,acucar,64db64545e,3.7359
97,23,100,0.334230,0.064254,547,458,93,acucar,aaecd309c1,4.2951
97,24,100,0.334230,0.064254,547,458,93,acucar,aaecd309c1,4.2951
97,25,100,0.334230,0.064254,547,458,93,acucar,aaecd309c1,4.2951
97,26,100,0.334230,0.064254,547,458,93,acucar,aaecd309c1,4.2951
97,27,100,0.334230,0.064254,547,458,93,acucar,aaecd309c1,4.2951
97,28,100,0.334230,0.064254,547,458,93,acucar,aaecd309c1,4.2951
97,29,100,0.334230,0.064254,547,458,93,acucar,aaecd309c1,4.2951
97,30,100,0.334030,0.063717,548,457,92,acucar,64bcecdb1f,2.7607
97,31,100,0.333258,0.064318,548,457,93,acucar,9e2ff43023,2.7305
97,32,100,0.334496,0.062734,550,459,92,suco pronto,d7233aa7f4,2.8422
97,33,100,0.333191,0.063626,546,457,92,acucar,abcc242628,3.0176
97,34,100,0.334137,0.064224,547,457,93,acucar,64db64545e,3.7359
97,35,100,0.334230,0.064254,547,458,93,acucar,aaecd309c1,4.2951
97,36,100,0.334230,0.064254,547,458,93,acucar,aaecd309c1,4.2951
97,37,100,0.330595,0.064731,546,458,94,acucar,1a3e70827d,2.9277
97,38,100,0.334137,0.064224,547,457,93,acucar,64db64545e,3.7359
97,39,100,0.333391,0.064191,548,460,93,acucar,6c370ba6a3,3.3301
97,40,100,0.334230,0.064254,547,458,93,acucar,aaecd309c1,4.2951
97,41,100,0.334137,0.064224,547,457,93,acucar,64db64545e,3.7359
97,42,100,0.334230,0.064254,547,458,93,acucar,aaecd309c1,4.2951
97,43,100,0.334137,0.064224,547,457,93,acucar,64db64545e,3.7359
97,44,100,0.334230,0.064254,547,458,93,acucar,aaecd309c1,4.2951
97,45,100,0.334230,0.064254,547,458,93,acucar,aaecd309c1,4.2951
97,46,100,0.334230,0.064254,547,458,93,acucar,aaecd309c1,4.2951
97,47,100,0.334137,0.064224,547,457,93,acucar,64db64545e,3.7359
97,48,100,0.334137,0.064224,547,457,93,acucar,64db64545e,3.7359
97,49,100,0.334137,0.064224,547,457,93,acucar,64db64545e,3.7359
98,0,100,0.330595,0.064731,546,458,94,acucar,1a3e70827d,2.9277
98,1,100,0.330489,0.064690,546,457,94,acucar,6973996ffd,3.2318
98,2,100,0.330489,0.064690,546,457,94,acucar,6973996ffd,3.2318
98,3,100,0.330489,0.064690,546,457,94,acucar,6973996ffd,3.2318
98,4,100,0.333258,0.064318,548,457,93,acucar,9e2ff43023,2.7305
98,5,100,0.334230,0.064254,547,458,93,acucar,aaecd309c1,4.2951
98,6,100,0.334230,0.064254,547,458,93,acucar,aaecd309c1,4.2951
98,7,100,0.334137,0.064224,547,457,93,acucar,64db64545e,3.7359
98,8,100,0.333351,0.064349,548,458,93,acucar,0ea735af7f,3.3988
98,9,100,0.334230,0.064254,547,458,93,acucar,aaecd309c1,4.2951
98,10,100,0.334230,0.064254,547,458,93,acucar,aaecd309c1,4.2951
98,11,100,0.334230,0.064254,547,458,93,acucar,aaecd309c1,4.2951
98,12,100,0.334230,0.064254,547,458,93,acucar,aaecd309c1,4.2951
98,13,100,0.328066,0.063829,545,455,94,acucar,0ce8462539,2.8400
98,14,100,0.330489,0.064690,546,457,94,acucar,6973996ffd,3.2318
98,15,100,0.330489,0.064690,546,457,94,acucar,6973996ffd,3.2318
98,16,100,0.334230,0.064254,547,458,93,acucar,aaecd309c1,4.2951
98,17,100,0.334230,0.064254,547,458,93,acucar,aaecd309c1,4.2951
98,18,100,0.334230,0.064254,547,458,93,acucar,aaecd309c1,4.2951
98,19,100,0.334230,0.064254,547,458,93,acucar,aaecd309c1,4.2951
98,20,100,0.330595,0.064731,546,458,94,acucar,1a3e70827d,2.9277
98,21,100,0.328958,0.064077,546,457,93,acucar,92c35d4165,3.6798
98,22,100,0.334137,0.064224,547,457,93,acucar,64db64545e,3.7359
98,23,100,0.334789,0.064729,547,457,93,acucar,63fc98dd12,3.1145
98,24,100,0.335135,0.064332,546,458,93,acucar,9f0c0734b2,3.2127
98,25,100,0.330489,0.064690,546,457,94,acucar,6973996ffd,3.2318
98,26,100,0.334230,0.064254,547,458,93,acucar,aaecd309c1,4.2951
98,27,100,0.334230,0.064254,547,458,93,acucar,aaecd309c1,4.2951
98,28,100,0.330489,0.064690,546,457,94,acucar,6973996ffd,3.2318
98,29,100,0.334230,0.064254,547,458,93,acucar,aaecd309c1,4.2951
98,30,100,0.334230,0.064254,547,458,93,acucar,aaecd309c1,4.2951
98,31,100,0.334230,0.064254,547,458,93,acucar,aaecd309c1,4.2951
98,32,100,0.337558,0.063482,548,457,92,acucar,63e3d8d5f4,3.2743
98,33,100,0.334230,0.064254,547,458,93,acucar,aaecd309c1,4.2951
98,34,100,0.332006,0.064096,545,457,93,acucar,81e60c03d3,2.8041
98,35,100,0.334230,0.064254,547,458,93,acucar,aaecd309c1,4.2951
98,36,100,0.330595,0.064731,546,458,94,acucar,1a3e70827d,2.9277
98,37,100,0.334230,0.064254,547,458,93,acucar,aaecd309c1,4.2951
98,38,100,0.334230,0.064254,547,458,93,acucar,aaecd309c1,4.2951
98,39,100,0.334230,0.064254,547,458,93,acucar,aaecd309c1,4.2951
98,40,100,0.330489,0.064690,546,457,94,acucar,6973996ffd,3.2318
98,41,100,0.334230,0.064254,547,458,93,acucar,aaecd309c1,4.2951
98,42,100,0.330449,0.063312,551,461,92,acucar,bd298ca969,2.9186
98,43,100,0.333258,0.064318,548,457,93,acucar,9e2ff43023,2.7305
98,44,100,0.334230,0.064254,547,458,93,acucar,aaecd309c1,4.2951
98,45,100,0.334230,0.064254,547,458,93,acucar,aaecd309c1,4.2951
98,46,100,0.334230,0.064254,547,458,93,acucar,aaecd309c1,4.2951
98,47,100,0.330489,0.064690,546,457,94,acucar,6973996ffd,3.2318
98,48,100,0.334230,0.064254,547,458,93,acucar,aaecd309c1,4.2951
98,49,100,0.330595,0.064731,546,458,94,acucar,1a3e70827d,2.9277
99,0,100,0.330595,0.064731,546,458,94,acucar,1a3e70827d,2.9277
99,1,100,0.330595,0.064731,546,458,94,acucar,1a3e70827d,2.9277
99,2,100,0.330595,0.064731,546,458,94,acucar,1a3e70827d,2.9277
99,3,100,0.330595,0.064731,546,458,94,acucar,1a3e70827d,2.9277
99,4,100,0.334789,0.064729,547,457,93,acucar,63fc98dd12,3.1145
99,5,100,0.333191,0.063626,546,457,92,acucar,abcc242628,3.0176
99,6,100,0.330489,0.064690,546,457,94,acucar,6973996ffd,3.2318
99,7,100,0.334137,0.064224,547,457,93,acucar,64db64545e,3.7359
99,8,100,0.333351,0.064349,548,458,93,acucar,0ea735af7f,3.3988
99,9,100,0.330489,0.064690,546,457,94,acucar,6973996ffd,3.2318
99,10,100,0.330595,0.064731,546,458,94,acucar,1a3e70827d,2.9277
99,11,100,0.334230,0.064254,547,458,93,acucar,aaecd309c1,4.2951
99,12,100,0.335468,0.064143,547,459,93,acucar,e073d767d0,3.4730
99,13,100,0.334230,0.064254,547,458,93,acucar,aaecd309c1,4.2951
99,14,100,0.330595,0.064731,546,458,94,acucar,1a3e70827d,2.9277
99,15,100,0.330489,0.064690,546,457,94,acucar,6973996ffd,3.2318
99,16,100,0.334376,0.064873,546,457,93,acucar,bd8b0f7368,2.8353
99,17,100,0.330595,0.064731,546,458,94,acucar,1a3e70827d,2.9277
99,18,100,0.334230,0.064254,547,458,93,acucar,aaecd309c1,4.2951
99,19,100,0.334137,0.064224,547,457,93,acucar,64db64545e,3.7359
99,20,100,0.325070,0.064104,545,456,93,acucar,b94f78dd91,2.8873
99,21,100,0.330489,0.064690,546,457,94,acucar,6973996ffd,3.2318
99,22,100,0.330595,0.064731,546,458,94,acucar,1a3e70827d,2.9277
99,23,100,0.334789,0.064729,547,457,93,acucar,63fc98dd12,3.1145
99,24,100,0.330595,0.064731,546,458,94,acucar,1a3e70827d,2.9277
99,25,100,0.330489,0.064690,546,457,94,acucar,6973996ffd,3.2318
99,26,100,0.334230,0.064254,547,458,93,acucar,aaecd309c1,4.2951
99,27,100,0.330595,0.064731,546,458,94,acucar,1a3e70827d,2.9277
99,28,100,0.327919,0.063788,546,457,93,acucar,87ebbe213e,3.1639
99,29,100,0.330608,0.064059,546,457,92,acucar,f6fb1799bc,3.0309
99,30,100,0.334230,0.064254,547,458,93,acucar,aaecd309c1,4.2951
99,31,100,0.330489,0.064690,546,457,94,acucar,6973996ffd,3.2318
99,32,100,0.334137,0.064224,547,457,93,acucar,64db64545e,3.7359
99,33,100,0.334230,0.064254,547,458,93,acucar,aaecd309c1,4.2951
99,34,100,0.327733,0.063470,546,456,93,acucar,3863d5e556,2.6946
99,35,100,0.330595,0.064731,546,458,94,acucar,1a3e70827d,2.9277
99,36,100,0.330595,0.064731,546,458,94,acucar,1a3e70827d,2.9277
99,37,100,0.329703,0.063942,546,457,93,acucar,959b13d366,2.8359
99,38,100,0.322767,0.063460,544,457,93,acucar,042126cc6d,2.8023
99,39,100,0.330409,0.064461,546,457,94,acucar,d04c3ee59c,3.0381
99,40,100,0.333351,0.064349,548,458,93,acucar,0ea735af7f,3.3988
99,41,100,0.334230,0.064254,547,458,93,acucar,aaecd309c1,4.2951
99,42,100,0.334230,0.064254,547,458,93,acucar,aaecd309c1,4.2951
99,43,100,0.327386,0.062928,542,454,93,acucar,83db730845,2.9177
99,44,100,0.333697,0.064359,546,456,93,acucar,500cf372c7,2.9368
99,45,100,0.334230,0.064254,547,458,93,acucar,aaecd309c1,4.2951
99,46,100,0.330489,0.064690,546,457,94,acucar,6973996ffd,3.2318
99,47,100,0.330449,0.065006,543,455,94,acucar,e5321e9013,2.7626
99,48,100,0.334230,0.064254,547,458,93,acucar,aaecd309c1,4.2951
99,49,100,0.334137,0.064224,547,457,93,acucar,64db64545e,3.7359
100,0,100,0.330449,0.065006,543,455,94,acucar,e5321e9013,2.7626
100,1,100,0.334376,0.064873,546,457,93,acucar,bd8b0f7368,2.8353
100,2,100,0.330595,0.064731,546,458,94,acucar,1a3e70827d,2.9277
100,3,100,0.330595,0.064731,546,458,94,acucar,1a3e70827d,2.9277
100,4,100,0.330595,0.064731,546,458,94,acucar,1a3e70827d,2.9277
100,5,100,0.328918,0.063644,548,460,93,acucar,fe4366644c,3.1515
100,6,100,0.327666,0.063989,548,456,93,acucar,3b80472a43,2.9695
100,7,100,0.330595,0.064731,546,458,94,acucar,1a3e70827d,2.9277
100,8,100,0.334376,0.064873,546,457,93,acucar,bd8b0f7368,2.8353
100,9,100,0.330595,0.064731,546,458,94,acucar,1a3e70827d,2.9277
100,10,100,0.330595,0.064731,546,458,94,acucar,1a3e70827d,2.9277
100,11,100,0.332392,0.064373,546,456,93,acucar,d01866f08b,3.1188
100,12,100,0.333697,0.064359,546,456,93,acucar,500cf372c7,2.9368
100,13,100,0.329703,0.064312,546,458,93,acucar,4916e9a31c,2.8644
100,14,100,0.334230,0.064254,547,458,93,acucar,aaecd309c1,4.2951
100,15,100,0.330595,0.063749,541,450,92,acucar,30b307c4d5,2.7894
100,16,100,0.330489,0.064690,546,457,94,acucar,6973996ffd,3.2318
100,17,100,0.330595,0.064731,546,458,94,acucar,1a3e70827d,2.9277
100,18,100,0.330595,0.064731,546,458,94,acucar,1a3e70827d,2.9277
100,19,100,0.328705,0.063729,544,455,93,suco pronto,16660a0d54,2.7163
100,20,100,0.334376,0.064873,546,457,93,acucar,bd8b0f7368,2.8353
100,21,100,0.326801,0.064231,545,457,94,acucar,6bffdf6750,3.1704
100,22,100,0.330595,0.064731,546,458,94,acucar,1a3e70827d,2.9277
100,23,100,0.330449,0.065006,543,455,94,acucar,e5321e9013,2.7626
100,24,100,0.330595,0.064731,546,458,94,acucar,1a3e70827d,2.9277
100,25,100,0.330595,0.064731,546,458,94,acucar,1a3e70827d,2.9277
100,26,100,0.330595,0.064731,546,458,94,acucar,1a3e70827d,2.9277
100,27,100,0.330595,0.064731,546,458,94,acucar,1a3e70827d,2.9277
100,28,100,0.330595,0.064731,546,458,94,acucar,1a3e70827d,2.9277
100,29,100,0.330595,0.064731,546,458,94,acucar,1a3e70827d,2.9277
100,30,100,0.330449,0.065006,543,455,94,acucar,e5321e9013,2.7626
100,31,100,0.334789,0.064729,547,457,93,acucar,63fc98dd12,3.1145
100,32,100,0.329623,0.063686,546,457,93,acucar,b43b2571c8,2.8832
100,33,100,0.330595,0.064731,546,458,94,acucar,1a3e70827d,2.9277
100,34,100,0.330595,0.064731,546,458,94,acucar,1a3e70827d,2.9277
100,35,100,0.334230,0.064254,547,458,93,acucar,aaecd309c1,4.2951
100,36,100,0.333711,0.064855,547,457,93,acucar,2a30b1363e,2.9322
100,37,100,0.332499,0.065053,546,459,94,acucar,7a86040156,2.8020
100,38,100,0.330595,0.064731,546,458,94,acucar,1a3e70827d,2.9277
100,39,100,0.330489,0.064690,546,457,94,acucar,6973996ffd,3.2318
100,40,100,0.330595,0.064731,546,458,94,acucar,1a3e70827d,2.9277
100,41,100,0.330595,0.064731,546,458,94,acucar,1a3e70827d,2.9277
100,42,100,0.334376,0.064873,546,457,93,acucar,bd8b0f7368,2.8353
100,43,100,0.330595,0.064731,546,458,94,acucar,1a3e70827d,2.9277
100,44,100,0.334376,0.064873,546,457,93,acucar,bd8b0f7368,2.8353
100,45,100,0.328332,0.064587,548,457,94,preparo para sopa,e3e4dd4d9c,2.8164
100,46,100,0.330595,0.064731,546,458,94,acucar,1a3e70827d,2.9277
100,47,100,0.330595,0.064731,546,458,94,acucar,1a3e70827d,2.9277
100,48,100,0.334230,0.064254,547,458,93,acucar,aaecd309c1,4.2951
100,49,100,0.330449,0.065006,543,455,94,acucar,e5321e9013,2.7626
