generation,individual_id,l0_size,accuracy_on_full,f1_macro_on_full,num_tokens,num_distinct_tokens,num_classes_in_l0,most_frequent_class_in_l0,l0_indices_hash,fitness_calc_time_sec
1,0,10,0.021768,0.002795,51,51,10,papel higienico,618e7e06ac,1.7499
1,1,10,0.055212,0.005133,59,58,10,feijao,af880a1519,1.5040
1,2,10,0.047091,0.003922,55,55,10,bebida de soja,baa1bfe06d,1.5437
1,3,10,0.063227,0.004098,59,55,10,agua,bfc1ebafe8,1.4513
1,4,10,0.040807,0.002666,57,56,8,padaria e confeitaria industrializado,15544b2351,1.5147
1,5,10,0.081880,0.004017,55,55,10,biscoito,2d03d1c303,1.4278
1,6,10,0.082319,0.004684,62,61,9,bebida mista,d1a768548c,1.5599
1,7,10,0.063760,0.005683,51,49,10,desodorante,9276d2be96,1.4821
1,8,10,0.077127,0.004351,55,53,9,biscoito,2b304f0d01,1.5492
1,9,10,0.059606,0.004266,56,54,10,condicionador,86ade26956,1.4974
1,10,10,0.066795,0.004349,58,54,9,carne bovina,8869daadd1,1.4933
1,11,10,0.039156,0.002654,57,56,9,iogurte,b49bc12fe7,1.3841
1,12,10,0.046226,0.004045,56,53,9,acucar,acd977c30e,1.4507
1,13,10,0.042205,0.003370,53,52,10,alimento pet,49a0e5171c,1.4296
1,14,10,0.049993,0.003488,48,46,9,preparo para suco,36d21085a0,1.5621
1,15,10,0.040021,0.003495,55,53,10,salsicha,594fe6e264,1.5278
1,16,10,0.085302,0.004133,52,51,10,barra alimentar,88c1db3fa2,1.3766
1,17,10,0.073785,0.004081,58,57,9,shampoo,f47a4f7b00,1.4538
1,18,10,0.028811,0.003415,42,41,10,ketchup,352a01d288,1.3618
1,19,10,0.092757,0.004413,52,49,10,shampoo,120ca15e07,1.5160
1,20,10,0.078112,0.004415,61,57,10,padaria e confeitaria industrializado,b33a7b1e46,1.6011
1,21,10,0.067448,0.003378,52,50,9,refrigerante,1c3488b003,1.4346
1,22,10,0.066050,0.002564,51,50,8,linguica,c024ed8fe6,1.4495
1,23,10,0.036373,0.003240,55,55,10,fosforo,38ccc35cad,1.5062
1,24,10,0.031966,0.002129,54,51,9,carne de ave,e5f13dfe56,1.4137
1,25,10,0.054374,0.002654,51,49,9,biscoito,bc944bcdf9,1.4291
1,26,10,0.055598,0.003111,62,61,10,bebida mista,ba89c95d17,1.7154
1,27,10,0.037305,0.003127,60,59,9,alimento pet,9165f9b7c5,1.4821
1,28,10,0.090174,0.004148,60,58,9,biscoito,c942746004,1.6381
1,29,10,0.067315,0.004868,46,45,10,suco pronto,d807c4f493,1.5497
1,30,10,0.030116,0.002805,56,56,9,sabonete,aeaba2ca1f,1.5823
1,31,10,0.041792,0.003414,53,52,10,macarrao,49568c6f39,1.3800
1,32,10,0.039009,0.001819,51,49,8,sorvete,f2e9ca5e44,1.5611
1,33,10,0.059393,0.004198,57,56,10,padaria e confeitaria industrializado,f709a6ec01,1.5607
1,34,10,0.082093,0.003652,67,66,9,desodorante,9fb1541370,1.4013
1,35,10,0.051431,0.002851,50,46,7,suco pronto,67d81674dc,1.3178
1,36,10,0.077060,0.003792,58,55,10,queijo,d926fc7173,1.5180
1,37,10,0.101451,0.004412,59,58,10,suco pronto,2f68d17e58,1.4370
1,38,10,0.067967,0.004433,51,49,10,lasanha congelada,8b4a10ef5f,1.5991
1,39,10,0.040913,0.003282,53,51,10,agua,67e3ed0707,1.4384
1,40,10,0.041220,0.003408,60,58,10,cerveja,066ae4baf2,1.4224
1,41,10,0.112728,0.006742,56,55,10,creme dental,4618701360,1.4216
1,42,10,0.087192,0.003467,55,53,9,biscoito,22a80033b3,1.4539
1,43,10,0.036040,0.003114,55,53,10,caldo industrializado,32701fb2a2,1.4231
1,44,10,0.061150,0.004017,48,47,9,chocolate,4179d75ee4,1.4466
1,45,10,0.065557,0.002033,56,56,9,outro condimento,835700952c,1.5809
1,46,10,0.087379,0.005515,55,55,10,oregano,aa08d5bcfc,1.4040
1,47,10,0.050206,0.004003,55,54,10,bebida de soja,25a91d79ee,1.4491
1,48,10,0.065957,0.004298,56,55,10,maionese,06deb459e9,1.4174
1,49,10,0.066609,0.002948,54,53,10,outro farma,ebf33c2512,1.5113
2,0,10,0.112728,0.006742,56,55,10,creme dental,4618701360,1.4216
2,1,10,0.063760,0.005683,51,49,10,desodorante,9276d2be96,1.4821
2,2,10,0.087379,0.005515,55,55,10,oregano,aa08d5bcfc,1.4040
2,3,10,0.055212,0.005133,59,58,10,feijao,af880a1519,1.5040
2,4,10,0.067315,0.004868,46,45,10,suco pronto,d807c4f493,1.5497
2,5,10,0.101451,0.004412,59,58,10,sabonete,2f68d17e58,1.4370
2,6,10,0.101451,0.004412,59,58,10,sabonete,2f68d17e58,1.4370
2,7,10,0.092757,0.004413,52,49,10,shampoo,120ca15e07,1.5160
2,8,10,0.038330,0.003800,62,59,10,padaria e confeitaria industrializado,eaa6dcbb9e,1.6302
2,9,10,0.031407,0.003620,43,41,9,suco pronto,9575b01171,1.3683
2,10,10,0.053402,0.002443,51,49,9,refrigerante,f1bf04c927,1.9977
2,11,10,0.063573,0.004612,55,55,10,vinho nacional,34a6b065d6,2.0093
2,12,10,0.059633,0.003785,57,55,10,vegetal em conserva,9bb5ba430d,2.1646
2,13,10,0.067315,0.004868,46,45,10,suco pronto,d807c4f493,1.5497
2,14,10,0.078112,0.004415,61,57,10,padaria e confeitaria industrializado,b33a7b1e46,1.6011
2,15,10,0.090174,0.004148,60,58,9,biscoito,c942746004,1.6381
2,16,10,0.060844,0.004009,56,54,10,pipoca pronta,cee5918121,1.4856
2,17,10,0.092757,0.004413,52,49,10,shampoo,120ca15e07,1.5160
2,18,10,0.047091,0.003922,55,55,10,bebida de soja,baa1bfe06d,1.5437
2,19,10,0.109147,0.006445,57,57,10,tempero pronto,bc78432af7,1.3891
2,20,10,0.052576,0.004161,58,53,9,creme dental,8773706931,1.3947
2,21,10,0.066795,0.004349,58,54,9,carne bovina,8869daadd1,1.4933
2,22,10,0.092757,0.004413,52,49,10,shampoo,120ca15e07,1.5160
2,23,10,0.054467,0.003874,51,50,10,amendoim,cd317cab3d,1.4355
2,24,10,0.076927,0.005530,53,50,9,carne bovina,1cd9deafdd,1.3625
2,25,10,0.066423,0.003579,59,56,9,biscoito,1503c4b717,1.5785
2,26,10,0.084503,0.003982,57,55,9,aperitivo,6ab4f64edb,1.5669
2,27,10,0.099907,0.005886,54,54,10,macarrao,2e75d3a5a2,1.4235
2,28,10,0.074424,0.004147,53,52,10,papel sulfite,c4cd0d49cc,1.9258
2,29,10,0.046226,0.004045,56,53,9,acucar,acd977c30e,1.4507
2,30,10,0.063760,0.005683,51,49,10,desodorante,9276d2be96,1.4821
2,31,10,0.099281,0.005540,57,54,9,biscoito,98f401463d,2.2911
2,32,10,0.050260,0.003960,54,52,10,cachaca,5f349024af,2.2408
2,33,10,0.100985,0.003655,55,51,9,biscoito,4b3f5df6c1,3.2800
2,34,10,0.048476,0.004223,64,64,10,lava roupas,98e04dc6b1,2.3153
2,35,10,0.054919,0.004429,48,47,9,padaria e confeitaria fresca,90f54a35c5,1.7864
2,36,10,0.063667,0.003496,51,51,10,padaria e confeitaria industrializado,731c73b362,1.8427
2,37,10,0.086180,0.003857,60,58,10,sabonete,eefb1e800d,1.9772
2,38,10,0.063747,0.003721,55,54,9,suco pronto,9c2d4f98f9,1.9335
2,39,10,0.061523,0.003827,54,52,10,lustra moveis,2ff9062ba7,1.7991
2,40,10,0.096179,0.004746,57,54,9,biscoito,2b42600ce7,1.7368
2,41,10,0.065957,0.004298,56,55,10,maionese,06deb459e9,1.4174
2,42,10,0.087379,0.005515,55,55,10,oregano,aa08d5bcfc,1.4040
2,43,10,0.046518,0.003757,52,51,9,refrigerante,8b282b56c8,1.7957
2,44,10,0.066849,0.004700,54,53,10,chocolate,f59db05cf6,1.9152
2,45,10,0.090760,0.004594,63,63,10,lava roupas,e94ae7f5ef,2.0076
2,46,10,0.088231,0.003007,56,54,9,desodorante,32369d64fd,1.7270
2,47,10,0.068380,0.003441,51,49,9,refrigerante,b6667038b0,1.5693
2,48,10,0.090174,0.004148,60,58,9,biscoito,c942746004,1.6381
2,49,10,0.060312,0.004116,55,54,10,vegetal em conserva,9f6b218b3c,1.4505
3,0,10,0.112728,0.006742,56,55,10,creme dental,4618701360,1.4216
3,1,10,0.109147,0.006445,57,57,10,tempero pronto,bc78432af7,1.3891
3,2,10,0.099907,0.005886,54,54,10,macarrao,2e75d3a5a2,1.4235
3,3,10,0.063760,0.005683,51,49,10,desodorante,9276d2be96,1.4821
3,4,10,0.063760,0.005683,51,49,10,desodorante,9276d2be96,1.4821
3,5,10,0.109147,0.006445,57,57,10,tempero pronto,bc78432af7,1.3891
3,6,10,0.099907,0.005886,54,54,10,macarrao,2e75d3a5a2,1.4235
3,7,10,0.098642,0.006122,56,56,10,desodorante,37c456a4c4,1.6197
3,8,10,0.079257,0.005152,55,55,10,oregano,2b74ca942a,1.5178
3,9,10,0.111210,0.006461,57,57,10,preparo para suco,3f0f74febd,1.4513
3,10,10,0.054054,0.004675,55,54,10,tempero pronto,c9e4b5542d,1.4248
3,11,10,0.057289,0.004741,53,50,10,cachaca,1e6b2a16b0,1.5819
3,12,10,0.094914,0.005443,61,61,10,lava roupas,28878f8bee,1.6351
3,13,10,0.076554,0.005964,56,56,10,tempero pronto,8951995320,1.4386
3,14,10,0.098149,0.005731,51,50,10,cachaca,5c564f08cf,1.5330
3,15,10,0.106777,0.005068,57,55,10,padaria e confeitaria industrializado,2d2b33a7e6,1.5811
3,16,10,0.110784,0.004271,56,55,10,sabonete,45fdeb1c2f,1.5543
3,17,10,0.109147,0.006445,57,57,10,tempero pronto,bc78432af7,1.3891
3,18,10,0.109147,0.006445,57,57,10,tempero pronto,bc78432af7,1.3891
3,19,10,0.089455,0.005361,57,57,10,vegetal em conserva,52cbd866ea,1.3940
3,20,10,0.062388,0.004834,56,55,10,macarrao,1091afc902,1.5575
3,21,10,0.052576,0.004161,58,53,9,creme dental,8773706931,1.3947
3,22,10,0.065957,0.004298,56,55,10,maionese,06deb459e9,1.4174
3,23,10,0.088484,0.004145,52,50,10,padaria e confeitaria industrializado,6cb30fe560,1.5264
3,24,10,0.119545,0.006982,56,55,10,desodorante,f3d1aef9a7,1.4156
3,25,10,0.116017,0.005969,57,57,10,tempero pronto,022aa5fdd0,1.3646
3,26,10,0.092997,0.005436,57,55,9,biscoito,fca64bc5cb,1.5777
3,27,10,0.089442,0.004109,56,53,8,carne suina,94633555df,1.5400
3,28,10,0.048129,0.003583,53,52,9,refrigerante,5d27479237,1.4623
3,29,10,0.043856,0.003656,54,54,10,refrigerante,5ad882d27f,1.4206
3,30,10,0.067301,0.005278,52,50,10,camiseta,f5689c09e4,1.5831
3,31,10,0.092757,0.004413,52,49,10,shampoo,120ca15e07,1.5160
3,32,10,0.055212,0.005133,59,58,10,feijao,af880a1519,1.5040
3,33,10,0.111756,0.006220,57,57,10,picole,75a205b8c8,1.4998
3,34,10,0.087618,0.003303,58,55,7,biscoito,a7ed345a1c,1.7007
3,35,10,0.087379,0.005534,54,54,10,oregano,8df4473fbf,1.4442
3,36,10,0.102396,0.004368,58,57,9,biscoito,4336d3cf29,1.4981
3,37,10,0.092757,0.003955,58,55,9,biscoito,413f9ae221,1.5141
3,38,10,0.048702,0.004337,66,66,10,carne suina,b9dc9fa698,1.4322
3,39,10,0.070949,0.004642,54,54,10,panificacao natal,b5be8980c4,1.4313
3,40,10,0.081494,0.006098,57,57,10,vinho nacional,9716cb11d3,1.3573
3,41,10,0.105312,0.005790,55,54,10,carne suina,7ac1403de1,1.6227
3,42,10,0.106364,0.006265,58,55,9,biscoito,836e0647e2,1.4181
3,43,10,0.076874,0.005373,55,54,10,chocolate,98a6208174,1.3539
3,44,10,0.073386,0.004885,54,54,10,oregano,943b3d3272,1.3763
3,45,10,0.055958,0.004387,58,57,10,lava roupas,1a27cb1ac5,1.3653
3,46,10,0.084090,0.003795,48,42,8,macarrao,ac4c6b1107,1.5600
3,47,10,0.078911,0.003982,51,48,8,biscoito,f0bdda0a5b,1.4260
3,48,10,0.068073,0.004988,52,48,9,suco pronto,f2ed2d4bcc,1.3844
3,49,10,0.094009,0.006052,56,56,10,lava roupas,d05ca30bc1,1.4146
4,0,10,0.119545,0.006982,56,55,10,desodorante,f3d1aef9a7,1.4156
4,1,10,0.112728,0.006742,56,55,10,creme dental,4618701360,1.4216
4,2,10,0.111210,0.006461,57,57,10,preparo para suco,3f0f74febd,1.4513
4,3,10,0.109147,0.006445,57,57,10,tempero pronto,bc78432af7,1.3891
4,4,10,0.109147,0.006445,57,57,10,tempero pronto,bc78432af7,1.3891
4,5,10,0.075063,0.004735,53,53,10,oregano,567f7076e4,1.7114
4,6,10,0.103728,0.006036,57,54,9,biscoito,676be09f5e,1.4081
4,7,10,0.126202,0.007151,52,51,10,desodorante,d316ab035f,1.4199
4,8,10,0.082026,0.005932,61,61,10,tempero pronto,4375e1c31b,1.4510
4,9,10,0.109147,0.006445,57,57,10,tempero pronto,bc78432af7,1.3891
4,10,10,0.109147,0.006445,57,57,10,tempero pronto,bc78432af7,1.3891
4,11,10,0.109147,0.006445,57,57,10,tempero pronto,bc78432af7,1.3891
4,12,10,0.109147,0.006445,57,57,10,tempero pronto,bc78432af7,1.3891
4,13,10,0.087086,0.006200,56,55,10,chocolate,a8d497d331,1.4013
4,14,10,0.086513,0.005774,55,54,10,desodorante,5867716d05,1.3668
4,15,10,0.063786,0.005534,56,55,10,tempero pronto,1c8dae5311,1.3679
4,16,10,0.112728,0.006742,56,55,10,desodorante,4618701360,1.4216
4,17,10,0.036573,0.004526,56,56,10,tempero pronto,e75fc11afa,1.4439
4,18,10,0.095180,0.005167,55,54,9,biscoito,ea55e01948,1.3874
4,19,10,0.119545,0.006982,56,55,10,desodorante,f3d1aef9a7,1.4156
4,20,10,0.089455,0.005361,57,57,10,vegetal em conserva,52cbd866ea,1.3940
4,21,10,0.056064,0.006000,53,52,10,desodorante,b147e749d3,1.5296
4,22,10,0.095660,0.005426,59,58,10,chocolate,3101bba3a7,1.3457
4,23,10,0.106750,0.005822,55,53,10,camiseta,e5b37b7083,1.4199
4,24,10,0.079390,0.006407,53,52,10,mamao,0f95abc763,1.5990
4,25,10,0.079230,0.006273,61,61,10,tempero pronto,1a46cf7bf0,1.3163
4,26,10,0.102197,0.005920,53,50,9,biscoito,3cd0a4e8c6,1.4810
4,27,10,0.115058,0.006456,55,54,10,desodorante,0f9836ef31,1.3993
4,28,10,0.109506,0.006093,55,54,10,tempero pronto,8479e25b19,1.4269
4,29,10,0.090787,0.004857,57,55,8,biscoito,26f0dd005e,1.3876
4,30,10,0.050020,0.004904,58,57,9,azeitona,fa02890083,1.3526
4,31,10,0.096445,0.005727,54,51,9,biscoito,458e366128,1.6623
4,32,10,0.060338,0.005344,55,53,10,cachaca,1d1c89f1df,1.3499
4,33,10,0.109147,0.006445,57,57,10,tempero pronto,bc78432af7,1.3891
4,34,10,0.063760,0.005683,51,49,10,desodorante,9276d2be96,1.4821
4,35,10,0.069392,0.004469,54,53,9,energetico,6e118b2ab9,1.3309
4,36,10,0.081188,0.004425,56,55,8,biscoito,c3815a6061,1.3621
4,37,10,0.118506,0.006491,56,56,10,macarrao,d13006a30d,1.4504
4,38,10,0.091186,0.005368,55,55,10,tempero pronto,65b3b9ef58,1.5981
4,39,10,0.099747,0.005888,52,51,10,chocolate,29dae7006c,1.5838
4,40,10,0.049447,0.005353,60,60,10,tempero pronto,84e3d212f7,1.3829
4,41,10,0.087472,0.005879,55,53,9,biscoito,4e1e5c9e7c,1.3447
4,42,10,0.062894,0.004836,57,55,9,energetico,94a111c4a5,1.3938
4,43,10,0.052137,0.004980,53,52,10,macarrao,3b6fe27cbb,1.5292
4,44,10,0.117148,0.005312,59,55,9,creme dental,abb59dd318,1.4722
4,45,10,0.114033,0.005913,52,51,10,agua sanitaria,a5327c4c4a,1.3756
4,46,10,0.069432,0.006101,53,52,10,desodorante,530be52529,1.4026
4,47,10,0.119545,0.006982,56,55,10,desodorante,f3d1aef9a7,1.4156
4,48,10,0.111210,0.006461,57,57,10,preparo para suco,3f0f74febd,1.4513
4,49,10,0.106617,0.006123,54,53,10,desodorante,6c53b3e7bd,1.3655
5,0,10,0.126202,0.007151,52,51,10,desodorante,d316ab035f,1.4199
5,1,10,0.119545,0.006982,56,55,10,desodorante,f3d1aef9a7,1.4156
5,2,10,0.119545,0.006982,56,55,10,desodorante,f3d1aef9a7,1.4156
5,3,10,0.119545,0.006982,56,55,10,desodorante,f3d1aef9a7,1.4156
5,4,10,0.112728,0.006742,56,55,10,creme dental,4618701360,1.4216
5,5,10,0.111210,0.006461,57,57,10,desodorante,3f0f74febd,1.4513
5,6,10,0.111210,0.006461,57,57,10,desodorante,3f0f74febd,1.4513
5,7,10,0.109147,0.006445,57,57,10,tempero pronto,bc78432af7,1.3891
5,8,10,0.109147,0.006445,57,57,10,tempero pronto,bc78432af7,1.3891
5,9,10,0.102277,0.006588,57,56,10,chocolate,ced832b41a,1.6807
5,10,10,0.061124,0.005920,56,55,10,tempero pronto,a3c628a385,1.4338
5,11,10,0.109147,0.006445,57,57,10,tempero pronto,bc78432af7,1.3891
5,12,10,0.087472,0.005879,55,53,9,biscoito,4e1e5c9e7c,1.3447
5,13,10,0.112728,0.006742,56,55,10,azeitona,4618701360,1.4216
5,14,10,0.112728,0.006742,56,55,10,azeitona,4618701360,1.4216
5,15,10,0.095740,0.006246,56,55,10,desodorante,cbeae72c8a,1.3725
5,16,10,0.126202,0.007151,52,51,10,desodorante,d316ab035f,1.4199
5,17,10,0.114219,0.006089,61,61,10,tempero pronto,6cd24b4d46,1.3890
5,18,10,0.074171,0.006626,57,57,10,tempero pronto,af076a976f,1.3340
5,19,10,0.109147,0.006445,57,57,10,tempero pronto,bc78432af7,1.3891
5,20,10,0.079230,0.006273,61,61,10,tempero pronto,1a46cf7bf0,1.3163
5,21,10,0.078538,0.005496,61,61,10,tempero pronto,97e8750174,1.4134
5,22,10,0.119545,0.006982,56,55,10,desodorante,f3d1aef9a7,1.4156
5,23,10,0.119545,0.006982,56,55,10,desodorante,f3d1aef9a7,1.4156
5,24,10,0.105033,0.006045,54,53,10,tempero pronto,a679db14ac,1.4936
5,25,10,0.120437,0.007277,59,59,10,tempero pronto,a58fcb3d6c,1.4292
5,26,10,0.115058,0.006456,55,54,10,desodorante,0f9836ef31,1.3993
5,27,10,0.109147,0.006445,57,57,10,tempero pronto,bc78432af7,1.3891
5,28,10,0.087086,0.006200,56,55,10,chocolate,a8d497d331,1.4013
5,29,10,0.109147,0.006445,57,57,10,tempero pronto,bc78432af7,1.3891
5,30,10,0.109147,0.006445,57,57,10,tempero pronto,bc78432af7,1.3891
5,31,10,0.077966,0.005001,61,60,9,energetico,c03661f189,1.4267
5,32,10,0.107016,0.006154,55,54,10,tempero pronto,be27310f47,1.3504
5,33,10,0.108508,0.006245,55,54,10,azeitona,6ccddddbfa,1.3479
5,34,10,0.104647,0.006125,54,53,10,tempero pronto,0fb365ec19,1.3512
5,35,10,0.109147,0.006445,57,57,10,tempero pronto,bc78432af7,1.3891
5,36,10,0.109799,0.006208,56,56,10,tempero pronto,483d520fd8,1.3903
5,37,10,0.112728,0.006742,56,55,10,creme dental,4618701360,1.4216
5,38,10,0.106617,0.006123,54,53,10,desodorante,6c53b3e7bd,1.3655
5,39,10,0.101704,0.005398,53,51,9,biscoito,5f44e98568,1.3978
5,40,10,0.107908,0.005807,55,53,10,camiseta,8abdc74b8a,1.3514
5,41,10,0.112728,0.006742,56,55,10,desodorante,4618701360,1.4216
5,42,10,0.114579,0.005968,57,57,10,tempero pronto,8fcb504582,1.3906
5,43,10,0.116309,0.006448,63,63,10,desodorante,7437455e9b,1.5707
5,44,10,0.125576,0.007540,49,48,10,desodorante,545ef4abb7,1.4926
5,45,10,0.114738,0.006664,60,60,10,azeitona,f34d017772,1.3140
5,46,10,0.119545,0.006982,56,55,10,desodorante,f3d1aef9a7,1.4156
5,47,10,0.108508,0.006245,55,54,10,desodorante,6ccddddbfa,1.3479
5,48,10,0.075037,0.006009,56,56,10,tempero pronto,dac75c1581,1.3781
5,49,10,0.118786,0.006231,53,52,10,mamao,338228fb9a,1.4027
6,0,10,0.125576,0.007540,49,48,10,desodorante,545ef4abb7,1.4926
6,1,10,0.120437,0.007277,59,59,10,tempero pronto,a58fcb3d6c,1.4292
6,2,10,0.126202,0.007151,52,51,10,desodorante,d316ab035f,1.4199
6,3,10,0.126202,0.007151,52,51,10,desodorante,d316ab035f,1.4199
6,4,10,0.119545,0.006982,56,55,10,desodorante,f3d1aef9a7,1.4156
6,5,10,0.109160,0.006470,54,53,10,azeitona,55eb44827a,1.6004
6,6,10,0.109639,0.006111,56,56,10,tempero pronto,7b8fa0a51f,1.3179
6,7,10,0.119545,0.006982,56,55,10,desodorante,f3d1aef9a7,1.4156
6,8,10,0.112728,0.006742,56,55,10,azeitona,4618701360,1.4216
6,9,10,0.119265,0.005795,57,57,10,tempero pronto,ecc2c2e85d,1.4266
6,10,10,0.109706,0.006525,55,54,10,desodorante,cec06d8b49,1.3587
6,11,10,0.116309,0.006448,63,63,10,cigarro,7437455e9b,1.5707
6,12,10,0.106990,0.005928,54,52,10,bala,6d223e973f,1.3655
6,13,10,0.115058,0.006456,55,54,10,desodorante,0f9836ef31,1.3993
6,14,10,0.112728,0.006742,56,55,10,azeitona,4618701360,1.4216
6,15,10,0.109147,0.006445,57,57,10,tempero pronto,bc78432af7,1.3891
6,16,10,0.119545,0.006982,56,55,10,desodorante,f3d1aef9a7,1.4156
6,17,10,0.095074,0.006511,59,59,10,tempero pronto,2055e5914f,1.4439
6,18,10,0.081800,0.005832,55,54,9,energetico,e5f62075ca,1.3766
6,19,10,0.106364,0.006046,54,53,10,tempero pronto,735f187c73,1.4295
6,20,10,0.075915,0.006678,57,57,10,tempero pronto,6ab8aeb228,1.2731
6,21,10,0.119545,0.006982,56,55,10,desodorante,f3d1aef9a7,1.4156
6,22,10,0.119545,0.006982,56,55,10,desodorante,f3d1aef9a7,1.4156
6,23,10,0.095234,0.006687,53,52,10,desodorante,9931303347,1.6301
6,24,10,0.115351,0.006942,49,48,10,desodorante,aaf77935b7,1.8967
6,25,10,0.112728,0.006742,56,55,10,azeitona,4618701360,1.4216
6,26,10,0.112728,0.006742,56,55,10,azeitona,4618701360,1.4216
6,27,10,0.109466,0.006713,56,55,10,tempero pronto,ee25acbf06,1.6300
6,28,10,0.084662,0.006443,57,57,10,azeitona,58be4a41bd,1.6351
6,29,10,0.109147,0.006445,57,57,10,tempero pronto,bc78432af7,1.3891
6,30,10,0.112728,0.006742,56,55,10,creme dental,4618701360,1.4216
6,31,10,0.111210,0.006461,57,57,10,desodorante,3f0f74febd,1.4513
6,32,10,0.102277,0.006588,57,56,10,chocolate,ced832b41a,1.6807
6,33,10,0.113820,0.006589,59,58,10,desodorante,9a06c1b14e,1.3868
6,34,10,0.116522,0.006277,63,63,10,azeitona,72ab7350db,1.4242
6,35,10,0.128385,0.007058,54,54,10,desodorante,b103781c50,1.4054
6,36,10,0.124191,0.007477,51,50,10,desodorante,eac91ae291,1.5674
6,37,10,0.100825,0.005702,56,56,10,tempero pronto,e3743e3961,1.3501
6,38,10,0.118453,0.006817,58,58,10,azeitona,6d5000fecf,1.4603
6,39,10,0.126202,0.007151,52,51,10,desodorante,d316ab035f,1.4199
6,40,10,0.109147,0.006445,57,57,10,tempero pronto,bc78432af7,1.3891
6,41,10,0.106830,0.006814,58,58,10,azeitona,bcf2090524,1.4463
6,42,10,0.121728,0.006651,54,53,10,panificacao natal,f48ff76aac,1.3996
6,43,10,0.120437,0.007277,59,59,10,tempero pronto,a58fcb3d6c,1.4292
6,44,10,0.095606,0.006615,58,57,10,desodorante,4ec6bb6b35,1.5135
6,45,10,0.119545,0.006982,56,55,10,desodorante,f3d1aef9a7,1.4156
6,46,10,0.114352,0.006911,50,49,10,desodorante,ac37ef0926,1.3826
6,47,10,0.108508,0.006245,55,54,10,desodorante,6ccddddbfa,1.3479
6,48,10,0.095074,0.006511,59,59,10,tempero pronto,2055e5914f,1.4439
6,49,10,0.119545,0.006982,56,55,10,desodorante,f3d1aef9a7,1.4156
7,0,10,0.125576,0.007540,49,48,10,desodorante,545ef4abb7,1.4926
7,1,10,0.124191,0.007477,51,50,10,desodorante,eac91ae291,1.5674
7,2,10,0.120437,0.007277,59,59,10,tempero pronto,a58fcb3d6c,1.4292
7,3,10,0.120437,0.007277,59,59,10,tempero pronto,a58fcb3d6c,1.4292
7,4,10,0.126202,0.007151,52,51,10,desodorante,d316ab035f,1.4199
7,5,10,0.125576,0.007540,49,48,10,desodorante,545ef4abb7,1.4926
7,6,10,0.128385,0.007058,54,54,10,desodorante,b103781c50,1.4054
7,7,10,0.119545,0.006982,56,55,10,desodorante,f3d1aef9a7,1.4156
7,8,10,0.119545,0.006982,56,55,10,desodorante,f3d1aef9a7,1.4156
7,9,10,0.120636,0.007038,58,58,10,desodorante,611c519688,1.5419
7,10,10,0.124191,0.007477,51,50,10,desodorante,eac91ae291,1.5674
7,11,10,0.120077,0.007080,56,56,10,desodorante,c972a6fc2b,1.4378
7,12,10,0.114206,0.006615,50,49,10,tempero pronto,9e96ebade6,1.3580
7,13,10,0.113820,0.006589,59,58,10,desodorante,9a06c1b14e,1.3868
7,14,10,0.124191,0.007477,51,50,10,desodorante,eac91ae291,1.5674
7,15,10,0.124191,0.007477,51,50,10,desodorante,eac91ae291,1.5674
7,16,10,0.095606,0.006615,58,57,10,desodorante,4ec6bb6b35,1.5135
7,17,10,0.126202,0.007151,52,51,10,desodorante,d316ab035f,1.4199
7,18,10,0.095074,0.006511,59,59,10,tempero pronto,2055e5914f,1.4439
7,19,10,0.126202,0.007151,52,51,10,desodorante,d316ab035f,1.4199
7,20,10,0.119545,0.006982,56,55,10,desodorante,f3d1aef9a7,1.4156
7,21,10,0.120437,0.007277,59,59,10,azeitona,a58fcb3d6c,1.4292
7,22,10,0.116030,0.006357,51,50,10,tempero pronto,1a2138a820,1.4395
7,23,10,0.119545,0.006982,56,55,10,desodorante,f3d1aef9a7,1.4156
7,24,10,0.119545,0.006982,56,55,10,desodorante,f3d1aef9a7,1.4156
7,25,10,0.119545,0.006982,56,55,10,desodorante,f3d1aef9a7,1.4156
7,26,10,0.124191,0.007477,51,50,10,desodorante,eac91ae291,1.5674
7,27,10,0.120437,0.007277,59,59,10,tempero pronto,a58fcb3d6c,1.4292
7,28,10,0.126202,0.007151,52,51,10,desodorante,d316ab035f,1.4199
7,29,10,0.117068,0.006635,56,56,10,tempero pronto,f1344c606f,1.4729
7,30,10,0.131833,0.007637,57,57,10,desodorante,9542c94d04,1.3983
7,31,10,0.126841,0.007074,57,57,10,azeitona,4cecd9a5cd,1.6106
7,32,10,0.106830,0.006814,58,58,10,azeitona,bcf2090524,1.4463
7,33,10,0.106870,0.006115,58,58,10,desodorante,a4582ac73e,1.3780
7,34,10,0.119545,0.006982,56,55,10,desodorante,f3d1aef9a7,1.4156
7,35,10,0.125576,0.007540,49,48,10,desodorante,545ef4abb7,1.4926
7,36,10,0.119545,0.006982,56,55,10,desodorante,f3d1aef9a7,1.4156
7,37,10,0.126202,0.007151,52,51,10,desodorante,d316ab035f,1.4199
7,38,10,0.095606,0.006615,58,57,10,desodorante,4ec6bb6b35,1.5135
7,39,10,0.114445,0.005560,62,61,10,desodorante,157e610984,1.4317
7,40,10,0.085594,0.006568,51,50,10,sorvete,89a54430de,1.3775
7,41,10,0.125429,0.007266,57,56,10,desodorante,8ef2f9c06d,1.3818
7,42,10,0.126867,0.007417,57,57,10,azeitona,5da9eabd3e,1.6338
7,43,10,0.081667,0.006447,52,51,10,desodorante,a1c405ca7e,1.3296
7,44,10,0.126202,0.007151,52,51,10,desodorante,d316ab035f,1.4199
7,45,10,0.098416,0.007097,53,52,10,desodorante,1326b9fa73,1.4404
7,46,10,0.126202,0.007151,52,51,10,desodorante,d316ab035f,1.4199
7,47,10,0.120264,0.006606,58,58,10,tempero pronto,21bc36059c,1.4093
7,48,10,0.128651,0.007675,55,55,10,desodorante,e24ac9b671,1.4651
7,49,10,0.127080,0.006517,54,53,10,cafe,34b22b4ac8,1.4289
8,0,10,0.128651,0.007675,55,55,10,desodorante,e24ac9b671,1.4651
8,1,10,0.131833,0.007637,57,57,10,desodorante,9542c94d04,1.3983
8,2,10,0.125576,0.007540,49,48,10,desodorante,545ef4abb7,1.4926
8,3,10,0.125576,0.007540,49,48,10,desodorante,545ef4abb7,1.4926
8,4,10,0.125576,0.007540,49,48,10,desodorante,545ef4abb7,1.4926
8,5,10,0.119545,0.006982,56,55,10,desodorante,f3d1aef9a7,1.4156
8,6,10,0.128651,0.007675,55,55,10,desodorante,e24ac9b671,1.4651
8,7,10,0.128385,0.007058,54,54,10,desodorante,b103781c50,1.4054
8,8,10,0.126867,0.007417,57,57,10,azeitona,5da9eabd3e,1.6338
8,9,10,0.111037,0.006664,50,49,10,tempero pronto,c7c8dd3a28,1.5611
8,10,10,0.133591,0.008048,60,60,10,desodorante,167c09ff86,1.3485
8,11,10,0.125576,0.007540,49,48,10,desodorante,545ef4abb7,1.4926
8,12,10,0.119545,0.006982,56,55,10,desodorante,f3d1aef9a7,1.4156
8,13,10,0.124830,0.006844,57,57,10,desodorante,6a64219a29,1.3702
8,14,10,0.125576,0.007540,49,48,10,desodorante,545ef4abb7,1.4926
8,15,10,0.126202,0.007151,52,51,10,desodorante,d316ab035f,1.4199
8,16,10,0.119545,0.006982,56,55,10,desodorante,f3d1aef9a7,1.4156
8,17,10,0.125576,0.007540,49,48,10,desodorante,545ef4abb7,1.4926
8,18,10,0.126202,0.007151,52,51,10,desodorante,d316ab035f,1.4199
8,19,10,0.118693,0.007500,50,49,10,desodorante,6683472b29,1.3933
8,20,10,0.080668,0.006915,49,48,10,desodorante,03f3bc26ec,1.3652
8,21,10,0.124191,0.007477,51,50,10,desodorante,eac91ae291,1.5674
8,22,10,0.126202,0.007151,52,51,10,desodorante,d316ab035f,1.4199
8,23,10,0.095567,0.007064,55,54,10,desodorante,a51eaef8b2,1.4257
8,24,10,0.125376,0.007066,57,57,10,desodorante,bfb8b4a754,1.3592
8,25,10,0.118693,0.007500,50,49,10,desodorante,6683472b29,1.3933
8,26,10,0.125576,0.007540,49,48,10,desodorante,545ef4abb7,1.4926
8,27,10,0.131740,0.007166,49,48,10,desodorante,ef4e16054d,1.3726
8,28,10,0.122780,0.007231,55,55,10,desodorante,79d89c1942,1.4097
8,29,10,0.105805,0.006587,52,51,10,desodorante,0ae690a313,1.3341
8,30,10,0.126202,0.007151,52,51,10,desodorante,d316ab035f,1.4199
8,31,10,0.123659,0.006900,48,47,10,desodorante,7f121292e2,1.5606
8,32,10,0.120437,0.007277,59,59,10,tempero pronto,a58fcb3d6c,1.4292
8,33,10,0.101678,0.007148,59,59,10,tempero pronto,3554615469,1.3910
8,34,10,0.113314,0.006629,49,48,10,azeitona,86e8e7f7b9,1.5183
8,35,10,0.121502,0.007034,58,58,10,tempero pronto,e780599e3b,1.5118
8,36,10,0.128784,0.007584,55,55,10,desodorante,8285a5e3ed,1.4300
8,37,10,0.126867,0.007417,57,57,10,azeitona,5da9eabd3e,1.6338
8,38,10,0.119545,0.006982,56,55,10,desodorante,f3d1aef9a7,1.4156
8,39,10,0.128239,0.007014,51,50,10,desodorante,9df6c63134,1.5252
8,40,10,0.124378,0.007161,51,50,10,desodorante,5a55020c71,1.3778
8,41,10,0.125576,0.007540,49,48,10,desodorante,545ef4abb7,1.4926
8,42,10,0.124191,0.007477,51,50,10,desodorante,eac91ae291,1.5674
8,43,10,0.126202,0.007151,52,51,10,desodorante,d316ab035f,1.4199
8,44,10,0.124191,0.007477,51,50,10,desodorante,eac91ae291,1.5674
8,45,10,0.131927,0.007398,58,58,10,desodorante,39b34cfaf1,1.4688
8,46,10,0.101385,0.006693,55,55,10,tempero pronto,a7d8e0e2a0,1.3370
8,47,10,0.098416,0.007097,53,52,10,desodorante,1326b9fa73,1.4404
8,48,10,0.122913,0.006510,52,49,9,desodorante,4c030001b4,1.3842
8,49,10,0.119545,0.006982,56,55,10,desodorante,f3d1aef9a7,1.4156
9,0,10,0.133591,0.008048,60,60,10,desodorante,167c09ff86,1.3485
9,1,10,0.128651,0.007675,55,55,10,desodorante,e24ac9b671,1.4651
9,2,10,0.128651,0.007675,55,55,10,desodorante,e24ac9b671,1.4651
9,3,10,0.131833,0.007637,57,57,10,desodorante,9542c94d04,1.3983
9,4,10,0.128784,0.007584,55,55,10,desodorante,8285a5e3ed,1.4300
9,5,10,0.091599,0.006085,50,50,9,macarrao,d88db79d1a,1.5434
9,6,10,0.130262,0.007237,54,54,10,desodorante,c0ee5a5144,1.4169
9,7,10,0.120091,0.007260,54,53,10,desodorante,40b76a245c,1.3637
9,8,10,0.139555,0.007904,58,58,10,desodorante,6f46768e6f,1.3821
9,9,10,0.080668,0.006915,49,48,10,desodorante,03f3bc26ec,1.3652
9,10,10,0.125576,0.007540,49,48,10,desodorante,545ef4abb7,1.4926
9,11,10,0.121502,0.007034,58,58,10,tempero pronto,e780599e3b,1.5118
9,12,10,0.129330,0.007689,56,56,10,desodorante,2d898cf677,1.4578
9,13,10,0.128185,0.007339,50,49,10,desodorante,dae0b3bb8d,1.3710
9,14,10,0.124191,0.007477,51,50,10,desodorante,eac91ae291,1.5674
9,15,10,0.129344,0.007385,52,52,10,desodorante,753c021f7b,1.3292
9,16,10,0.086526,0.007148,53,52,10,desodorante,2bcfd2fe12,1.3946
9,17,10,0.122341,0.007327,51,51,10,azeitona,55da3cc157,1.7651
9,18,10,0.128784,0.007584,55,55,10,desodorante,8285a5e3ed,1.4300
9,19,10,0.125576,0.007540,49,48,10,desodorante,545ef4abb7,1.4926
9,20,10,0.124191,0.007477,51,50,10,desodorante,eac91ae291,1.5674
9,21,10,0.124790,0.007346,48,47,10,desodorante,292d81488f,1.4637
9,22,10,0.123073,0.007188,54,53,10,alimento pet,7e12d91be3,1.4202
9,23,10,0.133591,0.008048,60,60,10,desodorante,167c09ff86,1.3485
9,24,10,0.118693,0.007500,50,49,10,desodorante,6683472b29,1.3933
9,25,10,0.123965,0.006672,49,48,9,biscoito,8af74e3010,1.3553
9,26,10,0.125576,0.007540,49,48,10,desodorante,545ef4abb7,1.4926
9,27,10,0.128172,0.007714,58,58,10,azeitona,6270431c20,1.4749
9,28,10,0.124950,0.007264,48,47,10,desodorante,e56c5bc7dc,1.7525
9,29,10,0.125576,0.007540,49,48,10,desodorante,545ef4abb7,1.4926
9,30,10,0.125576,0.007540,49,48,10,desodorante,545ef4abb7,1.4926
9,31,10,0.125602,0.007183,52,52,10,desodorante,faf9bdf7c3,1.4010
9,32,10,0.097870,0.007252,53,53,10,desodorante,1286e2e729,1.3338
9,33,10,0.121369,0.007581,58,58,10,azeitona,09b8efc290,1.3311
9,34,10,0.128385,0.007058,54,54,10,desodorante,b103781c50,1.4054
9,35,10,0.093743,0.006532,55,54,10,desodorante,668781fc11,1.4574
9,36,10,0.123459,0.007724,52,52,10,desodorante,aac1703e3e,1.3899
9,37,10,0.124191,0.007477,51,50,10,desodorante,eac91ae291,1.5674
9,38,10,0.080668,0.006915,49,48,10,desodorante,03f3bc26ec,1.3652
9,39,10,0.129863,0.007465,59,59,10,desodorante,1c71610294,1.5091
9,40,10,0.135508,0.008212,58,58,10,desodorante,227389c723,1.4467
9,41,10,0.133591,0.008048,60,60,10,desodorante,167c09ff86,1.3485
9,42,10,0.128651,0.007675,55,55,10,desodorante,e24ac9b671,1.4651
9,43,10,0.095234,0.006687,53,52,10,desodorante,9931303347,1.6301
9,44,10,0.116855,0.007317,51,51,10,desodorante,89493b8ce7,1.3080
9,45,10,0.125576,0.007540,49,48,10,desodorante,545ef4abb7,1.4926
9,46,10,0.107882,0.007476,51,50,10,desodorante,557a7da560,1.3956
9,47,10,0.128784,0.007584,55,55,10,desodorante,8285a5e3ed,1.4300
9,48,10,0.095353,0.006888,58,58,10,desodorante,4ae0e1d14d,1.3198
9,49,10,0.125576,0.007540,49,48,10,desodorante,545ef4abb7,1.4926
10,0,10,0.135508,0.008212,58,58,10,desodorante,227389c723,1.4467
10,1,10,0.133591,0.008048,60,60,10,desodorante,167c09ff86,1.3485
10,2,10,0.133591,0.008048,60,60,10,desodorante,167c09ff86,1.3485
10,3,10,0.133591,0.008048,60,60,10,desodorante,167c09ff86,1.3485
10,4,10,0.139555,0.007904,58,58,10,desodorante,6f46768e6f,1.3821
10,5,10,0.095234,0.006687,53,52,10,desodorante,9931303347,1.6301
10,6,10,0.127187,0.007519,55,55,10,desodorante,33a37cb16b,1.5430
10,7,10,0.124790,0.007346,48,47,10,desodorante,292d81488f,1.4637
10,8,10,0.129943,0.007972,56,56,10,desodorante,24a39104a5,1.3938
10,9,10,0.105445,0.007537,61,61,10,desodorante,8f97a354e4,1.3129
10,10,10,0.135508,0.008212,58,58,10,desodorante,227389c723,1.4467
10,11,10,0.114232,0.007112,50,49,10,desodorante,347b868a3c,1.4928
10,12,10,0.127706,0.007588,49,49,10,desodorante,b8dccf052b,1.3878
10,13,10,0.123965,0.006672,49,48,9,biscoito,8af74e3010,1.3553
10,14,10,0.135508,0.008212,58,58,10,desodorante,227389c723,1.4467
10,15,10,0.133591,0.008048,60,60,10,desodorante,167c09ff86,1.3485
10,16,10,0.118693,0.007500,50,49,10,desodorante,6683472b29,1.3933
10,17,10,0.118693,0.007500,50,49,10,desodorante,6683472b29,1.3933
10,18,10,0.133591,0.008048,60,60,10,desodorante,167c09ff86,1.3485
10,19,10,0.096379,0.007094,55,55,10,desodorante,698bb8b636,1.3581
10,20,10,0.127560,0.007520,54,54,10,desodorante,2396c5db00,1.4198
10,21,10,0.131221,0.007765,60,60,10,desodorante,4b60673cbe,1.4582
10,22,10,0.131753,0.007483,48,47,10,desodorante,72f960020c,1.4032
10,23,10,0.140873,0.008200,59,59,10,desodorante,abb60472b0,1.8088
10,24,10,0.107802,0.006639,48,47,10,azeitona,87d2598dd5,1.3794
10,25,10,0.128172,0.007714,58,58,10,azeitona,6270431c20,1.4749
10,26,10,0.128172,0.007714,58,58,10,azeitona,6270431c20,1.4749
10,27,10,0.125576,0.007540,49,48,10,desodorante,545ef4abb7,1.4926
10,28,10,0.124191,0.007477,51,50,10,desodorante,eac91ae291,1.5674
10,29,10,0.135508,0.008212,58,58,10,desodorante,227389c723,1.4467
10,30,10,0.125576,0.007540,49,48,10,desodorante,545ef4abb7,1.4926
10,31,10,0.123459,0.007724,52,52,10,desodorante,aac1703e3e,1.3899
10,32,10,0.115484,0.007985,57,57,10,desodorante,4afc90b934,1.6617
10,33,10,0.123459,0.007724,52,52,10,desodorante,aac1703e3e,1.3899
10,34,10,0.130262,0.007237,54,54,10,desodorante,c0ee5a5144,1.4169
10,35,10,0.125576,0.007540,49,48,10,desodorante,545ef4abb7,1.4926
10,36,10,0.116855,0.007317,51,51,10,desodorante,89493b8ce7,1.3080
10,37,10,0.095234,0.006687,53,52,10,desodorante,9931303347,1.6301
10,38,10,0.129863,0.007465,59,59,10,desodorante,1c71610294,1.5091
10,39,10,0.101784,0.007850,57,57,10,desodorante,d58d9a257d,1.4847
10,40,10,0.133897,0.007951,60,60,10,azeitona,9cdb988abb,1.4184
10,41,10,0.124790,0.007346,48,47,10,desodorante,292d81488f,1.4637
10,42,10,0.125576,0.007540,49,48,10,desodorante,545ef4abb7,1.4926
10,43,10,0.129490,0.007982,53,53,10,desodorante,245517f9ac,1.5632
10,44,10,0.089296,0.007168,54,53,10,desodorante,62eb5bd190,1.4895
10,45,10,0.133591,0.008048,60,60,10,desodorante,167c09ff86,1.3485
10,46,10,0.133591,0.008048,60,60,10,desodorante,167c09ff86,1.3485
10,47,10,0.132592,0.007655,59,59,10,azeitona,30a213ae02,1.4398
10,48,10,0.121369,0.007581,58,58,10,desodorante,09b8efc290,1.3311
10,49,10,0.096379,0.007094,55,55,10,desodorante,698bb8b636,1.3581
11,0,10,0.135508,0.008212,58,58,10,desodorante,227389c723,1.4467
11,1,10,0.135508,0.008212,58,58,10,desodorante,227389c723,1.4467
11,2,10,0.135508,0.008212,58,58,10,desodorante,227389c723,1.4467
11,3,10,0.135508,0.008212,58,58,10,desodorante,227389c723,1.4467
11,4,10,0.140873,0.008200,59,59,10,desodorante,abb60472b0,1.8088
11,5,10,0.088630,0.006543,54,53,10,desodorante,5ca6fc1a81,1.5796
11,6,10,0.125416,0.007485,60,60,10,desodorante,88a1e435b7,1.3846
11,7,10,0.132592,0.007655,59,59,10,azeitona,30a213ae02,1.4398
11,8,10,0.130529,0.007404,60,60,10,azeitona,bb8c897a7b,1.3603
11,9,10,0.123339,0.007677,60,60,10,desodorante,a3290661a7,1.4205
11,10,10,0.135508,0.008212,58,58,10,desodorante,227389c723,1.4467
11,11,10,0.128172,0.007714,58,58,10,azeitona,6270431c20,1.4749
11,12,10,0.133591,0.008048,60,60,10,desodorante,167c09ff86,1.3485
11,13,10,0.133591,0.008048,60,60,10,desodorante,167c09ff86,1.3485
11,14,10,0.135508,0.008212,58,58,10,desodorante,227389c723,1.4467
11,15,10,0.135508,0.008212,58,58,10,desodorante,227389c723,1.4467
11,16,10,0.135508,0.008212,58,58,10,desodorante,227389c723,1.4467
11,17,10,0.134057,0.007850,53,53,10,desodorante,9aa38de44b,1.4373
11,18,10,0.121688,0.007459,54,54,10,azeitona,0b74cfae0e,1.3933
11,19,10,0.128891,0.007827,57,57,10,desodorante,92b679ec4a,1.5879
11,20,10,0.124311,0.006997,50,49,10,desodorante,bf0653e61d,1.3542
11,21,10,0.133591,0.008048,60,60,10,desodorante,167c09ff86,1.3485
11,22,10,0.139555,0.007904,58,58,10,desodorante,6f46768e6f,1.3821
11,23,10,0.141486,0.007757,57,57,10,desodorante,e7140446db,1.3668
11,24,10,0.129943,0.007972,56,56,10,desodorante,24a39104a5,1.3938
11,25,10,0.133591,0.008048,60,60,10,desodorante,167c09ff86,1.3485
11,26,10,0.132912,0.007231,59,59,10,desodorante,dc535b2f51,1.4551
11,27,10,0.129943,0.007972,56,56,10,desodorante,24a39104a5,1.3938
11,28,10,0.136906,0.007096,52,51,10,desodorante,6fb5f903d0,1.5055
11,29,10,0.135508,0.008212,58,58,10,desodorante,227389c723,1.4467
11,30,10,0.135508,0.008212,58,58,10,desodorante,227389c723,1.4467
11,31,10,0.139555,0.007904,58,58,10,desodorante,6f46768e6f,1.3821
11,32,10,0.135508,0.008212,58,58,10,desodorante,227389c723,1.4467
11,33,10,0.135508,0.008212,58,58,10,desodorante,227389c723,1.4467
11,34,10,0.135508,0.008212,58,58,10,desodorante,227389c723,1.4467
11,35,10,0.133897,0.007951,60,60,10,azeitona,9cdb988abb,1.4184
11,36,10,0.133591,0.008048,60,60,10,desodorante,167c09ff86,1.3485
11,37,10,0.130728,0.007853,58,57,10,desodorante,516720a214,1.4704
11,38,10,0.131221,0.007765,60,60,10,desodorante,4b60673cbe,1.4582
11,39,10,0.136573,0.008035,57,57,10,desodorante,13a4f101c3,1.3882
11,40,10,0.128026,0.007809,58,58,10,desodorante,4ead47343b,1.4570
11,41,10,0.135508,0.008212,58,58,10,desodorante,227389c723,1.4467
11,42,10,0.133591,0.008048,60,60,10,desodorante,167c09ff86,1.3485
11,43,10,0.115963,0.008131,58,58,10,desodorante,b9257085fd,1.3838
11,44,10,0.119385,0.007781,59,59,10,desodorante,9961c28ec8,1.4400
11,45,10,0.108681,0.007876,58,58,10,desodorante,fd950bbf47,1.4877
11,46,10,0.140008,0.007658,58,58,10,desodorante,960c3ec52c,1.4661
11,47,10,0.090720,0.006734,61,60,9,desodorante,750c064a8e,1.4475
11,48,10,0.133591,0.008048,60,60,10,desodorante,167c09ff86,1.3485
11,49,10,0.135508,0.008212,58,58,10,desodorante,227389c723,1.4467
12,0,10,0.135508,0.008212,58,58,10,desodorante,227389c723,1.4467
12,1,10,0.135508,0.008212,58,58,10,desodorante,227389c723,1.4467
12,2,10,0.135508,0.008212,58,58,10,desodorante,227389c723,1.4467
12,3,10,0.135508,0.008212,58,58,10,desodorante,227389c723,1.4467
12,4,10,0.135508,0.008212,58,58,10,desodorante,227389c723,1.4467
12,5,10,0.135508,0.008212,58,58,10,desodorante,227389c723,1.4467
12,6,10,0.135508,0.008212,58,58,10,desodorante,227389c723,1.4467
12,7,10,0.140873,0.008200,59,59,10,desodorante,abb60472b0,1.8088
12,8,10,0.115484,0.007985,57,57,10,desodorante,4afc90b934,1.6617
12,9,10,0.128891,0.007827,57,57,10,desodorante,92b679ec4a,1.5879
12,10,10,0.135508,0.008212,58,58,10,desodorante,227389c723,1.4467
12,11,10,0.135508,0.008212,58,58,10,desodorante,227389c723,1.4467
12,12,10,0.126960,0.007572,59,59,10,desodorante,c9ea54efd1,1.6642
12,13,10,0.135508,0.008212,58,58,10,desodorante,227389c723,1.4467
12,14,10,0.133591,0.008048,60,60,10,desodorante,167c09ff86,1.3485
12,15,10,0.133591,0.008048,60,60,10,desodorante,167c09ff86,1.3485
12,16,10,0.134216,0.007916,57,57,10,desodorante,62402ce43f,1.3987
12,17,10,0.135508,0.008212,58,58,10,desodorante,227389c723,1.4467
12,18,10,0.135508,0.008212,58,58,10,desodorante,227389c723,1.4467
12,19,10,0.139555,0.007904,58,58,10,desodorante,6f46768e6f,1.3821
12,20,10,0.140700,0.008230,54,54,10,desodorante,51479156c2,1.4006
12,21,10,0.135508,0.008212,58,58,10,desodorante,227389c723,1.4467
12,22,10,0.133591,0.008048,60,60,10,desodorante,167c09ff86,1.3485
12,23,10,0.133378,0.007075,58,57,9,biscoito,8dc970e932,1.3654
12,24,10,0.135508,0.008212,58,58,10,desodorante,227389c723,1.4467
12,25,10,0.135508,0.008212,58,58,10,desodorante,227389c723,1.4467
12,26,10,0.135508,0.008212,58,58,10,desodorante,227389c723,1.4467
12,27,10,0.135508,0.008212,58,58,10,desodorante,227389c723,1.4467
12,28,10,0.133591,0.008048,60,60,10,desodorante,167c09ff86,1.3485
12,29,10,0.135508,0.008212,58,58,10,desodorante,227389c723,1.4467
12,30,10,0.133591,0.008048,60,60,10,desodorante,167c09ff86,1.3485
12,31,10,0.135508,0.008212,58,58,10,desodorante,227389c723,1.4467
12,32,10,0.133591,0.008048,60,60,10,desodorante,167c09ff86,1.3485
12,33,10,0.125869,0.007778,59,59,10,desodorante,d8bbde10e7,1.4127
12,34,10,0.140367,0.008287,57,56,10,aperitivo,b733f79685,1.4722
12,35,10,0.126428,0.007632,58,58,10,desodorante,05630ac785,1.3854
12,36,10,0.133098,0.007391,63,62,9,creme dental,b0590c7d01,1.4141
12,37,10,0.135508,0.008212,58,58,10,desodorante,227389c723,1.4467
12,38,10,0.133591,0.008048,60,60,10,desodorante,167c09ff86,1.3485
12,39,10,0.135508,0.008212,58,58,10,desodorante,227389c723,1.4467
12,40,10,0.135508,0.008212,58,58,10,desodorante,227389c723,1.4467
12,41,10,0.139555,0.007904,58,58,10,desodorante,6f46768e6f,1.3821
12,42,10,0.134203,0.007603,58,58,10,desodorante,0b89c1c4f3,1.4081
12,43,10,0.128585,0.007826,58,58,10,desodorante,1a71efc2ab,1.3799
12,44,10,0.141486,0.007757,57,57,10,desodorante,e7140446db,1.3668
12,45,10,0.135508,0.008212,58,58,10,desodorante,227389c723,1.4467
12,46,10,0.135508,0.008212,58,58,10,desodorante,227389c723,1.4467
12,47,10,0.140873,0.008200,59,59,10,desodorante,abb60472b0,1.8088
12,48,10,0.133591,0.008048,60,60,10,desodorante,167c09ff86,1.3485
12,49,10,0.135508,0.008212,58,58,10,desodorante,227389c723,1.4467
13,0,10,0.140367,0.008287,57,56,10,aperitivo,b733f79685,1.4722
13,1,10,0.140700,0.008230,54,54,10,desodorante,51479156c2,1.4006
13,2,10,0.135508,0.008212,58,58,10,desodorante,227389c723,1.4467
13,3,10,0.135508,0.008212,58,58,10,desodorante,227389c723,1.4467
13,4,10,0.135508,0.008212,58,58,10,desodorante,227389c723,1.4467
13,5,10,0.130968,0.008012,53,53,10,desodorante,ec5b9a3b8f,1.5656
13,6,10,0.140700,0.008230,54,54,10,desodorante,51479156c2,1.4006
13,7,10,0.135508,0.008212,58,58,10,desodorante,227389c723,1.4467
13,8,10,0.140367,0.008287,57,56,10,aperitivo,b733f79685,1.4722
13,9,10,0.134216,0.007916,57,57,10,desodorante,62402ce43f,1.3987
13,10,10,0.120730,0.008206,57,56,10,aperitivo,0a87bbc574,1.5941
13,11,10,0.133458,0.007793,55,55,10,desodorante,13c2532f5f,1.4943
13,12,10,0.144615,0.008068,56,56,10,desodorante,8838ac21e3,1.6958
13,13,10,0.131367,0.007130,60,59,9,biscoito,11d8214331,1.4281
13,14,10,0.135508,0.008212,58,58,10,desodorante,227389c723,1.4467
13,15,10,0.140873,0.008200,59,59,10,desodorante,abb60472b0,1.8088
13,16,10,0.135508,0.008212,58,58,10,desodorante,227389c723,1.4467
13,17,10,0.135508,0.008212,58,58,10,desodorante,227389c723,1.4467
13,18,10,0.135508,0.008212,58,58,10,desodorante,227389c723,1.4467
13,19,10,0.136626,0.008178,59,59,10,desodorante,b3311d5522,1.3987
13,20,10,0.135508,0.008212,58,58,10,desodorante,227389c723,1.4467
13,21,10,0.135508,0.008212,58,58,10,desodorante,227389c723,1.4467
13,22,10,0.135508,0.008212,58,58,10,desodorante,227389c723,1.4467
13,23,10,0.135508,0.008212,58,58,10,desodorante,227389c723,1.4467
13,24,10,0.126068,0.007480,54,54,10,desodorante,a95dfe0ea7,1.5043
13,25,10,0.095833,0.007172,57,57,10,toalha,99bee83e52,1.4361
13,26,10,0.135508,0.008212,58,58,10,desodorante,227389c723,1.4467
13,27,10,0.135614,0.007898,57,57,10,cafe,7856aec838,1.4217
13,28,10,0.135508,0.008212,58,58,10,desodorante,227389c723,1.4467
13,29,10,0.135508,0.008212,58,58,10,desodorante,227389c723,1.4467
13,30,10,0.135508,0.008212,58,58,10,desodorante,227389c723,1.4467
13,31,10,0.135508,0.008212,58,58,10,desodorante,227389c723,1.4467
13,32,10,0.135508,0.008212,58,58,10,desodorante,227389c723,1.4467
13,33,10,0.128678,0.008091,58,58,10,desodorante,7ba2ef1dc1,1.4646
13,34,10,0.139555,0.007904,58,58,10,desodorante,6f46768e6f,1.3821
13,35,10,0.135508,0.008212,58,58,10,desodorante,227389c723,1.4467
13,36,10,0.129024,0.007860,53,53,10,desodorante,0832033490,1.3821
13,37,10,0.135508,0.008212,58,58,10,desodorante,227389c723,1.4467
13,38,10,0.144641,0.008337,56,56,10,desodorante,316fe7ebce,1.5074
13,39,10,0.108068,0.007456,56,56,10,shampoo,20098cf248,1.4634
13,40,10,0.135508,0.008212,58,58,10,desodorante,227389c723,1.4467
13,41,10,0.135508,0.008212,58,58,10,desodorante,227389c723,1.4467
13,42,10,0.140367,0.008287,57,56,10,aperitivo,b733f79685,1.4722
13,43,10,0.135508,0.008212,58,58,10,desodorante,227389c723,1.4467
13,44,10,0.135508,0.008212,58,58,10,desodorante,227389c723,1.4467
13,45,10,0.104647,0.007579,59,59,10,desodorante,8a4f150030,1.4360
13,46,10,0.134216,0.007916,57,57,10,desodorante,62402ce43f,1.3987
13,47,10,0.140700,0.008230,54,54,10,desodorante,51479156c2,1.4006
13,48,10,0.135508,0.008212,58,58,10,desodorante,227389c723,1.4467
13,49,10,0.135508,0.008212,58,58,10,desodorante,227389c723,1.4467
14,0,10,0.144641,0.008337,56,56,10,desodorante,316fe7ebce,1.5074
14,1,10,0.140367,0.008287,57,56,10,aperitivo,b733f79685,1.4722
14,2,10,0.140367,0.008287,57,56,10,aperitivo,b733f79685,1.4722
14,3,10,0.140367,0.008287,57,56,10,aperitivo,b733f79685,1.4722
14,4,10,0.140700,0.008230,54,54,10,desodorante,51479156c2,1.4006
14,5,10,0.135508,0.008212,58,58,10,desodorante,227389c723,1.4467
14,6,10,0.144615,0.008068,56,56,10,desodorante,8838ac21e3,1.6958
14,7,10,0.135508,0.008212,58,58,10,desodorante,227389c723,1.4467
14,8,10,0.135508,0.008212,58,58,10,desodorante,227389c723,1.4467
14,9,10,0.135508,0.008212,58,58,10,desodorante,227389c723,1.4467
14,10,10,0.140367,0.008287,57,56,10,aperitivo,b733f79685,1.4722
14,11,10,0.134842,0.008469,58,57,10,aperitivo,c5b29c6321,1.5714
14,12,10,0.139768,0.008418,60,59,10,desodorante,5a7b880ee8,1.3390
14,13,10,0.135508,0.008212,58,58,10,desodorante,227389c723,1.4467
14,14,10,0.134949,0.008016,59,59,10,desodorante,aceac243ef,1.4259
14,15,10,0.140367,0.008287,57,56,10,aperitivo,b733f79685,1.4722
14,16,10,0.135508,0.008212,58,58,10,desodorante,227389c723,1.4467
14,17,10,0.149714,0.008422,55,54,10,aperitivo,fc10e94fcd,1.4284
14,18,10,0.115963,0.008131,58,58,10,desodorante,b9257085fd,1.3838
14,19,10,0.128678,0.007469,60,59,9,desodorante,4a62a336ae,1.2990
14,20,10,0.135508,0.008212,58,58,10,desodorante,227389c723,1.4467
14,21,10,0.135508,0.008212,58,58,10,desodorante,227389c723,1.4467
14,22,10,0.135508,0.008212,58,58,10,desodorante,227389c723,1.4467
14,23,10,0.140367,0.008287,57,56,10,aperitivo,b733f79685,1.4722
14,24,10,0.135508,0.008212,58,58,10,desodorante,227389c723,1.4467
14,25,10,0.144641,0.008337,56,56,10,desodorante,316fe7ebce,1.5074
14,26,10,0.128425,0.007425,55,54,9,biscoito,5e95794d4a,1.3418
14,27,10,0.144748,0.008032,58,58,10,desodorante,3ac917e695,1.3260
14,28,10,0.129450,0.007650,54,54,10,desodorante,3787b3f4a3,1.6492
14,29,10,0.115963,0.008131,58,58,10,desodorante,b9257085fd,1.3838
14,30,10,0.140367,0.007977,58,57,10,aperitivo,8ab49ce8dd,1.3508
14,31,10,0.135508,0.008212,58,58,10,desodorante,227389c723,1.4467
14,32,10,0.135508,0.008212,58,58,10,desodorante,227389c723,1.4467
14,33,10,0.139169,0.007706,58,58,10,desodorante,ccb666469c,1.3442
14,34,10,0.135508,0.008212,58,58,10,desodorante,227389c723,1.4467
14,35,10,0.135508,0.008212,58,58,10,desodorante,227389c723,1.4467
14,36,10,0.135508,0.008212,58,58,10,desodorante,227389c723,1.4467
14,37,10,0.135508,0.008212,58,58,10,desodorante,227389c723,1.4467
14,38,10,0.135508,0.008212,58,58,10,desodorante,227389c723,1.4467
14,39,10,0.135508,0.008212,58,58,10,desodorante,227389c723,1.4467
14,40,10,0.135508,0.008212,58,58,10,desodorante,227389c723,1.4467
14,41,10,0.135508,0.008212,58,58,10,desodorante,227389c723,1.4467
14,42,10,0.135508,0.008212,58,58,10,desodorante,227389c723,1.4467
14,43,10,0.135508,0.008212,58,58,10,desodorante,227389c723,1.4467
14,44,10,0.135508,0.008212,58,58,10,desodorante,227389c723,1.4467
14,45,10,0.140700,0.008230,54,54,10,desodorante,51479156c2,1.4006
14,46,10,0.135508,0.008212,58,58,10,desodorante,227389c723,1.4467
14,47,10,0.135508,0.008212,58,58,10,desodorante,227389c723,1.4467
14,48,10,0.135508,0.008212,58,58,10,desodorante,227389c723,1.4467
14,49,10,0.135508,0.008212,58,58,10,desodorante,227389c723,1.4467
15,0,10,0.134842,0.008469,58,57,10,aperitivo,c5b29c6321,1.5714
15,1,10,0.149714,0.008422,55,54,10,aperitivo,fc10e94fcd,1.4284
15,2,10,0.139768,0.008418,60,59,10,desodorante,5a7b880ee8,1.3390
15,3,10,0.144641,0.008337,56,56,10,desodorante,316fe7ebce,1.5074
15,4,10,0.144641,0.008337,56,56,10,desodorante,316fe7ebce,1.5074
15,5,10,0.144641,0.008337,56,56,10,desodorante,316fe7ebce,1.5074
15,6,10,0.140367,0.008287,57,56,10,aperitivo,b733f79685,1.4722
15,7,10,0.140367,0.008287,57,56,10,aperitivo,b733f79685,1.4722
15,8,10,0.135508,0.008212,58,58,10,desodorante,227389c723,1.4467
15,9,10,0.115963,0.008131,58,58,10,desodorante,b9257085fd,1.3838
15,10,10,0.135961,0.008234,57,57,10,desodorante,7233864118,1.6681
15,11,10,0.135508,0.008212,58,58,10,desodorante,227389c723,1.4467
15,12,10,0.140367,0.008287,57,56,10,aperitivo,b733f79685,1.4722
15,13,10,0.140367,0.008287,57,56,10,aperitivo,b733f79685,1.4722
15,14,10,0.140367,0.008287,57,56,10,aperitivo,b733f79685,1.4722
15,15,10,0.099867,0.007656,57,57,10,desodorante,fe5c8c036c,1.5804
15,16,10,0.115963,0.008131,58,58,10,desodorante,b9257085fd,1.3838
15,17,10,0.134842,0.008469,58,57,10,desodorante,c5b29c6321,1.5714
15,18,10,0.140367,0.008287,57,56,10,aperitivo,b733f79685,1.4722
15,19,10,0.123965,0.006677,56,55,10,aperitivo,22677b9c48,1.4839
15,20,10,0.127307,0.007429,58,57,9,biscoito,b551dc34dd,1.3806
15,21,10,0.115963,0.008131,58,58,10,desodorante,b9257085fd,1.3838
15,22,10,0.140700,0.008230,54,54,10,desodorante,51479156c2,1.4006
15,23,10,0.140367,0.008287,57,56,10,aperitivo,b733f79685,1.4722
15,24,10,0.135508,0.008212,58,58,10,desodorante,227389c723,1.4467
15,25,10,0.149714,0.008422,55,54,10,aperitivo,fc10e94fcd,1.4284
15,26,10,0.149714,0.008422,55,54,10,aperitivo,fc10e94fcd,1.4284
15,27,10,0.144641,0.008337,56,56,10,desodorante,316fe7ebce,1.5074
15,28,10,0.138876,0.007583,60,59,9,desodorante,ad88b1e12b,1.3583
15,29,10,0.135508,0.008212,58,58,10,desodorante,227389c723,1.4467
15,30,10,0.134842,0.008469,58,57,10,aperitivo,c5b29c6321,1.5714
15,31,10,0.135508,0.008212,58,58,10,desodorante,227389c723,1.4467
15,32,10,0.140367,0.008287,57,56,10,aperitivo,b733f79685,1.4722
15,33,10,0.135508,0.008212,58,58,10,desodorante,227389c723,1.4467
15,34,10,0.135508,0.008212,58,58,10,desodorante,227389c723,1.4467
15,35,10,0.145547,0.008304,53,52,10,aperitivo,4820b74d49,1.6010
15,36,10,0.107522,0.007522,53,53,10,prato pronto,f695800475,1.4703
15,37,10,0.139688,0.007942,54,53,10,aperitivo,3124c9fd88,1.4033
15,38,10,0.133205,0.007212,54,54,10,ketchup,1cdbec3968,1.4046
15,39,10,0.140367,0.008287,57,56,10,aperitivo,b733f79685,1.4722
15,40,10,0.127453,0.007694,55,55,10,desodorante,1a7fe39ec2,1.3360
15,41,10,0.135508,0.008212,58,58,10,desodorante,227389c723,1.4467
15,42,10,0.135508,0.008212,58,58,10,desodorante,227389c723,1.4467
15,43,10,0.135508,0.008212,58,58,10,desodorante,227389c723,1.4467
15,44,10,0.134057,0.007476,55,54,9,desodorante,7b7551a7df,1.4577
15,45,10,0.135508,0.008212,58,58,10,desodorante,227389c723,1.4467
15,46,10,0.135508,0.008212,58,58,10,desodorante,227389c723,1.4467
15,47,10,0.134842,0.008469,58,57,10,desodorante,c5b29c6321,1.5714
15,48,10,0.140367,0.008287,57,56,10,aperitivo,b733f79685,1.4722
15,49,10,0.140700,0.008230,54,54,10,desodorante,51479156c2,1.4006
16,0,10,0.134842,0.008469,58,57,10,aperitivo,c5b29c6321,1.5714
16,1,10,0.134842,0.008469,58,57,10,desodorante,c5b29c6321,1.5714
16,2,10,0.134842,0.008469,58,57,10,aperitivo,c5b29c6321,1.5714
16,3,10,0.134842,0.008469,58,57,10,desodorante,c5b29c6321,1.5714
16,4,10,0.149714,0.008422,55,54,10,aperitivo,fc10e94fcd,1.4284
16,5,10,0.141499,0.007760,59,59,10,desodorante,c76ded1ebe,1.5709
16,6,10,0.149714,0.008422,55,54,10,aperitivo,fc10e94fcd,1.4284
16,7,10,0.144641,0.008337,56,56,10,desodorante,316fe7ebce,1.5074
16,8,10,0.138690,0.008121,54,54,10,desodorante,f4c0bc0436,1.3667
16,9,10,0.135508,0.008212,58,58,10,desodorante,227389c723,1.4467
16,10,10,0.140367,0.008287,57,56,10,aperitivo,b733f79685,1.4722
16,11,10,0.144841,0.008446,58,57,10,aperitivo,40bed4b648,1.4148
16,12,10,0.139582,0.008446,55,54,10,desodorante,999749cd8b,1.4793
16,13,10,0.135961,0.008234,57,57,10,desodorante,7233864118,1.6681
16,14,10,0.135508,0.008212,58,58,10,desodorante,227389c723,1.4467
16,15,10,0.140367,0.008287,57,56,10,aperitivo,b733f79685,1.4722
16,16,10,0.134842,0.008469,58,57,10,desodorante,c5b29c6321,1.5714
16,17,10,0.140367,0.008287,57,56,10,aperitivo,b733f79685,1.4722
16,18,10,0.134842,0.008469,58,57,10,aperitivo,c5b29c6321,1.5714
16,19,10,0.139688,0.007942,54,53,10,aperitivo,3124c9fd88,1.4033
16,20,10,0.145640,0.008194,58,58,10,desodorante,e5795266aa,1.5384
16,21,10,0.140367,0.008287,57,56,10,aperitivo,b733f79685,1.4722
16,22,10,0.096898,0.007515,59,59,10,desodorante,778b8588ef,1.5439
16,23,10,0.143762,0.008579,56,55,10,desodorante,5ff1f306f8,1.5739
16,24,10,0.124045,0.008366,55,54,10,aperitivo,ebf0a42918,1.3822
16,25,10,0.144641,0.008337,56,56,10,desodorante,316fe7ebce,1.5074
16,26,10,0.144641,0.008337,56,56,10,desodorante,316fe7ebce,1.5074
16,27,10,0.144641,0.008337,56,56,10,desodorante,316fe7ebce,1.5074
16,28,10,0.140700,0.008230,54,54,10,desodorante,51479156c2,1.4006
16,29,10,0.140367,0.008287,57,56,10,aperitivo,b733f79685,1.4722
16,30,10,0.140367,0.008287,57,56,10,aperitivo,b733f79685,1.4722
16,31,10,0.140367,0.008287,57,56,10,aperitivo,b733f79685,1.4722
16,32,10,0.140367,0.008287,57,56,10,aperitivo,b733f79685,1.4722
16,33,10,0.140700,0.008230,54,54,10,desodorante,51479156c2,1.4006
16,34,10,0.140367,0.008287,57,56,10,aperitivo,b733f79685,1.4722
16,35,10,0.140367,0.008287,57,56,10,aperitivo,b733f79685,1.4722
16,36,10,0.135508,0.008212,58,58,10,desodorante,227389c723,1.4467
16,37,10,0.134842,0.008469,58,57,10,desodorante,c5b29c6321,1.5714
16,38,10,0.134842,0.008469,58,57,10,aperitivo,c5b29c6321,1.5714
16,39,10,0.134842,0.008469,58,57,10,desodorante,c5b29c6321,1.5714
16,40,10,0.149714,0.008422,55,54,10,aperitivo,fc10e94fcd,1.4284
16,41,10,0.139782,0.008355,59,59,10,desodorante,70ff2832da,1.5978
16,42,10,0.140367,0.008287,57,56,10,aperitivo,b733f79685,1.4722
16,43,10,0.135961,0.008234,57,57,10,desodorante,7233864118,1.6681
16,44,10,0.134842,0.008469,58,57,10,desodorante,c5b29c6321,1.5714
16,45,10,0.140367,0.008287,57,56,10,aperitivo,b733f79685,1.4722
16,46,10,0.135508,0.008212,58,58,10,desodorante,227389c723,1.4467
16,47,10,0.135508,0.008212,58,58,10,desodorante,227389c723,1.4467
16,48,10,0.134842,0.008469,58,57,10,aperitivo,c5b29c6321,1.5714
16,49,10,0.134842,0.008469,58,57,10,aperitivo,c5b29c6321,1.5714
17,0,10,0.143762,0.008579,56,55,10,desodorante,5ff1f306f8,1.5739
17,1,10,0.134842,0.008469,58,57,10,aperitivo,c5b29c6321,1.5714
17,2,10,0.134842,0.008469,58,57,10,desodorante,c5b29c6321,1.5714
17,3,10,0.134842,0.008469,58,57,10,aperitivo,c5b29c6321,1.5714
17,4,10,0.134842,0.008469,58,57,10,desodorante,c5b29c6321,1.5714
17,5,10,0.135508,0.008212,58,58,10,desodorante,227389c723,1.4467
17,6,10,0.134842,0.008469,58,57,10,aperitivo,c5b29c6321,1.5714
17,7,10,0.134842,0.008469,58,57,10,aperitivo,c5b29c6321,1.5714
17,8,10,0.135508,0.008212,58,58,10,desodorante,227389c723,1.4467
17,9,10,0.134842,0.008469,58,57,10,aperitivo,c5b29c6321,1.5714
17,10,10,0.134842,0.008469,58,57,10,aperitivo,c5b29c6321,1.5714
17,11,10,0.134842,0.008469,58,57,10,aperitivo,c5b29c6321,1.5714
17,12,10,0.140367,0.008287,57,56,10,aperitivo,b733f79685,1.4722
17,13,10,0.140367,0.008287,57,56,10,aperitivo,b733f79685,1.4722
17,14,10,0.134842,0.008469,58,57,10,aperitivo,c5b29c6321,1.5714
17,15,10,0.134842,0.008469,58,57,10,desodorante,c5b29c6321,1.5714
17,16,10,0.134842,0.008469,58,57,10,aperitivo,c5b29c6321,1.5714
17,17,10,0.135508,0.008212,58,58,10,desodorante,227389c723,1.4467
17,18,10,0.149714,0.008422,55,54,10,aperitivo,fc10e94fcd,1.4284
17,19,10,0.143762,0.008579,56,55,10,aperitivo,5ff1f306f8,1.5739
17,20,10,0.134842,0.008469,58,57,10,aperitivo,c5b29c6321,1.5714
17,21,10,0.149714,0.008422,55,54,10,aperitivo,fc10e94fcd,1.4284
17,22,10,0.134842,0.008469,58,57,10,desodorante,c5b29c6321,1.5714
17,23,10,0.134842,0.008469,58,57,10,aperitivo,c5b29c6321,1.5714
17,24,10,0.134842,0.008469,58,57,10,desodorante,c5b29c6321,1.5714
17,25,10,0.134842,0.008469,58,57,10,aperitivo,c5b29c6321,1.5714
17,26,10,0.134842,0.008469,58,57,10,desodorante,c5b29c6321,1.5714
17,27,10,0.134842,0.008469,58,57,10,aperitivo,c5b29c6321,1.5714
17,28,10,0.134842,0.008469,58,57,10,desodorante,c5b29c6321,1.5714
17,29,10,0.134842,0.008469,58,57,10,desodorante,c5b29c6321,1.5714
17,30,10,0.134842,0.008469,58,57,10,aperitivo,c5b29c6321,1.5714
17,31,10,0.126361,0.007084,54,54,10,padaria e confeitaria industrializado,756e071f3f,1.5956
17,32,10,0.140700,0.008230,54,54,10,desodorante,51479156c2,1.4006
17,33,10,0.135508,0.008212,58,58,10,desodorante,227389c723,1.4467
17,34,10,0.134842,0.008469,58,57,10,aperitivo,c5b29c6321,1.5714
17,35,10,0.134842,0.008469,58,57,10,desodorante,c5b29c6321,1.5714
17,36,10,0.134842,0.008469,58,57,10,aperitivo,c5b29c6321,1.5714
17,37,10,0.134842,0.008469,58,57,10,aperitivo,c5b29c6321,1.5714
17,38,10,0.134842,0.008469,58,57,10,aperitivo,c5b29c6321,1.5714
17,39,10,0.143762,0.008579,56,55,10,aperitivo,5ff1f306f8,1.5739
17,40,10,0.129570,0.007286,55,54,10,aperitivo,9cdd5bf660,1.3816
17,41,10,0.134842,0.008469,58,57,10,desodorante,c5b29c6321,1.5714
17,42,10,0.134842,0.008469,58,57,10,aperitivo,c5b29c6321,1.5714
17,43,10,0.134842,0.008469,58,57,10,aperitivo,c5b29c6321,1.5714
17,44,10,0.134842,0.008469,58,57,10,desodorante,c5b29c6321,1.5714
17,45,10,0.134842,0.008469,58,57,10,aperitivo,c5b29c6321,1.5714
17,46,10,0.115258,0.007524,55,55,10,aperitivo,1b24ace459,1.5104
17,47,10,0.134842,0.008469,58,57,10,aperitivo,c5b29c6321,1.5714
17,48,10,0.134842,0.008469,58,57,10,aperitivo,c5b29c6321,1.5714
17,49,10,0.144841,0.008446,58,57,10,aperitivo,40bed4b648,1.4148
18,0,10,0.143762,0.008579,56,55,10,desodorante,5ff1f306f8,1.5739
18,1,10,0.143762,0.008579,56,55,10,aperitivo,5ff1f306f8,1.5739
18,2,10,0.143762,0.008579,56,55,10,aperitivo,5ff1f306f8,1.5739
18,3,10,0.134842,0.008469,58,57,10,aperitivo,c5b29c6321,1.5714
18,4,10,0.134842,0.008469,58,57,10,desodorante,c5b29c6321,1.5714
18,5,10,0.143762,0.008579,56,55,10,aperitivo,5ff1f306f8,1.5739
18,6,10,0.139782,0.008355,59,59,10,desodorante,70ff2832da,1.5978
18,7,10,0.134842,0.008469,58,57,10,aperitivo,c5b29c6321,1.5714
18,8,10,0.134842,0.008469,58,57,10,aperitivo,c5b29c6321,1.5714
18,9,10,0.134842,0.008469,58,57,10,desodorante,c5b29c6321,1.5714
18,10,10,0.088430,0.007150,56,56,10,aperitivo,7c1a90dd2d,1.4882
18,11,10,0.134842,0.008469,58,57,10,desodorante,c5b29c6321,1.5714
18,12,10,0.134842,0.008469,58,57,10,aperitivo,c5b29c6321,1.5714
18,13,10,0.134842,0.008469,58,57,10,aperitivo,c5b29c6321,1.5714
18,14,10,0.134842,0.008469,58,57,10,aperitivo,c5b29c6321,1.5714
18,15,10,0.134842,0.008469,58,57,10,aperitivo,c5b29c6321,1.5714
18,16,10,0.134842,0.008469,58,57,10,desodorante,c5b29c6321,1.5714
18,17,10,0.143762,0.008579,56,55,10,aperitivo,5ff1f306f8,1.5739
18,18,10,0.143762,0.008579,56,55,10,aperitivo,5ff1f306f8,1.5739
18,19,10,0.134842,0.008469,58,57,10,aperitivo,c5b29c6321,1.5714
18,20,10,0.134842,0.008469,58,57,10,desodorante,c5b29c6321,1.5714
18,21,10,0.132153,0.007230,60,58,9,biscoito,8506131dfa,1.4643
18,22,10,0.134842,0.008469,58,57,10,aperitivo,c5b29c6321,1.5714
18,23,10,0.134842,0.008469,58,57,10,aperitivo,c5b29c6321,1.5714
18,24,10,0.134842,0.008469,58,57,10,desodorante,c5b29c6321,1.5714
18,25,10,0.143762,0.008579,56,55,10,aperitivo,5ff1f306f8,1.5739
18,26,10,0.134842,0.008469,58,57,10,aperitivo,c5b29c6321,1.5714
18,27,10,0.134842,0.008469,58,57,10,aperitivo,c5b29c6321,1.5714
18,28,10,0.143762,0.008579,56,55,10,aperitivo,5ff1f306f8,1.5739
18,29,10,0.134842,0.008469,58,57,10,desodorante,c5b29c6321,1.5714
18,30,10,0.134842,0.008469,58,57,10,aperitivo,c5b29c6321,1.5714
18,31,10,0.143762,0.008579,56,55,10,aperitivo,5ff1f306f8,1.5739
18,32,10,0.143762,0.008579,56,55,10,aperitivo,5ff1f306f8,1.5739
18,33,10,0.134842,0.008469,58,57,10,aperitivo,c5b29c6321,1.5714
18,34,10,0.134842,0.008469,58,57,10,aperitivo,c5b29c6321,1.5714
18,35,10,0.139356,0.008460,55,54,10,aperitivo,f891b84f10,1.5352
18,36,10,0.134842,0.008469,58,57,10,aperitivo,c5b29c6321,1.5714
18,37,10,0.134842,0.008469,58,57,10,aperitivo,c5b29c6321,1.5714
18,38,10,0.120969,0.007837,58,57,10,aperitivo,4ae25e27cb,1.4670
18,39,10,0.134842,0.008469,58,57,10,aperitivo,c5b29c6321,1.5714
18,40,10,0.134842,0.008469,58,57,10,desodorante,c5b29c6321,1.5714
18,41,10,0.134842,0.008469,58,57,10,aperitivo,c5b29c6321,1.5714
18,42,10,0.134842,0.008469,58,57,10,aperitivo,c5b29c6321,1.5714
18,43,10,0.134842,0.008469,58,57,10,aperitivo,c5b29c6321,1.5714
18,44,10,0.134842,0.008469,58,57,10,aperitivo,c5b29c6321,1.5714
18,45,10,0.143762,0.008579,56,55,10,aperitivo,5ff1f306f8,1.5739
18,46,10,0.134842,0.008469,58,57,10,aperitivo,c5b29c6321,1.5714
18,47,10,0.134842,0.008469,58,57,10,aperitivo,c5b29c6321,1.5714
18,48,10,0.134842,0.008469,58,57,10,aperitivo,c5b29c6321,1.5714
18,49,10,0.134842,0.008469,58,57,10,desodorante,c5b29c6321,1.5714
19,0,10,0.143762,0.008579,56,55,10,desodorante,5ff1f306f8,1.5739
19,1,10,0.143762,0.008579,56,55,10,aperitivo,5ff1f306f8,1.5739
19,2,10,0.143762,0.008579,56,55,10,aperitivo,5ff1f306f8,1.5739
19,3,10,0.143762,0.008579,56,55,10,aperitivo,5ff1f306f8,1.5739
19,4,10,0.143762,0.008579,56,55,10,aperitivo,5ff1f306f8,1.5739
19,5,10,0.144308,0.008549,61,60,10,aperitivo,2dc0ce8588,1.6073
19,6,10,0.109213,0.008060,59,59,10,aperitivo,ec67e055ab,1.3986
19,7,10,0.139782,0.008355,59,59,10,desodorante,70ff2832da,1.5978
19,8,10,0.134842,0.008469,58,57,10,aperitivo,c5b29c6321,1.5714
19,9,10,0.143762,0.008579,56,55,10,aperitivo,5ff1f306f8,1.5739
19,10,10,0.143762,0.008579,56,55,10,aperitivo,5ff1f306f8,1.5739
19,11,10,0.134842,0.008469,58,57,10,aperitivo,c5b29c6321,1.5714
19,12,10,0.139356,0.008460,55,54,10,aperitivo,f891b84f10,1.5352
19,13,10,0.144308,0.008549,61,60,10,aperitivo,2dc0ce8588,1.6073
19,14,10,0.143762,0.008579,56,55,10,aperitivo,5ff1f306f8,1.5739
19,15,10,0.143762,0.008579,56,55,10,aperitivo,5ff1f306f8,1.5739
19,16,10,0.143762,0.008579,56,55,10,aperitivo,5ff1f306f8,1.5739
19,17,10,0.134842,0.008469,58,57,10,aperitivo,c5b29c6321,1.5714
19,18,10,0.143762,0.008579,56,55,10,desodorante,5ff1f306f8,1.5739
19,19,10,0.143762,0.008579,56,55,10,aperitivo,5ff1f306f8,1.5739
19,20,10,0.131421,0.007461,53,51,10,aperitivo,aed90908fb,1.4103
19,21,10,0.134842,0.008469,58,57,10,aperitivo,c5b29c6321,1.5714
19,22,10,0.129823,0.007873,54,53,10,aperitivo,cfcea358ae,1.3647
19,23,10,0.134842,0.008469,58,57,10,aperitivo,c5b29c6321,1.5714
19,24,10,0.134842,0.008469,58,57,10,desodorante,c5b29c6321,1.5714
19,25,10,0.134842,0.008469,58,57,10,desodorante,c5b29c6321,1.5714
19,26,10,0.134842,0.008469,58,57,10,aperitivo,c5b29c6321,1.5714
19,27,10,0.134842,0.008469,58,57,10,aperitivo,c5b29c6321,1.5714
19,28,10,0.134842,0.008469,58,57,10,desodorante,c5b29c6321,1.5714
19,29,10,0.143762,0.008579,56,55,10,aperitivo,5ff1f306f8,1.5739
19,30,10,0.143762,0.008579,56,55,10,aperitivo,5ff1f306f8,1.5739
19,31,10,0.144841,0.008446,58,57,10,aperitivo,40bed4b648,1.4148
19,32,10,0.134842,0.008469,58,57,10,aperitivo,c5b29c6321,1.5714
19,33,10,0.143762,0.008579,56,55,10,aperitivo,5ff1f306f8,1.5739
19,34,10,0.134842,0.008469,58,57,10,aperitivo,c5b29c6321,1.5714
19,35,10,0.134842,0.008469,58,57,10,aperitivo,c5b29c6321,1.5714
19,36,10,0.134842,0.008469,58,57,10,aperitivo,c5b29c6321,1.5714
19,37,10,0.141299,0.007804,60,59,10,aperitivo,18dd6c4bf6,1.3703
19,38,10,0.143762,0.008579,56,55,10,aperitivo,5ff1f306f8,1.5739
19,39,10,0.139782,0.008355,59,59,10,desodorante,70ff2832da,1.5978
19,40,10,0.144841,0.008446,58,57,10,aperitivo,40bed4b648,1.4148
19,41,10,0.143762,0.008579,56,55,10,aperitivo,5ff1f306f8,1.5739
19,42,10,0.138344,0.008195,54,53,10,aperitivo,6cf18ece0a,1.5632
19,43,10,0.143762,0.008579,56,55,10,desodorante,5ff1f306f8,1.5739
19,44,10,0.144814,0.007441,56,55,9,aperitivo,0b84118568,1.3578
19,45,10,0.134842,0.008469,58,57,10,aperitivo,c5b29c6321,1.5714
19,46,10,0.134842,0.008469,58,57,10,desodorante,c5b29c6321,1.5714
19,47,10,0.134842,0.008469,58,57,10,aperitivo,c5b29c6321,1.5714
19,48,10,0.126428,0.007601,55,54,10,aperitivo,0c609dff8d,1.3786
19,49,10,0.143762,0.008579,56,55,10,aperitivo,5ff1f306f8,1.5739
20,0,10,0.143762,0.008579,56,55,10,desodorante,5ff1f306f8,1.5739
20,1,10,0.143762,0.008579,56,55,10,aperitivo,5ff1f306f8,1.5739
20,2,10,0.143762,0.008579,56,55,10,aperitivo,5ff1f306f8,1.5739
20,3,10,0.143762,0.008579,56,55,10,aperitivo,5ff1f306f8,1.5739
20,4,10,0.143762,0.008579,56,55,10,aperitivo,5ff1f306f8,1.5739
20,5,10,0.143762,0.008579,56,55,10,aperitivo,5ff1f306f8,1.5739
20,6,10,0.143762,0.008579,56,55,10,aperitivo,5ff1f306f8,1.5739
20,7,10,0.134842,0.008469,58,57,10,aperitivo,c5b29c6321,1.5714
20,8,10,0.143762,0.008579,56,55,10,aperitivo,5ff1f306f8,1.5739
20,9,10,0.143762,0.008579,56,55,10,aperitivo,5ff1f306f8,1.5739
20,10,10,0.143762,0.008579,56,55,10,desodorante,5ff1f306f8,1.5739
20,11,10,0.143762,0.008579,56,55,10,aperitivo,5ff1f306f8,1.5739
20,12,10,0.134842,0.008469,58,57,10,desodorante,c5b29c6321,1.5714
20,13,10,0.143762,0.008579,56,55,10,aperitivo,5ff1f306f8,1.5739
20,14,10,0.143762,0.008579,56,55,10,aperitivo,5ff1f306f8,1.5739
20,15,10,0.143762,0.008579,56,55,10,aperitivo,5ff1f306f8,1.5739
20,16,10,0.152124,0.008415,53,52,10,aperitivo,43c7412ff4,1.4226
20,17,10,0.143762,0.008579,56,55,10,aperitivo,5ff1f306f8,1.5739
20,18,10,0.143762,0.008579,56,55,10,desodorante,5ff1f306f8,1.5739
20,19,10,0.144308,0.008549,61,60,10,aperitivo,2dc0ce8588,1.6073
20,20,10,0.130928,0.007789,57,56,10,aperitivo,16c38a8773,1.5963
20,21,10,0.143762,0.008579,56,55,10,aperitivo,5ff1f306f8,1.5739
20,22,10,0.143762,0.008579,56,55,10,aperitivo,5ff1f306f8,1.5739
20,23,10,0.139782,0.008355,59,59,10,desodorante,70ff2832da,1.5978
20,24,10,0.144308,0.008549,61,60,10,aperitivo,2dc0ce8588,1.6073
20,25,10,0.143762,0.008579,56,55,10,aperitivo,5ff1f306f8,1.5739
20,26,10,0.143762,0.008579,56,55,10,aperitivo,5ff1f306f8,1.5739
20,27,10,0.126468,0.007446,56,55,10,aperitivo,5dace1c020,1.3941
20,28,10,0.143762,0.008579,56,55,10,desodorante,5ff1f306f8,1.5739
20,29,10,0.120051,0.008486,60,59,10,aperitivo,f9bfc7bdf7,1.3316
20,30,10,0.144841,0.008446,58,57,10,aperitivo,40bed4b648,1.4148
20,31,10,0.143762,0.008579,56,55,10,aperitivo,5ff1f306f8,1.5739
20,32,10,0.134842,0.008469,58,57,10,aperitivo,c5b29c6321,1.5714
20,33,10,0.134842,0.008469,58,57,10,aperitivo,c5b29c6321,1.5714
20,34,10,0.143762,0.008579,56,55,10,aperitivo,5ff1f306f8,1.5739
20,35,10,0.143762,0.008579,56,55,10,aperitivo,5ff1f306f8,1.5739
20,36,10,0.134856,0.007953,57,56,10,aperitivo,405a73057a,1.3927
20,37,10,0.152243,0.007927,58,57,10,aperitivo,34bec47ef8,1.3996
20,38,10,0.143762,0.008579,56,55,10,aperitivo,5ff1f306f8,1.5739
20,39,10,0.141220,0.007421,60,59,10,aperitivo,ea36353741,1.5005
20,40,10,0.097324,0.007090,60,60,9,iogurte,32bbb968ca,1.3720
20,41,10,0.135628,0.007824,57,57,10,condicionador,9885e64263,1.3610
20,42,10,0.143762,0.008579,56,55,10,aperitivo,5ff1f306f8,1.5739
20,43,10,0.143762,0.008579,56,55,10,aperitivo,5ff1f306f8,1.5739
20,44,10,0.143762,0.008579,56,55,10,aperitivo,5ff1f306f8,1.5739
20,45,10,0.143762,0.008579,56,55,10,aperitivo,5ff1f306f8,1.5739
20,46,10,0.143762,0.008579,56,55,10,aperitivo,5ff1f306f8,1.5739
20,47,10,0.143762,0.008579,56,55,10,aperitivo,5ff1f306f8,1.5739
20,48,10,0.143762,0.008579,56,55,10,aperitivo,5ff1f306f8,1.5739
20,49,10,0.143762,0.008579,56,55,10,aperitivo,5ff1f306f8,1.5739
21,0,10,0.143762,0.008579,56,55,10,desodorante,5ff1f306f8,1.5739
21,1,10,0.143762,0.008579,56,55,10,aperitivo,5ff1f306f8,1.5739
21,2,10,0.143762,0.008579,56,55,10,aperitivo,5ff1f306f8,1.5739
21,3,10,0.143762,0.008579,56,55,10,aperitivo,5ff1f306f8,1.5739
21,4,10,0.143762,0.008579,56,55,10,aperitivo,5ff1f306f8,1.5739
21,5,10,0.144308,0.008549,61,60,10,aperitivo,2dc0ce8588,1.6073
21,6,10,0.143762,0.008579,56,55,10,aperitivo,5ff1f306f8,1.5739
21,7,10,0.143762,0.008579,56,55,10,aperitivo,5ff1f306f8,1.5739
21,8,10,0.143762,0.008579,56,55,10,aperitivo,5ff1f306f8,1.5739
21,9,10,0.143762,0.008579,56,55,10,aperitivo,5ff1f306f8,1.5739
21,10,10,0.143762,0.008579,56,55,10,aperitivo,5ff1f306f8,1.5739
21,11,10,0.143762,0.008579,56,55,10,aperitivo,5ff1f306f8,1.5739
21,12,10,0.143762,0.008579,56,55,10,aperitivo,5ff1f306f8,1.5739
21,13,10,0.143762,0.008579,56,55,10,aperitivo,5ff1f306f8,1.5739
21,14,10,0.143762,0.008579,56,55,10,aperitivo,5ff1f306f8,1.5739
21,15,10,0.143762,0.008579,56,55,10,aperitivo,5ff1f306f8,1.5739
21,16,10,0.143762,0.008579,56,55,10,aperitivo,5ff1f306f8,1.5739
21,17,10,0.143762,0.008579,56,55,10,aperitivo,5ff1f306f8,1.5739
21,18,10,0.143762,0.008579,56,55,10,aperitivo,5ff1f306f8,1.5739
21,19,10,0.143762,0.008579,56,55,10,aperitivo,5ff1f306f8,1.5739
21,20,10,0.136506,0.007958,50,49,10,aperitivo,13b0b0fbe2,1.6630
21,21,10,0.143762,0.008579,56,55,10,desodorante,5ff1f306f8,1.5739
21,22,10,0.143762,0.008579,56,55,10,aperitivo,5ff1f306f8,1.5739
21,23,10,0.143762,0.008579,56,55,10,aperitivo,5ff1f306f8,1.5739
21,24,10,0.143762,0.008579,56,55,10,aperitivo,5ff1f306f8,1.5739
21,25,10,0.143762,0.008579,56,55,10,aperitivo,5ff1f306f8,1.5739
21,26,10,0.143762,0.008579,56,55,10,aperitivo,5ff1f306f8,1.5739
21,27,10,0.143762,0.008579,56,55,10,aperitivo,5ff1f306f8,1.5739
21,28,10,0.143762,0.008579,56,55,10,aperitivo,5ff1f306f8,1.5739
21,29,10,0.145067,0.008196,58,57,10,aperitivo,84261c1882,1.5585
21,30,10,0.143762,0.008579,56,55,10,aperitivo,5ff1f306f8,1.5739
21,31,10,0.143762,0.008579,56,55,10,aperitivo,5ff1f306f8,1.5739
21,32,10,0.143762,0.008579,56,55,10,aperitivo,5ff1f306f8,1.5739
21,33,10,0.143762,0.008579,56,55,10,aperitivo,5ff1f306f8,1.5739
21,34,10,0.143762,0.008579,56,55,10,aperitivo,5ff1f306f8,1.5739
21,35,10,0.143762,0.008579,56,55,10,aperitivo,5ff1f306f8,1.5739
21,36,10,0.143762,0.008579,56,55,10,aperitivo,5ff1f306f8,1.5739
21,37,10,0.143762,0.008579,56,55,10,aperitivo,5ff1f306f8,1.5739
21,38,10,0.143762,0.008579,56,55,10,aperitivo,5ff1f306f8,1.5739
21,39,10,0.143762,0.008579,56,55,10,aperitivo,5ff1f306f8,1.5739
21,40,10,0.143762,0.008579,56,55,10,aperitivo,5ff1f306f8,1.5739
21,41,10,0.143762,0.008579,56,55,10,aperitivo,5ff1f306f8,1.5739
21,42,10,0.143762,0.008579,56,55,10,aperitivo,5ff1f306f8,1.5739
21,43,10,0.143762,0.008579,56,55,10,aperitivo,5ff1f306f8,1.5739
21,44,10,0.132073,0.007926,54,53,10,aperitivo,d61fb4a41e,1.3336
21,45,10,0.117388,0.008484,59,58,10,aperitivo,663e541c92,1.4716
21,46,10,0.143762,0.008579,56,55,10,aperitivo,5ff1f306f8,1.5739
21,47,10,0.144308,0.008549,61,60,10,aperitivo,2dc0ce8588,1.6073
21,48,10,0.143762,0.008579,56,55,10,aperitivo,5ff1f306f8,1.5739
21,49,10,0.143762,0.008579,56,55,10,aperitivo,5ff1f306f8,1.5739
22,0,10,0.143762,0.008579,56,55,10,desodorante,5ff1f306f8,1.5739
22,1,10,0.143762,0.008579,56,55,10,aperitivo,5ff1f306f8,1.5739
22,2,10,0.143762,0.008579,56,55,10,aperitivo,5ff1f306f8,1.5739
22,3,10,0.143762,0.008579,56,55,10,aperitivo,5ff1f306f8,1.5739
22,4,10,0.143762,0.008579,56,55,10,aperitivo,5ff1f306f8,1.5739
22,5,10,0.143762,0.008579,56,55,10,aperitivo,5ff1f306f8,1.5739
22,6,10,0.143762,0.008579,56,55,10,aperitivo,5ff1f306f8,1.5739
22,7,10,0.116363,0.008497,55,54,10,aperitivo,84641218ea,1.5176
22,8,10,0.141286,0.007673,56,55,10,aperitivo,256829c8ed,1.5188
22,9,10,0.143762,0.008579,56,55,10,aperitivo,5ff1f306f8,1.5739
22,10,10,0.143762,0.008579,56,55,10,aperitivo,5ff1f306f8,1.5739
22,11,10,0.143762,0.008579,56,55,10,aperitivo,5ff1f306f8,1.5739
22,12,10,0.143762,0.008579,56,55,10,aperitivo,5ff1f306f8,1.5739
22,13,10,0.143762,0.008579,56,55,10,aperitivo,5ff1f306f8,1.5739
22,14,10,0.143762,0.008579,56,55,10,aperitivo,5ff1f306f8,1.5739
22,15,10,0.143762,0.008579,56,55,10,aperitivo,5ff1f306f8,1.5739
22,16,10,0.143762,0.008579,56,55,10,aperitivo,5ff1f306f8,1.5739
22,17,10,0.143762,0.008579,56,55,10,aperitivo,5ff1f306f8,1.5739
22,18,10,0.143762,0.008579,56,55,10,aperitivo,5ff1f306f8,1.5739
22,19,10,0.143762,0.008579,56,55,10,aperitivo,5ff1f306f8,1.5739
22,20,10,0.143762,0.008579,56,55,10,aperitivo,5ff1f306f8,1.5739
22,21,10,0.135721,0.008511,55,54,10,aperitivo,c4d86bc1a4,1.4243
22,22,10,0.143762,0.008579,56,55,10,aperitivo,5ff1f306f8,1.5739
22,23,10,0.143762,0.008579,56,55,10,aperitivo,5ff1f306f8,1.5739
22,24,10,0.140594,0.007975,55,54,10,aperitivo,f359013d8f,1.3567
22,25,10,0.143762,0.008579,56,55,10,aperitivo,5ff1f306f8,1.5739
22,26,10,0.143762,0.008579,56,55,10,aperitivo,5ff1f306f8,1.5739
22,27,10,0.143762,0.008579,56,55,10,aperitivo,5ff1f306f8,1.5739
22,28,10,0.143762,0.008579,56,55,10,aperitivo,5ff1f306f8,1.5739
22,29,10,0.143762,0.008579,56,55,10,aperitivo,5ff1f306f8,1.5739
22,30,10,0.143762,0.008579,56,55,10,aperitivo,5ff1f306f8,1.5739
22,31,10,0.136613,0.008265,55,54,10,aperitivo,aeba7de1c7,1.4182
22,32,10,0.143762,0.008579,56,55,10,aperitivo,5ff1f306f8,1.5739
22,33,10,0.143762,0.008579,56,55,10,aperitivo,5ff1f306f8,1.5739
22,34,10,0.143762,0.008579,56,55,10,aperitivo,5ff1f306f8,1.5739
22,35,10,0.140487,0.007857,58,56,9,sorvete,44223882a7,1.3821
22,36,10,0.143762,0.008579,56,55,10,aperitivo,5ff1f306f8,1.5739
22,37,10,0.143762,0.008579,56,55,10,aperitivo,5ff1f306f8,1.5739
22,38,10,0.143762,0.008579,56,55,10,aperitivo,5ff1f306f8,1.5739
22,39,10,0.131500,0.007444,54,52,10,aperitivo,c50b9dc3a5,1.3479
22,40,10,0.143762,0.008579,56,55,10,aperitivo,5ff1f306f8,1.5739
22,41,10,0.143762,0.008579,56,55,10,aperitivo,5ff1f306f8,1.5739
22,42,10,0.143762,0.008579,56,55,10,aperitivo,5ff1f306f8,1.5739
22,43,10,0.143762,0.008579,56,55,10,aperitivo,5ff1f306f8,1.5739
22,44,10,0.143762,0.008579,56,55,10,aperitivo,5ff1f306f8,1.5739
22,45,10,0.105645,0.007996,55,54,10,aperitivo,bc01e95012,1.4499
22,46,10,0.143762,0.008579,56,55,10,aperitivo,5ff1f306f8,1.5739
22,47,10,0.130981,0.007150,59,59,10,liquidificador,b5613beb8f,1.6649
22,48,10,0.144828,0.008183,55,54,10,aperitivo,46e609ad43,1.4393
22,49,10,0.143762,0.008579,56,55,10,aperitivo,5ff1f306f8,1.5739
23,0,10,0.143762,0.008579,56,55,10,desodorante,5ff1f306f8,1.5739
23,1,10,0.143762,0.008579,56,55,10,aperitivo,5ff1f306f8,1.5739
23,2,10,0.143762,0.008579,56,55,10,aperitivo,5ff1f306f8,1.5739
23,3,10,0.143762,0.008579,56,55,10,aperitivo,5ff1f306f8,1.5739
23,4,10,0.143762,0.008579,56,55,10,aperitivo,5ff1f306f8,1.5739
23,5,10,0.143762,0.008579,56,55,10,aperitivo,5ff1f306f8,1.5739
23,6,10,0.143762,0.008579,56,55,10,aperitivo,5ff1f306f8,1.5739
23,7,10,0.143762,0.008579,56,55,10,aperitivo,5ff1f306f8,1.5739
23,8,10,0.143762,0.008579,56,55,10,aperitivo,5ff1f306f8,1.5739
23,9,10,0.143762,0.008579,56,55,10,aperitivo,5ff1f306f8,1.5739
23,10,10,0.149541,0.007984,55,54,10,aperitivo,0b3d2bc695,1.8133
23,11,10,0.131114,0.008224,57,56,10,aperitivo,bc16dbcdac,1.4521
23,12,10,0.143762,0.008579,56,55,10,aperitivo,5ff1f306f8,1.5739
23,13,10,0.139622,0.008058,56,56,10,molho de tomate,1d54fe9d2f,1.3630
23,14,10,0.143762,0.008579,56,55,10,aperitivo,5ff1f306f8,1.5739
23,15,10,0.143762,0.008579,56,55,10,aperitivo,5ff1f306f8,1.5739
23,16,10,0.143762,0.008579,56,55,10,aperitivo,5ff1f306f8,1.5739
23,17,10,0.143762,0.008579,56,55,10,aperitivo,5ff1f306f8,1.5739
23,18,10,0.143762,0.008579,56,55,10,aperitivo,5ff1f306f8,1.5739
23,19,10,0.143762,0.008579,56,55,10,aperitivo,5ff1f306f8,1.5739
23,20,10,0.143762,0.008579,56,55,10,aperitivo,5ff1f306f8,1.5739
23,21,10,0.143762,0.008579,56,55,10,aperitivo,5ff1f306f8,1.5739
23,22,10,0.143762,0.008579,56,55,10,aperitivo,5ff1f306f8,1.5739
23,23,10,0.143762,0.008579,56,55,10,aperitivo,5ff1f306f8,1.5739
23,24,10,0.143762,0.008579,56,55,10,aperitivo,5ff1f306f8,1.5739
23,25,10,0.143762,0.008579,56,55,10,aperitivo,5ff1f306f8,1.5739
23,26,10,0.143762,0.008579,56,55,10,aperitivo,5ff1f306f8,1.5739
23,27,10,0.143762,0.008579,56,55,10,aperitivo,5ff1f306f8,1.5739
23,28,10,0.143762,0.008579,56,55,10,aperitivo,5ff1f306f8,1.5739
23,29,10,0.143762,0.008579,56,55,10,aperitivo,5ff1f306f8,1.5739
23,30,10,0.143762,0.008579,56,55,10,aperitivo,5ff1f306f8,1.5739
23,31,10,0.143762,0.008579,56,55,10,aperitivo,5ff1f306f8,1.5739
23,32,10,0.143762,0.008579,56,55,10,aperitivo,5ff1f306f8,1.5739
23,33,10,0.143762,0.008579,56,55,10,aperitivo,5ff1f306f8,1.5739
23,34,10,0.143762,0.008579,56,55,10,aperitivo,5ff1f306f8,1.5739
23,35,10,0.143762,0.008579,56,55,10,aperitivo,5ff1f306f8,1.5739
23,36,10,0.143762,0.008579,56,55,10,aperitivo,5ff1f306f8,1.5739
23,37,10,0.143762,0.008579,56,55,10,aperitivo,5ff1f306f8,1.5739
23,38,10,0.129397,0.007685,55,53,9,cigarro,d4c23bec2d,1.4052
23,39,10,0.143762,0.008579,56,55,10,aperitivo,5ff1f306f8,1.5739
23,40,10,0.143762,0.008579,56,55,10,aperitivo,5ff1f306f8,1.5739
23,41,10,0.149181,0.008498,52,51,10,aperitivo,1deba8c934,1.4298
23,42,10,0.143762,0.008579,56,55,10,aperitivo,5ff1f306f8,1.5739
23,43,10,0.143762,0.008579,56,55,10,aperitivo,5ff1f306f8,1.5739
23,44,10,0.143762,0.008579,56,55,10,aperitivo,5ff1f306f8,1.5739
23,45,10,0.143762,0.008579,56,55,10,aperitivo,5ff1f306f8,1.5739
23,46,10,0.143762,0.008579,56,55,10,aperitivo,5ff1f306f8,1.5739
23,47,10,0.143762,0.008579,56,55,10,aperitivo,5ff1f306f8,1.5739
23,48,10,0.143762,0.008579,56,55,10,aperitivo,5ff1f306f8,1.5739
23,49,10,0.143762,0.008579,56,55,10,aperitivo,5ff1f306f8,1.5739
24,0,10,0.143762,0.008579,56,55,10,desodorante,5ff1f306f8,1.5739
24,1,10,0.143762,0.008579,56,55,10,aperitivo,5ff1f306f8,1.5739
24,2,10,0.143762,0.008579,56,55,10,aperitivo,5ff1f306f8,1.5739
24,3,10,0.143762,0.008579,56,55,10,aperitivo,5ff1f306f8,1.5739
24,4,10,0.143762,0.008579,56,55,10,aperitivo,5ff1f306f8,1.5739
24,5,10,0.134190,0.007207,56,54,9,chocolate,6d921fb221,1.5010
24,6,10,0.143762,0.008579,56,55,10,aperitivo,5ff1f306f8,1.5739
24,7,10,0.143762,0.008579,56,55,10,aperitivo,5ff1f306f8,1.5739
24,8,10,0.143762,0.008579,56,55,10,aperitivo,5ff1f306f8,1.5739
24,9,10,0.143762,0.008579,56,55,10,aperitivo,5ff1f306f8,1.5739
24,10,10,0.143762,0.008579,56,55,10,aperitivo,5ff1f306f8,1.5739
24,11,10,0.143762,0.008579,56,55,10,aperitivo,5ff1f306f8,1.5739
24,12,10,0.143762,0.008579,56,55,10,aperitivo,5ff1f306f8,1.5739
24,13,10,0.143762,0.008579,56,55,10,aperitivo,5ff1f306f8,1.5739
24,14,10,0.143762,0.008579,56,55,10,aperitivo,5ff1f306f8,1.5739
24,15,10,0.143762,0.008579,56,55,10,aperitivo,5ff1f306f8,1.5739
24,16,10,0.143762,0.008579,56,55,10,aperitivo,5ff1f306f8,1.5739
24,17,10,0.143762,0.008579,56,55,10,aperitivo,5ff1f306f8,1.5739
24,18,10,0.143762,0.008579,56,55,10,aperitivo,5ff1f306f8,1.5739
24,19,10,0.143762,0.008579,56,55,10,aperitivo,5ff1f306f8,1.5739
24,20,10,0.143762,0.008579,56,55,10,aperitivo,5ff1f306f8,1.5739
24,21,10,0.143762,0.008579,56,55,10,aperitivo,5ff1f306f8,1.5739
24,22,10,0.143762,0.008579,56,55,10,aperitivo,5ff1f306f8,1.5739
24,23,10,0.143762,0.008579,56,55,10,aperitivo,5ff1f306f8,1.5739
24,24,10,0.143762,0.008579,56,55,10,aperitivo,5ff1f306f8,1.5739
24,25,10,0.143762,0.008579,56,55,10,aperitivo,5ff1f306f8,1.5739
24,26,10,0.143762,0.008579,56,55,10,aperitivo,5ff1f306f8,1.5739
24,27,10,0.143762,0.008579,56,55,10,aperitivo,5ff1f306f8,1.5739
24,28,10,0.143762,0.008579,56,55,10,aperitivo,5ff1f306f8,1.5739
24,29,10,0.139409,0.007824,56,55,10,aperitivo,9ae9936d13,1.4787
24,30,10,0.143762,0.008579,56,55,10,aperitivo,5ff1f306f8,1.5739
24,31,10,0.143762,0.008579,56,55,10,aperitivo,5ff1f306f8,1.5739
24,32,10,0.143762,0.008579,56,55,10,aperitivo,5ff1f306f8,1.5739
24,33,10,0.143762,0.008579,56,55,10,desodorante,5ff1f306f8,1.5739
24,34,10,0.105499,0.007376,56,56,9,iogurte,d45b13755b,1.4209
24,35,10,0.143762,0.008579,56,55,10,aperitivo,5ff1f306f8,1.5739
24,36,10,0.143762,0.008579,56,55,10,aperitivo,5ff1f306f8,1.5739
24,37,10,0.143762,0.008579,56,55,10,aperitivo,5ff1f306f8,1.5739
24,38,10,0.143762,0.008579,56,55,10,aperitivo,5ff1f306f8,1.5739
24,39,10,0.143762,0.008579,56,55,10,aperitivo,5ff1f306f8,1.5739
24,40,10,0.143762,0.008579,56,55,10,aperitivo,5ff1f306f8,1.5739
24,41,10,0.143762,0.008579,56,55,10,aperitivo,5ff1f306f8,1.5739
24,42,10,0.133471,0.008422,55,54,10,aperitivo,bc719b0d2b,1.4328
24,43,10,0.143762,0.008579,56,55,10,aperitivo,5ff1f306f8,1.5739
24,44,10,0.143762,0.008579,56,55,10,aperitivo,5ff1f306f8,1.5739
24,45,10,0.143762,0.008579,56,55,10,aperitivo,5ff1f306f8,1.5739
24,46,10,0.143762,0.008579,56,55,10,aperitivo,5ff1f306f8,1.5739
24,47,10,0.139609,0.007730,60,58,9,biscoito,32b711ce96,1.3841
24,48,10,0.143762,0.008579,56,55,10,aperitivo,5ff1f306f8,1.5739
24,49,10,0.143762,0.008579,56,55,10,aperitivo,5ff1f306f8,1.5739
25,0,10,0.143762,0.008579,56,55,10,desodorante,5ff1f306f8,1.5739
25,1,10,0.143762,0.008579,56,55,10,aperitivo,5ff1f306f8,1.5739
25,2,10,0.143762,0.008579,56,55,10,aperitivo,5ff1f306f8,1.5739
25,3,10,0.143762,0.008579,56,55,10,aperitivo,5ff1f306f8,1.5739
25,4,10,0.143762,0.008579,56,55,10,aperitivo,5ff1f306f8,1.5739
25,5,10,0.143762,0.008579,56,55,10,aperitivo,5ff1f306f8,1.5739
25,6,10,0.143762,0.008579,56,55,10,aperitivo,5ff1f306f8,1.5739
25,7,10,0.143762,0.008579,56,55,10,aperitivo,5ff1f306f8,1.5739
25,8,10,0.143762,0.008579,56,55,10,aperitivo,5ff1f306f8,1.5739
25,9,10,0.143762,0.008579,56,55,10,aperitivo,5ff1f306f8,1.5739
25,10,10,0.111397,0.008139,54,53,10,aperitivo,74548665f6,1.4568
25,11,10,0.143762,0.008579,56,55,10,aperitivo,5ff1f306f8,1.5739
25,12,10,0.143762,0.008579,56,55,10,aperitivo,5ff1f306f8,1.5739
25,13,10,0.143762,0.008579,56,55,10,aperitivo,5ff1f306f8,1.5739
25,14,10,0.143762,0.008579,56,55,10,aperitivo,5ff1f306f8,1.5739
25,15,10,0.143762,0.008579,56,55,10,aperitivo,5ff1f306f8,1.5739
25,16,10,0.143762,0.008579,56,55,10,desodorante,5ff1f306f8,1.5739
25,17,10,0.143762,0.008579,56,55,10,aperitivo,5ff1f306f8,1.5739
25,18,10,0.143762,0.008579,56,55,10,aperitivo,5ff1f306f8,1.5739
25,19,10,0.143762,0.008579,56,55,10,aperitivo,5ff1f306f8,1.5739
25,20,10,0.143762,0.008579,56,55,10,aperitivo,5ff1f306f8,1.5739
25,21,10,0.143762,0.008579,56,55,10,desodorante,5ff1f306f8,1.5739
25,22,10,0.143762,0.008579,56,55,10,aperitivo,5ff1f306f8,1.5739
25,23,10,0.143762,0.008579,56,55,10,aperitivo,5ff1f306f8,1.5739
25,24,10,0.143762,0.008579,56,55,10,aperitivo,5ff1f306f8,1.5739
25,25,10,0.143762,0.008579,56,55,10,aperitivo,5ff1f306f8,1.5739
25,26,10,0.143762,0.008579,56,55,10,aperitivo,5ff1f306f8,1.5739
25,27,10,0.143762,0.008579,56,55,10,aperitivo,5ff1f306f8,1.5739
25,28,10,0.143762,0.008579,56,55,10,aperitivo,5ff1f306f8,1.5739
25,29,10,0.143762,0.008579,56,55,10,aperitivo,5ff1f306f8,1.5739
25,30,10,0.143762,0.008579,56,55,10,aperitivo,5ff1f306f8,1.5739
25,31,10,0.143762,0.008579,56,55,10,aperitivo,5ff1f306f8,1.5739
25,32,10,0.144388,0.007915,59,58,10,aperitivo,f651b10b46,1.4804
25,33,10,0.143762,0.008579,56,55,10,aperitivo,5ff1f306f8,1.5739
25,34,10,0.143762,0.008579,56,55,10,aperitivo,5ff1f306f8,1.5739
25,35,10,0.143762,0.008579,56,55,10,aperitivo,5ff1f306f8,1.5739
25,36,10,0.143762,0.008579,56,55,10,desodorante,5ff1f306f8,1.5739
25,37,10,0.143762,0.008579,56,55,10,aperitivo,5ff1f306f8,1.5739
25,38,10,0.143762,0.008579,56,55,10,desodorante,5ff1f306f8,1.5739
25,39,10,0.143762,0.008579,56,55,10,aperitivo,5ff1f306f8,1.5739
25,40,10,0.131554,0.007562,57,54,9,creme dental,c95836b50e,1.3672
25,41,10,0.143762,0.008579,56,55,10,aperitivo,5ff1f306f8,1.5739
25,42,10,0.143762,0.008579,56,55,10,aperitivo,5ff1f306f8,1.5739
25,43,10,0.143762,0.008579,56,55,10,aperitivo,5ff1f306f8,1.5739
25,44,10,0.143762,0.008579,56,55,10,aperitivo,5ff1f306f8,1.5739
25,45,10,0.143762,0.008579,56,55,10,aperitivo,5ff1f306f8,1.5739
25,46,10,0.143762,0.008579,56,55,10,aperitivo,5ff1f306f8,1.5739
25,47,10,0.120663,0.007900,61,60,10,aperitivo,d89cc0b54b,1.3803
25,48,10,0.143762,0.008579,56,55,10,aperitivo,5ff1f306f8,1.5739
25,49,10,0.143762,0.008579,56,55,10,aperitivo,5ff1f306f8,1.5739
26,0,10,0.143762,0.008579,56,55,10,desodorante,5ff1f306f8,1.5739
26,1,10,0.143762,0.008579,56,55,10,aperitivo,5ff1f306f8,1.5739
26,2,10,0.143762,0.008579,56,55,10,aperitivo,5ff1f306f8,1.5739
26,3,10,0.143762,0.008579,56,55,10,aperitivo,5ff1f306f8,1.5739
26,4,10,0.143762,0.008579,56,55,10,aperitivo,5ff1f306f8,1.5739
26,5,10,0.139422,0.007967,58,56,10,aperitivo,4b7d183a57,1.5969
26,6,10,0.143762,0.008579,56,55,10,aperitivo,5ff1f306f8,1.5739
26,7,10,0.094182,0.007745,56,56,10,aperitivo,8c6a01bda1,1.3644
26,8,10,0.143762,0.008579,56,55,10,aperitivo,5ff1f306f8,1.5739
26,9,10,0.130568,0.008304,55,54,10,aperitivo,7e74cb5d08,1.3700
26,10,10,0.138930,0.007185,57,55,9,biscoito,15127e8990,1.4525
26,11,10,0.143762,0.008579,56,55,10,aperitivo,5ff1f306f8,1.5739
26,12,10,0.143762,0.008579,56,55,10,aperitivo,5ff1f306f8,1.5739
26,13,10,0.143762,0.008579,56,55,10,aperitivo,5ff1f306f8,1.5739
26,14,10,0.143762,0.008579,56,55,10,aperitivo,5ff1f306f8,1.5739
26,15,10,0.143762,0.008579,56,55,10,aperitivo,5ff1f306f8,1.5739
26,16,10,0.131527,0.007849,54,53,10,aperitivo,ae2ac5951e,1.4732
26,17,10,0.143762,0.008579,56,55,10,aperitivo,5ff1f306f8,1.5739
26,18,10,0.143762,0.008579,56,55,10,aperitivo,5ff1f306f8,1.5739
26,19,10,0.126881,0.007767,55,54,10,aperitivo,d105218dfe,1.4280
26,20,10,0.143762,0.008579,56,55,10,aperitivo,5ff1f306f8,1.5739
26,21,10,0.143762,0.008579,56,55,10,aperitivo,5ff1f306f8,1.5739
26,22,10,0.143762,0.008579,56,55,10,aperitivo,5ff1f306f8,1.5739
26,23,10,0.143762,0.008579,56,55,10,aperitivo,5ff1f306f8,1.5739
26,24,10,0.143762,0.008579,56,55,10,aperitivo,5ff1f306f8,1.5739
26,25,10,0.143230,0.008221,56,56,10,amaciante,9895c25801,1.4107
26,26,10,0.134669,0.008479,55,54,10,aperitivo,12b2c8ed61,1.3296
26,27,10,0.143762,0.008579,56,55,10,aperitivo,5ff1f306f8,1.5739
26,28,10,0.143762,0.008579,56,55,10,desodorante,5ff1f306f8,1.5739
26,29,10,0.143762,0.008579,56,55,10,aperitivo,5ff1f306f8,1.5739
26,30,10,0.143762,0.008579,56,55,10,aperitivo,5ff1f306f8,1.5739
26,31,10,0.143762,0.008579,56,55,10,desodorante,5ff1f306f8,1.5739
26,32,10,0.142072,0.008577,58,57,10,aperitivo,a90ec00b29,1.3661
26,33,10,0.143762,0.008579,56,55,10,aperitivo,5ff1f306f8,1.5739
26,34,10,0.139702,0.007619,55,54,10,aperitivo,0495fb60e3,1.3758
26,35,10,0.143762,0.008579,56,55,10,aperitivo,5ff1f306f8,1.5739
26,36,10,0.143762,0.008579,56,55,10,desodorante,5ff1f306f8,1.5739
26,37,10,0.143762,0.008579,56,55,10,desodorante,5ff1f306f8,1.5739
26,38,10,0.143762,0.008579,56,55,10,aperitivo,5ff1f306f8,1.5739
26,39,10,0.143762,0.008579,56,55,10,aperitivo,5ff1f306f8,1.5739
26,40,10,0.143762,0.008579,56,55,10,aperitivo,5ff1f306f8,1.5739
26,41,10,0.143762,0.008579,56,55,10,aperitivo,5ff1f306f8,1.5739
26,42,10,0.143762,0.008579,56,55,10,aperitivo,5ff1f306f8,1.5739
26,43,10,0.143762,0.008579,56,55,10,aperitivo,5ff1f306f8,1.5739
26,44,10,0.143762,0.008579,56,55,10,aperitivo,5ff1f306f8,1.5739
26,45,10,0.143762,0.008579,56,55,10,aperitivo,5ff1f306f8,1.5739
26,46,10,0.143762,0.008579,56,55,10,aperitivo,5ff1f306f8,1.5739
26,47,10,0.143762,0.008579,56,55,10,aperitivo,5ff1f306f8,1.5739
26,48,10,0.131554,0.007941,55,54,10,aperitivo,3b3596d271,1.3781
26,49,10,0.143762,0.008579,56,55,10,aperitivo,5ff1f306f8,1.5739
27,0,10,0.143762,0.008579,56,55,10,desodorante,5ff1f306f8,1.5739
27,1,10,0.143762,0.008579,56,55,10,aperitivo,5ff1f306f8,1.5739
27,2,10,0.143762,0.008579,56,55,10,aperitivo,5ff1f306f8,1.5739
27,3,10,0.143762,0.008579,56,55,10,aperitivo,5ff1f306f8,1.5739
27,4,10,0.143762,0.008579,56,55,10,aperitivo,5ff1f306f8,1.5739
27,5,10,0.143762,0.008579,56,55,10,aperitivo,5ff1f306f8,1.5739
27,6,10,0.143762,0.008579,56,55,10,aperitivo,5ff1f306f8,1.5739
27,7,10,0.143762,0.008579,56,55,10,desodorante,5ff1f306f8,1.5739
27,8,10,0.143762,0.008579,56,55,10,aperitivo,5ff1f306f8,1.5739
27,9,10,0.143762,0.008579,56,55,10,aperitivo,5ff1f306f8,1.5739
27,10,10,0.143762,0.008579,56,55,10,aperitivo,5ff1f306f8,1.5739
27,11,10,0.143762,0.008579,56,55,10,desodorante,5ff1f306f8,1.5739
27,12,10,0.143762,0.008579,56,55,10,aperitivo,5ff1f306f8,1.5739
27,13,10,0.143762,0.008579,56,55,10,desodorante,5ff1f306f8,1.5739
27,14,10,0.143762,0.008579,56,55,10,aperitivo,5ff1f306f8,1.5739
27,15,10,0.143762,0.008579,56,55,10,aperitivo,5ff1f306f8,1.5739
27,16,10,0.143762,0.008579,56,55,10,aperitivo,5ff1f306f8,1.5739
27,17,10,0.143762,0.008579,56,55,10,aperitivo,5ff1f306f8,1.5739
27,18,10,0.143762,0.008579,56,55,10,aperitivo,5ff1f306f8,1.5739
27,19,10,0.143762,0.008579,56,55,10,desodorante,5ff1f306f8,1.5739
27,20,10,0.143762,0.008579,56,55,10,aperitivo,5ff1f306f8,1.5739
27,21,10,0.143762,0.008579,56,55,10,aperitivo,5ff1f306f8,1.5739
27,22,10,0.143762,0.008579,56,55,10,aperitivo,5ff1f306f8,1.5739
27,23,10,0.143762,0.008579,56,55,10,aperitivo,5ff1f306f8,1.5739
27,24,10,0.143762,0.008579,56,55,10,aperitivo,5ff1f306f8,1.5739
27,25,10,0.143762,0.008579,56,55,10,aperitivo,5ff1f306f8,1.5739
27,26,10,0.143762,0.008579,56,55,10,desodorante,5ff1f306f8,1.5739
27,27,10,0.143762,0.008579,56,55,10,desodorante,5ff1f306f8,1.5739
27,28,10,0.143762,0.008579,56,55,10,aperitivo,5ff1f306f8,1.5739
27,29,10,0.143762,0.008579,56,55,10,aperitivo,5ff1f306f8,1.5739
27,30,10,0.143762,0.008579,56,55,10,aperitivo,5ff1f306f8,1.5739
27,31,10,0.143762,0.008579,56,55,10,aperitivo,5ff1f306f8,1.5739
27,32,10,0.143762,0.008579,56,55,10,desodorante,5ff1f306f8,1.5739
27,33,10,0.143762,0.008579,56,55,10,aperitivo,5ff1f306f8,1.5739
27,34,10,0.143762,0.008579,56,55,10,aperitivo,5ff1f306f8,1.5739
27,35,10,0.143762,0.008579,56,55,10,aperitivo,5ff1f306f8,1.5739
27,36,10,0.143762,0.008579,56,55,10,aperitivo,5ff1f306f8,1.5739
27,37,10,0.143762,0.008579,56,55,10,aperitivo,5ff1f306f8,1.5739
27,38,10,0.143762,0.008579,56,55,10,aperitivo,5ff1f306f8,1.5739
27,39,10,0.133711,0.007813,56,54,10,aperitivo,22de8ed70d,1.5192
27,40,10,0.143762,0.008579,56,55,10,desodorante,5ff1f306f8,1.5739
27,41,10,0.143762,0.008579,56,55,10,aperitivo,5ff1f306f8,1.5739
27,42,10,0.143762,0.008579,56,55,10,aperitivo,5ff1f306f8,1.5739
27,43,10,0.143762,0.008579,56,55,10,aperitivo,5ff1f306f8,1.5739
27,44,10,0.143762,0.008579,56,55,10,aperitivo,5ff1f306f8,1.5739
27,45,10,0.143762,0.008579,56,55,10,aperitivo,5ff1f306f8,1.5739
27,46,10,0.131753,0.007799,59,57,10,aperitivo,2d4875834e,1.5468
27,47,10,0.143762,0.008579,56,55,10,aperitivo,5ff1f306f8,1.5739
27,48,10,0.142617,0.008558,59,58,10,aperitivo,32a7d02071,1.3409
27,49,10,0.143762,0.008579,56,55,10,aperitivo,5ff1f306f8,1.5739
28,0,10,0.143762,0.008579,56,55,10,desodorante,5ff1f306f8,1.5739
28,1,10,0.143762,0.008579,56,55,10,aperitivo,5ff1f306f8,1.5739
28,2,10,0.143762,0.008579,56,55,10,aperitivo,5ff1f306f8,1.5739
28,3,10,0.143762,0.008579,56,55,10,aperitivo,5ff1f306f8,1.5739
28,4,10,0.143762,0.008579,56,55,10,aperitivo,5ff1f306f8,1.5739
28,5,10,0.130036,0.007744,55,54,10,aperitivo,3e25604cce,1.6176
28,6,10,0.142498,0.007981,56,55,10,aperitivo,e0d3e6a5b0,1.4058
28,7,10,0.143762,0.008579,56,55,10,aperitivo,5ff1f306f8,1.5739
28,8,10,0.143762,0.008579,56,55,10,aperitivo,5ff1f306f8,1.5739
28,9,10,0.143762,0.008579,56,55,10,aperitivo,5ff1f306f8,1.5739
28,10,10,0.143762,0.008579,56,55,10,aperitivo,5ff1f306f8,1.5739
28,11,10,0.143762,0.008579,56,55,10,aperitivo,5ff1f306f8,1.5739
28,12,10,0.143762,0.008579,56,55,10,aperitivo,5ff1f306f8,1.5739
28,13,10,0.143762,0.008579,56,55,10,aperitivo,5ff1f306f8,1.5739
28,14,10,0.143762,0.008579,56,55,10,aperitivo,5ff1f306f8,1.5739
28,15,10,0.143762,0.008579,56,55,10,aperitivo,5ff1f306f8,1.5739
28,16,10,0.143762,0.008579,56,55,10,aperitivo,5ff1f306f8,1.5739
28,17,10,0.143762,0.008579,56,55,10,aperitivo,5ff1f306f8,1.5739
28,18,10,0.143762,0.008579,56,55,10,aperitivo,5ff1f306f8,1.5739
28,19,10,0.143762,0.008579,56,55,10,aperitivo,5ff1f306f8,1.5739
28,20,10,0.143762,0.008579,56,55,10,desodorante,5ff1f306f8,1.5739
28,21,10,0.143762,0.008579,56,55,10,desodorante,5ff1f306f8,1.5739
28,22,10,0.143762,0.008579,56,55,10,aperitivo,5ff1f306f8,1.5739
28,23,10,0.143762,0.008579,56,55,10,aperitivo,5ff1f306f8,1.5739
28,24,10,0.143762,0.008579,56,55,10,aperitivo,5ff1f306f8,1.5739
28,25,10,0.143762,0.008579,56,55,10,aperitivo,5ff1f306f8,1.5739
28,26,10,0.121502,0.007698,57,56,10,aperitivo,6eeb4250fe,1.4021
28,27,10,0.143762,0.008579,56,55,10,aperitivo,5ff1f306f8,1.5739
28,28,10,0.143762,0.008579,56,55,10,aperitivo,5ff1f306f8,1.5739
28,29,10,0.143762,0.008579,56,55,10,desodorante,5ff1f306f8,1.5739
28,30,10,0.143762,0.008579,56,55,10,aperitivo,5ff1f306f8,1.5739
28,31,10,0.143762,0.008579,56,55,10,aperitivo,5ff1f306f8,1.5739
28,32,10,0.143762,0.008579,56,55,10,aperitivo,5ff1f306f8,1.5739
28,33,10,0.143762,0.008579,56,55,10,aperitivo,5ff1f306f8,1.5739
28,34,10,0.143762,0.008579,56,55,10,aperitivo,5ff1f306f8,1.5739
28,35,10,0.143762,0.008579,56,55,10,desodorante,5ff1f306f8,1.5739
28,36,10,0.143762,0.008579,56,55,10,aperitivo,5ff1f306f8,1.5739
28,37,10,0.143762,0.008579,56,55,10,aperitivo,5ff1f306f8,1.5739
28,38,10,0.129157,0.007754,56,55,10,desodorante,9ff43b7604,1.4217
28,39,10,0.143762,0.008579,56,55,10,aperitivo,5ff1f306f8,1.5739
28,40,10,0.143762,0.008579,56,55,10,aperitivo,5ff1f306f8,1.5739
28,41,10,0.143762,0.008579,56,55,10,aperitivo,5ff1f306f8,1.5739
28,42,10,0.143762,0.008579,56,55,10,aperitivo,5ff1f306f8,1.5739
28,43,10,0.140474,0.008031,59,58,10,desodorante,04868ae123,1.3791
28,44,10,0.143762,0.008579,56,55,10,aperitivo,5ff1f306f8,1.5739
28,45,10,0.143762,0.008579,56,55,10,aperitivo,5ff1f306f8,1.5739
28,46,10,0.140754,0.008005,57,56,10,aperitivo,cb4f73556e,1.5673
28,47,10,0.143762,0.008579,56,55,10,aperitivo,5ff1f306f8,1.5739
28,48,10,0.122633,0.007624,55,54,10,desodorante,45461c291b,1.4133
28,49,10,0.143762,0.008579,56,55,10,aperitivo,5ff1f306f8,1.5739
29,0,10,0.143762,0.008579,56,55,10,desodorante,5ff1f306f8,1.5739
29,1,10,0.143762,0.008579,56,55,10,aperitivo,5ff1f306f8,1.5739
29,2,10,0.143762,0.008579,56,55,10,aperitivo,5ff1f306f8,1.5739
29,3,10,0.143762,0.008579,56,55,10,aperitivo,5ff1f306f8,1.5739
29,4,10,0.143762,0.008579,56,55,10,aperitivo,5ff1f306f8,1.5739
29,5,10,0.143762,0.008579,56,55,10,aperitivo,5ff1f306f8,1.5739
29,6,10,0.143762,0.008579,56,55,10,aperitivo,5ff1f306f8,1.5739
29,7,10,0.143762,0.008579,56,55,10,aperitivo,5ff1f306f8,1.5739
29,8,10,0.143762,0.008579,56,55,10,aperitivo,5ff1f306f8,1.5739
29,9,10,0.121355,0.007672,56,54,9,biscoito,3a11b88a1b,1.4710
29,10,10,0.143762,0.008579,56,55,10,aperitivo,5ff1f306f8,1.5739
29,11,10,0.143762,0.008579,56,55,10,desodorante,5ff1f306f8,1.5739
29,12,10,0.143762,0.008579,56,55,10,aperitivo,5ff1f306f8,1.5739
29,13,10,0.143762,0.008579,56,55,10,aperitivo,5ff1f306f8,1.5739
29,14,10,0.143762,0.008579,56,55,10,aperitivo,5ff1f306f8,1.5739
29,15,10,0.143762,0.008579,56,55,10,aperitivo,5ff1f306f8,1.5739
29,16,10,0.143762,0.008579,56,55,10,aperitivo,5ff1f306f8,1.5739
29,17,10,0.143762,0.008579,56,55,10,aperitivo,5ff1f306f8,1.5739
29,18,10,0.143762,0.008579,56,55,10,aperitivo,5ff1f306f8,1.5739
29,19,10,0.143762,0.008579,56,55,10,aperitivo,5ff1f306f8,1.5739
29,20,10,0.143762,0.008579,56,55,10,desodorante,5ff1f306f8,1.5739
29,21,10,0.143762,0.008579,56,55,10,aperitivo,5ff1f306f8,1.5739
29,22,10,0.143762,0.008579,56,55,10,aperitivo,5ff1f306f8,1.5739
29,23,10,0.143762,0.008579,56,55,10,aperitivo,5ff1f306f8,1.5739
29,24,10,0.143762,0.008579,56,55,10,aperitivo,5ff1f306f8,1.5739
29,25,10,0.143762,0.008579,56,55,10,aperitivo,5ff1f306f8,1.5739
29,26,10,0.143762,0.008579,56,55,10,desodorante,5ff1f306f8,1.5739
29,27,10,0.127386,0.007679,55,54,10,aperitivo,702392828b,1.5449
29,28,10,0.143762,0.008579,56,55,10,aperitivo,5ff1f306f8,1.5739
29,29,10,0.143762,0.008579,56,55,10,desodorante,5ff1f306f8,1.5739
29,30,10,0.143762,0.008579,56,55,10,aperitivo,5ff1f306f8,1.5739
29,31,10,0.143762,0.008579,56,55,10,aperitivo,5ff1f306f8,1.5739
29,32,10,0.143762,0.008579,56,55,10,desodorante,5ff1f306f8,1.5739
29,33,10,0.141592,0.007165,59,57,9,desodorante,ce8364d19b,1.4958
29,34,10,0.143762,0.008579,56,55,10,aperitivo,5ff1f306f8,1.5739
29,35,10,0.143762,0.008579,56,55,10,aperitivo,5ff1f306f8,1.5739
29,36,10,0.143762,0.008579,56,55,10,aperitivo,5ff1f306f8,1.5739
29,37,10,0.146585,0.008011,58,57,10,desodorante,8a2482c3c8,1.5386
29,38,10,0.143762,0.008579,56,55,10,aperitivo,5ff1f306f8,1.5739
29,39,10,0.143762,0.008579,56,55,10,aperitivo,5ff1f306f8,1.5739
29,40,10,0.143762,0.008579,56,55,10,aperitivo,5ff1f306f8,1.5739
29,41,10,0.134243,0.007686,57,56,10,aperitivo,41ad51300b,1.4972
29,42,10,0.143762,0.008579,56,55,10,aperitivo,5ff1f306f8,1.5739
29,43,10,0.143762,0.008579,56,55,10,aperitivo,5ff1f306f8,1.5739
29,44,10,0.143762,0.008579,56,55,10,aperitivo,5ff1f306f8,1.5739
29,45,10,0.132819,0.008335,55,54,10,aperitivo,02a67d32eb,1.4781
29,46,10,0.143762,0.008579,56,55,10,aperitivo,5ff1f306f8,1.5739
29,47,10,0.139675,0.007576,56,55,10,aperitivo,9955dee01d,1.4034
29,48,10,0.143762,0.008579,56,55,10,aperitivo,5ff1f306f8,1.5739
29,49,10,0.143762,0.008579,56,55,10,aperitivo,5ff1f306f8,1.5739
30,0,10,0.143762,0.008579,56,55,10,desodorante,5ff1f306f8,1.5739
30,1,10,0.143762,0.008579,56,55,10,aperitivo,5ff1f306f8,1.5739
30,2,10,0.143762,0.008579,56,55,10,aperitivo,5ff1f306f8,1.5739
30,3,10,0.143762,0.008579,56,55,10,aperitivo,5ff1f306f8,1.5739
30,4,10,0.143762,0.008579,56,55,10,aperitivo,5ff1f306f8,1.5739
30,5,10,0.143762,0.008579,56,55,10,aperitivo,5ff1f306f8,1.5739
30,6,10,0.143762,0.008579,56,55,10,aperitivo,5ff1f306f8,1.5739
30,7,10,0.143762,0.008579,56,55,10,aperitivo,5ff1f306f8,1.5739
30,8,10,0.143762,0.008579,56,55,10,aperitivo,5ff1f306f8,1.5739
30,9,10,0.143762,0.008579,56,55,10,aperitivo,5ff1f306f8,1.5739
30,10,10,0.143762,0.008579,56,55,10,aperitivo,5ff1f306f8,1.5739
30,11,10,0.143762,0.008579,56,55,10,aperitivo,5ff1f306f8,1.5739
30,12,10,0.143762,0.008579,56,55,10,aperitivo,5ff1f306f8,1.5739
30,13,10,0.143762,0.008579,56,55,10,aperitivo,5ff1f306f8,1.5739
30,14,10,0.143762,0.008579,56,55,10,desodorante,5ff1f306f8,1.5739
30,15,10,0.143762,0.008579,56,55,10,aperitivo,5ff1f306f8,1.5739
30,16,10,0.143762,0.008579,56,55,10,aperitivo,5ff1f306f8,1.5739
30,17,10,0.143762,0.008579,56,55,10,aperitivo,5ff1f306f8,1.5739
30,18,10,0.143762,0.008579,56,55,10,aperitivo,5ff1f306f8,1.5739
30,19,10,0.143762,0.008579,56,55,10,aperitivo,5ff1f306f8,1.5739
30,20,10,0.143762,0.008579,56,55,10,desodorante,5ff1f306f8,1.5739
30,21,10,0.143762,0.008579,56,55,10,aperitivo,5ff1f306f8,1.5739
30,22,10,0.143762,0.008579,56,55,10,aperitivo,5ff1f306f8,1.5739
30,23,10,0.143762,0.008579,56,55,10,aperitivo,5ff1f306f8,1.5739
30,24,10,0.143762,0.008579,56,55,10,desodorante,5ff1f306f8,1.5739
30,25,10,0.143762,0.008579,56,55,10,aperitivo,5ff1f306f8,1.5739
30,26,10,0.143762,0.008579,56,55,10,aperitivo,5ff1f306f8,1.5739
30,27,10,0.143762,0.008579,56,55,10,aperitivo,5ff1f306f8,1.5739
30,28,10,0.143762,0.008579,56,55,10,aperitivo,5ff1f306f8,1.5739
30,29,10,0.143762,0.008579,56,55,10,aperitivo,5ff1f306f8,1.5739
30,30,10,0.143762,0.008579,56,55,10,aperitivo,5ff1f306f8,1.5739
30,31,10,0.143762,0.008579,56,55,10,aperitivo,5ff1f306f8,1.5739
30,32,10,0.143762,0.008579,56,55,10,aperitivo,5ff1f306f8,1.5739
30,33,10,0.106830,0.007518,57,57,10,aperitivo,61d5c15cba,1.5715
30,34,10,0.143762,0.008579,56,55,10,aperitivo,5ff1f306f8,1.5739
30,35,10,0.143762,0.008579,56,55,10,aperitivo,5ff1f306f8,1.5739
30,36,10,0.143762,0.008579,56,55,10,aperitivo,5ff1f306f8,1.5739
30,37,10,0.143762,0.008579,56,55,10,aperitivo,5ff1f306f8,1.5739
30,38,10,0.143762,0.008579,56,55,10,aperitivo,5ff1f306f8,1.5739
30,39,10,0.143762,0.008579,56,55,10,aperitivo,5ff1f306f8,1.5739
30,40,10,0.143762,0.008579,56,55,10,aperitivo,5ff1f306f8,1.5739
30,41,10,0.143762,0.008579,56,55,10,aperitivo,5ff1f306f8,1.5739
30,42,10,0.143762,0.008579,56,55,10,aperitivo,5ff1f306f8,1.5739
30,43,10,0.143762,0.008579,56,55,10,aperitivo,5ff1f306f8,1.5739
30,44,10,0.143762,0.008579,56,55,10,aperitivo,5ff1f306f8,1.5739
30,45,10,0.143762,0.008579,56,55,10,aperitivo,5ff1f306f8,1.5739
30,46,10,0.143762,0.008579,56,55,10,aperitivo,5ff1f306f8,1.5739
30,47,10,0.143762,0.008579,56,55,10,aperitivo,5ff1f306f8,1.5739
30,48,10,0.143762,0.008579,56,55,10,aperitivo,5ff1f306f8,1.5739
30,49,10,0.143762,0.008579,56,55,10,aperitivo,5ff1f306f8,1.5739
31,0,10,0.143762,0.008579,56,55,10,desodorante,5ff1f306f8,1.5739
31,1,10,0.143762,0.008579,56,55,10,aperitivo,5ff1f306f8,1.5739
31,2,10,0.143762,0.008579,56,55,10,aperitivo,5ff1f306f8,1.5739
31,3,10,0.143762,0.008579,56,55,10,aperitivo,5ff1f306f8,1.5739
31,4,10,0.143762,0.008579,56,55,10,aperitivo,5ff1f306f8,1.5739
31,5,10,0.143762,0.008579,56,55,10,aperitivo,5ff1f306f8,1.5739
31,6,10,0.143762,0.008579,56,55,10,aperitivo,5ff1f306f8,1.5739
31,7,10,0.143762,0.008579,56,55,10,aperitivo,5ff1f306f8,1.5739
31,8,10,0.143762,0.008579,56,55,10,aperitivo,5ff1f306f8,1.5739
31,9,10,0.143762,0.008579,56,55,10,aperitivo,5ff1f306f8,1.5739
31,10,10,0.143762,0.008579,56,55,10,aperitivo,5ff1f306f8,1.5739
31,11,10,0.143762,0.008579,56,55,10,aperitivo,5ff1f306f8,1.5739
31,12,10,0.143762,0.008579,56,55,10,desodorante,5ff1f306f8,1.5739
31,13,10,0.143762,0.008579,56,55,10,aperitivo,5ff1f306f8,1.5739
31,14,10,0.143762,0.008579,56,55,10,aperitivo,5ff1f306f8,1.5739
31,15,10,0.143762,0.008579,56,55,10,aperitivo,5ff1f306f8,1.5739
31,16,10,0.138597,0.008145,52,51,10,desodorante,94db9840c3,1.4982
31,17,10,0.143762,0.008579,56,55,10,aperitivo,5ff1f306f8,1.5739
31,18,10,0.143762,0.008579,56,55,10,desodorante,5ff1f306f8,1.5739
31,19,10,0.143762,0.008579,56,55,10,aperitivo,5ff1f306f8,1.5739
31,20,10,0.143762,0.008579,56,55,10,aperitivo,5ff1f306f8,1.5739
31,21,10,0.143762,0.008579,56,55,10,aperitivo,5ff1f306f8,1.5739
31,22,10,0.143762,0.008579,56,55,10,aperitivo,5ff1f306f8,1.5739
31,23,10,0.143762,0.008579,56,55,10,aperitivo,5ff1f306f8,1.5739
31,24,10,0.143762,0.008579,56,55,10,aperitivo,5ff1f306f8,1.5739
31,25,10,0.143762,0.008579,56,55,10,aperitivo,5ff1f306f8,1.5739
31,26,10,0.143762,0.008579,56,55,10,aperitivo,5ff1f306f8,1.5739
31,27,10,0.143762,0.008579,56,55,10,aperitivo,5ff1f306f8,1.5739
31,28,10,0.143762,0.008579,56,55,10,aperitivo,5ff1f306f8,1.5739
31,29,10,0.143762,0.008579,56,55,10,aperitivo,5ff1f306f8,1.5739
31,30,10,0.143762,0.008579,56,55,10,desodorante,5ff1f306f8,1.5739
31,31,10,0.122301,0.008013,58,57,10,desodorante,c1a507ec29,1.4104
31,32,10,0.135109,0.007429,55,54,10,aperitivo,7d12175fe3,1.4699
31,33,10,0.143762,0.008579,56,55,10,aperitivo,5ff1f306f8,1.5739
31,34,10,0.143762,0.008579,56,55,10,aperitivo,5ff1f306f8,1.5739
31,35,10,0.143762,0.008579,56,55,10,aperitivo,5ff1f306f8,1.5739
31,36,10,0.127373,0.008006,58,57,10,aperitivo,0c7b86a312,1.5848
31,37,10,0.143762,0.008579,56,55,10,desodorante,5ff1f306f8,1.5739
31,38,10,0.143762,0.008579,56,55,10,aperitivo,5ff1f306f8,1.5739
31,39,10,0.143762,0.008579,56,55,10,aperitivo,5ff1f306f8,1.5739
31,40,10,0.143762,0.008579,56,55,10,aperitivo,5ff1f306f8,1.5739
31,41,10,0.143762,0.008579,56,55,10,aperitivo,5ff1f306f8,1.5739
31,42,10,0.143762,0.008579,56,55,10,desodorante,5ff1f306f8,1.5739
31,43,10,0.143762,0.008579,56,55,10,aperitivo,5ff1f306f8,1.5739
31,44,10,0.143762,0.008579,56,55,10,aperitivo,5ff1f306f8,1.5739
31,45,10,0.143762,0.008579,56,55,10,aperitivo,5ff1f306f8,1.5739
31,46,10,0.143762,0.008579,56,55,10,aperitivo,5ff1f306f8,1.5739
31,47,10,0.143762,0.008579,56,55,10,aperitivo,5ff1f306f8,1.5739
31,48,10,0.143762,0.008579,56,55,10,aperitivo,5ff1f306f8,1.5739
31,49,10,0.143762,0.008579,56,55,10,aperitivo,5ff1f306f8,1.5739
32,0,10,0.143762,0.008579,56,55,10,desodorante,5ff1f306f8,1.5739
32,1,10,0.143762,0.008579,56,55,10,aperitivo,5ff1f306f8,1.5739
32,2,10,0.143762,0.008579,56,55,10,aperitivo,5ff1f306f8,1.5739
32,3,10,0.143762,0.008579,56,55,10,aperitivo,5ff1f306f8,1.5739
32,4,10,0.143762,0.008579,56,55,10,aperitivo,5ff1f306f8,1.5739
32,5,10,0.143762,0.008579,56,55,10,aperitivo,5ff1f306f8,1.5739
32,6,10,0.143762,0.008579,56,55,10,aperitivo,5ff1f306f8,1.5739
32,7,10,0.143762,0.008579,56,55,10,aperitivo,5ff1f306f8,1.5739
32,8,10,0.143762,0.008579,56,55,10,aperitivo,5ff1f306f8,1.5739
32,9,10,0.143762,0.008579,56,55,10,aperitivo,5ff1f306f8,1.5739
32,10,10,0.143762,0.008579,56,55,10,aperitivo,5ff1f306f8,1.5739
32,11,10,0.143762,0.008579,56,55,10,aperitivo,5ff1f306f8,1.5739
32,12,10,0.143762,0.008579,56,55,10,aperitivo,5ff1f306f8,1.5739
32,13,10,0.143762,0.008579,56,55,10,aperitivo,5ff1f306f8,1.5739
32,14,10,0.143762,0.008579,56,55,10,aperitivo,5ff1f306f8,1.5739
32,15,10,0.143762,0.008579,56,55,10,aperitivo,5ff1f306f8,1.5739
32,16,10,0.143762,0.008579,56,55,10,aperitivo,5ff1f306f8,1.5739
32,17,10,0.143762,0.008579,56,55,10,aperitivo,5ff1f306f8,1.5739
32,18,10,0.143762,0.008579,56,55,10,desodorante,5ff1f306f8,1.5739
32,19,10,0.143762,0.008579,56,55,10,aperitivo,5ff1f306f8,1.5739
32,20,10,0.143762,0.008579,56,55,10,aperitivo,5ff1f306f8,1.5739
32,21,10,0.143762,0.008579,56,55,10,aperitivo,5ff1f306f8,1.5739
32,22,10,0.143762,0.008579,56,55,10,aperitivo,5ff1f306f8,1.5739
32,23,10,0.143762,0.008579,56,55,10,aperitivo,5ff1f306f8,1.5739
32,24,10,0.143762,0.008579,56,55,10,aperitivo,5ff1f306f8,1.5739
32,25,10,0.143762,0.008579,56,55,10,aperitivo,5ff1f306f8,1.5739
32,26,10,0.143762,0.008579,56,55,10,aperitivo,5ff1f306f8,1.5739
32,27,10,0.143762,0.008579,56,55,10,aperitivo,5ff1f306f8,1.5739
32,28,10,0.143762,0.008579,56,55,10,aperitivo,5ff1f306f8,1.5739
32,29,10,0.143762,0.008579,56,55,10,aperitivo,5ff1f306f8,1.5739
32,30,10,0.143762,0.008579,56,55,10,aperitivo,5ff1f306f8,1.5739
32,31,10,0.143762,0.008579,56,55,10,aperitivo,5ff1f306f8,1.5739
32,32,10,0.143762,0.008579,56,55,10,aperitivo,5ff1f306f8,1.5739
32,33,10,0.143762,0.008579,56,55,10,aperitivo,5ff1f306f8,1.5739
32,34,10,0.143762,0.008579,56,55,10,aperitivo,5ff1f306f8,1.5739
32,35,10,0.143762,0.008579,56,55,10,desodorante,5ff1f306f8,1.5739
32,36,10,0.143762,0.008579,56,55,10,aperitivo,5ff1f306f8,1.5739
32,37,10,0.143762,0.008579,56,55,10,desodorante,5ff1f306f8,1.5739
32,38,10,0.143762,0.008579,56,55,10,aperitivo,5ff1f306f8,1.5739
32,39,10,0.143762,0.008579,56,55,10,desodorante,5ff1f306f8,1.5739
32,40,10,0.143762,0.008579,56,55,10,aperitivo,5ff1f306f8,1.5739
32,41,10,0.143762,0.008579,56,55,10,aperitivo,5ff1f306f8,1.5739
32,42,10,0.143762,0.008579,56,55,10,aperitivo,5ff1f306f8,1.5739
32,43,10,0.143762,0.008579,56,55,10,aperitivo,5ff1f306f8,1.5739
32,44,10,0.143762,0.008579,56,55,10,aperitivo,5ff1f306f8,1.5739
32,45,10,0.132353,0.007888,55,54,10,aperitivo,18211ac1e9,1.4627
32,46,10,0.143762,0.008579,56,55,10,aperitivo,5ff1f306f8,1.5739
32,47,10,0.143762,0.008579,56,55,10,aperitivo,5ff1f306f8,1.5739
32,48,10,0.143762,0.008579,56,55,10,aperitivo,5ff1f306f8,1.5739
32,49,10,0.143762,0.008579,56,55,10,aperitivo,5ff1f306f8,1.5739
33,0,10,0.143762,0.008579,56,55,10,desodorante,5ff1f306f8,1.5739
33,1,10,0.143762,0.008579,56,55,10,aperitivo,5ff1f306f8,1.5739
33,2,10,0.143762,0.008579,56,55,10,aperitivo,5ff1f306f8,1.5739
33,3,10,0.143762,0.008579,56,55,10,aperitivo,5ff1f306f8,1.5739
33,4,10,0.143762,0.008579,56,55,10,aperitivo,5ff1f306f8,1.5739
33,5,10,0.143762,0.008579,56,55,10,aperitivo,5ff1f306f8,1.5739
33,6,10,0.139595,0.007769,54,52,10,aperitivo,b4b4d71c60,1.6473
33,7,10,0.143762,0.008579,56,55,10,aperitivo,5ff1f306f8,1.5739
33,8,10,0.143762,0.008579,56,55,10,aperitivo,5ff1f306f8,1.5739
33,9,10,0.143762,0.008579,56,55,10,aperitivo,5ff1f306f8,1.5739
33,10,10,0.143762,0.008579,56,55,10,aperitivo,5ff1f306f8,1.5739
33,11,10,0.143762,0.008579,56,55,10,aperitivo,5ff1f306f8,1.5739
33,12,10,0.132193,0.008605,54,53,10,aperitivo,883344c495,1.3354
33,13,10,0.143762,0.008579,56,55,10,aperitivo,5ff1f306f8,1.5739
33,14,10,0.143762,0.008579,56,55,10,aperitivo,5ff1f306f8,1.5739
33,15,10,0.143762,0.008579,56,55,10,aperitivo,5ff1f306f8,1.5739
33,16,10,0.143762,0.008579,56,55,10,aperitivo,5ff1f306f8,1.5739
33,17,10,0.120836,0.007511,58,56,9,creme dental,ccf143a0f5,1.4122
33,18,10,0.143762,0.008579,56,55,10,aperitivo,5ff1f306f8,1.5739
33,19,10,0.143762,0.008579,56,55,10,aperitivo,5ff1f306f8,1.5739
33,20,10,0.143762,0.008579,56,55,10,aperitivo,5ff1f306f8,1.5739
33,21,10,0.143762,0.008579,56,55,10,aperitivo,5ff1f306f8,1.5739
33,22,10,0.143762,0.008579,56,55,10,aperitivo,5ff1f306f8,1.5739
33,23,10,0.143762,0.008579,56,55,10,aperitivo,5ff1f306f8,1.5739
33,24,10,0.143762,0.008579,56,55,10,desodorante,5ff1f306f8,1.5739
33,25,10,0.143762,0.008579,56,55,10,aperitivo,5ff1f306f8,1.5739
33,26,10,0.143762,0.008579,56,55,10,aperitivo,5ff1f306f8,1.5739
33,27,10,0.143762,0.008579,56,55,10,aperitivo,5ff1f306f8,1.5739
33,28,10,0.130768,0.007548,54,53,9,biscoito,0a4d80552e,1.3529
33,29,10,0.143762,0.008579,56,55,10,aperitivo,5ff1f306f8,1.5739
33,30,10,0.130968,0.007380,52,51,10,aperitivo,bdeae8fde4,1.4706
33,31,10,0.143762,0.008579,56,55,10,aperitivo,5ff1f306f8,1.5739
33,32,10,0.143762,0.008579,56,55,10,aperitivo,5ff1f306f8,1.5739
33,33,10,0.143762,0.008579,56,55,10,aperitivo,5ff1f306f8,1.5739
33,34,10,0.143762,0.008579,56,55,10,aperitivo,5ff1f306f8,1.5739
33,35,10,0.143762,0.008579,56,55,10,aperitivo,5ff1f306f8,1.5739
33,36,10,0.143762,0.008579,56,55,10,aperitivo,5ff1f306f8,1.5739
33,37,10,0.143762,0.008579,56,55,10,aperitivo,5ff1f306f8,1.5739
33,38,10,0.143762,0.008579,56,55,10,aperitivo,5ff1f306f8,1.5739
33,39,10,0.143762,0.008579,56,55,10,aperitivo,5ff1f306f8,1.5739
33,40,10,0.143762,0.008579,56,55,10,aperitivo,5ff1f306f8,1.5739
33,41,10,0.144202,0.008306,55,54,10,aperitivo,6f64ecebd8,1.3840
33,42,10,0.143762,0.008579,56,55,10,aperitivo,5ff1f306f8,1.5739
33,43,10,0.143762,0.008579,56,55,10,aperitivo,5ff1f306f8,1.5739
33,44,10,0.143762,0.008579,56,55,10,aperitivo,5ff1f306f8,1.5739
33,45,10,0.143762,0.008579,56,55,10,desodorante,5ff1f306f8,1.5739
33,46,10,0.143762,0.008579,56,55,10,aperitivo,5ff1f306f8,1.5739
33,47,10,0.150805,0.008241,61,60,10,aperitivo,da4bed68e9,1.3787
33,48,10,0.143762,0.008579,56,55,10,desodorante,5ff1f306f8,1.5739
33,49,10,0.143762,0.008579,56,55,10,aperitivo,5ff1f306f8,1.5739
34,0,10,0.132193,0.008605,54,53,10,aperitivo,883344c495,1.3354
34,1,10,0.143762,0.008579,56,55,10,desodorante,5ff1f306f8,1.5739
34,2,10,0.143762,0.008579,56,55,10,aperitivo,5ff1f306f8,1.5739
34,3,10,0.143762,0.008579,56,55,10,aperitivo,5ff1f306f8,1.5739
34,4,10,0.143762,0.008579,56,55,10,aperitivo,5ff1f306f8,1.5739
34,5,10,0.127959,0.007896,56,54,10,aperitivo,fcee86c025,1.6900
34,6,10,0.143762,0.008579,56,55,10,aperitivo,5ff1f306f8,1.5739
34,7,10,0.143762,0.008579,56,55,10,aperitivo,5ff1f306f8,1.5739
34,8,10,0.143762,0.008579,56,55,10,aperitivo,5ff1f306f8,1.5739
34,9,10,0.143762,0.008579,56,55,10,aperitivo,5ff1f306f8,1.5739
34,10,10,0.105685,0.007399,56,53,9,cerveja,87d8c0cbb6,1.4323
34,11,10,0.143762,0.008579,56,55,10,aperitivo,5ff1f306f8,1.5739
34,12,10,0.143762,0.008579,56,55,10,aperitivo,5ff1f306f8,1.5739
34,13,10,0.143762,0.008579,56,55,10,aperitivo,5ff1f306f8,1.5739
34,14,10,0.143762,0.008579,56,55,10,aperitivo,5ff1f306f8,1.5739
34,15,10,0.143762,0.008579,56,55,10,desodorante,5ff1f306f8,1.5739
34,16,10,0.143762,0.008579,56,55,10,aperitivo,5ff1f306f8,1.5739
34,17,10,0.143762,0.008579,56,55,10,aperitivo,5ff1f306f8,1.5739
34,18,10,0.143762,0.008579,56,55,10,aperitivo,5ff1f306f8,1.5739
34,19,10,0.143762,0.008579,56,55,10,aperitivo,5ff1f306f8,1.5739
34,20,10,0.139143,0.007571,56,55,10,aperitivo,206e97055b,1.4294
34,21,10,0.143762,0.008579,56,55,10,aperitivo,5ff1f306f8,1.5739
34,22,10,0.143762,0.008579,56,55,10,aperitivo,5ff1f306f8,1.5739
34,23,10,0.143762,0.008579,56,55,10,aperitivo,5ff1f306f8,1.5739
34,24,10,0.143762,0.008579,56,55,10,desodorante,5ff1f306f8,1.5739
34,25,10,0.143762,0.008579,56,55,10,aperitivo,5ff1f306f8,1.5739
34,26,10,0.143762,0.008579,56,55,10,aperitivo,5ff1f306f8,1.5739
34,27,10,0.143762,0.008579,56,55,10,aperitivo,5ff1f306f8,1.5739
34,28,10,0.143762,0.008579,56,55,10,aperitivo,5ff1f306f8,1.5739
34,29,10,0.143762,0.008579,56,55,10,aperitivo,5ff1f306f8,1.5739
34,30,10,0.143762,0.008579,56,55,10,aperitivo,5ff1f306f8,1.5739
34,31,10,0.143762,0.008579,56,55,10,aperitivo,5ff1f306f8,1.5739
34,32,10,0.143762,0.008579,56,55,10,aperitivo,5ff1f306f8,1.5739
34,33,10,0.132193,0.008605,54,53,10,aperitivo,883344c495,1.3354
34,34,10,0.143762,0.008579,56,55,10,aperitivo,5ff1f306f8,1.5739
34,35,10,0.143762,0.008579,56,55,10,aperitivo,5ff1f306f8,1.5739
34,36,10,0.143762,0.008579,56,55,10,aperitivo,5ff1f306f8,1.5739
34,37,10,0.143762,0.008579,56,55,10,aperitivo,5ff1f306f8,1.5739
34,38,10,0.143762,0.008579,56,55,10,aperitivo,5ff1f306f8,1.5739
34,39,10,0.143762,0.008579,56,55,10,aperitivo,5ff1f306f8,1.5739
34,40,10,0.143762,0.008579,56,55,10,aperitivo,5ff1f306f8,1.5739
34,41,10,0.143762,0.008579,56,55,10,aperitivo,5ff1f306f8,1.5739
34,42,10,0.143762,0.008579,56,55,10,desodorante,5ff1f306f8,1.5739
34,43,10,0.143762,0.008579,56,55,10,aperitivo,5ff1f306f8,1.5739
34,44,10,0.119318,0.007738,57,56,9,chocolate,77e583b022,1.4417
34,45,10,0.143762,0.008579,56,55,10,aperitivo,5ff1f306f8,1.5739
34,46,10,0.143762,0.008579,56,55,10,aperitivo,5ff1f306f8,1.5739
34,47,10,0.143762,0.008579,56,55,10,aperitivo,5ff1f306f8,1.5739
34,48,10,0.143762,0.008579,56,55,10,desodorante,5ff1f306f8,1.5739
34,49,10,0.143762,0.008579,56,55,10,aperitivo,5ff1f306f8,1.5739
35,0,10,0.132193,0.008605,54,53,10,aperitivo,883344c495,1.3354
35,1,10,0.132193,0.008605,54,53,10,aperitivo,883344c495,1.3354
35,2,10,0.143762,0.008579,56,55,10,desodorante,5ff1f306f8,1.5739
35,3,10,0.143762,0.008579,56,55,10,aperitivo,5ff1f306f8,1.5739
35,4,10,0.143762,0.008579,56,55,10,aperitivo,5ff1f306f8,1.5739
35,5,10,0.143762,0.008579,56,55,10,aperitivo,5ff1f306f8,1.5739
35,6,10,0.143762,0.008579,56,55,10,aperitivo,5ff1f306f8,1.5739
35,7,10,0.119039,0.007923,54,53,10,vegetal em conserva,61d1ed5c76,1.5351
35,8,10,0.143762,0.008579,56,55,10,aperitivo,5ff1f306f8,1.5739
35,9,10,0.143762,0.008579,56,55,10,aperitivo,5ff1f306f8,1.5739
35,10,10,0.143762,0.008579,56,55,10,aperitivo,5ff1f306f8,1.5739
35,11,10,0.143762,0.008579,56,55,10,aperitivo,5ff1f306f8,1.5739
35,12,10,0.143762,0.008579,56,55,10,aperitivo,5ff1f306f8,1.5739
35,13,10,0.143762,0.008579,56,55,10,aperitivo,5ff1f306f8,1.5739
35,14,10,0.131953,0.007813,58,58,10,vegetal em palha,99b0c0238d,1.3540
35,15,10,0.143762,0.008579,56,55,10,aperitivo,5ff1f306f8,1.5739
35,16,10,0.143762,0.008579,56,55,10,aperitivo,5ff1f306f8,1.5739
35,17,10,0.143762,0.008579,56,55,10,aperitivo,5ff1f306f8,1.5739
35,18,10,0.143762,0.008579,56,55,10,aperitivo,5ff1f306f8,1.5739
35,19,10,0.143762,0.008579,56,55,10,aperitivo,5ff1f306f8,1.5739
35,20,10,0.126934,0.007330,54,53,10,aperitivo,575414ea38,1.4868
35,21,10,0.143762,0.008579,56,55,10,aperitivo,5ff1f306f8,1.5739
35,22,10,0.143762,0.008579,56,55,10,aperitivo,5ff1f306f8,1.5739
35,23,10,0.143762,0.008579,56,55,10,aperitivo,5ff1f306f8,1.5739
35,24,10,0.143762,0.008579,56,55,10,aperitivo,5ff1f306f8,1.5739
35,25,10,0.143762,0.008579,56,55,10,aperitivo,5ff1f306f8,1.5739
35,26,10,0.124231,0.008593,58,57,10,aperitivo,4db867ccce,1.3501
35,27,10,0.143762,0.008579,56,55,10,desodorante,5ff1f306f8,1.5739
35,28,10,0.143762,0.008579,56,55,10,aperitivo,5ff1f306f8,1.5739
35,29,10,0.143762,0.008579,56,55,10,aperitivo,5ff1f306f8,1.5739
35,30,10,0.143762,0.008579,56,55,10,aperitivo,5ff1f306f8,1.5739
35,31,10,0.143762,0.008579,56,55,10,aperitivo,5ff1f306f8,1.5739
35,32,10,0.143762,0.008579,56,55,10,aperitivo,5ff1f306f8,1.5739
35,33,10,0.143762,0.008579,56,55,10,aperitivo,5ff1f306f8,1.5739
35,34,10,0.143762,0.008579,56,55,10,aperitivo,5ff1f306f8,1.5739
35,35,10,0.143762,0.008579,56,55,10,aperitivo,5ff1f306f8,1.5739
35,36,10,0.143762,0.008579,56,55,10,aperitivo,5ff1f306f8,1.5739
35,37,10,0.143762,0.008579,56,55,10,aperitivo,5ff1f306f8,1.5739
35,38,10,0.143762,0.008579,56,55,10,aperitivo,5ff1f306f8,1.5739
35,39,10,0.132193,0.008605,54,53,10,aperitivo,883344c495,1.3354
35,40,10,0.146332,0.007648,55,54,9,cerveja,8087aa80c3,1.4009
35,41,10,0.143762,0.008579,56,55,10,aperitivo,5ff1f306f8,1.5739
35,42,10,0.143762,0.008579,56,55,10,aperitivo,5ff1f306f8,1.5739
35,43,10,0.143762,0.008579,56,55,10,aperitivo,5ff1f306f8,1.5739
35,44,10,0.135495,0.007805,55,55,10,nozes, castanhas e outras oleaginosas,c1d3340988,1.5855
35,45,10,0.143762,0.008579,56,55,10,aperitivo,5ff1f306f8,1.5739
35,46,10,0.103754,0.007335,57,57,10,aperitivo,419b8be57e,1.4930
35,47,10,0.143762,0.008579,56,55,10,aperitivo,5ff1f306f8,1.5739
35,48,10,0.143762,0.008579,56,55,10,desodorante,5ff1f306f8,1.5739
35,49,10,0.106497,0.008199,55,55,10,aperitivo,822317f291,1.3649
36,0,10,0.132193,0.008605,54,53,10,aperitivo,883344c495,1.3354
36,1,10,0.132193,0.008605,54,53,10,aperitivo,883344c495,1.3354
36,2,10,0.132193,0.008605,54,53,10,aperitivo,883344c495,1.3354
36,3,10,0.124231,0.008593,58,57,10,aperitivo,4db867ccce,1.3501
36,4,10,0.143762,0.008579,56,55,10,desodorante,5ff1f306f8,1.5739
36,5,10,0.143762,0.008579,56,55,10,aperitivo,5ff1f306f8,1.5739
36,6,10,0.143762,0.008579,56,55,10,aperitivo,5ff1f306f8,1.5739
36,7,10,0.142617,0.008137,57,56,10,aperitivo,f2bedf1201,1.5668
36,8,10,0.143762,0.008579,56,55,10,aperitivo,5ff1f306f8,1.5739
36,9,10,0.136613,0.007865,50,49,10,aperitivo,86e6a58a9e,1.4447
36,10,10,0.143762,0.008579,56,55,10,aperitivo,5ff1f306f8,1.5739
36,11,10,0.132193,0.008605,54,53,10,aperitivo,883344c495,1.3354
36,12,10,0.143762,0.008579,56,55,10,desodorante,5ff1f306f8,1.5739
36,13,10,0.132193,0.008085,53,52,10,aperitivo,bbfdef4a0a,1.3644
36,14,10,0.141672,0.008689,57,56,10,aperitivo,56db9162a0,1.3515
36,15,10,0.143762,0.008579,56,55,10,aperitivo,5ff1f306f8,1.5739
36,16,10,0.143762,0.008579,56,55,10,aperitivo,5ff1f306f8,1.5739
36,17,10,0.124298,0.008171,57,56,10,aperitivo,40d663c398,1.4786
36,18,10,0.143762,0.008579,56,55,10,aperitivo,5ff1f306f8,1.5739
36,19,10,0.143762,0.008579,56,55,10,aperitivo,5ff1f306f8,1.5739
36,20,10,0.143762,0.008579,56,55,10,aperitivo,5ff1f306f8,1.5739
36,21,10,0.143762,0.008579,56,55,10,aperitivo,5ff1f306f8,1.5739
36,22,10,0.143762,0.008579,56,55,10,aperitivo,5ff1f306f8,1.5739
36,23,10,0.132193,0.008605,54,53,10,aperitivo,883344c495,1.3354
36,24,10,0.143762,0.008579,56,55,10,aperitivo,5ff1f306f8,1.5739
36,25,10,0.143762,0.008579,56,55,10,aperitivo,5ff1f306f8,1.5739
36,26,10,0.143762,0.008579,56,55,10,aperitivo,5ff1f306f8,1.5739
36,27,10,0.143762,0.008579,56,55,10,aperitivo,5ff1f306f8,1.5739
36,28,10,0.143762,0.008579,56,55,10,aperitivo,5ff1f306f8,1.5739
36,29,10,0.132193,0.008085,53,52,10,aperitivo,bbfdef4a0a,1.3644
36,30,10,0.106497,0.008199,55,55,10,aperitivo,822317f291,1.3649
36,31,10,0.143762,0.008579,56,55,10,aperitivo,5ff1f306f8,1.5739
36,32,10,0.143762,0.008579,56,55,10,aperitivo,5ff1f306f8,1.5739
36,33,10,0.124231,0.008593,58,57,10,aperitivo,4db867ccce,1.3501
36,34,10,0.144535,0.008667,59,58,10,aperitivo,bc104db230,1.3793
36,35,10,0.102463,0.007300,57,57,9,chocolate,6878315dc3,1.3254
36,36,10,0.143762,0.008579,56,55,10,aperitivo,5ff1f306f8,1.5739
36,37,10,0.143762,0.008579,56,55,10,aperitivo,5ff1f306f8,1.5739
36,38,10,0.143762,0.008579,56,55,10,aperitivo,5ff1f306f8,1.5739
36,39,10,0.143762,0.008579,56,55,10,desodorante,5ff1f306f8,1.5739
36,40,10,0.143762,0.008579,56,55,10,aperitivo,5ff1f306f8,1.5739
36,41,10,0.132193,0.008605,54,53,10,aperitivo,883344c495,1.3354
36,42,10,0.143762,0.008579,56,55,10,aperitivo,5ff1f306f8,1.5739
36,43,10,0.143762,0.008579,56,55,10,aperitivo,5ff1f306f8,1.5739
36,44,10,0.143762,0.008579,56,55,10,aperitivo,5ff1f306f8,1.5739
36,45,10,0.143762,0.008579,56,55,10,aperitivo,5ff1f306f8,1.5739
36,46,10,0.143762,0.008579,56,55,10,aperitivo,5ff1f306f8,1.5739
36,47,10,0.143762,0.008579,56,55,10,aperitivo,5ff1f306f8,1.5739
36,48,10,0.143762,0.008579,56,55,10,aperitivo,5ff1f306f8,1.5739
36,49,10,0.143762,0.008579,56,55,10,aperitivo,5ff1f306f8,1.5739
37,0,10,0.141672,0.008689,57,56,10,aperitivo,56db9162a0,1.3515
37,1,10,0.144535,0.008667,59,58,10,aperitivo,bc104db230,1.3793
37,2,10,0.132193,0.008605,54,53,10,aperitivo,883344c495,1.3354
37,3,10,0.132193,0.008605,54,53,10,aperitivo,883344c495,1.3354
37,4,10,0.132193,0.008605,54,53,10,aperitivo,883344c495,1.3354
37,5,10,0.146731,0.008166,53,52,10,aperitivo,863120e86a,1.5967
37,6,10,0.132193,0.008605,54,53,10,aperitivo,883344c495,1.3354
37,7,10,0.143762,0.008579,56,55,10,aperitivo,5ff1f306f8,1.5739
37,8,10,0.132193,0.008605,54,53,10,aperitivo,883344c495,1.3354
37,9,10,0.132193,0.008605,54,53,10,aperitivo,883344c495,1.3354
37,10,10,0.132193,0.008605,54,53,10,aperitivo,883344c495,1.3354
37,11,10,0.143762,0.008579,56,55,10,aperitivo,5ff1f306f8,1.5739
37,12,10,0.143762,0.008579,56,55,10,aperitivo,5ff1f306f8,1.5739
37,13,10,0.132193,0.008605,54,53,10,aperitivo,883344c495,1.3354
37,14,10,0.132193,0.008605,54,53,10,aperitivo,883344c495,1.3354
37,15,10,0.143762,0.008579,56,55,10,aperitivo,5ff1f306f8,1.5739
37,16,10,0.131713,0.007974,56,54,10,aperitivo,1ac6c3ba43,1.4378
37,17,10,0.132193,0.008605,54,53,10,aperitivo,883344c495,1.3354
37,18,10,0.141672,0.008689,57,56,10,aperitivo,56db9162a0,1.3515
37,19,10,0.136680,0.008595,51,50,10,aperitivo,8fcd6b0ad4,1.7015
37,20,10,0.132193,0.008085,53,52,10,aperitivo,bbfdef4a0a,1.3644
37,21,10,0.143762,0.008579,56,55,10,aperitivo,5ff1f306f8,1.5739
37,22,10,0.143762,0.008579,56,55,10,desodorante,5ff1f306f8,1.5739
37,23,10,0.143762,0.008579,56,55,10,aperitivo,5ff1f306f8,1.5739
37,24,10,0.143762,0.008579,56,55,10,aperitivo,5ff1f306f8,1.5739
37,25,10,0.132193,0.008605,54,53,10,aperitivo,883344c495,1.3354
37,26,10,0.132193,0.008605,54,53,10,aperitivo,883344c495,1.3354
37,27,10,0.141672,0.008689,57,56,10,aperitivo,56db9162a0,1.3515
37,28,10,0.143762,0.008579,56,55,10,aperitivo,5ff1f306f8,1.5739
37,29,10,0.143762,0.008579,56,55,10,aperitivo,5ff1f306f8,1.5739
37,30,10,0.143762,0.008579,56,55,10,aperitivo,5ff1f306f8,1.5739
37,31,10,0.132193,0.008605,54,53,10,aperitivo,883344c495,1.3354
37,32,10,0.101491,0.007520,60,60,10,aperitivo,ea06b28055,1.4907
37,33,10,0.132193,0.008605,54,53,10,aperitivo,883344c495,1.3354
37,34,10,0.143762,0.008579,56,55,10,aperitivo,5ff1f306f8,1.5739
37,35,10,0.143762,0.008579,56,55,10,aperitivo,5ff1f306f8,1.5739
37,36,10,0.131314,0.007516,55,53,9,biscoito,40a3589a99,1.6207
37,37,10,0.141672,0.008689,57,56,10,aperitivo,56db9162a0,1.3515
37,38,10,0.143762,0.008579,56,55,10,aperitivo,5ff1f306f8,1.5739
37,39,10,0.132193,0.008605,54,53,10,aperitivo,883344c495,1.3354
37,40,10,0.143762,0.008579,56,55,10,aperitivo,5ff1f306f8,1.5739
37,41,10,0.143762,0.008579,56,55,10,aperitivo,5ff1f306f8,1.5739
37,42,10,0.143762,0.008579,56,55,10,aperitivo,5ff1f306f8,1.5739
37,43,10,0.132193,0.008605,54,53,10,aperitivo,883344c495,1.3354
37,44,10,0.132193,0.008605,54,53,10,aperitivo,883344c495,1.3354
37,45,10,0.135055,0.008586,56,55,10,aperitivo,19e3087cff,1.4202
37,46,10,0.143762,0.008579,56,55,10,aperitivo,5ff1f306f8,1.5739
37,47,10,0.140367,0.008453,54,53,10,aperitivo,a657923c36,1.3933
37,48,10,0.143762,0.008579,56,55,10,aperitivo,5ff1f306f8,1.5739
37,49,10,0.143762,0.008579,56,55,10,aperitivo,5ff1f306f8,1.5739
38,0,10,0.141672,0.008689,57,56,10,aperitivo,56db9162a0,1.3515
38,1,10,0.141672,0.008689,57,56,10,aperitivo,56db9162a0,1.3515
38,2,10,0.141672,0.008689,57,56,10,aperitivo,56db9162a0,1.3515
38,3,10,0.141672,0.008689,57,56,10,aperitivo,56db9162a0,1.3515
38,4,10,0.144535,0.008667,59,58,10,aperitivo,bc104db230,1.3793
38,5,10,0.118666,0.008558,56,54,10,aperitivo,c1cef24468,1.5666
38,6,10,0.136680,0.008595,51,50,10,aperitivo,8fcd6b0ad4,1.7015
38,7,10,0.132193,0.008605,54,53,10,aperitivo,883344c495,1.3354
38,8,10,0.132193,0.008605,54,53,10,aperitivo,883344c495,1.3354
38,9,10,0.132193,0.008605,54,53,10,aperitivo,883344c495,1.3354
38,10,10,0.132486,0.008589,55,54,10,aperitivo,6508219bd9,1.3809
38,11,10,0.132193,0.008605,54,53,10,aperitivo,883344c495,1.3354
38,12,10,0.132193,0.008085,53,52,10,aperitivo,bbfdef4a0a,1.3644
38,13,10,0.132193,0.008605,54,53,10,aperitivo,883344c495,1.3354
38,14,10,0.143762,0.008579,56,55,10,aperitivo,5ff1f306f8,1.5739
38,15,10,0.132193,0.008605,54,53,10,aperitivo,883344c495,1.3354
38,16,10,0.132193,0.008605,54,53,10,aperitivo,883344c495,1.3354
38,17,10,0.132193,0.008605,54,53,10,aperitivo,883344c495,1.3354
38,18,10,0.141672,0.008689,57,56,10,aperitivo,56db9162a0,1.3515
38,19,10,0.132193,0.008605,54,53,10,aperitivo,883344c495,1.3354
38,20,10,0.132193,0.008605,54,53,10,aperitivo,883344c495,1.3354
38,21,10,0.143762,0.008579,56,55,10,desodorante,5ff1f306f8,1.5739
38,22,10,0.143762,0.008579,56,55,10,aperitivo,5ff1f306f8,1.5739
38,23,10,0.132193,0.008605,54,53,10,aperitivo,883344c495,1.3354
38,24,10,0.132193,0.008085,53,52,10,aperitivo,bbfdef4a0a,1.3644
38,25,10,0.132193,0.008605,54,53,10,aperitivo,883344c495,1.3354
38,26,10,0.132193,0.008605,54,53,10,aperitivo,883344c495,1.3354
38,27,10,0.121715,0.007929,55,54,10,aperitivo,7805945f3c,1.4472
38,28,10,0.136680,0.008595,51,50,10,aperitivo,8fcd6b0ad4,1.7015
38,29,10,0.136080,0.007463,59,58,10,aperitivo,8420f288d6,1.5715
38,30,10,0.141672,0.008689,57,56,10,aperitivo,56db9162a0,1.3515
38,31,10,0.141672,0.008689,57,56,10,aperitivo,56db9162a0,1.3515
38,32,10,0.132193,0.008605,54,53,10,aperitivo,883344c495,1.3354
38,33,10,0.141672,0.008689,57,56,10,aperitivo,56db9162a0,1.3515
38,34,10,0.129197,0.007547,52,51,10,aperitivo,9642a320fb,1.4179
38,35,10,0.132193,0.008605,54,53,10,aperitivo,883344c495,1.3354
38,36,10,0.132193,0.008605,54,53,10,aperitivo,883344c495,1.3354
38,37,10,0.141672,0.008689,57,56,10,aperitivo,56db9162a0,1.3515
38,38,10,0.141672,0.008689,57,56,10,aperitivo,56db9162a0,1.3515
38,39,10,0.132193,0.008605,54,53,10,aperitivo,883344c495,1.3354
38,40,10,0.132193,0.008605,54,53,10,aperitivo,883344c495,1.3354
38,41,10,0.141672,0.008689,57,56,10,aperitivo,56db9162a0,1.3515
38,42,10,0.130502,0.008473,54,53,10,aperitivo,bb66c9354a,1.3492
38,43,10,0.122767,0.007720,57,55,9,biscoito,60d9939279,1.3948
38,44,10,0.129570,0.007630,54,52,9,desodorante,6433b388b6,1.5111
38,45,10,0.129530,0.007993,53,53,10,linguica,74bfd3d038,1.4419
38,46,10,0.141672,0.008689,57,56,10,aperitivo,56db9162a0,1.3515
38,47,10,0.143762,0.008579,56,55,10,aperitivo,5ff1f306f8,1.5739
38,48,10,0.141672,0.008689,57,56,10,aperitivo,56db9162a0,1.3515
38,49,10,0.124750,0.008661,59,56,10,aperitivo,bfb4a287fb,1.6713
39,0,10,0.141672,0.008689,57,56,10,aperitivo,56db9162a0,1.3515
39,1,10,0.141672,0.008689,57,56,10,aperitivo,56db9162a0,1.3515
39,2,10,0.141672,0.008689,57,56,10,aperitivo,56db9162a0,1.3515
39,3,10,0.141672,0.008689,57,56,10,aperitivo,56db9162a0,1.3515
39,4,10,0.141672,0.008689,57,56,10,aperitivo,56db9162a0,1.3515
39,5,10,0.141672,0.008689,57,56,10,aperitivo,56db9162a0,1.3515
39,6,10,0.141672,0.008689,57,56,10,aperitivo,56db9162a0,1.3515
39,7,10,0.141672,0.008689,57,56,10,aperitivo,56db9162a0,1.3515
39,8,10,0.141672,0.008689,57,56,10,aperitivo,56db9162a0,1.3515
39,9,10,0.132193,0.008605,54,53,10,aperitivo,883344c495,1.3354
39,10,10,0.132193,0.008605,54,53,10,aperitivo,883344c495,1.3354
39,11,10,0.141672,0.008689,57,56,10,aperitivo,56db9162a0,1.3515
39,12,10,0.141672,0.008689,57,56,10,aperitivo,56db9162a0,1.3515
39,13,10,0.141672,0.008689,57,56,10,aperitivo,56db9162a0,1.3515
39,14,10,0.141672,0.008689,57,56,10,aperitivo,56db9162a0,1.3515
39,15,10,0.141672,0.008689,57,56,10,aperitivo,56db9162a0,1.3515
39,16,10,0.141672,0.008689,57,56,10,aperitivo,56db9162a0,1.3515
39,17,10,0.141672,0.008689,57,56,10,aperitivo,56db9162a0,1.3515
39,18,10,0.132193,0.008605,54,53,10,aperitivo,883344c495,1.3354
39,19,10,0.141672,0.008689,57,56,10,aperitivo,56db9162a0,1.3515
39,20,10,0.141672,0.008689,57,56,10,aperitivo,56db9162a0,1.3515
39,21,10,0.141672,0.008689,57,56,10,aperitivo,56db9162a0,1.3515
39,22,10,0.141672,0.008689,57,56,10,aperitivo,56db9162a0,1.3515
39,23,10,0.141672,0.008689,57,56,10,aperitivo,56db9162a0,1.3515
39,24,10,0.132193,0.008605,54,53,10,aperitivo,883344c495,1.3354
39,25,10,0.132193,0.008605,54,53,10,aperitivo,883344c495,1.3354
39,26,10,0.132193,0.008605,54,53,10,aperitivo,883344c495,1.3354
39,27,10,0.141672,0.008689,57,56,10,aperitivo,56db9162a0,1.3515
39,28,10,0.132193,0.008605,54,53,10,aperitivo,883344c495,1.3354
39,29,10,0.132193,0.008605,54,53,10,aperitivo,883344c495,1.3354
39,30,10,0.143762,0.008579,56,55,10,aperitivo,5ff1f306f8,1.5739
39,31,10,0.132193,0.008605,54,53,10,aperitivo,883344c495,1.3354
39,32,10,0.141672,0.008689,57,56,10,aperitivo,56db9162a0,1.3515
39,33,10,0.141672,0.008689,57,56,10,aperitivo,56db9162a0,1.3515
39,34,10,0.132193,0.008605,54,53,10,aperitivo,883344c495,1.3354
39,35,10,0.141672,0.008689,57,56,10,aperitivo,56db9162a0,1.3515
39,36,10,0.141672,0.008689,57,56,10,aperitivo,56db9162a0,1.3515
39,37,10,0.141672,0.008689,57,56,10,aperitivo,56db9162a0,1.3515
39,38,10,0.132193,0.008085,53,52,10,aperitivo,bbfdef4a0a,1.3644
39,39,10,0.141672,0.008689,57,56,10,aperitivo,56db9162a0,1.3515
39,40,10,0.141672,0.008689,57,56,10,aperitivo,56db9162a0,1.3515
39,41,10,0.141672,0.008689,57,56,10,aperitivo,56db9162a0,1.3515
39,42,10,0.140021,0.007749,57,56,9,chocolate,ff65ae9c2b,1.5823
39,43,10,0.132193,0.008605,54,53,10,aperitivo,883344c495,1.3354
39,44,10,0.141672,0.008689,57,56,10,aperitivo,56db9162a0,1.3515
39,45,10,0.132193,0.008605,54,53,10,aperitivo,883344c495,1.3354
39,46,10,0.124750,0.008661,59,56,10,ketchup,bfb4a287fb,1.6713
39,47,10,0.141672,0.008689,57,56,10,aperitivo,56db9162a0,1.3515
39,48,10,0.130502,0.008473,54,53,10,aperitivo,bb66c9354a,1.3492
39,49,10,0.141672,0.008689,57,56,10,aperitivo,56db9162a0,1.3515
40,0,10,0.141672,0.008689,57,56,10,aperitivo,56db9162a0,1.3515
40,1,10,0.141672,0.008689,57,56,10,aperitivo,56db9162a0,1.3515
40,2,10,0.141672,0.008689,57,56,10,aperitivo,56db9162a0,1.3515
40,3,10,0.141672,0.008689,57,56,10,aperitivo,56db9162a0,1.3515
40,4,10,0.141672,0.008689,57,56,10,aperitivo,56db9162a0,1.3515
40,5,10,0.141672,0.008689,57,56,10,aperitivo,56db9162a0,1.3515
40,6,10,0.141672,0.008689,57,56,10,aperitivo,56db9162a0,1.3515
40,7,10,0.141672,0.008689,57,56,10,aperitivo,56db9162a0,1.3515
40,8,10,0.141672,0.008689,57,56,10,aperitivo,56db9162a0,1.3515
40,9,10,0.141672,0.008689,57,56,10,aperitivo,56db9162a0,1.3515
40,10,10,0.141672,0.008689,57,56,10,aperitivo,56db9162a0,1.3515
40,11,10,0.141672,0.008689,57,56,10,aperitivo,56db9162a0,1.3515
40,12,10,0.141672,0.008689,57,56,10,aperitivo,56db9162a0,1.3515
40,13,10,0.081787,0.007798,59,59,10,aperitivo,569fee452c,1.5406
40,14,10,0.110052,0.008486,57,57,10,aperitivo,b5e53a5f36,1.4392
40,15,10,0.141672,0.008689,57,56,10,aperitivo,56db9162a0,1.3515
40,16,10,0.141672,0.008689,57,56,10,aperitivo,56db9162a0,1.3515
40,17,10,0.141672,0.008689,57,56,10,aperitivo,56db9162a0,1.3515
40,18,10,0.141672,0.008689,57,56,10,aperitivo,56db9162a0,1.3515
40,19,10,0.141672,0.008689,57,56,10,aperitivo,56db9162a0,1.3515
40,20,10,0.141672,0.008689,57,56,10,aperitivo,56db9162a0,1.3515
40,21,10,0.141672,0.008689,57,56,10,aperitivo,56db9162a0,1.3515
40,22,10,0.141672,0.008689,57,56,10,aperitivo,56db9162a0,1.3515
40,23,10,0.141672,0.008689,57,56,10,aperitivo,56db9162a0,1.3515
40,24,10,0.129690,0.008231,58,57,10,aperitivo,ff121f8f44,1.4853
40,25,10,0.141672,0.008689,57,56,10,aperitivo,56db9162a0,1.3515
40,26,10,0.141672,0.008689,57,56,10,aperitivo,56db9162a0,1.3515
40,27,10,0.148489,0.008402,58,57,10,aperitivo,bdb3e495f5,1.4644
40,28,10,0.141672,0.008689,57,56,10,aperitivo,56db9162a0,1.3515
40,29,10,0.141672,0.008689,57,56,10,aperitivo,56db9162a0,1.3515
40,30,10,0.141672,0.008689,57,56,10,aperitivo,56db9162a0,1.3515
40,31,10,0.141672,0.008689,57,56,10,aperitivo,56db9162a0,1.3515
40,32,10,0.141672,0.008689,57,56,10,aperitivo,56db9162a0,1.3515
40,33,10,0.141672,0.008689,57,56,10,aperitivo,56db9162a0,1.3515
40,34,10,0.141672,0.008689,57,56,10,aperitivo,56db9162a0,1.3515
40,35,10,0.141672,0.008689,57,56,10,aperitivo,56db9162a0,1.3515
40,36,10,0.141672,0.008689,57,56,10,aperitivo,56db9162a0,1.3515
40,37,10,0.105485,0.007701,56,56,10,aperitivo,06c8c8a584,1.4567
40,38,10,0.141672,0.008689,57,56,10,aperitivo,56db9162a0,1.3515
40,39,10,0.141672,0.008689,57,56,10,aperitivo,56db9162a0,1.3515
40,40,10,0.141672,0.008689,57,56,10,aperitivo,56db9162a0,1.3515
40,41,10,0.141672,0.008689,57,56,10,aperitivo,56db9162a0,1.3515
40,42,10,0.118706,0.007827,53,52,10,aperitivo,fd14add53b,1.4931
40,43,10,0.141672,0.008689,57,56,10,aperitivo,56db9162a0,1.3515
40,44,10,0.141672,0.008689,57,56,10,aperitivo,56db9162a0,1.3515
40,45,10,0.141672,0.008689,57,56,10,aperitivo,56db9162a0,1.3515
40,46,10,0.132193,0.008605,54,53,10,aperitivo,883344c495,1.3354
40,47,10,0.141672,0.008689,57,56,10,aperitivo,56db9162a0,1.3515
40,48,10,0.141672,0.008689,57,56,10,aperitivo,56db9162a0,1.3515
40,49,10,0.141672,0.008689,57,56,10,aperitivo,56db9162a0,1.3515
41,0,10,0.141672,0.008689,57,56,10,aperitivo,56db9162a0,1.3515
41,1,10,0.141672,0.008689,57,56,10,aperitivo,56db9162a0,1.3515
41,2,10,0.141672,0.008689,57,56,10,aperitivo,56db9162a0,1.3515
41,3,10,0.141672,0.008689,57,56,10,aperitivo,56db9162a0,1.3515
41,4,10,0.141672,0.008689,57,56,10,aperitivo,56db9162a0,1.3515
41,5,10,0.141672,0.008689,57,56,10,aperitivo,56db9162a0,1.3515
41,6,10,0.141672,0.008689,57,56,10,aperitivo,56db9162a0,1.3515
41,7,10,0.141672,0.008689,57,56,10,aperitivo,56db9162a0,1.3515
41,8,10,0.141672,0.008689,57,56,10,aperitivo,56db9162a0,1.3515
41,9,10,0.141672,0.008689,57,56,10,aperitivo,56db9162a0,1.3515
41,10,10,0.141672,0.008689,57,56,10,aperitivo,56db9162a0,1.3515
41,11,10,0.141672,0.008689,57,56,10,aperitivo,56db9162a0,1.3515
41,12,10,0.141672,0.008689,57,56,10,aperitivo,56db9162a0,1.3515
41,13,10,0.141672,0.008689,57,56,10,aperitivo,56db9162a0,1.3515
41,14,10,0.141672,0.008689,57,56,10,aperitivo,56db9162a0,1.3515
41,15,10,0.141672,0.008689,57,56,10,aperitivo,56db9162a0,1.3515
41,16,10,0.141672,0.008689,57,56,10,aperitivo,56db9162a0,1.3515
41,17,10,0.141672,0.008689,57,56,10,aperitivo,56db9162a0,1.3515
41,18,10,0.141672,0.008689,57,56,10,aperitivo,56db9162a0,1.3515
41,19,10,0.141672,0.008689,57,56,10,aperitivo,56db9162a0,1.3515
41,20,10,0.141672,0.008689,57,56,10,aperitivo,56db9162a0,1.3515
41,21,10,0.141672,0.008689,57,56,10,aperitivo,56db9162a0,1.3515
41,22,10,0.141672,0.008689,57,56,10,aperitivo,56db9162a0,1.3515
41,23,10,0.141672,0.008689,57,56,10,aperitivo,56db9162a0,1.3515
41,24,10,0.141672,0.008689,57,56,10,aperitivo,56db9162a0,1.3515
41,25,10,0.141672,0.008689,57,56,10,aperitivo,56db9162a0,1.3515
41,26,10,0.141672,0.008689,57,56,10,aperitivo,56db9162a0,1.3515
41,27,10,0.141672,0.008689,57,56,10,aperitivo,56db9162a0,1.3515
41,28,10,0.141672,0.008689,57,56,10,aperitivo,56db9162a0,1.3515
41,29,10,0.141672,0.008689,57,56,10,aperitivo,56db9162a0,1.3515
41,30,10,0.141672,0.008689,57,56,10,aperitivo,56db9162a0,1.3515
41,31,10,0.141672,0.008689,57,56,10,aperitivo,56db9162a0,1.3515
41,32,10,0.141672,0.008689,57,56,10,aperitivo,56db9162a0,1.3515
41,33,10,0.141672,0.008689,57,56,10,aperitivo,56db9162a0,1.3515
41,34,10,0.141672,0.008689,57,56,10,aperitivo,56db9162a0,1.3515
41,35,10,0.141672,0.008689,57,56,10,aperitivo,56db9162a0,1.3515
41,36,10,0.141672,0.008689,57,56,10,aperitivo,56db9162a0,1.3515
41,37,10,0.141672,0.008689,57,56,10,aperitivo,56db9162a0,1.3515
41,38,10,0.141672,0.008689,57,56,10,aperitivo,56db9162a0,1.3515
41,39,10,0.141672,0.008689,57,56,10,aperitivo,56db9162a0,1.3515
41,40,10,0.141672,0.008689,57,56,10,aperitivo,56db9162a0,1.3515
41,41,10,0.141672,0.008689,57,56,10,aperitivo,56db9162a0,1.3515
41,42,10,0.141672,0.008689,57,56,10,aperitivo,56db9162a0,1.3515
41,43,10,0.127160,0.007843,55,54,10,aperitivo,a50329af78,1.5551
41,44,10,0.141672,0.008689,57,56,10,aperitivo,56db9162a0,1.3515
41,45,10,0.141672,0.008689,57,56,10,aperitivo,56db9162a0,1.3515
41,46,10,0.141672,0.008689,57,56,10,aperitivo,56db9162a0,1.3515
41,47,10,0.138091,0.007887,58,57,10,aperitivo,ca02ec9ed5,1.4632
41,48,10,0.141672,0.008689,57,56,10,aperitivo,56db9162a0,1.3515
41,49,10,0.141672,0.008689,57,56,10,aperitivo,56db9162a0,1.3515
42,0,10,0.141672,0.008689,57,56,10,aperitivo,56db9162a0,1.3515
42,1,10,0.141672,0.008689,57,56,10,aperitivo,56db9162a0,1.3515
42,2,10,0.141672,0.008689,57,56,10,aperitivo,56db9162a0,1.3515
42,3,10,0.141672,0.008689,57,56,10,aperitivo,56db9162a0,1.3515
42,4,10,0.141672,0.008689,57,56,10,aperitivo,56db9162a0,1.3515
42,5,10,0.141672,0.008689,57,56,10,aperitivo,56db9162a0,1.3515
42,6,10,0.141672,0.008689,57,56,10,aperitivo,56db9162a0,1.3515
42,7,10,0.141672,0.008689,57,56,10,aperitivo,56db9162a0,1.3515
42,8,10,0.141672,0.008689,57,56,10,aperitivo,56db9162a0,1.3515
42,9,10,0.141672,0.008689,57,56,10,aperitivo,56db9162a0,1.3515
42,10,10,0.141672,0.008689,57,56,10,aperitivo,56db9162a0,1.3515
42,11,10,0.141672,0.008689,57,56,10,aperitivo,56db9162a0,1.3515
42,12,10,0.141672,0.008689,57,56,10,aperitivo,56db9162a0,1.3515
42,13,10,0.141672,0.008689,57,56,10,aperitivo,56db9162a0,1.3515
42,14,10,0.141672,0.008689,57,56,10,aperitivo,56db9162a0,1.3515
42,15,10,0.141672,0.008689,57,56,10,aperitivo,56db9162a0,1.3515
42,16,10,0.141672,0.008689,57,56,10,aperitivo,56db9162a0,1.3515
42,17,10,0.141672,0.008689,57,56,10,aperitivo,56db9162a0,1.3515
42,18,10,0.141672,0.008689,57,56,10,aperitivo,56db9162a0,1.3515
42,19,10,0.141672,0.008689,57,56,10,aperitivo,56db9162a0,1.3515
42,20,10,0.141672,0.008689,57,56,10,aperitivo,56db9162a0,1.3515
42,21,10,0.141672,0.008689,57,56,10,aperitivo,56db9162a0,1.3515
42,22,10,0.141672,0.008689,57,56,10,aperitivo,56db9162a0,1.3515
42,23,10,0.141672,0.008689,57,56,10,aperitivo,56db9162a0,1.3515
42,24,10,0.141672,0.008689,57,56,10,aperitivo,56db9162a0,1.3515
42,25,10,0.141672,0.008689,57,56,10,aperitivo,56db9162a0,1.3515
42,26,10,0.140234,0.007726,57,56,10,aperitivo,42476cd76d,1.6039
42,27,10,0.145387,0.008218,58,57,10,aperitivo,49c617e7b2,1.4779
42,28,10,0.141672,0.008689,57,56,10,aperitivo,56db9162a0,1.3515
42,29,10,0.141672,0.008689,57,56,10,aperitivo,56db9162a0,1.3515
42,30,10,0.141672,0.008689,57,56,10,aperitivo,56db9162a0,1.3515
42,31,10,0.141672,0.008689,57,56,10,aperitivo,56db9162a0,1.3515
42,32,10,0.141672,0.008689,57,56,10,aperitivo,56db9162a0,1.3515
42,33,10,0.141672,0.008689,57,56,10,aperitivo,56db9162a0,1.3515
42,34,10,0.141672,0.008689,57,56,10,aperitivo,56db9162a0,1.3515
42,35,10,0.141672,0.008689,57,56,10,aperitivo,56db9162a0,1.3515
42,36,10,0.141672,0.008689,57,56,10,aperitivo,56db9162a0,1.3515
42,37,10,0.141672,0.008689,57,56,10,aperitivo,56db9162a0,1.3515
42,38,10,0.141672,0.008689,57,56,10,aperitivo,56db9162a0,1.3515
42,39,10,0.141672,0.008689,57,56,10,aperitivo,56db9162a0,1.3515
42,40,10,0.141672,0.008689,57,56,10,aperitivo,56db9162a0,1.3515
42,41,10,0.141672,0.008689,57,56,10,aperitivo,56db9162a0,1.3515
42,42,10,0.135574,0.008097,59,58,10,aperitivo,6cfe51ea64,1.4132
42,43,10,0.151564,0.008562,59,58,10,aperitivo,45166cf59b,1.5083
42,44,10,0.141672,0.008689,57,56,10,aperitivo,56db9162a0,1.3515
42,45,10,0.141672,0.008689,57,56,10,aperitivo,56db9162a0,1.3515
42,46,10,0.141672,0.008689,57,56,10,aperitivo,56db9162a0,1.3515
42,47,10,0.141672,0.008689,57,56,10,aperitivo,56db9162a0,1.3515
42,48,10,0.141672,0.008689,57,56,10,aperitivo,56db9162a0,1.3515
42,49,10,0.141672,0.008689,57,56,10,aperitivo,56db9162a0,1.3515
43,0,10,0.141672,0.008689,57,56,10,aperitivo,56db9162a0,1.3515
43,1,10,0.141672,0.008689,57,56,10,aperitivo,56db9162a0,1.3515
43,2,10,0.141672,0.008689,57,56,10,aperitivo,56db9162a0,1.3515
43,3,10,0.141672,0.008689,57,56,10,aperitivo,56db9162a0,1.3515
43,4,10,0.141672,0.008689,57,56,10,aperitivo,56db9162a0,1.3515
43,5,10,0.141672,0.008689,57,56,10,aperitivo,56db9162a0,1.3515
43,6,10,0.132366,0.007840,57,57,10,achocolatado,8bc11e5983,1.4873
43,7,10,0.141672,0.008689,57,56,10,aperitivo,56db9162a0,1.3515
43,8,10,0.135308,0.007854,57,56,10,aperitivo,c98e6b5ec9,1.3911
43,9,10,0.141672,0.008689,57,56,10,aperitivo,56db9162a0,1.3515
43,10,10,0.141672,0.008689,57,56,10,aperitivo,56db9162a0,1.3515
43,11,10,0.141672,0.008689,57,56,10,aperitivo,56db9162a0,1.3515
43,12,10,0.128185,0.008669,59,58,10,aperitivo,40c027b8bb,1.4563
43,13,10,0.141672,0.008689,57,56,10,aperitivo,56db9162a0,1.3515
43,14,10,0.141672,0.008689,57,56,10,aperitivo,56db9162a0,1.3515
43,15,10,0.141672,0.008689,57,56,10,aperitivo,56db9162a0,1.3515
43,16,10,0.141672,0.008689,57,56,10,aperitivo,56db9162a0,1.3515
43,17,10,0.141672,0.008689,57,56,10,aperitivo,56db9162a0,1.3515
43,18,10,0.141672,0.008689,57,56,10,aperitivo,56db9162a0,1.3515
43,19,10,0.141672,0.008689,57,56,10,aperitivo,56db9162a0,1.3515
43,20,10,0.141672,0.008689,57,56,10,aperitivo,56db9162a0,1.3515
43,21,10,0.141672,0.008689,57,56,10,aperitivo,56db9162a0,1.3515
43,22,10,0.141672,0.008689,57,56,10,aperitivo,56db9162a0,1.3515
43,23,10,0.141672,0.008689,57,56,10,aperitivo,56db9162a0,1.3515
43,24,10,0.141672,0.008689,57,56,10,aperitivo,56db9162a0,1.3515
43,25,10,0.141672,0.008689,57,56,10,aperitivo,56db9162a0,1.3515
43,26,10,0.141672,0.008689,57,56,10,aperitivo,56db9162a0,1.3515
43,27,10,0.141672,0.008689,57,56,10,aperitivo,56db9162a0,1.3515
43,28,10,0.123672,0.007417,59,59,10,morango,e81429a075,1.4790
43,29,10,0.141672,0.008689,57,56,10,aperitivo,56db9162a0,1.3515
43,30,10,0.141672,0.008689,57,56,10,aperitivo,56db9162a0,1.3515
43,31,10,0.141672,0.008689,57,56,10,aperitivo,56db9162a0,1.3515
43,32,10,0.141672,0.008689,57,56,10,aperitivo,56db9162a0,1.3515
43,33,10,0.141672,0.008689,57,56,10,aperitivo,56db9162a0,1.3515
43,34,10,0.141672,0.008689,57,56,10,aperitivo,56db9162a0,1.3515
43,35,10,0.141672,0.008689,57,56,10,aperitivo,56db9162a0,1.3515
43,36,10,0.141672,0.008689,57,56,10,aperitivo,56db9162a0,1.3515
43,37,10,0.141672,0.008689,57,56,10,aperitivo,56db9162a0,1.3515
43,38,10,0.141672,0.008689,57,56,10,aperitivo,56db9162a0,1.3515
43,39,10,0.141672,0.008689,57,56,10,aperitivo,56db9162a0,1.3515
43,40,10,0.141672,0.008689,57,56,10,aperitivo,56db9162a0,1.3515
43,41,10,0.141672,0.008689,57,56,10,aperitivo,56db9162a0,1.3515
43,42,10,0.141672,0.008689,57,56,10,aperitivo,56db9162a0,1.3515
43,43,10,0.141672,0.008689,57,56,10,aperitivo,56db9162a0,1.3515
43,44,10,0.141672,0.008689,57,56,10,aperitivo,56db9162a0,1.3515
43,45,10,0.141672,0.008689,57,56,10,aperitivo,56db9162a0,1.3515
43,46,10,0.141672,0.008689,57,56,10,aperitivo,56db9162a0,1.3515
43,47,10,0.141672,0.008689,57,56,10,aperitivo,56db9162a0,1.3515
43,48,10,0.141672,0.008689,57,56,10,aperitivo,56db9162a0,1.3515
43,49,10,0.141672,0.008689,57,56,10,aperitivo,56db9162a0,1.3515
44,0,10,0.141672,0.008689,57,56,10,aperitivo,56db9162a0,1.3515
44,1,10,0.141672,0.008689,57,56,10,aperitivo,56db9162a0,1.3515
44,2,10,0.141672,0.008689,57,56,10,aperitivo,56db9162a0,1.3515
44,3,10,0.141672,0.008689,57,56,10,aperitivo,56db9162a0,1.3515
44,4,10,0.141672,0.008689,57,56,10,aperitivo,56db9162a0,1.3515
44,5,10,0.141672,0.008689,57,56,10,aperitivo,56db9162a0,1.3515
44,6,10,0.141672,0.008689,57,56,10,aperitivo,56db9162a0,1.3515
44,7,10,0.141672,0.008689,57,56,10,aperitivo,56db9162a0,1.3515
44,8,10,0.141672,0.008689,57,56,10,aperitivo,56db9162a0,1.3515
44,9,10,0.141672,0.008689,57,56,10,aperitivo,56db9162a0,1.3515
44,10,10,0.141672,0.008689,57,56,10,aperitivo,56db9162a0,1.3515
44,11,10,0.141672,0.008689,57,56,10,aperitivo,56db9162a0,1.3515
44,12,10,0.141672,0.008689,57,56,10,aperitivo,56db9162a0,1.3515
44,13,10,0.141672,0.008689,57,56,10,aperitivo,56db9162a0,1.3515
44,14,10,0.141659,0.008197,57,56,10,aperitivo,781bbbc955,1.5742
44,15,10,0.141672,0.008689,57,56,10,aperitivo,56db9162a0,1.3515
44,16,10,0.141672,0.008689,57,56,10,aperitivo,56db9162a0,1.3515
44,17,10,0.141672,0.008689,57,56,10,aperitivo,56db9162a0,1.3515
44,18,10,0.141672,0.008689,57,56,10,aperitivo,56db9162a0,1.3515
44,19,10,0.141672,0.008689,57,56,10,aperitivo,56db9162a0,1.3515
44,20,10,0.141672,0.008689,57,56,10,aperitivo,56db9162a0,1.3515
44,21,10,0.141672,0.008689,57,56,10,aperitivo,56db9162a0,1.3515
44,22,10,0.141672,0.008689,57,56,10,aperitivo,56db9162a0,1.3515
44,23,10,0.141672,0.008689,57,56,10,aperitivo,56db9162a0,1.3515
44,24,10,0.141672,0.008689,57,56,10,aperitivo,56db9162a0,1.3515
44,25,10,0.141672,0.008689,57,56,10,aperitivo,56db9162a0,1.3515
44,26,10,0.141672,0.008689,57,56,10,aperitivo,56db9162a0,1.3515
44,27,10,0.141672,0.008689,57,56,10,aperitivo,56db9162a0,1.3515
44,28,10,0.141672,0.008689,57,56,10,aperitivo,56db9162a0,1.3515
44,29,10,0.141672,0.008689,57,56,10,aperitivo,56db9162a0,1.3515
44,30,10,0.141672,0.008689,57,56,10,aperitivo,56db9162a0,1.3515
44,31,10,0.141672,0.008689,57,56,10,aperitivo,56db9162a0,1.3515
44,32,10,0.141672,0.008689,57,56,10,aperitivo,56db9162a0,1.3515
44,33,10,0.141672,0.008689,57,56,10,aperitivo,56db9162a0,1.3515
44,34,10,0.141672,0.008689,57,56,10,aperitivo,56db9162a0,1.3515
44,35,10,0.141672,0.008689,57,56,10,aperitivo,56db9162a0,1.3515
44,36,10,0.141672,0.008689,57,56,10,aperitivo,56db9162a0,1.3515
44,37,10,0.141672,0.008689,57,56,10,aperitivo,56db9162a0,1.3515
44,38,10,0.141672,0.008689,57,56,10,aperitivo,56db9162a0,1.3515
44,39,10,0.141672,0.008689,57,56,10,aperitivo,56db9162a0,1.3515
44,40,10,0.126188,0.007902,55,54,10,aperitivo,c1e7f937cd,1.3945
44,41,10,0.141672,0.008689,57,56,10,aperitivo,56db9162a0,1.3515
44,42,10,0.141672,0.008689,57,56,10,aperitivo,56db9162a0,1.3515
44,43,10,0.141672,0.008689,57,56,10,aperitivo,56db9162a0,1.3515
44,44,10,0.141672,0.008689,57,56,10,aperitivo,56db9162a0,1.3515
44,45,10,0.141672,0.008689,57,56,10,aperitivo,56db9162a0,1.3515
44,46,10,0.141672,0.008689,57,56,10,aperitivo,56db9162a0,1.3515
44,47,10,0.138131,0.007502,59,57,9,biscoito,c67d89e869,1.4091
44,48,10,0.141672,0.008689,57,56,10,aperitivo,56db9162a0,1.3515
44,49,10,0.141672,0.008689,57,56,10,aperitivo,56db9162a0,1.3515
45,0,10,0.141672,0.008689,57,56,10,aperitivo,56db9162a0,1.3515
45,1,10,0.141672,0.008689,57,56,10,aperitivo,56db9162a0,1.3515
45,2,10,0.141672,0.008689,57,56,10,aperitivo,56db9162a0,1.3515
45,3,10,0.141672,0.008689,57,56,10,aperitivo,56db9162a0,1.3515
45,4,10,0.141672,0.008689,57,56,10,aperitivo,56db9162a0,1.3515
45,5,10,0.128505,0.007934,57,56,10,aperitivo,576ab89fed,1.7476
45,6,10,0.141672,0.008689,57,56,10,aperitivo,56db9162a0,1.3515
45,7,10,0.141672,0.008689,57,56,10,aperitivo,56db9162a0,1.3515
45,8,10,0.141672,0.008689,57,56,10,aperitivo,56db9162a0,1.3515
45,9,10,0.141672,0.008689,57,56,10,aperitivo,56db9162a0,1.3515
45,10,10,0.141672,0.008689,57,56,10,aperitivo,56db9162a0,1.3515
45,11,10,0.141672,0.008689,57,56,10,aperitivo,56db9162a0,1.3515
45,12,10,0.141672,0.008689,57,56,10,aperitivo,56db9162a0,1.3515
45,13,10,0.141672,0.008689,57,56,10,aperitivo,56db9162a0,1.3515
45,14,10,0.141672,0.008689,57,56,10,aperitivo,56db9162a0,1.3515
45,15,10,0.141672,0.008689,57,56,10,aperitivo,56db9162a0,1.3515
45,16,10,0.141672,0.008689,57,56,10,aperitivo,56db9162a0,1.3515
45,17,10,0.141672,0.008689,57,56,10,aperitivo,56db9162a0,1.3515
45,18,10,0.141672,0.008689,57,56,10,aperitivo,56db9162a0,1.3515
45,19,10,0.141672,0.008689,57,56,10,aperitivo,56db9162a0,1.3515
45,20,10,0.141672,0.008689,57,56,10,aperitivo,56db9162a0,1.3515
45,21,10,0.141672,0.008689,57,56,10,aperitivo,56db9162a0,1.3515
45,22,10,0.141672,0.008689,57,56,10,aperitivo,56db9162a0,1.3515
45,23,10,0.141672,0.008689,57,56,10,aperitivo,56db9162a0,1.3515
45,24,10,0.141672,0.008689,57,56,10,aperitivo,56db9162a0,1.3515
45,25,10,0.141672,0.008689,57,56,10,aperitivo,56db9162a0,1.3515
45,26,10,0.139822,0.007946,62,61,10,aperitivo,242a84ddf7,1.4961
45,27,10,0.141672,0.008689,57,56,10,aperitivo,56db9162a0,1.3515
45,28,10,0.141672,0.008689,57,56,10,aperitivo,56db9162a0,1.3515
45,29,10,0.134536,0.007929,59,58,10,aperitivo,d5f7b29e44,1.6932
45,30,10,0.141672,0.008689,57,56,10,aperitivo,56db9162a0,1.3515
45,31,10,0.141672,0.008689,57,56,10,aperitivo,56db9162a0,1.3515
45,32,10,0.141672,0.008689,57,56,10,aperitivo,56db9162a0,1.3515
45,33,10,0.141672,0.008689,57,56,10,aperitivo,56db9162a0,1.3515
45,34,10,0.141672,0.008689,57,56,10,aperitivo,56db9162a0,1.3515
45,35,10,0.141672,0.008689,57,56,10,aperitivo,56db9162a0,1.3515
45,36,10,0.129517,0.007464,56,55,10,aperitivo,19e4b8416b,1.4653
45,37,10,0.141672,0.008689,57,56,10,aperitivo,56db9162a0,1.3515
45,38,10,0.141672,0.008689,57,56,10,aperitivo,56db9162a0,1.3515
45,39,10,0.141672,0.008689,57,56,10,aperitivo,56db9162a0,1.3515
45,40,10,0.141672,0.008689,57,56,10,aperitivo,56db9162a0,1.3515
45,41,10,0.141672,0.008689,57,56,10,aperitivo,56db9162a0,1.3515
45,42,10,0.129024,0.007439,55,53,10,aperitivo,13fd20c922,1.4969
45,43,10,0.141672,0.008689,57,56,10,aperitivo,56db9162a0,1.3515
45,44,10,0.141672,0.008689,57,56,10,aperitivo,56db9162a0,1.3515
45,45,10,0.141672,0.008689,57,56,10,aperitivo,56db9162a0,1.3515
45,46,10,0.141672,0.008689,57,56,10,aperitivo,56db9162a0,1.3515
45,47,10,0.141672,0.008689,57,56,10,aperitivo,56db9162a0,1.3515
45,48,10,0.141672,0.008689,57,56,10,aperitivo,56db9162a0,1.3515
45,49,10,0.141672,0.008689,57,56,10,aperitivo,56db9162a0,1.3515
46,0,10,0.141672,0.008689,57,56,10,aperitivo,56db9162a0,1.3515
46,1,10,0.141672,0.008689,57,56,10,aperitivo,56db9162a0,1.3515
46,2,10,0.141672,0.008689,57,56,10,aperitivo,56db9162a0,1.3515
46,3,10,0.141672,0.008689,57,56,10,aperitivo,56db9162a0,1.3515
46,4,10,0.141672,0.008689,57,56,10,aperitivo,56db9162a0,1.3515
46,5,10,0.141672,0.008689,57,56,10,aperitivo,56db9162a0,1.3515
46,6,10,0.141672,0.008689,57,56,10,aperitivo,56db9162a0,1.3515
46,7,10,0.141672,0.008689,57,56,10,aperitivo,56db9162a0,1.3515
46,8,10,0.141672,0.008689,57,56,10,aperitivo,56db9162a0,1.3515
46,9,10,0.123193,0.007918,57,55,10,aperitivo,143668f4cb,1.6211
46,10,10,0.141672,0.008689,57,56,10,aperitivo,56db9162a0,1.3515
46,11,10,0.141672,0.008689,57,56,10,aperitivo,56db9162a0,1.3515
46,12,10,0.141672,0.008689,57,56,10,aperitivo,56db9162a0,1.3515
46,13,10,0.141672,0.008689,57,56,10,aperitivo,56db9162a0,1.3515
46,14,10,0.141672,0.008689,57,56,10,aperitivo,56db9162a0,1.3515
46,15,10,0.141672,0.008689,57,56,10,aperitivo,56db9162a0,1.3515
46,16,10,0.141672,0.008689,57,56,10,aperitivo,56db9162a0,1.3515
46,17,10,0.141672,0.008689,57,56,10,aperitivo,56db9162a0,1.3515
46,18,10,0.141672,0.008689,57,56,10,aperitivo,56db9162a0,1.3515
46,19,10,0.141672,0.008689,57,56,10,aperitivo,56db9162a0,1.3515
46,20,10,0.141672,0.008689,57,56,10,aperitivo,56db9162a0,1.3515
46,21,10,0.141672,0.008689,57,56,10,aperitivo,56db9162a0,1.3515
46,22,10,0.141672,0.008689,57,56,10,aperitivo,56db9162a0,1.3515
46,23,10,0.141672,0.008689,57,56,10,aperitivo,56db9162a0,1.3515
46,24,10,0.141672,0.008689,57,56,10,aperitivo,56db9162a0,1.3515
46,25,10,0.141672,0.008689,57,56,10,aperitivo,56db9162a0,1.3515
46,26,10,0.141672,0.008689,57,56,10,aperitivo,56db9162a0,1.3515
46,27,10,0.141672,0.008689,57,56,10,aperitivo,56db9162a0,1.3515
46,28,10,0.135375,0.007786,58,57,10,aperitivo,8f341985ec,1.4580
46,29,10,0.141672,0.008689,57,56,10,aperitivo,56db9162a0,1.3515
46,30,10,0.109786,0.008055,58,58,10,aperitivo,6207a171b8,1.3962
46,31,10,0.141672,0.008689,57,56,10,aperitivo,56db9162a0,1.3515
46,32,10,0.141672,0.008689,57,56,10,aperitivo,56db9162a0,1.3515
46,33,10,0.141672,0.008689,57,56,10,aperitivo,56db9162a0,1.3515
46,34,10,0.141672,0.008689,57,56,10,aperitivo,56db9162a0,1.3515
46,35,10,0.141672,0.008689,57,56,10,aperitivo,56db9162a0,1.3515
46,36,10,0.141672,0.008689,57,56,10,aperitivo,56db9162a0,1.3515
46,37,10,0.141672,0.008689,57,56,10,aperitivo,56db9162a0,1.3515
46,38,10,0.141672,0.008689,57,56,10,aperitivo,56db9162a0,1.3515
46,39,10,0.141672,0.008689,57,56,10,aperitivo,56db9162a0,1.3515
46,40,10,0.141672,0.008689,57,56,10,aperitivo,56db9162a0,1.3515
46,41,10,0.141672,0.008689,57,56,10,aperitivo,56db9162a0,1.3515
46,42,10,0.141672,0.008689,57,56,10,aperitivo,56db9162a0,1.3515
46,43,10,0.141672,0.008689,57,56,10,aperitivo,56db9162a0,1.3515
46,44,10,0.141672,0.008689,57,56,10,aperitivo,56db9162a0,1.3515
46,45,10,0.141672,0.008689,57,56,10,aperitivo,56db9162a0,1.3515
46,46,10,0.141672,0.008689,57,56,10,aperitivo,56db9162a0,1.3515
46,47,10,0.141672,0.008689,57,56,10,aperitivo,56db9162a0,1.3515
46,48,10,0.141672,0.008689,57,56,10,aperitivo,56db9162a0,1.3515
46,49,10,0.141672,0.008689,57,56,10,aperitivo,56db9162a0,1.3515
47,0,10,0.141672,0.008689,57,56,10,aperitivo,56db9162a0,1.3515
47,1,10,0.141672,0.008689,57,56,10,aperitivo,56db9162a0,1.3515
47,2,10,0.141672,0.008689,57,56,10,aperitivo,56db9162a0,1.3515
47,3,10,0.141672,0.008689,57,56,10,aperitivo,56db9162a0,1.3515
47,4,10,0.141672,0.008689,57,56,10,aperitivo,56db9162a0,1.3515
47,5,10,0.141672,0.008689,57,56,10,aperitivo,56db9162a0,1.3515
47,6,10,0.141672,0.008689,57,56,10,aperitivo,56db9162a0,1.3515
47,7,10,0.146359,0.008580,54,53,10,aperitivo,608f59823a,1.6578
47,8,10,0.141672,0.008689,57,56,10,aperitivo,56db9162a0,1.3515
47,9,10,0.141672,0.008689,57,56,10,aperitivo,56db9162a0,1.3515
47,10,10,0.141672,0.008689,57,56,10,aperitivo,56db9162a0,1.3515
47,11,10,0.141672,0.008689,57,56,10,aperitivo,56db9162a0,1.3515
47,12,10,0.141672,0.008689,57,56,10,aperitivo,56db9162a0,1.3515
47,13,10,0.141672,0.008689,57,56,10,aperitivo,56db9162a0,1.3515
47,14,10,0.101358,0.007526,57,57,10,aperitivo,92731065dc,1.4832
47,15,10,0.141672,0.008689,57,56,10,aperitivo,56db9162a0,1.3515
47,16,10,0.141672,0.008689,57,56,10,aperitivo,56db9162a0,1.3515
47,17,10,0.141672,0.008689,57,56,10,aperitivo,56db9162a0,1.3515
47,18,10,0.141672,0.008689,57,56,10,aperitivo,56db9162a0,1.3515
47,19,10,0.141672,0.008689,57,56,10,aperitivo,56db9162a0,1.3515
47,20,10,0.141672,0.008689,57,56,10,aperitivo,56db9162a0,1.3515
47,21,10,0.141672,0.008689,57,56,10,aperitivo,56db9162a0,1.3515
47,22,10,0.141672,0.008689,57,56,10,aperitivo,56db9162a0,1.3515
47,23,10,0.141672,0.008689,57,56,10,aperitivo,56db9162a0,1.3515
47,24,10,0.141672,0.008689,57,56,10,aperitivo,56db9162a0,1.3515
47,25,10,0.135654,0.007946,56,55,10,aperitivo,ff6cb6d0c8,1.5571
47,26,10,0.141672,0.008689,57,56,10,aperitivo,56db9162a0,1.3515
47,27,10,0.141672,0.008689,57,56,10,aperitivo,56db9162a0,1.3515
47,28,10,0.141672,0.008689,57,56,10,aperitivo,56db9162a0,1.3515
47,29,10,0.141672,0.008689,57,56,10,aperitivo,56db9162a0,1.3515
47,30,10,0.141672,0.008689,57,56,10,aperitivo,56db9162a0,1.3515
47,31,10,0.141672,0.008689,57,56,10,aperitivo,56db9162a0,1.3515
47,32,10,0.141672,0.008689,57,56,10,aperitivo,56db9162a0,1.3515
47,33,10,0.141672,0.008689,57,56,10,aperitivo,56db9162a0,1.3515
47,34,10,0.141672,0.008689,57,56,10,aperitivo,56db9162a0,1.3515
47,35,10,0.141672,0.008689,57,56,10,aperitivo,56db9162a0,1.3515
47,36,10,0.141672,0.008689,57,56,10,aperitivo,56db9162a0,1.3515
47,37,10,0.141672,0.008689,57,56,10,aperitivo,56db9162a0,1.3515
47,38,10,0.141672,0.008689,57,56,10,aperitivo,56db9162a0,1.3515
47,39,10,0.104753,0.008334,54,53,10,aperitivo,39f95c3e86,1.2982
47,40,10,0.141672,0.008689,57,56,10,aperitivo,56db9162a0,1.3515
47,41,10,0.141672,0.008689,57,56,10,aperitivo,56db9162a0,1.3515
47,42,10,0.141672,0.008689,57,56,10,aperitivo,56db9162a0,1.3515
47,43,10,0.141672,0.008689,57,56,10,aperitivo,56db9162a0,1.3515
47,44,10,0.141672,0.008689,57,56,10,aperitivo,56db9162a0,1.3515
47,45,10,0.141672,0.008689,57,56,10,aperitivo,56db9162a0,1.3515
47,46,10,0.124844,0.007891,55,54,10,aperitivo,a901cc6c20,1.4975
47,47,10,0.141672,0.008689,57,56,10,aperitivo,56db9162a0,1.3515
47,48,10,0.141672,0.008689,57,56,10,aperitivo,56db9162a0,1.3515
47,49,10,0.141672,0.008689,57,56,10,aperitivo,56db9162a0,1.3515
48,0,10,0.141672,0.008689,57,56,10,aperitivo,56db9162a0,1.3515
48,1,10,0.141672,0.008689,57,56,10,aperitivo,56db9162a0,1.3515
48,2,10,0.141672,0.008689,57,56,10,aperitivo,56db9162a0,1.3515
48,3,10,0.141672,0.008689,57,56,10,aperitivo,56db9162a0,1.3515
48,4,10,0.141672,0.008689,57,56,10,aperitivo,56db9162a0,1.3515
48,5,10,0.141672,0.008689,57,56,10,aperitivo,56db9162a0,1.3515
48,6,10,0.141672,0.008689,57,56,10,aperitivo,56db9162a0,1.3515
48,7,10,0.141672,0.008689,57,56,10,aperitivo,56db9162a0,1.3515
48,8,10,0.141672,0.008689,57,56,10,aperitivo,56db9162a0,1.3515
48,9,10,0.141672,0.008689,57,56,10,aperitivo,56db9162a0,1.3515
48,10,10,0.141672,0.008689,57,56,10,aperitivo,56db9162a0,1.3515
48,11,10,0.141672,0.008689,57,56,10,aperitivo,56db9162a0,1.3515
48,12,10,0.141672,0.008689,57,56,10,aperitivo,56db9162a0,1.3515
48,13,10,0.141672,0.008689,57,56,10,aperitivo,56db9162a0,1.3515
48,14,10,0.141672,0.008689,57,56,10,aperitivo,56db9162a0,1.3515
48,15,10,0.141672,0.008689,57,56,10,aperitivo,56db9162a0,1.3515
48,16,10,0.141672,0.008689,57,56,10,aperitivo,56db9162a0,1.3515
48,17,10,0.141672,0.008689,57,56,10,aperitivo,56db9162a0,1.3515
48,18,10,0.141672,0.008689,57,56,10,aperitivo,56db9162a0,1.3515
48,19,10,0.141672,0.008689,57,56,10,aperitivo,56db9162a0,1.3515
48,20,10,0.141672,0.008689,57,56,10,aperitivo,56db9162a0,1.3515
48,21,10,0.124351,0.007838,59,55,9,creme dental,e64b716a0c,1.4149
48,22,10,0.141672,0.008689,57,56,10,aperitivo,56db9162a0,1.3515
48,23,10,0.141672,0.008689,57,56,10,aperitivo,56db9162a0,1.3515
48,24,10,0.141672,0.008689,57,56,10,aperitivo,56db9162a0,1.3515
48,25,10,0.141672,0.008689,57,56,10,aperitivo,56db9162a0,1.3515
48,26,10,0.141672,0.008689,57,56,10,aperitivo,56db9162a0,1.3515
48,27,10,0.141672,0.008689,57,56,10,aperitivo,56db9162a0,1.3515
48,28,10,0.141672,0.008689,57,56,10,aperitivo,56db9162a0,1.3515
48,29,10,0.141672,0.008689,57,56,10,aperitivo,56db9162a0,1.3515
48,30,10,0.141672,0.008689,57,56,10,aperitivo,56db9162a0,1.3515
48,31,10,0.141672,0.008689,57,56,10,aperitivo,56db9162a0,1.3515
48,32,10,0.116469,0.007394,57,56,10,panificacao natal,116d8ed19a,1.3530
48,33,10,0.141672,0.008689,57,56,10,aperitivo,56db9162a0,1.3515
48,34,10,0.141672,0.008689,57,56,10,aperitivo,56db9162a0,1.3515
48,35,10,0.141672,0.008689,57,56,10,aperitivo,56db9162a0,1.3515
48,36,10,0.141672,0.008689,57,56,10,aperitivo,56db9162a0,1.3515
48,37,10,0.141672,0.008689,57,56,10,aperitivo,56db9162a0,1.3515
48,38,10,0.141672,0.008689,57,56,10,aperitivo,56db9162a0,1.3515
48,39,10,0.141672,0.008689,57,56,10,aperitivo,56db9162a0,1.3515
48,40,10,0.141672,0.008689,57,56,10,aperitivo,56db9162a0,1.3515
48,41,10,0.141672,0.008689,57,56,10,aperitivo,56db9162a0,1.3515
48,42,10,0.141672,0.008689,57,56,10,aperitivo,56db9162a0,1.3515
48,43,10,0.141672,0.008689,57,56,10,aperitivo,56db9162a0,1.3515
48,44,10,0.141672,0.008689,57,56,10,aperitivo,56db9162a0,1.3515
48,45,10,0.141672,0.008689,57,56,10,aperitivo,56db9162a0,1.3515
48,46,10,0.120929,0.008143,59,58,10,aperitivo,6eb86dcf05,1.4484
48,47,10,0.141672,0.008689,57,56,10,aperitivo,56db9162a0,1.3515
48,48,10,0.140035,0.008655,56,55,10,aperitivo,4741597f4d,1.3192
48,49,10,0.141672,0.008689,57,56,10,aperitivo,56db9162a0,1.3515
49,0,10,0.141672,0.008689,57,56,10,aperitivo,56db9162a0,1.3515
49,1,10,0.141672,0.008689,57,56,10,aperitivo,56db9162a0,1.3515
49,2,10,0.141672,0.008689,57,56,10,aperitivo,56db9162a0,1.3515
49,3,10,0.141672,0.008689,57,56,10,aperitivo,56db9162a0,1.3515
49,4,10,0.141672,0.008689,57,56,10,aperitivo,56db9162a0,1.3515
49,5,10,0.141672,0.008689,57,56,10,aperitivo,56db9162a0,1.3515
49,6,10,0.141672,0.008689,57,56,10,aperitivo,56db9162a0,1.3515
49,7,10,0.141672,0.008689,57,56,10,aperitivo,56db9162a0,1.3515
49,8,10,0.141672,0.008689,57,56,10,aperitivo,56db9162a0,1.3515
49,9,10,0.147158,0.008914,52,51,10,aperitivo,19e8a2ffaf,1.5132
49,10,10,0.141672,0.008689,57,56,10,aperitivo,56db9162a0,1.3515
49,11,10,0.141672,0.008689,57,56,10,aperitivo,56db9162a0,1.3515
49,12,10,0.141672,0.008689,57,56,10,aperitivo,56db9162a0,1.3515
49,13,10,0.141672,0.008689,57,56,10,aperitivo,56db9162a0,1.3515
49,14,10,0.141672,0.008689,57,56,10,aperitivo,56db9162a0,1.3515
49,15,10,0.141672,0.008689,57,56,10,aperitivo,56db9162a0,1.3515
49,16,10,0.141672,0.008689,57,56,10,aperitivo,56db9162a0,1.3515
49,17,10,0.141672,0.008689,57,56,10,aperitivo,56db9162a0,1.3515
49,18,10,0.141672,0.008689,57,56,10,aperitivo,56db9162a0,1.3515
49,19,10,0.141672,0.008689,57,56,10,aperitivo,56db9162a0,1.3515
49,20,10,0.141672,0.008689,57,56,10,aperitivo,56db9162a0,1.3515
49,21,10,0.141672,0.008689,57,56,10,aperitivo,56db9162a0,1.3515
49,22,10,0.141672,0.008689,57,56,10,aperitivo,56db9162a0,1.3515
49,23,10,0.129011,0.007808,56,54,9,biscoito,9e019a5fe4,1.3854
49,24,10,0.141672,0.008689,57,56,10,aperitivo,56db9162a0,1.3515
49,25,10,0.141672,0.008689,57,56,10,aperitivo,56db9162a0,1.3515
49,26,10,0.141672,0.008689,57,56,10,aperitivo,56db9162a0,1.3515
49,27,10,0.141672,0.008689,57,56,10,aperitivo,56db9162a0,1.3515
49,28,10,0.138410,0.007530,56,55,10,aperitivo,7fb30e275c,1.3170
49,29,10,0.141672,0.008689,57,56,10,aperitivo,56db9162a0,1.3515
49,30,10,0.141672,0.008689,57,56,10,aperitivo,56db9162a0,1.3515
49,31,10,0.141672,0.008689,57,56,10,aperitivo,56db9162a0,1.3515
49,32,10,0.141672,0.008689,57,56,10,aperitivo,56db9162a0,1.3515
49,33,10,0.112568,0.007875,58,57,10,aperitivo,bb554a54c0,1.4166
49,34,10,0.141672,0.008689,57,56,10,aperitivo,56db9162a0,1.3515
49,35,10,0.141672,0.008689,57,56,10,aperitivo,56db9162a0,1.3515
49,36,10,0.141672,0.008689,57,56,10,aperitivo,56db9162a0,1.3515
49,37,10,0.141672,0.008689,57,56,10,aperitivo,56db9162a0,1.3515
49,38,10,0.141672,0.008689,57,56,10,aperitivo,56db9162a0,1.3515
49,39,10,0.141672,0.008689,57,56,10,aperitivo,56db9162a0,1.3515
49,40,10,0.141672,0.008689,57,56,10,aperitivo,56db9162a0,1.3515
49,41,10,0.141672,0.008689,57,56,10,aperitivo,56db9162a0,1.3515
49,42,10,0.141672,0.008689,57,56,10,aperitivo,56db9162a0,1.3515
49,43,10,0.141672,0.008689,57,56,10,aperitivo,56db9162a0,1.3515
49,44,10,0.141672,0.008689,57,56,10,aperitivo,56db9162a0,1.3515
49,45,10,0.141672,0.008689,57,56,10,aperitivo,56db9162a0,1.3515
49,46,10,0.141672,0.008689,57,56,10,aperitivo,56db9162a0,1.3515
49,47,10,0.141672,0.008689,57,56,10,aperitivo,56db9162a0,1.3515
49,48,10,0.141672,0.008689,57,56,10,aperitivo,56db9162a0,1.3515
49,49,10,0.141672,0.008689,57,56,10,aperitivo,56db9162a0,1.3515
50,0,10,0.147158,0.008914,52,51,10,aperitivo,19e8a2ffaf,1.5132
50,1,10,0.141672,0.008689,57,56,10,aperitivo,56db9162a0,1.3515
50,2,10,0.141672,0.008689,57,56,10,aperitivo,56db9162a0,1.3515
50,3,10,0.141672,0.008689,57,56,10,aperitivo,56db9162a0,1.3515
50,4,10,0.141672,0.008689,57,56,10,aperitivo,56db9162a0,1.3515
50,5,10,0.141672,0.008689,57,56,10,aperitivo,56db9162a0,1.3515
50,6,10,0.141672,0.008689,57,56,10,aperitivo,56db9162a0,1.3515
50,7,10,0.141672,0.008689,57,56,10,aperitivo,56db9162a0,1.3515
50,8,10,0.141672,0.008689,57,56,10,aperitivo,56db9162a0,1.3515
50,9,10,0.113780,0.008556,55,54,10,aperitivo,a3255dd073,1.6596
50,10,10,0.141672,0.008689,57,56,10,aperitivo,56db9162a0,1.3515
50,11,10,0.141672,0.008689,57,56,10,aperitivo,56db9162a0,1.3515
50,12,10,0.139409,0.007108,56,54,9,desodorante,defac4d425,1.3476
50,13,10,0.141672,0.008689,57,56,10,aperitivo,56db9162a0,1.3515
50,14,10,0.112022,0.008524,58,56,10,aperitivo,beb94a5150,1.3999
50,15,10,0.141672,0.008689,57,56,10,aperitivo,56db9162a0,1.3515
50,16,10,0.141672,0.008689,57,56,10,aperitivo,56db9162a0,1.3515
50,17,10,0.141672,0.008689,57,56,10,aperitivo,56db9162a0,1.3515
50,18,10,0.141672,0.008689,57,56,10,aperitivo,56db9162a0,1.3515
50,19,10,0.141672,0.008689,57,56,10,aperitivo,56db9162a0,1.3515
50,20,10,0.141672,0.008689,57,56,10,aperitivo,56db9162a0,1.3515
50,21,10,0.141672,0.008689,57,56,10,aperitivo,56db9162a0,1.3515
50,22,10,0.147158,0.008914,52,51,10,aperitivo,19e8a2ffaf,1.5132
50,23,10,0.141672,0.008689,57,56,10,aperitivo,56db9162a0,1.3515
50,24,10,0.141672,0.008689,57,56,10,aperitivo,56db9162a0,1.3515
50,25,10,0.141672,0.008689,57,56,10,aperitivo,56db9162a0,1.3515
50,26,10,0.123632,0.007295,60,58,9,creme dental,db0b7f2a0b,1.3796
50,27,10,0.141672,0.008689,57,56,10,aperitivo,56db9162a0,1.3515
50,28,10,0.141672,0.008689,57,56,10,aperitivo,56db9162a0,1.3515
50,29,10,0.133577,0.007887,56,55,10,aperitivo,d8a1a426bd,1.4086
50,30,10,0.141672,0.008689,57,56,10,aperitivo,56db9162a0,1.3515
50,31,10,0.141672,0.008689,57,56,10,aperitivo,56db9162a0,1.3515
50,32,10,0.141672,0.008689,57,56,10,aperitivo,56db9162a0,1.3515
50,33,10,0.141672,0.008689,57,56,10,aperitivo,56db9162a0,1.3515
50,34,10,0.141672,0.008689,57,56,10,aperitivo,56db9162a0,1.3515
50,35,10,0.141672,0.008689,57,56,10,aperitivo,56db9162a0,1.3515
50,36,10,0.141672,0.008689,57,56,10,aperitivo,56db9162a0,1.3515
50,37,10,0.141672,0.008689,57,56,10,aperitivo,56db9162a0,1.3515
50,38,10,0.141672,0.008689,57,56,10,aperitivo,56db9162a0,1.3515
50,39,10,0.141672,0.008689,57,56,10,aperitivo,56db9162a0,1.3515
50,40,10,0.141672,0.008689,57,56,10,aperitivo,56db9162a0,1.3515
50,41,10,0.141672,0.008689,57,56,10,aperitivo,56db9162a0,1.3515
50,42,10,0.141672,0.008689,57,56,10,aperitivo,56db9162a0,1.3515
50,43,10,0.141672,0.008689,57,56,10,aperitivo,56db9162a0,1.3515
50,44,10,0.141672,0.008689,57,56,10,aperitivo,56db9162a0,1.3515
50,45,10,0.147158,0.008914,52,51,10,aperitivo,19e8a2ffaf,1.5132
50,46,10,0.147158,0.008914,52,51,10,aperitivo,19e8a2ffaf,1.5132
50,47,10,0.134150,0.008089,56,55,9,cerveja,ce1387ed9b,1.4010
50,48,10,0.141672,0.008689,57,56,10,aperitivo,56db9162a0,1.3515
50,49,10,0.141672,0.008689,57,56,10,aperitivo,56db9162a0,1.3515
51,0,10,0.147158,0.008914,52,51,10,aperitivo,19e8a2ffaf,1.5132
51,1,10,0.147158,0.008914,52,51,10,aperitivo,19e8a2ffaf,1.5132
51,2,10,0.147158,0.008914,52,51,10,aperitivo,19e8a2ffaf,1.5132
51,3,10,0.147158,0.008914,52,51,10,aperitivo,19e8a2ffaf,1.5132
51,4,10,0.141672,0.008689,57,56,10,aperitivo,56db9162a0,1.3515
51,5,10,0.141672,0.008689,57,56,10,aperitivo,56db9162a0,1.3515
51,6,10,0.141672,0.008689,57,56,10,aperitivo,56db9162a0,1.3515
51,7,10,0.141672,0.008689,57,56,10,aperitivo,56db9162a0,1.3515
51,8,10,0.147158,0.008914,52,51,10,aperitivo,19e8a2ffaf,1.5132
51,9,10,0.122261,0.008427,53,51,10,aperitivo,fea69915d4,1.7097
51,10,10,0.108880,0.008156,56,55,10,aperitivo,5d8027efe5,1.3917
51,11,10,0.142937,0.008904,55,54,10,aperitivo,e800705774,1.4422
51,12,10,0.147158,0.008914,52,51,10,aperitivo,19e8a2ffaf,1.5132
51,13,10,0.141672,0.008689,57,56,10,aperitivo,56db9162a0,1.3515
51,14,10,0.141672,0.008689,57,56,10,aperitivo,56db9162a0,1.3515
51,15,10,0.141672,0.008689,57,56,10,aperitivo,56db9162a0,1.3515
51,16,10,0.141672,0.008689,57,56,10,aperitivo,56db9162a0,1.3515
51,17,10,0.141672,0.008689,57,56,10,aperitivo,56db9162a0,1.3515
51,18,10,0.141672,0.008689,57,56,10,aperitivo,56db9162a0,1.3515
51,19,10,0.141672,0.008689,57,56,10,aperitivo,56db9162a0,1.3515
51,20,10,0.147158,0.008914,52,51,10,aperitivo,19e8a2ffaf,1.5132
51,21,10,0.141672,0.008689,57,56,10,aperitivo,56db9162a0,1.3515
51,22,10,0.147158,0.008914,52,51,10,aperitivo,19e8a2ffaf,1.5132
51,23,10,0.141100,0.008047,51,50,10,aperitivo,05f9144ab8,1.4108
51,24,10,0.155159,0.008438,52,51,10,aperitivo,f20b200429,1.3947
51,25,10,0.141672,0.008689,57,56,10,aperitivo,56db9162a0,1.3515
51,26,10,0.141672,0.008689,57,56,10,aperitivo,56db9162a0,1.3515
51,27,10,0.141672,0.008689,57,56,10,aperitivo,56db9162a0,1.3515
51,28,10,0.141672,0.008689,57,56,10,aperitivo,56db9162a0,1.3515
51,29,10,0.142937,0.008904,55,54,10,aperitivo,e800705774,1.4422
51,30,10,0.116562,0.008519,56,56,10,aperitivo,4559926b74,1.4658
51,31,10,0.141672,0.008689,57,56,10,aperitivo,56db9162a0,1.3515
51,32,10,0.141672,0.008689,57,56,10,aperitivo,56db9162a0,1.3515
51,33,10,0.141672,0.008689,57,56,10,aperitivo,56db9162a0,1.3515
51,34,10,0.141672,0.008689,57,56,10,aperitivo,56db9162a0,1.3515
51,35,10,0.141672,0.008689,57,56,10,aperitivo,56db9162a0,1.3515
51,36,10,0.141672,0.008689,57,56,10,aperitivo,56db9162a0,1.3515
51,37,10,0.141672,0.008689,57,56,10,aperitivo,56db9162a0,1.3515
51,38,10,0.141672,0.008689,57,56,10,aperitivo,56db9162a0,1.3515
51,39,10,0.141672,0.008689,57,56,10,aperitivo,56db9162a0,1.3515
51,40,10,0.141672,0.008689,57,56,10,aperitivo,56db9162a0,1.3515
51,41,10,0.141672,0.008689,57,56,10,aperitivo,56db9162a0,1.3515
51,42,10,0.141672,0.008689,57,56,10,aperitivo,56db9162a0,1.3515
51,43,10,0.141672,0.008689,57,56,10,aperitivo,56db9162a0,1.3515
51,44,10,0.141672,0.008689,57,56,10,aperitivo,56db9162a0,1.3515
51,45,10,0.141672,0.008689,57,56,10,aperitivo,56db9162a0,1.3515
51,46,10,0.141672,0.008689,57,56,10,aperitivo,56db9162a0,1.3515
51,47,10,0.143097,0.008302,60,59,10,aperitivo,2ab4ad2c0e,1.3354
51,48,10,0.141672,0.008689,57,56,10,aperitivo,56db9162a0,1.3515
51,49,10,0.141672,0.008689,57,56,10,aperitivo,56db9162a0,1.3515
52,0,10,0.147158,0.008914,52,51,10,aperitivo,19e8a2ffaf,1.5132
52,1,10,0.147158,0.008914,52,51,10,aperitivo,19e8a2ffaf,1.5132
52,2,10,0.147158,0.008914,52,51,10,aperitivo,19e8a2ffaf,1.5132
52,3,10,0.147158,0.008914,52,51,10,aperitivo,19e8a2ffaf,1.5132
52,4,10,0.147158,0.008914,52,51,10,aperitivo,19e8a2ffaf,1.5132
52,5,10,0.129490,0.008104,57,56,10,aperitivo,be12d4a9ae,1.5556
52,6,10,0.147158,0.008914,52,51,10,aperitivo,19e8a2ffaf,1.5132
52,7,10,0.143749,0.007801,52,50,9,iogurte,f50474361f,1.3738
52,8,10,0.147158,0.008914,52,51,10,aperitivo,19e8a2ffaf,1.5132
52,9,10,0.141672,0.008689,57,56,10,aperitivo,56db9162a0,1.3515
52,10,10,0.147158,0.008914,52,51,10,aperitivo,19e8a2ffaf,1.5132
52,11,10,0.141672,0.008689,57,56,10,aperitivo,56db9162a0,1.3515
52,12,10,0.147158,0.008914,52,51,10,aperitivo,19e8a2ffaf,1.5132
52,13,10,0.141672,0.008689,57,56,10,aperitivo,56db9162a0,1.3515
52,14,10,0.131154,0.008293,57,56,10,aperitivo,7e91ba189f,1.3607
52,15,10,0.141672,0.008689,57,56,10,aperitivo,56db9162a0,1.3515
52,16,10,0.141672,0.008689,57,56,10,aperitivo,56db9162a0,1.3515
52,17,10,0.141672,0.008689,57,56,10,aperitivo,56db9162a0,1.3515
52,18,10,0.141672,0.008689,57,56,10,aperitivo,56db9162a0,1.3515
52,19,10,0.120224,0.008096,56,55,10,aperitivo,2409880f41,1.3664
52,20,10,0.147158,0.008914,52,51,10,aperitivo,19e8a2ffaf,1.5132
52,21,10,0.141672,0.008689,57,56,10,aperitivo,56db9162a0,1.3515
52,22,10,0.141672,0.008689,57,56,10,aperitivo,56db9162a0,1.3515
52,23,10,0.141672,0.008689,57,56,10,aperitivo,56db9162a0,1.3515
52,24,10,0.141672,0.008689,57,56,10,aperitivo,56db9162a0,1.3515
52,25,10,0.147158,0.008914,52,51,10,aperitivo,19e8a2ffaf,1.5132
52,26,10,0.141672,0.008689,57,56,10,aperitivo,56db9162a0,1.3515
52,27,10,0.141672,0.008689,57,56,10,aperitivo,56db9162a0,1.3515
52,28,10,0.128159,0.007667,53,52,10,aperitivo,63a1d83b37,1.4663
52,29,10,0.142937,0.008904,55,54,10,aperitivo,e800705774,1.4422
52,30,10,0.147158,0.008914,52,51,10,aperitivo,19e8a2ffaf,1.5132
52,31,10,0.141672,0.008689,57,56,10,aperitivo,56db9162a0,1.3515
52,32,10,0.147158,0.008914,52,51,10,aperitivo,19e8a2ffaf,1.5132
52,33,10,0.141672,0.008689,57,56,10,aperitivo,56db9162a0,1.3515
52,34,10,0.147158,0.008914,52,51,10,aperitivo,19e8a2ffaf,1.5132
52,35,10,0.141672,0.008689,57,56,10,aperitivo,56db9162a0,1.3515
52,36,10,0.147158,0.008914,52,51,10,aperitivo,19e8a2ffaf,1.5132
52,37,10,0.147158,0.008914,52,51,10,aperitivo,19e8a2ffaf,1.5132
52,38,10,0.154014,0.008896,57,56,10,aperitivo,66cc1c38e0,1.4300
52,39,10,0.147158,0.008914,52,51,10,aperitivo,19e8a2ffaf,1.5132
52,40,10,0.141672,0.008689,57,56,10,aperitivo,56db9162a0,1.3515
52,41,10,0.147158,0.008914,52,51,10,aperitivo,19e8a2ffaf,1.5132
52,42,10,0.128997,0.007490,54,52,10,aperitivo,70bdea2475,1.5310
52,43,10,0.147158,0.008914,52,51,10,aperitivo,19e8a2ffaf,1.5132
52,44,10,0.141672,0.008689,57,56,10,aperitivo,56db9162a0,1.3515
52,45,10,0.147158,0.008914,52,51,10,aperitivo,19e8a2ffaf,1.5132
52,46,10,0.142937,0.008904,55,54,10,aperitivo,e800705774,1.4422
52,47,10,0.147158,0.008914,52,51,10,aperitivo,19e8a2ffaf,1.5132
52,48,10,0.147158,0.008914,52,51,10,aperitivo,19e8a2ffaf,1.5132
52,49,10,0.147158,0.008914,52,51,10,aperitivo,19e8a2ffaf,1.5132
53,0,10,0.147158,0.008914,52,51,10,aperitivo,19e8a2ffaf,1.5132
53,1,10,0.147158,0.008914,52,51,10,aperitivo,19e8a2ffaf,1.5132
53,2,10,0.147158,0.008914,52,51,10,aperitivo,19e8a2ffaf,1.5132
53,3,10,0.147158,0.008914,52,51,10,aperitivo,19e8a2ffaf,1.5132
53,4,10,0.147158,0.008914,52,51,10,aperitivo,19e8a2ffaf,1.5132
53,5,10,0.147158,0.008914,52,51,10,aperitivo,19e8a2ffaf,1.5132
53,6,10,0.147158,0.008914,52,51,10,aperitivo,19e8a2ffaf,1.5132
53,7,10,0.147158,0.008914,52,51,10,aperitivo,19e8a2ffaf,1.5132
53,8,10,0.147158,0.008914,52,51,10,aperitivo,19e8a2ffaf,1.5132
53,9,10,0.147158,0.008914,52,51,10,aperitivo,19e8a2ffaf,1.5132
53,10,10,0.133271,0.008128,50,48,10,aperitivo,bb939f6c32,1.5242
53,11,10,0.147158,0.008914,52,51,10,aperitivo,19e8a2ffaf,1.5132
53,12,10,0.147158,0.008914,52,51,10,aperitivo,19e8a2ffaf,1.5132
53,13,10,0.108028,0.007711,52,52,9,iogurte,1c6c015d45,1.4166
53,14,10,0.147158,0.008914,52,51,10,aperitivo,19e8a2ffaf,1.5132
53,15,10,0.147158,0.008914,52,51,10,aperitivo,19e8a2ffaf,1.5132
53,16,10,0.147158,0.008914,52,51,10,aperitivo,19e8a2ffaf,1.5132
53,17,10,0.147158,0.008914,52,51,10,aperitivo,19e8a2ffaf,1.5132
53,18,10,0.141672,0.008689,57,56,10,aperitivo,56db9162a0,1.3515
53,19,10,0.147158,0.008914,52,51,10,aperitivo,19e8a2ffaf,1.5132
53,20,10,0.147158,0.008914,52,51,10,aperitivo,19e8a2ffaf,1.5132
53,21,10,0.147158,0.008914,52,51,10,aperitivo,19e8a2ffaf,1.5132
53,22,10,0.147158,0.008914,52,51,10,aperitivo,19e8a2ffaf,1.5132
53,23,10,0.147158,0.008914,52,51,10,aperitivo,19e8a2ffaf,1.5132
53,24,10,0.147158,0.008914,52,51,10,aperitivo,19e8a2ffaf,1.5132
53,25,10,0.147158,0.008914,52,51,10,aperitivo,19e8a2ffaf,1.5132
53,26,10,0.128997,0.007905,54,53,9,biscoito,4f1495e65c,1.3776
53,27,10,0.147158,0.008914,52,51,10,aperitivo,19e8a2ffaf,1.5132
53,28,10,0.147158,0.008914,52,51,10,aperitivo,19e8a2ffaf,1.5132
53,29,10,0.133351,0.008366,50,49,10,aperitivo,cbce9a001b,1.3448
53,30,10,0.135601,0.007981,50,49,10,aperitivo,f3380f4e99,1.3490
53,31,10,0.147158,0.008914,52,51,10,aperitivo,19e8a2ffaf,1.5132
53,32,10,0.147158,0.008914,52,51,10,aperitivo,19e8a2ffaf,1.5132
53,33,10,0.147158,0.008914,52,51,10,aperitivo,19e8a2ffaf,1.5132
53,34,10,0.147158,0.008914,52,51,10,aperitivo,19e8a2ffaf,1.5132
53,35,10,0.147158,0.008914,52,51,10,aperitivo,19e8a2ffaf,1.5132
53,36,10,0.147158,0.008914,52,51,10,aperitivo,19e8a2ffaf,1.5132
53,37,10,0.147158,0.008914,52,51,10,aperitivo,19e8a2ffaf,1.5132
53,38,10,0.147158,0.008914,52,51,10,aperitivo,19e8a2ffaf,1.5132
53,39,10,0.147158,0.008914,52,51,10,aperitivo,19e8a2ffaf,1.5132
53,40,10,0.147158,0.008914,52,51,10,aperitivo,19e8a2ffaf,1.5132
53,41,10,0.147158,0.008914,52,51,10,aperitivo,19e8a2ffaf,1.5132
53,42,10,0.147158,0.008914,52,51,10,aperitivo,19e8a2ffaf,1.5132
53,43,10,0.147158,0.008914,52,51,10,aperitivo,19e8a2ffaf,1.5132
53,44,10,0.154014,0.008896,57,56,10,aperitivo,66cc1c38e0,1.4300
53,45,10,0.147158,0.008914,52,51,10,aperitivo,19e8a2ffaf,1.5132
53,46,10,0.147158,0.008914,52,51,10,aperitivo,19e8a2ffaf,1.5132
53,47,10,0.141672,0.008689,57,56,10,aperitivo,56db9162a0,1.3515
53,48,10,0.147158,0.008914,52,51,10,aperitivo,19e8a2ffaf,1.5132
53,49,10,0.147158,0.008914,52,51,10,aperitivo,19e8a2ffaf,1.5132
54,0,10,0.147158,0.008914,52,51,10,aperitivo,19e8a2ffaf,1.5132
54,1,10,0.147158,0.008914,52,51,10,aperitivo,19e8a2ffaf,1.5132
54,2,10,0.147158,0.008914,52,51,10,aperitivo,19e8a2ffaf,1.5132
54,3,10,0.147158,0.008914,52,51,10,aperitivo,19e8a2ffaf,1.5132
54,4,10,0.147158,0.008914,52,51,10,aperitivo,19e8a2ffaf,1.5132
54,5,10,0.147158,0.008914,52,51,10,aperitivo,19e8a2ffaf,1.5132
54,6,10,0.147158,0.008914,52,51,10,aperitivo,19e8a2ffaf,1.5132
54,7,10,0.147158,0.008914,52,51,10,aperitivo,19e8a2ffaf,1.5132
54,8,10,0.147158,0.008914,52,51,10,aperitivo,19e8a2ffaf,1.5132
54,9,10,0.147158,0.008914,52,51,10,aperitivo,19e8a2ffaf,1.5132
54,10,10,0.147158,0.008914,52,51,10,aperitivo,19e8a2ffaf,1.5132
54,11,10,0.147158,0.008914,52,51,10,aperitivo,19e8a2ffaf,1.5132
54,12,10,0.147158,0.008914,52,51,10,aperitivo,19e8a2ffaf,1.5132
54,13,10,0.147158,0.008914,52,51,10,aperitivo,19e8a2ffaf,1.5132
54,14,10,0.147158,0.008914,52,51,10,aperitivo,19e8a2ffaf,1.5132
54,15,10,0.147158,0.008914,52,51,10,aperitivo,19e8a2ffaf,1.5132
54,16,10,0.147158,0.008914,52,51,10,aperitivo,19e8a2ffaf,1.5132
54,17,10,0.147158,0.008914,52,51,10,aperitivo,19e8a2ffaf,1.5132
54,18,10,0.147158,0.008914,52,51,10,aperitivo,19e8a2ffaf,1.5132
54,19,10,0.147158,0.008914,52,51,10,aperitivo,19e8a2ffaf,1.5132
54,20,10,0.147158,0.008914,52,51,10,aperitivo,19e8a2ffaf,1.5132
54,21,10,0.147158,0.008914,52,51,10,aperitivo,19e8a2ffaf,1.5132
54,22,10,0.147158,0.008914,52,51,10,aperitivo,19e8a2ffaf,1.5132
54,23,10,0.147158,0.008914,52,51,10,aperitivo,19e8a2ffaf,1.5132
54,24,10,0.147158,0.008914,52,51,10,aperitivo,19e8a2ffaf,1.5132
54,25,10,0.147158,0.008914,52,51,10,aperitivo,19e8a2ffaf,1.5132
54,26,10,0.147158,0.008914,52,51,10,aperitivo,19e8a2ffaf,1.5132
54,27,10,0.147158,0.008914,52,51,10,aperitivo,19e8a2ffaf,1.5132
54,28,10,0.147158,0.008914,52,51,10,aperitivo,19e8a2ffaf,1.5132
54,29,10,0.147158,0.008914,52,51,10,aperitivo,19e8a2ffaf,1.5132
54,30,10,0.147158,0.008914,52,51,10,aperitivo,19e8a2ffaf,1.5132
54,31,10,0.147158,0.008914,52,51,10,aperitivo,19e8a2ffaf,1.5132
54,32,10,0.147158,0.008914,52,51,10,aperitivo,19e8a2ffaf,1.5132
54,33,10,0.145893,0.008040,52,49,9,desodorante,947761ddd3,1.4465
54,34,10,0.147158,0.008914,52,51,10,aperitivo,19e8a2ffaf,1.5132
54,35,10,0.147158,0.008914,52,51,10,aperitivo,19e8a2ffaf,1.5132
54,36,10,0.147158,0.008914,52,51,10,aperitivo,19e8a2ffaf,1.5132
54,37,10,0.147158,0.008914,52,51,10,aperitivo,19e8a2ffaf,1.5132
54,38,10,0.147158,0.008914,52,51,10,aperitivo,19e8a2ffaf,1.5132
54,39,10,0.147158,0.008914,52,51,10,aperitivo,19e8a2ffaf,1.5132
54,40,10,0.147158,0.008914,52,51,10,aperitivo,19e8a2ffaf,1.5132
54,41,10,0.147158,0.008914,52,51,10,aperitivo,19e8a2ffaf,1.5132
54,42,10,0.147158,0.008914,52,51,10,aperitivo,19e8a2ffaf,1.5132
54,43,10,0.147158,0.008914,52,51,10,aperitivo,19e8a2ffaf,1.5132
54,44,10,0.147158,0.008914,52,51,10,aperitivo,19e8a2ffaf,1.5132
54,45,10,0.147158,0.008914,52,51,10,aperitivo,19e8a2ffaf,1.5132
54,46,10,0.104860,0.008279,54,52,10,aperitivo,959dde7a7d,1.3946
54,47,10,0.147158,0.008914,52,51,10,aperitivo,19e8a2ffaf,1.5132
54,48,10,0.147158,0.008914,52,51,10,aperitivo,19e8a2ffaf,1.5132
54,49,10,0.147158,0.008914,52,51,10,aperitivo,19e8a2ffaf,1.5132
55,0,10,0.147158,0.008914,52,51,10,aperitivo,19e8a2ffaf,1.5132
55,1,10,0.147158,0.008914,52,51,10,aperitivo,19e8a2ffaf,1.5132
55,2,10,0.147158,0.008914,52,51,10,aperitivo,19e8a2ffaf,1.5132
55,3,10,0.147158,0.008914,52,51,10,aperitivo,19e8a2ffaf,1.5132
55,4,10,0.147158,0.008914,52,51,10,aperitivo,19e8a2ffaf,1.5132
55,5,10,0.146478,0.008869,52,51,10,aperitivo,acbf69822d,1.4268
55,6,10,0.147158,0.008914,52,51,10,aperitivo,19e8a2ffaf,1.5132
55,7,10,0.147158,0.008914,52,51,10,aperitivo,19e8a2ffaf,1.5132
55,8,10,0.147158,0.008914,52,51,10,aperitivo,19e8a2ffaf,1.5132
55,9,10,0.147158,0.008914,52,51,10,aperitivo,19e8a2ffaf,1.5132
55,10,10,0.147158,0.008914,52,51,10,aperitivo,19e8a2ffaf,1.5132
55,11,10,0.147158,0.008914,52,51,10,aperitivo,19e8a2ffaf,1.5132
55,12,10,0.147158,0.008914,52,51,10,aperitivo,19e8a2ffaf,1.5132
55,13,10,0.147158,0.008914,52,51,10,aperitivo,19e8a2ffaf,1.5132
55,14,10,0.147158,0.008914,52,51,10,aperitivo,19e8a2ffaf,1.5132
55,15,10,0.147158,0.008914,52,51,10,aperitivo,19e8a2ffaf,1.5132
55,16,10,0.147158,0.008914,52,51,10,aperitivo,19e8a2ffaf,1.5132
55,17,10,0.147158,0.008914,52,51,10,aperitivo,19e8a2ffaf,1.5132
55,18,10,0.147158,0.008914,52,51,10,aperitivo,19e8a2ffaf,1.5132
55,19,10,0.147158,0.008914,52,51,10,aperitivo,19e8a2ffaf,1.5132
55,20,10,0.147158,0.008914,52,51,10,aperitivo,19e8a2ffaf,1.5132
55,21,10,0.145147,0.008189,50,49,10,aperitivo,b48e37d2d1,1.4569
55,22,10,0.147158,0.008914,52,51,10,aperitivo,19e8a2ffaf,1.5132
55,23,10,0.140394,0.007694,55,53,9,chocolate,00ca5b53de,1.4285
55,24,10,0.147158,0.008914,52,51,10,aperitivo,19e8a2ffaf,1.5132
55,25,10,0.147158,0.008914,52,51,10,aperitivo,19e8a2ffaf,1.5132
55,26,10,0.147158,0.008914,52,51,10,aperitivo,19e8a2ffaf,1.5132
55,27,10,0.147158,0.008914,52,51,10,aperitivo,19e8a2ffaf,1.5132
55,28,10,0.147158,0.008914,52,51,10,aperitivo,19e8a2ffaf,1.5132
55,29,10,0.141978,0.008932,53,53,10,aparelho de barbear e depilatorio,ff91dda276,1.4402
55,30,10,0.147158,0.008914,52,51,10,aperitivo,19e8a2ffaf,1.5132
55,31,10,0.147158,0.008914,52,51,10,aperitivo,19e8a2ffaf,1.5132
55,32,10,0.147158,0.008914,52,51,10,aperitivo,19e8a2ffaf,1.5132
55,33,10,0.133431,0.007823,50,49,10,aperitivo,d98e68852a,1.5830
55,34,10,0.147158,0.008914,52,51,10,aperitivo,19e8a2ffaf,1.5132
55,35,10,0.156810,0.008754,52,51,10,aperitivo,16489a5b56,1.3808
55,36,10,0.147158,0.008914,52,51,10,aperitivo,19e8a2ffaf,1.5132
55,37,10,0.133311,0.008184,54,53,10,aperitivo,d936403d14,1.4648
55,38,10,0.147158,0.008914,52,51,10,aperitivo,19e8a2ffaf,1.5132
55,39,10,0.147158,0.008914,52,51,10,aperitivo,19e8a2ffaf,1.5132
55,40,10,0.136400,0.008134,52,50,9,sabonete,4d10c0b915,1.3615
55,41,10,0.147158,0.008914,52,51,10,aperitivo,19e8a2ffaf,1.5132
55,42,10,0.147158,0.008914,52,51,10,aperitivo,19e8a2ffaf,1.5132
55,43,10,0.108840,0.007901,51,51,10,aperitivo,c6eb2541fc,1.3298
55,44,10,0.147158,0.008914,52,51,10,aperitivo,19e8a2ffaf,1.5132
55,45,10,0.147158,0.008914,52,51,10,aperitivo,19e8a2ffaf,1.5132
55,46,10,0.147158,0.008914,52,51,10,aperitivo,19e8a2ffaf,1.5132
55,47,10,0.147158,0.008914,52,51,10,aperitivo,19e8a2ffaf,1.5132
55,48,10,0.147158,0.008914,52,51,10,aperitivo,19e8a2ffaf,1.5132
55,49,10,0.147158,0.008914,52,51,10,aperitivo,19e8a2ffaf,1.5132
56,0,10,0.141978,0.008932,53,53,10,aparelho de barbear e depilatorio,ff91dda276,1.4402
56,1,10,0.147158,0.008914,52,51,10,aperitivo,19e8a2ffaf,1.5132
56,2,10,0.147158,0.008914,52,51,10,aperitivo,19e8a2ffaf,1.5132
56,3,10,0.147158,0.008914,52,51,10,aperitivo,19e8a2ffaf,1.5132
56,4,10,0.147158,0.008914,52,51,10,aperitivo,19e8a2ffaf,1.5132
56,5,10,0.147158,0.008914,52,51,10,aperitivo,19e8a2ffaf,1.5132
56,6,10,0.147158,0.008914,52,51,10,aperitivo,19e8a2ffaf,1.5132
56,7,10,0.147158,0.008914,52,51,10,aperitivo,19e8a2ffaf,1.5132
56,8,10,0.147158,0.008914,52,51,10,aperitivo,19e8a2ffaf,1.5132
56,9,10,0.147158,0.008914,52,51,10,aperitivo,19e8a2ffaf,1.5132
56,10,10,0.147158,0.008914,52,51,10,aperitivo,19e8a2ffaf,1.5132
56,11,10,0.147158,0.008914,52,51,10,aperitivo,19e8a2ffaf,1.5132
56,12,10,0.141978,0.008932,53,53,10,desodorante,ff91dda276,1.4402
56,13,10,0.147158,0.008914,52,51,10,aperitivo,19e8a2ffaf,1.5132
56,14,10,0.147158,0.008914,52,51,10,aperitivo,19e8a2ffaf,1.5132
56,15,10,0.147158,0.008914,52,51,10,aperitivo,19e8a2ffaf,1.5132
56,16,10,0.147158,0.008914,52,51,10,aperitivo,19e8a2ffaf,1.5132
56,17,10,0.147158,0.008914,52,51,10,aperitivo,19e8a2ffaf,1.5132
56,18,10,0.147158,0.008914,52,51,10,aperitivo,19e8a2ffaf,1.5132
56,19,10,0.118706,0.008431,51,50,10,aperitivo,1d06200e90,1.4490
56,20,10,0.147158,0.008914,52,51,10,aperitivo,19e8a2ffaf,1.5132
56,21,10,0.147158,0.008914,52,51,10,aperitivo,19e8a2ffaf,1.5132
56,22,10,0.147158,0.008914,52,51,10,aperitivo,19e8a2ffaf,1.5132
56,23,10,0.147158,0.008914,52,51,10,aperitivo,19e8a2ffaf,1.5132
56,24,10,0.147158,0.008914,52,51,10,aperitivo,19e8a2ffaf,1.5132
56,25,10,0.147158,0.008914,52,51,10,aperitivo,19e8a2ffaf,1.5132
56,26,10,0.147158,0.008914,52,51,10,aperitivo,19e8a2ffaf,1.5132
56,27,10,0.147158,0.008914,52,51,10,aperitivo,19e8a2ffaf,1.5132
56,28,10,0.141978,0.008932,53,53,10,aparelho de barbear e depilatorio,ff91dda276,1.4402
56,29,10,0.147158,0.008914,52,51,10,aperitivo,19e8a2ffaf,1.5132
56,30,10,0.147158,0.008914,52,51,10,aperitivo,19e8a2ffaf,1.5132
56,31,10,0.147158,0.008914,52,51,10,aperitivo,19e8a2ffaf,1.5132
56,32,10,0.147158,0.008914,52,51,10,aperitivo,19e8a2ffaf,1.5132
56,33,10,0.147158,0.008914,52,51,10,aperitivo,19e8a2ffaf,1.5132
56,34,10,0.147158,0.008914,52,51,10,aperitivo,19e8a2ffaf,1.5132
56,35,10,0.147158,0.008914,52,51,10,aperitivo,19e8a2ffaf,1.5132
56,36,10,0.147158,0.008914,52,51,10,aperitivo,19e8a2ffaf,1.5132
56,37,10,0.147158,0.008914,52,51,10,aperitivo,19e8a2ffaf,1.5132
56,38,10,0.147158,0.008914,52,51,10,aperitivo,19e8a2ffaf,1.5132
56,39,10,0.147158,0.008914,52,51,10,aperitivo,19e8a2ffaf,1.5132
56,40,10,0.147158,0.008914,52,51,10,aperitivo,19e8a2ffaf,1.5132
56,41,10,0.141978,0.008932,53,53,10,desodorante,ff91dda276,1.4402
56,42,10,0.147158,0.008914,52,51,10,aperitivo,19e8a2ffaf,1.5132
56,43,10,0.147158,0.008914,52,51,10,aperitivo,19e8a2ffaf,1.5132
56,44,10,0.147158,0.008914,52,51,10,aperitivo,19e8a2ffaf,1.5132
56,45,10,0.147158,0.008914,52,51,10,aperitivo,19e8a2ffaf,1.5132
56,46,10,0.147158,0.008914,52,51,10,aperitivo,19e8a2ffaf,1.5132
56,47,10,0.147158,0.008914,52,51,10,aperitivo,19e8a2ffaf,1.5132
56,48,10,0.147158,0.008914,52,51,10,aperitivo,19e8a2ffaf,1.5132
56,49,10,0.147158,0.008914,52,51,10,aperitivo,19e8a2ffaf,1.5132
57,0,10,0.141978,0.008932,53,53,10,aparelho de barbear e depilatorio,ff91dda276,1.4402
57,1,10,0.141978,0.008932,53,53,10,desodorante,ff91dda276,1.4402
57,2,10,0.141978,0.008932,53,53,10,aparelho de barbear e depilatorio,ff91dda276,1.4402
57,3,10,0.141978,0.008932,53,53,10,desodorante,ff91dda276,1.4402
57,4,10,0.147158,0.008914,52,51,10,aperitivo,19e8a2ffaf,1.5132
57,5,10,0.147158,0.008914,52,51,10,aperitivo,19e8a2ffaf,1.5132
57,6,10,0.147158,0.008914,52,51,10,aperitivo,19e8a2ffaf,1.5132
57,7,10,0.147158,0.008914,52,51,10,aperitivo,19e8a2ffaf,1.5132
57,8,10,0.147158,0.008914,52,51,10,aperitivo,19e8a2ffaf,1.5132
57,9,10,0.147158,0.008914,52,51,10,aperitivo,19e8a2ffaf,1.5132
57,10,10,0.147158,0.008914,52,51,10,aperitivo,19e8a2ffaf,1.5132
57,11,10,0.147158,0.008914,52,51,10,aperitivo,19e8a2ffaf,1.5132
57,12,10,0.147158,0.008914,52,51,10,aperitivo,19e8a2ffaf,1.5132
57,13,10,0.147158,0.008914,52,51,10,aperitivo,19e8a2ffaf,1.5132
57,14,10,0.147158,0.008914,52,51,10,aperitivo,19e8a2ffaf,1.5132
57,15,10,0.147158,0.008914,52,51,10,aperitivo,19e8a2ffaf,1.5132
57,16,10,0.141978,0.008932,53,53,10,desodorante,ff91dda276,1.4402
57,17,10,0.147158,0.008914,52,51,10,aperitivo,19e8a2ffaf,1.5132
57,18,10,0.147158,0.008914,52,51,10,aperitivo,19e8a2ffaf,1.5132
57,19,10,0.141978,0.008932,53,53,10,desodorante,ff91dda276,1.4402
57,20,10,0.147158,0.008914,52,51,10,aperitivo,19e8a2ffaf,1.5132
57,21,10,0.147158,0.008914,52,51,10,aperitivo,19e8a2ffaf,1.5132
57,22,10,0.147158,0.008914,52,51,10,aperitivo,19e8a2ffaf,1.5132
57,23,10,0.147158,0.008914,52,51,10,aperitivo,19e8a2ffaf,1.5132
57,24,10,0.125243,0.008172,54,53,10,desodorante,304956a51a,1.5191
57,25,10,0.147158,0.008914,52,51,10,aperitivo,19e8a2ffaf,1.5132
57,26,10,0.147158,0.008914,52,51,10,aperitivo,19e8a2ffaf,1.5132
57,27,10,0.147158,0.008914,52,51,10,aperitivo,19e8a2ffaf,1.5132
57,28,10,0.147158,0.008914,52,51,10,aperitivo,19e8a2ffaf,1.5132
57,29,10,0.141978,0.008932,53,53,10,desodorante,ff91dda276,1.4402
57,30,10,0.147158,0.008914,52,51,10,aperitivo,19e8a2ffaf,1.5132
57,31,10,0.141978,0.008932,53,53,10,aparelho de barbear e depilatorio,ff91dda276,1.4402
57,32,10,0.147158,0.008914,52,51,10,aperitivo,19e8a2ffaf,1.5132
57,33,10,0.147158,0.008914,52,51,10,aperitivo,19e8a2ffaf,1.5132
57,34,10,0.132938,0.007865,51,50,10,aperitivo,7cfc8d7524,1.3481
57,35,10,0.136001,0.008805,54,53,10,desodorante,7930c676fb,1.5836
57,36,10,0.147158,0.008914,52,51,10,aperitivo,19e8a2ffaf,1.5132
57,37,10,0.147158,0.008914,52,51,10,aperitivo,19e8a2ffaf,1.5132
57,38,10,0.147158,0.008914,52,51,10,aperitivo,19e8a2ffaf,1.5132
57,39,10,0.147158,0.008914,52,51,10,aperitivo,19e8a2ffaf,1.5132
57,40,10,0.147158,0.008914,52,51,10,aperitivo,19e8a2ffaf,1.5132
57,41,10,0.141978,0.008932,53,53,10,desodorante,ff91dda276,1.4402
57,42,10,0.141978,0.008932,53,53,10,desodorante,ff91dda276,1.4402
57,43,10,0.147158,0.008914,52,51,10,aperitivo,19e8a2ffaf,1.5132
57,44,10,0.147158,0.008914,52,51,10,aperitivo,19e8a2ffaf,1.5132
57,45,10,0.141978,0.008932,53,53,10,desodorante,ff91dda276,1.4402
57,46,10,0.141978,0.008932,53,53,10,aparelho de barbear e depilatorio,ff91dda276,1.4402
57,47,10,0.147158,0.008914,52,51,10,aperitivo,19e8a2ffaf,1.5132
57,48,10,0.147158,0.008914,52,51,10,aperitivo,19e8a2ffaf,1.5132
57,49,10,0.147158,0.008914,52,51,10,aperitivo,19e8a2ffaf,1.5132
58,0,10,0.141978,0.008932,53,53,10,aparelho de barbear e depilatorio,ff91dda276,1.4402
58,1,10,0.141978,0.008932,53,53,10,desodorante,ff91dda276,1.4402
58,2,10,0.141978,0.008932,53,53,10,aparelho de barbear e depilatorio,ff91dda276,1.4402
58,3,10,0.141978,0.008932,53,53,10,desodorante,ff91dda276,1.4402
58,4,10,0.141978,0.008932,53,53,10,desodorante,ff91dda276,1.4402
58,5,10,0.109546,0.008094,53,53,10,aperitivo,2b38e56fad,1.4459
58,6,10,0.147158,0.008914,52,51,10,aperitivo,19e8a2ffaf,1.5132
58,7,10,0.147158,0.008914,52,51,10,aperitivo,19e8a2ffaf,1.5132
58,8,10,0.141978,0.008932,53,53,10,desodorante,ff91dda276,1.4402
58,9,10,0.147158,0.008914,52,51,10,aperitivo,19e8a2ffaf,1.5132
58,10,10,0.147158,0.008914,52,51,10,aperitivo,19e8a2ffaf,1.5132
58,11,10,0.141978,0.008932,53,53,10,desodorante,ff91dda276,1.4402
58,12,10,0.147158,0.008914,52,51,10,aperitivo,19e8a2ffaf,1.5132
58,13,10,0.147011,0.009022,52,51,10,aperitivo,ff09fdca22,1.5044
58,14,10,0.147158,0.008914,52,51,10,desodorante,19e8a2ffaf,1.5132
58,15,10,0.141978,0.008932,53,53,10,desodorante,ff91dda276,1.4402
58,16,10,0.137505,0.009026,52,51,10,aperitivo,fed09f2e1e,1.4175
58,17,10,0.141978,0.008932,53,53,10,aparelho de barbear e depilatorio,ff91dda276,1.4402
58,18,10,0.147158,0.008914,52,51,10,aperitivo,19e8a2ffaf,1.5132
58,19,10,0.147158,0.008914,52,51,10,aperitivo,19e8a2ffaf,1.5132
58,20,10,0.147158,0.008914,52,51,10,aperitivo,19e8a2ffaf,1.5132
58,21,10,0.147158,0.008914,52,51,10,aperitivo,19e8a2ffaf,1.5132
58,22,10,0.147158,0.008914,52,51,10,aperitivo,19e8a2ffaf,1.5132
58,23,10,0.141978,0.008932,53,53,10,desodorante,ff91dda276,1.4402
58,24,10,0.141978,0.008932,53,53,10,desodorante,ff91dda276,1.4402
58,25,10,0.141978,0.008932,53,53,10,aparelho de barbear e depilatorio,ff91dda276,1.4402
58,26,10,0.141978,0.008932,53,53,10,desodorante,ff91dda276,1.4402
58,27,10,0.141978,0.008932,53,53,10,desodorante,ff91dda276,1.4402
58,28,10,0.141978,0.008932,53,53,10,aparelho de barbear e depilatorio,ff91dda276,1.4402
58,29,10,0.141978,0.008932,53,53,10,desodorante,ff91dda276,1.4402
58,30,10,0.141978,0.008932,53,53,10,desodorante,ff91dda276,1.4402
58,31,10,0.147158,0.008914,52,51,10,aperitivo,19e8a2ffaf,1.5132
58,32,10,0.141978,0.008932,53,53,10,desodorante,ff91dda276,1.4402
58,33,10,0.141978,0.008932,53,53,10,desodorante,ff91dda276,1.4402
58,34,10,0.123193,0.008032,52,50,10,aperitivo,4042d9578f,1.3862
58,35,10,0.147158,0.008914,52,51,10,aperitivo,19e8a2ffaf,1.5132
58,36,10,0.147158,0.008914,52,51,10,aperitivo,19e8a2ffaf,1.5132
58,37,10,0.141978,0.008932,53,53,10,desodorante,ff91dda276,1.4402
58,38,10,0.141978,0.008932,53,53,10,desodorante,ff91dda276,1.4402
58,39,10,0.135335,0.008896,52,51,10,desodorante,1c81301b65,1.4949
58,40,10,0.137505,0.009026,52,51,10,aperitivo,fed09f2e1e,1.4175
58,41,10,0.141978,0.008932,53,53,10,desodorante,ff91dda276,1.4402
58,42,10,0.147158,0.008914,52,51,10,aperitivo,19e8a2ffaf,1.5132
58,43,10,0.137505,0.009026,52,51,10,aperitivo,fed09f2e1e,1.4175
58,44,10,0.111144,0.008640,53,53,10,desodorante,3e0ce67ebd,1.4363
58,45,10,0.141978,0.008932,53,53,10,desodorante,ff91dda276,1.4402
58,46,10,0.141978,0.008932,53,53,10,desodorante,ff91dda276,1.4402
58,47,10,0.147158,0.008914,52,51,10,aperitivo,19e8a2ffaf,1.5132
58,48,10,0.141978,0.008932,53,53,10,desodorante,ff91dda276,1.4402
58,49,10,0.147158,0.008914,52,51,10,aperitivo,19e8a2ffaf,1.5132
59,0,10,0.137505,0.009026,52,51,10,aperitivo,fed09f2e1e,1.4175
59,1,10,0.137505,0.009026,52,51,10,aperitivo,fed09f2e1e,1.4175
59,2,10,0.137505,0.009026,52,51,10,aperitivo,fed09f2e1e,1.4175
59,3,10,0.147011,0.009022,52,51,10,aperitivo,ff09fdca22,1.5044
59,4,10,0.141978,0.008932,53,53,10,aparelho de barbear e depilatorio,ff91dda276,1.4402
59,5,10,0.141978,0.008932,53,53,10,desodorante,ff91dda276,1.4402
59,6,10,0.141978,0.008932,53,53,10,sorvete,ff91dda276,1.4402
59,7,10,0.147011,0.009022,52,51,10,aperitivo,ff09fdca22,1.5044
59,8,10,0.137505,0.009026,52,51,10,aperitivo,fed09f2e1e,1.4175
59,9,10,0.141978,0.008932,53,53,10,desodorante,ff91dda276,1.4402
59,10,10,0.141978,0.008932,53,53,10,desodorante,ff91dda276,1.4402
59,11,10,0.146119,0.008548,56,56,10,desodorante,de06127f61,1.6033
59,12,10,0.141978,0.008932,53,53,10,desodorante,ff91dda276,1.4402
59,13,10,0.137505,0.009026,52,51,10,aperitivo,fed09f2e1e,1.4175
59,14,10,0.141978,0.008932,53,53,10,desodorante,ff91dda276,1.4402
59,15,10,0.141978,0.008932,53,53,10,desodorante,ff91dda276,1.4402
59,16,10,0.140714,0.008357,56,56,10,desodorante,04a0322f51,1.4629
59,17,10,0.141978,0.008932,53,53,10,desodorante,ff91dda276,1.4402
59,18,10,0.141978,0.008932,53,53,10,desodorante,ff91dda276,1.4402
59,19,10,0.147158,0.008914,52,51,10,aperitivo,19e8a2ffaf,1.5132
59,20,10,0.138237,0.007958,56,56,10,desodorante,4d25adf873,1.4908
59,21,10,0.141978,0.008932,53,53,10,desodorante,ff91dda276,1.4402
59,22,10,0.141978,0.008932,53,53,10,desodorante,ff91dda276,1.4402
59,23,10,0.147158,0.008914,52,51,10,aperitivo,19e8a2ffaf,1.5132
59,24,10,0.137505,0.009026,52,51,10,desodorante,fed09f2e1e,1.4175
59,25,10,0.141978,0.008932,53,53,10,desodorante,ff91dda276,1.4402
59,26,10,0.141978,0.008932,53,53,10,desodorante,ff91dda276,1.4402
59,27,10,0.141978,0.008932,53,53,10,desodorante,ff91dda276,1.4402
59,28,10,0.137505,0.009026,52,51,10,aperitivo,fed09f2e1e,1.4175
59,29,10,0.136001,0.008805,54,53,10,aperitivo,7930c676fb,1.5836
59,30,10,0.148569,0.009009,54,53,10,desodorante,bcc4ef1737,1.3988
59,31,10,0.141978,0.008932,53,53,10,desodorante,ff91dda276,1.4402
59,32,10,0.147158,0.008914,52,51,10,aperitivo,19e8a2ffaf,1.5132
59,33,10,0.141978,0.008932,53,53,10,desodorante,ff91dda276,1.4402
59,34,10,0.141978,0.008932,53,53,10,desodorante,ff91dda276,1.4402
59,35,10,0.141978,0.008932,53,53,10,desodorante,ff91dda276,1.4402
59,36,10,0.141978,0.008932,53,53,10,desodorante,ff91dda276,1.4402
59,37,10,0.141978,0.008932,53,53,10,desodorante,ff91dda276,1.4402
59,38,10,0.141978,0.008932,53,53,10,desodorante,ff91dda276,1.4402
59,39,10,0.141978,0.008932,53,53,10,desodorante,ff91dda276,1.4402
59,40,10,0.141978,0.008932,53,53,10,desodorante,ff91dda276,1.4402
59,41,10,0.147011,0.009022,52,51,10,aperitivo,ff09fdca22,1.5044
59,42,10,0.137505,0.009026,52,51,10,desodorante,fed09f2e1e,1.4175
59,43,10,0.141978,0.008932,53,53,10,desodorante,ff91dda276,1.4402
59,44,10,0.141978,0.008932,53,53,10,desodorante,ff91dda276,1.4402
59,45,10,0.141978,0.008932,53,53,10,desodorante,ff91dda276,1.4402
59,46,10,0.141978,0.008932,53,53,10,desodorante,ff91dda276,1.4402
59,47,10,0.147011,0.009022,52,51,10,aperitivo,ff09fdca22,1.5044
59,48,10,0.141978,0.008932,53,53,10,desodorante,ff91dda276,1.4402
59,49,10,0.141978,0.008932,53,53,10,desodorante,ff91dda276,1.4402
60,0,10,0.137505,0.009026,52,51,10,aperitivo,fed09f2e1e,1.4175
60,1,10,0.137505,0.009026,52,51,10,aperitivo,fed09f2e1e,1.4175
60,2,10,0.137505,0.009026,52,51,10,aperitivo,fed09f2e1e,1.4175
60,3,10,0.137505,0.009026,52,51,10,aperitivo,fed09f2e1e,1.4175
60,4,10,0.137505,0.009026,52,51,10,aperitivo,fed09f2e1e,1.4175
60,5,10,0.141978,0.008932,53,53,10,sorvete,ff91dda276,1.4402
60,6,10,0.141978,0.008932,53,53,10,desodorante,ff91dda276,1.4402
60,7,10,0.141978,0.008932,53,53,10,desodorante,ff91dda276,1.4402
60,8,10,0.141978,0.008932,53,53,10,desodorante,ff91dda276,1.4402
60,9,10,0.137505,0.009026,52,51,10,aperitivo,fed09f2e1e,1.4175
60,10,10,0.148569,0.009009,54,53,10,desodorante,bcc4ef1737,1.3988
60,11,10,0.137505,0.009026,52,51,10,aperitivo,fed09f2e1e,1.4175
60,12,10,0.141978,0.008932,53,53,10,desodorante,ff91dda276,1.4402
60,13,10,0.147158,0.008914,52,51,10,aperitivo,19e8a2ffaf,1.5132
60,14,10,0.147011,0.009022,52,51,10,aperitivo,ff09fdca22,1.5044
60,15,10,0.137505,0.009026,52,51,10,aperitivo,fed09f2e1e,1.4175
60,16,10,0.141978,0.008932,53,53,10,desodorante,ff91dda276,1.4402
60,17,10,0.137505,0.009026,52,51,10,aperitivo,fed09f2e1e,1.4175
60,18,10,0.141978,0.008932,53,53,10,desodorante,ff91dda276,1.4402
60,19,10,0.151884,0.008537,54,53,10,aperitivo,9e61831d47,1.5405
60,20,10,0.147011,0.009022,52,51,10,aperitivo,ff09fdca22,1.5044
60,21,10,0.147011,0.009022,52,51,10,aperitivo,ff09fdca22,1.5044
60,22,10,0.141978,0.008932,53,53,10,desodorante,ff91dda276,1.4402
60,23,10,0.141978,0.008932,53,53,10,desodorante,ff91dda276,1.4402
60,24,10,0.147158,0.008914,52,51,10,aperitivo,19e8a2ffaf,1.5132
60,25,10,0.141978,0.008932,53,53,10,desodorante,ff91dda276,1.4402
60,26,10,0.137505,0.009026,52,51,10,aperitivo,fed09f2e1e,1.4175
60,27,10,0.141978,0.008932,53,53,10,desodorante,ff91dda276,1.4402
60,28,10,0.147011,0.009022,52,51,10,aperitivo,ff09fdca22,1.5044
60,29,10,0.141978,0.008932,53,53,10,aparelho de barbear e depilatorio,ff91dda276,1.4402
60,30,10,0.147011,0.009022,52,51,10,aperitivo,ff09fdca22,1.5044
60,31,10,0.137505,0.009026,52,51,10,desodorante,fed09f2e1e,1.4175
60,32,10,0.137505,0.009026,52,51,10,aperitivo,fed09f2e1e,1.4175
60,33,10,0.121954,0.008014,55,55,10,desodorante,2e3fdf942b,1.4395
60,34,10,0.137505,0.009026,52,51,10,aperitivo,fed09f2e1e,1.4175
60,35,10,0.137505,0.009026,52,51,10,desodorante,fed09f2e1e,1.4175
60,36,10,0.147011,0.009022,52,51,10,aperitivo,ff09fdca22,1.5044
60,37,10,0.111144,0.008640,53,53,10,desodorante,3e0ce67ebd,1.4363
60,38,10,0.147158,0.008914,52,51,10,aperitivo,19e8a2ffaf,1.5132
60,39,10,0.141978,0.008932,53,53,10,desodorante,ff91dda276,1.4402
60,40,10,0.147011,0.009022,52,51,10,aperitivo,ff09fdca22,1.5044
60,41,10,0.147158,0.008914,52,51,10,aperitivo,19e8a2ffaf,1.5132
60,42,10,0.148569,0.009009,54,53,10,desodorante,bcc4ef1737,1.3988
60,43,10,0.137265,0.008508,51,50,10,aperitivo,9e9e794dc0,1.4837
60,44,10,0.147011,0.009022,52,51,10,desodorante,ff09fdca22,1.5044
60,45,10,0.147158,0.008914,52,51,10,aperitivo,19e8a2ffaf,1.5132
60,46,10,0.147011,0.009022,52,51,10,aperitivo,ff09fdca22,1.5044
60,47,10,0.137505,0.009026,52,51,10,aperitivo,fed09f2e1e,1.4175
60,48,10,0.147011,0.009022,52,51,10,aperitivo,ff09fdca22,1.5044
60,49,10,0.141978,0.008932,53,53,10,desodorante,ff91dda276,1.4402
61,0,10,0.137505,0.009026,52,51,10,aperitivo,fed09f2e1e,1.4175
61,1,10,0.137505,0.009026,52,51,10,aperitivo,fed09f2e1e,1.4175
61,2,10,0.137505,0.009026,52,51,10,aperitivo,fed09f2e1e,1.4175
61,3,10,0.137505,0.009026,52,51,10,aperitivo,fed09f2e1e,1.4175
61,4,10,0.137505,0.009026,52,51,10,aperitivo,fed09f2e1e,1.4175
61,5,10,0.124990,0.007707,49,48,10,aperitivo,87c71b1377,1.5316
61,6,10,0.147011,0.009022,52,51,10,aperitivo,ff09fdca22,1.5044
61,7,10,0.137505,0.009026,52,51,10,aperitivo,fed09f2e1e,1.4175
61,8,10,0.147158,0.008914,52,51,10,aperitivo,19e8a2ffaf,1.5132
61,9,10,0.147158,0.008914,52,51,10,aperitivo,19e8a2ffaf,1.5132
61,10,10,0.111144,0.008640,53,53,10,aperitivo,3e0ce67ebd,1.4363
61,11,10,0.141978,0.008932,53,53,10,desodorante,ff91dda276,1.4402
61,12,10,0.147158,0.008914,52,51,10,aperitivo,19e8a2ffaf,1.5132
61,13,10,0.137505,0.009026,52,51,10,aperitivo,fed09f2e1e,1.4175
61,14,10,0.137505,0.009026,52,51,10,desodorante,fed09f2e1e,1.4175
61,15,10,0.141978,0.008932,53,53,10,desodorante,ff91dda276,1.4402
61,16,10,0.137505,0.009026,52,51,10,aperitivo,fed09f2e1e,1.4175
61,17,10,0.137505,0.009026,52,51,10,aperitivo,fed09f2e1e,1.4175
61,18,10,0.147011,0.009022,52,51,10,aperitivo,ff09fdca22,1.5044
61,19,10,0.147011,0.009022,52,51,10,aperitivo,ff09fdca22,1.5044
61,20,10,0.137505,0.009026,52,51,10,aperitivo,fed09f2e1e,1.4175
61,21,10,0.137505,0.009026,52,51,10,aperitivo,fed09f2e1e,1.4175
61,22,10,0.137505,0.009026,52,51,10,desodorante,fed09f2e1e,1.4175
61,23,10,0.137505,0.009026,52,51,10,desodorante,fed09f2e1e,1.4175
61,24,10,0.147011,0.009022,52,51,10,aperitivo,ff09fdca22,1.5044
61,25,10,0.137505,0.009026,52,51,10,aperitivo,fed09f2e1e,1.4175
61,26,10,0.137505,0.009026,52,51,10,aperitivo,fed09f2e1e,1.4175
61,27,10,0.137505,0.009026,52,51,10,aperitivo,fed09f2e1e,1.4175
61,28,10,0.137505,0.009026,52,51,10,aperitivo,fed09f2e1e,1.4175
61,29,10,0.137505,0.009026,52,51,10,aperitivo,fed09f2e1e,1.4175
61,30,10,0.137505,0.009026,52,51,10,aperitivo,fed09f2e1e,1.4175
61,31,10,0.137505,0.009026,52,51,10,aperitivo,fed09f2e1e,1.4175
61,32,10,0.137505,0.009026,52,51,10,aperitivo,fed09f2e1e,1.4175
61,33,10,0.137505,0.009026,52,51,10,aperitivo,fed09f2e1e,1.4175
61,34,10,0.148689,0.008983,56,56,10,desodorante,a2a4253920,1.4515
61,35,10,0.137505,0.009026,52,51,10,aperitivo,fed09f2e1e,1.4175
61,36,10,0.137505,0.009026,52,51,10,aperitivo,fed09f2e1e,1.4175
61,37,10,0.135335,0.008896,52,51,10,desodorante,1c81301b65,1.4949
61,38,10,0.134989,0.008030,50,49,9,biscoito,ce95c672a6,1.5031
61,39,10,0.147158,0.008914,52,51,10,aperitivo,19e8a2ffaf,1.5132
61,40,10,0.137505,0.009026,52,51,10,aperitivo,fed09f2e1e,1.4175
61,41,10,0.147011,0.009022,52,51,10,aperitivo,ff09fdca22,1.5044
61,42,10,0.137505,0.009026,52,51,10,aperitivo,fed09f2e1e,1.4175
61,43,10,0.137505,0.009026,52,51,10,desodorante,fed09f2e1e,1.4175
61,44,10,0.147011,0.009022,52,51,10,aperitivo,ff09fdca22,1.5044
61,45,10,0.129996,0.007735,50,49,10,aperitivo,6331cc34b5,1.5799
61,46,10,0.137505,0.009026,52,51,10,desodorante,fed09f2e1e,1.4175
61,47,10,0.147011,0.009022,52,51,10,aperitivo,ff09fdca22,1.5044
61,48,10,0.137505,0.009026,52,51,10,aperitivo,fed09f2e1e,1.4175
61,49,10,0.137505,0.009026,52,51,10,desodorante,fed09f2e1e,1.4175
62,0,10,0.137505,0.009026,52,51,10,aperitivo,fed09f2e1e,1.4175
62,1,10,0.137505,0.009026,52,51,10,aperitivo,fed09f2e1e,1.4175
62,2,10,0.137505,0.009026,52,51,10,aperitivo,fed09f2e1e,1.4175
62,3,10,0.137505,0.009026,52,51,10,aperitivo,fed09f2e1e,1.4175
62,4,10,0.137505,0.009026,52,51,10,aperitivo,fed09f2e1e,1.4175
62,5,10,0.137505,0.009026,52,51,10,desodorante,fed09f2e1e,1.4175
62,6,10,0.137505,0.009026,52,51,10,aperitivo,fed09f2e1e,1.4175
62,7,10,0.137505,0.009026,52,51,10,aperitivo,fed09f2e1e,1.4175
62,8,10,0.137505,0.009026,52,51,10,aperitivo,fed09f2e1e,1.4175
62,9,10,0.137505,0.009026,52,51,10,aperitivo,fed09f2e1e,1.4175
62,10,10,0.137505,0.009026,52,51,10,desodorante,fed09f2e1e,1.4175
62,11,10,0.113673,0.007743,54,51,10,aperitivo,3bb6168707,1.7237
62,12,10,0.137505,0.009026,52,51,10,aperitivo,fed09f2e1e,1.4175
62,13,10,0.137505,0.009026,52,51,10,aperitivo,fed09f2e1e,1.4175
62,14,10,0.137505,0.009026,52,51,10,aperitivo,fed09f2e1e,1.4175
62,15,10,0.137505,0.009026,52,51,10,aperitivo,fed09f2e1e,1.4175
62,16,10,0.137505,0.009026,52,51,10,aperitivo,fed09f2e1e,1.4175
62,17,10,0.137505,0.009026,52,51,10,aperitivo,fed09f2e1e,1.4175
62,18,10,0.137505,0.009026,52,51,10,aperitivo,fed09f2e1e,1.4175
62,19,10,0.137505,0.009026,52,51,10,aperitivo,fed09f2e1e,1.4175
62,20,10,0.137505,0.009026,52,51,10,aperitivo,fed09f2e1e,1.4175
62,21,10,0.137505,0.009026,52,51,10,aperitivo,fed09f2e1e,1.4175
62,22,10,0.137505,0.009026,52,51,10,aperitivo,fed09f2e1e,1.4175
62,23,10,0.137505,0.009026,52,51,10,aperitivo,fed09f2e1e,1.4175
62,24,10,0.137505,0.009026,52,51,10,aperitivo,fed09f2e1e,1.4175
62,25,10,0.147011,0.009022,52,51,10,aperitivo,ff09fdca22,1.5044
62,26,10,0.137505,0.009026,52,51,10,aperitivo,fed09f2e1e,1.4175
62,27,10,0.137505,0.009026,52,51,10,aperitivo,fed09f2e1e,1.4175
62,28,10,0.136480,0.008467,54,53,10,desodorante,15f772d19d,1.4472
62,29,10,0.137505,0.009026,52,51,10,aperitivo,fed09f2e1e,1.4175
62,30,10,0.137505,0.009026,52,51,10,aperitivo,fed09f2e1e,1.4175
62,31,10,0.137505,0.009026,52,51,10,aperitivo,fed09f2e1e,1.4175
62,32,10,0.137505,0.009026,52,51,10,aperitivo,fed09f2e1e,1.4175
62,33,10,0.137505,0.009026,52,51,10,aperitivo,fed09f2e1e,1.4175
62,34,10,0.137505,0.009026,52,51,10,aperitivo,fed09f2e1e,1.4175
62,35,10,0.137505,0.009026,52,51,10,desodorante,fed09f2e1e,1.4175
62,36,10,0.137505,0.009026,52,51,10,aperitivo,fed09f2e1e,1.4175
62,37,10,0.134403,0.007994,51,50,10,aperitivo,8ab14f6e9f,1.4461
62,38,10,0.137505,0.009026,52,51,10,aperitivo,fed09f2e1e,1.4175
62,39,10,0.137505,0.009026,52,51,10,desodorante,fed09f2e1e,1.4175
62,40,10,0.137505,0.009026,52,51,10,aperitivo,fed09f2e1e,1.4175
62,41,10,0.137505,0.009026,52,51,10,aperitivo,fed09f2e1e,1.4175
62,42,10,0.110957,0.008198,52,51,10,aperitivo,829c895dd7,1.4897
62,43,10,0.125110,0.008223,53,52,10,aperitivo,08a3adf238,1.4096
62,44,10,0.137505,0.009026,52,51,10,aperitivo,fed09f2e1e,1.4175
62,45,10,0.137505,0.009026,52,51,10,aperitivo,fed09f2e1e,1.4175
62,46,10,0.137505,0.009026,52,51,10,desodorante,fed09f2e1e,1.4175
62,47,10,0.111144,0.008470,53,52,10,aperitivo,77d623eb58,1.5295
62,48,10,0.137505,0.009026,52,51,10,aperitivo,fed09f2e1e,1.4175
62,49,10,0.137505,0.009026,52,51,10,aperitivo,fed09f2e1e,1.4175
63,0,10,0.137505,0.009026,52,51,10,aperitivo,fed09f2e1e,1.4175
63,1,10,0.137505,0.009026,52,51,10,aperitivo,fed09f2e1e,1.4175
63,2,10,0.137505,0.009026,52,51,10,aperitivo,fed09f2e1e,1.4175
63,3,10,0.137505,0.009026,52,51,10,aperitivo,fed09f2e1e,1.4175
63,4,10,0.137505,0.009026,52,51,10,aperitivo,fed09f2e1e,1.4175
63,5,10,0.137505,0.009026,52,51,10,aperitivo,fed09f2e1e,1.4175
63,6,10,0.137505,0.009026,52,51,10,aperitivo,fed09f2e1e,1.4175
63,7,10,0.137505,0.009026,52,51,10,aperitivo,fed09f2e1e,1.4175
63,8,10,0.137505,0.009026,52,51,10,aperitivo,fed09f2e1e,1.4175
63,9,10,0.137505,0.009026,52,51,10,aperitivo,fed09f2e1e,1.4175
63,10,10,0.109786,0.008110,52,51,10,aperitivo,dfe1524660,1.6078
63,11,10,0.137505,0.009026,52,51,10,aperitivo,fed09f2e1e,1.4175
63,12,10,0.137585,0.008572,51,50,10,aperitivo,bc164ab767,1.3812
63,13,10,0.137505,0.009026,52,51,10,aperitivo,fed09f2e1e,1.4175
63,14,10,0.137505,0.009026,52,51,10,aperitivo,fed09f2e1e,1.4175
63,15,10,0.137505,0.009026,52,51,10,aperitivo,fed09f2e1e,1.4175
63,16,10,0.137505,0.009026,52,51,10,aperitivo,fed09f2e1e,1.4175
63,17,10,0.136373,0.008578,53,52,10,aperitivo,7f64a15fd6,1.4653
63,18,10,0.138410,0.008601,52,51,10,aperitivo,83d41d14c0,1.4209
63,19,10,0.137505,0.009026,52,51,10,aperitivo,fed09f2e1e,1.4175
63,20,10,0.137505,0.009026,52,51,10,aperitivo,fed09f2e1e,1.4175
63,21,10,0.137505,0.009026,52,51,10,aperitivo,fed09f2e1e,1.4175
63,22,10,0.137505,0.009026,52,51,10,aperitivo,fed09f2e1e,1.4175
63,23,10,0.137505,0.009026,52,51,10,aperitivo,fed09f2e1e,1.4175
63,24,10,0.137505,0.009026,52,51,10,desodorante,fed09f2e1e,1.4175
63,25,10,0.137505,0.009026,52,51,10,aperitivo,fed09f2e1e,1.4175
63,26,10,0.137505,0.009026,52,51,10,aperitivo,fed09f2e1e,1.4175
63,27,10,0.137505,0.009026,52,51,10,desodorante,fed09f2e1e,1.4175
63,28,10,0.136640,0.008874,53,53,10,creme dental,3cce5b628c,1.5705
63,29,10,0.136227,0.007953,51,49,9,cerveja,a231ed0ede,1.3763
63,30,10,0.137505,0.009026,52,51,10,aperitivo,fed09f2e1e,1.4175
63,31,10,0.137505,0.009026,52,51,10,aperitivo,fed09f2e1e,1.4175
63,32,10,0.137345,0.008330,55,53,10,aperitivo,27b426e0ac,1.3962
63,33,10,0.137505,0.009026,52,51,10,aperitivo,fed09f2e1e,1.4175
63,34,10,0.137505,0.009026,52,51,10,aperitivo,fed09f2e1e,1.4175
63,35,10,0.137505,0.009026,52,51,10,aperitivo,fed09f2e1e,1.4175
63,36,10,0.137505,0.009026,52,51,10,aperitivo,fed09f2e1e,1.4175
63,37,10,0.137505,0.009026,52,51,10,aperitivo,fed09f2e1e,1.4175
63,38,10,0.137505,0.009026,52,51,10,aperitivo,fed09f2e1e,1.4175
63,39,10,0.137505,0.009026,52,51,10,aperitivo,fed09f2e1e,1.4175
63,40,10,0.137505,0.009026,52,51,10,aperitivo,fed09f2e1e,1.4175
63,41,10,0.137505,0.009026,52,51,10,aperitivo,fed09f2e1e,1.4175
63,42,10,0.137505,0.009026,52,51,10,aperitivo,fed09f2e1e,1.4175
63,43,10,0.137505,0.009026,52,51,10,aperitivo,fed09f2e1e,1.4175
63,44,10,0.137505,0.009026,52,51,10,aperitivo,fed09f2e1e,1.4175
63,45,10,0.137505,0.009026,52,51,10,aperitivo,fed09f2e1e,1.4175
63,46,10,0.137505,0.009026,52,51,10,aperitivo,fed09f2e1e,1.4175
63,47,10,0.137505,0.009026,52,51,10,aperitivo,fed09f2e1e,1.4175
63,48,10,0.134363,0.008976,52,52,10,bebida lactea,63a14bfb87,1.4465
63,49,10,0.137505,0.009026,52,51,10,aperitivo,fed09f2e1e,1.4175
64,0,10,0.137505,0.009026,52,51,10,aperitivo,fed09f2e1e,1.4175
64,1,10,0.137505,0.009026,52,51,10,aperitivo,fed09f2e1e,1.4175
64,2,10,0.137505,0.009026,52,51,10,aperitivo,fed09f2e1e,1.4175
64,3,10,0.137505,0.009026,52,51,10,aperitivo,fed09f2e1e,1.4175
64,4,10,0.137505,0.009026,52,51,10,aperitivo,fed09f2e1e,1.4175
64,5,10,0.137505,0.009026,52,51,10,desodorante,fed09f2e1e,1.4175
64,6,10,0.137505,0.009026,52,51,10,aperitivo,fed09f2e1e,1.4175
64,7,10,0.137505,0.009026,52,51,10,aperitivo,fed09f2e1e,1.4175
64,8,10,0.137505,0.009026,52,51,10,aperitivo,fed09f2e1e,1.4175
64,9,10,0.137505,0.009026,52,51,10,aperitivo,fed09f2e1e,1.4175
64,10,10,0.137505,0.009026,52,51,10,aperitivo,fed09f2e1e,1.4175
64,11,10,0.142404,0.008618,53,52,10,aperitivo,582f4cc626,1.5923
64,12,10,0.137505,0.009026,52,51,10,aperitivo,fed09f2e1e,1.4175
64,13,10,0.137505,0.009026,52,51,10,aperitivo,fed09f2e1e,1.4175
64,14,10,0.137505,0.009026,52,51,10,aperitivo,fed09f2e1e,1.4175
64,15,10,0.137505,0.009026,52,51,10,aperitivo,fed09f2e1e,1.4175
64,16,10,0.137505,0.009026,52,51,10,aperitivo,fed09f2e1e,1.4175
64,17,10,0.137505,0.009026,52,51,10,aperitivo,fed09f2e1e,1.4175
64,18,10,0.137505,0.009026,52,51,10,aperitivo,fed09f2e1e,1.4175
64,19,10,0.137505,0.009026,52,51,10,aperitivo,fed09f2e1e,1.4175
64,20,10,0.108215,0.008914,53,52,10,aperitivo,f381d0937e,1.3988
64,21,10,0.137505,0.009026,52,51,10,aperitivo,fed09f2e1e,1.4175
64,22,10,0.137505,0.009026,52,51,10,aperitivo,fed09f2e1e,1.4175
64,23,10,0.137505,0.009026,52,51,10,aperitivo,fed09f2e1e,1.4175
64,24,10,0.137505,0.009026,52,51,10,aperitivo,fed09f2e1e,1.4175
64,25,10,0.137505,0.009026,52,51,10,aperitivo,fed09f2e1e,1.4175
64,26,10,0.137505,0.009026,52,51,10,aperitivo,fed09f2e1e,1.4175
64,27,10,0.137505,0.009026,52,51,10,aperitivo,fed09f2e1e,1.4175
64,28,10,0.137505,0.009026,52,51,10,aperitivo,fed09f2e1e,1.4175
64,29,10,0.137505,0.009026,52,51,10,aperitivo,fed09f2e1e,1.4175
64,30,10,0.137505,0.009026,52,51,10,aperitivo,fed09f2e1e,1.4175
64,31,10,0.137505,0.009026,52,51,10,desodorante,fed09f2e1e,1.4175
64,32,10,0.137505,0.009026,52,51,10,aperitivo,fed09f2e1e,1.4175
64,33,10,0.137505,0.009026,52,51,10,aperitivo,fed09f2e1e,1.4175
64,34,10,0.137505,0.009026,52,51,10,aperitivo,fed09f2e1e,1.4175
64,35,10,0.137505,0.009026,52,51,10,aperitivo,fed09f2e1e,1.4175
64,36,10,0.137505,0.009026,52,51,10,aperitivo,fed09f2e1e,1.4175
64,37,10,0.137505,0.009026,52,51,10,aperitivo,fed09f2e1e,1.4175
64,38,10,0.137505,0.009026,52,51,10,aperitivo,fed09f2e1e,1.4175
64,39,10,0.137505,0.009026,52,51,10,aperitivo,fed09f2e1e,1.4175
64,40,10,0.137505,0.009026,52,51,10,aperitivo,fed09f2e1e,1.4175
64,41,10,0.129210,0.008164,55,55,9,iogurte,57b712f7be,1.5981
64,42,10,0.137505,0.009026,52,51,10,aperitivo,fed09f2e1e,1.4175
64,43,10,0.137505,0.009026,52,51,10,aperitivo,fed09f2e1e,1.4175
64,44,10,0.137505,0.009026,52,51,10,aperitivo,fed09f2e1e,1.4175
64,45,10,0.137505,0.009026,52,51,10,aperitivo,fed09f2e1e,1.4175
64,46,10,0.137505,0.009026,52,51,10,aperitivo,fed09f2e1e,1.4175
64,47,10,0.137505,0.009026,52,51,10,aperitivo,fed09f2e1e,1.4175
64,48,10,0.095713,0.008071,52,52,10,aperitivo,ce7090c50b,1.4498
64,49,10,0.137505,0.009026,52,51,10,aperitivo,fed09f2e1e,1.4175
65,0,10,0.137505,0.009026,52,51,10,aperitivo,fed09f2e1e,1.4175
65,1,10,0.137505,0.009026,52,51,10,aperitivo,fed09f2e1e,1.4175
65,2,10,0.137505,0.009026,52,51,10,aperitivo,fed09f2e1e,1.4175
65,3,10,0.137505,0.009026,52,51,10,aperitivo,fed09f2e1e,1.4175
65,4,10,0.137505,0.009026,52,51,10,aperitivo,fed09f2e1e,1.4175
65,5,10,0.137505,0.009026,52,51,10,aperitivo,fed09f2e1e,1.4175
65,6,10,0.137505,0.009026,52,51,10,aperitivo,fed09f2e1e,1.4175
65,7,10,0.137505,0.009026,52,51,10,aperitivo,fed09f2e1e,1.4175
65,8,10,0.137505,0.009026,52,51,10,aperitivo,fed09f2e1e,1.4175
65,9,10,0.137505,0.009026,52,51,10,aperitivo,fed09f2e1e,1.4175
65,10,10,0.137505,0.009026,52,51,10,aperitivo,fed09f2e1e,1.4175
65,11,10,0.137505,0.009026,52,51,10,aperitivo,fed09f2e1e,1.4175
65,12,10,0.137505,0.009026,52,51,10,aperitivo,fed09f2e1e,1.4175
65,13,10,0.137505,0.009026,52,51,10,aperitivo,fed09f2e1e,1.4175
65,14,10,0.137505,0.009026,52,51,10,aperitivo,fed09f2e1e,1.4175
65,15,10,0.137505,0.009026,52,51,10,aperitivo,fed09f2e1e,1.4175
65,16,10,0.137505,0.009026,52,51,10,aperitivo,fed09f2e1e,1.4175
65,17,10,0.122913,0.007831,54,52,9,biscoito,f111f07e0d,1.4272
65,18,10,0.137505,0.009026,52,51,10,aperitivo,fed09f2e1e,1.4175
65,19,10,0.137505,0.009026,52,51,10,aperitivo,fed09f2e1e,1.4175
65,20,10,0.137505,0.009026,52,51,10,aperitivo,fed09f2e1e,1.4175
65,21,10,0.137505,0.009026,52,51,10,aperitivo,fed09f2e1e,1.4175
65,22,10,0.137505,0.009026,52,51,10,aperitivo,fed09f2e1e,1.4175
65,23,10,0.137505,0.009026,52,51,10,aperitivo,fed09f2e1e,1.4175
65,24,10,0.137505,0.009026,52,51,10,aperitivo,fed09f2e1e,1.4175
65,25,10,0.137505,0.009026,52,51,10,aperitivo,fed09f2e1e,1.4175
65,26,10,0.137505,0.009026,52,51,10,aperitivo,fed09f2e1e,1.4175
65,27,10,0.137505,0.009026,52,51,10,aperitivo,fed09f2e1e,1.4175
65,28,10,0.137505,0.009026,52,51,10,aperitivo,fed09f2e1e,1.4175
65,29,10,0.137505,0.009026,52,51,10,aperitivo,fed09f2e1e,1.4175
65,30,10,0.137505,0.009026,52,51,10,aperitivo,fed09f2e1e,1.4175
65,31,10,0.137505,0.009026,52,51,10,desodorante,fed09f2e1e,1.4175
65,32,10,0.137505,0.009026,52,51,10,aperitivo,fed09f2e1e,1.4175
65,33,10,0.137505,0.009026,52,51,10,aperitivo,fed09f2e1e,1.4175
65,34,10,0.137505,0.009026,52,51,10,aperitivo,fed09f2e1e,1.4175
65,35,10,0.137505,0.009026,52,51,10,aperitivo,fed09f2e1e,1.4175
65,36,10,0.137505,0.009026,52,51,10,aperitivo,fed09f2e1e,1.4175
65,37,10,0.137505,0.009026,52,51,10,desodorante,fed09f2e1e,1.4175
65,38,10,0.137505,0.009026,52,51,10,aperitivo,fed09f2e1e,1.4175
65,39,10,0.137505,0.009026,52,51,10,aperitivo,fed09f2e1e,1.4175
65,40,10,0.137505,0.009026,52,51,10,aperitivo,fed09f2e1e,1.4175
65,41,10,0.137505,0.009026,52,51,10,aperitivo,fed09f2e1e,1.4175
65,42,10,0.137505,0.009026,52,51,10,aperitivo,fed09f2e1e,1.4175
65,43,10,0.137505,0.009026,52,51,10,aperitivo,fed09f2e1e,1.4175
65,44,10,0.137505,0.009026,52,51,10,aperitivo,fed09f2e1e,1.4175
65,45,10,0.137505,0.009026,52,51,10,aperitivo,fed09f2e1e,1.4175
65,46,10,0.137505,0.009026,52,51,10,aperitivo,fed09f2e1e,1.4175
65,47,10,0.137505,0.009026,52,51,10,aperitivo,fed09f2e1e,1.4175
65,48,10,0.137505,0.009026,52,51,10,aperitivo,fed09f2e1e,1.4175
65,49,10,0.137505,0.009026,52,51,10,aperitivo,fed09f2e1e,1.4175
66,0,10,0.137505,0.009026,52,51,10,aperitivo,fed09f2e1e,1.4175
66,1,10,0.137505,0.009026,52,51,10,aperitivo,fed09f2e1e,1.4175
66,2,10,0.137505,0.009026,52,51,10,aperitivo,fed09f2e1e,1.4175
66,3,10,0.137505,0.009026,52,51,10,aperitivo,fed09f2e1e,1.4175
66,4,10,0.137505,0.009026,52,51,10,aperitivo,fed09f2e1e,1.4175
66,5,10,0.137505,0.009026,52,51,10,aperitivo,fed09f2e1e,1.4175
66,6,10,0.137505,0.009026,52,51,10,aperitivo,fed09f2e1e,1.4175
66,7,10,0.137505,0.009026,52,51,10,desodorante,fed09f2e1e,1.4175
66,8,10,0.137505,0.009026,52,51,10,aperitivo,fed09f2e1e,1.4175
66,9,10,0.137505,0.009026,52,51,10,aperitivo,fed09f2e1e,1.4175
66,10,10,0.123619,0.008281,53,52,10,aperitivo,d152a6fdd5,1.5669
66,11,10,0.137505,0.009026,52,51,10,aperitivo,fed09f2e1e,1.4175
66,12,10,0.137505,0.009026,52,51,10,aperitivo,fed09f2e1e,1.4175
66,13,10,0.137505,0.009026,52,51,10,aperitivo,fed09f2e1e,1.4175
66,14,10,0.137505,0.009026,52,51,10,aperitivo,fed09f2e1e,1.4175
66,15,10,0.137505,0.009026,52,51,10,aperitivo,fed09f2e1e,1.4175
66,16,10,0.137505,0.009026,52,51,10,aperitivo,fed09f2e1e,1.4175
66,17,10,0.137505,0.009026,52,51,10,aperitivo,fed09f2e1e,1.4175
66,18,10,0.137505,0.009026,52,51,10,aperitivo,fed09f2e1e,1.4175
66,19,10,0.137505,0.009026,52,51,10,aperitivo,fed09f2e1e,1.4175
66,20,10,0.137505,0.009026,52,51,10,aperitivo,fed09f2e1e,1.4175
66,21,10,0.137505,0.009026,52,51,10,aperitivo,fed09f2e1e,1.4175
66,22,10,0.137505,0.009026,52,51,10,aperitivo,fed09f2e1e,1.4175
66,23,10,0.137505,0.009026,52,51,10,aperitivo,fed09f2e1e,1.4175
66,24,10,0.137505,0.009026,52,51,10,aperitivo,fed09f2e1e,1.4175
66,25,10,0.137505,0.009026,52,51,10,aperitivo,fed09f2e1e,1.4175
66,26,10,0.137505,0.009026,52,51,10,aperitivo,fed09f2e1e,1.4175
66,27,10,0.137505,0.009026,52,51,10,aperitivo,fed09f2e1e,1.4175
66,28,10,0.137505,0.009026,52,51,10,aperitivo,fed09f2e1e,1.4175
66,29,10,0.137505,0.009026,52,51,10,aperitivo,fed09f2e1e,1.4175
66,30,10,0.137505,0.009026,52,51,10,aperitivo,fed09f2e1e,1.4175
66,31,10,0.137505,0.009026,52,51,10,aperitivo,fed09f2e1e,1.4175
66,32,10,0.137505,0.009026,52,51,10,aperitivo,fed09f2e1e,1.4175
66,33,10,0.137505,0.009026,52,51,10,aperitivo,fed09f2e1e,1.4175
66,34,10,0.137505,0.009026,52,51,10,aperitivo,fed09f2e1e,1.4175
66,35,10,0.137505,0.009026,52,51,10,aperitivo,fed09f2e1e,1.4175
66,36,10,0.125709,0.007828,49,48,10,aperitivo,e94ca3ced0,1.4839
66,37,10,0.137505,0.007854,52,51,9,sabonete,0007c99e6f,1.4270
66,38,10,0.137505,0.009026,52,51,10,aperitivo,fed09f2e1e,1.4175
66,39,10,0.137505,0.009026,52,51,10,aperitivo,fed09f2e1e,1.4175
66,40,10,0.137505,0.009026,52,51,10,aperitivo,fed09f2e1e,1.4175
66,41,10,0.137505,0.009026,52,51,10,aperitivo,fed09f2e1e,1.4175
66,42,10,0.137505,0.009026,52,51,10,aperitivo,fed09f2e1e,1.4175
66,43,10,0.137505,0.009026,52,51,10,aperitivo,fed09f2e1e,1.4175
66,44,10,0.137505,0.009026,52,51,10,desodorante,fed09f2e1e,1.4175
66,45,10,0.137505,0.009026,52,51,10,aperitivo,fed09f2e1e,1.4175
66,46,10,0.137505,0.009026,52,51,10,aperitivo,fed09f2e1e,1.4175
66,47,10,0.137505,0.009026,52,51,10,aperitivo,fed09f2e1e,1.4175
66,48,10,0.137505,0.009026,52,51,10,aperitivo,fed09f2e1e,1.4175
66,49,10,0.137505,0.009026,52,51,10,aperitivo,fed09f2e1e,1.4175
67,0,10,0.137505,0.009026,52,51,10,aperitivo,fed09f2e1e,1.4175
67,1,10,0.137505,0.009026,52,51,10,aperitivo,fed09f2e1e,1.4175
67,2,10,0.137505,0.009026,52,51,10,aperitivo,fed09f2e1e,1.4175
67,3,10,0.137505,0.009026,52,51,10,aperitivo,fed09f2e1e,1.4175
67,4,10,0.137505,0.009026,52,51,10,aperitivo,fed09f2e1e,1.4175
67,5,10,0.137505,0.009026,52,51,10,aperitivo,fed09f2e1e,1.4175
67,6,10,0.137505,0.009026,52,51,10,aperitivo,fed09f2e1e,1.4175
67,7,10,0.137505,0.009026,52,51,10,aperitivo,fed09f2e1e,1.4175
67,8,10,0.137505,0.009026,52,51,10,aperitivo,fed09f2e1e,1.4175
67,9,10,0.137505,0.009026,52,51,10,aperitivo,fed09f2e1e,1.4175
67,10,10,0.131208,0.008095,53,52,9,iogurte,195fcc7672,1.5965
67,11,10,0.137505,0.009026,52,51,10,aperitivo,fed09f2e1e,1.4175
67,12,10,0.137505,0.009026,52,51,10,aperitivo,fed09f2e1e,1.4175
67,13,10,0.137505,0.009026,52,51,10,aperitivo,fed09f2e1e,1.4175
67,14,10,0.137505,0.009026,52,51,10,aperitivo,fed09f2e1e,1.4175
67,15,10,0.137505,0.009026,52,51,10,aperitivo,fed09f2e1e,1.4175
67,16,10,0.137505,0.009026,52,51,10,aperitivo,fed09f2e1e,1.4175
67,17,10,0.133324,0.008185,55,53,10,aperitivo,8b512855a0,1.4254
67,18,10,0.137505,0.009026,52,51,10,aperitivo,fed09f2e1e,1.4175
67,19,10,0.123991,0.007759,50,49,10,aperitivo,307b0cd7db,1.4597
67,20,10,0.137505,0.009026,52,51,10,aperitivo,fed09f2e1e,1.4175
67,21,10,0.137505,0.009026,52,51,10,aperitivo,fed09f2e1e,1.4175
67,22,10,0.137505,0.009026,52,51,10,aperitivo,fed09f2e1e,1.4175
67,23,10,0.128345,0.008577,51,50,10,aperitivo,c608558b4e,1.4944
67,24,10,0.137505,0.009026,52,51,10,aperitivo,fed09f2e1e,1.4175
67,25,10,0.137505,0.009026,52,51,10,aperitivo,fed09f2e1e,1.4175
67,26,10,0.137505,0.009026,52,51,10,aperitivo,fed09f2e1e,1.4175
67,27,10,0.137505,0.009026,52,51,10,aperitivo,fed09f2e1e,1.4175
67,28,10,0.137505,0.009026,52,51,10,aperitivo,fed09f2e1e,1.4175
67,29,10,0.137505,0.009026,52,51,10,aperitivo,fed09f2e1e,1.4175
67,30,10,0.137505,0.009026,52,51,10,desodorante,fed09f2e1e,1.4175
67,31,10,0.137505,0.009026,52,51,10,aperitivo,fed09f2e1e,1.4175
67,32,10,0.137505,0.009026,52,51,10,aperitivo,fed09f2e1e,1.4175
67,33,10,0.137505,0.009026,52,51,10,aperitivo,fed09f2e1e,1.4175
67,34,10,0.137505,0.009026,52,51,10,desodorante,fed09f2e1e,1.4175
67,35,10,0.137505,0.009026,52,51,10,aperitivo,fed09f2e1e,1.4175
67,36,10,0.137505,0.009026,52,51,10,aperitivo,fed09f2e1e,1.4175
67,37,10,0.137505,0.009026,52,51,10,aperitivo,fed09f2e1e,1.4175
67,38,10,0.137505,0.009026,52,51,10,aperitivo,fed09f2e1e,1.4175
67,39,10,0.137505,0.009026,52,51,10,aperitivo,fed09f2e1e,1.4175
67,40,10,0.137505,0.009026,52,51,10,desodorante,fed09f2e1e,1.4175
67,41,10,0.137505,0.009026,52,51,10,aperitivo,fed09f2e1e,1.4175
67,42,10,0.131540,0.008534,51,50,10,aperitivo,a3e44c70f6,1.5171
67,43,10,0.137505,0.009026,52,51,10,aperitivo,fed09f2e1e,1.4175
67,44,10,0.137505,0.009026,52,51,10,aperitivo,fed09f2e1e,1.4175
67,45,10,0.137505,0.009026,52,51,10,aperitivo,fed09f2e1e,1.4175
67,46,10,0.137505,0.009026,52,51,10,aperitivo,fed09f2e1e,1.4175
67,47,10,0.137505,0.009026,52,51,10,aperitivo,fed09f2e1e,1.4175
67,48,10,0.137505,0.009026,52,51,10,aperitivo,fed09f2e1e,1.4175
67,49,10,0.137505,0.009026,52,51,10,aperitivo,fed09f2e1e,1.4175
68,0,10,0.137505,0.009026,52,51,10,aperitivo,fed09f2e1e,1.4175
68,1,10,0.137505,0.009026,52,51,10,aperitivo,fed09f2e1e,1.4175
68,2,10,0.137505,0.009026,52,51,10,aperitivo,fed09f2e1e,1.4175
68,3,10,0.137505,0.009026,52,51,10,aperitivo,fed09f2e1e,1.4175
68,4,10,0.137505,0.009026,52,51,10,aperitivo,fed09f2e1e,1.4175
68,5,10,0.121462,0.008107,52,51,10,aperitivo,25129ebc53,1.5856
68,6,10,0.137505,0.009026,52,51,10,aperitivo,fed09f2e1e,1.4175
68,7,10,0.137505,0.009026,52,51,10,aperitivo,fed09f2e1e,1.4175
68,8,10,0.137505,0.009026,52,51,10,desodorante,fed09f2e1e,1.4175
68,9,10,0.137505,0.009026,52,51,10,aperitivo,fed09f2e1e,1.4175
68,10,10,0.137505,0.009026,52,51,10,aperitivo,fed09f2e1e,1.4175
68,11,10,0.137505,0.009026,52,51,10,aperitivo,fed09f2e1e,1.4175
68,12,10,0.137505,0.009026,52,51,10,aperitivo,fed09f2e1e,1.4175
68,13,10,0.137505,0.009026,52,51,10,aperitivo,fed09f2e1e,1.4175
68,14,10,0.137505,0.009026,52,51,10,aperitivo,fed09f2e1e,1.4175
68,15,10,0.137505,0.009026,52,51,10,aperitivo,fed09f2e1e,1.4175
68,16,10,0.137505,0.009026,52,51,10,aperitivo,fed09f2e1e,1.4175
68,17,10,0.137505,0.009026,52,51,10,desodorante,fed09f2e1e,1.4175
68,18,10,0.122900,0.008135,53,52,10,aperitivo,052f004bba,1.4337
68,19,10,0.137505,0.009026,52,51,10,aperitivo,fed09f2e1e,1.4175
68,20,10,0.117534,0.009023,53,52,10,aperitivo,82080225c5,1.5284
68,21,10,0.137505,0.009026,52,51,10,aperitivo,fed09f2e1e,1.4175
68,22,10,0.137505,0.009026,52,51,10,aperitivo,fed09f2e1e,1.4175
68,23,10,0.137505,0.009026,52,51,10,aperitivo,fed09f2e1e,1.4175
68,24,10,0.137505,0.009026,52,51,10,aperitivo,fed09f2e1e,1.4175
68,25,10,0.137505,0.009026,52,51,10,aperitivo,fed09f2e1e,1.4175
68,26,10,0.137505,0.009026,52,51,10,aperitivo,fed09f2e1e,1.4175
68,27,10,0.137505,0.009026,52,51,10,aperitivo,fed09f2e1e,1.4175
68,28,10,0.137505,0.009026,52,51,10,aperitivo,fed09f2e1e,1.4175
68,29,10,0.137505,0.009026,52,51,10,aperitivo,fed09f2e1e,1.4175
68,30,10,0.137505,0.009026,52,51,10,aperitivo,fed09f2e1e,1.4175
68,31,10,0.137505,0.009026,52,51,10,aperitivo,fed09f2e1e,1.4175
68,32,10,0.137505,0.009026,52,51,10,aperitivo,fed09f2e1e,1.4175
68,33,10,0.137505,0.009026,52,51,10,aperitivo,fed09f2e1e,1.4175
68,34,10,0.137505,0.009026,52,51,10,aperitivo,fed09f2e1e,1.4175
68,35,10,0.137505,0.009026,52,51,10,desodorante,fed09f2e1e,1.4175
68,36,10,0.137505,0.009026,52,51,10,aperitivo,fed09f2e1e,1.4175
68,37,10,0.137505,0.009026,52,51,10,aperitivo,fed09f2e1e,1.4175
68,38,10,0.137505,0.009026,52,51,10,aperitivo,fed09f2e1e,1.4175
68,39,10,0.137505,0.009026,52,51,10,aperitivo,fed09f2e1e,1.4175
68,40,10,0.137505,0.009026,52,51,10,aperitivo,fed09f2e1e,1.4175
68,41,10,0.137505,0.009026,52,51,10,aperitivo,fed09f2e1e,1.4175
68,42,10,0.137505,0.009026,52,51,10,aperitivo,fed09f2e1e,1.4175
68,43,10,0.137505,0.009026,52,51,10,aperitivo,fed09f2e1e,1.4175
68,44,10,0.137505,0.009026,52,51,10,desodorante,fed09f2e1e,1.4175
68,45,10,0.137505,0.009026,52,51,10,aperitivo,fed09f2e1e,1.4175
68,46,10,0.137505,0.009026,52,51,10,aperitivo,fed09f2e1e,1.4175
68,47,10,0.137505,0.009026,52,51,10,aperitivo,fed09f2e1e,1.4175
68,48,10,0.137505,0.009026,52,51,10,aperitivo,fed09f2e1e,1.4175
68,49,10,0.137505,0.009026,52,51,10,desodorante,fed09f2e1e,1.4175
69,0,10,0.137505,0.009026,52,51,10,aperitivo,fed09f2e1e,1.4175
69,1,10,0.137505,0.009026,52,51,10,aperitivo,fed09f2e1e,1.4175
69,2,10,0.137505,0.009026,52,51,10,aperitivo,fed09f2e1e,1.4175
69,3,10,0.137505,0.009026,52,51,10,aperitivo,fed09f2e1e,1.4175
69,4,10,0.137505,0.009026,52,51,10,aperitivo,fed09f2e1e,1.4175
69,5,10,0.137505,0.009026,52,51,10,aperitivo,fed09f2e1e,1.4175
69,6,10,0.137505,0.009026,52,51,10,aperitivo,fed09f2e1e,1.4175
69,7,10,0.135082,0.007896,53,52,9,aperitivo,18cc7bcfba,1.4812
69,8,10,0.137505,0.009026,52,51,10,aperitivo,fed09f2e1e,1.4175
69,9,10,0.137505,0.009026,52,51,10,aperitivo,fed09f2e1e,1.4175
69,10,10,0.137505,0.009026,52,51,10,aperitivo,fed09f2e1e,1.4175
69,11,10,0.137505,0.009026,52,51,10,desodorante,fed09f2e1e,1.4175
69,12,10,0.137505,0.009026,52,51,10,desodorante,fed09f2e1e,1.4175
69,13,10,0.137505,0.009026,52,51,10,aperitivo,fed09f2e1e,1.4175
69,14,10,0.137505,0.009026,52,51,10,aperitivo,fed09f2e1e,1.4175
69,15,10,0.137505,0.009026,52,51,10,desodorante,fed09f2e1e,1.4175
69,16,10,0.137505,0.009026,52,51,10,aperitivo,fed09f2e1e,1.4175
69,17,10,0.137505,0.009026,52,51,10,aperitivo,fed09f2e1e,1.4175
69,18,10,0.137505,0.009026,52,51,10,desodorante,fed09f2e1e,1.4175
69,19,10,0.134030,0.009104,50,49,10,aperitivo,51450334c2,1.4526
69,20,10,0.137505,0.009026,52,51,10,aperitivo,fed09f2e1e,1.4175
69,21,10,0.144002,0.008680,53,52,10,aperitivo,a54943cfaa,1.3793
69,22,10,0.135255,0.008800,53,52,10,aperitivo,9d985ae425,1.4165
69,23,10,0.086260,0.008167,53,53,10,aperitivo,94e51d2bb6,1.4237
69,24,10,0.137505,0.009026,52,51,10,aperitivo,fed09f2e1e,1.4175
69,25,10,0.137505,0.009026,52,51,10,aperitivo,fed09f2e1e,1.4175
69,26,10,0.137505,0.009026,52,51,10,aperitivo,fed09f2e1e,1.4175
69,27,10,0.137505,0.009026,52,51,10,desodorante,fed09f2e1e,1.4175
69,28,10,0.137505,0.009026,52,51,10,desodorante,fed09f2e1e,1.4175
69,29,10,0.137505,0.009026,52,51,10,aperitivo,fed09f2e1e,1.4175
69,30,10,0.137505,0.009026,52,51,10,aperitivo,fed09f2e1e,1.4175
69,31,10,0.137505,0.009026,52,51,10,aperitivo,fed09f2e1e,1.4175
69,32,10,0.137505,0.009026,52,51,10,aperitivo,fed09f2e1e,1.4175
69,33,10,0.137505,0.009026,52,51,10,aperitivo,fed09f2e1e,1.4175
69,34,10,0.137505,0.009026,52,51,10,aperitivo,fed09f2e1e,1.4175
69,35,10,0.137505,0.009026,52,51,10,aperitivo,fed09f2e1e,1.4175
69,36,10,0.137505,0.009026,52,51,10,aperitivo,fed09f2e1e,1.4175
69,37,10,0.137505,0.009026,52,51,10,aperitivo,fed09f2e1e,1.4175
69,38,10,0.137505,0.009026,52,51,10,aperitivo,fed09f2e1e,1.4175
69,39,10,0.137505,0.009026,52,51,10,aperitivo,fed09f2e1e,1.4175
69,40,10,0.137505,0.009026,52,51,10,aperitivo,fed09f2e1e,1.4175
69,41,10,0.137505,0.009026,52,51,10,aperitivo,fed09f2e1e,1.4175
69,42,10,0.137505,0.009026,52,51,10,aperitivo,fed09f2e1e,1.4175
69,43,10,0.137505,0.009026,52,51,10,aperitivo,fed09f2e1e,1.4175
69,44,10,0.137505,0.009026,52,51,10,aperitivo,fed09f2e1e,1.4175
69,45,10,0.137505,0.009026,52,51,10,aperitivo,fed09f2e1e,1.4175
69,46,10,0.137505,0.009026,52,51,10,aperitivo,fed09f2e1e,1.4175
69,47,10,0.137505,0.009026,52,51,10,aperitivo,fed09f2e1e,1.4175
69,48,10,0.137505,0.009026,52,51,10,aperitivo,fed09f2e1e,1.4175
69,49,10,0.137505,0.009026,52,51,10,aperitivo,fed09f2e1e,1.4175
70,0,10,0.134030,0.009104,50,49,10,aperitivo,51450334c2,1.4526
70,1,10,0.137505,0.009026,52,51,10,aperitivo,fed09f2e1e,1.4175
70,2,10,0.137505,0.009026,52,51,10,aperitivo,fed09f2e1e,1.4175
70,3,10,0.137505,0.009026,52,51,10,aperitivo,fed09f2e1e,1.4175
70,4,10,0.137505,0.009026,52,51,10,aperitivo,fed09f2e1e,1.4175
70,5,10,0.137505,0.009026,52,51,10,aperitivo,fed09f2e1e,1.4175
70,6,10,0.137505,0.009026,52,51,10,aperitivo,fed09f2e1e,1.4175
70,7,10,0.137505,0.009026,52,51,10,aperitivo,fed09f2e1e,1.4175
70,8,10,0.137505,0.009026,52,51,10,aperitivo,fed09f2e1e,1.4175
70,9,10,0.137505,0.009026,52,51,10,aperitivo,fed09f2e1e,1.4175
70,10,10,0.137505,0.009026,52,51,10,aperitivo,fed09f2e1e,1.4175
70,11,10,0.137505,0.009026,52,51,10,aperitivo,fed09f2e1e,1.4175
70,12,10,0.133657,0.007621,52,50,9,biscoito,eddfb78996,1.5094
70,13,10,0.143363,0.009059,50,49,10,aperitivo,9929d13094,1.6921
70,14,10,0.134456,0.008544,49,48,10,aperitivo,2177d45b72,1.5920
70,15,10,0.134030,0.009104,50,49,10,aperitivo,51450334c2,1.4526
70,16,10,0.137505,0.009026,52,51,10,aperitivo,fed09f2e1e,1.4175
70,17,10,0.137505,0.009026,52,51,10,desodorante,fed09f2e1e,1.4175
70,18,10,0.137505,0.009026,52,51,10,aperitivo,fed09f2e1e,1.4175
70,19,10,0.137505,0.009026,52,51,10,aperitivo,fed09f2e1e,1.4175
70,20,10,0.134030,0.009104,50,49,10,aperitivo,51450334c2,1.4526
70,21,10,0.132246,0.008372,49,48,10,aperitivo,dbe2462e01,1.4490
70,22,10,0.137505,0.009026,52,51,10,aperitivo,fed09f2e1e,1.4175
70,23,10,0.137505,0.009026,52,51,10,aperitivo,fed09f2e1e,1.4175
70,24,10,0.137505,0.009026,52,51,10,aperitivo,fed09f2e1e,1.4175
70,25,10,0.137505,0.009026,52,51,10,aperitivo,fed09f2e1e,1.4175
70,26,10,0.137505,0.009026,52,51,10,aperitivo,fed09f2e1e,1.4175
70,27,10,0.137505,0.009026,52,51,10,desodorante,fed09f2e1e,1.4175
70,28,10,0.137505,0.009026,52,51,10,aperitivo,fed09f2e1e,1.4175
70,29,10,0.102703,0.008203,54,54,10,aperitivo,ec6494f707,1.4145
70,30,10,0.137505,0.009026,52,51,10,aperitivo,fed09f2e1e,1.4175
70,31,10,0.125629,0.007978,51,50,10,aperitivo,53eccfee2b,1.4637
70,32,10,0.135002,0.008608,50,49,10,aperitivo,e8d36ae6ab,1.3997
70,33,10,0.137505,0.009026,52,51,10,aperitivo,fed09f2e1e,1.4175
70,34,10,0.137505,0.009026,52,51,10,desodorante,fed09f2e1e,1.4175
70,35,10,0.137505,0.009026,52,51,10,aperitivo,fed09f2e1e,1.4175
70,36,10,0.126028,0.008460,54,53,10,aperitivo,f4685751a3,1.4797
70,37,10,0.137505,0.009026,52,51,10,aperitivo,fed09f2e1e,1.4175
70,38,10,0.137505,0.009026,52,51,10,aperitivo,fed09f2e1e,1.4175
70,39,10,0.137505,0.009026,52,51,10,desodorante,fed09f2e1e,1.4175
70,40,10,0.137505,0.009026,52,51,10,aperitivo,fed09f2e1e,1.4175
70,41,10,0.137505,0.009026,52,51,10,aperitivo,fed09f2e1e,1.4175
70,42,10,0.120130,0.008106,53,52,10,aperitivo,b55aafc74a,1.3782
70,43,10,0.137505,0.009026,52,51,10,aperitivo,fed09f2e1e,1.4175
70,44,10,0.137505,0.009026,52,51,10,aperitivo,fed09f2e1e,1.4175
70,45,10,0.137505,0.009026,52,51,10,aperitivo,fed09f2e1e,1.4175
70,46,10,0.137505,0.009026,52,51,10,aperitivo,fed09f2e1e,1.4175
70,47,10,0.137505,0.009026,52,51,10,aperitivo,fed09f2e1e,1.4175
70,48,10,0.090920,0.008276,50,50,10,aperitivo,8bf68c6547,1.4958
70,49,10,0.137505,0.009026,52,51,10,aperitivo,fed09f2e1e,1.4175
71,0,10,0.134030,0.009104,50,49,10,aperitivo,51450334c2,1.4526
71,1,10,0.134030,0.009104,50,49,10,aperitivo,51450334c2,1.4526
71,2,10,0.134030,0.009104,50,49,10,aperitivo,51450334c2,1.4526
71,3,10,0.143363,0.009059,50,49,10,aperitivo,9929d13094,1.6921
71,4,10,0.137505,0.009026,52,51,10,aperitivo,fed09f2e1e,1.4175
71,5,10,0.137505,0.009026,52,51,10,aperitivo,fed09f2e1e,1.4175
71,6,10,0.137505,0.009026,52,51,10,aperitivo,fed09f2e1e,1.4175
71,7,10,0.137505,0.009026,52,51,10,desodorante,fed09f2e1e,1.4175
71,8,10,0.124511,0.008729,53,51,10,aperitivo,6307f39f75,1.5699
71,9,10,0.092491,0.007534,51,51,10,aperitivo,1465bf991a,1.3647
71,10,10,0.137505,0.009026,52,51,10,aperitivo,fed09f2e1e,1.4175
71,11,10,0.137505,0.009026,52,51,10,aperitivo,fed09f2e1e,1.4175
71,12,10,0.137505,0.009026,52,51,10,aperitivo,fed09f2e1e,1.4175
71,13,10,0.134030,0.009104,50,49,10,aperitivo,51450334c2,1.4526
71,14,10,0.134456,0.008544,49,48,10,aperitivo,2177d45b72,1.5920
71,15,10,0.137505,0.009026,52,51,10,aperitivo,fed09f2e1e,1.4175
71,16,10,0.137505,0.009026,52,51,10,aperitivo,fed09f2e1e,1.4175
71,17,10,0.143363,0.009059,50,49,10,aperitivo,9929d13094,1.6921
71,18,10,0.137505,0.009026,52,51,10,aperitivo,fed09f2e1e,1.4175
71,19,10,0.137505,0.009026,52,51,10,aperitivo,fed09f2e1e,1.4175
71,20,10,0.137505,0.009026,52,51,10,aperitivo,fed09f2e1e,1.4175
71,21,10,0.137505,0.009026,52,51,10,aperitivo,fed09f2e1e,1.4175
71,22,10,0.137505,0.009026,52,51,10,aperitivo,fed09f2e1e,1.4175
71,23,10,0.137505,0.009026,52,51,10,aperitivo,fed09f2e1e,1.4175
71,24,10,0.118133,0.008881,52,51,10,aperitivo,761e4ee7a6,1.4819
71,25,10,0.134030,0.009104,50,49,10,aperitivo,51450334c2,1.4526
71,26,10,0.132486,0.008874,52,51,10,aperitivo,48ee56b7d7,1.3676
71,27,10,0.137505,0.009026,52,51,10,aperitivo,fed09f2e1e,1.4175
71,28,10,0.137505,0.009026,52,51,10,aperitivo,fed09f2e1e,1.4175
71,29,10,0.137505,0.009026,52,51,10,aperitivo,fed09f2e1e,1.4175
71,30,10,0.137505,0.009026,52,51,10,aperitivo,fed09f2e1e,1.4175
71,31,10,0.143363,0.009059,50,49,10,aperitivo,9929d13094,1.6921
71,32,10,0.134456,0.008544,49,48,10,aperitivo,2177d45b72,1.5920
71,33,10,0.144801,0.008482,48,47,10,aperitivo,0c6a02562d,1.3262
71,34,10,0.137505,0.009026,52,51,10,aperitivo,fed09f2e1e,1.4175
71,35,10,0.137505,0.009026,52,51,10,aperitivo,fed09f2e1e,1.4175
71,36,10,0.137505,0.009026,52,51,10,aperitivo,fed09f2e1e,1.4175
71,37,10,0.137505,0.009026,52,51,10,aperitivo,fed09f2e1e,1.4175
71,38,10,0.134030,0.009104,50,49,10,aperitivo,51450334c2,1.4526
71,39,10,0.123619,0.008315,54,52,10,aperitivo,ef966ba57c,1.4648
71,40,10,0.137505,0.009026,52,51,10,aperitivo,fed09f2e1e,1.4175
71,41,10,0.137505,0.009026,52,51,10,aperitivo,fed09f2e1e,1.4175
71,42,10,0.137505,0.009026,52,51,10,desodorante,fed09f2e1e,1.4175
71,43,10,0.137505,0.009026,52,51,10,aperitivo,fed09f2e1e,1.4175
71,44,10,0.137505,0.009026,52,51,10,aperitivo,fed09f2e1e,1.4175
71,45,10,0.137505,0.009026,52,51,10,aperitivo,fed09f2e1e,1.4175
71,46,10,0.137505,0.009026,52,51,10,aperitivo,fed09f2e1e,1.4175
71,47,10,0.137505,0.009026,52,51,10,aperitivo,fed09f2e1e,1.4175
71,48,10,0.136027,0.008771,51,50,10,aperitivo,d0c2d559b1,1.4141
71,49,10,0.137505,0.009026,52,51,10,aperitivo,fed09f2e1e,1.4175
72,0,10,0.134030,0.009104,50,49,10,aperitivo,51450334c2,1.4526
72,1,10,0.134030,0.009104,50,49,10,aperitivo,51450334c2,1.4526
72,2,10,0.134030,0.009104,50,49,10,aperitivo,51450334c2,1.4526
72,3,10,0.134030,0.009104,50,49,10,aperitivo,51450334c2,1.4526
72,4,10,0.134030,0.009104,50,49,10,aperitivo,51450334c2,1.4526
72,5,10,0.137505,0.009026,52,51,10,aperitivo,fed09f2e1e,1.4175
72,6,10,0.134030,0.009104,50,49,10,aperitivo,51450334c2,1.4526
72,7,10,0.134456,0.008544,49,48,10,aperitivo,2177d45b72,1.5920
72,8,10,0.144388,0.008954,50,49,10,aperitivo,f0e009b89f,1.7477
72,9,10,0.137505,0.009026,52,51,10,aperitivo,fed09f2e1e,1.4175
72,10,10,0.134030,0.009104,50,49,10,aperitivo,51450334c2,1.4526
72,11,10,0.143363,0.009059,50,49,10,aperitivo,9929d13094,1.6921
72,12,10,0.137505,0.009026,52,51,10,aperitivo,fed09f2e1e,1.4175
72,13,10,0.134030,0.009104,50,49,10,aperitivo,51450334c2,1.4526
72,14,10,0.137505,0.009026,52,51,10,desodorante,fed09f2e1e,1.4175
72,15,10,0.134030,0.009104,50,49,10,aperitivo,51450334c2,1.4526
72,16,10,0.134030,0.009104,50,49,10,aperitivo,51450334c2,1.4526
72,17,10,0.137505,0.009026,52,51,10,aperitivo,fed09f2e1e,1.4175
72,18,10,0.137505,0.009026,52,51,10,aperitivo,fed09f2e1e,1.4175
72,19,10,0.134030,0.009104,50,49,10,aperitivo,51450334c2,1.4526
72,20,10,0.144388,0.008954,50,49,10,aperitivo,f0e009b89f,1.7477
72,21,10,0.137505,0.009026,52,51,10,aperitivo,fed09f2e1e,1.4175
72,22,10,0.137505,0.009026,52,51,10,aperitivo,fed09f2e1e,1.4175
72,23,10,0.137505,0.009026,52,51,10,aperitivo,fed09f2e1e,1.4175
72,24,10,0.134030,0.009104,50,49,10,aperitivo,51450334c2,1.4526
72,25,10,0.137505,0.009026,52,51,10,aperitivo,fed09f2e1e,1.4175
72,26,10,0.137505,0.009026,52,51,10,aperitivo,fed09f2e1e,1.4175
72,27,10,0.143363,0.009059,50,49,10,aperitivo,9929d13094,1.6921
72,28,10,0.137505,0.009026,52,51,10,aperitivo,fed09f2e1e,1.4175
72,29,10,0.137505,0.009026,52,51,10,aperitivo,fed09f2e1e,1.4175
72,30,10,0.137505,0.009026,52,51,10,aperitivo,fed09f2e1e,1.4175
72,31,10,0.134030,0.009104,50,49,10,aperitivo,51450334c2,1.4526
72,32,10,0.134030,0.009104,50,49,10,aperitivo,51450334c2,1.4526
72,33,10,0.134030,0.009104,50,49,10,aperitivo,51450334c2,1.4526
72,34,10,0.134030,0.009104,50,49,10,aperitivo,51450334c2,1.4526
72,35,10,0.134030,0.009104,50,49,10,aperitivo,51450334c2,1.4526
72,36,10,0.137505,0.009026,52,51,10,aperitivo,fed09f2e1e,1.4175
72,37,10,0.137505,0.009026,52,51,10,aperitivo,fed09f2e1e,1.4175
72,38,10,0.144388,0.008954,50,49,10,aperitivo,f0e009b89f,1.7477
72,39,10,0.137505,0.009026,52,51,10,aperitivo,fed09f2e1e,1.4175
72,40,10,0.109000,0.008503,54,54,10,goma de mascar,4e2b83c94a,1.4999
72,41,10,0.137505,0.009026,52,51,10,aperitivo,fed09f2e1e,1.4175
72,42,10,0.134030,0.009104,50,49,10,aperitivo,51450334c2,1.4526
72,43,10,0.137505,0.009026,52,51,10,aperitivo,fed09f2e1e,1.4175
72,44,10,0.137505,0.009026,52,51,10,aperitivo,fed09f2e1e,1.4175
72,45,10,0.134030,0.009104,50,49,10,aperitivo,51450334c2,1.4526
72,46,10,0.137505,0.009026,52,51,10,aperitivo,fed09f2e1e,1.4175
72,47,10,0.134030,0.009104,50,49,10,aperitivo,51450334c2,1.4526
72,48,10,0.143363,0.009059,50,49,10,aperitivo,9929d13094,1.6921
72,49,10,0.134030,0.009104,50,49,10,aperitivo,51450334c2,1.4526
73,0,10,0.134030,0.009104,50,49,10,aperitivo,51450334c2,1.4526
73,1,10,0.134030,0.009104,50,49,10,aperitivo,51450334c2,1.4526
73,2,10,0.134030,0.009104,50,49,10,aperitivo,51450334c2,1.4526
73,3,10,0.134030,0.009104,50,49,10,aperitivo,51450334c2,1.4526
73,4,10,0.134030,0.009104,50,49,10,aperitivo,51450334c2,1.4526
73,5,10,0.134030,0.009104,50,49,10,aperitivo,51450334c2,1.4526
73,6,10,0.134030,0.009104,50,49,10,aperitivo,51450334c2,1.4526
73,7,10,0.118133,0.008881,52,51,10,aperitivo,761e4ee7a6,1.4819
73,8,10,0.144388,0.008954,50,49,10,aperitivo,f0e009b89f,1.7477
73,9,10,0.144388,0.008954,50,49,10,aperitivo,f0e009b89f,1.7477
73,10,10,0.143363,0.009059,50,49,10,aperitivo,9929d13094,1.6921
73,11,10,0.130529,0.008231,51,51,10,vegetal congelado,3aac223b22,1.4695
73,12,10,0.143363,0.009059,50,49,10,aperitivo,9929d13094,1.6921
73,13,10,0.134030,0.009104,50,49,10,aperitivo,51450334c2,1.4526
73,14,10,0.134030,0.009104,50,49,10,aperitivo,51450334c2,1.4526
73,15,10,0.134030,0.009104,50,49,10,aperitivo,51450334c2,1.4526
73,16,10,0.134030,0.009104,50,49,10,aperitivo,51450334c2,1.4526
73,17,10,0.134030,0.009104,50,49,10,aperitivo,51450334c2,1.4526
73,18,10,0.134030,0.009104,50,49,10,aperitivo,51450334c2,1.4526
73,19,10,0.134030,0.009104,50,49,10,aperitivo,51450334c2,1.4526
73,20,10,0.134030,0.009104,50,49,10,aperitivo,51450334c2,1.4526
73,21,10,0.126242,0.008843,52,51,10,aperitivo,268a7173ff,1.5723
73,22,10,0.134030,0.009104,50,49,10,aperitivo,51450334c2,1.4526
73,23,10,0.134030,0.009104,50,49,10,aperitivo,51450334c2,1.4526
73,24,10,0.137505,0.009026,52,51,10,aperitivo,fed09f2e1e,1.4175
73,25,10,0.134030,0.009104,50,49,10,aperitivo,51450334c2,1.4526
73,26,10,0.134030,0.009104,50,49,10,aperitivo,51450334c2,1.4526
73,27,10,0.134030,0.009104,50,49,10,aperitivo,51450334c2,1.4526
73,28,10,0.134030,0.009104,50,49,10,aperitivo,51450334c2,1.4526
73,29,10,0.144388,0.008954,50,49,10,aperitivo,f0e009b89f,1.7477
73,30,10,0.099680,0.007812,54,53,10,aperitivo,692ee9050d,1.4861
73,31,10,0.144388,0.008954,50,49,10,aperitivo,f0e009b89f,1.7477
73,32,10,0.143363,0.009059,50,49,10,aperitivo,9929d13094,1.6921
73,33,10,0.134030,0.009104,50,49,10,aperitivo,51450334c2,1.4526
73,34,10,0.134030,0.009104,50,49,10,aperitivo,51450334c2,1.4526
73,35,10,0.134030,0.009104,50,49,10,aperitivo,51450334c2,1.4526
73,36,10,0.130063,0.008477,50,49,10,aperitivo,f6a36688df,1.4645
73,37,10,0.143363,0.009059,50,49,10,aperitivo,9929d13094,1.6921
73,38,10,0.137505,0.009026,52,51,10,aperitivo,fed09f2e1e,1.4175
73,39,10,0.134030,0.009104,50,49,10,aperitivo,51450334c2,1.4526
73,40,10,0.137505,0.009026,52,51,10,aperitivo,fed09f2e1e,1.4175
73,41,10,0.134030,0.009104,50,49,10,aperitivo,51450334c2,1.4526
73,42,10,0.134030,0.009104,50,49,10,aperitivo,51450334c2,1.4526
73,43,10,0.134030,0.009104,50,49,10,aperitivo,51450334c2,1.4526
73,44,10,0.134030,0.009104,50,49,10,aperitivo,51450334c2,1.4526
73,45,10,0.134030,0.009104,50,49,10,aperitivo,51450334c2,1.4526
73,46,10,0.121928,0.008485,49,48,10,aperitivo,2d2a475930,1.4044
73,47,10,0.137505,0.009026,52,51,10,aperitivo,fed09f2e1e,1.4175
73,48,10,0.134030,0.009104,50,49,10,aperitivo,51450334c2,1.4526
73,49,10,0.134030,0.009104,50,49,10,aperitivo,51450334c2,1.4526
74,0,10,0.134030,0.009104,50,49,10,aperitivo,51450334c2,1.4526
74,1,10,0.134030,0.009104,50,49,10,aperitivo,51450334c2,1.4526
74,2,10,0.134030,0.009104,50,49,10,aperitivo,51450334c2,1.4526
74,3,10,0.134030,0.009104,50,49,10,aperitivo,51450334c2,1.4526
74,4,10,0.134030,0.009104,50,49,10,aperitivo,51450334c2,1.4526
74,5,10,0.087006,0.007806,49,49,10,aperitivo,bda60fb518,1.5734
74,6,10,0.134030,0.009104,50,49,10,aperitivo,51450334c2,1.4526
74,7,10,0.134030,0.009104,50,49,10,aperitivo,51450334c2,1.4526
74,8,10,0.134030,0.009104,50,49,10,aperitivo,51450334c2,1.4526
74,9,10,0.134030,0.009104,50,49,10,aperitivo,51450334c2,1.4526
74,10,10,0.134030,0.009104,50,49,10,aperitivo,51450334c2,1.4526
74,11,10,0.134030,0.009104,50,49,10,aperitivo,51450334c2,1.4526
74,12,10,0.134030,0.009104,50,49,10,aperitivo,51450334c2,1.4526
74,13,10,0.134030,0.009104,50,49,10,aperitivo,51450334c2,1.4526
74,14,10,0.134030,0.009104,50,49,10,aperitivo,51450334c2,1.4526
74,15,10,0.134030,0.009104,50,49,10,aperitivo,51450334c2,1.4526
74,16,10,0.134030,0.009104,50,49,10,aperitivo,51450334c2,1.4526
74,17,10,0.134030,0.009104,50,49,10,aperitivo,51450334c2,1.4526
74,18,10,0.134030,0.009104,50,49,10,aperitivo,51450334c2,1.4526
74,19,10,0.134030,0.009104,50,49,10,aperitivo,51450334c2,1.4526
74,20,10,0.126614,0.008835,52,51,10,aperitivo,8bc1381301,1.3998
74,21,10,0.134030,0.009104,50,49,10,aperitivo,51450334c2,1.4526
74,22,10,0.134030,0.009104,50,49,10,aperitivo,51450334c2,1.4526
74,23,10,0.134030,0.009104,50,49,10,aperitivo,51450334c2,1.4526
74,24,10,0.121488,0.008337,53,52,10,aperitivo,ce4987b5bd,1.5237
74,25,10,0.134030,0.009104,50,49,10,aperitivo,51450334c2,1.4526
74,26,10,0.134030,0.009104,50,49,10,aperitivo,51450334c2,1.4526
74,27,10,0.134030,0.009104,50,49,10,aperitivo,51450334c2,1.4526
74,28,10,0.134030,0.009104,50,49,10,aperitivo,51450334c2,1.4526
74,29,10,0.134030,0.009104,50,49,10,aperitivo,51450334c2,1.4526
74,30,10,0.141100,0.008542,52,51,10,aperitivo,13cd70d619,1.5012
74,31,10,0.134030,0.009104,50,49,10,aperitivo,51450334c2,1.4526
74,32,10,0.134030,0.009104,50,49,10,aperitivo,51450334c2,1.4526
74,33,10,0.134030,0.009104,50,49,10,aperitivo,51450334c2,1.4526
74,34,10,0.134030,0.009104,50,49,10,aperitivo,51450334c2,1.4526
74,35,10,0.134030,0.009104,50,49,10,aperitivo,51450334c2,1.4526
74,36,10,0.134030,0.009104,50,49,10,aperitivo,51450334c2,1.4526
74,37,10,0.139129,0.009040,50,48,10,aperitivo,d8c5cf3ac2,1.3691
74,38,10,0.134030,0.009104,50,49,10,aperitivo,51450334c2,1.4526
74,39,10,0.134030,0.009104,50,49,10,aperitivo,51450334c2,1.4526
74,40,10,0.134030,0.009104,50,49,10,aperitivo,51450334c2,1.4526
74,41,10,0.134030,0.009104,50,49,10,aperitivo,51450334c2,1.4526
74,42,10,0.134030,0.009104,50,49,10,aperitivo,51450334c2,1.4526
74,43,10,0.134030,0.009104,50,49,10,aperitivo,51450334c2,1.4526
74,44,10,0.134030,0.009104,50,49,10,aperitivo,51450334c2,1.4526
74,45,10,0.134030,0.009104,50,49,10,aperitivo,51450334c2,1.4526
74,46,10,0.134030,0.009104,50,49,10,aperitivo,51450334c2,1.4526
74,47,10,0.134030,0.009104,50,49,10,aperitivo,51450334c2,1.4526
74,48,10,0.134030,0.009104,50,49,10,aperitivo,51450334c2,1.4526
74,49,10,0.134030,0.009104,50,49,10,aperitivo,51450334c2,1.4526
75,0,10,0.134030,0.009104,50,49,10,aperitivo,51450334c2,1.4526
75,1,10,0.134030,0.009104,50,49,10,aperitivo,51450334c2,1.4526
75,2,10,0.134030,0.009104,50,49,10,aperitivo,51450334c2,1.4526
75,3,10,0.134030,0.009104,50,49,10,aperitivo,51450334c2,1.4526
75,4,10,0.134030,0.009104,50,49,10,aperitivo,51450334c2,1.4526
75,5,10,0.134030,0.009104,50,49,10,aperitivo,51450334c2,1.4526
75,6,10,0.134030,0.009104,50,49,10,aperitivo,51450334c2,1.4526
75,7,10,0.088111,0.008074,49,49,10,aperitivo,72d7a0b6c5,1.4061
75,8,10,0.134030,0.009104,50,49,10,aperitivo,51450334c2,1.4526
75,9,10,0.134030,0.009104,50,49,10,aperitivo,51450334c2,1.4526
75,10,10,0.134030,0.009104,50,49,10,aperitivo,51450334c2,1.4526
75,11,10,0.134030,0.009104,50,49,10,aperitivo,51450334c2,1.4526
75,12,10,0.134030,0.009104,50,49,10,aperitivo,51450334c2,1.4526
75,13,10,0.134030,0.009104,50,49,10,aperitivo,51450334c2,1.4526
75,14,10,0.134030,0.009104,50,49,10,aperitivo,51450334c2,1.4526
75,15,10,0.134030,0.009104,50,49,10,aperitivo,51450334c2,1.4526
75,16,10,0.134030,0.009104,50,49,10,aperitivo,51450334c2,1.4526
75,17,10,0.134030,0.009104,50,49,10,aperitivo,51450334c2,1.4526
75,18,10,0.134030,0.009104,50,49,10,aperitivo,51450334c2,1.4526
75,19,10,0.134030,0.009104,50,49,10,aperitivo,51450334c2,1.4526
75,20,10,0.134030,0.009104,50,49,10,aperitivo,51450334c2,1.4526
75,21,10,0.134030,0.009104,50,49,10,aperitivo,51450334c2,1.4526
75,22,10,0.134030,0.009104,50,49,10,aperitivo,51450334c2,1.4526
75,23,10,0.134030,0.009104,50,49,10,aperitivo,51450334c2,1.4526
75,24,10,0.134030,0.009104,50,49,10,aperitivo,51450334c2,1.4526
75,25,10,0.134030,0.009104,50,49,10,aperitivo,51450334c2,1.4526
75,26,10,0.134030,0.009104,50,49,10,aperitivo,51450334c2,1.4526
75,27,10,0.134030,0.009104,50,49,10,aperitivo,51450334c2,1.4526
75,28,10,0.134030,0.009104,50,49,10,aperitivo,51450334c2,1.4526
75,29,10,0.134030,0.009104,50,49,10,aperitivo,51450334c2,1.4526
75,30,10,0.134030,0.009104,50,49,10,aperitivo,51450334c2,1.4526
75,31,10,0.134030,0.009104,50,49,10,aperitivo,51450334c2,1.4526
75,32,10,0.134030,0.009104,50,49,10,aperitivo,51450334c2,1.4526
75,33,10,0.134030,0.009104,50,49,10,aperitivo,51450334c2,1.4526
75,34,10,0.134030,0.009104,50,49,10,aperitivo,51450334c2,1.4526
75,35,10,0.134030,0.009104,50,49,10,aperitivo,51450334c2,1.4526
75,36,10,0.134030,0.009104,50,49,10,aperitivo,51450334c2,1.4526
75,37,10,0.126614,0.008835,52,51,10,aperitivo,8bc1381301,1.3998
75,38,10,0.111876,0.008708,52,51,10,aperitivo,9478541622,1.4779
75,39,10,0.134030,0.009104,50,49,10,aperitivo,51450334c2,1.4526
75,40,10,0.134030,0.009104,50,49,10,aperitivo,51450334c2,1.4526
75,41,10,0.134030,0.009104,50,49,10,aperitivo,51450334c2,1.4526
75,42,10,0.134030,0.009104,50,49,10,aperitivo,51450334c2,1.4526
75,43,10,0.134030,0.009104,50,49,10,aperitivo,51450334c2,1.4526
75,44,10,0.123179,0.007942,50,49,10,aperitivo,65276f43cc,1.4301
75,45,10,0.134030,0.009104,50,49,10,aperitivo,51450334c2,1.4526
75,46,10,0.134030,0.009104,50,49,10,aperitivo,51450334c2,1.4526
75,47,10,0.134030,0.009104,50,49,10,aperitivo,51450334c2,1.4526
75,48,10,0.134030,0.009104,50,49,10,aperitivo,51450334c2,1.4526
75,49,10,0.134030,0.009104,50,49,10,aperitivo,51450334c2,1.4526
76,0,10,0.134030,0.009104,50,49,10,aperitivo,51450334c2,1.4526
76,1,10,0.134030,0.009104,50,49,10,aperitivo,51450334c2,1.4526
76,2,10,0.134030,0.009104,50,49,10,aperitivo,51450334c2,1.4526
76,3,10,0.134030,0.009104,50,49,10,aperitivo,51450334c2,1.4526
76,4,10,0.134030,0.009104,50,49,10,aperitivo,51450334c2,1.4526
76,5,10,0.134030,0.009104,50,49,10,aperitivo,51450334c2,1.4526
76,6,10,0.134030,0.009104,50,49,10,aperitivo,51450334c2,1.4526
76,7,10,0.134030,0.009104,50,49,10,aperitivo,51450334c2,1.4526
76,8,10,0.134030,0.009104,50,49,10,aperitivo,51450334c2,1.4526
76,9,10,0.134030,0.009104,50,49,10,aperitivo,51450334c2,1.4526
76,10,10,0.134030,0.009104,50,49,10,aperitivo,51450334c2,1.4526
76,11,10,0.134030,0.009104,50,49,10,aperitivo,51450334c2,1.4526
76,12,10,0.134030,0.009104,50,49,10,aperitivo,51450334c2,1.4526
76,13,10,0.133737,0.008449,52,51,10,aperitivo,a1f21eb7c6,1.4969
76,14,10,0.145294,0.008974,52,51,10,aperitivo,f3a5e79875,1.5342
76,15,10,0.084556,0.007405,49,49,10,aperitivo,3143ce2936,1.4403
76,16,10,0.134030,0.009104,50,49,10,aperitivo,51450334c2,1.4526
76,17,10,0.134030,0.009104,50,49,10,aperitivo,51450334c2,1.4526
76,18,10,0.134030,0.009104,50,49,10,aperitivo,51450334c2,1.4526
76,19,10,0.134030,0.009104,50,49,10,aperitivo,51450334c2,1.4526
76,20,10,0.119704,0.007549,48,46,9,biscoito,0bb65d257a,1.3319
76,21,10,0.134030,0.009104,50,49,10,aperitivo,51450334c2,1.4526
76,22,10,0.134030,0.009104,50,49,10,aperitivo,51450334c2,1.4526
76,23,10,0.134030,0.009104,50,49,10,aperitivo,51450334c2,1.4526
76,24,10,0.134030,0.009104,50,49,10,aperitivo,51450334c2,1.4526
76,25,10,0.134030,0.009104,50,49,10,aperitivo,51450334c2,1.4526
76,26,10,0.134030,0.009104,50,49,10,aperitivo,51450334c2,1.4526
76,27,10,0.134030,0.009104,50,49,10,aperitivo,51450334c2,1.4526
76,28,10,0.134030,0.009104,50,49,10,aperitivo,51450334c2,1.4526
76,29,10,0.134030,0.009104,50,49,10,aperitivo,51450334c2,1.4526
76,30,10,0.134216,0.008728,49,49,10,suco pronto,2eed4ad77b,1.4157
76,31,10,0.134030,0.009104,50,49,10,aperitivo,51450334c2,1.4526
76,32,10,0.134030,0.009104,50,49,10,aperitivo,51450334c2,1.4526
76,33,10,0.134030,0.009104,50,49,10,aperitivo,51450334c2,1.4526
76,34,10,0.134030,0.009104,50,49,10,aperitivo,51450334c2,1.4526
76,35,10,0.134030,0.009104,50,49,10,aperitivo,51450334c2,1.4526
76,36,10,0.134030,0.009104,50,49,10,aperitivo,51450334c2,1.4526
76,37,10,0.134030,0.009104,50,49,10,aperitivo,51450334c2,1.4526
76,38,10,0.134030,0.009104,50,49,10,aperitivo,51450334c2,1.4526
76,39,10,0.134030,0.009104,50,49,10,aperitivo,51450334c2,1.4526
76,40,10,0.134030,0.009104,50,49,10,aperitivo,51450334c2,1.4526
76,41,10,0.134030,0.009104,50,49,10,aperitivo,51450334c2,1.4526
76,42,10,0.134030,0.009104,50,49,10,aperitivo,51450334c2,1.4526
76,43,10,0.134030,0.009104,50,49,10,aperitivo,51450334c2,1.4526
76,44,10,0.134030,0.009104,50,49,10,aperitivo,51450334c2,1.4526
76,45,10,0.134030,0.009104,50,49,10,aperitivo,51450334c2,1.4526
76,46,10,0.134030,0.009104,50,49,10,aperitivo,51450334c2,1.4526
76,47,10,0.134030,0.009104,50,49,10,aperitivo,51450334c2,1.4526
76,48,10,0.134030,0.009104,50,49,10,aperitivo,51450334c2,1.4526
76,49,10,0.134030,0.009104,50,49,10,aperitivo,51450334c2,1.4526
77,0,10,0.134030,0.009104,50,49,10,aperitivo,51450334c2,1.4526
77,1,10,0.134030,0.009104,50,49,10,aperitivo,51450334c2,1.4526
77,2,10,0.134030,0.009104,50,49,10,aperitivo,51450334c2,1.4526
77,3,10,0.134030,0.009104,50,49,10,aperitivo,51450334c2,1.4526
77,4,10,0.134030,0.009104,50,49,10,aperitivo,51450334c2,1.4526
77,5,10,0.134030,0.009104,50,49,10,aperitivo,51450334c2,1.4526
77,6,10,0.134030,0.009104,50,49,10,aperitivo,51450334c2,1.4526
77,7,10,0.139036,0.008233,50,49,10,aperitivo,4b2368fe43,1.7679
77,8,10,0.134030,0.009104,50,49,10,aperitivo,51450334c2,1.4526
77,9,10,0.134030,0.009104,50,49,10,aperitivo,51450334c2,1.4526
77,10,10,0.121755,0.007631,47,45,9,biscoito,21fda2afce,1.5848
77,11,10,0.134030,0.009104,50,49,10,aperitivo,51450334c2,1.4526
77,12,10,0.134030,0.009104,50,49,10,aperitivo,51450334c2,1.4526
77,13,10,0.134030,0.009104,50,49,10,aperitivo,51450334c2,1.4526
77,14,10,0.134030,0.009104,50,49,10,aperitivo,51450334c2,1.4526
77,15,10,0.134030,0.009104,50,49,10,aperitivo,51450334c2,1.4526
77,16,10,0.134030,0.009104,50,49,10,aperitivo,51450334c2,1.4526
77,17,10,0.087658,0.007946,50,50,10,aperitivo,fefdfd351a,1.6723
77,18,10,0.134030,0.009104,50,49,10,aperitivo,51450334c2,1.4526
77,19,10,0.134030,0.009104,50,49,10,aperitivo,51450334c2,1.4526
77,20,10,0.134030,0.009104,50,49,10,aperitivo,51450334c2,1.4526
77,21,10,0.134030,0.009104,50,49,10,aperitivo,51450334c2,1.4526
77,22,10,0.134030,0.009104,50,49,10,aperitivo,51450334c2,1.4526
77,23,10,0.134030,0.009104,50,49,10,aperitivo,51450334c2,1.4526
77,24,10,0.134030,0.009104,50,49,10,aperitivo,51450334c2,1.4526
77,25,10,0.134030,0.009104,50,49,10,aperitivo,51450334c2,1.4526
77,26,10,0.134030,0.009104,50,49,10,aperitivo,51450334c2,1.4526
77,27,10,0.134030,0.009104,50,49,10,aperitivo,51450334c2,1.4526
77,28,10,0.134030,0.009104,50,49,10,aperitivo,51450334c2,1.4526
77,29,10,0.134030,0.009104,50,49,10,aperitivo,51450334c2,1.4526
77,30,10,0.134030,0.009104,50,49,10,aperitivo,51450334c2,1.4526
77,31,10,0.134030,0.009104,50,49,10,aperitivo,51450334c2,1.4526
77,32,10,0.134030,0.009104,50,49,10,aperitivo,51450334c2,1.4526
77,33,10,0.133591,0.008650,50,49,10,aperitivo,1b96ff00e6,1.6675
77,34,10,0.134030,0.009104,50,49,10,aperitivo,51450334c2,1.4526
77,35,10,0.134030,0.009104,50,49,10,aperitivo,51450334c2,1.4526
77,36,10,0.134030,0.009104,50,49,10,aperitivo,51450334c2,1.4526
77,37,10,0.134030,0.009104,50,49,10,aperitivo,51450334c2,1.4526
77,38,10,0.134030,0.009104,50,49,10,aperitivo,51450334c2,1.4526
77,39,10,0.134030,0.009104,50,49,10,aperitivo,51450334c2,1.4526
77,40,10,0.134030,0.009104,50,49,10,aperitivo,51450334c2,1.4526
77,41,10,0.119358,0.008030,51,50,9,iogurte,02fa027698,1.7136
77,42,10,0.134030,0.009104,50,49,10,aperitivo,51450334c2,1.4526
77,43,10,0.134030,0.009104,50,49,10,aperitivo,51450334c2,1.4526
77,44,10,0.134030,0.009104,50,49,10,aperitivo,51450334c2,1.4526
77,45,10,0.134030,0.009104,50,49,10,aperitivo,51450334c2,1.4526
77,46,10,0.134030,0.009104,50,49,10,aperitivo,51450334c2,1.4526
77,47,10,0.134030,0.009104,50,49,10,aperitivo,51450334c2,1.4526
77,48,10,0.134030,0.009104,50,49,10,aperitivo,51450334c2,1.4526
77,49,10,0.131913,0.008199,53,52,10,aperitivo,561c944c0f,1.4265
78,0,10,0.134030,0.009104,50,49,10,aperitivo,51450334c2,1.4526
78,1,10,0.134030,0.009104,50,49,10,aperitivo,51450334c2,1.4526
78,2,10,0.134030,0.009104,50,49,10,aperitivo,51450334c2,1.4526
78,3,10,0.134030,0.009104,50,49,10,aperitivo,51450334c2,1.4526
78,4,10,0.134030,0.009104,50,49,10,aperitivo,51450334c2,1.4526
78,5,10,0.134030,0.009104,50,49,10,aperitivo,51450334c2,1.4526
78,6,10,0.134030,0.009104,50,49,10,aperitivo,51450334c2,1.4526
78,7,10,0.134030,0.009104,50,49,10,aperitivo,51450334c2,1.4526
78,8,10,0.134030,0.009104,50,49,10,aperitivo,51450334c2,1.4526
78,9,10,0.122207,0.008692,53,52,10,aperitivo,8df9d2b3d7,1.5168
78,10,10,0.134030,0.009104,50,49,10,aperitivo,51450334c2,1.4526
78,11,10,0.134030,0.009104,50,49,10,aperitivo,51450334c2,1.4526
78,12,10,0.134030,0.009104,50,49,10,aperitivo,51450334c2,1.4526
78,13,10,0.134030,0.009104,50,49,10,aperitivo,51450334c2,1.4526
78,14,10,0.134030,0.009104,50,49,10,aperitivo,51450334c2,1.4526
78,15,10,0.134030,0.009104,50,49,10,aperitivo,51450334c2,1.4526
78,16,10,0.134030,0.009104,50,49,10,aperitivo,51450334c2,1.4526
78,17,10,0.134030,0.009104,50,49,10,aperitivo,51450334c2,1.4526
78,18,10,0.134030,0.009104,50,49,10,aperitivo,51450334c2,1.4526
78,19,10,0.134030,0.009104,50,49,10,aperitivo,51450334c2,1.4526
78,20,10,0.134030,0.009104,50,49,10,aperitivo,51450334c2,1.4526
78,21,10,0.134030,0.009104,50,49,10,aperitivo,51450334c2,1.4526
78,22,10,0.134030,0.009104,50,49,10,aperitivo,51450334c2,1.4526
78,23,10,0.134030,0.009104,50,49,10,aperitivo,51450334c2,1.4526
78,24,10,0.134030,0.009104,50,49,10,aperitivo,51450334c2,1.4526
78,25,10,0.134030,0.009104,50,49,10,aperitivo,51450334c2,1.4526
78,26,10,0.134030,0.009104,50,49,10,aperitivo,51450334c2,1.4526
78,27,10,0.134030,0.009104,50,49,10,aperitivo,51450334c2,1.4526
78,28,10,0.134030,0.009104,50,49,10,aperitivo,51450334c2,1.4526
78,29,10,0.115697,0.007568,49,48,10,aperitivo,c7551464e4,1.4657
78,30,10,0.134030,0.009104,50,49,10,aperitivo,51450334c2,1.4526
78,31,10,0.088124,0.007954,53,53,10,aperitivo,2795e78cd4,1.4242
78,32,10,0.134030,0.009104,50,49,10,aperitivo,51450334c2,1.4526
78,33,10,0.134030,0.009104,50,49,10,aperitivo,51450334c2,1.4526
78,34,10,0.134030,0.009104,50,49,10,aperitivo,51450334c2,1.4526
78,35,10,0.134030,0.009104,50,49,10,aperitivo,51450334c2,1.4526
78,36,10,0.134030,0.009104,50,49,10,aperitivo,51450334c2,1.4526
78,37,10,0.134030,0.009104,50,49,10,aperitivo,51450334c2,1.4526
78,38,10,0.134030,0.009104,50,49,10,aperitivo,51450334c2,1.4526
78,39,10,0.134030,0.009104,50,49,10,aperitivo,51450334c2,1.4526
78,40,10,0.134030,0.009104,50,49,10,aperitivo,51450334c2,1.4526
78,41,10,0.134030,0.009104,50,49,10,aperitivo,51450334c2,1.4526
78,42,10,0.143110,0.008898,51,50,10,aperitivo,16db7888a1,1.4439
78,43,10,0.134030,0.009104,50,49,10,aperitivo,51450334c2,1.4526
78,44,10,0.134030,0.009104,50,49,10,aperitivo,51450334c2,1.4526
78,45,10,0.134030,0.009104,50,49,10,aperitivo,51450334c2,1.4526
78,46,10,0.134030,0.009104,50,49,10,aperitivo,51450334c2,1.4526
78,47,10,0.134030,0.009104,50,49,10,aperitivo,51450334c2,1.4526
78,48,10,0.134030,0.009104,50,49,10,aperitivo,51450334c2,1.4526
78,49,10,0.134030,0.009104,50,49,10,aperitivo,51450334c2,1.4526
79,0,10,0.134030,0.009104,50,49,10,aperitivo,51450334c2,1.4526
79,1,10,0.134030,0.009104,50,49,10,aperitivo,51450334c2,1.4526
79,2,10,0.134030,0.009104,50,49,10,aperitivo,51450334c2,1.4526
79,3,10,0.134030,0.009104,50,49,10,aperitivo,51450334c2,1.4526
79,4,10,0.134030,0.009104,50,49,10,aperitivo,51450334c2,1.4526
79,5,10,0.134030,0.009104,50,49,10,aperitivo,51450334c2,1.4526
79,6,10,0.134030,0.009104,50,49,10,aperitivo,51450334c2,1.4526
79,7,10,0.134030,0.009104,50,49,10,aperitivo,51450334c2,1.4526
79,8,10,0.134030,0.009104,50,49,10,aperitivo,51450334c2,1.4526
79,9,10,0.134030,0.009104,50,49,10,aperitivo,51450334c2,1.4526
79,10,10,0.134030,0.009104,50,49,10,aperitivo,51450334c2,1.4526
79,11,10,0.134030,0.009104,50,49,10,aperitivo,51450334c2,1.4526
79,12,10,0.134030,0.009104,50,49,10,aperitivo,51450334c2,1.4526
79,13,10,0.134030,0.009104,50,49,10,aperitivo,51450334c2,1.4526
79,14,10,0.132166,0.008277,52,50,9,iogurte,0da32bc7ea,1.6297
79,15,10,0.134030,0.009104,50,49,10,aperitivo,51450334c2,1.4526
79,16,10,0.134030,0.009104,50,49,10,aperitivo,51450334c2,1.4526
79,17,10,0.134030,0.009104,50,49,10,aperitivo,51450334c2,1.4526
79,18,10,0.134030,0.009104,50,49,10,aperitivo,51450334c2,1.4526
79,19,10,0.134030,0.009104,50,49,10,aperitivo,51450334c2,1.4526
79,20,10,0.134030,0.009104,50,49,10,aperitivo,51450334c2,1.4526
79,21,10,0.134030,0.009104,50,49,10,aperitivo,51450334c2,1.4526
79,22,10,0.134030,0.009104,50,49,10,aperitivo,51450334c2,1.4526
79,23,10,0.134030,0.009104,50,49,10,aperitivo,51450334c2,1.4526
79,24,10,0.134030,0.009104,50,49,10,aperitivo,51450334c2,1.4526
79,25,10,0.134030,0.009104,50,49,10,aperitivo,51450334c2,1.4526
79,26,10,0.134030,0.009104,50,49,10,aperitivo,51450334c2,1.4526
79,27,10,0.134030,0.009104,50,49,10,aperitivo,51450334c2,1.4526
79,28,10,0.134030,0.009104,50,49,10,aperitivo,51450334c2,1.4526
79,29,10,0.134030,0.009104,50,49,10,aperitivo,51450334c2,1.4526
79,30,10,0.117947,0.008773,52,50,10,aperitivo,ec99940e9c,1.5630
79,31,10,0.134030,0.009104,50,49,10,aperitivo,51450334c2,1.4526
79,32,10,0.134030,0.009104,50,49,10,aperitivo,51450334c2,1.4526
79,33,10,0.117454,0.007786,48,47,10,aperitivo,c449c832d0,1.4206
79,34,10,0.134030,0.009104,50,49,10,aperitivo,51450334c2,1.4526
79,35,10,0.134030,0.009104,50,49,10,aperitivo,51450334c2,1.4526
79,36,10,0.134030,0.009104,50,49,10,aperitivo,51450334c2,1.4526
79,37,10,0.105938,0.008281,53,52,10,aperitivo,eea9f89d19,1.5643
79,38,10,0.134030,0.009104,50,49,10,aperitivo,51450334c2,1.4526
79,39,10,0.134030,0.009104,50,49,10,aperitivo,51450334c2,1.4526
79,40,10,0.130222,0.008328,50,49,10,aperitivo,8c4ab5549d,1.4996
79,41,10,0.120730,0.008450,50,49,10,aperitivo,a3789db481,1.4318
79,42,10,0.134030,0.009104,50,49,10,aperitivo,51450334c2,1.4526
79,43,10,0.134030,0.009104,50,49,10,aperitivo,51450334c2,1.4526
79,44,10,0.134030,0.009104,50,49,10,aperitivo,51450334c2,1.4526
79,45,10,0.134030,0.009104,50,49,10,aperitivo,51450334c2,1.4526
79,46,10,0.134030,0.009104,50,49,10,aperitivo,51450334c2,1.4526
79,47,10,0.134030,0.009104,50,49,10,aperitivo,51450334c2,1.4526
79,48,10,0.134030,0.009104,50,49,10,aperitivo,51450334c2,1.4526
79,49,10,0.134030,0.009104,50,49,10,aperitivo,51450334c2,1.4526
80,0,10,0.134030,0.009104,50,49,10,aperitivo,51450334c2,1.4526
80,1,10,0.134030,0.009104,50,49,10,aperitivo,51450334c2,1.4526
80,2,10,0.134030,0.009104,50,49,10,aperitivo,51450334c2,1.4526
80,3,10,0.134030,0.009104,50,49,10,aperitivo,51450334c2,1.4526
80,4,10,0.134030,0.009104,50,49,10,aperitivo,51450334c2,1.4526
80,5,10,0.134030,0.009104,50,49,10,aperitivo,51450334c2,1.4526
80,6,10,0.134030,0.009104,50,49,10,aperitivo,51450334c2,1.4526
80,7,10,0.134030,0.009104,50,49,10,aperitivo,51450334c2,1.4526
80,8,10,0.134030,0.009104,50,49,10,aperitivo,51450334c2,1.4526
80,9,10,0.134030,0.009104,50,49,10,aperitivo,51450334c2,1.4526
80,10,10,0.134030,0.009104,50,49,10,aperitivo,51450334c2,1.4526
80,11,10,0.134030,0.009104,50,49,10,aperitivo,51450334c2,1.4526
80,12,10,0.134030,0.009104,50,49,10,aperitivo,51450334c2,1.4526
80,13,10,0.134030,0.009104,50,49,10,aperitivo,51450334c2,1.4526
80,14,10,0.134030,0.009104,50,49,10,aperitivo,51450334c2,1.4526
80,15,10,0.134030,0.009104,50,49,10,aperitivo,51450334c2,1.4526
80,16,10,0.134030,0.009104,50,49,10,aperitivo,51450334c2,1.4526
80,17,10,0.134030,0.009104,50,49,10,aperitivo,51450334c2,1.4526
80,18,10,0.134030,0.009104,50,49,10,aperitivo,51450334c2,1.4526
80,19,10,0.134030,0.009104,50,49,10,aperitivo,51450334c2,1.4526
80,20,10,0.134030,0.009104,50,49,10,aperitivo,51450334c2,1.4526
80,21,10,0.126947,0.008465,49,48,10,aperitivo,2bca1633f7,1.5987
80,22,10,0.134030,0.009104,50,49,10,aperitivo,51450334c2,1.4526
80,23,10,0.134030,0.009104,50,49,10,aperitivo,51450334c2,1.4526
80,24,10,0.134030,0.009104,50,49,10,aperitivo,51450334c2,1.4526
80,25,10,0.134030,0.009104,50,49,10,aperitivo,51450334c2,1.4526
80,26,10,0.134030,0.009104,50,49,10,aperitivo,51450334c2,1.4526
80,27,10,0.134030,0.009104,50,49,10,aperitivo,51450334c2,1.4526
80,28,10,0.134030,0.009104,50,49,10,aperitivo,51450334c2,1.4526
80,29,10,0.143962,0.008551,51,50,10,aperitivo,4dc4cdea46,1.5238
80,30,10,0.134030,0.009104,50,49,10,aperitivo,51450334c2,1.4526
80,31,10,0.134030,0.009104,50,49,10,aperitivo,51450334c2,1.4526
80,32,10,0.134030,0.009104,50,49,10,aperitivo,51450334c2,1.4526
80,33,10,0.134030,0.009104,50,49,10,aperitivo,51450334c2,1.4526
80,34,10,0.134030,0.009104,50,49,10,aperitivo,51450334c2,1.4526
80,35,10,0.134030,0.009104,50,49,10,aperitivo,51450334c2,1.4526
80,36,10,0.134030,0.009104,50,49,10,aperitivo,51450334c2,1.4526
80,37,10,0.134030,0.009104,50,49,10,aperitivo,51450334c2,1.4526
80,38,10,0.134030,0.009104,50,49,10,aperitivo,51450334c2,1.4526
80,39,10,0.134030,0.009104,50,49,10,aperitivo,51450334c2,1.4526
80,40,10,0.134030,0.009104,50,49,10,aperitivo,51450334c2,1.4526
80,41,10,0.134030,0.009104,50,49,10,aperitivo,51450334c2,1.4526
80,42,10,0.134030,0.009104,50,49,10,aperitivo,51450334c2,1.4526
80,43,10,0.134030,0.009104,50,49,10,aperitivo,51450334c2,1.4526
80,44,10,0.134030,0.009104,50,49,10,aperitivo,51450334c2,1.4526
80,45,10,0.134030,0.009104,50,49,10,aperitivo,51450334c2,1.4526
80,46,10,0.134030,0.009104,50,49,10,aperitivo,51450334c2,1.4526
80,47,10,0.134030,0.009104,50,49,10,aperitivo,51450334c2,1.4526
80,48,10,0.134030,0.009104,50,49,10,aperitivo,51450334c2,1.4526
80,49,10,0.134030,0.009104,50,49,10,aperitivo,51450334c2,1.4526
81,0,10,0.134030,0.009104,50,49,10,aperitivo,51450334c2,1.4526
81,1,10,0.134030,0.009104,50,49,10,aperitivo,51450334c2,1.4526
81,2,10,0.134030,0.009104,50,49,10,aperitivo,51450334c2,1.4526
81,3,10,0.134030,0.009104,50,49,10,aperitivo,51450334c2,1.4526
81,4,10,0.134030,0.009104,50,49,10,aperitivo,51450334c2,1.4526
81,5,10,0.134030,0.009104,50,49,10,aperitivo,51450334c2,1.4526
81,6,10,0.134030,0.009104,50,49,10,aperitivo,51450334c2,1.4526
81,7,10,0.134030,0.009104,50,49,10,aperitivo,51450334c2,1.4526
81,8,10,0.134030,0.009104,50,49,10,aperitivo,51450334c2,1.4526
81,9,10,0.134030,0.009104,50,49,10,aperitivo,51450334c2,1.4526
81,10,10,0.134030,0.009104,50,49,10,aperitivo,51450334c2,1.4526
81,11,10,0.134030,0.009104,50,49,10,aperitivo,51450334c2,1.4526
81,12,10,0.134030,0.009104,50,49,10,aperitivo,51450334c2,1.4526
81,13,10,0.134030,0.009104,50,49,10,aperitivo,51450334c2,1.4526
81,14,10,0.134030,0.009104,50,49,10,aperitivo,51450334c2,1.4526
81,15,10,0.134030,0.009104,50,49,10,aperitivo,51450334c2,1.4526
81,16,10,0.134030,0.009104,50,49,10,aperitivo,51450334c2,1.4526
81,17,10,0.134030,0.009104,50,49,10,aperitivo,51450334c2,1.4526
81,18,10,0.134030,0.009104,50,49,10,aperitivo,51450334c2,1.4526
81,19,10,0.134030,0.009104,50,49,10,aperitivo,51450334c2,1.4526
81,20,10,0.134030,0.009104,50,49,10,aperitivo,51450334c2,1.4526
81,21,10,0.134030,0.009104,50,49,10,aperitivo,51450334c2,1.4526
81,22,10,0.133005,0.008996,50,49,10,aperitivo,69226cf652,1.5051
81,23,10,0.134030,0.009104,50,49,10,aperitivo,51450334c2,1.4526
81,24,10,0.134030,0.009104,50,49,10,aperitivo,51450334c2,1.4526
81,25,10,0.127160,0.008706,50,50,10,prato,15f35131b5,1.5485
81,26,10,0.134030,0.009104,50,49,10,aperitivo,51450334c2,1.4526
81,27,10,0.134030,0.009104,50,49,10,aperitivo,51450334c2,1.4526
81,28,10,0.127866,0.008218,52,51,10,aperitivo,3659c59f9f,1.4826
81,29,10,0.134030,0.009104,50,49,10,aperitivo,51450334c2,1.4526
81,30,10,0.134030,0.009104,50,49,10,aperitivo,51450334c2,1.4526
81,31,10,0.134030,0.009104,50,49,10,aperitivo,51450334c2,1.4526
81,32,10,0.134030,0.009104,50,49,10,aperitivo,51450334c2,1.4526
81,33,10,0.134030,0.009104,50,49,10,aperitivo,51450334c2,1.4526
81,34,10,0.134030,0.009104,50,49,10,aperitivo,51450334c2,1.4526
81,35,10,0.134030,0.009104,50,49,10,aperitivo,51450334c2,1.4526
81,36,10,0.134030,0.009104,50,49,10,aperitivo,51450334c2,1.4526
81,37,10,0.134030,0.009104,50,49,10,aperitivo,51450334c2,1.4526
81,38,10,0.120051,0.008439,50,49,10,aperitivo,6c3f42df62,1.3985
81,39,10,0.130182,0.008031,52,51,10,aperitivo,7ab9ed5140,1.4692
81,40,10,0.134030,0.009104,50,49,10,aperitivo,51450334c2,1.4526
81,41,10,0.134030,0.009104,50,49,10,aperitivo,51450334c2,1.4526
81,42,10,0.134030,0.009104,50,49,10,aperitivo,51450334c2,1.4526
81,43,10,0.134030,0.009104,50,49,10,aperitivo,51450334c2,1.4526
81,44,10,0.134030,0.009104,50,49,10,aperitivo,51450334c2,1.4526
81,45,10,0.134030,0.009104,50,49,10,aperitivo,51450334c2,1.4526
81,46,10,0.134030,0.009104,50,49,10,aperitivo,51450334c2,1.4526
81,47,10,0.134030,0.009104,50,49,10,aperitivo,51450334c2,1.4526
81,48,10,0.134030,0.009104,50,49,10,aperitivo,51450334c2,1.4526
81,49,10,0.134030,0.009104,50,49,10,aperitivo,51450334c2,1.4526
82,0,10,0.134030,0.009104,50,49,10,aperitivo,51450334c2,1.4526
82,1,10,0.134030,0.009104,50,49,10,aperitivo,51450334c2,1.4526
82,2,10,0.134030,0.009104,50,49,10,aperitivo,51450334c2,1.4526
82,3,10,0.134030,0.009104,50,49,10,aperitivo,51450334c2,1.4526
82,4,10,0.134030,0.009104,50,49,10,aperitivo,51450334c2,1.4526
82,5,10,0.134776,0.008403,52,51,10,aperitivo,a28ba7d00d,1.5502
82,6,10,0.134030,0.009104,50,49,10,aperitivo,51450334c2,1.4526
82,7,10,0.134030,0.009104,50,49,10,aperitivo,51450334c2,1.4526
82,8,10,0.134030,0.009104,50,49,10,aperitivo,51450334c2,1.4526
82,9,10,0.134030,0.009104,50,49,10,aperitivo,51450334c2,1.4526
82,10,10,0.134030,0.009104,50,49,10,aperitivo,51450334c2,1.4526
82,11,10,0.134030,0.009104,50,49,10,aperitivo,51450334c2,1.4526
82,12,10,0.134030,0.009104,50,49,10,aperitivo,51450334c2,1.4526
82,13,10,0.134030,0.009104,50,49,10,aperitivo,51450334c2,1.4526
82,14,10,0.134030,0.009104,50,49,10,aperitivo,51450334c2,1.4526
82,15,10,0.134030,0.009104,50,49,10,aperitivo,51450334c2,1.4526
82,16,10,0.134030,0.009104,50,49,10,aperitivo,51450334c2,1.4526
82,17,10,0.127733,0.008381,52,51,10,aperitivo,081c1ec8a4,1.4317
82,18,10,0.134030,0.009104,50,49,10,aperitivo,51450334c2,1.4526
82,19,10,0.134030,0.009104,50,49,10,aperitivo,51450334c2,1.4526
82,20,10,0.134030,0.009104,50,49,10,aperitivo,51450334c2,1.4526
82,21,10,0.120889,0.008410,52,51,10,aperitivo,181f845793,1.6351
82,22,10,0.134030,0.009104,50,49,10,aperitivo,51450334c2,1.4526
82,23,10,0.134030,0.009104,50,49,10,aperitivo,51450334c2,1.4526
82,24,10,0.134030,0.009104,50,49,10,aperitivo,51450334c2,1.4526
82,25,10,0.134030,0.009104,50,49,10,aperitivo,51450334c2,1.4526
82,26,10,0.134030,0.009104,50,49,10,aperitivo,51450334c2,1.4526
82,27,10,0.134030,0.009104,50,49,10,aperitivo,51450334c2,1.4526
82,28,10,0.134030,0.009104,50,49,10,aperitivo,51450334c2,1.4526
82,29,10,0.134030,0.009104,50,49,10,aperitivo,51450334c2,1.4526
82,30,10,0.134030,0.009104,50,49,10,aperitivo,51450334c2,1.4526
82,31,10,0.134030,0.009104,50,49,10,aperitivo,51450334c2,1.4526
82,32,10,0.134030,0.009104,50,49,10,aperitivo,51450334c2,1.4526
82,33,10,0.134030,0.009104,50,49,10,aperitivo,51450334c2,1.4526
82,34,10,0.134030,0.009104,50,49,10,aperitivo,51450334c2,1.4526
82,35,10,0.134030,0.009104,50,49,10,aperitivo,51450334c2,1.4526
82,36,10,0.134030,0.009104,50,49,10,aperitivo,51450334c2,1.4526
82,37,10,0.134030,0.009104,50,49,10,aperitivo,51450334c2,1.4526
82,38,10,0.134030,0.009104,50,49,10,aperitivo,51450334c2,1.4526
82,39,10,0.134030,0.009104,50,49,10,aperitivo,51450334c2,1.4526
82,40,10,0.130302,0.008453,50,50,10,preparo para suco,184947707a,1.5372
82,41,10,0.134030,0.009104,50,49,10,aperitivo,51450334c2,1.4526
82,42,10,0.123792,0.008219,51,50,10,aperitivo,b091e429e4,1.4266
82,43,10,0.134030,0.009104,50,49,10,aperitivo,51450334c2,1.4526
82,44,10,0.123392,0.008753,52,51,10,aperitivo,3dc7737f80,1.6448
82,45,10,0.087365,0.008107,50,50,10,aperitivo,d8a05fa23a,1.3958
82,46,10,0.134030,0.009104,50,49,10,aperitivo,51450334c2,1.4526
82,47,10,0.134030,0.009104,50,49,10,aperitivo,51450334c2,1.4526
82,48,10,0.134030,0.009104,50,49,10,aperitivo,51450334c2,1.4526
82,49,10,0.134030,0.009104,50,49,10,aperitivo,51450334c2,1.4526
83,0,10,0.134030,0.009104,50,49,10,aperitivo,51450334c2,1.4526
83,1,10,0.134030,0.009104,50,49,10,aperitivo,51450334c2,1.4526
83,2,10,0.134030,0.009104,50,49,10,aperitivo,51450334c2,1.4526
83,3,10,0.134030,0.009104,50,49,10,aperitivo,51450334c2,1.4526
83,4,10,0.134030,0.009104,50,49,10,aperitivo,51450334c2,1.4526
83,5,10,0.134030,0.009104,50,49,10,aperitivo,51450334c2,1.4526
83,6,10,0.134030,0.009104,50,49,10,aperitivo,51450334c2,1.4526
83,7,10,0.134030,0.009104,50,49,10,aperitivo,51450334c2,1.4526
83,8,10,0.134030,0.009104,50,49,10,aperitivo,51450334c2,1.4526
83,9,10,0.134030,0.009104,50,49,10,aperitivo,51450334c2,1.4526
83,10,10,0.134030,0.009104,50,49,10,aperitivo,51450334c2,1.4526
83,11,10,0.134030,0.009104,50,49,10,aperitivo,51450334c2,1.4526
83,12,10,0.134030,0.009104,50,49,10,aperitivo,51450334c2,1.4526
83,13,10,0.134030,0.009104,50,49,10,aperitivo,51450334c2,1.4526
83,14,10,0.129876,0.008195,52,51,10,aperitivo,58146d3308,1.4715
83,15,10,0.134030,0.009104,50,49,10,aperitivo,51450334c2,1.4526
83,16,10,0.134030,0.009104,50,49,10,aperitivo,51450334c2,1.4526
83,17,10,0.134030,0.009104,50,49,10,aperitivo,51450334c2,1.4526
83,18,10,0.134030,0.009104,50,49,10,aperitivo,51450334c2,1.4526
83,19,10,0.134030,0.009104,50,49,10,aperitivo,51450334c2,1.4526
83,20,10,0.134030,0.009104,50,49,10,aperitivo,51450334c2,1.4526
83,21,10,0.134030,0.009104,50,49,10,aperitivo,51450334c2,1.4526
83,22,10,0.125909,0.008230,52,51,10,aperitivo,ac9552c7a9,1.5871
83,23,10,0.134030,0.009104,50,49,10,aperitivo,51450334c2,1.4526
83,24,10,0.126401,0.008585,52,51,10,aperitivo,773536c17b,1.4678
83,25,10,0.134030,0.009104,50,49,10,aperitivo,51450334c2,1.4526
83,26,10,0.134030,0.009104,50,49,10,aperitivo,51450334c2,1.4526
83,27,10,0.134030,0.009104,50,49,10,aperitivo,51450334c2,1.4526
83,28,10,0.134030,0.009104,50,49,10,aperitivo,51450334c2,1.4526
83,29,10,0.134030,0.009104,50,49,10,aperitivo,51450334c2,1.4526
83,30,10,0.134030,0.009104,50,49,10,aperitivo,51450334c2,1.4526
83,31,10,0.134030,0.009104,50,49,10,aperitivo,51450334c2,1.4526
83,32,10,0.134030,0.009104,50,49,10,aperitivo,51450334c2,1.4526
83,33,10,0.134030,0.009104,50,49,10,aperitivo,51450334c2,1.4526
83,34,10,0.134030,0.009104,50,49,10,aperitivo,51450334c2,1.4526
83,35,10,0.127067,0.008377,49,49,10,molho de pimenta,a2ccb71f0a,1.4612
83,36,10,0.134030,0.009104,50,49,10,aperitivo,51450334c2,1.4526
83,37,10,0.134030,0.009104,50,49,10,aperitivo,51450334c2,1.4526
83,38,10,0.134030,0.009104,50,49,10,aperitivo,51450334c2,1.4526
83,39,10,0.134030,0.009104,50,49,10,aperitivo,51450334c2,1.4526
83,40,10,0.134030,0.009104,50,49,10,aperitivo,51450334c2,1.4526
83,41,10,0.134030,0.009104,50,49,10,aperitivo,51450334c2,1.4526
83,42,10,0.134030,0.009104,50,49,10,aperitivo,51450334c2,1.4526
83,43,10,0.134030,0.009104,50,49,10,aperitivo,51450334c2,1.4526
83,44,10,0.134030,0.009104,50,49,10,aperitivo,51450334c2,1.4526
83,45,10,0.134030,0.009104,50,49,10,aperitivo,51450334c2,1.4526
83,46,10,0.134030,0.009104,50,49,10,aperitivo,51450334c2,1.4526
83,47,10,0.134030,0.009104,50,49,10,aperitivo,51450334c2,1.4526
83,48,10,0.134030,0.009104,50,49,10,aperitivo,51450334c2,1.4526
83,49,10,0.134030,0.009104,50,49,10,aperitivo,51450334c2,1.4526
84,0,10,0.134030,0.009104,50,49,10,aperitivo,51450334c2,1.4526
84,1,10,0.134030,0.009104,50,49,10,aperitivo,51450334c2,1.4526
84,2,10,0.134030,0.009104,50,49,10,aperitivo,51450334c2,1.4526
84,3,10,0.134030,0.009104,50,49,10,aperitivo,51450334c2,1.4526
84,4,10,0.134030,0.009104,50,49,10,aperitivo,51450334c2,1.4526
84,5,10,0.134030,0.009104,50,49,10,aperitivo,51450334c2,1.4526
84,6,10,0.134030,0.009104,50,49,10,aperitivo,51450334c2,1.4526
84,7,10,0.134030,0.009104,50,49,10,aperitivo,51450334c2,1.4526
84,8,10,0.134030,0.009104,50,49,10,aperitivo,51450334c2,1.4526
84,9,10,0.134030,0.009104,50,49,10,aperitivo,51450334c2,1.4526
84,10,10,0.134030,0.009104,50,49,10,aperitivo,51450334c2,1.4526
84,11,10,0.134030,0.009104,50,49,10,aperitivo,51450334c2,1.4526
84,12,10,0.134030,0.009104,50,49,10,aperitivo,51450334c2,1.4526
84,13,10,0.134030,0.009104,50,49,10,aperitivo,51450334c2,1.4526
84,14,10,0.134030,0.009104,50,49,10,aperitivo,51450334c2,1.4526
84,15,10,0.134030,0.009104,50,49,10,aperitivo,51450334c2,1.4526
84,16,10,0.134030,0.009104,50,49,10,aperitivo,51450334c2,1.4526
84,17,10,0.134030,0.009104,50,49,10,aperitivo,51450334c2,1.4526
84,18,10,0.134030,0.009104,50,49,10,aperitivo,51450334c2,1.4526
84,19,10,0.086380,0.007830,53,53,10,aperitivo,68d3fee56c,1.5597
84,20,10,0.134030,0.009104,50,49,10,aperitivo,51450334c2,1.4526
84,21,10,0.134030,0.009104,50,49,10,aperitivo,51450334c2,1.4526
84,22,10,0.123060,0.008227,50,50,10,agua tonica,5a194a8e09,1.4138
84,23,10,0.134030,0.009104,50,49,10,aperitivo,51450334c2,1.4526
84,24,10,0.134030,0.009104,50,49,10,aperitivo,51450334c2,1.4526
84,25,10,0.134030,0.009104,50,49,10,aperitivo,51450334c2,1.4526
84,26,10,0.134030,0.009104,50,49,10,aperitivo,51450334c2,1.4526
84,27,10,0.134030,0.009104,50,49,10,aperitivo,51450334c2,1.4526
84,28,10,0.134030,0.009104,50,49,10,aperitivo,51450334c2,1.4526
84,29,10,0.133311,0.008533,51,50,10,aperitivo,452dfb9936,1.5293
84,30,10,0.134030,0.009104,50,49,10,aperitivo,51450334c2,1.4526
84,31,10,0.134030,0.009104,50,49,10,aperitivo,51450334c2,1.4526
84,32,10,0.134030,0.009104,50,49,10,aperitivo,51450334c2,1.4526
84,33,10,0.134030,0.009104,50,49,10,aperitivo,51450334c2,1.4526
84,34,10,0.134030,0.009104,50,49,10,aperitivo,51450334c2,1.4526
84,35,10,0.134030,0.009104,50,49,10,aperitivo,51450334c2,1.4526
84,36,10,0.134030,0.009104,50,49,10,aperitivo,51450334c2,1.4526
84,37,10,0.134030,0.009104,50,49,10,aperitivo,51450334c2,1.4526
84,38,10,0.134030,0.009104,50,49,10,aperitivo,51450334c2,1.4526
84,39,10,0.134030,0.009104,50,49,10,aperitivo,51450334c2,1.4526
84,40,10,0.134030,0.009104,50,49,10,aperitivo,51450334c2,1.4526
84,41,10,0.134030,0.009104,50,49,10,aperitivo,51450334c2,1.4526
84,42,10,0.134030,0.009104,50,49,10,aperitivo,51450334c2,1.4526
84,43,10,0.134030,0.009104,50,49,10,aperitivo,51450334c2,1.4526
84,44,10,0.134030,0.009104,50,49,10,aperitivo,51450334c2,1.4526
84,45,10,0.134030,0.009104,50,49,10,aperitivo,51450334c2,1.4526
84,46,10,0.134030,0.009104,50,49,10,aperitivo,51450334c2,1.4526
84,47,10,0.134030,0.009104,50,49,10,aperitivo,51450334c2,1.4526
84,48,10,0.134030,0.009104,50,49,10,aperitivo,51450334c2,1.4526
84,49,10,0.134030,0.009104,50,49,10,aperitivo,51450334c2,1.4526
85,0,10,0.134030,0.009104,50,49,10,aperitivo,51450334c2,1.4526
85,1,10,0.134030,0.009104,50,49,10,aperitivo,51450334c2,1.4526
85,2,10,0.134030,0.009104,50,49,10,aperitivo,51450334c2,1.4526
85,3,10,0.134030,0.009104,50,49,10,aperitivo,51450334c2,1.4526
85,4,10,0.134030,0.009104,50,49,10,aperitivo,51450334c2,1.4526
85,5,10,0.134030,0.009104,50,49,10,aperitivo,51450334c2,1.4526
85,6,10,0.134030,0.009104,50,49,10,aperitivo,51450334c2,1.4526
85,7,10,0.134030,0.009104,50,49,10,aperitivo,51450334c2,1.4526
85,8,10,0.134030,0.009104,50,49,10,aperitivo,51450334c2,1.4526
85,9,10,0.134030,0.009104,50,49,10,aperitivo,51450334c2,1.4526
85,10,10,0.134030,0.009104,50,49,10,aperitivo,51450334c2,1.4526
85,11,10,0.134030,0.009104,50,49,10,aperitivo,51450334c2,1.4526
85,12,10,0.134030,0.009104,50,49,10,aperitivo,51450334c2,1.4526
85,13,10,0.134030,0.009104,50,49,10,aperitivo,51450334c2,1.4526
85,14,10,0.093303,0.008335,49,49,10,aperitivo,3322865783,1.6963
85,15,10,0.134030,0.009104,50,49,10,aperitivo,51450334c2,1.4526
85,16,10,0.122873,0.008512,48,47,10,aperitivo,03f1cbdc36,1.6181
85,17,10,0.134030,0.009104,50,49,10,aperitivo,51450334c2,1.4526
85,18,10,0.134030,0.009104,50,49,10,aperitivo,51450334c2,1.4526
85,19,10,0.134030,0.009104,50,49,10,aperitivo,51450334c2,1.4526
85,20,10,0.134030,0.009104,50,49,10,aperitivo,51450334c2,1.4526
85,21,10,0.134030,0.009104,50,49,10,aperitivo,51450334c2,1.4526
85,22,10,0.134030,0.009104,50,49,10,aperitivo,51450334c2,1.4526
85,23,10,0.134030,0.009104,50,49,10,aperitivo,51450334c2,1.4526
85,24,10,0.134030,0.009104,50,49,10,aperitivo,51450334c2,1.4526
85,25,10,0.134030,0.009104,50,49,10,aperitivo,51450334c2,1.4526
85,26,10,0.134030,0.009104,50,49,10,aperitivo,51450334c2,1.4526
85,27,10,0.134030,0.009104,50,49,10,aperitivo,51450334c2,1.4526
85,28,10,0.134030,0.009104,50,49,10,aperitivo,51450334c2,1.4526
85,29,10,0.134030,0.009104,50,49,10,aperitivo,51450334c2,1.4526
85,30,10,0.134030,0.009104,50,49,10,aperitivo,51450334c2,1.4526
85,31,10,0.134030,0.009104,50,49,10,aperitivo,51450334c2,1.4526
85,32,10,0.129517,0.008504,49,48,10,aperitivo,77eed30460,1.4296
85,33,10,0.134030,0.009104,50,49,10,aperitivo,51450334c2,1.4526
85,34,10,0.134030,0.009104,50,49,10,aperitivo,51450334c2,1.4526
85,35,10,0.134030,0.009104,50,49,10,aperitivo,51450334c2,1.4526
85,36,10,0.134030,0.009104,50,49,10,aperitivo,51450334c2,1.4526
85,37,10,0.134030,0.009104,50,49,10,aperitivo,51450334c2,1.4526
85,38,10,0.124724,0.008163,53,53,10,outra bebida,9dec37e6cb,1.4217
85,39,10,0.134030,0.009104,50,49,10,aperitivo,51450334c2,1.4526
85,40,10,0.127267,0.008405,51,50,10,aperitivo,b9324b0f1b,1.5631
85,41,10,0.134030,0.009104,50,49,10,aperitivo,51450334c2,1.4526
85,42,10,0.134030,0.009104,50,49,10,aperitivo,51450334c2,1.4526
85,43,10,0.134030,0.009104,50,49,10,aperitivo,51450334c2,1.4526
85,44,10,0.134030,0.009104,50,49,10,aperitivo,51450334c2,1.4526
85,45,10,0.134030,0.009104,50,49,10,aperitivo,51450334c2,1.4526
85,46,10,0.134030,0.009104,50,49,10,aperitivo,51450334c2,1.4526
85,47,10,0.134030,0.009104,50,49,10,aperitivo,51450334c2,1.4526
85,48,10,0.134030,0.009104,50,49,10,aperitivo,51450334c2,1.4526
85,49,10,0.134030,0.009104,50,49,10,aperitivo,51450334c2,1.4526
86,0,10,0.134030,0.009104,50,49,10,aperitivo,51450334c2,1.4526
86,1,10,0.134030,0.009104,50,49,10,aperitivo,51450334c2,1.4526
86,2,10,0.134030,0.009104,50,49,10,aperitivo,51450334c2,1.4526
86,3,10,0.134030,0.009104,50,49,10,aperitivo,51450334c2,1.4526
86,4,10,0.134030,0.009104,50,49,10,aperitivo,51450334c2,1.4526
86,5,10,0.134030,0.009104,50,49,10,aperitivo,51450334c2,1.4526
86,6,10,0.134589,0.008422,51,50,10,aperitivo,63da0fd116,1.5279
86,7,10,0.134030,0.009104,50,49,10,aperitivo,51450334c2,1.4526
86,8,10,0.134030,0.009104,50,49,10,aperitivo,51450334c2,1.4526
86,9,10,0.134030,0.009104,50,49,10,aperitivo,51450334c2,1.4526
86,10,10,0.134030,0.009104,50,49,10,aperitivo,51450334c2,1.4526
86,11,10,0.134030,0.009104,50,49,10,aperitivo,51450334c2,1.4526
86,12,10,0.134030,0.009104,50,49,10,aperitivo,51450334c2,1.4526
86,13,10,0.134030,0.009104,50,49,10,aperitivo,51450334c2,1.4526
86,14,10,0.134030,0.009104,50,49,10,aperitivo,51450334c2,1.4526
86,15,10,0.134030,0.009104,50,49,10,aperitivo,51450334c2,1.4526
86,16,10,0.134030,0.009104,50,49,10,aperitivo,51450334c2,1.4526
86,17,10,0.134030,0.009104,50,49,10,aperitivo,51450334c2,1.4526
86,18,10,0.134030,0.009104,50,49,10,aperitivo,51450334c2,1.4526
86,19,10,0.134030,0.009104,50,49,10,aperitivo,51450334c2,1.4526
86,20,10,0.134030,0.009104,50,49,10,aperitivo,51450334c2,1.4526
86,21,10,0.134030,0.009104,50,49,10,aperitivo,51450334c2,1.4526
86,22,10,0.134030,0.009104,50,49,10,aperitivo,51450334c2,1.4526
86,23,10,0.134030,0.009104,50,49,10,aperitivo,51450334c2,1.4526
86,24,10,0.134030,0.009104,50,49,10,aperitivo,51450334c2,1.4526
86,25,10,0.134030,0.009104,50,49,10,aperitivo,51450334c2,1.4526
86,26,10,0.134030,0.009104,50,49,10,aperitivo,51450334c2,1.4526
86,27,10,0.134030,0.009104,50,49,10,aperitivo,51450334c2,1.4526
86,28,10,0.134030,0.009104,50,49,10,aperitivo,51450334c2,1.4526
86,29,10,0.134030,0.009104,50,49,10,aperitivo,51450334c2,1.4526
86,30,10,0.134030,0.009104,50,49,10,aperitivo,51450334c2,1.4526
86,31,10,0.089309,0.008053,50,50,10,aperitivo,38dcae3be0,1.5561
86,32,10,0.134030,0.009104,50,49,10,aperitivo,51450334c2,1.4526
86,33,10,0.134030,0.009104,50,49,10,aperitivo,51450334c2,1.4526
86,34,10,0.134030,0.009104,50,49,10,aperitivo,51450334c2,1.4526
86,35,10,0.134030,0.009104,50,49,10,aperitivo,51450334c2,1.4526
86,36,10,0.134030,0.009104,50,49,10,aperitivo,51450334c2,1.4526
86,37,10,0.134030,0.009104,50,49,10,aperitivo,51450334c2,1.4526
86,38,10,0.134030,0.009104,50,49,10,aperitivo,51450334c2,1.4526
86,39,10,0.134030,0.009104,50,49,10,aperitivo,51450334c2,1.4526
86,40,10,0.134030,0.009104,50,49,10,aperitivo,51450334c2,1.4526
86,41,10,0.134030,0.009104,50,49,10,aperitivo,51450334c2,1.4526
86,42,10,0.134030,0.009104,50,49,10,aperitivo,51450334c2,1.4526
86,43,10,0.134030,0.009104,50,49,10,aperitivo,51450334c2,1.4526
86,44,10,0.134030,0.009104,50,49,10,aperitivo,51450334c2,1.4526
86,45,10,0.134030,0.009104,50,49,10,aperitivo,51450334c2,1.4526
86,46,10,0.115937,0.007998,52,51,10,aperitivo,1bfdc14ede,1.5159
86,47,10,0.134030,0.009104,50,49,10,aperitivo,51450334c2,1.4526
86,48,10,0.134030,0.009104,50,49,10,aperitivo,51450334c2,1.4526
86,49,10,0.134030,0.009104,50,49,10,aperitivo,51450334c2,1.4526
87,0,10,0.134030,0.009104,50,49,10,aperitivo,51450334c2,1.4526
87,1,10,0.134030,0.009104,50,49,10,aperitivo,51450334c2,1.4526
87,2,10,0.134030,0.009104,50,49,10,aperitivo,51450334c2,1.4526
87,3,10,0.134030,0.009104,50,49,10,aperitivo,51450334c2,1.4526
87,4,10,0.134030,0.009104,50,49,10,aperitivo,51450334c2,1.4526
87,5,10,0.126162,0.008017,50,49,10,aperitivo,5af3c4f065,1.5787
87,6,10,0.134030,0.009104,50,49,10,aperitivo,51450334c2,1.4526
87,7,10,0.134030,0.009104,50,49,10,aperitivo,51450334c2,1.4526
87,8,10,0.134030,0.009104,50,49,10,aperitivo,51450334c2,1.4526
87,9,10,0.134030,0.009104,50,49,10,aperitivo,51450334c2,1.4526
87,10,10,0.134030,0.009104,50,49,10,aperitivo,51450334c2,1.4526
87,11,10,0.134030,0.009104,50,49,10,aperitivo,51450334c2,1.4526
87,12,10,0.134030,0.009104,50,49,10,aperitivo,51450334c2,1.4526
87,13,10,0.134030,0.009104,50,49,10,aperitivo,51450334c2,1.4526
87,14,10,0.134030,0.009104,50,49,10,aperitivo,51450334c2,1.4526
87,15,10,0.134030,0.009104,50,49,10,aperitivo,51450334c2,1.4526
87,16,10,0.134030,0.009104,50,49,10,aperitivo,51450334c2,1.4526
87,17,10,0.134030,0.009104,50,49,10,aperitivo,51450334c2,1.4526
87,18,10,0.134030,0.009104,50,49,10,aperitivo,51450334c2,1.4526
87,19,10,0.134030,0.009104,50,49,10,aperitivo,51450334c2,1.4526
87,20,10,0.134030,0.009104,50,49,10,aperitivo,51450334c2,1.4526
87,21,10,0.134030,0.009104,50,49,10,aperitivo,51450334c2,1.4526
87,22,10,0.134030,0.009104,50,49,10,aperitivo,51450334c2,1.4526
87,23,10,0.134030,0.009104,50,49,10,aperitivo,51450334c2,1.4526
87,24,10,0.134030,0.009104,50,49,10,aperitivo,51450334c2,1.4526
87,25,10,0.134030,0.009104,50,49,10,aperitivo,51450334c2,1.4526
87,26,10,0.134030,0.009104,50,49,10,aperitivo,51450334c2,1.4526
87,27,10,0.134030,0.009104,50,49,10,aperitivo,51450334c2,1.4526
87,28,10,0.134962,0.008188,53,52,10,aperitivo,06455a407f,1.5654
87,29,10,0.134030,0.009104,50,49,10,aperitivo,51450334c2,1.4526
87,30,10,0.134030,0.009104,50,49,10,aperitivo,51450334c2,1.4526
87,31,10,0.134030,0.009104,50,49,10,aperitivo,51450334c2,1.4526
87,32,10,0.134030,0.009104,50,49,10,aperitivo,51450334c2,1.4526
87,33,10,0.134030,0.009104,50,49,10,aperitivo,51450334c2,1.4526
87,34,10,0.134030,0.009104,50,49,10,aperitivo,51450334c2,1.4526
87,35,10,0.134030,0.009104,50,49,10,aperitivo,51450334c2,1.4526
87,36,10,0.134030,0.009104,50,49,10,aperitivo,51450334c2,1.4526
87,37,10,0.134030,0.009104,50,49,10,aperitivo,51450334c2,1.4526
87,38,10,0.134030,0.009104,50,49,10,aperitivo,51450334c2,1.4526
87,39,10,0.134030,0.009104,50,49,10,aperitivo,51450334c2,1.4526
87,40,10,0.134030,0.009104,50,49,10,aperitivo,51450334c2,1.4526
87,41,10,0.134030,0.009104,50,49,10,aperitivo,51450334c2,1.4526
87,42,10,0.134030,0.009104,50,49,10,aperitivo,51450334c2,1.4526
87,43,10,0.134030,0.009104,50,49,10,aperitivo,51450334c2,1.4526
87,44,10,0.134030,0.009104,50,49,10,aperitivo,51450334c2,1.4526
87,45,10,0.134030,0.009104,50,49,10,aperitivo,51450334c2,1.4526
87,46,10,0.118852,0.007753,49,48,10,aperitivo,4b06d69d3a,1.4604
87,47,10,0.134030,0.009104,50,49,10,aperitivo,51450334c2,1.4526
87,48,10,0.134030,0.009104,50,49,10,aperitivo,51450334c2,1.4526
87,49,10,0.134030,0.009104,50,49,10,aperitivo,51450334c2,1.4526
88,0,10,0.134030,0.009104,50,49,10,aperitivo,51450334c2,1.4526
88,1,10,0.134030,0.009104,50,49,10,aperitivo,51450334c2,1.4526
88,2,10,0.134030,0.009104,50,49,10,aperitivo,51450334c2,1.4526
88,3,10,0.134030,0.009104,50,49,10,aperitivo,51450334c2,1.4526
88,4,10,0.134030,0.009104,50,49,10,aperitivo,51450334c2,1.4526
88,5,10,0.134030,0.009104,50,49,10,aperitivo,51450334c2,1.4526
88,6,10,0.134030,0.009104,50,49,10,aperitivo,51450334c2,1.4526
88,7,10,0.134030,0.009104,50,49,10,aperitivo,51450334c2,1.4526
88,8,10,0.134030,0.009104,50,49,10,aperitivo,51450334c2,1.4526
88,9,10,0.134030,0.009104,50,49,10,aperitivo,51450334c2,1.4526
88,10,10,0.134030,0.009104,50,49,10,aperitivo,51450334c2,1.4526
88,11,10,0.134030,0.009104,50,49,10,aperitivo,51450334c2,1.4526
88,12,10,0.134030,0.009104,50,49,10,aperitivo,51450334c2,1.4526
88,13,10,0.134030,0.009104,50,49,10,aperitivo,51450334c2,1.4526
88,14,10,0.134030,0.009104,50,49,10,aperitivo,51450334c2,1.4526
88,15,10,0.134030,0.009104,50,49,10,aperitivo,51450334c2,1.4526
88,16,10,0.134030,0.009104,50,49,10,aperitivo,51450334c2,1.4526
88,17,10,0.134030,0.009104,50,49,10,aperitivo,51450334c2,1.4526
88,18,10,0.134030,0.009104,50,49,10,aperitivo,51450334c2,1.4526
88,19,10,0.134030,0.009104,50,49,10,aperitivo,51450334c2,1.4526
88,20,10,0.134030,0.009104,50,49,10,aperitivo,51450334c2,1.4526
88,21,10,0.134030,0.009104,50,49,10,aperitivo,51450334c2,1.4526
88,22,10,0.134030,0.009104,50,49,10,aperitivo,51450334c2,1.4526
88,23,10,0.134030,0.009104,50,49,10,aperitivo,51450334c2,1.4526
88,24,10,0.134030,0.009104,50,49,10,aperitivo,51450334c2,1.4526
88,25,10,0.121901,0.007900,48,47,10,aperitivo,09d12ddbb7,1.6655
88,26,10,0.141912,0.008823,51,50,10,aperitivo,35679ec255,1.4363
88,27,10,0.134030,0.009104,50,49,10,aperitivo,51450334c2,1.4526
88,28,10,0.134030,0.009104,50,49,10,aperitivo,51450334c2,1.4526
88,29,10,0.134030,0.009104,50,49,10,aperitivo,51450334c2,1.4526
88,30,10,0.106417,0.008531,50,50,10,queijo,4bbe348261,1.5374
88,31,10,0.134030,0.009104,50,49,10,aperitivo,51450334c2,1.4526
88,32,10,0.134030,0.009104,50,49,10,aperitivo,51450334c2,1.4526
88,33,10,0.134030,0.009104,50,49,10,aperitivo,51450334c2,1.4526
88,34,10,0.134030,0.009104,50,49,10,aperitivo,51450334c2,1.4526
88,35,10,0.134030,0.009104,50,49,10,aperitivo,51450334c2,1.4526
88,36,10,0.134030,0.009104,50,49,10,aperitivo,51450334c2,1.4526
88,37,10,0.134030,0.009104,50,49,10,aperitivo,51450334c2,1.4526
88,38,10,0.089655,0.007941,49,49,10,aperitivo,b8f2d71fe9,1.4319
88,39,10,0.134030,0.009104,50,49,10,aperitivo,51450334c2,1.4526
88,40,10,0.134030,0.009104,50,49,10,aperitivo,51450334c2,1.4526
88,41,10,0.134030,0.009104,50,49,10,aperitivo,51450334c2,1.4526
88,42,10,0.134030,0.009104,50,49,10,aperitivo,51450334c2,1.4526
88,43,10,0.134030,0.009104,50,49,10,aperitivo,51450334c2,1.4526
88,44,10,0.134030,0.009104,50,49,10,aperitivo,51450334c2,1.4526
88,45,10,0.134030,0.009104,50,49,10,aperitivo,51450334c2,1.4526
88,46,10,0.134030,0.009104,50,49,10,aperitivo,51450334c2,1.4526
88,47,10,0.134030,0.009104,50,49,10,aperitivo,51450334c2,1.4526
88,48,10,0.134030,0.009104,50,49,10,aperitivo,51450334c2,1.4526
88,49,10,0.134030,0.009104,50,49,10,aperitivo,51450334c2,1.4526
89,0,10,0.134030,0.009104,50,49,10,aperitivo,51450334c2,1.4526
89,1,10,0.134030,0.009104,50,49,10,aperitivo,51450334c2,1.4526
89,2,10,0.134030,0.009104,50,49,10,aperitivo,51450334c2,1.4526
89,3,10,0.134030,0.009104,50,49,10,aperitivo,51450334c2,1.4526
89,4,10,0.134030,0.009104,50,49,10,aperitivo,51450334c2,1.4526
89,5,10,0.134030,0.009104,50,49,10,aperitivo,51450334c2,1.4526
89,6,10,0.134030,0.009104,50,49,10,aperitivo,51450334c2,1.4526
89,7,10,0.134030,0.009104,50,49,10,aperitivo,51450334c2,1.4526
89,8,10,0.134030,0.009104,50,49,10,aperitivo,51450334c2,1.4526
89,9,10,0.134030,0.009104,50,49,10,aperitivo,51450334c2,1.4526
89,10,10,0.134030,0.009104,50,49,10,aperitivo,51450334c2,1.4526
89,11,10,0.134030,0.009104,50,49,10,aperitivo,51450334c2,1.4526
89,12,10,0.134030,0.009104,50,49,10,aperitivo,51450334c2,1.4526
89,13,10,0.134030,0.009104,50,49,10,aperitivo,51450334c2,1.4526
89,14,10,0.134030,0.009104,50,49,10,aperitivo,51450334c2,1.4526
89,15,10,0.134030,0.009104,50,49,10,aperitivo,51450334c2,1.4526
89,16,10,0.134030,0.009104,50,49,10,aperitivo,51450334c2,1.4526
89,17,10,0.134030,0.009104,50,49,10,aperitivo,51450334c2,1.4526
89,18,10,0.134376,0.008268,52,51,10,aperitivo,cf21f20dce,1.6457
89,19,10,0.123086,0.008776,51,50,10,aperitivo,03a1ada6cb,1.4334
89,20,10,0.134030,0.009104,50,49,10,aperitivo,51450334c2,1.4526
89,21,10,0.134030,0.009104,50,49,10,aperitivo,51450334c2,1.4526
89,22,10,0.134030,0.009104,50,49,10,aperitivo,51450334c2,1.4526
89,23,10,0.134030,0.009104,50,49,10,aperitivo,51450334c2,1.4526
89,24,10,0.134030,0.009104,50,49,10,aperitivo,51450334c2,1.4526
89,25,10,0.134030,0.009104,50,49,10,aperitivo,51450334c2,1.4526
89,26,10,0.134030,0.009104,50,49,10,aperitivo,51450334c2,1.4526
89,27,10,0.134030,0.009104,50,49,10,aperitivo,51450334c2,1.4526
89,28,10,0.134030,0.009104,50,49,10,aperitivo,51450334c2,1.4526
89,29,10,0.134030,0.009104,50,49,10,aperitivo,51450334c2,1.4526
89,30,10,0.133790,0.008656,51,50,10,aperitivo,2bf3444960,1.4152
89,31,10,0.134030,0.009104,50,49,10,aperitivo,51450334c2,1.4526
89,32,10,0.134030,0.009104,50,49,10,aperitivo,51450334c2,1.4526
89,33,10,0.134030,0.009104,50,49,10,aperitivo,51450334c2,1.4526
89,34,10,0.134030,0.009104,50,49,10,aperitivo,51450334c2,1.4526
89,35,10,0.124830,0.008284,50,49,10,aperitivo,eeff3721db,1.5832
89,36,10,0.134030,0.009104,50,49,10,aperitivo,51450334c2,1.4526
89,37,10,0.134030,0.009104,50,49,10,aperitivo,51450334c2,1.4526
89,38,10,0.129876,0.008383,49,47,10,aperitivo,14de540305,1.4418
89,39,10,0.134030,0.009104,50,49,10,aperitivo,51450334c2,1.4526
89,40,10,0.134030,0.009104,50,49,10,aperitivo,51450334c2,1.4526
89,41,10,0.134030,0.009104,50,49,10,aperitivo,51450334c2,1.4526
89,42,10,0.134030,0.009104,50,49,10,aperitivo,51450334c2,1.4526
89,43,10,0.134030,0.009104,50,49,10,aperitivo,51450334c2,1.4526
89,44,10,0.087458,0.007850,49,48,10,aperitivo,b69ee515b7,1.4225
89,45,10,0.121462,0.007845,49,48,10,aperitivo,08ae9030dd,1.4158
89,46,10,0.134030,0.009104,50,49,10,aperitivo,51450334c2,1.4526
89,47,10,0.134030,0.009104,50,49,10,aperitivo,51450334c2,1.4526
89,48,10,0.134030,0.009104,50,49,10,aperitivo,51450334c2,1.4526
89,49,10,0.134030,0.009104,50,49,10,aperitivo,51450334c2,1.4526
90,0,10,0.134030,0.009104,50,49,10,aperitivo,51450334c2,1.4526
90,1,10,0.134030,0.009104,50,49,10,aperitivo,51450334c2,1.4526
90,2,10,0.134030,0.009104,50,49,10,aperitivo,51450334c2,1.4526
90,3,10,0.134030,0.009104,50,49,10,aperitivo,51450334c2,1.4526
90,4,10,0.134030,0.009104,50,49,10,aperitivo,51450334c2,1.4526
90,5,10,0.134030,0.009104,50,49,10,aperitivo,51450334c2,1.4526
90,6,10,0.134030,0.009104,50,49,10,aperitivo,51450334c2,1.4526
90,7,10,0.134030,0.009104,50,49,10,aperitivo,51450334c2,1.4526
90,8,10,0.134030,0.009104,50,49,10,aperitivo,51450334c2,1.4526
90,9,10,0.134030,0.009104,50,49,10,aperitivo,51450334c2,1.4526
90,10,10,0.134030,0.009104,50,49,10,aperitivo,51450334c2,1.4526
90,11,10,0.134030,0.009104,50,49,10,aperitivo,51450334c2,1.4526
90,12,10,0.134030,0.009104,50,49,10,aperitivo,51450334c2,1.4526
90,13,10,0.132259,0.008577,52,51,10,aperitivo,093697bd41,1.6153
90,14,10,0.134030,0.009104,50,49,10,aperitivo,51450334c2,1.4526
90,15,10,0.134030,0.009104,50,49,10,aperitivo,51450334c2,1.4526
90,16,10,0.134030,0.009104,50,49,10,aperitivo,51450334c2,1.4526
90,17,10,0.134030,0.009104,50,49,10,aperitivo,51450334c2,1.4526
90,18,10,0.134030,0.009104,50,49,10,aperitivo,51450334c2,1.4526
90,19,10,0.134030,0.009104,50,49,10,aperitivo,51450334c2,1.4526
90,20,10,0.134030,0.009104,50,49,10,aperitivo,51450334c2,1.4526
90,21,10,0.134030,0.009104,50,49,10,aperitivo,51450334c2,1.4526
90,22,10,0.134030,0.009104,50,49,10,aperitivo,51450334c2,1.4526
90,23,10,0.136493,0.009056,51,49,10,aperitivo,d30266acb5,1.3996
90,24,10,0.134030,0.009104,50,49,10,aperitivo,51450334c2,1.4526
90,25,10,0.124910,0.008582,52,51,10,aperitivo,6fc8e9261f,1.3947
90,26,10,0.134030,0.009104,50,49,10,aperitivo,51450334c2,1.4526
90,27,10,0.134030,0.009104,50,49,10,aperitivo,51450334c2,1.4526
90,28,10,0.134030,0.009104,50,49,10,aperitivo,51450334c2,1.4526
90,29,10,0.134030,0.009104,50,49,10,aperitivo,51450334c2,1.4526
90,30,10,0.133737,0.007995,51,50,9,refrigerante,0cd9ec74e4,1.5339
90,31,10,0.134030,0.009104,50,49,10,aperitivo,51450334c2,1.4526
90,32,10,0.134030,0.009104,50,49,10,aperitivo,51450334c2,1.4526
90,33,10,0.134030,0.009104,50,49,10,aperitivo,51450334c2,1.4526
90,34,10,0.134030,0.009104,50,49,10,aperitivo,51450334c2,1.4526
90,35,10,0.134030,0.009104,50,49,10,aperitivo,51450334c2,1.4526
90,36,10,0.134030,0.009104,50,49,10,aperitivo,51450334c2,1.4526
90,37,10,0.134030,0.009104,50,49,10,aperitivo,51450334c2,1.4526
90,38,10,0.134030,0.009104,50,49,10,aperitivo,51450334c2,1.4526
90,39,10,0.134030,0.009104,50,49,10,aperitivo,51450334c2,1.4526
90,40,10,0.134030,0.009104,50,49,10,aperitivo,51450334c2,1.4526
90,41,10,0.134030,0.009104,50,49,10,aperitivo,51450334c2,1.4526
90,42,10,0.134030,0.009104,50,49,10,aperitivo,51450334c2,1.4526
90,43,10,0.134030,0.009104,50,49,10,aperitivo,51450334c2,1.4526
90,44,10,0.134030,0.009104,50,49,10,aperitivo,51450334c2,1.4526
90,45,10,0.134030,0.009104,50,49,10,aperitivo,51450334c2,1.4526
90,46,10,0.106044,0.008662,53,52,10,aperitivo,310f68561e,1.4925
90,47,10,0.134030,0.009104,50,49,10,aperitivo,51450334c2,1.4526
90,48,10,0.134030,0.009104,50,49,10,aperitivo,51450334c2,1.4526
90,49,10,0.134030,0.009104,50,49,10,aperitivo,51450334c2,1.4526
91,0,10,0.134030,0.009104,50,49,10,aperitivo,51450334c2,1.4526
91,1,10,0.134030,0.009104,50,49,10,aperitivo,51450334c2,1.4526
91,2,10,0.134030,0.009104,50,49,10,aperitivo,51450334c2,1.4526
91,3,10,0.134030,0.009104,50,49,10,aperitivo,51450334c2,1.4526
91,4,10,0.134030,0.009104,50,49,10,aperitivo,51450334c2,1.4526
91,5,10,0.133750,0.008223,51,50,10,aperitivo,53af010509,1.8638
91,6,10,0.134030,0.009104,50,49,10,aperitivo,51450334c2,1.4526
91,7,10,0.134030,0.009104,50,49,10,aperitivo,51450334c2,1.4526
91,8,10,0.134030,0.009104,50,49,10,aperitivo,51450334c2,1.4526
91,9,10,0.134030,0.009104,50,49,10,aperitivo,51450334c2,1.4526
91,10,10,0.134030,0.009104,50,49,10,aperitivo,51450334c2,1.4526
91,11,10,0.134030,0.009104,50,49,10,aperitivo,51450334c2,1.4526
91,12,10,0.134030,0.009104,50,49,10,aperitivo,51450334c2,1.4526
91,13,10,0.134030,0.009104,50,49,10,aperitivo,51450334c2,1.4526
91,14,10,0.134030,0.009104,50,49,10,aperitivo,51450334c2,1.4526
91,15,10,0.134030,0.009104,50,49,10,aperitivo,51450334c2,1.4526
91,16,10,0.134030,0.009104,50,49,10,aperitivo,51450334c2,1.4526
91,17,10,0.134030,0.009104,50,49,10,aperitivo,51450334c2,1.4526
91,18,10,0.134030,0.009104,50,49,10,aperitivo,51450334c2,1.4526
91,19,10,0.134030,0.009104,50,49,10,aperitivo,51450334c2,1.4526
91,20,10,0.134030,0.009104,50,49,10,aperitivo,51450334c2,1.4526
91,21,10,0.134030,0.009104,50,49,10,aperitivo,51450334c2,1.4526
91,22,10,0.131713,0.008639,50,49,10,aperitivo,3d2f7fcf47,1.7189
91,23,10,0.134030,0.009104,50,49,10,aperitivo,51450334c2,1.4526
91,24,10,0.134030,0.009104,50,49,10,aperitivo,51450334c2,1.4526
91,25,10,0.134030,0.009104,50,49,10,aperitivo,51450334c2,1.4526
91,26,10,0.134030,0.009104,50,49,10,aperitivo,51450334c2,1.4526
91,27,10,0.134030,0.009104,50,49,10,aperitivo,51450334c2,1.4526
91,28,10,0.134030,0.009104,50,49,10,aperitivo,51450334c2,1.4526
91,29,10,0.134216,0.008728,49,49,10,suco pronto,2eed4ad77b,1.4157
91,30,10,0.134030,0.009104,50,49,10,aperitivo,51450334c2,1.4526
91,31,10,0.089629,0.007796,52,52,10,aperitivo,3502afee89,1.7132
91,32,10,0.134030,0.009104,50,49,10,aperitivo,51450334c2,1.4526
91,33,10,0.127573,0.008219,52,51,10,aperitivo,63cbd64c3d,1.6872
91,34,10,0.134030,0.009104,50,49,10,aperitivo,51450334c2,1.4526
91,35,10,0.134030,0.009104,50,49,10,aperitivo,51450334c2,1.4526
91,36,10,0.134030,0.009104,50,49,10,aperitivo,51450334c2,1.4526
91,37,10,0.134030,0.009104,50,49,10,aperitivo,51450334c2,1.4526
91,38,10,0.134030,0.009104,50,49,10,aperitivo,51450334c2,1.4526
91,39,10,0.130475,0.008318,50,49,10,aperitivo,1aeb4be288,1.6957
91,40,10,0.134030,0.009104,50,49,10,aperitivo,51450334c2,1.4526
91,41,10,0.134030,0.009104,50,49,10,aperitivo,51450334c2,1.4526
91,42,10,0.134030,0.009104,50,49,10,aperitivo,51450334c2,1.4526
91,43,10,0.134030,0.009104,50,49,10,aperitivo,51450334c2,1.4526
91,44,10,0.134030,0.009104,50,49,10,aperitivo,51450334c2,1.4526
91,45,10,0.134030,0.009104,50,49,10,aperitivo,51450334c2,1.4526
91,46,10,0.134030,0.009104,50,49,10,aperitivo,51450334c2,1.4526
91,47,10,0.134030,0.009104,50,49,10,aperitivo,51450334c2,1.4526
91,48,10,0.134030,0.009104,50,49,10,aperitivo,51450334c2,1.4526
91,49,10,0.134030,0.009104,50,49,10,aperitivo,51450334c2,1.4526
92,0,10,0.134030,0.009104,50,49,10,aperitivo,51450334c2,1.4526
92,1,10,0.134030,0.009104,50,49,10,aperitivo,51450334c2,1.4526
92,2,10,0.134030,0.009104,50,49,10,aperitivo,51450334c2,1.4526
92,3,10,0.134030,0.009104,50,49,10,aperitivo,51450334c2,1.4526
92,4,10,0.134030,0.009104,50,49,10,aperitivo,51450334c2,1.4526
92,5,10,0.134030,0.009104,50,49,10,aperitivo,51450334c2,1.4526
92,6,10,0.134030,0.009104,50,49,10,aperitivo,51450334c2,1.4526
92,7,10,0.134030,0.009104,50,49,10,aperitivo,51450334c2,1.4526
92,8,10,0.134030,0.009104,50,49,10,aperitivo,51450334c2,1.4526
92,9,10,0.134030,0.009104,50,49,10,aperitivo,51450334c2,1.4526
92,10,10,0.134030,0.009104,50,49,10,aperitivo,51450334c2,1.4526
92,11,10,0.134030,0.009104,50,49,10,aperitivo,51450334c2,1.4526
92,12,10,0.134030,0.009104,50,49,10,aperitivo,51450334c2,1.4526
92,13,10,0.098296,0.008370,53,53,10,aperitivo,64cb00c3fa,1.5637
92,14,10,0.134030,0.009104,50,49,10,aperitivo,51450334c2,1.4526
92,15,10,0.134030,0.009104,50,49,10,aperitivo,51450334c2,1.4526
92,16,10,0.134030,0.009104,50,49,10,aperitivo,51450334c2,1.4526
92,17,10,0.134030,0.009104,50,49,10,aperitivo,51450334c2,1.4526
92,18,10,0.134030,0.009104,50,49,10,aperitivo,51450334c2,1.4526
92,19,10,0.143270,0.008892,48,47,10,aperitivo,6921e90c65,1.5493
92,20,10,0.134030,0.009104,50,49,10,aperitivo,51450334c2,1.4526
92,21,10,0.134030,0.009104,50,49,10,aperitivo,51450334c2,1.4526
92,22,10,0.134030,0.009104,50,49,10,aperitivo,51450334c2,1.4526
92,23,10,0.134030,0.009104,50,49,10,aperitivo,51450334c2,1.4526
92,24,10,0.134030,0.009104,50,49,10,aperitivo,51450334c2,1.4526
92,25,10,0.134030,0.009104,50,49,10,aperitivo,51450334c2,1.4526
92,26,10,0.134030,0.009104,50,49,10,aperitivo,51450334c2,1.4526
92,27,10,0.135375,0.008525,53,52,10,aperitivo,353bc4b43b,1.5011
92,28,10,0.134030,0.009104,50,49,10,aperitivo,51450334c2,1.4526
92,29,10,0.134030,0.009104,50,49,10,aperitivo,51450334c2,1.4526
92,30,10,0.133684,0.008277,50,49,10,aperitivo,a8aef306e6,1.5335
92,31,10,0.134030,0.009104,50,49,10,aperitivo,51450334c2,1.4526
92,32,10,0.134030,0.009104,50,49,10,aperitivo,51450334c2,1.4526
92,33,10,0.134030,0.009104,50,49,10,aperitivo,51450334c2,1.4526
92,34,10,0.134030,0.009104,50,49,10,aperitivo,51450334c2,1.4526
92,35,10,0.129583,0.008261,50,49,10,aperitivo,f8c6674f18,1.5988
92,36,10,0.134030,0.009104,50,49,10,aperitivo,51450334c2,1.4526
92,37,10,0.134030,0.009104,50,49,10,aperitivo,51450334c2,1.4526
92,38,10,0.134030,0.009104,50,49,10,aperitivo,51450334c2,1.4526
92,39,10,0.134030,0.009104,50,49,10,aperitivo,51450334c2,1.4526
92,40,10,0.134030,0.009104,50,49,10,aperitivo,51450334c2,1.4526
92,41,10,0.134030,0.009104,50,49,10,aperitivo,51450334c2,1.4526
92,42,10,0.134030,0.009104,50,49,10,aperitivo,51450334c2,1.4526
92,43,10,0.134030,0.009104,50,49,10,aperitivo,51450334c2,1.4526
92,44,10,0.134030,0.009104,50,49,10,aperitivo,51450334c2,1.4526
92,45,10,0.134030,0.009104,50,49,10,aperitivo,51450334c2,1.4526
92,46,10,0.134030,0.009104,50,49,10,aperitivo,51450334c2,1.4526
92,47,10,0.098602,0.008162,49,48,10,aperitivo,ee0a1b0800,1.6422
92,48,10,0.134030,0.009104,50,49,10,aperitivo,51450334c2,1.4526
92,49,10,0.134030,0.009104,50,49,10,aperitivo,51450334c2,1.4526
93,0,10,0.134030,0.009104,50,49,10,aperitivo,51450334c2,1.4526
93,1,10,0.134030,0.009104,50,49,10,aperitivo,51450334c2,1.4526
93,2,10,0.134030,0.009104,50,49,10,aperitivo,51450334c2,1.4526
93,3,10,0.134030,0.009104,50,49,10,aperitivo,51450334c2,1.4526
93,4,10,0.134030,0.009104,50,49,10,aperitivo,51450334c2,1.4526
93,5,10,0.134030,0.009104,50,49,10,aperitivo,51450334c2,1.4526
93,6,10,0.134030,0.009104,50,49,10,aperitivo,51450334c2,1.4526
93,7,10,0.134030,0.009104,50,49,10,aperitivo,51450334c2,1.4526
93,8,10,0.134030,0.009104,50,49,10,aperitivo,51450334c2,1.4526
93,9,10,0.134030,0.009104,50,49,10,aperitivo,51450334c2,1.4526
93,10,10,0.121475,0.007944,50,49,10,aperitivo,e8bf97726d,1.5272
93,11,10,0.134030,0.009104,50,49,10,aperitivo,51450334c2,1.4526
93,12,10,0.134030,0.009104,50,49,10,aperitivo,51450334c2,1.4526
93,13,10,0.134030,0.009104,50,49,10,aperitivo,51450334c2,1.4526
93,14,10,0.134030,0.009104,50,49,10,aperitivo,51450334c2,1.4526
93,15,10,0.134030,0.009104,50,49,10,aperitivo,51450334c2,1.4526
93,16,10,0.134030,0.009104,50,49,10,aperitivo,51450334c2,1.4526
93,17,10,0.134030,0.009104,50,49,10,aperitivo,51450334c2,1.4526
93,18,10,0.137731,0.008749,53,52,10,aperitivo,9722f60579,1.5984
93,19,10,0.134030,0.009104,50,49,10,aperitivo,51450334c2,1.4526
93,20,10,0.134030,0.009104,50,49,10,aperitivo,51450334c2,1.4526
93,21,10,0.134030,0.009104,50,49,10,aperitivo,51450334c2,1.4526
93,22,10,0.134030,0.009104,50,49,10,aperitivo,51450334c2,1.4526
93,23,10,0.126601,0.008383,52,52,10,papel toalha,0108d0d38e,1.4975
93,24,10,0.134030,0.009104,50,49,10,aperitivo,51450334c2,1.4526
93,25,10,0.134030,0.009104,50,49,10,aperitivo,51450334c2,1.4526
93,26,10,0.134030,0.009104,50,49,10,aperitivo,51450334c2,1.4526
93,27,10,0.119625,0.008214,52,51,10,aperitivo,c7f89c3e0a,1.4522
93,28,10,0.134030,0.009104,50,49,10,aperitivo,51450334c2,1.4526
93,29,10,0.121675,0.008109,51,51,9,iogurte,aae8d37545,1.4808
93,30,10,0.128358,0.008460,51,51,10,kit para cabelos,8f9b9aadf0,1.5196
93,31,10,0.134030,0.009104,50,49,10,aperitivo,51450334c2,1.4526
93,32,10,0.134030,0.009104,50,49,10,aperitivo,51450334c2,1.4526
93,33,10,0.121488,0.007438,48,47,9,aperitivo,6e016fb08b,1.5480
93,34,10,0.134030,0.009104,50,49,10,aperitivo,51450334c2,1.4526
93,35,10,0.134030,0.009104,50,49,10,aperitivo,51450334c2,1.4526
93,36,10,0.134030,0.009104,50,49,10,aperitivo,51450334c2,1.4526
93,37,10,0.134030,0.009104,50,49,10,aperitivo,51450334c2,1.4526
93,38,10,0.134030,0.009104,50,49,10,aperitivo,51450334c2,1.4526
93,39,10,0.134030,0.009104,50,49,10,aperitivo,51450334c2,1.4526
93,40,10,0.134030,0.009104,50,49,10,aperitivo,51450334c2,1.4526
93,41,10,0.134030,0.009104,50,49,10,aperitivo,51450334c2,1.4526
93,42,10,0.134030,0.009104,50,49,10,aperitivo,51450334c2,1.4526
93,43,10,0.134030,0.009104,50,49,10,aperitivo,51450334c2,1.4526
93,44,10,0.134030,0.009104,50,49,10,aperitivo,51450334c2,1.4526
93,45,10,0.095087,0.008510,51,50,10,aperitivo,8cb68fe0e3,1.4514
93,46,10,0.134030,0.009104,50,49,10,aperitivo,51450334c2,1.4526
93,47,10,0.134030,0.009104,50,49,10,aperitivo,51450334c2,1.4526
93,48,10,0.134030,0.009104,50,49,10,aperitivo,51450334c2,1.4526
93,49,10,0.126375,0.008125,50,48,9,biscoito,93639a1e15,1.4314
94,0,10,0.134030,0.009104,50,49,10,aperitivo,51450334c2,1.4526
94,1,10,0.134030,0.009104,50,49,10,aperitivo,51450334c2,1.4526
94,2,10,0.134030,0.009104,50,49,10,aperitivo,51450334c2,1.4526
94,3,10,0.134030,0.009104,50,49,10,aperitivo,51450334c2,1.4526
94,4,10,0.134030,0.009104,50,49,10,aperitivo,51450334c2,1.4526
94,5,10,0.134030,0.009104,50,49,10,aperitivo,51450334c2,1.4526
94,6,10,0.134030,0.009104,50,49,10,aperitivo,51450334c2,1.4526
94,7,10,0.134030,0.009104,50,49,10,aperitivo,51450334c2,1.4526
94,8,10,0.134030,0.009104,50,49,10,aperitivo,51450334c2,1.4526
94,9,10,0.134030,0.009104,50,49,10,aperitivo,51450334c2,1.4526
94,10,10,0.093636,0.007865,46,45,10,aperitivo,20b6916064,1.6612
94,11,10,0.134030,0.009104,50,49,10,aperitivo,51450334c2,1.4526
94,12,10,0.134030,0.009104,50,49,10,aperitivo,51450334c2,1.4526
94,13,10,0.134030,0.009104,50,49,10,aperitivo,51450334c2,1.4526
94,14,10,0.134030,0.009104,50,49,10,aperitivo,51450334c2,1.4526
94,15,10,0.134030,0.009104,50,49,10,aperitivo,51450334c2,1.4526
94,16,10,0.134030,0.009104,50,49,10,aperitivo,51450334c2,1.4526
94,17,10,0.134030,0.009104,50,49,10,aperitivo,51450334c2,1.4526
94,18,10,0.134030,0.009104,50,49,10,aperitivo,51450334c2,1.4526
94,19,10,0.134030,0.009104,50,49,10,aperitivo,51450334c2,1.4526
94,20,10,0.134030,0.009104,50,49,10,aperitivo,51450334c2,1.4526
94,21,10,0.134030,0.009104,50,49,10,aperitivo,51450334c2,1.4526
94,22,10,0.134030,0.009104,50,49,10,aperitivo,51450334c2,1.4526
94,23,10,0.134030,0.009104,50,49,10,aperitivo,51450334c2,1.4526
94,24,10,0.134030,0.009104,50,49,10,aperitivo,51450334c2,1.4526
94,25,10,0.134030,0.009104,50,49,10,aperitivo,51450334c2,1.4526
94,26,10,0.134030,0.009104,50,49,10,aperitivo,51450334c2,1.4526
94,27,10,0.134030,0.009104,50,49,10,aperitivo,51450334c2,1.4526
94,28,10,0.134030,0.009104,50,49,10,aperitivo,51450334c2,1.4526
94,29,10,0.134030,0.009104,50,49,10,aperitivo,51450334c2,1.4526
94,30,10,0.134829,0.008497,49,48,10,aperitivo,a893938b67,1.4353
94,31,10,0.134030,0.009104,50,49,10,aperitivo,51450334c2,1.4526
94,32,10,0.134030,0.009104,50,49,10,aperitivo,51450334c2,1.4526
94,33,10,0.134030,0.009104,50,49,10,aperitivo,51450334c2,1.4526
94,34,10,0.134030,0.009104,50,49,10,aperitivo,51450334c2,1.4526
94,35,10,0.134030,0.009104,50,49,10,aperitivo,51450334c2,1.4526
94,36,10,0.134030,0.009104,50,49,10,aperitivo,51450334c2,1.4526
94,37,10,0.134030,0.009104,50,49,10,aperitivo,51450334c2,1.4526
94,38,10,0.125030,0.007989,50,49,9,biscoito,e6ecd54b2d,1.4628
94,39,10,0.134030,0.009104,50,49,10,aperitivo,51450334c2,1.4526
94,40,10,0.134030,0.009104,50,49,10,aperitivo,51450334c2,1.4526
94,41,10,0.134030,0.009104,50,49,10,aperitivo,51450334c2,1.4526
94,42,10,0.134030,0.009104,50,49,10,aperitivo,51450334c2,1.4526
94,43,10,0.134030,0.009104,50,49,10,aperitivo,51450334c2,1.4526
94,44,10,0.123126,0.008085,48,47,10,aperitivo,46c4728317,1.4382
94,45,10,0.133298,0.008410,52,51,10,aperitivo,4e2f34ab8d,1.5741
94,46,10,0.134030,0.009104,50,49,10,aperitivo,51450334c2,1.4526
94,47,10,0.103874,0.008035,48,47,10,aperitivo,d72502f986,1.4023
94,48,10,0.134030,0.009104,50,49,10,aperitivo,51450334c2,1.4526
94,49,10,0.134030,0.009104,50,49,10,aperitivo,51450334c2,1.4526
95,0,10,0.134030,0.009104,50,49,10,aperitivo,51450334c2,1.4526
95,1,10,0.134030,0.009104,50,49,10,aperitivo,51450334c2,1.4526
95,2,10,0.134030,0.009104,50,49,10,aperitivo,51450334c2,1.4526
95,3,10,0.134030,0.009104,50,49,10,aperitivo,51450334c2,1.4526
95,4,10,0.134030,0.009104,50,49,10,aperitivo,51450334c2,1.4526
95,5,10,0.134030,0.009104,50,49,10,aperitivo,51450334c2,1.4526
95,6,10,0.134030,0.009104,50,49,10,aperitivo,51450334c2,1.4526
95,7,10,0.134030,0.009104,50,49,10,aperitivo,51450334c2,1.4526
95,8,10,0.134030,0.009104,50,49,10,aperitivo,51450334c2,1.4526
95,9,10,0.134030,0.009104,50,49,10,aperitivo,51450334c2,1.4526
95,10,10,0.134030,0.009104,50,49,10,aperitivo,51450334c2,1.4526
95,11,10,0.134030,0.009104,50,49,10,aperitivo,51450334c2,1.4526
95,12,10,0.134030,0.009104,50,49,10,aperitivo,51450334c2,1.4526
95,13,10,0.134030,0.009104,50,49,10,aperitivo,51450334c2,1.4526
95,14,10,0.134030,0.009104,50,49,10,aperitivo,51450334c2,1.4526
95,15,10,0.134030,0.009104,50,49,10,aperitivo,51450334c2,1.4526
95,16,10,0.134030,0.009104,50,49,10,aperitivo,51450334c2,1.4526
95,17,10,0.134030,0.009104,50,49,10,aperitivo,51450334c2,1.4526
95,18,10,0.134030,0.009104,50,49,10,aperitivo,51450334c2,1.4526
95,19,10,0.134030,0.009104,50,49,10,aperitivo,51450334c2,1.4526
95,20,10,0.134030,0.009104,50,49,10,aperitivo,51450334c2,1.4526
95,21,10,0.134030,0.009104,50,49,10,aperitivo,51450334c2,1.4526
95,22,10,0.134030,0.009104,50,49,10,aperitivo,51450334c2,1.4526
95,23,10,0.134030,0.009104,50,49,10,aperitivo,51450334c2,1.4526
95,24,10,0.134030,0.009104,50,49,10,aperitivo,51450334c2,1.4526
95,25,10,0.134030,0.009104,50,49,10,aperitivo,51450334c2,1.4526
95,26,10,0.134030,0.009104,50,49,10,aperitivo,51450334c2,1.4526
95,27,10,0.134030,0.009104,50,49,10,aperitivo,51450334c2,1.4526
95,28,10,0.134030,0.009104,50,49,10,aperitivo,51450334c2,1.4526
95,29,10,0.134030,0.009104,50,49,10,aperitivo,51450334c2,1.4526
95,30,10,0.134030,0.009104,50,49,10,aperitivo,51450334c2,1.4526
95,31,10,0.127906,0.008033,47,47,10,chocolate,6167e64621,1.5012
95,32,10,0.063707,0.008098,50,50,10,aperitivo,e277a74e82,1.4780
95,33,10,0.134030,0.009104,50,49,10,aperitivo,51450334c2,1.4526
95,34,10,0.134030,0.009104,50,49,10,aperitivo,51450334c2,1.4526
95,35,10,0.134030,0.009104,50,49,10,aperitivo,51450334c2,1.4526
95,36,10,0.134030,0.009104,50,49,10,aperitivo,51450334c2,1.4526
95,37,10,0.134030,0.009104,50,49,10,aperitivo,51450334c2,1.4526
95,38,10,0.134030,0.009104,50,49,10,aperitivo,51450334c2,1.4526
95,39,10,0.134030,0.009104,50,49,10,aperitivo,51450334c2,1.4526
95,40,10,0.134030,0.009104,50,49,10,aperitivo,51450334c2,1.4526
95,41,10,0.134030,0.009104,50,49,10,aperitivo,51450334c2,1.4526
95,42,10,0.134030,0.009104,50,49,10,aperitivo,51450334c2,1.4526
95,43,10,0.130968,0.008359,50,49,10,aperitivo,44f9f29743,1.3859
95,44,10,0.134030,0.009104,50,49,10,aperitivo,51450334c2,1.4526
95,45,10,0.134030,0.009104,50,49,10,aperitivo,51450334c2,1.4526
95,46,10,0.134030,0.009104,50,49,10,aperitivo,51450334c2,1.4526
95,47,10,0.134030,0.009104,50,49,10,aperitivo,51450334c2,1.4526
95,48,10,0.134030,0.009104,50,49,10,aperitivo,51450334c2,1.4526
95,49,10,0.134030,0.009104,50,49,10,aperitivo,51450334c2,1.4526
96,0,10,0.134030,0.009104,50,49,10,aperitivo,51450334c2,1.4526
96,1,10,0.134030,0.009104,50,49,10,aperitivo,51450334c2,1.4526
96,2,10,0.134030,0.009104,50,49,10,aperitivo,51450334c2,1.4526
96,3,10,0.134030,0.009104,50,49,10,aperitivo,51450334c2,1.4526
96,4,10,0.134030,0.009104,50,49,10,aperitivo,51450334c2,1.4526
96,5,10,0.134030,0.009104,50,49,10,aperitivo,51450334c2,1.4526
96,6,10,0.134030,0.009104,50,49,10,aperitivo,51450334c2,1.4526
96,7,10,0.134030,0.009104,50,49,10,aperitivo,51450334c2,1.4526
96,8,10,0.134030,0.009104,50,49,10,aperitivo,51450334c2,1.4526
96,9,10,0.134030,0.009104,50,49,10,aperitivo,51450334c2,1.4526
96,10,10,0.134030,0.009104,50,49,10,aperitivo,51450334c2,1.4526
96,11,10,0.134030,0.009104,50,49,10,aperitivo,51450334c2,1.4526
96,12,10,0.134030,0.009104,50,49,10,aperitivo,51450334c2,1.4526
96,13,10,0.126202,0.008046,51,50,9,sabonete,e4a641903e,1.5033
96,14,10,0.119944,0.007846,51,50,10,aperitivo,05b7ab6868,1.4580
96,15,10,0.134030,0.009104,50,49,10,aperitivo,51450334c2,1.4526
96,16,10,0.134030,0.009104,50,49,10,aperitivo,51450334c2,1.4526
96,17,10,0.134030,0.009104,50,49,10,aperitivo,51450334c2,1.4526
96,18,10,0.134030,0.009104,50,49,10,aperitivo,51450334c2,1.4526
96,19,10,0.142724,0.009202,53,52,10,aperitivo,f717950a16,1.4294
96,20,10,0.134030,0.009104,50,49,10,aperitivo,51450334c2,1.4526
96,21,10,0.134030,0.009104,50,49,10,aperitivo,51450334c2,1.4526
96,22,10,0.134030,0.009104,50,49,10,aperitivo,51450334c2,1.4526
96,23,10,0.134030,0.009104,50,49,10,aperitivo,51450334c2,1.4526
96,24,10,0.134030,0.009104,50,49,10,aperitivo,51450334c2,1.4526
96,25,10,0.134030,0.009104,50,49,10,aperitivo,51450334c2,1.4526
96,26,10,0.134030,0.009104,50,49,10,aperitivo,51450334c2,1.4526
96,27,10,0.134030,0.009104,50,49,10,aperitivo,51450334c2,1.4526
96,28,10,0.137505,0.008506,49,48,10,aperitivo,b938fdda61,1.4906
96,29,10,0.134030,0.009104,50,49,10,aperitivo,51450334c2,1.4526
96,30,10,0.134030,0.009104,50,49,10,aperitivo,51450334c2,1.4526
96,31,10,0.134030,0.009104,50,49,10,aperitivo,51450334c2,1.4526
96,32,10,0.134030,0.009104,50,49,10,aperitivo,51450334c2,1.4526
96,33,10,0.134030,0.009104,50,49,10,aperitivo,51450334c2,1.4526
96,34,10,0.126441,0.008190,52,51,9,biscoito,6e7dc3b601,1.4971
96,35,10,0.134030,0.009104,50,49,10,aperitivo,51450334c2,1.4526
96,36,10,0.134030,0.009104,50,49,10,aperitivo,51450334c2,1.4526
96,37,10,0.134030,0.009104,50,49,10,aperitivo,51450334c2,1.4526
96,38,10,0.133085,0.009097,53,52,10,vinho importado,ed086e2636,1.4005
96,39,10,0.134030,0.009104,50,49,10,aperitivo,51450334c2,1.4526
96,40,10,0.134030,0.009104,50,49,10,aperitivo,51450334c2,1.4526
96,41,10,0.134030,0.009104,50,49,10,aperitivo,51450334c2,1.4526
96,42,10,0.087605,0.008076,49,49,10,aperitivo,0b8600f339,1.5137
96,43,10,0.126281,0.008273,50,50,10,suplemento alimentar,e8a75f78e9,1.4311
96,44,10,0.134030,0.009104,50,49,10,aperitivo,51450334c2,1.4526
96,45,10,0.134030,0.009104,50,49,10,aperitivo,51450334c2,1.4526
96,46,10,0.134030,0.009104,50,49,10,aperitivo,51450334c2,1.4526
96,47,10,0.134030,0.009104,50,49,10,aperitivo,51450334c2,1.4526
96,48,10,0.134030,0.009104,50,49,10,aperitivo,51450334c2,1.4526
96,49,10,0.134030,0.009104,50,49,10,aperitivo,51450334c2,1.4526
97,0,10,0.142724,0.009202,53,52,10,aperitivo,f717950a16,1.4294
97,1,10,0.134030,0.009104,50,49,10,aperitivo,51450334c2,1.4526
97,2,10,0.134030,0.009104,50,49,10,aperitivo,51450334c2,1.4526
97,3,10,0.134030,0.009104,50,49,10,aperitivo,51450334c2,1.4526
97,4,10,0.134030,0.009104,50,49,10,aperitivo,51450334c2,1.4526
97,5,10,0.105778,0.008163,50,49,10,aperitivo,e2d7daf96a,1.5105
97,6,10,0.134030,0.009104,50,49,10,aperitivo,51450334c2,1.4526
97,7,10,0.134030,0.009104,50,49,10,aperitivo,51450334c2,1.4526
97,8,10,0.138197,0.008903,49,48,10,aperitivo,b721efd1a5,1.4281
97,9,10,0.134030,0.009104,50,49,10,aperitivo,51450334c2,1.4526
97,10,10,0.134030,0.009104,50,49,10,aperitivo,51450334c2,1.4526
97,11,10,0.134030,0.009104,50,49,10,aperitivo,51450334c2,1.4526
97,12,10,0.142724,0.009202,53,52,10,aperitivo,f717950a16,1.4294
97,13,10,0.134030,0.009104,50,49,10,aperitivo,51450334c2,1.4526
97,14,10,0.134030,0.009104,50,49,10,aperitivo,51450334c2,1.4526
97,15,10,0.134030,0.009104,50,49,10,aperitivo,51450334c2,1.4526
97,16,10,0.134030,0.009104,50,49,10,aperitivo,51450334c2,1.4526
97,17,10,0.134030,0.009104,50,49,10,aperitivo,51450334c2,1.4526
97,18,10,0.134030,0.009104,50,49,10,aperitivo,51450334c2,1.4526
97,19,10,0.122008,0.008406,51,50,10,aperitivo,e2a7f83ac5,1.6308
97,20,10,0.134030,0.009104,50,49,10,aperitivo,51450334c2,1.4526
97,21,10,0.134030,0.009104,50,49,10,aperitivo,51450334c2,1.4526
97,22,10,0.134030,0.009104,50,49,10,aperitivo,51450334c2,1.4526
97,23,10,0.133218,0.008991,51,50,10,aperitivo,8f0db13c5d,1.4205
97,24,10,0.134030,0.009104,50,49,10,aperitivo,51450334c2,1.4526
97,25,10,0.134030,0.009104,50,49,10,aperitivo,51450334c2,1.4526
97,26,10,0.134030,0.009104,50,49,10,aperitivo,51450334c2,1.4526
97,27,10,0.134030,0.009104,50,49,10,aperitivo,51450334c2,1.4526
97,28,10,0.134030,0.009104,50,49,10,aperitivo,51450334c2,1.4526
97,29,10,0.134030,0.009104,50,49,10,aperitivo,51450334c2,1.4526
97,30,10,0.134030,0.009104,50,49,10,aperitivo,51450334c2,1.4526
97,31,10,0.134030,0.009104,50,49,10,aperitivo,51450334c2,1.4526
97,32,10,0.134030,0.009104,50,49,10,aperitivo,51450334c2,1.4526
97,33,10,0.134030,0.009104,50,49,10,aperitivo,51450334c2,1.4526
97,34,10,0.134030,0.009104,50,49,10,aperitivo,51450334c2,1.4526
97,35,10,0.134030,0.009104,50,49,10,aperitivo,51450334c2,1.4526
97,36,10,0.134030,0.009104,50,49,10,aperitivo,51450334c2,1.4526
97,37,10,0.116589,0.008999,53,52,10,aperitivo,fc7cd0d4c7,1.6315
97,38,10,0.140940,0.009184,51,50,10,aperitivo,56181ac4bf,1.6673
97,39,10,0.134030,0.009104,50,49,10,aperitivo,51450334c2,1.4526
97,40,10,0.129450,0.008226,49,48,10,aperitivo,64dc4287ec,1.5706
97,41,10,0.134030,0.009104,50,49,10,aperitivo,51450334c2,1.4526
97,42,10,0.134030,0.009104,50,49,10,aperitivo,51450334c2,1.4526
97,43,10,0.134030,0.009104,50,49,10,aperitivo,51450334c2,1.4526
97,44,10,0.134030,0.009104,50,49,10,aperitivo,51450334c2,1.4526
97,45,10,0.134030,0.009104,50,49,10,aperitivo,51450334c2,1.4526
97,46,10,0.134030,0.009104,50,49,10,aperitivo,51450334c2,1.4526
97,47,10,0.134030,0.009104,50,49,10,aperitivo,51450334c2,1.4526
97,48,10,0.133338,0.008752,52,51,10,aperitivo,9dec782d4e,1.4683
97,49,10,0.142724,0.009202,53,52,10,aperitivo,f717950a16,1.4294
98,0,10,0.142724,0.009202,53,52,10,aperitivo,f717950a16,1.4294
98,1,10,0.142724,0.009202,53,52,10,aperitivo,f717950a16,1.4294
98,2,10,0.142724,0.009202,53,52,10,aperitivo,f717950a16,1.4294
98,3,10,0.140940,0.009184,51,50,10,aperitivo,56181ac4bf,1.6673
98,4,10,0.134030,0.009104,50,49,10,aperitivo,51450334c2,1.4526
98,5,10,0.134030,0.009104,50,49,10,aperitivo,51450334c2,1.4526
98,6,10,0.142724,0.009202,53,52,10,aperitivo,f717950a16,1.4294
98,7,10,0.134030,0.009104,50,49,10,aperitivo,51450334c2,1.4526
98,8,10,0.134030,0.009104,50,49,10,aperitivo,51450334c2,1.4526
98,9,10,0.142724,0.009202,53,52,10,aperitivo,f717950a16,1.4294
98,10,10,0.134030,0.009104,50,49,10,aperitivo,51450334c2,1.4526
98,11,10,0.142724,0.009202,53,52,10,aperitivo,f717950a16,1.4294
98,12,10,0.142724,0.009202,53,52,10,aperitivo,f717950a16,1.4294
98,13,10,0.134030,0.009104,50,49,10,aperitivo,51450334c2,1.4526
98,14,10,0.134030,0.009104,50,49,10,aperitivo,51450334c2,1.4526
98,15,10,0.134030,0.009104,50,49,10,aperitivo,51450334c2,1.4526
98,16,10,0.134030,0.009104,50,49,10,aperitivo,51450334c2,1.4526
98,17,10,0.134030,0.009104,50,49,10,aperitivo,51450334c2,1.4526
98,18,10,0.134030,0.009104,50,49,10,aperitivo,51450334c2,1.4526
98,19,10,0.116589,0.008999,53,52,10,aperitivo,fc7cd0d4c7,1.6315
98,20,10,0.134030,0.009104,50,49,10,aperitivo,51450334c2,1.4526
98,21,10,0.142724,0.009202,53,52,10,aperitivo,f717950a16,1.4294
98,22,10,0.134030,0.009104,50,49,10,aperitivo,51450334c2,1.4526
98,23,10,0.142724,0.009202,53,52,10,aperitivo,f717950a16,1.4294
98,24,10,0.132313,0.007895,53,50,9,desodorante,370fa2911b,1.5424
98,25,10,0.134030,0.009104,50,49,10,aperitivo,51450334c2,1.4526
98,26,10,0.134030,0.009104,50,49,10,aperitivo,51450334c2,1.4526
98,27,10,0.131314,0.008325,52,51,10,aperitivo,e048fdd270,1.7208
98,28,10,0.134030,0.009104,50,49,10,aperitivo,51450334c2,1.4526
98,29,10,0.134030,0.009104,50,49,10,aperitivo,51450334c2,1.4526
98,30,10,0.108800,0.008555,50,49,10,aperitivo,70a9550b64,1.4799
98,31,10,0.134030,0.009104,50,49,10,aperitivo,51450334c2,1.4526
98,32,10,0.134030,0.009104,50,49,10,aperitivo,51450334c2,1.4526
98,33,10,0.105871,0.008878,53,52,10,aperitivo,848d736b27,1.4603
98,34,10,0.134030,0.009104,50,49,10,aperitivo,51450334c2,1.4526
98,35,10,0.134030,0.009104,50,49,10,aperitivo,51450334c2,1.4526
98,36,10,0.127440,0.008121,51,50,10,aperitivo,6570a11dcd,1.4212
98,37,10,0.134030,0.009104,50,49,10,aperitivo,51450334c2,1.4526
98,38,10,0.134030,0.009104,50,49,10,aperitivo,51450334c2,1.4526
98,39,10,0.134030,0.009104,50,49,10,aperitivo,51450334c2,1.4526
98,40,10,0.134030,0.009104,50,49,10,aperitivo,51450334c2,1.4526
98,41,10,0.142724,0.009202,53,52,10,aperitivo,f717950a16,1.4294
98,42,10,0.134030,0.009104,50,49,10,aperitivo,51450334c2,1.4526
98,43,10,0.142724,0.009202,53,52,10,aperitivo,f717950a16,1.4294
98,44,10,0.131421,0.008701,50,49,10,aperitivo,15a9155aeb,1.5744
98,45,10,0.086593,0.007741,52,52,10,aperitivo,f5b945dbd2,1.4629
98,46,10,0.134030,0.009104,50,49,10,aperitivo,51450334c2,1.4526
98,47,10,0.134030,0.009104,50,49,10,aperitivo,51450334c2,1.4526
98,48,10,0.134030,0.009104,50,49,10,aperitivo,51450334c2,1.4526
98,49,10,0.134030,0.009104,50,49,10,aperitivo,51450334c2,1.4526
99,0,10,0.142724,0.009202,53,52,10,aperitivo,f717950a16,1.4294
99,1,10,0.142724,0.009202,53,52,10,aperitivo,f717950a16,1.4294
99,2,10,0.142724,0.009202,53,52,10,aperitivo,f717950a16,1.4294
99,3,10,0.142724,0.009202,53,52,10,aperitivo,f717950a16,1.4294
99,4,10,0.142724,0.009202,53,52,10,aperitivo,f717950a16,1.4294
99,5,10,0.134030,0.009104,50,49,10,aperitivo,51450334c2,1.4526
99,6,10,0.142724,0.009202,53,52,10,aperitivo,f717950a16,1.4294
99,7,10,0.134030,0.009104,50,49,10,aperitivo,51450334c2,1.4526
99,8,10,0.134030,0.009104,50,49,10,aperitivo,51450334c2,1.4526
99,9,10,0.140940,0.009184,51,50,10,aperitivo,56181ac4bf,1.6673
99,10,10,0.142724,0.009202,53,52,10,aperitivo,f717950a16,1.4294
99,11,10,0.142724,0.009202,53,52,10,aperitivo,f717950a16,1.4294
99,12,10,0.142724,0.009202,53,52,10,aperitivo,f717950a16,1.4294
99,13,10,0.134030,0.009104,50,49,10,aperitivo,51450334c2,1.4526
99,14,10,0.142724,0.009202,53,52,10,aperitivo,f717950a16,1.4294
99,15,10,0.140940,0.009184,51,50,10,aperitivo,56181ac4bf,1.6673
99,16,10,0.142724,0.009202,53,52,10,aperitivo,f717950a16,1.4294
99,17,10,0.134030,0.009104,50,49,10,aperitivo,51450334c2,1.4526
99,18,10,0.140940,0.009184,51,50,10,aperitivo,56181ac4bf,1.6673
99,19,10,0.140953,0.008893,52,51,10,aperitivo,f94bd3df59,1.6088
99,20,10,0.142724,0.009202,53,52,10,aperitivo,f717950a16,1.4294
99,21,10,0.142724,0.009202,53,52,10,aperitivo,f717950a16,1.4294
99,22,10,0.140940,0.009184,51,50,10,aperitivo,56181ac4bf,1.6673
99,23,10,0.122687,0.008383,50,49,10,aperitivo,06d62142dc,1.4287
99,24,10,0.134030,0.009104,50,49,10,aperitivo,51450334c2,1.4526
99,25,10,0.134030,0.009104,50,49,10,aperitivo,51450334c2,1.4526
99,26,10,0.134030,0.009104,50,49,10,aperitivo,51450334c2,1.4526
99,27,10,0.134030,0.009104,50,49,10,aperitivo,51450334c2,1.4526
99,28,10,0.134030,0.009104,50,49,10,aperitivo,51450334c2,1.4526
99,29,10,0.095846,0.008677,51,51,10,aperitivo,590cccfe75,1.4631
99,30,10,0.142724,0.009202,53,52,10,aperitivo,f717950a16,1.4294
99,31,10,0.142724,0.009202,53,52,10,aperitivo,f717950a16,1.4294
99,32,10,0.142724,0.009202,53,52,10,aperitivo,f717950a16,1.4294
99,33,10,0.142724,0.009202,53,52,10,aperitivo,f717950a16,1.4294
99,34,10,0.134030,0.009104,50,49,10,aperitivo,51450334c2,1.4526
99,35,10,0.138038,0.009010,53,52,10,aperitivo,dd5ee4f90a,1.3859
99,36,10,0.134030,0.009104,50,49,10,aperitivo,51450334c2,1.4526
99,37,10,0.142724,0.009202,53,52,10,aperitivo,f717950a16,1.4294
99,38,10,0.142724,0.009202,53,52,10,aperitivo,f717950a16,1.4294
99,39,10,0.137212,0.008275,52,50,9,aperitivo,13c1497787,1.4130
99,40,10,0.132912,0.008438,50,49,10,aperitivo,6bed1fce0c,1.5217
99,41,10,0.134030,0.009104,50,49,10,aperitivo,51450334c2,1.4526
99,42,10,0.134030,0.009104,50,49,10,aperitivo,51450334c2,1.4526
99,43,10,0.129783,0.008408,53,52,10,aperitivo,ee572b4381,1.4198
99,44,10,0.134030,0.009104,50,49,10,aperitivo,51450334c2,1.4526
99,45,10,0.140940,0.009184,51,50,10,aperitivo,56181ac4bf,1.6673
99,46,10,0.142724,0.009202,53,52,10,aperitivo,f717950a16,1.4294
99,47,10,0.142724,0.009202,53,52,10,aperitivo,f717950a16,1.4294
99,48,10,0.142724,0.009202,53,52,10,aperitivo,f717950a16,1.4294
99,49,10,0.134030,0.009104,50,49,10,aperitivo,51450334c2,1.4526
100,0,10,0.142724,0.009202,53,52,10,aperitivo,f717950a16,1.4294
100,1,10,0.142724,0.009202,53,52,10,aperitivo,f717950a16,1.4294
100,2,10,0.142724,0.009202,53,52,10,aperitivo,f717950a16,1.4294
100,3,10,0.142724,0.009202,53,52,10,aperitivo,f717950a16,1.4294
100,4,10,0.142724,0.009202,53,52,10,aperitivo,f717950a16,1.4294
100,5,10,0.142724,0.009202,53,52,10,aperitivo,f717950a16,1.4294
100,6,10,0.142724,0.009202,53,52,10,aperitivo,f717950a16,1.4294
100,7,10,0.141353,0.009111,51,50,10,aperitivo,be24a3d0e0,1.4455
100,8,10,0.140940,0.009184,51,50,10,aperitivo,56181ac4bf,1.6673
100,9,10,0.142724,0.009202,53,52,10,aperitivo,f717950a16,1.4294
100,10,10,0.142724,0.009202,53,52,10,aperitivo,f717950a16,1.4294
100,11,10,0.142724,0.009202,53,52,10,aperitivo,f717950a16,1.4294
100,12,10,0.142724,0.009202,53,52,10,aperitivo,f717950a16,1.4294
100,13,10,0.142724,0.009202,53,52,10,aperitivo,f717950a16,1.4294
100,14,10,0.142724,0.009202,53,52,10,aperitivo,f717950a16,1.4294
100,15,10,0.134030,0.009104,50,49,10,aperitivo,51450334c2,1.4526
100,16,10,0.142724,0.009202,53,52,10,aperitivo,f717950a16,1.4294
100,17,10,0.142724,0.009202,53,52,10,aperitivo,f717950a16,1.4294
100,18,10,0.134030,0.009104,50,49,10,aperitivo,51450334c2,1.4526
100,19,10,0.142724,0.009202,53,52,10,aperitivo,f717950a16,1.4294
100,20,10,0.142724,0.009202,53,52,10,aperitivo,f717950a16,1.4294
100,21,10,0.142724,0.009202,53,52,10,aperitivo,f717950a16,1.4294
100,22,10,0.134030,0.009104,50,49,10,aperitivo,51450334c2,1.4526
100,23,10,0.142724,0.009202,53,52,10,aperitivo,f717950a16,1.4294
100,24,10,0.142724,0.009202,53,52,10,aperitivo,f717950a16,1.4294
100,25,10,0.142724,0.009202,53,52,10,aperitivo,f717950a16,1.4294
100,26,10,0.137265,0.008592,52,51,10,aperitivo,2bf831bc2c,1.5016
100,27,10,0.142724,0.009202,53,52,10,aperitivo,f717950a16,1.4294
100,28,10,0.142724,0.009202,53,52,10,aperitivo,f717950a16,1.4294
100,29,10,0.142724,0.009202,53,52,10,aperitivo,f717950a16,1.4294
100,30,10,0.142724,0.009202,53,52,10,aperitivo,f717950a16,1.4294
100,31,10,0.142724,0.009202,53,52,10,aperitivo,f717950a16,1.4294
100,32,10,0.142724,0.009202,53,52,10,aperitivo,f717950a16,1.4294
100,33,10,0.142724,0.009202,53,52,10,aperitivo,f717950a16,1.4294
100,34,10,0.142724,0.009202,53,52,10,aperitivo,f717950a16,1.4294
100,35,10,0.142724,0.009202,53,52,10,aperitivo,f717950a16,1.4294
100,36,10,0.142724,0.009202,53,52,10,aperitivo,f717950a16,1.4294
100,37,10,0.142724,0.009202,53,52,10,aperitivo,f717950a16,1.4294
100,38,10,0.142724,0.009202,53,52,10,aperitivo,f717950a16,1.4294
100,39,10,0.142724,0.009202,53,52,10,aperitivo,f717950a16,1.4294
100,40,10,0.142724,0.009202,53,52,10,aperitivo,f717950a16,1.4294
100,41,10,0.142724,0.009202,53,52,10,aperitivo,f717950a16,1.4294
100,42,10,0.138530,0.008075,50,47,9,biscoito,ca44bab6a1,1.3646
100,43,10,0.142724,0.009202,53,52,10,aperitivo,f717950a16,1.4294
100,44,10,0.142724,0.009202,53,52,10,aperitivo,f717950a16,1.4294
100,45,10,0.142724,0.009202,53,52,10,aperitivo,f717950a16,1.4294
100,46,10,0.142724,0.009202,53,52,10,aperitivo,f717950a16,1.4294
100,47,10,0.142724,0.009202,53,52,10,aperitivo,f717950a16,1.4294
100,48,10,0.142724,0.009202,53,52,10,aperitivo,f717950a16,1.4294
100,49,10,0.142724,0.009202,53,52,10,aperitivo,f717950a16,1.4294
