nm_item,nm_product,metric_value,metric_type,optimization_goal
CHOC NESTLE SUFLAIR 80G AO LEITE,chocolate,0.31867378034501886,f1_macro_on_full,minimize
GELATINA FRAMBOESA ROYAL 25G,gelatina,0.31867378034501886,f1_macro_on_full,minimize
"LTE COND MOCA, SEMI DESN TP 395G, .",leite condensado,0.31867378034501886,f1_macro_on_full,minimize
"SAB JOHNS BABY 80G, HORA SONO, .",sabonete infantil,0.31867378034501886,f1_macro_on_full,minimize
REFRESCO PO FIT MANGA 8G,preparo para suco,0.31867378034501886,f1_macro_on_full,minimize
GOMA TAPIOCA HIDRATADA GRANFINO 500G,tapioca,0.31867378034501886,f1_macro_on_full,minimize
"CALDO KNORR 114G, GAL, .",caldo industrializado,0.31867378034501886,f1_macro_on_full,minimize
PAO FORMA SEM CASCA 450G,padaria e confeitaria industrializado,0.31867378034501886,f1_macro_on_full,minimize
BL CHOC NESCAFE PET 270ML,bebida lactea,0.31867378034501886,f1_macro_on_full,minimize
CASTANHA CAJU PEQUENA MARIA ASSADA 100G,"nozes, castanhas e outras oleaginosas",0.31867378034501886,f1_macro_on_full,minimize
"SAB FLOR YPE 85G, FRESIA/PESSEGO",sabonete,0.31867378034501886,f1_macro_on_full,minimize
"MAIONESE HELLMANNS 250G, TRAD , .",maionese,0.31867378034501886,f1_macro_on_full,minimize
PANO PIA ESTAMPADO BLACK C/6,pano para limpeza,0.31867378034501886,f1_macro_on_full,minimize
MANTEIGA FRA PRESIDEN LA MOTTE 250G,manteiga,0.31867378034501886,f1_macro_on_full,minimize
SNACK CROC P PERU PULLMAN 40G,aperitivo,0.31867378034501886,f1_macro_on_full,minimize
"SAB FLOR YPE 85G, ROSAS/AVELA",sabonete,0.31867378034501886,f1_macro_on_full,minimize
ACHOC PO GAROTO SC 600G,achocolatado,0.31867378034501886,f1_macro_on_full,minimize
PNEU PIRELLI 195 60R15 88H F EVO,automotivo,0.31867378034501886,f1_macro_on_full,minimize
CERVEJA WALS DUBBEL GR 375ML,cerveja,0.31867378034501886,f1_macro_on_full,minimize
CHIC TRIDENT FRESH INTENSE 26.6G,goma de mascar,0.31867378034501886,f1_macro_on_full,minimize
REFRIG SPRITE LEMON FRESH       PET 1.5L,refrigerante,0.31867378034501886,f1_macro_on_full,minimize
"SUCO PURITY SOJA 1L, PESS, .",suco pronto,0.31867378034501886,f1_macro_on_full,minimize
AMIDO MILHO APTI 1KG,amido de milho,0.31867378034501886,f1_macro_on_full,minimize
IOG NAT WHEY 21G V CAMPO 250G DOCE LEITE,iogurte,0.31867378034501886,f1_macro_on_full,minimize
MASSA TAPIOCA COOP 500G,tapioca,0.31867378034501886,f1_macro_on_full,minimize
FILE PEITO FGO CG PERDIGAO BDJ 1KG,carne de ave,0.31867378034501886,f1_macro_on_full,minimize
"DESOD AER REXONA L P- 250ML, V8, .",desodorante,0.31867378034501886,f1_macro_on_full,minimize
SORV FASCINO 1 5L  CARAMELT,sorvete,0.31867378034501886,f1_macro_on_full,minimize
TEMP SAZON DA LIGA PICANHA SC 60G,tempero pronto,0.31867378034501886,f1_macro_on_full,minimize
KIT ELSEVE SH 375ML CO 170ML-FR HYDRA DETOX,kit para cabelos,0.31867378034501886,f1_macro_on_full,minimize
"LANCHE SEARA HOT HIT 145G, CHEDDAR, .",sanduiche congelado,0.31867378034501886,f1_macro_on_full,minimize
AZUKON MR 30MG C/60 CP TORRENT,outro farma,0.31867378034501886,f1_macro_on_full,minimize
PR LP AJAX FRESH LIM BRANCO 1L,multiuso,0.31867378034501886,f1_macro_on_full,minimize
CERV AMSTEL LAGER LT 350 ML,cerveja,0.31867378034501886,f1_macro_on_full,minimize
SUCO SUMMER VIBES PESSEGO/MACA 1L,suco pronto,0.31867378034501886,f1_macro_on_full,minimize
SH SEDA JUNTINHOS TIANA CRESPOS 300ml,shampoo,0.31867378034501886,f1_macro_on_full,minimize
SOB AERADA LIM O DANUBIO 100G,iogurte,0.31867378034501886,f1_macro_on_full,minimize
PH FD DOBLE 30M  4UN,papel higienico,0.31867378034501886,f1_macro_on_full,minimize
CR DEN COLGATE ALI IMED ORIGIN 140G,creme dental,0.31867378034501886,f1_macro_on_full,minimize
COLONIA MILENA SPLASH KIDS 200ml,colonia infantil,0.31867378034501886,f1_macro_on_full,minimize
"DESOD R REXONA 50ML, ACTI, .",desodorante,0.31867378034501886,f1_macro_on_full,minimize
"SABONETE NIVEA HID 85g, AGUA COCO",sabonete,0.31867378034501886,f1_macro_on_full,minimize
ABX BEN CORT KG,abobora,0.31867378034501886,f1_macro_on_full,minimize
PEIXE CORVINA QUATRO MARES POST CONG 1Kg,peixe,0.31867378034501886,f1_macro_on_full,minimize
"PAST TIC TAC 16G, FRUT COMO TE GUSTA, .",pastilha para piso,0.31867378034501886,f1_macro_on_full,minimize
ESFIHA DE FRANGO 100GRS,prato pronto,0.31867378034501886,f1_macro_on_full,minimize
SUCO FRUIT SHOOT MORANGO 150ML,suco pronto,0.31867378034501886,f1_macro_on_full,minimize
IOGURTE POLPA NINHO 720G,iogurte,0.31867378034501886,f1_macro_on_full,minimize
AGUA OXIGEN ANTISSE 10 VOL 100ML FARMAX,agua oxigenada,0.31867378034501886,f1_macro_on_full,minimize
SIDRA CERESER CELEBRATE 660ML,sidra,0.31867378034501886,f1_macro_on_full,minimize
COXINHA ASA CONG MERC CRFO BDJ 1KG,carne de ave,0.31867378034501886,f1_macro_on_full,minimize
EMP RECHEADO PRES QJ SEARA 120G,empanado congelado,0.31867378034501886,f1_macro_on_full,minimize
"SIDRA CERESER 660ML, PESS, .",sidra,0.31867378034501886,f1_macro_on_full,minimize
"BEB CERESER GASEIF 660ML, MGO S/ALC, .",espumante,0.31867378034501886,f1_macro_on_full,minimize
BIFE FRANGO COPACOL CONG IQF 800G,carne de ave,0.31867378034501886,f1_macro_on_full,minimize
MAIONESE HELLMANNS           SACHET 800G,maionese,0.31867378034501886,f1_macro_on_full,minimize
AVE FIESTA SEARA ORG KG,carne de ave sazonal,0.31867378034501886,f1_macro_on_full,minimize
KIT GOURMET PANET FRUTAS 400G,panificacao natal,0.31867378034501886,f1_macro_on_full,minimize
KIT SPECIALITA TORR C/AMENDOIM 17G,amendoim,0.31867378034501886,f1_macro_on_full,minimize
"SAB REXONA 84G, ORCHID FRESH, .",sabonete,0.31867378034501886,f1_macro_on_full,minimize
"SAB REXONA 84G, SPORT, .",sabonete,0.31867378034501886,f1_macro_on_full,minimize
LTE PO ORGANICO 350GR,leite em po,0.31867378034501886,f1_macro_on_full,minimize
"SOPAO MAGGI 200G, GAL/MAC/LEG, .",preparo para sopa,0.31867378034501886,f1_macro_on_full,minimize
ACUC EF CAIOBA  5KG,acucar,0.31867378034501886,f1_macro_on_full,minimize
BACON SADIA FAT BDJ 250 G,carne suina,0.31867378034501886,f1_macro_on_full,minimize
LOMBO SADIA CONG KG,carne suina,0.31867378034501886,f1_macro_on_full,minimize
LAV ROUP LIQ GIR SOL COCO 3L,lava roupas,0.31867378034501886,f1_macro_on_full,minimize
"CR DENT COLG T 12, WHITENING 90G, .",creme dental,0.31867378034501886,f1_macro_on_full,minimize
G BROMOPRIDA 10MG C/20 COMP EMS,outro farma,0.31867378034501886,f1_macro_on_full,minimize
OVO CAIPIRA FILIPPSEN BDJ C/20,ovo,0.31867378034501886,f1_macro_on_full,minimize
PANO CHAO BAIANINHA CRU BRANCO 50X70,pano para limpeza,0.31867378034501886,f1_macro_on_full,minimize
MIOLO ALCAT PROMO KG,carne bovina,0.31867378034501886,f1_macro_on_full,minimize
SACOLA RETOR 905 TD SORT,sacola retornavel,0.31867378034501886,f1_macro_on_full,minimize
OLEO ALGODAO LIZA,oleo vegetal,0.31867378034501886,f1_macro_on_full,minimize
BISC.BAUDUCCO 130G TOMATE LEVISSIMO,biscoito,0.31867378034501886,f1_macro_on_full,minimize
ABS ALWAYS PR TOTAL C/8 LV  PG- NOTURNO SECA,absorvente,0.31867378034501886,f1_macro_on_full,minimize
HAMB ANGUS CARA PRETA 360G-CX C/2UN CONG,hamburguer congelado,0.31867378034501886,f1_macro_on_full,minimize
SHA E COND ELSEVE LONGOS SONHOS 545ML,shampoo,0.31867378034501886,f1_macro_on_full,minimize
MORTADELA PERDIGAO BOLOGNELLA FAT KG,mortadela,0.31867378034501886,f1_macro_on_full,minimize
"BISC NESTLE NEGR 140G, TRAD, .",biscoito,0.31867378034501886,f1_macro_on_full,minimize
GOMA DOCILE DOCIGOMA PC 190G CORACAO SORTIDO,bala,0.31867378034501886,f1_macro_on_full,minimize
GELATINA ROYAL 25GR CEREJA,gelatina,0.31867378034501886,f1_macro_on_full,minimize
BISC COOKIE INT CHOC JASMINE 150G,biscoito,0.31867378034501886,f1_macro_on_full,minimize
OVO MD VM BDJ 30 VERMEL 30UN,ovo,0.31867378034501886,f1_macro_on_full,minimize
CHA CAMOMILA COOP SL 10G,cha por infusao,0.31867378034501886,f1_macro_on_full,minimize
FUBA YOKI MIMOSO PCT 1KG,fuba,0.31867378034501886,f1_macro_on_full,minimize
"CALDO SAZON COSTELA 37,5G",caldo industrializado,0.31867378034501886,f1_macro_on_full,minimize
ANTISSEP CLOSE UP LV500 PG350ML ICE,enxaguante bucal,0.31867378034501886,f1_macro_on_full,minimize
ABS HIG S LIVRE ADAPT NO/DIA SVE C/A C/8,absorvente,0.31867378034501886,f1_macro_on_full,minimize
REFRI FANTA TUTTI FRUTTI PET 2L,refrigerante,0.31867378034501886,f1_macro_on_full,minimize
FAR MILHO CALDO BOM BCO PCT 1KG,farinha de milho,0.31867378034501886,f1_macro_on_full,minimize
FLOR ORQUIDEA DENPHALAEN,plantas e sementes,0.31867378034501886,f1_macro_on_full,minimize
/BOLO SAZONAL CHOC KG,padaria e confeitaria fresca,0.31867378034501886,f1_macro_on_full,minimize
"IOG DANONE GREG 100G, TRAD, .",iogurte,0.31867378034501886,f1_macro_on_full,minimize
FITA ADES 3M SCOTCH CORTA FACIL    45X40,fita adesiva,0.31867378034501886,f1_macro_on_full,minimize
QUEIJADINHA CARREFOUR TRAD 240G L6P5,padaria e confeitaria industrializado,0.31867378034501886,f1_macro_on_full,minimize
SABONETE LUX 120G GLICERINADO DAMA NOITE,sabonete,0.31867378034501886,f1_macro_on_full,minimize
MARGARINA ORIG C SAL BECEL PT 500G,margarina,0.31867378034501886,f1_macro_on_full,minimize
"TEMP KITANO MAIS SAB 60G, CARNE, .",tempero pronto,0.31867378034501886,f1_macro_on_full,minimize
VIN VITAL PANUL CAB TINTO 750ML,vinho importado,0.31867378034501886,f1_macro_on_full,minimize
APAR BARB PRESTOBARBA 2 FEM,aparelho de barbear e depilatorio,0.31867378034501886,f1_macro_on_full,minimize
QJ RAL LGT PARMI 50G  50G,queijo,0.31867378034501886,f1_macro_on_full,minimize
MASSA SICILIANA PASTEL ROLO     PE   2KG,macarrao,0.31867378034501886,f1_macro_on_full,minimize
PIPOCA DOCE QUIT 15g CB,pipoca para microondas,0.31867378034501886,f1_macro_on_full,minimize
MARG DELICIA PROMOCIONAL LV500 PG450G UN,margarina,0.31867378034501886,f1_macro_on_full,minimize
BATATA PRE-FRITA MCCAIN NOISET CONG 400g,vegetal congelado,0.31867378034501886,f1_macro_on_full,minimize
BALA FLOPI MORANGO 40G,bala,0.31867378034501886,f1_macro_on_full,minimize
KIWI IMP BEN 500G,kiwi,0.31867378034501886,f1_macro_on_full,minimize
IND QUEIJO PRATO DONA FORMOSA KG SN FAT,queijo,0.31867378034501886,f1_macro_on_full,minimize
COXA BIG FRANGO SOBRECOXA RESFRIADA KG,carne de ave,0.31867378034501886,f1_macro_on_full,minimize
PAO NUTRELLINHAS 300G CENOURA MANDIOQUINHA,padaria e confeitaria industrializado,0.31867378034501886,f1_macro_on_full,minimize
TOALHA ROSTO SANTISTA ANETTE TQS VER 19,toalha,0.31867378034501886,f1_macro_on_full,minimize
AGUARD PITU LT 710  710ML,cachaca,0.31867378034501886,f1_macro_on_full,minimize
TORRADA TRAD VISCONTI 120G,torrada,0.31867378034501886,f1_macro_on_full,minimize
IOG ITAMBE FIT 540G-BJ MOR/MANGA/ MARCJ/GENG/MAM,iogurte,0.31867378034501886,f1_macro_on_full,minimize
K3 MEIAS FEM INV W22 14,meia,0.31867378034501886,f1_macro_on_full,minimize
"PEDRA SAN HARPIC AR PL 25G, LAVANDA, .",pedra sanitaria,0.31867378034501886,f1_macro_on_full,minimize
GELATINA PO DR OETKER ACAI BAN CX 20G,gelatina,0.31867378034501886,f1_macro_on_full,minimize
FR TMONICA JB XG XG24,fralda,0.31867378034501886,f1_macro_on_full,minimize
DESF AQUAF PAIXAO PAIXAO 2 L,desinfetante,0.31867378034501886,f1_macro_on_full,minimize
ACUC REF CONFIARE 1KG,acucar,0.31867378034501886,f1_macro_on_full,minimize
"AMAC COMFORT CONC 1L, INT C ESSENC, .",amaciante,0.31867378034501886,f1_macro_on_full,minimize
FGO MEIO ASA SEARA 1KG,carne de ave,0.31867378034501886,f1_macro_on_full,minimize
"PAPEL HIG MILI 12X30M, FD SVE L12P11, .",papel higienico,0.31867378034501886,f1_macro_on_full,minimize
LENCO UMED PAMPERS AROMA CAMOMILA C/48,lenco umedecido,0.31867378034501886,f1_macro_on_full,minimize
TOMATE GRAPE FAZ PINHAL 300G,tomate,0.31867378034501886,f1_macro_on_full,minimize
PEIXE LUZITANIA PALOMBETA INT 1Kg,peixe,0.31867378034501886,f1_macro_on_full,minimize
BISC FERNANDES 200G S/GLU S/LAC POLVILHO,biscoito,0.31867378034501886,f1_macro_on_full,minimize
IOGURTE SALUBI NAT.ZERO ACUC.   GF  750G,iogurte,0.31867378034501886,f1_macro_on_full,minimize
VINHO CHI SANTA HELENA CAB SAUV 375ML,vinho importado,0.31867378034501886,f1_macro_on_full,minimize
PRATO CONFESTA PLAST 15CM ROSA C/10 UN,prato descartavel,0.31867378034501886,f1_macro_on_full,minimize
REFRESCO PO MID PC 20G LARANJA,preparo para suco,0.31867378034501886,f1_macro_on_full,minimize
REFRESCO PO MID PC 20G MARACUJA,preparo para suco,0.31867378034501886,f1_macro_on_full,minimize
GRAO BICO CALDO BOM PCT 500G,grao de bico,0.31867378034501886,f1_macro_on_full,minimize
GEL DENT.CLOSE UP RED HOT L3P2  TB  90GR,creme dental,0.31867378034501886,f1_macro_on_full,minimize
AGUA MIN NESTLE PUREZ VIT S/GAS FC 510ML,agua,0.31867378034501886,f1_macro_on_full,minimize
ACUCAR REF DA BARRA 1KG,acucar,0.31867378034501886,f1_macro_on_full,minimize
LINGUICA SEARA FININHA DEF A GRANEL KG,linguica,0.31867378034501886,f1_macro_on_full,minimize
ABS HIG S LIVRE ADAPT NO/DIA SEC C/A C/8,absorvente,0.31867378034501886,f1_macro_on_full,minimize
"GELATINA SANTA AMALIA 20G, ABACAXI",gelatina,0.31867378034501886,f1_macro_on_full,minimize
FILTRO PAP MELITTA 103 CX 30UN,coador,0.31867378034501886,f1_macro_on_full,minimize
"BISC ADRIA MOUSSE 130G, MORANGO/CHOCO",biscoito,0.31867378034501886,f1_macro_on_full,minimize
"MAC BASIL SEMOLADO 500G, PARAFUSO",macarrao,0.31867378034501886,f1_macro_on_full,minimize
"PIPOCA YOKI MICR, MANTEIGA 100G, .",pipoca para microondas,0.31867378034501886,f1_macro_on_full,minimize
ACAFRAO KITANO TERRA PCT 50G,outro condimento,0.31867378034501886,f1_macro_on_full,minimize
QJO AZUL FRAC KG KG,queijo,0.31867378034501886,f1_macro_on_full,minimize
"CER INF MUCILON LT 400G, ARROZ, .",cereal matinal,0.31867378034501886,f1_macro_on_full,minimize
"SOPA MAGGI 78G, QUEIJO, .",preparo para sopa,0.31867378034501886,f1_macro_on_full,minimize
OVO MATIQUEIRA CODORNA BDJ 30UN,ovo,0.31867378034501886,f1_macro_on_full,minimize
ESC DENT COLGATE SLIM SOFT BLACK C4,escova de dentes,0.31867378034501886,f1_macro_on_full,minimize
LAVA ROUPA LIQ OMO PURO CUIDADO RF 900ML,lava roupas,0.31867378034501886,f1_macro_on_full,minimize
MISTURA P/BOLO DR.OETKER FORMIGUEIR 400g,preparo para bolo,0.31867378034501886,f1_macro_on_full,minimize
"TEMP KNORR MEU ASSADO 25G, LIM/OREG, .",tempero pronto,0.31867378034501886,f1_macro_on_full,minimize
DOCE YOKI PE DE MOLEQUE 800G,doce de amendoim,0.31867378034501886,f1_macro_on_full,minimize
UVA PRETA S SMT NATURAL FLAVORS 500G,uva,0.31867378034501886,f1_macro_on_full,minimize
DESOD SANIT GEL ADE MARINE PATO RF 38G,desodorante,0.31867378034501886,f1_macro_on_full,minimize
"CAFE 3 CORACOES 500G TOR/MOID, EXT FORTE",cafe,0.31867378034501886,f1_macro_on_full,minimize
CR LEITE LATVIDA kg,creme de leite,0.31867378034501886,f1_macro_on_full,minimize
CHOC TAB SHOT LACTA 90G,chocolate,0.31867378034501886,f1_macro_on_full,minimize
DESOD SAN PATO CX ACOPLADA 40G PINH,desodorante,0.31867378034501886,f1_macro_on_full,minimize
ESPAG URBANO ARROZ INTEGRAL S/GLUTEN 500,macarrao,0.31867378034501886,f1_macro_on_full,minimize
GRAO DE BICO CAMIL 500G,grao de bico,0.31867378034501886,f1_macro_on_full,minimize
BIFE ANCHO RESF,carne bovina,0.31867378034501886,f1_macro_on_full,minimize
PANO LIMPEZA ESFREBOM MULTIUSO VM C/5,pano para limpeza,0.31867378034501886,f1_macro_on_full,minimize
SHAMPOO COND.N.GOLD COMP.FORTES CJ 450ML,kit para cabelos,0.31867378034501886,f1_macro_on_full,minimize
ACEM BOV CG IQF 800G BEST BEEF,carne bovina,0.31867378034501886,f1_macro_on_full,minimize
BEB LACT BATAVO PENSE ZERO MOR Z/L  850G,bebida lactea,0.31867378034501886,f1_macro_on_full,minimize
CDS ESPUM NAC MOSCATEL 750ML,espumante,0.31867378034501886,f1_macro_on_full,minimize
ENX BUCAL LISTERINE ZERO MINT 250ML,enxaguante bucal,0.31867378034501886,f1_macro_on_full,minimize
REFRIG CONTI COLA PET 2L,refrigerante,0.31867378034501886,f1_macro_on_full,minimize
"CR DENT ORAL B KIDS 50G, MICKEY, .",creme dental,0.31867378034501886,f1_macro_on_full,minimize
CAFE SOLUV CLASSICO IGUACU VD 100g,cafe,0.31867378034501886,f1_macro_on_full,minimize
LTE SD FRIMESA TMP . 1L,leite,0.31867378034501886,f1_macro_on_full,minimize
SALONPAS ADESIVO GRANDE C 02 UNIDADES HI,outro farma,0.31867378034501886,f1_macro_on_full,minimize
BEB LACTEA NESTLE 200ML FARINHA LACTEA,bebida lactea,0.31867378034501886,f1_macro_on_full,minimize
LIMP MR MUSCULO BANHEIRO 500ML 20  DES,multiuso,0.31867378034501886,f1_macro_on_full,minimize
BOMBOM GAROTO SORTIDOS 250G,bombom,0.31867378034501886,f1_macro_on_full,minimize
ESPJ SCOTH BRITE EXTREMA  LV4 PG 3,esponja,0.31867378034501886,f1_macro_on_full,minimize
FILE DE TILAPIA SEARA 600G,peixe,0.31867378034501886,f1_macro_on_full,minimize
MAIONESE HELLMANNS 750G SQUEEZE,maionese,0.31867378034501886,f1_macro_on_full,minimize
CALDO MAGGI CARNE PO              CX 35G,caldo industrializado,0.31867378034501886,f1_macro_on_full,minimize
BISC DOCE VIDA RECH MORANGO 0 AC    120G,biscoito,0.31867378034501886,f1_macro_on_full,minimize
CANJIQUINHA KISABOR  500G,canjica,0.31867378034501886,f1_macro_on_full,minimize
ERVILHA VEGeTAL SADIA 300G CONG,vegetal congelado,0.31867378034501886,f1_macro_on_full,minimize
CHA LEAO CAPIM CIDREIRA 15G,cha por infusao,0.31867378034501886,f1_macro_on_full,minimize
PAO DELICIAS TRIGO BANANA E AVEIA 380G,padaria e confeitaria industrializado,0.31867378034501886,f1_macro_on_full,minimize
"IOG DANONE NATURAL 160G, INT, .",iogurte,0.31867378034501886,f1_macro_on_full,minimize
ALIM CAES BALANCE ADUL PREM CARN M G 1KG,alimento pet,0.31867378034501886,f1_macro_on_full,minimize
PILHA ALC AA L4P3 PANASONIC,pilha,0.31867378034501886,f1_macro_on_full,minimize
OVO CAIPIRA VRM C 12 12UN,ovo,0.31867378034501886,f1_macro_on_full,minimize
"AP BARB PRESTO3 L4P3UN, REGULAR, .",aparelho de barbear e depilatorio,0.31867378034501886,f1_macro_on_full,minimize
AMENDOIM CRU CAMPO BELO 500G,amendoim,0.31867378034501886,f1_macro_on_full,minimize
LUVA LIMPPANO AMARELA M,luvas de borracha,0.31867378034501886,f1_macro_on_full,minimize
BISC C GERGEL ISABEL  400G,biscoito,0.31867378034501886,f1_macro_on_full,minimize
BISC WAFER TODDY 94G CHOC MORAN,biscoito,0.31867378034501886,f1_macro_on_full,minimize
HOTHIT SEAR CHED  145G,sanduiche congelado,0.31867378034501886,f1_macro_on_full,minimize
FLAN NESTLE CARAMELO 200g,sobremesa pronta resfriada,0.31867378034501886,f1_macro_on_full,minimize
QJ MINAS FCO PEDRA SELADA LIGHT,queijo,0.31867378034501886,f1_macro_on_full,minimize
IOG NESTON LIQ MACA/BANANA 850g,iogurte,0.31867378034501886,f1_macro_on_full,minimize
SALAMINHO TP ITALIANO 80 GR,salame,0.31867378034501886,f1_macro_on_full,minimize
OLEO COCAMAR SOJA PET 900ML,oleo vegetal,0.31867378034501886,f1_macro_on_full,minimize
MASSA TAPIOCA DA TERRINHA 1KG,tapioca,0.31867378034501886,f1_macro_on_full,minimize
IND MINI PANETONE 80G SN CLASSICO,panificacao natal,0.31867378034501886,f1_macro_on_full,minimize
IND BOLO SN 300G BAUNILHA,padaria e confeitaria fresca,0.31867378034501886,f1_macro_on_full,minimize
LEITE SEMI DESNATADO LEVINHO 1L,leite,0.31867378034501886,f1_macro_on_full,minimize
SUCO MISTO PINK LIMON NAT ONE 900ML,suco pronto,0.31867378034501886,f1_macro_on_full,minimize
AGUA COCO DUCOCO TP1L,agua de coco,0.31867378034501886,f1_macro_on_full,minimize
ESCOVA LIMPEZA CRFH HO142717,escova de limpeza,0.31867378034501886,f1_macro_on_full,minimize
LIMP PERFUMADO COALA ALGODAO 120ML,multiuso,0.31867378034501886,f1_macro_on_full,minimize
"CAFE ALVORADA 500G, TRAD VAC, .",cafe,0.31867378034501886,f1_macro_on_full,minimize
PAO SOVADO 400G,padaria e confeitaria industrializado,0.31867378034501886,f1_macro_on_full,minimize
ESPUMANTE SALTON SERIES 750 ML DEMI-SEC,espumante,0.31867378034501886,f1_macro_on_full,minimize
CR DENT COLGATE MPA 3X180G,creme dental,0.31867378034501886,f1_macro_on_full,minimize
GOMA TUBO DORI 3X32G  FRUTAS SORTIDAS,bala,0.31867378034501886,f1_macro_on_full,minimize
CHOC LACTA CACAU 60  ORIGINAL 85G,chocolate,0.31867378034501886,f1_macro_on_full,minimize
MORT S/T FT EXC 180G PR 180G,mortadela,0.31867378034501886,f1_macro_on_full,minimize
TIC TAC LARANJA 49GR,pastilha para piso,0.31867378034501886,f1_macro_on_full,minimize
SAB LIQ ANTIBAC CRF SOFT VIT E 250ML,sabonete liquido,0.31867378034501886,f1_macro_on_full,minimize
"TEMP MAGGI TEMP E SAB 50G, LEG, .",tempero pronto,0.31867378034501886,f1_macro_on_full,minimize
FERM QUIM NORDESTE 100G,fermento,0.31867378034501886,f1_macro_on_full,minimize
CAFE SOLUVEL SACHE MATINAL NESCAFE 24X40,cafe,0.31867378034501886,f1_macro_on_full,minimize
"SH PANTENE 400ML, REST, .",shampoo,0.31867378034501886,f1_macro_on_full,minimize
LIMP DESINF VIM 700ML CLORO GEL LAVANDA,desinfetante,0.31867378034501886,f1_macro_on_full,minimize
AMACIANTE YPE CONC. DELICADO    SH   1LT,amaciante,0.31867378034501886,f1_macro_on_full,minimize
CHIC TRIDENT INTENSE XFRESH 8G,goma de mascar,0.31867378034501886,f1_macro_on_full,minimize
TOALHA CASA IN.VIS.ABILITY BCO   AV  1UN,toalha,0.31867378034501886,f1_macro_on_full,minimize
SNACK ORG TRIBOS CEB 50G,aperitivo,0.31867378034501886,f1_macro_on_full,minimize
HAMB SEAR FG CAT 672G,hamburguer congelado,0.31867378034501886,f1_macro_on_full,minimize
PACK TORRONE 60GR,outro doce,0.31867378034501886,f1_macro_on_full,minimize
PAO FORMA S CASCA PULLMAN 450G,padaria e confeitaria industrializado,0.31867378034501886,f1_macro_on_full,minimize
DESOD ROLL DOVE S PERF MEN 50ML,desodorante,0.31867378034501886,f1_macro_on_full,minimize
LIMPADOR VEJA PERF 500ML 30PC DESC BEM ESTAR,multiuso,0.31867378034501886,f1_macro_on_full,minimize
ALIM CAO PEDIGREE 100G AD 7  CARNE,alimento pet,0.31867378034501886,f1_macro_on_full,minimize
AMENDOIM T S SAL 350  350G,amendoim,0.31867378034501886,f1_macro_on_full,minimize
SACHE CAO DCHOW FRANGO FILHOTE 15 X100G,alimento pet,0.31867378034501886,f1_macro_on_full,minimize
POLENTA PALITO PRATIGEL 400G,outro congelado,0.31867378034501886,f1_macro_on_full,minimize
ACELGA UNIDADE,acelga,0.31867378034501886,f1_macro_on_full,minimize
MILHO VERDE BAND 900G,milho verde em conserva,0.31867378034501886,f1_macro_on_full,minimize
AG S LOUREN CG 510ML,agua,0.31867378034501886,f1_macro_on_full,minimize
COND SEDA BABOSA/OLEO COCO 325ml,condicionador,0.31867378034501886,f1_macro_on_full,minimize
G GLICLAZIDA 60MG C 60 COMP EMS,outro farma,0.31867378034501886,f1_macro_on_full,minimize
SH INF PALMOLIVE CABELOS CACHEADOS 350ML,shampoo infantil,0.31867378034501886,f1_macro_on_full,minimize
REDOXON 2G LIMA LIMAO C/10 CP EFER BAYER,outro farma,0.31867378034501886,f1_macro_on_full,minimize
HIDRAT GELEIA DE VASELINA VASEMAX  25G,creme corporal,0.31867378034501886,f1_macro_on_full,minimize
ESPONJA SCOTH BRITE 3M LV 4 PG 3,esponja,0.31867378034501886,f1_macro_on_full,minimize
OLEO GI SUAVIT  900ML,oleo vegetal,0.31867378034501886,f1_macro_on_full,minimize
AMPOLA MISTURINHA PANTENE HIDRAT 15ML,tratamento capilar,0.31867378034501886,f1_macro_on_full,minimize
CHOC PECCIN TRENTO DUO 32G BAUN /CHOC BCO,chocolate,0.31867378034501886,f1_macro_on_full,minimize
PAO DOCE CARIOCA  1KG,padaria e confeitaria fresca,0.31867378034501886,f1_macro_on_full,minimize
BISC WAFER TRIUNFO 105G CHOCO AVELA,biscoito,0.31867378034501886,f1_macro_on_full,minimize
TQ SUCO DE TANGERINA 1 LITRO,suco pronto,0.31867378034501886,f1_macro_on_full,minimize
LEITE FERM ITAMBE S/LACT 450G,leite fermentado,0.31867378034501886,f1_macro_on_full,minimize
QJO FUND TRAD POLENGHI 68G,queijo,0.31867378034501886,f1_macro_on_full,minimize
CEVADA SUPER BOM 500G,cafe,0.31867378034501886,f1_macro_on_full,minimize
PAPEL TOALHA BCO PETALAS M USO 2UN,papel toalha,0.31867378034501886,f1_macro_on_full,minimize
TINT COR E TON MINI KIT 1.0 PR,tintura e descolorante,0.31867378034501886,f1_macro_on_full,minimize
SANY D 10.000 UI C 04 COMPRIMIDOS ACHE,outro farma,0.31867378034501886,f1_macro_on_full,minimize
DOCE LEITE MU MU PT 350G TRADICIONAL,outro doce,0.31867378034501886,f1_macro_on_full,minimize
MAIONESE HELLMANNS 335G-SQZ TEMP CEBOLA,maionese,0.31867378034501886,f1_macro_on_full,minimize
SAB ALMA FLORES 130G,sabonete,0.31867378034501886,f1_macro_on_full,minimize
CALDO ARISCO BACON 57G,caldo industrializado,0.31867378034501886,f1_macro_on_full,minimize
/BOLO BEIJINHO KG,padaria e confeitaria fresca,0.31867378034501886,f1_macro_on_full,minimize
AMENDOIM JAPONES MENDORATO 70G,amendoim,0.31867378034501886,f1_macro_on_full,minimize
/BOLO DC LT COCO PQN KG,padaria e confeitaria fresca,0.31867378034501886,f1_macro_on_full,minimize
SAB PROTEX 85G LIMPEZA PROFUNDA,sabonete,0.31867378034501886,f1_macro_on_full,minimize
CARRE SUI FAT CG KG,carne suina,0.31867378034501886,f1_macro_on_full,minimize
"BATATA MCCAIN 1,5KG TRADICIONAL",batata congelada,0.31867378034501886,f1_macro_on_full,minimize
MANJERONA M CUCA 5G,manjericao,0.31867378034501886,f1_macro_on_full,minimize
"PAO ALHO ZINHO 300G, TRADICIONAL",padaria e confeitaria industrializado,0.31867378034501886,f1_macro_on_full,minimize
DESINF PERF KALIPTO LAVANDA 750ML,desinfetante,0.31867378034501886,f1_macro_on_full,minimize
SABON PALMOLIVE COCO ALGODAO 85G,sabonete,0.31867378034501886,f1_macro_on_full,minimize
CALDO PO SAZON COSTELA 5UN 32.5G,caldo industrializado,0.31867378034501886,f1_macro_on_full,minimize
BISCOITO NATAL LEITE 100G,biscoito,0.31867378034501886,f1_macro_on_full,minimize
BATATA FRITA PRINGLES SAL/VINAGRE 158G,petisco e salgadinho congelado,0.31867378034501886,f1_macro_on_full,minimize
SANITIZ BRILHANTE 800G SC LIMPEZA TOTAL,lava roupas,0.31867378034501886,f1_macro_on_full,minimize
DEL VALLE FRESH LIM O PET 200ML,suco pronto,0.31867378034501886,f1_macro_on_full,minimize
LAYS SAL E VINAGRE 86G,aperitivo,0.31867378034501886,f1_macro_on_full,minimize
CEREAL KELLOGGS POWER POPS CHOC CX 200G,cereal infantil ou farinha lactea,0.31867378034501886,f1_macro_on_full,minimize
REQ CREM TRA VIG500G 500,requeijao,0.31867378034501886,f1_macro_on_full,minimize
QJO PROV FRAC QUATA,queijo,0.31867378034501886,f1_macro_on_full,minimize
ACUC CRI PURINHA INT SP 5KG,acucar,0.31867378034501886,f1_macro_on_full,minimize
BOLO RICHESTER ANIMA ZOO CHOC/,padaria e confeitaria industrializado,0.31867378034501886,f1_macro_on_full,minimize
MARGARINA CLAYBOM C/SAL 1KG,margarina,0.31867378034501886,f1_macro_on_full,minimize
BISC FORTALEZA MARIA 400G,biscoito,0.31867378034501886,f1_macro_on_full,minimize
PANETTONE ROMANATO FLOWPACK G.CHOC 300g,panificacao natal,0.31867378034501886,f1_macro_on_full,minimize
VINHO CHILENO CONCHA Y TORO ROSE 750ML,vinho importado,0.31867378034501886,f1_macro_on_full,minimize
MAIONESE PREDILECTA 200G SAC TRAD,maionese,0.31867378034501886,f1_macro_on_full,minimize
AGUA SANITARIA CANDURA 2L,agua sanitaria,0.31867378034501886,f1_macro_on_full,minimize
CAPPUCCINO Z/LAC 3 CORACOES 180G BALANC,cafe,0.31867378034501886,f1_macro_on_full,minimize
PEDRA SANIT COOP MARINE 25G,pedra sanitaria,0.31867378034501886,f1_macro_on_full,minimize
MAC PILAR LASANHA SEM 500G,macarrao,0.31867378034501886,f1_macro_on_full,minimize
COQ DUELO COCO 500ML,bebida mista,0.31867378034501886,f1_macro_on_full,minimize
SOBREMESA DANETTE MOR BANDEJA 180G,iogurte,0.31867378034501886,f1_macro_on_full,minimize
MINI COXINHA SUCRE QUEIJO 375G,petisco e salgadinho congelado,0.31867378034501886,f1_macro_on_full,minimize
ARROZ PAGANINI 1KG ITALIANO ARBORIO,arroz,0.31867378034501886,f1_macro_on_full,minimize
BARRA EXTRA CREMOSA NAC 92G,chocolate,0.31867378034501886,f1_macro_on_full,minimize
SAB. LIQ.BELLO ERVA DOCE REF    SH 450ML,sabonete,0.31867378034501886,f1_macro_on_full,minimize
QUEIJO VERDE CAMPO COTTAGE 200GR LACFREE,queijo,0.31867378034501886,f1_macro_on_full,minimize
"SUCO DEL VALLE 1L FRUT, UVA",suco pronto,0.31867378034501886,f1_macro_on_full,minimize
CERVEJA AMSTEL ULTRA 269ML-LT S/GLUTEN,cerveja,0.31867378034501886,f1_macro_on_full,minimize
SAB DAM D NOITE LUX ESSENCIA RF240M,sabonete,0.31867378034501886,f1_macro_on_full,minimize
POLPA AMORA DE MARCHI 100G,polpa de fruta congelada,0.31867378034501886,f1_macro_on_full,minimize
BEB LACTEA UVA VDE YODEL 210ML,bebida lactea,0.31867378034501886,f1_macro_on_full,minimize
ALFACE LISA HIDROPONICA UN,alface,0.31867378034501886,f1_macro_on_full,minimize
REFRESCO PO TANG ABACAXI 25G,preparo para suco,0.31867378034501886,f1_macro_on_full,minimize
GELATINA ZERO UVA ROYAL 12G,gelatina,0.31867378034501886,f1_macro_on_full,minimize
ENERG MONSTER MANGO LOCOLT 473ML,energetico,0.31867378034501886,f1_macro_on_full,minimize
PASTILHA MORG FERRERO TIC TAC 16G,bala,0.31867378034501886,f1_macro_on_full,minimize
ACHOC.PO TODDY 750G ORIG.POTE,achocolatado,0.31867378034501886,f1_macro_on_full,minimize
NECTAR MAGUARY LARANJA 200ML,suco pronto,0.31867378034501886,f1_macro_on_full,minimize
PURE DE BATATA KG KG,prato pronto,0.31867378034501886,f1_macro_on_full,minimize
QUEIJO GRUYERE PRESIDENT 160g,queijo,0.31867378034501886,f1_macro_on_full,minimize
PIZZA CARREFOUR CALA C MUSSA 460G,pizza congelada,0.31867378034501886,f1_macro_on_full,minimize
DEO AERO REXONA INVISOBLE MEN 250ML,desodorante,0.31867378034501886,f1_macro_on_full,minimize
BANANA NANICA,banana,0.31867378034501886,f1_macro_on_full,minimize
OVO ORGANICO MANTIQUEIRA C10 UNIDS,ovo,0.31867378034501886,f1_macro_on_full,minimize
VELA N2 RS KIREY,vela,0.31867378034501886,f1_macro_on_full,minimize
CAPPUCCINO 3 CORACOES 20G CHOCOLATE,cafe,0.31867378034501886,f1_macro_on_full,minimize
CR DENT COLGATE TOT 12 PROF WHITEN 70G,creme dental,0.31867378034501886,f1_macro_on_full,minimize
MANTEIGA C SAL S LAC PIRACANJUBA 200G,manteiga,0.31867378034501886,f1_macro_on_full,minimize
FREIXE ICE ROSE ROSE 750ML,espumante,0.31867378034501886,f1_macro_on_full,minimize
IOG LIQ ZERO LAC CORPUS AMORA MARA 850G,iogurte,0.31867378034501886,f1_macro_on_full,minimize
SH MONANGE LISOS TE QUERO 325ML,shampoo,0.31867378034501886,f1_macro_on_full,minimize
AGUA TONICA ANTARCT 269ML LT ZERO,agua tonica,0.31867378034501886,f1_macro_on_full,minimize
BAGUETE BR BREAD 200GR,padaria e confeitaria industrializado,0.31867378034501886,f1_macro_on_full,minimize
BOLO CHOC PANCO 300G,padaria e confeitaria industrializado,0.31867378034501886,f1_macro_on_full,minimize
AMACIANTE YPE CONC ESSENCIAL 1L,amaciante,0.31867378034501886,f1_macro_on_full,minimize
"CHOC NESTLE TBL 80G, CRUNCH, .",chocolate,0.31867378034501886,f1_macro_on_full,minimize
LIMP BANH PATO GERM LAV 500ML,desinfetante,0.31867378034501886,f1_macro_on_full,minimize
BISC MIGNON CHOCO 210G,biscoito,0.31867378034501886,f1_macro_on_full,minimize
BEB BASE SOJA SUCO MOR MUPY 200ML,bebida de soja,0.31867378034501886,f1_macro_on_full,minimize
"BISC WAFER MICOS 78g, MORANGO",biscoito,0.31867378034501886,f1_macro_on_full,minimize
ZARGUS 3MG C/30 COMPRIMIDOS PSICO ACHE,outro farma,0.31867378034501886,f1_macro_on_full,minimize
CERVEJA BOHEMIA PURO MALT LT 310ml C/15,cerveja,0.31867378034501886,f1_macro_on_full,minimize
LAVA ROUP PO SURF 800G SAC LIMAO BICARB,lava roupas,0.31867378034501886,f1_macro_on_full,minimize
PUDIM VIT MORANGO . 50G,preparo para pudim,0.31867378034501886,f1_macro_on_full,minimize
COMPOSTO LACTEO PRECIO 200G,leite em po,0.31867378034501886,f1_macro_on_full,minimize
BISC RECH FUTURINHOS PC 40G MORANGO,biscoito,0.31867378034501886,f1_macro_on_full,minimize
"BISC WAFER GBARBOSA 78g, MORANGO",biscoito,0.31867378034501886,f1_macro_on_full,minimize
MOLHO TOMATE SALSARETTI PIZZA   SH 340GR,molho de tomate,0.31867378034501886,f1_macro_on_full,minimize
PERNIL SUINO C/OSSO E PELE VAC. AV    KG,carne suina,0.31867378034501886,f1_macro_on_full,minimize
"TORRADA MARILAN MAGIC T, MULTIC 150G, .",torrada,0.31867378034501886,f1_macro_on_full,minimize
G NITRATO MICONAZOL LOCAO 30ML CIMED,outro farma,0.31867378034501886,f1_macro_on_full,minimize
MASSA SEMOLA ESP GERMANI,macarrao,0.31867378034501886,f1_macro_on_full,minimize
TEMAKI COPO SALMAO 300G,prato pronto,0.31867378034501886,f1_macro_on_full,minimize
BLAC SLD BETAN SC 900G,bebida lactea,0.31867378034501886,f1_macro_on_full,minimize
ALFACE LISA TEREFOLHAS UNID,alface,0.31867378034501886,f1_macro_on_full,minimize
MANJERICAO KITANO 7G PACOTE,manjericao,0.31867378034501886,f1_macro_on_full,minimize
ARROZ CARNAROLI ITAL SCOTTI 850G-CX MATURADO,arroz,0.31867378034501886,f1_macro_on_full,minimize
CAST SHORTS MASC TASMIN ESTAMP,"nozes, castanhas e outras oleaginosas",0.31867378034501886,f1_macro_on_full,minimize
SHORTS MOLETI P1 3RS 10973 RSA N FMPV20,short,0.31867378034501886,f1_macro_on_full,minimize
MARMITEX 400G PARMEGIANA BOV RESF,prato pronto,0.31867378034501886,f1_macro_on_full,minimize
KIT ELSEVE SH 375ML   COND 170ML OLEO EXTRA,kit para cabelos,0.31867378034501886,f1_macro_on_full,minimize
ESPUM ESP GRAN LIVENZA 750ML SEMI SECO,espumante,0.31867378034501886,f1_macro_on_full,minimize
NOVALGINA GOTAS C/20ML SANOFI,outro farma,0.31867378034501886,f1_macro_on_full,minimize
MARMITEX 290G FIT FILE FGO C/ARROZ RESF,prato pronto,0.31867378034501886,f1_macro_on_full,minimize
CERV ITAIPAVA MALZBIER LT 350ML,cerveja,0.31867378034501886,f1_macro_on_full,minimize
REQUEIJAO CATUPIRY LIGHT        CP 200GR,requeijao,0.31867378034501886,f1_macro_on_full,minimize
POTE PLAST SANREMO DIVERSOS,recipientes,0.31867378034501886,f1_macro_on_full,minimize
ARTROLIVE C30 ENVELOPES DE 4G ACHE,outro farma,0.31867378034501886,f1_macro_on_full,minimize
POLPA POLPANORTE MORANGO        PCT 100G,polpa de fruta congelada,0.31867378034501886,f1_macro_on_full,minimize
BRINQ SLIME GELELE 152G POTE TRAD,brinquedo,0.31867378034501886,f1_macro_on_full,minimize
CAFE LEITE 3CORACOES RF 100G,cafe,0.31867378034501886,f1_macro_on_full,minimize
ESCOVA DENT SANIFILL INFINITE   CT   1UN,escova de dentes,0.31867378034501886,f1_macro_on_full,minimize
ACHOC PO FLOCOS OVOMALTINE SC 300G,achocolatado,0.31867378034501886,f1_macro_on_full,minimize
ESPETINHO COSTELA BOV CONG TC 600G,carne bovina,0.31867378034501886,f1_macro_on_full,minimize
CHIA SEMENTE MAE TERRA 100G,sementes,0.31867378034501886,f1_macro_on_full,minimize
SAB LIQ EV DC ALEV 500ML,sabonete liquido,0.31867378034501886,f1_macro_on_full,minimize
"DESUMIDIF SECAR 80G, NATURAL",desumidificador,0.31867378034501886,f1_macro_on_full,minimize
MOLHO TOM.POMAROLA CASEIRO 300G POUCH ALHO AZEI,molho de tomate,0.31867378034501886,f1_macro_on_full,minimize
INSET AERO SBP MULTI 450 LV  PG- ANT AED,inseticida,0.31867378034501886,f1_macro_on_full,minimize
MIST BOLO ITALAC 400G COCO,preparo para bolo,0.31867378034501886,f1_macro_on_full,minimize
ALIM VITAM MAMAO BAN MACA NESTON 210G,modificadores de leite,0.31867378034501886,f1_macro_on_full,minimize
BIOTINA PLUS   C 60 CAPS MAXINUTRI,outro farma,0.31867378034501886,f1_macro_on_full,minimize
BISC PAL CHO ISABELA 70G,biscoito,0.31867378034501886,f1_macro_on_full,minimize
VICOG C/30 COMPRIMIDOS MARJAN,outro farma,0.31867378034501886,f1_macro_on_full,minimize
D.R.REXONA 50ML F ANTIBAC. INVISIBLE,desodorante,0.31867378034501886,f1_macro_on_full,minimize
ACUCAR ORGANIC DEMERARA 1KG,acucar,0.31867378034501886,f1_macro_on_full,minimize
ALIM CAO PEDIGREE 100G-SACHE ADULT CARNE MH,alimento pet,0.31867378034501886,f1_macro_on_full,minimize
TOALHA PAPEL SORELLA ABSOL C/2 55 FOLHAS,papel toalha,0.31867378034501886,f1_macro_on_full,minimize
MASSA CASEIRA MATEGUSTI PENNE CONG 400g,macarrao,0.31867378034501886,f1_macro_on_full,minimize
LIMP BANH PATO GERM MARINE ESP 500ML,multiuso,0.31867378034501886,f1_macro_on_full,minimize
SH CLEAR WOMEN ANTIC SPORTS 200ML,shampoo,0.31867378034501886,f1_macro_on_full,minimize
AMENDOIM AGTAL SALG JAPONES 70G,amendoim,0.31867378034501886,f1_macro_on_full,minimize
PRESUNTO AURORA COZ.S/GORD.FAT. CT 200GR,presunto,0.31867378034501886,f1_macro_on_full,minimize
DEO AERO TABU LIVRE 150 ML,desodorante,0.31867378034501886,f1_macro_on_full,minimize
CR TRAT ELSEVE DREAM LONG 300G,creme para cabelo,0.31867378034501886,f1_macro_on_full,minimize
COSTELA BOV KG  KG,carne bovina,0.31867378034501886,f1_macro_on_full,minimize
IND PAO BIG BURGUER SN 160G GERGELIM,padaria e confeitaria fresca,0.31867378034501886,f1_macro_on_full,minimize
MARG VIGOR 65  C/SAL 250G,margarina,0.31867378034501886,f1_macro_on_full,minimize
VH FR ROS ARTEA IGP ALP DE HAUT 750,vinho importado,0.31867378034501886,f1_macro_on_full,minimize
REFR ANTAR GUAR PET 200ml,refrigerante,0.31867378034501886,f1_macro_on_full,minimize
IOG LIQ YOPRO 25G CARAMELO 250G,iogurte,0.31867378034501886,f1_macro_on_full,minimize
FAQUEIRO PRETO POTE CRFH 16PCS HO215072,talher,0.31867378034501886,f1_macro_on_full,minimize
BISC SALG CHURRASCO TUCS 100G,biscoito,0.31867378034501886,f1_macro_on_full,minimize
BISC MARIA MARILAN 350G,biscoito,0.31867378034501886,f1_macro_on_full,minimize
ALFACE CRESPA  UN,alface,0.31867378034501886,f1_macro_on_full,minimize
PALITO MAD PARANA 200UN,palito de dentes,0.31867378034501886,f1_macro_on_full,minimize
BISC PIRAQUE LEITE MALTADO COCO 160g,biscoito,0.31867378034501886,f1_macro_on_full,minimize
/PAO RABANADA,padaria e confeitaria fresca,0.31867378034501886,f1_macro_on_full,minimize
MOLHO BARBECUE CHURRASCO CLAS 510G,molho barbecue,0.31867378034501886,f1_macro_on_full,minimize
SACO P LIXO EMBALIXO AZUL PLUS 30L 30U,saco de lixo,0.31867378034501886,f1_macro_on_full,minimize
"CALDO PO SAZON 32,5G CAMARAO",caldo industrializado,0.31867378034501886,f1_macro_on_full,minimize
AMACIANTE VIDA MACIA GLIC/AMEN 1L,amaciante,0.31867378034501886,f1_macro_on_full,minimize
MISTURA EMPA MILANESA YOKI 300g,empanado congelado,0.31867378034501886,f1_macro_on_full,minimize
BISC SALG SN PT 130G BOLINHA BACON,biscoito,0.31867378034501886,f1_macro_on_full,minimize
REFRESCO CLIGHT 8G MORANGO,preparo para suco,0.31867378034501886,f1_macro_on_full,minimize
MORTADELA C ERV FINAS PERDIGAO OURO 200G,mortadela,0.31867378034501886,f1_macro_on_full,minimize
PAO CAST PARA E QUINOA INT 500G,padaria e confeitaria industrializado,0.31867378034501886,f1_macro_on_full,minimize
"TALHARIM NISSIN 99G, FRANGO",macarrao,0.31867378034501886,f1_macro_on_full,minimize
CERVEJA AMERICAN IPA PURO MALTE EIS,cerveja,0.31867378034501886,f1_macro_on_full,minimize
SORV MINI MAGNUM 113ML,sorvete,0.31867378034501886,f1_macro_on_full,minimize
CARRINHO CONTROLE REMOTO,carrinho,0.31867378034501886,f1_macro_on_full,minimize
BISC MASSAS JUCURUTU MANTEIG SERTAO 250G,biscoito,0.31867378034501886,f1_macro_on_full,minimize
APAR DESC BIC FOR WOMEN C2,aparelho de barbear e depilatorio,0.31867378034501886,f1_macro_on_full,minimize
PAO DE LEITE NINO 400G,padaria e confeitaria industrializado,0.31867378034501886,f1_macro_on_full,minimize
IOG NINHO NESTLE 170G MACA/BANANA,iogurte,0.31867378034501886,f1_macro_on_full,minimize
LAGARTO TRADICIONAL RESF BOVINO KG,carne bovina,0.31867378034501886,f1_macro_on_full,minimize
BISC TODDY COOKIES CHOCOXTREME CHOC 71g,biscoito,0.31867378034501886,f1_macro_on_full,minimize
GELEIA CLASSIC QUEENSBERRY AMOR 320g,geleia,0.31867378034501886,f1_macro_on_full,minimize
BISC WAFER BAUDUCCO 140G MOR,biscoito,0.31867378034501886,f1_macro_on_full,minimize
CEREAL INF ITALAC 180G SC ARROZ,cereal matinal,0.31867378034501886,f1_macro_on_full,minimize
ALCOOL LIQ 70 CONFIARE 1L,alcool,0.31867378034501886,f1_macro_on_full,minimize
"LEITE PO LA SERENISIMA 400G SC, INST",leite em po,0.31867378034501886,f1_macro_on_full,minimize
BACON FRIMESA CUBO 400G,carne suina,0.31867378034501886,f1_macro_on_full,minimize
PETISCO FRISKIES CARNE  40G,alimento pet,0.31867378034501886,f1_macro_on_full,minimize
FAR MAND GROSSA M CUCA 500G,farinha de mandioca,0.31867378034501886,f1_macro_on_full,minimize
VIN PRECIOSO TT SVE 750ML,vinho importado,0.31867378034501886,f1_macro_on_full,minimize
FAR MAND TOR PURA YOKI 500G,farinha de mandioca,0.31867378034501886,f1_macro_on_full,minimize
LEITE PO NINHO 380G ZERO LACTOSE,leite em po,0.31867378034501886,f1_macro_on_full,minimize
KIT 2 CUECAS BOXER SEM COSTURA P,cueca,0.31867378034501886,f1_macro_on_full,minimize
SAL LIGHT 50/. LEBRE 500G,sal,0.31867378034501886,f1_macro_on_full,minimize
CHOC LINEA BRANCO SUCRAL ZERO 30g,chocolate,0.31867378034501886,f1_macro_on_full,minimize
SUCO CONC DAFRUTA UVA GF 500ML,suco pronto,0.31867378034501886,f1_macro_on_full,minimize
MANDIOCA ITAIPIM CONG 1Kg,vegetal higienizado e processado,0.31867378034501886,f1_macro_on_full,minimize
ALCATRA SWIFT KG,carne bovina,0.31867378034501886,f1_macro_on_full,minimize
AGUA MINERAL S GAS A PEDRA PET 1500ML,agua,0.31867378034501886,f1_macro_on_full,minimize
VAGEM RASTEIRA 200G BD,vagem,0.31867378034501886,f1_macro_on_full,minimize
LIMP CONC COALA TALCO 120ml,multiuso,0.31867378034501886,f1_macro_on_full,minimize
FARINHA LACTEA NESTLE SACH 600G,cereal infantil ou farinha lactea,0.31867378034501886,f1_macro_on_full,minimize
CREME LEITE NESTLE TP 200G,creme de leite,0.31867378034501886,f1_macro_on_full,minimize
PR GL PURIFIC SPRING VERDE 12ML,aromatizador,0.31867378034501886,f1_macro_on_full,minimize
CERV EISENBAHN AMERICAN IPA LT 350ML,cerveja,0.31867378034501886,f1_macro_on_full,minimize
"CHOCOTTONE BAUDUCCO 500G, MAXI",panificacao natal,0.31867378034501886,f1_macro_on_full,minimize
FILE TILAPIA SUPERNOSSO 500G-PC CONG,peixe,0.31867378034501886,f1_macro_on_full,minimize
ELAST SILIC SITIO PICA PAU AMAREL 70,kit para cabelos,0.31867378034501886,f1_macro_on_full,minimize
SALG.ELMA CHIPS 125G LUA,aperitivo,0.31867378034501886,f1_macro_on_full,minimize
SALG.TORCIDA JR 45G PIMENTA MEXICANA,aperitivo,0.31867378034501886,f1_macro_on_full,minimize
LUSTRA MOV PEROBA CERA CARNAUBA 200ML,lustra moveis,0.31867378034501886,f1_macro_on_full,minimize
KIT SH COND SEDA 325ML  CERAMIDAS,kit para cabelos,0.31867378034501886,f1_macro_on_full,minimize
APAR.PRESTOBARBA 3 C 2 BODYSENSE,aparelho de barbear e depilatorio,0.31867378034501886,f1_macro_on_full,minimize
QA BEB LACT POLPA MORG/SAL FTA 510G,bebida lactea,0.31867378034501886,f1_macro_on_full,minimize
QJO PRATO FAT IPANEMA 400G,queijo,0.31867378034501886,f1_macro_on_full,minimize
CICATRICURE AGUA MICELAR 200ML,agua micelar,0.31867378034501886,f1_macro_on_full,minimize
OVOS MANTIQUEIRA VERM CX C/30,ovo,0.31867378034501886,f1_macro_on_full,minimize
GOMA TRIDENT MORANGO 8G,goma de mascar,0.31867378034501886,f1_macro_on_full,minimize
SIFAO ASTRA SANFONADO UNIV BCO,_RARE_,0.31867378034501886,f1_macro_on_full,minimize
CHOC LACTA AO LEITE 34G,chocolate,0.31867378034501886,f1_macro_on_full,minimize
CHA MATTE LEAO NATURAL WF PET 300ML,cha pronto,0.31867378034501886,f1_macro_on_full,minimize
CHA DR OETKER 20GR ERVA DOCE 10 SACHES,cha por infusao,0.31867378034501886,f1_macro_on_full,minimize
OVO MANTIQUEIRA BRANCO MEDIO C/30,ovo,0.31867378034501886,f1_macro_on_full,minimize
PRO MIX LUNAR P/PASTEL MASSA FRESC 5Kg,farinha de trigo,0.31867378034501886,f1_macro_on_full,minimize
FERMENTO ITAIQUARA FRESCO 60g,fermento,0.31867378034501886,f1_macro_on_full,minimize
ARROZ GAMA LOPES L.F. TIPO 1 1KG,arroz,0.31867378034501886,f1_macro_on_full,minimize
LAVA ROUPA OMO LIQ MICELAR REFIL 900ML,lava roupas,0.31867378034501886,f1_macro_on_full,minimize
LENCO PAPEL BOLSO KLEENES C10 L4P3,lenco de papel,0.31867378034501886,f1_macro_on_full,minimize
AMIDO MILHO CREMOGEMA TRAD 180G,amido de milho,0.31867378034501886,f1_macro_on_full,minimize
BISC RECH MARILAN 140G TORTINHA LIMAO,biscoito,0.31867378034501886,f1_macro_on_full,minimize
D.C.REXONA WOMEM 48G CLINICAL EXTRA DRY,desodorante,0.31867378034501886,f1_macro_on_full,minimize
QJ PARMESAO RALADO GRAN MESTRI 3X10,queijo,0.31867378034501886,f1_macro_on_full,minimize
ADOC LIQ ZERO CAL STEVIA C/SUCRAL 80ML,adocante,0.31867378034501886,f1_macro_on_full,minimize
SAB EVEN SUAVE 85G ERVA DOCE,sabonete,0.31867378034501886,f1_macro_on_full,minimize
"LAVA ROUPAS PO BRILHANTE LIMP.T.PE 1,6KG",lava roupas,0.31867378034501886,f1_macro_on_full,minimize
G CL DE DULOXETINA 60MG C30CP PSICO EMS,outro farma,0.31867378034501886,f1_macro_on_full,minimize
CHIN AD MASC RIDER R1 SPEED,chinelo,0.31867378034501886,f1_macro_on_full,minimize
OVO CHOC KIT KAT WHITE NESTLE 227G,ovo de pascoa,0.31867378034501886,f1_macro_on_full,minimize
PANO ALKLIN PANOTEK ROLO C 50 UNI,pano para limpeza,0.31867378034501886,f1_macro_on_full,minimize
WAFFLE FORNO MINAS TRAD 525g,outro congelado,0.31867378034501886,f1_macro_on_full,minimize
DESINFETANTE LAVANDA VEJA POWER ACT,desinfetante,0.31867378034501886,f1_macro_on_full,minimize
SALAMITO SADIA SNACK 36 G,aperitivo,0.31867378034501886,f1_macro_on_full,minimize
CERV BUDWEISER LT 350 ML,cerveja,0.31867378034501886,f1_macro_on_full,minimize
CERV DEVASSA 12X473ML,cerveja,0.31867378034501886,f1_macro_on_full,minimize
PRATIQUEIRA/PARATI INTEIRA RESF KG,peixe,0.31867378034501886,f1_macro_on_full,minimize
LIMP M USO VEJA CAMPESTRE 500ML,multiuso,0.31867378034501886,f1_macro_on_full,minimize
ISCAS DE FIGADO SWIFT 500G,carne bovina,0.31867378034501886,f1_macro_on_full,minimize
SALG FOFURA 90G QUEIJO,aperitivo,0.31867378034501886,f1_macro_on_full,minimize
FILE DE PEITO FGO SWIFT 1KG,carne de ave,0.31867378034501886,f1_macro_on_full,minimize
BISC PASSATEMPO LEITE MALTADO   PCT 150G,biscoito,0.31867378034501886,f1_macro_on_full,minimize
CALDO PO MAGGI 35G CARNE,caldo industrializado,0.31867378034501886,f1_macro_on_full,minimize
AGUARDENTE CANA PITU 965ML,cachaca,0.31867378034501886,f1_macro_on_full,minimize
KALANCHOE PRES P15  PT15,plantas e sementes,0.31867378034501886,f1_macro_on_full,minimize
ABS ALWAYS S PROTEC C/ABAS 32U SUAVE,absorvente,0.31867378034501886,f1_macro_on_full,minimize
DET PO OMO MICELAR 800G,lava roupas,0.31867378034501886,f1_macro_on_full,minimize
MAC ADRIA 74.3G INST TOMATE,macarrao,0.31867378034501886,f1_macro_on_full,minimize
BISC WAFER LACTA 25G SONHO DE VALSA,biscoito,0.31867378034501886,f1_macro_on_full,minimize
BISC COKTAIL FORTAL  100G,biscoito,0.31867378034501886,f1_macro_on_full,minimize
ARROZ PILAO ALBARUSKA 5KG,arroz,0.31867378034501886,f1_macro_on_full,minimize
ENX BUC ORALB COMPLETE MENTA L500P300,enxaguante bucal,0.31867378034501886,f1_macro_on_full,minimize
LIMPADOR PERF AROMASIL 1L  FLOR DE BAMBU,multiuso,0.31867378034501886,f1_macro_on_full,minimize
IOG NESTLE BI-CAMADA 150g,iogurte,0.31867378034501886,f1_macro_on_full,minimize
DETERG LIQ ODD LIMPPANO 500ML-FR MACA,detergente,0.31867378034501886,f1_macro_on_full,minimize
AGUA SANIT SUPREMA 2L-FR,agua sanitaria,0.31867378034501886,f1_macro_on_full,minimize
COUVE MANTEIGA EXTRA FINA HIG CAISP 180G,vegetal higienizado e processado,0.31867378034501886,f1_macro_on_full,minimize
ARROZ AGULH 4R 5KG TP1,arroz,0.31867378034501886,f1_macro_on_full,minimize
SAPONACEO SAPOLIO CREM.CLORO    FC 450ML,saponaceo,0.31867378034501886,f1_macro_on_full,minimize
CAF VP TR BOM JESUS TRAD 250G,cafe,0.31867378034501886,f1_macro_on_full,minimize
"LAVA ROUPAS TIXAN 1,6KG  MACIEZ",lava roupas,0.31867378034501886,f1_macro_on_full,minimize
CERV CABARE PMALTE L/N 330ML,cerveja,0.31867378034501886,f1_macro_on_full,minimize
LIMP L-PESD FRESH AJAX 500ML-FR,multiuso,0.31867378034501886,f1_macro_on_full,minimize
"MAIONESE QUERO 1,020KG",maionese,0.31867378034501886,f1_macro_on_full,minimize
SAB NIVEA ANTIBAC 3EM1 BR 85G,sabonete,0.31867378034501886,f1_macro_on_full,minimize
CERV BLACK PRINCE DOCTOR WEISS 600ML,cerveja,0.31867378034501886,f1_macro_on_full,minimize
CERVEJA KRUG AMBER LAGER 600ML-GF PURO MALTE,cerveja,0.31867378034501886,f1_macro_on_full,minimize
APAR. DEPIL BIC SOLEIL          CT   1UN,aparelho de barbear e depilatorio,0.31867378034501886,f1_macro_on_full,minimize
OVO TP GRANDE VERMELHO COM 12 OVOS,ovo,0.31867378034501886,f1_macro_on_full,minimize
NESCAFE AFRICAS CAPS 55G,cafe,0.31867378034501886,f1_macro_on_full,minimize
CD SENSODYNE LIMPEZA PROFUNDA 90G,creme dental,0.31867378034501886,f1_macro_on_full,minimize
SAB GRANADO TERRAP CASTANHA 90G,sabonete,0.31867378034501886,f1_macro_on_full,minimize
V.SAO MIGUEL DO SUL SYRAH 750ML,vinho importado,0.31867378034501886,f1_macro_on_full,minimize
BISC RECH NEGRESCO MORANGO 140G,biscoito,0.31867378034501886,f1_macro_on_full,minimize
QUEIJO MINAS FRESCAL COOPER kg,queijo,0.31867378034501886,f1_macro_on_full,minimize
CB DUCKBEEF PATINHO KG PAS,carne bovina,0.31867378034501886,f1_macro_on_full,minimize
CANECA CAFE ESPRESSO BRINOX PAV 130ML,caneca,0.31867378034501886,f1_macro_on_full,minimize
CHOC MILKA 100G HAPPY COWS,chocolate,0.31867378034501886,f1_macro_on_full,minimize
TEMPERO KODILAR BAIANO 30G,tempero pronto,0.31867378034501886,f1_macro_on_full,minimize
LAVA LOUCA ODD 500ML COCO,detergente,0.31867378034501886,f1_macro_on_full,minimize
"ANTI-SEP PLAX L500P350ml, ICE",antisseptico bucal,0.31867378034501886,f1_macro_on_full,minimize
DES SPR NIVEA 90ML-FR MEN FRESH ACTIV,desodorante,0.31867378034501886,f1_macro_on_full,minimize
SHORTS DE MOLETOM FEMININO FILA,short,0.31867378034501886,f1_macro_on_full,minimize
MUCILON NESTLE MULTICEREAIS 300G SCH,cereal infantil ou farinha lactea,0.31867378034501886,f1_macro_on_full,minimize
CHOC MILKA 90GR TRIPLE COCOA,chocolate,0.31867378034501886,f1_macro_on_full,minimize
PACK 6 MEIAS INF CANO BAIXO,meia,0.31867378034501886,f1_macro_on_full,minimize
TOALHA ROSTO DUO AIR LK AZUL,toalha,0.31867378034501886,f1_macro_on_full,minimize
D.A.SUAVE 87G F LAVANDA ERV.DOCE LAVAND ERV.DOCE,desodorante,0.31867378034501886,f1_macro_on_full,minimize
CAPS NESC D GUSTO MOCHAC CANEL C/10 172G,cafe,0.31867378034501886,f1_macro_on_full,minimize
KIT 6 PARES MEIAS SAPATILHA ESPORTI,meia,0.31867378034501886,f1_macro_on_full,minimize
PAO HOT DOG INT SL 200G,padaria e confeitaria industrializado,0.31867378034501886,f1_macro_on_full,minimize
POLPA TOMATE POMODORO 520G,polpa de tomate,0.31867378034501886,f1_macro_on_full,minimize
FLR BENA KALAND DB P11,plantas e sementes,0.31867378034501886,f1_macro_on_full,minimize
SAB LIQ TACTO ERVA DOCE/CHA VERDE 1L,sabonete,0.31867378034501886,f1_macro_on_full,minimize
"ABSORV ALWAYS C/16, C/ABAS SUAVE",absorvente,0.31867378034501886,f1_macro_on_full,minimize
DESINF. LYSOFORM AERO LEMB INFA.FC 360ML,desinfetante,0.31867378034501886,f1_macro_on_full,minimize
FERM BIOLOG PO FLEISCHMANN 10G C/3,fermento,0.31867378034501886,f1_macro_on_full,minimize
DEO AERO REXONA INVI INVISI 150ML,desodorante,0.31867378034501886,f1_macro_on_full,minimize
PACK LAVA LOUCA YPE CLEAR C6 500ML ESP,detergente,0.31867378034501886,f1_macro_on_full,minimize
JG FRIGID ALUM TRAMONTINA 3PC CARIB PRETO,outro utensilio de cozinha,0.31867378034501886,f1_macro_on_full,minimize
CR DENT ORAL B 50G KIDS MINNIE,creme dental,0.31867378034501886,f1_macro_on_full,minimize
MILHO VERDE KNORR 170G LT,milho verde em conserva,0.31867378034501886,f1_macro_on_full,minimize
MIX CANARIOS AMIGO PET 500g,alimento pet,0.31867378034501886,f1_macro_on_full,minimize
BISCOITO PEDIGREE MULTI 500g,alimento pet,0.31867378034501886,f1_macro_on_full,minimize
CHIN MASC HAV TOP BASIC CFE 43 44,chinelo,0.31867378034501886,f1_macro_on_full,minimize
SOU SWEET FRUTA VERM  90G,biscoito,0.31867378034501886,f1_macro_on_full,minimize
STEAK FGO NOBRE CONG 100G,empanado congelado,0.31867378034501886,f1_macro_on_full,minimize
TOALHA BANHO LMPETER DEEP ALG SORT 1185,toalha,0.31867378034501886,f1_macro_on_full,minimize
MOLHO SOJA SAKURA TRAD 150ML,molho shoyu,0.31867378034501886,f1_macro_on_full,minimize
UVA PASSA PRETA SN 350G PT,inativo,0.31867378034501886,f1_macro_on_full,minimize
CHOC NEUGEBAUER FLOCOS 90g,chocolate,0.31867378034501886,f1_macro_on_full,minimize
REFRIG FREVO COLA PET 2L,refrigerante,0.31867378034501886,f1_macro_on_full,minimize
ARROZ TIO JOAO PARB L.F. TIPO 1 1KG,arroz,0.31867378034501886,f1_macro_on_full,minimize
CHOC FLORESTAL BALA CORACAO BCO 90g,bala,0.31867378034501886,f1_macro_on_full,minimize
"MAC NINFA SEMOLA 500G, PARAFUSO, .",macarrao,0.31867378034501886,f1_macro_on_full,minimize
LIMP M-USO 4EM1 SUPREMA 500ML-FR TRAD,multiuso,0.31867378034501886,f1_macro_on_full,minimize
DESINF KALIPTO EUCALIPTO 5L,desinfetante,0.31867378034501886,f1_macro_on_full,minimize
TORTA CONG SADIA FRANGO CATUPIRY 500g,outro congelado,0.31867378034501886,f1_macro_on_full,minimize
FILTRO PAPEL 3 CORACOES 103 C/30,coador,0.31867378034501886,f1_macro_on_full,minimize
MISTURA BOLO OETKER CREMO.COCO  PE 400GR,preparo para bolo,0.31867378034501886,f1_macro_on_full,minimize
TOMATE ITL CEREJAS FIAMMA VESU 400G,vegetal em conserva,0.31867378034501886,f1_macro_on_full,minimize
BRUSCHETTA ALCACHOF PIMENTAO 2X285G,pimentao,0.31867378034501886,f1_macro_on_full,minimize
"TEKITOS SEARA 300G, TRADICIONAL",empanado congelado,0.31867378034501886,f1_macro_on_full,minimize
LING CALAB DEF CERATTI FAT 100G,linguica,0.31867378034501886,f1_macro_on_full,minimize
SUP FIXO PAREDE UNIVERSAL ELG,_RARE_,0.31867378034501886,f1_macro_on_full,minimize
KINDER TRONKY FERRERO PC 18G,chocolate,0.31867378034501886,f1_macro_on_full,minimize
LAVA ROUPA PO TIXAN 800G  MACIEZ,lava roupas,0.31867378034501886,f1_macro_on_full,minimize
MOLHO TOM QUERO SAB 300G  PARMEGIANA,molho de tomate,0.31867378034501886,f1_macro_on_full,minimize
RAPADURA ESPECIAL MARROM 160G,outro doce,0.31867378034501886,f1_macro_on_full,minimize
FERM PO ROYAL 100G-PT,fermento,0.31867378034501886,f1_macro_on_full,minimize
SABONETE REXONA ANT ERVA DOVE 84g,sabonete,0.31867378034501886,f1_macro_on_full,minimize
ANTARCTICA PILSEN 473ML,cerveja,0.31867378034501886,f1_macro_on_full,minimize
PICOLE KIBON MAGNUM 69G CLASSICO,picole,0.31867378034501886,f1_macro_on_full,minimize
PERNIL PERDIGAO KG TEMP.CONG.,carne suina,0.31867378034501886,f1_macro_on_full,minimize
"CHOC AO LEITE NESTLE CRUNCH PCT  22,5G",chocolate,0.31867378034501886,f1_macro_on_full,minimize
"AMACIANTE DOWNY 1L, FRESCOR PRIMAV",amaciante,0.31867378034501886,f1_macro_on_full,minimize
BEB LAC BATAVO PENSE ZERO AMEIXA 170g,bebida lactea,0.31867378034501886,f1_macro_on_full,minimize
SH DOVE RECONSTRUCAO RECONS 400ML,shampoo,0.31867378034501886,f1_macro_on_full,minimize
TABUA FRIOS KG N.2,outro embutido,0.31867378034501886,f1_macro_on_full,minimize
TALCO ANTISSEPTICO BARLA 140G,talco,0.31867378034501886,f1_macro_on_full,minimize
LIMP AJAX BOUQUET FLORES 1L,multiuso,0.31867378034501886,f1_macro_on_full,minimize
BOLO ZERO ACUCAR LARANJA SUAVIPAN 250G,padaria e confeitaria industrializado,0.31867378034501886,f1_macro_on_full,minimize
ED COLGATE MINIONS 2UN,escova de dentes,0.31867378034501886,f1_macro_on_full,minimize
ALGODAO MANA HIDROF 20g,algodao,0.31867378034501886,f1_macro_on_full,minimize
TIC TAC MELANCIA,pastilha para piso,0.31867378034501886,f1_macro_on_full,minimize
PIMENTAO VERDE KG,pimentao,0.31867378034501886,f1_macro_on_full,minimize
AZEITONA PRETA PRAMESA SACHE 150G,azeitona,0.31867378034501886,f1_macro_on_full,minimize
BALA BUTTER TOFFEES 100G CHOC AMARGO,bala,0.31867378034501886,f1_macro_on_full,minimize
ARROZ PARB GBARBOSA TIPO 1 1Kg,arroz,0.31867378034501886,f1_macro_on_full,minimize
MASSA C/OVOS PETYBON ESPAG 8 500G,macarrao,0.31867378034501886,f1_macro_on_full,minimize
CHOC TAB ARCOR LEITE 150G,chocolate,0.31867378034501886,f1_macro_on_full,minimize
LAVA ROUPA OMO LIQ REFIL 900ML MICELAR,lava roupas,0.31867378034501886,f1_macro_on_full,minimize
LISADOR DIP 1G C/10 COMPR.HYPERMARCAS,outro farma,0.31867378034501886,f1_macro_on_full,minimize
CUP CAKE LARANJA,outro doce,0.31867378034501886,f1_macro_on_full,minimize
DESOD ROLL ON REXONA MEN ANTIBAC INV 50m,desodorante,0.31867378034501886,f1_macro_on_full,minimize
ESC DENT JOHNSON REACH ECO MD,escova de dentes,0.31867378034501886,f1_macro_on_full,minimize
MASSA C/OVOS PETYBON AVE MARIA 500G,macarrao,0.31867378034501886,f1_macro_on_full,minimize
PAPEL HIG REALE 30 M FOLHA DUPLA LV 24 PG 22,papel higienico,0.31867378034501886,f1_macro_on_full,minimize
CREME DE CEBOLA MAGGI 61G BACON,preparo para sopa,0.31867378034501886,f1_macro_on_full,minimize
REFRIGERANTE COCA COLA S/AC PET 600ML,refrigerante,0.31867378034501886,f1_macro_on_full,minimize
GELATINA DR.OETKER CEREJA 20G,gelatina,0.31867378034501886,f1_macro_on_full,minimize
AZEITE DENDE ITALHO 100ML,azeite de dende,0.31867378034501886,f1_macro_on_full,minimize
TOA UMED JJ H SONO 96UN,lenco umedecido,0.31867378034501886,f1_macro_on_full,minimize
BEB LAC COTOCHES 200ML-TP KIDS/CHOC,bebida lactea,0.31867378034501886,f1_macro_on_full,minimize
BRIOCHE KIDS CENOURA CASA D ORO 270,padaria e confeitaria industrializado,0.31867378034501886,f1_macro_on_full,minimize
MOLHO ALHEIRO 200ML-FR INGLES,outro molho,0.31867378034501886,f1_macro_on_full,minimize
BISC MARILAN MAIZENA MINI 30g,biscoito,0.31867378034501886,f1_macro_on_full,minimize
ATUM RAL MOL TOM G COSTA 170G,proteina em conserva,0.31867378034501886,f1_macro_on_full,minimize
PIPOCA LINEA ZERO CARAMELO 50G,pipoca pronta,0.31867378034501886,f1_macro_on_full,minimize
LAVA ROUPA LIQ TIXAN YPE 3L GRATIS 300ML,lava roupas,0.31867378034501886,f1_macro_on_full,minimize
LAVA ROUPAS OMO 900ML LIQ REFIL LAVANDA,lava roupas,0.31867378034501886,f1_macro_on_full,minimize
"DIANE 2 0,035MG C/21 DRAGEAS BAYER",outro farma,0.31867378034501886,f1_macro_on_full,minimize
VH TTO CASILLERO DIABLO 750ML C.SAUV CHI,vinho importado,0.31867378034501886,f1_macro_on_full,minimize
ALHO TRITURADO SEM SAL ALHOFREE 1KG,vegetal higienizado e processado,0.31867378034501886,f1_macro_on_full,minimize
RECORTE COSTELA SUINA KG RESFD,carne suina,0.31867378034501886,f1_macro_on_full,minimize
OLEO SOJA ABC PET 900ml,oleo vegetal,0.31867378034501886,f1_macro_on_full,minimize
PRATO RASO OXFORD GIARDINO 24CM,prato,0.31867378034501886,f1_macro_on_full,minimize
OVOS CAIPIRA GRALHA AZUL        CX  18UN,ovo,0.31867378034501886,f1_macro_on_full,minimize
"FEIJAO PRONTO CAMIL, 380G TEMP CARIOCA",vegetal em conserva,0.31867378034501886,f1_macro_on_full,minimize
LING NOVAES PREM MISTA RESF 500G,linguica,0.31867378034501886,f1_macro_on_full,minimize
ACHOC EM PO NESCAL LT 370G,achocolatado,0.31867378034501886,f1_macro_on_full,minimize
LING NOVAES PREM PERNIL SUI 500G,linguica,0.31867378034501886,f1_macro_on_full,minimize
LIMP PERF MAG AZUL 500ML,multiuso,0.31867378034501886,f1_macro_on_full,minimize
BATATA PRINGLES ORIGINAL 114g,aperitivo,0.31867378034501886,f1_macro_on_full,minimize
"SALG PRINGLES 109G, QUEIJO, .",aperitivo,0.31867378034501886,f1_macro_on_full,minimize
BISC REC CHOC MABEL 140G,biscoito,0.31867378034501886,f1_macro_on_full,minimize
MAXALGINA 1G CPR C 10 NATULAB,outro farma,0.31867378034501886,f1_macro_on_full,minimize
ENERG RED BULL PITAYA LT 250ML,energetico,0.31867378034501886,f1_macro_on_full,minimize
BISC TRIUNFO CACAU/CEREAIS 135g,biscoito,0.31867378034501886,f1_macro_on_full,minimize
CIG DJARUM BLACK,cigarro,0.31867378034501886,f1_macro_on_full,minimize
COGUMELO SC FATIADO 100G,vegetal em conserva,0.31867378034501886,f1_macro_on_full,minimize
PAO ALHO TRAD MEZZANI 310G,padaria e confeitaria industrializado,0.31867378034501886,f1_macro_on_full,minimize
BISC CREAM CRACKER CESTA BASICA Ni   03,biscoito,0.31867378034501886,f1_macro_on_full,minimize
OVO GAROTO AO LEITE 185G,ovo de pascoa,0.31867378034501886,f1_macro_on_full,minimize
LARANJA SC 10 KG 10 KG,laranja,0.31867378034501886,f1_macro_on_full,minimize
CANELA KITANO CASCA              PCT 20G,canela,0.31867378034501886,f1_macro_on_full,minimize
BATATA ONDULADA RUFFLES PC ORIGINAL,aperitivo,0.31867378034501886,f1_macro_on_full,minimize
CAFE NESCAFE D GUSTO MOC CANEL C/10 172G,cafe,0.31867378034501886,f1_macro_on_full,minimize
ESCALOPE FGO REGINA RESF BAND 400G,carne de ave,0.31867378034501886,f1_macro_on_full,minimize
PEIXINHO PALETA BOV BEST BEEF(BIFE)(P)KG,carne bovina,0.31867378034501886,f1_macro_on_full,minimize
CERVEJA BRAHMA CHOPP ZERO LN 355ml,cerveja,0.31867378034501886,f1_macro_on_full,minimize
SHAMPOO ANTIPULGAS 500ML,shampoo pet,0.31867378034501886,f1_macro_on_full,minimize
WAFFLE CARREFOUR TRAD 210G,outro congelado,0.31867378034501886,f1_macro_on_full,minimize
GELAT ABA/HORT/GEN DR OETKER 12G,gelatina,0.31867378034501886,f1_macro_on_full,minimize
BISC TORT ADRIA DUE CHEESE CAK 140G,biscoito,0.31867378034501886,f1_macro_on_full,minimize
TEMPERO SABOR AMI COMP T.LOURO 300G,tempero pronto,0.31867378034501886,f1_macro_on_full,minimize
SALGADINHO MARATITOS QUEIJO SUICO 45G,aperitivo,0.31867378034501886,f1_macro_on_full,minimize
SAB LIQ ERV 1L NUTRI VERDE 1L,sabonete,0.31867378034501886,f1_macro_on_full,minimize
WHEY BEST WHEY CRUNCHY SC 25G,demais funcionais e restritivos,0.31867378034501886,f1_macro_on_full,minimize
TREZOR 10MG C.30 COMPRIMIDOS ACHE,outro farma,0.31867378034501886,f1_macro_on_full,minimize
OVOS JUMBO BCO CAMVA BDJ PLAST C20,ovo,0.31867378034501886,f1_macro_on_full,minimize
"DESOD DOVE AER 89G, INVISIBLE DRY",desodorante,0.31867378034501886,f1_macro_on_full,minimize
BEB LACTEA NESCAU CHOCOLAT ORGANIC 200ML,bebida lactea,0.31867378034501886,f1_macro_on_full,minimize
LAVA ROUPA LQ OMO 900ML L PERF,lava roupas,0.31867378034501886,f1_macro_on_full,minimize
TEMPERO TAPAJOS COMPLETO C/PIM 300G CB,tempero pronto,0.31867378034501886,f1_macro_on_full,minimize
ARROZ TIO JOAO 1KG INT,arroz,0.31867378034501886,f1_macro_on_full,minimize
QUEI LAC LELO QUARK LIGHT 280g,queijo,0.31867378034501886,f1_macro_on_full,minimize
DES CR HERBISSIMO 55G-PT TRAD,desinfetante,0.31867378034501886,f1_macro_on_full,minimize
PILHA ALCALINA GDE D C2 CRF DY50181,pilha,0.31867378034501886,f1_macro_on_full,minimize
BISC MARIA 400G,biscoito,0.31867378034501886,f1_macro_on_full,minimize
BLUSAO LAS VEGAS MHO TEX 200710 MMOI22,blusa,0.31867378034501886,f1_macro_on_full,minimize
ENXAG BUCAL COLGATE SOFT MINT L500P350ML,enxaguante bucal,0.31867378034501886,f1_macro_on_full,minimize
PAP HIG FL/DP MILI LV24/PG22UN 30M -FD,papel higienico,0.31867378034501886,f1_macro_on_full,minimize
ACHOCOL TODDY 800G,achocolatado,0.31867378034501886,f1_macro_on_full,minimize
GOMA MASCAR MENTOS PURE FRESH 56G WINTER,goma de mascar,0.31867378034501886,f1_macro_on_full,minimize
INSET ELET LIQ RAID 45 N AP 3 RF 32 9 ML,repelente,0.31867378034501886,f1_macro_on_full,minimize
AMEND SALG S PELE 100G,amendoim,0.31867378034501886,f1_macro_on_full,minimize
SHAMPOO CLEAR A/CASPA MEN 2X1 200ML,shampoo,0.31867378034501886,f1_macro_on_full,minimize
PREP P CALDO EM PO CARNE KNORR C5 35G,caldo industrializado,0.31867378034501886,f1_macro_on_full,minimize
"IOG FERMENT INF BOB SPONJA 480ML, TRAD",iogurte,0.31867378034501886,f1_macro_on_full,minimize
NECTAR MARACUJA BRFRUIT 200 ML,suco pronto,0.31867378034501886,f1_macro_on_full,minimize
BISC BACON QJO PROV CLUB SOCIAL 141G,biscoito,0.31867378034501886,f1_macro_on_full,minimize
CANELA PO TEMPERATTA POUCHE 20G,canela,0.31867378034501886,f1_macro_on_full,minimize
NECTAR BRFRUIT 1L UVA E MACA,suco pronto,0.31867378034501886,f1_macro_on_full,minimize
TAMPAO CONDULETE TRAMONTINA MULT 1,_RARE_,0.31867378034501886,f1_macro_on_full,minimize
FUBA ARROZ MARIZA 400G,fuba,0.31867378034501886,f1_macro_on_full,minimize
SALSICHA HOT DOG PERDIGAO FAMILIAR KG,salsicha,0.31867378034501886,f1_macro_on_full,minimize
SAZON TOQUE LIMAO  60G,tempero pronto,0.31867378034501886,f1_macro_on_full,minimize
QJ PARM AMARA KG  KG,queijo,0.31867378034501886,f1_macro_on_full,minimize
SOPAO ARISCO 157G CARNE,preparo para sopa,0.31867378034501886,f1_macro_on_full,minimize
BATATA TYRRELLS SAL MAR VINAGRE PCT 150G,aperitivo,0.31867378034501886,f1_macro_on_full,minimize
ABSORVENTE INT MEDIO C/24 INTIMUS,absorvente,0.31867378034501886,f1_macro_on_full,minimize
SAB PROTEX ERVA DOCE 85G,sabonete,0.31867378034501886,f1_macro_on_full,minimize
MORTADELA MISTA PERDIGAO 400G,mortadela,0.31867378034501886,f1_macro_on_full,minimize
FOLHA LOURO ISHASHI 5G,louro,0.31867378034501886,f1_macro_on_full,minimize
BOLACHA LINHACA ROMANA,biscoito,0.31867378034501886,f1_macro_on_full,minimize
PATE ATUM LIGHT GDC 150G,pate,0.31867378034501886,f1_macro_on_full,minimize
CERVEJA BRAHMA CHOPP LT 269ML,cerveja,0.31867378034501886,f1_macro_on_full,minimize
QJO MUSS TRADICIONAL FAT KG,queijo,0.31867378034501886,f1_macro_on_full,minimize
REQ CREM LIGHT CATUPIRY 200G,requeijao,0.31867378034501886,f1_macro_on_full,minimize
FUBA ANGELICA 1KG MIMOSO,fuba,0.31867378034501886,f1_macro_on_full,minimize
SUCRILHOS KELLOGGS BRIGADEIRO 240g,cereal matinal,0.31867378034501886,f1_macro_on_full,minimize
SALG. TORCIDA COSTELINHA C/LIM. PE  45GR,aperitivo,0.31867378034501886,f1_macro_on_full,minimize
LEITE PO CAMPONESA DESNAT LIGHT 200g,leite em po,0.31867378034501886,f1_macro_on_full,minimize
"REFRIGERANTE FANTA PET 2l, LARANJA",refrigerante,0.31867378034501886,f1_macro_on_full,minimize
OVO PASC.KIT KAT 227G DARK RECHEADO WAFER CROCANTE,ovo de pascoa,0.31867378034501886,f1_macro_on_full,minimize
SAB LIQ PALMOLIVE CAMELIA RF 900ML,sabonete,0.31867378034501886,f1_macro_on_full,minimize
CHIPS SABOR PESTO PARMESAO 125G,aperitivo,0.31867378034501886,f1_macro_on_full,minimize
REFRIG 350ML GUAR ANTACTICA LT,refrigerante,0.31867378034501886,f1_macro_on_full,minimize
APRESUNTADO AURORA MF FAT 200G,apresuntado,0.31867378034501886,f1_macro_on_full,minimize
PANET C.SUICA 400G ZERO FRUT,panificacao natal,0.31867378034501886,f1_macro_on_full,minimize
ALIM GATO WHISKAS PEIXE          PCT 1KG,alimento pet,0.31867378034501886,f1_macro_on_full,minimize
AVEIA FLOCOS FINOS INT CEIFEIRO 500G,aveia e seus derivados,0.31867378034501886,f1_macro_on_full,minimize
SABAO YPE NATURAL 200GR         AV   1UN,sabao em pedra,0.31867378034501886,f1_macro_on_full,minimize
NECTAR MAGUARY GOIABA 1L,suco pronto,0.31867378034501886,f1_macro_on_full,minimize
BOLO SEVEN BOYS 250G FORMIG,padaria e confeitaria industrializado,0.31867378034501886,f1_macro_on_full,minimize
LIMPADOR CASAePERF SENSUAL 500ml,multiuso,0.31867378034501886,f1_macro_on_full,minimize
BISC POLVILHO BIANCA 100G S/GLUT CENOURA,biscoito,0.31867378034501886,f1_macro_on_full,minimize
PAO COIOTE  SL 300G,padaria e confeitaria fresca,0.31867378034501886,f1_macro_on_full,minimize
PEIXE SLG ZARBO 16 20,peixe,0.31867378034501886,f1_macro_on_full,minimize
CARNE MOIDA PATINHO BARRA MANSA 500G,carne bovina,0.31867378034501886,f1_macro_on_full,minimize
ALIM CAO PEDIGREE RACAS PEQ PCT 1KG,alimento pet,0.31867378034501886,f1_macro_on_full,minimize
AZT EV SEL. GOURMET 1LT PIETRO CORI,azeitona,0.31867378034501886,f1_macro_on_full,minimize
HIRUDOID 300MG POMADA C/40GR SANKYO,outro farma,0.31867378034501886,f1_macro_on_full,minimize
SH PALMOLIVE HIDRATACAO LUMINOSA 350ML,shampoo,0.31867378034501886,f1_macro_on_full,minimize
KIT AMO BABOSA ESPECIALITE  SH   COND 45,kit para cabelos,0.31867378034501886,f1_macro_on_full,minimize
ALIM GATO WHISKAS 85G-POUCH CARNE FILHT,alimento pet,0.31867378034501886,f1_macro_on_full,minimize
DESOD LEITE ROSAS 100ML,desodorante,0.31867378034501886,f1_macro_on_full,minimize
BEBIDA LACTEA NESCAU ZERP LACT 27X200ML,bebida lactea,0.31867378034501886,f1_macro_on_full,minimize
OVO PASCOA NESTLE GALAK             185G,ovo de pascoa,0.31867378034501886,f1_macro_on_full,minimize
KETCHUP ORG CARREFOUR BIO TRAD 200G,ketchup,0.31867378034501886,f1_macro_on_full,minimize
SAB LIQ GRANADO BEBE REF 250ML TRAD,sabonete infantil,0.31867378034501886,f1_macro_on_full,minimize
ALIM CAES DOG CHOW CORDEIRO MOL SC  100G,alimento pet,0.31867378034501886,f1_macro_on_full,minimize
FJ PTO MANOLINHO  1KG,feijao,0.31867378034501886,f1_macro_on_full,minimize
BISC ADRIA  170G  AGUA E SAL,biscoito,0.31867378034501886,f1_macro_on_full,minimize
"SORVETE ZECAS 1.5L, FLOCOS",sorvete,0.31867378034501886,f1_macro_on_full,minimize
LARANJA SCHIN VIVA PET 2L,refrigerante,0.31867378034501886,f1_macro_on_full,minimize
SUCO POMAR DA POLPA 400G TANGERINA,polpa de fruta congelada,0.31867378034501886,f1_macro_on_full,minimize
ALI GATO WHISKAS 500G CARNE CASTR,alimento pet,0.31867378034501886,f1_macro_on_full,minimize
"PIZZA SADIA 460G, 4 QJO",pizza congelada,0.31867378034501886,f1_macro_on_full,minimize
ALCATRA FRIBOI BIFE IQF CONG 800g,carne bovina,0.31867378034501886,f1_macro_on_full,minimize
ORQ PHALAENOP PRES  UN,plantas e sementes,0.31867378034501886,f1_macro_on_full,minimize
SIMBIOFLORA C/15 SACHES FARMOQUIMICA,outro farma,0.31867378034501886,f1_macro_on_full,minimize
DESOD NIVEA MEN DEEP CARVAO AE C/2 L P-,desodorante,0.31867378034501886,f1_macro_on_full,minimize
"SAB PALMOL NAT 85G, SENS PURIF CARVAO, .",sabonete,0.31867378034501886,f1_macro_on_full,minimize
CHOC.LACTA 20G SHOT AMENDOIM,chocolate,0.31867378034501886,f1_macro_on_full,minimize
GOMA MASCAR MENTOS PURE FRESH 16G MINT,goma de mascar,0.31867378034501886,f1_macro_on_full,minimize
SBAO BARRA ALWET 200 BRANCO 200G,sabonete,0.31867378034501886,f1_macro_on_full,minimize
ESPUMANTE SALTON BCO DEMI 750ML,espumante,0.31867378034501886,f1_macro_on_full,minimize
COPA PREZATO SADIA FAT 100G,outro embutido,0.31867378034501886,f1_macro_on_full,minimize
SABT LA FRUTA MACA 150g,sabonete,0.31867378034501886,f1_macro_on_full,minimize
"SABONETE FRANCIS 90g, AZUL",sabonete,0.31867378034501886,f1_macro_on_full,minimize
IOG GREGO NESTLE 90G TORTA MORANGO,iogurte,0.31867378034501886,f1_macro_on_full,minimize
VELA RIO CLARO C/8,vela,0.31867378034501886,f1_macro_on_full,minimize
PAPEL HIG NEVE L24 P21 F T 20M,papel higienico,0.31867378034501886,f1_macro_on_full,minimize
VINAGRE ARROZ PRINZ 750ML,vinagre,0.31867378034501886,f1_macro_on_full,minimize
CB BIFE CONTRA FILE RESERVA KG PAS,carne bovina,0.31867378034501886,f1_macro_on_full,minimize
"BISC AYMORE TORTINI 90g, CHOCOLATE",biscoito,0.31867378034501886,f1_macro_on_full,minimize
BEB ADE SC SUCO DE MORANGO 200ML,suco pronto,0.31867378034501886,f1_macro_on_full,minimize
PALETA PORCNDO SUINA APRECO KG CONG,carne suina,0.31867378034501886,f1_macro_on_full,minimize
SAPOLIO CREM RADIUM CLASSICO 250ML,saponaceo,0.31867378034501886,f1_macro_on_full,minimize
LEUCOGEN 200MG XAROPE C/120ML ACHE,outro farma,0.31867378034501886,f1_macro_on_full,minimize
MAC ALHO OLEO KG,macarrao,0.31867378034501886,f1_macro_on_full,minimize
ALIM GATOS WHISKAS 85G CORDEIRO,alimento pet,0.31867378034501886,f1_macro_on_full,minimize
CHOC.NESTLE 32G CHOKITO,chocolate,0.31867378034501886,f1_macro_on_full,minimize
ARTROLIVE C30 ENVELOPES DE 4G ACHE,outro farma,0.31867378034501886,f1_macro_on_full,minimize
ESPONJA TEKBOND MAGIGA 3UN-CX LIMP PESADA,esponja,0.31867378034501886,f1_macro_on_full,minimize
SABONETE DOVE 135G KARITE BAUNILHA,sabonete,0.31867378034501886,f1_macro_on_full,minimize
LUFTAFEM C 6 COMPRIMIDOS RECKITT,outro farma,0.31867378034501886,f1_macro_on_full,minimize
D.A.SUAVE 87G F FRUTAS VERM.,desodorante,0.31867378034501886,f1_macro_on_full,minimize
ALFACE CRESPA MENDONCA UN,alface,0.31867378034501886,f1_macro_on_full,minimize
AMAC ROUPA M-BIJOU 2L-FR MAGIA/VRM,amaciante,0.31867378034501886,f1_macro_on_full,minimize
"FETUCCINE SEARA 350G, BOLONH",outro congelado,0.31867378034501886,f1_macro_on_full,minimize
"DET PO SURF ROSA ROSA 1,6KG",lava roupas,0.31867378034501886,f1_macro_on_full,minimize
ESCOVA DENT ORAL-B KIDS MICKEY C/2,escova de dentes,0.31867378034501886,f1_macro_on_full,minimize
FARINHA MANDIOCA CRUA PINK 1kg,farinha de mandioca,0.31867378034501886,f1_macro_on_full,minimize
NESTON 3 CEREAIS 210G,modificadores de leite,0.31867378034501886,f1_macro_on_full,minimize
CR DENT CLOSEUP MENTA AMERICANA 70G,creme dental,0.31867378034501886,f1_macro_on_full,minimize
PEDRA SANIT LIPEX C/3 PERFUMADO,pedra sanitaria,0.31867378034501886,f1_macro_on_full,minimize
PACK SAB NIVEA SENS C6 90G  LM PM,sabonete,0.31867378034501886,f1_macro_on_full,minimize
PANETTONE  BAUDUCCO  500G,panificacao natal,0.31867378034501886,f1_macro_on_full,minimize
CREME HIDRATANTE NIV AZUL 56G,creme corporal,0.31867378034501886,f1_macro_on_full,minimize
VINHO PANUL CABERNET SAUVG 750ML,vinho importado,0.31867378034501886,f1_macro_on_full,minimize
LEITE PO NINHO INTEG 750G GTS 50G,leite em po,0.31867378034501886,f1_macro_on_full,minimize
NEBACETIN POMADA 15GR  HYPERA,outro farma,0.31867378034501886,f1_macro_on_full,minimize
CHOC. GAROTO BARRA ALO DOCURA   BR   90G,chocolate,0.31867378034501886,f1_macro_on_full,minimize
BISC MARILAN DISTR.BAUN/CHOC 360G,biscoito,0.31867378034501886,f1_macro_on_full,minimize
ACHOCOLATADO PO TODDY TWIX 350G,achocolatado,0.31867378034501886,f1_macro_on_full,minimize
LASANHA SADIA 600G FGO AO SUGO,lasanha congelada,0.31867378034501886,f1_macro_on_full,minimize
REFRIG FANTA UVA PET 250ML,refrigerante,0.31867378034501886,f1_macro_on_full,minimize
CO TRESEMME 400ML-FR RECONST E FORCA,condicionador,0.31867378034501886,f1_macro_on_full,minimize
SH CLEAR ANTICOCEIRA 400ML,shampoo,0.31867378034501886,f1_macro_on_full,minimize
C D SORRISO TRP/LIMP COM 120G PR ESP,creme dental,0.31867378034501886,f1_macro_on_full,minimize
AMAC BABY SOFT 3L INFINITY CARE AZUL,amaciante,0.31867378034501886,f1_macro_on_full,minimize
CHOC GAROTO 80G  AO LEITE,chocolate,0.31867378034501886,f1_macro_on_full,minimize
"CALDO PO SAZON 37,5G LEV GALINHA",caldo industrializado,0.31867378034501886,f1_macro_on_full,minimize
TORTA BOKITU S 600G 4LEITES,padaria e confeitaria industrializado,0.31867378034501886,f1_macro_on_full,minimize
CUECA SLIP PLUS 716 ZORBA PTO G,cueca,0.31867378034501886,f1_macro_on_full,minimize
BATATA MCCAIN TRAD PRE-FRITA 400g,batata congelada,0.31867378034501886,f1_macro_on_full,minimize
LING CUIABANA GOURMET 500G,linguica,0.31867378034501886,f1_macro_on_full,minimize
PAO FORMA CASEIRO PANCO 500G-PC MILHO,padaria e confeitaria industrializado,0.31867378034501886,f1_macro_on_full,minimize
AZEITONA VDE MARIZA SACHET 100g CB,azeitona,0.31867378034501886,f1_macro_on_full,minimize
AZEITONA VDE MARIZA SACHET 200G,azeitona,0.31867378034501886,f1_macro_on_full,minimize
IOG GREGO DANONE FONDUE MOR CHOC 100G,iogurte,0.31867378034501886,f1_macro_on_full,minimize
KIT PAULISTANIA 500ML CANECA,cerveja,0.31867378034501886,f1_macro_on_full,minimize
BISC MAISENA VILMA 200G,biscoito,0.31867378034501886,f1_macro_on_full,minimize
POKE GOURMET SN UN,aperitivo,0.31867378034501886,f1_macro_on_full,minimize
P HIG NEVE F/D 30MT LV12 PG11,papel higienico,0.31867378034501886,f1_macro_on_full,minimize
CALDO MAGGI TRAD 57G GALINHA,caldo industrializado,0.31867378034501886,f1_macro_on_full,minimize
SALG ROMANACHOS QUEIJO NACHO 80G,aperitivo,0.31867378034501886,f1_macro_on_full,minimize
CALDO MAGGI 114G CARNE,caldo industrializado,0.31867378034501886,f1_macro_on_full,minimize
LAVA ROUPA PO BRILHANTE 1.6KG GTS 150G,lava roupas,0.31867378034501886,f1_macro_on_full,minimize
BISC MAIZENA MINI MARILAN 350G,biscoito,0.31867378034501886,f1_macro_on_full,minimize
DESOD NIVEA FEM BLeWH CLEA AE C/2 LV PG-,desodorante,0.31867378034501886,f1_macro_on_full,minimize
ED SENSOD MULTIPROTE BRANCO 1UN,escova de dentes,0.31867378034501886,f1_macro_on_full,minimize
GARRAFA TERMICA EUREKA 750ML COLOR,garrafa termica,0.31867378034501886,f1_macro_on_full,minimize
COLOMBA BAUD TRUFA 600g,panificacao pascoa,0.31867378034501886,f1_macro_on_full,minimize
CAFE VAC EX FORTE MELITTA 500G,cafe,0.31867378034501886,f1_macro_on_full,minimize
REFRIG SPRITE ORIGINAL LATA 220ML,refrigerante,0.31867378034501886,f1_macro_on_full,minimize
BRAHMA DUPLO 350ML,cerveja,0.31867378034501886,f1_macro_on_full,minimize
LEITE PO NINHO SEMIDESN LT 350G,leite em po,0.31867378034501886,f1_macro_on_full,minimize
BANQUETA NITEROI TRAMONT PTO,banco,0.31867378034501886,f1_macro_on_full,minimize
BISC RECH BONO PC 90G CHOCOLATE,biscoito,0.31867378034501886,f1_macro_on_full,minimize
CHOC GAROTO CAJU/PASSAS 80g,chocolate,0.31867378034501886,f1_macro_on_full,minimize
CREME AVELA ZERO FLORMEL CACAU CROC 150G,creme de avela,0.31867378034501886,f1_macro_on_full,minimize
MOCOTO BOV KG,carne bovina,0.31867378034501886,f1_macro_on_full,minimize
LEITE UHT ITAMBE DESN TP 12X1L,leite,0.31867378034501886,f1_macro_on_full,minimize
FILE DE TILAPIA 800G BOUA,peixe,0.31867378034501886,f1_macro_on_full,minimize
ACAI GUARANA 3.6KG MEMBERS MARK,acai,0.31867378034501886,f1_macro_on_full,minimize
JOGO 2 PC NATURE SORTIDO,toalha,0.31867378034501886,f1_macro_on_full,minimize
MANTEIGA PORTO ALEGRE 500G C/SAL,manteiga,0.31867378034501886,f1_macro_on_full,minimize
UVA VERMELHA SEM SEMENTE CRFO 500G,uva,0.31867378034501886,f1_macro_on_full,minimize
RICOTA RODEIO FRESCA kg,queijo,0.31867378034501886,f1_macro_on_full,minimize
FIO DENTAL JOHNSON REACH MENTA 50M,fio dental,0.31867378034501886,f1_macro_on_full,minimize
FARINHA MAND AM GAMA LOPES GROSS 1KG CB,farinha de mandioca,0.31867378034501886,f1_macro_on_full,minimize
ARROZ DALON BRANCO PC 5KG,arroz,0.31867378034501886,f1_macro_on_full,minimize
"SABONETE DAVENE VEG 150g, LA FRUT MORANG",sabonete,0.31867378034501886,f1_macro_on_full,minimize
PROTETOR PROAUTO  200ML,automotivo,0.31867378034501886,f1_macro_on_full,minimize
CAMARAO COZI 160/200 800G MEMBERS M,fruto do mar,0.31867378034501886,f1_macro_on_full,minimize
SABON FLOR DE YPE ROSAS/AVELA   85G L6P5,sabonete,0.31867378034501886,f1_macro_on_full,minimize
DOCE FRUTA FORNO VELHO ESP PT 250G PIMENTA,outro doce,0.31867378034501886,f1_macro_on_full,minimize
LIMP PERF UAU PERF 1LT 20 DESC  LAVANDA,multiuso,0.31867378034501886,f1_macro_on_full,minimize
AMAC.ROUP.CONC.DOWNY 1L BRISA VERAO,amaciante,0.31867378034501886,f1_macro_on_full,minimize
GELATO COCO BACIO DI LATTE 490ML,sorvete,0.31867378034501886,f1_macro_on_full,minimize
LOCAO HID PELE EXTRA SECA NIVEA 200ML,creme corporal,0.31867378034501886,f1_macro_on_full,minimize
"LIMP M USO VEJA 500ML 10  DESC, FLORAL",multiuso,0.31867378034501886,f1_macro_on_full,minimize
MILHO VERDE UN,milho verde em conserva,0.31867378034501886,f1_macro_on_full,minimize
SUCO PINK LIMONADE 900ML,suco pronto,0.31867378034501886,f1_macro_on_full,minimize
CERV BUDWEISER MULTPACK C/15 LT 310ML UN,cerveja,0.31867378034501886,f1_macro_on_full,minimize
MACA EMB 1Kg,maca,0.31867378034501886,f1_macro_on_full,minimize
FRALDA HUGGIES TP MEGA C/32 XG,fralda,0.31867378034501886,f1_macro_on_full,minimize
ESPAG OREGON N.8 500G,macarrao,0.31867378034501886,f1_macro_on_full,minimize
PRESUNTO PIF PAF COZ KG PECA,presunto,0.31867378034501886,f1_macro_on_full,minimize
ABSORV SMP LIVRE C/32 NOT MAX SUAV L P-,absorvente,0.31867378034501886,f1_macro_on_full,minimize
REFIL TIRA MANCHA VANISH OXY ACTION  1KG,lava roupas,0.31867378034501886,f1_macro_on_full,minimize
"TEMP SABOR AMI 300G, PIMENTA",tempero pronto,0.31867378034501886,f1_macro_on_full,minimize
DIFUSOR AROMA SECAR SEMENTES NA.PT 100ML,aromatizador,0.31867378034501886,f1_macro_on_full,minimize
CERV BLACK PRINCESS DARK 600ML,cerveja,0.31867378034501886,f1_macro_on_full,minimize
SALPICAO REPOLHO KG,prato pronto,0.31867378034501886,f1_macro_on_full,minimize
QUEIJO CRIOULO 150GR MUSSARELA ZERO LACTOSE,queijo,0.31867378034501886,f1_macro_on_full,minimize
AGUA MINERAL GOYA C/GAS 500ML,agua,0.31867378034501886,f1_macro_on_full,minimize
PEDRA SANIT DESOFLOR LAVANDA 35g,pedra sanitaria,0.31867378034501886,f1_macro_on_full,minimize
"BOLO ROMANATO NAPOLIT 200G, GOT CHOC, .",padaria e confeitaria industrializado,0.31867378034501886,f1_macro_on_full,minimize
QJO MINAS FRESCAL CAST CAJU VIDAVEG 200G,queijo,0.31867378034501886,f1_macro_on_full,minimize
"PO P/REFRES FRESH 10G, LARANJA",preparo para suco,0.31867378034501886,f1_macro_on_full,minimize
CAST DE CAJU PREMIUM AMIGOS DO BEM 150G,"nozes, castanhas e outras oleaginosas",0.31867378034501886,f1_macro_on_full,minimize
ST.LUX BOTANICALS 85G C/4 PACK BUQ. JASMIM,sabonete,0.31867378034501886,f1_macro_on_full,minimize
CAFE CAPS NESCAFE D GUSTO C LUNGO C/10 70g,cafe,0.31867378034501886,f1_macro_on_full,minimize
COGMELO INTEIRO TING 100G,cogumelo,0.31867378034501886,f1_macro_on_full,minimize
"BISC BELMA WAFER 78g, CHOC",biscoito,0.31867378034501886,f1_macro_on_full,minimize
"DESOD NIVEA 50ML ROL, FEM SEM/PERFUME",desodorante,0.31867378034501886,f1_macro_on_full,minimize
ALFACE AMERICANA ORG HIGIEN RDU 200G,alface,0.31867378034501886,f1_macro_on_full,minimize
VINAG MACA COOP 750ML,vinagre,0.31867378034501886,f1_macro_on_full,minimize
REQ CREM TRAD VIGOR 200G,requeijao,0.31867378034501886,f1_macro_on_full,minimize
BOLO DE CHOCOLATE KG MEMBER S MARK,padaria e confeitaria fresca,0.31867378034501886,f1_macro_on_full,minimize
FLOR KALANCHOE DOB MINI P09,plantas e sementes,0.31867378034501886,f1_macro_on_full,minimize
PAO BAGUETE ESPECIAL KG,padaria e confeitaria fresca,0.31867378034501886,f1_macro_on_full,minimize
PH NEVE SUPRE FT PRETO L24P21,papel higienico,0.31867378034501886,f1_macro_on_full,minimize
TANTIN C/28 COMPRIMIDOS BIOLAB,outro farma,0.31867378034501886,f1_macro_on_full,minimize
CHOCOLATE NEUGEBAUER 80G AO LEITE,chocolate,0.31867378034501886,f1_macro_on_full,minimize
BEB CAST ATDC CHONUT  1L,outra bebida,0.31867378034501886,f1_macro_on_full,minimize
TOMATE GRAPE PINHAL 250G,tomate,0.31867378034501886,f1_macro_on_full,minimize
EXT TOMATE SAB STROGONOFF ELEFANTE 130G,extrato de tomate,0.31867378034501886,f1_macro_on_full,minimize
"DESOD DOVE 50ML ROL MASC, CUID TOTAL",desodorante,0.31867378034501886,f1_macro_on_full,minimize
GRAO DE BICO ODERICH LTA 220g,grao de bico,0.31867378034501886,f1_macro_on_full,minimize
TEMP AJISAL RECRIA-SABOR 250G-PC,tempero pronto,0.31867378034501886,f1_macro_on_full,minimize
"SUCO SUQ LARANJA                GF 3,6LT",suco pronto,0.31867378034501886,f1_macro_on_full,minimize
CB CONTRA FILE KG PORCIONADO PECA A VACUO,carne bovina,0.31867378034501886,f1_macro_on_full,minimize
BACON TABLETE SEARA GOURMET KG,carne suina,0.31867378034501886,f1_macro_on_full,minimize
TALCO TRA LA LA BABY SUAVE 160g,talco infantil,0.31867378034501886,f1_macro_on_full,minimize
LING CALAB DEFD SADIA COZ 500G-PC,linguica,0.31867378034501886,f1_macro_on_full,minimize
VELA N8 AZ  KIREY,vela comemorativa,0.31867378034501886,f1_macro_on_full,minimize
MORTADELA PERDIGAO 1KG,mortadela,0.31867378034501886,f1_macro_on_full,minimize
PENEIRA PLASVALE PEQ 641,outro utensilio de cozinha,0.31867378034501886,f1_macro_on_full,minimize
ACAI MILeROSS 200G TRADICIONAL/GRANOLA,acai,0.31867378034501886,f1_macro_on_full,minimize
PRATO BOMPACK 15CM C/10 AZUL,prato descartavel,0.31867378034501886,f1_macro_on_full,minimize
LING TOSC FRIMESA KG,linguica,0.31867378034501886,f1_macro_on_full,minimize
"AMACIANTE DOWNY 500ML, BRISA VERAO",amaciante,0.31867378034501886,f1_macro_on_full,minimize
ESC DENT INF ORAL-B MICKEY,escova de dentes,0.31867378034501886,f1_macro_on_full,minimize
CERV STELLA ARTOIS PUREGOL L/N 330ML,cerveja,0.31867378034501886,f1_macro_on_full,minimize
SAB BARRA GLIC GRANADO TRADICIONAL 90G,sabonete,0.31867378034501886,f1_macro_on_full,minimize
VINHO CHI CASIL DEL DIABLO CAR 750ML,vinho importado,0.31867378034501886,f1_macro_on_full,minimize
MINI BOLO ITAL BALCONI 350G-PC MIX MAX,padaria e confeitaria industrializado,0.31867378034501886,f1_macro_on_full,minimize
BISC ARTESANAL BOLAMEL 400G,biscoito,0.31867378034501886,f1_macro_on_full,minimize
HIBISQS PETIT PT13 LARANJA,plantas e sementes,0.31867378034501886,f1_macro_on_full,minimize
QA CAPSULA CAFE ETIOPIA 50G,cafe,0.31867378034501886,f1_macro_on_full,minimize
CHOC NEST PRESTIGIO 90G MAXI CHOC,chocolate,0.31867378034501886,f1_macro_on_full,minimize
"CHOC ARCOR TAB 80G, ROCKLETS, .",chocolate,0.31867378034501886,f1_macro_on_full,minimize
BOL MOUS LIMAO 250G KIT ENCANTO,padaria e confeitaria fresca,0.31867378034501886,f1_macro_on_full,minimize
"BOLO BAUDUCCO 34G ROLL, CHOCOLATE",padaria e confeitaria industrializado,0.31867378034501886,f1_macro_on_full,minimize
GELATINA DR.OETKER FRAMBOESA 20G,gelatina,0.31867378034501886,f1_macro_on_full,minimize
SABAO BARRA YPE 180G MULTIATIVO,sabonete,0.31867378034501886,f1_macro_on_full,minimize
SALG BACON PIPPOS 30G 30G,aperitivo,0.31867378034501886,f1_macro_on_full,minimize
"GELATINA DR OETKER 12G DIET, AMORA",gelatina,0.31867378034501886,f1_macro_on_full,minimize
CHOC NEUGEBAUER 90G FLOCOS,chocolate,0.31867378034501886,f1_macro_on_full,minimize
CERV ANTARCTICA 12X350ML,cerveja,0.31867378034501886,f1_macro_on_full,minimize
BOLINHO CASA SUICA NOZES ZERO 35G,padaria e confeitaria industrializado,0.31867378034501886,f1_macro_on_full,minimize
KIT SH 375ML COND 170ML ELSEVE REP TOTAL 5 UN,kit para cabelos,0.31867378034501886,f1_macro_on_full,minimize
SH PALMOLIVE NUTRI LISS 350ML,shampoo,0.31867378034501886,f1_macro_on_full,minimize
REFRESCO PO FRISCO GUARANA 25G,preparo para suco,0.31867378034501886,f1_macro_on_full,minimize
LATA NATALINA COOKIE  100G,produto sazonal,0.31867378034501886,f1_macro_on_full,minimize
"BALA ARCOR BUT TOF 500G, CHOK TRUF, .",bala,0.31867378034501886,f1_macro_on_full,minimize
SUCO DE UVA E MACA 6X180ML,suco pronto,0.31867378034501886,f1_macro_on_full,minimize
CHOC ALPINO LEITE 25G,chocolate,0.31867378034501886,f1_macro_on_full,minimize
AP DEPIL PRESTOBARBA ULTRAGRIP 2un,aparelho de barbear e depilatorio,0.31867378034501886,f1_macro_on_full,minimize
SORV OVOMALTINE KIBON 800ML,sorvete,0.31867378034501886,f1_macro_on_full,minimize
CJT 2 FRIGIDEIRAS MASTERCHEF,panela,0.31867378034501886,f1_macro_on_full,minimize
PANET INTEG CREAM PERA 750G VECCHIO,panificacao natal,0.31867378034501886,f1_macro_on_full,minimize
CAP CAF AULAIT DESN DOLCE GUSTO 160G C16,cafe,0.31867378034501886,f1_macro_on_full,minimize
MEDALHAO FILE MIGNON CRFO KG,carne bovina,0.31867378034501886,f1_macro_on_full,minimize
SALANOVA MIMO VD UN UN,prato pronto,0.31867378034501886,f1_macro_on_full,minimize
BISTECA DA COPA SU NA RESFRIADA KG,carne suina,0.31867378034501886,f1_macro_on_full,minimize
TOMATE ITA PCT 1KG  1KG,tomate,0.31867378034501886,f1_macro_on_full,minimize
IOG INTEGRAL FAZENDA 3X170G,iogurte,0.31867378034501886,f1_macro_on_full,minimize
GLADE GEL T MAC AZUL 70G,aromatizador,0.31867378034501886,f1_macro_on_full,minimize
FARELO AVEIA MAE TERRA           CX 170G,aveia e seus derivados,0.31867378034501886,f1_macro_on_full,minimize
CAFE DOLCE GUSTO CAPS BUONGIOR C/16 144g,cafe,0.31867378034501886,f1_macro_on_full,minimize
DOCE AMENDOIM GIBI SANTA HELENA 110G,outro doce,0.31867378034501886,f1_macro_on_full,minimize
BEBIDA ENERG.BALY               FC   2LT,energetico,0.31867378034501886,f1_macro_on_full,minimize
OVO KI DOCURA 350G CLASSICOS,ovo de pascoa,0.31867378034501886,f1_macro_on_full,minimize
REFRESCO PO TANG LARANJA 250G L10P8,preparo para suco,0.31867378034501886,f1_macro_on_full,minimize
REFRESCO PO TANG ABACAXI 250G L10P8,preparo para suco,0.31867378034501886,f1_macro_on_full,minimize
"MAC GALO 500G SEM, PENA",macarrao,0.31867378034501886,f1_macro_on_full,minimize
REFRESCO PO TANG  UVA 250G L10P8,preparo para suco,0.31867378034501886,f1_macro_on_full,minimize
CAMARAO DESC 71 90 400G 400G,fruto do mar,0.31867378034501886,f1_macro_on_full,minimize
PICANHA ARG CONG ARREBEEF KG,carne bovina,0.31867378034501886,f1_macro_on_full,minimize
PAO QUEIJO SOL MINEIRO PC 1KG,massa de pao de queijo,0.31867378034501886,f1_macro_on_full,minimize
"BISC PASSATEMPO 150G, LEITE",biscoito,0.31867378034501886,f1_macro_on_full,minimize
BISC MARIA PILAR 350G,biscoito,0.31867378034501886,f1_macro_on_full,minimize
"TEMP MAGGI 120G, GRILL",tempero pronto,0.31867378034501886,f1_macro_on_full,minimize
"CHOC BARRA HERSHEYS, 92G AO LEITE",chocolate,0.31867378034501886,f1_macro_on_full,minimize
BISC C CRAKER TRADIC MARILA 400G,biscoito,0.31867378034501886,f1_macro_on_full,minimize
CREME DENT COLG LIMINOUS WHITE GLOW 70g,creme dental,0.31867378034501886,f1_macro_on_full,minimize
TAMPA ASA BRASIL P/PIA/LAVATORIO,outro bazar e departamentos,0.31867378034501886,f1_macro_on_full,minimize
AGUA MINERAL VIVA S/GAS GF 1.5l,agua,0.31867378034501886,f1_macro_on_full,minimize
BATATA LAYS CLASSICA 135g,aperitivo,0.31867378034501886,f1_macro_on_full,minimize
PEITO PERU DEFUM SADIA SOLTISSI FAT 200G,peito de peru,0.31867378034501886,f1_macro_on_full,minimize
DESOD AER SUAVE FEM 87G HIDRALOE,desodorante,0.31867378034501886,f1_macro_on_full,minimize
C D CLOSE UP TRIPLE MENTA 150G,creme dental,0.31867378034501886,f1_macro_on_full,minimize
CR TRAT ELSEVE DREAM LONG 300G,creme de tratamento,0.31867378034501886,f1_macro_on_full,minimize
"BISC VITARELLA WAFER 80g, BRIGADEIRO",biscoito,0.31867378034501886,f1_macro_on_full,minimize
BEB LACT BATAVO BD 540G MORANGO,bebida lactea,0.31867378034501886,f1_macro_on_full,minimize
CERVEJA PETRA PURO MALTE 269ML-LT,cerveja,0.31867378034501886,f1_macro_on_full,minimize
MELAO CANTALUPE CRFO KG,melao,0.31867378034501886,f1_macro_on_full,minimize
CERVEJA LOHN BIER P.MALTE VIENA GF 600ML,cerveja,0.31867378034501886,f1_macro_on_full,minimize
PILHA ALCALINA OUROLUX PAL AAA C4,pilha,0.31867378034501886,f1_macro_on_full,minimize
COLOMBA PASCAL BAUDUCCO 600G  MOUSSE,panificacao pascoa,0.31867378034501886,f1_macro_on_full,minimize
SAB LIQ RF REXONA AN ORCHID 200ML,sabonete,0.31867378034501886,f1_macro_on_full,minimize
AMENDOIM PPA PAULISTA BRANCO 500g,amendoim,0.31867378034501886,f1_macro_on_full,minimize
MORTADELA TONY S/CUBOS TOUCINHO 500G,mortadela,0.31867378034501886,f1_macro_on_full,minimize
FK PRATO SOBREMESA CORACAO,prato,0.31867378034501886,f1_macro_on_full,minimize
"VINHO CHALISE 750ML, BC SVE, .",vinho nacional,0.31867378034501886,f1_macro_on_full,minimize
PIZZA KG FRANGO,padaria e confeitaria fresca,0.31867378034501886,f1_macro_on_full,minimize
GELATINA PO DR OETKER AMOR CX 20G,gelatina,0.31867378034501886,f1_macro_on_full,minimize
ALIM GATOS FRISKIES DELIC FAZEN 1KG,alimento pet,0.31867378034501886,f1_macro_on_full,minimize
FAR TRIGO BADOTTI 5KG-PC P/PASTEL MASSAS FRESCAS,farinha de trigo,0.31867378034501886,f1_macro_on_full,minimize
"TORRADA MARILAN MAGIC TOAST, 150G ORIG",torrada,0.31867378034501886,f1_macro_on_full,minimize
QUEIJO PIRACANJUBA PRATO LANCHE KG(13),queijo,0.31867378034501886,f1_macro_on_full,minimize
CUCA DE FAROFA KG  KG,outro doce,0.31867378034501886,f1_macro_on_full,minimize
"BOLINHO BAUDUCCO 40G, CHOC",padaria e confeitaria industrializado,0.31867378034501886,f1_macro_on_full,minimize
"BISC ARIBE WAFER 100g, MORANGO",biscoito,0.31867378034501886,f1_macro_on_full,minimize
PIMENTAO MISTO,pimentao,0.31867378034501886,f1_macro_on_full,minimize
SABONETE DOVE C/6 90G ERVA DOCE/CAMOMILA,sabonete,0.31867378034501886,f1_macro_on_full,minimize
BISC RECH MARILAN CHOCOLATE 90G,biscoito,0.31867378034501886,f1_macro_on_full,minimize
CB FARINHA TRIGO 5KG ATAC2,farinha de trigo,0.31867378034501886,f1_macro_on_full,minimize
PAO INT OMEGA 3 PANCO 380G,padaria e confeitaria industrializado,0.31867378034501886,f1_macro_on_full,minimize
LAVA ROUPA LIQ ARIEL CORES RADI 10X700ML,lava roupas,0.31867378034501886,f1_macro_on_full,minimize
CAFE CAPS NESCAFE D GUSTO AU LAIT VAN C/10 110g,cafe,0.31867378034501886,f1_macro_on_full,minimize
"LIMP MR MUSCULO COZ SCH 400ML, LIMAO, .",multiuso,0.31867378034501886,f1_macro_on_full,minimize
MOLHO INGLES TAMBAU  150ML,molho ingles,0.31867378034501886,f1_macro_on_full,minimize
PAO FORMA ROMANA INTEGRAL 500g,padaria e confeitaria industrializado,0.31867378034501886,f1_macro_on_full,minimize
MANDIOQUINHA BD KG,mandioquinha,0.31867378034501886,f1_macro_on_full,minimize
IOGURTE BATAVO MORANGO              170G,iogurte,0.31867378034501886,f1_macro_on_full,minimize
PASSATA FUGINI SCH 300G,molho de tomate,0.31867378034501886,f1_macro_on_full,minimize
CREAM CHEESE ORIG PHILADELPHIA 300G,queijo cremoso,0.31867378034501886,f1_macro_on_full,minimize
CREME QUEIJO BATAVO NUV MORANGO  PT 100G,iogurte,0.31867378034501886,f1_macro_on_full,minimize
CAFE TRES CORACOES VP TRAD 4X500G,cafe,0.31867378034501886,f1_macro_on_full,minimize
FITA CREPE ADERE TAPEFIX U.GERAL 19X10m,fita adesiva,0.31867378034501886,f1_macro_on_full,minimize
BISC RECH BAUN 63X 140G NEGRES,biscoito,0.31867378034501886,f1_macro_on_full,minimize
BAL MOLE FLO 125G,bala,0.31867378034501886,f1_macro_on_full,minimize
FILE DE ATUM AO AZEITE 125GR,peixe,0.31867378034501886,f1_macro_on_full,minimize
"LTE FERM NESTLE 6X120G, CHAMYTO, .",leite fermentado,0.31867378034501886,f1_macro_on_full,minimize
CAMOMILA PAU VERONICA 25G,cha por infusao,0.31867378034501886,f1_macro_on_full,minimize
ALI GATO WHISKAS 500G PEIXE,alimento pet,0.31867378034501886,f1_macro_on_full,minimize
AGUA MINERAL NATURAGUA C/GAS 315ML,agua,0.31867378034501886,f1_macro_on_full,minimize
ESCOVA DENT CONDOR TRIP L2P1 8035,escova de dentes,0.31867378034501886,f1_macro_on_full,minimize
"CAFE PILAO 500G, ALMOFADA EXTRA FORTE",cafe,0.31867378034501886,f1_macro_on_full,minimize
SH MONANGE HIDRATA C HIDRAT 325ML,shampoo,0.31867378034501886,f1_macro_on_full,minimize
"NECTAR DEL VALLE M KAPO 200ml, LARANJA",suco pronto,0.31867378034501886,f1_macro_on_full,minimize
AGUA DE COCO DUCOCO TP 200ML,agua de coco,0.31867378034501886,f1_macro_on_full,minimize
ACTIVIA DANONE SHOT ABA/GEN     FC  100G,iogurte,0.31867378034501886,f1_macro_on_full,minimize
FRILANCHE FRIMESA               AV    KG,prato pronto,0.31867378034501886,f1_macro_on_full,minimize
ALCOOL LIQ 46 ZUPP 1L,alcool,0.31867378034501886,f1_macro_on_full,minimize
BOLO LEITIN C AVELA KG,padaria e confeitaria fresca,0.31867378034501886,f1_macro_on_full,minimize
UVA NIAGARA EMB CRFO 500g,uva,0.31867378034501886,f1_macro_on_full,minimize
LAVA ROU BRILUX COCO 3L,lava roupas,0.31867378034501886,f1_macro_on_full,minimize
GEL DAMASC CONFIARE 340G,geleia,0.31867378034501886,f1_macro_on_full,minimize
GARFO GOLDENPLAST SOBREMESA BRANCO C/25,talher descartavel,0.31867378034501886,f1_macro_on_full,minimize
"SUCO TP MAGUARY 1L, MORANGO",suco pronto,0.31867378034501886,f1_macro_on_full,minimize
MASSA DE TAPIOCA 1KG  1UN,tapioca,0.31867378034501886,f1_macro_on_full,minimize
DESOD AER NIVEA SILVER PROTECT 90G,desodorante,0.31867378034501886,f1_macro_on_full,minimize
ARIEL CLASSICO 3L,lava roupas,0.31867378034501886,f1_macro_on_full,minimize
"TOMATE PAGANINI 400G, S/PELE, .",vegetal higienizado e processado,0.31867378034501886,f1_macro_on_full,minimize
REXONA DEO AER PES DELICATE 153ML,desodorante,0.31867378034501886,f1_macro_on_full,minimize
ESP MUL 1 CONFIARE,esponja,0.31867378034501886,f1_macro_on_full,minimize
"MAC RENATA S/G 500G, ESPAG 8, .",macarrao,0.31867378034501886,f1_macro_on_full,minimize
CR QUARK MUV BATAVO 100G-CP CALDA DAMASCO,iogurte,0.31867378034501886,f1_macro_on_full,minimize
"TEMP PO SAZON 60G, LARANJA",tempero pronto,0.31867378034501886,f1_macro_on_full,minimize
IOG LIQ CORPUS VIT 0 LAC 850G,iogurte,0.31867378034501886,f1_macro_on_full,minimize
LIMP PERF-NATZ VEJA 500ML-GTS 30  DESC FLOR-SONHO,multiuso,0.31867378034501886,f1_macro_on_full,minimize
CONFEITO M MS 45G  CHOCOLATE,chocolate,0.31867378034501886,f1_macro_on_full,minimize
PICANHA VACUO RESF EG KG,carne bovina,0.31867378034501886,f1_macro_on_full,minimize
PICANHA BOVINA TIPO A VACUO KG,carne bovina,0.31867378034501886,f1_macro_on_full,minimize
CALDO PO KNORR 35G C/5 GALINHA,caldo industrializado,0.31867378034501886,f1_macro_on_full,minimize
LEITE UHT INTEGRAL PIRACANJUBA TAMPA 1L,leite,0.31867378034501886,f1_macro_on_full,minimize
CERVEJA BUDWEISER 300ML RET,cerveja,0.31867378034501886,f1_macro_on_full,minimize
VHO ALAMOS MALBEC 750 ML,vinho importado,0.31867378034501886,f1_macro_on_full,minimize
POLPA DE FRUTA CAJA ALI POLPA 400G,vegetal congelado,0.31867378034501886,f1_macro_on_full,minimize
REFRESCO PO FRISCO SALADA FRUTAS 25g,preparo para suco,0.31867378034501886,f1_macro_on_full,minimize
DOCIGOMA CORACAO SORTIDO 190G,bala,0.31867378034501886,f1_macro_on_full,minimize
ALV PERF BRIL FLO  1L,alvejante,0.31867378034501886,f1_macro_on_full,minimize
HORTELA UNID  UNID,hortela,0.31867378034501886,f1_macro_on_full,minimize
CR D EVEN GEL MENTA FRESH 70G,creme dental,0.31867378034501886,f1_macro_on_full,minimize
BANANADA CREM FLORMEL 22G S/ACUC,bananada,0.31867378034501886,f1_macro_on_full,minimize
VINAGRE ALCOOL MINHOTO PET 500ML,vinagre,0.31867378034501886,f1_macro_on_full,minimize
ACUC CRI PATEKO  5KG,acucar,0.31867378034501886,f1_macro_on_full,minimize
LING CALAB SABOR LIM 400G,linguica,0.31867378034501886,f1_macro_on_full,minimize
AL CAO FIL PEDIGREE 1KG,alimento pet,0.31867378034501886,f1_macro_on_full,minimize
BEB LACTEA VIT COOPER 200ML,bebida lactea,0.31867378034501886,f1_macro_on_full,minimize
MIX GR CEN CALDO BOM  500GR,outro grao,0.31867378034501886,f1_macro_on_full,minimize
VINAGRE CASTELO FRUTA MACA 750ML,vinagre,0.31867378034501886,f1_macro_on_full,minimize
SACO LIXO DOVER ROLL PIA BANHEIRO 50UN,saco de lixo,0.31867378034501886,f1_macro_on_full,minimize
FRALDINHA BV BDJ KG,carne bovina,0.31867378034501886,f1_macro_on_full,minimize
ABS S/LIVRE ADAPT AG NAT C/AB C/8,absorvente,0.31867378034501886,f1_macro_on_full,minimize
BISC CRACKER MARILAN 400G TRADICIONAL,biscoito,0.31867378034501886,f1_macro_on_full,minimize
MOLHO TOM PARMEGIANA QUERO SCH 300G,molho de tomate,0.31867378034501886,f1_macro_on_full,minimize
DESOD SANIT PAST INSPIRA MARI 3UN,desodorante,0.31867378034501886,f1_macro_on_full,minimize
"LAVA ROUPAS PO BRILHANTE G.200G PE 1,6KG",lava roupas,0.31867378034501886,f1_macro_on_full,minimize
GENGIBRE MOIDO KITANO 15G,outro condimento,0.31867378034501886,f1_macro_on_full,minimize
FR HUGG SUP MG G32 VERMEL G32,fralda,0.31867378034501886,f1_macro_on_full,minimize
BISC BRANDINI COCO 350G,biscoito,0.31867378034501886,f1_macro_on_full,minimize
BALA BUTTER TOFFEES LIMAO 100G,bala,0.31867378034501886,f1_macro_on_full,minimize
SALAME FAT SEARA GOURMET 100G-BORDA PIMENTA,salame,0.31867378034501886,f1_macro_on_full,minimize
"BATATA ELMA CHIPS RUFF 40G, CHURR, .",aperitivo,0.31867378034501886,f1_macro_on_full,minimize
BEB C/SUCO D.VALLE 200ML PESSEG,suco pronto,0.31867378034501886,f1_macro_on_full,minimize
MAGRO DIET TANGERINA  8G,preparo para suco,0.31867378034501886,f1_macro_on_full,minimize
BISC KROKAN PCT 600G  COCO,biscoito,0.31867378034501886,f1_macro_on_full,minimize
PANET BAUDUC 80G MINI CHOCOTTONE,panificacao natal,0.31867378034501886,f1_macro_on_full,minimize
AROMATIZ GEL RODABRISA CARRO NOVO 60G,automotivo,0.31867378034501886,f1_macro_on_full,minimize
CHOCOLATE NESTLE 85G ALPINO DARK MILK 61,chocolate,0.31867378034501886,f1_macro_on_full,minimize
REGALIZ FRAMB. TUBO 10X44GR DORI,bala,0.31867378034501886,f1_macro_on_full,minimize
BISC ISABELA WAFER PC 100G CHOC BRANCO,biscoito,0.31867378034501886,f1_macro_on_full,minimize
APAR BIC COMFORT 3 SENSIVEL C/2,aparelho de barbear e depilatorio,0.31867378034501886,f1_macro_on_full,minimize
AGUA SANIT BRANMIX MULT ACAO 5L,agua sanitaria,0.31867378034501886,f1_macro_on_full,minimize
BISC AYMORE SALPET 200G,biscoito,0.31867378034501886,f1_macro_on_full,minimize
BATATA LAVADA PCT 2KG,batata,0.31867378034501886,f1_macro_on_full,minimize
BALA GELATINA FINI 90G BANANA,bala,0.31867378034501886,f1_macro_on_full,minimize
CERV ORIGINAL GRF . 600ML,cerveja,0.31867378034501886,f1_macro_on_full,minimize
CHOCOWAFER ZOO ANIMA 126G,biscoito,0.31867378034501886,f1_macro_on_full,minimize
IOG DANONE GREGO LIGHT ORIG/MARACUJA800g,iogurte,0.31867378034501886,f1_macro_on_full,minimize
BEB ORIGINAL NUTS AMENDOA 1L,outra bebida,0.31867378034501886,f1_macro_on_full,minimize
MOLHO SOJA SAKURA TRADIC PET 500ml,molho shoyu,0.31867378034501886,f1_macro_on_full,minimize
LEITE LIQ PARMALAT INTEGRAL 1l,leite,0.31867378034501886,f1_macro_on_full,minimize
FILE TILAPIA RESF S PELE SKIN 400GR,peixe,0.31867378034501886,f1_macro_on_full,minimize
SALG BATATA YOKI 90G ONDUL CHURRASC,aperitivo,0.31867378034501886,f1_macro_on_full,minimize
CERV BOHEMIA L.NECK. 355ML,cerveja,0.31867378034501886,f1_macro_on_full,minimize
LTE PO PARMALAT INTEG INST 800G,leite em po,0.31867378034501886,f1_macro_on_full,minimize
ARROZ AMBONI PARBOILIZADO       PE   1KG,arroz,0.31867378034501886,f1_macro_on_full,minimize
GORDURA PRIMOR 500G,carne bovina,0.31867378034501886,f1_macro_on_full,minimize
POLPA NORDESTAO ABACAXI PC 400G,polpa de fruta congelada,0.31867378034501886,f1_macro_on_full,minimize
FERMENTO PO ROYAL 100g,fermento,0.31867378034501886,f1_macro_on_full,minimize
BISC WAFER BONO ALPINO 110G,biscoito,0.31867378034501886,f1_macro_on_full,minimize
FJ PTO CONFIARE  1KG,feijao,0.31867378034501886,f1_macro_on_full,minimize
SABAO PD YPE NATURAL 200G 100  VEGETAL,sabao em pedra,0.31867378034501886,f1_macro_on_full,minimize
MARSHMALLOW HARIBO BLUE         PE  80GR,bala,0.31867378034501886,f1_macro_on_full,minimize
PAP HIG F.S MILI BIANCO 60M C/12 NEUT,papel higienico,0.31867378034501886,f1_macro_on_full,minimize
IOGURTE POLPA NESTLE MORANGO 510G,iogurte,0.31867378034501886,f1_macro_on_full,minimize
REQUEIJAO CREMOSO TRAD BATAVO 200g,requeijao,0.31867378034501886,f1_macro_on_full,minimize
GELATINA FLEISCHMANN MORANGO 20G,gelatina,0.31867378034501886,f1_macro_on_full,minimize
LEITE COND.TIROL ABRE FACIL     TP 395GR,leite condensado,0.31867378034501886,f1_macro_on_full,minimize
FUBA MIMOSO EXTRA YOKI 1KG,fuba,0.31867378034501886,f1_macro_on_full,minimize
CHARQUE FRIBOI 500G TRAS,charque e carne seca,0.31867378034501886,f1_macro_on_full,minimize
BATATA PALHA YOKI 105G TRAD,vegetal em palha,0.31867378034501886,f1_macro_on_full,minimize
FLOCAO SAO BRAZ PREMIUM 500g,floco de milho,0.31867378034501886,f1_macro_on_full,minimize
REQUEIJAO BATAVO CREM C/QUEIJ LIGHT 400G,requeijao,0.31867378034501886,f1_macro_on_full,minimize
REQ CULI PIRA 400G 400G,requeijao,0.31867378034501886,f1_macro_on_full,minimize
FOLHA ALUMINIO PANELUX 28CMX7 5M,folha de aluminio,0.31867378034501886,f1_macro_on_full,minimize
CHOCO SORINETTE CEREALS SORINI 120G,bombom,0.31867378034501886,f1_macro_on_full,minimize
FEIJAO PRETO SABOROSO T1 1KG,feijao,0.31867378034501886,f1_macro_on_full,minimize
ACHOC PO ORIGINAL TODDY PT 750G,achocolatado,0.31867378034501886,f1_macro_on_full,minimize
CHOC SHOT 90G,chocolate,0.31867378034501886,f1_macro_on_full,minimize
AMEND COB OVINHO CHIANG 150G,amendoim,0.31867378034501886,f1_macro_on_full,minimize
CREME DEN. SENSODYNE RAP.AL.L3P2CJ  270G,creme dental,0.31867378034501886,f1_macro_on_full,minimize
PAO HOT DOG  200G,padaria e confeitaria fresca,0.31867378034501886,f1_macro_on_full,minimize
SALAME ITAL SADIA FAT,salame,0.31867378034501886,f1_macro_on_full,minimize
HIDRAT NIVEA BODY LOTION 200ml,creme corporal,0.31867378034501886,f1_macro_on_full,minimize
CORACAO FRANGO AVE NOVA CONG PCT 800G,carne de ave,0.31867378034501886,f1_macro_on_full,minimize
CALCA JEANS WRGLR AZL 100ALG 1004 MJPV21,calca,0.31867378034501886,f1_macro_on_full,minimize
CHOC ARCOR AO LEITE 150g,chocolate,0.31867378034501886,f1_macro_on_full,minimize
BARRA PROTEINA NUTS EJOY CRAN AMAR 70G,barra alimentar,0.31867378034501886,f1_macro_on_full,minimize
TIRA MANCHAS PO VANISH OXI ADVANCE,alvejante,0.31867378034501886,f1_macro_on_full,minimize
CREME CHANTILLY HULALA 200ml,outro laticinio refrigeirado,0.31867378034501886,f1_macro_on_full,minimize
DESINF AQUAFAST 500ML PAIXAO,desinfetante,0.31867378034501886,f1_macro_on_full,minimize
"DONUTS MELHOR BOCADO 70G, DOCE LEITE",padaria e confeitaria fresca,0.31867378034501886,f1_macro_on_full,minimize
DOCE LEITE SOUVENIR BR 400G  PURO,outro doce,0.31867378034501886,f1_macro_on_full,minimize
TEMP AJI-NO-MOTO 100G,tempero pronto,0.31867378034501886,f1_macro_on_full,minimize
ATUM ROBINSON CRUSOE RALADO LT 170G NATURAL,proteina em conserva,0.31867378034501886,f1_macro_on_full,minimize
ENERGETICO FLYING HORSE 2L PET FRUT AMAR,energetico,0.31867378034501886,f1_macro_on_full,minimize
SABONETE YPE FLOR SUAVE MAGIA LI 90g,sabonete,0.31867378034501886,f1_macro_on_full,minimize
VASSOURA CONDOR MADRI NYLON,vassoura,0.31867378034501886,f1_macro_on_full,minimize
REFRI ITUBAINA SCHIN RETRO LT 350ML,refrigerante,0.31867378034501886,f1_macro_on_full,minimize
ALVEJ CANDURA LAVANDA 1L,alvejante,0.31867378034501886,f1_macro_on_full,minimize
SUPER FERMENTO FLEISCHMANN 13GR,fermento,0.31867378034501886,f1_macro_on_full,minimize
BISC PANCO 140G,biscoito,0.31867378034501886,f1_macro_on_full,minimize
CERVEJA BOHEMIA              CX 15X310ML,cerveja,0.31867378034501886,f1_macro_on_full,minimize
SAB PROTEX 85G ANTIBAC L6 P- LIMPEZ PROF,sabonete,0.31867378034501886,f1_macro_on_full,minimize
ALECRIM AROMA KISABO 20G,alecrim,0.31867378034501886,f1_macro_on_full,minimize
MACN CHEESE SADIA 300G CALABRESA,outro congelado,0.31867378034501886,f1_macro_on_full,minimize
DOCE ABOB KIDOCE 200G,outro doce,0.31867378034501886,f1_macro_on_full,minimize
GLADE AUT RF FRUT FL VERME 269ML,aromatizador,0.31867378034501886,f1_macro_on_full,minimize
RACAO UMIDA PEDIG AD R PEQ CARNE 100G,alimento pet,0.31867378034501886,f1_macro_on_full,minimize
COLA LOCTITE SUPER BONDER 3G,cola,0.31867378034501886,f1_macro_on_full,minimize
CHA ANIS ESTREL NATUERVAS 15G,cha por infusao,0.31867378034501886,f1_macro_on_full,minimize
QUENTAO ALIANCA ZERO ALCOOL     FC    1L,quentao,0.31867378034501886,f1_macro_on_full,minimize
TALHER AVULSO LEME VERMELHO,talher,0.31867378034501886,f1_macro_on_full,minimize
SANITZ LAVA RPA BRILHANTE 800G-SC ANTIBAC,lava roupas,0.31867378034501886,f1_macro_on_full,minimize
PLUGADOS QUADRADO MORANGO 130G,biscoito,0.31867378034501886,f1_macro_on_full,minimize
BISC SALGADO VITARELLA 350G CREAM CRACK,biscoito,0.31867378034501886,f1_macro_on_full,minimize
P HIG COTTON F/D 30MT C/4,papel higienico,0.31867378034501886,f1_macro_on_full,minimize
VHO TTO CHI TERRO D MONDE CAMENERE 750ML,vinho importado,0.31867378034501886,f1_macro_on_full,minimize
"EXT TOMATE QUERO SC 1,020KG",extrato de tomate,0.31867378034501886,f1_macro_on_full,minimize
MOLHO TOM SACCIALI ARRABIATA 300G,molho de tomate,0.31867378034501886,f1_macro_on_full,minimize
VHO TTO ARG PUNTA NEG CAB SAU RES 750ML,vinho importado,0.31867378034501886,f1_macro_on_full,minimize
SALGADOS IMEPRATRIZ KG,padaria e confeitaria fresca,0.31867378034501886,f1_macro_on_full,minimize
TEMPERO BAIANO KISABOR 40G,tempero pronto,0.31867378034501886,f1_macro_on_full,minimize
SUCO MANGA 100 TIAL 1L,suco pronto,0.31867378034501886,f1_macro_on_full,minimize
PAO HAMB BAUDUCCO 200G,padaria e confeitaria industrializado,0.31867378034501886,f1_macro_on_full,minimize
REFRESCO PO GLUP MARACUJA 25G,preparo para suco,0.31867378034501886,f1_macro_on_full,minimize
CAP CAFE DARK C10 80G,cafe,0.31867378034501886,f1_macro_on_full,minimize
"VIN NAC ALMADEN 750ML, MERLOT",vinho nacional,0.31867378034501886,f1_macro_on_full,minimize
POTE TPA COBRE RD 1L UN,recipientes,0.31867378034501886,f1_macro_on_full,minimize
CRAVO INDIA COOP 35G,cravo da india,0.31867378034501886,f1_macro_on_full,minimize
ICE NINNOFF 300ML FRUTAS TROP,bebida mista,0.31867378034501886,f1_macro_on_full,minimize
CANELONE SUGO KG,prato pronto,0.31867378034501886,f1_macro_on_full,minimize
REFRESCO PO APTI UVA            PE  250G,preparo para suco,0.31867378034501886,f1_macro_on_full,minimize
JAQUETA GOMOS TEX VHO B190619 FIOI22,jaqueta,0.31867378034501886,f1_macro_on_full,minimize
CHOCOLATE TALENTO 85GR TIRAMISU,chocolate,0.31867378034501886,f1_macro_on_full,minimize
NESFIT COOKIE CACAU E AVEL  (3X20G),biscoito,0.31867378034501886,f1_macro_on_full,minimize
PIZZA MARGUERITA PQ  1,pizza congelada,0.31867378034501886,f1_macro_on_full,minimize
BEB LACTEA NESTLE 280ML NESTON,bebida lactea,0.31867378034501886,f1_macro_on_full,minimize
BISC DOCE WAFER CHOCKS CHOC	100 8G,biscoito,0.31867378034501886,f1_macro_on_full,minimize
MASSA ROSANE 500G C/OVOS ESPAGUETE,macarrao,0.31867378034501886,f1_macro_on_full,minimize
GARRAFA VIDRO TRANSP CRFH 1L HO200431,recipientes,0.31867378034501886,f1_macro_on_full,minimize
"BISC RICHESTER AMORI RECH 140g, FL NEGRA",biscoito,0.31867378034501886,f1_macro_on_full,minimize
CH ALOHA BCO 41 H21 BRANCO 412,chinelo,0.31867378034501886,f1_macro_on_full,minimize
AGUA TONICA SCHWEPPES GINGER LT 350ML,agua tonica,0.31867378034501886,f1_macro_on_full,minimize
"SALGADINHO DORITOS 78g, WASABI",aperitivo,0.31867378034501886,f1_macro_on_full,minimize
AMAC YPE 1L CONC BLUE,amaciante,0.31867378034501886,f1_macro_on_full,minimize
AZEITE GALLO 500ML TIPO UNICO,azeite de oliva,0.31867378034501886,f1_macro_on_full,minimize
"SANITZ LAVA RPA BRILHANTE 1,6KG SC LIMPZ TOT/CORES",lava roupas,0.31867378034501886,f1_macro_on_full,minimize
TOALHA DOHLER ROS.MULT.1478 BC  AV   1UN,toalha,0.31867378034501886,f1_macro_on_full,minimize
LP PERF BAM CONF,multiuso,0.31867378034501886,f1_macro_on_full,minimize
PAO ESTAR LEVE ZERO BREAD 430G,padaria e confeitaria industrializado,0.31867378034501886,f1_macro_on_full,minimize
ACUCAR DOCESUCAR CRISTAL PC 1KG,acucar,0.31867378034501886,f1_macro_on_full,minimize
SALSICHA CARIOCA VIENA 180G,salsicha,0.31867378034501886,f1_macro_on_full,minimize
"PAO VALE DO SOL INT 370g, MALTE",padaria e confeitaria industrializado,0.31867378034501886,f1_macro_on_full,minimize
PANO SACO XADREZ PREM ALKLIN 60X38,pano para limpeza,0.31867378034501886,f1_macro_on_full,minimize
BISC WAFER TODDY MORANGO 94G,biscoito,0.31867378034501886,f1_macro_on_full,minimize
SHAMPOO EICO CACHOS MAGICOS 280ML,shampoo,0.31867378034501886,f1_macro_on_full,minimize
"BATATA CONG SADIA 1,05KG PC PALITO PRE-FRITA",batata congelada,0.31867378034501886,f1_macro_on_full,minimize
FEIJAO ZAMUNER 1KG CARIOCA,feijao,0.31867378034501886,f1_macro_on_full,minimize
CREAM CHEESE PHILADELPHIA 150g,queijo cremoso,0.31867378034501886,f1_macro_on_full,minimize
AZEITE OLIVA ANDORINHA PURO VD500ML,azeite de oliva,0.31867378034501886,f1_macro_on_full,minimize
SUCO UVA 100  DEL VALLE 1L,suco pronto,0.31867378034501886,f1_macro_on_full,minimize
CHOC BARRA LACTA 34G AO LEITE,chocolate,0.31867378034501886,f1_macro_on_full,minimize
SAB POMPOM 80G INF GLICERINADO,sabonete infantil,0.31867378034501886,f1_macro_on_full,minimize
IOG PED FRUTA BATAVO 500G COCO,iogurte,0.31867378034501886,f1_macro_on_full,minimize
TOALHA BANHO TEX LILLE AMARELO,toalha,0.31867378034501886,f1_macro_on_full,minimize
QUEIJO POLENGHI SAND CHEDAR 144g,queijo,0.31867378034501886,f1_macro_on_full,minimize
COMP LACTEO NINHO ZERO LACTOSE 380G,formula lactea,0.31867378034501886,f1_macro_on_full,minimize
IOG NAT DESN NL ITAM  170G,iogurte,0.31867378034501886,f1_macro_on_full,minimize
MOLHO TOM TRAD QUERO MANJ 300G,molho de tomate,0.31867378034501886,f1_macro_on_full,minimize
CEREAL MATINAL SUCRILHOS BRIGADEIRO 240G,cereal matinal,0.31867378034501886,f1_macro_on_full,minimize
BEB MISTA NOVA ONDA FRUTAS CITR 450ML,bebida mista,0.31867378034501886,f1_macro_on_full,minimize
NOZ MOSCADA GRAO CARREFOUR 8G,outro condimento,0.31867378034501886,f1_macro_on_full,minimize
OVINHOS CHOC/LEITE MONTEV BRIGAD 85G,ovo de pascoa,0.31867378034501886,f1_macro_on_full,minimize
IOG GREGO PENSE ZER TRAD BATAVO 100,iogurte,0.31867378034501886,f1_macro_on_full,minimize
MANTEIGA PRESIDENT GASTRONOMI S/SAL 200G,manteiga,0.31867378034501886,f1_macro_on_full,minimize
"RAVIOLI MASSA LEVE 400G, FGO",massa fresca,0.31867378034501886,f1_macro_on_full,minimize
PRINGLES CREM CEBOLA TRIPACK 3X120G,aperitivo,0.31867378034501886,f1_macro_on_full,minimize
CAFE DO PONTO SAFRA ESPECIAL    PCT 250G,cafe,0.31867378034501886,f1_macro_on_full,minimize
MASSA RENATA 2CAR 2GAL DESC.ESP,macarrao,0.31867378034501886,f1_macro_on_full,minimize
BOLINHO SEVENBOYS CHO C/ REC CHO 35,padaria e confeitaria industrializado,0.31867378034501886,f1_macro_on_full,minimize
AGUA SANITARIA TUFF 5LT,agua sanitaria,0.31867378034501886,f1_macro_on_full,minimize
QA REMOV QUALITA SEM CHEIRO 450ML,outro produto de limpeza domestica,0.31867378034501886,f1_macro_on_full,minimize
"BEB BASE SOJA ADES 1L,  UVA",bebida de soja,0.31867378034501886,f1_macro_on_full,minimize
TALCO TENYS PE BARUEL 100G  CANF,talco,0.31867378034501886,f1_macro_on_full,minimize
BR CROC SEMENTE LEVITA 10G S/ACUC GERG/CHIA,barra alimentar,0.31867378034501886,f1_macro_on_full,minimize
BISC FORTALEZA MARIA CHOC 400G,biscoito,0.31867378034501886,f1_macro_on_full,minimize
AVE TEMP SADIA SUPREME Kg,carne de ave sazonal,0.31867378034501886,f1_macro_on_full,minimize
CANJICA KG,canjica,0.31867378034501886,f1_macro_on_full,minimize
TQ BARRA AMENDOIM E NIBS CACAU 25G,barra alimentar,0.31867378034501886,f1_macro_on_full,minimize
"MAC GALO 500G SEM, NHOQUE",macarrao,0.31867378034501886,f1_macro_on_full,minimize
VHO TTO SVE DOM BOSCO 750ML,vinho nacional,0.31867378034501886,f1_macro_on_full,minimize
LEITE CONDENS.MOCA 65G MINI SQUEEZE INTEG.ORIGINAL,leite condensado,0.31867378034501886,f1_macro_on_full,minimize
BEB LACTEA DANONE YOPRO 25G PR CHOCO,bebida lactea,0.31867378034501886,f1_macro_on_full,minimize
APAR DEPIL COOP 2 LAM C2,aparelho de barbear e depilatorio,0.31867378034501886,f1_macro_on_full,minimize
PROTETOR CAREFREE TOD DIA S/PERF 40UN,absorvente,0.31867378034501886,f1_macro_on_full,minimize
CERV ANTARCTICA SUBZERO LATA 350ML,cerveja,0.31867378034501886,f1_macro_on_full,minimize
SACO LIXO HIPER-ROLL DOB 30LT C10,saco de lixo,0.31867378034501886,f1_macro_on_full,minimize
LOMBO SUINO TEMP RESF SULITA,carne suina,0.31867378034501886,f1_macro_on_full,minimize
ARROZ TIO JOAO PARB T1 1Kg,arroz,0.31867378034501886,f1_macro_on_full,minimize
"REFRIG ESPORTIVO 2L PET, TRICOLA",refrigerante,0.31867378034501886,f1_macro_on_full,minimize
SUQUEIRA SUPORTE CRFH 5500ML HO184533,copo,0.31867378034501886,f1_macro_on_full,minimize
LIMPADOR NUTRILAR PERF FLOR TULIPA 1L,multiuso,0.31867378034501886,f1_macro_on_full,minimize
ALFACE LISA LOVATTI HIDR UN,alface,0.31867378034501886,f1_macro_on_full,minimize
PRES COZ MAGR SADIA SOLTISSIMO 200G,presunto,0.31867378034501886,f1_macro_on_full,minimize
LAMP KIAN 15W A60 LED BCA,lampada,0.31867378034501886,f1_macro_on_full,minimize
NECTAR DAFRUTA 200ML-TP MANGA,suco pronto,0.31867378034501886,f1_macro_on_full,minimize
PAO FORMA INT CAST LINH PANCO 380G,padaria e confeitaria industrializado,0.31867378034501886,f1_macro_on_full,minimize
PIPOCA P MICRO  YOKI 50G  MANTEIGA,pipoca para microondas,0.31867378034501886,f1_macro_on_full,minimize
PAO CASEIRO MILHO PANCO 500G,padaria e confeitaria industrializado,0.31867378034501886,f1_macro_on_full,minimize
DUETO LATA PREDILECT  170G,milho verde e ervilha em conserva,0.31867378034501886,f1_macro_on_full,minimize
PACK ED COLGATE 360 5UN,creme dental,0.31867378034501886,f1_macro_on_full,minimize
QJO PRATO AVIACAO 150G FAT,queijo,0.31867378034501886,f1_macro_on_full,minimize
"SABAO YPE C/5 200G, MULTIATIVO",sabao em pedra,0.31867378034501886,f1_macro_on_full,minimize
CR DENTAL ORAL-B 180G,creme dental,0.31867378034501886,f1_macro_on_full,minimize
FIGATIL FLACONETE CATARINENSE       10ML,outro farma,0.31867378034501886,f1_macro_on_full,minimize
SH 350ML COND 175ML PANTENE CACHOS,kit para cabelos,0.31867378034501886,f1_macro_on_full,minimize
BOLO DE CHOCOLATE Kg,padaria e confeitaria fresca,0.31867378034501886,f1_macro_on_full,minimize
SOBRECOXA FRANGO BDJ BIO 1KG,carne de ave,0.31867378034501886,f1_macro_on_full,minimize
MORTADELA PERDIGAO MISTA 1KG,mortadela,0.31867378034501886,f1_macro_on_full,minimize
CEREAL MATINAL NESTLE CRUNCH 230G,cereal matinal,0.31867378034501886,f1_macro_on_full,minimize
COENTRO HORTIFOLHAS MH,coentro,0.31867378034501886,f1_macro_on_full,minimize
BISC AMANT CARREFOUR CHOC BRIG 100G,biscoito,0.31867378034501886,f1_macro_on_full,minimize
"CERVEJA BADEN BADEN 600ML GFA, GOLD ALE",cerveja,0.31867378034501886,f1_macro_on_full,minimize
SH PALMOLIVE 650ML CERAMIDAS FORCE,shampoo,0.31867378034501886,f1_macro_on_full,minimize
"MASSA C/OVOS BARILLA 500g, ESPAGUETE",macarrao,0.31867378034501886,f1_macro_on_full,minimize
COPO VIDRO NOAH EVEREST 360ML,copo,0.31867378034501886,f1_macro_on_full,minimize
COLHER NOAH SILIC ACO INOX SORT,talher,0.31867378034501886,f1_macro_on_full,minimize
PROTETOR DIARIO CAREFREE C/150,absorvente,0.31867378034501886,f1_macro_on_full,minimize
POTE PL SANREMO VARIADO,recipientes,0.31867378034501886,f1_macro_on_full,minimize
QUEIJO PRATO FAT AURORA 150G,queijo,0.31867378034501886,f1_macro_on_full,minimize
COLORIFICO CHINEZINHO 50G,outro condimento,0.31867378034501886,f1_macro_on_full,minimize
FRALDA PAMPERS PANTS SUPER C/26 XG,fralda,0.31867378034501886,f1_macro_on_full,minimize
MIX VEG SADIA VEGeTAL 300G,vegetal congelado,0.31867378034501886,f1_macro_on_full,minimize
DESOD AER ABOVE MEN INVISIBLE 150ml,desodorante,0.31867378034501886,f1_macro_on_full,minimize
NEOSTRATA MINE O.C. FPS 70 CLARA 40G,protetor solar,0.31867378034501886,f1_macro_on_full,minimize
LEITE COCO SERIGY 500ML RTC,leite de coco,0.31867378034501886,f1_macro_on_full,minimize
"SABAO LIQ OMO RF 900ML, PROT MICELAR",lava roupas,0.31867378034501886,f1_macro_on_full,minimize
SANITZ LAVA RPA SURF 800G-SC CUIDADO COCO,lava roupas,0.31867378034501886,f1_macro_on_full,minimize
CHA PRONTO LIV TEA 1L-TP VDE /LICHIA,cha pronto,0.31867378034501886,f1_macro_on_full,minimize
ABSORVENTE ALWAYS NOTURNO SV 48UN,absorvente,0.31867378034501886,f1_macro_on_full,minimize
POLPA FRUTA BRETAS MORANGO 100G,polpa de fruta congelada,0.31867378034501886,f1_macro_on_full,minimize
COLA GEL SUPER BONDER FLEX,cola,0.31867378034501886,f1_macro_on_full,minimize
BISC POLVILHO PEPULHA 80G CEBOLA,biscoito,0.31867378034501886,f1_macro_on_full,minimize
AMAC CON BABY SOFT1.5L,amaciante,0.31867378034501886,f1_macro_on_full,minimize
BISC RECH TRIUNFO CHOC CHOC 120g,biscoito,0.31867378034501886,f1_macro_on_full,minimize
MARG QUALY AERADA C/SAL 500g,margarina,0.31867378034501886,f1_macro_on_full,minimize
PAO QJ FDM TRADI  400G,massa de pao de queijo,0.31867378034501886,f1_macro_on_full,minimize
CERV FRUT BADEN 350ML,cerveja,0.31867378034501886,f1_macro_on_full,minimize
CHOC LACTA LAKA OREO 90G,chocolate,0.31867378034501886,f1_macro_on_full,minimize
CHOC CAPS 3C CHOCOLATTO 10 UN,cafe,0.31867378034501886,f1_macro_on_full,minimize
QUEIJO CRUZILIA 140G EMMENTAL FRAC,queijo,0.31867378034501886,f1_macro_on_full,minimize
FGO TEMP MOSTARDA/CR CEBOLA RESF KG,carne de ave,0.31867378034501886,f1_macro_on_full,minimize
VINHO SAO PASQUAL TINTO SUAVE  GF 750ML,vinho nacional,0.31867378034501886,f1_macro_on_full,minimize
VH CHIANTI IL ROCCO  750ML,vinho importado,0.31867378034501886,f1_macro_on_full,minimize
TEKITOS SEARA 1KG,empanado congelado,0.31867378034501886,f1_macro_on_full,minimize
BATATA PALHA MISTER POTEITOS 270G EXTRA FINA,vegetal em palha,0.31867378034501886,f1_macro_on_full,minimize
CERV HEINEKEN BARRIL 5L,cerveja,0.31867378034501886,f1_macro_on_full,minimize
AZEITONA VDE FAT DIZA VD 160G,azeitona,0.31867378034501886,f1_macro_on_full,minimize
"BISC COOKIES NESTLE CREAM 78g, CH AO LTE",biscoito,0.31867378034501886,f1_macro_on_full,minimize
"BISC NEGRESCO FININHO 57g, CHOC/BAUN",biscoito,0.31867378034501886,f1_macro_on_full,minimize
AMEIXA SECA SEM CAROCO 500G,fruta seca,0.31867378034501886,f1_macro_on_full,minimize
BISC COB CHOC ANIMAD NAC 40G,biscoito,0.31867378034501886,f1_macro_on_full,minimize
LAV ROUP LIQ TIXAN YPE MACIEZ SACHET 900ml,lava roupas,0.31867378034501886,f1_macro_on_full,minimize
BARRA PROTEIN CRISP 45G LEITE C/CREME AV,barra alimentar,0.31867378034501886,f1_macro_on_full,minimize
RUCULA HIDRO MACO,rucula,0.31867378034501886,f1_macro_on_full,minimize
"GOMA BUBBALOO C/10, TUTTI FRUTTI",goma de mascar,0.31867378034501886,f1_macro_on_full,minimize
AGRIAO HIDRO,agriao,0.31867378034501886,f1_macro_on_full,minimize
ESCOVA DENT SENSODYNE LIMP.PROF.CT   1UN,escova de dentes,0.31867378034501886,f1_macro_on_full,minimize
PATE CALABR TRADICAO 100g,pate,0.31867378034501886,f1_macro_on_full,minimize
CAFE ALMOF BRASILEIRO 500g,cafe,0.31867378034501886,f1_macro_on_full,minimize
"BEB MISTA ALEGRIA FRUIT LARANJA 1,5L",bebida mista,0.31867378034501886,f1_macro_on_full,minimize
ACTIVIA DANONE AMEIXA           CJ 600GR,iogurte,0.31867378034501886,f1_macro_on_full,minimize
SABONET ACQUA LOUNGE VERBENA 180GR,sabonete,0.31867378034501886,f1_macro_on_full,minimize
MILHO VERDE KG,milho verde em conserva,0.31867378034501886,f1_macro_on_full,minimize
UVA PASSA ESCURA ZUPPA 150G,fruta seca,0.31867378034501886,f1_macro_on_full,minimize
PACK CHOC BIS LACTA 504G C/5 AO LEITE,chocolate,0.31867378034501886,f1_macro_on_full,minimize
AGUA MINERAL C GAS INDAIA PET 1500ML,agua,0.31867378034501886,f1_macro_on_full,minimize
EMB VIOLETAO RED CORES,plantas e sementes,0.31867378034501886,f1_macro_on_full,minimize
AMENDOIM JAPONES DORI 500G,amendoim,0.31867378034501886,f1_macro_on_full,minimize
UVA VITORIA 500G,uva,0.31867378034501886,f1_macro_on_full,minimize
SAB BARRA PERF KITE LAVANDA 80G,sabonete,0.31867378034501886,f1_macro_on_full,minimize
WHISKY ESC OLD PARR 12 ANOS 1L,whisky,0.31867378034501886,f1_macro_on_full,minimize
"CAPSULA 3CORAC C/10 8G ESPRESSO, PLENO",cafe,0.31867378034501886,f1_macro_on_full,minimize
BOMBOM PEANUT BUTTER EXCELCIUM 150G,bombom,0.31867378034501886,f1_macro_on_full,minimize
HAMB ANGUS SN 480G-CX C/4 COSTELA,hamburguer congelado,0.31867378034501886,f1_macro_on_full,minimize
CONF M M CHOC SOCCER 148G,chocolate,0.31867378034501886,f1_macro_on_full,minimize
STEAK FGO LAR 100G,empanado congelado,0.31867378034501886,f1_macro_on_full,minimize
CHOC ARCOR AMENDOIM 80G,chocolate,0.31867378034501886,f1_macro_on_full,minimize
GELATINA ROYAL ABACAXI 25G,gelatina,0.31867378034501886,f1_macro_on_full,minimize
ACENDEDOR PARANA BASTAO ECO C/5,acendedor,0.31867378034501886,f1_macro_on_full,minimize
TOMATE CARMEM EXTRA KG,tomate,0.31867378034501886,f1_macro_on_full,minimize
"FRALDA MILI LOVECARE JUMBO, G 24UN, .",fralda,0.31867378034501886,f1_macro_on_full,minimize
BISC VITARELLA CROCKS PAO ASSADO 350G,biscoito,0.31867378034501886,f1_macro_on_full,minimize
CEREAL BARRA CAST TROP CHOCO KOBBER 60G,barra alimentar,0.31867378034501886,f1_macro_on_full,minimize
PRES SADIA COZ OVAL PED,presunto,0.31867378034501886,f1_macro_on_full,minimize
VELA CIGANA 7 DIAS VERMELHA,vela,0.31867378034501886,f1_macro_on_full,minimize
BISCOITO VITARELLA AGUA E SAL 350G,biscoito,0.31867378034501886,f1_macro_on_full,minimize
"SALG TORCIDA 100G, CEBOLA, .",aperitivo,0.31867378034501886,f1_macro_on_full,minimize
DESOD AER REX.INV 150ML C/2 OF 50  ITEM2,desodorante,0.31867378034501886,f1_macro_on_full,minimize
DESINF LEIT SANOL EUCAL/HORT 2L,desinfetante,0.31867378034501886,f1_macro_on_full,minimize
QUEIJO COALHO SWIFT 385G,queijo,0.31867378034501886,f1_macro_on_full,minimize
AZEITONA PRETA CRF CLASSIC S CAR 15,azeitona,0.31867378034501886,f1_macro_on_full,minimize
OVO GD VM C12  12UN,ovo,0.31867378034501886,f1_macro_on_full,minimize
TOMATE SWETT GRAPE 180G,tomate,0.31867378034501886,f1_macro_on_full,minimize
LIMP TIRA LIMO CIF COM CLORO 500ML,multiuso,0.31867378034501886,f1_macro_on_full,minimize
CERV BADEN BADEN CRISTAL 350ML,cerveja,0.31867378034501886,f1_macro_on_full,minimize
CHOC NESTLE GALAK 90G,chocolate,0.31867378034501886,f1_macro_on_full,minimize
SUCO REF PROMIX PCT GUARA 300G,suco pronto,0.31867378034501886,f1_macro_on_full,minimize
KETCHUP HEMMER 320G-PET TRAD,ketchup,0.31867378034501886,f1_macro_on_full,minimize
MOSTARDA PREDILECTA 180G,mostarda,0.31867378034501886,f1_macro_on_full,minimize
CERV SPATEN GF 600ML,cerveja,0.31867378034501886,f1_macro_on_full,minimize
GELEIA MOCOTO MORA ARISCO TP 220g,geleia de mocoto,0.31867378034501886,f1_macro_on_full,minimize
MARG BECEL MANT C/SAL PT 250G,margarina,0.31867378034501886,f1_macro_on_full,minimize
"CHOC BIS BR LACTA 100,8G",chocolate,0.31867378034501886,f1_macro_on_full,minimize
SUCO REF PROMIX PCT S FRUTA 30,suco pronto,0.31867378034501886,f1_macro_on_full,minimize
CERVEJA BRAHMA CHOPP SEM VASILH.GF 300ML,cerveja,0.31867378034501886,f1_macro_on_full,minimize
SABONETE FRANCIS CLAS 90G ROSA,sabonete,0.31867378034501886,f1_macro_on_full,minimize
NHOQUE BATATA LAMOLISANA 500G,macarrao,0.31867378034501886,f1_macro_on_full,minimize
SUCRILHOS KELLOGGS ORIGINAL 300G,cereal matinal,0.31867378034501886,f1_macro_on_full,minimize
OMCILON A ORABASE C/10GR ASPEN,outro farma,0.31867378034501886,f1_macro_on_full,minimize
ATUM SOLD CLARO GOMES COSTA 170G LIGHT,proteina em conserva,0.31867378034501886,f1_macro_on_full,minimize
COMTEM LJA CART 1L LJA 1L,suco pronto,0.31867378034501886,f1_macro_on_full,minimize
KIT C2 MEIAS CASUAL 8050 PTO PTO,meia,0.31867378034501886,f1_macro_on_full,minimize
SABONETE LIQ UNI 1L P/MAO ERVA DOCE,sabonete,0.31867378034501886,f1_macro_on_full,minimize
CERV BRAHMA CHOPP LT . 350ML,cerveja,0.31867378034501886,f1_macro_on_full,minimize
LIMPA VIDRO VIDREX CRISTAL RF 500ML,limpa vidros,0.31867378034501886,f1_macro_on_full,minimize
BATATA FRITA PRATIC LEVE RUST.KETCHUP 80,aperitivo,0.31867378034501886,f1_macro_on_full,minimize
ENTEROGERMINA 5ML SANOFI            C/10,outro farma,0.31867378034501886,f1_macro_on_full,minimize
HAMB BOVINO SADIA TEMP CHURR 672G,hamburguer congelado,0.31867378034501886,f1_macro_on_full,minimize
FILE PEITO FGO PERDIGAO CONG BD 1KG,carne de ave,0.31867378034501886,f1_macro_on_full,minimize
BALA GELAT SUP AZEDINHA DOCILE 70G- CANUDINHO,bala,0.31867378034501886,f1_macro_on_full,minimize
NECTARINA IMPORT kg  AL,nectarina,0.31867378034501886,f1_macro_on_full,minimize
FERMENTO PO ROYAL 100G,fermento,0.31867378034501886,f1_macro_on_full,minimize
FENTIZOL GINECOLOGICO C/01 OVULO ACHE,outro farma,0.31867378034501886,f1_macro_on_full,minimize
BIOVICERIN GEYER FLACONETE         6X5ML,outro farma,0.31867378034501886,f1_macro_on_full,minimize
CAPSULA 3CORAC C/10 8G EXPRESS DESCAF,cafe,0.31867378034501886,f1_macro_on_full,minimize
"BEBIDA MISTA SKINKA 450ML, FRUTAS VERM",suco pronto,0.31867378034501886,f1_macro_on_full,minimize
SH HEAD SHOULDERS 3EM1 200ML,shampoo,0.31867378034501886,f1_macro_on_full,minimize
FILE PEITO FGO RIVELLI CONG IQF 800G,carne de ave,0.31867378034501886,f1_macro_on_full,minimize
"FORMULA INF APTAMIL 800G, PREMIUM 3",formula lactea,0.31867378034501886,f1_macro_on_full,minimize
P HIG MILI BIANCO NEUTRO F/S 60MT C/4,papel higienico,0.31867378034501886,f1_macro_on_full,minimize
BOLO ANA MARIA 35G GOTAS CHOCOLATE,padaria e confeitaria industrializado,0.31867378034501886,f1_macro_on_full,minimize
BEB LACTEA FERM PENSE ZERO MOR 170G,bebida lactea,0.31867378034501886,f1_macro_on_full,minimize
PROT DIAR INTIMUS S/A ANTIBACT L P- C/15,absorvente,0.31867378034501886,f1_macro_on_full,minimize
QJO PRATO AVIACAO FAT 150G,queijo,0.31867378034501886,f1_macro_on_full,minimize
LIMP M USO VEJA FLORAL 500ML 10 DESC,multiuso,0.31867378034501886,f1_macro_on_full,minimize
LIMP M USO VEJA GOLD LAVANDA 500ML 10 D,multiuso,0.31867378034501886,f1_macro_on_full,minimize
CARGA GILLETTE VENUS SPA             C/2,aparelho de barbear e depilatorio,0.31867378034501886,f1_macro_on_full,minimize
PP REFRIG IT PET 2L  COLA,refrigerante,0.31867378034501886,f1_macro_on_full,minimize
AP DEPIL GILLETTE VENUS SPA          C/1,aparelho de barbear e depilatorio,0.31867378034501886,f1_macro_on_full,minimize
FILE DE PEITO CONG SWIFT 1KG,inativo,0.31867378034501886,f1_macro_on_full,minimize
IOG NATURAL VIGOR DESNATADO 170G,iogurte,0.31867378034501886,f1_macro_on_full,minimize
"IOG INF MIX VIGOR 165G, BLACK/WHITE MOR",iogurte,0.31867378034501886,f1_macro_on_full,minimize
TIRAS DE FILE PEITO CONG SWIFT 1KG,inativo,0.31867378034501886,f1_macro_on_full,minimize
PANTOGARNEO  60 CAP,outro farma,0.31867378034501886,f1_macro_on_full,minimize
AAS PROTECT 100MG C/30 COMPIMIDOS HYPERA,outro farma,0.31867378034501886,f1_macro_on_full,minimize
ABS INT CARREFOUR MINI 8UN,absorvente,0.31867378034501886,f1_macro_on_full,minimize
REFRESCO PO TANG 18G C/10 L P- UVA,preparo para suco,0.31867378034501886,f1_macro_on_full,minimize
BISC.RECH.NESTLE P.TEMPO CHOC.  PE 130GR,biscoito,0.31867378034501886,f1_macro_on_full,minimize
"IOG GREGO VIGOR 100G, MERENGUE",iogurte,0.31867378034501886,f1_macro_on_full,minimize
BOLINHO BAUDUCCO DUO CHOCOLATE   PCT 27G,padaria e confeitaria industrializado,0.31867378034501886,f1_macro_on_full,minimize
BISC PASSATEMPO RECH LEITE  130G,biscoito,0.31867378034501886,f1_macro_on_full,minimize
CEBOLA BRANCA GD EMB 1KG,cebola,0.31867378034501886,f1_macro_on_full,minimize
CERV BADEN  WITBIER 600 ML,cerveja,0.31867378034501886,f1_macro_on_full,minimize
DECONGEX PLUS GOTAS C/20ML ACHE,outro farma,0.31867378034501886,f1_macro_on_full,minimize
"BISC ROSQ MABEL 350G, LEITE",biscoito,0.31867378034501886,f1_macro_on_full,minimize
CAFE CABOCLO 250G ALMOF,cafe,0.31867378034501886,f1_macro_on_full,minimize
"SAL NATUREBA ROSA HIMAL FINO PCH 1,010KG",sal,0.31867378034501886,f1_macro_on_full,minimize
IOG GREGO VIGOR 100G FR VERMELHAS,iogurte,0.31867378034501886,f1_macro_on_full,minimize
BISC COOKIES BELIVE ZERO A BAUN/CHOC,biscoito,0.31867378034501886,f1_macro_on_full,minimize
IOG GREGO VIGOR 100G BLUEBERR,iogurte,0.31867378034501886,f1_macro_on_full,minimize
REFRESCO PO TANG ABACAXI 25g,preparo para suco,0.31867378034501886,f1_macro_on_full,minimize
BIFINHO CARREFOUR COMPANINO FRANGO,alimento pet,0.31867378034501886,f1_macro_on_full,minimize
BEB ENERG UP ENERGY 2L-PET,energetico,0.31867378034501886,f1_macro_on_full,minimize
SOBRECOXA FGO. COPACOL          AV    KG,carne de ave,0.31867378034501886,f1_macro_on_full,minimize
SOPAO FEIJAO KITANO 196G,preparo para sopa,0.31867378034501886,f1_macro_on_full,minimize
"IOG SOBREM DANETTE 720G, CHOC",iogurte,0.31867378034501886,f1_macro_on_full,minimize
"MIST REQUEIJAO C/AMIDO ISADORA CHE 1,2KG",requeijao,0.31867378034501886,f1_macro_on_full,minimize
BALA FRUTITTELA STICK BLUEBERRY 40G,bala,0.31867378034501886,f1_macro_on_full,minimize
CERVEJA PATAGONIA 740ML-GF WEISS ONE WAY,cerveja,0.31867378034501886,f1_macro_on_full,minimize
BALA B TOFFEES COCO ARCOR 100G,bala,0.31867378034501886,f1_macro_on_full,minimize
PANO FLANELA P AMAREL UNICO,pano para limpeza,0.31867378034501886,f1_macro_on_full,minimize
AVEIA ITALAC 165G FLOC,aveia e seus derivados,0.31867378034501886,f1_macro_on_full,minimize
ESCOV MADEIR BRILHUS BRANCO UNICO,escova de limpeza,0.31867378034501886,f1_macro_on_full,minimize
CHIN FEM HAV SLIM GLOSS RSA CROCUS 37 38,chinelo,0.31867378034501886,f1_macro_on_full,minimize
BEB ALC MIKES HARD LEMONADE PITA LT269ML,bebida mista,0.31867378034501886,f1_macro_on_full,minimize
FORXIGA 10MG C/30 COMPRIMIDOS ASTRAZENEC,outro farma,0.31867378034501886,f1_macro_on_full,minimize
MASSA SEMOLA PREZUNIC ESPAGUETE 500g,macarrao,0.31867378034501886,f1_macro_on_full,minimize
SALG TORCIDA TRIGO PAO ALHO CHURRAS 45G,petisco e salgadinho congelado,0.31867378034501886,f1_macro_on_full,minimize
MAIONESE ARISCO SC 400G,maionese,0.31867378034501886,f1_macro_on_full,minimize
TAPIOCA TERRINHA 1KG  1KG,tapioca,0.31867378034501886,f1_macro_on_full,minimize
TAPETES HIGIEN MEGA SECO 30 UNID,tapete higienico,0.31867378034501886,f1_macro_on_full,minimize
EXT TOM ELEFANTE 310G POTE,extrato de tomate,0.31867378034501886,f1_macro_on_full,minimize
CAFE PILAO 252 GRAUS 500G VP,cafe,0.31867378034501886,f1_macro_on_full,minimize
MOSTARDA BRETAS TOP DOWN 190G,mostarda,0.31867378034501886,f1_macro_on_full,minimize
PAO SIRIO PITA BREAD PEQ C12 400G 1,padaria e confeitaria industrializado,0.31867378034501886,f1_macro_on_full,minimize
SAB PROTEX BALANCE SAUD C6 85G L P-,sabonete,0.31867378034501886,f1_macro_on_full,minimize
CHOC RECH DE AMEN/BISCO 290G WEDEL,chocolate,0.31867378034501886,f1_macro_on_full,minimize
SORBET ACAI FUZZY COM GUARANA 1 5L,sorvete,0.31867378034501886,f1_macro_on_full,minimize
BISC RECH ORIG OREO 144G,biscoito,0.31867378034501886,f1_macro_on_full,minimize
"CR TRAT SKALA 1KG, ABACATE",creme de tratamento,0.31867378034501886,f1_macro_on_full,minimize
BISC TORTUGUITA RECH MORANGO 120g,biscoito,0.31867378034501886,f1_macro_on_full,minimize
IOG NAT DANONE YOPRO 250G Z LAC AC MORAN,iogurte,0.31867378034501886,f1_macro_on_full,minimize
CHIN AD FEM IPAN BOLD SORT,chinelo,0.31867378034501886,f1_macro_on_full,minimize
DESOD. NIVEA ROLL ON M.BeW FRES.FC  50ML,desodorante,0.31867378034501886,f1_macro_on_full,minimize
PANET STA EDWIGE FRUTAS ESPEC 500G,panificacao natal,0.31867378034501886,f1_macro_on_full,minimize
PAPEL ALUM 45X7.5 WYDA,folha de aluminio,0.31867378034501886,f1_macro_on_full,minimize
PAP HIG NEVE F DUP NEUT TOQ SEDA 20M C/12 UN,papel higienico,0.31867378034501886,f1_macro_on_full,minimize
BISC CREAM CRACKER TRIUNFO 200g,biscoito,0.31867378034501886,f1_macro_on_full,minimize
BATATA STAX ORIG RUFFLES 156G,aperitivo,0.31867378034501886,f1_macro_on_full,minimize
CHIP CARREFOUR 4G,outro telefonia,0.31867378034501886,f1_macro_on_full,minimize
REQUEIJAO BISN C/AM C MINAS 400 T,requeijao,0.31867378034501886,f1_macro_on_full,minimize
REFR ULTIMATE 310ML,refrigerante,0.31867378034501886,f1_macro_on_full,minimize
PANO DE COPA TEX ACESS  40X60  BSEF791149,pano de prato,0.31867378034501886,f1_macro_on_full,minimize
SOBREMESA DANUBIO AERA GOIAB 0  ACU 100G,iogurte,0.31867378034501886,f1_macro_on_full,minimize
MOCOTO BOV RESF                  KG,prato pronto,0.31867378034501886,f1_macro_on_full,minimize
CEREAL MAT NEST NESCAU 210G,cereal matinal,0.31867378034501886,f1_macro_on_full,minimize
DESINF PINHO SOL 2XPODER ORIG 1L,desinfetante,0.31867378034501886,f1_macro_on_full,minimize
"CONF YOKI AMENDOIM 150G, JAPONES",amendoim,0.31867378034501886,f1_macro_on_full,minimize
BISCOITO TEENS 8X30GR,biscoito,0.31867378034501886,f1_macro_on_full,minimize
REFRIG SUKITA 2L PET LIMAO,refrigerante,0.31867378034501886,f1_macro_on_full,minimize
REFR PO PACHA 240G-PC MANGA,preparo para suco,0.31867378034501886,f1_macro_on_full,minimize
COLTRIENO 10MG CR VAG 30G C/20 APL MYRA,outro farma,0.31867378034501886,f1_macro_on_full,minimize
"BISC EQLIBRI PANETINI 105g, QJO SUAVE",biscoito,0.31867378034501886,f1_macro_on_full,minimize
"CHOC LINDT 100G, EXC 70  CACAU, .",chocolate,0.31867378034501886,f1_macro_on_full,minimize
LEITE FERM MINIONS VIGOR TRAD 800G,leite fermentado,0.31867378034501886,f1_macro_on_full,minimize
AVEIA JASMINE INTEG F FINOS 400g,aveia e seus derivados,0.31867378034501886,f1_macro_on_full,minimize
MORTADELA SEARA DEF PC KG,mortadela,0.31867378034501886,f1_macro_on_full,minimize
REFRESCO TRINK 25GR MANGA,preparo para suco,0.31867378034501886,f1_macro_on_full,minimize
BATATA PRINGLES 104G ORIGINAL,aperitivo,0.31867378034501886,f1_macro_on_full,minimize
GEL FIXADOR CARREFOUR MEN PREMIUM 3,modelador para cabelo,0.31867378034501886,f1_macro_on_full,minimize
LEITE L V LIDER 1L SEMIDESN,leite,0.31867378034501886,f1_macro_on_full,minimize
AGUA DE COCO 500ML,agua de coco,0.31867378034501886,f1_macro_on_full,minimize
LIMPA METAIS ALUM REAX TRAD 500ML,outro produto de limpeza domestica,0.31867378034501886,f1_macro_on_full,minimize
GOMA FRESCA INES CORDEI und,vegetal higienizado e processado,0.31867378034501886,f1_macro_on_full,minimize
POLVILHO DOCE MANIVA 1KG,polvilho,0.31867378034501886,f1_macro_on_full,minimize
MIST BOLO FLEISCHMANN 390G AIPIM CREMOSO,preparo para bolo,0.31867378034501886,f1_macro_on_full,minimize
TOMATE SWETT GRAPE 180G,tomate,0.31867378034501886,f1_macro_on_full,minimize
PIZZA SADIA CONG 460GR MARGUERITA,pizza congelada,0.31867378034501886,f1_macro_on_full,minimize
SALG E CHIPS PINGO DOURO BACON 48g,aperitivo,0.31867378034501886,f1_macro_on_full,minimize
AGUA MINERAL SEM GAS CRF CLASSIC 15,agua,0.31867378034501886,f1_macro_on_full,minimize
BEB LACTEA LASAROLI SC 900ML MORANGO,bebida lactea,0.31867378034501886,f1_macro_on_full,minimize
DESOD AERO FEM CRF SOFT MILK 150ML,desodorante,0.31867378034501886,f1_macro_on_full,minimize
REFRIG ZERO BIOLEVE LIMAO LIM PET 1500ML,refrigerante,0.31867378034501886,f1_macro_on_full,minimize
MANTEIGA TOURINHO C/SAL PT 500G,manteiga,0.31867378034501886,f1_macro_on_full,minimize
SABT PALMOLIVE MELANCIA LICHIA DRM 150g,sabonete,0.31867378034501886,f1_macro_on_full,minimize
"SUCO HAPPY FRUIT TP 200ML, MACA",suco pronto,0.31867378034501886,f1_macro_on_full,minimize
LOMBO SUINO TEMP CONG SEARA KG,carne suina,0.31867378034501886,f1_macro_on_full,minimize
MOST AMARELA PREMIUM 300G,mostarda,0.31867378034501886,f1_macro_on_full,minimize
"REFRESCO BRASSUK 20G, BAUN/LIMAO",preparo para suco,0.31867378034501886,f1_macro_on_full,minimize
SUCO MAGUARY 1L NECTAR UVA,suco pronto,0.31867378034501886,f1_macro_on_full,minimize
LAVA TUDO PLASVALE,outro produto de lavanderia,0.31867378034501886,f1_macro_on_full,minimize
FLOR LAVANDULA ANGUSTIFOLIA P15,plantas e sementes,0.31867378034501886,f1_macro_on_full,minimize
COXAS FRANGO 1KG 1KG ZIPIQF,carne de ave,0.31867378034501886,f1_macro_on_full,minimize
COUVE MANTEGA IRMAOS BARBOZA UND,couve,0.31867378034501886,f1_macro_on_full,minimize
ERVILHA QUERO 170G SC,ervilha em conserva,0.31867378034501886,f1_macro_on_full,minimize
BISC AGUA SAL MARILAN 400G,biscoito,0.31867378034501886,f1_macro_on_full,minimize
FGO PEITO SASSAMI LEVE MAIS TEMP RESF KG,carne de ave,0.31867378034501886,f1_macro_on_full,minimize
CLORO GEL SUPER CANDIDA 1L,outro produto de limpeza domestica,0.31867378034501886,f1_macro_on_full,minimize
ACHOC PO LIGHT TODDY PT 380G,achocolatado,0.31867378034501886,f1_macro_on_full,minimize
TOALHAS UMED 20  20,lenco umedecido,0.31867378034501886,f1_macro_on_full,minimize
COAL INT ITAMBE AZUL 130G,queijo,0.31867378034501886,f1_macro_on_full,minimize
SH PANTENE 175ML-FR HIDRATACAO,shampoo,0.31867378034501886,f1_macro_on_full,minimize
ORQ PHAL CORACAO P12  PT12,plantas e sementes,0.31867378034501886,f1_macro_on_full,minimize
PEDIGREE BISCROK AD RP 150G,alimento pet,0.31867378034501886,f1_macro_on_full,minimize
BATATA DOCE BCA KG,batata,0.31867378034501886,f1_macro_on_full,minimize
COND SEDA 325ML LISO EXTREMO,condicionador,0.31867378034501886,f1_macro_on_full,minimize
BATATA PRINGLES 120G TUBO CHURRASCO,aperitivo,0.31867378034501886,f1_macro_on_full,minimize
AGUA DE COCO COM POLPA VIVER TP 330,agua de coco,0.31867378034501886,f1_macro_on_full,minimize
IOG NAT VIGOR VIV 100G 3 GRAOS TRAD,iogurte,0.31867378034501886,f1_macro_on_full,minimize
FLOCAO SAO BRAZ  500G,floco de milho,0.31867378034501886,f1_macro_on_full,minimize
FITA VEDA ROSCA ATLAS 12X10m,veda rosca,0.31867378034501886,f1_macro_on_full,minimize
VASSOURA MELARE M 2000,vassoura,0.31867378034501886,f1_macro_on_full,minimize
SALAME ITAL SEARA PC KG,salame,0.31867378034501886,f1_macro_on_full,minimize
SALG SNACK GLICO FRANGO 80G,petisco e salgadinho congelado,0.31867378034501886,f1_macro_on_full,minimize
CAFE MOIDO EXPORT CAJUBA 500g,cafe,0.31867378034501886,f1_macro_on_full,minimize
SAB BARRA ALMA DAS FLORES QUEEN 130G,sabonete,0.31867378034501886,f1_macro_on_full,minimize
BEB LAC PULSI 180G SALADA FRUTAS,bebida lactea,0.31867378034501886,f1_macro_on_full,minimize
CHANDELLE CHOCOLATE C/4 360GR,iogurte,0.31867378034501886,f1_macro_on_full,minimize
CANJICA AMARELA KODILAR 500G,canjica,0.31867378034501886,f1_macro_on_full,minimize
CHOC TAB LACTA INTENSE NAO ATIVAR,chocolate,0.31867378034501886,f1_macro_on_full,minimize
SH PANTENE 200ML-FR BAMBU,shampoo,0.31867378034501886,f1_macro_on_full,minimize
IOG GREGO ITAMBE SOBREMESA 540G,iogurte,0.31867378034501886,f1_macro_on_full,minimize
CERVEJA SKOL 350ML LT C/18 L P-,cerveja,0.31867378034501886,f1_macro_on_full,minimize
LEITE FERM DESN BETANIA 850G,leite fermentado,0.31867378034501886,f1_macro_on_full,minimize
SUCO DEL VALLE VD 1L UVA,suco pronto,0.31867378034501886,f1_macro_on_full,minimize
ARROZ T1 CAMIL 5KG,arroz,0.31867378034501886,f1_macro_on_full,minimize
2DESOD GIOVANNA BABY ROLLON BLUE 50ML,desodorante,0.31867378034501886,f1_macro_on_full,minimize
CONDIM SAZON NORDESTE 60G ENV 12x5G,tempero pronto,0.31867378034501886,f1_macro_on_full,minimize
SAL ROSA HIMALAIA ITIALHO 500G,sal,0.31867378034501886,f1_macro_on_full,minimize
PAO QUEIJO TRADIC F MINAS  PCT 400G,massa de pao de queijo,0.31867378034501886,f1_macro_on_full,minimize
IOG Z/LAC CORPUS 170G MORANG,iogurte,0.31867378034501886,f1_macro_on_full,minimize
LENCO UMED HIG NEVE 48UN KIDS,lenco umedecido,0.31867378034501886,f1_macro_on_full,minimize
BEBIDA FILTRADA 660ML,espumante,0.31867378034501886,f1_macro_on_full,minimize
PILHA DURACELL C/4 PQ AA,pilha,0.31867378034501886,f1_macro_on_full,minimize
PETISCO P/GATO DREAMIES 40GR FRANGO,alimento pet,0.31867378034501886,f1_macro_on_full,minimize
EXTRATO TOM SALSARETTI LT 330G,extrato de tomate,0.31867378034501886,f1_macro_on_full,minimize
BIFE DO VAZIO CONG SWIFT 900G,inativo,0.31867378034501886,f1_macro_on_full,minimize
BATATA PALHA YOKI EXTRAFINA     PCT 100G,vegetal em palha,0.31867378034501886,f1_macro_on_full,minimize
LAVA ROUPAS PO SURF 800G ROSAS FLOR LIS 5EM1 BG,lava roupas,0.31867378034501886,f1_macro_on_full,minimize
AVEIA FLOCOS FAZENDA SEDREZ REGULAR,aveia e seus derivados,0.31867378034501886,f1_macro_on_full,minimize
LUSTRA MOV PEROBA ROSA  500ML,lustra moveis,0.31867378034501886,f1_macro_on_full,minimize
MISTURA BOLO APTI CENOURA       PE 400GR,preparo para bolo,0.31867378034501886,f1_macro_on_full,minimize
INSET AERO BAYGON EUCAL 360ML,inseticida,0.31867378034501886,f1_macro_on_full,minimize
"AMAC YPE CONC 1,5L, INSPIRACAO ALQ, .",amaciante,0.31867378034501886,f1_macro_on_full,minimize
BEB CAST A TAL CASTANHA 1L-TP CAJU/COCO,outra bebida,0.31867378034501886,f1_macro_on_full,minimize
PROMESTRIENO EURO CRM VAG 30G 20 APLC (G,outro farma,0.31867378034501886,f1_macro_on_full,minimize
CERVEJA LAGUNITAS 355ML GFA IPA,cerveja,0.31867378034501886,f1_macro_on_full,minimize
BISC ROSCA DE VENTO DA COLONIA TRAD 80G,biscoito,0.31867378034501886,f1_macro_on_full,minimize
CHA DR OETKER CAMOMILA 2X15G,cha por infusao,0.31867378034501886,f1_macro_on_full,minimize
MARSHMALLOW HARIBO CHAM.C.BLUE 80G,bala,0.31867378034501886,f1_macro_on_full,minimize
SACOLA BIODEGRADAVEL MEMBERS MARK,sacola descartavel,0.31867378034501886,f1_macro_on_full,minimize
BEB LACTEA UVA VDE YODEL 210ML,bebida lactea,0.31867378034501886,f1_macro_on_full,minimize
OVO GRANDE PET 30UN BRANCO SUNNY EG,ovo,0.31867378034501886,f1_macro_on_full,minimize
ENERG TSUNAMI PET 2L  TRADICIONAL,energetico,0.31867378034501886,f1_macro_on_full,minimize
CACHACA O GARRAFAO 500ML,cachaca,0.31867378034501886,f1_macro_on_full,minimize
"RESIST LORENZETTI, 127V 5500W ADV/TOP",_RARE_,0.31867378034501886,f1_macro_on_full,minimize
SARDINHA GOMES DA COSTA 125GR C/ LIMAO,proteina em conserva,0.31867378034501886,f1_macro_on_full,minimize
HOT POCKET SADIA X 145GR FRANGO,sanduiche congelado,0.31867378034501886,f1_macro_on_full,minimize
PURAN T4 37.5MCG C.30 COMPRIMIDOS SANOFI,outro farma,0.31867378034501886,f1_macro_on_full,minimize
SNACK PULLM CROCANTISSIMO 40G INTEG AZEITE TQ PIME,aperitivo,0.31867378034501886,f1_macro_on_full,minimize
BEB ICE MIKES 275ML L.N GUARANA,bebida mista,0.31867378034501886,f1_macro_on_full,minimize
LIMP PERF CASA E PERFUME INTUIZION 1L,multiuso,0.31867378034501886,f1_macro_on_full,minimize
NECTAR MISTO TIAL 1L-TP BX CALORIA TANGER/GENGIBRE,suco pronto,0.31867378034501886,f1_macro_on_full,minimize
REFRESCO DILETO BUTIA           FC   1LT,refresco,0.31867378034501886,f1_macro_on_full,minimize
AMACIANTE INVICTO SENSACAO 2000ML,amaciante,0.31867378034501886,f1_macro_on_full,minimize
BROINHA MILHO CONG FORNO DE MINAS 300G,padaria e confeitaria industrializado,0.31867378034501886,f1_macro_on_full,minimize
MANJERICAO LINHA AZUL MACO,manjericao,0.31867378034501886,f1_macro_on_full,minimize
CR DENT ORAL B MINNIE 50G,creme dental,0.31867378034501886,f1_macro_on_full,minimize
BISC ROSQUINHA LEITE SEVEN BOYS 400G,biscoito,0.31867378034501886,f1_macro_on_full,minimize
TORRADA BAUDUCCO TRAD SALG 142G (CESTA),torrada,0.31867378034501886,f1_macro_on_full,minimize
MILHO VERDE AGNUS BD700G,milho verde em conserva,0.31867378034501886,f1_macro_on_full,minimize
ACUCAR CRISTAL DELTA 2Kg,acucar,0.31867378034501886,f1_macro_on_full,minimize
COPA LOMBO SUINO RF ATENDIMENTO KG,carne suina,0.31867378034501886,f1_macro_on_full,minimize
DESOD AERO GIOVANNA BABY BLUE 150ML 2UN,desodorante,0.31867378034501886,f1_macro_on_full,minimize
DOCE LEITE NESTLE MOCA DE PASSAR 215G,outro doce,0.31867378034501886,f1_macro_on_full,minimize
AMAC ROUP CONC FOFO 900ML REF AZUL TUDAO,amaciante,0.31867378034501886,f1_macro_on_full,minimize
D.A.REXONA 121G BANG,desodorante,0.31867378034501886,f1_macro_on_full,minimize
AMAC ROUPA CONC DOWNY 1L BRISA DE VERAO,amaciante,0.31867378034501886,f1_macro_on_full,minimize
TINT MAXTON 1.0 PRETO,tintura e descolorante,0.31867378034501886,f1_macro_on_full,minimize
LEITE FERM CLUB VIGOR C6 450G,leite fermentado,0.31867378034501886,f1_macro_on_full,minimize
FAROFA YOKI C/ PED CEBOLA 200g,farofa pronta,0.31867378034501886,f1_macro_on_full,minimize
"REMOVEDOR ESMALTE ZULU 90ml, FASHION",removedor de esmalte,0.31867378034501886,f1_macro_on_full,minimize
EMPANADO SOJA SEARA INCRIVEL FRANGO 300G,empanado congelado,0.31867378034501886,f1_macro_on_full,minimize
REFRI COCA-COLA SA ROSALIA LT 310ML,refrigerante,0.31867378034501886,f1_macro_on_full,minimize
LENCOS PAPEL KLEENEX LV4PG3 BOLSO,lenco de papel,0.31867378034501886,f1_macro_on_full,minimize
CONDIC.SEDA 425ML OLEO HIDRATACAO,condicionador,0.31867378034501886,f1_macro_on_full,minimize
CHOC NESTLE PO 70  CACAU         CX 200G,chocolate,0.31867378034501886,f1_macro_on_full,minimize
CHOCOTTONE BAUDUCCO BITES 107G,panificacao natal,0.31867378034501886,f1_macro_on_full,minimize
MASSA FETTUCIN PERDIGAO M PERU/BROCO,outro congelado,0.31867378034501886,f1_macro_on_full,minimize
PE DE FRANGO RESF BANDEJA KG,carne de ave,0.31867378034501886,f1_macro_on_full,minimize
LEITE COND ITALAC 395G TP SEMIDESN,leite condensado,0.31867378034501886,f1_macro_on_full,minimize
MENTOS PURE FRESH WINT VERDE 92G,bala,0.31867378034501886,f1_macro_on_full,minimize
LOC.DESOD.NIVEA 200ML HIDR. PELE NORMAL,creme corporal,0.31867378034501886,f1_macro_on_full,minimize
COOKIES TODDY 60G-PC DOCE LEITE,biscoito,0.31867378034501886,f1_macro_on_full,minimize
REGUA POP SORT 30CM,regua,0.31867378034501886,f1_macro_on_full,minimize
COSTELA MINGA N.C. BDJ KG,carne bovina,0.31867378034501886,f1_macro_on_full,minimize
ACAI ORIG SPLIT 1.020KG,acai,0.31867378034501886,f1_macro_on_full,minimize
MARG DORIANA POTE C/SAL 1 KG,margarina,0.31867378034501886,f1_macro_on_full,minimize
MAC INST NISSIN LAMEN HOT CARNE DESF 85G,macarrao,0.31867378034501886,f1_macro_on_full,minimize
QA MOLHO ALHO QUALITA VD 150ML,outro molho,0.31867378034501886,f1_macro_on_full,minimize
POTE INVICTA VID QUAD TENDENZA MIX 750ml,recipientes,0.31867378034501886,f1_macro_on_full,minimize
MAC.SEMOLA ISABELA 500G PARAF.INT.,macarrao,0.31867378034501886,f1_macro_on_full,minimize
BISC RECH COBERTO CHOC BONO 109G,biscoito,0.31867378034501886,f1_macro_on_full,minimize
RAGGU REQ CERV BACON CONGELADO,outro congelado,0.31867378034501886,f1_macro_on_full,minimize
SALG TORCIDA CAMARAO C/PIMENTA 100G,aperitivo,0.31867378034501886,f1_macro_on_full,minimize
PASSATA ITL CIRIO RUSTICA 680G,polpa de tomate,0.31867378034501886,f1_macro_on_full,minimize
REFRESCO PO TANG 375G LARANJA,preparo para suco,0.31867378034501886,f1_macro_on_full,minimize
KIT 6 PARES MEIAS CANO BAIXO ESPORT,meia,0.31867378034501886,f1_macro_on_full,minimize
SORV JUNDIA FLOCOS 2L,sorvete,0.31867378034501886,f1_macro_on_full,minimize
BISCOITO POP VITAKERO PC 300G,biscoito,0.31867378034501886,f1_macro_on_full,minimize
SUCULENTA PT11,plantas e sementes,0.31867378034501886,f1_macro_on_full,minimize
ALFACE AMERICANA UNIDADE,alface,0.31867378034501886,f1_macro_on_full,minimize
CERV ORIGINAL LT 473ml,cerveja,0.31867378034501886,f1_macro_on_full,minimize
SAB BARRA ORGANICA COCONUT FRES 90G,sabonete,0.31867378034501886,f1_macro_on_full,minimize
FARINHA DE AVEIA QUAKER 450G,aveia e seus derivados,0.31867378034501886,f1_macro_on_full,minimize
"COLHER TRAMONTINA CHA LEME 23187, AZUL",talher,0.31867378034501886,f1_macro_on_full,minimize
SALAMITOS SADIA PEPPERONI 36G,aperitivo,0.31867378034501886,f1_macro_on_full,minimize
NECTAR IZZY 100  UVA TP 1L,suco pronto,0.31867378034501886,f1_macro_on_full,minimize
DESOD SPRAY EVEN PRO ALFAZEMA 90ML,desodorante,0.31867378034501886,f1_macro_on_full,minimize
LTE FERM BOB ESPONJA MOR C/6 480GR,leite fermentado,0.31867378034501886,f1_macro_on_full,minimize
CORACAO ALCATRA BOV MATURATTA FRIBOI,carne bovina,0.31867378034501886,f1_macro_on_full,minimize
GRANOLA MAE TERRA 800G S/ACUC FRUTAS E MEL,granola,0.31867378034501886,f1_macro_on_full,minimize
EXTR.TOM.ELEFANTE 300G,extrato de tomate,0.31867378034501886,f1_macro_on_full,minimize
BLUSA MC UZ3 OFF 211302 P1 MMOI20,blusa,0.31867378034501886,f1_macro_on_full,minimize
PASCOATTONE FRUT CRISTAL CASA SUICA 500G,panificacao pascoa,0.31867378034501886,f1_macro_on_full,minimize
ARROZ T1 BEM CASADO 5KG,arroz,0.31867378034501886,f1_macro_on_full,minimize
CHOC CONF AMEND DISQUETI 120G,chocolate,0.31867378034501886,f1_macro_on_full,minimize
CALDO GALINHA MAGGI 57G,caldo industrializado,0.31867378034501886,f1_macro_on_full,minimize
LAMPADA TASCHIBRA LED 60/9 W AM CT   1UN,lampada,0.31867378034501886,f1_macro_on_full,minimize
COXINHA FRANGO RESF TEMP MF GRANEL KG,padaria e confeitaria industrializado,0.31867378034501886,f1_macro_on_full,minimize
SALG PIPPOS CHUR 200g,aperitivo,0.31867378034501886,f1_macro_on_full,minimize
CN MACARRAO TRICOLORI 200G,macarrao,0.31867378034501886,f1_macro_on_full,minimize
"LAVA ROUPA PO SURF 2,4KG 5EM1 COCO",lava roupas,0.31867378034501886,f1_macro_on_full,minimize
OPTIVE UD SOL.OFT. C/30 FLACONETES ALLEG,outro farma,0.31867378034501886,f1_macro_on_full,minimize
PAO NUTRELLA ABOBORA/LINHACA 350G,padaria e confeitaria industrializado,0.31867378034501886,f1_macro_on_full,minimize
OVO PASCOA GRAN FERRERO ROCHER 365G,ovo de pascoa,0.31867378034501886,f1_macro_on_full,minimize
BISC ROSCA MABEL NATA 350G,biscoito,0.31867378034501886,f1_macro_on_full,minimize
"LAVA ROUPAS PO SURF 2,4KG ROSAS FLOR LIZ",lava roupas,0.31867378034501886,f1_macro_on_full,minimize
"SANITIZ.PO CT BRILHANTE 1,6KG LIMPEZA TOTAL",lava roupas,0.31867378034501886,f1_macro_on_full,minimize
BEB LACTEA ITAMBE WHEY 250ML COCO,bebida lactea,0.31867378034501886,f1_macro_on_full,minimize
LEITE FERMENTADO CAROLINA 450G PPP,leite fermentado,0.31867378034501886,f1_macro_on_full,minimize
CREME QJO CHEF VONO 53G,queijo cremoso,0.31867378034501886,f1_macro_on_full,minimize
PAO THABRULAI 400G 100PC INTEGRAL,padaria e confeitaria industrializado,0.31867378034501886,f1_macro_on_full,minimize
EVITA MOFO INSPIRA SON.INFANCIA PT 100GR,desumidificador,0.31867378034501886,f1_macro_on_full,minimize
DIFUSOR AMB SECAR SENSUAL O.ESS AFRO 100,aromatizador,0.31867378034501886,f1_macro_on_full,minimize
PEITO DE PERU FATIADO SEARA 200G,peito de peru,0.31867378034501886,f1_macro_on_full,minimize
SH PANTENE ANTIRESIDUOS LIMP PROF 400ML,shampoo,0.31867378034501886,f1_macro_on_full,minimize
DES AERO NIVEA INV BLeWH 150ML EMB ECON,desodorante,0.31867378034501886,f1_macro_on_full,minimize
CEREAL NESTLE NESCAU             CX 210G,cereal matinal,0.31867378034501886,f1_macro_on_full,minimize
MOTILEX HA C.30 CPS APSEN,outro farma,0.31867378034501886,f1_macro_on_full,minimize
PAPEL HIG FD MIMMO L16P15,papel higienico,0.31867378034501886,f1_macro_on_full,minimize
PRE LAVAGEM VANISH 500ML EMB ECON WHITE REFIL,lava roupas,0.31867378034501886,f1_macro_on_full,minimize
2DES ROLLON NIVEA PeCARE 50ML(F)50 D 2UN,desodorante,0.31867378034501886,f1_macro_on_full,minimize
CEREAL NESTLE NESCAU DUO         CX 210G,cereal matinal,0.31867378034501886,f1_macro_on_full,minimize
PRATO FUND TRAM CAM CIRIO PORC DEC 22CM,prato,0.31867378034501886,f1_macro_on_full,minimize
"LAVA ROUPAS BRILHANTE SC 1,6KG DEL TOT",lava roupas,0.31867378034501886,f1_macro_on_full,minimize
KIWI GARDEN FRUIT 600G,kiwi,0.31867378034501886,f1_macro_on_full,minimize
QJ P. DONNA VERMELHO FRACAO 200 GRS,queijo,0.31867378034501886,f1_macro_on_full,minimize
REQUEIJAO CAROLINA 400G C/AMIDO,requeijao,0.31867378034501886,f1_macro_on_full,minimize
AZEITONA VD LOLITA C/CAROCO     SH  80GR,azeitona,0.31867378034501886,f1_macro_on_full,minimize
FARIN TRIGO VENERANDA TRAD 1kg,farinha de trigo,0.31867378034501886,f1_macro_on_full,minimize
DESINF PERF PINHO BRIL SILVESTRE 500ML,desinfetante,0.31867378034501886,f1_macro_on_full,minimize
RICOTA LIGTH NATTURA  300G,queijo,0.31867378034501886,f1_macro_on_full,minimize
OLEO COMPOSTO CARMELITA LT 500ML,oleo vegetal,0.31867378034501886,f1_macro_on_full,minimize
BATATA LAYS 80G SOUR CREAM,aperitivo,0.31867378034501886,f1_macro_on_full,minimize
AZEITONA VERDE MARATA INT S/CAROCO 240g,azeitona,0.31867378034501886,f1_macro_on_full,minimize
AMACIANTE FOFO AZUL             FC   3LT,amaciante,0.31867378034501886,f1_macro_on_full,minimize
POLPA DAY FRUT CAJU 100G,polpa de fruta congelada,0.31867378034501886,f1_macro_on_full,minimize
CARNE DE SOL,carne bovina,0.31867378034501886,f1_macro_on_full,minimize
DESINFETANTE PINHO SOL 500ML. ORIGINAL,desinfetante,0.31867378034501886,f1_macro_on_full,minimize
CERVEJA SKOL 300ML GFA RET,cerveja,0.31867378034501886,f1_macro_on_full,minimize
INSET AERO RAID MULTI EUCAL 420ML L P-,inseticida,0.31867378034501886,f1_macro_on_full,minimize
QUEIJO POLENGUINHO LIGHT C/4    CX  68GR,queijo,0.31867378034501886,f1_macro_on_full,minimize
BATATA NOISETTE RUST 1.05KG SERYA,batata congelada,0.31867378034501886,f1_macro_on_full,minimize
TOMATE PELADO POMAROLA 240G CUBO,tomate,0.31867378034501886,f1_macro_on_full,minimize
DESINF VEJA BANH S/C 20 DESC LAV 500ML,desinfetante,0.31867378034501886,f1_macro_on_full,minimize
CERVEJA AMSTEL 275ML LN ULTRA,cerveja,0.31867378034501886,f1_macro_on_full,minimize
KINDER OVO MENINO C1 20G,chocolate,0.31867378034501886,f1_macro_on_full,minimize
FEIJOADA BORDAN 430G,preparo de alimento,0.31867378034501886,f1_macro_on_full,minimize
CHOC LINDT 100G EXCELLENCE 85 CACAU,chocolate,0.31867378034501886,f1_macro_on_full,minimize
KIT PAELLA CONG  DELLMARE 400GR,outro congelado,0.31867378034501886,f1_macro_on_full,minimize
"CHIPS ARROZ/MILHO NAT LIFE 70G, PRESUNTO",aperitivo,0.31867378034501886,f1_macro_on_full,minimize
CAPS 3 FILTRADO 75G,cafe,0.31867378034501886,f1_macro_on_full,minimize
ESFIHA QJO FECHADA 400G DOZZA,outro congelado,0.31867378034501886,f1_macro_on_full,minimize
FJAO CAR PE VERMELHO T1 1KG,feijao,0.31867378034501886,f1_macro_on_full,minimize
PLANTA BEGONIA BELEAF P15,plantas e sementes,0.31867378034501886,f1_macro_on_full,minimize
AZEITONA VERDE INT GORDAL CARREFOUR POTE 250g,azeitona,0.31867378034501886,f1_macro_on_full,minimize
CIGARRO CHESTERFIELD REMIX BEATS BOX,cigarro,0.31867378034501886,f1_macro_on_full,minimize
CAF 3CORACOES SO MIN 250G,cafe,0.31867378034501886,f1_macro_on_full,minimize
POLPA TOMATE POMODORO            TP 520G,polpa de tomate,0.31867378034501886,f1_macro_on_full,minimize
PAO DO FORNO  WICKBOLD NA CHAPA 500G,padaria e confeitaria industrializado,0.31867378034501886,f1_macro_on_full,minimize
RACAO PREMIUM BALANCE ADL P 1KG,alimento pet,0.31867378034501886,f1_macro_on_full,minimize
RC PURONE COR CAO700 VERM 700G,alimento pet,0.31867378034501886,f1_macro_on_full,minimize
CREME PIMENTA YURISAWA S.CASEIRO 150ML,outro molho,0.31867378034501886,f1_macro_on_full,minimize
SALAME MILANO PAMPLONA 100G FAT,salame,0.31867378034501886,f1_macro_on_full,minimize
SOBREMESA VIGOR 180GR CREMOSA CHOCOLATE,iogurte,0.31867378034501886,f1_macro_on_full,minimize
CHIC TRIDENT MENTA BLUEB ZR ACUC 16.5G,goma de mascar,0.31867378034501886,f1_macro_on_full,minimize
SABONETE PROTEX 200G LIMPEZA PROFUNDA,sabonete,0.31867378034501886,f1_macro_on_full,minimize
POTE HERM QUAD 1000M,recipientes,0.31867378034501886,f1_macro_on_full,minimize
BROCOLIS NINJA UNID,brocolis,0.31867378034501886,f1_macro_on_full,minimize
CR D SORRISO 90G DENTES BRANCOS C/4,creme dental,0.31867378034501886,f1_macro_on_full,minimize
ALFACE CRESPA HIDROPONICA JW,alface,0.31867378034501886,f1_macro_on_full,minimize
LING PORT AURORA KG KG,linguica,0.31867378034501886,f1_macro_on_full,minimize
CERVEJA STELLA 330ML LN,cerveja,0.31867378034501886,f1_macro_on_full,minimize
QUEIJO FAIXA AZUL PARM CORTE FATIA  300G,queijo,0.31867378034501886,f1_macro_on_full,minimize
SNACK CHEEZ IT SNAPD P QUEIJO 90G,aperitivo,0.31867378034501886,f1_macro_on_full,minimize
HIPOGLOS CREME TRANSP. 30G,outro farma,0.31867378034501886,f1_macro_on_full,minimize
PAO DE MEL BAUDUCCO 240G,padaria e confeitaria industrializado,0.31867378034501886,f1_macro_on_full,minimize
CONTRA FILE BOV KG VAC,carne bovina,0.31867378034501886,f1_macro_on_full,minimize
PAO EGG SPONGE PANCO 250G,padaria e confeitaria industrializado,0.31867378034501886,f1_macro_on_full,minimize
SQUEEZE SHAKER 600ML  UND,outro bazar e departamentos,0.31867378034501886,f1_macro_on_full,minimize
DESOD ROLL ON DOVE MEN SEM PERF 50ML,desodorante,0.31867378034501886,f1_macro_on_full,minimize
REF MID ABACAXI 20GR,preparo para suco,0.31867378034501886,f1_macro_on_full,minimize
PACK SAB PROTEX LIMP PROFUN LMPM C6,sabonete,0.31867378034501886,f1_macro_on_full,minimize
CERVEJA BOHEMIA                 LT 473ML,cerveja,0.31867378034501886,f1_macro_on_full,minimize
MEIO DA ASA CG 800G CONG 800G,carne de ave,0.31867378034501886,f1_macro_on_full,minimize
"BISC POLVILHO CRAC 90G, DOCE",biscoito,0.31867378034501886,f1_macro_on_full,minimize
"DESOD REXONA 150ML AERO FEM CLIN, CLASS",desodorante,0.31867378034501886,f1_macro_on_full,minimize
ANTISEP BUCAL COLGATE T12 250ML CLEAR MINT,enxaguante bucal,0.31867378034501886,f1_macro_on_full,minimize
COPO NF VD AMERICANO,copo,0.31867378034501886,f1_macro_on_full,minimize
BISNAGUINHA TUR/NU 300G WICKBOLD,padaria e confeitaria industrializado,0.31867378034501886,f1_macro_on_full,minimize
ABS HIG INCONT PLENITUD FEMME NORMAL C/8,absorvente,0.31867378034501886,f1_macro_on_full,minimize
MUCARELA LACFREE KG MINI LANCHE ZERO LACTOSE,queijo,0.31867378034501886,f1_macro_on_full,minimize
AVEIA NATUQUALY FLOCOS FINOS 170G,aveia e seus derivados,0.31867378034501886,f1_macro_on_full,minimize
MIST BOLO CEN D BENTA 450G,preparo para bolo,0.31867378034501886,f1_macro_on_full,minimize
BISC OREO 36GR RECHEADO,biscoito,0.31867378034501886,f1_macro_on_full,minimize
BATATA PALHA DEUTSCHIPS TRAD 140g,vegetal em palha,0.31867378034501886,f1_macro_on_full,minimize
OVO MANTIQUEIRA C/10 JUMBO,ovo,0.31867378034501886,f1_macro_on_full,minimize
SACO LIXO DOVER UTILIX ROLO 50L C/50,saco de lixo,0.31867378034501886,f1_macro_on_full,minimize
CAIXA VAZIA PAPELAO 2,insumo,0.31867378034501886,f1_macro_on_full,minimize
"LASANHA REZENDE 600G, PRES/QJO, .",lasanha congelada,0.31867378034501886,f1_macro_on_full,minimize
BISCOITO NEGRESCO 3X100G NESTLE,biscoito,0.31867378034501886,f1_macro_on_full,minimize
COUVE FLOR BJ,couve flor,0.31867378034501886,f1_macro_on_full,minimize
DES DOVE 50ML ROLL ON ORIGINAL,desodorante,0.31867378034501886,f1_macro_on_full,minimize
"BEB LACTEA GOODY 850G, MORANGO",bebida lactea,0.31867378034501886,f1_macro_on_full,minimize
BANANA PRATA KG,banana,0.31867378034501886,f1_macro_on_full,minimize
BISC LEITE MALTADO PIRAQUE 132G,biscoito,0.31867378034501886,f1_macro_on_full,minimize
CAFE CAP ESPRE GOURMET CANECAO 5G,cafe,0.31867378034501886,f1_macro_on_full,minimize
AMENDOIM YOKI                   PCT 400G,amendoim,0.31867378034501886,f1_macro_on_full,minimize
JG PANELAS TRAMONTINA ALUM PARIS VERM C7,panela,0.31867378034501886,f1_macro_on_full,minimize
SALG ELMA CH DORITOS NACHO PCT 167G,aperitivo,0.31867378034501886,f1_macro_on_full,minimize
MANT TAB AVIACAO C SAL 100G,manteiga,0.31867378034501886,f1_macro_on_full,minimize
ALVEJANTE Q BOA OXI S/CLORO 500ML,alvejante,0.31867378034501886,f1_macro_on_full,minimize
"CERVEJA PATAGONIA 740ML GFA, WEISSE",cerveja,0.31867378034501886,f1_macro_on_full,minimize
MIST P/BOLO VILMA 400G CENOURA,preparo para bolo,0.31867378034501886,f1_macro_on_full,minimize
INSET ELET SBP CITRONELA PAST RF L12P10,inseticida,0.31867378034501886,f1_macro_on_full,minimize
VIOLETA NAT,plantas e sementes,0.31867378034501886,f1_macro_on_full,minimize
PALETA CORDEIROS CONG KG,carne suina,0.31867378034501886,f1_macro_on_full,minimize
SALG TORCIDA 45G CALABRESA,aperitivo,0.31867378034501886,f1_macro_on_full,minimize
TEMPERO SABOR AMI 300GR ALHO E SAL,tempero pronto,0.31867378034501886,f1_macro_on_full,minimize
"AMENDOIM ELMA CHIPS, 100G S/PELE",amendoim,0.31867378034501886,f1_macro_on_full,minimize
"REFRIGERANTE INDAIA PET 2L, LIMAO",refrigerante,0.31867378034501886,f1_macro_on_full,minimize
PP ACUCAR CRISTAL COLOMBO 5 KG,acucar,0.31867378034501886,f1_macro_on_full,minimize
GUARDAN PAPEL MILI 21X22 C/50,guardanapo,0.31867378034501886,f1_macro_on_full,minimize
ESPAGUETE SEM VILMA 500G LINGUINE,macarrao,0.31867378034501886,f1_macro_on_full,minimize
FANTA LARANJA PET 500ML,refrigerante,0.31867378034501886,f1_macro_on_full,minimize
LIPLESS 100MG C/30 COMPRIMIDOS BIOLAB,outro farma,0.31867378034501886,f1_macro_on_full,minimize
CERVEJA CORONA 330ML LN,cerveja,0.31867378034501886,f1_macro_on_full,minimize
CAPELETTI DA BOA FRANGO         PCT 400G,massa fresca,0.31867378034501886,f1_macro_on_full,minimize
FIO DENTAL COLGATE 50M,fio dental,0.31867378034501886,f1_macro_on_full,minimize
CERVEJA GLACIAL PILSEN LT 350ML,cerveja,0.31867378034501886,f1_macro_on_full,minimize
DV MAIS UVA 1L,suco pronto,0.31867378034501886,f1_macro_on_full,minimize
MACAXEIRA MMM KG,mandioca,0.31867378034501886,f1_macro_on_full,minimize
"GELAT DR OETKER CX 20G, AMORA, .",gelatina,0.31867378034501886,f1_macro_on_full,minimize
SORVETE LB CHOC C/ AMENDOAS 500ML,sorvete,0.31867378034501886,f1_macro_on_full,minimize
CREME QJO RICOTA PRESIDENT LIGHT 380G,queijo cremoso,0.31867378034501886,f1_macro_on_full,minimize
TORRADA MARILAN MAG.TOAST PTO PERU 130G,torrada,0.31867378034501886,f1_macro_on_full,minimize
"LIMP UAU M USO 500ML, FL FOLHAS, .",multiuso,0.31867378034501886,f1_macro_on_full,minimize
REFRI FANTA LAR PET250ML,refrigerante,0.31867378034501886,f1_macro_on_full,minimize
REFRIG FYS LARANJA LT 350ML,refrigerante,0.31867378034501886,f1_macro_on_full,minimize
CAFE NESCAFE D GUSTO C/16 RIS ARDEN 112G,cafe,0.31867378034501886,f1_macro_on_full,minimize
CERVEJA PURO MALTE PILSEN LT 473ml,cerveja,0.31867378034501886,f1_macro_on_full,minimize
SORVETE CHAMBINHO MORANGO PT 1L,sorvete,0.31867378034501886,f1_macro_on_full,minimize
BLUSA MC V BCO TEX FMOI20,blusa,0.31867378034501886,f1_macro_on_full,minimize
BARRA FRUTA NUTRY CHOC MOR 60G,barra alimentar,0.31867378034501886,f1_macro_on_full,minimize
DORITOS 55G  QUEIJO NACHO,aperitivo,0.31867378034501886,f1_macro_on_full,minimize
LAVA ROUP PO COMFORT FIBER PROTEC 1600KG,lava roupas,0.31867378034501886,f1_macro_on_full,minimize
CUPIM BOVINO CONG KG,carne bovina,0.31867378034501886,f1_macro_on_full,minimize
BISC CLUB SOCIAL CROSTI ORIGINAL     80G,biscoito,0.31867378034501886,f1_macro_on_full,minimize
PASTA P CALCADOS NUGGET	MR MD N3 36g,outro bazar e departamentos,0.31867378034501886,f1_macro_on_full,minimize
LEITE FERM ELEGE BOB ESP 480GR C/6 TRADICIONAL,leite fermentado,0.31867378034501886,f1_macro_on_full,minimize
CEREAL BARRA NATURALE CAST/AVEIA 25g,barra alimentar,0.31867378034501886,f1_macro_on_full,minimize
CEREAL BARRA NATURALE DOCE LEITE 22g,barra alimentar,0.31867378034501886,f1_macro_on_full,minimize
CEREAL BARRA NATURALE COCO/AVEIA 25g,cereal matinal,0.31867378034501886,f1_macro_on_full,minimize
OLMESART HIDROC EURO 40 25MG C/30 (G),outro farma,0.31867378034501886,f1_macro_on_full,minimize
CAPS NESCAFE DOLCE GUSTO 70G LUNGO C/10,cafe,0.31867378034501886,f1_macro_on_full,minimize
CEREAL BARRA NATURALE DOCE LEITE/CHOC 22g,barra alimentar,0.31867378034501886,f1_macro_on_full,minimize
FGO A PASS TEMP CONG MAURICEA 500GR,carne de ave,0.31867378034501886,f1_macro_on_full,minimize
"DESOD ABOVE ONE AER 150ml/86g, PASSION",desodorante,0.31867378034501886,f1_macro_on_full,minimize
PIZZA CALA M LEVE VERMEL 400G,pizza congelada,0.31867378034501886,f1_macro_on_full,minimize
TAPETE HIG PROCAO C/7,tapete higienico,0.31867378034501886,f1_macro_on_full,minimize
FLOCAO MILHO CUCO 500G,floco de milho,0.31867378034501886,f1_macro_on_full,minimize
DESOD AERO NIVEA PROTECT MEN 150ML,desodorante,0.31867378034501886,f1_macro_on_full,minimize
"MARG DORIANA LIGHT 500G, C/SAL, .",margarina,0.31867378034501886,f1_macro_on_full,minimize
CERV PATAGONIA BOH PILS LT 473ML,cerveja,0.31867378034501886,f1_macro_on_full,minimize
SAB PROTEX 85G SUAVE,sabonete,0.31867378034501886,f1_macro_on_full,minimize
FLANAX 550MG C/10 COMPRIMIDOS BAYER,outro farma,0.31867378034501886,f1_macro_on_full,minimize
LIMP AJAX FRUT VERM MENTA 500ML,multiuso,0.31867378034501886,f1_macro_on_full,minimize
CR DENT COLGATE TOT12 180G ANTI TARTARO,creme dental,0.31867378034501886,f1_macro_on_full,minimize
ACAI NAT FROOTY 700ML,acai,0.31867378034501886,f1_macro_on_full,minimize
PAPEL HIG MAX PURE F.D NEUT 30M L12P11,papel higienico,0.31867378034501886,f1_macro_on_full,minimize
CJ PANOS DE MICROFIBRA CRF 4 PECAS CR018,pano para limpeza,0.31867378034501886,f1_macro_on_full,minimize
COLHER TRAMONT INOX LEME CINZA UN,talher,0.31867378034501886,f1_macro_on_full,minimize
REFR UVA GOLLYGLUP 25G,preparo para suco,0.31867378034501886,f1_macro_on_full,minimize
BEB LAC PIRACANJUBA L.A.C.MOR/BAN 200ML,bebida lactea,0.31867378034501886,f1_macro_on_full,minimize
REFR MINI SPRITE LT 220ML,refrigerante,0.31867378034501886,f1_macro_on_full,minimize
MILHO VERDE KNORR 170G LT,milho verde em conserva,0.31867378034501886,f1_macro_on_full,minimize
ALI CAO QUALIDY 1KG CARNE PREMIM RC AD,alimento pet,0.31867378034501886,f1_macro_on_full,minimize
MEL PURO BIOFLORA 250G,mel,0.31867378034501886,f1_macro_on_full,minimize
ACAI BANANA 1KG 1000 K,acai,0.31867378034501886,f1_macro_on_full,minimize
KELDOG SCH CARNEIRO 85G,alimento pet,0.31867378034501886,f1_macro_on_full,minimize
MANJERICAO MO,manjericao,0.31867378034501886,f1_macro_on_full,minimize
AP BARB PRESTOBARBA SENSE PROTECT 2UN,aparelho de barbear e depilatorio,0.31867378034501886,f1_macro_on_full,minimize
SALSICHA PERDIGAO CRY KG,salsicha,0.31867378034501886,f1_macro_on_full,minimize
CAFE TM PILAO ABRE E FECHA 500G,cafe,0.31867378034501886,f1_macro_on_full,minimize
MANTEIGA BATAVO EXTRA C/SAL 200G,manteiga,0.31867378034501886,f1_macro_on_full,minimize
BOLINHO DUO CHOC BAUDUCCO  27G,padaria e confeitaria industrializado,0.31867378034501886,f1_macro_on_full,minimize
BEB LACTEA AURORA 850G  COCO,bebida lactea,0.31867378034501886,f1_macro_on_full,minimize
HAMBURGUER DE CARNE 100G,prato pronto,0.31867378034501886,f1_macro_on_full,minimize
BALA GEL DENTES VAMPIRO DOCILE 80G,bala,0.31867378034501886,f1_macro_on_full,minimize
BISNAGUINHA LEITE SEVEN BOYS 300g,padaria e confeitaria fresca,0.31867378034501886,f1_macro_on_full,minimize
ESCOVA DENT ORAL-B 123,escova de dentes,0.31867378034501886,f1_macro_on_full,minimize
SHAMPOO SIAGE RESTAURACAO ROSE 250ML,shampoo,0.31867378034501886,f1_macro_on_full,minimize
DESOD ROLL ON NIVEA INV BLCeWHT CLEAR 50,desodorante,0.31867378034501886,f1_macro_on_full,minimize
"SUCO NATURAL ONE 1,5L REFRIG UVA/MACA",suco pronto,0.31867378034501886,f1_macro_on_full,minimize
MIST CAPPUC PUCCINO TRAD MELITTA 200G,cafe,0.31867378034501886,f1_macro_on_full,minimize
LAVA ROUP LIQ BRILHANTE 900ML REF LIMPEZA TOTAL,lava roupas,0.31867378034501886,f1_macro_on_full,minimize
PALH YOK CEBOL  100G,aperitivo,0.31867378034501886,f1_macro_on_full,minimize
MACARRAO INST MARATA GALINHA CAIPIRA 85G,macarrao,0.31867378034501886,f1_macro_on_full,minimize
CHOC LEITE ZERO LINEA 30G,chocolate,0.31867378034501886,f1_macro_on_full,minimize
AZEITONA VDE MARIZA INT STAND UP 150g,azeitona,0.31867378034501886,f1_macro_on_full,minimize
NEUT BODY CARE EXTRA SECA 200ML,creme corporal,0.31867378034501886,f1_macro_on_full,minimize
CEREAL MAT NESCAU 770G  TIGELA,cereal matinal,0.31867378034501886,f1_macro_on_full,minimize
MANT PRESIDENT MOTTE SAL PT 250G,manteiga,0.31867378034501886,f1_macro_on_full,minimize
TIRA MANCHAS OMO ROUPAS COL.    SH 450ML,alvejante,0.31867378034501886,f1_macro_on_full,minimize
FILTRADO ESPUMA PRATA BCA 660ML,espumante,0.31867378034501886,f1_macro_on_full,minimize
BISCOITO ROSQUINHA COCO CADORE 350G,biscoito,0.31867378034501886,f1_macro_on_full,minimize
SABAO BAR YPE PERF FRESH 1KG,sabao em pedra,0.31867378034501886,f1_macro_on_full,minimize
BISC RECHEADINHO BAUDUCCO 25G  MAX CHOC,biscoito,0.31867378034501886,f1_macro_on_full,minimize
ABOBORA MARANHAO KG,abobora,0.31867378034501886,f1_macro_on_full,minimize
SACHE FELIX DELI ATUM 85G,alimento pet,0.31867378034501886,f1_macro_on_full,minimize
AGUA MIN IMPERIAL  510ML,agua,0.31867378034501886,f1_macro_on_full,minimize
BOLINHO SEVEN BOYS BAUNI GOTAS 35G,padaria e confeitaria industrializado,0.31867378034501886,f1_macro_on_full,minimize
KIT ESC DENT 5460T TRIO SPEC ED CURAPROX,escova de dentes,0.31867378034501886,f1_macro_on_full,minimize
PAD PANET TR POLI 400G CHOC,panificacao natal,0.31867378034501886,f1_macro_on_full,minimize
RAID LE FAMILY 45N A BRANCO 32.9ML,repelente,0.31867378034501886,f1_macro_on_full,minimize
CAMARAO QUALIMAR 200G 61/70,fruto do mar,0.31867378034501886,f1_macro_on_full,minimize
LAVA LOUCA AQUAFAST 500ML NEUTRO,detergente,0.31867378034501886,f1_macro_on_full,minimize
AP BARBEAR GILLETTE PRESTO3 C/02 FEM,aparelho de barbear e depilatorio,0.31867378034501886,f1_macro_on_full,minimize
ARROZ BRANCO SAO JOAQUIM TP1 1KG,arroz,0.31867378034501886,f1_macro_on_full,minimize
IOG TRAD BATAVO INTEG 500G,iogurte,0.31867378034501886,f1_macro_on_full,minimize
HAMB SEARA ANGUS GOURMET 400 G,hamburguer congelado,0.31867378034501886,f1_macro_on_full,minimize
MOLHO DE TOMATE VAL 340G,molho de tomate,0.31867378034501886,f1_macro_on_full,minimize
IOG GREGO LIGT BATAVO MORANGO 500G,iogurte,0.31867378034501886,f1_macro_on_full,minimize
VINHO PENA VERMELHA 750ML ROSE VERDE,vinho importado,0.31867378034501886,f1_macro_on_full,minimize
NESTON VIT MAM/BAN/MCA LT 400G,modificadores de leite,0.31867378034501886,f1_macro_on_full,minimize
QJ MAASDAM PRESIDENT FRAC.160GR,queijo,0.31867378034501886,f1_macro_on_full,minimize
"CALDO PO SAZON 5X6,5G COSTELA",caldo industrializado,0.31867378034501886,f1_macro_on_full,minimize
(RIPA) COSTELA BOV BEST BEEF RESF     KG,carne bovina,0.31867378034501886,f1_macro_on_full,minimize
MELATONINA NEO QUIMICA             90CP,outro farma,0.31867378034501886,f1_macro_on_full,minimize
PAO REIS 600G MILHO,padaria e confeitaria industrializado,0.31867378034501886,f1_macro_on_full,minimize
CALDO MANDIOQUINHA FGO SWIFT 350G,caldo industrializado,0.31867378034501886,f1_macro_on_full,minimize
KETCHUP CEPERA TRADICIONAL 400G,ketchup,0.31867378034501886,f1_macro_on_full,minimize
OVINHOS PASC MONTEVERG 85G-CASINHA BRIGAD/AO LEITE,ovo de pascoa,0.31867378034501886,f1_macro_on_full,minimize
LEITE FERM ACTIMEL TRAD 100G,iogurte,0.31867378034501886,f1_macro_on_full,minimize
CR DENT SORRISO 70G TRIPLA LIMP COMP,creme dental,0.31867378034501886,f1_macro_on_full,minimize
DOCE GIBI 1.5KG,outro doce,0.31867378034501886,f1_macro_on_full,minimize
INSET AERO SBP MULTI ECON CITRON 380ML,inseticida,0.31867378034501886,f1_macro_on_full,minimize
KEFIR DESN ATILATTE 500G,iogurte,0.31867378034501886,f1_macro_on_full,minimize
PAPEL TOALHA SNOB  C 2 MULTIUSO,papel toalha,0.31867378034501886,f1_macro_on_full,minimize
LAVA ROUPA TIXAN 3L-FR 10 DESC PRIMAVERA,lava roupas,0.31867378034501886,f1_macro_on_full,minimize
OVO PASCOA BARBIE 166GR,ovo de pascoa,0.31867378034501886,f1_macro_on_full,minimize
LEITE FERM ITAMBE BAUNILHA GF 900G,leite fermentado,0.31867378034501886,f1_macro_on_full,minimize
SACHE ATUM AO MOLHO FRISKIES 85G,alimento pet,0.31867378034501886,f1_macro_on_full,minimize
EXT TOMATE ELEFANTE PT 300G SO TOM,extrato de tomate,0.31867378034501886,f1_macro_on_full,minimize
MORT PROGRESSO C/GORD FAT 150g,mortadela,0.31867378034501886,f1_macro_on_full,minimize
PICANHA BOV FRIBOI A VACUO PESO,carne bovina,0.31867378034501886,f1_macro_on_full,minimize
QA TOMATE GRAPE 500G,tomate,0.31867378034501886,f1_macro_on_full,minimize
DESINF YPE PINHO TRAD 500ML,desinfetante,0.31867378034501886,f1_macro_on_full,minimize
AMENDOIM ELMA CHIPS 145G JAPONES,amendoim,0.31867378034501886,f1_macro_on_full,minimize
PIZZA BABY MASSA LEVE 14UN 350G,massa de pizza,0.31867378034501886,f1_macro_on_full,minimize
LAVA ROU TIXAN PRIMAVERA SH 1L,lava roupas,0.31867378034501886,f1_macro_on_full,minimize
FRESH TEARS SOLUCAO OFTAL. C/15ML ALLERG,outro farma,0.31867378034501886,f1_macro_on_full,minimize
MAIONESE KISABOR TRADICIONAL SC 200G,maionese,0.31867378034501886,f1_macro_on_full,minimize
SAB JOHNSON 80G BABY ORIGINAL,sabonete infantil,0.31867378034501886,f1_macro_on_full,minimize
BISC C CRACKER INT PANCO 200G,biscoito,0.31867378034501886,f1_macro_on_full,minimize
BEB CAST MINI A TAL DA CASTANHA 200ML CH,outra bebida,0.31867378034501886,f1_macro_on_full,minimize
ACHOC PO 3 CORACOES CHOCOLATTO 560G,achocolatado,0.31867378034501886,f1_macro_on_full,minimize
LIMP AJAX FRESH BLUE 500ML,multiuso,0.31867378034501886,f1_macro_on_full,minimize
QUEIJO POLENGHINHO TRADICIONAL 8X17G,queijo,0.31867378034501886,f1_macro_on_full,minimize
CAFE EVOLUTTO 500G VACUO TRADICIONAL,cafe,0.31867378034501886,f1_macro_on_full,minimize
SALGADINHO TORCIDA QUEIJO 45G,aperitivo,0.31867378034501886,f1_macro_on_full,minimize
LAVA ROUPA OMO LAVAGEM PERFEITA  PCT 4KG,lava roupas,0.31867378034501886,f1_macro_on_full,minimize
PAO FORMA INTEGRAL PREZUNIC PT 450g,padaria e confeitaria industrializado,0.31867378034501886,f1_macro_on_full,minimize
MINI PRET SALG SCHAR  S GLU LAC 60G,aperitivo,0.31867378034501886,f1_macro_on_full,minimize
"ALI GATO FRISKIES 85G SC, PEIXE BCO MOLH",alimento pet,0.31867378034501886,f1_macro_on_full,minimize
LAVA ROUPA LIQ GOTA LIMPA ORIGINAL 2L,lava roupas,0.31867378034501886,f1_macro_on_full,minimize
BISC WAFER AYMORE LIMAO 115G,biscoito,0.31867378034501886,f1_macro_on_full,minimize
CERV S GLUTEM ESTRELLA GALICIA G 330ML,cerveja,0.31867378034501886,f1_macro_on_full,minimize
VINHO CHALISE 750ML BCO SECO,vinho nacional,0.31867378034501886,f1_macro_on_full,minimize
LING PORT KG NE KG,linguica,0.31867378034501886,f1_macro_on_full,minimize
GOIABADA RB AMORE CORTE FLOW PACK 200G,goiabada,0.31867378034501886,f1_macro_on_full,minimize
PETISCO TILAPIA COPACOL 600G,peixe,0.31867378034501886,f1_macro_on_full,minimize
DT PO ALA ERVA DC VERDE 500G,lava roupas,0.31867378034501886,f1_macro_on_full,minimize
BISC RECH MINI TEENS MARILAN CHO BCO 30G,biscoito,0.31867378034501886,f1_macro_on_full,minimize
ATUM GOMES DA COSTA 170GR DEFUMADO RALADO EM OLEO,proteina em conserva,0.31867378034501886,f1_macro_on_full,minimize
TODDYNHO LEVINHO 200ML,bebida lactea,0.31867378034501886,f1_macro_on_full,minimize
ALHO ROXO DAI PCT 100G,alho,0.31867378034501886,f1_macro_on_full,minimize
BARRIGA SUINA TEMP RESF KG,carne suina,0.31867378034501886,f1_macro_on_full,minimize
AMACIANTE MON BIJOU PASSA FACIL NAT 2L,amaciante,0.31867378034501886,f1_macro_on_full,minimize
FEIJAO ROXO PINK 1kg,feijao,0.31867378034501886,f1_macro_on_full,minimize
ACHOC PO TODDY ORIG 480G,achocolatado,0.31867378034501886,f1_macro_on_full,minimize
QJ PARM PRESIDENT 50G RALADO,queijo,0.31867378034501886,f1_macro_on_full,minimize
QJO MUSSARELA PRESIDENT 300G FAT,queijo,0.31867378034501886,f1_macro_on_full,minimize
VINHO CHI CONCHA Y TORO MERLOT 750ML,vinho importado,0.31867378034501886,f1_macro_on_full,minimize
MAIONESE CEPERA ALHO 190g,maionese,0.31867378034501886,f1_macro_on_full,minimize
LASANHA OVOS VILMA 500G,suspiro,0.31867378034501886,f1_macro_on_full,minimize
ABS OB INTERNO LV10 PG8 MEDIO,absorvente,0.31867378034501886,f1_macro_on_full,minimize
MAC G DORO SPAGHETI ADRIA 500G,macarrao,0.31867378034501886,f1_macro_on_full,minimize
BISC CLUB SOCIAL ORIG 288G,biscoito,0.31867378034501886,f1_macro_on_full,minimize
CAFE CAPS LOR COLOMBIA 10 UN,cafe,0.31867378034501886,f1_macro_on_full,minimize
AGUA MIN PUREZA 500ML C/ GAS,agua,0.31867378034501886,f1_macro_on_full,minimize
"QUEIJO VIGOR CREAM CHEESE 150G, TRAD, .",queijo cremoso,0.31867378034501886,f1_macro_on_full,minimize
"POLPA FRUTA DE MARCHI 100G, COCO",polpa de fruta congelada,0.31867378034501886,f1_macro_on_full,minimize
SAB LIQ GLIC CALLAMARYS FRUTAS VERM 2L,sabonete,0.31867378034501886,f1_macro_on_full,minimize
CEBOLA  FL COOP 40G,cebola,0.31867378034501886,f1_macro_on_full,minimize
IOG CHIA VIGOR MANGA MARACUJ 800G,iogurte,0.31867378034501886,f1_macro_on_full,minimize
IOG CHIA QUINOA AMARANTO VIGOR TRAD 800G,iogurte,0.31867378034501886,f1_macro_on_full,minimize
MACA KISSABEL RED KG KG,macarrao,0.31867378034501886,f1_macro_on_full,minimize
SABONETE LIQ LUX 200ML RF CAPIM LIMAO,sabonete,0.31867378034501886,f1_macro_on_full,minimize
COQUETEL COROTE PET 500ML MORANGO,bebida mista,0.31867378034501886,f1_macro_on_full,minimize
DUO MUS E PRES KG,mix de frios,0.31867378034501886,f1_macro_on_full,minimize
CERVEJA EISENBAHN TRIGO WEIZENBIER 355ML,cerveja,0.31867378034501886,f1_macro_on_full,minimize
"BISC RECH BAUDUCCO 108g, CHOC RECH BAUN",biscoito,0.31867378034501886,f1_macro_on_full,minimize
"FARINHA MAND DEUSA 250G TEMP, BACON",farinha de mandioca,0.31867378034501886,f1_macro_on_full,minimize
MAC OVOS PARAFUZINHO STA AMALIA 500g,macarrao,0.31867378034501886,f1_macro_on_full,minimize
"LAVA ROUP PO BRILHANTE1,6K SC GTS 150G LIMP TOTAL",lava roupas,0.31867378034501886,f1_macro_on_full,minimize
IOG GREGO ITAMBE 500G MORANGO,iogurte,0.31867378034501886,f1_macro_on_full,minimize
SALADA CAMPANHA NATURAL SALADS 150G HIG,mix de folhas,0.31867378034501886,f1_macro_on_full,minimize
IOG NAT PAULISTA 150G  INTEGRAL,iogurte,0.31867378034501886,f1_macro_on_full,minimize
SHORTS PTO TEX I765735 FMOI19,short,0.31867378034501886,f1_macro_on_full,minimize
BATATA PR FRITA MCCAIN SMILES 400G,batata congelada,0.31867378034501886,f1_macro_on_full,minimize
APAR.PRESTOBARBA ULTRAGRIP.C/2 CAB.FIXA,aparelho de barbear e depilatorio,0.31867378034501886,f1_macro_on_full,minimize
"CHOC BATON TABLETE 90g, SMARTIES 4",chocolate,0.31867378034501886,f1_macro_on_full,minimize
DUETO ODERICH 200G,milho verde e ervilha em conserva,0.31867378034501886,f1_macro_on_full,minimize
LOMBO SUINO LEVEM TEMP SUINCO CG KG,carne suina,0.31867378034501886,f1_macro_on_full,minimize
AGUARDENTE CANINHA SERTANEJA 500ML,cachaca,0.31867378034501886,f1_macro_on_full,minimize
ALHO PORO PREZUNIC UN,outra verdura,0.31867378034501886,f1_macro_on_full,minimize
COENTRO PREZUNIC UN,coentro,0.31867378034501886,f1_macro_on_full,minimize
PIZZA DELICIAS DA COOP LOMBO  400G,pizza congelada,0.31867378034501886,f1_macro_on_full,minimize
FEIJAO PRETO CAMIL T1 1KG,feijao,0.31867378034501886,f1_macro_on_full,minimize
LING CALAB PERDIGAO 400G,linguica,0.31867378034501886,f1_macro_on_full,minimize
LIMPADOR VEJA M.USO FLORAL L500/P450ML,multiuso,0.31867378034501886,f1_macro_on_full,minimize
BALA GELATINA FINI MINHOCA BRILHO 90G,bala,0.31867378034501886,f1_macro_on_full,minimize
BISC RECHEAD BAUDUCCO 140G  MORANGO,biscoito,0.31867378034501886,f1_macro_on_full,minimize
FEIJAO VERDE 500G 500G,feijao,0.31867378034501886,f1_macro_on_full,minimize
PIZZA CALABRESA MEDIA 490G,pizza congelada,0.31867378034501886,f1_macro_on_full,minimize
BISC RENATA 360G LEITE,biscoito,0.31867378034501886,f1_macro_on_full,minimize
MAIONESE C MOLHO TAR 170G,maionese,0.31867378034501886,f1_macro_on_full,minimize
BISTECA SUINA SWIFT 1KG,carne suina,0.31867378034501886,f1_macro_on_full,minimize
BISC HILEIA WAFFER BEIJINHO 115G,biscoito,0.31867378034501886,f1_macro_on_full,minimize
ARROZ CAMIL BRANCO PC 5KG,arroz,0.31867378034501886,f1_macro_on_full,minimize
ACUCAR CRISTAL ALTO ALEGRE 5KG,acucar,0.31867378034501886,f1_macro_on_full,minimize
CEREAL ACUC KELLOGGS SUCRILHOS 730G,cereal matinal,0.31867378034501886,f1_macro_on_full,minimize
HOT POCKET SADIA X 145GR PICANHA,sanduiche congelado,0.31867378034501886,f1_macro_on_full,minimize
MARG MANT VIGOR C SAL 1KG,margarina,0.31867378034501886,f1_macro_on_full,minimize
MAIONESE HEMMER SC 1KG,maionese,0.31867378034501886,f1_macro_on_full,minimize
AZEITE PORT EXT VIRG GALLO VD 250ML,azeite de oliva,0.31867378034501886,f1_macro_on_full,minimize
PANETTONE BITES 107G,panificacao natal,0.31867378034501886,f1_macro_on_full,minimize
LING CALAB SEARA G KG,linguica,0.31867378034501886,f1_macro_on_full,minimize
GELATINA ZERO MORANGO ROYAL 12G,gelatina,0.31867378034501886,f1_macro_on_full,minimize
AMENDOIM PETTIZ 500G CROC PIMENTA,amendoim,0.31867378034501886,f1_macro_on_full,minimize
PANETTONE SALGADO BAUDUCCO 400G,panificacao natal,0.31867378034501886,f1_macro_on_full,minimize
AG MIN MINALBA C/G 6X1.5L,agua,0.31867378034501886,f1_macro_on_full,minimize
QJ TIPO BOURSIN ERVAS FINAS 140G,queijo,0.31867378034501886,f1_macro_on_full,minimize
IND PAO HAMB 500G C/10 UN TRAD,padaria e confeitaria fresca,0.31867378034501886,f1_macro_on_full,minimize
BATATA RIBSNACK 40G CEBOLA E SALSA,batata congelada,0.31867378034501886,f1_macro_on_full,minimize
HAMBURGUER SEARA TEXAS 56GR,hamburguer congelado,0.31867378034501886,f1_macro_on_full,minimize
PURIF AR PURE AIR WICK TO ALG  RF 250ML,aromatizador,0.31867378034501886,f1_macro_on_full,minimize
FARINHA MAND ANGELICA 500G CR FINA,farinha de mandioca,0.31867378034501886,f1_macro_on_full,minimize
OLEO DE COCO COPRA EXTRA VIRGEM.VD 200ML,oleo vegetal,0.31867378034501886,f1_macro_on_full,minimize
PINHAO KG,pinhao,0.31867378034501886,f1_macro_on_full,minimize
AMAC UNI 1L CONC SUAVE,amaciante,0.31867378034501886,f1_macro_on_full,minimize
XEREM MILHO CUCO 500G,farinha de milho,0.31867378034501886,f1_macro_on_full,minimize
CR D ORAL B 123 70G L12 P9,creme dental,0.31867378034501886,f1_macro_on_full,minimize
VASSOURA MADRI CONDOR,vassoura,0.31867378034501886,f1_macro_on_full,minimize
PRESUNTO CRU CERATTI ITALIANO FAT   100G,presunto,0.31867378034501886,f1_macro_on_full,minimize
BISC DOCE AYMORE CEREAL MIX 200G-PC AVEIA/MEL,biscoito,0.31867378034501886,f1_macro_on_full,minimize
TORRADA VISCONTI 120G TRAD.,torrada,0.31867378034501886,f1_macro_on_full,minimize
"CHOC KINDER OVO C/2 40G, MIRACULOUS",chocolate,0.31867378034501886,f1_macro_on_full,minimize
EXT TOM ELEFANTE TRAD 135G TP,extrato de tomate,0.31867378034501886,f1_macro_on_full,minimize
BABY PICANHA SWIFT,carne bovina,0.31867378034501886,f1_macro_on_full,minimize
"GEL SAN PATO REF 38G, 5X1 MARINE, .",pedra sanitaria,0.31867378034501886,f1_macro_on_full,minimize
REFR SPRITE LEMON FRESH  1.5L,refrigerante,0.31867378034501886,f1_macro_on_full,minimize
"BISC MAIZENA FORTALEZA 350g, LEITE",biscoito,0.31867378034501886,f1_macro_on_full,minimize
"SANITIZ.PO BG BRILHANTE 1,6KG LIMPEZA TOTAL",lava roupas,0.31867378034501886,f1_macro_on_full,minimize
QA SAP CREM LIMAO QUALITA 300ML,saponaceo,0.31867378034501886,f1_macro_on_full,minimize
G OMEPRAZOL 20MG C/28 CAPS MEDLEY,outro farma,0.31867378034501886,f1_macro_on_full,minimize
G AMOXICILINA 875MG C/14 COMP EMS,outro farma,0.31867378034501886,f1_macro_on_full,minimize
LAVA ROUPAS LIQ.BRILHANTE 1L HIG. TOTAL REFIL,lava roupas,0.31867378034501886,f1_macro_on_full,minimize
CHOCOLATE LACTA 34G DIAMANETE NEGRO,chocolate,0.31867378034501886,f1_macro_on_full,minimize
MACA MESMO SABOR 1KG,maca,0.31867378034501886,f1_macro_on_full,minimize
MOSTARDA QUERO BISNAGA 190G,mostarda,0.31867378034501886,f1_macro_on_full,minimize
BATATA LAYS RUSTICA CREAM CHEESE 68g,aperitivo,0.31867378034501886,f1_macro_on_full,minimize
QA LAVA LOUCAS EM PO QUALITA 1KG,detergente,0.31867378034501886,f1_macro_on_full,minimize
OVO VERM GRANDE IANA OMEGA 3 C 10,ovo,0.31867378034501886,f1_macro_on_full,minimize
REFRESCO PO FIT MARACUJA 8G,preparo para suco,0.31867378034501886,f1_macro_on_full,minimize
FILTRO PAPEL 103 ORIG MELITTA C30,coador,0.31867378034501886,f1_macro_on_full,minimize
BEB LAC ALPINO FAST CHOC 280ML,bebida lactea,0.31867378034501886,f1_macro_on_full,minimize
BAR CHOC BCO HERSHEYS  PINK LEM 92G,chocolate,0.31867378034501886,f1_macro_on_full,minimize
"BISC MAIZENA FORTALEZA 350g, CHOC",biscoito,0.31867378034501886,f1_macro_on_full,minimize
COUVE FLOR C/ BROCOL BANDEJA,couve flor,0.31867378034501886,f1_macro_on_full,minimize
BALA GEL AMORAS FINI 100G,bala,0.31867378034501886,f1_macro_on_full,minimize
FIGADO FGO CONG BDJ 500G PIONEIRO,carne de ave,0.31867378034501886,f1_macro_on_full,minimize
LIMP M-VEJA POWER FUSION 500ML LARANJA,multiuso,0.31867378034501886,f1_macro_on_full,minimize
PACO 500MG 30MG 36 CP PSICO EUROFARMA,outro farma,0.31867378034501886,f1_macro_on_full,minimize
JG DE LENCOL 200F SOLTEIRO/PLISSADO,lencol,0.31867378034501886,f1_macro_on_full,minimize
CIG DUNHILL ON BLUE,cigarro,0.31867378034501886,f1_macro_on_full,minimize
CAFE CABOCLO VP TRAD 4X500G,cafe,0.31867378034501886,f1_macro_on_full,minimize
CANECA CRFH BCO 300ML HO240937,caneca,0.31867378034501886,f1_macro_on_full,minimize
VIM CLORO ADIT ORIG AZUL 700ML,vela,0.31867378034501886,f1_macro_on_full,minimize
MOLHO GOTA SALSA 150ML,outro molho,0.31867378034501886,f1_macro_on_full,minimize
AZALEIA VH P09,plantas e sementes,0.31867378034501886,f1_macro_on_full,minimize
CAFE CAP DOLCE GUSTO MOCH CANE 172G 10UN,cafe,0.31867378034501886,f1_macro_on_full,minimize
TANGERINA 500G,tangerina,0.31867378034501886,f1_macro_on_full,minimize
FILE COST RESF MATURA KG,carne bovina,0.31867378034501886,f1_macro_on_full,minimize
ALECRIM TOAST MIX 45G,alecrim,0.31867378034501886,f1_macro_on_full,minimize
TULIPA VH VERMELHA P12,plantas e sementes,0.31867378034501886,f1_macro_on_full,minimize
CREME DE LEITE TIROL 200G,creme de leite,0.31867378034501886,f1_macro_on_full,minimize
MANDIOQUINHA/ABOBR/CHUCH/CENOUR VAG CESCA 250G,mandioquinha,0.31867378034501886,f1_macro_on_full,minimize
VELA N2 BC KIREY,vela,0.31867378034501886,f1_macro_on_full,minimize
LAVA ROUPA PO TIXAN PC 800G MACIEZ,lava roupas,0.31867378034501886,f1_macro_on_full,minimize
PANETTONE VISCONTI 450G MAIS CHOC.,panificacao natal,0.31867378034501886,f1_macro_on_full,minimize
CAFE GERONIMO ALMOFADA 500G,cafe,0.31867378034501886,f1_macro_on_full,minimize
LEITE FERM ELEGE BOB ESP MORAN T/P 80G,leite fermentado,0.31867378034501886,f1_macro_on_full,minimize
AMENDOIM OVINHOS CARREFOUR 100G L4P3,amendoim,0.31867378034501886,f1_macro_on_full,minimize
COENTRO HORTFORT HIDR UN,coentro,0.31867378034501886,f1_macro_on_full,minimize
BISC CHAMPAGNE BAUDUCCO 150G,biscoito,0.31867378034501886,f1_macro_on_full,minimize
CERVEJA LOKAL 473ML-LT PILSEN,cerveja,0.31867378034501886,f1_macro_on_full,minimize
PROTETOR DIARIO MILI L P C 40,absorvente,0.31867378034501886,f1_macro_on_full,minimize
REFRIG COCA COLA SEM ACUCAR 2500ML,refrigerante,0.31867378034501886,f1_macro_on_full,minimize
LTE PO NINHO FORT  INT 380G GTS 10  UN,leite em po,0.31867378034501886,f1_macro_on_full,minimize
CAPSULA CAFE COFFEE  50G-CLASSICO C/10UN,cafe,0.31867378034501886,f1_macro_on_full,minimize
BATATA PALHA SAO BRAZ SCRUSH PC TRAD,vegetal em palha,0.31867378034501886,f1_macro_on_full,minimize
IO IO NUTRICREM MIX CHOC C BC 63.6G,outro doce,0.31867378034501886,f1_macro_on_full,minimize
MAC OVOS NHOQUE ADRIA 500G,macarrao,0.31867378034501886,f1_macro_on_full,minimize
DETERG YPE 500ML C/6 GTS ESPONJ PERF,detergente,0.31867378034501886,f1_macro_on_full,minimize
VERTIX 5MG GOTAS C/30ML ACHE,outro farma,0.31867378034501886,f1_macro_on_full,minimize
CEREAL NESTLE NESCAU M/PRECO        120G,cereal matinal,0.31867378034501886,f1_macro_on_full,minimize
MANTA FLANELADA,manta,0.31867378034501886,f1_macro_on_full,minimize
CHOC. HERSHEYS BARRA MEIO AMARG.BR  92GR,chocolate,0.31867378034501886,f1_macro_on_full,minimize
BEB C/SUCO MAGUARY 200ML MORANGO,suco pronto,0.31867378034501886,f1_macro_on_full,minimize
ALIM P CAES DOG CHOW 100G  CORDEIRO MOL,alimento pet,0.31867378034501886,f1_macro_on_full,minimize
CERV ITAIPAVA 100  LT 350ML,cerveja,0.31867378034501886,f1_macro_on_full,minimize
LIMPADOR AJAX 500ML LAVANDA,multiuso,0.31867378034501886,f1_macro_on_full,minimize
ACHOC PO NESTLE 200G-LT CHOC BCO,achocolatado,0.31867378034501886,f1_macro_on_full,minimize
BOLO BAUDUCCO 280G CHOC.,padaria e confeitaria industrializado,0.31867378034501886,f1_macro_on_full,minimize
MASSA NOSSA MASSA 200G P/PASTEL ANIVERSARIO,macarrao,0.31867378034501886,f1_macro_on_full,minimize
/BRIGADEIRO KG,padaria e confeitaria fresca,0.31867378034501886,f1_macro_on_full,minimize
"SELETA DE LEGUMES LAR 1,100KG CONG",vegetal em conserva,0.31867378034501886,f1_macro_on_full,minimize
ENERGETICO EVERLAST MARACUJA 269ML,energetico,0.31867378034501886,f1_macro_on_full,minimize
BOLO FORMIGUEIRO  KG,padaria e confeitaria fresca,0.31867378034501886,f1_macro_on_full,minimize
APAR BARBEAR PRESTOB  REGULAR,aparelho de barbear e depilatorio,0.31867378034501886,f1_macro_on_full,minimize
PANO PIA  ALGOD ALVEJ CRF 28X30 PEQ 3UN,pano para limpeza,0.31867378034501886,f1_macro_on_full,minimize
ISABELA LEITE 350G,biscoito,0.31867378034501886,f1_macro_on_full,minimize
MOLHO TOM CRF CLASSIC MANJ SACH 300G,molho de tomate,0.31867378034501886,f1_macro_on_full,minimize
DES NIVEA 150ML AEROSOL MEN DEEP AMAD,desodorante,0.31867378034501886,f1_macro_on_full,minimize
STEAK SEARA 100GR,empanado congelado,0.31867378034501886,f1_macro_on_full,minimize
PAPEL HIG FD MIRAFIORI L16P15 C30M,papel higienico,0.31867378034501886,f1_macro_on_full,minimize
BISC ISABELA ROSQUINHAS LEITE   PCT 350G,biscoito,0.31867378034501886,f1_macro_on_full,minimize
LINGUICA DE FRANGO SWIFT 700G,linguica,0.31867378034501886,f1_macro_on_full,minimize
CHOC LEITE HERSHEYS MILKSHAKE CROC 87G,chocolate,0.31867378034501886,f1_macro_on_full,minimize
FILE DE PEITO EM CUBOS SWIFT 1KG,carne de ave,0.31867378034501886,f1_macro_on_full,minimize
FRALDAS LOVE E CARE GIGA MILI XL,fralda,0.31867378034501886,f1_macro_on_full,minimize
QUEIJO LA PAULINA KG PRATO PECA,queijo,0.31867378034501886,f1_macro_on_full,minimize
LAVA ROUPA PO OMO LAVAGEM PERFE 1600KG,lava roupas,0.31867378034501886,f1_macro_on_full,minimize
FRALDA BABY MEGA MILI XL,fralda,0.31867378034501886,f1_macro_on_full,minimize
ALHO TRITURADO LOPES 1KG,alho processado,0.31867378034501886,f1_macro_on_full,minimize
BATATA CRISPS INGL TYRRELLS 150G-PC SAL MARINHO,aperitivo,0.31867378034501886,f1_macro_on_full,minimize
T MANCHA PO VANISH PODER O2 WHITE 400G,alvejante,0.31867378034501886,f1_macro_on_full,minimize
LAVA ROUPAS LIQ.OLA 500ML BEBE,lava roupas,0.31867378034501886,f1_macro_on_full,minimize
ALIM C/SOJA ADES 200ML MORANGO,bebida de soja,0.31867378034501886,f1_macro_on_full,minimize
CHOCOTTONE VISCONTI 400g,panificacao natal,0.31867378034501886,f1_macro_on_full,minimize
SANDUICHE PAO ARABE FGO F PROPRIA,prato pronto,0.31867378034501886,f1_macro_on_full,minimize
BISC RECH ADRIA MOUSSE CHOCOLATE 130G,biscoito,0.31867378034501886,f1_macro_on_full,minimize
IOG VCAMPO NATWHEY 250G 14G PROTEIN MOR,iogurte,0.31867378034501886,f1_macro_on_full,minimize
MUCARELA GRAN CONDESSA KG PECA,queijo,0.31867378034501886,f1_macro_on_full,minimize
CEREAL NESTON NESTLE SC 210G  3 CEREAIS,cereal matinal,0.31867378034501886,f1_macro_on_full,minimize
CD.COLGATE SENSITIVE 110G.PROALIVIO REP.ESMALTE,creme dental,0.31867378034501886,f1_macro_on_full,minimize
MINGAU CREMOGEMA TRADICIONAL 180G,cereal infantil ou farinha lactea,0.31867378034501886,f1_macro_on_full,minimize
PAPEL HIG DOBLE C/12 FOLHA DUPLA,papel higienico,0.31867378034501886,f1_macro_on_full,minimize
PALM PUP SALADA PALMASUL POUCH 280G,vegetal em conserva,0.31867378034501886,f1_macro_on_full,minimize
STICK MUSSARELA TIROLEZ 60G,queijo,0.31867378034501886,f1_macro_on_full,minimize
RECORTE COSTELA SUINA SALGADA    KG,carne suina,0.31867378034501886,f1_macro_on_full,minimize
AGUA SANITARIA SANTA CLARA 5LT,agua sanitaria,0.31867378034501886,f1_macro_on_full,minimize
EXT TOMATE ELEFANTE TP 140G,extrato de tomate,0.31867378034501886,f1_macro_on_full,minimize
LINGUICA DE LOMBO FINA SWIFT 500G,linguica,0.31867378034501886,f1_macro_on_full,minimize
TEMPERO COLORAU NATUERVAS 80G,tempero pronto,0.31867378034501886,f1_macro_on_full,minimize
ACHOC.PO TODDY 700G SACHE,achocolatado,0.31867378034501886,f1_macro_on_full,minimize
BISC TODDY RECH MORANGO 100G,biscoito,0.31867378034501886,f1_macro_on_full,minimize
WAFER ORQUIDEA BRIG 100g,biscoito,0.31867378034501886,f1_macro_on_full,minimize
ANA MARIA PULLMAN 35G CEN CHOC,padaria e confeitaria industrializado,0.31867378034501886,f1_macro_on_full,minimize
CR DENTAL ORAL B 70G EXTRA FRESH,creme dental,0.31867378034501886,f1_macro_on_full,minimize
"GEL NYLOOKS 240G FATOR, 4",modelador para cabelo,0.31867378034501886,f1_macro_on_full,minimize
ALIM SOJA BATAVO ORIGINAL ZERO        1L,bebida de soja,0.31867378034501886,f1_macro_on_full,minimize
LARANJA LIMA KG,laranja,0.31867378034501886,f1_macro_on_full,minimize
FILE PEITO FGO RIVELLI 1KG-BJ CONG,carne de ave,0.31867378034501886,f1_macro_on_full,minimize
SAB REXONA C/6 84G L P- ANTIBAC LIMP PRO,sabonete,0.31867378034501886,f1_macro_on_full,minimize
BISC.BAUDUCCO 30G BARRINHA MAXI. CHOC.,biscoito,0.31867378034501886,f1_macro_on_full,minimize
FILE MERLUZA PLANALTO 500G,peixe,0.31867378034501886,f1_macro_on_full,minimize
ARROZ INTEG RARIS 7 CEREAIS 1KG,arroz,0.31867378034501886,f1_macro_on_full,minimize
ASA DE FRANGO KG,carne de ave,0.31867378034501886,f1_macro_on_full,minimize
PAO HAMB TRAD WICKBOLD 200G,padaria e confeitaria industrializado,0.31867378034501886,f1_macro_on_full,minimize
CONDIC.DARLING 350ML CERAMIDAS,condicionador,0.31867378034501886,f1_macro_on_full,minimize
TEMPERO PAPRICA DOCE NATUERVAS 15G,tempero pronto,0.31867378034501886,f1_macro_on_full,minimize
CR DENTAL ORAL B 70G EXTRA BRANCO,creme dental,0.31867378034501886,f1_macro_on_full,minimize
CAFE VAC BRASILEIRO FORTE  500 GR,cafe,0.31867378034501886,f1_macro_on_full,minimize
"BAR CER NUTRY PCT 60G, COOK/CREAM, .",barra alimentar,0.31867378034501886,f1_macro_on_full,minimize
MARGARINA SEARA CREMOSY C SAL PT 250G,margarina,0.31867378034501886,f1_macro_on_full,minimize
CIG ROTHMANS BLUE KS FFF,cigarro,0.31867378034501886,f1_macro_on_full,minimize
MACARRAO TODESCHINI 500G SEMOLA PENA,macarrao,0.31867378034501886,f1_macro_on_full,minimize
MASSA CAS TALHARIM FRITZeFRIDA 400G,macarrao,0.31867378034501886,f1_macro_on_full,minimize
DEO AER OLD SPICE 124G EMB ECON LENHA,desodorante,0.31867378034501886,f1_macro_on_full,minimize
BP ACESS LAV PRENDEDORES 20PCS,prendedor de roupa,0.31867378034501886,f1_macro_on_full,minimize
G GLICLAZIDA 30MG C/ 30 COMP PHARLAB,outro farma,0.31867378034501886,f1_macro_on_full,minimize
PASSAJA FLACONETE 4ML FARMABRAZ,outro farma,0.31867378034501886,f1_macro_on_full,minimize
AZEITONA PRETA AZAPA 500G MEMBERS,azeitona,0.31867378034501886,f1_macro_on_full,minimize
PEDRA SANIT HARPIC AROMA PLUS CLORO 20G,pedra sanitaria,0.31867378034501886,f1_macro_on_full,minimize
QJ MUS TIROL FT 400G 400G,queijo,0.31867378034501886,f1_macro_on_full,minimize
CAFE PACAEMBU 500G ALMOF TRADICIONAL,cafe,0.31867378034501886,f1_macro_on_full,minimize
FAROFA MANDIOCA SUAVE YOKI 200G,farofa pronta,0.31867378034501886,f1_macro_on_full,minimize
FAROFA MAND BATATA PALHA YOKI 200G,farofa pronta,0.31867378034501886,f1_macro_on_full,minimize
PROSSO 250MG C/30 COMPRIMIDOS MOMENTA,vitaminico,0.31867378034501886,f1_macro_on_full,minimize
EXODUS 20MG/ML GOTAS 15ML PSICO ACHE,outro farma,0.31867378034501886,f1_macro_on_full,minimize
HASTE FLEX JOHNSONS C300,haste flexivel,0.31867378034501886,f1_macro_on_full,minimize
ALVEJANTE VANISH RF 500ML  S CLORO,alvejante,0.31867378034501886,f1_macro_on_full,minimize
MOLHO SHOYU CEPERA 150ML,molho shoyu,0.31867378034501886,f1_macro_on_full,minimize
PRATO RASO PORC SCHMIDT PRISMA BC 28CM,prato,0.31867378034501886,f1_macro_on_full,minimize
PAO HAMB FORNO AUSTRIANO WICKBOLD 320G,padaria e confeitaria industrializado,0.31867378034501886,f1_macro_on_full,minimize
MANT C SAL STA CLARA 200,manteiga,0.31867378034501886,f1_macro_on_full,minimize
SALG TORCIDA TRIGO QJO 38G,aperitivo,0.31867378034501886,f1_macro_on_full,minimize
LTE FERMENTADO ACTIMEL  P5L6 600G,iogurte,0.31867378034501886,f1_macro_on_full,minimize
ARROZ TP1 PARB CRF CLASSIC 1KG,arroz,0.31867378034501886,f1_macro_on_full,minimize
SOBRECOXA FRANGO REGINA RESF S/PELE700,carne de ave,0.31867378034501886,f1_macro_on_full,minimize
AGUA TONICA ANTARCTICA LT 269ML,agua tonica,0.31867378034501886,f1_macro_on_full,minimize
ABOBORA JAPONESA KG,abobora,0.31867378034501886,f1_macro_on_full,minimize
BISC JASMINE COOKIE INT LARANJA 120G,biscoito,0.31867378034501886,f1_macro_on_full,minimize
MOELA FGO RESF SEARA BDJ KG,carne de ave,0.31867378034501886,f1_macro_on_full,minimize
PLT BENA ERV AROMA P11,plantas e sementes,0.31867378034501886,f1_macro_on_full,minimize
"CAPSULA DOLCE GUSTO C/16, 7,5G BARISTA",cafe,0.31867378034501886,f1_macro_on_full,minimize
TOBLERONE MILK 360G,chocolate,0.31867378034501886,f1_macro_on_full,minimize
DESINF SUPREMA FR 2L PINHO,desinfetante,0.31867378034501886,f1_macro_on_full,minimize
BENALET MENTA C.4 PAST HOSP JOHNSON,outro farma,0.31867378034501886,f1_macro_on_full,minimize
AP DEPILAR BIC SOLEIL CLIC 1UN CARG 5UN,aparelho de barbear e depilatorio,0.31867378034501886,f1_macro_on_full,minimize
IOG APRECIARE ZERO POLPA MOR 540G,iogurte,0.31867378034501886,f1_macro_on_full,minimize
"DESOD ABOVE AER 150ml, MEN HURRICANE",desodorante,0.31867378034501886,f1_macro_on_full,minimize
ABSORVENTE MILI C/16 DIA E NOITE,absorvente,0.31867378034501886,f1_macro_on_full,minimize
SUCO INT TIAL KIDS 100 PESSEGO TP 200ML,suco pronto,0.31867378034501886,f1_macro_on_full,minimize
POLPA FRU ACER EVA  100G,polpa de fruta congelada,0.31867378034501886,f1_macro_on_full,minimize
BATATA TUBO GBARBOSA ORIGINAL 140G,aperitivo,0.31867378034501886,f1_macro_on_full,minimize
REF FANTA LARANJA PET 1LT,refrigerante,0.31867378034501886,f1_macro_on_full,minimize
VITAMINA B12 100  IDR,outro farma,0.31867378034501886,f1_macro_on_full,minimize
"IOG LIQ VIGOR VITAMINA GFA 1,260ML",iogurte,0.31867378034501886,f1_macro_on_full,minimize
"CHOC AYMORE 80G, LEITE",chocolate,0.31867378034501886,f1_macro_on_full,minimize
PANO COPA DOHLER PRATA VAQUINHASAV   1UN,pano de prato,0.31867378034501886,f1_macro_on_full,minimize
"BATATA YOKI PALHA 105G, TRAD, .",vegetal em palha,0.31867378034501886,f1_macro_on_full,minimize
BISC CEREAIS CACAU  123G,biscoito,0.31867378034501886,f1_macro_on_full,minimize
PICOLE KIBON FRUTTARE MORANGO 81g,picole,0.31867378034501886,f1_macro_on_full,minimize
PILAO 250G TOR M ABRE E FECHA,cafe,0.31867378034501886,f1_macro_on_full,minimize
TAMBATINGA FCO INT CA,peixe,0.31867378034501886,f1_macro_on_full,minimize
WAFER TRENTO SPEC AVELA LEITE  26G,biscoito,0.31867378034501886,f1_macro_on_full,minimize
ABS HIG DIA/NOITE SV C/ABAS C/32,absorvente,0.31867378034501886,f1_macro_on_full,minimize
AP PRESTO ULTRAGRIP 3 L4P3,aparelho de barbear e depilatorio,0.31867378034501886,f1_macro_on_full,minimize
MAC ITA FETTUCCINE LA MOLISAN  500G,macarrao,0.31867378034501886,f1_macro_on_full,minimize
KIT LIMP VEJA SOLUCAO COMPL 3X500ML GOLD BANH COZ,multiuso,0.31867378034501886,f1_macro_on_full,minimize
AIPIM CAROL RODELAS 1Kg,vegetal higienizado e processado,0.31867378034501886,f1_macro_on_full,minimize
SALG E.CH DORITOS 300G QJ NACHO,aperitivo,0.31867378034501886,f1_macro_on_full,minimize
HAMBURGUER PICANHA SWIFT 480G,hamburguer congelado,0.31867378034501886,f1_macro_on_full,minimize
"RC KITEKAT CARN 2KG VERDE 2,7KG",alimento pet,0.31867378034501886,f1_macro_on_full,minimize
BEB LACTEA POLPA PAULISTA 510G  FRUTAS,bebida lactea,0.31867378034501886,f1_macro_on_full,minimize
SELETA LEGUMES QUERO T/P 170g,vegetal em conserva,0.31867378034501886,f1_macro_on_full,minimize
VELA JARAGUA BCA N4  C 8UN 17G,vela,0.31867378034501886,f1_macro_on_full,minimize
LP PERF YPE DOCE VID ROSA 1L,multiuso,0.31867378034501886,f1_macro_on_full,minimize
BEB LACTEA PAULISTA 850G  MORANGO,bebida lactea,0.31867378034501886,f1_macro_on_full,minimize
"BALA SORT BUBALOO AZED UV MOR TUTI 82,5G",bala,0.31867378034501886,f1_macro_on_full,minimize
CONTRA MATURATT RESF CONTRA MATU KG,carne bovina,0.31867378034501886,f1_macro_on_full,minimize
UVA NIAGARA BAND 12kg,uva,0.31867378034501886,f1_macro_on_full,minimize
BARRA FR SUPINO AMEIXA ZERO 24g,barra alimentar,0.31867378034501886,f1_macro_on_full,minimize
ESPETINHO FRIBOI BOV TEMPERADO 900g,carne bovina,0.31867378034501886,f1_macro_on_full,minimize
AGRIAO PRA MESA 100GR PC,agriao,0.31867378034501886,f1_macro_on_full,minimize
"MOLHO PRON BARBEC HELLMANNS 1,01KG",outro molho,0.31867378034501886,f1_macro_on_full,minimize
BISC WAFER LIMAO  TRIUNFO 105G,biscoito,0.31867378034501886,f1_macro_on_full,minimize
LINGUICA MAURICEA MISTA CHURR CONG 600g,linguica,0.31867378034501886,f1_macro_on_full,minimize
TEMP KNORR MEU FEIJAO CASEIRO 48G,tempero pronto,0.31867378034501886,f1_macro_on_full,minimize
LING CALAB SEARA MISTA KG,linguica,0.31867378034501886,f1_macro_on_full,minimize
RACAO GATO SHEBA CARNE SACHE 85G,alimento pet,0.31867378034501886,f1_macro_on_full,minimize
"CATCHUP HELLMANNS 1,01KG",ketchup,0.31867378034501886,f1_macro_on_full,minimize
SALG CHEEZ-IT PROVOLONE          PCT 65G,aperitivo,0.31867378034501886,f1_macro_on_full,minimize
SALG CHEEZ-IT PROVOLONE         PCT 115G,aperitivo,0.31867378034501886,f1_macro_on_full,minimize
IOG POLPA NESTLE  MORANGO 510G,iogurte,0.31867378034501886,f1_macro_on_full,minimize
CERV ANTART LTA 473ML,cerveja,0.31867378034501886,f1_macro_on_full,minimize
"CHOC HERSHEYS, EXT CREM 92G",chocolate,0.31867378034501886,f1_macro_on_full,minimize
MAN QUALY TAB 200 CS 200G,manteiga,0.31867378034501886,f1_macro_on_full,minimize
MASSA ORQUIDEA 500GR C/OVOS PARAFUSO,macarrao,0.31867378034501886,f1_macro_on_full,minimize
ROLO ALUMINIO WYDA  1UN,folha de aluminio,0.31867378034501886,f1_macro_on_full,minimize
BISC AMANT AYMORE LEITE GTS CHOC 330g,biscoito,0.31867378034501886,f1_macro_on_full,minimize
MELAO JAPONES CRFO KG,melao,0.31867378034501886,f1_macro_on_full,minimize
BARRA NUTS MORA CHOC 50G,barra alimentar,0.31867378034501886,f1_macro_on_full,minimize
LAV ROUP LIQ COMFORT HYDRA SERU RF 900ML,lava roupas,0.31867378034501886,f1_macro_on_full,minimize
REFRESCO PO MID LIMAO 25G,preparo para suco,0.31867378034501886,f1_macro_on_full,minimize
SALSICHA VIENA TRAD RESF OURO PERD 330G,salsicha,0.31867378034501886,f1_macro_on_full,minimize
PANIF PAO SR PAO FRANCES KG,padaria e confeitaria fresca,0.31867378034501886,f1_macro_on_full,minimize
PACK MAIONESE HELLMANNS 500G 2UN,maionese,0.31867378034501886,f1_macro_on_full,minimize
LAVA LOUCA LIQ ECONOMICO LIMAO 500ml,detergente,0.31867378034501886,f1_macro_on_full,minimize
MUDA PHALEANOPOLIS 02 H PT 15,plantas e sementes,0.31867378034501886,f1_macro_on_full,minimize
TOMATE PELADO PREZUNIC 400G,polpa de tomate,0.31867378034501886,f1_macro_on_full,minimize
"DETERGENTE TEIU 500ML, NEUTRO",detergente,0.31867378034501886,f1_macro_on_full,minimize
REFEICAO BUFFET KG,insumo,0.31867378034501886,f1_macro_on_full,minimize
"ACAI POLPANORTE 1,5L",acai,0.31867378034501886,f1_macro_on_full,minimize
LINGUICA MISTA TROPEIRA 500G,linguica,0.31867378034501886,f1_macro_on_full,minimize
CALCA JEANS WRANGL DARK 2000 SLIM MJPV19,calca,0.31867378034501886,f1_macro_on_full,minimize
BISC LTE MALTADO 160G,biscoito,0.31867378034501886,f1_macro_on_full,minimize
CHOC GAROTO 80G-TA M-AMARGO,chocolate,0.31867378034501886,f1_macro_on_full,minimize
BISC SALG CRACKER DA MAGRINHA 120G 7 GRAOS QJO,biscoito,0.31867378034501886,f1_macro_on_full,minimize
ROLO DE ALUMINIO  1UN,folha de aluminio,0.31867378034501886,f1_macro_on_full,minimize
PAO DE  FORMA PANCO PREMIUN 350G JUNIOR,padaria e confeitaria industrializado,0.31867378034501886,f1_macro_on_full,minimize
SUCO NECTAR TIAL GOIABA 1L,suco pronto,0.31867378034501886,f1_macro_on_full,minimize
REFR PEPSI COLA  1L,refrigerante,0.31867378034501886,f1_macro_on_full,minimize
FILE DE PANGASIUS CONG 800G,peixe,0.31867378034501886,f1_macro_on_full,minimize
G CEFALEXINA 500MG C/10 COMP EMS,outro farma,0.31867378034501886,f1_macro_on_full,minimize
IOG VIGOR VIV MIX GRANOLA/CACAU 140g,iogurte,0.31867378034501886,f1_macro_on_full,minimize
ISOT GATORADE 500ML  MARACUJA,isotonico,0.31867378034501886,f1_macro_on_full,minimize
PIPOCA DOCE MAGITLEC  200G,pipoca pronta,0.31867378034501886,f1_macro_on_full,minimize
BB AO LEITE RECHEADO DANKE 162G,bombom,0.31867378034501886,f1_macro_on_full,minimize
VH CHI CASILLERO DEL DIABLO MALBEC 750ML,vinho importado,0.31867378034501886,f1_macro_on_full,minimize
PAO COCO PULLMAN 450GR,padaria e confeitaria industrializado,0.31867378034501886,f1_macro_on_full,minimize
ABSORV S LIVRE ADAPT C 8 C A  SV,absorvente,0.31867378034501886,f1_macro_on_full,minimize
MAC INST NISSIN LAMEN COSTELA 85G,macarrao,0.31867378034501886,f1_macro_on_full,minimize
FDA PAMPERS CONFORT SEC MEGA M C/44,fralda,0.31867378034501886,f1_macro_on_full,minimize
FDA PAMPERS CONFORT SEC MEGA G C/38,fralda,0.31867378034501886,f1_macro_on_full,minimize
LINGUICINHA GUINTHER 500G FINA APIMENTADA,linguica,0.31867378034501886,f1_macro_on_full,minimize
BANHA PAMPLONA 1KG,outro resfriado,0.31867378034501886,f1_macro_on_full,minimize
FETTUCINE SEARA 350GR MENU GOURMET PERU/BROCOLIS,outro congelado,0.31867378034501886,f1_macro_on_full,minimize
OVOS MEDIO CAIPIRA DONINHO BD C/20,ovo,0.31867378034501886,f1_macro_on_full,minimize
VEGGIE CHIPS FIT FOOD SNACKS S/G     40G,aperitivo,0.31867378034501886,f1_macro_on_full,minimize
SH DARLING DETOX DRM 350ml,shampoo,0.31867378034501886,f1_macro_on_full,minimize
LINGUICINHA GUINTHER 800G FGO C/QUEIJO,outro embutido,0.31867378034501886,f1_macro_on_full,minimize
BUCHA MINEIRINHA VEG  ESPECIAL VERSATIL,esponja de banho,0.31867378034501886,f1_macro_on_full,minimize
SOBRECOXA FRANGO PERDIGAO NA BRASA  800G,carne de ave,0.31867378034501886,f1_macro_on_full,minimize
OVO CHOC SONHO DE VALSA LACTA 277G,ovo de pascoa,0.31867378034501886,f1_macro_on_full,minimize
MAGNESIA BISURADA C/40 PASTILHAS WYETH,outro farma,0.31867378034501886,f1_macro_on_full,minimize
VINHO SAN TOME 750ML  TTO SUAVE,vinho nacional,0.31867378034501886,f1_macro_on_full,minimize
FRANGO A PASSARINHO SUPER FRANGO S/T 1Kg,carne de ave,0.31867378034501886,f1_macro_on_full,minimize
MIST BOLO MARIZA MARACUJA SACHE 400G,preparo para bolo,0.31867378034501886,f1_macro_on_full,minimize
SAB LIQ INT MEDLEY MUL FRESH 200ML,sabonete,0.31867378034501886,f1_macro_on_full,minimize
MOLHO TOMATE TARANTELLA TRAD SC 460G,molho de tomate,0.31867378034501886,f1_macro_on_full,minimize
KIT 7 CUECAS POLO WORLD GG,cueca,0.31867378034501886,f1_macro_on_full,minimize
QJ TP GRANA 12 MESES GRAN MESTRI KG,queijo,0.31867378034501886,f1_macro_on_full,minimize
BATATA CONG. SADIA PALITO       PE  400G,batata congelada,0.31867378034501886,f1_macro_on_full,minimize
ADOCANTE LIQ STEVIA LINEA 25ML,adocante,0.31867378034501886,f1_macro_on_full,minimize
LIMPOL GEL 3X511ML DET GEL CRISTAL,detergente,0.31867378034501886,f1_macro_on_full,minimize
AMENDOIM CROC LEV SALGADO YOKI 150G,amendoim,0.31867378034501886,f1_macro_on_full,minimize
AZEITE OLIV BORGES EX VIR VD 5,azeite de oliva,0.31867378034501886,f1_macro_on_full,minimize
CIF PF RELAXANTE LILAS 900ML,aromatizador,0.31867378034501886,f1_macro_on_full,minimize
"SUCO GREENPEOPLE BASIC 1L, BET/LAR/CEN",suco pronto,0.31867378034501886,f1_macro_on_full,minimize
ADOCANTE LIQ ZERO CAL 100ML SUCRALOSE,adocante,0.31867378034501886,f1_macro_on_full,minimize
PEIXE TAINHA IN NATURA KG,peixe,0.31867378034501886,f1_macro_on_full,minimize
PAO GIRASSOL CASTANHA WICKBOLD 400G,padaria e confeitaria industrializado,0.31867378034501886,f1_macro_on_full,minimize
ACAI FROOTY ORIGINAL 2 LTS,acai,0.31867378034501886,f1_macro_on_full,minimize
MAC SEMOLA ESPAGUETE 8 GALO 500G,macarrao,0.31867378034501886,f1_macro_on_full,minimize
COALHADA INTEG CANTO MINAS GFA 900G,iogurte,0.31867378034501886,f1_macro_on_full,minimize
MAC INST LAMEN NISSIN BACO 80g,macarrao,0.31867378034501886,f1_macro_on_full,minimize
AMAC CONC DOWNY PAIXAO 450ML,amaciante,0.31867378034501886,f1_macro_on_full,minimize
TEMP ALHO/SAL SABOR AMI 300G,tempero pronto,0.31867378034501886,f1_macro_on_full,minimize
ESPONJA SCOTH BRITE          3M C/1,esponja,0.31867378034501886,f1_macro_on_full,minimize
"SABONETE GIOVANNA BABY 90g, VANILLA",sabonete infantil,0.31867378034501886,f1_macro_on_full,minimize
VELA PARANA SC N8 C/8 22G,vela,0.31867378034501886,f1_macro_on_full,minimize
G AMOXICILINA CLAV 500 125MG C/18 CP EMS,outro farma,0.31867378034501886,f1_macro_on_full,minimize
FARELO AVEIA YOKI 170G,aveia e seus derivados,0.31867378034501886,f1_macro_on_full,minimize
CHOC LINDT 300GR GOLD BAR MILK,chocolate,0.31867378034501886,f1_macro_on_full,minimize
"PAPEL HIG FLORAL F.S L8P7, NEUTRO",papel higienico,0.31867378034501886,f1_macro_on_full,minimize
SHORTS DE ALGODAO C/LACO NA CINTURA,short,0.31867378034501886,f1_macro_on_full,minimize
PAO DOGAO 300G,padaria e confeitaria industrializado,0.31867378034501886,f1_macro_on_full,minimize
BEB ENERG BALY ENERGY DRINK PET 2L MORANGO/PESS,energetico,0.31867378034501886,f1_macro_on_full,minimize
HORTELA AMJ MH,hortela,0.31867378034501886,f1_macro_on_full,minimize
OVOS CODORNA CONS CIA CODORNA 900G,ovo,0.31867378034501886,f1_macro_on_full,minimize
BEBIDA SUFRESH CAJU 1L,suco pronto,0.31867378034501886,f1_macro_on_full,minimize
ALVEJ TRIEX 2L WHITE,alvejante,0.31867378034501886,f1_macro_on_full,minimize
OVO LACTA SONHO VALSA 277G N15,ovo de pascoa,0.31867378034501886,f1_macro_on_full,minimize
TAPAZOL 5MG C/100 COMPRIMIDOS BIOLAB,outro farma,0.31867378034501886,f1_macro_on_full,minimize
TEMP KITANO MAIS SABOR MASSAS 60G,tempero pronto,0.31867378034501886,f1_macro_on_full,minimize
"BISC MONTEVERGINE TUB-IN REC 48G, AVELA",biscoito,0.31867378034501886,f1_macro_on_full,minimize
TEMPERO PO ARISCO FGO PEIXE ARRO C10 50G,tempero pronto,0.31867378034501886,f1_macro_on_full,minimize
COPO PARTY CUP MM RED 20 UND,copo descartavel,0.31867378034501886,f1_macro_on_full,minimize
TOALHA UMED HUGGIES CLASSIC C/96,lenco umedecido,0.31867378034501886,f1_macro_on_full,minimize
ODORIZ AER GLADE AGUA FLOR 360ml OF ESP,oleo vegetal,0.31867378034501886,f1_macro_on_full,minimize
SANITZ LAVA RPA BRILHANTE 400G-CX LIMPZ/TOT CORES,lava roupas,0.31867378034501886,f1_macro_on_full,minimize
PIPOCA P MICRO YOKI 100G T CHEF,pipoca para microondas,0.31867378034501886,f1_macro_on_full,minimize
CHOC TAB LACTA 60  CACAU LARANJA 85G,chocolate,0.31867378034501886,f1_macro_on_full,minimize
IOG VIGOR 3 GRAOS FRAMB/LIM 170g,iogurte,0.31867378034501886,f1_macro_on_full,minimize
SAB. DOVE MICELAR STRE.LMPM 90GRPE   6UN,sabonete,0.31867378034501886,f1_macro_on_full,minimize
IOG LIQ PAULISTA MIX DE FRUTAS 850G,iogurte,0.31867378034501886,f1_macro_on_full,minimize
VHO BORSAO CLASICO GARNACHA 750ML,vinho importado,0.31867378034501886,f1_macro_on_full,minimize
"LAVA ROUP OMO 2,4KG EMB.ECONOMICA LAV PERF",lava roupas,0.31867378034501886,f1_macro_on_full,minimize
IOG LIQUIDO PAULISTA MORANGO 170G,iogurte,0.31867378034501886,f1_macro_on_full,minimize
BATATA PRINGLES 158G PIZZA,aperitivo,0.31867378034501886,f1_macro_on_full,minimize
30 CABIDES LK CINZA AVELUDADOS,cabide,0.31867378034501886,f1_macro_on_full,minimize
CAFE VACUO EXT FORTE JAGUARI 500g,cafe,0.31867378034501886,f1_macro_on_full,minimize
DESOD AER MONANGE 90G FLOR LAVANDA,desodorante,0.31867378034501886,f1_macro_on_full,minimize
BARRA PROT CRISP BAR INTEG LEITE/AVE,barra alimentar,0.31867378034501886,f1_macro_on_full,minimize
GELATINA APTI INCOLOR 24G,gelatina,0.31867378034501886,f1_macro_on_full,minimize
DESOD AER MONANGE 90G FRUTAS VERMELHAS,desodorante,0.31867378034501886,f1_macro_on_full,minimize
MARGARINA MEDALHA DE OURO BALDE 10Kg,margarina,0.31867378034501886,f1_macro_on_full,minimize
BISC AMANT BAUDUCCO LEIT GOTA CHOC 335G,biscoito,0.31867378034501886,f1_macro_on_full,minimize
TOALHA UMED JOHNSONS BABY H SONO C48,lenco umedecido,0.31867378034501886,f1_macro_on_full,minimize
FORXIGA 10MG C/30 COMPRIMIDOS ASTRAZENEC,outro farma,0.31867378034501886,f1_macro_on_full,minimize
LEITE UHT INTEGRAL PAULISTA 1L,leite,0.31867378034501886,f1_macro_on_full,minimize
BISC MILKA 260GR CHOCOCREME,biscoito,0.31867378034501886,f1_macro_on_full,minimize
COSTELA BOV KG TIRAS CONG VACUO,carne bovina,0.31867378034501886,f1_macro_on_full,minimize
COXINHA MARIA COXINHA 400G BACON,petisco e salgadinho congelado,0.31867378034501886,f1_macro_on_full,minimize
CHAMPIGNON INT 100G  100G,cogumelo,0.31867378034501886,f1_macro_on_full,minimize
AGUA COC SOCOCO TP 200ML,agua de coco,0.31867378034501886,f1_macro_on_full,minimize
CREME DE LEITE A PAST XANDO 300G,creme de leite,0.31867378034501886,f1_macro_on_full,minimize
FLOGORAL COLUTORIO MENTA 150ML ACHE,outro farma,0.31867378034501886,f1_macro_on_full,minimize
CREME LEITE CEMIL TP 200g,creme de leite,0.31867378034501886,f1_macro_on_full,minimize
SNACK PEDIGREE DENTASTIX RACAS PQ110G,alimento pet,0.31867378034501886,f1_macro_on_full,minimize
PURIF GLADE AERO 360ML DESC LAVANDA,aromatizador,0.31867378034501886,f1_macro_on_full,minimize
PASSA CHOCO MIX MRGO  130G,biscoito,0.31867378034501886,f1_macro_on_full,minimize
LING MISTA DEF FININHA SADIA 240G (RB),linguica,0.31867378034501886,f1_macro_on_full,minimize
PIPOCA PREMIUM FRITZeFRIDA 400G,milho para pipoca,0.31867378034501886,f1_macro_on_full,minimize
MILHO VERDE PREZUNIC LT 170G,milho verde em conserva,0.31867378034501886,f1_macro_on_full,minimize
MOLHO TOM PREDILECTA SACHE 340g,molho de tomate,0.31867378034501886,f1_macro_on_full,minimize
MAIONESE HELLMANN S 200GR GOURMET SACHE,maionese,0.31867378034501886,f1_macro_on_full,minimize
SODA LIMONADA PET 200ML,refrigerante,0.31867378034501886,f1_macro_on_full,minimize
MOCA PASSAR CHURROS 195G,outro doce,0.31867378034501886,f1_macro_on_full,minimize
COGUMELO UNIAGRO 80GR DOY PACK FAT,cogumelo,0.31867378034501886,f1_macro_on_full,minimize
MOSTARDA ODERICH BISN 190g,mostarda,0.31867378034501886,f1_macro_on_full,minimize
PACOCA ROLHA SANTA HELENA 550G C/25 S/EMBALAGEM,pacoca,0.31867378034501886,f1_macro_on_full,minimize
EUTHYROX 125MG C/50 COMPRIMIDOS MERCK,outro farma,0.31867378034501886,f1_macro_on_full,minimize
BOLO PANCO 300G  COCO,padaria e confeitaria industrializado,0.31867378034501886,f1_macro_on_full,minimize
CLORANA 25MG C.30 COMPRIMIDOS SANOFI,outro farma,0.31867378034501886,f1_macro_on_full,minimize
MEIO ASA FGO BIG FGO KG TEMP RES CP,carne de ave,0.31867378034501886,f1_macro_on_full,minimize
"DOWNY NATURALS B R  1,350L",amaciante,0.31867378034501886,f1_macro_on_full,minimize
"COPO PLAST VEROCOPO 50ML DESC, TRANSP",copo descartavel,0.31867378034501886,f1_macro_on_full,minimize
CHOC TAB HERSHEYS PC 77G COOKIES,chocolate,0.31867378034501886,f1_macro_on_full,minimize
ANTI MOFO/TRACA SANY BRIL 30G,outro produto de limpeza domestica,0.31867378034501886,f1_macro_on_full,minimize
ALIM CAES COOP FILH PREM CARN VEG 1KG,alimento pet,0.31867378034501886,f1_macro_on_full,minimize
"REFR FANTA LAR 1,5L",refrigerante,0.31867378034501886,f1_macro_on_full,minimize
CHOC GAROTO TALENTO RECH TIRAMISU 85G,chocolate,0.31867378034501886,f1_macro_on_full,minimize
AGUA MINERAL SANTA RITA 200ML COPO S/GAS,agua,0.31867378034501886,f1_macro_on_full,minimize
CERV BRAHMA DUPLO MALTE 269ML LT,cerveja,0.31867378034501886,f1_macro_on_full,minimize
CR TRATAMENTO MOIST 475ML AUSSIE,creme de tratamento,0.31867378034501886,f1_macro_on_full,minimize
AGUA TONICA CITRUS CLASSIC LT 350ML,agua tonica,0.31867378034501886,f1_macro_on_full,minimize
COOKIES NESTLE RECHEADO AO LEITE 78G,biscoito,0.31867378034501886,f1_macro_on_full,minimize
COXAO DURO ATENDIMENTO RESERVA KG,carne bovina,0.31867378034501886,f1_macro_on_full,minimize
QA NECTAR MARACUJA QUALITA  200ML,suco pronto,0.31867378034501886,f1_macro_on_full,minimize
IOG FRUTAP MOR CONFEITOS CHOC 115G,iogurte,0.31867378034501886,f1_macro_on_full,minimize
WAFER TRENTO SPEC AVELA BCO  26G,biscoito,0.31867378034501886,f1_macro_on_full,minimize
SUCO LARANJA S ACUCAR XANDO GF 1.5L,suco pronto,0.31867378034501886,f1_macro_on_full,minimize
BISTEQUITOS CHURRAS  50G,alimento pet,0.31867378034501886,f1_macro_on_full,minimize
EMP FGO AURORA 300G TIRINHAS,petisco e salgadinho congelado,0.31867378034501886,f1_macro_on_full,minimize
CHA DE DENTRO BOV RESF KG,carne bovina,0.31867378034501886,f1_macro_on_full,minimize
CAF MELITTA EF POUCH  500G,cafe,0.31867378034501886,f1_macro_on_full,minimize
NECTAR D VALLE MAIS UVA 1L LIGHT TP,suco pronto,0.31867378034501886,f1_macro_on_full,minimize
DESINF ECONOMICO JASMIM 2L,desinfetante,0.31867378034501886,f1_macro_on_full,minimize
SAB LIQ PROTEX BALANCE 250ML,sabonete,0.31867378034501886,f1_macro_on_full,minimize
LAVA LOUCAS CLASSIC NATURE 5L-GL NEUTRO,detergente,0.31867378034501886,f1_macro_on_full,minimize
CASQUINHA P/ SORVETES BARION C/18UN,casquinha de sorvete,0.31867378034501886,f1_macro_on_full,minimize
DOCE LEITE TIROL ZERO LACTOSE   PT 350GR,outro doce,0.31867378034501886,f1_macro_on_full,minimize
CR DENT COLG NATURAL DEF REFOR 90G,creme dental,0.31867378034501886,f1_macro_on_full,minimize
PEITO FGO FRIAVES C/OSSO        AV    KG,carne de ave,0.31867378034501886,f1_macro_on_full,minimize
REQ POCOS DE CALDAS CREM PT 400G ORIGINAL,requeijao,0.31867378034501886,f1_macro_on_full,minimize
FERMENTO DR.OETKER BIOL.INST.   EV  10GR,fermento,0.31867378034501886,f1_macro_on_full,minimize
DOCE LEITE MUMU TRADICIONAL 350g,outro doce,0.31867378034501886,f1_macro_on_full,minimize
CHOC NESTLE CLASSIC M-AMAR 14X90G,chocolate,0.31867378034501886,f1_macro_on_full,minimize
ARROZ AGULH PREFERENCIA 2KG TP1,arroz,0.31867378034501886,f1_macro_on_full,minimize
CERVEJA ITA DRAFT 350ML LT TARDEZINHA,cerveja,0.31867378034501886,f1_macro_on_full,minimize
DIFUSOR AMB COALA AROMAS VANILLA 100ml,aromatizador,0.31867378034501886,f1_macro_on_full,minimize
VITAMINAS NEO QUIMICA MULHER C 60 CP REV,outro farma,0.31867378034501886,f1_macro_on_full,minimize
AGUA MINERAL  NATURAL  INGA 1510ML,agua,0.31867378034501886,f1_macro_on_full,minimize
MAC OVOS ADRIA 500G ARGOLA,macarrao,0.31867378034501886,f1_macro_on_full,minimize
CREME LEITE REGINA TETRA 200G,creme de leite,0.31867378034501886,f1_macro_on_full,minimize
TENDER SUINO REZENDE KG,carne suina,0.31867378034501886,f1_macro_on_full,minimize
TOALHA UMED NATURAL BABY C/100 UN,lenco umedecido,0.31867378034501886,f1_macro_on_full,minimize
CERV COLORADO LAGER SLEEK 8X350ML,cerveja,0.31867378034501886,f1_macro_on_full,minimize
BIFE FILE FGO RESF BAND KG,carne de ave,0.31867378034501886,f1_macro_on_full,minimize
MINI BOLO CASA SUICA INT ZERO 35G,padaria e confeitaria industrializado,0.31867378034501886,f1_macro_on_full,minimize
VINHO KO 750ML CHARDONNAY/SAUV BCO,vinho importado,0.31867378034501886,f1_macro_on_full,minimize
"MAC LAM FORTALEZA GALINHA 74,3",macarrao,0.31867378034501886,f1_macro_on_full,minimize
"MAC LAM FORTALEZA CARNE 74,3G",macarrao,0.31867378034501886,f1_macro_on_full,minimize
SCALOPE FILE MIGNON BOV RESF     KG,carne bovina,0.31867378034501886,f1_macro_on_full,minimize
VITAMINAS NEO QUIM AZ C 60 CP REV,outro farma,0.31867378034501886,f1_macro_on_full,minimize
BALA DORI TUBO REGALIZ MINI FLOR 15G,bala,0.31867378034501886,f1_macro_on_full,minimize
CR DENT COLGATE P.ALIVIO 90G BRANQUEADOR,creme dental,0.31867378034501886,f1_macro_on_full,minimize
ALFACE VERD FACIL PCT 200GR AMER,alface,0.31867378034501886,f1_macro_on_full,minimize
MUCILON ARROZ AVEIA NESTLE SC 600G,cereal infantil ou farinha lactea,0.31867378034501886,f1_macro_on_full,minimize
AGUARDENTE PITU 965ML,cachaca,0.31867378034501886,f1_macro_on_full,minimize
CONTRA FILE BOV BIFE BAND FAMILIAR KG,carne bovina,0.31867378034501886,f1_macro_on_full,minimize
QA BISCOITO DE CEREAIS E CACAU 170G,biscoito,0.31867378034501886,f1_macro_on_full,minimize
CNJ 6 TACAS P/ GIN C/ BASE COLORIDA,taca,0.31867378034501886,f1_macro_on_full,minimize
REQUEIJAO COTOCHES TRADICIONAL 200g,requeijao,0.31867378034501886,f1_macro_on_full,minimize
TEMP SAZON LJ 60G,tempero pronto,0.31867378034501886,f1_macro_on_full,minimize
PAO COPERPAO SANDUBA LANCHE 400G,padaria e confeitaria industrializado,0.31867378034501886,f1_macro_on_full,minimize
TAPIOCA DA TERRINHA 500G,tapioca,0.31867378034501886,f1_macro_on_full,minimize
POLVILHO AZEDO YOKI 500G,polvilho,0.31867378034501886,f1_macro_on_full,minimize
BISC ESTRELA ROSQUINHA CHOC 300g,biscoito,0.31867378034501886,f1_macro_on_full,minimize
MORTADELA BOLOGNA OURO PERDIGAO KG,mortadela,0.31867378034501886,f1_macro_on_full,minimize
RACAO FARO GATO CARNE           LT 290GR,alimento pet,0.31867378034501886,f1_macro_on_full,minimize
COXA FGO RESF S PELE BAND KG,carne de ave,0.31867378034501886,f1_macro_on_full,minimize
PIPOCA P MICRO YOKI 100 G NAT C SAL,pipoca para microondas,0.31867378034501886,f1_macro_on_full,minimize
GOMA TUTTI FRUTTI 15X6G,bala,0.31867378034501886,f1_macro_on_full,minimize
SIDRA CERESER MORANGO 660ML,sidra,0.31867378034501886,f1_macro_on_full,minimize
PANIF PAO BAGUETE KG,padaria e confeitaria fresca,0.31867378034501886,f1_macro_on_full,minimize
LIMPADOR YPE CLASSIC 500ML MULTIUSO,multiuso,0.31867378034501886,f1_macro_on_full,minimize
BIS LACTA XTRA OREO             PE  45GR,chocolate,0.31867378034501886,f1_macro_on_full,minimize
TOMATE DEVILE 500GR GRAPE BDJ,tomate,0.31867378034501886,f1_macro_on_full,minimize
CR DENT COLGATE PRO-ALIVIO IMEDIATO 140G,creme dental,0.31867378034501886,f1_macro_on_full,minimize
MASSA C/OVOS RENATA AVE MAR 500G,macarrao,0.31867378034501886,f1_macro_on_full,minimize
CERVEJA EISENBAHN 355ML LN SESSION IPA,cerveja,0.31867378034501886,f1_macro_on_full,minimize
FARINHA TRIGO NORDESTE 5KG ESPECIAL,farinha de trigo,0.31867378034501886,f1_macro_on_full,minimize
ARROZ MINUTINHO BRANCO PC 5KG,arroz,0.31867378034501886,f1_macro_on_full,minimize
ROTISS ARROZ BRANCO KG,prato pronto,0.31867378034501886,f1_macro_on_full,minimize
CHRISTMAS MARSHM 550G GUANGDONG,produto sazonal,0.31867378034501886,f1_macro_on_full,minimize
IND ESFIHA SN CARNE UN,prato pronto,0.31867378034501886,f1_macro_on_full,minimize
IOG.LIQ.VIGOR 180G VIV FRAMB/LIM. 3 GRAOS,iogurte,0.31867378034501886,f1_macro_on_full,minimize
LIMP PATO C/12 GEL AD 50  DESC 2UN FLOR,pedra sanitaria,0.31867378034501886,f1_macro_on_full,minimize
SORVETE DIAMANTE NEGRO E LAKA 1.5L,sorvete,0.31867378034501886,f1_macro_on_full,minimize
INSET AER SBP ANTI  AEDES S/CHEIRO 360ML,inseticida,0.31867378034501886,f1_macro_on_full,minimize
SALGADINHO CHEEZ IT PROVOLONE 115G,petisco e salgadinho congelado,0.31867378034501886,f1_macro_on_full,minimize
JG DE LENCOL 300 FIOS KING,lencol,0.31867378034501886,f1_macro_on_full,minimize
FIAMBRE CARNE BOVINA KYTUT LT 320G,proteina em conserva,0.31867378034501886,f1_macro_on_full,minimize
IOG.VIGOR MIX 165G MOR C SUCRILHOS,iogurte,0.31867378034501886,f1_macro_on_full,minimize
CERV GHOST SHIP PALE ALE 500ML,cerveja,0.31867378034501886,f1_macro_on_full,minimize
PAO SIRIO PITA EXTRA FINO       PCT 320G,padaria e confeitaria industrializado,0.31867378034501886,f1_macro_on_full,minimize
CERV SOUTHWOLD BITTER 500ML,cerveja,0.31867378034501886,f1_macro_on_full,minimize
"BEBIDA LACT FERM DANONE 510G, MORANGO",iogurte,0.31867378034501886,f1_macro_on_full,minimize
PAO WICKBOLD HAMBURGUER GERGEL  PCT 200G,padaria e confeitaria industrializado,0.31867378034501886,f1_macro_on_full,minimize
ROTISS SAND FORMA DE PEITO/PERU KG,prato pronto,0.31867378034501886,f1_macro_on_full,minimize
ROTISS MAIONESE KG,prato pronto,0.31867378034501886,f1_macro_on_full,minimize
MARGARINA DORIANA 1KG,margarina,0.31867378034501886,f1_macro_on_full,minimize
PRESERVATIVO OLLA PLAY 3UN,preservativo,0.31867378034501886,f1_macro_on_full,minimize
PASSATA ESP CARREFOUR 400G,prato pronto,0.31867378034501886,f1_macro_on_full,minimize
"SUCO DEL VALLE FRESH 1,5LT  UVA",suco pronto,0.31867378034501886,f1_macro_on_full,minimize
GOIABADA PREDILECTA 500G,goiabada,0.31867378034501886,f1_macro_on_full,minimize
ATUM PREZUNIC RALADO EM AGUA 170G,proteina em conserva,0.31867378034501886,f1_macro_on_full,minimize
CERVEJA ITAIPAVA 355ML L.N GO DRAFT,cerveja,0.31867378034501886,f1_macro_on_full,minimize
DESINF LIQ PINHO SOL PODER ORIG 1L,desinfetante,0.31867378034501886,f1_macro_on_full,minimize
VEGGIE CHIPS S/GLUTEN FIT F TOM/MANJ,aperitivo,0.31867378034501886,f1_macro_on_full,minimize
PANIF PAO CIABATA KG,padaria e confeitaria fresca,0.31867378034501886,f1_macro_on_full,minimize
"IOG GREGO VIGOR 360G ULTR, MOR",iogurte,0.31867378034501886,f1_macro_on_full,minimize
MOLHO BRANCO PRESIDENT 200G,outro molho,0.31867378034501886,f1_macro_on_full,minimize
DESINF PINHO SOL C LAV L500P450ML,desinfetante,0.31867378034501886,f1_macro_on_full,minimize
ALHO FORTTUNI 200G,alho,0.31867378034501886,f1_macro_on_full,minimize
PAO QJO TRAD DIPAES KG,massa de pao de queijo,0.31867378034501886,f1_macro_on_full,minimize
QUEIJO P PROVOLONETE TRADIC 150G,queijo,0.31867378034501886,f1_macro_on_full,minimize
DESOD HARPIC AR PLUS 20G,desodorante,0.31867378034501886,f1_macro_on_full,minimize
AMAC ROUP CONC COMFORT 900ML ED ESP EXP FLORAL,amaciante,0.31867378034501886,f1_macro_on_full,minimize
BISNAG BISNAGUITO PULLMAN 300G,padaria e confeitaria industrializado,0.31867378034501886,f1_macro_on_full,minimize
PRESUNTO SEARA COZ 180G-FAT,presunto,0.31867378034501886,f1_macro_on_full,minimize
HOT HIT SEARA PC 145G CHEDDAR/BACON,sanduiche congelado,0.31867378034501886,f1_macro_on_full,minimize
REFRI FANTA UVA PET 600ML,refrigerante,0.31867378034501886,f1_macro_on_full,minimize
OVO PASCOA HAMLET 200G,ovo de pascoa,0.31867378034501886,f1_macro_on_full,minimize
SACO DE LIXO BOM PACK 50 L C/10 REFORCADO,saco de lixo,0.31867378034501886,f1_macro_on_full,minimize
CHIC TRIDENT FRESH INTENS 8G,goma de mascar,0.31867378034501886,f1_macro_on_full,minimize
ROTISS PASTEL PALMITO UN,prato pronto,0.31867378034501886,f1_macro_on_full,minimize
HASTE DE PALMITO PUPUNHA IN NATURA,haste flexivel,0.31867378034501886,f1_macro_on_full,minimize
UTENS COZ SIL SORT UNID,outro utensilio de cozinha,0.31867378034501886,f1_macro_on_full,minimize
REST REFRIG COCA COLA GELADA LT 350ML,prato pronto,0.31867378034501886,f1_macro_on_full,minimize
G CET D.BET S.NEO CREME 30MG X 1 GERMED,outro farma,0.31867378034501886,f1_macro_on_full,minimize
TORTILHA INT RAP10 264G CHIA/QUINOA,padaria e confeitaria industrializado,0.31867378034501886,f1_macro_on_full,minimize
MINI PUDIM DE LEITE CONDENSADO 80G,outro resfriado,0.31867378034501886,f1_macro_on_full,minimize
MAIONESE PAPRICA DEFUMADA HEINZ TB 215G,maionese,0.31867378034501886,f1_macro_on_full,minimize
BISC RECH TORTUGUITA QUADRADO MORAN 130G,biscoito,0.31867378034501886,f1_macro_on_full,minimize
QUEIJO MOZZARELLA BUFALA LAGUNA 250G,queijo,0.31867378034501886,f1_macro_on_full,minimize
GUARD PAPEL SNOB GALA F DUPLA PQ,guardanapo,0.31867378034501886,f1_macro_on_full,minimize
REFRIG COCA COLA 200ML PET S/ACUCAR,refrigerante,0.31867378034501886,f1_macro_on_full,minimize
"IOG CORPUS ZERO LACT 850G, VIT FRUTA",iogurte,0.31867378034501886,f1_macro_on_full,minimize
VINAGRE DICASA MACA 750ML,vinagre,0.31867378034501886,f1_macro_on_full,minimize
SUCO OS AVENTUREIROS UVA 200ML,suco pronto,0.31867378034501886,f1_macro_on_full,minimize
"BEB LACT VIGOR T DIA 510g C/6, MORANGO",bebida lactea,0.31867378034501886,f1_macro_on_full,minimize
BISC BAUD CEREALE 170G CASTAN,biscoito,0.31867378034501886,f1_macro_on_full,minimize
"REFR TANG 25G, LARANJA DOCINHA",preparo para suco,0.31867378034501886,f1_macro_on_full,minimize
MAIZENA CREMOGEMA MIST TRAD 460G,cereal infantil ou farinha lactea,0.31867378034501886,f1_macro_on_full,minimize
ALIM GATO FRISKIES ATUM MOLHO SC 85G,alimento pet,0.31867378034501886,f1_macro_on_full,minimize
REFRIG COCA COLA PERFEITA ZERO VD 250ML,refrigerante,0.31867378034501886,f1_macro_on_full,minimize
PORTA FILTRO GDE 103 MELITTA ESTACOES,outro utensilio de cozinha,0.31867378034501886,f1_macro_on_full,minimize
ORQUIDEA VH PHALAENOPSIS MIX 12,plantas e sementes,0.31867378034501886,f1_macro_on_full,minimize
COXA SOBRECOXA FRANGO AURORA C/2 CONG KG,carne de ave,0.31867378034501886,f1_macro_on_full,minimize
ACUCAR LIGHT UNIAO FIT   500 GR,acucar,0.31867378034501886,f1_macro_on_full,minimize
CR DENT CLOSE-UP GEL EUCALYPTUS FREZ 90G,creme dental,0.31867378034501886,f1_macro_on_full,minimize
NECTAR MAGUARY LIGHT TP 1L UVA,suco pronto,0.31867378034501886,f1_macro_on_full,minimize
QUEIJO PRESIDENT PRATO FAT 300G,queijo,0.31867378034501886,f1_macro_on_full,minimize
KIT LATA CHRISTMAS TORRONE 6 X 10G,produto sazonal,0.31867378034501886,f1_macro_on_full,minimize
ALIM GATOS WHISKAS CASTRADOS CARNE 85G,alimento pet,0.31867378034501886,f1_macro_on_full,minimize
BISC RENATA INT PC 150G CACAU,biscoito,0.31867378034501886,f1_macro_on_full,minimize
BISC ORG TRIB MAE TERRA 130G  CACAU,biscoito,0.31867378034501886,f1_macro_on_full,minimize
LAVA ROUPA BRILHANTE CX 2.2KG LIMP TOTAL,lava roupas,0.31867378034501886,f1_macro_on_full,minimize
BOLO ABACAXI PANCO 300G,padaria e confeitaria industrializado,0.31867378034501886,f1_macro_on_full,minimize
TAPIOCA PURA BEN 500G,tapioca,0.31867378034501886,f1_macro_on_full,minimize
TQ ALHO ORG TAEQ               150G,alho,0.31867378034501886,f1_macro_on_full,minimize
CEREAL MATINAL NESFIT ZERO 220G,cereal matinal,0.31867378034501886,f1_macro_on_full,minimize
PURIF GLADE GEL LAVANDA 70G,aromatizador,0.31867378034501886,f1_macro_on_full,minimize
IOG NAT TRAD INT BATAVO 500G,iogurte,0.31867378034501886,f1_macro_on_full,minimize
CHA BRETAS ERVA DOCE 15g,cha por infusao,0.31867378034501886,f1_macro_on_full,minimize
ESTOPA ANADRI P/ POLIMENTO 120G,automotivo,0.31867378034501886,f1_macro_on_full,minimize
LIMP BANH VEJA LIMO SQ CLORO 500ML,multiuso,0.31867378034501886,f1_macro_on_full,minimize
GUARD SCALA 23X20 C/50,guardanapo,0.31867378034501886,f1_macro_on_full,minimize
CHOC LACTA INTENSE 60  LARANJA    BR 85G,chocolate,0.31867378034501886,f1_macro_on_full,minimize
"GOMA MASCAR MENTOS P FRES 56g, MORANGO",goma de mascar,0.31867378034501886,f1_macro_on_full,minimize
PIPOCA DOCE OK 100G,pipoca pronta,0.31867378034501886,f1_macro_on_full,minimize
LAVA LOUCA LIQ MINUANO 500ML  NEUTRO,lava roupas,0.31867378034501886,f1_macro_on_full,minimize
DESOD ROLL ON REXONA 50ML  BAMBU AL VERA,desodorante,0.31867378034501886,f1_macro_on_full,minimize
BOLO SB MARMORE 250G,padaria e confeitaria industrializado,0.31867378034501886,f1_macro_on_full,minimize
BEBIDA DEL VALLE 100  MACA      TP 200ML,suco pronto,0.31867378034501886,f1_macro_on_full,minimize
PERNIL SUI TRAS C OSSO C PEL CONG BDJ Kg,carne suina,0.31867378034501886,f1_macro_on_full,minimize
"DETERGENTE HIPPER 500ML, MACA",detergente,0.31867378034501886,f1_macro_on_full,minimize
CHA PRETO BARAO 13G,cha por infusao,0.31867378034501886,f1_macro_on_full,minimize
CR DENT ORAL  B 123 70G,creme dental,0.31867378034501886,f1_macro_on_full,minimize
IOG GREGO VIGOR TRAD 360G,iogurte,0.31867378034501886,f1_macro_on_full,minimize
SUCO CASA MADEIRA UVA 1L,suco pronto,0.31867378034501886,f1_macro_on_full,minimize
CERV 1906 BLACK 330ML,cerveja,0.31867378034501886,f1_macro_on_full,minimize
PP VINAG NEVAL DE ALCOOL 750ML,vinagre,0.31867378034501886,f1_macro_on_full,minimize
REFRIG 350ML LT CAFETERIA,refrigerante,0.31867378034501886,f1_macro_on_full,minimize
SALG CROCANTISSIMO PULLMAN QJ/CEB 40G,aperitivo,0.31867378034501886,f1_macro_on_full,minimize
SOBR VIGOR CHOCOLATE  180G,iogurte,0.31867378034501886,f1_macro_on_full,minimize
AZEITE PORT PURO VD GALLO 500ML,azeite de oliva,0.31867378034501886,f1_macro_on_full,minimize
DET SAN PATO CX ACOP.MARINE 40G 50 D 2UN,pedra sanitaria,0.31867378034501886,f1_macro_on_full,minimize
BARRA CHOC HERSHEYS EXT CREMOSA 82G,chocolate,0.31867378034501886,f1_macro_on_full,minimize
FOSFORO FIAT LUX COZINHA FORTE C/200,fosforo,0.31867378034501886,f1_macro_on_full,minimize
AGUA COCO QUADRADO MELANCIA 200ML,agua de coco,0.31867378034501886,f1_macro_on_full,minimize
QJ MUSS FAT PRESIDENT 150G,queijo,0.31867378034501886,f1_macro_on_full,minimize
BEBIDA LACT ITAMBEZINHO MOR 200ML,bebida lactea,0.31867378034501886,f1_macro_on_full,minimize
BACON DEF MANTA SEARA KG,carne suina,0.31867378034501886,f1_macro_on_full,minimize
GOMA TAPIOCA MONCHOU 500GR,vegetal higienizado e processado,0.31867378034501886,f1_macro_on_full,minimize
BEB SMIRNOFF ICE 275ML LN,bebida mista,0.31867378034501886,f1_macro_on_full,minimize
AP PRESTO3 SENSE  2UN,aparelho de barbear e depilatorio,0.31867378034501886,f1_macro_on_full,minimize
CR DEN COLG LUMINOUS WHITE 70G,creme dental,0.31867378034501886,f1_macro_on_full,minimize
BATATA PALITO BEM BATATA TRADICIONAL 400g,vegetal congelado,0.31867378034501886,f1_macro_on_full,minimize
IOG PAULISTA MOR E COCO 510G,iogurte,0.31867378034501886,f1_macro_on_full,minimize
PEITO FGO DEF.AURORA POULET KG,carne de ave,0.31867378034501886,f1_macro_on_full,minimize
CHOC TAB GAROTO TALENTO DARK 50 SAL 75G,chocolate,0.31867378034501886,f1_macro_on_full,minimize
BISC RECH PIRAQUE 76G-PC MOR,biscoito,0.31867378034501886,f1_macro_on_full,minimize
"SORV VARIATTA MARACUJA 1,8L",sorvete,0.31867378034501886,f1_macro_on_full,minimize
"TOALHA BANHO SISA ADRIANE, BRANCO",toalha,0.31867378034501886,f1_macro_on_full,minimize
ARROZ CAMIL T1 RES ESPECIAL 5KG,arroz,0.31867378034501886,f1_macro_on_full,minimize
PENNE PETYBOM GRANO DURO 500G,macarrao,0.31867378034501886,f1_macro_on_full,minimize
"SUCO NAT ONE REF LARANJA 1,5LT",suco pronto,0.31867378034501886,f1_macro_on_full,minimize
DES ROL DOVE ORIG 50ML (F),desodorante,0.31867378034501886,f1_macro_on_full,minimize
SALG S GLU BELIVE CHURRASCO 35G,aperitivo,0.31867378034501886,f1_macro_on_full,minimize
PEITO FGO A GRANEL RESF KG,carne de ave,0.31867378034501886,f1_macro_on_full,minimize
PRESUNTO MAGRO AURORA FAT 200G 574,presunto,0.31867378034501886,f1_macro_on_full,minimize
LPA ALUM DIABO VERDE 500ML,multiuso,0.31867378034501886,f1_macro_on_full,minimize
LTE COCO COPRA VERDE 200 ML,leite de coco,0.31867378034501886,f1_macro_on_full,minimize
RACAO DOG CHOW SC CARNE         SC 100GR,alimento pet,0.31867378034501886,f1_macro_on_full,minimize
DESOD GIOVANNA BABY CLASS 0 ALU AE 150ML,desodorante,0.31867378034501886,f1_macro_on_full,minimize
SABOR A MI SEM PIMEN 1KG,tempero pronto,0.31867378034501886,f1_macro_on_full,minimize
RACAO DOG CHOW SC CORDEIRO      SC 100GR,alimento pet,0.31867378034501886,f1_macro_on_full,minimize
LOMBO SUINO SEARA TEMPERADO RESF      KG,carne suina,0.31867378034501886,f1_macro_on_full,minimize
SAB LIQ LUX CAPIM/LIMAO/FRANG 200ml,sabonete,0.31867378034501886,f1_macro_on_full,minimize
DESINF LYSOFORM SUAVE ODOR 1L,desinfetante,0.31867378034501886,f1_macro_on_full,minimize
SOPAO KITANO CARNE 196G,preparo para sopa,0.31867378034501886,f1_macro_on_full,minimize
PANELA ANT TRAMONT LORETO 28CM S/TP PTA/VERM,panela,0.31867378034501886,f1_macro_on_full,minimize
CHOCOLATE HERSHEY AO LEITE 20G,chocolate,0.31867378034501886,f1_macro_on_full,minimize
ATUM RAL MOL TOM G COSTA 170G,proteina em conserva,0.31867378034501886,f1_macro_on_full,minimize
FAROFA YOKI 200GR PALHA,farofa pronta,0.31867378034501886,f1_macro_on_full,minimize
DESOD AER REXONA CLINICAL FEM 91G DRY,desodorante,0.31867378034501886,f1_macro_on_full,minimize
MENTOS ORANGEMINT VITA 9 X 21G,bala,0.31867378034501886,f1_macro_on_full,minimize
FILE TILAPIA IQF PC 800G,peixe,0.31867378034501886,f1_macro_on_full,minimize
HIDRAT NIVEA BODY SOFT MILK 200ml,creme corporal,0.31867378034501886,f1_macro_on_full,minimize
DESOD. REX. AERO CLINICAL DRY    FC 91GR,desodorante,0.31867378034501886,f1_macro_on_full,minimize
KENT PRIME RED BOX RE LAUNCH BRUC,cigarro,0.31867378034501886,f1_macro_on_full,minimize
"TOALHA BANHO SISA CONF MILENIUM, AZUL",toalha,0.31867378034501886,f1_macro_on_full,minimize
CREME LEITE ITALAC TP 200G,creme de leite,0.31867378034501886,f1_macro_on_full,minimize
MOLHO TOM QUERO PED BOLONHESA SC300,molho de tomate,0.31867378034501886,f1_macro_on_full,minimize
MARGARINA DELINE SADIA 250G,margarina,0.31867378034501886,f1_macro_on_full,minimize
ESPETINHO BOVINO SWIFT 900G,carne bovina,0.31867378034501886,f1_macro_on_full,minimize
IOG TREVINHO LIGHT SALADA 900G,iogurte,0.31867378034501886,f1_macro_on_full,minimize
ALHO ROXO AGROLAF 100G,alho,0.31867378034501886,f1_macro_on_full,minimize
SABAO NOVO CUTIA COCO 200G,sabao em pedra,0.31867378034501886,f1_macro_on_full,minimize
TOA SEN ALEV BABY 96 ARTE 96,lenco umedecido,0.31867378034501886,f1_macro_on_full,minimize
TEMP MAGGI SABOR AV/PEI/AR 50G,tempero pronto,0.31867378034501886,f1_macro_on_full,minimize
FLOR LIRIO DA PAZ SPATHIPHYLLUM P15 UN,plantas e sementes,0.31867378034501886,f1_macro_on_full,minimize
LAPIS GRAF PTO MAPED 6UN-SM,lapis,0.31867378034501886,f1_macro_on_full,minimize
COOKIES JASMINE 120GR CACAU,biscoito,0.31867378034501886,f1_macro_on_full,minimize
CERV IMPERIO PURO MALTE LN 275 ML,cerveja,0.31867378034501886,f1_macro_on_full,minimize
PAPINHA NESTLE BANANA/AVEIA    120G,alimento pronto de bebe,0.31867378034501886,f1_macro_on_full,minimize
MEU MENU PENNE PARISIENSE PERD 350G,outro congelado,0.31867378034501886,f1_macro_on_full,minimize
FOSFORO GUARANI,fosforo,0.31867378034501886,f1_macro_on_full,minimize
MILHO VERDE 170G,milho verde em conserva,0.31867378034501886,f1_macro_on_full,minimize
SALGADINHO CHEEZ-IT 115G PARMESAO,aperitivo,0.31867378034501886,f1_macro_on_full,minimize
MAC INST CARNE MARUCHAN 85G,macarrao,0.31867378034501886,f1_macro_on_full,minimize
DESOD AER DOVE FEM 200ML  ORIGINAL,desodorante,0.31867378034501886,f1_macro_on_full,minimize
SALG TORCIDA 45G CAMARAO C/PIMEN,aperitivo,0.31867378034501886,f1_macro_on_full,minimize
PAO BAUDUCCO INTEGRAL 400G,padaria e confeitaria industrializado,0.31867378034501886,f1_macro_on_full,minimize
CERVEJA THEREZOPOLIS 500ML GOLD,cerveja,0.31867378034501886,f1_macro_on_full,minimize
IOG GREGO BATAVO MOR 500G,iogurte,0.31867378034501886,f1_macro_on_full,minimize
ENTRESTO 97/103MG C/60 CP NOVARTIS,outro farma,0.31867378034501886,f1_macro_on_full,minimize
BISC VITARELLA DELICITA SALGADO 350,biscoito,0.31867378034501886,f1_macro_on_full,minimize
AZEITONA C/ CAROCO 80G,azeitona,0.31867378034501886,f1_macro_on_full,minimize
MOLHO PIM EXT PICANTE BRAVO 60ML,molho de pimenta,0.31867378034501886,f1_macro_on_full,minimize
LINGUICA TOSCANA 700G RESFRIADA,linguica,0.31867378034501886,f1_macro_on_full,minimize
CHOC CHARGE NESTLE 117G,chocolate,0.31867378034501886,f1_macro_on_full,minimize
MARG VIGOR 1KG C/SAL,margarina,0.31867378034501886,f1_macro_on_full,minimize
LEITE FERM CHAMYTO C 6,leite fermentado,0.31867378034501886,f1_macro_on_full,minimize
BOMBOM DAD TK AMAREL 18G,bombom,0.31867378034501886,f1_macro_on_full,minimize
BEB MISTA TAMPICO UVA GFA 200ML,bebida mista,0.31867378034501886,f1_macro_on_full,minimize
CHOC TAB LACTA LAKA OREO 20G,chocolate,0.31867378034501886,f1_macro_on_full,minimize
G CL FEXOFENADINA 120MG C 10 COMP NEO QU,outro farma,0.31867378034501886,f1_macro_on_full,minimize
ALVEJANTE ECONOMICO PERF CITRUS 1L,alvejante,0.31867378034501886,f1_macro_on_full,minimize
CHA LEAO ICE TEA ZERO LIMAO  PET 450ML,cha pronto,0.31867378034501886,f1_macro_on_full,minimize
JG DE LENCOL 300 FIOS CASAL,lencol,0.31867378034501886,f1_macro_on_full,minimize
EB BIC SEN PRETO 100ML,espuma ou gel de barbear,0.31867378034501886,f1_macro_on_full,minimize
MORANGA VERD FACIL PCT 400GR KABOTIA,abobora,0.31867378034501886,f1_macro_on_full,minimize
CERV ANTUERPIA TRELA PILSEN 600ML,cerveja,0.31867378034501886,f1_macro_on_full,minimize
PIRAQUE TORRADA INTEGRAL 142 GR,torrada,0.31867378034501886,f1_macro_on_full,minimize
MOCOTO PE,carne bovina,0.31867378034501886,f1_macro_on_full,minimize
CESTA NATAL AMOR 20 ITENS AGRO,produto sazonal,0.31867378034501886,f1_macro_on_full,minimize
PRESUNTO CRU ESPANHOL CRFO SELECTION 50G,presunto,0.31867378034501886,f1_macro_on_full,minimize
DESOD AERO NIVEA FEM INVISIBLE 150ML,desodorante,0.31867378034501886,f1_macro_on_full,minimize
"IOG LIQ VIGOR 1,260G-GF EMB ECON VIT FRUTAS",iogurte,0.31867378034501886,f1_macro_on_full,minimize
SB IMPERIAL COCO  400G,sabao em pedra,0.31867378034501886,f1_macro_on_full,minimize
CHOC PRESTIGIO NESTLE 114G,chocolate,0.31867378034501886,f1_macro_on_full,minimize
PEITO FRANGO REGINA CONG 1Kg,carne de ave,0.31867378034501886,f1_macro_on_full,minimize
ESP LIMPPANO ANTIADERENTE,esponja,0.31867378034501886,f1_macro_on_full,minimize
AZEITONA PTA VALE FERTIL FATIADA 160G,azeitona,0.31867378034501886,f1_macro_on_full,minimize
"AMAC COMFORT 1,5L CONC FIBER PROTECT",amaciante,0.31867378034501886,f1_macro_on_full,minimize
MACA KG FUJI,maca,0.31867378034501886,f1_macro_on_full,minimize
TOMATE PELADO SACCIALI 400GR,polpa de tomate,0.31867378034501886,f1_macro_on_full,minimize
BEB LACTEA ABACAXI YODEL 210ML,bebida lactea,0.31867378034501886,f1_macro_on_full,minimize
UVA ROSADA 500g,uva,0.31867378034501886,f1_macro_on_full,minimize
BOMBOM FERRERO ROCHER T3 37 5G,bombom,0.31867378034501886,f1_macro_on_full,minimize
COPO DESC COPOSUL 300ML C50,copo descartavel,0.31867378034501886,f1_macro_on_full,minimize
TAMBAQUI INTEIRO LIMPO KG EP,peixe,0.31867378034501886,f1_macro_on_full,minimize
AZEITE ITAL FIORENTINI 500ML-VD EX VIRG NATURALE,azeite de oliva,0.31867378034501886,f1_macro_on_full,minimize
FGO PASSAR SEARA 1KG-PC IQF CONG,carne de ave,0.31867378034501886,f1_macro_on_full,minimize
TORRADA BAUDUCCO TOAST CEREALE 128G  INT,torrada,0.31867378034501886,f1_macro_on_full,minimize
GARFO GOLDEN MASTER BRANCO 50UN,talher descartavel,0.31867378034501886,f1_macro_on_full,minimize
CERVEJA BECKS 600ML-GF LAGER,cerveja,0.31867378034501886,f1_macro_on_full,minimize
OLEO SOJA VITALIV,oleo vegetal,0.31867378034501886,f1_macro_on_full,minimize
FLANCOX 400MG C/10 COMPRIMIDOS APSEN,outro farma,0.31867378034501886,f1_macro_on_full,minimize
CD ORAL-B ESCUDO A-ACUC 3X70G MENTA SV,creme dental,0.31867378034501886,f1_macro_on_full,minimize
PACOQUITA COB CHOC SH 144G,pacoca,0.31867378034501886,f1_macro_on_full,minimize
GOIABADA TAMBAU POLY 300G,goiabada,0.31867378034501886,f1_macro_on_full,minimize
SAB PROTEX VITAMINA E 85G,sabonete,0.31867378034501886,f1_macro_on_full,minimize
PAPEL TOALHA BCO CARREFOUR 3UN 55FLS,papel toalha,0.31867378034501886,f1_macro_on_full,minimize
AGUA MINERAL MACERATTI S/ GAS 500ML,agua,0.31867378034501886,f1_macro_on_full,minimize
PAO DELICIAS TRIGO INT 380G FORMA AUST,padaria e confeitaria industrializado,0.31867378034501886,f1_macro_on_full,minimize
TORRADA BAUDUCCO 142G TRADICIONAL,torrada,0.31867378034501886,f1_macro_on_full,minimize
PIZZA CONG CALAB SADIA 460G,pizza congelada,0.31867378034501886,f1_macro_on_full,minimize
IOG LIQ VIGOR PROTEIN 25 COCO 250g,iogurte,0.31867378034501886,f1_macro_on_full,minimize
AGUA MINERAL MACERATTI C/GAS 505ML,agua,0.31867378034501886,f1_macro_on_full,minimize
MASSA OVOS STA AMALIA NINHO N3 500g,macarrao,0.31867378034501886,f1_macro_on_full,minimize
QUEIJO PRESIDENT TIPO ESTEPE        160G,queijo,0.31867378034501886,f1_macro_on_full,minimize
CHOCOTTONE BAUDUCCO  908G,panificacao natal,0.31867378034501886,f1_macro_on_full,minimize
PIPOCA MICR VELLY MANT EXTRA 90G,pipoca para microondas,0.31867378034501886,f1_macro_on_full,minimize
POLPA FRUT DE MARCHI 100G ABACAXI,polpa de fruta congelada,0.31867378034501886,f1_macro_on_full,minimize
BALA BRAZILIAN COFFEE 500G,bala,0.31867378034501886,f1_macro_on_full,minimize
LING BOV CARAPRETA 300G-PC COSTELA APIMENT CONG,linguica,0.31867378034501886,f1_macro_on_full,minimize
PAPEL HIG FS LOPES 30M L24P22,papel higienico,0.31867378034501886,f1_macro_on_full,minimize
PEIT PERU BIFE SADIA CONG SADIA BDJ,carne de ave,0.31867378034501886,f1_macro_on_full,minimize
ESC DENTAL SENSOD TWIN MULTI L2P1,escova de dentes,0.31867378034501886,f1_macro_on_full,minimize
AZEITONA VD FAT RIVOLI 150G SCH,azeitona,0.31867378034501886,f1_macro_on_full,minimize
BEB LACTEA NESCAU PR 200ML,bebida lactea,0.31867378034501886,f1_macro_on_full,minimize
TEMP AJINOMOTO 36G,tempero pronto,0.31867378034501886,f1_macro_on_full,minimize
COXA FGO CONG SADIA IQF 1KG,carne de ave,0.31867378034501886,f1_macro_on_full,minimize
MIST BOLO FLEISCHMANN BROWNIE POUCH 450G,preparo para bolo,0.31867378034501886,f1_macro_on_full,minimize
PEDIGREE AD CNE FGO E CEREAIS 900GR,alimento pet,0.31867378034501886,f1_macro_on_full,minimize
PAO BRIOCHE PULLMAN 520g,padaria e confeitaria industrializado,0.31867378034501886,f1_macro_on_full,minimize
SALGADINHO TORCIDA 100G CAMARAO COM PIMENTA,aperitivo,0.31867378034501886,f1_macro_on_full,minimize
LAVA ROUPAS LIQ.OMO.REF.P/DILUI.FC 500ML,lava roupas,0.31867378034501886,f1_macro_on_full,minimize
CAFE CAP ALU LOR ESPRES RISTRET 52G 10UN,cafe,0.31867378034501886,f1_macro_on_full,minimize
CERV DEVASSA TROPICAE LT 35 MARACUJA,cerveja,0.31867378034501886,f1_macro_on_full,minimize
PATE ATUM LIGHT G COSTA 150G,pate,0.31867378034501886,f1_macro_on_full,minimize
BISC MARILAN DISTRACAO PC 360G CHOCOLATE,biscoito,0.31867378034501886,f1_macro_on_full,minimize
POLPA GBARBOSA CAJU 100g,polpa de fruta congelada,0.31867378034501886,f1_macro_on_full,minimize
BISC RECH NESTLE CLASSIC 140G,biscoito,0.31867378034501886,f1_macro_on_full,minimize
COLHER DESC PRAFESTA 50UN REFEICAO BCA,talher descartavel,0.31867378034501886,f1_macro_on_full,minimize
LIMP M USO YPE CLASSICO L500P450ML,multiuso,0.31867378034501886,f1_macro_on_full,minimize
AZEITONA VALE FERTIL 120GR VER S/CA,azeitona,0.31867378034501886,f1_macro_on_full,minimize
"IOG GREGO NESTLE LIGHT 360G, MOR",iogurte,0.31867378034501886,f1_macro_on_full,minimize
FAR MILHO CALDO BOM BRANCA PC 1KG,farinha de milho,0.31867378034501886,f1_macro_on_full,minimize
CAFE STARBUCKS BLONDE ESPR C10 NES CX53G,cafe,0.31867378034501886,f1_macro_on_full,minimize
NUGGETS FRG  SADIA TRAD 300G,empanado congelado,0.31867378034501886,f1_macro_on_full,minimize
CHA ERVA CIDREIRA COOP SL 12G,cha por infusao,0.31867378034501886,f1_macro_on_full,minimize
DES NIVEA 50ML ROLL ON PROT CARE FEM,desodorante,0.31867378034501886,f1_macro_on_full,minimize
GUA KUAT PET . 2L,refrigerante,0.31867378034501886,f1_macro_on_full,minimize
PP OLEO GIRASSOL VITALIV 900ML,oleo vegetal,0.31867378034501886,f1_macro_on_full,minimize
BL CHOC REGINA 200ML,bebida lactea,0.31867378034501886,f1_macro_on_full,minimize
SEMENTE RABANETE CRIMSON FELTRIN,plantas e sementes,0.31867378034501886,f1_macro_on_full,minimize
ABS ALWAYS SUAVE PCT LV10 PG8 1UN,absorvente,0.31867378034501886,f1_macro_on_full,minimize
SALGADINHO BILU PIC 40GR PREMIUM PICANHA,aperitivo,0.31867378034501886,f1_macro_on_full,minimize
AMAC COMFORT FR 3L EXPLOSAO AZUL,amaciante,0.31867378034501886,f1_macro_on_full,minimize
"SUCO DEL VALLE FRUT UVA 1,5L",suco pronto,0.31867378034501886,f1_macro_on_full,minimize
HEINEKEN SHOT VERDE 250ML,cerveja,0.31867378034501886,f1_macro_on_full,minimize
DT BRILUX COCO BRANCA 3L,lava roupas,0.31867378034501886,f1_macro_on_full,minimize
PORTA FILTRO MELITTA CORES 102     151-6,outro utensilio de cozinha,0.31867378034501886,f1_macro_on_full,minimize
COCA COLA MINI PET . 250ML,refrigerante,0.31867378034501886,f1_macro_on_full,minimize
CAFE MELITTA CERRADO            PCT 250G,cafe,0.31867378034501886,f1_macro_on_full,minimize
GLADE GEL CAR BARCA ACQUA 70G,automotivo,0.31867378034501886,f1_macro_on_full,minimize
VINAGRE VH BCO PEIXE 500ML,vinagre,0.31867378034501886,f1_macro_on_full,minimize
SALG BIG TOP PC 40G PIZZA,aperitivo,0.31867378034501886,f1_macro_on_full,minimize
PAO PETROPOLIS,padaria e confeitaria fresca,0.31867378034501886,f1_macro_on_full,minimize
CHA ERVA DOCE MEL REAL 20G,cha por infusao,0.31867378034501886,f1_macro_on_full,minimize
CAPS ORFEU BOURBON AM 20X5G,cafe,0.31867378034501886,f1_macro_on_full,minimize
AMAC CONC COMFORT ORIGINAL 500ML,amaciante,0.31867378034501886,f1_macro_on_full,minimize
BISC RECH CHOC SUCRILH KELLOGG 168G,biscoito,0.31867378034501886,f1_macro_on_full,minimize
CERVEJA CONTI MALZBIER LT350ML,cerveja,0.31867378034501886,f1_macro_on_full,minimize
TORRESMO TORRESMITOS 100G,petisco e salgadinho congelado,0.31867378034501886,f1_macro_on_full,minimize
SAB PHEBO 100G  NECTARINA,sabonete,0.31867378034501886,f1_macro_on_full,minimize
GEL DENTAL INF TANDY 50G TUTTI-FRUTTI,creme dental infantil,0.31867378034501886,f1_macro_on_full,minimize
KELCAT SC CARNE ERVILHA CENOU 85G,alimento pet,0.31867378034501886,f1_macro_on_full,minimize
BISC MARILAN MARIA 350GR,biscoito,0.31867378034501886,f1_macro_on_full,minimize
2 JGS LENCOIS 300F KING,lencol,0.31867378034501886,f1_macro_on_full,minimize
IOG POLPA CARREFOUR MOR COCO BDJ 51,iogurte,0.31867378034501886,f1_macro_on_full,minimize
COOKIES NESTLE NEGRESCO GOTAS BAUN 60G,biscoito,0.31867378034501886,f1_macro_on_full,minimize
REFR COCA COLA LT 350ML,refrigerante,0.31867378034501886,f1_macro_on_full,minimize
LING PERDIGAO NABRASA C/QUEIJO 600G,linguica,0.31867378034501886,f1_macro_on_full,minimize
ESC DENT ORAL B MAC CLEAN ED ESP C/2 1UN,escova de dentes,0.31867378034501886,f1_macro_on_full,minimize
ARROZ INTEG TIO JOAO ORG. 2X500G,arroz,0.31867378034501886,f1_macro_on_full,minimize
"ENERGETICO BALY LT 250ml, TROPICAL",energetico,0.31867378034501886,f1_macro_on_full,minimize
MARGARINA QUALY CREM PT 500G S/SAL,margarina,0.31867378034501886,f1_macro_on_full,minimize
FERV ENJOY 12CM COLO,outro utensilio de cozinha,0.31867378034501886,f1_macro_on_full,minimize
IOG BATAVO PED FR MOR 500G,iogurte,0.31867378034501886,f1_macro_on_full,minimize
CERA ORTODONTICA P  APAR C5 POWERDENT,outro farma,0.31867378034501886,f1_macro_on_full,minimize
LARANJA BAHIA KG,laranja,0.31867378034501886,f1_macro_on_full,minimize
CEREAL MATSUCRILHOS CHOC KELLOGGS 690G,cereal matinal,0.31867378034501886,f1_macro_on_full,minimize
RAP 10 PULLMAN 297G,padaria e confeitaria industrializado,0.31867378034501886,f1_macro_on_full,minimize
AG MIN ACQUA PANNA S/G 505ML,agua,0.31867378034501886,f1_macro_on_full,minimize
CHA TWININGS CAMO/CAN/MACA      CX  10SC,cha por infusao,0.31867378034501886,f1_macro_on_full,minimize
"OVO PASCOA KINDER 100G, MINIONS",ovo de pascoa,0.31867378034501886,f1_macro_on_full,minimize
FEIJAO FRADINHO KICALDO 1Kg,feijao,0.31867378034501886,f1_macro_on_full,minimize
BEB LACTEA VIT MILK MIX SC 1L,iogurte,0.31867378034501886,f1_macro_on_full,minimize
ROSQUINHA MABEL 700G  COCO,biscoito,0.31867378034501886,f1_macro_on_full,minimize
"CHOC ARCOR TORT 100G, MAIS LEITE",chocolate,0.31867378034501886,f1_macro_on_full,minimize
"SHAMPOO MONANGE 325ML, LISOS TE QUERO",shampoo,0.31867378034501886,f1_macro_on_full,minimize
LTE LV  S DES C TAMP ITALAC 1LT,leite,0.31867378034501886,f1_macro_on_full,minimize
QA PIPOCA MICRO QUEIJO 100G,pipoca para microondas,0.31867378034501886,f1_macro_on_full,minimize
FJ CAR BIJU 1 KG,feijao,0.31867378034501886,f1_macro_on_full,minimize
MORTADELA EXCELSIOR 180GR S/ TOUCINHO,mortadela,0.31867378034501886,f1_macro_on_full,minimize
TOALHA UMED HUGGIES SUPREME C48,lenco umedecido,0.31867378034501886,f1_macro_on_full,minimize
BISC SALG PIRAQUE 200G-PC GTS 40G AGUA/ GERG,biscoito,0.31867378034501886,f1_macro_on_full,minimize
MINI PAO C/GERGELIM FAB PROPRIA KG,padaria e confeitaria fresca,0.31867378034501886,f1_macro_on_full,minimize
REFR COCA COLA ZERO 1.5L,refrigerante,0.31867378034501886,f1_macro_on_full,minimize
FORMA ASSAD ENJOY CO,outro utensilio de cozinha,0.31867378034501886,f1_macro_on_full,minimize
BISC MARILAN MAIZENA MINI 250G,biscoito,0.31867378034501886,f1_macro_on_full,minimize
FLR BENA TULIP VRM P12,plantas e sementes,0.31867378034501886,f1_macro_on_full,minimize
LAVA ROUPA PO ALA ERVA DOCE BICARB 1KG,lava roupas,0.31867378034501886,f1_macro_on_full,minimize
"GELAT APTI VITAM 35G, FRAMB, .",gelatina,0.31867378034501886,f1_macro_on_full,minimize
BEB LACT  PAULISTA FEST FRU 540G,iogurte,0.31867378034501886,f1_macro_on_full,minimize
CEREAL MAT CHOC VIT CARREFOUR 200G,cereal matinal,0.31867378034501886,f1_macro_on_full,minimize
MIST BOLO DR.OETKER CANECA BROWNIE 70G,preparo para bolo,0.31867378034501886,f1_macro_on_full,minimize
CERV HEINEKEN 12X473ML,cerveja,0.31867378034501886,f1_macro_on_full,minimize
BARRA CER AVEI/BAN/MEL NUTRY 66G,barra alimentar,0.31867378034501886,f1_macro_on_full,minimize
"GELAT APTI VITAM 35G, UVA, .",gelatina,0.31867378034501886,f1_macro_on_full,minimize
RAPILAX GOTAS 30ML KLEY HERTZ,outro farma,0.31867378034501886,f1_macro_on_full,minimize
"CHOPP IPA VENTO N 1,5L",cerveja,0.31867378034501886,f1_macro_on_full,minimize
SABAO GLIC HIGYES  200G,sabonete,0.31867378034501886,f1_macro_on_full,minimize
TONICA ANTART ZERO LT 269ml,agua tonica,0.31867378034501886,f1_macro_on_full,minimize
BOLACHA ARROZ ORG INTEGRAL NAME 130G,biscoito,0.31867378034501886,f1_macro_on_full,minimize
ASA FG TEMP GRANEL RESFRI KG,carne de ave,0.31867378034501886,f1_macro_on_full,minimize
APAR DESC BIC COMFORT 3 PELE SENSIV L4P3,aparelho de barbear e depilatorio,0.31867378034501886,f1_macro_on_full,minimize
QUEIJO PETIT SUISSE MORANGO BETANIA 320G,iogurte,0.31867378034501886,f1_macro_on_full,minimize
RACAO WHISKAS GATOS CASTRADOS CARNE 500G,alimento pet,0.31867378034501886,f1_macro_on_full,minimize
MINI TANGERINA A GRANEL KG,tangerina,0.31867378034501886,f1_macro_on_full,minimize
IOG POLPA PORTO ALEGRE 540G-BJ MOR,iogurte,0.31867378034501886,f1_macro_on_full,minimize
KENT ACCESS PRATA 0,cigarro,0.31867378034501886,f1_macro_on_full,minimize
QUEIJO TIROL MUSSARELA KG,queijo,0.31867378034501886,f1_macro_on_full,minimize
LAVA ROUPA PO PLIN 2KG-SACHE,lava roupas,0.31867378034501886,f1_macro_on_full,minimize
"ACHOC PO APTI INSTANT POWER SCH 1,010KG",achocolatado,0.31867378034501886,f1_macro_on_full,minimize
BISC CASEIR TACHO CAIPIRA 400G PAL LEITE,biscoito,0.31867378034501886,f1_macro_on_full,minimize
CANELA CASCA LOPES 10G,canela,0.31867378034501886,f1_macro_on_full,minimize
GIN TONICA GORDON S PREMIUM 269ML,gin,0.31867378034501886,f1_macro_on_full,minimize
CANELA PO LOPES 30G,canela,0.31867378034501886,f1_macro_on_full,minimize
CD ORAL-B 70G EX FRESH,creme dental,0.31867378034501886,f1_macro_on_full,minimize
"LIMP PINHO SOL PESAD FC 1L, ORIG",multiuso,0.31867378034501886,f1_macro_on_full,minimize
ATUM RALA OLEO CARREFOUR 170G,proteina em conserva,0.31867378034501886,f1_macro_on_full,minimize
BISC WAF CHOC BAUDUCCO 140G,biscoito,0.31867378034501886,f1_macro_on_full,minimize
G IBUPROFENO 50MG GOTAS 30ML MEDLEY,outro farma,0.31867378034501886,f1_macro_on_full,minimize
OVOS BRANCO NORDESTAO GRANDE C/20,ovo,0.31867378034501886,f1_macro_on_full,minimize
LEITE COCO SOCOCO LIGHT VD 200ML,leite de coco,0.31867378034501886,f1_macro_on_full,minimize
VINHO C Y T DIABLO DARK RED        750ML,vinho importado,0.31867378034501886,f1_macro_on_full,minimize
ALICATE TRAMONTINA UNIVERSAL 8,modificadores de leite,0.31867378034501886,f1_macro_on_full,minimize
CHOC HERSHEY S 77G OVOMALTINE,chocolate,0.31867378034501886,f1_macro_on_full,minimize
BARRA PROT NUTRY CHO CRISPY COB CHOC 90G,barra alimentar,0.31867378034501886,f1_macro_on_full,minimize
DETERG PO OMO 400G-CX LAVAGEM PERFTA,lava roupas,0.31867378034501886,f1_macro_on_full,minimize
CHA AMORA FRAMB LEAOZINHO 23G,cha por infusao,0.31867378034501886,f1_macro_on_full,minimize
SACOLA RET ECOLOGICA BOMPACK UN TULIPA,sacola retornavel,0.31867378034501886,f1_macro_on_full,minimize
QJO FONDUE CAMPO LINDO 400G,preparo de alimento,0.31867378034501886,f1_macro_on_full,minimize
CHOC GAROTO AO LEIT SERENATA DE AMOR 90g,chocolate,0.31867378034501886,f1_macro_on_full,minimize
PH FS SUBLIME 30M L12P11,papel higienico,0.31867378034501886,f1_macro_on_full,minimize
CARGA MACH3 REGULAR C/4 L P- UN,aparelho de barbear e depilatorio,0.31867378034501886,f1_macro_on_full,minimize
AMENDOIM ELMA CHIPS CHILI LIMON 85G,amendoim,0.31867378034501886,f1_macro_on_full,minimize
CHOC LINDT 90G CLASSIC AO LEITE,chocolate,0.31867378034501886,f1_macro_on_full,minimize
"LAVA ROUPA PO BRILHANTE ANTIB PCT 1,60KG",lava roupas,0.31867378034501886,f1_macro_on_full,minimize
MILHO PIPOCA YOKY SUPER PREMIUM 650G,milho para pipoca,0.31867378034501886,f1_macro_on_full,minimize
MARG QUALY C/S 1KG,margarina,0.31867378034501886,f1_macro_on_full,minimize
PEDIGREE AD FRANGO AO MOLHO 100G,alimento pet,0.31867378034501886,f1_macro_on_full,minimize
SAB. BACT.PROTEX ERVA DOCE      PE 200GR,sabonete,0.31867378034501886,f1_macro_on_full,minimize
PAST SANIT HARPIC ADES.LAVANDA L5/P4,pedra sanitaria,0.31867378034501886,f1_macro_on_full,minimize
SACO PRESENTE 45X59 FEM BARCELONA,embalagem de presente,0.31867378034501886,f1_macro_on_full,minimize
CAFE UNIAO TORRADO EXTRAFORTE POUCH 500G,cafe,0.31867378034501886,f1_macro_on_full,minimize
SABON PALMOLIVE LEITE PET ROSA 9X8X85G,sabonete,0.31867378034501886,f1_macro_on_full,minimize
RAMEKIN COZA UNO PTO 150ml,recipientes,0.31867378034501886,f1_macro_on_full,minimize
SACO PRESENTE 30X45 FEM CORACAO RENDA,embalagem de presente,0.31867378034501886,f1_macro_on_full,minimize
LANCHINHO WAFER PASSATEMPO CHOC 20G,biscoito,0.31867378034501886,f1_macro_on_full,minimize
G DIPIRONA SODICA 1G C/4 COMP NEO QUIMIC,outro farma,0.31867378034501886,f1_macro_on_full,minimize
BALA PECCIN 600GR ZAZA MASTIG SORT,bala,0.31867378034501886,f1_macro_on_full,minimize
GELAT DIET CEREJA DR. OETKER 12G,gelatina,0.31867378034501886,f1_macro_on_full,minimize
ARROZ PICININ 1KG ARBORIO,arroz,0.31867378034501886,f1_macro_on_full,minimize
COMPOSTO LACTEO NINHO 380G-LT INST C/FIBRAS,leite em po,0.31867378034501886,f1_macro_on_full,minimize
QA FUBA DE MILHO QUALITA 500G,fuba,0.31867378034501886,f1_macro_on_full,minimize
OLEO MILHO MAZOLA PET 900ML,oleo vegetal,0.31867378034501886,f1_macro_on_full,minimize
ATUM GOMES DA COSTA RALADO LT 170G NATURAL,proteina em conserva,0.31867378034501886,f1_macro_on_full,minimize
KIT PANTENE BAMBU 575ML,kit para cabelos,0.31867378034501886,f1_macro_on_full,minimize
BISC MALTADO PIRAQUE 80G COBERTO CHOCOLATE,biscoito,0.31867378034501886,f1_macro_on_full,minimize
LENCO MULTIUSO CIF SENSITIVE 36UN,lenco umedecido,0.31867378034501886,f1_macro_on_full,minimize
CERV PAULISTANIA PATIO CLG 500ML,cerveja,0.31867378034501886,f1_macro_on_full,minimize
PEPSI COLA 3L,refrigerante,0.31867378034501886,f1_macro_on_full,minimize
CERV BADEN 350ML WITBIER,cerveja,0.31867378034501886,f1_macro_on_full,minimize
SACO PRESENTE 30X45 CASUAL MULTI POA BCO,embalagem de presente,0.31867378034501886,f1_macro_on_full,minimize
SACO PRESENTE 25X35 CASUAL TRIBAL OUR/OU,embalagem de presente,0.31867378034501886,f1_macro_on_full,minimize
PIRULITO FRAMBOESA 7 BELO 120G,pirulito,0.31867378034501886,f1_macro_on_full,minimize
PANO UMED BAC LYSOL BRISA MANHA 36UN,lenco umedecido,0.31867378034501886,f1_macro_on_full,minimize
LEITE FERM MACA FRUTAP 170G,leite fermentado,0.31867378034501886,f1_macro_on_full,minimize
MISTURA P/CALOPSITA ECORIGINAL 500G,alimento pet,0.31867378034501886,f1_macro_on_full,minimize
CAFE PO TRIANGULO ALMOF 500G,cafe,0.31867378034501886,f1_macro_on_full,minimize
SHA CLEAR A CASPA LIMP PROFUNDA 200ML,shampoo,0.31867378034501886,f1_macro_on_full,minimize
DES AER BOZZANO INVISIBLE 90g,desodorante,0.31867378034501886,f1_macro_on_full,minimize
LEITE COCO SOCOCO VD 500ML,leite de coco,0.31867378034501886,f1_macro_on_full,minimize
LEITE PO INT AURORA PC 200G,leite em po,0.31867378034501886,f1_macro_on_full,minimize
HAMB DE FRANGO 900G SADIA,hamburguer congelado,0.31867378034501886,f1_macro_on_full,minimize
FUSILLI SADIA HOT BOWLS BROC/BACON 300G,macarrao,0.31867378034501886,f1_macro_on_full,minimize
DESOD AER ABOVE FEM 150ML SPORT ENERGY,desodorante,0.31867378034501886,f1_macro_on_full,minimize
COMP ALIM BAUN KIDS SC 190G,formula lactea,0.31867378034501886,f1_macro_on_full,minimize
SEMENTE FELTRIN 400MG CEBOLINHA TODO ANO,plantas e sementes,0.31867378034501886,f1_macro_on_full,minimize
HAMBURGUER SOJA MANIA 56GR OREGANO,hamburguer congelado,0.31867378034501886,f1_macro_on_full,minimize
SABON FLOR DE YPE 85G MEU MOMEN LAVANDA,sabonete,0.31867378034501886,f1_macro_on_full,minimize
AGUA SANIT SUPREMA 5L-GL,agua sanitaria,0.31867378034501886,f1_macro_on_full,minimize
TABL CHOC ARCOR AO LEITE E BRANCO 150G,chocolate,0.31867378034501886,f1_macro_on_full,minimize
MINI CHICKEN PERDIGAO 1KG CONG,empanado congelado,0.31867378034501886,f1_macro_on_full,minimize
UVA RURAL BENITAKA BAND 500GR,uva,0.31867378034501886,f1_macro_on_full,minimize
COPO CERVEJA NADIR BOTECO 200ML,copo,0.31867378034501886,f1_macro_on_full,minimize
BETTABANHO ESPONJA UNITARIA 467,esponja de banho,0.31867378034501886,f1_macro_on_full,minimize
QJ FRESCAL DANUBIO FRESCAL TRAD250G,queijo,0.31867378034501886,f1_macro_on_full,minimize
DETERG PO MAQ FINISH POWER POWDER 1KG,lava roupas,0.31867378034501886,f1_macro_on_full,minimize
FGO ISCA SEARA 300G LEVEMENT APIMENTADA,empanado congelado,0.31867378034501886,f1_macro_on_full,minimize
QUEIJO RALADO PARMESAO KUNZLER 100G,queijo,0.31867378034501886,f1_macro_on_full,minimize
SU BELLO SABOR CAJU 1L,suco pronto,0.31867378034501886,f1_macro_on_full,minimize
"BARRA CEREAL GBARBOSA 66G, CAST/AVEIA",barra alimentar,0.31867378034501886,f1_macro_on_full,minimize
LICOR BAILEYS 750ML,licor,0.31867378034501886,f1_macro_on_full,minimize
SUCO LIFE MIX KIDS 100  LARANJA 200ML,suco pronto,0.31867378034501886,f1_macro_on_full,minimize
"DENTASTIX SINGLE RACAS MEDIAS 25,7G",alimento pet,0.31867378034501886,f1_macro_on_full,minimize
FILE COXA FRANGO AURORA 1KG,carne de ave,0.31867378034501886,f1_macro_on_full,minimize
CHA DR.OETKER CRANBERRY C/10 15g,cha por infusao,0.31867378034501886,f1_macro_on_full,minimize
BISCOITO POLVILHO LIGTH BOMBISC CHIA,biscoito,0.31867378034501886,f1_macro_on_full,minimize
CHOC NESTLE PRESTIGIO DARK BR 33G,chocolate,0.31867378034501886,f1_macro_on_full,minimize
CERVEJA LOKAL 350ML LT BIER,cerveja,0.31867378034501886,f1_macro_on_full,minimize
LOCAO HID SKALA 400ML PROT/LEITE,creme corporal,0.31867378034501886,f1_macro_on_full,minimize
LVA LCAS GEL LIMPOL CALENDULA 511G,outro produto de lavanderia,0.31867378034501886,f1_macro_on_full,minimize
SU BELLO SABOR LARANJA 200ML,suco pronto,0.31867378034501886,f1_macro_on_full,minimize
SUPERLED OURO 6W BIVOLT 6500K,lampada,0.31867378034501886,f1_macro_on_full,minimize
GELATINA ABACAXI DR OETKER 20G,gelatina,0.31867378034501886,f1_macro_on_full,minimize
FLOR CRISANTEMO PT11,plantas e sementes,0.31867378034501886,f1_macro_on_full,minimize
ARROZ INTEG PRATO FINO 2KG,arroz,0.31867378034501886,f1_macro_on_full,minimize
"IOG VIGOR GREGO 90G, FTS AM, .",iogurte,0.31867378034501886,f1_macro_on_full,minimize
ACHOC PO TODDY LIGHT 380G,achocolatado,0.31867378034501886,f1_macro_on_full,minimize
GOIABADA CASCAO FP 350G (CESTA),goiabada,0.31867378034501886,f1_macro_on_full,minimize
ZINNAT 500MG C/14 COMPRIMIDOS GSK,outro farma,0.31867378034501886,f1_macro_on_full,minimize
SINVALIP 20MG C/30 COMPRIMIDOS SIGMA PHA,outro farma,0.31867378034501886,f1_macro_on_full,minimize
BATATA FRITA LAYS SOUR CREAM  96G,aperitivo,0.31867378034501886,f1_macro_on_full,minimize
SORV QUY SORW PASSAS 2L,sorvete,0.31867378034501886,f1_macro_on_full,minimize
SEMOLINA DE TRIGO VENTURELLI 1KG,farinha de trigo,0.31867378034501886,f1_macro_on_full,minimize
FARINHA ROSCA PACHA 500G,farinha para empanar,0.31867378034501886,f1_macro_on_full,minimize
BEB LACTEA QUIK MORANGO         TP 200ML,bebida lactea,0.31867378034501886,f1_macro_on_full,minimize
QUEIJO GRAN MESTRI KG PROVOLONETE,queijo,0.31867378034501886,f1_macro_on_full,minimize
MAIONESE HELLMANNS VEGANA        PT 250G,maionese,0.31867378034501886,f1_macro_on_full,minimize
AGUA DE COCO KERO COCO 200ML TP,agua de coco,0.31867378034501886,f1_macro_on_full,minimize
CERVEJA BUDWEISER               LT 350ML,cerveja,0.31867378034501886,f1_macro_on_full,minimize
POLACA DO ALASCA DESF RIBERALVES 500G,peixe,0.31867378034501886,f1_macro_on_full,minimize
CHARQUE P. AGULHA A VACUO Kg,charque e carne seca,0.31867378034501886,f1_macro_on_full,minimize
DES ROL REXONA INVISIBLE 50ML (F),desodorante,0.31867378034501886,f1_macro_on_full,minimize
SC LX PIABAN CONF 50 BRANCO 5L,saco de lixo,0.31867378034501886,f1_macro_on_full,minimize
CHOC GRAN PAN 150G,cobertura pronta,0.31867378034501886,f1_macro_on_full,minimize
BEB ISOTON GATORADE LIMAO      PET 500ML,isotonico,0.31867378034501886,f1_macro_on_full,minimize
AMANDITAS WAF CHOC 200g,biscoito,0.31867378034501886,f1_macro_on_full,minimize
SALG BACONZITOS 55g,aperitivo,0.31867378034501886,f1_macro_on_full,minimize
CENOURA EMB kg,cenoura,0.31867378034501886,f1_macro_on_full,minimize
DESOD AERO REXONA MEN ANTI INSIV 150ML,desodorante,0.31867378034501886,f1_macro_on_full,minimize
MOLHO MAMA DORO TRADICIONAL SCH 340G,molho de tomate,0.31867378034501886,f1_macro_on_full,minimize
VELA PONTO INTERROGACAO KIREY,vela,0.31867378034501886,f1_macro_on_full,minimize
IOG PAULISTA INTEGRAL 150g,iogurte,0.31867378034501886,f1_macro_on_full,minimize
POLPA TOM CICA POMODORO 520G,polpa de tomate,0.31867378034501886,f1_macro_on_full,minimize
DESOD AER REXONA FEM 250 LV PG- ANTIBAC,desodorante,0.31867378034501886,f1_macro_on_full,minimize
ALFAJOR CHOC BCO LEV SLIM SUAVIPAN 25G,outro doce,0.31867378034501886,f1_macro_on_full,minimize
CEREAL NESTLE PASSATEMPO CH/BAUN CX 190G,cereal matinal,0.31867378034501886,f1_macro_on_full,minimize
"TEMP KININO ESP 20G, CURRY, .",tempero pronto,0.31867378034501886,f1_macro_on_full,minimize
SAGU VALORE T1 400g,sagu,0.31867378034501886,f1_macro_on_full,minimize
ATUM PEDACOS NATURAL LIGHT 2X180G,proteina em conserva,0.31867378034501886,f1_macro_on_full,minimize
"TEMP KININO 30G, ALHO PO, .",tempero pronto,0.31867378034501886,f1_macro_on_full,minimize
BARRA NUTS BANANA BR 25 GR CAST/SEMENTES,barra alimentar,0.31867378034501886,f1_macro_on_full,minimize
SOPA MAGGI CEBOLA                PCT 68G,preparo para sopa,0.31867378034501886,f1_macro_on_full,minimize
FGO INT S TRANS RESF C MIUDOS KORIN KG,carne de ave,0.31867378034501886,f1_macro_on_full,minimize
PAO FORMA SANNY 450g,padaria e confeitaria industrializado,0.31867378034501886,f1_macro_on_full,minimize
FDA DESC PAMPERS PANTS AJUST MG XXG 28UN,fralda,0.31867378034501886,f1_macro_on_full,minimize
MOLHO INGLES COOP 150ML,molho ingles,0.31867378034501886,f1_macro_on_full,minimize
ALFACE ROXA HIDROP TODO VDE UN,alface,0.31867378034501886,f1_macro_on_full,minimize
NOVACORT CREME C30GR ACHE,outro farma,0.31867378034501886,f1_macro_on_full,minimize
OLEO MILHO LIZA PET 900ML,oleo vegetal,0.31867378034501886,f1_macro_on_full,minimize
QUEIJO LASAROLI MINAS FRES KG,queijo,0.31867378034501886,f1_macro_on_full,minimize
AGNOLINE DABOA 500GR FRANGO,macarrao,0.31867378034501886,f1_macro_on_full,minimize
AMIDO MILHO KININO PCT 1KG,amido de milho,0.31867378034501886,f1_macro_on_full,minimize
"LAVA ROUPAS PO OMO 1,6KG C/2 LAVAG. PERF.COMBO ECO",lava roupas,0.31867378034501886,f1_macro_on_full,minimize
ASA FRANGO REGINA RESF 700G,carne de ave,0.31867378034501886,f1_macro_on_full,minimize
QJ PRATO FAT SADIA SOLTISSIMO 200G,queijo,0.31867378034501886,f1_macro_on_full,minimize
ALFACE AMERICANA ALENTO DA TERRA TERRA,alface,0.31867378034501886,f1_macro_on_full,minimize
BATON RECHEADO LEITE 16G,chocolate,0.31867378034501886,f1_macro_on_full,minimize
REFRIG COCA COLA LV PG-    PET C/6X600ML,refrigerante,0.31867378034501886,f1_macro_on_full,minimize
FJAO PTO KICALDO T1 1KG,feijao,0.31867378034501886,f1_macro_on_full,minimize
FDA DESC PAMPERS PANTS AJUST MG XG 32UN,fralda,0.31867378034501886,f1_macro_on_full,minimize
BISC FORTALEZA CREAM CRACKER TOSTD 400g,biscoito,0.31867378034501886,f1_macro_on_full,minimize
LTE IN COL HOLANDESA 1L,leite,0.31867378034501886,f1_macro_on_full,minimize
LENCO UMED PAMPERS 48UN-PC LAVANDA,lenco umedecido,0.31867378034501886,f1_macro_on_full,minimize
G BES ANLODIPINO 5MG C /30 COMP MEDLEY,outro farma,0.31867378034501886,f1_macro_on_full,minimize
CERVEJA AMSTEL LAGER           GFA 600ML,cerveja,0.31867378034501886,f1_macro_on_full,minimize
CERV COLORADO INDICA 600ML,cerveja,0.31867378034501886,f1_macro_on_full,minimize
CIG PALHEIROS PAULISTINHA TRAD,cigarro,0.31867378034501886,f1_macro_on_full,minimize
SUST KIDS BAUNILHA LEV700G PAG 500G,suplemento alimentar,0.31867378034501886,f1_macro_on_full,minimize
HOT HIT BURRITO SEARA COST BARBECUE 100G,sanduiche congelado,0.31867378034501886,f1_macro_on_full,minimize
AGUA MINERAL C GAS SARANDI 500ML,agua,0.31867378034501886,f1_macro_on_full,minimize
ADOC ZERO CAL 80ML STEVIA,adocante,0.31867378034501886,f1_macro_on_full,minimize
"BATATA CONG BEM BRASIL 1,05KG PALIT",batata congelada,0.31867378034501886,f1_macro_on_full,minimize
CANUDINHO TWIST COLOR UNICORN DOCILE 12G,bala,0.31867378034501886,f1_macro_on_full,minimize
REFR FANTA LAR LT 310ML,refrigerante,0.31867378034501886,f1_macro_on_full,minimize
"CAFE PILAO 500G, EXT FORTE VAC, .",cafe,0.31867378034501886,f1_macro_on_full,minimize
SABON HUGGIES CHA CAMOMILA    75G,sabonete infantil,0.31867378034501886,f1_macro_on_full,minimize
BISCOITO PIRAQUE REPETISCO    100 G,biscoito,0.31867378034501886,f1_macro_on_full,minimize
CHOC NESTLE ALPINO NEVADO CHOC 85g,chocolate,0.31867378034501886,f1_macro_on_full,minimize
MUSCULO ESPECIAL CRFO KG,carne bovina,0.31867378034501886,f1_macro_on_full,minimize
ALIM GATO FANCY FEAST GOULASH PERU   85G,alimento pet,0.31867378034501886,f1_macro_on_full,minimize
COQUETEL COROTE 500ML  BLUEBERRY,bebida mista,0.31867378034501886,f1_macro_on_full,minimize
CANELA CASCA CHINEZINHO 10g,canela,0.31867378034501886,f1_macro_on_full,minimize
PILHA COMUM PEQUENA C 8 PANASONIC  AA,pilha,0.31867378034501886,f1_macro_on_full,minimize
ARROZ TP1 CRISTAL 5kg,arroz,0.31867378034501886,f1_macro_on_full,minimize
UVA CRIMSON DOCE UVA BJ 500G,uva,0.31867378034501886,f1_macro_on_full,minimize
PAP HIG F.D SUBLIME SOFTYS 30M C/4,papel higienico,0.31867378034501886,f1_macro_on_full,minimize
SABONETE GIORNO UOMO LARANJA 180G,sabonete,0.31867378034501886,f1_macro_on_full,minimize
ESCOVA NOVICA LIMPEZA DELICADA  AV   1UN,escova de limpeza,0.31867378034501886,f1_macro_on_full,minimize
GOMA MASCAR KIDS ZONE FITA 15G UN SORT,goma de mascar,0.31867378034501886,f1_macro_on_full,minimize
TOALHA ROSTO DUO AIR LK CINZA,toalha,0.31867378034501886,f1_macro_on_full,minimize
MASSA FORTALEZA ARGOLA SEM 500G,macarrao,0.31867378034501886,f1_macro_on_full,minimize
COST SUINA SALG ESP PESO,carne suina,0.31867378034501886,f1_macro_on_full,minimize
PEDRA SANITARIA SAMPA CLEAN 25G,pedra sanitaria,0.31867378034501886,f1_macro_on_full,minimize
CR DENT CLOSE UP TRIP MENTA 150g,creme dental,0.31867378034501886,f1_macro_on_full,minimize
OLEO COCO ORG COPRA 500ML,oleo vegetal,0.31867378034501886,f1_macro_on_full,minimize
MIST P/BOLO CLARA FLEISCHMANN 390G FUBA,preparo para bolo,0.31867378034501886,f1_macro_on_full,minimize
TOMATE GRAPE RED ORG ORGANIC WAY 25,tomate,0.31867378034501886,f1_macro_on_full,minimize
ALECRIM NILMAR 5G,alecrim,0.31867378034501886,f1_macro_on_full,minimize
HIPOGLOS TRANSP 120G,outro farma,0.31867378034501886,f1_macro_on_full,minimize
PASSATA TOM MANGIARE 680G MANJER,molho de tomate,0.31867378034501886,f1_macro_on_full,minimize
CAKE AIPIM  400G,padaria e confeitaria fresca,0.31867378034501886,f1_macro_on_full,minimize
LENCOL MF C ELAS SOLT CAMESA ELIS PV20,lencol,0.31867378034501886,f1_macro_on_full,minimize
BISC POLV CHIMANGUINHO 100G-PC ESCALDADO PALIT,biscoito,0.31867378034501886,f1_macro_on_full,minimize
CERV LAGUNITAS IPA LN 355ML,cerveja,0.31867378034501886,f1_macro_on_full,minimize
VIN M GREEN 250G,vegetal higienizado e processado,0.31867378034501886,f1_macro_on_full,minimize
COMBINADO MISTO 330G,prato pronto,0.31867378034501886,f1_macro_on_full,minimize
CONFEITO GRANULADO CHOC DR OETKER 130G,cobertura pronta,0.31867378034501886,f1_macro_on_full,minimize
RABANETE ORG SOLO VIVO 300G,rabanete,0.31867378034501886,f1_macro_on_full,minimize
LTE LV INTEGRAL PIRACANJUBA EDGE 1L,leite,0.31867378034501886,f1_macro_on_full,minimize
PERA DANJOU IMPORTADO KG,pera,0.31867378034501886,f1_macro_on_full,minimize
REFRI SUKITA LARANJA PET 200ML,refrigerante,0.31867378034501886,f1_macro_on_full,minimize
LIMP PERF YPE 1L 30  DESC DOCE VIDA,multiuso,0.31867378034501886,f1_macro_on_full,minimize
NEOSALDINA GOTAS 15ML HYPERA,outro farma,0.31867378034501886,f1_macro_on_full,minimize
DROPS HALLS EXTRA FORTE 27.5G,bala,0.31867378034501886,f1_macro_on_full,minimize
REFRIG ANTARCTICA SODA LIMON ZERO  350ML,refrigerante,0.31867378034501886,f1_macro_on_full,minimize
BISC SWEET MARACUJA JASMINE 90G,biscoito,0.31867378034501886,f1_macro_on_full,minimize
MAC GRANO DURO FETTUCCINE PETYBON 500g,macarrao,0.31867378034501886,f1_macro_on_full,minimize
REFRIG COCA COLA 310ML LT SEM /ACUC,refrigerante,0.31867378034501886,f1_macro_on_full,minimize
MAIONESE HELLMANNS LIGHT PT 500G,maionese,0.31867378034501886,f1_macro_on_full,minimize
SALAME PIMENT DOC SWEET CHILLI SADIA 36G,salame,0.31867378034501886,f1_macro_on_full,minimize
TORRADA CEREALE 128G INTEG.TOAST,torrada,0.31867378034501886,f1_macro_on_full,minimize
BISC CREAM CRACKER MARILAN TRADIC 350g,biscoito,0.31867378034501886,f1_macro_on_full,minimize
LING SADIA TOSC FGO CONG,linguica,0.31867378034501886,f1_macro_on_full,minimize
FOSFORO GABOARDI C/40 SEGUR MAC C/10 CX,fosforo,0.31867378034501886,f1_macro_on_full,minimize
CALDO MAGGI GALINHA PO            CX 35G,caldo industrializado,0.31867378034501886,f1_macro_on_full,minimize
PANETONE PANCO FRUTAS 400G,panificacao natal,0.31867378034501886,f1_macro_on_full,minimize
MINGAU NUTRIBOM AVEIA/ARROZ     PE  600G,cereal infantil ou farinha lactea,0.31867378034501886,f1_macro_on_full,minimize
CAFE CANECAO 500G VAC,cafe,0.31867378034501886,f1_macro_on_full,minimize
PAPEL HIG. DUETTO 30MT NEU.F.DP PE   4UN,papel higienico,0.31867378034501886,f1_macro_on_full,minimize
CIG MARLBORO DOUBLE FUSION KS RCB,cigarro,0.31867378034501886,f1_macro_on_full,minimize
SAB LIQ NIVEA CREME CARE 250ML,sabonete,0.31867378034501886,f1_macro_on_full,minimize
TORRESMO SAN FRANCISCO PRENSADO AV    KG,petisco e salgadinho congelado,0.31867378034501886,f1_macro_on_full,minimize
WHISKY ESC J WALKER RED 750ML,whisky,0.31867378034501886,f1_macro_on_full,minimize
FILTRADO COLLINA DEL SOLE 660ML DOC ROSADO,espumante,0.31867378034501886,f1_macro_on_full,minimize
DROP S ICEKISS UND EXT FORT,bala,0.31867378034501886,f1_macro_on_full,minimize
CHOC LACTA 90G LAKA OREO,chocolate,0.31867378034501886,f1_macro_on_full,minimize
MAIONESE HELLMANNS PT 657G,maionese,0.31867378034501886,f1_macro_on_full,minimize
GARRAFA PLASUTIL UNICORNIO ABRE FACIL,recipientes,0.31867378034501886,f1_macro_on_full,minimize
CASCADE PLATINUM LAVA LOUCA 21 TABL,detergente,0.31867378034501886,f1_macro_on_full,minimize
FLEBODIA 600MG C. 30 CP GROSS,outro farma,0.31867378034501886,f1_macro_on_full,minimize
CARNE MOIDA PAMPLONA SUINA CONG 500G,carne suina,0.31867378034501886,f1_macro_on_full,minimize
DESINF PERF CANDURA HERBAL 2L,desinfetante,0.31867378034501886,f1_macro_on_full,minimize
FRANGO CONGELADO KG,carne de ave,0.31867378034501886,f1_macro_on_full,minimize
CHEIRO VDE ORG SOLO VIVO,cheiro verde,0.31867378034501886,f1_macro_on_full,minimize
ARROZ CHINES PARBO PC 5KG,arroz,0.31867378034501886,f1_macro_on_full,minimize
COPO COPOSUL 200ML TR CN-200DTR PE  50UN,copo descartavel,0.31867378034501886,f1_macro_on_full,minimize
BALA REGALIZ TIJOLO DORI 85G,bala,0.31867378034501886,f1_macro_on_full,minimize
REPEL SBP ELET 45N CHEIRO SV AP REFIL,repelente,0.31867378034501886,f1_macro_on_full,minimize
CHANDELLE CHANTILLY CARAMELO 200G,iogurte,0.31867378034501886,f1_macro_on_full,minimize
BALA BUTTER TOFFEES MARACUJA 100G,bala,0.31867378034501886,f1_macro_on_full,minimize
CAIXA DOBRAVEL 62 LITROS,outro bazar e departamentos,0.31867378034501886,f1_macro_on_full,minimize
"SORV KIBON 1,5L CREMOSISSIM CHOC",sorvete,0.31867378034501886,f1_macro_on_full,minimize
BISC POLVILHO TUDO CASEIRO 150G,biscoito,0.31867378034501886,f1_macro_on_full,minimize
CAFE PO MELITTA REG-BRASILEIRA 250G -CX SUL MINAS,cafe,0.31867378034501886,f1_macro_on_full,minimize
PANETTONE SEVEN BOYS FRUTAS 400g,panificacao natal,0.31867378034501886,f1_macro_on_full,minimize
BISC VISCONTI FIBRA RECH PC 125G CHOC,biscoito,0.31867378034501886,f1_macro_on_full,minimize
"LAVA ROUP PO BRILHANTE 1,6KG GTS150 SANITIZ",lava roupas,0.31867378034501886,f1_macro_on_full,minimize
DESINF UTIL LAVANDA 5L,desinfetante,0.31867378034501886,f1_macro_on_full,minimize
CJ COPOS VEGAS 240ML NADIR,copo,0.31867378034501886,f1_macro_on_full,minimize
LIMP AJAX FESTA FLORES LAVANDA     FR 1L,multiuso,0.31867378034501886,f1_macro_on_full,minimize
MAC TALHARIM CARBONARA NISSIN 99G,macarrao,0.31867378034501886,f1_macro_on_full,minimize
DESINF CLORO GEL VIM 700ML GTS 30  ORIG,desinfetante,0.31867378034501886,f1_macro_on_full,minimize
PAPEL ALUM WYDA 45X4M UN,folha de aluminio,0.31867378034501886,f1_macro_on_full,minimize
"BISC RECH TRIGOLINO 40g, CHOCOLATE",biscoito,0.31867378034501886,f1_macro_on_full,minimize
SABONETE BAR EVEN SUAVE AGUA DE COCO,sabonete,0.31867378034501886,f1_macro_on_full,minimize
BISC COOKIES VITARELLA PC 8 BAUNILHA,biscoito,0.31867378034501886,f1_macro_on_full,minimize
"WAFER PARATI MIN 115G, MGO, .",biscoito,0.31867378034501886,f1_macro_on_full,minimize
MORT. SEARA CONF.MINI C/GORD.   PE   1KG,mortadela,0.31867378034501886,f1_macro_on_full,minimize
DESINF PINHO BRIL SILVESTR FC 1L 10  OFF,desinfetante,0.31867378034501886,f1_macro_on_full,minimize
VINHO DOM BOSCO BORDO SUAVE 1L BRA,vinho nacional,0.31867378034501886,f1_macro_on_full,minimize
LINGUICA DE CARNE PERNIL CONG PERDIGAO 700G,linguica,0.31867378034501886,f1_macro_on_full,minimize
BROCOLIS IN NATURA PRA MESA 200GR CHINES BA,brocolis,0.31867378034501886,f1_macro_on_full,minimize
PACK EXT TOMATE ELEFANTE 3X310G,extrato de tomate,0.31867378034501886,f1_macro_on_full,minimize
BATATA MCCAIN 600GR FORNO TRADICIONAL,batata congelada,0.31867378034501886,f1_macro_on_full,minimize
SARDINHA GOMES DA COSTA LT 125G OLEO,proteina em conserva,0.31867378034501886,f1_macro_on_full,minimize
TORRADA BAUDUCCO PC 284G L P- TRADICIONAL,torrada,0.31867378034501886,f1_macro_on_full,minimize
CARRINHO CARS UND,carrinho,0.31867378034501886,f1_macro_on_full,minimize
DOCE OLIVEIRA 400GR MORANGO C/ MACA,outro doce,0.31867378034501886,f1_macro_on_full,minimize
SELETA LEGUMES QUERO LT 170G,vegetal em conserva,0.31867378034501886,f1_macro_on_full,minimize
REFRI AGUA DA SERRA GF DESC 600ML LARANJINHA,refrigerante,0.31867378034501886,f1_macro_on_full,minimize
ARROZ CULINARIA ITALIANA CAMIL 1K,arroz,0.31867378034501886,f1_macro_on_full,minimize
MASSA ADRIA PENNE G.DURO 500G,macarrao,0.31867378034501886,f1_macro_on_full,minimize
TAPIOCA MANDIOK FGO/QUEIJO      PE 100GR,tapioca,0.31867378034501886,f1_macro_on_full,minimize
SH PANTENE PRO V HIDRATACAO 175ML,shampoo,0.31867378034501886,f1_macro_on_full,minimize
GIN BEEFEATER DRY 750ML,gin,0.31867378034501886,f1_macro_on_full,minimize
BATATA MCCAIN 720GR TRADICIONAL,batata congelada,0.31867378034501886,f1_macro_on_full,minimize
ROOTS BATATA DOCE 45G,aperitivo,0.31867378034501886,f1_macro_on_full,minimize
"SUCO UVA INTEGRAL OQ 1,5L",suco pronto,0.31867378034501886,f1_macro_on_full,minimize
COPO DOSE BRISTOL 60ML,copo,0.31867378034501886,f1_macro_on_full,minimize
ALIM CAO BISC DOG CHOW MAXI PCT 500G,alimento pet,0.31867378034501886,f1_macro_on_full,minimize
STEAK SADIA EMPANADO FRANGO     PE  100G,empanado congelado,0.31867378034501886,f1_macro_on_full,minimize
BISC NEGRESCO RECH CHOCOLATE PCT 90G,biscoito,0.31867378034501886,f1_macro_on_full,minimize
KINDER OVO 40GR C/2 MIRACULOUS,chocolate,0.31867378034501886,f1_macro_on_full,minimize
SABON LUX 85G C/4 BOTANICALS L P- FLOR VERBENA,sabonete,0.31867378034501886,f1_macro_on_full,minimize
CAFE CAPS LOR ESPR GUATEMALA 10 UNI,cafe,0.31867378034501886,f1_macro_on_full,minimize
CERVEJA ITAIPAVA LT 350ML PILSEN,cerveja,0.31867378034501886,f1_macro_on_full,minimize
NECTAR LARANJA LIGHT MAGUARY 1L,suco pronto,0.31867378034501886,f1_macro_on_full,minimize
"MOLHO KENKO 150ML, INGLES, .",molho ingles,0.31867378034501886,f1_macro_on_full,minimize
SC TRINK LIMAO H 25G,preparo para suco,0.31867378034501886,f1_macro_on_full,minimize
MACAXEIRA/AIPIM Kg,mandioca,0.31867378034501886,f1_macro_on_full,minimize
SACOLA RET ECOLOGICA,sacola retornavel,0.31867378034501886,f1_macro_on_full,minimize
"REFRESC MID 20G, UVA, .",preparo para suco,0.31867378034501886,f1_macro_on_full,minimize
PAN FRUTA CRISTALI 400G,panificacao natal,0.31867378034501886,f1_macro_on_full,minimize
PROT GERIATR PLENITUD FEMME L SA C14,absorvente,0.31867378034501886,f1_macro_on_full,minimize
"AMAC MON BIJOU 5L, PUREZA, .",amaciante,0.31867378034501886,f1_macro_on_full,minimize
CERVEJA CARACU                  LT 350ML,cerveja,0.31867378034501886,f1_macro_on_full,minimize
SOPA VONO 58G CHEF CR CEB 37  MENOS SOD,preparo para sopa,0.31867378034501886,f1_macro_on_full,minimize
AMAC ROUPA COMFORT CONC 900M CUIDADO,amaciante,0.31867378034501886,f1_macro_on_full,minimize
PRATO SOBR NADIR OPALINE PETALA,prato,0.31867378034501886,f1_macro_on_full,minimize
BEBIDA LACT PIRACANJUBA LINH/CH/FR 200Ml,bebida lactea,0.31867378034501886,f1_macro_on_full,minimize
ABS HIG ALWAYS ACTIVE ULTRAFINO NOT  C/8,absorvente,0.31867378034501886,f1_macro_on_full,minimize
PEDRA SANIT ZUPP FLORAL 35G,pedra sanitaria,0.31867378034501886,f1_macro_on_full,minimize
SALSICHA JCW PC 1KG,salsicha,0.31867378034501886,f1_macro_on_full,minimize
LEITE LV PARMALAT ZYMIL 1L S/LAC DESNAT,leite,0.31867378034501886,f1_macro_on_full,minimize
FLANELA LIMPEZA JULENE G        AV   1UN,pano para limpeza,0.31867378034501886,f1_macro_on_full,minimize
CREME DENT.COLG.TRIP.ACAO HORT. TB  90GR,creme dental,0.31867378034501886,f1_macro_on_full,minimize
BISC WAFER BAUDUCCO 117G MAX COOK,biscoito,0.31867378034501886,f1_macro_on_full,minimize
MC ROSA VARIADA 040,plantas e sementes,0.31867378034501886,f1_macro_on_full,minimize
"ICE TEA LEAO 1L, PESSEGO",cha pronto,0.31867378034501886,f1_macro_on_full,minimize
AVEIA NESTLE FLOCOS              CX 170G,aveia e seus derivados,0.31867378034501886,f1_macro_on_full,minimize
DESOD HARPIC SANIT PASTILHA PINHO,desodorante,0.31867378034501886,f1_macro_on_full,minimize
OLEO CANOLA SOYA 900ML,oleo vegetal,0.31867378034501886,f1_macro_on_full,minimize
AG CRYSTAL CG 500ML,agua,0.31867378034501886,f1_macro_on_full,minimize
BARRA PROT S/ACUC PINATI 45G CHURROS,barra alimentar,0.31867378034501886,f1_macro_on_full,minimize
QUEIJO MUC BOUA FAT RESF 400G,queijo,0.31867378034501886,f1_macro_on_full,minimize
ABS HIG INTIMUS GEL SECA C/AB C/32 LV P-,absorvente,0.31867378034501886,f1_macro_on_full,minimize
DESOD HARPIC SANIT PASTILHA LAVANDA,pedra sanitaria,0.31867378034501886,f1_macro_on_full,minimize
SABON BABY DOVE 75GR HID HID BALANCEADA,sabonete infantil,0.31867378034501886,f1_macro_on_full,minimize
BATATA CONG BEM BRASIL 400G CARINH,batata congelada,0.31867378034501886,f1_macro_on_full,minimize
POLPA SHUPS MANGA 100G,polpa de fruta congelada,0.31867378034501886,f1_macro_on_full,minimize
BALA GELAT URSINHOS FINI 90G,bala,0.31867378034501886,f1_macro_on_full,minimize
MOLHO TOMATE POMAROLA CASE.CLAS.SH 300GR,molho de tomate,0.31867378034501886,f1_macro_on_full,minimize
VHO ARG CHAC CHAC SAUV BLANC 750ML,vinho importado,0.31867378034501886,f1_macro_on_full,minimize
"AMAC MON BIJOU 2L, NATUREZA, .",amaciante,0.31867378034501886,f1_macro_on_full,minimize
MOLHO TOMATE POMAROLA CASE.AZEI SH 300GR,molho de tomate,0.31867378034501886,f1_macro_on_full,minimize
V TERRACED RSV CABER TINTO 750ML,vinho importado,0.31867378034501886,f1_macro_on_full,minimize
G NIMESULIDA 100MG C 12 COMP CIMED,outro farma,0.31867378034501886,f1_macro_on_full,minimize
REFR FANTA UVA LT 350ML,refrigerante,0.31867378034501886,f1_macro_on_full,minimize
TEMPERO KITANO M.SABOR FEIJAO   PE   60G,tempero pronto,0.31867378034501886,f1_macro_on_full,minimize
PETIT SUISSE DANON.BAN/MOR/MAC. BD  480G,iogurte,0.31867378034501886,f1_macro_on_full,minimize
MASSA SORA INT PENNE 500G,macarrao,0.31867378034501886,f1_macro_on_full,minimize
ALMONDEGA COXAO MOLE 1953 RESF KG,carne bovina,0.31867378034501886,f1_macro_on_full,minimize
SUCO PRON NATURELL 300ML LARANJA,suco pronto,0.31867378034501886,f1_macro_on_full,minimize
V NUCOS RAPAZ MERLO TINTO 750ML,vinho importado,0.31867378034501886,f1_macro_on_full,minimize
MACA ORG MALUNGA 400G,maca,0.31867378034501886,f1_macro_on_full,minimize
CALDO KNORR 152G  GALINHA,caldo industrializado,0.31867378034501886,f1_macro_on_full,minimize
HAMBURGUER AURORA BOV 90G,hamburguer congelado,0.31867378034501886,f1_macro_on_full,minimize
CHOC TAB LACTA DARK MENTA 85G,chocolate,0.31867378034501886,f1_macro_on_full,minimize
PANETTONE ITALIA MIA GOTAS CHOC.CX 400GR,panificacao natal,0.31867378034501886,f1_macro_on_full,minimize
NOZES RAIZ BEM 100G S/CASCA,"nozes, castanhas e outras oleaginosas",0.31867378034501886,f1_macro_on_full,minimize
SOBRECOXA S TRANS RESF KORIN BDJ 600G,carne de ave,0.31867378034501886,f1_macro_on_full,minimize
AGUA MINERAL DIAS DAVILA S/GAS PET 200ml,agua,0.31867378034501886,f1_macro_on_full,minimize
MARGARINA DELINE C SAL PT 500g,margarina,0.31867378034501886,f1_macro_on_full,minimize
SUCO REFR NATURAL ONE UVA MACA PET 1 5L,suco pronto,0.31867378034501886,f1_macro_on_full,minimize
CARNE MOIDA PATINHO,carne bovina,0.31867378034501886,f1_macro_on_full,minimize
SALG TROFEU 40G QUEIJO,aperitivo,0.31867378034501886,f1_macro_on_full,minimize
BISC BAUDUCCO WAFER TRIPLO CHOC 140G,biscoito,0.31867378034501886,f1_macro_on_full,minimize
BISC MARIA MARILAN 350G,biscoito,0.31867378034501886,f1_macro_on_full,minimize
FILE MIGNON FAT IQF SADIA 800G,carne suina,0.31867378034501886,f1_macro_on_full,minimize
GOMA MASCAR TRIDENT HORTELA      PCT C/4,goma de mascar,0.31867378034501886,f1_macro_on_full,minimize
BISC TORTINHA MARILAN MARACUJA 140G,biscoito,0.31867378034501886,f1_macro_on_full,minimize
BISC.ISABELA 400G MAIZENA,biscoito,0.31867378034501886,f1_macro_on_full,minimize
SABON POM POM AMENDOAS               80G,sabonete infantil,0.31867378034501886,f1_macro_on_full,minimize
CO TRESEMME CRESCIME CRESCI 400ML,condicionador,0.31867378034501886,f1_macro_on_full,minimize
"BISC VISCONTI RECH 125g, MOR",biscoito,0.31867378034501886,f1_macro_on_full,minimize
ESPUMANTE DEMI SECO SALTON 750ML,espumante,0.31867378034501886,f1_macro_on_full,minimize
AMACIANTE ZAVASKI LAVANDA       FC   2LT,amaciante,0.31867378034501886,f1_macro_on_full,minimize
MUCILON TRIGO 180GR,cereal infantil ou farinha lactea,0.31867378034501886,f1_macro_on_full,minimize
LAVA ROUPA CONC OMO 500ML-LAVAGEM PERFTA P/DILUIR,lava roupas,0.31867378034501886,f1_macro_on_full,minimize
REPELENTE SPRAY OFF FAMILY 200ML,repelente corporal,0.31867378034501886,f1_macro_on_full,minimize
CHICLE TRIDENT MELANCIA 8g,goma de mascar,0.31867378034501886,f1_macro_on_full,minimize
PORTA SABAO EM PO 235L,recipientes,0.31867378034501886,f1_macro_on_full,minimize
PRATO DESC JUNCO 15CM BCO,prato descartavel,0.31867378034501886,f1_macro_on_full,minimize
FILEZINHO FGO SADIA 1KG MARINADOS,carne de ave,0.31867378034501886,f1_macro_on_full,minimize
MASSA PASTEL BUONA ROLO 1KG,massa fresca,0.31867378034501886,f1_macro_on_full,minimize
BISC COCO MARILAN 400g,biscoito,0.31867378034501886,f1_macro_on_full,minimize
CHOC 5 STAR 40G,chocolate,0.31867378034501886,f1_macro_on_full,minimize
LIMP VEJA USO DIRETO ORIGINAL   FR 900ML,multiuso,0.31867378034501886,f1_macro_on_full,minimize
BISC RECH TRAKINAS 126G-PC BUBBALOO/T-FRUT,biscoito,0.31867378034501886,f1_macro_on_full,minimize
IOG BATAVO 170GR NATURAL LAR CENOURA MEL,iogurte,0.31867378034501886,f1_macro_on_full,minimize
LIMPADOR COALA 120ML PERFUMADO LAVANDA,multiuso,0.31867378034501886,f1_macro_on_full,minimize
REFRIG COCA COLA 220ML LT SLEEK,refrigerante,0.31867378034501886,f1_macro_on_full,minimize
LAMPADA BELPRO 5W LED LUZ BRANCA,lampada,0.31867378034501886,f1_macro_on_full,minimize
APERITIVO CYNAR 900ML,outro destilado,0.31867378034501886,f1_macro_on_full,minimize
CEREAL BARRA KOBBER 54G ZERO TORT CHOCOLATE,barra alimentar,0.31867378034501886,f1_macro_on_full,minimize
ENTRECOT BOV VACUO kg,carne bovina,0.31867378034501886,f1_macro_on_full,minimize
ACHOCPO NESTLE ALPINO 200G,achocolatado,0.31867378034501886,f1_macro_on_full,minimize
"LIMP LIMPOL MULTIUSO 500ML, CLASSICO, .",multiuso,0.31867378034501886,f1_macro_on_full,minimize
LEITE COND MOCA Z/LACT TP 395G,leite condensado,0.31867378034501886,f1_macro_on_full,minimize
PO DESC YAMA ACTIVE 50G,tintura e descolorante,0.31867378034501886,f1_macro_on_full,minimize
"CHOC LACTA 20G, LAKA, .",chocolate,0.31867378034501886,f1_macro_on_full,minimize
PAO FER NAT CASTANHA 100  CASTANHA,padaria e confeitaria industrializado,0.31867378034501886,f1_macro_on_full,minimize
MOLHO TOMATE QUERO TRAD SACHET 300g,molho de tomate,0.31867378034501886,f1_macro_on_full,minimize
AZEITONA VDE SC RIVOLI 160G,azeitona,0.31867378034501886,f1_macro_on_full,minimize
CENOURA ORGAN RDU 570G,cenoura,0.31867378034501886,f1_macro_on_full,minimize
LASANHA SADIA PRES.QJ.SUGO     CX 600GR,lasanha congelada,0.31867378034501886,f1_macro_on_full,minimize
CALDO PO KNORR GALINHA ZERO SAL 37 5G,caldo industrializado,0.31867378034501886,f1_macro_on_full,minimize
BISC NEST 60G PASSATEMPO COOKIES,biscoito,0.31867378034501886,f1_macro_on_full,minimize
CR LEITE NESTLE ZERO LACTOSE 200g,creme de leite,0.31867378034501886,f1_macro_on_full,minimize
ESPONJA M USO BOMBRIL C1,esponja,0.31867378034501886,f1_macro_on_full,minimize
BATATA LISA MACTOST             PE  40GR,aperitivo,0.31867378034501886,f1_macro_on_full,minimize
SALADA DE FRUTAS TRADICIONAL CP 200,prato pronto,0.31867378034501886,f1_macro_on_full,minimize
VINAG MACA BELMONT 750ML,vinagre,0.31867378034501886,f1_macro_on_full,minimize
MACARRAO PADRE NOSSO JOIA C/OVOS 500g,macarrao,0.31867378034501886,f1_macro_on_full,minimize
PAO BLUPAO AIPIM 500G,padaria e confeitaria industrializado,0.31867378034501886,f1_macro_on_full,minimize
INSET AERO MORTEIN RODOX M BARATA 300M,inseticida,0.31867378034501886,f1_macro_on_full,minimize
COXINHA ASA FGO RESF ATENDIMENTO KG,carne de ave,0.31867378034501886,f1_macro_on_full,minimize
BISC OREO 90G  MILK MOR,biscoito,0.31867378034501886,f1_macro_on_full,minimize
BISC BELVITA 75GR LEITE AVEIA,biscoito,0.31867378034501886,f1_macro_on_full,minimize
REQUEIJAO CREM MINAS MILK 400G-PT TRAD,requeijao,0.31867378034501886,f1_macro_on_full,minimize
CIG DUNHILL ON 1BX BOOST,cigarro,0.31867378034501886,f1_macro_on_full,minimize
CR DENT ORALB 4EM1 24X150G,creme dental,0.31867378034501886,f1_macro_on_full,minimize
DESOD AERO NIVEA PEARL E BEAUTY 150ML,desodorante,0.31867378034501886,f1_macro_on_full,minimize
AGUA MINERAL VILA NOVA PR.S/GAS FC 420ML,agua,0.31867378034501886,f1_macro_on_full,minimize
DESOD. REX. AERO MEN QUANTUM    FC  90GR,desodorante,0.31867378034501886,f1_macro_on_full,minimize
FEIJAO PRETO TP 1 TURQUESA 1kg,feijao,0.31867378034501886,f1_macro_on_full,minimize
MAC C/ OVOS BARILLA ESPAG N8 500G,macarrao,0.31867378034501886,f1_macro_on_full,minimize
SABAO PD YPE 180G GREEN,sabao em pedra,0.31867378034501886,f1_macro_on_full,minimize
"DETERGENTE BRILUX 500ml, NEUTRO",detergente,0.31867378034501886,f1_macro_on_full,minimize
SAB. DAVENE AVEIA CLASSICO      CX  90GR,sabonete,0.31867378034501886,f1_macro_on_full,minimize
AMAC ROUPA CONC DOWNY PRIMAVERA 12X1L,amaciante,0.31867378034501886,f1_macro_on_full,minimize
ORQ PHAL HIDRO PT06  PT06,plantas e sementes,0.31867378034501886,f1_macro_on_full,minimize
FARINHA LACTEA NESTLE        SACHET 210G,formula lactea,0.31867378034501886,f1_macro_on_full,minimize
GOMA MASCAR TRIDENT MORANGO      PCT C/4,goma de mascar,0.31867378034501886,f1_macro_on_full,minimize
CARGA GILLETTE MACH3 SENSITIVE C/4,aparelho de barbear e depilatorio,0.31867378034501886,f1_macro_on_full,minimize
VINAGRE ALCOOL MARATA 750ml,vinagre,0.31867378034501886,f1_macro_on_full,minimize
GUARANA ALBANO PET 1L,refrigerante,0.31867378034501886,f1_macro_on_full,minimize
ERVILHA E MILHO QUERO 170G LT,milho verde e ervilha em conserva,0.31867378034501886,f1_macro_on_full,minimize
ESC DENT COLGATE C/4 CLASSICA,escova de dentes,0.31867378034501886,f1_macro_on_full,minimize
EMPANADOS RECHEADO SEARA LEVISSIMO 110g,empanado congelado,0.31867378034501886,f1_macro_on_full,minimize
CANJICA MILHO BRANCA  500G,canjica,0.31867378034501886,f1_macro_on_full,minimize
BISC COOKIE GOT CHOC PASSATEMPO 60G,biscoito,0.31867378034501886,f1_macro_on_full,minimize
BAT CHIPS SENSACOES FIT PERU 45g,aperitivo,0.31867378034501886,f1_macro_on_full,minimize
SALG BATATA TONYS QUEIJO 100G,aperitivo,0.31867378034501886,f1_macro_on_full,minimize
SUCO UVA LIGHT DEL VALLE MAIS 1L,suco pronto,0.31867378034501886,f1_macro_on_full,minimize
IOG MOO SKYR 130G NATURAL 13G PROT,iogurte,0.31867378034501886,f1_macro_on_full,minimize
WHISKY BLACK e WHITE              GFA 1L,whisky,0.31867378034501886,f1_macro_on_full,minimize
REFR TEEM LT 350ml,refrigerante,0.31867378034501886,f1_macro_on_full,minimize
CESTA DE NATAL SUCESSO CARREFOUR,artigo de natal,0.31867378034501886,f1_macro_on_full,minimize
ROYAL THINS SEA SALT 300GR CARAMEL,chocolate,0.31867378034501886,f1_macro_on_full,minimize
PROT SOLAR NIVEA FPS FPS 70 200ML,protetor solar,0.31867378034501886,f1_macro_on_full,minimize
GUARANA TUCHAUA CHAMPANHE PET 1L,refrigerante,0.31867378034501886,f1_macro_on_full,minimize
PAO PULLMAN BISNAGUITO INTEG 300 G,padaria e confeitaria industrializado,0.31867378034501886,f1_macro_on_full,minimize
3PANO MUSO ESFREBOM . 3UN,pano para limpeza,0.31867378034501886,f1_macro_on_full,minimize
SAB PALMOLIVE NAT SEG SED TURMALINA 85G,sabonete,0.31867378034501886,f1_macro_on_full,minimize
SAB FARNESE AVEIA/ESFOLIANTE 180G,sabonete,0.31867378034501886,f1_macro_on_full,minimize
SH/COND PANTENE HIDROCAUTERIZACAO 525ML,kit para cabelos,0.31867378034501886,f1_macro_on_full,minimize
CERV  ESTRELLA GALICIA LT 350ML,cerveja,0.31867378034501886,f1_macro_on_full,minimize
GELO CUBO GELOTIMO 4 KG,gelo,0.31867378034501886,f1_macro_on_full,minimize
BROCOLIS CONG SWIFT 300G,vegetal congelado,0.31867378034501886,f1_macro_on_full,minimize
BISC.BELVITA AVELA/CACAU        CX  75GR,biscoito,0.31867378034501886,f1_macro_on_full,minimize
TOM CER RAMA BEN 200G,tomate,0.31867378034501886,f1_macro_on_full,minimize
AGUA DE COCO QUADRADO 200ML MELANCIA,agua de coco,0.31867378034501886,f1_macro_on_full,minimize
TEMPERO MAGGI SAB CARN/LEG/ARROZ PCT 50G,tempero pronto,0.31867378034501886,f1_macro_on_full,minimize
PIPOCA MO NAT YOKI 100G,pipoca para microondas,0.31867378034501886,f1_macro_on_full,minimize
BISC ROSCA DE NATA SOLID GOLD 400G,biscoito,0.31867378034501886,f1_macro_on_full,minimize
MACARRAO RENATA 85GR EXPRESS INST GALINHA CAIPIRA,macarrao,0.31867378034501886,f1_macro_on_full,minimize
FDA DESC PAMPERS CONF SEC MEGA G 38UN,fralda,0.31867378034501886,f1_macro_on_full,minimize
MACARRAO RENATA 85GR EXPRESS INST LEGUMES,macarrao,0.31867378034501886,f1_macro_on_full,minimize
ALIM CAO BISC DOG CHOW JUNIOR   PCT 300G,alimento pet,0.31867378034501886,f1_macro_on_full,minimize
BISC PEDIGREE 180GR DENTASTIX RACAS MEDIAS 7 STICK,alimento pet,0.31867378034501886,f1_macro_on_full,minimize
VELA RADIANTE 7 DIAS 260G,vela,0.31867378034501886,f1_macro_on_full,minimize
SABONETE LIQ NIVEA REFIL CREME SOFT,sabonete liquido,0.31867378034501886,f1_macro_on_full,minimize
BALA GELATINA TUBES FINI 80G MORANGO,bala,0.31867378034501886,f1_macro_on_full,minimize
MILHO PIPOCA YOKI MANTEIGA MEN SODIO 90G,milho para pipoca,0.31867378034501886,f1_macro_on_full,minimize
FARINHA TRIGO PAO DONA BENTA 1KG,farinha de trigo,0.31867378034501886,f1_macro_on_full,minimize
ACAI TRADIC 3.6KG FROOTY,acai,0.31867378034501886,f1_macro_on_full,minimize
IOG LIQ DANONE VITAMINAS 1250G,iogurte,0.31867378034501886,f1_macro_on_full,minimize
SOPAO KNORR GALINHA CAIPIRA PC 194G,preparo para sopa,0.31867378034501886,f1_macro_on_full,minimize
CHA DR OETKER ERVA DOCE/CAPIM CIDREIRA/CAMO 10g,cha por infusao,0.31867378034501886,f1_macro_on_full,minimize
MAMINHA BOV STEAKHOUSE VACUO kg,carne bovina,0.31867378034501886,f1_macro_on_full,minimize
DOCE DE LEITE TRADIC FRIM 400G,outro doce,0.31867378034501886,f1_macro_on_full,minimize
TORRONE COM AMENDOIM 17G,amendoim,0.31867378034501886,f1_macro_on_full,minimize
CERVEJA EISENBAHN WEIZENBIER    LN 355ML,cerveja,0.31867378034501886,f1_macro_on_full,minimize
RUCULA FATIADA LA VITA HIGIENIZADA 150G,vegetal higienizado e processado,0.31867378034501886,f1_macro_on_full,minimize
"DESOD GIOVANNA BABY ROL 50ML C2 50 , RS",desodorante,0.31867378034501886,f1_macro_on_full,minimize
MILHO TORR SALG 100G MOST E MEL,aperitivo,0.31867378034501886,f1_macro_on_full,minimize
ABS HIG ALWAYS ACTI SECA NOT C/32 LV PG-,absorvente,0.31867378034501886,f1_macro_on_full,minimize
BEB LACT NESTLE NESCAU CX 1000ML,bebida lactea,0.31867378034501886,f1_macro_on_full,minimize
BEB LACTEA BAN MACA MILK NOBRE 170G,bebida lactea,0.31867378034501886,f1_macro_on_full,minimize
CHOC OVO BENEVIA 20G  BOB ESPONJA,ovo de pascoa,0.31867378034501886,f1_macro_on_full,minimize
TALENTO TAB LEITE CSTN PARA 85G,chocolate,0.31867378034501886,f1_macro_on_full,minimize
CATCHUP PREMIUM ODERICH 400G,ketchup,0.31867378034501886,f1_macro_on_full,minimize
BEB LACTEA FERM GOODY MOR 850G,iogurte,0.31867378034501886,f1_macro_on_full,minimize
COUVE BENASSI 200G FATIADA,couve,0.31867378034501886,f1_macro_on_full,minimize
IOG LIQ S LA VC WHEY 14GP BA VDE 250G,iogurte,0.31867378034501886,f1_macro_on_full,minimize
SALSICHAO COPACOL FGO PC 600G,linguica,0.31867378034501886,f1_macro_on_full,minimize
CHOC. HERSHEYS BARRA COOKIES    BR  87GR,chocolate,0.31867378034501886,f1_macro_on_full,minimize
CHOC GAROTO SERENATA DE AMOR   BR 80G,chocolate,0.31867378034501886,f1_macro_on_full,minimize
AVEIA FL FINOS QUAKER 450G,aveia e seus derivados,0.31867378034501886,f1_macro_on_full,minimize
SALG BATATA LAYS 96G SOUR CREAM,aperitivo,0.31867378034501886,f1_macro_on_full,minimize
ENERGY DRINK RED BULL EDITION TROP 250ml,energetico,0.31867378034501886,f1_macro_on_full,minimize
BATATA PALHA AMAVITA CROC 500G,vegetal em palha,0.31867378034501886,f1_macro_on_full,minimize
CIG KENT ACESS MACO AZUL,cigarro,0.31867378034501886,f1_macro_on_full,minimize
QUEIJO MUSSARELA FAT ITAMBE 150G,queijo,0.31867378034501886,f1_macro_on_full,minimize
SABAO VANISH PINK 75g,sabao em pedra,0.31867378034501886,f1_macro_on_full,minimize
LOURO OCEANO 25G FOLHAS,louro,0.31867378034501886,f1_macro_on_full,minimize
MASSA LA MOLISANA PENNE RIGATE BRZ 500G,macarrao,0.31867378034501886,f1_macro_on_full,minimize
CERVEJA ITAIPAVA 0.0  ALCOOL LN 330ml,cerveja,0.31867378034501886,f1_macro_on_full,minimize
ARIEL TOD  3L,lava roupas,0.31867378034501886,f1_macro_on_full,minimize
CHINELO HAVAIANAS TOP CN,chinelo,0.31867378034501886,f1_macro_on_full,minimize
SORVETE KIBON ESKIBON MINI CHOC 104g,sorvete,0.31867378034501886,f1_macro_on_full,minimize
QUEIJO MUSSARELA MOLFINO IMPORTAD PED KG,queijo,0.31867378034501886,f1_macro_on_full,minimize
BEBIDA LACT CANTO MINAS MOR COCO 540G,iogurte,0.31867378034501886,f1_macro_on_full,minimize
CAFE VACUO BOM JESUS TRAD 250g,cafe,0.31867378034501886,f1_macro_on_full,minimize
SALG FABITOS 150G C/6,aperitivo,0.31867378034501886,f1_macro_on_full,minimize
PIZZA ATUM 450g,prato pronto,0.31867378034501886,f1_macro_on_full,minimize
SUCO NATURAL ONE INT LARANJA S/AC 900ml,suco pronto,0.31867378034501886,f1_macro_on_full,minimize
IOG POLP NEST 540G MORANGO,iogurte,0.31867378034501886,f1_macro_on_full,minimize
NECTAR DEL VALLE ABAC              TP 1L,suco pronto,0.31867378034501886,f1_macro_on_full,minimize
MOLHO TOM QUERO MANJERICAO SH 300G,molho de tomate,0.31867378034501886,f1_macro_on_full,minimize
PANO MICROF APL MULT USO 50X70 G,pano para limpeza,0.31867378034501886,f1_macro_on_full,minimize
OVOS AVINE PQ BCO C/30,ovo,0.31867378034501886,f1_macro_on_full,minimize
"GRANOLA BARANO 500g, MEL",granola,0.31867378034501886,f1_macro_on_full,minimize
REF PRATA GINGER 200ML,refrigerante,0.31867378034501886,f1_macro_on_full,minimize
"KIT REXONA D AER 2UN, V8 50  2, .",desodorante,0.31867378034501886,f1_macro_on_full,minimize
MIST BOLO FLEISCHMANN ESC SC 400G CHOCOMOUSSE CHO,preparo para bolo,0.31867378034501886,f1_macro_on_full,minimize
ADOC LIQ ZERO CAL SUCRALOSE 100ML,adocante,0.31867378034501886,f1_macro_on_full,minimize
BALAS GELATINES DOCILE 80G,bala,0.31867378034501886,f1_macro_on_full,minimize
CAFE ALMOF TRAD JARDIM 500g,cafe,0.31867378034501886,f1_macro_on_full,minimize
SAB SENADOR AMADEIRADO 130G,sabonete,0.31867378034501886,f1_macro_on_full,minimize
C.BASICA CBE 3 - CST06 -F,cesta basica,0.31867378034501886,f1_macro_on_full,minimize
LING MARIA ROSA MATOSO 1KG,linguica,0.31867378034501886,f1_macro_on_full,minimize
RAVIOLI 4 QJO MEZZANI 400G,massa fresca,0.31867378034501886,f1_macro_on_full,minimize
"AMACIANTE BRETAS 2L, FLORAL",amaciante,0.31867378034501886,f1_macro_on_full,minimize
SORV SAINT LUIGER BAUN/FLOC 2L,sorvete,0.31867378034501886,f1_macro_on_full,minimize
PAO FORMA WICKB 450G INTEGRAL,padaria e confeitaria industrializado,0.31867378034501886,f1_macro_on_full,minimize
ESPONJA BANHO MASSAGEM SLOW BETTANIN,esponja de banho,0.31867378034501886,f1_macro_on_full,minimize
LEITE MAGNESIA PHILIPS 120ML ASPEN,outro farma,0.31867378034501886,f1_macro_on_full,minimize
MOLHO TOMATE PREDILECTA 300G,molho de tomate,0.31867378034501886,f1_macro_on_full,minimize
MIX AMENDOIM 400g,amendoim,0.31867378034501886,f1_macro_on_full,minimize
FOLHADO DE FRANGO UNI,prato pronto,0.31867378034501886,f1_macro_on_full,minimize
CATCHUP SADIO TB 830G TRAD,ketchup,0.31867378034501886,f1_macro_on_full,minimize
LAVA ROUPA LIQ OMO LAV.PERF SACH 900m,lava roupas,0.31867378034501886,f1_macro_on_full,minimize
CHOC NILMAR CHOCO POWER BALL PC 45G,chocolate,0.31867378034501886,f1_macro_on_full,minimize
"ENXAG BUC COLGATE L750P500ml, ODOR CONT",enxaguante bucal,0.31867378034501886,f1_macro_on_full,minimize
CREME LEITE JUSSARA TP 200G,creme de leite,0.31867378034501886,f1_macro_on_full,minimize
NECTAR MAGUARY 200ML-TP UVA,suco pronto,0.31867378034501886,f1_macro_on_full,minimize
CHOC TRENTO ALLEGRO CHOC BCO/AMEND 35G,chocolate,0.31867378034501886,f1_macro_on_full,minimize
QUEI LACMAX QUARK LIGHT 300g,queijo,0.31867378034501886,f1_macro_on_full,minimize
SUCO DEL VALLE UVA 3X200ML,suco pronto,0.31867378034501886,f1_macro_on_full,minimize
DET PO RP OMO LAV PERFEITA 400G,lava roupas,0.31867378034501886,f1_macro_on_full,minimize
CHOC TWIX TRIPLO 40G,chocolate,0.31867378034501886,f1_macro_on_full,minimize
COBERT CHOC AO LEITE  500G,preparo de doce,0.31867378034501886,f1_macro_on_full,minimize
"ARROZ AGULH CAMIL L5,3P5KG",arroz,0.31867378034501886,f1_macro_on_full,minimize
BISC CEREAIS S/GLU S/LAC 210G SCHAR,biscoito,0.31867378034501886,f1_macro_on_full,minimize
"ESCOVA DENT ORAL-B INDIC PLUS L2P1, 35",escova de dentes,0.31867378034501886,f1_macro_on_full,minimize
ABS SYM C/ABAS COB SECA L8P7,absorvente,0.31867378034501886,f1_macro_on_full,minimize
OVO VR CHICO BENTO C VR 10UN,ovo,0.31867378034501886,f1_macro_on_full,minimize
SUCO NATURAL ONE UVA/MACA 1.5L,suco pronto,0.31867378034501886,f1_macro_on_full,minimize
BEB ENERG JACK POWER 2L-PET TONICA,energetico,0.31867378034501886,f1_macro_on_full,minimize
BISC MARILAN COCO 350G,biscoito,0.31867378034501886,f1_macro_on_full,minimize
CAMISETA MC UZ3 REVEIL BCO MMPV22,camiseta,0.31867378034501886,f1_macro_on_full,minimize
MASSA LASANHA ISABELA           PCT 200G,massa de lasanha,0.31867378034501886,f1_macro_on_full,minimize
SALG PALITO REGIONAIS PC 100G,aperitivo,0.31867378034501886,f1_macro_on_full,minimize
MORT SADILAR FAMILIAR MFGY      1KG,mortadela,0.31867378034501886,f1_macro_on_full,minimize
PRATO DESC COPOBRAS FDO AZ CLA 15cm C/10,prato descartavel,0.31867378034501886,f1_macro_on_full,minimize
CR DENTAL ORAL B 70GR 4 EM 1,creme dental,0.31867378034501886,f1_macro_on_full,minimize
BEB CAST A TAL DA CASTANHA 1L BARISTA,outra bebida vegetal,0.31867378034501886,f1_macro_on_full,minimize
GELEIA FR VERM CLASSIC QUEENSBERRY 320G,geleia,0.31867378034501886,f1_macro_on_full,minimize
MIRTILO BERRYGOOD               BD 125GR,outra fruta,0.31867378034501886,f1_macro_on_full,minimize
REFRIG ANTACTICA 310ML GUAR LT,refrigerante,0.31867378034501886,f1_macro_on_full,minimize
ADOCANTE LIQ ZEROCAL 200ML,adocante,0.31867378034501886,f1_macro_on_full,minimize
BACON DOUBLE SMOKE SEARA FAT 180G,carne suina,0.31867378034501886,f1_macro_on_full,minimize
MINI COXINHA CATUPIRY 300G C/CATUPIRY,petisco e salgadinho congelado,0.31867378034501886,f1_macro_on_full,minimize
DESOD SPRAY MASC OLD SPICE PEGADOR 150ML,desodorante,0.31867378034501886,f1_macro_on_full,minimize
REFRES PO TANG UVA INTENSA 18G,preparo para suco,0.31867378034501886,f1_macro_on_full,minimize
ABS INTERNO INTIMUS MEDIO C/8,absorvente,0.31867378034501886,f1_macro_on_full,minimize
IOG LIQ ISIS GF 170G MORANGO,iogurte,0.31867378034501886,f1_macro_on_full,minimize
DOCIGOMA SINO SORTIDA DOCILE 240G,bala,0.31867378034501886,f1_macro_on_full,minimize
MANTEIGA BATAVO EXTRA TB 200G C/SAL,manteiga,0.31867378034501886,f1_macro_on_full,minimize
BALAO CORACAO VERM KIREY C8,balao de festa,0.31867378034501886,f1_macro_on_full,minimize
SARD GDC LIGHT ERVAS 125G,proteina em conserva,0.31867378034501886,f1_macro_on_full,minimize
IOG NAT WHEY 14 VERDE CAMPO 250G COOKeCR,iogurte,0.31867378034501886,f1_macro_on_full,minimize
PH FD PERSONAL VIP NEUTRO 30M L12P11,papel higienico,0.31867378034501886,f1_macro_on_full,minimize
TOALHA PAP SNOB HIPER 2RL-PC 240 FL,papel toalha,0.31867378034501886,f1_macro_on_full,minimize
AGUA SANIT YPE 2L,agua sanitaria,0.31867378034501886,f1_macro_on_full,minimize
ACHOC PO GAROTO 600G-SACHE CHOC,achocolatado,0.31867378034501886,f1_macro_on_full,minimize
CR DENT SORRISO TRIPLA LIMPEZA COMPL 70G,creme dental,0.31867378034501886,f1_macro_on_full,minimize
L.FERM FRUTAP 850G BAUNILHA,leite fermentado,0.31867378034501886,f1_macro_on_full,minimize
REFRESCO PO TANG GUARANA 25G,preparo para suco,0.31867378034501886,f1_macro_on_full,minimize
PANO PERFEX L5P4 AZUL,pano para limpeza,0.31867378034501886,f1_macro_on_full,minimize
COMPOSTO ALIM LECO C/SAL         PT 200G,manteiga,0.31867378034501886,f1_macro_on_full,minimize
BISC PANINE GOIABINHA C/GLACE 300g,biscoito,0.31867378034501886,f1_macro_on_full,minimize
BOLINHO BAUDUCCO RECH 40G DUPLO CHOCOLATE,padaria e confeitaria industrializado,0.31867378034501886,f1_macro_on_full,minimize
SUCO NATURAL ONE 2L UVA E MACA,suco pronto,0.31867378034501886,f1_macro_on_full,minimize
"MILHO VERDE QUERO, LT 170G, .",milho verde em conserva,0.31867378034501886,f1_macro_on_full,minimize
COXINHA TMP CHURRAS CONG SEARA 800G,carne de ave,0.31867378034501886,f1_macro_on_full,minimize
SALAD ALFACE AMER RDU 200G,mix de folhas,0.31867378034501886,f1_macro_on_full,minimize
ERVILHAS FINAS DAUCY 300G,vegetal congelado,0.31867378034501886,f1_macro_on_full,minimize
DOCE FAMOSO 50G BRIGADEIRO,outro doce,0.31867378034501886,f1_macro_on_full,minimize
REFRESCO MID JABUTICABA 20G,preparo para suco,0.31867378034501886,f1_macro_on_full,minimize
"DESOD AER OLD SPICE 124G, LENHA, .",desodorante,0.31867378034501886,f1_macro_on_full,minimize
FEIJAO CARIOCA VAPZA 500,vegetal em conserva,0.31867378034501886,f1_macro_on_full,minimize
LEITE PO NINHO 700G S/LACT,leite em po,0.31867378034501886,f1_macro_on_full,minimize
ST.DOVE 90G EQUILIBRIO OLEOS.,sabonete,0.31867378034501886,f1_macro_on_full,minimize
ESPAGUETE BRANDINI COMUM FURAD 500G,macarrao,0.31867378034501886,f1_macro_on_full,minimize
COB SORV XODO CHOC 280G,sorvete,0.31867378034501886,f1_macro_on_full,minimize
"CAIXA ORGANIZ MB RET EVERYDAY 1,5L",caixa organizadora,0.31867378034501886,f1_macro_on_full,minimize
SHAMPOO HEAD SHOULDERS MACA      400ML,shampoo,0.31867378034501886,f1_macro_on_full,minimize
CREME CHANTILLY PASTRY PRIDE 1L,outro laticinio refrigeirado,0.31867378034501886,f1_macro_on_full,minimize
REFR ANTAR GUAR ZERO PET 2L,refrigerante,0.31867378034501886,f1_macro_on_full,minimize
AZEITE ANDORINHA VINTAGE 500ml,azeite de oliva,0.31867378034501886,f1_macro_on_full,minimize
CR DENT COLGATE NAT EXT DEF REFOR RM 90g,creme dental,0.31867378034501886,f1_macro_on_full,minimize
FITA VEDA ROSCA 10MT QUTIL      CT   1UN,veda rosca,0.31867378034501886,f1_macro_on_full,minimize
OVO VERM MANTIQUEIRA HAPPY EGGS C/10 GDE,ovo,0.31867378034501886,f1_macro_on_full,minimize
"SABAO PO BRILHANTE LIMP TOTAL CX 1,6KG",lava roupas,0.31867378034501886,f1_macro_on_full,minimize
LEITE UHT ELEGE INT CX 1L,leite,0.31867378034501886,f1_macro_on_full,minimize
BISC MEL ZAGONEL 300G,biscoito,0.31867378034501886,f1_macro_on_full,minimize
MEU SEGREDO MAGGI TOMATE 49G,tempero pronto,0.31867378034501886,f1_macro_on_full,minimize
CHOCOLATE TALENTO 85G CASTANHA D PARA,chocolate,0.31867378034501886,f1_macro_on_full,minimize
MISTURA BOLO ORQUIDEA PAO DE LO PE 350GR,preparo para bolo,0.31867378034501886,f1_macro_on_full,minimize
ESC DENTAL COLGATE SLIMSOFT BLACK 4UN,escova de dentes,0.31867378034501886,f1_macro_on_full,minimize
SARDINHA PESCADOR LT 125G OLEO,proteina em conserva,0.31867378034501886,f1_macro_on_full,minimize
GELATINA PO DR OETKER DIET C MORANGO,gelatina,0.31867378034501886,f1_macro_on_full,minimize
SNACK CRF VEGGIE ERV PROV TOQ OLIV 40G,aperitivo,0.31867378034501886,f1_macro_on_full,minimize
CHOC NESTLE 90G MOCA BRIGADEIRO,chocolate,0.31867378034501886,f1_macro_on_full,minimize
FILET BOV TOP QUALITY BANANINHA       KG,carne bovina,0.31867378034501886,f1_macro_on_full,minimize
BATATA CONG MCCAIN TRADICIONAL 720G,vegetal congelado,0.31867378034501886,f1_macro_on_full,minimize
FEIJAO CARIOCA ZORZO 1KG,feijao,0.31867378034501886,f1_macro_on_full,minimize
DETERG YPE FR 500ML MACA,detergente,0.31867378034501886,f1_macro_on_full,minimize
ALCATRA BOV MIOLO TOP QUALITY GRILL   KG,carne bovina,0.31867378034501886,f1_macro_on_full,minimize
INSET. MORTEIN ISCA M.BARATA    CX   6UN,inseticida,0.31867378034501886,f1_macro_on_full,minimize
BANANINHA BE NATURE 30G-TRAD,bananada,0.31867378034501886,f1_macro_on_full,minimize
PP SALGADINHO LOPES 100G  CEBOLA,aperitivo,0.31867378034501886,f1_macro_on_full,minimize
IOG BATAVO C/PEDACO PT 500G PESSEGO,iogurte,0.31867378034501886,f1_macro_on_full,minimize
HAMB BRASA BURGUERS 90G BOV TRAD,hamburguer congelado,0.31867378034501886,f1_macro_on_full,minimize
QA CAMAR DESC COZ 85/100 CONG 400G,fruto do mar,0.31867378034501886,f1_macro_on_full,minimize
SUCO PRON PRATS 4L INTEGRAL LARANJA,suco pronto,0.31867378034501886,f1_macro_on_full,minimize
LENCO UMED NEVE SUPREME C/48 REF,lenco umedecido,0.31867378034501886,f1_macro_on_full,minimize
IOG LIQ CORPUS 170G S/LAC MORANGO,iogurte,0.31867378034501886,f1_macro_on_full,minimize
MINI BOLO ANA MARIA CHOC 35G,padaria e confeitaria industrializado,0.31867378034501886,f1_macro_on_full,minimize
"SORVETE NESTLE 1,5L, GALAK",sorvete,0.31867378034501886,f1_macro_on_full,minimize
GIN TONICA TORQUAY 275ML LN CLASSIC,gin,0.31867378034501886,f1_macro_on_full,minimize
"SABONETE EVEN SUAVE 85g, FLOR PESS/MAR",sabonete,0.31867378034501886,f1_macro_on_full,minimize
FAROFA PRON KISABOR 500G,farofa pronta,0.31867378034501886,f1_macro_on_full,minimize
"INSET MAT INS 360ML, S/CH 33  GTS, .",inseticida,0.31867378034501886,f1_macro_on_full,minimize
DESOD AERO ABOVE MEN OCEAN 150ML,desodorante,0.31867378034501886,f1_macro_on_full,minimize
BITTER CAMPARI 900ML 900ML,aperitivo,0.31867378034501886,f1_macro_on_full,minimize
PEITO COPACOL C/OSSO FGO RESF BDJ KG,carne de ave,0.31867378034501886,f1_macro_on_full,minimize
BEB LAC HIGH PROTEIN BAUN 6X250ML,bebida lactea,0.31867378034501886,f1_macro_on_full,minimize
PAO DE FORMA TRAD 390G BAUDUCCO,padaria e confeitaria industrializado,0.31867378034501886,f1_macro_on_full,minimize
CRM DENT COLGATE PRO ALIVIO GENGIVA 90G,creme dental,0.31867378034501886,f1_macro_on_full,minimize
VINHO TELMO SAUV. BLANC 750ML,vinho importado,0.31867378034501886,f1_macro_on_full,minimize
AGUA SANITARIA TROIA BRANCO 5L,agua sanitaria,0.31867378034501886,f1_macro_on_full,minimize
BOLO CAFE MANHA NAPOL C SUICA 250G,padaria e confeitaria industrializado,0.31867378034501886,f1_macro_on_full,minimize
MACARRAO DE ARROZ E 500G,macarrao,0.31867378034501886,f1_macro_on_full,minimize
PIZZA PAGUE MENOS 750G 4 QJOS,pizza congelada,0.31867378034501886,f1_macro_on_full,minimize
"CREME DENT ORAL-B 70g, EXT FRESH",creme dental,0.31867378034501886,f1_macro_on_full,minimize
SHAMPOO HEADeSHOULDERS FR 200ML MEN MENTHOL,shampoo,0.31867378034501886,f1_macro_on_full,minimize
SUCO INT NATURAL DA FAZENDA LARAN 900ML,suco pronto,0.31867378034501886,f1_macro_on_full,minimize
PIZZA PAGUE MENOS 750G AMERICANA,pizza congelada,0.31867378034501886,f1_macro_on_full,minimize
AGUARDENTE YPIOCA PRATA LT 350ML,cachaca,0.31867378034501886,f1_macro_on_full,minimize
BEB LAC ELEGE MOR/COCO 540G,iogurte,0.31867378034501886,f1_macro_on_full,minimize
G NISTATINA CREME VAGINAL 60G MEDLEY,outro farma,0.31867378034501886,f1_macro_on_full,minimize
REFR PEPSI TWIST PET 2L,refrigerante,0.31867378034501886,f1_macro_on_full,minimize
ESPAGUETE IMPERADOR S/COLEST 500G,macarrao,0.31867378034501886,f1_macro_on_full,minimize
AG MIN HORTENSIA 5L,agua,0.31867378034501886,f1_macro_on_full,minimize
CHOC LACTA LEITE                  BR 20G,chocolate,0.31867378034501886,f1_macro_on_full,minimize
PV BATATA 1KG,batata,0.31867378034501886,f1_macro_on_full,minimize
PIZZA BROT PAGUE MENOS 130G PEI PER,pizza congelada,0.31867378034501886,f1_macro_on_full,minimize
MARG BECEL ORIG C/SAL PT 500G,margarina,0.31867378034501886,f1_macro_on_full,minimize
BENEGRIP C/20 COMPRIMIDOS HYPERMARCAS,outro farma,0.31867378034501886,f1_macro_on_full,minimize
BISC CEREALE PC 147G LARANJA/DAMASCO,biscoito,0.31867378034501886,f1_macro_on_full,minimize
PAP HIG FL/DP MILI LV POR- 32UN-PC 30MM,papel higienico,0.31867378034501886,f1_macro_on_full,minimize
AGUA MINERAL ACQUALIA S/GAS 500ML,agua,0.31867378034501886,f1_macro_on_full,minimize
MANDIOCA CRUA GALVANI 1KG,vegetal higienizado e processado,0.31867378034501886,f1_macro_on_full,minimize
"BOLINHO BAUDUCCO 40G, DUPLO CHOCOLAT",padaria e confeitaria industrializado,0.31867378034501886,f1_macro_on_full,minimize
QJO MUSS TIROLEZ 150G FAT,queijo,0.31867378034501886,f1_macro_on_full,minimize
WHISKAS AD PEIXE 1KG,alimento pet,0.31867378034501886,f1_macro_on_full,minimize
ABS S LIVRE ADAPT SV L16 P14,absorvente,0.31867378034501886,f1_macro_on_full,minimize
BISC LACTA BIS WAF CHOC LEITE 126g,chocolate,0.31867378034501886,f1_macro_on_full,minimize
REFR PO MID 20G  LIMONADA SUICA,preparo para suco,0.31867378034501886,f1_macro_on_full,minimize
HOT POCKET SADIA PC 145G X PICANHA,sanduiche congelado,0.31867378034501886,f1_macro_on_full,minimize
LOCAO HID FLOR  LAVANDA MONANGE 200ML,creme corporal,0.31867378034501886,f1_macro_on_full,minimize
CITONEURIN 5000MG 20 DRAGEAS PROCTER,outro farma,0.31867378034501886,f1_macro_on_full,minimize
CERV STELLA ARTOIS GRF OW 600ML,cerveja,0.31867378034501886,f1_macro_on_full,minimize
BACON DEFUMADO NOBRE KG,carne suina,0.31867378034501886,f1_macro_on_full,minimize
INSET BAYGON AER ACAO TOTAL 36,inseticida,0.31867378034501886,f1_macro_on_full,minimize
PARMESAO EM LASCAS FAIXA AZUL 150G,queijo,0.31867378034501886,f1_macro_on_full,minimize
CAPS MEMBERS AROM AVELA C/10,cafe,0.31867378034501886,f1_macro_on_full,minimize
QJ REI PIRAC PDC 200 200G,queijo,0.31867378034501886,f1_macro_on_full,minimize
"DESOD ABOVE AER CREAM 150ml, SHINE",desodorante,0.31867378034501886,f1_macro_on_full,minimize
EXT TOMATE ELEFANTE SACHE 190G,extrato de tomate,0.31867378034501886,f1_macro_on_full,minimize
MISTURA BOLO ORQUIDEA CHOC.CREM.PE 400GR,preparo para bolo,0.31867378034501886,f1_macro_on_full,minimize
LASANHA SADIA 600G PEITO PERU,lasanha congelada,0.31867378034501886,f1_macro_on_full,minimize
TOALHA DE CAPUZ INFANTIL DISNEY,toalha,0.31867378034501886,f1_macro_on_full,minimize
SAB DE GLICERINA TRA TRADIC 90G,sabonete,0.31867378034501886,f1_macro_on_full,minimize
FNHA TRIGO REGINA 1KG,farinha de trigo,0.31867378034501886,f1_macro_on_full,minimize
LAVA LOUCAS ATOL TB 2L NEUTRO,detergente,0.31867378034501886,f1_macro_on_full,minimize
"IOG FRIMESA LIGHT 850G, MGO, .",iogurte,0.31867378034501886,f1_macro_on_full,minimize
BISC.COOKIES BAUDUCCO 100G ED.COPA ED.ESPEC.,biscoito,0.31867378034501886,f1_macro_on_full,minimize
"SUCO SAN MARTIN MACA 1,5L",suco pronto,0.31867378034501886,f1_macro_on_full,minimize
REFR SCHWEPPES CITRUS 250ML VD,refrigerante,0.31867378034501886,f1_macro_on_full,minimize
IOG DANONE GREGO FRUTAS VERM 90g,iogurte,0.31867378034501886,f1_macro_on_full,minimize
"LAMEN VITARELLA 74.3g, LEGUMES",macarrao,0.31867378034501886,f1_macro_on_full,minimize
CIG HARMONY BY LUXOR,cigarro,0.31867378034501886,f1_macro_on_full,minimize
QA MAC INST CARNE QUALITA 85G,macarrao,0.31867378034501886,f1_macro_on_full,minimize
CERV EISENBAHN PALE ALE L NECK 355ml,cerveja,0.31867378034501886,f1_macro_on_full,minimize
PAO AUSTRALIANO PANCO 380G INT CACAUMEL,padaria e confeitaria industrializado,0.31867378034501886,f1_macro_on_full,minimize
SAB DAVENE AVEIA HID 90G-CX CLASS/ROSA,sabonete,0.31867378034501886,f1_macro_on_full,minimize
"FRAL HUGGIES T PROT JB, C/28 GD",fralda,0.31867378034501886,f1_macro_on_full,minimize
ALIM CAES DOG CHOW FRANGO MOLHO SC 100G,alimento pet,0.31867378034501886,f1_macro_on_full,minimize
ANEIS CEBOLA LAR PREM CONG PC 1.1KG,empanado congelado,0.31867378034501886,f1_macro_on_full,minimize
ODORIZ AUTO GEL NEW FRESH CAR 10G,automotivo,0.31867378034501886,f1_macro_on_full,minimize
BATATA PALHA VISCONTI 140G TRAD.,vegetal em palha,0.31867378034501886,f1_macro_on_full,minimize
LINGUICA CALABRESA DEFUMADA FININHA 220G,linguica,0.31867378034501886,f1_macro_on_full,minimize
BEB LAC FERM VIGOR MORANGO 540G,iogurte,0.31867378034501886,f1_macro_on_full,minimize
CEBOLA MC KG,cebola,0.31867378034501886,f1_macro_on_full,minimize
"ABS INTIMUS NOTURNO C/8, SUAVE C/ABAS",absorvente,0.31867378034501886,f1_macro_on_full,minimize
DESOD ROLL DOVE INVISIBLE DRY MEN 50ML,desodorante,0.31867378034501886,f1_macro_on_full,minimize
AZEITE OLIV EXT VIRG COCINERO 500ML GF,azeite de oliva,0.31867378034501886,f1_macro_on_full,minimize
NINHO ORIGEM VEGETAL CACAU 190ML,suco pronto,0.31867378034501886,f1_macro_on_full,minimize
TOMATE MEL TREBESCHI 180G,tomate,0.31867378034501886,f1_macro_on_full,minimize
POTE NITRON RED EMPILHAVEL 700ML,recipientes,0.31867378034501886,f1_macro_on_full,minimize
FERM BIOLOG INST FERMIX 10G,fermento,0.31867378034501886,f1_macro_on_full,minimize
ATADURA CREPE 13F 15CMX1.80M NEVE,outro farma,0.31867378034501886,f1_macro_on_full,minimize
"AMAC DOWNY L1,35L P1,12L MISTICO",amaciante,0.31867378034501886,f1_macro_on_full,minimize
AM DOWNY PAIXAO  1.35L,amaciante,0.31867378034501886,f1_macro_on_full,minimize
BROCOLIS HORTIFRIOS UN,brocolis,0.31867378034501886,f1_macro_on_full,minimize
"BISC COOKIES TODDY EMB EC 133g, CHOC MOL",biscoito,0.31867378034501886,f1_macro_on_full,minimize
BISC FUTURINHOS RECH MORANGO 80g,biscoito,0.31867378034501886,f1_macro_on_full,minimize
TUBINHO TUTTI FRUTTI FINI 80G,biscoito,0.31867378034501886,f1_macro_on_full,minimize
"REF PET 250ML REFRI INDAIA, COLA",refrigerante,0.31867378034501886,f1_macro_on_full,minimize
CALDO GALINHA MAGGI 100X114G,caldo industrializado,0.31867378034501886,f1_macro_on_full,minimize
CHOC NESTLE CHOKITO AO LTE PCT 370G,chocolate,0.31867378034501886,f1_macro_on_full,minimize
YPE BAK LAVANDA DESINFETANTE 5LT,desinfetante,0.31867378034501886,f1_macro_on_full,minimize
SOPAO GAL CAIP MAGGI 24X200G,preparo para sopa,0.31867378034501886,f1_macro_on_full,minimize
QUEIJO PARMESAO RELIQUIA DA CANASTRA 50G,queijo,0.31867378034501886,f1_macro_on_full,minimize
CHIN HAV SLIM CONFETE MUSGO 3738 H,chinelo,0.31867378034501886,f1_macro_on_full,minimize
WHISKAS SACHE ADULTO CARNE 85G,alimento pet,0.31867378034501886,f1_macro_on_full,minimize
TEMPERO MACTOST VINAGRETE       CT  30GR,tempero pronto,0.31867378034501886,f1_macro_on_full,minimize
CHIC.TRIDENT 54G C/28 SPEARMINT X SENSES,goma de mascar,0.31867378034501886,f1_macro_on_full,minimize
ALV VANISH REFIL 500ML PINK,alvejante,0.31867378034501886,f1_macro_on_full,minimize
ESPONJA PONJITA BANHO 112X62M,esponja de banho,0.31867378034501886,f1_macro_on_full,minimize
AP JANTAR DONNA LOLA OXFORD DEC 16PCS,outro utensilio de cozinha,0.31867378034501886,f1_macro_on_full,minimize
VELA CHUVA DOURADA KIREY,vela,0.31867378034501886,f1_macro_on_full,minimize
IOG VIGOR NATURAL CP 170G DESNATADO,iogurte,0.31867378034501886,f1_macro_on_full,minimize
MORTADELA FGO PERDIGAO MOFR12 400G,mortadela,0.31867378034501886,f1_macro_on_full,minimize
MEIO FRANGO ASSADO FP Kg,carne de ave,0.31867378034501886,f1_macro_on_full,minimize
FILE COPACOL PEITO MET IQF CONG 800G,carne de ave,0.31867378034501886,f1_macro_on_full,minimize
REMOVEDOR ESMALTE ZULU FASHION 90ML,removedor de esmalte,0.31867378034501886,f1_macro_on_full,minimize
MOLHO TOMATE CEPERA BASILICO CX 390g,molho de tomate,0.31867378034501886,f1_macro_on_full,minimize
FEIJAO PRETO TOZZO 1Kg,feijao,0.31867378034501886,f1_macro_on_full,minimize
CR TRAT CR PENT ORIGEM 2 EM 1 BABOSA 1kg,creme para pentear,0.31867378034501886,f1_macro_on_full,minimize
CAMISETA MC TEX GOLA V PRETO MMOI22,camiseta,0.31867378034501886,f1_macro_on_full,minimize
CARNE BOV MOIDA CONG MF BDJ 400G,carne bovina,0.31867378034501886,f1_macro_on_full,minimize
COXA FRANGO SADIA BIO BDJ 1KG,carne de ave,0.31867378034501886,f1_macro_on_full,minimize
QUEIJO KOLLAC MUSSARELA MF FAT 200G,queijo,0.31867378034501886,f1_macro_on_full,minimize
TRAVESSEIRO FIBER TEAM ORTOBOM BCO 45X65,travesseiro,0.31867378034501886,f1_macro_on_full,minimize
MARCA TEXTO BIC BRITE LINER AM C/1,margarina,0.31867378034501886,f1_macro_on_full,minimize
REFRESCO TANG 18G ABACAXI,preparo para suco,0.31867378034501886,f1_macro_on_full,minimize
QUEIJO SADIA PRATO SOLT FAT 200G,queijo,0.31867378034501886,f1_macro_on_full,minimize
PH FD SUBLIME SOFTYS NEUTRO L16P15,papel higienico,0.31867378034501886,f1_macro_on_full,minimize
ISCAS FGO SWIFT 300G,inativo,0.31867378034501886,f1_macro_on_full,minimize
LINGUICA PERDIGAO TP CALAB ENROLAD 500g,linguica,0.31867378034501886,f1_macro_on_full,minimize
"IOG FRIMESA 540G, MGO/COCO, .",iogurte,0.31867378034501886,f1_macro_on_full,minimize
"ALC LIQ SAFRA CITRONELA 46,2 1L",alcool,0.31867378034501886,f1_macro_on_full,minimize
SAB LIQ LUX VITORIA REGIA P/MAOS REF 240,sabonete liquido,0.31867378034501886,f1_macro_on_full,minimize
SEMENTE ERVA CIDREIRA FELTRIN,plantas e sementes,0.31867378034501886,f1_macro_on_full,minimize
"DES AERO MONANGE 90, FRUTAS VERMELHAS",desodorante,0.31867378034501886,f1_macro_on_full,minimize
MACAR RENATA INST 2GAL/2CAR 340g,macarrao,0.31867378034501886,f1_macro_on_full,minimize
MISTURA P/BOLO MARATA LARANJA 450G,preparo para bolo,0.31867378034501886,f1_macro_on_full,minimize
CHOC TAB NESTLE PC 8 MOCA BRIGADEIRO,chocolate,0.31867378034501886,f1_macro_on_full,minimize
SABT LUX BUQUE JASMIM 85g,sabonete,0.31867378034501886,f1_macro_on_full,minimize
EVIT MOFO SECAR ORIG CLOSET PERF250,desumidificador,0.31867378034501886,f1_macro_on_full,minimize
L.FERM DANONINHO 450G,iogurte,0.31867378034501886,f1_macro_on_full,minimize
COALHADA VIGOR 150G VIV,iogurte,0.31867378034501886,f1_macro_on_full,minimize
CHOC BIS LACTA BRANCO 201 6G,chocolate,0.31867378034501886,f1_macro_on_full,minimize
SALSICHA HOT DOG SADIA ATC KG,salsicha,0.31867378034501886,f1_macro_on_full,minimize
PANELA AVUL TURIM AA TRAMONTINA VERM,panela,0.31867378034501886,f1_macro_on_full,minimize
PILHA ZINCO PAL AAA C4 RAYOVAC,pilha,0.31867378034501886,f1_macro_on_full,minimize
AZEITE CHI EXT VIRG NOVA OLIVA VD 500ML,azeite de oliva,0.31867378034501886,f1_macro_on_full,minimize
SOPAO KITANO GALINHA 196g,preparo para sopa,0.31867378034501886,f1_macro_on_full,minimize
LAVA ROUPA LIQ OMO INTIMAS BIQUINI 300ML,lava roupas,0.31867378034501886,f1_macro_on_full,minimize
FUBA PINK 1Kg,fuba,0.31867378034501886,f1_macro_on_full,minimize
BISC RECH MILK SHAKE MORG OREO 144G,biscoito,0.31867378034501886,f1_macro_on_full,minimize
LTE PO NINHO INSTAN SACHE 380G,leite em po,0.31867378034501886,f1_macro_on_full,minimize
PK COLGATE LUMI WHITE CARVAO 3X70G,creme dental,0.31867378034501886,f1_macro_on_full,minimize
CARNE SUIN PANCETA TEMPERADA MF TFV KG,carne suina,0.31867378034501886,f1_macro_on_full,minimize
PICANHA BOV FAT CONG BORDON KG,carne bovina,0.31867378034501886,f1_macro_on_full,minimize
CHOC BIS LACTA AO LEITE 201 6G,chocolate,0.31867378034501886,f1_macro_on_full,minimize
PANETTONE VISCONTI FRUTAS 750G,panificacao natal,0.31867378034501886,f1_macro_on_full,minimize
PRESUNTO PERDIGAO MAGRO OVAL MF FAT 500G,presunto,0.31867378034501886,f1_macro_on_full,minimize
LINGUICA PERDIGAO PAIO DEF.     PE  370G,linguica,0.31867378034501886,f1_macro_on_full,minimize
BISC RECH PIRAQUE 76G  CHOC,biscoito,0.31867378034501886,f1_macro_on_full,minimize
CB MATURATTA PICANHA KG PECA VACUO,carne bovina,0.31867378034501886,f1_macro_on_full,minimize
MUSSARELA PRESIDENT FAT 300G,queijo,0.31867378034501886,f1_macro_on_full,minimize
LINGUICA SEARA TP CALABR CURADA MF KG,linguica,0.31867378034501886,f1_macro_on_full,minimize
IOG VIGOR 150G DESNATADO,iogurte,0.31867378034501886,f1_macro_on_full,minimize
REGATA PTO TEX MMOI20,regata,0.31867378034501886,f1_macro_on_full,minimize
CB MINERVA FRALDINHA KG GRILL PECA VACUO,carne bovina,0.31867378034501886,f1_macro_on_full,minimize
"MAC ADRIA SEMOLA 500G, ESPAGUETE 8",macarrao,0.31867378034501886,f1_macro_on_full,minimize
PAO BAUDUCCO FORMA TRAD PCT 390G,padaria e confeitaria industrializado,0.31867378034501886,f1_macro_on_full,minimize
ESPONJA LIMPPANO REDONDA,esponja,0.31867378034501886,f1_macro_on_full,minimize
CERV BUDWEISER LTA 473ML,cerveja,0.31867378034501886,f1_macro_on_full,minimize
SH PALMOLIVE SOS CUIDADO FORCE 350ML,shampoo,0.31867378034501886,f1_macro_on_full,minimize
MACARRAO NISSIN INST COSTELA     PCT 85G,macarrao,0.31867378034501886,f1_macro_on_full,minimize
"BISC SAO LUIZ RECH 130g, MORANGO",biscoito,0.31867378034501886,f1_macro_on_full,minimize
CARNE BOV ALCATRA PORC MF KG,carne bovina,0.31867378034501886,f1_macro_on_full,minimize
COXINHA COPACOL ASA IQF 800G,carne de ave,0.31867378034501886,f1_macro_on_full,minimize
CB MINERVA CONTRA FILE KG GRILL PEC VACUO,carne bovina,0.31867378034501886,f1_macro_on_full,minimize
FIGADO FGO MACEDO BJ 1KG,carne de ave,0.31867378034501886,f1_macro_on_full,minimize
FILTRO PAPEL SAO BRAZ 102 C/30,coador,0.31867378034501886,f1_macro_on_full,minimize
DES ABOVE 150ML  INVISIBLE FEM,desodorante,0.31867378034501886,f1_macro_on_full,minimize
IOG BATAVO PED DUO MARC/PES 100G,iogurte,0.31867378034501886,f1_macro_on_full,minimize
SAL REFINADO COOP 1KG,sal,0.31867378034501886,f1_macro_on_full,minimize
SAB LUX BOTANICALS BR 85G LIRIO AZUL,sabonete,0.31867378034501886,f1_macro_on_full,minimize
GELATINA PREDILECTA MORANGO 30G,gelatina,0.31867378034501886,f1_macro_on_full,minimize
CATCHUP PALMEIRON CX 300G PICANTE,ketchup,0.31867378034501886,f1_macro_on_full,minimize
"AMAC DOWNY 500, BRISA DO VERAO",amaciante,0.31867378034501886,f1_macro_on_full,minimize
LOCAO FIRMADORA NIVEA Q10 PELE SECA 200M,creme corporal,0.31867378034501886,f1_macro_on_full,minimize
SAB PHEBO LIMA DA PERCIA 90G,sabonete,0.31867378034501886,f1_macro_on_full,minimize
PIRULITO ARCOR 7 BELO           PE 120GR,pirulito,0.31867378034501886,f1_macro_on_full,minimize
PAO SOVADO MESCLADO 380G,padaria e confeitaria industrializado,0.31867378034501886,f1_macro_on_full,minimize
BEBIDA TOPO CHICO LIMA LIMAO    LT 310ML,refrigerante,0.31867378034501886,f1_macro_on_full,minimize
ACHOC PO APTI INST POWER 700G SCH,achocolatado,0.31867378034501886,f1_macro_on_full,minimize
RODINHO PLASUTIL PIA DECORADO   AV   1UN,rodo,0.31867378034501886,f1_macro_on_full,minimize
PAD SEQUILHO L.COND SAVEG 150G,padaria e confeitaria industrializado,0.31867378034501886,f1_macro_on_full,minimize
QUICHE INT ESPINAFRE RICOT QUALYCON 100G,prato pronto,0.31867378034501886,f1_macro_on_full,minimize
QA OLEO MILHO QUALITA PET 900ML,oleo vegetal,0.31867378034501886,f1_macro_on_full,minimize
BISC RECH PLUGADOS QUADR CHOC ADRIA 130G,biscoito,0.31867378034501886,f1_macro_on_full,minimize
CERV HEINEKEN 0.0  LT 350ML,cerveja,0.31867378034501886,f1_macro_on_full,minimize
FEIJAO COZIDO,prato pronto,0.31867378034501886,f1_macro_on_full,minimize
FEIRINHA DE PANELAS CASA AMBIENTE,panela,0.31867378034501886,f1_macro_on_full,minimize
BISC BAUDUCCO PC 335G LEITE,biscoito,0.31867378034501886,f1_macro_on_full,minimize
SAB LIQ LUX ORQUI NEGRA RF 200ML,sabonete,0.31867378034501886,f1_macro_on_full,minimize
NECTAR DEL VALLE MAIS TRAD TP 1L UVA,suco pronto,0.31867378034501886,f1_macro_on_full,minimize
FEIJAO PRON CAMIL 490G P/TEMPERAR PRETO,feijao,0.31867378034501886,f1_macro_on_full,minimize
"LAMEN VILMA INST 85G, GALINHA",macarrao,0.31867378034501886,f1_macro_on_full,minimize
ADOCANTE PO LINEA C/50 C/2 OF 50  ITEM 2,adocante,0.31867378034501886,f1_macro_on_full,minimize
FNHA TR D MARIA CF BRANCA 1KG,farinha de trigo,0.31867378034501886,f1_macro_on_full,minimize
SAB LIQ LUX ORQUI NEGRA 250ML,sabonete liquido,0.31867378034501886,f1_macro_on_full,minimize
"DES ROLLON MONANGE 60, FRUTAS VERMELHAS",desodorante,0.31867378034501886,f1_macro_on_full,minimize
SACO P/LIXO BRILHUS ROLO 150L,saco de lixo,0.31867378034501886,f1_macro_on_full,minimize
MUCILON AVEIA E ARROZ SCH 230G,cereal infantil ou farinha lactea,0.31867378034501886,f1_macro_on_full,minimize
QUEIJO MUSS(FAT)PRESIDENT EMB FAM     KG,queijo,0.31867378034501886,f1_macro_on_full,minimize
SERUM FAC BEAUTY AGE FENZZA MAKE UP 20ML,creme corporal,0.31867378034501886,f1_macro_on_full,minimize
PALITO DENTE BILLA MENTOL MAD.  CX  50UN,palito de dentes,0.31867378034501886,f1_macro_on_full,minimize
"MIX LEGUMES GRANO 300G CONG, PREMIUM",vegetal congelado,0.31867378034501886,f1_macro_on_full,minimize
SABAO PO BRILHANTE LIMP TOTAL,lava roupas,0.31867378034501886,f1_macro_on_full,minimize
HORTELA SUGUIMOTO UN,hortela,0.31867378034501886,f1_macro_on_full,minimize
ALGODAO BELLACOTTON DISCO PCT C/50UN,algodao,0.31867378034501886,f1_macro_on_full,minimize
COALHADA POTIGUAR 240G DESN C/ADOC,iogurte,0.31867378034501886,f1_macro_on_full,minimize
GOMA MASCAR TRIDENT MELANCIA 30 6G,goma de mascar,0.31867378034501886,f1_macro_on_full,minimize
G CETOPROFENO 100MG C20 COMP MEDLEY,outro farma,0.31867378034501886,f1_macro_on_full,minimize
MOLHO TOM POMAROLA 320G-SACHE TRAD 55  MENOS SODIO,molho de tomate,0.31867378034501886,f1_macro_on_full,minimize
LEITE AURORA SEMIDESN ROSCA TP 1L,leite,0.31867378034501886,f1_macro_on_full,minimize
VELA PERFUMADA FLORAL CHAMA OURO 60G,vela,0.31867378034501886,f1_macro_on_full,minimize
SAL VITAO                       PE   1KG,sal,0.31867378034501886,f1_macro_on_full,minimize
KIT TRESEMME TRESPLEX SH400ml CD200ml,kit para cabelos,0.31867378034501886,f1_macro_on_full,minimize
MAC CUP NOODLES CREM LEGUMES 67G,macarrao,0.31867378034501886,f1_macro_on_full,minimize
"CERV BRAHMA LN 355ML, ZERP ALCOOL, .",cerveja,0.31867378034501886,f1_macro_on_full,minimize
LENCO HIG.UMED.NEVE T.SEDA      PE  48UN,lenco umedecido,0.31867378034501886,f1_macro_on_full,minimize
MAC CUP NOODLES CREM FGO TERIYAKI 72G,macarrao,0.31867378034501886,f1_macro_on_full,minimize
PAD BAGUETE KG C/GERGELIM,padaria e confeitaria fresca,0.31867378034501886,f1_macro_on_full,minimize
GELATINA FRAMBOESA OETKER 20G,gelatina,0.31867378034501886,f1_macro_on_full,minimize
BOMBOCADO KG,padaria e confeitaria fresca,0.31867378034501886,f1_macro_on_full,minimize
SOPA MAGGI 61G CREME ABOBORA C/GENGIBRE,preparo para sopa,0.31867378034501886,f1_macro_on_full,minimize
"BISC ZABET RECH MOUS 145G, LIMAO",biscoito,0.31867378034501886,f1_macro_on_full,minimize
PERA ROCHA SACOLA 500G,pera,0.31867378034501886,f1_macro_on_full,minimize
ACUCAR REFINADO GUARANI 1KG,acucar,0.31867378034501886,f1_macro_on_full,minimize
ACUCAR REFINADO GUARANI 5KG,acucar,0.31867378034501886,f1_macro_on_full,minimize
MAC INTEG KNORR 500G ESPAGUETE,macarrao,0.31867378034501886,f1_macro_on_full,minimize
GEL DENTAL COLGATE NATURALS ACAI 140G,creme dental,0.31867378034501886,f1_macro_on_full,minimize
ATEMOYA CRFO KG,outra fruta,0.31867378034501886,f1_macro_on_full,minimize
FRANGO INTEIRO TRAD CONG SEARA KG,carne de ave,0.31867378034501886,f1_macro_on_full,minimize
SUC INTEG LJA 900ML  900ML,suco pronto,0.31867378034501886,f1_macro_on_full,minimize
REQUEIJAO CREM P CALDAS 200G- LIGHT,requeijao,0.31867378034501886,f1_macro_on_full,minimize
"ALIM UMIDO SHEBA SCH 85G, FILHOTE CNE, .",alimento pet,0.31867378034501886,f1_macro_on_full,minimize
SUCO INT UVA AURORA 15L,suco pronto,0.31867378034501886,f1_macro_on_full,minimize
CALDO PO SAZON GALINHA 32.5G,caldo industrializado,0.31867378034501886,f1_macro_on_full,minimize
SORVETE HAAGEN DAZS MACADAMIA   PT 100ML,sorvete,0.31867378034501886,f1_macro_on_full,minimize
BEBIDA LACT BETANIA KIDS CHOC 200g,bebida lactea,0.31867378034501886,f1_macro_on_full,minimize
FEIJAO PRETO PRATO BOM 1kg PPP,vegetal em conserva,0.31867378034501886,f1_macro_on_full,minimize
BATATA LISA TRAD 400G MEMBERS,aperitivo,0.31867378034501886,f1_macro_on_full,minimize
LEAO ICE TEA PESSEGO,cha pronto,0.31867378034501886,f1_macro_on_full,minimize
CERV HEINEKEN GFA 600ML,cerveja,0.31867378034501886,f1_macro_on_full,minimize
PAD SALG FRITO CROQUETE CARNE UN,padaria e confeitaria fresca,0.31867378034501886,f1_macro_on_full,minimize
UVA THOMPSON S/SEMENTE 500G,uva,0.31867378034501886,f1_macro_on_full,minimize
BATATA OND.E.CHIPS STAX ORIG.   PT 163GR,aperitivo,0.31867378034501886,f1_macro_on_full,minimize
LING PERDIGAO MISTA DEF KG,linguica,0.31867378034501886,f1_macro_on_full,minimize
BEB ENERG BURN LT 260ML ORIGINAL,energetico,0.31867378034501886,f1_macro_on_full,minimize
KETCHUP CEPERA TRADICIONAL 400G,ketchup,0.31867378034501886,f1_macro_on_full,minimize
BEB LAC FERM  MOR PENSE 170G,bebida lactea,0.31867378034501886,f1_macro_on_full,minimize
"AMAC YPE L2L P1,6L INTENSO",amaciante,0.31867378034501886,f1_macro_on_full,minimize
SABT LUX LIRIO AZUL 125g,sabonete,0.31867378034501886,f1_macro_on_full,minimize
OVO VM GD SELEN OMEG C10 UN,ovo,0.31867378034501886,f1_macro_on_full,minimize
SB YPE COCO BRANCO 180G,detergente,0.31867378034501886,f1_macro_on_full,minimize
"AMAC ROUP CONC BABY SOFT 1,5L INSP FASC",amaciante,0.31867378034501886,f1_macro_on_full,minimize
MARSHMALLOWS 283GR MIAMI BITES,bala,0.31867378034501886,f1_macro_on_full,minimize
QJ MUSSARELA ITALAC EMB.ECONOMICA KG,queijo,0.31867378034501886,f1_macro_on_full,minimize
MANTEIGA CABECA TOURO C/SAL POTE 200G,manteiga,0.31867378034501886,f1_macro_on_full,minimize
CAMARAO FERRO IN NATURA KG,fruto do mar,0.31867378034501886,f1_macro_on_full,minimize
ALIM P/CAES PEDIGREE AD CAR/VG L10.1P9Kg,alimento pet,0.31867378034501886,f1_macro_on_full,minimize
VIN TTO CHILANO GF 750ML CAB SAUVIG,vinho importado,0.31867378034501886,f1_macro_on_full,minimize
SOBRECOXA S PELE KG,carne de ave,0.31867378034501886,f1_macro_on_full,minimize
AP BARBA DESC CARREFOUR MEN EMB 2LAM 2UN,aparelho de barbear e depilatorio,0.31867378034501886,f1_macro_on_full,minimize
SAB GARDENIA ARGAN 85G,sabonete,0.31867378034501886,f1_macro_on_full,minimize
MARGARINA CREM SADIA QUALY 250 S/SAL,margarina,0.31867378034501886,f1_macro_on_full,minimize
PURIF. GLADE GEL FLORES         PT  70GR,aromatizador,0.31867378034501886,f1_macro_on_full,minimize
BATATA DOCE ROXA CRFO KG,batata,0.31867378034501886,f1_macro_on_full,minimize
MANTEIGA AVIACAO C/S  200G LT,manteiga,0.31867378034501886,f1_macro_on_full,minimize
ACHOCOLATADO PO NESCAU 3.0 380G,achocolatado,0.31867378034501886,f1_macro_on_full,minimize
DESINF PERF URCA LAVANDA 2L,desinfetante,0.31867378034501886,f1_macro_on_full,minimize
PURIF AR BOM AR AER LAVANDA EMB.ECON 360,aromatizador,0.31867378034501886,f1_macro_on_full,minimize
"FRAL HUGGIES T PROT HP, C78 GD",fralda,0.31867378034501886,f1_macro_on_full,minimize
SALGAD MIKAO GALINHA 90g,aperitivo,0.31867378034501886,f1_macro_on_full,minimize
SALADA FRUTA SLC 200G,vegetal higienizado e processado,0.31867378034501886,f1_macro_on_full,minimize
PAO 15 GRAOS 100  VIDA 380G PANCO,padaria e confeitaria industrializado,0.31867378034501886,f1_macro_on_full,minimize
PAO AUSTRALIANO 100  VIDA 380G PANC,padaria e confeitaria industrializado,0.31867378034501886,f1_macro_on_full,minimize
CEREAL NESTLE SNOW FLAKES        CX 230G,cereal matinal,0.31867378034501886,f1_macro_on_full,minimize
VAGEM KG,vagem,0.31867378034501886,f1_macro_on_full,minimize
"MISTURA P/BOLO UNIAO 400G, COCO",preparo para bolo,0.31867378034501886,f1_macro_on_full,minimize
AMAC LIQ URCA BRISA 5L,amaciante,0.31867378034501886,f1_macro_on_full,minimize
"CAFE PILAO ESPRESSO 52g C/10 CAPS, 10",cafe,0.31867378034501886,f1_macro_on_full,minimize
CERV PATAGONIA BOH PILSEN NAC LT 473ML,cerveja,0.31867378034501886,f1_macro_on_full,minimize
ALFACE CRESPA IRMAOS VIERA UN,alface,0.31867378034501886,f1_macro_on_full,minimize
PAO FORMA CENTER MASSAS PC 400G,padaria e confeitaria industrializado,0.31867378034501886,f1_macro_on_full,minimize
DESOD AER REXONA V8 150ML,desodorante,0.31867378034501886,f1_macro_on_full,minimize
PICANHA PECA CRFO KG,carne bovina,0.31867378034501886,f1_macro_on_full,minimize
QUEIJO PARMESAO PRESIDENT CILINDRO  180G,queijo,0.31867378034501886,f1_macro_on_full,minimize
LING MIS REZEN KG REZEND KG,linguica,0.31867378034501886,f1_macro_on_full,minimize
BISC TUCS DIN CRACKERS 100G,biscoito,0.31867378034501886,f1_macro_on_full,minimize
MELAO CANTALOUPE KG,melao,0.31867378034501886,f1_macro_on_full,minimize
FLOR VIOLETA PT11,plantas e sementes,0.31867378034501886,f1_macro_on_full,minimize
CHOC TAB LACTA PC 80G LAKA OREO,chocolate,0.31867378034501886,f1_macro_on_full,minimize
GEL COLA FIXED PRETO 200G,modelador para cabelo,0.31867378034501886,f1_macro_on_full,minimize
DOCE POLY GOIABANA DANTAS PT 250G,goiabada,0.31867378034501886,f1_macro_on_full,minimize
BEB ENERG RED BULL LT 250 SUGAR FREE,energetico,0.31867378034501886,f1_macro_on_full,minimize
"SOBREMESA BATAVO CREAMY L P- 360g, CHOC",iogurte,0.31867378034501886,f1_macro_on_full,minimize
LINGUICA DE FRANGO NATTO KG,linguica,0.31867378034501886,f1_macro_on_full,minimize
QA LIMPA VIDROS REFIL 500ML,limpa vidros,0.31867378034501886,f1_macro_on_full,minimize
BISC WAFER VITARELLA D-TONE PC 63G,biscoito,0.31867378034501886,f1_macro_on_full,minimize
"AGUA MIN NATUREZA 1,5L-PET S/G",agua,0.31867378034501886,f1_macro_on_full,minimize
TEMP AJINOMOTO HONDASHI PEIXE 60G,tempero pronto,0.31867378034501886,f1_macro_on_full,minimize
SORVETE NOBRELLI NAPOLITANO 1.5L,sorvete,0.31867378034501886,f1_macro_on_full,minimize
ABS ALWAYS MAXI PROTEC SECA C ABA 8UN,absorvente,0.31867378034501886,f1_macro_on_full,minimize
COB SELECTA CHOC FR 300G,cobertura pronta,0.31867378034501886,f1_macro_on_full,minimize
DOCE FR CBS ABACAXI 400g,outro doce,0.31867378034501886,f1_macro_on_full,minimize
SALSA UND,salsa,0.31867378034501886,f1_macro_on_full,minimize
CERV IMPERIO LAGER 350ML,cerveja,0.31867378034501886,f1_macro_on_full,minimize
OVO BC JB KING EGGS C10 UNID,ovo,0.31867378034501886,f1_macro_on_full,minimize
PAD SALG FRITO BOLINHA CARNE UN,padaria e confeitaria fresca,0.31867378034501886,f1_macro_on_full,minimize
BISC NESTLE PASSAT RECH CHOCO MOR 130G,biscoito,0.31867378034501886,f1_macro_on_full,minimize
SUPERLED OURO 12W BIVOLT 6500K,lampada,0.31867378034501886,f1_macro_on_full,minimize
BISC.BOCCONE ROSC.CALDA        PE 300GR,biscoito,0.31867378034501886,f1_macro_on_full,minimize
CEBOLINHA PICADA VEGEPACK 70G,cebolinha,0.31867378034501886,f1_macro_on_full,minimize
PANO UMED COPERALCOOL BRISA EUC. C/35,lenco umedecido,0.31867378034501886,f1_macro_on_full,minimize
FRANGO INTEIRO LANGUIRU RESF KG,carne de ave,0.31867378034501886,f1_macro_on_full,minimize
TRICLORO BEL TABLETE ESTABILIZADO 200g,produtos de limpeza piscina,0.31867378034501886,f1_macro_on_full,minimize
LINGUICA SUINA FRICO RESF 500g,linguica,0.31867378034501886,f1_macro_on_full,minimize
COMP LACTEO NESTONUTRI 800G LT,formula lactea,0.31867378034501886,f1_macro_on_full,minimize
LUVA BOMPACK DESC C/100,luvas de borracha,0.31867378034501886,f1_macro_on_full,minimize
AMEND PETTIZ JAPONES 350G,amendoim,0.31867378034501886,f1_macro_on_full,minimize
PAO QUEIJO PREMIUM SN KG,massa de pao de queijo,0.31867378034501886,f1_macro_on_full,minimize
PALMITO ACAI INTEIRO HEMMER 300G,palmito,0.31867378034501886,f1_macro_on_full,minimize
"SALGADINHO MILHO SKINY CLASS 78g, QJO",aperitivo,0.31867378034501886,f1_macro_on_full,minimize
BISC LEITE MALTADO PASSATEMPO 150G,biscoito,0.31867378034501886,f1_macro_on_full,minimize
BEB LACT ISIS MOR VERME 900G,bebida lactea,0.31867378034501886,f1_macro_on_full,minimize
REFRIG TONICA SHWEPPES 350ML,refrigerante,0.31867378034501886,f1_macro_on_full,minimize
TOALHA UMED UPA BEBE C 100,lenco umedecido,0.31867378034501886,f1_macro_on_full,minimize
MOLHO PIRATA 900ML INGLES,molho ingles,0.31867378034501886,f1_macro_on_full,minimize
AGRIAO DEVILE HIDROP UN,agriao,0.31867378034501886,f1_macro_on_full,minimize
AGUA MIN NAT INDAIA 500ML,agua,0.31867378034501886,f1_macro_on_full,minimize
BISC AYMORE 375G  C CRACKER,biscoito,0.31867378034501886,f1_macro_on_full,minimize
CREME DEN. CLOSE UP TRIP. LMPM  CJ   6UN,creme dental,0.31867378034501886,f1_macro_on_full,minimize
BISC RECH NEGRESCO 100G SICILIANO,biscoito,0.31867378034501886,f1_macro_on_full,minimize
BISC ANGELONI DOIS AMORES       PCT 250G,biscoito,0.31867378034501886,f1_macro_on_full,minimize
DESOD AERO REXONA 250ML L P   ANTIBAC,desodorante,0.31867378034501886,f1_macro_on_full,minimize
CAPSULA DOLCE GUSTO C /10 CAPPUCCINO,cafe,0.31867378034501886,f1_macro_on_full,minimize
STEAK FGO RECH PERDIGAO 100G,empanado congelado,0.31867378034501886,f1_macro_on_full,minimize
LANCH AGUA MIN CRYSTAL 500ML,agua,0.31867378034501886,f1_macro_on_full,minimize
MUCILON 400G MILHO,cereal infantil ou farinha lactea,0.31867378034501886,f1_macro_on_full,minimize
G. M. TRIDENT UN.FRESH INTENSE  AV   8GR,goma de mascar,0.31867378034501886,f1_macro_on_full,minimize
PH NEVE TOQUE DA SEDA  L16 P15 30M,papel higienico,0.31867378034501886,f1_macro_on_full,minimize
LEITE UHT LEITISSIMO INT S/LAC 1L,leite,0.31867378034501886,f1_macro_on_full,minimize
QA PAO DE MEL GOTAS CHOCOLATE 200G,padaria e confeitaria industrializado,0.31867378034501886,f1_macro_on_full,minimize
M T PRAMESA 2KG  REFOGADO,molho de tomate,0.31867378034501886,f1_macro_on_full,minimize
RICOTA FRESCA VENEZA C/SAL      AV    KG,queijo,0.31867378034501886,f1_macro_on_full,minimize
CAFE A VACUO 3CORACOES PREMIUM 500G,cafe,0.31867378034501886,f1_macro_on_full,minimize
PR RAID PAST RF . 12UN,repelente,0.31867378034501886,f1_macro_on_full,minimize
CERV AMERICAN 275ML AMBAR 275ML,cerveja,0.31867378034501886,f1_macro_on_full,minimize
IOG LIQ VIGOR 1260G  MORANGO,iogurte,0.31867378034501886,f1_macro_on_full,minimize
GELATINA BRETZKE FRAMBOESA      CX  30GR,gelatina,0.31867378034501886,f1_macro_on_full,minimize
REFRIG. SUKITA         LT 350ML,refrigerante,0.31867378034501886,f1_macro_on_full,minimize
CR LTE GLORIA TP 200G,creme de leite,0.31867378034501886,f1_macro_on_full,minimize
SAND BAGUETE FRANGO 315g,prato pronto,0.31867378034501886,f1_macro_on_full,minimize
FIXADOR CHARMING HAIR SPRAY EX FORTE 150,modelador para cabelo,0.31867378034501886,f1_macro_on_full,minimize
CHOC TWIX ORIGINAL 80g,chocolate,0.31867378034501886,f1_macro_on_full,minimize
SALAME SADIA ITALIANO SSM CACULA      KG,salame,0.31867378034501886,f1_macro_on_full,minimize
CERVEJA PETRA 350ML PURO MALTE LT SLEEK,cerveja,0.31867378034501886,f1_macro_on_full,minimize
PIZZA CONG CALABRESA SAD 460G PICLS,pizza congelada,0.31867378034501886,f1_macro_on_full,minimize
CERV EISENBAHN PILSEN LT 350ML,cerveja,0.31867378034501886,f1_macro_on_full,minimize
SAB LUX 85G  FLOR LOTUS,sabonete,0.31867378034501886,f1_macro_on_full,minimize
PAO FORMA WICKBOLD INTEGRAL 450/500G,padaria e confeitaria industrializado,0.31867378034501886,f1_macro_on_full,minimize
BISC COOK CACAU MARI 80G,biscoito,0.31867378034501886,f1_macro_on_full,minimize
REFRIG COCA COLA ORIGINAL 500ML,refrigerante,0.31867378034501886,f1_macro_on_full,minimize
TURRON Y MANI . 25G,outro doce,0.31867378034501886,f1_macro_on_full,minimize
QA TOMATE CARM 600G,tomate,0.31867378034501886,f1_macro_on_full,minimize
DETERG LIQ AQUAFAST NEUTRO 1L,detergente,0.31867378034501886,f1_macro_on_full,minimize
CAFE CAP STARBUCKS NDG CARAMEL 127G 12UN,cafe,0.31867378034501886,f1_macro_on_full,minimize
SEMENTE GIRASSOL C/CASCA KANTY  PE 250GR,sementes,0.31867378034501886,f1_macro_on_full,minimize
PACOCA ROLHA DACOLONIA 210GR,pacoca,0.31867378034501886,f1_macro_on_full,minimize
MOLHO KENKO FR 150ML ALHO,outro molho,0.31867378034501886,f1_macro_on_full,minimize
QUEIJO PRATO FATIADO CARREFOUR KG,queijo,0.31867378034501886,f1_macro_on_full,minimize
BISC RECH PASSATEMPO COBERT CHOC 120G,biscoito,0.31867378034501886,f1_macro_on_full,minimize
BOLO CONF PRESTIGIO  1KG,padaria e confeitaria industrializado,0.31867378034501886,f1_macro_on_full,minimize
SUCO REF PROMIX MORANGO 250G,preparo para suco,0.31867378034501886,f1_macro_on_full,minimize
REFRIGERANTE SCHIN VIVA GUARANA PET 2L,refrigerante,0.31867378034501886,f1_macro_on_full,minimize
REFRI MAX WHILHELM PET 2L UVA,refrigerante,0.31867378034501886,f1_macro_on_full,minimize
ACUCAR CRISTAL EUROCUCAR 2KGPC,acucar,0.31867378034501886,f1_macro_on_full,minimize
RACAO WHISKAS LT ATUM MOLHO     LT 290GR,alimento pet,0.31867378034501886,f1_macro_on_full,minimize
CERV BRAHMA L/N 355ML,cerveja,0.31867378034501886,f1_macro_on_full,minimize
SAB LIQ LIQ DERM ATIVE MICELAR 150ml,sabonete liquido,0.31867378034501886,f1_macro_on_full,minimize
"PINHO SOL ORIGINAL PINHO 1,75L",desinfetante,0.31867378034501886,f1_macro_on_full,minimize
"SABONETE NIVEA MEN 3X1 90g, ORIG",sabonete,0.31867378034501886,f1_macro_on_full,minimize
LIMAO TA KG,limao,0.31867378034501886,f1_macro_on_full,minimize
ADUBO FERTIGARDEN ORQUIDEAS 5ML,humus ou terra para jardinagem,0.31867378034501886,f1_macro_on_full,minimize
NECTAR MARATA CAJA 1L,suco pronto,0.31867378034501886,f1_macro_on_full,minimize
HIDRAT MONANGE FRUTAS VERMELH 400ML,creme corporal,0.31867378034501886,f1_macro_on_full,minimize
LEITE COND SEMI DESNATADO ORIGINAL BENDITO CX 395G,leite condensado,0.31867378034501886,f1_macro_on_full,minimize
PATINHO BOV RESF BIFE            KG,carne bovina,0.31867378034501886,f1_macro_on_full,minimize
GRANULADO DORI CONFEITO CHOC 120G,cobertura pronta,0.31867378034501886,f1_macro_on_full,minimize
ESPONJA SAO GABRIEL LIMPA CARRO 375,esponja,0.31867378034501886,f1_macro_on_full,minimize
FIO DENTAL REACH E.FINO 50M,fio dental,0.31867378034501886,f1_macro_on_full,minimize
CHA DETOX NAT AMORA HIBISCO REAL 15G,cha por infusao,0.31867378034501886,f1_macro_on_full,minimize
LIMPA VIDRO VITREO CRISTAL APAR.FC 500ML,limpa vidros,0.31867378034501886,f1_macro_on_full,minimize
AGUA COCO MAIS COCO TP 1L,agua de coco,0.31867378034501886,f1_macro_on_full,minimize
MAC INST LAMEN NISSIN CREMOSO FRAN 88g,macarrao,0.31867378034501886,f1_macro_on_full,minimize
CB FIGADO BOVINO RESERVA KG,carne bovina,0.31867378034501886,f1_macro_on_full,minimize
FARINHA MAND DELICIA DA COPA 1 Kg T1,farinha de mandioca,0.31867378034501886,f1_macro_on_full,minimize
BISC MABEL COCO 400G,biscoito,0.31867378034501886,f1_macro_on_full,minimize
GOIABADA PREDILECTA FLOW PACK 300G,goiabada,0.31867378034501886,f1_macro_on_full,minimize
FLR BENA OQ DENDR P13,plantas e sementes,0.31867378034501886,f1_macro_on_full,minimize
ESC DENT SORRISO MACIA INF CARV C/3 1UN,escova de dentes,0.31867378034501886,f1_macro_on_full,minimize
MIST BOLO ITALAC AIPIM 400G,preparo para bolo,0.31867378034501886,f1_macro_on_full,minimize
BOLO  FLORESTA BRANCA KG,padaria e confeitaria industrializado,0.31867378034501886,f1_macro_on_full,minimize
HAMB MISTO TEXAS BURGER  56G,hamburguer congelado,0.31867378034501886,f1_macro_on_full,minimize
CHOC KIT KAT LEITE  PAPAI NOEL  29G,chocolate,0.31867378034501886,f1_macro_on_full,minimize
BALA GELAT FINI 80G  BANANAS,bala,0.31867378034501886,f1_macro_on_full,minimize
BEBIDA LAC.BATAVO POLPA MOR/PES.BD 540GR,iogurte,0.31867378034501886,f1_macro_on_full,minimize
SAB PROTEX VITAMINA E 85G,sabonete,0.31867378034501886,f1_macro_on_full,minimize
MACA IMPORTADA KG,maca,0.31867378034501886,f1_macro_on_full,minimize
CHOC LACTA 5STAR 40G,chocolate,0.31867378034501886,f1_macro_on_full,minimize
"COALHADA LETTI 130G, GOIAB",iogurte,0.31867378034501886,f1_macro_on_full,minimize
BACON                      PERDIGAO   KG,carne suina,0.31867378034501886,f1_macro_on_full,minimize
MACARRAO LAMEN NISSIN MI GAL CAIPIRA,macarrao,0.31867378034501886,f1_macro_on_full,minimize
CHOCOLATE GAROTO 80G BATOM CROCANTE,chocolate,0.31867378034501886,f1_macro_on_full,minimize
CRM DENT SENSODYNE RAPIDO ALIV 90G L3P2,outro congelado,0.31867378034501886,f1_macro_on_full,minimize
LINGUICA SADIA PORTUGUESA 400g,linguica,0.31867378034501886,f1_macro_on_full,minimize
"DETERGENTE ATOL 500ML, LIMAO",detergente,0.31867378034501886,f1_macro_on_full,minimize
"CR ACAI SPLIT 1,02KG-PT C/GUARANA",acai,0.31867378034501886,f1_macro_on_full,minimize
CR ACAI FROOTY 700ML-PT ORIG,acai,0.31867378034501886,f1_macro_on_full,minimize
NECTAR MARATA CAJU 1L,suco pronto,0.31867378034501886,f1_macro_on_full,minimize
FILE SIMPLES BOV KG,carne bovina,0.31867378034501886,f1_macro_on_full,minimize
PASTILHA TIC TAC 16G MELANCIA,pastilha para piso,0.31867378034501886,f1_macro_on_full,minimize
ABS. INTIMUS GEL ANTIBAC LMPM    PE 28UN,absorvente,0.31867378034501886,f1_macro_on_full,minimize
CORACAO DA ALCATRA MATURATTA KG,carne bovina,0.31867378034501886,f1_macro_on_full,minimize
OLEO FLOR ALGODAO PET 900ML,oleo vegetal,0.31867378034501886,f1_macro_on_full,minimize
MASSA ITAL SFREDIANO 500GPC LONGA SPAGHETTI,macarrao,0.31867378034501886,f1_macro_on_full,minimize
ESCONDIDINHO SADIA CARNE C/PURE     600G,outro congelado,0.31867378034501886,f1_macro_on_full,minimize
IOG NESTLE NINHO FRUTI GF 250G MORANGO,iogurte,0.31867378034501886,f1_macro_on_full,minimize
CHOC BR NESTLE ALPINO EX CREM,chocolate,0.31867378034501886,f1_macro_on_full,minimize
"SABON DOVE 90GR, FLOR PEONIA",sabonete,0.31867378034501886,f1_macro_on_full,minimize
REFRESCO FIT LIGHT 8G ABACAXI,preparo para suco,0.31867378034501886,f1_macro_on_full,minimize
LTE FERM DANONINHO C/6 450G,iogurte,0.31867378034501886,f1_macro_on_full,minimize
LEITE PO DESN MOLICO FIBRAS LT 260G,leite em po,0.31867378034501886,f1_macro_on_full,minimize
KITEKAT SACHE ADULTO CARNE 70G,chocolate,0.31867378034501886,f1_macro_on_full,minimize
APRESOLINA 25MG C/20 DRAGEAS SANDOZ,outro farma,0.31867378034501886,f1_macro_on_full,minimize
DESOD REXONA MASC XTRACOOL AE        89G,desodorante,0.31867378034501886,f1_macro_on_full,minimize
GELE CEREJ TOPCHEF 350G,geleia,0.31867378034501886,f1_macro_on_full,minimize
PAO ALHO BOLINHA GBARBOSA LING/QJO 300g,padaria e confeitaria industrializado,0.31867378034501886,f1_macro_on_full,minimize
ALECRIM UN,alecrim,0.31867378034501886,f1_macro_on_full,minimize
CIGARRO ROTHMANS RED BOX HW2018,cigarro,0.31867378034501886,f1_macro_on_full,minimize
BISC WAFER NESTLE BONO 110G-PC LIMAO,biscoito,0.31867378034501886,f1_macro_on_full,minimize
ACUCAR UNIAO MASCAVO 1KG,acucar,0.31867378034501886,f1_macro_on_full,minimize
CHANTILLY CR GRAN FINALE 200G-CX,outro laticinio refrigeirado,0.31867378034501886,f1_macro_on_full,minimize
AGUA TONICA SCHWEPPES 220ML-LT LIMAO/TOQUE SAL,agua tonica,0.31867378034501886,f1_macro_on_full,minimize
"MOLHO TOMATE BONARE 340g, MANJ",molho de tomate,0.31867378034501886,f1_macro_on_full,minimize
CHOC NEUGEBAUER 1891 BR 90G 55  AVELA,chocolate,0.31867378034501886,f1_macro_on_full,minimize
TUBO RECH DORI ACID MOR 70G,bala,0.31867378034501886,f1_macro_on_full,minimize
AGUA MIN CAXAMBU 1255ML CG,agua,0.31867378034501886,f1_macro_on_full,minimize
CASTANHA CAJU TAILANDIA PCTE 100G,"nozes, castanhas e outras oleaginosas",0.31867378034501886,f1_macro_on_full,minimize
"TIRA MANCH VANISH GEL SCH 1,2L, PINK, .",alvejante,0.31867378034501886,f1_macro_on_full,minimize
CALDO KNORR PICANHA               CX 57G,caldo industrializado,0.31867378034501886,f1_macro_on_full,minimize
MAGGI DA HORTA ERVAS ESP PEIXES 27G,tempero pronto,0.31867378034501886,f1_macro_on_full,minimize
SORV TRAD CREME NESTLE 1.5L,sorvete,0.31867378034501886,f1_macro_on_full,minimize
TRUFAS SORTIDAS LACTA 138G,bombom,0.31867378034501886,f1_macro_on_full,minimize
CHA VERDE VIVER UVA E HORTELA VD 750ML,cha pronto,0.31867378034501886,f1_macro_on_full,minimize
MELAO ORANGE CRFO KG,melao,0.31867378034501886,f1_macro_on_full,minimize
LAVA LOUCAS LUSHER 500ML MACA,detergente,0.31867378034501886,f1_macro_on_full,minimize
QA SACO P/LIXO QUALITA C/ALCA 50LT,saco de lixo,0.31867378034501886,f1_macro_on_full,minimize
CURRY NILMAR 20G,curry,0.31867378034501886,f1_macro_on_full,minimize
MASSA OVOS VILMA ESPAG N9 500G,macarrao,0.31867378034501886,f1_macro_on_full,minimize
LTE FERM ACTIVIA NAT INTEGRAL 140G,iogurte,0.31867378034501886,f1_macro_on_full,minimize
FIO DENTAL COLGATE 50M UN MENTA,fio dental,0.31867378034501886,f1_macro_on_full,minimize
BEB CAST ORG TAL DA CASTANHA CHOCONUT 1L,outra bebida,0.31867378034501886,f1_macro_on_full,minimize
BISC WAFER NUTELLA 22G AVELA B-READY,biscoito,0.31867378034501886,f1_macro_on_full,minimize
RACAO P/GATO AD FELIX SH SALM E CARN 85G,alimento pet,0.31867378034501886,f1_macro_on_full,minimize
DONUTS SN 70G DOCE LTE,padaria e confeitaria industrializado,0.31867378034501886,f1_macro_on_full,minimize
MANDIOCA PRECIOSA PCT 1.0KG,mandioca,0.31867378034501886,f1_macro_on_full,minimize
BATATA MCCAIN FORNO TRAD CONG 600G,batata congelada,0.31867378034501886,f1_macro_on_full,minimize
ROUPAO MF LISO TEX RSA B50AW022 INV22,roupao de banho,0.31867378034501886,f1_macro_on_full,minimize
CHOC DORI GRANULADO 70G,cobertura pronta,0.31867378034501886,f1_macro_on_full,minimize
COUVE-FLOR SUGUIMOTO 200G,couve flor,0.31867378034501886,f1_macro_on_full,minimize
"BEB ICE SKOL BEATS 269ML ZODIAC, AR",bebida mista,0.31867378034501886,f1_macro_on_full,minimize
CANJINHA ASA BRANCA CONG,canjica,0.31867378034501886,f1_macro_on_full,minimize
CHIKEN POP CORN CHIM 300G,empanado congelado,0.31867378034501886,f1_macro_on_full,minimize
TEMP SAZON NORDESTE 40G,tempero pronto,0.31867378034501886,f1_macro_on_full,minimize
PRESTIGIO PANETTONE 400G,panificacao natal,0.31867378034501886,f1_macro_on_full,minimize
GOMA TAPIOCA DA TERRINHA 500G,tapioca,0.31867378034501886,f1_macro_on_full,minimize
MELAO PELE DE SAPO KG,melao,0.31867378034501886,f1_macro_on_full,minimize
PAO BRIOCHE 210G CHOCOLATE,padaria e confeitaria industrializado,0.31867378034501886,f1_macro_on_full,minimize
CONFEI BIBS BCO 40g,chocolate,0.31867378034501886,f1_macro_on_full,minimize
COLORIFICO COR SABOR 100g,colorifico,0.31867378034501886,f1_macro_on_full,minimize
AP BARBEAR GILLETTE MACH3 SENSIT C1,aparelho de barbear e depilatorio,0.31867378034501886,f1_macro_on_full,minimize
PAO BAUDUCCO 390G GRAOS CLASSICOS GRAOS CLASSICOS,padaria e confeitaria industrializado,0.31867378034501886,f1_macro_on_full,minimize
MASSA RENATA C/OVOS PENA PC 500G,outro papelaria,0.31867378034501886,f1_macro_on_full,minimize
SUCO SUFRESH NECTAR MARAC200ML,suco pronto,0.31867378034501886,f1_macro_on_full,minimize
FEIJAO PRETO RICO CALDO 1KG,feijao,0.31867378034501886,f1_macro_on_full,minimize
BROCOLIS PRATIGEL CONG 300G,brocolis,0.31867378034501886,f1_macro_on_full,minimize
CHOC LACTA AO LEITE 34G LAKA,chocolate,0.31867378034501886,f1_macro_on_full,minimize
MIST BOLO DR.OETKER CREM COCO 400G,preparo para bolo,0.31867378034501886,f1_macro_on_full,minimize
"REQ PRESIDENT 220G, TRAD, .",requeijao,0.31867378034501886,f1_macro_on_full,minimize
SALGADINHO TORCIDA PC 70G CEBOLA,aperitivo,0.31867378034501886,f1_macro_on_full,minimize
G MES DOXAZOSINA 4MG C  30 CPR EUROFARMA,outro farma,0.31867378034501886,f1_macro_on_full,minimize
DESOD AERO REXONA COTTON 150ML,desodorante,0.31867378034501886,f1_macro_on_full,minimize
COXAO DURO BIFE KG,carne bovina,0.31867378034501886,f1_macro_on_full,minimize
MAC INST NISSIN YAKISSOBA 500G,macarrao,0.31867378034501886,f1_macro_on_full,minimize
ENTEROFIGON PESSEGO FL 10ML HERTZ,outro farma,0.31867378034501886,f1_macro_on_full,minimize
BOLO CONF NINHO BRANCO  1KG,padaria e confeitaria industrializado,0.31867378034501886,f1_macro_on_full,minimize
OVO BRANCO HAPPY EGGS PVC C/20,ovo,0.31867378034501886,f1_macro_on_full,minimize
CIG KENT ACCESS MC PRATA,cigarro,0.31867378034501886,f1_macro_on_full,minimize
VHO MARICHAL TANNAT 750ML,vinho importado,0.31867378034501886,f1_macro_on_full,minimize
DET EM PO ROSA FLORAL GSOL 4KG,detergente,0.31867378034501886,f1_macro_on_full,minimize
ESPAGUETE BRANDINI COMUM 500G,macarrao,0.31867378034501886,f1_macro_on_full,minimize
SABONETE BAR EVEN SUAVE MOReCHANTIL,sabonete,0.31867378034501886,f1_macro_on_full,minimize
LIMP YPE M USO PROMO L500P450ML,multiuso,0.31867378034501886,f1_macro_on_full,minimize
DET PO FLORAL PARIS AZUL GSOL 800GR,lava roupas,0.31867378034501886,f1_macro_on_full,minimize
SHAMPOO TRESEMME FR 670ML GTS 170ML RECONST/FORCA,shampoo,0.31867378034501886,f1_macro_on_full,minimize
DAMASCO TURCO PT 130G,outra fruta,0.31867378034501886,f1_macro_on_full,minimize
NECTAR TANGERINA MARATA TP 1L,suco pronto,0.31867378034501886,f1_macro_on_full,minimize
SAB PROTEX A-BACT 200G LIMPZ PROFUNDA,sabonete,0.31867378034501886,f1_macro_on_full,minimize
"SABAO PO TIXAN SCH 1KG, PRIMAV, .",lava roupas,0.31867378034501886,f1_macro_on_full,minimize
ARR RISOT LA PASTINA  1KG,arroz,0.31867378034501886,f1_macro_on_full,minimize
BISC PRES CLUB SOCIAL 141G,biscoito,0.31867378034501886,f1_macro_on_full,minimize
VIN CHI STA CAROL 750ML RESERV MERLOT,vinho importado,0.31867378034501886,f1_macro_on_full,minimize
CHOC LACTA 90GR TAB LAKA,chocolate,0.31867378034501886,f1_macro_on_full,minimize
CR DENTAL COLGATE MPA 220G PRE ESP,creme dental,0.31867378034501886,f1_macro_on_full,minimize
ACHOC PO NESCAU 3.0 380G,achocolatado,0.31867378034501886,f1_macro_on_full,minimize
LIMPADOR AJAX F.FL.LAVANDA      FC 500ML,multiuso,0.31867378034501886,f1_macro_on_full,minimize
"ABS INTIMUS GEL NOT C/ABAS 30UN, SUAV, .",absorvente,0.31867378034501886,f1_macro_on_full,minimize
QA POLPA ABACAXI QUALITA 100G,outro congelado,0.31867378034501886,f1_macro_on_full,minimize
PEIXE EVISCER SARDINHA CRUZ 1KG,peixe,0.31867378034501886,f1_macro_on_full,minimize
BOWL MELAMINA GM221 CRFH 15CM HO143159,recipientes,0.31867378034501886,f1_macro_on_full,minimize
CREME SEDA BOOM VOL MAX P/PENT 350ml,creme para pentear,0.31867378034501886,f1_macro_on_full,minimize
CERV ALEMA ERDINGER DUNKEL 500ML,cerveja,0.31867378034501886,f1_macro_on_full,minimize
CREME DEN. SENSODYNE 50 DES.C/2 TB  90GR,creme dental,0.31867378034501886,f1_macro_on_full,minimize
REMOVEDOR ESMALTE DAUVAN S/ACET.FC 100ML,removedor de esmalte,0.31867378034501886,f1_macro_on_full,minimize
REFRESCO TANG 18G ABACAXI,preparo para suco,0.31867378034501886,f1_macro_on_full,minimize
KIT FEIJOADA CALEMBA DEF 500G,preparo de alimento,0.31867378034501886,f1_macro_on_full,minimize
SABAO BARR YPE 200G,sabao em pedra,0.31867378034501886,f1_macro_on_full,minimize
CERV LAGERBIER HELLES ERDINGER GRF 500ML,cerveja,0.31867378034501886,f1_macro_on_full,minimize
CERVEJA LAGER BECKS GRF 600ML,cerveja,0.31867378034501886,f1_macro_on_full,minimize
GRISSINI DE CEBOLA FLORIO 120G,aperitivo,0.31867378034501886,f1_macro_on_full,minimize
NECTAR MARATA ABACAXI 1L,suco pronto,0.31867378034501886,f1_macro_on_full,minimize
FILE PEITO FGO SEARA BDJ 1KG,carne de ave,0.31867378034501886,f1_macro_on_full,minimize
QA LIMP PERF QUALITA FLORAL 500ML,multiuso,0.31867378034501886,f1_macro_on_full,minimize
PETIT SUISSE MORG MAM BAN DANONINHO 320G,iogurte,0.31867378034501886,f1_macro_on_full,minimize
CHOC NEUGEBAUER 90G CARAMELO,chocolate,0.31867378034501886,f1_macro_on_full,minimize
MAC CAS TALHARIM 3 COOP 500G,macarrao,0.31867378034501886,f1_macro_on_full,minimize
AIPIM NEGRA CHICA AMARELO 1KG CONG PCT,vegetal congelado,0.31867378034501886,f1_macro_on_full,minimize
PERNIL PURURUCA ATEND KG,carne suina,0.31867378034501886,f1_macro_on_full,minimize
MACARRAO INST NISSIN 98G YAK UFO CURRY,macarrao,0.31867378034501886,f1_macro_on_full,minimize
VEG ERVILHA SEARA 300G,vegetal congelado,0.31867378034501886,f1_macro_on_full,minimize
CHOC PO CBS 200g,chocolate em po,0.31867378034501886,f1_macro_on_full,minimize
CHOC NESTLE SUFLAIR 80G  DUO,chocolate,0.31867378034501886,f1_macro_on_full,minimize
ACENDEDOR DA ILHA ALCOOL GEL 480G,acendedor,0.31867378034501886,f1_macro_on_full,minimize
BARRIGA COM CARNE ATEND KG,carne suina,0.31867378034501886,f1_macro_on_full,minimize
SH ELSEVE LONGO DOS SONHOS 400ML,shampoo,0.31867378034501886,f1_macro_on_full,minimize
DIOVAN 160 MG C/28 CAPSULAS SANDOZ,outro farma,0.31867378034501886,f1_macro_on_full,minimize
MIST BOLO FLEISCHMANN COCO 450g,preparo para bolo,0.31867378034501886,f1_macro_on_full,minimize
MOLHO TOM ALMOND 390G,molho de tomate,0.31867378034501886,f1_macro_on_full,minimize
PATE SEARA PRESUNTO 100G,pate,0.31867378034501886,f1_macro_on_full,minimize
CEREAL INF MUCILON 180G SC MILHO,cereal infantil ou farinha lactea,0.31867378034501886,f1_macro_on_full,minimize
CHOC BIBS STICKS 32GR AMOR CARIOCA,chocolate,0.31867378034501886,f1_macro_on_full,minimize
LEITE COCO SOCOCO               TP 200ML,leite de coco,0.31867378034501886,f1_macro_on_full,minimize
CERV BUDWEISER LT 473ML,cerveja,0.31867378034501886,f1_macro_on_full,minimize
TOMATE RAMA LV DE AGROT 350G,tomate,0.31867378034501886,f1_macro_on_full,minimize
REQ CREM S LACT POLENGHI 200G,requeijao,0.31867378034501886,f1_macro_on_full,minimize
ALVEJANTE CARREFOUR OXI ATIVO 1L,alvejante,0.31867378034501886,f1_macro_on_full,minimize
LAVA ROUPAS LIQ LAV 3L,lava roupas,0.31867378034501886,f1_macro_on_full,minimize
BALAO S.ROQUE SORTIDO           PE  50UN,balao de festa,0.31867378034501886,f1_macro_on_full,minimize
CREME MAGGI CEBOLA MENOS SODIO 61G,preparo para sopa,0.31867378034501886,f1_macro_on_full,minimize
BEBIDA LAC MORAN PESSEG BATAVO BAN 540G,iogurte,0.31867378034501886,f1_macro_on_full,minimize
"HIDRAT LABIAL NIVEA 4,8G MORANGO SHINE",produto labial,0.31867378034501886,f1_macro_on_full,minimize
REFRES PO FRISCO LARANJA SC 25G,preparo para suco,0.31867378034501886,f1_macro_on_full,minimize
ABOBRINHA MMM 800G,abobrinha,0.31867378034501886,f1_macro_on_full,minimize
LTE FER ACTIVIA CAF M QUIN AMA MANG 170G,iogurte,0.31867378034501886,f1_macro_on_full,minimize
PEIXE TILAPIA IQF COPACOL 1KG POSTA,peixe,0.31867378034501886,f1_macro_on_full,minimize
PELUCIA COELHO CRF TY123821 13CM,pelucia,0.31867378034501886,f1_macro_on_full,minimize
BISC COOKIES BAUDUCCO MAXI 96G,biscoito,0.31867378034501886,f1_macro_on_full,minimize
BISC ISABELA 140GR TORTINHAS RECH CHOC BRANCO,biscoito,0.31867378034501886,f1_macro_on_full,minimize
BISC RICHESTER AMORI RECH MORANGO 40g,biscoito,0.31867378034501886,f1_macro_on_full,minimize
CHOC ARCOR TORTUGUITA 15  LEITE/BAUN,chocolate,0.31867378034501886,f1_macro_on_full,minimize
BISC MAMMAMIA CREAM CRACKER ORIG 350G,biscoito,0.31867378034501886,f1_macro_on_full,minimize
SHAMPOO CLEAR F.A.CASPA HID.INT.FC 400ML,shampoo,0.31867378034501886,f1_macro_on_full,minimize
GRAO BICO GRANO CONG 300G,grao de bico,0.31867378034501886,f1_macro_on_full,minimize
DESOD AER REXONA MEN 89G INVISIBLE,desodorante,0.31867378034501886,f1_macro_on_full,minimize
PRESUNTOPERDIGAO FAT 200G,presunto,0.31867378034501886,f1_macro_on_full,minimize
P HIG MIMMO F/T 20MT C/12,papel higienico,0.31867378034501886,f1_macro_on_full,minimize
BEB BASE SOJA LARAN YAKULT  TONYU 200ML,bebida de soja,0.31867378034501886,f1_macro_on_full,minimize
AMEND JAPON AGT  100G,amendoim,0.31867378034501886,f1_macro_on_full,minimize
FRIGID WOK TRAMONTINA 28CM LORETO VERMELHO,outro utensilio de cozinha,0.31867378034501886,f1_macro_on_full,minimize
CERV TRIGO FRANZISKANER HW HELL LN 500ML,cerveja,0.31867378034501886,f1_macro_on_full,minimize
PIPOCA MICRO YOKI CINEMA MANT 100g,pipoca para microondas,0.31867378034501886,f1_macro_on_full,minimize
BEB LACTEA PIA MORANGO BJ 540G,iogurte,0.31867378034501886,f1_macro_on_full,minimize
SAPONACEO RADIUM PO CLASSICO 300g,saponaceo,0.31867378034501886,f1_macro_on_full,minimize
"BISC RICHESTER AMORI WAF 100g, CHOC",biscoito,0.31867378034501886,f1_macro_on_full,minimize
OVOS LINDSAY VERM CAIP BJ C/12,ovo,0.31867378034501886,f1_macro_on_full,minimize
MASSA ITAL ANTICO MOLINO 500G PENNE RIG 20,macarrao,0.31867378034501886,f1_macro_on_full,minimize
PURE FRUTAS PIC ME PER/UV/MA SACHET 100G,alimento pronto de bebe,0.31867378034501886,f1_macro_on_full,minimize
CHOC.BARRA GAROTO 80G MEIO AMARGO,chocolate,0.31867378034501886,f1_macro_on_full,minimize
QUEIJO RALADO VIGOR 3 QUEIJOS 100G,queijo,0.31867378034501886,f1_macro_on_full,minimize
LTE PO DESN ITAMBE LTA 300G,leite em po,0.31867378034501886,f1_macro_on_full,minimize
IOG GREGO DANONE BLUEBERRY 90G,iogurte,0.31867378034501886,f1_macro_on_full,minimize
CS MOIDA PAMPLONA 500G CONG,carne suina,0.31867378034501886,f1_macro_on_full,minimize
ESMALTE RISQUE CREM PO ARROZ,esmalte,0.31867378034501886,f1_macro_on_full,minimize
LAMPADA LED ASUS 6500K BW15W BIVOL,lampada,0.31867378034501886,f1_macro_on_full,minimize
ABS INT MEDIO PROCOMFORT OB C16,absorvente,0.31867378034501886,f1_macro_on_full,minimize
SABONETE BAR NIVEA CX 90G CREME CARE,sabonete,0.31867378034501886,f1_macro_on_full,minimize
REFRIG COCA COLA S/ACUCAR OW 250ML,refrigerante,0.31867378034501886,f1_macro_on_full,minimize
CRAVO DA INDIA DA COZINHA 15 GR TUBO,cravo da india,0.31867378034501886,f1_macro_on_full,minimize
GELATINES BANANAS DOCILE 80G,bala,0.31867378034501886,f1_macro_on_full,minimize
LAVA ROUPAS LIQ.BRILHANTE REF.  FC 500ML,lava roupas,0.31867378034501886,f1_macro_on_full,minimize
BOLO SEVEN BOYS LARANJA 250g,padaria e confeitaria industrializado,0.31867378034501886,f1_macro_on_full,minimize
AGUA SANITARIA OLIMPO 1L,agua sanitaria,0.31867378034501886,f1_macro_on_full,minimize
BISC ISABELA LEITE/CHOC 350g,biscoito,0.31867378034501886,f1_macro_on_full,minimize
PAO ALHO ZE DO ESPETO 480G-PC ALHO PORO,padaria e confeitaria industrializado,0.31867378034501886,f1_macro_on_full,minimize
CAFE IGUACU SOLUVEL PO EX.FORTE LT 200GR,cafe,0.31867378034501886,f1_macro_on_full,minimize
VINAGRE BALSAMICO DE NIGRIS 500ML WHITE EAGLE,vinagre,0.31867378034501886,f1_macro_on_full,minimize
SAB LIQ NIVEA CREME SOFT REFIL 200ml,sabonete,0.31867378034501886,f1_macro_on_full,minimize
VITA VITAMINA D 2000UI,outro farma,0.31867378034501886,f1_macro_on_full,minimize
SUCO NATURAL ONE DA FAZEN 300ML LAR,suco pronto,0.31867378034501886,f1_macro_on_full,minimize
INSET AERO BAYGON MATA BARAT FORM 360ML,inseticida,0.31867378034501886,f1_macro_on_full,minimize
SALG CEBOLITOS TIRA PC 190G,aperitivo,0.31867378034501886,f1_macro_on_full,minimize
REFRI FANTA LARAN PET 2L GT 250ML,refrigerante,0.31867378034501886,f1_macro_on_full,minimize
"SORVETE YOG 1.5L, FLOCOS",sorvete,0.31867378034501886,f1_macro_on_full,minimize
MAION SALADA SACHET 200g,maionese,0.31867378034501886,f1_macro_on_full,minimize
CS ESPREM LIMAO PRETO CASALAB,outro utensilio de cozinha,0.31867378034501886,f1_macro_on_full,minimize
MAION SALADA POTE 500g,maionese,0.31867378034501886,f1_macro_on_full,minimize
REQUEIJAO PIA ZERO LACT 180g,requeijao,0.31867378034501886,f1_macro_on_full,minimize
CEREAL MUCILON 1KG MULTICEREAIS,cereal matinal,0.31867378034501886,f1_macro_on_full,minimize
IOG FUNCIONAL ACTIVIA AVEIA 340G,iogurte,0.31867378034501886,f1_macro_on_full,minimize
ARROZ INT MEU BIJU T1 PC 1KG,arroz,0.31867378034501886,f1_macro_on_full,minimize
BISC WAFER NEST 110G NEGRESCO,biscoito,0.31867378034501886,f1_macro_on_full,minimize
ACHOC PO CARREFOUR PT 400G,achocolatado,0.31867378034501886,f1_macro_on_full,minimize
BANQUETA DOBRAVEL COLOR CRF HO223367,outro bazar e departamentos,0.31867378034501886,f1_macro_on_full,minimize
"PAPEL HIG FLORAL 30M C/4, NEUTRO",papel higienico,0.31867378034501886,f1_macro_on_full,minimize
LING CALABRESA SADIA KG,linguica,0.31867378034501886,f1_macro_on_full,minimize
BISC PIRAQUE 100G QUEIJO,biscoito,0.31867378034501886,f1_macro_on_full,minimize
CERV BECKS LT 350ML,cerveja,0.31867378034501886,f1_macro_on_full,minimize
MASSA VILMA INTEGRAL NINHO      PE 500GR,macarrao,0.31867378034501886,f1_macro_on_full,minimize
COLOR BIOCOLOR PRETO FUND 1 0,tintura e descolorante,0.31867378034501886,f1_macro_on_full,minimize
BOMBOM FERRERO ROCHER T3 37g,bombom,0.31867378034501886,f1_macro_on_full,minimize
IOG GREGO DANONE FRUT VERM 100G,iogurte,0.31867378034501886,f1_macro_on_full,minimize
SAB DOVE CX 90G REVIGORANTE,sabonete,0.31867378034501886,f1_macro_on_full,minimize
IOG LIQ CHAMYTO GO VITAMINA 100G,iogurte,0.31867378034501886,f1_macro_on_full,minimize
VINAGRE PALLADIO ALCOOL 750ML COLORIDO,vinagre,0.31867378034501886,f1_macro_on_full,minimize
AGUA MINERAL SAO LOURENCO C/GAS FC 510ML,agua,0.31867378034501886,f1_macro_on_full,minimize
BISC TORT ISABELA CHOCOLATE SUICO 140G,biscoito,0.31867378034501886,f1_macro_on_full,minimize
PAO QUEIJO GOURMET  F MINAS 300G,massa de pao de queijo,0.31867378034501886,f1_macro_on_full,minimize
SALAME SEARA GOURMET HAMBURGUES FAT 100G,salame,0.31867378034501886,f1_macro_on_full,minimize
MASSA ARROZ INTEGRAL URBAN ESPAGUETE,macarrao,0.31867378034501886,f1_macro_on_full,minimize
CREME QJ RICOTA PRESIDENT 200G TRAD,queijo cremoso,0.31867378034501886,f1_macro_on_full,minimize
FLOR AZALEIA MINI POTE 9,plantas e sementes,0.31867378034501886,f1_macro_on_full,minimize
ALCATRA MIOLO BOV TOP QUALITY ANGUS   KG,carne bovina,0.31867378034501886,f1_macro_on_full,minimize
SABONETE ANTIBAC PROTEX MEN 85 SPORT,sabonete,0.31867378034501886,f1_macro_on_full,minimize
CALDO MAGGI 57G CARNE,caldo industrializado,0.31867378034501886,f1_macro_on_full,minimize
"PO P/REFRES FRISCO 25g, PESSEGO",preparo para suco,0.31867378034501886,f1_macro_on_full,minimize
SALSICHA HOT DOG PERD ATC KG,salsicha,0.31867378034501886,f1_macro_on_full,minimize
"PO P/REFRES MARATA 30g, GUARANA",preparo para suco,0.31867378034501886,f1_macro_on_full,minimize
CALCA JNS BASICA I20 SORT 42,calca,0.31867378034501886,f1_macro_on_full,minimize
QA BISCOITO WAFER CHOCOLATE 115G,biscoito,0.31867378034501886,f1_macro_on_full,minimize
"LIMP VEJA PERF L P- 1L, JASMIM, .",multiuso,0.31867378034501886,f1_macro_on_full,minimize
CHA LIFE MIX HIBISCO/LIMAO 6X290ML,cha pronto,0.31867378034501886,f1_macro_on_full,minimize
SALGADINHO DORITOS 78G ROCK IN RIO PIZZA,aperitivo,0.31867378034501886,f1_macro_on_full,minimize
WHISKY DRURYS                   GF   1LT,whisky,0.31867378034501886,f1_macro_on_full,minimize
KIT SH275ML COND175ML NIELY GOLD AGUA COCO,kit para cabelos,0.31867378034501886,f1_macro_on_full,minimize
CAFE EXPRES/ LTE  150 ML,leite,0.31867378034501886,f1_macro_on_full,minimize
CHOC.NESTLE GALAK 90G,chocolate,0.31867378034501886,f1_macro_on_full,minimize
TAPIOCA ROCHA GRANULADA 400g,tapioca,0.31867378034501886,f1_macro_on_full,minimize
FLOCAO DE MILHO KISABOR 500G,farinha de milho,0.31867378034501886,f1_macro_on_full,minimize
"MOLHO TOM BONARE 1,7KG-SACHE HOT- DOG",molho de tomate,0.31867378034501886,f1_macro_on_full,minimize
CHOCOLATE MUMU 16G MORANGO,chocolate,0.31867378034501886,f1_macro_on_full,minimize
CHOCOLATE MUMU 16G BANANA,chocolate,0.31867378034501886,f1_macro_on_full,minimize
AGUARD CHORA RITA 500ML-PET,cachaca,0.31867378034501886,f1_macro_on_full,minimize
LAVA ROU BRILHANTE HIGIEN TOTA,lava roupas,0.31867378034501886,f1_macro_on_full,minimize
CIGARRO ROTHMANS INTER 20/200 ESL SQ BRA,cigarro,0.31867378034501886,f1_macro_on_full,minimize
"AGUA MIN CAXAMBU 1,255ML C/G",agua,0.31867378034501886,f1_macro_on_full,minimize
MINI BOLO WICKBOLD BAUNILHA S/G/L    40G,padaria e confeitaria industrializado,0.31867378034501886,f1_macro_on_full,minimize
SABAO PEDRA YPE C/5 NEUTRO,sabao em pedra,0.31867378034501886,f1_macro_on_full,minimize
QA MOIDA DE ACEM RESF 500G,carne bovina,0.31867378034501886,f1_macro_on_full,minimize
SAMAMBAIA UND  UN,plantas e sementes,0.31867378034501886,f1_macro_on_full,minimize
TOALHA PAPEL SOCIAL CLEAN C/2,papel toalha,0.31867378034501886,f1_macro_on_full,minimize
"BISC BAUDUCCO COOKIES 100G, CHOCOLATE",biscoito,0.31867378034501886,f1_macro_on_full,minimize
SAB LIQ DOVE MICELAR ANTI STRESS REF 200,sabonete liquido,0.31867378034501886,f1_macro_on_full,minimize
CAFE CAPPUC MARATA CHOC 200G,cafe,0.31867378034501886,f1_macro_on_full,minimize
CORACAO ALCATRA BOV PESO Kg,carne bovina,0.31867378034501886,f1_macro_on_full,minimize
REFRESCO PO FRESH 10G ABACAXI,preparo para suco,0.31867378034501886,f1_macro_on_full,minimize
BATATA FRITA PRINGLES QUEIJO 109G,aperitivo,0.31867378034501886,f1_macro_on_full,minimize
COSTELA BOV CHUP MOLHO Kg,carne bovina,0.31867378034501886,f1_macro_on_full,minimize
"CHOC ARCOR TORTUGUITA C/24 11.5g, CHOC C",chocolate,0.31867378034501886,f1_macro_on_full,minimize
CHOC NESTLE ALPINO GIANDUIA 90G,chocolate,0.31867378034501886,f1_macro_on_full,minimize
ROSA DO DESERTO P06 SEM FLOR,plantas e sementes,0.31867378034501886,f1_macro_on_full,minimize
"CHOC MILKA, REC CHIP AHOY 100G, .",chocolate,0.31867378034501886,f1_macro_on_full,minimize
BISC CRACK RECH MARILN P SALSA/CEBO,biscoito,0.31867378034501886,f1_macro_on_full,minimize
DOCE SOROCABA 250GR CASEIRO ABOBORA C/COCO,outro doce,0.31867378034501886,f1_macro_on_full,minimize
CHOC GAROTO BATON AO LEITE 96G,chocolate,0.31867378034501886,f1_macro_on_full,minimize
ACHOC PO CHOCOMELO NESCAU 180G,achocolatado,0.31867378034501886,f1_macro_on_full,minimize
IOG SALUBI INT PED GF 1.8KG MORANGO,iogurte,0.31867378034501886,f1_macro_on_full,minimize
LIMP L.PES AJAX 1L LEMON,multiuso,0.31867378034501886,f1_macro_on_full,minimize
FRUIT RING KISABOR 220G,cereal matinal,0.31867378034501886,f1_macro_on_full,minimize
BEB LACT FERM POLP BATAVO 540G MORAN/COCO,iogurte,0.31867378034501886,f1_macro_on_full,minimize
GLADE GEL CITRUS 70G,aromatizador,0.31867378034501886,f1_macro_on_full,minimize
ROCAMBOLE FOLHADO PASSAS FRANC 90GR,padaria e confeitaria industrializado,0.31867378034501886,f1_macro_on_full,minimize
CHOC TAB TALENTO DARK CAFE GAROTO 75G,chocolate,0.31867378034501886,f1_macro_on_full,minimize
MANT EX C SAL QUALY  POTE 200G (RB),manteiga,0.31867378034501886,f1_macro_on_full,minimize
"LASANHA MASSALEVE 570G, 4 QJS, .",lasanha congelada,0.31867378034501886,f1_macro_on_full,minimize
PIZZA DA CASA CALABRESA E MUSSARELA 460G,pizza congelada,0.31867378034501886,f1_macro_on_full,minimize
ESPUM C.PERINI 750ML MOSCATEL ASTI,espumante,0.31867378034501886,f1_macro_on_full,minimize
BACON SAN FRANCISCO DEF.PEDACO  AV    KG,carne suina,0.31867378034501886,f1_macro_on_full,minimize
CERV BUDWEISER 410ML,cerveja,0.31867378034501886,f1_macro_on_full,minimize
BATATA ESCOVADA                  KG,batata,0.31867378034501886,f1_macro_on_full,minimize
DOCE LEITE RESERVA DE MINAS 400G,outro doce,0.31867378034501886,f1_macro_on_full,minimize
PAO BAGUETE C/GERG kg,padaria e confeitaria fresca,0.31867378034501886,f1_macro_on_full,minimize
QUEIJO PROC SANDUICH 144G  CHEDDAR,queijo,0.31867378034501886,f1_macro_on_full,minimize
BISC PIRAQUE PER CRACK 138G,biscoito,0.31867378034501886,f1_macro_on_full,minimize
MOLHO SAKURA TRADICIONAL  PET 500ML,molho shoyu,0.31867378034501886,f1_macro_on_full,minimize
MANTEIGA TOURINHO 500G C/ SAL,manteiga,0.31867378034501886,f1_macro_on_full,minimize
"CHOC GAROTO 90G, CAJU/PASSAS",chocolate,0.31867378034501886,f1_macro_on_full,minimize
BELLAVISTA WITBIER G  500ML,cerveja,0.31867378034501886,f1_macro_on_full,minimize
"MAIONESE HEMMER 290G SAB, SALSACEBOLA",maionese,0.31867378034501886,f1_macro_on_full,minimize
QJO RALADO MOIDO PORTO ALEGRE 50G,queijo,0.31867378034501886,f1_macro_on_full,minimize
LAVA ROUPA TIXAN YPE CX 1KG MACIEZ,lava roupas,0.31867378034501886,f1_macro_on_full,minimize
COXI ASA KG,carne de ave,0.31867378034501886,f1_macro_on_full,minimize
DETERG LIMPOL TABLETE 500G,detergente,0.31867378034501886,f1_macro_on_full,minimize
SKOL BEATS BPM 100ML 100ML,bebida mista,0.31867378034501886,f1_macro_on_full,minimize
MANTEIGA FRIOLACK 200G POTE S/ SAL,manteiga,0.31867378034501886,f1_macro_on_full,minimize
GELEIA  MOCOTO PREDILECTA NAT CP 180g,geleia,0.31867378034501886,f1_macro_on_full,minimize
MASS REF CAPELET MEZZANI 400G FGO,massa fresca,0.31867378034501886,f1_macro_on_full,minimize
APAR BARB PRESTOB2 C/2 UG MOVEL,aparelho de barbear e depilatorio,0.31867378034501886,f1_macro_on_full,minimize
SABONETE FRANCIS SUAVE 85G VERDE,sabonete,0.31867378034501886,f1_macro_on_full,minimize
AGUA MIN MINALBA 10L S/G,agua,0.31867378034501886,f1_macro_on_full,minimize
MAMAO AMAZONAS KG,mamao,0.31867378034501886,f1_macro_on_full,minimize
SORV FRUTTILLY MORANGO KIBON 40G,sorvete,0.31867378034501886,f1_macro_on_full,minimize
CARNE SUIN PALETA C/OSSO C/P MF TFV KG,carne suina,0.31867378034501886,f1_macro_on_full,minimize
"MANTEIGA EXT TOURINHO 200G TABLET, C/SAL",manteiga,0.31867378034501886,f1_macro_on_full,minimize
ALIM CAES PEDIGREE 100G CORDEIRO,alimento pet,0.31867378034501886,f1_macro_on_full,minimize
LOURO PACAL 3G,louro,0.31867378034501886,f1_macro_on_full,minimize
PAO DE MEL ARCO IRIS TRADIC.    PE 400GR,outro doce,0.31867378034501886,f1_macro_on_full,minimize
MASSA ESPAGUETE CESTA BASICA,macarrao,0.31867378034501886,f1_macro_on_full,minimize
QUEIJO RAL VIGOR 100G TRAD,queijo,0.31867378034501886,f1_macro_on_full,minimize
DEO AERO NIVEA 150ML DRY IMPACT MEN,desodorante,0.31867378034501886,f1_macro_on_full,minimize
OVOS VERMELHO MARUTANI          CX  30UN,ovo,0.31867378034501886,f1_macro_on_full,minimize
PEPINO CAIPIRA EXTRA GNEL KG,pepino,0.31867378034501886,f1_macro_on_full,minimize
MT QUERO MANJERICAO 340G,molho de tomate,0.31867378034501886,f1_macro_on_full,minimize
D.A.AXE 200ML BLACK LV PG-,desodorante,0.31867378034501886,f1_macro_on_full,minimize
MANTA COM BOLSO E ALMOFADA,manta,0.31867378034501886,f1_macro_on_full,minimize
PAO MILANI ESPECIAL 300G  BATATA,padaria e confeitaria industrializado,0.31867378034501886,f1_macro_on_full,minimize
BARRA FRUTAS KOBBER MANG GOI 72g,barra alimentar,0.31867378034501886,f1_macro_on_full,minimize
COND KOLENE 500G,condicionador,0.31867378034501886,f1_macro_on_full,minimize
CREME DENTAL CLOSE UP T.EUCAL 90G,creme dental,0.31867378034501886,f1_macro_on_full,minimize
SALGADINHO TRIGO OK XEEKS PIM MAL 40g,aperitivo,0.31867378034501886,f1_macro_on_full,minimize
CAFE SOL LOR CLASSIQUE POUCH 40g,cafe,0.31867378034501886,f1_macro_on_full,minimize
MASSA B.GOSTO SEMOLA PARAFUSO   PE 500GR,macarrao,0.31867378034501886,f1_macro_on_full,minimize
REFRESCO TANG MORANGO            PCT 18G,preparo para suco,0.31867378034501886,f1_macro_on_full,minimize
IOG LIQ S LAC YOPRO MORANGO 160G,iogurte,0.31867378034501886,f1_macro_on_full,minimize
PA COLORIDA.,pa de lixo,0.31867378034501886,f1_macro_on_full,minimize
DESOD BOM AR AERO LAV 360ML EMB ECON,aromatizador,0.31867378034501886,f1_macro_on_full,minimize
PROT GERIAT ALWAYS DISCREET 16UN,absorvente,0.31867378034501886,f1_macro_on_full,minimize
"SUCO DE LARANJA LANJAL 1,5L",suco pronto,0.31867378034501886,f1_macro_on_full,minimize
ADOC PO SUCR 30 ENV . 30G,adocante,0.31867378034501886,f1_macro_on_full,minimize
FRALDA PAMPERS PANTS CONF SEC XXG C28,fralda,0.31867378034501886,f1_macro_on_full,minimize
RABO BOVINO SWIFT KG,carne bovina,0.31867378034501886,f1_macro_on_full,minimize
OVOS CODORNA CALDAS C/30,ovo,0.31867378034501886,f1_macro_on_full,minimize
BALDE SANTANA 13.8L,balde,0.31867378034501886,f1_macro_on_full,minimize
"SABAO BARRA YPE MULT 180G, FRESH",sabonete,0.31867378034501886,f1_macro_on_full,minimize
QJ PROC POLENGHI 144G SANDW CHEDDAR,queijo,0.31867378034501886,f1_macro_on_full,minimize
ALIM GATOS SHEBA AD FRANGO ASSADO SC 85G,alimento pet,0.31867378034501886,f1_macro_on_full,minimize
FAROFA SWIFT TRAD 400G,farofa pronta,0.31867378034501886,f1_macro_on_full,minimize
CHOC NESTLE CLASSIC MEIO AMARGO 80G,chocolate,0.31867378034501886,f1_macro_on_full,minimize
PESSEGO CALDA FATIA 450G,conserva doce,0.31867378034501886,f1_macro_on_full,minimize
PIPOCA KERUS 80G,pipoca pronta,0.31867378034501886,f1_macro_on_full,minimize
PAPEL TOALHA TUBARAO C/1000 FOLHAS BRANCO,papel toalha,0.31867378034501886,f1_macro_on_full,minimize
PITAYA BRANCA GNEL,outra fruta,0.31867378034501886,f1_macro_on_full,minimize
GELATINA DR OETKER ZERO 12G  MORAN,gelatina,0.31867378034501886,f1_macro_on_full,minimize
COND JS GTS BRILHO  200ML,condicionador infantil,0.31867378034501886,f1_macro_on_full,minimize
SAB. BACT.PROTEX DUO.P. LMPM    PE  510G,sabonete,0.31867378034501886,f1_macro_on_full,minimize
ESMALTE COLORAMA CREM NUDE,esmalte,0.31867378034501886,f1_macro_on_full,minimize
QJ SOLT PRA SAD 200G 200G,queijo,0.31867378034501886,f1_macro_on_full,minimize
PANETTONE ITALIA MIA FRUTAS 400G,panificacao natal,0.31867378034501886,f1_macro_on_full,minimize
ACUCAR C.BASICA KOCH N01 PC 1KG EXTRAFINO,acucar,0.31867378034501886,f1_macro_on_full,minimize
MINI ALFACE FRIZE RX.DEVILE HID.AV   1UN,alface,0.31867378034501886,f1_macro_on_full,minimize
KALASSI VEGGIE BEETROOT 2X168GR,biscoito,0.31867378034501886,f1_macro_on_full,minimize
"IOG YOPRO 25g PROTEINA 250g, MORANGO",iogurte,0.31867378034501886,f1_macro_on_full,minimize
PAO FORMA INT PULLMAN 320G,padaria e confeitaria industrializado,0.31867378034501886,f1_macro_on_full,minimize
BARRA MK MIX HAP 100 ROXO 100,barra alimentar,0.31867378034501886,f1_macro_on_full,minimize
FD CREMER MEGA XG 36UN,fio dental,0.31867378034501886,f1_macro_on_full,minimize
GOMATRIDENT MELANCIA MINT ZERO 54GR,goma de mascar,0.31867378034501886,f1_macro_on_full,minimize
FGO GRILLER PADARIA SEARA TRAD CG,padaria e confeitaria fresca,0.31867378034501886,f1_macro_on_full,minimize
LIMPA VIDRO UG 500ML,limpa vidros,0.31867378034501886,f1_macro_on_full,minimize
LING REZENDE CALAB VACUO,linguica,0.31867378034501886,f1_macro_on_full,minimize
AMENDOA S/C CRUA SN 150G-PT,"nozes, castanhas e outras oleaginosas",0.31867378034501886,f1_macro_on_full,minimize
VINHO SERRAS DO SUL 750ML  TTO SUAVE,vinho nacional,0.31867378034501886,f1_macro_on_full,minimize
"LAPISEIRA F.CASTELL POLY SORT 0,5M GRAF",_RARE_,0.31867378034501886,f1_macro_on_full,minimize
MANUTENCAO INTENSIVA NATUR HAIR 300ml,creme para cabelo,0.31867378034501886,f1_macro_on_full,minimize
VINHO SERRAS DO SUL 1L  TTO SUAVE,vinho nacional,0.31867378034501886,f1_macro_on_full,minimize
MANTEIGA SEM SAL TEIXEIRA PT 500G,manteiga,0.31867378034501886,f1_macro_on_full,minimize
PAO HOT DOG PCT 10 UNI KIM 500G,padaria e confeitaria industrializado,0.31867378034501886,f1_macro_on_full,minimize
INSET MORTEIN 400ML AERO ACAO TOTAL,inseticida,0.31867378034501886,f1_macro_on_full,minimize
CHOC.NESTLE 90G CLASSIC PRESTIGIO,chocolate,0.31867378034501886,f1_macro_on_full,minimize
SH 200ML COND 170ML HEAD SHOULDERS DETOX,kit para cabelos,0.31867378034501886,f1_macro_on_full,minimize
PATE PRESUNTO SEARA 100G,pate,0.31867378034501886,f1_macro_on_full,minimize
CERVEJA BRAHMA CHOPP.  LT 350ML,cerveja,0.31867378034501886,f1_macro_on_full,minimize
MULTIFUNC CANON MEGA TANK G3110 WIFI,_RARE_,0.31867378034501886,f1_macro_on_full,minimize
SUCO XANDO 300ML MACA,suco pronto,0.31867378034501886,f1_macro_on_full,minimize
IOG DES ZER NESFIT MOR AVE BAUNI 850G,iogurte,0.31867378034501886,f1_macro_on_full,minimize
SABT REXONA MEN ANTIBAC LIMP PROFUNDA 84g,sabonete,0.31867378034501886,f1_macro_on_full,minimize
CAFE SOLUVEL MARATA DESCAF SACH 100G,cafe,0.31867378034501886,f1_macro_on_full,minimize
LAVA LOUCA AQUAFAST 500ML NATURAL,detergente,0.31867378034501886,f1_macro_on_full,minimize
OVO BRANCO 6 OVINHOS DK 227G,ovo de pascoa,0.31867378034501886,f1_macro_on_full,minimize
"MAC BASILAR INST 74,3G, CARNE, .",macarrao,0.31867378034501886,f1_macro_on_full,minimize
PAPEL HIG SUBLIME FS C/4 30M NEUTRO,papel higienico,0.31867378034501886,f1_macro_on_full,minimize
"SAB FLOR DE YPE 85G, FLOR MAC/FRAMB, .",sabonete,0.31867378034501886,f1_macro_on_full,minimize
CEREAL KELLOGGS SUCRILHOS CHOC 240G,cereal matinal,0.31867378034501886,f1_macro_on_full,minimize
ASSADO EM TIRAS SWIFT,carne bovina,0.31867378034501886,f1_macro_on_full,minimize
PUDIM DIET BAUNILHA DR OETKER 25G,preparo para pudim,0.31867378034501886,f1_macro_on_full,minimize
FILEZINHO FGO SASSAMI SADIA IQF PE   1KG,carne de ave,0.31867378034501886,f1_macro_on_full,minimize
ORG TQ ORG BANANA PRATA PROX KG,banana,0.31867378034501886,f1_macro_on_full,minimize
LASANHA SEARA CX 600G CALABRESA,lasanha congelada,0.31867378034501886,f1_macro_on_full,minimize
APAR BARB GILLETTE GRIP 2 CAR GEL GT 70G,aparelho de barbear e depilatorio,0.31867378034501886,f1_macro_on_full,minimize
MOLHO YAKI STAND UP  PREDILECTA 300G,outro molho,0.31867378034501886,f1_macro_on_full,minimize
CERVEJA BEATS ZODIAC 269ML-LT ELEM AGUA,cerveja,0.31867378034501886,f1_macro_on_full,minimize
"AMENDOIM DORI TORR BOT LASC 40G, CEB, .",amendoim,0.31867378034501886,f1_macro_on_full,minimize
IOG LIQ BETANIA YOB PAPAYA C/LINHACA,iogurte,0.31867378034501886,f1_macro_on_full,minimize
PASTILHA TIC TAC 16G LARANJA,bala,0.31867378034501886,f1_macro_on_full,minimize
SALG LEVINHOS SOL 50G PRESUNTO,aperitivo,0.31867378034501886,f1_macro_on_full,minimize
MORTADELA DEF SEARA FAT 200G,mortadela,0.31867378034501886,f1_macro_on_full,minimize
LAVA ROUPAS PO GIRANDO SOL ROSA PE  800G,lava roupas,0.31867378034501886,f1_macro_on_full,minimize
FILE TILAPIA NETUMAR RESF 420G,peixe,0.31867378034501886,f1_macro_on_full,minimize
MASSA ESPAGUETE CRISTAL SEMOLA N8 500G,macarrao,0.31867378034501886,f1_macro_on_full,minimize
DROPS HALLS PC 28G MELANCIA,bala,0.31867378034501886,f1_macro_on_full,minimize
CHARGE CHOCOLATE 40GR,chocolate,0.31867378034501886,f1_macro_on_full,minimize
CR NIVEA HIDRAT INTENS 56G,creme corporal,0.31867378034501886,f1_macro_on_full,minimize
CO SEDA 325ML-FR ANTI-NOS,condicionador,0.31867378034501886,f1_macro_on_full,minimize
TOMAT PELAD CRO 400GR,vegetal em conserva,0.31867378034501886,f1_macro_on_full,minimize
CASCA OVO NESTLE CHOC 400g,ovo de pascoa,0.31867378034501886,f1_macro_on_full,minimize
REFRESCO CLIGHT MARACUJA          PCT 8G,preparo para suco,0.31867378034501886,f1_macro_on_full,minimize
SAB LIQ JOHNSONS BABY LIMP PODEROS 400ML,sabonete infantil,0.31867378034501886,f1_macro_on_full,minimize
IOG WHEY 14G MORANGO VERDE CAMPO 250ML,iogurte,0.31867378034501886,f1_macro_on_full,minimize
SAB.VEG.LA FLORE ERVA DOCE      PE 180GR,sabonete,0.31867378034501886,f1_macro_on_full,minimize
AGUA MIN FONT LIFE S/GAS PET 510ML,agua,0.31867378034501886,f1_macro_on_full,minimize
"ALIM P/GATO BALANCE AD SH 85g, FGO/VEG",alimento pet,0.31867378034501886,f1_macro_on_full,minimize
ATUM PESCADOR 140G SOLIDO OLEO,proteina em conserva,0.31867378034501886,f1_macro_on_full,minimize
FILTRADO CHUVA	PRATA BCA ED ESPEC 660ML,espumante,0.31867378034501886,f1_macro_on_full,minimize
REFRESCO FIT LIGHT 8G AMORA,preparo para suco,0.31867378034501886,f1_macro_on_full,minimize
BATON GAROTO BRANCO             AV  16GR,chocolate,0.31867378034501886,f1_macro_on_full,minimize
RG PEITO RESF KG KG,carne bovina,0.31867378034501886,f1_macro_on_full,minimize
HAMB MISTO PERDIGAO 56G,hamburguer congelado,0.31867378034501886,f1_macro_on_full,minimize
DESINF USO GERAL LYSOFORM 1L LAV,desinfetante,0.31867378034501886,f1_macro_on_full,minimize
ACUCAR CRISTAL IMPERIAL 1KG,acucar,0.31867378034501886,f1_macro_on_full,minimize
CUSCUZEIRA PISA N.9,outro utensilio de cozinha,0.31867378034501886,f1_macro_on_full,minimize
DORFLEX UNO 1G 20 CP,outro farma,0.31867378034501886,f1_macro_on_full,minimize
AGUA SANIT CANDURA 2L,agua sanitaria,0.31867378034501886,f1_macro_on_full,minimize
COXA DE FGO CONG SADIA IQF 1KG.,carne de ave,0.31867378034501886,f1_macro_on_full,minimize
CD ORAL-B 123 70G LV12/PG9UN ANTI CARIES,creme dental,0.31867378034501886,f1_macro_on_full,minimize
PROT DIAR INTIMUS DAYS PER L40P30,absorvente,0.31867378034501886,f1_macro_on_full,minimize
AMENDOIM ELMA CHIPS OVINHOS WASABI 140G,amendoim,0.31867378034501886,f1_macro_on_full,minimize
PAPEL HIG NEUTRO MAX PURE 30M C12,papel higienico,0.31867378034501886,f1_macro_on_full,minimize
MAIONESE LEGUMES,maionese,0.31867378034501886,f1_macro_on_full,minimize
REQUEIJAO VIGOR 500GR TRADICIONAL,requeijao,0.31867378034501886,f1_macro_on_full,minimize
CADEIRA ALTA ALUMINIO,cadeira de escritorio,0.31867378034501886,f1_macro_on_full,minimize
COSTELA FRICASA DEFUM SUIN MF PED KG,carne suina,0.31867378034501886,f1_macro_on_full,minimize
RACAO PEDIGREE LT PED.CAR.MOLHO LT 290GR,alimento pet,0.31867378034501886,f1_macro_on_full,minimize
ICE KISLLA 275ML-PET RED FRUITS,bebida mista,0.31867378034501886,f1_macro_on_full,minimize
DETERG. LIQ.GIRANDO SOL NEUTRO  FC 500ML,detergente,0.31867378034501886,f1_macro_on_full,minimize
ALVEJ CONC MAZAROLLO 1L,alvejante,0.31867378034501886,f1_macro_on_full,minimize
BISC RECH FUTURINHOS PC 80 CHOCOLATE,biscoito,0.31867378034501886,f1_macro_on_full,minimize
KIT CANECA LATA MINI COOK BABY 150G,produto sazonal,0.31867378034501886,f1_macro_on_full,minimize
EMBALAGEM M.FREEZER R.PACK 2KG  RL  50UN,saco para alimento,0.31867378034501886,f1_macro_on_full,minimize
AGUA MINERAL IMPERATRIZ C/GAS   FC 500ML,agua,0.31867378034501886,f1_macro_on_full,minimize
REFRIG. SPRITE FRESH LIMAO      FC 1.5LT,refrigerante,0.31867378034501886,f1_macro_on_full,minimize
SOB DANETTE CHOC C/4 360G,iogurte,0.31867378034501886,f1_macro_on_full,minimize
EXTR TOM ELEFANTE TP 280G,extrato de tomate,0.31867378034501886,f1_macro_on_full,minimize
"ACHOC PO 3 CORACOES CHOCOLATTO 1,020kg",achocolatado,0.31867378034501886,f1_macro_on_full,minimize
MINI CHICKEN TRAD PERDIGAO 275G,empanado congelado,0.31867378034501886,f1_macro_on_full,minimize
SABONETE PROTEX COMPLETE 12 85g,sabonete,0.31867378034501886,f1_macro_on_full,minimize
REFRESCO PO FRESH LIMAO 10G,preparo para suco,0.31867378034501886,f1_macro_on_full,minimize
SABAO PEDRA YPE 180G  COCO,sabao em pedra,0.31867378034501886,f1_macro_on_full,minimize
ALI GATO WHISKAS 85G CARNE,alimento pet,0.31867378034501886,f1_macro_on_full,minimize
LAVA ROUP.PO TIXAN PRIM.GTS500  SC   5KG,lava roupas,0.31867378034501886,f1_macro_on_full,minimize
MOLHO BOLANHESA CARREFOUR 300G,outro molho,0.31867378034501886,f1_macro_on_full,minimize
SUCO DE UVA E MACA 2L,suco pronto,0.31867378034501886,f1_macro_on_full,minimize
ACHOC.PO NESCAU 550G SACHET,achocolatado,0.31867378034501886,f1_macro_on_full,minimize
BISC ARTIJU AMANT 200G TRADICIONAL,biscoito,0.31867378034501886,f1_macro_on_full,minimize
BALA LUA CHEIA CHANT 100G,bala,0.31867378034501886,f1_macro_on_full,minimize
FERM BIOLOG SEC DR.OETKER 125G INST,fermento,0.31867378034501886,f1_macro_on_full,minimize
SAB LIQ RF LUX SUAVE ROSAS 200ML,sabonete,0.31867378034501886,f1_macro_on_full,minimize
IOG GREGO DANONE 90G  FR VERM,iogurte,0.31867378034501886,f1_macro_on_full,minimize
COOKIE NESC GOTA CHOC 60G,biscoito,0.31867378034501886,f1_macro_on_full,minimize
CERV AMSTEL LT 350ML,cerveja,0.31867378034501886,f1_macro_on_full,minimize
CARNE MOIDA COXAO MOLE RESERVA KG,carne bovina,0.31867378034501886,f1_macro_on_full,minimize
CEBOLA PCT 1KG,cebola,0.31867378034501886,f1_macro_on_full,minimize
"LAVA ROUPA PO CONC TIXAN 2,2KG EMB ECON PRIMAVERA",lava roupas,0.31867378034501886,f1_macro_on_full,minimize
FUBA JOIA PCT 1KG,fuba,0.31867378034501886,f1_macro_on_full,minimize
VH POR BCO CASAL GARCIA 375ML,vinho importado,0.31867378034501886,f1_macro_on_full,minimize
CHOC GAROTO BATON BCO 64G,chocolate,0.31867378034501886,f1_macro_on_full,minimize
"MAC FLORIANI 85G, BACON, .",macarrao,0.31867378034501886,f1_macro_on_full,minimize
"BEB LAC VIDATIVA PCT 900ML, MGO, .",bebida lactea,0.31867378034501886,f1_macro_on_full,minimize
AMACIANTE COMFORT CONC 1L ORIGINAL,amaciante,0.31867378034501886,f1_macro_on_full,minimize
FD PAMPERS SUPERSEC HIPER XXG 34UN,fralda,0.31867378034501886,f1_macro_on_full,minimize
ABAC MARGARIDA BEN KG,abacate,0.31867378034501886,f1_macro_on_full,minimize
LEVOID 75MG C/30 COMPRIMIDOS ACHE,outro farma,0.31867378034501886,f1_macro_on_full,minimize
IOG LIQUIDO DANONE MORANGO     170G,iogurte,0.31867378034501886,f1_macro_on_full,minimize
G HIDROCLOROTIAZIDA 25MG C/ 30 CP GERMED,outro farma,0.31867378034501886,f1_macro_on_full,minimize
IOG LIQUIDO DANONE VIT FRUTAS 170G,iogurte,0.31867378034501886,f1_macro_on_full,minimize
SHA SEDA HIDRATACAO DIARIA 325ML,shampoo,0.31867378034501886,f1_macro_on_full,minimize
"CAPSULA PILAO C/10 5,2G, TRADICIONAL",cafe,0.31867378034501886,f1_macro_on_full,minimize
MAIONESE HELLMANN S LV 600 PG 500G,maionese,0.31867378034501886,f1_macro_on_full,minimize
"BISC NESFIT 160G, AVEIA/MEL, .",biscoito,0.31867378034501886,f1_macro_on_full,minimize
ABOBRINHA VERDE ORG 1KG,abobrinha,0.31867378034501886,f1_macro_on_full,minimize
CHIN FEM IPA CLASSICA RSA 37 38,chinelo,0.31867378034501886,f1_macro_on_full,minimize
LAV ROUPAS LIQ COQUEL COCO 500ml,lava roupas,0.31867378034501886,f1_macro_on_full,minimize
BISC VITORIA WAFER CHOC 70g,biscoito,0.31867378034501886,f1_macro_on_full,minimize
BR PROTEINA TRIO 40G SUPER PROTEIN COOKIES/CREAM,barra alimentar,0.31867378034501886,f1_macro_on_full,minimize
AGUA TONICA ANTARCTICA ZERO     TP    1L,agua tonica,0.31867378034501886,f1_macro_on_full,minimize
MANT TAUBATE      C/S 200G UN,manteiga,0.31867378034501886,f1_macro_on_full,minimize
OVO CHOC NESTLE ALPINO 337g,ovo de pascoa,0.31867378034501886,f1_macro_on_full,minimize
DEL VALLE FRESH LARANJA PET 200ML,suco pronto,0.31867378034501886,f1_macro_on_full,minimize
CALDO MAGGI PO GALINHA 35g,caldo industrializado,0.31867378034501886,f1_macro_on_full,minimize
SC AVENTUREIROS LARANJA 200ML,suco pronto,0.31867378034501886,f1_macro_on_full,minimize
LASANHA 4QJOS SABOR SADIA 600G,lasanha congelada,0.31867378034501886,f1_macro_on_full,minimize
PAO PRO SABOR INT LIGHT 7GRAO 400G,padaria e confeitaria industrializado,0.31867378034501886,f1_macro_on_full,minimize
CAMARAO INT CONG CAMANOR AG 50/60 KG,fruto do mar,0.31867378034501886,f1_macro_on_full,minimize
LP PISO DESTAC LA AMAREL 750ML,produto de limpeza de piso,0.31867378034501886,f1_macro_on_full,minimize
COMP LAC PO DOBON TRAD 1kg,formula lactea,0.31867378034501886,f1_macro_on_full,minimize
POTE VDO QUAD TENDENZA METALIZADO 750ML,recipientes,0.31867378034501886,f1_macro_on_full,minimize
ACUCAR CRISTAL ITAJA 2Kg,acucar,0.31867378034501886,f1_macro_on_full,minimize
DESOD. DOVE AERO M.I.D.C/2 PROM.FC 178GR,desodorante,0.31867378034501886,f1_macro_on_full,minimize
GIN ING GORDONS 750ML,gin,0.31867378034501886,f1_macro_on_full,minimize
FEIJAO CORADINHO PRETO PCT 1KG,feijao,0.31867378034501886,f1_macro_on_full,minimize
TOALHA SNOW BABY UMED PREMIUM C/80 1UN,lenco umedecido,0.31867378034501886,f1_macro_on_full,minimize
LEITE PO INTEGRAL INST ITAMBE LT 400g,leite em po,0.31867378034501886,f1_macro_on_full,minimize
CHOC NESTLE CLASSIC CHOC AO LEITE 80g,chocolate,0.31867378034501886,f1_macro_on_full,minimize
SAB BARRA GLIC PHEBO LIMA PERSIA 90G,sabonete,0.31867378034501886,f1_macro_on_full,minimize
SALGADINHO CHEETOS LUA 125G,aperitivo,0.31867378034501886,f1_macro_on_full,minimize
FDA DESC PAMPERS CONF SEC SUPER P 72UN,fralda,0.31867378034501886,f1_macro_on_full,minimize
HAMB BOV GOURMET CONG SEARA BACON 360G,hamburguer congelado,0.31867378034501886,f1_macro_on_full,minimize
COXA FRANGO PIF PAF IQF 700G,carne de ave,0.31867378034501886,f1_macro_on_full,minimize
LAVA ROUPA PO ALA ROSAS/FLOR LIS PCT 1kg,lava roupas,0.31867378034501886,f1_macro_on_full,minimize
DESOD AERO REXONA MEN 250ML V8,desodorante,0.31867378034501886,f1_macro_on_full,minimize
FEIJAO VERMELHO BRETAS 1Kg,feijao,0.31867378034501886,f1_macro_on_full,minimize
IOG LIQ VIGOR MORANGO 180G,iogurte,0.31867378034501886,f1_macro_on_full,minimize
MAC INST CUP NOODLES 70G YAKISSOBA,macarrao,0.31867378034501886,f1_macro_on_full,minimize
CLORO QBOA GEL USO GERAL ORIGINAL 1l,desinfetante,0.31867378034501886,f1_macro_on_full,minimize
SHAMPOO SEDA 325ML  LISO EXTREMO,shampoo,0.31867378034501886,f1_macro_on_full,minimize
SALG 100  INTEG DA MAGRINHA 30G-PC CEBOLA/SALSA,aperitivo,0.31867378034501886,f1_macro_on_full,minimize
FEIJAO VERDE DEBULHADO KG,feijao,0.31867378034501886,f1_macro_on_full,minimize
SOPA VONO 18GR MENOS SODIO MANDCA/CEB/SALS,preparo para sopa,0.31867378034501886,f1_macro_on_full,minimize
VELA CIGANA N.SRA NAZARE CELOFANE,vela,0.31867378034501886,f1_macro_on_full,minimize
CERVEJA BRAHMA ZERO 350ML LT,cerveja,0.31867378034501886,f1_macro_on_full,minimize
PETISCO SALAMITOS SADIA POCKET 36G PEPPER,aperitivo,0.31867378034501886,f1_macro_on_full,minimize
CERVEJA EISENBAHN 355ML IPA LN GRF CERVEJA EISENBA,cerveja,0.31867378034501886,f1_macro_on_full,minimize
DOCE DE LEITE LA SERENISSIMA 400GR,outro doce,0.31867378034501886,f1_macro_on_full,minimize
"MOLHO TOMATE TARANTELLA SAC 300g, HT DOG",molho de tomate,0.31867378034501886,f1_macro_on_full,minimize
BIFINHO MEU DOG BACON 60g,alimento pet,0.31867378034501886,f1_macro_on_full,minimize
COALHADA PARC DESN VIGOR 170G,iogurte,0.31867378034501886,f1_macro_on_full,minimize
JAQUETA BSC TEX PTO B190628 MIOI22,jaqueta,0.31867378034501886,f1_macro_on_full,minimize
BISC LEITE MALT PIRAQUE 160G COCO,biscoito,0.31867378034501886,f1_macro_on_full,minimize
SAND BAGUETE SL120G SALAME,prato pronto,0.31867378034501886,f1_macro_on_full,minimize
ADOC PO LINEA SACHES 08G LV70 P50UN,adocante,0.31867378034501886,f1_macro_on_full,minimize
"AMAC COMFORT CONC 1L, INT P CUIDADO, .",amaciante,0.31867378034501886,f1_macro_on_full,minimize
"CREAM CHEESE DANUBIO 300G, TRADICIONAL",queijo cremoso,0.31867378034501886,f1_macro_on_full,minimize
"GUARANA TUCHAUA CHAMPANHE PET 1,5L",refrigerante,0.31867378034501886,f1_macro_on_full,minimize
MASSA SEM VITARELLA ESPAGUE FINO PC 400G,macarrao,0.31867378034501886,f1_macro_on_full,minimize
LEITE A SEMI S LACTOSE XANDO 1L,leite,0.31867378034501886,f1_macro_on_full,minimize
 PERA RED D ANJOU,pera,0.31867378034501886,f1_macro_on_full,minimize
OLEODE GIRASSOL VITALIV PET 900ML,oleo vegetal,0.31867378034501886,f1_macro_on_full,minimize
SUCO DEL VALLE 1L NECTAR MAIS CAJU S/ACUCAR,suco pronto,0.31867378034501886,f1_macro_on_full,minimize
CHA BARAO CAM/GENG/MEL 10g,cha por infusao,0.31867378034501886,f1_macro_on_full,minimize
BLOCO SANIT CX ACOPLADA PATO ED LIM LUA DE FLORES,pedra sanitaria,0.31867378034501886,f1_macro_on_full,minimize
AGUA DE COCO INTEGRAL CONFIARE 1LT,agua de coco,0.31867378034501886,f1_macro_on_full,minimize
"SORV KIBON 1,5L CREMOSISSIM FLOCOS",sorvete,0.31867378034501886,f1_macro_on_full,minimize
AMACIANTE MOM BIJOU TB 17L  PERFUME,amaciante,0.31867378034501886,f1_macro_on_full,minimize
COXA/SOBRE FGO AVE NOVA CONG KG,carne de ave,0.31867378034501886,f1_macro_on_full,minimize
MASSA LASANHA PAVIOLI DIRETO FORNO 500g,massa de lasanha,0.31867378034501886,f1_macro_on_full,minimize
CERVEJA P MALTE C15 350ML LT PAC PILSEN,cerveja,0.31867378034501886,f1_macro_on_full,minimize
CD COLGATE KID MINIONS 60G ED LIMIT,creme dental infantil,0.31867378034501886,f1_macro_on_full,minimize
ESPONJA BOMBRIL ANTIDERRENTE C/3,esponja,0.31867378034501886,f1_macro_on_full,minimize
PASTILHA MENTA CRUSH TIC TAC 16G,bala,0.31867378034501886,f1_macro_on_full,minimize
SABT ALBANY M VERDE 85g,sabonete,0.31867378034501886,f1_macro_on_full,minimize
"SALG TORCIDA 70G PETISCO, QJO",aperitivo,0.31867378034501886,f1_macro_on_full,minimize
MORTADELA MARBA ITAL PISTACH FAT MF 160G,mortadela,0.31867378034501886,f1_macro_on_full,minimize
FARINHA ARAPONGAS PREMIUM 5KG,farinha de trigo,0.31867378034501886,f1_macro_on_full,minimize
BATATA PRINGLES QUEIJO 109g,aperitivo,0.31867378034501886,f1_macro_on_full,minimize
DESOD SANIT GEL COOP FLORAL 7G,desodorante,0.31867378034501886,f1_macro_on_full,minimize
FAR MILHO SINHA BIJU PC 500G,farinha de milho,0.31867378034501886,f1_macro_on_full,minimize
"SAB LIQ LUX 200G, JASMIM, .",sabonete liquido,0.31867378034501886,f1_macro_on_full,minimize
COSTELA PA MINGA RIPA CRFO KG,carne bovina,0.31867378034501886,f1_macro_on_full,minimize
ESFIHA DE ESCAROLA 75G,prato pronto,0.31867378034501886,f1_macro_on_full,minimize
"CHOC NESTLE TBL, SULFLAIR AO LTE 110G, .",chocolate,0.31867378034501886,f1_macro_on_full,minimize
DESOD ROLL REXONA ACTIVE EMOTION 50ML,desodorante,0.31867378034501886,f1_macro_on_full,minimize
BISC ROSQUINHA MABEL 350G CHOCOLATE,biscoito,0.31867378034501886,f1_macro_on_full,minimize
ESFIHA DE CARNE FORNERIA 75G,prato pronto,0.31867378034501886,f1_macro_on_full,minimize
COMP LACT NANLAC COMFORT LT 800G 1 A 3 ANOS,formula lactea,0.31867378034501886,f1_macro_on_full,minimize
VHO ITA ROSE CARMELINA LAMBRUSCO 750ML,vinho importado,0.31867378034501886,f1_macro_on_full,minimize
"SAB LIQ PROTEX 200ML RF, ERVA DOCE",sabonete,0.31867378034501886,f1_macro_on_full,minimize
DESOD AER BOZZANO ANTI INVIS.THERMO 90G,desodorante,0.31867378034501886,f1_macro_on_full,minimize
BISC PIRAQUE ROLADINHO 75G,biscoito,0.31867378034501886,f1_macro_on_full,minimize
BISC RECH AMORI MORANGO 125G,biscoito,0.31867378034501886,f1_macro_on_full,minimize
TIC TAC 16G T1X14X24 MELANCIA,bala,0.31867378034501886,f1_macro_on_full,minimize
SAB LIQ PALMOLIVE NUTRIMILK RF 200ML,sabonete,0.31867378034501886,f1_macro_on_full,minimize
BISC RECH TRELOS CHOCORESCO 37G,biscoito,0.31867378034501886,f1_macro_on_full,minimize
BEB PIRACANJ QUIN/LIN MAM/MAC 200ML,bebida de soja,0.31867378034501886,f1_macro_on_full,minimize
GEL DENT CARVAO ATIVADO SORRISO 90G,creme dental,0.31867378034501886,f1_macro_on_full,minimize
VINAGRE CASTELO ALCOOL 750ML GTS 150,vinagre,0.31867378034501886,f1_macro_on_full,minimize
MAGGI CALD GALIN MEN  57G,caldo industrializado,0.31867378034501886,f1_macro_on_full,minimize
BIPACK REFR COCA ORIG FANTA LARANJA 2L UN,refrigerante,0.31867378034501886,f1_macro_on_full,minimize
QA AMENDOA TORRADA E SALGADA 100G,amendoim,0.31867378034501886,f1_macro_on_full,minimize
REFRESCO TANG MORANGO 18G,preparo para suco,0.31867378034501886,f1_macro_on_full,minimize
IND PAO FRANCES INTEG KG FONTE FIBRAS,padaria e confeitaria fresca,0.31867378034501886,f1_macro_on_full,minimize
BISC RECH MARILAN 160G TORTINHA LIMAO,biscoito,0.31867378034501886,f1_macro_on_full,minimize
BISC CALIPSO TOSTINES CHOC TRAD 130g,biscoito,0.31867378034501886,f1_macro_on_full,minimize
ACTINE PROT SOLAR FPS 30 120ML,protetor solar,0.31867378034501886,f1_macro_on_full,minimize
TRUFAS LACTA SORTIDA           CX 103.5G,bombom,0.31867378034501886,f1_macro_on_full,minimize
BISC MARILAN RECH DOCE DE LEITE 90G,biscoito,0.31867378034501886,f1_macro_on_full,minimize
LEMON PEPPER PACAL PC 10G,outro condimento,0.31867378034501886,f1_macro_on_full,minimize
"LAVA ROUPA PO TIXAN SACHE 1,3KG PRIMAVERA",lava roupas,0.31867378034501886,f1_macro_on_full,minimize
SUCO DEL VALLE 100  TP 1L LARANJA,suco pronto,0.31867378034501886,f1_macro_on_full,minimize
LAVA ROUPA PO TIXAN SACHE 400GR PRIMAV,lava roupas,0.31867378034501886,f1_macro_on_full,minimize
TERRA VEGETAL TERRAL 15 KG,outro decoracao e jardim,0.31867378034501886,f1_macro_on_full,minimize
TERRA VEGETAL TERRAL 25KG,plantas e sementes,0.31867378034501886,f1_macro_on_full,minimize
SALG BACONZITOS 31G,aperitivo,0.31867378034501886,f1_macro_on_full,minimize
CR DENT SORRISO 120G HERBAL ANIS MENT MELAL,creme dental,0.31867378034501886,f1_macro_on_full,minimize
PETIT CHAMBINHO MORANGO 320G,iogurte,0.31867378034501886,f1_macro_on_full,minimize
SAB LIQ JOHNSON 400ML GLICERINA,sabonete infantil,0.31867378034501886,f1_macro_on_full,minimize
LTE PO MOLICO DESNATA PROM LT 24X280G,leite em po,0.31867378034501886,f1_macro_on_full,minimize
BISC PORTO ALEGRE SEQUIL.LARANJA 100G,biscoito,0.31867378034501886,f1_macro_on_full,minimize
FRALDA DESC HUGGIES SUPREME CARE RN C/34,fralda,0.31867378034501886,f1_macro_on_full,minimize
MAC CUP NOODLES CARN DEF NISSIN 69G,macarrao,0.31867378034501886,f1_macro_on_full,minimize
SUCO LARANJA NATUR TROPISUCO CX 4LT,suco pronto,0.31867378034501886,f1_macro_on_full,minimize
ACHOCOLATADO TODDY LIGHT         PT 380G,achocolatado,0.31867378034501886,f1_macro_on_full,minimize
LAVA ROUPA PO OMO LAVAGEM PERF SC 2 200KG,lava roupas,0.31867378034501886,f1_macro_on_full,minimize
BISC TODDY COOKIE CHOC PCT 150G,biscoito,0.31867378034501886,f1_macro_on_full,minimize
SAB SIENE PROT LEITE 85G,sabonete,0.31867378034501886,f1_macro_on_full,minimize
QUEIJO FONDUE GRUYERE C LINDO 400G,preparo de alimento,0.31867378034501886,f1_macro_on_full,minimize
"MAC NISSIN TALH 99G, BROC MOLHO BC, .",macarrao,0.31867378034501886,f1_macro_on_full,minimize
DESINF VEJA PINHO 480ML 15DESC,desinfetante,0.31867378034501886,f1_macro_on_full,minimize
DEO AERO ABOVE WOM FEEL FREE 150ML,desodorante,0.31867378034501886,f1_macro_on_full,minimize
AMENDOIM JAPONES YOKI 1 01KG,amendoim,0.31867378034501886,f1_macro_on_full,minimize
LENCO UMED BABY POPPY AZUL C/150,lenco umedecido,0.31867378034501886,f1_macro_on_full,minimize
REQUEIJAO CATUPIRY CREM 500g,requeijao,0.31867378034501886,f1_macro_on_full,minimize
REFRIG COCA COLA 2L PET,refrigerante,0.31867378034501886,f1_macro_on_full,minimize
ATUM G.COSTA 170G SOLIDO DEFUM,proteina em conserva,0.31867378034501886,f1_macro_on_full,minimize
"MAC BARILLA 500G, PENNE RIGATE, .",macarrao,0.31867378034501886,f1_macro_on_full,minimize
LAVA ROUPAS LIQUIDO GSOL GLIC.5L,lava roupas,0.31867378034501886,f1_macro_on_full,minimize
CERV PATAGONIA 350ML BOHEMIAN PILSENER,cerveja,0.31867378034501886,f1_macro_on_full,minimize
BEB C/SUCO D.VALLE 1L SEM ACUCAR UVA,bebida de soja,0.31867378034501886,f1_macro_on_full,minimize
BOLA NATAL C/GLITTER C/4 DOUR 5CM,artigo de natal,0.31867378034501886,f1_macro_on_full,minimize
RACAO WHISKAS SACHE 85G ATUM,alimento pet,0.31867378034501886,f1_macro_on_full,minimize
BICARBONATO SODIO NILMAR PC 50G,bicarbonato de sodio,0.31867378034501886,f1_macro_on_full,minimize
PIMENTA REINO PO MULTI GOSTO 25G,outro condimento,0.31867378034501886,f1_macro_on_full,minimize
BALAO REGINA LATEX PERA 7 SORTIDO C/08,balao de festa,0.31867378034501886,f1_macro_on_full,minimize
FLOR KALANCHOE P15 UN,plantas e sementes,0.31867378034501886,f1_macro_on_full,minimize
AMAC ROUPA COMFORT CONC EXP FL REF 810ML,amaciante,0.31867378034501886,f1_macro_on_full,minimize
CHOC LACTA LAKA 165G,chocolate,0.31867378034501886,f1_macro_on_full,minimize
CERV LAGUNITAS IPA LN 355ML,cerveja,0.31867378034501886,f1_macro_on_full,minimize
SABON FRANCIS 90G VEG ROMA PIMEN ROSA,sabonete,0.31867378034501886,f1_macro_on_full,minimize
CHOC NESTLE MOCA                     38G,chocolate,0.31867378034501886,f1_macro_on_full,minimize
MINI BROWNIE WICKBOLD AVELA 30g,padaria e confeitaria industrializado,0.31867378034501886,f1_macro_on_full,minimize
BIONATUS CL MAGNESIO P.A. 500MG C  60CPS,outro farma,0.31867378034501886,f1_macro_on_full,minimize
BOLINHO C.SUICA 43G URSINHA CHOC,padaria e confeitaria industrializado,0.31867378034501886,f1_macro_on_full,minimize
DETERGENTE PO BEM-TE-VI 50 PERF FLOR,lava roupas,0.31867378034501886,f1_macro_on_full,minimize
CHOC MILKA 100G TOFFEE WHOLE NUTS,chocolate,0.31867378034501886,f1_macro_on_full,minimize
PRENDEDOR ROUPA BAMBU PARANA C/10,prendedor de roupa,0.31867378034501886,f1_macro_on_full,minimize
PIZ SEAR FGO CAT 460G,pizza congelada,0.31867378034501886,f1_macro_on_full,minimize
QUENTAO CAMPO LARGO 750ML,quentao,0.31867378034501886,f1_macro_on_full,minimize
SAB LIQ INT INTIMUS 200ML,sabonete liquido,0.31867378034501886,f1_macro_on_full,minimize
TOALHA UMED DUBEBE 48UN RECEM NASCIDO,lenco umedecido,0.31867378034501886,f1_macro_on_full,minimize
MINI BOLO BEBEZINHO CHOC SUI 35G,padaria e confeitaria industrializado,0.31867378034501886,f1_macro_on_full,minimize
BISC MARIA ISABELA 350G,biscoito,0.31867378034501886,f1_macro_on_full,minimize
ABS SEMPRE LIVRE COB SECA FIT CA C32 L P,absorvente,0.31867378034501886,f1_macro_on_full,minimize
"SABAO PO TIXAN PRIMAVERA CX L1,6P1,52KG",lava roupas,0.31867378034501886,f1_macro_on_full,minimize
LIMP VEJA POWER FUSION 500ML-SQZ LAR,multiuso,0.31867378034501886,f1_macro_on_full,minimize
"SUCO MAGUARY FRU SHOO 150ML, LJ, .",suco pronto,0.31867378034501886,f1_macro_on_full,minimize
PAO MANTEIGA JUNIOR PANCO 350GR,padaria e confeitaria industrializado,0.31867378034501886,f1_macro_on_full,minimize
SAB DOVE BABY 75GR HID ENRIQUECIDA,sabonete infantil,0.31867378034501886,f1_macro_on_full,minimize
CHOC NESTLE SUFLAIR 80G DUO,chocolate,0.31867378034501886,f1_macro_on_full,minimize
ATEMOYA GNEL,outra fruta,0.31867378034501886,f1_macro_on_full,minimize
LENCO PAP KISS C/50,lenco de papel,0.31867378034501886,f1_macro_on_full,minimize
LUSTRA MOVEIS CARREFOUR LAVANDA 200mL,lustra moveis,0.31867378034501886,f1_macro_on_full,minimize
PAPEL HIG NOVO F SIMP C/4 30M NEUTRO,papel higienico,0.31867378034501886,f1_macro_on_full,minimize
CERVEJA CARACU LN 355ml,cerveja,0.31867378034501886,f1_macro_on_full,minimize
AZEITONA VDE RECH VFERTIL 150G SACHE,azeitona,0.31867378034501886,f1_macro_on_full,minimize
OLEO MILHO LIZA 900ML,oleo vegetal,0.31867378034501886,f1_macro_on_full,minimize
BOMBOM FERRERO ROCHER 100G,bombom,0.31867378034501886,f1_macro_on_full,minimize
PACOQUITA STA.HELENA ZERO       PE  176G,pacoca,0.31867378034501886,f1_macro_on_full,minimize
SC LX ALCA CONFI 100 AZUL 100L,saco de lixo,0.31867378034501886,f1_macro_on_full,minimize
SUCO PRAT S 900ML LARANJA,suco pronto,0.31867378034501886,f1_macro_on_full,minimize
BISC SNACK QUITANDA BACON 50g,biscoito,0.31867378034501886,f1_macro_on_full,minimize
CALDO KNORR CARNE 57G,caldo industrializado,0.31867378034501886,f1_macro_on_full,minimize
GELEIA VIVER DIET AMORA 200g,geleia,0.31867378034501886,f1_macro_on_full,minimize
BOLO S BOYS 250G LARANJA,padaria e confeitaria industrializado,0.31867378034501886,f1_macro_on_full,minimize
LING SUINA SEARA BD KG,linguica,0.31867378034501886,f1_macro_on_full,minimize
BL ZL CHO TIROLZINHO 200ML,bebida lactea,0.31867378034501886,f1_macro_on_full,minimize
TRENTO MASSIMO PACOC LARANJ 30G,chocolate,0.31867378034501886,f1_macro_on_full,minimize
CHOC GAROTO BATON 4UN 64G AO LEITE,chocolate,0.31867378034501886,f1_macro_on_full,minimize
AZEITONA VDE CC VFERTIL 500G-SACHE,azeitona,0.31867378034501886,f1_macro_on_full,minimize
AZEITE EXT VIRG LAS 200 VD ARBEQUINA,azeite de oliva,0.31867378034501886,f1_macro_on_full,minimize
PAO JASMINE TRADICIONAL S/GLUT  PCT 350G,padaria e confeitaria industrializado,0.31867378034501886,f1_macro_on_full,minimize
REFRIG PEPSI 2L PET,refrigerante,0.31867378034501886,f1_macro_on_full,minimize
DES AER NIVEA 150ML- DRY IMPACT MEN,desodorante,0.31867378034501886,f1_macro_on_full,minimize
FIAMBRE BORDON 320G,proteina em conserva,0.31867378034501886,f1_macro_on_full,minimize
MASSA ORQUIDEA ESPAGUETI INTEG 500g,macarrao,0.31867378034501886,f1_macro_on_full,minimize
AZEITE PTG PURO ANDORINHA LT 500ML,azeite de oliva,0.31867378034501886,f1_macro_on_full,minimize
CIG KENT PRIME BOX SILVER,cigarro,0.31867378034501886,f1_macro_on_full,minimize
CREME DENT SENSODYNE REP RePR WHITE 100g,creme dental,0.31867378034501886,f1_macro_on_full,minimize
SARDINHA RALADA 88 LT 110G TOMATE,proteina em conserva,0.31867378034501886,f1_macro_on_full,minimize
CERV BRAHMA DUPLO MALTE LT 269ML,cerveja,0.31867378034501886,f1_macro_on_full,minimize
CR DT COLGATE TOTAL 12 CARV O 90G,creme dental,0.31867378034501886,f1_macro_on_full,minimize
MASSA ITAL GIU-FERRO 500G -PC CONCHIGLIE,macarrao,0.31867378034501886,f1_macro_on_full,minimize
VHO TRAPICHE MALBEC TINTO 750ML,vinho importado,0.31867378034501886,f1_macro_on_full,minimize
BISC ROSQUINHA FORTALEZA LEITE 350G,biscoito,0.31867378034501886,f1_macro_on_full,minimize
"TORRADA PIRAQUE 142G, TRADICIONAL",torrada,0.31867378034501886,f1_macro_on_full,minimize
REFRIG ANTARCT 350ML LT GUARANA,refrigerante,0.31867378034501886,f1_macro_on_full,minimize
CHESTER ASSA FACIL PERDIGAO C/OS KG,carne de ave sazonal,0.31867378034501886,f1_macro_on_full,minimize
BEB LACTEA PARMALAT WHEYFIT TP250ML 15G BAUNILHA,bebida lactea,0.31867378034501886,f1_macro_on_full,minimize
"LAVA ROUP PO TIXAN 1,6KG MACIEZ",lava roupas,0.31867378034501886,f1_macro_on_full,minimize
"TEMPERO SAZON FLOPPY 60g, MARROM",tempero pronto,0.31867378034501886,f1_macro_on_full,minimize
CAFE SOLUV NESCAFE 50G SAC ORIG,cafe,0.31867378034501886,f1_macro_on_full,minimize
ACUCAR CRISTAL PATEKO 5KG,acucar,0.31867378034501886,f1_macro_on_full,minimize
DES AER REXONA ANITTA 150ML FEM SHOW PODEROSAS,desodorante,0.31867378034501886,f1_macro_on_full,minimize
AP BIC FLEX3 HIBRID C/ 5CARGAS,aparelho de barbear e depilatorio,0.31867378034501886,f1_macro_on_full,minimize
FARIN COPIOBA BRANCA ARCO 1KG,farinha de mandioca,0.31867378034501886,f1_macro_on_full,minimize
HOMMUS TRADICIONAL DERBAK 200G,vegetal em conserva,0.31867378034501886,f1_macro_on_full,minimize
CAFE CAP TRES CORACOES EXP SUPR 80G 10UN,cafe,0.31867378034501886,f1_macro_on_full,minimize
LAVA ROUPAS URCA MAX SACHE 3KG,lava roupas,0.31867378034501886,f1_macro_on_full,minimize
BROCOLIS E COUVE FLOR HIG NATURAL SALADS 300g,brocolis,0.31867378034501886,f1_macro_on_full,minimize
AP BARB DESC BIC SOLEIL RS/LRJ 2X1,aparelho de barbear e depilatorio,0.31867378034501886,f1_macro_on_full,minimize
DESOD AER MONANGE 90G S/PERFUME,desodorante,0.31867378034501886,f1_macro_on_full,minimize
BISC RECH OREO 36G ORIG,biscoito,0.31867378034501886,f1_macro_on_full,minimize
MOLHO CARNE PIRATA 900ML-PET,outro molho,0.31867378034501886,f1_macro_on_full,minimize
CEBOLA GRANEL KG,outro condimento,0.31867378034501886,f1_macro_on_full,minimize
AGUA SANIT BRILUX 1L,agua sanitaria,0.31867378034501886,f1_macro_on_full,minimize
PIZZA REZENDE CALABRESA 400G,pizza congelada,0.31867378034501886,f1_macro_on_full,minimize
MELANCIA KG,melancia,0.31867378034501886,f1_macro_on_full,minimize
CHOC BARRA DANKE CHO AO LEITE 20G,chocolate,0.31867378034501886,f1_macro_on_full,minimize
BALA 7BELO 100G IOGURTE,bala,0.31867378034501886,f1_macro_on_full,minimize
INSET MORTEIN AERO 360ML PRO,inseticida,0.31867378034501886,f1_macro_on_full,minimize
RESTIVA ADES 5MG C.2 ENV PSICO MUNDIPHAR,outro farma,0.31867378034501886,f1_macro_on_full,minimize
AGUA SANIT Q BOA 1L,agua sanitaria,0.31867378034501886,f1_macro_on_full,minimize
MAC ESTRELA MASSA SEMOLA NINHO 400G,macarrao,0.31867378034501886,f1_macro_on_full,minimize
"MASSA C/OVOS BARILLA 500g, ESPAG",macarrao,0.31867378034501886,f1_macro_on_full,minimize
PEIXE PIRAMUTABA KG POSTA CONG,peixe,0.31867378034501886,f1_macro_on_full,minimize
BISC WAFER NEST 110G BONO SENSACAO,biscoito,0.31867378034501886,f1_macro_on_full,minimize
BEB SOJA SUPRA SOY S/LACT IOGURTE 300G,bebida de soja,0.31867378034501886,f1_macro_on_full,minimize
"PAPEL HIG NEVE 20M UN, L12 P11 TQ SED, .",papel higienico,0.31867378034501886,f1_macro_on_full,minimize
GATORADE 500ML MORANGO/MARACUJA,isotonico,0.31867378034501886,f1_macro_on_full,minimize
CR DENT COLGATE TRIPLA ACAO ORIGINAL,creme dental,0.31867378034501886,f1_macro_on_full,minimize
"LIMP YPE MULTIUSO 500ML, NATUREZA",multiuso,0.31867378034501886,f1_macro_on_full,minimize
CHOC NEUGEBAUER AMOR CARIOCA BCO STICKS 32g,chocolate,0.31867378034501886,f1_macro_on_full,minimize
LAVA LOUCA LIQ BRILUX NEUTRO 500ml,detergente,0.31867378034501886,f1_macro_on_full,minimize
FILE FGO ASSA FACIL  700G,carne de ave,0.31867378034501886,f1_macro_on_full,minimize
PUDIM DOCERIA REBEKA 120G,preparo para pudim,0.31867378034501886,f1_macro_on_full,minimize
BISC VITARELLA 350G MAIZENA TRAD,biscoito,0.31867378034501886,f1_macro_on_full,minimize
SAB FRANCIS BRASILIDADES BR 80G AMORA,sabonete,0.31867378034501886,f1_macro_on_full,minimize
CAMARAO CINZA COZIDO CONF 85 100,fruto do mar,0.31867378034501886,f1_macro_on_full,minimize
COSTELA BOVINA CONG DO CHEF FRIBOI,carne bovina,0.31867378034501886,f1_macro_on_full,minimize
MAC SEMOLA D.BENTA 500G ESPAG,macarrao,0.31867378034501886,f1_macro_on_full,minimize
DESINF LIMP VIM CLORO GEL FLORAL   700ML,desinfetante,0.31867378034501886,f1_macro_on_full,minimize
SALG BACONZITOS                  PCT 31G,aperitivo,0.31867378034501886,f1_macro_on_full,minimize
BATATA KIFRITAS 240G TRADICIONAL,vegetal em palha,0.31867378034501886,f1_macro_on_full,minimize
BLAC MORANG ELEG900G 850G,bebida lactea,0.31867378034501886,f1_macro_on_full,minimize
MARG VIGOR MIX           S/SAL 500G,margarina,0.31867378034501886,f1_macro_on_full,minimize
"SACO LIXO BYE,BYE LIXO 50L  C/30 ANTIVIR",saco de lixo,0.31867378034501886,f1_macro_on_full,minimize
DOLCE G LUNGO C16 112G,cafe,0.31867378034501886,f1_macro_on_full,minimize
SUCO VERDE SL 500ML,suco pronto,0.31867378034501886,f1_macro_on_full,minimize
GIN 51 ICE 269ML TONICA LATA,bebida mista,0.31867378034501886,f1_macro_on_full,minimize
ALFACE AMERICANA PEDRA DE FOGO UN,alface,0.31867378034501886,f1_macro_on_full,minimize
PANETTONE NESTLE TALENTO CHOC AVELA 450g,panificacao natal,0.31867378034501886,f1_macro_on_full,minimize
ACUCAR MASCAVO PRECIOSO 1KG,acucar,0.31867378034501886,f1_macro_on_full,minimize
CAFE TORR MOIDO EXTRA PILAO VACUO 250G,cafe,0.31867378034501886,f1_macro_on_full,minimize
BISC VITARELLA 350G DELICITA ORIG SALG,biscoito,0.31867378034501886,f1_macro_on_full,minimize
OVOS CAIPIRA ARES DO CAMPO      CX  10UN,ovo,0.31867378034501886,f1_macro_on_full,minimize
CAFE SOL.NESCAFE 160G TRADICAO,cafe,0.31867378034501886,f1_macro_on_full,minimize
LAVA ROUPA TIXAN 2.2KG PRIMAV EMB ECON,lava roupas,0.31867378034501886,f1_macro_on_full,minimize
IOG Z/LAC LACFREE VERDE CAMPO 500G BAN,iogurte,0.31867378034501886,f1_macro_on_full,minimize
MAC NISSIN LAMEN T.MON GALINHA 85g,macarrao,0.31867378034501886,f1_macro_on_full,minimize
BISC WAFER BALCONI 125G CUBI BAUNILHA,biscoito,0.31867378034501886,f1_macro_on_full,minimize
BATATA FRITA RUFFLES SAL 167G,aperitivo,0.31867378034501886,f1_macro_on_full,minimize
"REFRIG COCA COLA 2,5L, ORIG, .",refrigerante,0.31867378034501886,f1_macro_on_full,minimize
BISC INT PIRAQUE 240G C CRACKER,biscoito,0.31867378034501886,f1_macro_on_full,minimize
CERVEJA ITAIPAVA 350ML LT 0 ALC,cerveja,0.31867378034501886,f1_macro_on_full,minimize
CAFE SOLUV LIOF LOR 130G INTENSE,cafe,0.31867378034501886,f1_macro_on_full,minimize
SACO LIXO BLACK/FORT OXI-BIOD 100L C/20,saco de lixo,0.31867378034501886,f1_macro_on_full,minimize
SACHE PERFUMADO DI HELLEN 10G CRAVO E CANELA,aromatizador,0.31867378034501886,f1_macro_on_full,minimize
WHISKY JACK DANIELS HONEY 1L,whisky,0.31867378034501886,f1_macro_on_full,minimize
SAB BARRA ANTIBAC SUAVILLE SUAVE 80G,sabonete,0.31867378034501886,f1_macro_on_full,minimize
"IOG PROT VERDE CAMPO 250G, 21G MOR",iogurte,0.31867378034501886,f1_macro_on_full,minimize
ARROZ AGULH TIO JOAO 1K TP1,arroz,0.31867378034501886,f1_macro_on_full,minimize
FARINHA MAND. SONIA EXTRA FINA  PE   1KG,farinha de mandioca,0.31867378034501886,f1_macro_on_full,minimize
VICK XAROPE INFANTIL 120ML,outro farma,0.31867378034501886,f1_macro_on_full,minimize
REQ CREM LIGHT DANONE 200G,requeijao,0.31867378034501886,f1_macro_on_full,minimize
BISC.BISLAU ROSCA CRISTAL      PE 700GR,biscoito,0.31867378034501886,f1_macro_on_full,minimize
SUCO ONLY INTEGRAL MARACUJA/MACA 900ml,suco pronto,0.31867378034501886,f1_macro_on_full,minimize
COCO RALADO DUCOCO NATURAL 50G,derivados do coco seco,0.31867378034501886,f1_macro_on_full,minimize
EXTRA.TOM.ELEFANTE 275G TP,extrato de tomate,0.31867378034501886,f1_macro_on_full,minimize
DES REXONA AER 200ML V8,desodorante,0.31867378034501886,f1_macro_on_full,minimize
FJAO PTO PANTERA T1 1KG,feijao,0.31867378034501886,f1_macro_on_full,minimize
PNEU PIRELLI FORMULA EVO 185 60 R15 88H,automotivo,0.31867378034501886,f1_macro_on_full,minimize
OVO VERM MANTIQUEIRA C/30 MED PVC,ovo,0.31867378034501886,f1_macro_on_full,minimize
"BISC BAUDUCCO RECH 140g, MOR",biscoito,0.31867378034501886,f1_macro_on_full,minimize
"ANTIS COLG PLAX 250ML, KIDS MINIONS, .",enxaguante bucal,0.31867378034501886,f1_macro_on_full,minimize
MASSA ARROZ URBANO PARAFUSO 500g,macarrao,0.31867378034501886,f1_macro_on_full,minimize
IOG GREGO NESTLE TORTA MORA 90G,iogurte,0.31867378034501886,f1_macro_on_full,minimize
"TEMPERO COMPL KITANO 300g, C/PIMENTA",tempero pronto,0.31867378034501886,f1_macro_on_full,minimize
BEBIDA MISTA LEAO MATE/LIMAO C/GAS 290ML,refrigerante,0.31867378034501886,f1_macro_on_full,minimize
MEIA INFANTIL COLORIDA 00 15 FEM,meia,0.31867378034501886,f1_macro_on_full,minimize
PAO LEITE PADERRI 280G,padaria e confeitaria industrializado,0.31867378034501886,f1_macro_on_full,minimize
MAC RENATA EXPRESS SUPERPODER CARNE 85G,macarrao,0.31867378034501886,f1_macro_on_full,minimize
BARRA CEREAL NUTRY PC C/3 22G COCO/CHOC,barra alimentar,0.31867378034501886,f1_macro_on_full,minimize
CD.COLGATE 70G NATURALS EXTRACTS CARV.ATIV.MENTA,creme dental,0.31867378034501886,f1_macro_on_full,minimize
BOLO PULLMAN CHOCOLATE          PE 250GR,padaria e confeitaria industrializado,0.31867378034501886,f1_macro_on_full,minimize
HAMB BOVINO  672G,hamper,0.31867378034501886,f1_macro_on_full,minimize
INSET ELET SBP 45N CHEIRO SUA AP RF 35ML,repelente,0.31867378034501886,f1_macro_on_full,minimize
REF KUAT GUARANA 600ML,refrigerante,0.31867378034501886,f1_macro_on_full,minimize
BISNAGUINHA NUTRELL CEN/MANDIOQUINHA,padaria e confeitaria industrializado,0.31867378034501886,f1_macro_on_full,minimize
ALIM GATOS FANTAST FELIX MIX SALMAO 85G,alimento pet,0.31867378034501886,f1_macro_on_full,minimize
SALG TORCIDA 38G QUEIJO,aperitivo,0.31867378034501886,f1_macro_on_full,minimize
QJ MINAS FRESCAL LIGHT PURISSIMO,queijo,0.31867378034501886,f1_macro_on_full,minimize
QA BOLINHOS DE BACALHAU 360GR,petisco e salgadinho congelado,0.31867378034501886,f1_macro_on_full,minimize
SUCO BIOLEVE 390ML  FR CITRICAS,suco pronto,0.31867378034501886,f1_macro_on_full,minimize
SAB PALM SUAVE HIDRAT SAUDAV 8,sabonete,0.31867378034501886,f1_macro_on_full,minimize
REFRIG MINEIRINHO ZERO PET 2L,refrigerante,0.31867378034501886,f1_macro_on_full,minimize
CAFE MELITTA SOLUVEL TRAD SC 40G,cafe,0.31867378034501886,f1_macro_on_full,minimize
MOR SC MST 400G SAD,mortadela,0.31867378034501886,f1_macro_on_full,minimize
MANJERICAO VERANITA 10G,manjericao,0.31867378034501886,f1_macro_on_full,minimize
PAO PULLMAN 350G ZERO ACUC INTEG,padaria e confeitaria industrializado,0.31867378034501886,f1_macro_on_full,minimize
TOALHA PAPEL FOLHA DUPLA LEVE MAIS C2,lenco de papel,0.31867378034501886,f1_macro_on_full,minimize
"DESOD BOZZANO 150ML AERO MASC, SPORT",desodorante,0.31867378034501886,f1_macro_on_full,minimize
"DESINF PINHO SOL 500ML, CITRUS/LIMAO",desinfetante,0.31867378034501886,f1_macro_on_full,minimize
ARROZ PRATO FINO TP1 POLIDO PCT 1KG,arroz,0.31867378034501886,f1_macro_on_full,minimize
"LIMP SUPREMA M USO 500ML, FRESH, .",multiuso,0.31867378034501886,f1_macro_on_full,minimize
BOLINHO PLUSVITA ANA MARIA CHOC/CEN,padaria e confeitaria industrializado,0.31867378034501886,f1_macro_on_full,minimize
MASSA PASTEL FAM FORTE 500G,massa fresca,0.31867378034501886,f1_macro_on_full,minimize
FIL PTO FGO STRO BDJ  KG,carne de ave,0.31867378034501886,f1_macro_on_full,minimize
ABS INTIMUS GEL TP SUAVE C ABA L16P14,absorvente,0.31867378034501886,f1_macro_on_full,minimize
QUEIJO MINAS ARTESANAL SERRO KG PECA,queijo,0.31867378034501886,f1_macro_on_full,minimize
LAMBRUSCO CALDIROLA TINTO 750ML,vinho importado,0.31867378034501886,f1_macro_on_full,minimize
PAO FORMA INT PANEVITA 500G,padaria e confeitaria industrializado,0.31867378034501886,f1_macro_on_full,minimize
"AM DOWNY AGUA FRES AZUL 1,5L",amaciante,0.31867378034501886,f1_macro_on_full,minimize
DEO AER BOZZANO 90G ENERGY,desodorante,0.31867378034501886,f1_macro_on_full,minimize
ERVILHA FUGINI SACHE 170g,ervilha em conserva,0.31867378034501886,f1_macro_on_full,minimize
SUSPIRINHO DA VOVO PINGO ACUCAR 50G,suspiro,0.31867378034501886,f1_macro_on_full,minimize
REFRIG JABOTI 250ML COLA,refrigerante,0.31867378034501886,f1_macro_on_full,minimize
CAROLINA DOCE DE LEITE kg,padaria e confeitaria fresca,0.31867378034501886,f1_macro_on_full,minimize
MINI COLOMBA BAUDUC MeM 100G,panificacao pascoa,0.31867378034501886,f1_macro_on_full,minimize
SAB BARRA MARMORIZADO VERDE NUTRILAR 1KG,sabao em pedra,0.31867378034501886,f1_macro_on_full,minimize
CAQUI CHOCOLATE GNEL KG,caqui,0.31867378034501886,f1_macro_on_full,minimize
HAMB BRASA BURGUER 90G-EV TRAD,hamburguer congelado,0.31867378034501886,f1_macro_on_full,minimize
BISC AGUA SAL AYMORE 200g,biscoito,0.31867378034501886,f1_macro_on_full,minimize
CALDO TAB ARISCO 114G GAL CAIPIRA,caldo industrializado,0.31867378034501886,f1_macro_on_full,minimize
DOCE LEITE FLAMB 400G,outro doce,0.31867378034501886,f1_macro_on_full,minimize
GIN ORLOFF 1L-GF,gin,0.31867378034501886,f1_macro_on_full,minimize
PACK SAB NIVEA CREME CARE LMPM,sabonete,0.31867378034501886,f1_macro_on_full,minimize
DEO AERO REXO SH POD CINZA 150ML,desodorante,0.31867378034501886,f1_macro_on_full,minimize
BISC DOCE PIT STOP 124G-PC RECH CHOC,biscoito,0.31867378034501886,f1_macro_on_full,minimize
BEB LAC LATVIDA SC MOR 1000g,bebida lactea,0.31867378034501886,f1_macro_on_full,minimize
CERVEJA COLORADO 600ML DEMOISELLE,cerveja,0.31867378034501886,f1_macro_on_full,minimize
BISC BAUDUCCO COOKIES EDICAO ESP 100g,biscoito,0.31867378034501886,f1_macro_on_full,minimize
AGUA MIN BIOLEVE SPORT AZUL 510ml,agua,0.31867378034501886,f1_macro_on_full,minimize
CONS-POTE C/LACRE POLIP P/160ML UN MULTI,insumo,0.31867378034501886,f1_macro_on_full,minimize
SEMENTE LINHACA COSTUME SAUD 150G DOURAD,sementes,0.31867378034501886,f1_macro_on_full,minimize
FAGOTTINI M LEVE CARNE 350G,outro congelado,0.31867378034501886,f1_macro_on_full,minimize
PRESUNTO CRU PIF PAF ARTESANO 80G -FAT,presunto,0.31867378034501886,f1_macro_on_full,minimize
AZEITONA PTA S CAROCO RAIOLA VD 160G,azeitona,0.31867378034501886,f1_macro_on_full,minimize
BROCOLIS BONDUELLE CONG 300G,brocolis,0.31867378034501886,f1_macro_on_full,minimize
PERU SADIA ASSA FACIL KG,carne de ave sazonal,0.31867378034501886,f1_macro_on_full,minimize
QJ SANDWICHIN PRATO ZERO LACTO 144G,queijo,0.31867378034501886,f1_macro_on_full,minimize
BISC PETISK SALAM VERMEL 80G,biscoito,0.31867378034501886,f1_macro_on_full,minimize
CD.GEL COLGATE 70G MOR. ZERO KIDS C/FLUOR,creme dental infantil,0.31867378034501886,f1_macro_on_full,minimize
AVE ESPECIAL SUPREME SADIA KG FGTS,prato pronto,0.31867378034501886,f1_macro_on_full,minimize
BATATA PALHA VISCONTI 120G-PC EX FINA,vegetal em palha,0.31867378034501886,f1_macro_on_full,minimize
MAC INST NISSIN U F O 98G CURRY,macarrao,0.31867378034501886,f1_macro_on_full,minimize
LASANHA FORNO DE MINAS 600GR BOLONHESA,lasanha congelada,0.31867378034501886,f1_macro_on_full,minimize
AP BARB PRESTOBARBA 3 MASC L4P3,aparelho de barbear e depilatorio,0.31867378034501886,f1_macro_on_full,minimize
PAPEL HIG FLORAL F SIMP PC C/ NEUTRO,papel higienico,0.31867378034501886,f1_macro_on_full,minimize
SABON ALBANY 85G MASC HOMEM CONTROL,sabonete,0.31867378034501886,f1_macro_on_full,minimize
BOMBOM FERRERO RAFAELLO T9 90G,bombom,0.31867378034501886,f1_macro_on_full,minimize
ALMOFADA DECORATIVA,almofada,0.31867378034501886,f1_macro_on_full,minimize
ESCOVA MARCO BONI OVAL BOLSO,escova e pente para cabelo,0.31867378034501886,f1_macro_on_full,minimize
SOBREM DANETTE AO LEITE BCO 720G,iogurte,0.31867378034501886,f1_macro_on_full,minimize
ACHOCOLATADO PO NESCAU EMB ECONOM 730g,achocolatado,0.31867378034501886,f1_macro_on_full,minimize
BATATA OND CEBOLA SALSA YOKI 45G,aperitivo,0.31867378034501886,f1_macro_on_full,minimize
AFIADOR DE FACAS OSTER,outro utensilio de cozinha,0.31867378034501886,f1_macro_on_full,minimize
BISC ZOO CARTOON PC 110G FLOCOS,biscoito,0.31867378034501886,f1_macro_on_full,minimize
MINI PEPINO SNACKPEP 200G-BJ,pepino,0.31867378034501886,f1_macro_on_full,minimize
MAIONESE QUERO 200G SAC,maionese,0.31867378034501886,f1_macro_on_full,minimize
SH 375ML COND 175ML DOVE TEXT CACHEADOS,kit para cabelos,0.31867378034501886,f1_macro_on_full,minimize
MORT LEBON S/TOUC INT kg,mortadela,0.31867378034501886,f1_macro_on_full,minimize
OVO PASCOA LACTA SONHO VALSA N20 357G,ovo de pascoa,0.31867378034501886,f1_macro_on_full,minimize
BIFINHO KELDOG GALINHA CAIPIRA  PE   60G,alimento pet,0.31867378034501886,f1_macro_on_full,minimize
MIST LACTEA CREM TAINA GORD VEG REQ 400g,requeijao,0.31867378034501886,f1_macro_on_full,minimize
FEIJAO PTO PROLIFE 1KG-PC,feijao,0.31867378034501886,f1_macro_on_full,minimize
"FRALDA BABYSEC ULTRA JUMBINHO, G C/16",fralda,0.31867378034501886,f1_macro_on_full,minimize
BEB LAC BATAVO POLPA MOR BD 360g,bebida lactea,0.31867378034501886,f1_macro_on_full,minimize
"LAVA ROUPA PO CONC TIXAN 1,3KG- SACHE PRIMAVERA",lava roupas,0.31867378034501886,f1_macro_on_full,minimize
ADOCANTE ZERO CAL LIQ 200ML SACARINA,adocante,0.31867378034501886,f1_macro_on_full,minimize
LIMP CIF CREMOSO ORIGINAL 450M,multiuso,0.31867378034501886,f1_macro_on_full,minimize
SOBR DANETTE DELIC CREMO CREME AVE 180G,iogurte,0.31867378034501886,f1_macro_on_full,minimize
FRALDA DESC HUGGIES SUP CARE G C/136 ECO,fralda,0.31867378034501886,f1_macro_on_full,minimize
COOKIE PIRAQUE CHOCOLATE 40G,biscoito,0.31867378034501886,f1_macro_on_full,minimize
KIT REFRIG COCA COLA FANTA LARANJA 2L,refrigerante,0.31867378034501886,f1_macro_on_full,minimize
PIZZA SADIA MUSSARELA 440G,pizza congelada,0.31867378034501886,f1_macro_on_full,minimize
CAFE PO NORDESTINO VAC PC 250G,cafe,0.31867378034501886,f1_macro_on_full,minimize
AGUA FRESCCA GAL S G  5L,agua,0.31867378034501886,f1_macro_on_full,minimize
"DENTASTIX RACAS MEDIAS 2X18X25,7G",alimento pet,0.31867378034501886,f1_macro_on_full,minimize
CR D CLOSE UP TRIPLE M AMER 70,creme dental,0.31867378034501886,f1_macro_on_full,minimize
LENCOL MF C ELAS CASAL CAMESA NOVEM OI21,lencol,0.31867378034501886,f1_macro_on_full,minimize
"TORTA VO VILZA 1,200KG CHOCOLATE",padaria e confeitaria fresca,0.31867378034501886,f1_macro_on_full,minimize
CHOC BARRA HERSHEYS 85G 80 SPECIAL DARK,chocolate,0.31867378034501886,f1_macro_on_full,minimize
ACHOC NESCAU SACHET 550G,achocolatado,0.31867378034501886,f1_macro_on_full,minimize
POSTA GORDA FRIBOI S/OSSO PORCAO KG,carne bovina,0.31867378034501886,f1_macro_on_full,minimize
MINI BROWNIE CHOC MEIO AMAR WB 30G,padaria e confeitaria industrializado,0.31867378034501886,f1_macro_on_full,minimize
DEC PAPEL DUPLA FACE QUAD UN,papel sulfite,0.31867378034501886,f1_macro_on_full,minimize
FEIJAO VERMELHO URBANO 500G,feijao,0.31867378034501886,f1_macro_on_full,minimize
SAPONACEO YPE CREMOSO LAVANDA   FC 300ML,saponaceo,0.31867378034501886,f1_macro_on_full,minimize
MeM S CRISPY 20X35G,chocolate,0.31867378034501886,f1_macro_on_full,minimize
LIMP PERFD CASAePERFUME 500ML-PET BELA FLORE-VDE,multiuso,0.31867378034501886,f1_macro_on_full,minimize
MOLHO TOM.POMODORO 300G SACHE,molho de tomate,0.31867378034501886,f1_macro_on_full,minimize
MACARRAO YAKISSOBA ALFA 500G LARGO,macarrao,0.31867378034501886,f1_macro_on_full,minimize
QUEIJO MUSSARELA MAZID FAT KG,queijo,0.31867378034501886,f1_macro_on_full,minimize
LIMA LIMAO SPRITE PET 2L,refrigerante,0.31867378034501886,f1_macro_on_full,minimize
ALCOOL COPERALCOL 46 FR 500ML,alcool,0.31867378034501886,f1_macro_on_full,minimize
FILE PEIXE TILAPIA FISH PC 800G,peixe,0.31867378034501886,f1_macro_on_full,minimize
MOLHO TOM HEMMER TRAD SH 300G,molho de tomate,0.31867378034501886,f1_macro_on_full,minimize
BANANADA CREMOSA FAZENDINHA 30G AMENDOIN,bananada,0.31867378034501886,f1_macro_on_full,minimize
"PURIF ULTRA FR 360ML, CRAVO/CAN, .",aromatizador,0.31867378034501886,f1_macro_on_full,minimize
BEB VEGET NAVEIA 1L ORIGINAL,outra bebida,0.31867378034501886,f1_macro_on_full,minimize
FAR LACTEA NESTLE SC 850G EMB ECON ORIGINAL,cereal infantil ou farinha lactea,0.31867378034501886,f1_macro_on_full,minimize
SUCO KAPO CX 200ML MORANGO,suco pronto,0.31867378034501886,f1_macro_on_full,minimize
IOG BATAVO 100G-CP PED FRUTA MORANGO,iogurte,0.31867378034501886,f1_macro_on_full,minimize
CS001 CALCA OPP38 SORT SORT,calca,0.31867378034501886,f1_macro_on_full,minimize
TIRA MANCHAS VANISH REFIL 400G WHITE,alvejante,0.31867378034501886,f1_macro_on_full,minimize
DETERG SUPREMA FR 500ML NATURAL CLEAR,detergente,0.31867378034501886,f1_macro_on_full,minimize
CERV SKOL LT 350ML PILSEN,cerveja,0.31867378034501886,f1_macro_on_full,minimize
MOLHO SAL MOST E MEL F.ROLESKI 340G,molho para salada,0.31867378034501886,f1_macro_on_full,minimize
CRM PENT ELSEVE OLEO EXTRA CACHOS 250ML,creme para pentear,0.31867378034501886,f1_macro_on_full,minimize
GOMA MASC TRIDENT C/4 HORT,goma de mascar,0.31867378034501886,f1_macro_on_full,minimize
ESFIHA DE CORN E BACON  90G,prato pronto,0.31867378034501886,f1_macro_on_full,minimize
LING PERNIL BRASA PERDIGAO 1KG,linguica,0.31867378034501886,f1_macro_on_full,minimize
CHOC HERSHEYS CAFE CAPUCCINO 85G,chocolate,0.31867378034501886,f1_macro_on_full,minimize
PROT SOLAR SDW FPS30 FPS 30 200ML,protetor solar,0.31867378034501886,f1_macro_on_full,minimize
SACO LIXO BRETAS ALMOF PTO 50L C/ 10UN,saco de lixo,0.31867378034501886,f1_macro_on_full,minimize
ABOBRINHA ITALIANA KG,abobrinha,0.31867378034501886,f1_macro_on_full,minimize
SACO LIXO REFORCD DOVER ROLL 100LT 10UN-RL,saco de lixo,0.31867378034501886,f1_macro_on_full,minimize
PRENDEDOR DE ROUPA GINA C12,prendedor de roupa,0.31867378034501886,f1_macro_on_full,minimize
DIEFFENBACCHIA PT15,plantas e sementes,0.31867378034501886,f1_macro_on_full,minimize
GEL DENT SORRISO 2 EM 1 MENTA GLAC 120G,creme dental,0.31867378034501886,f1_macro_on_full,minimize
BICARBONATO SODIO HIKARI 70G,bicarbonato de sodio,0.31867378034501886,f1_macro_on_full,minimize
DORALGINA DIPCAF CT BL AL PLAS AMB 25X4,outro farma,0.31867378034501886,f1_macro_on_full,minimize
CERVEJA SKOL 473ML LT,cerveja,0.31867378034501886,f1_macro_on_full,minimize
MOLHO KALASSI SWEET CHILLI 370G,outro molho,0.31867378034501886,f1_macro_on_full,minimize
COOKIES NAT 100G KIT MAGIA,biscoito,0.31867378034501886,f1_macro_on_full,minimize
CHOCOTTONE BAUDUCCO MAXI 500G-CX GOTAS CHOC,padaria e confeitaria industrializado,0.31867378034501886,f1_macro_on_full,minimize
SH HEADeSHOULDERS DETOX 400ml,shampoo,0.31867378034501886,f1_macro_on_full,minimize
FRALDA DESC T.MONICA MEGA GDE C/44,fralda,0.31867378034501886,f1_macro_on_full,minimize
VINHO CHI SOL DE CHILE MERLOT 750ML,vinho importado,0.31867378034501886,f1_macro_on_full,minimize
PNEU WESTLAKE 175 75R14 87T RP18,automotivo,0.31867378034501886,f1_macro_on_full,minimize
SABONETE LIQ CREMOSO HARROP PITANGA,sabonete liquido,0.31867378034501886,f1_macro_on_full,minimize
FRANGO ASSADO CASEIRO CX KG,prato pronto,0.31867378034501886,f1_macro_on_full,minimize
PAO SEM CASCA TRAD 450G,padaria e confeitaria industrializado,0.31867378034501886,f1_macro_on_full,minimize
CHOC NESTLE 150G DUO COOKIE,chocolate,0.31867378034501886,f1_macro_on_full,minimize
MOLHO TOM POMAROLA 300G SAC CASEIRO,molho de tomate,0.31867378034501886,f1_macro_on_full,minimize
PETIT SUISSE BETANIA KIDS BD MORANGO,iogurte,0.31867378034501886,f1_macro_on_full,minimize
CHOCO MILKY STICKY 200GR MEMBERS M,chocolate,0.31867378034501886,f1_macro_on_full,minimize
CHOC TAB GAROTO CAJU PASSAS 80G,chocolate,0.31867378034501886,f1_macro_on_full,minimize
VINHO SAINT GERMAIN CAB TTO SV 750M,vinho importado,0.31867378034501886,f1_macro_on_full,minimize
TILAPIA CONG SAINT PETERS GENESEAS 450G,peixe,0.31867378034501886,f1_macro_on_full,minimize
MASSA G DURO ADRIA PC 500G FUSILLI,macarrao,0.31867378034501886,f1_macro_on_full,minimize
BISC ROSQUINHA FORTALEZA COCO 350G,biscoito,0.31867378034501886,f1_macro_on_full,minimize
VELA ANIV BIANCO BCA N.4,vela,0.31867378034501886,f1_macro_on_full,minimize
BOLO MINI DUPLO BAUNILHA CHOC KIM 80G,padaria e confeitaria industrializado,0.31867378034501886,f1_macro_on_full,minimize
CHOC NEST 75G NESCAU BALL,chocolate,0.31867378034501886,f1_macro_on_full,minimize
BEBIDA ENGOV AFTER TANGERINA 250ML,suplemento alimentar,0.31867378034501886,f1_macro_on_full,minimize
ABSORVENTE ALWAYS PROT T0TAL SECA 3,absorvente,0.31867378034501886,f1_macro_on_full,minimize
FORMULA INF NESTOGENO 1 400G,formula lactea,0.31867378034501886,f1_macro_on_full,minimize
HAMB SEARA TEXAS-BURGER 56G EV 1UN,hamburguer congelado,0.31867378034501886,f1_macro_on_full,minimize
REFRESCO PIKO PC 250G TANGERINA,preparo para suco,0.31867378034501886,f1_macro_on_full,minimize
SALSICHA HOT DOG SADIA SAH 500G,salsicha,0.31867378034501886,f1_macro_on_full,minimize
AZEITONA RIVOLI VER S/CAR SACH 150G,azeitona,0.31867378034501886,f1_macro_on_full,minimize
AGUA MIN VIVA 200ML-CP,agua,0.31867378034501886,f1_macro_on_full,minimize
CHA LEAO 15G ERVA CIDREIRA,cha por infusao,0.31867378034501886,f1_macro_on_full,minimize
SHAMPOO ELSEVE REP TOTAL 5 400ML,shampoo,0.31867378034501886,f1_macro_on_full,minimize
CHOC GAROTO 80G CH BRANCO/NEGRESCO,chocolate,0.31867378034501886,f1_macro_on_full,minimize
MASSA ISABELA SEMOLA MACARRAO 400g,macarrao,0.31867378034501886,f1_macro_on_full,minimize
CHOC BARRA GAROTO 80G CORES,chocolate,0.31867378034501886,f1_macro_on_full,minimize
AGUA SANIT YPE 1LI,agua sanitaria,0.31867378034501886,f1_macro_on_full,minimize
SOLUCAO FISIOLOGICA SORIMAX 500ML,outro farma,0.31867378034501886,f1_macro_on_full,minimize
CERV SCHNEIDER EISBOCK 330ML,cerveja,0.31867378034501886,f1_macro_on_full,minimize
CHA LEAO 10G BOLDO,cha por infusao,0.31867378034501886,f1_macro_on_full,minimize
CHA GELADO VD GENG E LIM 2X10SC,cha por infusao,0.31867378034501886,f1_macro_on_full,minimize
CREAM CHEESE PRESIDENT LIGHT 270G,queijo cremoso,0.31867378034501886,f1_macro_on_full,minimize
MELHORADOR FARINHA FLEISCHMANN 10G MACIO,fermento,0.31867378034501886,f1_macro_on_full,minimize
CJ POTES FREEZE MULTI 3 PCS BRANCO,recipientes,0.31867378034501886,f1_macro_on_full,minimize
PIPOCA BOKUS DOC VERMEL 45G,pipoca pronta,0.31867378034501886,f1_macro_on_full,minimize
MASSA PIZZA MASSA LEVE MEDIA C2 280G,massa de pizza,0.31867378034501886,f1_macro_on_full,minimize
KIT SAB LIQ INT FLORACYD BRISA C 3 X 200,sabonete liquido,0.31867378034501886,f1_macro_on_full,minimize
CUECA SLIP INF M SORT M,cueca,0.31867378034501886,f1_macro_on_full,minimize
ACHOC PO NESCAU 2.0 ACTIGEN 40,achocolatado,0.31867378034501886,f1_macro_on_full,minimize
MOLHO TOMATE TRAD POMAROLA SC 300G,molho de tomate,0.31867378034501886,f1_macro_on_full,minimize
CHA FUZE ICE TEA PESSEGO ZERO PET 450ML,cha pronto,0.31867378034501886,f1_macro_on_full,minimize
CR DENTAL SORRISO 140G TAM ECONOMIC MENTA GLACIAL,creme dental,0.31867378034501886,f1_macro_on_full,minimize
REQUEIJAO LAC.POLENGHI CHEDDAR  CP 200GR,requeijao,0.31867378034501886,f1_macro_on_full,minimize
ENERGETICO RED BULL COCO E ACAI LT 250ML,energetico,0.31867378034501886,f1_macro_on_full,minimize
DEO SPR NIVEA 90ML MEN FRESH ACTIVE,desodorante,0.31867378034501886,f1_macro_on_full,minimize
PALHA ACO BOMBRILL 25G BRILLO N02,palha de aco,0.31867378034501886,f1_macro_on_full,minimize
"LAVA ROUPAS TIXAN MACIA L2KG P1,9G",lava roupas,0.31867378034501886,f1_macro_on_full,minimize
GEL DENTAL SORRISO FRESH 90G MENTA HIT,creme dental,0.31867378034501886,f1_macro_on_full,minimize
QUEIJO PARMISSIMO RAL GROSSO PC100G,queijo,0.31867378034501886,f1_macro_on_full,minimize
TAPETE JP ARTESANAL 200X58      AV   1UN,tapete,0.31867378034501886,f1_macro_on_full,minimize
"BURRITO NACHO LOCO 112,5G, QJO/BROC MANT",outro congelado,0.31867378034501886,f1_macro_on_full,minimize
TEMP PRON VERANITA 300G PCT S/PIMENTA,tempero pronto,0.31867378034501886,f1_macro_on_full,minimize
MILHO VDE STELLA DORO 170GSACHE,milho verde em conserva,0.31867378034501886,f1_macro_on_full,minimize
PACOCA DA COLONIA ROLHA LIGHT 170g,pacoca,0.31867378034501886,f1_macro_on_full,minimize
FILTRO 103 BRIGITTA  30UN,coador,0.31867378034501886,f1_macro_on_full,minimize
BISC RECH VIT TRELOSO PC 74G CHURROS,biscoito,0.31867378034501886,f1_macro_on_full,minimize
FRALDA LOONEY TUNES HIPER  C/60 G,fralda,0.31867378034501886,f1_macro_on_full,minimize
QA FLOCOS CROCANTE CHOCOLATE 130G,cobertura pronta,0.31867378034501886,f1_macro_on_full,minimize
LIMPEZA PESADA YPE 1L LEMON,multiuso,0.31867378034501886,f1_macro_on_full,minimize
BALA FINI 90G DENTADURAS,bala,0.31867378034501886,f1_macro_on_full,minimize
SORV PIMPINELLA 2L TENTACAO,sorvete,0.31867378034501886,f1_macro_on_full,minimize
"KETCHUP HEMMER 750g, TRAD",ketchup,0.31867378034501886,f1_macro_on_full,minimize
POLP BRASFR CAJA 100G 100G,polpa de fruta congelada,0.31867378034501886,f1_macro_on_full,minimize
"MIST BOLO FLEISCH, 450G CHOCOMOUSSE",preparo para bolo,0.31867378034501886,f1_macro_on_full,minimize
SH ELSEVE 400ML-FR HIDRA HIALURON,shampoo,0.31867378034501886,f1_macro_on_full,minimize
MORTADELA SADIA 180G DEFUM.FAT,mortadela,0.31867378034501886,f1_macro_on_full,minimize
CAFE LOR SOLUVEL INTENSE       VD 130G,cafe,0.31867378034501886,f1_macro_on_full,minimize
LINGUICA SEARA CALABRESA   9865 PE 400GR,linguica,0.31867378034501886,f1_macro_on_full,minimize
CENOURA RALADA 250G,cenoura,0.31867378034501886,f1_macro_on_full,minimize
IOG LIQ YOPRO COOKIES CARAMEL 250G,iogurte,0.31867378034501886,f1_macro_on_full,minimize
BISC TRIUNFO 375G LEITE,biscoito,0.31867378034501886,f1_macro_on_full,minimize
BANANINHA DACOLONIA CRISTAL.    PT 200GR,bananada,0.31867378034501886,f1_macro_on_full,minimize
PAO QUEIJO BAO DE MINAS 300G TRAD,massa de pao de queijo,0.31867378034501886,f1_macro_on_full,minimize
LING P/CHU MISTA PERD KG,linguica,0.31867378034501886,f1_macro_on_full,minimize
LIMP CERAMICA/AZULEJO AZULIM 1L-FR LAV,multiuso,0.31867378034501886,f1_macro_on_full,minimize
BISC NESFIT LIMAO E CEREAIS 160G,biscoito,0.31867378034501886,f1_macro_on_full,minimize
CHOC GAROTO 90G-TA BCO OPERETA,chocolate,0.31867378034501886,f1_macro_on_full,minimize
LANCETA PARA LANCETADOR COM 100 UN 28G G,outro farma,0.31867378034501886,f1_macro_on_full,minimize
TOMATE ITALIANO DUESSMANN       BD 800GR,tomate,0.31867378034501886,f1_macro_on_full,minimize
VH LA VINA TINTO SECO 750ML,vinho nacional,0.31867378034501886,f1_macro_on_full,minimize
ACHOC LIQ NESCAU ACTIGEN PRONT,achocolatado,0.31867378034501886,f1_macro_on_full,minimize
GELATINA LOWCUCAR STEVIA UVA    CX  10GR,gelatina,0.31867378034501886,f1_macro_on_full,minimize
BIFINHO DOGUITOS FRANGO 65G,alimento pet,0.31867378034501886,f1_macro_on_full,minimize
"CHOC KIT KAT MINI MOMENTS COOKIES 34,6G",chocolate,0.31867378034501886,f1_macro_on_full,minimize
M T POMAROLA CASEIRO SACHE 300G CLA,molho de tomate,0.31867378034501886,f1_macro_on_full,minimize
MINI COLOMBA BAUD FRUTAS 100g,panificacao pascoa,0.31867378034501886,f1_macro_on_full,minimize
COGUMELO LUCA 100G,cogumelo,0.31867378034501886,f1_macro_on_full,minimize
SALG TRIX REI DE OURO PC 70G CEBOLA,aperitivo,0.31867378034501886,f1_macro_on_full,minimize
"CHA PRONTO ICETEA LEAO 1,5L-FR MIDSUGAR PESSEG",cha pronto,0.31867378034501886,f1_macro_on_full,minimize
SABAO GIRANDO SOL BR 200G NEUTRO,sabao em pedra,0.31867378034501886,f1_macro_on_full,minimize
BISC MABEL ROSCA COCO 100g,biscoito,0.31867378034501886,f1_macro_on_full,minimize
BISC RECH BAUDUCCO 140G-PC MORANGO,biscoito,0.31867378034501886,f1_macro_on_full,minimize
"SABONETE POMPOM 80G, HIDRATANTE",sabonete infantil,0.31867378034501886,f1_macro_on_full,minimize
SALG BATATA LISA UNI 130G RUSTICA,aperitivo,0.31867378034501886,f1_macro_on_full,minimize
SABON DOVE 90G ESFO BCO,sabonete,0.31867378034501886,f1_macro_on_full,minimize
"AMAC COMFORT CONC 1,5LT  CUID ESSENC",amaciante,0.31867378034501886,f1_macro_on_full,minimize
EMP FGO AURORA AUROGGETS KG,empanado congelado,0.31867378034501886,f1_macro_on_full,minimize
SALG CHEETOS ONDA PC 230G,aperitivo,0.31867378034501886,f1_macro_on_full,minimize
TEKITOS SEARA TRADICIONAL       CX 300GR,empanado congelado,0.31867378034501886,f1_macro_on_full,minimize
CHOC DADINHO ROLL AMEND/CHOC AO LEIT 35g,chocolate,0.31867378034501886,f1_macro_on_full,minimize
CEBOLINHA QJO MARIAN 160G,cebolinha,0.31867378034501886,f1_macro_on_full,minimize
MELANCIA S/SEMENTE KG,melancia,0.31867378034501886,f1_macro_on_full,minimize
VELA ANIV BIANCO ROSA N.5,vela,0.31867378034501886,f1_macro_on_full,minimize
TOALHA UMED HUGGIES C/88,lenco umedecido,0.31867378034501886,f1_macro_on_full,minimize
"AMAC DOWNY 1,5L CONC PRIMAVERA",amaciante,0.31867378034501886,f1_macro_on_full,minimize
OVO LACTA INF 166G BARBIE,ovo de pascoa,0.31867378034501886,f1_macro_on_full,minimize
PAO DELICIAS DO TRIGO INT CAST/QUIN 450G,padaria e confeitaria industrializado,0.31867378034501886,f1_macro_on_full,minimize
BATATA LAYS CLASSICA 135G,aperitivo,0.31867378034501886,f1_macro_on_full,minimize
PRES SUINO COZ SADIA S/CAPA FAT KG,presunto,0.31867378034501886,f1_macro_on_full,minimize
MR MUSC CX ACOPLADA PROF. 6 UNID,outro produto de limpeza domestica,0.31867378034501886,f1_macro_on_full,minimize
VINHO CAFAYATE VAR.ROSE         GF 750ML,vinho importado,0.31867378034501886,f1_macro_on_full,minimize
ESPUM CHANDON RES 750ML BRUT,espumante,0.31867378034501886,f1_macro_on_full,minimize
CR DENT COLGATE SENSIT P.A 90G XTRE,creme dental,0.31867378034501886,f1_macro_on_full,minimize
"TIC TAC LARANJA14,5G",bala,0.31867378034501886,f1_macro_on_full,minimize
ESPUM TERRANOVA BRUT 750ML,espumante,0.31867378034501886,f1_macro_on_full,minimize
AROMA OETKER 30ML BAUNILHA,essencia alimentar,0.31867378034501886,f1_macro_on_full,minimize
MIST BOLO APTI 350G-PC CHOC,preparo para bolo,0.31867378034501886,f1_macro_on_full,minimize
LAVA ROUPA ORIENTAL MAX LIMP PROF 2L,lava roupas,0.31867378034501886,f1_macro_on_full,minimize
"REFRIG SPRITE PET 1,5L LEMON FRESH",refrigerante,0.31867378034501886,f1_macro_on_full,minimize
ESPETO KAFTA MIMI PC 500G,espetinho congelado,0.31867378034501886,f1_macro_on_full,minimize
MAC INST CUP NOODLES YAKISSOBA 70G,macarrao,0.31867378034501886,f1_macro_on_full,minimize
MANTEIGA REGATAS POTE 200G,manteiga,0.31867378034501886,f1_macro_on_full,minimize
COXA FRANGO CAIPIRA BENTO BD 600G,carne de ave,0.31867378034501886,f1_macro_on_full,minimize
CERV SCHIN PILSEN LT 473ML,cerveja,0.31867378034501886,f1_macro_on_full,minimize
BISC RECH MARILAN 90G MORANGO,biscoito,0.31867378034501886,f1_macro_on_full,minimize
ESPONJA MULT JEITOSA BETTANIN C3,esponja,0.31867378034501886,f1_macro_on_full,minimize
BEB C/SUCO VIGOR VIG 200ML LARANJA,suco pronto,0.31867378034501886,f1_macro_on_full,minimize
TEMP PRON RECEITA DE CASA 450G S/PIMEN,tempero pronto,0.31867378034501886,f1_macro_on_full,minimize
SUCO CAJU INT DO BEM TODO DIA 200ML,suco pronto,0.31867378034501886,f1_macro_on_full,minimize
SOPAO MAGGI 200GR LV200G PG150G CARNE C/LEGUMES,preparo para sopa,0.31867378034501886,f1_macro_on_full,minimize
CAFE MELITTA SABOR DA FAZENDA 500G,cafe,0.31867378034501886,f1_macro_on_full,minimize
NECTAR MAGUARY 1L-TP PESSEGO,suco pronto,0.31867378034501886,f1_macro_on_full,minimize
DESOD AER AXE 90G SECO URBAN,desodorante,0.31867378034501886,f1_macro_on_full,minimize
DROPS FRUITTELLA 41G FRAMBOESA,bala,0.31867378034501886,f1_macro_on_full,minimize
SABONETE YPE VEGETAL 85G  CACAU/BAUN,sabonete,0.31867378034501886,f1_macro_on_full,minimize
"AMAC YPE CONCENT SCH 1L, PINK, .",amaciante,0.31867378034501886,f1_macro_on_full,minimize
VH ADEGA VALE TT SV TINTO 750ML,vinho nacional,0.31867378034501886,f1_macro_on_full,minimize
MINI LASANHA SADIA BOL MIASB 350GR,lasanha congelada,0.31867378034501886,f1_macro_on_full,minimize
"CHOC MUMU KIDS CHOC 15,6g",chocolate,0.31867378034501886,f1_macro_on_full,minimize
MAC INST EXPRESS RENATA CARN 85g,macarrao,0.31867378034501886,f1_macro_on_full,minimize
HOT POCKET X FRANGO SADIA SIA.  PE 145GR,sanduiche congelado,0.31867378034501886,f1_macro_on_full,minimize
FOND QJ CRUZ 400G 400G,queijo,0.31867378034501886,f1_macro_on_full,minimize
MOLHO TOMATE HEINZ COGUMELOS SACHET 340G,molho de tomate,0.31867378034501886,f1_macro_on_full,minimize
CAFE BARAO TORRADO MOIDO EXTRA FORTE 500g,cafe,0.31867378034501886,f1_macro_on_full,minimize
SH HEADeSHOULDERS MEN OLDSPICE 200ml,shampoo,0.31867378034501886,f1_macro_on_full,minimize
CERVEJA CORONA CERO SUNBREW LN 330ml,cerveja,0.31867378034501886,f1_macro_on_full,minimize
BISC ZAGONEL AMEND 270g,biscoito,0.31867378034501886,f1_macro_on_full,minimize
ACUCAR DEMERARA DA BARRA 1Kg,acucar,0.31867378034501886,f1_macro_on_full,minimize
BEB C/SUCO DO BEM TODO DIA 1L GOIABA,suco pronto,0.31867378034501886,f1_macro_on_full,minimize
MAIONESE HELLMANNS PT 500G TRAD,maionese,0.31867378034501886,f1_macro_on_full,minimize
SACO P/LIXO LAFRA BOT 50L C/10,saco de lixo,0.31867378034501886,f1_macro_on_full,minimize
AZEITONA VD FT TING VD 180G,azeitona,0.31867378034501886,f1_macro_on_full,minimize
"MISTURA P/BOLO DR.OETKER 300g, BRIG/CONF",preparo para bolo,0.31867378034501886,f1_macro_on_full,minimize
LEITE PARMALAT UHT PET 1L SEMIDESNATADO,leite,0.31867378034501886,f1_macro_on_full,minimize
SALG DEUTSCHIPS SENSE   MILHO REQUEIJAO 150g,aperitivo,0.31867378034501886,f1_macro_on_full,minimize
AGUA MIN ARMAZEM S/GAS PET 510ML,agua,0.31867378034501886,f1_macro_on_full,minimize
BISC CR CRACK S/GLUT SCHAR 210G,biscoito,0.31867378034501886,f1_macro_on_full,minimize
EMP CONG SWIFT PRESUNTO QUEIJO 120G,empanado congelado,0.31867378034501886,f1_macro_on_full,minimize
ALHO FRITO COSTUME SAUD 40G CROCANTE,tempero pronto,0.31867378034501886,f1_macro_on_full,minimize
TRIDENT MELANCIA 32G,goma de mascar,0.31867378034501886,f1_macro_on_full,minimize
MINI TANGERINA 700G,tangerina,0.31867378034501886,f1_macro_on_full,minimize
BATATA OND.YOKITOS ORIGINAL     PE 380GR,aperitivo,0.31867378034501886,f1_macro_on_full,minimize
TORTILHA INT RAP10 330G,padaria e confeitaria industrializado,0.31867378034501886,f1_macro_on_full,minimize
AVEIA JASMINE FLOCOS FINOS      PCT 400G,aveia e seus derivados,0.31867378034501886,f1_macro_on_full,minimize
MORTADELA S/CUBOS TOUCINHO TONY 350G,mortadela,0.31867378034501886,f1_macro_on_full,minimize
IND BOLO SN 300G FORMIGUEIRO,padaria e confeitaria industrializado,0.31867378034501886,f1_macro_on_full,minimize
CHOC TAB GAROTO BRANCO 80G,chocolate,0.31867378034501886,f1_macro_on_full,minimize
HIDRAT DE VASELINA VASEMAX 100ML FARMAX,creme corporal,0.31867378034501886,f1_macro_on_full,minimize
FILE DE PEITO DO CAMPO SWIFT 1KG,carne de ave,0.31867378034501886,f1_macro_on_full,minimize
BISC SOL SALG HIT CHURRASCO 80G,biscoito,0.31867378034501886,f1_macro_on_full,minimize
FLEZ FGO IQF 1KG BIO  1KG,carne de ave,0.31867378034501886,f1_macro_on_full,minimize
MEIA SOCIAL 6002 LUPO PRETO UNI,meia,0.31867378034501886,f1_macro_on_full,minimize
POLPA ACEROLA ICEFRUIT 400g,polpa de fruta congelada,0.31867378034501886,f1_macro_on_full,minimize
LTE FERM VIGOR CLUB C/6 450G,leite fermentado,0.31867378034501886,f1_macro_on_full,minimize
LEITE COND BETANIA TP 395G,leite condensado,0.31867378034501886,f1_macro_on_full,minimize
MASSA ESPAGUETE ADRIA 8 OVOS 500g,macarrao,0.31867378034501886,f1_macro_on_full,minimize
COMP LACT NINHO F1 800G,formula lactea,0.31867378034501886,f1_macro_on_full,minimize
MAC INST RENATA 88G CREM PIZZA,macarrao,0.31867378034501886,f1_macro_on_full,minimize
BIG CHICKEN PERDIGAO QUEIJO PC 1KG,empanado congelado,0.31867378034501886,f1_macro_on_full,minimize
IOG BATAVO PENSE ZERO BATIDO 1150g,iogurte,0.31867378034501886,f1_macro_on_full,minimize
MIX DE FRUTAS SECAS,fruta seca,0.31867378034501886,f1_macro_on_full,minimize
NESCAU CERMAT 60 MENOS ACUCAR 200G,cereal matinal,0.31867378034501886,f1_macro_on_full,minimize
"PIZZA PERDIGAO CONG 460G, CALABR, .",pizza congelada,0.31867378034501886,f1_macro_on_full,minimize
LENCO PAPEL SOFTYS 100UN,lenco de papel,0.31867378034501886,f1_macro_on_full,minimize
SODA LIMONADA ANTARCTICA CACUL PET 237ML,refrigerante,0.31867378034501886,f1_macro_on_full,minimize
SAB. FRANCIS CLASSICO LARANJA   CX  90GR,sabonete,0.31867378034501886,f1_macro_on_full,minimize
GELATINA PO SOL LIMA SC 25G,gelatina,0.31867378034501886,f1_macro_on_full,minimize
"BISC CLUB SOCIAL, 141G CEB/S CREAM",biscoito,0.31867378034501886,f1_macro_on_full,minimize
PROT DIA CARE ORIGIN L80P60,absorvente,0.31867378034501886,f1_macro_on_full,minimize
KIT SUCO NATURAL ONE 180ML LV6 PG4 MACA,suco pronto,0.31867378034501886,f1_macro_on_full,minimize
CORACAO FRANGO MACEDO TEMP RESF       KG,carne de ave,0.31867378034501886,f1_macro_on_full,minimize
BISC ROSQUINHA ESTRELA PC 300G COCO,biscoito,0.31867378034501886,f1_macro_on_full,minimize
PORTA SABONETE CER SORT,outro bazar e departamentos,0.31867378034501886,f1_macro_on_full,minimize
MASSA CAPELLINI BARILLA N01 500G,macarrao,0.31867378034501886,f1_macro_on_full,minimize
CS CAMISETA LAVADA C/ BOLSO E FB,camiseta,0.31867378034501886,f1_macro_on_full,minimize
FARINHA AVEIA  ALL NUTRI F.FINOS 170G,aveia e seus derivados,0.31867378034501886,f1_macro_on_full,minimize
LAVA ROUPAS BREEZE 3LT,lava roupas,0.31867378034501886,f1_macro_on_full,minimize
BISC ROSQUINHA MABEL 350G COCO,biscoito,0.31867378034501886,f1_macro_on_full,minimize
ALCOOL TUBARAO 1L,alcool,0.31867378034501886,f1_macro_on_full,minimize
LUSTRA MOV PEROBA 200ML C/CERA CARN,lustra moveis,0.31867378034501886,f1_macro_on_full,minimize
MASSA PASTEL DE FORNO MASSA LEVE 300g,massa fresca,0.31867378034501886,f1_macro_on_full,minimize
ATEMOYA KG,outra fruta,0.31867378034501886,f1_macro_on_full,minimize
"REFRIG COCA COLA 2,5L PET ORIG EMB ECONOMICA",refrigerante,0.31867378034501886,f1_macro_on_full,minimize
FARINHA MAND SIAMAR 500G TORR,farinha de mandioca,0.31867378034501886,f1_macro_on_full,minimize
CEREAL NESTLE NESCAU DUO 400g,cereal matinal,0.31867378034501886,f1_macro_on_full,minimize
CAPSULA DOLCE GUSTO C 10 8G CAFE CASEIRO,cafe,0.31867378034501886,f1_macro_on_full,minimize
BISC.MARILAN AMANTEIGADO CHOC.  PE  280G,biscoito,0.31867378034501886,f1_macro_on_full,minimize
BISC MINI POLVILHO OFIR 80G,biscoito,0.31867378034501886,f1_macro_on_full,minimize
AAA-PILHA DE ZINCO-CARVAO R03-BLIST C 4,pilha,0.31867378034501886,f1_macro_on_full,minimize
FANDANGOS PRESUNTO 230G,aperitivo,0.31867378034501886,f1_macro_on_full,minimize
SH 325ML COND SUPER 170ML SEDA CERAMIDAS,kit para cabelos,0.31867378034501886,f1_macro_on_full,minimize
RUCULA DESFOLHADA 100G,rucula,0.31867378034501886,f1_macro_on_full,minimize
MIST BOLO DONA BENTA 450G FESTA,preparo para bolo,0.31867378034501886,f1_macro_on_full,minimize
LAVA ROUPA PO 2.2KG,lava roupas,0.31867378034501886,f1_macro_on_full,minimize
CHOC CHOCK  SEMCULPA 25G TA 33  CACAU-TPM,chocolate,0.31867378034501886,f1_macro_on_full,minimize
BISC PASSATEMPO WAFER MINI PC 20G WAFER MORANGO,biscoito,0.31867378034501886,f1_macro_on_full,minimize
COCO RALADO DIKOKO PREM S/ACU 100G,derivados do coco seco,0.31867378034501886,f1_macro_on_full,minimize
SABONETE NIVEA C/ HIDRATAN ERVA DOCE,sabonete,0.31867378034501886,f1_macro_on_full,minimize
BISC CREAM CRACKER TRIUNFO MULTIPAC 345G,biscoito,0.31867378034501886,f1_macro_on_full,minimize
FARIN AVEIA QUAKER 165g,aveia e seus derivados,0.31867378034501886,f1_macro_on_full,minimize
PAPEL HIG FD NEVE L12P11 SEDA,papel higienico,0.31867378034501886,f1_macro_on_full,minimize
SACO LIXO EMBALIXO AZUL REFOR 100L,saco de lixo,0.31867378034501886,f1_macro_on_full,minimize
QJ PARMESAO FT 200G VIGOR,queijo,0.31867378034501886,f1_macro_on_full,minimize
CAFE PILAO TRADICIONAL          PE 250GR,cafe,0.31867378034501886,f1_macro_on_full,minimize
CERV BRAHMA LT 550ML,cerveja,0.31867378034501886,f1_macro_on_full,minimize
QJO TP PETI SUIS 320  320G,queijo,0.31867378034501886,f1_macro_on_full,minimize
ACUCAR NATURAL DEMERARA 1KG,acucar,0.31867378034501886,f1_macro_on_full,minimize
BOLO CHOCOLATE PLUS VITA 250G,padaria e confeitaria industrializado,0.31867378034501886,f1_macro_on_full,minimize
BOMBONS CRIPSY 450GR WITOR S,bombom,0.31867378034501886,f1_macro_on_full,minimize
KIT 7 CESTAS ONE NATURAL,caixa organizadora,0.31867378034501886,f1_macro_on_full,minimize
REFRESCO PO TANG LARANJA/MAMAO 18g,preparo para suco,0.31867378034501886,f1_macro_on_full,minimize
WAFER KINDER 18G TRONKY,chocolate,0.31867378034501886,f1_macro_on_full,minimize
COCO RAL MAIS-COCO 1KG-PC,derivados do coco seco,0.31867378034501886,f1_macro_on_full,minimize
TACA GASTRO BOHEMIA VINHO 580ML,taca,0.31867378034501886,f1_macro_on_full,minimize
DESINF YPE 1L TRAD,desinfetante,0.31867378034501886,f1_macro_on_full,minimize
OVO PASCOA LACTA T.CAM OREO N.15 320G,ovo de pascoa,0.31867378034501886,f1_macro_on_full,minimize
BISC ARROZ CAMIL MINI 90G-PC CHIA/LINHACA,biscoito,0.31867378034501886,f1_macro_on_full,minimize
LIMP YPE PREMIUM AZUL TROPICAL    FR 1L,multiuso,0.31867378034501886,f1_macro_on_full,minimize
LASANHA GALO 200G,massa de lasanha,0.31867378034501886,f1_macro_on_full,minimize
FEIJAO CARIOCA PINK 1KG-PC T1,feijao,0.31867378034501886,f1_macro_on_full,minimize
BATATA RUFFLES CHURRASCO         PCT 76G,aperitivo,0.31867378034501886,f1_macro_on_full,minimize
BISC WAFER BAUDUCCO DUPLO CHOC 78G,biscoito,0.31867378034501886,f1_macro_on_full,minimize
ALECRIM KAMOKA 10G,alecrim,0.31867378034501886,f1_macro_on_full,minimize
NECTAR MAGUARY 1L MACA,suco pronto,0.31867378034501886,f1_macro_on_full,minimize
FEIJAO VERMELHO COCAL T01 1Kg,feijao,0.31867378034501886,f1_macro_on_full,minimize
CERVEJA SERRAMALTE 600ML-GF EXTRA,cerveja,0.31867378034501886,f1_macro_on_full,minimize
SOPAO MAGGI GALINHA FIDELINI 3,preparo para sopa,0.31867378034501886,f1_macro_on_full,minimize
LEITE ULTRA-PASTZ ITAMBE 1L-TP INTEG,leite,0.31867378034501886,f1_macro_on_full,minimize
BOLINHO CASA SUICA T MONICA PC 40G,padaria e confeitaria industrializado,0.31867378034501886,f1_macro_on_full,minimize
QJ PROC PRESIDENT 120G C/EMMENT FAT,queijo,0.31867378034501886,f1_macro_on_full,minimize
ESSENCIA CEPERA 30ML BAUN,aromatizador,0.31867378034501886,f1_macro_on_full,minimize
CHOCOBALL PROTEIN LINEA CHOC LEITE 35G,chocolate,0.31867378034501886,f1_macro_on_full,minimize
LOCAO HID SERUM ILUMINAD JOHNSON S 200ML,creme corporal,0.31867378034501886,f1_macro_on_full,minimize
SABAO BARRA MINUANO 900G  NEUTRO,sabao em pedra,0.31867378034501886,f1_macro_on_full,minimize
OVO LACTA SONHO VALSA 357G,ovo de pascoa,0.31867378034501886,f1_macro_on_full,minimize
BOLO CENOU VULCAO SL 850G,padaria e confeitaria fresca,0.31867378034501886,f1_macro_on_full,minimize
ACUCAR ORG UNIAO 1KG,acucar,0.31867378034501886,f1_macro_on_full,minimize
LAVITAN SUPLEMENTO MULHER 60 DRAGEAS CIM,outro farma,0.31867378034501886,f1_macro_on_full,minimize
QUEIJO COALHO DUFROTA PECA KG,queijo,0.31867378034501886,f1_macro_on_full,minimize
LEITE SANTA CLARA SEMIDESN TP 1L,leite,0.31867378034501886,f1_macro_on_full,minimize
CHOCO WHEYFER  MU 25G CHOC BCO,chocolate,0.31867378034501886,f1_macro_on_full,minimize
SUCO SUVALAN UVA S/ACUCAR       TP   1LT,suco pronto,0.31867378034501886,f1_macro_on_full,minimize
SALG E.CH DORITOS 140G QJ NACHO,aperitivo,0.31867378034501886,f1_macro_on_full,minimize
OVO PASCOA DIVINO VICIO CHOC AO LTE 280g,ovo de pascoa,0.31867378034501886,f1_macro_on_full,minimize
CHOCOTONE BAUDUCCO CX 908G UN,panificacao natal,0.31867378034501886,f1_macro_on_full,minimize
"APARELHO BIC COMFORT 3 C/2, NORMAL",aparelho de barbear e depilatorio,0.31867378034501886,f1_macro_on_full,minimize
VH PORT TTO ALENT MONTAD      750ML,vinho importado,0.31867378034501886,f1_macro_on_full,minimize
IOG DESN BETANIA 170G MORANGO,iogurte,0.31867378034501886,f1_macro_on_full,minimize
