generation,individual_id,l0_size,accuracy_on_full,f1_macro_on_full,num_tokens,num_distinct_tokens,num_classes_in_l0,most_frequent_class_in_l0,l0_indices_hash,fitness_calc_time_sec
1,0,5000,0.729391,0.367255,27536,7038,423,biscoito,d9d50840dd,25.2016
1,1,5000,0.734512,0.367145,27416,6883,429,biscoito,f28218da2d,23.6306
1,2,5000,0.725109,0.379968,27402,6991,444,biscoito,e77e24ddcf,25.0271
1,3,5000,0.724243,0.370000,27409,6953,438,biscoito,4cc455aa27,25.1138
1,4,5000,0.724283,0.369025,27550,6966,430,biscoito,0d6b42b2a4,25.0762
1,5,5000,0.727690,0.365417,27344,7007,425,biscoito,e1e755530f,25.6900
1,6,5000,0.730481,0.370649,27391,6963,439,biscoito,cbcf5bf85b,23.9932
1,7,5000,0.729000,0.362806,27352,6912,427,biscoito,8f36edef08,26.0675
1,8,5000,0.731748,0.369019,27359,6938,436,biscoito,20ee9249a3,23.8606
1,9,5000,0.718579,0.365729,27462,7030,440,biscoito,0bcd35618a,24.5036
1,10,5000,0.722577,0.375313,27338,7036,441,biscoito,4292fa3005,26.0893
1,11,5000,0.727450,0.370589,27368,6933,443,biscoito,d5d74c6e61,25.6432
1,12,5000,0.726655,0.353658,27404,6862,425,biscoito,a409136dcc,24.7766
1,13,5000,0.726084,0.354848,27620,6990,425,biscoito,d9c3b02539,24.9910
1,14,5000,0.724542,0.363861,27428,6927,431,biscoito,0e1099be37,24.1726
1,15,5000,0.729687,0.367589,27529,6958,426,biscoito,4e7799128e,23.4972
1,16,5000,0.736525,0.381862,27461,7011,446,biscoito,166e0141fb,17.7643
1,17,5000,0.728928,0.375913,27225,6941,429,biscoito,a4389bf50c,16.7995
1,18,5000,0.727302,0.379527,27367,6972,437,biscoito,bfdbbe3e67,15.5178
1,19,5000,0.725573,0.367970,27358,6909,420,biscoito,1a68f66757,14.8300
2,0,5000,0.736525,0.381862,27461,7011,446,biscoito,166e0141fb,17.7643
2,18,5000,0.736525,0.381862,27461,7011,446,biscoito,166e0141fb,17.7643
2,19,5000,0.722577,0.375313,27338,7036,441,biscoito,4292fa3005,26.0893
2,1,5000,0.728440,0.369589,27489,6962,430,biscoito,bc803e80ad,22.7738
2,2,5000,0.728992,0.381204,27482,7012,445,biscoito,6af6de7ee9,24.0923
2,3,5000,0.728528,0.372356,27541,6968,431,biscoito,5c62a071b9,23.0697
2,4,5000,0.721606,0.361660,27530,6943,425,biscoito,bdb2cd0c9d,23.7888
2,5,5000,0.727650,0.359655,27385,6876,418,biscoito,b8432a6a16,24.9789
2,6,5000,0.734116,0.380478,27228,6956,436,biscoito,959b53e0d8,24.8160
2,7,5000,0.735334,0.388745,27364,6934,446,biscoito,f579d29830,23.6473
2,8,5000,0.729970,0.374285,27475,7038,446,biscoito,ae9a2893d7,22.9099
2,9,5000,0.722637,0.371581,27463,7033,449,biscoito,de305e331a,25.0824
2,10,5000,0.729056,0.371671,27349,6959,441,biscoito,27d237dc39,24.9504
2,11,5000,0.727090,0.374802,27393,6990,436,biscoito,fdc34fca3d,23.3973
2,12,5000,0.723707,0.367338,27216,6946,439,biscoito,888b452577,24.0672
2,13,5000,0.731073,0.362234,27279,6872,431,biscoito,32d1ec8cc4,22.7029
2,14,5000,0.729691,0.373591,27443,6982,438,biscoito,c49bafda66,23.8733
2,15,5000,0.728828,0.376169,27369,6971,438,biscoito,91ebfd4d65,22.7891
2,16,5000,0.728688,0.370654,27453,6944,438,biscoito,3c5e162cd2,22.4911
2,17,5000,0.730713,0.381065,27468,7006,445,biscoito,9b19ec1cc1,11.5744
3,0,5000,0.735334,0.388745,27364,6934,446,biscoito,f579d29830,23.6473
3,13,5000,0.736525,0.381862,27461,7011,446,biscoito,166e0141fb,17.7643
3,14,5000,0.736525,0.381862,27461,7011,446,biscoito,166e0141fb,17.7643
3,15,5000,0.728992,0.381204,27482,7012,445,biscoito,6af6de7ee9,24.0923
3,16,5000,0.728440,0.369589,27489,6962,430,biscoito,bc803e80ad,22.7738
3,1,5000,0.730198,0.374334,27549,6877,434,biscoito,8333e6618e,24.9526
3,2,5000,0.725988,0.378045,27489,7061,450,biscoito,0bf35715fe,22.8451
3,3,5000,0.735958,0.377680,27417,6982,445,biscoito,1131602dca,23.7914
3,4,5000,0.732027,0.389395,27405,6933,451,biscoito,097a5cd920,23.7765
3,5,5000,0.730246,0.381526,27449,7019,446,biscoito,ad1884b810,24.5503
3,6,5000,0.735251,0.382431,27450,7011,444,biscoito,0bb302f962,24.1004
3,7,5000,0.726971,0.381261,27267,6945,435,biscoito,36d8b9c6c5,24.5407
3,8,5000,0.726855,0.383560,27415,6996,448,biscoito,df9dbb8f1f,22.7227
3,9,5000,0.726563,0.376811,27467,7004,438,biscoito,7247cc62cb,23.3468
3,10,5000,0.734859,0.380959,27339,7005,448,biscoito,68ec0811b9,23.1449
3,11,5000,0.732147,0.374694,27414,6952,437,biscoito,8b3fee5214,23.1626
3,12,5000,0.731680,0.392069,27414,6985,450,biscoito,cfba5aae2d,23.1588
3,17,5000,0.728492,0.387183,27393,6950,449,biscoito,f34f79756b,22.7321
3,18,5000,0.731863,0.379325,27445,7012,446,biscoito,e1193f6534,22.3463
3,19,5000,0.721571,0.382372,27449,6960,443,biscoito,b41163ac53,21.8280
4,0,5000,0.731680,0.392069,27414,6985,450,biscoito,cfba5aae2d,23.1588
4,1,5000,0.734911,0.391317,27413,6984,450,biscoito,9d00543de7,24.8520
4,2,5000,0.729455,0.387855,27365,6933,446,biscoito,829a52ec65,22.5289
4,3,5000,0.732946,0.387772,27393,6936,448,biscoito,344485727a,24.8487
4,4,5000,0.731652,0.390250,27407,6950,451,biscoito,3716ecb01f,24.6726
4,5,5000,0.729850,0.385733,27392,6954,445,biscoito,aefb14f5f4,23.9906
4,6,5000,0.727015,0.387032,27471,6984,445,biscoito,7c9ea2c016,23.5962
4,7,5000,0.729595,0.377747,27401,6984,436,biscoito,59b4b40416,25.2042
4,8,5000,0.726292,0.383247,27330,6968,454,biscoito,f7019a06bc,24.6978
4,9,5000,0.730218,0.380143,27472,7025,445,biscoito,0ef9921f23,22.6182
4,10,5000,0.737907,0.380356,27461,7016,444,biscoito,7d18ec71df,24.7756
4,11,5000,0.732027,0.389596,27399,7045,448,biscoito,0a0a749f18,24.6840
4,12,5000,0.736093,0.381810,27472,6947,444,biscoito,84cdac3917,26.1311
4,13,5000,0.734244,0.381280,27449,7012,446,biscoito,98f8950174,27.2307
4,14,5000,0.728385,0.380177,27473,7005,445,biscoito,cb2d0b1b96,24.5361
4,15,5000,0.729323,0.382722,27445,6987,450,biscoito,4c260f638b,24.7056
4,16,5000,0.737020,0.390262,27329,6933,445,biscoito,84e94464e9,24.9262
4,17,5000,0.727074,0.386590,27432,7050,453,biscoito,fc933abadd,17.0279
4,18,5000,0.734987,0.379406,27424,6931,440,biscoito,58aa241e57,14.2001
4,19,5000,0.730993,0.375553,27401,6956,442,biscoito,8121d66a9c,14.0390
5,0,5000,0.731680,0.392069,27414,6985,450,biscoito,cfba5aae2d,23.1588
5,6,5000,0.731680,0.392069,27414,6985,450,biscoito,cfba5aae2d,23.1588
5,9,5000,0.729455,0.387855,27365,6933,446,biscoito,829a52ec65,22.5289
5,18,5000,0.731652,0.390250,27407,6950,451,biscoito,3716ecb01f,24.6726
5,19,5000,0.737020,0.390262,27329,6933,445,biscoito,84e94464e9,24.9262
5,1,5000,0.732702,0.390942,27419,6983,450,biscoito,8760665cd4,24.2837
5,2,5000,0.725029,0.384218,27484,7060,451,biscoito,3038077b8b,24.3543
5,3,5000,0.724434,0.384323,27339,7099,447,biscoito,4ac24ce4d1,24.1982
5,4,5000,0.720440,0.381181,27398,6908,446,biscoito,6ca95219fd,23.4835
5,5,5000,0.729978,0.389026,27387,6941,448,biscoito,aa941b4e4b,22.7939
5,7,5000,0.726228,0.386517,27414,6953,449,biscoito,ea9ac41103,24.3787
5,8,5000,0.733613,0.391355,27346,6933,448,biscoito,10fcf466b4,23.3610
5,10,5000,0.732818,0.385468,27367,6943,446,biscoito,bfb968a2d2,25.0638
5,11,5000,0.732455,0.389926,27421,6986,448,biscoito,923462ccc2,21.9950
5,12,5000,0.729866,0.390979,27402,6951,451,biscoito,7e7ff0133c,22.8580
5,13,5000,0.723803,0.384654,27458,6982,445,biscoito,72f3ff9e6e,23.2065
5,14,5000,0.724798,0.385689,27413,7051,447,biscoito,84faee67dd,22.4362
5,15,5000,0.726272,0.379017,27393,6957,445,biscoito,d8a885705f,21.7581
5,16,5000,0.725101,0.389758,27415,6982,450,biscoito,59a28d9200,22.3541
5,17,5000,0.731488,0.390297,27393,6953,451,biscoito,448e5839bf,22.0127
6,0,5000,0.731680,0.392069,27414,6985,450,biscoito,cfba5aae2d,23.1588
6,5,5000,0.732455,0.389926,27421,6986,448,biscoito,923462ccc2,21.9950
6,13,5000,0.731488,0.390297,27393,6953,451,biscoito,448e5839bf,22.0127
6,14,5000,0.731680,0.392069,27414,6985,450,biscoito,cfba5aae2d,23.1588
6,1,5000,0.731276,0.390401,27391,6922,452,biscoito,ba2a1fcc3b,23.2462
6,2,5000,0.733186,0.389008,27407,6979,451,biscoito,6b0a8e842c,23.3418
6,3,5000,0.731352,0.387213,27397,6984,450,biscoito,b09c3a52b4,25.0448
6,4,5000,0.731212,0.386658,27420,6954,449,biscoito,cf5fb50f9e,24.5984
6,6,5000,0.734683,0.386841,27329,6913,445,biscoito,003b10b07b,23.7067
6,7,5000,0.733545,0.394738,27411,6990,452,biscoito,b2adf603e9,24.1732
6,8,5000,0.732311,0.385490,27404,6953,450,biscoito,79721cb4a1,25.4516
6,9,5000,0.724502,0.383776,27402,6947,450,biscoito,4926c6c3ba,24.5148
6,10,5000,0.731436,0.392205,27417,6986,452,biscoito,8ecb8592c9,25.1170
6,11,5000,0.732982,0.389034,27420,6986,450,biscoito,dc8d0acc98,23.0815
6,12,5000,0.731808,0.387500,27410,6948,449,biscoito,1d8a164ba5,23.9920
6,15,5000,0.733553,0.389077,27415,6983,450,biscoito,078389540c,23.6549
6,16,5000,0.731180,0.390122,27418,6986,450,biscoito,b9fe16d581,24.3118
6,17,5000,0.732846,0.392413,27391,6974,450,biscoito,46fcbed12c,23.3221
6,18,5000,0.732527,0.387941,27406,6920,452,biscoito,2f8906875c,21.2976
6,19,5000,0.724219,0.382737,27421,6951,450,biscoito,ddbc39b805,21.3675
7,0,5000,0.733545,0.394738,27411,6990,452,biscoito,b2adf603e9,24.1732
7,1,5000,0.731680,0.392069,27414,6985,450,biscoito,cfba5aae2d,23.1588
7,2,5000,0.731680,0.392069,27414,6985,450,biscoito,cfba5aae2d,23.1588
7,7,5000,0.732455,0.389926,27421,6986,448,biscoito,923462ccc2,21.9950
7,8,5000,0.732455,0.389926,27421,6986,448,biscoito,923462ccc2,21.9950
7,9,5000,0.731276,0.390401,27391,6922,452,biscoito,ba2a1fcc3b,23.2462
7,10,5000,0.733553,0.389077,27415,6983,450,biscoito,078389540c,23.6549
7,14,5000,0.731488,0.390297,27393,6953,451,biscoito,448e5839bf,22.0127
7,3,5000,0.730505,0.390146,27416,6984,452,biscoito,93a422d734,24.0139
7,4,5000,0.725429,0.387384,27411,6984,450,biscoito,a6b250d212,22.0799
7,5,5000,0.731396,0.386065,27377,6935,451,biscoito,7d71c285cb,22.6949
7,6,5000,0.727362,0.388837,27416,6997,452,biscoito,1ca3c43676,24.8796
7,11,5000,0.733381,0.388760,27410,6975,449,biscoito,d7c3b18570,24.1109
7,12,5000,0.725069,0.389920,27402,6982,450,biscoito,9276df5735,25.3319
7,13,5000,0.728844,0.391105,27387,6933,449,biscoito,45010216c0,25.2161
7,15,5000,0.728664,0.385827,27390,6973,450,biscoito,c002273bcd,22.4612
7,16,5000,0.725069,0.387881,27411,6991,452,biscoito,02906f58b4,16.9069
7,17,5000,0.731796,0.386852,27410,6944,452,biscoito,d118f72546,16.4493
7,18,5000,0.729739,0.388972,27404,6967,452,biscoito,156628a8df,15.9424
7,19,5000,0.729779,0.387647,27413,6985,451,biscoito,7208e7d030,15.2129
8,0,5000,0.733545,0.394738,27411,6990,452,biscoito,b2adf603e9,24.1732
8,4,5000,0.731680,0.392069,27414,6985,450,biscoito,cfba5aae2d,23.1588
8,9,5000,0.731680,0.392069,27414,6985,450,biscoito,cfba5aae2d,23.1588
8,10,5000,0.732455,0.389926,27421,6986,448,biscoito,923462ccc2,21.9950
8,11,5000,0.732455,0.389926,27421,6986,448,biscoito,923462ccc2,21.9950
8,12,5000,0.731680,0.392069,27414,6985,450,biscoito,cfba5aae2d,23.1588
8,13,5000,0.731680,0.392069,27414,6985,450,biscoito,cfba5aae2d,23.1588
8,14,5000,0.732455,0.389926,27421,6986,448,biscoito,923462ccc2,21.9950
8,1,5000,0.726911,0.385134,27414,6979,452,biscoito,a7fac68902,23.1909
8,2,5000,0.731899,0.388581,27406,6938,452,biscoito,f8ab17502c,24.8589
8,3,5000,0.732618,0.392307,27427,6975,448,biscoito,071801678a,24.6804
8,5,5000,0.730130,0.387631,27411,6923,450,biscoito,7b2b7defbe,23.0574
8,6,5000,0.730485,0.388575,27384,6940,448,biscoito,fca1631915,25.0828
8,7,5000,0.730266,0.389777,27392,6949,451,biscoito,ed2b01dad7,23.5572
8,8,5000,0.725848,0.391009,27396,6975,452,biscoito,cc8c151ec2,23.1305
8,15,5000,0.729635,0.386787,27414,6962,450,biscoito,eb7edae875,23.2266
8,16,5000,0.726703,0.384794,27415,6981,449,biscoito,2bf4f2d5cc,16.0112
8,17,5000,0.730869,0.391319,27395,6995,450,biscoito,6e889e34ab,15.4239
8,18,5000,0.733701,0.388973,27406,6991,452,biscoito,dda1677f6c,15.2745
8,19,5000,0.731440,0.394033,27386,6938,450,biscoito,82079fd89e,14.9853
9,0,5000,0.733545,0.394738,27411,6990,452,biscoito,b2adf603e9,24.1732
9,1,5000,0.733545,0.394738,27411,6990,452,biscoito,b2adf603e9,24.1732
9,2,5000,0.731680,0.392069,27414,6985,450,biscoito,cfba5aae2d,23.1588
9,9,5000,0.733545,0.394738,27411,6990,452,biscoito,b2adf603e9,24.1732
9,10,5000,0.733545,0.394738,27411,6990,452,biscoito,b2adf603e9,24.1732
9,19,5000,0.732455,0.389926,27421,6986,448,biscoito,923462ccc2,21.9950
9,3,5000,0.733865,0.391402,27400,6981,452,biscoito,f843ecc27a,24.3726
9,4,5000,0.728948,0.392521,27420,6987,451,biscoito,000ffcc482,23.7470
9,5,5000,0.730485,0.394443,27391,6944,451,biscoito,b9a607235b,23.1522
9,6,5000,0.733817,0.389755,27418,6969,447,biscoito,ea2a08e04c,23.5424
9,7,5000,0.731328,0.390050,27400,6985,450,biscoito,34f410327b,22.1162
9,8,5000,0.728117,0.388091,27396,6981,450,biscoito,65f9f7b89d,22.9716
9,11,5000,0.727430,0.388015,27393,6970,450,biscoito,9ff568a451,23.7721
9,12,5000,0.731264,0.389612,27409,7004,451,biscoito,a7f766bc1b,24.0991
9,13,5000,0.730398,0.394039,27402,6965,453,biscoito,162902679d,21.1583
9,14,5000,0.732523,0.392337,27397,6960,448,biscoito,297274c0b1,21.3289
9,15,5000,0.728265,0.392266,27411,6991,452,biscoito,90b1ae17fe,21.0639
9,16,5000,0.733353,0.390244,27412,6985,450,biscoito,72711b382c,21.1721
9,17,5000,0.733186,0.389188,27410,6976,449,biscoito,fffe5e4b60,21.0394
9,18,5000,0.727706,0.390934,27399,7005,451,biscoito,ad6119bf7b,22.0676
10,0,5000,0.733545,0.394738,27411,6990,452,biscoito,b2adf603e9,24.1732
10,3,5000,0.730398,0.394039,27402,6965,453,biscoito,162902679d,21.1583
10,4,5000,0.730398,0.394039,27402,6965,453,biscoito,162902679d,21.1583
10,14,5000,0.733545,0.394738,27411,6990,452,biscoito,b2adf603e9,24.1732
10,15,5000,0.733545,0.394738,27411,6990,452,biscoito,b2adf603e9,24.1732
10,16,5000,0.733545,0.394738,27411,6990,452,biscoito,b2adf603e9,24.1732
10,1,5000,0.729040,0.395637,27386,6983,452,biscoito,078b60e976,23.6123
10,2,5000,0.734715,0.391149,27413,6970,450,biscoito,14d60f2e36,24.1190
10,5,5000,0.732638,0.392095,27409,6993,452,biscoito,365cf3ac24,23.0575
10,6,5000,0.734348,0.392446,27413,6989,451,biscoito,017140eab6,22.9741
10,7,5000,0.732994,0.395829,27407,6964,452,biscoito,4adbfef736,25.0633
10,8,5000,0.730677,0.393058,27393,6994,450,biscoito,a60c2551d1,23.7611
10,9,5000,0.732910,0.390733,27402,6984,451,biscoito,698c9c55b4,25.1586
10,10,5000,0.734108,0.394859,27418,6992,452,biscoito,a5d5050e65,23.4515
10,11,5000,0.727422,0.392664,27405,6976,452,biscoito,66233c7a3a,20.5681
10,12,5000,0.732930,0.390870,27420,6975,451,biscoito,7a8332cca4,20.9999
10,13,5000,0.734348,0.390596,27390,6965,451,biscoito,72e4e55a36,21.9987
10,17,5000,0.735255,0.392129,27420,6983,451,biscoito,c11d54c7fc,21.6339
10,18,5000,0.729343,0.392737,27418,6988,452,biscoito,9bb4f8ac4e,21.2346
10,19,5000,0.732934,0.396201,27396,7006,451,biscoito,4dfaa7b385,20.8104
11,0,5000,0.732934,0.396201,27396,7006,451,biscoito,4dfaa7b385,20.8104
11,6,5000,0.733545,0.394738,27411,6990,452,biscoito,b2adf603e9,24.1732
11,11,5000,0.733545,0.394738,27411,6990,452,biscoito,b2adf603e9,24.1732
11,12,5000,0.729343,0.392737,27418,6988,452,biscoito,9bb4f8ac4e,21.2346
11,1,5000,0.733138,0.389421,27419,6997,450,biscoito,51c2439b32,24.6075
11,2,5000,0.734184,0.391111,27412,6997,452,biscoito,437a09d440,24.0343
11,3,5000,0.730314,0.389720,27410,6986,450,biscoito,882eefd5d5,25.4251
11,4,5000,0.729834,0.393411,27410,6982,452,biscoito,aae279dd8d,21.7996
11,5,5000,0.724994,0.387605,27405,6993,448,biscoito,e366a7e176,24.0544
11,7,5000,0.726371,0.389272,27401,7001,451,biscoito,addc767d1b,25.2806
11,8,5000,0.730306,0.389164,27416,7001,454,biscoito,80f7fc12d0,23.6505
11,9,5000,0.734595,0.391218,27416,6979,451,biscoito,ee97656a44,24.1073
11,10,5000,0.729826,0.394656,27398,6982,453,biscoito,aa97a8199d,25.2328
11,13,5000,0.735043,0.389462,27388,6995,449,biscoito,9221ee0eed,24.0055
11,14,5000,0.732798,0.391766,27390,6982,449,biscoito,81029c6e82,24.7762
11,15,5000,0.724738,0.387319,27409,6968,451,biscoito,d6a0231e24,25.2851
11,16,5000,0.730466,0.392598,27413,6984,453,biscoito,12b76ca228,24.0640
11,17,5000,0.733257,0.391066,27393,6993,450,biscoito,1b1e32572c,24.7795
11,18,5000,0.725876,0.387863,27418,6993,452,biscoito,105f9eb2e5,24.2613
11,19,5000,0.734799,0.393680,27392,6970,452,biscoito,0a576750fd,23.8632
12,0,5000,0.732934,0.396201,27396,7006,451,biscoito,4dfaa7b385,20.8104
12,7,5000,0.733138,0.389421,27419,6997,450,biscoito,51c2439b32,24.6075
12,8,5000,0.732934,0.396201,27396,7006,451,biscoito,4dfaa7b385,20.8104
12,9,5000,0.733545,0.394738,27411,6990,452,biscoito,b2adf603e9,24.1732
12,10,5000,0.729834,0.393411,27410,6982,452,biscoito,aae279dd8d,21.7996
12,15,5000,0.732934,0.396201,27396,7006,451,biscoito,4dfaa7b385,20.8104
12,16,5000,0.730314,0.389720,27410,6986,450,biscoito,882eefd5d5,25.4251
12,19,5000,0.730314,0.389720,27410,6986,450,biscoito,882eefd5d5,25.4251
12,1,5000,0.726719,0.391906,27399,6996,450,biscoito,741911c4e8,22.4727
12,2,5000,0.732219,0.390391,27407,7001,452,biscoito,79590b4b31,23.1613
12,3,5000,0.724131,0.388820,27411,6984,450,biscoito,e0e97ad5c1,22.3506
12,4,5000,0.732538,0.392172,27384,6981,451,biscoito,dd557977d5,24.1683
12,5,5000,0.731504,0.385638,27438,6975,451,biscoito,c332e9ce7b,24.4846
12,6,5000,0.727031,0.393204,27400,6967,453,biscoito,94c86a48a2,25.2500
12,11,5000,0.728652,0.393921,27407,7006,451,biscoito,f72744e2b8,23.7445
12,12,5000,0.726316,0.387085,27396,6986,452,biscoito,3c9987e065,23.7512
12,13,5000,0.727043,0.391399,27390,6998,450,biscoito,83896b512b,18.0824
12,14,5000,0.725013,0.389072,27409,6988,452,biscoito,8b02214837,18.0248
12,17,5000,0.732702,0.390619,27416,6990,451,biscoito,9dfd13da5a,17.4591
12,18,5000,0.732375,0.391157,27404,6987,452,biscoito,8c032183bf,16.3499
13,0,5000,0.732934,0.396201,27396,7006,451,biscoito,4dfaa7b385,20.8104
13,5,5000,0.732538,0.392172,27384,6981,451,biscoito,dd557977d5,24.1683
13,6,5000,0.732934,0.396201,27396,7006,451,biscoito,4dfaa7b385,20.8104
13,13,5000,0.726719,0.391906,27399,6996,450,biscoito,741911c4e8,22.4727
13,14,5000,0.733545,0.394738,27411,6990,452,biscoito,b2adf603e9,24.1732
13,1,5000,0.735842,0.393036,27403,7010,451,biscoito,778ab7fa2f,22.5870
13,2,5000,0.731504,0.392313,27398,7013,451,biscoito,082d6bd53a,24.8691
13,3,5000,0.734735,0.393727,27393,6988,449,biscoito,cd19c2c649,24.9418
13,4,5000,0.728456,0.394556,27410,6984,451,biscoito,fc866f445f,24.5609
13,7,5000,0.731712,0.389452,27426,6992,453,biscoito,bf5d861245,22.7530
13,8,5000,0.732159,0.394671,27406,6993,452,biscoito,6b0783e94c,22.8427
13,9,5000,0.729842,0.388513,27379,6977,451,biscoito,e04e58b49e,24.2111
13,10,5000,0.736509,0.392465,27392,7023,447,biscoito,e7ce85b9de,24.0321
13,11,5000,0.736017,0.392860,27386,7016,452,biscoito,5860e6a988,22.6501
13,12,5000,0.731955,0.392319,27395,7010,451,biscoito,06827682eb,22.2403
13,15,5000,0.732622,0.396224,27403,7003,451,biscoito,afff73ba5c,22.9368
13,16,5000,0.731596,0.392495,27393,7011,451,biscoito,d06e69d221,21.9009
13,17,5000,0.735726,0.396078,27400,6992,451,biscoito,985f2aa640,22.4758
13,18,5000,0.728828,0.392319,27380,6992,451,biscoito,30366588c8,22.0226
13,19,5000,0.736720,0.393448,27404,6995,451,biscoito,cf4882d40b,21.1535
14,0,5000,0.732622,0.396224,27403,7003,451,biscoito,afff73ba5c,22.9368
14,1,5000,0.732934,0.396201,27396,7006,451,biscoito,4dfaa7b385,20.8104
14,14,5000,0.732159,0.394671,27406,6993,452,biscoito,6b0783e94c,22.8427
14,18,5000,0.732622,0.396224,27403,7003,451,biscoito,afff73ba5c,22.9368
14,2,5000,0.728241,0.390776,27387,6997,449,biscoito,38f0712894,25.4270
14,3,5000,0.730182,0.395146,27399,7012,451,biscoito,9e3c529e6c,23.5820
14,4,5000,0.728664,0.392386,27406,6995,450,biscoito,120e41f2df,24.6147
14,5,5000,0.730146,0.387275,27406,6991,450,biscoito,aa1fc86d0f,24.6958
14,6,5000,0.725824,0.392473,27392,7003,451,biscoito,b65e96d614,23.5111
14,7,5000,0.732966,0.390762,27404,7005,451,biscoito,b9f66fc9bb,24.0546
14,8,5000,0.731732,0.388348,27376,6971,450,biscoito,1d85edf239,25.9980
14,9,5000,0.728209,0.391773,27397,6998,452,biscoito,6c6e85ff83,24.3587
14,10,5000,0.730222,0.394804,27409,6997,451,biscoito,a3ca56c04c,23.6696
14,11,5000,0.729048,0.393236,27393,7002,451,biscoito,36e905e16b,24.4117
14,12,5000,0.729151,0.393287,27407,7003,451,biscoito,970386ff65,25.2857
14,13,5000,0.725617,0.389268,27428,6987,451,biscoito,25e1629a56,25.5435
14,15,5000,0.730525,0.389738,27398,7003,450,biscoito,d92fe389ab,24.7938
14,16,5000,0.733214,0.390624,27404,6986,451,biscoito,9a7e476e23,24.5394
14,17,5000,0.728768,0.392450,27375,7023,451,biscoito,751d14ae4e,22.4434
14,19,5000,0.733741,0.391220,27417,7002,451,biscoito,160851be69,22.6280
15,0,5000,0.732622,0.396224,27403,7003,451,biscoito,afff73ba5c,22.9368
15,9,5000,0.732622,0.396224,27403,7003,451,biscoito,afff73ba5c,22.9368
15,10,5000,0.730222,0.394804,27409,6997,451,biscoito,a3ca56c04c,23.6696
15,13,5000,0.732934,0.396201,27396,7006,451,biscoito,4dfaa7b385,20.8104
15,14,5000,0.732934,0.396201,27396,7006,451,biscoito,4dfaa7b385,20.8104
15,1,5000,0.731712,0.394223,27394,7007,451,biscoito,34a67a8203,26.0494
15,2,5000,0.734032,0.389706,27394,7002,451,biscoito,4ccf9ce70b,23.3067
15,3,5000,0.730230,0.392337,27400,6993,452,biscoito,2aa370286f,24.8818
15,4,5000,0.725888,0.385628,27406,6996,452,biscoito,7275546ad0,26.5221
15,5,5000,0.725956,0.389491,27369,7023,451,biscoito,813889db89,25.1423
15,6,5000,0.733972,0.395924,27415,7005,450,biscoito,b1278249f2,23.6419
15,7,5000,0.729032,0.388673,27388,7012,451,biscoito,59a7e00e37,22.9212
15,8,5000,0.725521,0.389462,27389,7014,450,biscoito,b2e7bff5c6,24.5966
15,11,5000,0.735063,0.389845,27403,6995,451,biscoito,c70b409ae7,23.6402
15,12,5000,0.731911,0.394539,27411,7009,451,biscoito,c1ae3b6f5c,23.1715
15,15,5000,0.730246,0.393198,27405,7002,451,biscoito,74f973f578,22.1689
15,16,5000,0.734248,0.393480,27432,7007,448,biscoito,88d1081dd8,21.8927
15,17,5000,0.729259,0.388795,27405,7003,451,biscoito,08f745650a,22.6601
15,18,5000,0.726855,0.390433,27408,6994,451,biscoito,bd370a8351,21.8519
15,19,5000,0.726603,0.387518,27399,7005,451,biscoito,d9f8ccb87a,21.8382
16,0,5000,0.732622,0.396224,27403,7003,451,biscoito,afff73ba5c,22.9368
16,1,5000,0.732934,0.396201,27396,7006,451,biscoito,4dfaa7b385,20.8104
16,2,5000,0.732622,0.396224,27403,7003,451,biscoito,afff73ba5c,22.9368
16,8,5000,0.732622,0.396224,27403,7003,451,biscoito,afff73ba5c,22.9368
16,3,5000,0.731524,0.390622,27407,7001,451,biscoito,2527e25c40,25.8360
16,4,5000,0.724646,0.390509,27401,6998,451,biscoito,870f145fba,25.7169
16,5,5000,0.728149,0.388905,27411,6995,451,biscoito,68c96301df,27.2412
16,6,5000,0.728508,0.388625,27406,7004,451,biscoito,876850f07d,26.9096
16,7,5000,0.731236,0.389951,27390,6985,449,biscoito,26ac1fe9b8,26.2779
16,9,5000,0.731288,0.393533,27409,7003,451,biscoito,b717fe7163,27.9204
16,10,5000,0.731033,0.385421,27406,7003,450,biscoito,0898af225b,25.3330
16,11,5000,0.728572,0.390881,27409,7016,451,biscoito,45439e492c,26.4122
16,12,5000,0.731396,0.390721,27402,7003,451,biscoito,4f8a36cefd,25.7533
16,13,5000,0.725125,0.390487,27410,7003,451,biscoito,27a74abcf3,25.1102
16,14,5000,0.729818,0.390579,27413,7010,451,biscoito,7a63ca1950,25.1971
16,15,5000,0.730677,0.385841,27414,7011,451,biscoito,05e7920bdd,26.1635
16,16,5000,0.732862,0.393238,27398,6998,451,biscoito,c72538af2a,25.0761
16,17,5000,0.727949,0.388601,27413,6994,451,biscoito,4ecfd7aaad,25.8943
16,18,5000,0.731328,0.391983,27392,7006,450,biscoito,2b93119e76,24.1013
16,19,5000,0.728277,0.390864,27417,7001,451,biscoito,54c9faacec,23.1309
17,0,5000,0.732622,0.396224,27403,7003,451,biscoito,afff73ba5c,22.9368
17,1,5000,0.725768,0.387026,27399,7006,451,biscoito,398801dbe9,23.6820
17,2,5000,0.731608,0.393544,27402,7006,451,biscoito,a1fd2301c3,22.3932
17,3,5000,0.723839,0.389506,27406,7001,451,biscoito,28eb8f6798,23.7284
17,4,5000,0.731496,0.394080,27406,7004,451,biscoito,92ece7fccb,23.3402
17,5,5000,0.733353,0.395433,27400,7001,451,biscoito,0776812b47,25.3786
17,6,5000,0.732395,0.394665,27397,7006,451,biscoito,1bd1964b86,22.6292
17,7,5000,0.735838,0.394750,27399,7005,451,biscoito,ff77ead169,23.6229
17,8,5000,0.731021,0.393163,27418,6996,452,biscoito,dd5810c022,23.5554
17,9,5000,0.731324,0.389665,27397,6998,449,biscoito,b455ad59f7,26.3241
17,10,5000,0.725760,0.386981,27398,7007,451,biscoito,280217909c,24.0991
17,11,5000,0.724243,0.390723,27396,7005,451,biscoito,41298d046f,25.4644
17,12,5000,0.731488,0.393926,27417,7005,451,biscoito,bc8607a44a,23.0799
17,13,5000,0.732275,0.393474,27395,6999,451,biscoito,818165e4b9,25.2167
17,14,5000,0.733110,0.395439,27415,7004,451,biscoito,114a28048f,23.6099
17,15,5000,0.734891,0.393632,27413,7010,451,biscoito,6668159afb,25.0631
17,16,5000,0.731468,0.393084,27396,7004,451,biscoito,3c2f30253b,24.1663
17,17,5000,0.725553,0.387147,27404,7002,451,biscoito,ec0a0b375c,15.3683
17,18,5000,0.731863,0.393737,27401,7007,451,biscoito,60e174df7b,15.4660
17,19,5000,0.731676,0.393773,27398,7005,451,biscoito,7fb43c6a98,14.8130
18,0,5000,0.732622,0.396224,27403,7003,451,biscoito,afff73ba5c,22.9368
18,5,5000,0.732622,0.396224,27403,7003,451,biscoito,afff73ba5c,22.9368
18,6,5000,0.732622,0.396224,27403,7003,451,biscoito,afff73ba5c,22.9368
18,1,5000,0.730873,0.393223,27424,7009,451,biscoito,232fcef0d0,24.8292
18,2,5000,0.734308,0.392031,27407,7001,451,biscoito,f757305104,25.1478
18,3,5000,0.719298,0.388449,27407,7003,448,biscoito,ab294fbb44,24.1161
18,4,5000,0.725433,0.392528,27403,7010,450,biscoito,e8a291785f,23.0309
18,7,5000,0.730114,0.394442,27401,7002,451,biscoito,3512f6484d,23.6236
18,8,5000,0.736113,0.392000,27395,7006,451,biscoito,457ee53aa9,23.1753
18,9,5000,0.723747,0.393618,27409,7004,451,biscoito,2a483bcd02,21.0728
18,10,5000,0.729036,0.389517,27411,7012,450,biscoito,6cd7b94d87,23.5854
18,11,5000,0.724446,0.394701,27395,7023,453,biscoito,e9101a9e44,24.3189
18,12,5000,0.721271,0.393075,27399,7003,451,biscoito,fb11fa8d89,24.8042
18,13,5000,0.729834,0.394434,27406,7006,451,biscoito,a8bd55d998,22.6927
18,14,5000,0.730693,0.392906,27398,7004,451,biscoito,21f1677624,23.4895
18,15,5000,0.724195,0.393248,27415,7006,450,biscoito,36ef8b6778,24.5753
18,16,5000,0.734807,0.392848,27401,7005,451,biscoito,803734e7f1,24.8168
18,17,5000,0.735969,0.392318,27403,7003,451,biscoito,1eb630b8ee,24.2024
18,18,5000,0.728588,0.389257,27410,7003,451,biscoito,7910e08f4b,22.3718
18,19,5000,0.730018,0.394765,27418,7006,451,biscoito,2539c90dc5,10.6539
19,0,5000,0.732622,0.396224,27403,7003,451,biscoito,afff73ba5c,22.9368
19,2,5000,0.729834,0.394434,27406,7006,451,biscoito,a8bd55d998,22.6927
19,5,5000,0.732622,0.396224,27403,7003,451,biscoito,afff73ba5c,22.9368
19,6,5000,0.723747,0.393618,27409,7004,451,biscoito,2a483bcd02,21.0728
19,8,5000,0.724446,0.394701,27395,7023,453,biscoito,e9101a9e44,24.3189
19,11,5000,0.732622,0.396224,27403,7003,451,biscoito,afff73ba5c,22.9368
19,12,5000,0.732622,0.396224,27403,7003,451,biscoito,afff73ba5c,22.9368
19,1,5000,0.729958,0.394161,27399,6995,450,biscoito,1220432944,21.9545
19,3,5000,0.726439,0.389482,27410,7009,450,biscoito,27080bf42b,24.8839
19,4,5000,0.727019,0.390412,27421,7008,451,biscoito,bfbadfc497,24.6068
19,7,5000,0.731624,0.393872,27396,7001,452,biscoito,02009f5625,23.0828
19,9,5000,0.733401,0.393732,27414,7013,451,biscoito,0652e40913,23.3729
19,10,5000,0.729387,0.391734,27393,6986,449,biscoito,41fe446e0f,22.7829
19,13,5000,0.731552,0.389391,27422,7010,451,biscoito,0eedc47510,24.5787
19,14,5000,0.731644,0.393465,27404,7003,451,biscoito,366aa05b61,23.4508
19,15,5000,0.729603,0.391649,27406,7014,450,biscoito,228fa57ffb,20.3381
19,16,5000,0.727769,0.390617,27416,7008,451,biscoito,c0b05a5b19,19.0212
19,17,5000,0.726663,0.389850,27416,7004,451,biscoito,0791fe29ba,19.0340
19,18,5000,0.732986,0.392265,27406,7006,450,biscoito,79973f106e,18.8683
19,19,5000,0.729515,0.390758,27410,7004,451,biscoito,ec8f544fd2,18.7830
20,0,5000,0.732622,0.396224,27403,7003,451,biscoito,afff73ba5c,22.9368
20,1,5000,0.732622,0.396224,27403,7003,451,biscoito,afff73ba5c,22.9368
20,2,5000,0.724446,0.394701,27395,7023,453,biscoito,e9101a9e44,24.3189
20,3,5000,0.732622,0.396224,27403,7003,451,biscoito,afff73ba5c,22.9368
20,4,5000,0.732622,0.396224,27403,7003,451,biscoito,afff73ba5c,22.9368
20,7,5000,0.729834,0.394434,27406,7006,451,biscoito,a8bd55d998,22.6927
20,9,5000,0.732622,0.396224,27403,7003,451,biscoito,afff73ba5c,22.9368
20,11,5000,0.732622,0.396224,27403,7003,451,biscoito,afff73ba5c,22.9368
20,12,5000,0.732622,0.396224,27403,7003,451,biscoito,afff73ba5c,22.9368
20,5,5000,0.730306,0.388042,27408,7016,450,biscoito,b0ce5f70e6,25.8829
20,6,5000,0.734228,0.394915,27405,7008,451,biscoito,04da83a5fc,26.5926
20,8,5000,0.733661,0.397234,27395,7008,451,biscoito,2ea4f62aeb,25.5731
20,10,5000,0.729675,0.393069,27399,7001,450,biscoito,432cbc5f3d,25.9092
20,13,5000,0.730334,0.392864,27389,7008,451,biscoito,f70b6ad3f3,24.5872
20,14,5000,0.734260,0.393421,27392,7018,452,biscoito,1aa60e55f8,25.3972
20,15,5000,0.725529,0.390132,27388,6970,455,biscoito,11187cb8ef,23.6550
20,16,5000,0.728812,0.389243,27408,7009,450,biscoito,155406d49f,23.3495
20,17,5000,0.730785,0.390040,27404,6992,449,biscoito,4bbbb7a0df,14.2045
20,18,5000,0.733130,0.394433,27428,7019,452,biscoito,9e4e015b8c,13.8938
20,19,5000,0.730777,0.390352,27389,7000,448,biscoito,66a5afdb52,13.7752
21,0,5000,0.733661,0.397234,27395,7008,451,biscoito,2ea4f62aeb,25.5731
21,3,5000,0.732622,0.396224,27403,7003,451,biscoito,afff73ba5c,22.9368
21,4,5000,0.733661,0.397234,27395,7008,451,biscoito,2ea4f62aeb,25.5731
21,6,5000,0.732622,0.396224,27403,7003,451,biscoito,afff73ba5c,22.9368
21,9,5000,0.732622,0.396224,27403,7003,451,biscoito,afff73ba5c,22.9368
21,10,5000,0.732622,0.396224,27403,7003,451,biscoito,afff73ba5c,22.9368
21,14,5000,0.732622,0.396224,27403,7003,451,biscoito,afff73ba5c,22.9368
21,1,5000,0.728804,0.389651,27414,7006,449,biscoito,8243cf28d9,25.3056
21,2,5000,0.729990,0.389629,27384,7005,453,biscoito,39c7398a5f,24.3380
21,5,5000,0.721598,0.386227,27397,6998,446,biscoito,f3e2a95754,23.8432
21,7,5000,0.727194,0.392880,27378,6992,454,biscoito,f83a8e87df,23.6742
21,8,5000,0.726395,0.392790,27408,6979,453,biscoito,76b164ca4d,24.9153
21,11,5000,0.732003,0.390394,27400,6988,452,biscoito,8b73b6b034,26.7800
21,12,5000,0.729251,0.393530,27415,7005,449,biscoito,dda2f11b7b,24.7858
21,13,5000,0.726751,0.389286,27433,7006,450,biscoito,8424080465,23.4030
21,15,5000,0.723887,0.393743,27398,7012,453,biscoito,bf6355f9ad,18.8610
21,16,5000,0.728105,0.388223,27406,7011,450,biscoito,5ab594c452,18.8788
21,17,5000,0.727294,0.390885,27403,7002,451,biscoito,764f998cac,18.6246
21,18,5000,0.729551,0.390164,27402,7002,451,biscoito,3dca3ec607,18.4556
21,19,5000,0.727150,0.393138,27415,7007,451,biscoito,20d4b3569c,18.0677
22,0,5000,0.733661,0.397234,27395,7008,451,biscoito,2ea4f62aeb,25.5731
22,1,5000,0.732622,0.396224,27403,7003,451,biscoito,afff73ba5c,22.9368
22,2,5000,0.732622,0.396224,27403,7003,451,biscoito,afff73ba5c,22.9368
22,3,5000,0.732622,0.396224,27403,7003,451,biscoito,afff73ba5c,22.9368
22,4,5000,0.733661,0.397234,27395,7008,451,biscoito,2ea4f62aeb,25.5731
22,11,5000,0.729990,0.389629,27384,7005,453,biscoito,39c7398a5f,24.3380
22,12,5000,0.728804,0.389651,27414,7006,449,biscoito,8243cf28d9,25.3056
22,5,5000,0.724299,0.391049,27401,7009,451,biscoito,c2e35411a0,25.8419
22,6,5000,0.728512,0.391542,27409,7009,451,biscoito,b6eeadbfa2,24.8563
22,7,5000,0.725081,0.386375,27390,6997,450,biscoito,f3a31c2ed0,24.2575
22,8,5000,0.729858,0.393243,27402,7006,451,biscoito,87b521ba8f,23.1616
22,9,5000,0.732794,0.393227,27385,6999,453,biscoito,26c6c0d75d,23.3769
22,10,5000,0.727358,0.392901,27411,7011,449,biscoito,b7e1fb13ba,22.6814
22,13,5000,0.732634,0.395870,27393,7004,452,biscoito,054854346c,24.6532
22,14,5000,0.725665,0.394558,27404,7011,450,biscoito,824e5d26c8,24.9256
22,15,5000,0.729719,0.393290,27392,7008,452,biscoito,2de8bf3b75,18.2969
22,16,5000,0.725285,0.387048,27398,7003,450,biscoito,7366f28e6c,18.4576
22,17,5000,0.728828,0.393117,27378,7002,453,biscoito,d7d47f98f1,18.4718
22,18,5000,0.725253,0.389902,27410,7001,451,biscoito,da21e18ed8,18.3140
22,19,5000,0.733545,0.393241,27407,7008,451,biscoito,755a12b3d2,18.2041
23,0,5000,0.733661,0.397234,27395,7008,451,biscoito,2ea4f62aeb,25.5731
23,3,5000,0.733661,0.397234,27395,7008,451,biscoito,2ea4f62aeb,25.5731
23,4,5000,0.725665,0.394558,27404,7011,450,biscoito,824e5d26c8,24.9256
23,5,5000,0.732622,0.396224,27403,7003,451,biscoito,afff73ba5c,22.9368
23,6,5000,0.732622,0.396224,27403,7003,451,biscoito,afff73ba5c,22.9368
23,9,5000,0.725665,0.394558,27404,7011,450,biscoito,824e5d26c8,24.9256
23,10,5000,0.733661,0.397234,27395,7008,451,biscoito,2ea4f62aeb,25.5731
23,11,5000,0.733661,0.397234,27395,7008,451,biscoito,2ea4f62aeb,25.5731
23,12,5000,0.732622,0.396224,27403,7003,451,biscoito,afff73ba5c,22.9368
23,17,5000,0.728828,0.393117,27378,7002,453,biscoito,d7d47f98f1,18.4718
23,1,5000,0.736213,0.395878,27398,7010,451,biscoito,3811fb4c84,24.3121
23,2,5000,0.729495,0.394232,27353,6993,451,biscoito,94fc6a2f4e,23.3016
23,7,5000,0.725605,0.391008,27437,6990,452,biscoito,0b0d11d051,22.6063
23,8,5000,0.733944,0.397568,27393,7005,451,biscoito,62418cbfdb,24.2125
23,13,5000,0.733960,0.390286,27387,6993,453,biscoito,74283ac41c,23.2460
23,14,5000,0.727106,0.390849,27394,7012,452,biscoito,707b678515,24.8924
23,15,5000,0.731324,0.389371,27416,7010,449,biscoito,97f1da3f72,23.7138
23,16,5000,0.730326,0.389264,27399,7008,451,biscoito,f337cc2d53,23.6737
23,18,5000,0.725581,0.391704,27359,7005,451,biscoito,57623f886d,13.2903
23,19,5000,0.729563,0.394955,27398,7007,451,biscoito,72d7e1492c,12.9208
24,0,5000,0.733944,0.397568,27393,7005,451,biscoito,62418cbfdb,24.2125
24,3,5000,0.733661,0.397234,27395,7008,451,biscoito,2ea4f62aeb,25.5731
24,10,5000,0.733661,0.397234,27395,7008,451,biscoito,2ea4f62aeb,25.5731
24,16,5000,0.733944,0.397568,27393,7005,451,biscoito,62418cbfdb,24.2125
24,1,5000,0.733968,0.392356,27393,7006,451,biscoito,965a325f42,25.7697
24,2,5000,0.730821,0.391434,27404,7010,451,biscoito,26af057e56,24.4734
24,4,5000,0.728129,0.388951,27374,7016,448,biscoito,6ea70a3a0d,23.8035
24,5,5000,0.737707,0.394380,27407,7009,450,biscoito,8875996242,26.0903
24,6,5000,0.733241,0.390307,27420,7007,448,biscoito,54716f790f,23.3695
24,7,5000,0.729511,0.390342,27387,7015,448,biscoito,91a4e9c740,26.6777
24,8,5000,0.732818,0.399161,27401,7003,451,biscoito,f3c3245fcb,24.8190
24,9,5000,0.734823,0.391605,27438,7020,449,biscoito,80906ef2e5,26.3667
24,11,5000,0.729563,0.392057,27394,7009,451,biscoito,d2b78009ea,24.6700
24,12,5000,0.728421,0.390009,27403,7000,450,biscoito,da818e2cfe,25.2503
24,13,5000,0.733908,0.393411,27399,7005,451,biscoito,9ea737756a,24.2543
24,14,5000,0.732538,0.391071,27395,7006,450,biscoito,e21e273e98,24.4164
24,15,5000,0.737080,0.394084,27380,7004,451,biscoito,96b117eb78,24.3529
24,17,5000,0.733102,0.400669,27390,7009,453,biscoito,4ae70ca792,23.2875
24,18,5000,0.729327,0.394534,27422,6994,448,biscoito,82bff95fec,23.9231
24,19,5000,0.734352,0.392667,27392,7002,451,biscoito,0942ffbdd0,21.4489
25,0,5000,0.733102,0.400669,27390,7009,453,biscoito,4ae70ca792,23.2875
25,15,5000,0.733661,0.397234,27395,7008,451,biscoito,2ea4f62aeb,25.5731
25,16,5000,0.733661,0.397234,27395,7008,451,biscoito,2ea4f62aeb,25.5731
25,19,5000,0.737080,0.394084,27380,7004,451,biscoito,96b117eb78,24.3529
25,1,5000,0.730114,0.393615,27382,7034,453,biscoito,69f2eaa0b6,23.8674
25,2,5000,0.732874,0.391911,27386,7009,451,biscoito,5ba75fa16a,23.3868
25,3,5000,0.730350,0.391259,27403,7008,452,biscoito,2e72e9ce1e,23.4879
25,4,5000,0.729918,0.391659,27396,7007,452,biscoito,b51b3581da,23.7800
25,5,5000,0.728504,0.389865,27419,7016,447,biscoito,77cddc30a4,22.3488
25,6,5000,0.732610,0.391993,27423,7009,450,biscoito,fc5c0ebf6a,23.5385
25,7,5000,0.732926,0.393802,27399,6991,451,biscoito,be731f0ae0,24.3830
25,8,5000,0.730238,0.392092,27414,7011,449,biscoito,7386db0b9e,25.3508
25,9,5000,0.732826,0.391226,27402,6990,451,biscoito,915e90acfb,24.8224
25,10,5000,0.731133,0.390669,27399,6999,451,biscoito,a9568e742f,25.0824
25,11,5000,0.729751,0.389780,27436,7009,449,biscoito,5a70285362,23.1202
25,12,5000,0.726835,0.389972,27392,7008,451,biscoito,fe2fdb59d1,23.7169
25,13,5000,0.730921,0.392437,27392,7009,451,biscoito,7430a9f8a2,24.0260
25,14,5000,0.733090,0.393623,27400,7004,451,biscoito,d57b244ab4,23.3920
25,17,5000,0.732654,0.391031,27426,7025,449,biscoito,6214f38f3c,22.2546
25,18,5000,0.728213,0.393475,27380,6994,448,biscoito,7077768dd4,22.0757
26,0,5000,0.733102,0.400669,27390,7009,453,biscoito,4ae70ca792,23.2875
26,5,5000,0.728213,0.393475,27380,6994,448,biscoito,7077768dd4,22.0757
26,13,5000,0.733090,0.393623,27400,7004,451,biscoito,d57b244ab4,23.3920
26,14,5000,0.732610,0.391993,27423,7009,450,biscoito,fc5c0ebf6a,23.5385
26,1,5000,0.736133,0.390466,27409,7006,449,biscoito,db43eef952,23.5175
26,2,5000,0.734452,0.398237,27385,6996,453,biscoito,376eda600b,24.0823
26,3,5000,0.731516,0.393262,27409,7012,453,biscoito,bb08cde4eb,23.2278
26,4,5000,0.729938,0.394597,27413,7018,451,biscoito,83db16a2be,22.8587
26,6,5000,0.721563,0.384680,27374,6988,445,biscoito,99d184ac13,22.0784
26,7,5000,0.734735,0.394393,27404,7002,449,biscoito,32810e70fb,24.4852
26,8,5000,0.731196,0.396328,27399,6994,454,biscoito,a1c6c73c89,24.0157
26,9,5000,0.733725,0.396207,27395,7015,451,biscoito,55a594bfae,23.4824
26,10,5000,0.734999,0.391318,27389,7007,453,biscoito,d5dd267258,24.2663
26,11,5000,0.730697,0.390836,27415,7017,450,biscoito,7aa35c754f,23.1266
26,12,5000,0.724414,0.389434,27372,7001,453,biscoito,602abc877a,25.2239
26,15,5000,0.733233,0.394976,27415,7012,449,biscoito,370c8509c5,24.2135
26,16,5000,0.729355,0.390835,27398,7016,451,biscoito,20634ec090,24.8033
26,17,5000,0.736181,0.395211,27403,7009,449,biscoito,9027143887,23.2428
26,18,5000,0.734328,0.394514,27361,6998,449,biscoito,affa9e090a,22.6151
26,19,5000,0.731388,0.396232,27336,6984,452,biscoito,655c16e42a,21.9273
27,0,5000,0.733102,0.400669,27390,7009,453,biscoito,4ae70ca792,23.2875
27,5,5000,0.733233,0.394976,27415,7012,449,biscoito,370c8509c5,24.2135
27,6,5000,0.733102,0.400669,27390,7009,453,biscoito,4ae70ca792,23.2875
27,7,5000,0.733102,0.400669,27390,7009,453,biscoito,4ae70ca792,23.2875
27,8,5000,0.731388,0.396232,27336,6984,452,biscoito,655c16e42a,21.9273
27,9,5000,0.733102,0.400669,27390,7009,453,biscoito,4ae70ca792,23.2875
27,10,5000,0.733102,0.400669,27390,7009,453,biscoito,4ae70ca792,23.2875
27,1,5000,0.725808,0.391188,27399,6992,453,biscoito,3b5d538b24,23.8014
27,2,5000,0.727817,0.393813,27383,6994,453,biscoito,da199ed2aa,24.4860
27,3,5000,0.733018,0.394127,27400,7005,452,biscoito,57f7893d5c,24.3069
27,4,5000,0.728325,0.394680,27398,6996,449,biscoito,a41552130d,24.2667
27,11,5000,0.732994,0.391937,27414,6973,453,biscoito,fe2f9091ec,24.0208
27,12,5000,0.727582,0.394508,27404,7012,452,biscoito,d94cf4c2a5,23.6427
27,13,5000,0.735059,0.398783,27351,6991,453,biscoito,97cc647990,24.3921
27,14,5000,0.727602,0.391469,27396,7010,451,biscoito,068a788004,23.2200
27,15,5000,0.727710,0.392226,27381,7005,451,biscoito,3df4b556f5,19.3399
27,16,5000,0.727266,0.392435,27416,7000,451,biscoito,664b6c94cd,19.0610
27,17,5000,0.732431,0.390716,27356,6998,448,biscoito,151ffee9d7,18.8260
27,18,5000,0.727686,0.392968,27420,7011,450,biscoito,bc1bdc3ef5,18.6283
27,19,5000,0.733221,0.393000,27323,6995,450,biscoito,f9727679e9,18.4985
28,0,5000,0.733102,0.400669,27390,7009,453,biscoito,4ae70ca792,23.2875
28,1,5000,0.733102,0.400669,27390,7009,453,biscoito,4ae70ca792,23.2875
28,9,5000,0.727582,0.394508,27404,7012,452,biscoito,d94cf4c2a5,23.6427
28,10,5000,0.733102,0.400669,27390,7009,453,biscoito,4ae70ca792,23.2875
28,12,5000,0.733102,0.400669,27390,7009,453,biscoito,4ae70ca792,23.2875
28,13,5000,0.733102,0.400669,27390,7009,453,biscoito,4ae70ca792,23.2875
28,14,5000,0.733102,0.400669,27390,7009,453,biscoito,4ae70ca792,23.2875
28,16,5000,0.733102,0.400669,27390,7009,453,biscoito,4ae70ca792,23.2875
28,17,5000,0.735059,0.398783,27351,6991,453,biscoito,97cc647990,24.3921
28,18,5000,0.727817,0.393813,27383,6994,453,biscoito,da199ed2aa,24.4860
28,2,5000,0.732179,0.393884,27406,7007,453,biscoito,6dd104679d,24.1706
28,3,5000,0.735051,0.397616,27365,6990,453,biscoito,00b14b65c2,23.4013
28,4,5000,0.734635,0.395537,27345,7017,450,biscoito,283b50c4cf,22.6258
28,5,5000,0.731859,0.396153,27387,7006,453,biscoito,def8f77d3e,22.5903
28,6,5000,0.733761,0.394276,27405,6997,449,biscoito,70d2f1c080,22.0819
28,7,5000,0.734931,0.389773,27406,7018,451,biscoito,909381a99f,22.5048
28,8,5000,0.727769,0.390147,27394,7009,450,biscoito,13fc55e3bf,23.1334
28,11,5000,0.728816,0.397364,27384,7024,455,biscoito,1cd346eb59,22.4619
28,15,5000,0.733545,0.395922,27385,7008,453,biscoito,a3d4e86643,12.8816
28,19,5000,0.732694,0.395035,27370,6995,451,biscoito,f36c8809db,12.4144
29,0,5000,0.733102,0.400669,27390,7009,453,biscoito,4ae70ca792,23.2875
29,4,5000,0.733102,0.400669,27390,7009,453,biscoito,4ae70ca792,23.2875
29,6,5000,0.733102,0.400669,27390,7009,453,biscoito,4ae70ca792,23.2875
29,7,5000,0.733102,0.400669,27390,7009,453,biscoito,4ae70ca792,23.2875
29,8,5000,0.733102,0.400669,27390,7009,453,biscoito,4ae70ca792,23.2875
29,9,5000,0.733102,0.400669,27390,7009,453,biscoito,4ae70ca792,23.2875
29,11,5000,0.733102,0.400669,27390,7009,453,biscoito,4ae70ca792,23.2875
29,12,5000,0.733102,0.400669,27390,7009,453,biscoito,4ae70ca792,23.2875
29,15,5000,0.733102,0.400669,27390,7009,453,biscoito,4ae70ca792,23.2875
29,19,5000,0.733102,0.400669,27390,7009,453,biscoito,4ae70ca792,23.2875
29,1,5000,0.729203,0.392665,27398,7004,450,biscoito,641385c796,22.5440
29,2,5000,0.724598,0.390824,27425,6996,452,biscoito,090f97e53f,23.0978
29,3,5000,0.727570,0.389059,27399,6997,449,biscoito,b74302016d,22.8486
29,5,5000,0.731903,0.393277,27396,6992,454,biscoito,ac31e05368,23.5003
29,10,5000,0.732239,0.395095,27386,7011,454,biscoito,0e5fe789e4,22.2586
29,13,5000,0.725273,0.391313,27393,7003,452,biscoito,26501a9d77,24.1193
29,14,5000,0.732818,0.392078,27360,6996,454,biscoito,597f9969fd,22.5899
29,16,5000,0.727322,0.392006,27389,6979,449,biscoito,2c05f1d68e,21.8740
29,17,5000,0.728417,0.392548,27379,7014,452,biscoito,ba34153aca,12.5028
29,18,5000,0.727043,0.394793,27381,7028,454,biscoito,b44413896c,12.1752
30,0,5000,0.733102,0.400669,27390,7009,453,biscoito,4ae70ca792,23.2875
30,1,5000,0.733102,0.400669,27390,7009,453,biscoito,4ae70ca792,23.2875
30,2,5000,0.733102,0.400669,27390,7009,453,biscoito,4ae70ca792,23.2875
30,3,5000,0.729203,0.392665,27398,7004,450,biscoito,641385c796,22.5440
30,4,5000,0.733102,0.400669,27390,7009,453,biscoito,4ae70ca792,23.2875
30,5,5000,0.727043,0.394793,27381,7028,454,biscoito,b44413896c,12.1752
30,9,5000,0.733102,0.400669,27390,7009,453,biscoito,4ae70ca792,23.2875
30,10,5000,0.733102,0.400669,27390,7009,453,biscoito,4ae70ca792,23.2875
30,11,5000,0.733102,0.400669,27390,7009,453,biscoito,4ae70ca792,23.2875
30,12,5000,0.733102,0.400669,27390,7009,453,biscoito,4ae70ca792,23.2875
30,13,5000,0.733102,0.400669,27390,7009,453,biscoito,4ae70ca792,23.2875
30,15,5000,0.733102,0.400669,27390,7009,453,biscoito,4ae70ca792,23.2875
30,16,5000,0.733102,0.400669,27390,7009,453,biscoito,4ae70ca792,23.2875
30,17,5000,0.733102,0.400669,27390,7009,453,biscoito,4ae70ca792,23.2875
30,19,5000,0.733102,0.400669,27390,7009,453,biscoito,4ae70ca792,23.2875
30,6,5000,0.729830,0.394932,27363,7030,453,biscoito,e195e622b7,16.6800
30,7,5000,0.732962,0.396746,27385,7013,453,biscoito,5f018cac47,16.7939
30,8,5000,0.725708,0.391427,27366,7000,454,biscoito,d3d1b1f36b,16.5549
30,14,5000,0.727274,0.392550,27374,7001,452,biscoito,6b84f7e0d4,16.4096
30,18,5000,0.727666,0.391842,27381,7015,454,biscoito,d44c5cf49a,16.2958
31,0,5000,0.733102,0.400669,27390,7009,453,biscoito,4ae70ca792,23.2875
31,1,5000,0.733102,0.400669,27390,7009,453,biscoito,4ae70ca792,23.2875
31,3,5000,0.727274,0.392550,27374,7001,452,biscoito,6b84f7e0d4,16.4096
31,5,5000,0.733102,0.400669,27390,7009,453,biscoito,4ae70ca792,23.2875
31,6,5000,0.733102,0.400669,27390,7009,453,biscoito,4ae70ca792,23.2875
31,7,5000,0.733102,0.400669,27390,7009,453,biscoito,4ae70ca792,23.2875
31,8,5000,0.733102,0.400669,27390,7009,453,biscoito,4ae70ca792,23.2875
31,9,5000,0.733102,0.400669,27390,7009,453,biscoito,4ae70ca792,23.2875
31,10,5000,0.733102,0.400669,27390,7009,453,biscoito,4ae70ca792,23.2875
31,11,5000,0.733102,0.400669,27390,7009,453,biscoito,4ae70ca792,23.2875
31,12,5000,0.733102,0.400669,27390,7009,453,biscoito,4ae70ca792,23.2875
31,14,5000,0.733102,0.400669,27390,7009,453,biscoito,4ae70ca792,23.2875
31,15,5000,0.733102,0.400669,27390,7009,453,biscoito,4ae70ca792,23.2875
31,16,5000,0.733102,0.400669,27390,7009,453,biscoito,4ae70ca792,23.2875
31,17,5000,0.733102,0.400669,27390,7009,453,biscoito,4ae70ca792,23.2875
31,18,5000,0.733102,0.400669,27390,7009,453,biscoito,4ae70ca792,23.2875
31,19,5000,0.733102,0.400669,27390,7009,453,biscoito,4ae70ca792,23.2875
31,2,5000,0.729016,0.392376,27389,7009,452,biscoito,68ef905d61,12.5444
31,4,5000,0.730897,0.396723,27401,7016,454,biscoito,86f713e68f,12.5476
31,13,5000,0.726495,0.393743,27408,6993,453,biscoito,3469664baa,12.3505
32,0,5000,0.733102,0.400669,27390,7009,453,biscoito,4ae70ca792,23.2875
32,2,5000,0.733102,0.400669,27390,7009,453,biscoito,4ae70ca792,23.2875
32,3,5000,0.733102,0.400669,27390,7009,453,biscoito,4ae70ca792,23.2875
32,4,5000,0.733102,0.400669,27390,7009,453,biscoito,4ae70ca792,23.2875
32,5,5000,0.733102,0.400669,27390,7009,453,biscoito,4ae70ca792,23.2875
32,6,5000,0.733102,0.400669,27390,7009,453,biscoito,4ae70ca792,23.2875
32,7,5000,0.733102,0.400669,27390,7009,453,biscoito,4ae70ca792,23.2875
32,8,5000,0.733102,0.400669,27390,7009,453,biscoito,4ae70ca792,23.2875
32,10,5000,0.733102,0.400669,27390,7009,453,biscoito,4ae70ca792,23.2875
32,11,5000,0.733102,0.400669,27390,7009,453,biscoito,4ae70ca792,23.2875
32,12,5000,0.733102,0.400669,27390,7009,453,biscoito,4ae70ca792,23.2875
32,13,5000,0.733102,0.400669,27390,7009,453,biscoito,4ae70ca792,23.2875
32,14,5000,0.733102,0.400669,27390,7009,453,biscoito,4ae70ca792,23.2875
32,17,5000,0.733102,0.400669,27390,7009,453,biscoito,4ae70ca792,23.2875
32,18,5000,0.733102,0.400669,27390,7009,453,biscoito,4ae70ca792,23.2875
32,19,5000,0.733102,0.400669,27390,7009,453,biscoito,4ae70ca792,23.2875
32,1,5000,0.732882,0.390521,27402,6995,449,biscoito,bd6755787c,14.8285
32,9,5000,0.730374,0.392165,27403,7002,454,biscoito,a91fa7c857,14.9481
32,15,5000,0.725509,0.391226,27394,7014,449,biscoito,4cdb504bbf,14.8321
32,16,5000,0.727933,0.395410,27375,7016,452,biscoito,7a4bf84c2c,14.5948
33,0,5000,0.733102,0.400669,27390,7009,453,biscoito,4ae70ca792,23.2875
33,1,5000,0.733102,0.400669,27390,7009,453,biscoito,4ae70ca792,23.2875
33,2,5000,0.733102,0.400669,27390,7009,453,biscoito,4ae70ca792,23.2875
33,4,5000,0.733102,0.400669,27390,7009,453,biscoito,4ae70ca792,23.2875
33,5,5000,0.733102,0.400669,27390,7009,453,biscoito,4ae70ca792,23.2875
33,6,5000,0.733102,0.400669,27390,7009,453,biscoito,4ae70ca792,23.2875
33,8,5000,0.733102,0.400669,27390,7009,453,biscoito,4ae70ca792,23.2875
33,9,5000,0.733102,0.400669,27390,7009,453,biscoito,4ae70ca792,23.2875
33,10,5000,0.733102,0.400669,27390,7009,453,biscoito,4ae70ca792,23.2875
33,12,5000,0.733102,0.400669,27390,7009,453,biscoito,4ae70ca792,23.2875
33,13,5000,0.733102,0.400669,27390,7009,453,biscoito,4ae70ca792,23.2875
33,14,5000,0.733102,0.400669,27390,7009,453,biscoito,4ae70ca792,23.2875
33,15,5000,0.733102,0.400669,27390,7009,453,biscoito,4ae70ca792,23.2875
33,16,5000,0.733102,0.400669,27390,7009,453,biscoito,4ae70ca792,23.2875
33,18,5000,0.733102,0.400669,27390,7009,453,biscoito,4ae70ca792,23.2875
33,19,5000,0.733102,0.400669,27390,7009,453,biscoito,4ae70ca792,23.2875
33,3,5000,0.726132,0.390765,27375,7005,453,biscoito,6f8997e935,14.6938
33,7,5000,0.728361,0.389347,27394,7011,448,biscoito,f4f1cbbc8f,14.7542
33,11,5000,0.730274,0.392402,27374,6970,450,biscoito,e3bab396d5,14.5469
33,17,5000,0.731168,0.393077,27373,7002,449,biscoito,e9c9420829,14.3530
34,0,5000,0.733102,0.400669,27390,7009,453,biscoito,4ae70ca792,23.2875
34,1,5000,0.733102,0.400669,27390,7009,453,biscoito,4ae70ca792,23.2875
34,3,5000,0.733102,0.400669,27390,7009,453,biscoito,4ae70ca792,23.2875
34,4,5000,0.733102,0.400669,27390,7009,453,biscoito,4ae70ca792,23.2875
34,6,5000,0.733102,0.400669,27390,7009,453,biscoito,4ae70ca792,23.2875
34,7,5000,0.733102,0.400669,27390,7009,453,biscoito,4ae70ca792,23.2875
34,8,5000,0.733102,0.400669,27390,7009,453,biscoito,4ae70ca792,23.2875
34,9,5000,0.733102,0.400669,27390,7009,453,biscoito,4ae70ca792,23.2875
34,10,5000,0.733102,0.400669,27390,7009,453,biscoito,4ae70ca792,23.2875
34,11,5000,0.733102,0.400669,27390,7009,453,biscoito,4ae70ca792,23.2875
34,12,5000,0.733102,0.400669,27390,7009,453,biscoito,4ae70ca792,23.2875
34,13,5000,0.733102,0.400669,27390,7009,453,biscoito,4ae70ca792,23.2875
34,14,5000,0.733102,0.400669,27390,7009,453,biscoito,4ae70ca792,23.2875
34,15,5000,0.733102,0.400669,27390,7009,453,biscoito,4ae70ca792,23.2875
34,16,5000,0.733102,0.400669,27390,7009,453,biscoito,4ae70ca792,23.2875
34,18,5000,0.733102,0.400669,27390,7009,453,biscoito,4ae70ca792,23.2875
34,19,5000,0.733102,0.400669,27390,7009,453,biscoito,4ae70ca792,23.2875
34,2,5000,0.730709,0.387534,27419,7013,450,biscoito,0e2644e7aa,13.4595
34,5,5000,0.732431,0.396903,27392,7014,454,biscoito,c57253cd60,13.3791
34,17,5000,0.729020,0.394758,27394,7000,454,biscoito,82919eaa31,13.1483
35,0,5000,0.733102,0.400669,27390,7009,453,biscoito,4ae70ca792,23.2875
35,2,5000,0.733102,0.400669,27390,7009,453,biscoito,4ae70ca792,23.2875
35,3,5000,0.733102,0.400669,27390,7009,453,biscoito,4ae70ca792,23.2875
35,4,5000,0.733102,0.400669,27390,7009,453,biscoito,4ae70ca792,23.2875
35,5,5000,0.733102,0.400669,27390,7009,453,biscoito,4ae70ca792,23.2875
35,6,5000,0.733102,0.400669,27390,7009,453,biscoito,4ae70ca792,23.2875
35,7,5000,0.733102,0.400669,27390,7009,453,biscoito,4ae70ca792,23.2875
35,9,5000,0.733102,0.400669,27390,7009,453,biscoito,4ae70ca792,23.2875
35,10,5000,0.733102,0.400669,27390,7009,453,biscoito,4ae70ca792,23.2875
35,11,5000,0.733102,0.400669,27390,7009,453,biscoito,4ae70ca792,23.2875
35,12,5000,0.733102,0.400669,27390,7009,453,biscoito,4ae70ca792,23.2875
35,13,5000,0.733102,0.400669,27390,7009,453,biscoito,4ae70ca792,23.2875
35,14,5000,0.733102,0.400669,27390,7009,453,biscoito,4ae70ca792,23.2875
35,16,5000,0.733102,0.400669,27390,7009,453,biscoito,4ae70ca792,23.2875
35,17,5000,0.733102,0.400669,27390,7009,453,biscoito,4ae70ca792,23.2875
35,18,5000,0.733102,0.400669,27390,7009,453,biscoito,4ae70ca792,23.2875
35,19,5000,0.733102,0.400669,27390,7009,453,biscoito,4ae70ca792,23.2875
35,1,5000,0.732762,0.391048,27391,6999,454,biscoito,3cd759b18f,12.9843
35,8,5000,0.727618,0.395926,27374,6989,455,biscoito,6136c2154f,12.8609
35,15,5000,0.727718,0.391764,27390,7012,450,biscoito,6cd9dfddbc,13.0021
36,0,5000,0.733102,0.400669,27390,7009,453,biscoito,4ae70ca792,23.2875
36,1,5000,0.733102,0.400669,27390,7009,453,biscoito,4ae70ca792,23.2875
36,2,5000,0.733102,0.400669,27390,7009,453,biscoito,4ae70ca792,23.2875
36,3,5000,0.733102,0.400669,27390,7009,453,biscoito,4ae70ca792,23.2875
36,4,5000,0.733102,0.400669,27390,7009,453,biscoito,4ae70ca792,23.2875
36,5,5000,0.733102,0.400669,27390,7009,453,biscoito,4ae70ca792,23.2875
36,6,5000,0.733102,0.400669,27390,7009,453,biscoito,4ae70ca792,23.2875
36,7,5000,0.733102,0.400669,27390,7009,453,biscoito,4ae70ca792,23.2875
36,8,5000,0.733102,0.400669,27390,7009,453,biscoito,4ae70ca792,23.2875
36,9,5000,0.733102,0.400669,27390,7009,453,biscoito,4ae70ca792,23.2875
36,10,5000,0.733102,0.400669,27390,7009,453,biscoito,4ae70ca792,23.2875
36,11,5000,0.733102,0.400669,27390,7009,453,biscoito,4ae70ca792,23.2875
36,12,5000,0.733102,0.400669,27390,7009,453,biscoito,4ae70ca792,23.2875
36,14,5000,0.733102,0.400669,27390,7009,453,biscoito,4ae70ca792,23.2875
36,15,5000,0.733102,0.400669,27390,7009,453,biscoito,4ae70ca792,23.2875
36,17,5000,0.733102,0.400669,27390,7009,453,biscoito,4ae70ca792,23.2875
36,18,5000,0.733102,0.400669,27390,7009,453,biscoito,4ae70ca792,23.2875
36,13,5000,0.729371,0.391751,27368,6989,451,biscoito,23e9e0c4b0,12.9097
36,16,5000,0.735502,0.395928,27368,6994,455,biscoito,4423b32851,12.9879
36,19,5000,0.732463,0.394112,27412,7003,452,biscoito,bb1e387de0,12.8385
37,0,5000,0.733102,0.400669,27390,7009,453,biscoito,4ae70ca792,23.2875
37,1,5000,0.733102,0.400669,27390,7009,453,biscoito,4ae70ca792,23.2875
37,2,5000,0.733102,0.400669,27390,7009,453,biscoito,4ae70ca792,23.2875
37,3,5000,0.733102,0.400669,27390,7009,453,biscoito,4ae70ca792,23.2875
37,4,5000,0.733102,0.400669,27390,7009,453,biscoito,4ae70ca792,23.2875
37,5,5000,0.733102,0.400669,27390,7009,453,biscoito,4ae70ca792,23.2875
37,6,5000,0.733102,0.400669,27390,7009,453,biscoito,4ae70ca792,23.2875
37,7,5000,0.733102,0.400669,27390,7009,453,biscoito,4ae70ca792,23.2875
37,9,5000,0.733102,0.400669,27390,7009,453,biscoito,4ae70ca792,23.2875
37,10,5000,0.733102,0.400669,27390,7009,453,biscoito,4ae70ca792,23.2875
37,11,5000,0.733102,0.400669,27390,7009,453,biscoito,4ae70ca792,23.2875
37,12,5000,0.733102,0.400669,27390,7009,453,biscoito,4ae70ca792,23.2875
37,14,5000,0.733102,0.400669,27390,7009,453,biscoito,4ae70ca792,23.2875
37,15,5000,0.733102,0.400669,27390,7009,453,biscoito,4ae70ca792,23.2875
37,17,5000,0.733102,0.400669,27390,7009,453,biscoito,4ae70ca792,23.2875
37,19,5000,0.733102,0.400669,27390,7009,453,biscoito,4ae70ca792,23.2875
37,8,5000,0.731676,0.394001,27392,7009,454,biscoito,1f02e5410c,14.7675
37,13,5000,0.726827,0.393946,27392,7000,453,biscoito,e026b7689a,14.8682
37,16,5000,0.727977,0.391217,27388,6995,450,biscoito,9cef8d47f5,14.8908
37,18,5000,0.729104,0.394971,27365,6991,453,biscoito,7acfeabebe,14.7379
38,0,5000,0.733102,0.400669,27390,7009,453,biscoito,4ae70ca792,23.2875
38,1,5000,0.733102,0.400669,27390,7009,453,biscoito,4ae70ca792,23.2875
38,3,5000,0.733102,0.400669,27390,7009,453,biscoito,4ae70ca792,23.2875
38,4,5000,0.733102,0.400669,27390,7009,453,biscoito,4ae70ca792,23.2875
38,5,5000,0.733102,0.400669,27390,7009,453,biscoito,4ae70ca792,23.2875
38,6,5000,0.733102,0.400669,27390,7009,453,biscoito,4ae70ca792,23.2875
38,7,5000,0.733102,0.400669,27390,7009,453,biscoito,4ae70ca792,23.2875
38,8,5000,0.733102,0.400669,27390,7009,453,biscoito,4ae70ca792,23.2875
38,9,5000,0.733102,0.400669,27390,7009,453,biscoito,4ae70ca792,23.2875
38,11,5000,0.733102,0.400669,27390,7009,453,biscoito,4ae70ca792,23.2875
38,12,5000,0.733102,0.400669,27390,7009,453,biscoito,4ae70ca792,23.2875
38,13,5000,0.733102,0.400669,27390,7009,453,biscoito,4ae70ca792,23.2875
38,14,5000,0.733102,0.400669,27390,7009,453,biscoito,4ae70ca792,23.2875
38,15,5000,0.733102,0.400669,27390,7009,453,biscoito,4ae70ca792,23.2875
38,19,5000,0.733102,0.400669,27390,7009,453,biscoito,4ae70ca792,23.2875
38,2,5000,0.732838,0.397506,27385,7030,452,biscoito,26a4ffc25a,17.3620
38,10,5000,0.732986,0.393903,27398,7027,452,biscoito,cb33461d93,17.1911
38,16,5000,0.729507,0.394659,27359,6995,456,biscoito,2f63a16430,17.2580
38,17,5000,0.722721,0.388495,27400,7025,448,biscoito,04d8684287,17.0982
38,18,5000,0.732171,0.395179,27359,7020,453,biscoito,918c52f5a5,16.8917
39,0,5000,0.733102,0.400669,27390,7009,453,biscoito,4ae70ca792,23.2875
39,3,5000,0.733102,0.400669,27390,7009,453,biscoito,4ae70ca792,23.2875
39,5,5000,0.733102,0.400669,27390,7009,453,biscoito,4ae70ca792,23.2875
39,6,5000,0.733102,0.400669,27390,7009,453,biscoito,4ae70ca792,23.2875
39,7,5000,0.733102,0.400669,27390,7009,453,biscoito,4ae70ca792,23.2875
39,9,5000,0.733102,0.400669,27390,7009,453,biscoito,4ae70ca792,23.2875
39,10,5000,0.733102,0.400669,27390,7009,453,biscoito,4ae70ca792,23.2875
39,11,5000,0.733102,0.400669,27390,7009,453,biscoito,4ae70ca792,23.2875
39,14,5000,0.733102,0.400669,27390,7009,453,biscoito,4ae70ca792,23.2875
39,15,5000,0.733102,0.400669,27390,7009,453,biscoito,4ae70ca792,23.2875
39,16,5000,0.733102,0.400669,27390,7009,453,biscoito,4ae70ca792,23.2875
39,17,5000,0.733102,0.400669,27390,7009,453,biscoito,4ae70ca792,23.2875
39,18,5000,0.733102,0.400669,27390,7009,453,biscoito,4ae70ca792,23.2875
39,19,5000,0.733102,0.400669,27390,7009,453,biscoito,4ae70ca792,23.2875
39,1,5000,0.727909,0.392025,27385,6996,453,biscoito,d42c06fc09,20.3840
39,2,5000,0.730741,0.392987,27390,7002,452,biscoito,84e4ada17a,20.2181
39,4,5000,0.727474,0.393862,27390,7014,452,biscoito,e770616e33,19.8067
39,8,5000,0.731680,0.392734,27381,7006,454,biscoito,70d7acef16,19.7152
39,12,5000,0.723811,0.389939,27395,7011,453,biscoito,904a5b926f,19.5924
39,13,5000,0.730030,0.394594,27386,6999,455,biscoito,892faf6b0b,19.2972
40,0,5000,0.733102,0.400669,27390,7009,453,biscoito,4ae70ca792,23.2875
40,1,5000,0.733102,0.400669,27390,7009,453,biscoito,4ae70ca792,23.2875
40,2,5000,0.733102,0.400669,27390,7009,453,biscoito,4ae70ca792,23.2875
40,3,5000,0.733102,0.400669,27390,7009,453,biscoito,4ae70ca792,23.2875
40,5,5000,0.733102,0.400669,27390,7009,453,biscoito,4ae70ca792,23.2875
40,6,5000,0.733102,0.400669,27390,7009,453,biscoito,4ae70ca792,23.2875
40,7,5000,0.733102,0.400669,27390,7009,453,biscoito,4ae70ca792,23.2875
40,9,5000,0.733102,0.400669,27390,7009,453,biscoito,4ae70ca792,23.2875
40,10,5000,0.733102,0.400669,27390,7009,453,biscoito,4ae70ca792,23.2875
40,11,5000,0.733102,0.400669,27390,7009,453,biscoito,4ae70ca792,23.2875
40,12,5000,0.733102,0.400669,27390,7009,453,biscoito,4ae70ca792,23.2875
40,13,5000,0.733102,0.400669,27390,7009,453,biscoito,4ae70ca792,23.2875
40,14,5000,0.733102,0.400669,27390,7009,453,biscoito,4ae70ca792,23.2875
40,15,5000,0.733102,0.400669,27390,7009,453,biscoito,4ae70ca792,23.2875
40,16,5000,0.733102,0.400669,27390,7009,453,biscoito,4ae70ca792,23.2875
40,17,5000,0.733102,0.400669,27390,7009,453,biscoito,4ae70ca792,23.2875
40,4,5000,0.727374,0.393580,27413,6996,453,biscoito,8f6ad0b7fe,14.9827
40,8,5000,0.733689,0.393592,27416,7000,452,biscoito,549b3a8126,15.1837
40,18,5000,0.735950,0.397992,27395,6997,453,biscoito,7cc1d4427b,15.1485
40,19,5000,0.730410,0.392806,27404,7013,453,biscoito,fccc7ed3a8,14.9543
41,0,5000,0.733102,0.400669,27390,7009,453,biscoito,4ae70ca792,23.2875
41,1,5000,0.733102,0.400669,27390,7009,453,biscoito,4ae70ca792,23.2875
41,2,5000,0.733102,0.400669,27390,7009,453,biscoito,4ae70ca792,23.2875
41,3,5000,0.733102,0.400669,27390,7009,453,biscoito,4ae70ca792,23.2875
41,4,5000,0.733102,0.400669,27390,7009,453,biscoito,4ae70ca792,23.2875
41,5,5000,0.733102,0.400669,27390,7009,453,biscoito,4ae70ca792,23.2875
41,6,5000,0.733102,0.400669,27390,7009,453,biscoito,4ae70ca792,23.2875
41,7,5000,0.733102,0.400669,27390,7009,453,biscoito,4ae70ca792,23.2875
41,8,5000,0.733102,0.400669,27390,7009,453,biscoito,4ae70ca792,23.2875
41,9,5000,0.733102,0.400669,27390,7009,453,biscoito,4ae70ca792,23.2875
41,10,5000,0.733102,0.400669,27390,7009,453,biscoito,4ae70ca792,23.2875
41,11,5000,0.733102,0.400669,27390,7009,453,biscoito,4ae70ca792,23.2875
41,12,5000,0.733102,0.400669,27390,7009,453,biscoito,4ae70ca792,23.2875
41,13,5000,0.733102,0.400669,27390,7009,453,biscoito,4ae70ca792,23.2875
41,14,5000,0.733102,0.400669,27390,7009,453,biscoito,4ae70ca792,23.2875
41,15,5000,0.733102,0.400669,27390,7009,453,biscoito,4ae70ca792,23.2875
41,17,5000,0.733102,0.400669,27390,7009,453,biscoito,4ae70ca792,23.2875
41,18,5000,0.733102,0.400669,27390,7009,453,biscoito,4ae70ca792,23.2875
41,19,5000,0.733102,0.400669,27390,7009,453,biscoito,4ae70ca792,23.2875
41,16,5000,0.730777,0.385663,27394,7007,445,biscoito,f0277e0274,10.5026
42,0,5000,0.733102,0.400669,27390,7009,453,biscoito,4ae70ca792,23.2875
42,1,5000,0.733102,0.400669,27390,7009,453,biscoito,4ae70ca792,23.2875
42,4,5000,0.733102,0.400669,27390,7009,453,biscoito,4ae70ca792,23.2875
42,6,5000,0.733102,0.400669,27390,7009,453,biscoito,4ae70ca792,23.2875
42,7,5000,0.733102,0.400669,27390,7009,453,biscoito,4ae70ca792,23.2875
42,8,5000,0.733102,0.400669,27390,7009,453,biscoito,4ae70ca792,23.2875
42,9,5000,0.733102,0.400669,27390,7009,453,biscoito,4ae70ca792,23.2875
42,10,5000,0.733102,0.400669,27390,7009,453,biscoito,4ae70ca792,23.2875
42,12,5000,0.733102,0.400669,27390,7009,453,biscoito,4ae70ca792,23.2875
42,13,5000,0.733102,0.400669,27390,7009,453,biscoito,4ae70ca792,23.2875
42,14,5000,0.733102,0.400669,27390,7009,453,biscoito,4ae70ca792,23.2875
42,15,5000,0.733102,0.400669,27390,7009,453,biscoito,4ae70ca792,23.2875
42,16,5000,0.733102,0.400669,27390,7009,453,biscoito,4ae70ca792,23.2875
42,17,5000,0.733102,0.400669,27390,7009,453,biscoito,4ae70ca792,23.2875
42,18,5000,0.733102,0.400669,27390,7009,453,biscoito,4ae70ca792,23.2875
42,19,5000,0.733102,0.400669,27390,7009,453,biscoito,4ae70ca792,23.2875
42,2,5000,0.736053,0.396376,27372,7002,452,biscoito,8c86605da8,15.2001
42,3,5000,0.731164,0.392524,27402,7007,452,biscoito,c04b6103cd,15.1354
42,5,5000,0.732023,0.392452,27407,7027,451,biscoito,7d71e4f5dd,15.1703
42,11,5000,0.724810,0.387693,27431,7009,450,biscoito,74ff7a6f39,14.8503
43,0,5000,0.733102,0.400669,27390,7009,453,biscoito,4ae70ca792,23.2875
43,1,5000,0.733102,0.400669,27390,7009,453,biscoito,4ae70ca792,23.2875
43,2,5000,0.733102,0.400669,27390,7009,453,biscoito,4ae70ca792,23.2875
43,3,5000,0.733102,0.400669,27390,7009,453,biscoito,4ae70ca792,23.2875
43,4,5000,0.733102,0.400669,27390,7009,453,biscoito,4ae70ca792,23.2875
43,5,5000,0.733102,0.400669,27390,7009,453,biscoito,4ae70ca792,23.2875
43,6,5000,0.733102,0.400669,27390,7009,453,biscoito,4ae70ca792,23.2875
43,8,5000,0.733102,0.400669,27390,7009,453,biscoito,4ae70ca792,23.2875
43,9,5000,0.733102,0.400669,27390,7009,453,biscoito,4ae70ca792,23.2875
43,10,5000,0.733102,0.400669,27390,7009,453,biscoito,4ae70ca792,23.2875
43,11,5000,0.733102,0.400669,27390,7009,453,biscoito,4ae70ca792,23.2875
43,13,5000,0.733102,0.400669,27390,7009,453,biscoito,4ae70ca792,23.2875
43,14,5000,0.733102,0.400669,27390,7009,453,biscoito,4ae70ca792,23.2875
43,15,5000,0.733102,0.400669,27390,7009,453,biscoito,4ae70ca792,23.2875
43,16,5000,0.733102,0.400669,27390,7009,453,biscoito,4ae70ca792,23.2875
43,17,5000,0.733102,0.400669,27390,7009,453,biscoito,4ae70ca792,23.2875
43,18,5000,0.733102,0.400669,27390,7009,453,biscoito,4ae70ca792,23.2875
43,19,5000,0.733102,0.400669,27390,7009,453,biscoito,4ae70ca792,23.2875
43,7,5000,0.729547,0.397714,27388,7037,456,biscoito,3b0d1148c0,12.2986
43,12,5000,0.732590,0.397466,27384,7007,455,biscoito,4b88e7dc77,12.2000
44,0,5000,0.733102,0.400669,27390,7009,453,biscoito,4ae70ca792,23.2875
44,1,5000,0.733102,0.400669,27390,7009,453,biscoito,4ae70ca792,23.2875
44,2,5000,0.733102,0.400669,27390,7009,453,biscoito,4ae70ca792,23.2875
44,4,5000,0.733102,0.400669,27390,7009,453,biscoito,4ae70ca792,23.2875
44,5,5000,0.733102,0.400669,27390,7009,453,biscoito,4ae70ca792,23.2875
44,6,5000,0.733102,0.400669,27390,7009,453,biscoito,4ae70ca792,23.2875
44,7,5000,0.733102,0.400669,27390,7009,453,biscoito,4ae70ca792,23.2875
44,8,5000,0.733102,0.400669,27390,7009,453,biscoito,4ae70ca792,23.2875
44,9,5000,0.733102,0.400669,27390,7009,453,biscoito,4ae70ca792,23.2875
44,10,5000,0.733102,0.400669,27390,7009,453,biscoito,4ae70ca792,23.2875
44,13,5000,0.733102,0.400669,27390,7009,453,biscoito,4ae70ca792,23.2875
44,14,5000,0.733102,0.400669,27390,7009,453,biscoito,4ae70ca792,23.2875
44,15,5000,0.733102,0.400669,27390,7009,453,biscoito,4ae70ca792,23.2875
44,17,5000,0.733102,0.400669,27390,7009,453,biscoito,4ae70ca792,23.2875
44,18,5000,0.733102,0.400669,27390,7009,453,biscoito,4ae70ca792,23.2875
44,3,5000,0.731117,0.389275,27421,6998,450,biscoito,27d582789a,17.1277
44,11,5000,0.732315,0.390718,27410,6996,452,biscoito,6c86b70484,17.0693
44,12,5000,0.728480,0.392538,27412,7044,452,biscoito,7ce6a46fe1,17.0864
44,16,5000,0.733669,0.393061,27376,6993,449,biscoito,c461673809,16.9779
44,19,5000,0.733325,0.393424,27387,6991,451,biscoito,f910cbec60,16.6702
45,0,5000,0.733102,0.400669,27390,7009,453,biscoito,4ae70ca792,23.2875
45,3,5000,0.733102,0.400669,27390,7009,453,biscoito,4ae70ca792,23.2875
45,4,5000,0.733102,0.400669,27390,7009,453,biscoito,4ae70ca792,23.2875
45,5,5000,0.733102,0.400669,27390,7009,453,biscoito,4ae70ca792,23.2875
45,6,5000,0.733102,0.400669,27390,7009,453,biscoito,4ae70ca792,23.2875
45,7,5000,0.733102,0.400669,27390,7009,453,biscoito,4ae70ca792,23.2875
45,9,5000,0.733102,0.400669,27390,7009,453,biscoito,4ae70ca792,23.2875
45,10,5000,0.733102,0.400669,27390,7009,453,biscoito,4ae70ca792,23.2875
45,11,5000,0.733102,0.400669,27390,7009,453,biscoito,4ae70ca792,23.2875
45,12,5000,0.733102,0.400669,27390,7009,453,biscoito,4ae70ca792,23.2875
45,13,5000,0.733102,0.400669,27390,7009,453,biscoito,4ae70ca792,23.2875
45,14,5000,0.733102,0.400669,27390,7009,453,biscoito,4ae70ca792,23.2875
45,16,5000,0.733102,0.400669,27390,7009,453,biscoito,4ae70ca792,23.2875
45,18,5000,0.733102,0.400669,27390,7009,453,biscoito,4ae70ca792,23.2875
45,19,5000,0.733102,0.400669,27390,7009,453,biscoito,4ae70ca792,23.2875
45,1,5000,0.732698,0.396127,27405,7017,453,biscoito,8a649b53eb,21.1688
45,2,5000,0.729671,0.392738,27421,7006,451,biscoito,ae022304ef,21.9553
45,8,5000,0.732554,0.394310,27396,7006,455,biscoito,cc1f9c3e2a,21.8265
45,15,5000,0.727146,0.398388,27376,7028,453,biscoito,cf3a9f9ea5,21.4218
45,17,5000,0.735662,0.393999,27371,6994,455,biscoito,39951cd2aa,21.7287
46,0,5000,0.733102,0.400669,27390,7009,453,biscoito,4ae70ca792,23.2875
46,1,5000,0.733102,0.400669,27390,7009,453,biscoito,4ae70ca792,23.2875
46,2,5000,0.733102,0.400669,27390,7009,453,biscoito,4ae70ca792,23.2875
46,3,5000,0.733102,0.400669,27390,7009,453,biscoito,4ae70ca792,23.2875
46,5,5000,0.733102,0.400669,27390,7009,453,biscoito,4ae70ca792,23.2875
46,6,5000,0.733102,0.400669,27390,7009,453,biscoito,4ae70ca792,23.2875
46,8,5000,0.733102,0.400669,27390,7009,453,biscoito,4ae70ca792,23.2875
46,10,5000,0.733102,0.400669,27390,7009,453,biscoito,4ae70ca792,23.2875
46,11,5000,0.733102,0.400669,27390,7009,453,biscoito,4ae70ca792,23.2875
46,13,5000,0.733102,0.400669,27390,7009,453,biscoito,4ae70ca792,23.2875
46,16,5000,0.733102,0.400669,27390,7009,453,biscoito,4ae70ca792,23.2875
46,17,5000,0.733102,0.400669,27390,7009,453,biscoito,4ae70ca792,23.2875
46,18,5000,0.733102,0.400669,27390,7009,453,biscoito,4ae70ca792,23.2875
46,19,5000,0.732554,0.394310,27396,7006,455,biscoito,cc1f9c3e2a,21.8265
46,4,5000,0.726843,0.392667,27362,7015,454,biscoito,2c5e0afd34,20.2783
46,7,5000,0.729068,0.390490,27400,7019,451,biscoito,4242488569,20.3146
46,9,5000,0.729439,0.395759,27386,6972,455,biscoito,9e6ddd8ccb,20.2652
46,12,5000,0.726811,0.390826,27401,7012,451,biscoito,13cb81bbc3,20.4331
46,14,5000,0.733134,0.394648,27422,7000,455,biscoito,3d6a15262a,20.2855
46,15,5000,0.729683,0.397331,27381,7006,452,biscoito,565b3057d5,20.2734
47,0,5000,0.733102,0.400669,27390,7009,453,biscoito,4ae70ca792,23.2875
47,1,5000,0.733102,0.400669,27390,7009,453,biscoito,4ae70ca792,23.2875
47,2,5000,0.733102,0.400669,27390,7009,453,biscoito,4ae70ca792,23.2875
47,3,5000,0.733102,0.400669,27390,7009,453,biscoito,4ae70ca792,23.2875
47,4,5000,0.733102,0.400669,27390,7009,453,biscoito,4ae70ca792,23.2875
47,7,5000,0.733102,0.400669,27390,7009,453,biscoito,4ae70ca792,23.2875
47,9,5000,0.733102,0.400669,27390,7009,453,biscoito,4ae70ca792,23.2875
47,10,5000,0.733102,0.400669,27390,7009,453,biscoito,4ae70ca792,23.2875
47,11,5000,0.733102,0.400669,27390,7009,453,biscoito,4ae70ca792,23.2875
47,12,5000,0.733102,0.400669,27390,7009,453,biscoito,4ae70ca792,23.2875
47,13,5000,0.733102,0.400669,27390,7009,453,biscoito,4ae70ca792,23.2875
47,14,5000,0.733102,0.400669,27390,7009,453,biscoito,4ae70ca792,23.2875
47,16,5000,0.733102,0.400669,27390,7009,453,biscoito,4ae70ca792,23.2875
47,17,5000,0.733102,0.400669,27390,7009,453,biscoito,4ae70ca792,23.2875
47,18,5000,0.733102,0.400669,27390,7009,453,biscoito,4ae70ca792,23.2875
47,19,5000,0.733102,0.400669,27390,7009,453,biscoito,4ae70ca792,23.2875
47,5,5000,0.733341,0.395005,27381,7009,452,biscoito,285b4df805,14.9916
47,6,5000,0.730601,0.393630,27385,7006,454,biscoito,2161057bc0,14.7038
47,8,5000,0.729167,0.389173,27399,7010,452,biscoito,3c2863c77d,14.8546
47,15,5000,0.734124,0.391751,27380,7014,453,biscoito,8ba1902393,14.4436
48,0,5000,0.733102,0.400669,27390,7009,453,biscoito,4ae70ca792,23.2875
48,2,5000,0.733102,0.400669,27390,7009,453,biscoito,4ae70ca792,23.2875
48,4,5000,0.733102,0.400669,27390,7009,453,biscoito,4ae70ca792,23.2875
48,6,5000,0.733102,0.400669,27390,7009,453,biscoito,4ae70ca792,23.2875
48,7,5000,0.733102,0.400669,27390,7009,453,biscoito,4ae70ca792,23.2875
48,8,5000,0.733102,0.400669,27390,7009,453,biscoito,4ae70ca792,23.2875
48,10,5000,0.733102,0.400669,27390,7009,453,biscoito,4ae70ca792,23.2875
48,11,5000,0.733102,0.400669,27390,7009,453,biscoito,4ae70ca792,23.2875
48,12,5000,0.733102,0.400669,27390,7009,453,biscoito,4ae70ca792,23.2875
48,13,5000,0.733102,0.400669,27390,7009,453,biscoito,4ae70ca792,23.2875
48,14,5000,0.733102,0.400669,27390,7009,453,biscoito,4ae70ca792,23.2875
48,15,5000,0.733102,0.400669,27390,7009,453,biscoito,4ae70ca792,23.2875
48,16,5000,0.733102,0.400669,27390,7009,453,biscoito,4ae70ca792,23.2875
48,17,5000,0.733102,0.400669,27390,7009,453,biscoito,4ae70ca792,23.2875
48,18,5000,0.733102,0.400669,27390,7009,453,biscoito,4ae70ca792,23.2875
48,19,5000,0.733102,0.400669,27390,7009,453,biscoito,4ae70ca792,23.2875
48,1,5000,0.724131,0.388842,27406,6994,449,biscoito,c1daeb4a02,14.9359
48,3,5000,0.725229,0.392482,27379,6993,451,biscoito,b25c20f90f,15.1494
48,5,5000,0.728784,0.393924,27388,7016,451,biscoito,9758f80db8,14.9868
48,9,5000,0.733158,0.396716,27380,7023,454,biscoito,9957e374f0,14.6016
49,0,5000,0.733102,0.400669,27390,7009,453,biscoito,4ae70ca792,23.2875
49,1,5000,0.733102,0.400669,27390,7009,453,biscoito,4ae70ca792,23.2875
49,3,5000,0.733102,0.400669,27390,7009,453,biscoito,4ae70ca792,23.2875
49,4,5000,0.733102,0.400669,27390,7009,453,biscoito,4ae70ca792,23.2875
49,5,5000,0.733102,0.400669,27390,7009,453,biscoito,4ae70ca792,23.2875
49,7,5000,0.733102,0.400669,27390,7009,453,biscoito,4ae70ca792,23.2875
49,8,5000,0.733102,0.400669,27390,7009,453,biscoito,4ae70ca792,23.2875
49,9,5000,0.733102,0.400669,27390,7009,453,biscoito,4ae70ca792,23.2875
49,10,5000,0.733102,0.400669,27390,7009,453,biscoito,4ae70ca792,23.2875
49,11,5000,0.733102,0.400669,27390,7009,453,biscoito,4ae70ca792,23.2875
49,12,5000,0.733102,0.400669,27390,7009,453,biscoito,4ae70ca792,23.2875
49,15,5000,0.733102,0.400669,27390,7009,453,biscoito,4ae70ca792,23.2875
49,16,5000,0.733102,0.400669,27390,7009,453,biscoito,4ae70ca792,23.2875
49,18,5000,0.733102,0.400669,27390,7009,453,biscoito,4ae70ca792,23.2875
49,19,5000,0.733102,0.400669,27390,7009,453,biscoito,4ae70ca792,23.2875
49,2,5000,0.727494,0.391142,27378,6979,454,biscoito,7adb0dbd74,18.6714
49,6,5000,0.730366,0.392309,27400,7008,452,biscoito,8cf7cb6b22,18.6346
49,13,5000,0.734987,0.399414,27380,7005,452,biscoito,a79c28f10f,18.4005
49,14,5000,0.733269,0.399035,27417,7003,456,biscoito,f6729a7264,18.3026
49,17,5000,0.733825,0.393961,27366,7008,454,biscoito,429f1a8ba5,17.8429
50,0,5000,0.733102,0.400669,27390,7009,453,biscoito,4ae70ca792,23.2875
50,1,5000,0.733102,0.400669,27390,7009,453,biscoito,4ae70ca792,23.2875
50,3,5000,0.733102,0.400669,27390,7009,453,biscoito,4ae70ca792,23.2875
50,5,5000,0.733102,0.400669,27390,7009,453,biscoito,4ae70ca792,23.2875
50,6,5000,0.733102,0.400669,27390,7009,453,biscoito,4ae70ca792,23.2875
50,7,5000,0.733102,0.400669,27390,7009,453,biscoito,4ae70ca792,23.2875
50,8,5000,0.733102,0.400669,27390,7009,453,biscoito,4ae70ca792,23.2875
50,9,5000,0.733102,0.400669,27390,7009,453,biscoito,4ae70ca792,23.2875
50,10,5000,0.733102,0.400669,27390,7009,453,biscoito,4ae70ca792,23.2875
50,12,5000,0.733102,0.400669,27390,7009,453,biscoito,4ae70ca792,23.2875
50,13,5000,0.733102,0.400669,27390,7009,453,biscoito,4ae70ca792,23.2875
50,14,5000,0.733102,0.400669,27390,7009,453,biscoito,4ae70ca792,23.2875
50,15,5000,0.733102,0.400669,27390,7009,453,biscoito,4ae70ca792,23.2875
50,16,5000,0.733102,0.400669,27390,7009,453,biscoito,4ae70ca792,23.2875
50,17,5000,0.733102,0.400669,27390,7009,453,biscoito,4ae70ca792,23.2875
50,18,5000,0.733102,0.400669,27390,7009,453,biscoito,4ae70ca792,23.2875
50,19,5000,0.733102,0.400669,27390,7009,453,biscoito,4ae70ca792,23.2875
50,2,5000,0.731812,0.394091,27401,7018,453,biscoito,255c4d4e7c,13.1776
50,4,5000,0.724554,0.395246,27395,7024,452,biscoito,750ccb85f9,13.1627
50,11,5000,0.728373,0.392198,27395,7004,453,biscoito,c32301f9d4,12.9394
51,0,5000,0.733102,0.400669,27390,7009,453,biscoito,4ae70ca792,23.2875
51,1,5000,0.733102,0.400669,27390,7009,453,biscoito,4ae70ca792,23.2875
51,5,5000,0.733102,0.400669,27390,7009,453,biscoito,4ae70ca792,23.2875
51,8,5000,0.733102,0.400669,27390,7009,453,biscoito,4ae70ca792,23.2875
51,9,5000,0.733102,0.400669,27390,7009,453,biscoito,4ae70ca792,23.2875
51,10,5000,0.733102,0.400669,27390,7009,453,biscoito,4ae70ca792,23.2875
51,11,5000,0.733102,0.400669,27390,7009,453,biscoito,4ae70ca792,23.2875
51,12,5000,0.733102,0.400669,27390,7009,453,biscoito,4ae70ca792,23.2875
51,13,5000,0.733102,0.400669,27390,7009,453,biscoito,4ae70ca792,23.2875
51,14,5000,0.733102,0.400669,27390,7009,453,biscoito,4ae70ca792,23.2875
51,15,5000,0.733102,0.400669,27390,7009,453,biscoito,4ae70ca792,23.2875
51,16,5000,0.733102,0.400669,27390,7009,453,biscoito,4ae70ca792,23.2875
51,17,5000,0.733102,0.400669,27390,7009,453,biscoito,4ae70ca792,23.2875
51,18,5000,0.733102,0.400669,27390,7009,453,biscoito,4ae70ca792,23.2875
51,19,5000,0.733102,0.400669,27390,7009,453,biscoito,4ae70ca792,23.2875
51,2,5000,0.725265,0.393602,27361,7031,453,biscoito,61cd064633,19.7145
51,3,5000,0.729787,0.394837,27378,7012,452,biscoito,19f3b08ddb,20.0505
51,4,5000,0.731556,0.392781,27405,7014,454,biscoito,9eee3eb6f7,19.7944
51,6,5000,0.732407,0.396846,27401,6980,452,biscoito,ac98fed002,19.8072
51,7,5000,0.728309,0.394156,27369,6982,452,biscoito,130f55bcf7,19.6358
52,0,5000,0.733102,0.400669,27390,7009,453,biscoito,4ae70ca792,23.2875
52,2,5000,0.733102,0.400669,27390,7009,453,biscoito,4ae70ca792,23.2875
52,4,5000,0.733102,0.400669,27390,7009,453,biscoito,4ae70ca792,23.2875
52,5,5000,0.733102,0.400669,27390,7009,453,biscoito,4ae70ca792,23.2875
52,6,5000,0.733102,0.400669,27390,7009,453,biscoito,4ae70ca792,23.2875
52,7,5000,0.733102,0.400669,27390,7009,453,biscoito,4ae70ca792,23.2875
52,8,5000,0.733102,0.400669,27390,7009,453,biscoito,4ae70ca792,23.2875
52,9,5000,0.733102,0.400669,27390,7009,453,biscoito,4ae70ca792,23.2875
52,10,5000,0.733102,0.400669,27390,7009,453,biscoito,4ae70ca792,23.2875
52,11,5000,0.733102,0.400669,27390,7009,453,biscoito,4ae70ca792,23.2875
52,13,5000,0.733102,0.400669,27390,7009,453,biscoito,4ae70ca792,23.2875
52,14,5000,0.733102,0.400669,27390,7009,453,biscoito,4ae70ca792,23.2875
52,16,5000,0.733102,0.400669,27390,7009,453,biscoito,4ae70ca792,23.2875
52,17,5000,0.733102,0.400669,27390,7009,453,biscoito,4ae70ca792,23.2875
52,18,5000,0.733102,0.400669,27390,7009,453,biscoito,4ae70ca792,23.2875
52,19,5000,0.733102,0.400669,27390,7009,453,biscoito,4ae70ca792,23.2875
52,1,5000,0.729123,0.397972,27390,7020,454,biscoito,229cd4b52a,16.7374
52,3,5000,0.728129,0.393541,27406,7003,453,biscoito,d5be3314e4,16.9085
52,12,5000,0.736085,0.392905,27393,7012,450,biscoito,c1d6bcb003,16.7023
52,15,5000,0.728592,0.396179,27385,6996,451,biscoito,26aaeef622,16.7562
53,0,5000,0.733102,0.400669,27390,7009,453,biscoito,4ae70ca792,23.2875
53,1,5000,0.733102,0.400669,27390,7009,453,biscoito,4ae70ca792,23.2875
53,2,5000,0.733102,0.400669,27390,7009,453,biscoito,4ae70ca792,23.2875
53,7,5000,0.733102,0.400669,27390,7009,453,biscoito,4ae70ca792,23.2875
53,9,5000,0.733102,0.400669,27390,7009,453,biscoito,4ae70ca792,23.2875
53,10,5000,0.733102,0.400669,27390,7009,453,biscoito,4ae70ca792,23.2875
53,11,5000,0.733102,0.400669,27390,7009,453,biscoito,4ae70ca792,23.2875
53,13,5000,0.733102,0.400669,27390,7009,453,biscoito,4ae70ca792,23.2875
53,16,5000,0.733102,0.400669,27390,7009,453,biscoito,4ae70ca792,23.2875
53,18,5000,0.733102,0.400669,27390,7009,453,biscoito,4ae70ca792,23.2875
53,19,5000,0.733102,0.400669,27390,7009,453,biscoito,4ae70ca792,23.2875
53,3,5000,0.723600,0.390829,27420,7024,452,biscoito,c414b430f7,25.0906
53,4,5000,0.736489,0.392841,27384,7032,454,biscoito,c9fe3c876d,25.3179
53,5,5000,0.729727,0.394155,27367,7002,452,biscoito,c165b67419,24.0848
53,6,5000,0.725453,0.395577,27414,7003,452,biscoito,2b3d32d4f3,25.5476
53,8,5000,0.735622,0.394240,27366,7002,453,biscoito,d1e334affd,26.7143
53,12,5000,0.729535,0.394538,27413,7026,454,biscoito,29bc508a80,24.8106
53,14,5000,0.731352,0.397130,27353,6998,453,biscoito,0460deb088,23.3791
53,15,5000,0.729487,0.388403,27380,7026,451,biscoito,a00618fb94,22.6715
53,17,5000,0.725353,0.392831,27405,7007,452,biscoito,0266c7586b,13.2747
54,0,5000,0.733102,0.400669,27390,7009,453,biscoito,4ae70ca792,23.2875
54,1,5000,0.733102,0.400669,27390,7009,453,biscoito,4ae70ca792,23.2875
54,3,5000,0.733102,0.400669,27390,7009,453,biscoito,4ae70ca792,23.2875
54,4,5000,0.733102,0.400669,27390,7009,453,biscoito,4ae70ca792,23.2875
54,7,5000,0.733102,0.400669,27390,7009,453,biscoito,4ae70ca792,23.2875
54,8,5000,0.733102,0.400669,27390,7009,453,biscoito,4ae70ca792,23.2875
54,9,5000,0.733102,0.400669,27390,7009,453,biscoito,4ae70ca792,23.2875
54,11,5000,0.733102,0.400669,27390,7009,453,biscoito,4ae70ca792,23.2875
54,12,5000,0.733102,0.400669,27390,7009,453,biscoito,4ae70ca792,23.2875
54,16,5000,0.733102,0.400669,27390,7009,453,biscoito,4ae70ca792,23.2875
54,17,5000,0.733102,0.400669,27390,7009,453,biscoito,4ae70ca792,23.2875
54,18,5000,0.733102,0.400669,27390,7009,453,biscoito,4ae70ca792,23.2875
54,2,5000,0.728680,0.392602,27366,7006,453,biscoito,8c4107d7ea,24.6796
54,5,5000,0.728528,0.391321,27380,6998,451,biscoito,1b41208275,25.2412
54,6,5000,0.729970,0.392876,27361,7006,456,biscoito,8017ba2b99,25.6904
54,10,5000,0.727949,0.391182,27407,7009,454,biscoito,043841615e,24.2557
54,13,5000,0.728425,0.388619,27397,6994,448,biscoito,4eb9344c90,25.1320
54,14,5000,0.731532,0.392614,27387,7004,452,biscoito,14bdf03f61,24.0798
54,15,5000,0.731516,0.395944,27374,6989,452,biscoito,437ce1f6a5,24.5053
54,19,5000,0.728421,0.393313,27398,7018,453,biscoito,cc935f378c,22.6096
55,0,5000,0.733102,0.400669,27390,7009,453,biscoito,4ae70ca792,23.2875
55,1,5000,0.733102,0.400669,27390,7009,453,biscoito,4ae70ca792,23.2875
55,2,5000,0.733102,0.400669,27390,7009,453,biscoito,4ae70ca792,23.2875
55,3,5000,0.733102,0.400669,27390,7009,453,biscoito,4ae70ca792,23.2875
55,4,5000,0.733102,0.400669,27390,7009,453,biscoito,4ae70ca792,23.2875
55,5,5000,0.733102,0.400669,27390,7009,453,biscoito,4ae70ca792,23.2875
55,6,5000,0.733102,0.400669,27390,7009,453,biscoito,4ae70ca792,23.2875
55,8,5000,0.733102,0.400669,27390,7009,453,biscoito,4ae70ca792,23.2875
55,9,5000,0.728421,0.393313,27398,7018,453,biscoito,cc935f378c,22.6096
55,10,5000,0.733102,0.400669,27390,7009,453,biscoito,4ae70ca792,23.2875
55,11,5000,0.733102,0.400669,27390,7009,453,biscoito,4ae70ca792,23.2875
55,13,5000,0.733102,0.400669,27390,7009,453,biscoito,4ae70ca792,23.2875
55,14,5000,0.733102,0.400669,27390,7009,453,biscoito,4ae70ca792,23.2875
55,15,5000,0.733102,0.400669,27390,7009,453,biscoito,4ae70ca792,23.2875
55,16,5000,0.733102,0.400669,27390,7009,453,biscoito,4ae70ca792,23.2875
55,17,5000,0.733102,0.400669,27390,7009,453,biscoito,4ae70ca792,23.2875
55,7,5000,0.727921,0.389387,27355,7005,451,biscoito,67d1c0dfc3,18.0003
55,12,5000,0.734947,0.399617,27372,7006,455,biscoito,d03480670e,17.7624
55,18,5000,0.731624,0.393732,27393,7018,452,biscoito,ae7e7e0e7e,17.9721
55,19,5000,0.729415,0.394661,27393,7010,452,biscoito,d9165ce090,17.7622
56,0,5000,0.733102,0.400669,27390,7009,453,biscoito,4ae70ca792,23.2875
56,1,5000,0.733102,0.400669,27390,7009,453,biscoito,4ae70ca792,23.2875
56,2,5000,0.733102,0.400669,27390,7009,453,biscoito,4ae70ca792,23.2875
56,4,5000,0.733102,0.400669,27390,7009,453,biscoito,4ae70ca792,23.2875
56,5,5000,0.733102,0.400669,27390,7009,453,biscoito,4ae70ca792,23.2875
56,6,5000,0.733102,0.400669,27390,7009,453,biscoito,4ae70ca792,23.2875
56,7,5000,0.733102,0.400669,27390,7009,453,biscoito,4ae70ca792,23.2875
56,8,5000,0.733102,0.400669,27390,7009,453,biscoito,4ae70ca792,23.2875
56,9,5000,0.733102,0.400669,27390,7009,453,biscoito,4ae70ca792,23.2875
56,10,5000,0.733102,0.400669,27390,7009,453,biscoito,4ae70ca792,23.2875
56,11,5000,0.733102,0.400669,27390,7009,453,biscoito,4ae70ca792,23.2875
56,13,5000,0.733102,0.400669,27390,7009,453,biscoito,4ae70ca792,23.2875
56,14,5000,0.733102,0.400669,27390,7009,453,biscoito,4ae70ca792,23.2875
56,15,5000,0.733102,0.400669,27390,7009,453,biscoito,4ae70ca792,23.2875
56,18,5000,0.733102,0.400669,27390,7009,453,biscoito,4ae70ca792,23.2875
56,19,5000,0.733102,0.400669,27390,7009,453,biscoito,4ae70ca792,23.2875
56,3,5000,0.726352,0.391740,27397,7012,452,biscoito,841058f2c5,16.9920
56,12,5000,0.733984,0.394756,27403,6993,452,biscoito,dd135ad812,16.6731
56,16,5000,0.732159,0.395023,27399,7018,455,biscoito,812805a8f1,16.8570
56,17,5000,0.728133,0.392191,27361,6995,454,biscoito,948b6fca30,16.5658
57,0,5000,0.733102,0.400669,27390,7009,453,biscoito,4ae70ca792,23.2875
57,1,5000,0.733102,0.400669,27390,7009,453,biscoito,4ae70ca792,23.2875
57,2,5000,0.733102,0.400669,27390,7009,453,biscoito,4ae70ca792,23.2875
57,3,5000,0.733102,0.400669,27390,7009,453,biscoito,4ae70ca792,23.2875
57,4,5000,0.733102,0.400669,27390,7009,453,biscoito,4ae70ca792,23.2875
57,5,5000,0.733102,0.400669,27390,7009,453,biscoito,4ae70ca792,23.2875
57,7,5000,0.733102,0.400669,27390,7009,453,biscoito,4ae70ca792,23.2875
57,9,5000,0.733102,0.400669,27390,7009,453,biscoito,4ae70ca792,23.2875
57,10,5000,0.733102,0.400669,27390,7009,453,biscoito,4ae70ca792,23.2875
57,11,5000,0.733102,0.400669,27390,7009,453,biscoito,4ae70ca792,23.2875
57,12,5000,0.733102,0.400669,27390,7009,453,biscoito,4ae70ca792,23.2875
57,13,5000,0.733102,0.400669,27390,7009,453,biscoito,4ae70ca792,23.2875
57,14,5000,0.733102,0.400669,27390,7009,453,biscoito,4ae70ca792,23.2875
57,15,5000,0.733102,0.400669,27390,7009,453,biscoito,4ae70ca792,23.2875
57,16,5000,0.733102,0.400669,27390,7009,453,biscoito,4ae70ca792,23.2875
57,18,5000,0.733102,0.400669,27390,7009,453,biscoito,4ae70ca792,23.2875
57,6,5000,0.731232,0.389867,27406,6996,449,biscoito,59ca9af875,18.4926
57,8,5000,0.729934,0.396348,27392,6994,454,biscoito,60bdca6617,18.3994
57,17,5000,0.730513,0.391750,27379,6993,453,biscoito,402023b7cd,18.3964
57,19,5000,0.726368,0.394342,27384,7014,453,biscoito,69ec953222,18.2194
58,0,5000,0.733102,0.400669,27390,7009,453,biscoito,4ae70ca792,23.2875
58,1,5000,0.733102,0.400669,27390,7009,453,biscoito,4ae70ca792,23.2875
58,2,5000,0.733102,0.400669,27390,7009,453,biscoito,4ae70ca792,23.2875
58,3,5000,0.733102,0.400669,27390,7009,453,biscoito,4ae70ca792,23.2875
58,4,5000,0.733102,0.400669,27390,7009,453,biscoito,4ae70ca792,23.2875
58,6,5000,0.733102,0.400669,27390,7009,453,biscoito,4ae70ca792,23.2875
58,7,5000,0.733102,0.400669,27390,7009,453,biscoito,4ae70ca792,23.2875
58,8,5000,0.733102,0.400669,27390,7009,453,biscoito,4ae70ca792,23.2875
58,9,5000,0.733102,0.400669,27390,7009,453,biscoito,4ae70ca792,23.2875
58,10,5000,0.733102,0.400669,27390,7009,453,biscoito,4ae70ca792,23.2875
58,11,5000,0.733102,0.400669,27390,7009,453,biscoito,4ae70ca792,23.2875
58,12,5000,0.733102,0.400669,27390,7009,453,biscoito,4ae70ca792,23.2875
58,13,5000,0.733102,0.400669,27390,7009,453,biscoito,4ae70ca792,23.2875
58,15,5000,0.733102,0.400669,27390,7009,453,biscoito,4ae70ca792,23.2875
58,16,5000,0.733102,0.400669,27390,7009,453,biscoito,4ae70ca792,23.2875
58,17,5000,0.733102,0.400669,27390,7009,453,biscoito,4ae70ca792,23.2875
58,18,5000,0.733102,0.400669,27390,7009,453,biscoito,4ae70ca792,23.2875
58,19,5000,0.733102,0.400669,27390,7009,453,biscoito,4ae70ca792,23.2875
58,5,5000,0.731304,0.392299,27377,7001,453,biscoito,eb381240d6,12.3073
58,14,5000,0.732614,0.390137,27349,6993,455,biscoito,2b8077807c,12.1882
59,0,5000,0.733102,0.400669,27390,7009,453,biscoito,4ae70ca792,23.2875
59,1,5000,0.733102,0.400669,27390,7009,453,biscoito,4ae70ca792,23.2875
59,3,5000,0.733102,0.400669,27390,7009,453,biscoito,4ae70ca792,23.2875
59,4,5000,0.733102,0.400669,27390,7009,453,biscoito,4ae70ca792,23.2875
59,7,5000,0.733102,0.400669,27390,7009,453,biscoito,4ae70ca792,23.2875
59,8,5000,0.733102,0.400669,27390,7009,453,biscoito,4ae70ca792,23.2875
59,9,5000,0.733102,0.400669,27390,7009,453,biscoito,4ae70ca792,23.2875
59,10,5000,0.733102,0.400669,27390,7009,453,biscoito,4ae70ca792,23.2875
59,13,5000,0.733102,0.400669,27390,7009,453,biscoito,4ae70ca792,23.2875
59,14,5000,0.733102,0.400669,27390,7009,453,biscoito,4ae70ca792,23.2875
59,15,5000,0.733102,0.400669,27390,7009,453,biscoito,4ae70ca792,23.2875
59,17,5000,0.733102,0.400669,27390,7009,453,biscoito,4ae70ca792,23.2875
59,18,5000,0.733102,0.400669,27390,7009,453,biscoito,4ae70ca792,23.2875
59,2,5000,0.727458,0.391662,27377,7016,452,biscoito,e903ef12f7,21.9992
59,5,5000,0.736353,0.392359,27394,7006,451,biscoito,9ebf107227,21.8090
59,6,5000,0.726675,0.389640,27378,6998,450,biscoito,0f53909f50,22.4620
59,11,5000,0.730481,0.391527,27409,7003,450,biscoito,0cf26ad7e3,22.8315
59,12,5000,0.732075,0.395878,27403,7033,452,biscoito,fc6f531b0f,22.7698
59,16,5000,0.729387,0.392602,27410,7016,455,biscoito,1a0c6672c6,22.3303
59,19,5000,0.728772,0.393563,27397,6986,455,biscoito,8354351213,22.6769
60,0,5000,0.733102,0.400669,27390,7009,453,biscoito,4ae70ca792,23.2875
60,1,5000,0.733102,0.400669,27390,7009,453,biscoito,4ae70ca792,23.2875
60,2,5000,0.733102,0.400669,27390,7009,453,biscoito,4ae70ca792,23.2875
60,5,5000,0.733102,0.400669,27390,7009,453,biscoito,4ae70ca792,23.2875
60,6,5000,0.733102,0.400669,27390,7009,453,biscoito,4ae70ca792,23.2875
60,7,5000,0.733102,0.400669,27390,7009,453,biscoito,4ae70ca792,23.2875
60,10,5000,0.733102,0.400669,27390,7009,453,biscoito,4ae70ca792,23.2875
60,11,5000,0.733102,0.400669,27390,7009,453,biscoito,4ae70ca792,23.2875
60,12,5000,0.733102,0.400669,27390,7009,453,biscoito,4ae70ca792,23.2875
60,13,5000,0.733102,0.400669,27390,7009,453,biscoito,4ae70ca792,23.2875
60,15,5000,0.733102,0.400669,27390,7009,453,biscoito,4ae70ca792,23.2875
60,16,5000,0.733102,0.400669,27390,7009,453,biscoito,4ae70ca792,23.2875
60,17,5000,0.733102,0.400669,27390,7009,453,biscoito,4ae70ca792,23.2875
60,18,5000,0.733102,0.400669,27390,7009,453,biscoito,4ae70ca792,23.2875
60,3,5000,0.729986,0.392782,27347,6989,454,biscoito,eda7df2e2d,22.5827
60,4,5000,0.731320,0.395260,27389,7034,451,biscoito,5869dcdcfc,22.6409
60,8,5000,0.731121,0.394031,27390,7024,454,biscoito,2b5cbafcd8,22.4723
60,9,5000,0.736097,0.399494,27403,7004,454,biscoito,bb573eb339,22.7925
60,14,5000,0.734851,0.392514,27395,6985,453,biscoito,b9402fac83,22.3580
60,19,5000,0.727438,0.393270,27381,6997,453,biscoito,1a4f5e6524,22.0223
61,0,5000,0.733102,0.400669,27390,7009,453,biscoito,4ae70ca792,23.2875
61,1,5000,0.733102,0.400669,27390,7009,453,biscoito,4ae70ca792,23.2875
61,2,5000,0.733102,0.400669,27390,7009,453,biscoito,4ae70ca792,23.2875
61,3,5000,0.733102,0.400669,27390,7009,453,biscoito,4ae70ca792,23.2875
61,4,5000,0.733102,0.400669,27390,7009,453,biscoito,4ae70ca792,23.2875
61,5,5000,0.733102,0.400669,27390,7009,453,biscoito,4ae70ca792,23.2875
61,6,5000,0.733102,0.400669,27390,7009,453,biscoito,4ae70ca792,23.2875
61,7,5000,0.733102,0.400669,27390,7009,453,biscoito,4ae70ca792,23.2875
61,8,5000,0.733102,0.400669,27390,7009,453,biscoito,4ae70ca792,23.2875
61,9,5000,0.733102,0.400669,27390,7009,453,biscoito,4ae70ca792,23.2875
61,10,5000,0.733102,0.400669,27390,7009,453,biscoito,4ae70ca792,23.2875
61,11,5000,0.733102,0.400669,27390,7009,453,biscoito,4ae70ca792,23.2875
61,12,5000,0.733102,0.400669,27390,7009,453,biscoito,4ae70ca792,23.2875
61,13,5000,0.733102,0.400669,27390,7009,453,biscoito,4ae70ca792,23.2875
61,15,5000,0.733102,0.400669,27390,7009,453,biscoito,4ae70ca792,23.2875
61,16,5000,0.733102,0.400669,27390,7009,453,biscoito,4ae70ca792,23.2875
61,17,5000,0.733102,0.400669,27390,7009,453,biscoito,4ae70ca792,23.2875
61,18,5000,0.733102,0.400669,27390,7009,453,biscoito,4ae70ca792,23.2875
61,19,5000,0.733102,0.400669,27390,7009,453,biscoito,4ae70ca792,23.2875
61,14,5000,0.726092,0.394260,27417,7013,454,biscoito,c79d6051dc,13.9819
62,0,5000,0.733102,0.400669,27390,7009,453,biscoito,4ae70ca792,23.2875
62,1,5000,0.733102,0.400669,27390,7009,453,biscoito,4ae70ca792,23.2875
62,2,5000,0.733102,0.400669,27390,7009,453,biscoito,4ae70ca792,23.2875
62,3,5000,0.733102,0.400669,27390,7009,453,biscoito,4ae70ca792,23.2875
62,4,5000,0.733102,0.400669,27390,7009,453,biscoito,4ae70ca792,23.2875
62,5,5000,0.733102,0.400669,27390,7009,453,biscoito,4ae70ca792,23.2875
62,6,5000,0.733102,0.400669,27390,7009,453,biscoito,4ae70ca792,23.2875
62,11,5000,0.733102,0.400669,27390,7009,453,biscoito,4ae70ca792,23.2875
62,12,5000,0.733102,0.400669,27390,7009,453,biscoito,4ae70ca792,23.2875
62,14,5000,0.733102,0.400669,27390,7009,453,biscoito,4ae70ca792,23.2875
62,15,5000,0.733102,0.400669,27390,7009,453,biscoito,4ae70ca792,23.2875
62,16,5000,0.733102,0.400669,27390,7009,453,biscoito,4ae70ca792,23.2875
62,18,5000,0.733102,0.400669,27390,7009,453,biscoito,4ae70ca792,23.2875
62,19,5000,0.733102,0.400669,27390,7009,453,biscoito,4ae70ca792,23.2875
62,7,5000,0.733493,0.392779,27404,7011,455,biscoito,5d48cbbc9b,22.4164
62,8,5000,0.731157,0.391399,27402,7027,452,biscoito,1a7109cf44,21.9501
62,9,5000,0.732570,0.395011,27387,7023,455,biscoito,2ed886d5ae,22.5002
62,10,5000,0.730685,0.397490,27378,7023,455,biscoito,1898cae0b4,22.1298
62,13,5000,0.735386,0.396706,27391,7004,456,biscoito,adc90823a4,21.9273
62,17,5000,0.730090,0.388054,27382,7023,453,biscoito,2d862bac04,21.3387
63,0,5000,0.733102,0.400669,27390,7009,453,biscoito,4ae70ca792,23.2875
63,2,5000,0.733102,0.400669,27390,7009,453,biscoito,4ae70ca792,23.2875
63,3,5000,0.733102,0.400669,27390,7009,453,biscoito,4ae70ca792,23.2875
63,4,5000,0.733102,0.400669,27390,7009,453,biscoito,4ae70ca792,23.2875
63,6,5000,0.733102,0.400669,27390,7009,453,biscoito,4ae70ca792,23.2875
63,7,5000,0.733102,0.400669,27390,7009,453,biscoito,4ae70ca792,23.2875
63,8,5000,0.733102,0.400669,27390,7009,453,biscoito,4ae70ca792,23.2875
63,9,5000,0.733102,0.400669,27390,7009,453,biscoito,4ae70ca792,23.2875
63,11,5000,0.733102,0.400669,27390,7009,453,biscoito,4ae70ca792,23.2875
63,12,5000,0.733102,0.400669,27390,7009,453,biscoito,4ae70ca792,23.2875
63,13,5000,0.733102,0.400669,27390,7009,453,biscoito,4ae70ca792,23.2875
63,15,5000,0.733102,0.400669,27390,7009,453,biscoito,4ae70ca792,23.2875
63,16,5000,0.733102,0.400669,27390,7009,453,biscoito,4ae70ca792,23.2875
63,17,5000,0.733102,0.400669,27390,7009,453,biscoito,4ae70ca792,23.2875
63,18,5000,0.733102,0.400669,27390,7009,453,biscoito,4ae70ca792,23.2875
63,1,5000,0.732866,0.392573,27417,7012,451,biscoito,8c555f8ca3,21.7569
63,5,5000,0.731492,0.391343,27394,7008,450,biscoito,2cbd64a9d6,21.6850
63,10,5000,0.728041,0.393140,27375,6997,453,biscoito,80f00eda9b,21.8015
63,14,5000,0.731145,0.395735,27406,6995,453,biscoito,64db5983c6,21.6924
63,19,5000,0.733725,0.394905,27376,7012,453,biscoito,4a1af65edb,21.2971
64,0,5000,0.733102,0.400669,27390,7009,453,biscoito,4ae70ca792,23.2875
64,1,5000,0.733102,0.400669,27390,7009,453,biscoito,4ae70ca792,23.2875
64,2,5000,0.733102,0.400669,27390,7009,453,biscoito,4ae70ca792,23.2875
64,3,5000,0.733102,0.400669,27390,7009,453,biscoito,4ae70ca792,23.2875
64,4,5000,0.733102,0.400669,27390,7009,453,biscoito,4ae70ca792,23.2875
64,5,5000,0.733102,0.400669,27390,7009,453,biscoito,4ae70ca792,23.2875
64,6,5000,0.733102,0.400669,27390,7009,453,biscoito,4ae70ca792,23.2875
64,7,5000,0.733102,0.400669,27390,7009,453,biscoito,4ae70ca792,23.2875
64,9,5000,0.733102,0.400669,27390,7009,453,biscoito,4ae70ca792,23.2875
64,10,5000,0.733102,0.400669,27390,7009,453,biscoito,4ae70ca792,23.2875
64,11,5000,0.733102,0.400669,27390,7009,453,biscoito,4ae70ca792,23.2875
64,12,5000,0.733102,0.400669,27390,7009,453,biscoito,4ae70ca792,23.2875
64,13,5000,0.733102,0.400669,27390,7009,453,biscoito,4ae70ca792,23.2875
64,15,5000,0.733102,0.400669,27390,7009,453,biscoito,4ae70ca792,23.2875
64,16,5000,0.733102,0.400669,27390,7009,453,biscoito,4ae70ca792,23.2875
64,17,5000,0.733102,0.400669,27390,7009,453,biscoito,4ae70ca792,23.2875
64,18,5000,0.733102,0.400669,27390,7009,453,biscoito,4ae70ca792,23.2875
64,19,5000,0.733102,0.400669,27390,7009,453,biscoito,4ae70ca792,23.2875
64,8,5000,0.735922,0.395353,27389,7004,453,biscoito,9cbcfc6e20,16.6181
64,14,5000,0.731716,0.396039,27405,7007,451,biscoito,a6271b9d78,16.6844
65,0,5000,0.733102,0.400669,27390,7009,453,biscoito,4ae70ca792,23.2875
65,3,5000,0.733102,0.400669,27390,7009,453,biscoito,4ae70ca792,23.2875
65,4,5000,0.733102,0.400669,27390,7009,453,biscoito,4ae70ca792,23.2875
65,5,5000,0.733102,0.400669,27390,7009,453,biscoito,4ae70ca792,23.2875
65,6,5000,0.733102,0.400669,27390,7009,453,biscoito,4ae70ca792,23.2875
65,8,5000,0.733102,0.400669,27390,7009,453,biscoito,4ae70ca792,23.2875
65,9,5000,0.733102,0.400669,27390,7009,453,biscoito,4ae70ca792,23.2875
65,11,5000,0.733102,0.400669,27390,7009,453,biscoito,4ae70ca792,23.2875
65,12,5000,0.733102,0.400669,27390,7009,453,biscoito,4ae70ca792,23.2875
65,13,5000,0.733102,0.400669,27390,7009,453,biscoito,4ae70ca792,23.2875
65,14,5000,0.733102,0.400669,27390,7009,453,biscoito,4ae70ca792,23.2875
65,15,5000,0.733102,0.400669,27390,7009,453,biscoito,4ae70ca792,23.2875
65,16,5000,0.733102,0.400669,27390,7009,453,biscoito,4ae70ca792,23.2875
65,18,5000,0.733102,0.400669,27390,7009,453,biscoito,4ae70ca792,23.2875
65,1,5000,0.728596,0.395428,27376,6991,452,biscoito,d0d9c4dd63,24.3002
65,2,5000,0.729263,0.394327,27406,7007,452,biscoito,ea3eed68cd,22.4221
65,7,5000,0.728632,0.390788,27384,6996,449,biscoito,d1ca575323,22.2220
65,10,5000,0.729599,0.389322,27404,7016,451,biscoito,b1195866dd,22.4706
65,17,5000,0.730665,0.391183,27386,6984,451,biscoito,2e69de7122,22.3310
65,19,5000,0.728041,0.388031,27392,7013,451,biscoito,d9698feaa3,21.8633
66,0,5000,0.733102,0.400669,27390,7009,453,biscoito,4ae70ca792,23.2875
66,3,5000,0.733102,0.400669,27390,7009,453,biscoito,4ae70ca792,23.2875
66,5,5000,0.733102,0.400669,27390,7009,453,biscoito,4ae70ca792,23.2875
66,6,5000,0.733102,0.400669,27390,7009,453,biscoito,4ae70ca792,23.2875
66,7,5000,0.733102,0.400669,27390,7009,453,biscoito,4ae70ca792,23.2875
66,8,5000,0.733102,0.400669,27390,7009,453,biscoito,4ae70ca792,23.2875
66,9,5000,0.733102,0.400669,27390,7009,453,biscoito,4ae70ca792,23.2875
66,12,5000,0.733102,0.400669,27390,7009,453,biscoito,4ae70ca792,23.2875
66,13,5000,0.733102,0.400669,27390,7009,453,biscoito,4ae70ca792,23.2875
66,14,5000,0.733102,0.400669,27390,7009,453,biscoito,4ae70ca792,23.2875
66,15,5000,0.733102,0.400669,27390,7009,453,biscoito,4ae70ca792,23.2875
66,16,5000,0.733102,0.400669,27390,7009,453,biscoito,4ae70ca792,23.2875
66,17,5000,0.733102,0.400669,27390,7009,453,biscoito,4ae70ca792,23.2875
66,18,5000,0.733102,0.400669,27390,7009,453,biscoito,4ae70ca792,23.2875
66,19,5000,0.733102,0.400669,27390,7009,453,biscoito,4ae70ca792,23.2875
66,1,5000,0.731644,0.390610,27402,7020,453,biscoito,c8ec279510,23.1731
66,2,5000,0.731680,0.396445,27391,7009,453,biscoito,69b272864f,23.1232
66,4,5000,0.727274,0.396773,27391,6994,454,biscoito,2fd1f3659b,23.3958
66,10,5000,0.728672,0.397022,27361,7006,451,biscoito,fced7cf3f6,23.6965
66,11,5000,0.736700,0.399054,27393,7000,452,biscoito,963c038d6a,23.6986
67,0,5000,0.733102,0.400669,27390,7009,453,biscoito,4ae70ca792,23.2875
67,2,5000,0.733102,0.400669,27390,7009,453,biscoito,4ae70ca792,23.2875
67,3,5000,0.733102,0.400669,27390,7009,453,biscoito,4ae70ca792,23.2875
67,5,5000,0.733102,0.400669,27390,7009,453,biscoito,4ae70ca792,23.2875
67,6,5000,0.733102,0.400669,27390,7009,453,biscoito,4ae70ca792,23.2875
67,7,5000,0.733102,0.400669,27390,7009,453,biscoito,4ae70ca792,23.2875
67,8,5000,0.733102,0.400669,27390,7009,453,biscoito,4ae70ca792,23.2875
67,10,5000,0.733102,0.400669,27390,7009,453,biscoito,4ae70ca792,23.2875
67,11,5000,0.733102,0.400669,27390,7009,453,biscoito,4ae70ca792,23.2875
67,12,5000,0.733102,0.400669,27390,7009,453,biscoito,4ae70ca792,23.2875
67,17,5000,0.733102,0.400669,27390,7009,453,biscoito,4ae70ca792,23.2875
67,18,5000,0.733102,0.400669,27390,7009,453,biscoito,4ae70ca792,23.2875
67,19,5000,0.733102,0.400669,27390,7009,453,biscoito,4ae70ca792,23.2875
67,1,5000,0.731372,0.395055,27365,6986,455,biscoito,97eb5e62c3,23.4298
67,4,5000,0.727230,0.393630,27407,7007,450,biscoito,22279a19bd,23.9625
67,9,5000,0.729579,0.394661,27389,7016,454,biscoito,b2389a7059,23.9688
67,13,5000,0.723779,0.391092,27383,7009,453,biscoito,04f720edbd,23.0183
67,14,5000,0.731033,0.396546,27369,7010,451,biscoito,a0475502a6,23.9732
67,15,5000,0.731057,0.392248,27391,7020,451,biscoito,44817e9179,23.6237
67,16,5000,0.730485,0.395660,27384,7015,452,biscoito,1bc4326640,22.3100
68,0,5000,0.733102,0.400669,27390,7009,453,biscoito,4ae70ca792,23.2875
68,1,5000,0.733102,0.400669,27390,7009,453,biscoito,4ae70ca792,23.2875
68,2,5000,0.733102,0.400669,27390,7009,453,biscoito,4ae70ca792,23.2875
68,3,5000,0.733102,0.400669,27390,7009,453,biscoito,4ae70ca792,23.2875
68,5,5000,0.733102,0.400669,27390,7009,453,biscoito,4ae70ca792,23.2875
68,6,5000,0.733102,0.400669,27390,7009,453,biscoito,4ae70ca792,23.2875
68,7,5000,0.733102,0.400669,27390,7009,453,biscoito,4ae70ca792,23.2875
68,8,5000,0.733102,0.400669,27390,7009,453,biscoito,4ae70ca792,23.2875
68,9,5000,0.733102,0.400669,27390,7009,453,biscoito,4ae70ca792,23.2875
68,10,5000,0.733102,0.400669,27390,7009,453,biscoito,4ae70ca792,23.2875
68,12,5000,0.733102,0.400669,27390,7009,453,biscoito,4ae70ca792,23.2875
68,13,5000,0.733102,0.400669,27390,7009,453,biscoito,4ae70ca792,23.2875
68,14,5000,0.733102,0.400669,27390,7009,453,biscoito,4ae70ca792,23.2875
68,15,5000,0.733102,0.400669,27390,7009,453,biscoito,4ae70ca792,23.2875
68,4,5000,0.728053,0.391162,27393,7007,451,biscoito,45d5528678,22.6350
68,11,5000,0.727094,0.392673,27392,6986,452,biscoito,963a7bd944,22.9981
68,16,5000,0.727909,0.394401,27393,6998,455,biscoito,cb9ab8013b,22.5902
68,17,5000,0.729096,0.394283,27379,7013,452,biscoito,920fc5c148,22.7088
68,18,5000,0.734396,0.396020,27373,7007,452,biscoito,a382ada958,22.1656
68,19,5000,0.730513,0.393541,27399,7012,456,biscoito,ee793119ff,22.4944
69,0,5000,0.733102,0.400669,27390,7009,453,biscoito,4ae70ca792,23.2875
69,1,5000,0.733102,0.400669,27390,7009,453,biscoito,4ae70ca792,23.2875
69,2,5000,0.733102,0.400669,27390,7009,453,biscoito,4ae70ca792,23.2875
69,3,5000,0.733102,0.400669,27390,7009,453,biscoito,4ae70ca792,23.2875
69,4,5000,0.733102,0.400669,27390,7009,453,biscoito,4ae70ca792,23.2875
69,5,5000,0.733102,0.400669,27390,7009,453,biscoito,4ae70ca792,23.2875
69,6,5000,0.733102,0.400669,27390,7009,453,biscoito,4ae70ca792,23.2875
69,7,5000,0.733102,0.400669,27390,7009,453,biscoito,4ae70ca792,23.2875
69,8,5000,0.733102,0.400669,27390,7009,453,biscoito,4ae70ca792,23.2875
69,9,5000,0.733102,0.400669,27390,7009,453,biscoito,4ae70ca792,23.2875
69,10,5000,0.733102,0.400669,27390,7009,453,biscoito,4ae70ca792,23.2875
69,13,5000,0.733102,0.400669,27390,7009,453,biscoito,4ae70ca792,23.2875
69,14,5000,0.733102,0.400669,27390,7009,453,biscoito,4ae70ca792,23.2875
69,15,5000,0.733102,0.400669,27390,7009,453,biscoito,4ae70ca792,23.2875
69,16,5000,0.733102,0.400669,27390,7009,453,biscoito,4ae70ca792,23.2875
69,19,5000,0.733102,0.400669,27390,7009,453,biscoito,4ae70ca792,23.2875
69,11,5000,0.729056,0.397340,27375,7004,452,biscoito,40d5d4687c,20.2159
69,12,5000,0.726819,0.393175,27387,7010,452,biscoito,0bbf8216be,20.1866
69,17,5000,0.726092,0.393862,27387,7004,452,biscoito,b7222ff985,20.3219
69,18,5000,0.732431,0.396138,27396,7027,453,biscoito,0bdbd3f037,20.1144
70,0,5000,0.733102,0.400669,27390,7009,453,biscoito,4ae70ca792,23.2875
70,1,5000,0.733102,0.400669,27390,7009,453,biscoito,4ae70ca792,23.2875
70,2,5000,0.733102,0.400669,27390,7009,453,biscoito,4ae70ca792,23.2875
70,3,5000,0.733102,0.400669,27390,7009,453,biscoito,4ae70ca792,23.2875
70,4,5000,0.733102,0.400669,27390,7009,453,biscoito,4ae70ca792,23.2875
70,6,5000,0.733102,0.400669,27390,7009,453,biscoito,4ae70ca792,23.2875
70,7,5000,0.733102,0.400669,27390,7009,453,biscoito,4ae70ca792,23.2875
70,9,5000,0.733102,0.400669,27390,7009,453,biscoito,4ae70ca792,23.2875
70,10,5000,0.733102,0.400669,27390,7009,453,biscoito,4ae70ca792,23.2875
70,12,5000,0.733102,0.400669,27390,7009,453,biscoito,4ae70ca792,23.2875
70,14,5000,0.733102,0.400669,27390,7009,453,biscoito,4ae70ca792,23.2875
70,15,5000,0.733102,0.400669,27390,7009,453,biscoito,4ae70ca792,23.2875
70,16,5000,0.733102,0.400669,27390,7009,453,biscoito,4ae70ca792,23.2875
70,18,5000,0.733102,0.400669,27390,7009,453,biscoito,4ae70ca792,23.2875
70,19,5000,0.733102,0.400669,27390,7009,453,biscoito,4ae70ca792,23.2875
70,5,5000,0.726651,0.390230,27430,6995,449,biscoito,da994d2150,21.7195
70,8,5000,0.731612,0.395869,27376,7003,454,biscoito,385aeec77c,21.7857
70,11,5000,0.737691,0.394521,27388,7009,451,biscoito,cc8f0d1f62,21.9064
70,13,5000,0.727274,0.390243,27400,7003,451,biscoito,09b9b9ebcb,21.6168
70,17,5000,0.731764,0.387789,27363,7004,449,biscoito,b05bc94316,21.1986
71,0,5000,0.733102,0.400669,27390,7009,453,biscoito,4ae70ca792,23.2875
71,1,5000,0.733102,0.400669,27390,7009,453,biscoito,4ae70ca792,23.2875
71,4,5000,0.733102,0.400669,27390,7009,453,biscoito,4ae70ca792,23.2875
71,5,5000,0.733102,0.400669,27390,7009,453,biscoito,4ae70ca792,23.2875
71,7,5000,0.733102,0.400669,27390,7009,453,biscoito,4ae70ca792,23.2875
71,8,5000,0.733102,0.400669,27390,7009,453,biscoito,4ae70ca792,23.2875
71,9,5000,0.733102,0.400669,27390,7009,453,biscoito,4ae70ca792,23.2875
71,11,5000,0.733102,0.400669,27390,7009,453,biscoito,4ae70ca792,23.2875
71,12,5000,0.733102,0.400669,27390,7009,453,biscoito,4ae70ca792,23.2875
71,13,5000,0.733102,0.400669,27390,7009,453,biscoito,4ae70ca792,23.2875
71,14,5000,0.733102,0.400669,27390,7009,453,biscoito,4ae70ca792,23.2875
71,15,5000,0.733102,0.400669,27390,7009,453,biscoito,4ae70ca792,23.2875
71,16,5000,0.733102,0.400669,27390,7009,453,biscoito,4ae70ca792,23.2875
71,17,5000,0.733102,0.400669,27390,7009,453,biscoito,4ae70ca792,23.2875
71,18,5000,0.733102,0.400669,27390,7009,453,biscoito,4ae70ca792,23.2875
71,2,5000,0.727801,0.394490,27399,7000,450,biscoito,2c3e9153ed,21.3240
71,3,5000,0.728349,0.390346,27394,7020,451,biscoito,b954022a25,21.3813
71,6,5000,0.730489,0.394278,27373,6997,453,biscoito,b5a8fc1944,21.4615
71,10,5000,0.729527,0.393201,27385,6999,449,biscoito,571afa0bcb,21.2922
71,19,5000,0.727897,0.390592,27390,7009,451,biscoito,14109cfa0d,21.5143
72,0,5000,0.733102,0.400669,27390,7009,453,biscoito,4ae70ca792,23.2875
72,1,5000,0.733102,0.400669,27390,7009,453,biscoito,4ae70ca792,23.2875
72,2,5000,0.733102,0.400669,27390,7009,453,biscoito,4ae70ca792,23.2875
72,3,5000,0.733102,0.400669,27390,7009,453,biscoito,4ae70ca792,23.2875
72,4,5000,0.733102,0.400669,27390,7009,453,biscoito,4ae70ca792,23.2875
72,5,5000,0.733102,0.400669,27390,7009,453,biscoito,4ae70ca792,23.2875
72,7,5000,0.733102,0.400669,27390,7009,453,biscoito,4ae70ca792,23.2875
72,8,5000,0.733102,0.400669,27390,7009,453,biscoito,4ae70ca792,23.2875
72,10,5000,0.733102,0.400669,27390,7009,453,biscoito,4ae70ca792,23.2875
72,11,5000,0.733102,0.400669,27390,7009,453,biscoito,4ae70ca792,23.2875
72,12,5000,0.733102,0.400669,27390,7009,453,biscoito,4ae70ca792,23.2875
72,13,5000,0.733102,0.400669,27390,7009,453,biscoito,4ae70ca792,23.2875
72,15,5000,0.733102,0.400669,27390,7009,453,biscoito,4ae70ca792,23.2875
72,16,5000,0.733102,0.400669,27390,7009,453,biscoito,4ae70ca792,23.2875
72,18,5000,0.733102,0.400669,27390,7009,453,biscoito,4ae70ca792,23.2875
72,19,5000,0.733102,0.400669,27390,7009,453,biscoito,4ae70ca792,23.2875
72,6,5000,0.732483,0.396113,27420,7015,450,biscoito,5af6b0227d,20.4135
72,9,5000,0.729096,0.390864,27350,7010,449,biscoito,00ae96fbd6,20.2329
72,14,5000,0.731125,0.392476,27398,7019,451,biscoito,e0f633f1eb,20.2117
72,17,5000,0.726783,0.392835,27383,7014,451,biscoito,07c5c26f6e,20.0571
73,0,5000,0.733102,0.400669,27390,7009,453,biscoito,4ae70ca792,23.2875
73,1,5000,0.733102,0.400669,27390,7009,453,biscoito,4ae70ca792,23.2875
73,2,5000,0.733102,0.400669,27390,7009,453,biscoito,4ae70ca792,23.2875
73,3,5000,0.733102,0.400669,27390,7009,453,biscoito,4ae70ca792,23.2875
73,5,5000,0.733102,0.400669,27390,7009,453,biscoito,4ae70ca792,23.2875
73,6,5000,0.733102,0.400669,27390,7009,453,biscoito,4ae70ca792,23.2875
73,7,5000,0.733102,0.400669,27390,7009,453,biscoito,4ae70ca792,23.2875
73,8,5000,0.726783,0.392835,27383,7014,451,biscoito,07c5c26f6e,20.0571
73,9,5000,0.733102,0.400669,27390,7009,453,biscoito,4ae70ca792,23.2875
73,10,5000,0.733102,0.400669,27390,7009,453,biscoito,4ae70ca792,23.2875
73,11,5000,0.733102,0.400669,27390,7009,453,biscoito,4ae70ca792,23.2875
73,12,5000,0.733102,0.400669,27390,7009,453,biscoito,4ae70ca792,23.2875
73,13,5000,0.733102,0.400669,27390,7009,453,biscoito,4ae70ca792,23.2875
73,14,5000,0.733102,0.400669,27390,7009,453,biscoito,4ae70ca792,23.2875
73,16,5000,0.733102,0.400669,27390,7009,453,biscoito,4ae70ca792,23.2875
73,18,5000,0.733102,0.400669,27390,7009,453,biscoito,4ae70ca792,23.2875
73,4,5000,0.728157,0.390897,27395,7011,450,biscoito,eef1bc8ef0,20.1520
73,15,5000,0.724658,0.393762,27357,6984,455,biscoito,37aceaf19c,20.0333
73,17,5000,0.725069,0.390514,27397,7014,453,biscoito,930f44bc91,19.9605
73,19,5000,0.727769,0.393522,27381,7012,455,biscoito,c31078d175,19.9609
74,0,5000,0.733102,0.400669,27390,7009,453,biscoito,4ae70ca792,23.2875
74,1,5000,0.733102,0.400669,27390,7009,453,biscoito,4ae70ca792,23.2875
74,2,5000,0.733102,0.400669,27390,7009,453,biscoito,4ae70ca792,23.2875
74,3,5000,0.733102,0.400669,27390,7009,453,biscoito,4ae70ca792,23.2875
74,7,5000,0.733102,0.400669,27390,7009,453,biscoito,4ae70ca792,23.2875
74,8,5000,0.733102,0.400669,27390,7009,453,biscoito,4ae70ca792,23.2875
74,9,5000,0.733102,0.400669,27390,7009,453,biscoito,4ae70ca792,23.2875
74,10,5000,0.733102,0.400669,27390,7009,453,biscoito,4ae70ca792,23.2875
74,11,5000,0.733102,0.400669,27390,7009,453,biscoito,4ae70ca792,23.2875
74,13,5000,0.733102,0.400669,27390,7009,453,biscoito,4ae70ca792,23.2875
74,14,5000,0.733102,0.400669,27390,7009,453,biscoito,4ae70ca792,23.2875
74,15,5000,0.733102,0.400669,27390,7009,453,biscoito,4ae70ca792,23.2875
74,17,5000,0.733102,0.400669,27390,7009,453,biscoito,4ae70ca792,23.2875
74,18,5000,0.733102,0.400669,27390,7009,453,biscoito,4ae70ca792,23.2875
74,19,5000,0.733102,0.400669,27390,7009,453,biscoito,4ae70ca792,23.2875
74,4,5000,0.725637,0.390424,27387,6996,448,biscoito,b557dfcccc,22.2442
74,5,5000,0.729826,0.392366,27366,6998,453,biscoito,dc4900dc1f,22.2235
74,6,5000,0.729886,0.397065,27372,6990,454,biscoito,628e50f013,22.1647
74,12,5000,0.732814,0.396890,27383,7019,455,biscoito,21234cce8f,21.9662
74,16,5000,0.734304,0.394104,27405,7012,450,biscoito,f0eea026ea,21.4711
75,0,5000,0.733102,0.400669,27390,7009,453,biscoito,4ae70ca792,23.2875
75,7,5000,0.733102,0.400669,27390,7009,453,biscoito,4ae70ca792,23.2875
75,8,5000,0.733102,0.400669,27390,7009,453,biscoito,4ae70ca792,23.2875
75,9,5000,0.733102,0.400669,27390,7009,453,biscoito,4ae70ca792,23.2875
75,10,5000,0.733102,0.400669,27390,7009,453,biscoito,4ae70ca792,23.2875
75,11,5000,0.733102,0.400669,27390,7009,453,biscoito,4ae70ca792,23.2875
75,13,5000,0.733102,0.400669,27390,7009,453,biscoito,4ae70ca792,23.2875
75,14,5000,0.733102,0.400669,27390,7009,453,biscoito,4ae70ca792,23.2875
75,16,5000,0.733102,0.400669,27390,7009,453,biscoito,4ae70ca792,23.2875
75,19,5000,0.733102,0.400669,27390,7009,453,biscoito,4ae70ca792,23.2875
75,1,5000,0.732191,0.399272,27372,7012,450,biscoito,74b2ed0c93,26.3062
75,2,5000,0.727246,0.394024,27413,7016,451,biscoito,0d55391819,26.0881
75,3,5000,0.734967,0.398591,27397,7022,454,biscoito,a98fb5d5da,25.8644
75,4,5000,0.727941,0.393543,27412,7017,451,biscoito,1d28911c27,23.7038
75,5,5000,0.728860,0.391026,27388,7012,451,biscoito,e36ea04e3b,23.4313
75,6,5000,0.729008,0.390882,27404,7012,452,biscoito,6bc74c0801,26.7071
75,12,5000,0.733337,0.392475,27398,7025,454,biscoito,3fc2a92b2e,26.4494
75,15,5000,0.735143,0.395942,27393,7001,450,biscoito,d83e5bf579,24.2555
75,17,5000,0.727833,0.398561,27421,6993,454,biscoito,5265db1738,17.0627
75,18,5000,0.726136,0.393984,27415,7006,452,biscoito,59d93e00ad,17.0986
76,0,5000,0.733102,0.400669,27390,7009,453,biscoito,4ae70ca792,23.2875
76,1,5000,0.733102,0.400669,27390,7009,453,biscoito,4ae70ca792,23.2875
76,2,5000,0.733102,0.400669,27390,7009,453,biscoito,4ae70ca792,23.2875
76,4,5000,0.733102,0.400669,27390,7009,453,biscoito,4ae70ca792,23.2875
76,5,5000,0.733102,0.400669,27390,7009,453,biscoito,4ae70ca792,23.2875
76,6,5000,0.733102,0.400669,27390,7009,453,biscoito,4ae70ca792,23.2875
76,9,5000,0.733102,0.400669,27390,7009,453,biscoito,4ae70ca792,23.2875
76,10,5000,0.733102,0.400669,27390,7009,453,biscoito,4ae70ca792,23.2875
76,13,5000,0.733102,0.400669,27390,7009,453,biscoito,4ae70ca792,23.2875
76,14,5000,0.733102,0.400669,27390,7009,453,biscoito,4ae70ca792,23.2875
76,19,5000,0.733102,0.400669,27390,7009,453,biscoito,4ae70ca792,23.2875
76,3,5000,0.736569,0.394193,27383,6980,453,biscoito,0e81173605,25.8717
76,7,5000,0.725565,0.389332,27385,7012,451,biscoito,990b98257b,25.5017
76,8,5000,0.729671,0.393960,27383,6997,451,biscoito,68346a4292,25.4650
76,11,5000,0.728620,0.393357,27386,7011,453,biscoito,a184a37d7a,26.3491
76,12,5000,0.730813,0.388146,27398,7028,449,biscoito,b57e437923,27.0027
76,15,5000,0.729104,0.394467,27383,7003,451,biscoito,fd782673ac,24.5824
76,16,5000,0.723731,0.388897,27404,7005,452,biscoito,e3529ac7e4,23.3969
76,17,5000,0.729834,0.392527,27385,7000,455,biscoito,e947ac4676,24.5535
76,18,5000,0.736225,0.398131,27386,7025,451,biscoito,dd66ba5a66,14.9345
77,0,5000,0.733102,0.400669,27390,7009,453,biscoito,4ae70ca792,23.2875
77,1,5000,0.733102,0.400669,27390,7009,453,biscoito,4ae70ca792,23.2875
77,2,5000,0.733102,0.400669,27390,7009,453,biscoito,4ae70ca792,23.2875
77,3,5000,0.733102,0.400669,27390,7009,453,biscoito,4ae70ca792,23.2875
77,4,5000,0.733102,0.400669,27390,7009,453,biscoito,4ae70ca792,23.2875
77,6,5000,0.733102,0.400669,27390,7009,453,biscoito,4ae70ca792,23.2875
77,7,5000,0.728620,0.393357,27386,7011,453,biscoito,a184a37d7a,26.3491
77,9,5000,0.733102,0.400669,27390,7009,453,biscoito,4ae70ca792,23.2875
77,10,5000,0.733102,0.400669,27390,7009,453,biscoito,4ae70ca792,23.2875
77,11,5000,0.733102,0.400669,27390,7009,453,biscoito,4ae70ca792,23.2875
77,13,5000,0.733102,0.400669,27390,7009,453,biscoito,4ae70ca792,23.2875
77,17,5000,0.733102,0.400669,27390,7009,453,biscoito,4ae70ca792,23.2875
77,18,5000,0.733102,0.400669,27390,7009,453,biscoito,4ae70ca792,23.2875
77,19,5000,0.733102,0.400669,27390,7009,453,biscoito,4ae70ca792,23.2875
77,5,5000,0.730593,0.392355,27418,7004,454,biscoito,fe4705f4f2,22.3957
77,8,5000,0.728173,0.391543,27383,7004,455,biscoito,2878740c73,22.3208
77,12,5000,0.730022,0.394314,27372,6999,454,biscoito,1f4acbfb90,23.4625
77,14,5000,0.729000,0.392028,27351,7003,454,biscoito,e910a0346a,22.9110
77,15,5000,0.731308,0.392100,27394,6992,452,biscoito,aa1f95654e,22.4756
77,16,5000,0.725333,0.392062,27415,7009,452,biscoito,f1ad69415a,22.5927
78,0,5000,0.733102,0.400669,27390,7009,453,biscoito,4ae70ca792,23.2875
78,1,5000,0.733102,0.400669,27390,7009,453,biscoito,4ae70ca792,23.2875
78,3,5000,0.733102,0.400669,27390,7009,453,biscoito,4ae70ca792,23.2875
78,4,5000,0.733102,0.400669,27390,7009,453,biscoito,4ae70ca792,23.2875
78,6,5000,0.733102,0.400669,27390,7009,453,biscoito,4ae70ca792,23.2875
78,11,5000,0.733102,0.400669,27390,7009,453,biscoito,4ae70ca792,23.2875
78,13,5000,0.733102,0.400669,27390,7009,453,biscoito,4ae70ca792,23.2875
78,14,5000,0.733102,0.400669,27390,7009,453,biscoito,4ae70ca792,23.2875
78,16,5000,0.733102,0.400669,27390,7009,453,biscoito,4ae70ca792,23.2875
78,17,5000,0.733102,0.400669,27390,7009,453,biscoito,4ae70ca792,23.2875
78,18,5000,0.733102,0.400669,27390,7009,453,biscoito,4ae70ca792,23.2875
78,19,5000,0.733102,0.400669,27390,7009,453,biscoito,4ae70ca792,23.2875
78,2,5000,0.729195,0.392742,27386,7004,454,biscoito,03b7135492,26.8182
78,5,5000,0.723991,0.388868,27357,7002,451,biscoito,4fa058baad,25.9567
78,7,5000,0.728620,0.389457,27393,6994,452,biscoito,d76a4967ca,24.8547
78,8,5000,0.732982,0.395881,27391,7007,453,biscoito,6362b87df5,27.4290
78,9,5000,0.726455,0.394512,27392,7012,453,biscoito,698f893579,26.2969
78,10,5000,0.729016,0.391880,27388,7008,453,biscoito,b9df77487b,26.0016
78,12,5000,0.731109,0.393815,27404,7016,452,biscoito,9db0babead,23.1943
78,15,5000,0.734731,0.396031,27368,7013,452,biscoito,a3c53f60c8,24.9561
79,0,5000,0.733102,0.400669,27390,7009,453,biscoito,4ae70ca792,23.2875
79,1,5000,0.733102,0.400669,27390,7009,453,biscoito,4ae70ca792,23.2875
79,3,5000,0.733102,0.400669,27390,7009,453,biscoito,4ae70ca792,23.2875
79,4,5000,0.733102,0.400669,27390,7009,453,biscoito,4ae70ca792,23.2875
79,5,5000,0.734731,0.396031,27368,7013,452,biscoito,a3c53f60c8,24.9561
79,6,5000,0.733102,0.400669,27390,7009,453,biscoito,4ae70ca792,23.2875
79,7,5000,0.733102,0.400669,27390,7009,453,biscoito,4ae70ca792,23.2875
79,8,5000,0.733102,0.400669,27390,7009,453,biscoito,4ae70ca792,23.2875
79,9,5000,0.733102,0.400669,27390,7009,453,biscoito,4ae70ca792,23.2875
79,10,5000,0.733102,0.400669,27390,7009,453,biscoito,4ae70ca792,23.2875
79,13,5000,0.733102,0.400669,27390,7009,453,biscoito,4ae70ca792,23.2875
79,16,5000,0.733102,0.400669,27390,7009,453,biscoito,4ae70ca792,23.2875
79,19,5000,0.733102,0.400669,27390,7009,453,biscoito,4ae70ca792,23.2875
79,2,5000,0.737076,0.395841,27437,7004,448,biscoito,c0bb9f8bd8,24.1133
79,11,5000,0.732746,0.395473,27357,7025,455,biscoito,192105a1f7,23.9487
79,12,5000,0.731428,0.395265,27409,7017,452,biscoito,beb5c846db,24.0469
79,14,5000,0.724043,0.387906,27417,7017,449,biscoito,e221e2bcc8,22.3506
79,15,5000,0.725892,0.392762,27396,6992,450,biscoito,a949120ed3,23.2254
79,17,5000,0.729739,0.394892,27393,7012,455,biscoito,84d9fa8a15,23.0040
79,18,5000,0.735494,0.391975,27428,7018,452,biscoito,55376c0194,22.5340
80,0,5000,0.733102,0.400669,27390,7009,453,biscoito,4ae70ca792,23.2875
80,1,5000,0.733102,0.400669,27390,7009,453,biscoito,4ae70ca792,23.2875
80,2,5000,0.733102,0.400669,27390,7009,453,biscoito,4ae70ca792,23.2875
80,3,5000,0.733102,0.400669,27390,7009,453,biscoito,4ae70ca792,23.2875
80,4,5000,0.733102,0.400669,27390,7009,453,biscoito,4ae70ca792,23.2875
80,5,5000,0.733102,0.400669,27390,7009,453,biscoito,4ae70ca792,23.2875
80,6,5000,0.733102,0.400669,27390,7009,453,biscoito,4ae70ca792,23.2875
80,8,5000,0.733102,0.400669,27390,7009,453,biscoito,4ae70ca792,23.2875
80,10,5000,0.733102,0.400669,27390,7009,453,biscoito,4ae70ca792,23.2875
80,11,5000,0.733102,0.400669,27390,7009,453,biscoito,4ae70ca792,23.2875
80,12,5000,0.733102,0.400669,27390,7009,453,biscoito,4ae70ca792,23.2875
80,13,5000,0.733102,0.400669,27390,7009,453,biscoito,4ae70ca792,23.2875
80,14,5000,0.733102,0.400669,27390,7009,453,biscoito,4ae70ca792,23.2875
80,15,5000,0.733102,0.400669,27390,7009,453,biscoito,4ae70ca792,23.2875
80,16,5000,0.733102,0.400669,27390,7009,453,biscoito,4ae70ca792,23.2875
80,17,5000,0.733102,0.400669,27390,7009,453,biscoito,4ae70ca792,23.2875
80,18,5000,0.733102,0.400669,27390,7009,453,biscoito,4ae70ca792,23.2875
80,7,5000,0.730402,0.394342,27382,6988,456,biscoito,bf9a6af19a,19.0928
80,9,5000,0.732259,0.394177,27373,6991,453,biscoito,044af1e1b1,18.8157
80,19,5000,0.731272,0.391249,27446,7021,446,biscoito,38418137fc,18.6275
81,0,5000,0.733102,0.400669,27390,7009,453,biscoito,4ae70ca792,23.2875
81,1,5000,0.733102,0.400669,27390,7009,453,biscoito,4ae70ca792,23.2875
81,2,5000,0.733102,0.400669,27390,7009,453,biscoito,4ae70ca792,23.2875
81,4,5000,0.733102,0.400669,27390,7009,453,biscoito,4ae70ca792,23.2875
81,6,5000,0.733102,0.400669,27390,7009,453,biscoito,4ae70ca792,23.2875
81,7,5000,0.733102,0.400669,27390,7009,453,biscoito,4ae70ca792,23.2875
81,10,5000,0.733102,0.400669,27390,7009,453,biscoito,4ae70ca792,23.2875
81,11,5000,0.733102,0.400669,27390,7009,453,biscoito,4ae70ca792,23.2875
81,12,5000,0.733102,0.400669,27390,7009,453,biscoito,4ae70ca792,23.2875
81,13,5000,0.733102,0.400669,27390,7009,453,biscoito,4ae70ca792,23.2875
81,14,5000,0.733102,0.400669,27390,7009,453,biscoito,4ae70ca792,23.2875
81,15,5000,0.733102,0.400669,27390,7009,453,biscoito,4ae70ca792,23.2875
81,16,5000,0.733102,0.400669,27390,7009,453,biscoito,4ae70ca792,23.2875
81,17,5000,0.733102,0.400669,27390,7009,453,biscoito,4ae70ca792,23.2875
81,18,5000,0.733102,0.400669,27390,7009,453,biscoito,4ae70ca792,23.2875
81,3,5000,0.735878,0.395420,27426,7009,451,biscoito,48ba5260be,22.9624
81,5,5000,0.728996,0.392989,27406,7007,454,biscoito,5ef1dd9a75,22.5155
81,8,5000,0.729994,0.395314,27374,7004,454,biscoito,6e064ace84,22.9201
81,9,5000,0.731596,0.390909,27397,6998,449,biscoito,9ab7c4e1fd,22.8430
81,19,5000,0.728041,0.394794,27377,7007,454,biscoito,226a517c13,22.6067
82,0,5000,0.733102,0.400669,27390,7009,453,biscoito,4ae70ca792,23.2875
82,1,5000,0.733102,0.400669,27390,7009,453,biscoito,4ae70ca792,23.2875
82,3,5000,0.733102,0.400669,27390,7009,453,biscoito,4ae70ca792,23.2875
82,5,5000,0.733102,0.400669,27390,7009,453,biscoito,4ae70ca792,23.2875
82,6,5000,0.733102,0.400669,27390,7009,453,biscoito,4ae70ca792,23.2875
82,7,5000,0.733102,0.400669,27390,7009,453,biscoito,4ae70ca792,23.2875
82,9,5000,0.733102,0.400669,27390,7009,453,biscoito,4ae70ca792,23.2875
82,10,5000,0.733102,0.400669,27390,7009,453,biscoito,4ae70ca792,23.2875
82,11,5000,0.733102,0.400669,27390,7009,453,biscoito,4ae70ca792,23.2875
82,12,5000,0.733102,0.400669,27390,7009,453,biscoito,4ae70ca792,23.2875
82,13,5000,0.733102,0.400669,27390,7009,453,biscoito,4ae70ca792,23.2875
82,14,5000,0.733102,0.400669,27390,7009,453,biscoito,4ae70ca792,23.2875
82,15,5000,0.733102,0.400669,27390,7009,453,biscoito,4ae70ca792,23.2875
82,16,5000,0.733102,0.400669,27390,7009,453,biscoito,4ae70ca792,23.2875
82,17,5000,0.733102,0.400669,27390,7009,453,biscoito,4ae70ca792,23.2875
82,18,5000,0.733102,0.400669,27390,7009,453,biscoito,4ae70ca792,23.2875
82,2,5000,0.729379,0.391951,27395,7009,451,biscoito,791e653c29,22.3292
82,4,5000,0.735606,0.393814,27380,7011,451,biscoito,4f5519ce63,22.4878
82,8,5000,0.733082,0.391849,27393,7029,454,biscoito,fc840461fa,21.9213
82,19,5000,0.731216,0.396761,27379,7016,455,biscoito,fa1068dd73,21.8267
83,0,5000,0.733102,0.400669,27390,7009,453,biscoito,4ae70ca792,23.2875
83,1,5000,0.733102,0.400669,27390,7009,453,biscoito,4ae70ca792,23.2875
83,2,5000,0.733102,0.400669,27390,7009,453,biscoito,4ae70ca792,23.2875
83,3,5000,0.733102,0.400669,27390,7009,453,biscoito,4ae70ca792,23.2875
83,4,5000,0.733102,0.400669,27390,7009,453,biscoito,4ae70ca792,23.2875
83,5,5000,0.733102,0.400669,27390,7009,453,biscoito,4ae70ca792,23.2875
83,6,5000,0.733102,0.400669,27390,7009,453,biscoito,4ae70ca792,23.2875
83,7,5000,0.733102,0.400669,27390,7009,453,biscoito,4ae70ca792,23.2875
83,9,5000,0.733102,0.400669,27390,7009,453,biscoito,4ae70ca792,23.2875
83,10,5000,0.733102,0.400669,27390,7009,453,biscoito,4ae70ca792,23.2875
83,11,5000,0.733102,0.400669,27390,7009,453,biscoito,4ae70ca792,23.2875
83,13,5000,0.733102,0.400669,27390,7009,453,biscoito,4ae70ca792,23.2875
83,14,5000,0.733102,0.400669,27390,7009,453,biscoito,4ae70ca792,23.2875
83,15,5000,0.733102,0.400669,27390,7009,453,biscoito,4ae70ca792,23.2875
83,17,5000,0.733102,0.400669,27390,7009,453,biscoito,4ae70ca792,23.2875
83,18,5000,0.733102,0.400669,27390,7009,453,biscoito,4ae70ca792,23.2875
83,19,5000,0.733102,0.400669,27390,7009,453,biscoito,4ae70ca792,23.2875
83,8,5000,0.730501,0.388208,27387,7018,450,biscoito,1a491cd7d9,17.9348
83,12,5000,0.729367,0.392755,27388,7021,454,biscoito,1b158cdedd,18.1179
83,16,5000,0.728444,0.390985,27385,7011,456,biscoito,b5361f76de,17.7391
84,0,5000,0.733102,0.400669,27390,7009,453,biscoito,4ae70ca792,23.2875
84,1,5000,0.733102,0.400669,27390,7009,453,biscoito,4ae70ca792,23.2875
84,4,5000,0.733102,0.400669,27390,7009,453,biscoito,4ae70ca792,23.2875
84,6,5000,0.733102,0.400669,27390,7009,453,biscoito,4ae70ca792,23.2875
84,9,5000,0.733102,0.400669,27390,7009,453,biscoito,4ae70ca792,23.2875
84,10,5000,0.733102,0.400669,27390,7009,453,biscoito,4ae70ca792,23.2875
84,11,5000,0.733102,0.400669,27390,7009,453,biscoito,4ae70ca792,23.2875
84,12,5000,0.733102,0.400669,27390,7009,453,biscoito,4ae70ca792,23.2875
84,13,5000,0.733102,0.400669,27390,7009,453,biscoito,4ae70ca792,23.2875
84,15,5000,0.733102,0.400669,27390,7009,453,biscoito,4ae70ca792,23.2875
84,16,5000,0.733102,0.400669,27390,7009,453,biscoito,4ae70ca792,23.2875
84,17,5000,0.733102,0.400669,27390,7009,453,biscoito,4ae70ca792,23.2875
84,18,5000,0.733102,0.400669,27390,7009,453,biscoito,4ae70ca792,23.2875
84,19,5000,0.733102,0.400669,27390,7009,453,biscoito,4ae70ca792,23.2875
84,2,5000,0.731248,0.395408,27355,7000,452,biscoito,62f1a4efee,22.3506
84,3,5000,0.731899,0.398975,27388,7020,452,biscoito,9d5e36eec3,22.4233
84,5,5000,0.725441,0.394630,27410,7020,454,biscoito,8c6bcd1256,22.5690
84,7,5000,0.731804,0.397549,27368,6995,453,biscoito,a044ca6736,22.5258
84,8,5000,0.729111,0.390737,27391,7012,454,biscoito,ad37e91ec4,22.5481
84,14,5000,0.727146,0.392090,27389,7014,451,biscoito,5592f1554c,21.5482
85,0,5000,0.733102,0.400669,27390,7009,453,biscoito,4ae70ca792,23.2875
85,1,5000,0.733102,0.400669,27390,7009,453,biscoito,4ae70ca792,23.2875
85,3,5000,0.733102,0.400669,27390,7009,453,biscoito,4ae70ca792,23.2875
85,4,5000,0.733102,0.400669,27390,7009,453,biscoito,4ae70ca792,23.2875
85,5,5000,0.733102,0.400669,27390,7009,453,biscoito,4ae70ca792,23.2875
85,6,5000,0.733102,0.400669,27390,7009,453,biscoito,4ae70ca792,23.2875
85,7,5000,0.733102,0.400669,27390,7009,453,biscoito,4ae70ca792,23.2875
85,8,5000,0.733102,0.400669,27390,7009,453,biscoito,4ae70ca792,23.2875
85,9,5000,0.733102,0.400669,27390,7009,453,biscoito,4ae70ca792,23.2875
85,10,5000,0.733102,0.400669,27390,7009,453,biscoito,4ae70ca792,23.2875
85,11,5000,0.733102,0.400669,27390,7009,453,biscoito,4ae70ca792,23.2875
85,12,5000,0.733102,0.400669,27390,7009,453,biscoito,4ae70ca792,23.2875
85,13,5000,0.733102,0.400669,27390,7009,453,biscoito,4ae70ca792,23.2875
85,14,5000,0.733102,0.400669,27390,7009,453,biscoito,4ae70ca792,23.2875
85,15,5000,0.733102,0.400669,27390,7009,453,biscoito,4ae70ca792,23.2875
85,16,5000,0.733102,0.400669,27390,7009,453,biscoito,4ae70ca792,23.2875
85,17,5000,0.733102,0.400669,27390,7009,453,biscoito,4ae70ca792,23.2875
85,18,5000,0.733102,0.400669,27390,7009,453,biscoito,4ae70ca792,23.2875
85,19,5000,0.733102,0.400669,27390,7009,453,biscoito,4ae70ca792,23.2875
85,2,5000,0.730573,0.392889,27370,6996,453,biscoito,ab82d9de5e,13.6321
86,0,5000,0.733102,0.400669,27390,7009,453,biscoito,4ae70ca792,23.2875
86,1,5000,0.733102,0.400669,27390,7009,453,biscoito,4ae70ca792,23.2875
86,2,5000,0.733102,0.400669,27390,7009,453,biscoito,4ae70ca792,23.2875
86,3,5000,0.733102,0.400669,27390,7009,453,biscoito,4ae70ca792,23.2875
86,4,5000,0.733102,0.400669,27390,7009,453,biscoito,4ae70ca792,23.2875
86,6,5000,0.733102,0.400669,27390,7009,453,biscoito,4ae70ca792,23.2875
86,7,5000,0.733102,0.400669,27390,7009,453,biscoito,4ae70ca792,23.2875
86,8,5000,0.733102,0.400669,27390,7009,453,biscoito,4ae70ca792,23.2875
86,9,5000,0.733102,0.400669,27390,7009,453,biscoito,4ae70ca792,23.2875
86,10,5000,0.733102,0.400669,27390,7009,453,biscoito,4ae70ca792,23.2875
86,11,5000,0.733102,0.400669,27390,7009,453,biscoito,4ae70ca792,23.2875
86,12,5000,0.733102,0.400669,27390,7009,453,biscoito,4ae70ca792,23.2875
86,13,5000,0.733102,0.400669,27390,7009,453,biscoito,4ae70ca792,23.2875
86,14,5000,0.733102,0.400669,27390,7009,453,biscoito,4ae70ca792,23.2875
86,15,5000,0.733102,0.400669,27390,7009,453,biscoito,4ae70ca792,23.2875
86,16,5000,0.733102,0.400669,27390,7009,453,biscoito,4ae70ca792,23.2875
86,17,5000,0.733102,0.400669,27390,7009,453,biscoito,4ae70ca792,23.2875
86,18,5000,0.733102,0.400669,27390,7009,453,biscoito,4ae70ca792,23.2875
86,5,5000,0.734168,0.395234,27384,7014,451,biscoito,81bdf8d4c3,15.7184
86,19,5000,0.729151,0.391034,27417,7020,452,biscoito,3fb479b6f8,15.7346
87,0,5000,0.733102,0.400669,27390,7009,453,biscoito,4ae70ca792,23.2875
87,2,5000,0.733102,0.400669,27390,7009,453,biscoito,4ae70ca792,23.2875
87,3,5000,0.733102,0.400669,27390,7009,453,biscoito,4ae70ca792,23.2875
87,6,5000,0.733102,0.400669,27390,7009,453,biscoito,4ae70ca792,23.2875
87,7,5000,0.733102,0.400669,27390,7009,453,biscoito,4ae70ca792,23.2875
87,8,5000,0.733102,0.400669,27390,7009,453,biscoito,4ae70ca792,23.2875
87,9,5000,0.733102,0.400669,27390,7009,453,biscoito,4ae70ca792,23.2875
87,10,5000,0.733102,0.400669,27390,7009,453,biscoito,4ae70ca792,23.2875
87,11,5000,0.733102,0.400669,27390,7009,453,biscoito,4ae70ca792,23.2875
87,12,5000,0.733102,0.400669,27390,7009,453,biscoito,4ae70ca792,23.2875
87,13,5000,0.733102,0.400669,27390,7009,453,biscoito,4ae70ca792,23.2875
87,14,5000,0.733102,0.400669,27390,7009,453,biscoito,4ae70ca792,23.2875
87,15,5000,0.733102,0.400669,27390,7009,453,biscoito,4ae70ca792,23.2875
87,16,5000,0.733102,0.400669,27390,7009,453,biscoito,4ae70ca792,23.2875
87,17,5000,0.733102,0.400669,27390,7009,453,biscoito,4ae70ca792,23.2875
87,18,5000,0.733102,0.400669,27390,7009,453,biscoito,4ae70ca792,23.2875
87,19,5000,0.733102,0.400669,27390,7009,453,biscoito,4ae70ca792,23.2875
87,1,5000,0.731556,0.396740,27397,7005,453,biscoito,c45f58e085,19.9940
87,4,5000,0.734072,0.393006,27384,7010,452,biscoito,1b79db4fca,19.8939
87,5,5000,0.731384,0.391904,27412,7019,451,biscoito,d011368265,19.8577
88,0,5000,0.733102,0.400669,27390,7009,453,biscoito,4ae70ca792,23.2875
88,1,5000,0.733102,0.400669,27390,7009,453,biscoito,4ae70ca792,23.2875
88,3,5000,0.733102,0.400669,27390,7009,453,biscoito,4ae70ca792,23.2875
88,5,5000,0.733102,0.400669,27390,7009,453,biscoito,4ae70ca792,23.2875
88,6,5000,0.733102,0.400669,27390,7009,453,biscoito,4ae70ca792,23.2875
88,7,5000,0.733102,0.400669,27390,7009,453,biscoito,4ae70ca792,23.2875
88,8,5000,0.733102,0.400669,27390,7009,453,biscoito,4ae70ca792,23.2875
88,9,5000,0.733102,0.400669,27390,7009,453,biscoito,4ae70ca792,23.2875
88,10,5000,0.733102,0.400669,27390,7009,453,biscoito,4ae70ca792,23.2875
88,12,5000,0.733102,0.400669,27390,7009,453,biscoito,4ae70ca792,23.2875
88,13,5000,0.733102,0.400669,27390,7009,453,biscoito,4ae70ca792,23.2875
88,14,5000,0.733102,0.400669,27390,7009,453,biscoito,4ae70ca792,23.2875
88,16,5000,0.733102,0.400669,27390,7009,453,biscoito,4ae70ca792,23.2875
88,17,5000,0.733102,0.400669,27390,7009,453,biscoito,4ae70ca792,23.2875
88,18,5000,0.733102,0.400669,27390,7009,453,biscoito,4ae70ca792,23.2875
88,19,5000,0.733102,0.400669,27390,7009,453,biscoito,4ae70ca792,23.2875
88,2,5000,0.725213,0.393915,27396,7021,452,biscoito,83608fe947,20.4917
88,4,5000,0.728349,0.396897,27377,7007,454,biscoito,f1a3c68e5e,20.4908
88,11,5000,0.730797,0.392263,27399,6991,450,biscoito,0b79f8f8e0,20.6708
88,15,5000,0.726743,0.390630,27394,6994,449,biscoito,929bd94e7a,20.6071
89,0,5000,0.733102,0.400669,27390,7009,453,biscoito,4ae70ca792,23.2875
89,2,5000,0.733102,0.400669,27390,7009,453,biscoito,4ae70ca792,23.2875
89,3,5000,0.733102,0.400669,27390,7009,453,biscoito,4ae70ca792,23.2875
89,4,5000,0.733102,0.400669,27390,7009,453,biscoito,4ae70ca792,23.2875
89,5,5000,0.733102,0.400669,27390,7009,453,biscoito,4ae70ca792,23.2875
89,6,5000,0.733102,0.400669,27390,7009,453,biscoito,4ae70ca792,23.2875
89,7,5000,0.733102,0.400669,27390,7009,453,biscoito,4ae70ca792,23.2875
89,8,5000,0.733102,0.400669,27390,7009,453,biscoito,4ae70ca792,23.2875
89,9,5000,0.733102,0.400669,27390,7009,453,biscoito,4ae70ca792,23.2875
89,10,5000,0.733102,0.400669,27390,7009,453,biscoito,4ae70ca792,23.2875
89,14,5000,0.733102,0.400669,27390,7009,453,biscoito,4ae70ca792,23.2875
89,15,5000,0.733102,0.400669,27390,7009,453,biscoito,4ae70ca792,23.2875
89,16,5000,0.733102,0.400669,27390,7009,453,biscoito,4ae70ca792,23.2875
89,17,5000,0.733102,0.400669,27390,7009,453,biscoito,4ae70ca792,23.2875
89,18,5000,0.733102,0.400669,27390,7009,453,biscoito,4ae70ca792,23.2875
89,1,5000,0.730669,0.393636,27393,7015,451,biscoito,d08c2690c2,21.3502
89,11,5000,0.730941,0.392932,27370,7009,454,biscoito,536930dacf,21.4108
89,12,5000,0.729783,0.396213,27397,7007,453,biscoito,c42c61d22d,21.7278
89,13,5000,0.728273,0.396796,27406,7006,454,biscoito,69cd9f2773,21.3673
89,19,5000,0.731432,0.395455,27410,7021,455,biscoito,89bfb03be6,21.4361
90,0,5000,0.733102,0.400669,27390,7009,453,biscoito,4ae70ca792,23.2875
90,1,5000,0.733102,0.400669,27390,7009,453,biscoito,4ae70ca792,23.2875
90,2,5000,0.733102,0.400669,27390,7009,453,biscoito,4ae70ca792,23.2875
90,3,5000,0.733102,0.400669,27390,7009,453,biscoito,4ae70ca792,23.2875
90,4,5000,0.733102,0.400669,27390,7009,453,biscoito,4ae70ca792,23.2875
90,5,5000,0.733102,0.400669,27390,7009,453,biscoito,4ae70ca792,23.2875
90,6,5000,0.733102,0.400669,27390,7009,453,biscoito,4ae70ca792,23.2875
90,7,5000,0.733102,0.400669,27390,7009,453,biscoito,4ae70ca792,23.2875
90,9,5000,0.733102,0.400669,27390,7009,453,biscoito,4ae70ca792,23.2875
90,13,5000,0.733102,0.400669,27390,7009,453,biscoito,4ae70ca792,23.2875
90,14,5000,0.733102,0.400669,27390,7009,453,biscoito,4ae70ca792,23.2875
90,16,5000,0.733102,0.400669,27390,7009,453,biscoito,4ae70ca792,23.2875
90,17,5000,0.733102,0.400669,27390,7009,453,biscoito,4ae70ca792,23.2875
90,18,5000,0.733102,0.400669,27390,7009,453,biscoito,4ae70ca792,23.2875
90,8,5000,0.725928,0.391161,27403,7011,453,biscoito,8a61bfd511,22.3988
90,10,5000,0.733078,0.391067,27377,6989,451,biscoito,95855ec0a0,23.6593
90,11,5000,0.729791,0.392628,27377,7001,452,biscoito,546e4a9eea,23.3944
90,12,5000,0.728768,0.391335,27423,7014,450,biscoito,f4890da120,22.8266
90,15,5000,0.733198,0.394712,27407,6997,455,biscoito,5953c06613,23.0331
90,19,5000,0.725968,0.396263,27390,6975,453,biscoito,7cfd6671e3,22.2696
91,0,5000,0.733102,0.400669,27390,7009,453,biscoito,4ae70ca792,23.2875
91,1,5000,0.733102,0.400669,27390,7009,453,biscoito,4ae70ca792,23.2875
91,2,5000,0.733102,0.400669,27390,7009,453,biscoito,4ae70ca792,23.2875
91,4,5000,0.733102,0.400669,27390,7009,453,biscoito,4ae70ca792,23.2875
91,6,5000,0.733102,0.400669,27390,7009,453,biscoito,4ae70ca792,23.2875
91,7,5000,0.733102,0.400669,27390,7009,453,biscoito,4ae70ca792,23.2875
91,8,5000,0.733102,0.400669,27390,7009,453,biscoito,4ae70ca792,23.2875
91,9,5000,0.733102,0.400669,27390,7009,453,biscoito,4ae70ca792,23.2875
91,12,5000,0.733102,0.400669,27390,7009,453,biscoito,4ae70ca792,23.2875
91,14,5000,0.733102,0.400669,27390,7009,453,biscoito,4ae70ca792,23.2875
91,15,5000,0.733102,0.400669,27390,7009,453,biscoito,4ae70ca792,23.2875
91,16,5000,0.733102,0.400669,27390,7009,453,biscoito,4ae70ca792,23.2875
91,17,5000,0.733102,0.400669,27390,7009,453,biscoito,4ae70ca792,23.2875
91,18,5000,0.733102,0.400669,27390,7009,453,biscoito,4ae70ca792,23.2875
91,19,5000,0.733102,0.400669,27390,7009,453,biscoito,4ae70ca792,23.2875
91,3,5000,0.728121,0.395206,27377,7013,454,biscoito,55a688b1fd,21.7275
91,5,5000,0.730466,0.391565,27403,6996,451,biscoito,d98f5d0d22,21.9403
91,10,5000,0.732878,0.391827,27396,6988,448,biscoito,715575d508,21.7936
91,11,5000,0.727214,0.393913,27356,7013,455,biscoito,3a11374e8b,21.4713
91,13,5000,0.728113,0.389366,27388,6994,450,biscoito,5bc81da888,21.3131
92,0,5000,0.733102,0.400669,27390,7009,453,biscoito,4ae70ca792,23.2875
92,1,5000,0.733102,0.400669,27390,7009,453,biscoito,4ae70ca792,23.2875
92,2,5000,0.733102,0.400669,27390,7009,453,biscoito,4ae70ca792,23.2875
92,3,5000,0.733102,0.400669,27390,7009,453,biscoito,4ae70ca792,23.2875
92,4,5000,0.733102,0.400669,27390,7009,453,biscoito,4ae70ca792,23.2875
92,7,5000,0.733102,0.400669,27390,7009,453,biscoito,4ae70ca792,23.2875
92,8,5000,0.733102,0.400669,27390,7009,453,biscoito,4ae70ca792,23.2875
92,9,5000,0.733102,0.400669,27390,7009,453,biscoito,4ae70ca792,23.2875
92,10,5000,0.733102,0.400669,27390,7009,453,biscoito,4ae70ca792,23.2875
92,11,5000,0.733102,0.400669,27390,7009,453,biscoito,4ae70ca792,23.2875
92,12,5000,0.733102,0.400669,27390,7009,453,biscoito,4ae70ca792,23.2875
92,13,5000,0.733102,0.400669,27390,7009,453,biscoito,4ae70ca792,23.2875
92,14,5000,0.733102,0.400669,27390,7009,453,biscoito,4ae70ca792,23.2875
92,15,5000,0.733102,0.400669,27390,7009,453,biscoito,4ae70ca792,23.2875
92,16,5000,0.733102,0.400669,27390,7009,453,biscoito,4ae70ca792,23.2875
92,17,5000,0.733102,0.400669,27390,7009,453,biscoito,4ae70ca792,23.2875
92,18,5000,0.733102,0.400669,27390,7009,453,biscoito,4ae70ca792,23.2875
92,19,5000,0.733102,0.400669,27390,7009,453,biscoito,4ae70ca792,23.2875
92,5,5000,0.732163,0.394415,27404,7026,455,biscoito,b6d7ddfd33,15.3630
92,6,5000,0.726567,0.388891,27387,7009,452,biscoito,4f17f5e9aa,15.3447
93,0,5000,0.733102,0.400669,27390,7009,453,biscoito,4ae70ca792,23.2875
93,2,5000,0.733102,0.400669,27390,7009,453,biscoito,4ae70ca792,23.2875
93,3,5000,0.733102,0.400669,27390,7009,453,biscoito,4ae70ca792,23.2875
93,4,5000,0.733102,0.400669,27390,7009,453,biscoito,4ae70ca792,23.2875
93,5,5000,0.733102,0.400669,27390,7009,453,biscoito,4ae70ca792,23.2875
93,6,5000,0.733102,0.400669,27390,7009,453,biscoito,4ae70ca792,23.2875
93,7,5000,0.733102,0.400669,27390,7009,453,biscoito,4ae70ca792,23.2875
93,9,5000,0.733102,0.400669,27390,7009,453,biscoito,4ae70ca792,23.2875
93,11,5000,0.733102,0.400669,27390,7009,453,biscoito,4ae70ca792,23.2875
93,12,5000,0.733102,0.400669,27390,7009,453,biscoito,4ae70ca792,23.2875
93,13,5000,0.733102,0.400669,27390,7009,453,biscoito,4ae70ca792,23.2875
93,15,5000,0.733102,0.400669,27390,7009,453,biscoito,4ae70ca792,23.2875
93,16,5000,0.733102,0.400669,27390,7009,453,biscoito,4ae70ca792,23.2875
93,17,5000,0.733102,0.400669,27390,7009,453,biscoito,4ae70ca792,23.2875
93,18,5000,0.733102,0.400669,27390,7009,453,biscoito,4ae70ca792,23.2875
93,19,5000,0.733102,0.400669,27390,7009,453,biscoito,4ae70ca792,23.2875
93,1,5000,0.736736,0.394927,27374,7008,450,biscoito,df548d4715,20.0845
93,8,5000,0.732966,0.393821,27358,6980,452,biscoito,6e65761c70,19.9342
93,10,5000,0.728432,0.393162,27381,7025,455,biscoito,f8d6ad59ab,19.7396
93,14,5000,0.732534,0.395614,27367,6998,456,biscoito,4ccff7200b,19.7006
94,0,5000,0.733102,0.400669,27390,7009,453,biscoito,4ae70ca792,23.2875
94,1,5000,0.733102,0.400669,27390,7009,453,biscoito,4ae70ca792,23.2875
94,2,5000,0.733102,0.400669,27390,7009,453,biscoito,4ae70ca792,23.2875
94,3,5000,0.733102,0.400669,27390,7009,453,biscoito,4ae70ca792,23.2875
94,4,5000,0.733102,0.400669,27390,7009,453,biscoito,4ae70ca792,23.2875
94,5,5000,0.733102,0.400669,27390,7009,453,biscoito,4ae70ca792,23.2875
94,7,5000,0.733102,0.400669,27390,7009,453,biscoito,4ae70ca792,23.2875
94,8,5000,0.733102,0.400669,27390,7009,453,biscoito,4ae70ca792,23.2875
94,9,5000,0.733102,0.400669,27390,7009,453,biscoito,4ae70ca792,23.2875
94,10,5000,0.733102,0.400669,27390,7009,453,biscoito,4ae70ca792,23.2875
94,12,5000,0.733102,0.400669,27390,7009,453,biscoito,4ae70ca792,23.2875
94,14,5000,0.733102,0.400669,27390,7009,453,biscoito,4ae70ca792,23.2875
94,16,5000,0.733102,0.400669,27390,7009,453,biscoito,4ae70ca792,23.2875
94,17,5000,0.733102,0.400669,27390,7009,453,biscoito,4ae70ca792,23.2875
94,18,5000,0.733102,0.400669,27390,7009,453,biscoito,4ae70ca792,23.2875
94,19,5000,0.733102,0.400669,27390,7009,453,biscoito,4ae70ca792,23.2875
94,6,5000,0.728381,0.390878,27441,6996,453,biscoito,27078e4fe9,20.2244
94,11,5000,0.725413,0.391100,27400,7003,453,biscoito,6e75127f39,20.0360
94,13,5000,0.726136,0.395084,27362,6991,452,biscoito,3a9165c233,19.9261
94,15,5000,0.729215,0.390570,27415,7017,453,biscoito,f6d6fda5ee,19.6840
95,0,5000,0.733102,0.400669,27390,7009,453,biscoito,4ae70ca792,23.2875
95,1,5000,0.733102,0.400669,27390,7009,453,biscoito,4ae70ca792,23.2875
95,2,5000,0.733102,0.400669,27390,7009,453,biscoito,4ae70ca792,23.2875
95,3,5000,0.733102,0.400669,27390,7009,453,biscoito,4ae70ca792,23.2875
95,4,5000,0.733102,0.400669,27390,7009,453,biscoito,4ae70ca792,23.2875
95,5,5000,0.733102,0.400669,27390,7009,453,biscoito,4ae70ca792,23.2875
95,6,5000,0.733102,0.400669,27390,7009,453,biscoito,4ae70ca792,23.2875
95,7,5000,0.733102,0.400669,27390,7009,453,biscoito,4ae70ca792,23.2875
95,8,5000,0.733102,0.400669,27390,7009,453,biscoito,4ae70ca792,23.2875
95,9,5000,0.733102,0.400669,27390,7009,453,biscoito,4ae70ca792,23.2875
95,10,5000,0.733102,0.400669,27390,7009,453,biscoito,4ae70ca792,23.2875
95,11,5000,0.733102,0.400669,27390,7009,453,biscoito,4ae70ca792,23.2875
95,13,5000,0.733102,0.400669,27390,7009,453,biscoito,4ae70ca792,23.2875
95,14,5000,0.733102,0.400669,27390,7009,453,biscoito,4ae70ca792,23.2875
95,15,5000,0.733102,0.400669,27390,7009,453,biscoito,4ae70ca792,23.2875
95,16,5000,0.733102,0.400669,27390,7009,453,biscoito,4ae70ca792,23.2875
95,17,5000,0.733102,0.400669,27390,7009,453,biscoito,4ae70ca792,23.2875
95,18,5000,0.733102,0.400669,27390,7009,453,biscoito,4ae70ca792,23.2875
95,19,5000,0.733102,0.400669,27390,7009,453,biscoito,4ae70ca792,23.2875
95,12,5000,0.735810,0.391218,27393,7009,449,biscoito,dcad80fe6c,13.8582
96,0,5000,0.733102,0.400669,27390,7009,453,biscoito,4ae70ca792,23.2875
96,1,5000,0.733102,0.400669,27390,7009,453,biscoito,4ae70ca792,23.2875
96,3,5000,0.733102,0.400669,27390,7009,453,biscoito,4ae70ca792,23.2875
96,5,5000,0.733102,0.400669,27390,7009,453,biscoito,4ae70ca792,23.2875
96,6,5000,0.733102,0.400669,27390,7009,453,biscoito,4ae70ca792,23.2875
96,7,5000,0.733102,0.400669,27390,7009,453,biscoito,4ae70ca792,23.2875
96,9,5000,0.733102,0.400669,27390,7009,453,biscoito,4ae70ca792,23.2875
96,10,5000,0.733102,0.400669,27390,7009,453,biscoito,4ae70ca792,23.2875
96,12,5000,0.733102,0.400669,27390,7009,453,biscoito,4ae70ca792,23.2875
96,15,5000,0.733102,0.400669,27390,7009,453,biscoito,4ae70ca792,23.2875
96,16,5000,0.733102,0.400669,27390,7009,453,biscoito,4ae70ca792,23.2875
96,17,5000,0.733102,0.400669,27390,7009,453,biscoito,4ae70ca792,23.2875
96,18,5000,0.733102,0.400669,27390,7009,453,biscoito,4ae70ca792,23.2875
96,19,5000,0.733102,0.400669,27390,7009,453,biscoito,4ae70ca792,23.2875
96,2,5000,0.732411,0.392771,27380,7027,453,biscoito,a6b19255e3,24.0464
96,4,5000,0.737084,0.394285,27362,7028,450,biscoito,1faf36dc36,23.7382
96,8,5000,0.727578,0.395910,27380,6999,453,biscoito,49b70734c6,23.8322
96,11,5000,0.730034,0.389053,27416,6985,452,biscoito,6e66e6458a,23.0841
96,13,5000,0.726651,0.386863,27396,6990,453,biscoito,ac8a8732e1,22.7404
96,14,5000,0.732039,0.392571,27342,7022,455,biscoito,091dc66860,22.6092
97,0,5000,0.733102,0.400669,27390,7009,453,biscoito,4ae70ca792,23.2875
97,1,5000,0.733102,0.400669,27390,7009,453,biscoito,4ae70ca792,23.2875
97,4,5000,0.733102,0.400669,27390,7009,453,biscoito,4ae70ca792,23.2875
97,5,5000,0.733102,0.400669,27390,7009,453,biscoito,4ae70ca792,23.2875
97,6,5000,0.733102,0.400669,27390,7009,453,biscoito,4ae70ca792,23.2875
97,7,5000,0.733102,0.400669,27390,7009,453,biscoito,4ae70ca792,23.2875
97,8,5000,0.733102,0.400669,27390,7009,453,biscoito,4ae70ca792,23.2875
97,9,5000,0.733102,0.400669,27390,7009,453,biscoito,4ae70ca792,23.2875
97,10,5000,0.733102,0.400669,27390,7009,453,biscoito,4ae70ca792,23.2875
97,12,5000,0.733102,0.400669,27390,7009,453,biscoito,4ae70ca792,23.2875
97,13,5000,0.733102,0.400669,27390,7009,453,biscoito,4ae70ca792,23.2875
97,14,5000,0.733102,0.400669,27390,7009,453,biscoito,4ae70ca792,23.2875
97,16,5000,0.733102,0.400669,27390,7009,453,biscoito,4ae70ca792,23.2875
97,17,5000,0.733102,0.400669,27390,7009,453,biscoito,4ae70ca792,23.2875
97,18,5000,0.733102,0.400669,27390,7009,453,biscoito,4ae70ca792,23.2875
97,19,5000,0.733102,0.400669,27390,7009,453,biscoito,4ae70ca792,23.2875
97,2,5000,0.727809,0.391901,27400,7014,452,biscoito,e28a6165cf,20.3889
97,3,5000,0.727578,0.392886,27402,7002,453,biscoito,c7bf02edda,20.0921
97,11,5000,0.726623,0.388824,27415,6993,451,biscoito,cfcdc31ae2,20.1651
97,15,5000,0.725345,0.394210,27355,6990,449,biscoito,f564ca6ff2,19.7613
98,0,5000,0.733102,0.400669,27390,7009,453,biscoito,4ae70ca792,23.2875
98,1,5000,0.733102,0.400669,27390,7009,453,biscoito,4ae70ca792,23.2875
98,2,5000,0.733102,0.400669,27390,7009,453,biscoito,4ae70ca792,23.2875
98,4,5000,0.733102,0.400669,27390,7009,453,biscoito,4ae70ca792,23.2875
98,5,5000,0.733102,0.400669,27390,7009,453,biscoito,4ae70ca792,23.2875
98,6,5000,0.733102,0.400669,27390,7009,453,biscoito,4ae70ca792,23.2875
98,7,5000,0.733102,0.400669,27390,7009,453,biscoito,4ae70ca792,23.2875
98,8,5000,0.733102,0.400669,27390,7009,453,biscoito,4ae70ca792,23.2875
98,9,5000,0.733102,0.400669,27390,7009,453,biscoito,4ae70ca792,23.2875
98,10,5000,0.733102,0.400669,27390,7009,453,biscoito,4ae70ca792,23.2875
98,11,5000,0.733102,0.400669,27390,7009,453,biscoito,4ae70ca792,23.2875
98,12,5000,0.733102,0.400669,27390,7009,453,biscoito,4ae70ca792,23.2875
98,13,5000,0.733102,0.400669,27390,7009,453,biscoito,4ae70ca792,23.2875
98,15,5000,0.733102,0.400669,27390,7009,453,biscoito,4ae70ca792,23.2875
98,16,5000,0.733102,0.400669,27390,7009,453,biscoito,4ae70ca792,23.2875
98,17,5000,0.733102,0.400669,27390,7009,453,biscoito,4ae70ca792,23.2875
98,18,5000,0.733102,0.400669,27390,7009,453,biscoito,4ae70ca792,23.2875
98,19,5000,0.733102,0.400669,27390,7009,453,biscoito,4ae70ca792,23.2875
98,3,5000,0.730094,0.395676,27385,7007,454,biscoito,854a9ab519,17.2192
98,14,5000,0.729403,0.397515,27393,7014,455,biscoito,e129c5db5a,17.4266
99,0,5000,0.733102,0.400669,27390,7009,453,biscoito,4ae70ca792,23.2875
99,1,5000,0.733102,0.400669,27390,7009,453,biscoito,4ae70ca792,23.2875
99,2,5000,0.733102,0.400669,27390,7009,453,biscoito,4ae70ca792,23.2875
99,3,5000,0.733102,0.400669,27390,7009,453,biscoito,4ae70ca792,23.2875
99,4,5000,0.733102,0.400669,27390,7009,453,biscoito,4ae70ca792,23.2875
99,5,5000,0.733102,0.400669,27390,7009,453,biscoito,4ae70ca792,23.2875
99,6,5000,0.733102,0.400669,27390,7009,453,biscoito,4ae70ca792,23.2875
99,7,5000,0.733102,0.400669,27390,7009,453,biscoito,4ae70ca792,23.2875
99,8,5000,0.733102,0.400669,27390,7009,453,biscoito,4ae70ca792,23.2875
99,9,5000,0.733102,0.400669,27390,7009,453,biscoito,4ae70ca792,23.2875
99,10,5000,0.733102,0.400669,27390,7009,453,biscoito,4ae70ca792,23.2875
99,13,5000,0.733102,0.400669,27390,7009,453,biscoito,4ae70ca792,23.2875
99,14,5000,0.733102,0.400669,27390,7009,453,biscoito,4ae70ca792,23.2875
99,15,5000,0.733102,0.400669,27390,7009,453,biscoito,4ae70ca792,23.2875
99,16,5000,0.733102,0.400669,27390,7009,453,biscoito,4ae70ca792,23.2875
99,17,5000,0.733102,0.400669,27390,7009,453,biscoito,4ae70ca792,23.2875
99,18,5000,0.733102,0.400669,27390,7009,453,biscoito,4ae70ca792,23.2875
99,11,5000,0.731584,0.392142,27417,7022,454,biscoito,7df7b0b964,21.5997
99,12,5000,0.726675,0.395206,27416,7019,457,biscoito,a44b6b2e32,21.3096
99,19,5000,0.730485,0.390912,27399,7006,452,biscoito,b231c3d17c,21.4292
100,0,5000,0.733102,0.400669,27390,7009,453,biscoito,4ae70ca792,23.2875
100,1,5000,0.733102,0.400669,27390,7009,453,biscoito,4ae70ca792,23.2875
100,3,5000,0.733102,0.400669,27390,7009,453,biscoito,4ae70ca792,23.2875
100,4,5000,0.733102,0.400669,27390,7009,453,biscoito,4ae70ca792,23.2875
100,5,5000,0.733102,0.400669,27390,7009,453,biscoito,4ae70ca792,23.2875
100,6,5000,0.733102,0.400669,27390,7009,453,biscoito,4ae70ca792,23.2875
100,7,5000,0.733102,0.400669,27390,7009,453,biscoito,4ae70ca792,23.2875
100,9,5000,0.733102,0.400669,27390,7009,453,biscoito,4ae70ca792,23.2875
100,13,5000,0.733102,0.400669,27390,7009,453,biscoito,4ae70ca792,23.2875
100,14,5000,0.733102,0.400669,27390,7009,453,biscoito,4ae70ca792,23.2875
100,15,5000,0.733102,0.400669,27390,7009,453,biscoito,4ae70ca792,23.2875
100,16,5000,0.733102,0.400669,27390,7009,453,biscoito,4ae70ca792,23.2875
100,17,5000,0.733102,0.400669,27390,7009,453,biscoito,4ae70ca792,23.2875
100,18,5000,0.733102,0.400669,27390,7009,453,biscoito,4ae70ca792,23.2875
100,2,5000,0.730921,0.394636,27361,7004,451,biscoito,5b6a358311,22.3048
100,8,5000,0.734919,0.395559,27427,7022,452,biscoito,b3fa33ff08,22.2772
100,10,5000,0.728884,0.395529,27409,7018,452,biscoito,7cfe13d6ae,22.4310
100,11,5000,0.728285,0.393041,27378,7022,453,biscoito,7288af0f66,22.3544
100,12,5000,0.732978,0.397654,27411,7010,453,biscoito,0086f77b8f,22.0495
100,19,5000,0.726455,0.390002,27377,6986,450,biscoito,ec5f472719,21.9485
