nm_item,nm_product,metric_value,metric_type,optimization_goal
OREGANO CBS SACHE 10g,oregano,0.6928484412757374,accuracy_on_full,maximize
LEITE CONDENSADO DIET SAO LOURENCO 335G,leite condensado,0.6928484412757374,accuracy_on_full,maximize
AMACIANTE COMFORT 1LITR PURO CUIDADO,amaciante,0.6928484412757374,accuracy_on_full,maximize
"WHISKY WHITE 1L, HORSE TRAD, .",whisky,0.6928484412757374,accuracy_on_full,maximize
PAO WICKBOLD 400G INTEG FREKEN/NOZ PECA,padaria e confeitaria industrializado,0.6928484412757374,accuracy_on_full,maximize
CAFE MARATA C/LEITE SACHET 200G,cafe,0.6928484412757374,accuracy_on_full,maximize
CREAM CRACKER 65 RANCHEIRO 216G,biscoito,0.6928484412757374,accuracy_on_full,maximize
DESOD AERO GIOVANNA BABY 30  C 2  BLUE,desodorante,0.6928484412757374,accuracy_on_full,maximize
MIST BOLO ORQUIDEA BAUNILHA 400g,preparo para bolo,0.6928484412757374,accuracy_on_full,maximize
PRESUNTO FATIADO EXCELSIOR 180g,presunto,0.6928484412757374,accuracy_on_full,maximize
CR DENT ORAL B 3D WHITE 70G L3P2,creme dental,0.6928484412757374,accuracy_on_full,maximize
DETERG LIQ LIMPOL 500ML NEUTRO,detergente,0.6928484412757374,accuracy_on_full,maximize
"DESOD AER NIVEA 150ML, BLeWHIT POW, .",desodorante,0.6928484412757374,accuracy_on_full,maximize
MOSTARDA PALMEIRON PAD 180g,mostarda,0.6928484412757374,accuracy_on_full,maximize
TORRADA TOAST CEREALE MULTI 128G,torrada,0.6928484412757374,accuracy_on_full,maximize
PAO DE FORMA WICKBOLD 450G INT,padaria e confeitaria industrializado,0.6928484412757374,accuracy_on_full,maximize
CEREAL BARRA RITTER BROWNIE C/CHOC BCO 60g,barra alimentar,0.6928484412757374,accuracy_on_full,maximize
LIMP CASAePERF 500ML AGRADABLE,multiuso,0.6928484412757374,accuracy_on_full,maximize
CR LEITE ITALAC 200g,creme de leite,0.6928484412757374,accuracy_on_full,maximize
BEB DEL VALLE FRUT GF 450ML LARANJA,suco pronto,0.6928484412757374,accuracy_on_full,maximize
SOPA GRAOS LENTILHA BACON MAGGI 71G,preparo para sopa,0.6928484412757374,accuracy_on_full,maximize
MARCA TEXTO BIC B LINEAR RS UN,outro papelaria,0.6928484412757374,accuracy_on_full,maximize
CACTOS P06,plantas e sementes,0.6928484412757374,accuracy_on_full,maximize
MANJERICAO VERDE MUDA DO QUINTAL UN,manjericao,0.6928484412757374,accuracy_on_full,maximize
"AMAC COMFORT CONC L500P400ML, FIBER PROT",amaciante,0.6928484412757374,accuracy_on_full,maximize
BEB LACT 25G PROT YOPRO 250ML CHOC,bebida lactea,0.6928484412757374,accuracy_on_full,maximize
CESTO ORGANIZADOR MULTIUSO,caixa organizadora,0.6928484412757374,accuracy_on_full,maximize
PAO INT FREEKEH NOZ WICKBOLD 400G,padaria e confeitaria industrializado,0.6928484412757374,accuracy_on_full,maximize
FRUIT SHOOT 100  MACA 150ML,suco pronto,0.6928484412757374,accuracy_on_full,maximize
MASSA ORQUIDEA C/OV PENNE 500g,macarrao,0.6928484412757374,accuracy_on_full,maximize
BALA GELATINA REGALIZ MONOP FI TWIST,bala,0.6928484412757374,accuracy_on_full,maximize
BACON FATIADO SADIA 250G,carne suina,0.6928484412757374,accuracy_on_full,maximize
LING AURORA CHURRASCO RESF 700G,linguica,0.6928484412757374,accuracy_on_full,maximize
CREME DEN. CLOSE UP XTRA WHITEN.TB  90GR,creme dental,0.6928484412757374,accuracy_on_full,maximize
"IOG VIGOR 170G, AMEIXA, .",iogurte,0.6928484412757374,accuracy_on_full,maximize
COSTELA BOVINA SEM OSSO RESF KG,carne bovina,0.6928484412757374,accuracy_on_full,maximize
TOMATE MINI T M 180G 180G,tomate,0.6928484412757374,accuracy_on_full,maximize
COREGA PO 22G,fixador de dentadura,0.6928484412757374,accuracy_on_full,maximize
BATATA SLICE 280G ONDULADA TRADICIONAL,aperitivo,0.6928484412757374,accuracy_on_full,maximize
CAPPUCCINO 3 CORACOES 260ML BALANCE,cafe,0.6928484412757374,accuracy_on_full,maximize
BATATA PRINGLES TB 120G CREME/CEBOLA,aperitivo,0.6928484412757374,accuracy_on_full,maximize
SORV FASCINO 1 5L  CARAMELT,sorvete,0.6928484412757374,accuracy_on_full,maximize
HASTES FLEX COTTON LINE C 150,haste flexivel,0.6928484412757374,accuracy_on_full,maximize
CREME DENT SORRISO TRIPLA LIMP COMP 120g,creme dental,0.6928484412757374,accuracy_on_full,maximize
MAS C OVOS ESPAG N8 500G,macarrao,0.6928484412757374,accuracy_on_full,maximize
SALG CHEETOS 280G ONDA,aperitivo,0.6928484412757374,accuracy_on_full,maximize
BEB LAC BATAVO POLPA MOR BD 360g,bebida lactea,0.6928484412757374,accuracy_on_full,maximize
BALA ARCOR TOFFE CHOCOLATE 500G,bala,0.6928484412757374,accuracy_on_full,maximize
VIN SALTON INTENSO CABER SAUV 750ml,vinho nacional,0.6928484412757374,accuracy_on_full,maximize
G PREGABALINA 75MG C30 CAPS PSICO EMS,outro farma,0.6928484412757374,accuracy_on_full,maximize
IOG DES ZER NESFIT MOR AVE BAUNI 850G,iogurte,0.6928484412757374,accuracy_on_full,maximize
ENROLADO PRESUNTO QUEIJO 100GR UN,padaria e confeitaria industrializado,0.6928484412757374,accuracy_on_full,maximize
"REFRESC MAGRO 8G, LJA, .",preparo para suco,0.6928484412757374,accuracy_on_full,maximize
DESINF LYSOFORM AERO 360ML ORIGINAL,desinfetante,0.6928484412757374,accuracy_on_full,maximize
"CERV ESTRELLA GAL 0,0 BLACK 250ML",cerveja,0.6928484412757374,accuracy_on_full,maximize
CHOC GAROTO TALENTO 85G DOCE LEITE,chocolate,0.6928484412757374,accuracy_on_full,maximize
BARAKELL GEL 10GR,inseticida,0.6928484412757374,accuracy_on_full,maximize
CR LEITE PIRACANJUBA CX 1KG,creme de leite,0.6928484412757374,accuracy_on_full,maximize
CHOC HERSHEYS PED CAFE CARAMEL MACH 85G,chocolate,0.6928484412757374,accuracy_on_full,maximize
CERVEJA PATAGONIA 473ML LT WEISSE,cerveja,0.6928484412757374,accuracy_on_full,maximize
AGUA MINERAL SEM GAS CARREFOUR 5L,agua,0.6928484412757374,accuracy_on_full,maximize
BIS ROSQ REC S LAC VEG RANCHEIRO CHO 90G,biscoito,0.6928484412757374,accuracy_on_full,maximize
TEMP LEGUMES MAGGI 50g ENV 10X5g,tempero pronto,0.6928484412757374,accuracy_on_full,maximize
LIMPADOR VEJA PERF.NAT LAV.LM.PMFC   1LT,multiuso,0.6928484412757374,accuracy_on_full,maximize
DESOD REXONA 150ML AERO MASC INTENS CLIN,desodorante,0.6928484412757374,accuracy_on_full,maximize
KETCHUP HEMMER ZERO           FC   730GR,ketchup,0.6928484412757374,accuracy_on_full,maximize
SUCO DEL VALLE 100  MACA 200ML,suco pronto,0.6928484412757374,accuracy_on_full,maximize
ESPONJA M-USO ESFREBOM LV4 PG3,esponja,0.6928484412757374,accuracy_on_full,maximize
SUCO INTEGRAL XANDO TANGERINA 900ML,suco pronto,0.6928484412757374,accuracy_on_full,maximize
CHA CAMOMILA MEL REAL 14G,cha por infusao,0.6928484412757374,accuracy_on_full,maximize
CIGARRO DUNHILL BLUE BLEN C/20,cigarro,0.6928484412757374,accuracy_on_full,maximize
LEITE L VIDA NINHO INTEG 1L,leite,0.6928484412757374,accuracy_on_full,maximize
SAB BARRA PALMOLIVE OLEO NUTRITIVO 150G,sabonete,0.6928484412757374,accuracy_on_full,maximize
COLA BASTAO 3M SCOTCH 8G,cola,0.6928484412757374,accuracy_on_full,maximize
CHOC TAB LACTA SHOT 80G,chocolate,0.6928484412757374,accuracy_on_full,maximize
BOLO BEBEZINHO CHOCOLATE PANCO 35G,padaria e confeitaria industrializado,0.6928484412757374,accuracy_on_full,maximize
TOALHA UMED BABYSEC C/92 ULT FRESH,lenco umedecido,0.6928484412757374,accuracy_on_full,maximize
CAPELET CAR PAV 250G  250G,massa fresca,0.6928484412757374,accuracy_on_full,maximize
CERV BAVARIA 473ML,cerveja,0.6928484412757374,accuracy_on_full,maximize
CHO NESTL ALP CHOC DARK MILK 41 85G,chocolate,0.6928484412757374,accuracy_on_full,maximize
SH COND NUTRITIVO NATU HAIR 300ML,kit para cabelos,0.6928484412757374,accuracy_on_full,maximize
AGUA TONICA FYS LT 350ML,agua tonica,0.6928484412757374,accuracy_on_full,maximize
AGUA DE COCO DUCOCO 1LT,agua de coco,0.6928484412757374,accuracy_on_full,maximize
ADOCANTE LIQ ZERO CAL 100ml,adocante,0.6928484412757374,accuracy_on_full,maximize
REQUEIJAO BATAVO 400G C/QUEIJO,requeijao,0.6928484412757374,accuracy_on_full,maximize
ACHOC PO NESCAU 2.0 ACTIGEN SACH 730G,achocolatado,0.6928484412757374,accuracy_on_full,maximize
SUCO INT PRATS UVA 900ML,suco pronto,0.6928484412757374,accuracy_on_full,maximize
MISTURA BOLO RENATA CHOCOLATE   PE 400GR,preparo para bolo,0.6928484412757374,accuracy_on_full,maximize
SAB JOHNSONS ROMA 80G,sabonete,0.6928484412757374,accuracy_on_full,maximize
REFRESC PO GLUP MORANGO 25G,preparo para suco,0.6928484412757374,accuracy_on_full,maximize
ALFACE BABY HIDROPONICA ROXA SALANOVA UN,alface,0.6928484412757374,accuracy_on_full,maximize
E MATE BARAO GROSSA 500G,erva mate,0.6928484412757374,accuracy_on_full,maximize
CAFE SOLUV DESCAF NESCAFE SACHE 50g,cafe,0.6928484412757374,accuracy_on_full,maximize
SHAMPOO PANTENE 2 BAMBU NUTREeCRESCE,shampoo,0.6928484412757374,accuracy_on_full,maximize
BUFFET ALMOCO 02 SL KG,prato pronto,0.6928484412757374,accuracy_on_full,maximize
OVO CAIPIRA LABEL ROUGE C20,ovo,0.6928484412757374,accuracy_on_full,maximize
ALIM GATO SHEBA FILH CARNE MOL SACHE 85G,alimento pet,0.6928484412757374,accuracy_on_full,maximize
POLPA DE ABACAXI CARREFOUR 100G,polpa de fruta congelada,0.6928484412757374,accuracy_on_full,maximize
"SABAO LIQ OMO 5L, LIMP PERF",lava roupas,0.6928484412757374,accuracy_on_full,maximize
BISC PASSATEMPO RECH PC 96G CHOC GALAK,biscoito,0.6928484412757374,accuracy_on_full,maximize
POLPA SERIDO FRUTAS PC 400G ACEROLA,polpa de fruta congelada,0.6928484412757374,accuracy_on_full,maximize
CARNE SECA JERKED BEEF DIANT MARBA 400G,charque e carne seca,0.6928484412757374,accuracy_on_full,maximize
CERV BLUE MOON SLEEK 350ML BELGIAN WHITE,cerveja,0.6928484412757374,accuracy_on_full,maximize
AMENDOIM ARTIJU CASEIRO PC 200G,amendoim,0.6928484412757374,accuracy_on_full,maximize
REFR GUARANA ANTARCTICA 600ML,refrigerante,0.6928484412757374,accuracy_on_full,maximize
LAVA ROUPA PO BRILHANTE LIMP TOT PC 800g,lava roupas,0.6928484412757374,accuracy_on_full,maximize
ARROZ GIASSI BRANCO T-1         PE   5KG,arroz,0.6928484412757374,accuracy_on_full,maximize
SAB PROTEX DUO PROTECT C6 85G,sabonete,0.6928484412757374,accuracy_on_full,maximize
QA ERVILHA CONG QUALITA 300G,vegetal congelado,0.6928484412757374,accuracy_on_full,maximize
BOLO MILHO SAO LUIZ  650G,padaria e confeitaria fresca,0.6928484412757374,accuracy_on_full,maximize
TAPETE HIG ELEGANT DOG C 30UN 56X56CM,tapete higienico,0.6928484412757374,accuracy_on_full,maximize
DADINHO TAPIOCA ART MINEIRA 400G TRAD,petisco e salgadinho congelado,0.6928484412757374,accuracy_on_full,maximize
DESOD AER AXE 150ML APOLLO,desodorante,0.6928484412757374,accuracy_on_full,maximize
PIZZA SL 400G MARGUERITA COM BUFULA,pizza congelada,0.6928484412757374,accuracy_on_full,maximize
COSTELINHA SUINA TEMP SWIFT 800G,carne suina,0.6928484412757374,accuracy_on_full,maximize
IOG NAT WHEY 28 GF 500G MORANGO,iogurte,0.6928484412757374,accuracy_on_full,maximize
FEIJAO CARIOCA BAHAMAS TP1 1KG,feijao,0.6928484412757374,accuracy_on_full,maximize
VITAMINA D DROPY D NQ 50.000UI 4 cpr,outro farma,0.6928484412757374,accuracy_on_full,maximize
LENCO HIG UMED NEVE SUPREME 48UN,lenco umedecido,0.6928484412757374,accuracy_on_full,maximize
MASSA NISSIN LAMEN SALADA CAESARPE   75G,macarrao,0.6928484412757374,accuracy_on_full,maximize
SALAME SEARA FAT PC 100G ITALIANO,salame,0.6928484412757374,accuracy_on_full,maximize
SAB HIDRA NIVEA FLOR LARANJ 85G,sabonete,0.6928484412757374,accuracy_on_full,maximize
SOBREMESA DAN. DANETTE CHOC.BCO CJ 360GR,iogurte,0.6928484412757374,accuracy_on_full,maximize
IND PRESUNTO PERDIGAO KG FAT SN,presunto,0.6928484412757374,accuracy_on_full,maximize
CHA BOLDO CHLE  10GR,cha por infusao,0.6928484412757374,accuracy_on_full,maximize
RODO EVA CONDOR VERMEL 1UN,rodo,0.6928484412757374,accuracy_on_full,maximize
ESC DENT ORAL B STAGES 1,escova de dentes,0.6928484412757374,accuracy_on_full,maximize
SAL DE ANDREWS ENVELOPE 5G C/2 GSK,sal,0.6928484412757374,accuracy_on_full,maximize
VH ARG CAFAYATE MALBEC 750ML,vinho importado,0.6928484412757374,accuracy_on_full,maximize
ALENIA 12 400MCG C/60 CAPS. REFIL ACHE,outro farma,0.6928484412757374,accuracy_on_full,maximize
CR DENT CLOSE UP TRIPLE MENTA 70G L3P2,creme dental,0.6928484412757374,accuracy_on_full,maximize
MIX DE PIMENTA KG,pimenta,0.6928484412757374,accuracy_on_full,maximize
"LAVA ROUPAS PO CT COMFORT 1,6KG HYDRA SERUM",lava roupas,0.6928484412757374,accuracy_on_full,maximize
KIT SPECIALITA SNACKS 25G RAFITOS,aperitivo,0.6928484412757374,accuracy_on_full,maximize
GOMA TAPIOCA NATURAL CONG 500G COCO,tapioca,0.6928484412757374,accuracy_on_full,maximize
RISOLIS FRANGO 130G UND UND,prato pronto,0.6928484412757374,accuracy_on_full,maximize
FILEZINHO CONG IQF NAT 1KG,carne de ave,0.6928484412757374,accuracy_on_full,maximize
SABAO GIRANDO SOL BR 200G NEUTRO,sabao em pedra,0.6928484412757374,accuracy_on_full,maximize
BOLO CHURROS,padaria e confeitaria fresca,0.6928484412757374,accuracy_on_full,maximize
PURIF AR GLADE T F 12ML L3P2  LAV,aromatizador,0.6928484412757374,accuracy_on_full,maximize
BOMBOM SONHO DE VALSA UN,bombom,0.6928484412757374,accuracy_on_full,maximize
BISC RECH PASSATEMPO PC 13 CHOCOLATE,biscoito,0.6928484412757374,accuracy_on_full,maximize
TOALHA PRAT MAIS 56FLS,lenco umedecido,0.6928484412757374,accuracy_on_full,maximize
DES AER ABOVE M SPORT ENERGY 150ml,desodorante,0.6928484412757374,accuracy_on_full,maximize
IOG NAT NESTLE 170G MEL,iogurte,0.6928484412757374,accuracy_on_full,maximize
TORRADA ISABELA INTEGRAL        PE 142GR,torrada,0.6928484412757374,accuracy_on_full,maximize
BISNAGUINHA LEITE BALDINI 300g,padaria e confeitaria fresca,0.6928484412757374,accuracy_on_full,maximize
TORCIDA CEBOLA 100G,aperitivo,0.6928484412757374,accuracy_on_full,maximize
IOG AMX LACFR 500G 500G,iogurte,0.6928484412757374,accuracy_on_full,maximize
AMAC SONHO 2L MAGIC AZUL,amaciante,0.6928484412757374,accuracy_on_full,maximize
MOLHO TOMATE POMAROLA 460G TRADIC,molho de tomate,0.6928484412757374,accuracy_on_full,maximize
SAITHE TIPO BACAL KG . KG,peixe,0.6928484412757374,accuracy_on_full,maximize
SALSICHA FRANGO PERDIGAO 500G,salsicha,0.6928484412757374,accuracy_on_full,maximize
AZEITONA VDE TING VD 500G,vegetal em conserva,0.6928484412757374,accuracy_on_full,maximize
CJ PREGADOR RP PLAS CRFH 24PC HO44339,prendedor de roupa,0.6928484412757374,accuracy_on_full,maximize
PAO FORMA 8 GRAOS LIGHT BELLA VITA 400G,padaria e confeitaria industrializado,0.6928484412757374,accuracy_on_full,maximize
ACEM BV ATENDIMEN KG KG,carne bovina,0.6928484412757374,accuracy_on_full,maximize
BISC INT MAIZENA MARILAN 350G,biscoito,0.6928484412757374,accuracy_on_full,maximize
OVO VM BDJ C30 VERDE 30UND,ovo,0.6928484412757374,accuracy_on_full,maximize
VINAGRE GALO BARCELOS 750ML MACA,vinagre,0.6928484412757374,accuracy_on_full,maximize
IOG FRU CER BATAVO170G,iogurte,0.6928484412757374,accuracy_on_full,maximize
CRISANTEMO REJERS PT13,plantas e sementes,0.6928484412757374,accuracy_on_full,maximize
VIN CO SOLLE TT SVE 750ML,vinho nacional,0.6928484412757374,accuracy_on_full,maximize
PAO MEL BAUDUCCO PCT 30G,outro doce,0.6928484412757374,accuracy_on_full,maximize
VINAGRE CARREFOUR VINHO TINTO 750ML,vinagre,0.6928484412757374,accuracy_on_full,maximize
SALG LAYS RUSTICA 68GR SAL MAR,aperitivo,0.6928484412757374,accuracy_on_full,maximize
OVO CODORNA JUREIA VD 300G,ovo,0.6928484412757374,accuracy_on_full,maximize
DETERG LIQ CARREFOUR MARINE 500ML,detergente,0.6928484412757374,accuracy_on_full,maximize
BEB ENERG MONSTER LT 473ML PEACH,energetico,0.6928484412757374,accuracy_on_full,maximize
ALIVIUM SUSP.ORAL 100ML HYPERA,outro farma,0.6928484412757374,accuracy_on_full,maximize
CAFETEIRA ITALIANA PHETRA,cafeteira,0.6928484412757374,accuracy_on_full,maximize
BOLO NO POTE NINHO 110G,padaria e confeitaria industrializado,0.6928484412757374,accuracy_on_full,maximize
ERVILHA LATA KNNOR VERDE 170G,ervilha em conserva,0.6928484412757374,accuracy_on_full,maximize
MILHO LATA KNNOR VERDE 170G,milho verde em conserva,0.6928484412757374,accuracy_on_full,maximize
IOG TIROL GF 170G MORANGO,iogurte,0.6928484412757374,accuracy_on_full,maximize
CAPPUCCINO 3 CORACOES 150G DIET,cafe,0.6928484412757374,accuracy_on_full,maximize
BISC.PARATI HOT CRACKER PIZZA  PE 150GR,biscoito,0.6928484412757374,accuracy_on_full,maximize
KETCHUP QUERO CX 300G PICANTE,ketchup,0.6928484412757374,accuracy_on_full,maximize
MASSA SEMOLA GALO 500G ARGOLA,macarrao,0.6928484412757374,accuracy_on_full,maximize
CJ COPO CHOPP CRFH 330ML 6PCS HO39228,copo,0.6928484412757374,accuracy_on_full,maximize
CHOC BIBS STICKS 32GR DARK,chocolate,0.6928484412757374,accuracy_on_full,maximize
EXTR TOMATE ELEFANTE 135G,extrato de tomate,0.6928484412757374,accuracy_on_full,maximize
LASANHA SEARA BOLOG MENU  350G,lasanha congelada,0.6928484412757374,accuracy_on_full,maximize
SARDINHA PALMEIRA LT 125G TOMATE,proteina em conserva,0.6928484412757374,accuracy_on_full,maximize
OLEO KALIP CAP 120ML,lustra moveis,0.6928484412757374,accuracy_on_full,maximize
COALHADA ISIS PT 150G INTEGRAL,iogurte,0.6928484412757374,accuracy_on_full,maximize
QUIABO P KG,quiabo,0.6928484412757374,accuracy_on_full,maximize
SOBR DANETTE BJ 180G CHOCOLATE,iogurte,0.6928484412757374,accuracy_on_full,maximize
CIGARRO WINSTON SELECTED CLASSIC,cigarro,0.6928484412757374,accuracy_on_full,maximize
TABUA DE CARNE CRFH 30X20CM HO301328,tabua de corte,0.6928484412757374,accuracy_on_full,maximize
BOLINHO ANA MARIA 42G COBER/CHOC,padaria e confeitaria industrializado,0.6928484412757374,accuracy_on_full,maximize
CR D COLGATE ANTIC 3X180 TOTAL 12 50G,creme dental,0.6928484412757374,accuracy_on_full,maximize
GOIABADA QUIT 300g CB,goiabada,0.6928484412757374,accuracy_on_full,maximize
BATON TAB COOKIE 90G,chocolate,0.6928484412757374,accuracy_on_full,maximize
HASTE FLEX TOPZ C300,haste flexivel,0.6928484412757374,accuracy_on_full,maximize
WHISKY WHITE HORSE 1L,whisky,0.6928484412757374,accuracy_on_full,maximize
BANDEJA PARA SERVIR ACACIA 45X26 CM,outro bazar e departamentos,0.6928484412757374,accuracy_on_full,maximize
ISOTONICO JUNGLE LARANJA 500ML,isotonico,0.6928484412757374,accuracy_on_full,maximize
SAB. POM POM HIDRATANTE L5P4    CX 400GR,sabonete infantil,0.6928484412757374,accuracy_on_full,maximize
KETCHUP PIC BIS PRED 400G,ketchup,0.6928484412757374,accuracy_on_full,maximize
CERV BOHEMIA LN 355ML,cerveja,0.6928484412757374,accuracy_on_full,maximize
MARGARINA QUALY S/SAL 250G,margarina,0.6928484412757374,accuracy_on_full,maximize
CD SORRISO 2 EM 1 120G,creme dental,0.6928484412757374,accuracy_on_full,maximize
KIT SH275ML COND175ML NIELY GOLD NUTRI PODEROSA,kit para cabelos,0.6928484412757374,accuracy_on_full,maximize
ARROZ DO PADRE TP1 5KG,arroz,0.6928484412757374,accuracy_on_full,maximize
IOG GREGO MGO C/ BAUNILHA VIGOR 90G,iogurte,0.6928484412757374,accuracy_on_full,maximize
LEITE FERM ACTIVIA ZERO MOR 800G,leite fermentado,0.6928484412757374,accuracy_on_full,maximize
DOCE ABOB C COC COLON FORN VELHO 250G,outro doce,0.6928484412757374,accuracy_on_full,maximize
REFR CRYSTAL SPARKLING FR VERM 510ml,refrigerante,0.6928484412757374,accuracy_on_full,maximize
LING TOSC NA BRASA PERDIGAO 1KG,linguica,0.6928484412757374,accuracy_on_full,maximize
BISC TARECO ESPEC TROPICAL MASSAS 200G,biscoito,0.6928484412757374,accuracy_on_full,maximize
BATATA PALHA MACTOST TRADIC.    PE 400GR,vegetal em palha,0.6928484412757374,accuracy_on_full,maximize
NEC MAC U JAND 200ML AMARE 200 ML,suco pronto,0.6928484412757374,accuracy_on_full,maximize
INS SBP PAST AP 12H ELETR 1UN,repelente,0.6928484412757374,accuracy_on_full,maximize
BEBIDA LACTEA FRUTILAC SC 800G  FRUTAS,bebida lactea,0.6928484412757374,accuracy_on_full,maximize
BEB SOJA ADES TP 200ML ABACAXI,bebida de soja,0.6928484412757374,accuracy_on_full,maximize
"MIST BOLO FLEISCH SCH, LARANJA 390G, .",preparo para bolo,0.6928484412757374,accuracy_on_full,maximize
CAJUINA OURO DO PIAUI 480ML,suco pronto,0.6928484412757374,accuracy_on_full,maximize
GOMA TAPIOCA IRMAOS FARIAS 1Kg,tapioca,0.6928484412757374,accuracy_on_full,maximize
ABS INCONT GERIAMAX PC C/20,absorvente,0.6928484412757374,accuracy_on_full,maximize
AGUARD PITU LT 710  710ML,cachaca,0.6928484412757374,accuracy_on_full,maximize
OSSO DO PATINHO,carne bovina,0.6928484412757374,accuracy_on_full,maximize
"IOG NESTLE NAT 170G, TRAD, .",iogurte,0.6928484412757374,accuracy_on_full,maximize
LING FRANGO NOBRE 700G,linguica,0.6928484412757374,accuracy_on_full,maximize
MAC INST CUP NOODLES GAL CAIP 69G,macarrao,0.6928484412757374,accuracy_on_full,maximize
ALFACE CRESPA LETTUCE MC,alface,0.6928484412757374,accuracy_on_full,maximize
REFRESCO PO TANG PC 18G GOIABA,preparo para suco,0.6928484412757374,accuracy_on_full,maximize
GERGELIM BCO GRAO INT VEG VITALIN 120G,sementes,0.6928484412757374,accuracy_on_full,maximize
AGUA COCO NATUCOCO 280ML,agua de coco,0.6928484412757374,accuracy_on_full,maximize
PRATO PRON MACN CHEESE SADIA 350G CHEDDAR E CALAB,outro congelado,0.6928484412757374,accuracy_on_full,maximize
VINHO CHI AUTORITAS SAUVIG BLANC 750ML,vinho importado,0.6928484412757374,accuracy_on_full,maximize
VH ESP TTO CUATRO VIENTOS 750ML,vinho importado,0.6928484412757374,accuracy_on_full,maximize
PEITO PERU DF SADIA S/C FAT,peito de peru,0.6928484412757374,accuracy_on_full,maximize
MOLHO 3 EM 1 QUERO,outro molho,0.6928484412757374,accuracy_on_full,maximize
ALIM CAO PEDIGREE 270G DENTASTIX RACAS GDES,alimento pet,0.6928484412757374,accuracy_on_full,maximize
"CR DENT ORAL B 70G, ANT BAC, .",creme dental,0.6928484412757374,accuracy_on_full,maximize
BISC NEGRESCO COOK CHOC GOT BA,biscoito,0.6928484412757374,accuracy_on_full,maximize
MOSTARDA SQZ HELLMANNS 170G,mostarda,0.6928484412757374,accuracy_on_full,maximize
LIMP BRILHOLAC ALC RF 1L FLORAL,multiuso,0.6928484412757374,accuracy_on_full,maximize
CERVEJA B.PRINCESS 355ML GOLD,cerveja,0.6928484412757374,accuracy_on_full,maximize
PACOQUINHA DACOLONIA TRAD AMENDOIM 140G,pacoca,0.6928484412757374,accuracy_on_full,maximize
SHAMPOO COND.N.GOLD POS QUIMICA CJ 450ML,kit para cabelos,0.6928484412757374,accuracy_on_full,maximize
PASSATA TOM POMAROLA SACHET 300g,molho de tomate,0.6928484412757374,accuracy_on_full,maximize
LOURO KODILAR 7G,louro,0.6928484412757374,accuracy_on_full,maximize
MASSA D BOA PASTEL BANANINHA    PE 500GR,massa fresca,0.6928484412757374,accuracy_on_full,maximize
LIMP BANH VEJA ANTIBAC LAVANDA SQZ 500ML,multiuso,0.6928484412757374,accuracy_on_full,maximize
MORTADELA OURO PERDIGAO FATIADA 200G,mortadela,0.6928484412757374,accuracy_on_full,maximize
DESOD REXONA CLINICAL WOMEN 48g,desodorante,0.6928484412757374,accuracy_on_full,maximize
OVOS CAIPIRA ARES DO CAMPO      CX  10UN,ovo,0.6928484412757374,accuracy_on_full,maximize
"BOMB LACTA FAVORITOS 250,6G-CX",bombom,0.6928484412757374,accuracy_on_full,maximize
ACEM BOV RESF C/OSSO NC KG,carne bovina,0.6928484412757374,accuracy_on_full,maximize
HAMB SEARA TEXAS GRANEL 56 G,hamburguer congelado,0.6928484412757374,accuracy_on_full,maximize
ATUM COQUEIRO NAT LGH SOL 170G,proteina em conserva,0.6928484412757374,accuracy_on_full,maximize
CHA MATTE LEAO TRADICIONAL      CX 250GR,cha por infusao,0.6928484412757374,accuracy_on_full,maximize
CAST CAJU TRITURADA,"nozes, castanhas e outras oleaginosas",0.6928484412757374,accuracy_on_full,maximize
REQ CREM ZERO LAC CATUPIRY 180G,requeijao,0.6928484412757374,accuracy_on_full,maximize
MANTEIGA POTE REGATAS 500G,manteiga,0.6928484412757374,accuracy_on_full,maximize
CIGARRO ROTHMANS KS RED UN,cigarro,0.6928484412757374,accuracy_on_full,maximize
OVO PASCOA LACTA LAKA N15 175G,ovo de pascoa,0.6928484412757374,accuracy_on_full,maximize
OVOS JUMBO BCO MANTIQ POLP C/10,ovo,0.6928484412757374,accuracy_on_full,maximize
WRAP FRANGO ATELIE DO SABOR UND,prato pronto,0.6928484412757374,accuracy_on_full,maximize
POLPA LIMAO NUTRICAU VERDE 100GR,polpa de fruta congelada,0.6928484412757374,accuracy_on_full,maximize
CERV SKOL C/18 LT 350ML L P-,cerveja,0.6928484412757374,accuracy_on_full,maximize
AMAC ROUPA DOWNY CONC AGUA FRESCA FR 1L,amaciante,0.6928484412757374,accuracy_on_full,maximize
"ABS MILI CONF C/AB L16 P14UN, SECA, .",absorvente,0.6928484412757374,accuracy_on_full,maximize
FAR TRIGO DONA BENTA PC PL 5KG,farinha de trigo,0.6928484412757374,accuracy_on_full,maximize
CIG ROTHMANS INTER MELAO SQ BRA NIRBOC,cigarro,0.6928484412757374,accuracy_on_full,maximize
BISC ROSQUINHA MARILAN PC 300G LEITE,biscoito,0.6928484412757374,accuracy_on_full,maximize
ARROZ T1 FANTASTICO 5KG,arroz,0.6928484412757374,accuracy_on_full,maximize
CAFE PO NOVA SUISSA 500G-PC EX-FORTE,cafe,0.6928484412757374,accuracy_on_full,maximize
REFRI COCA-COLA MINI PET 200ML,refrigerante,0.6928484412757374,accuracy_on_full,maximize
LUGAR AMERICANO RT TEX GRF BRW1303 INV20,toalha de mesa,0.6928484412757374,accuracy_on_full,maximize
CACHACA PIRASSUNUNGA 51 965ML,cachaca,0.6928484412757374,accuracy_on_full,maximize
CJ COPOS NADIR MARACATU 280ML C/6,copo,0.6928484412757374,accuracy_on_full,maximize
SACH FRISKIES FRANGO  85G,alimento pet,0.6928484412757374,accuracy_on_full,maximize
AZTE EV ARBEQUINA 500ML,azeite de oliva,0.6928484412757374,accuracy_on_full,maximize
"ACHOC PO 3CORACOES CHOCOLATTO 1,020KG",achocolatado,0.6928484412757374,accuracy_on_full,maximize
REFRESCO TRINK PC 15G GUARANA,preparo para suco,0.6928484412757374,accuracy_on_full,maximize
LINGUICA CHURRASCO 700G,linguica,0.6928484412757374,accuracy_on_full,maximize
CREME DE LEITE V.CAMPO TRADIC.  GF 500GR,creme de leite,0.6928484412757374,accuracy_on_full,maximize
AZEITONA VDE C C RIVOLI 200G,azeitona,0.6928484412757374,accuracy_on_full,maximize
GUARD PAPEL NAPS 23X22CM,guardanapo,0.6928484412757374,accuracy_on_full,maximize
LTE FER DESN ACTIVIA VIT DE FRUT GT 1KG,leite fermentado,0.6928484412757374,accuracy_on_full,maximize
PEIXE DOURADO MAR kg,peixe,0.6928484412757374,accuracy_on_full,maximize
FIAMBRE KITUT BRANCO 320G,proteina em conserva,0.6928484412757374,accuracy_on_full,maximize
TOUCA DE BANHO SIMP 2UN BELA COLLECTION,touca para banho,0.6928484412757374,accuracy_on_full,maximize
COCO RALADO COCO SHOW 50G UMIDO,derivados do coco seco,0.6928484412757374,accuracy_on_full,maximize
GRANOLA JASMINE INT.CAST.CAJU   PE  250G,granola,0.6928484412757374,accuracy_on_full,maximize
SAB PROTEX ANTIBAC ERVA-DOCE 200G,sabonete,0.6928484412757374,accuracy_on_full,maximize
REFRIG TROPICAL 2L-PET BX CALORIA LARANJA,refrigerante,0.6928484412757374,accuracy_on_full,maximize
APARELHO PRESTOBARBA 3 FEMININO C/2,aparelho de barbear e depilatorio,0.6928484412757374,accuracy_on_full,maximize
G. M. TRIDENT TUTTI FRUTTI      PE   4TB,goma de mascar,0.6928484412757374,accuracy_on_full,maximize
CR D SORRISO 50G KIDS,creme dental,0.6928484412757374,accuracy_on_full,maximize
OLE CANOL LIZA PET 900ML,oleo vegetal,0.6928484412757374,accuracy_on_full,maximize
BALA RAINBOW STICK MENTOS C3 112.5G,bala,0.6928484412757374,accuracy_on_full,maximize
SAL MOIDO IODADO FD 1KG,sal,0.6928484412757374,accuracy_on_full,maximize
SABT PALMOLIVE OLEO NUTRITIVO CAMEL D14R 85g,sabonete,0.6928484412757374,accuracy_on_full,maximize
ALIM P CAES PEDIGREE 100G  AD M G FGO,alimento pet,0.6928484412757374,accuracy_on_full,maximize
COOKIES TODDY ORIGINAL          PE  150G,biscoito,0.6928484412757374,accuracy_on_full,maximize
LEITE L VIDA PIRACANJUBA DESNATADO   FIBRAS 1L,leite,0.6928484412757374,accuracy_on_full,maximize
MARG DORIANA LIGHT C/SAL         PT 500G,margarina,0.6928484412757374,accuracy_on_full,maximize
CHANTILLY CESIBON ORIG 1L,outro laticinio refrigeirado,0.6928484412757374,accuracy_on_full,maximize
"AP BARB BIC COMF3, ADV SEN VD C/2 1UN, .",aparelho de barbear e depilatorio,0.6928484412757374,accuracy_on_full,maximize
FERM BIOLOG SEC DR.OETKER 10G-EV INST,fermento,0.6928484412757374,accuracy_on_full,maximize
MOLHO PIM ARRIFANA VM 150ML,molho de pimenta,0.6928484412757374,accuracy_on_full,maximize
G RIVAROXABANA 20MG COM 30CP MEDLEY,outro farma,0.6928484412757374,accuracy_on_full,maximize
AZEITE EXT VIRG BORGES VD 250ML,azeite de oliva,0.6928484412757374,accuracy_on_full,maximize
IOG VIGOR GREGO ZERO GORD MARACUJA 90g,iogurte,0.6928484412757374,accuracy_on_full,maximize
FILEZINHO PEIT FRANG MACEDO IQF      1KG,carne de ave,0.6928484412757374,accuracy_on_full,maximize
CUBOS COXAO MOL BOV TOP QUALITY ATM 500G,carne bovina,0.6928484412757374,accuracy_on_full,maximize
BEB LACTEA NESTLE 200ML FARINHA LACTEA,bebida lactea,0.6928484412757374,accuracy_on_full,maximize
CAPS NESCAFE DOLCE GUSTO 100G AU LAIT C/10,cafe,0.6928484412757374,accuracy_on_full,maximize
"AMAC DOWNY 1,5L CONC AGUA FRESCA",amaciante,0.6928484412757374,accuracy_on_full,maximize
CREME BLUE DIAMOND 200G CULINARIO BREEZE AMENDOA,creme de leite,0.6928484412757374,accuracy_on_full,maximize
OLEO MILHO LIZA PET 900ML,oleo vegetal,0.6928484412757374,accuracy_on_full,maximize
BARRA CEREAL NUTRY PC 22G AVELA/CHOC,barra alimentar,0.6928484412757374,accuracy_on_full,maximize
BISC NESFIT 140G DELICE CACAU/AVELA,biscoito,0.6928484412757374,accuracy_on_full,maximize
ESPJ SCOTH BRITE EXTREMA  LV4 PG 3,esponja,0.6928484412757374,accuracy_on_full,maximize
SH DOVE 200ML-FR RECONST COMPL,shampoo,0.6928484412757374,accuracy_on_full,maximize
DEO AER SUAVE 200ML FEM JASMIM COCO,desodorante,0.6928484412757374,accuracy_on_full,maximize
KELDOG HAMBUGUER  65G,alimento pet,0.6928484412757374,accuracy_on_full,maximize
AGRIAO HIDROP BABY TODO VDE UN,agriao,0.6928484412757374,accuracy_on_full,maximize
ARROZ TP2 INT LONGO MAIS VITA 1kg,arroz,0.6928484412757374,accuracy_on_full,maximize
SALGADINHO STIKSY 120G CLASSICO,aperitivo,0.6928484412757374,accuracy_on_full,maximize
PAO DELICIAS TRIGO BISNAGUINHA 300G,padaria e confeitaria industrializado,0.6928484412757374,accuracy_on_full,maximize
CB. SAO TOME\CCG ARROZ BRANCO 1KG,cesta basica,0.6928484412757374,accuracy_on_full,maximize
ESCOVA DENTAL ORAL B KIDS MICKEY 2UN,escova de dentes,0.6928484412757374,accuracy_on_full,maximize
FEIJAO BOLINHA 5 ESTRELAS 1KG,feijao,0.6928484412757374,accuracy_on_full,maximize
SALSINHA 60G,salsa,0.6928484412757374,accuracy_on_full,maximize
MACA CROCANTE DPA 40G,maca,0.6928484412757374,accuracy_on_full,maximize
"IOG DANONE NATURAL 160G, DESN, .",iogurte,0.6928484412757374,accuracy_on_full,maximize
ALCOOL FACILITE 70 NPM 1L,alcool,0.6928484412757374,accuracy_on_full,maximize
AGUARD PIRASSUNUNGA 51 LT 350ML,cachaca,0.6928484412757374,accuracy_on_full,maximize
HORTELA SABOReSAUDE             PE  15GR,outro condimento,0.6928484412757374,accuracy_on_full,maximize
G LAMOTRIGINA 100MG C 30 PSICO MEDLEY,outro farma,0.6928484412757374,accuracy_on_full,maximize
"CAFE SOL NESCAFE VD 100G, MATINAL, .",cafe,0.6928484412757374,accuracy_on_full,maximize
ABS SLIVR NOT 8UN,absorvente,0.6928484412757374,accuracy_on_full,maximize
SELETA ODERICH 200GR,vegetal em conserva,0.6928484412757374,accuracy_on_full,maximize
PEIXE POSTA CORVINA CRUZ PC 1KG,peixe,0.6928484412757374,accuracy_on_full,maximize
SALSICHA ODERICH VIENA LT 180G,salsicha,0.6928484412757374,accuracy_on_full,maximize
LTE COND JUSSARA TP 395G,leite condensado,0.6928484412757374,accuracy_on_full,maximize
SALAME AURORA ITALIANO FAT 100g,salame,0.6928484412757374,accuracy_on_full,maximize
MORTADELA MISTA AURORA PC KG,mortadela,0.6928484412757374,accuracy_on_full,maximize
COLOMBA PASCAL BAUDUCCO GOTAS CX 500G,panificacao pascoa,0.6928484412757374,accuracy_on_full,maximize
LEITE FERM TIROL GF 830G,leite fermentado,0.6928484412757374,accuracy_on_full,maximize
COGUMELO MARIZA INTEIRO SACHET 150G,cogumelo,0.6928484412757374,accuracy_on_full,maximize
DESINF AERO  LYSOFORM LAV 360ML,desinfetante,0.6928484412757374,accuracy_on_full,maximize
BOWL KREA CER ROSA 14CM,recipientes,0.6928484412757374,accuracy_on_full,maximize
SABAO CLARIN COCO 200G,sabao em pedra,0.6928484412757374,accuracy_on_full,maximize
MIST REQUEIJAO CREM BRASIL 350G-PT C/AMIDO,requeijao,0.6928484412757374,accuracy_on_full,maximize
VINAGRE TOSCANO ALCOOL 750ML,vinagre,0.6928484412757374,accuracy_on_full,maximize
REQUEIJAO CREM CANTO DE MINAS TRAD 400g,requeijao,0.6928484412757374,accuracy_on_full,maximize
"CATCHUP SUAVIT 400G, PICANT, .",ketchup,0.6928484412757374,accuracy_on_full,maximize
AVEIA QUAKER 450G FLOCOS FINO,aveia e seus derivados,0.6928484412757374,accuracy_on_full,maximize
ESCONDIDINHO SOJA SEARA INCRIVEL 350g,outro congelado,0.6928484412757374,accuracy_on_full,maximize
PAO DELICIAS TRIGO ZERO 380G  FR/CER,padaria e confeitaria industrializado,0.6928484412757374,accuracy_on_full,maximize
ARROZ AGULH BROTO LEGAL 5KG TP1,arroz,0.6928484412757374,accuracy_on_full,maximize
L.FERM BATAVO 850G,leite fermentado,0.6928484412757374,accuracy_on_full,maximize
ABS INTIM NOT SUAVE 16 UND,absorvente,0.6928484412757374,accuracy_on_full,maximize
ATUM GOMES COSTA RALADO 170G NAT,proteina em conserva,0.6928484412757374,accuracy_on_full,maximize
FARINHA MANDIOCA EXTRA GRANFINO 1kg,farinha de mandioca,0.6928484412757374,accuracy_on_full,maximize
COADOR CAFE KAFEBOM G,coador,0.6928484412757374,accuracy_on_full,maximize
ABS ALWAYS NOTURNO S SECA 1UN,absorvente,0.6928484412757374,accuracy_on_full,maximize
LEITE COCO BRETAS TRAD 200ML,leite de coco,0.6928484412757374,accuracy_on_full,maximize
"BISC PIRAQUE RECH 76G, LIMAO",biscoito,0.6928484412757374,accuracy_on_full,maximize
SAB FRANCIS HYDRAT BRANCO 90G,sabonete,0.6928484412757374,accuracy_on_full,maximize
CIG ROTHMANS GLOBAL CONNECTIONS RED,cigarro,0.6928484412757374,accuracy_on_full,maximize
VINHO NAC AURORA COLH TARDIA BC SV 500ml,vinho nacional,0.6928484412757374,accuracy_on_full,maximize
ESC DENT CARREFOUR ORIGINAL 1UN,escova de dentes,0.6928484412757374,accuracy_on_full,maximize
LOMBO JCW 500GR CANADENSE,carne suina,0.6928484412757374,accuracy_on_full,maximize
MARG QUALY LIGHT 0 LACTOSE CS 500G,margarina,0.6928484412757374,accuracy_on_full,maximize
SALG CHEETOS ARRAIA MANTEIGA 45G,aperitivo,0.6928484412757374,accuracy_on_full,maximize
REQUEIJAO POCOS CALDAS 200G TRADIC,requeijao,0.6928484412757374,accuracy_on_full,maximize
PIMENTA REINO MOIDA REAL 100G,outro condimento,0.6928484412757374,accuracy_on_full,maximize
SAL P/CHURRASCO LEBRE PCTE 1KG,sal,0.6928484412757374,accuracy_on_full,maximize
ALCOOL LIQ SAFRA 70 1LT,alcool,0.6928484412757374,accuracy_on_full,maximize
SALG DORITOS SWEET CHILL 140G,aperitivo,0.6928484412757374,accuracy_on_full,maximize
BISC MACA E CANELA DELICE NESFIT 140G,biscoito,0.6928484412757374,accuracy_on_full,maximize
RC WHISKAS DELIC CRN  3KG,alimento pet,0.6928484412757374,accuracy_on_full,maximize
"BOLINHO BAUDUCCO 40G, BAUN/CHOC, .",padaria e confeitaria industrializado,0.6928484412757374,accuracy_on_full,maximize
MOSTARDA HEMMER 700G AMARELA,mostarda,0.6928484412757374,accuracy_on_full,maximize
SAL REF CISNE 1KG-PC TRAD,sal,0.6928484412757374,accuracy_on_full,maximize
COND SEDA PRETOS LUMINOSOS 325,condicionador,0.6928484412757374,accuracy_on_full,maximize
MIST BOLO CHOCOM  390G,preparo para bolo,0.6928484412757374,accuracy_on_full,maximize
TOMATE DOCE JW BAND 180GR,tomate,0.6928484412757374,accuracy_on_full,maximize
LAVA ROUPA TIXAN YPE PRIMAVERA PCT 2.4KG,lava roupas,0.6928484412757374,accuracy_on_full,maximize
PATE GALINH EXC 100G PR 100G,pate,0.6928484412757374,accuracy_on_full,maximize
REFRESCO PO CLIGHT LIMONADA 8g,preparo para suco,0.6928484412757374,accuracy_on_full,maximize
KIT ORNAMENTO NATAL 3 PECAS,artigo de natal,0.6928484412757374,accuracy_on_full,maximize
DES AER REXONA FEM FRUTAS VER,desodorante,0.6928484412757374,accuracy_on_full,maximize
AMACIANTE DILUIDO 5LTS,amaciante,0.6928484412757374,accuracy_on_full,maximize
INSET AERO RAID 420ML L P- CITRONELA,inseticida,0.6928484412757374,accuracy_on_full,maximize
CR LEITE ITALAC 200G TP Z/LACTOSE,creme de leite,0.6928484412757374,accuracy_on_full,maximize
QJO MUSS TIROLEZ BD KG,queijo,0.6928484412757374,accuracy_on_full,maximize
VH BRANCO SECO RES SAUVG BLNC 750ML,vinho importado,0.6928484412757374,accuracy_on_full,maximize
FILEZINHO SASSAMI AVE SERRA TEMP RESF BDJ 700g,carne de ave,0.6928484412757374,accuracy_on_full,maximize
PETIT GATEAU MICROOND CHOC MR BEY 240G,outro congelado,0.6928484412757374,accuracy_on_full,maximize
POSTA CACAO COPACOL IQF CONG 800g,peixe,0.6928484412757374,accuracy_on_full,maximize
TIRA MANCHAS TIXAN SACHE 420G R/BR,alvejante,0.6928484412757374,accuracy_on_full,maximize
SALG FRONTERA TORTILLA PC 125G MILHO PICANTE,aperitivo,0.6928484412757374,accuracy_on_full,maximize
MINI PASTEL JD PIZZA CONG.      AV    KG,padaria e confeitaria fresca,0.6928484412757374,accuracy_on_full,maximize
PANETTONE AVELA CAC CASA SUICA 500G,panificacao natal,0.6928484412757374,accuracy_on_full,maximize
ESPON LIMPPANO M.USO L4 P3,esponja,0.6928484412757374,accuracy_on_full,maximize
DESINF PINHO SOL 2X PODER 1L,desinfetante,0.6928484412757374,accuracy_on_full,maximize
CERV CUSQUENA RED LAGER 330ML,cerveja,0.6928484412757374,accuracy_on_full,maximize
CX SBCX FGO ECONO KG NAV KG,carne de ave,0.6928484412757374,accuracy_on_full,maximize
MARSHMALLOW MAX DOCILE 250G-PC COLOR T-1,bala,0.6928484412757374,accuracy_on_full,maximize
AMAC CONC COMFORT HYDRA 1.5L,amaciante,0.6928484412757374,accuracy_on_full,maximize
OLEO CORPO AMEND TENTAD PAIXAO 200ML,oleo corporal,0.6928484412757374,accuracy_on_full,maximize
CERV SKOL PURO MALTE SLEEK 350ML,cerveja,0.6928484412757374,accuracy_on_full,maximize
COOKIES VISCONTI 60G CHOCOLATE,biscoito,0.6928484412757374,accuracy_on_full,maximize
FILE  TILAPIA  FRESCO KG,peixe,0.6928484412757374,accuracy_on_full,maximize
REFRIG COCA COLA PET 1 510ML,refrigerante,0.6928484412757374,accuracy_on_full,maximize
CAFE SOL LOR CLASSIC VD 90g,cafe,0.6928484412757374,accuracy_on_full,maximize
SACO LIXO D-ROLL RESIT 30L 30UN PTO,saco de lixo,0.6928484412757374,accuracy_on_full,maximize
OFF LONG DURA AERO 177,repelente corporal,0.6928484412757374,accuracy_on_full,maximize
PAP HIG F.S MILI BIANCO 60M C/4 NEUT,papel higienico,0.6928484412757374,accuracy_on_full,maximize
LAVA ROUPA ESPUMIL PREMIUM 2Kg,lava roupas,0.6928484412757374,accuracy_on_full,maximize
SABAO YPE 180G NEUTRO GLICERINADO,sabao em pedra,0.6928484412757374,accuracy_on_full,maximize
BISC RECH ISABELA MOUSSE MOR/CHOC 130g,biscoito,0.6928484412757374,accuracy_on_full,maximize
DES AER REXONA 120G FEM POWDER,desodorante,0.6928484412757374,accuracy_on_full,maximize
FARELO AVEIA JASMINE 170G,aveia e seus derivados,0.6928484412757374,accuracy_on_full,maximize
CERVEJA S/ALCOOL HEIKEL 473ML MALZBIER,cerveja,0.6928484412757374,accuracy_on_full,maximize
MAC G DURO FUSILI PETYBON 500G,macarrao,0.6928484412757374,accuracy_on_full,maximize
OVO LACTA INF 166G MULHER MARAVILH,ovo de pascoa,0.6928484412757374,accuracy_on_full,maximize
CB MOIDA FRIBOI 500G CONG TUBETE,carne bovina,0.6928484412757374,accuracy_on_full,maximize
CHOCOLATE LACTA 165GR DIAM NEGRO/LAKA,chocolate,0.6928484412757374,accuracy_on_full,maximize
MACAR N MIOJO CUP NOOD FGO TERIYAKI 69g,macarrao,0.6928484412757374,accuracy_on_full,maximize
PANETTONE GAROTO RECH CHOC AO LEITE 450g,panificacao natal,0.6928484412757374,accuracy_on_full,maximize
BATATA LAYS SOUR CREAM 80G,aperitivo,0.6928484412757374,accuracy_on_full,maximize
AP BARBA PRESTOBARBA C/3   MACH 3 GRATIS,aparelho de barbear e depilatorio,0.6928484412757374,accuracy_on_full,maximize
PAO SOVADO PRO SABOR PREMIUM 500G,padaria e confeitaria industrializado,0.6928484412757374,accuracy_on_full,maximize
OVO PASCOA ARCOR MULHER MARAVILHA 100G,ovo de pascoa,0.6928484412757374,accuracy_on_full,maximize
CHIN IPA ANATOMICA SURF VRM AZL 43 44,chinelo,0.6928484412757374,accuracy_on_full,maximize
AGUA MIN GAS SAO LOURENCO 510ML,agua,0.6928484412757374,accuracy_on_full,maximize
BISC PIRAQUE WAFFER MOR 160g,biscoito,0.6928484412757374,accuracy_on_full,maximize
FIGADO BOV CONG PEDACO Kg,carne bovina,0.6928484412757374,accuracy_on_full,maximize
DOCE LEITE VOVO ANA 145G PE DE MOLEQUE,outro doce,0.6928484412757374,accuracy_on_full,maximize
BATATA LAYS CLASSICA 45G,aperitivo,0.6928484412757374,accuracy_on_full,maximize
FAROFA SANTA MASSA TRADICIONAL 200g,farofa pronta,0.6928484412757374,accuracy_on_full,maximize
QA PIMENTA DO REINO PO QUALITA 40G,molho de pimenta,0.6928484412757374,accuracy_on_full,maximize
QJ PARM RAL GRAN FORMAG RAR 100G,queijo,0.6928484412757374,accuracy_on_full,maximize
BARRA PROT COOKIES 30G INTEGRALMEDICA,barra alimentar,0.6928484412757374,accuracy_on_full,maximize
MANTEIGA SERTAO SERIDO GF 500G,manteiga,0.6928484412757374,accuracy_on_full,maximize
SALG FOFURA 70G CHURRASCO,aperitivo,0.6928484412757374,accuracy_on_full,maximize
CALDO PO MAGGI 35G GALINHA,caldo industrializado,0.6928484412757374,accuracy_on_full,maximize
MASSA NISSIN LAMEN MON.TOMATE   PE  85GR,macarrao,0.6928484412757374,accuracy_on_full,maximize
ADOC LIQ LOWCUCAR PLUS 80ML ESTEV,adocante,0.6928484412757374,accuracy_on_full,maximize
VHO BCO ADEGAMAE LISBOA 750ML,vinho importado,0.6928484412757374,accuracy_on_full,maximize
CRUNCH CHOCOLATE 90G,chocolate,0.6928484412757374,accuracy_on_full,maximize
CAFE PO BLEND 53 VAC PC 250G INTENSO,cafe,0.6928484412757374,accuracy_on_full,maximize
BIS LEITE 3X126G,chocolate,0.6928484412757374,accuracy_on_full,maximize
LAVA ROUPA LIQ SURF 5X1 LAV 3LT,lava roupas,0.6928484412757374,accuracy_on_full,maximize
COLOMBA VISCONTI MAIS CX 500G CHOCOLATE,panificacao pascoa,0.6928484412757374,accuracy_on_full,maximize
CERV ESTRELLA GALICIA LTA 473ML,cerveja,0.6928484412757374,accuracy_on_full,maximize
CROISS CHOC KG UND 100G,padaria e confeitaria fresca,0.6928484412757374,accuracy_on_full,maximize
TORRADA MARILAN MAGIC TOAST- PC 144G LIGHT,padaria e confeitaria industrializado,0.6928484412757374,accuracy_on_full,maximize
OVO KINDER JOY T-1              AV  20GR,chocolate,0.6928484412757374,accuracy_on_full,maximize
OLEO SOJA CONCORDIA 900ML,oleo vegetal,0.6928484412757374,accuracy_on_full,maximize
DESINF URCA PINHO 2L,desinfetante,0.6928484412757374,accuracy_on_full,maximize
QA ATUM SOLIDO EM OLEO QUALITA 170G,proteina em conserva,0.6928484412757374,accuracy_on_full,maximize
LASANHA SEARA 600G PRESUNTO/QJO,lasanha congelada,0.6928484412757374,accuracy_on_full,maximize
EXT TOM ELEFANTE 130G-LT TRAD,extrato de tomate,0.6928484412757374,accuracy_on_full,maximize
CDS VH TTO PORT RUBY  750ML,vinho importado,0.6928484412757374,accuracy_on_full,maximize
PAPEL ALUM 30X7.5  PRATSY,folha de aluminio,0.6928484412757374,accuracy_on_full,maximize
POLP DOC MEL TAM MEL 100G,polpa de fruta congelada,0.6928484412757374,accuracy_on_full,maximize
SAND HOT POCKET SADIA 145G X- PICANHA,sanduiche congelado,0.6928484412757374,accuracy_on_full,maximize
OVO VERM GDE ORG MANT BDJ C/ 10,ovo,0.6928484412757374,accuracy_on_full,maximize
BISC RECH PIRAQUE 85G LEITE MALTADO BLAC,biscoito,0.6928484412757374,accuracy_on_full,maximize
BISC AMANT DAN CAKE 200G BUTTER COOKIES,biscoito,0.6928484412757374,accuracy_on_full,maximize
REFRIG COCA COLA 350ML C/6 ZER L P-,refrigerante,0.6928484412757374,accuracy_on_full,maximize
ALCOOL BRILUX 46 PERF 500ML,alcool,0.6928484412757374,accuracy_on_full,maximize
LA ACO MINI BOMBRIL C12,palha de aco,0.6928484412757374,accuracy_on_full,maximize
BROWNIE 480G,preparo para bolo,0.6928484412757374,accuracy_on_full,maximize
MOLHO INGLES MARIZA 500ML,molho ingles,0.6928484412757374,accuracy_on_full,maximize
CHOC BR GAROTO TAL AMEND 90G,chocolate,0.6928484412757374,accuracy_on_full,maximize
PANO LIMP LAVAVEL EVOL ROLO BETTANIN,pano para limpeza,0.6928484412757374,accuracy_on_full,maximize
BISC CRACKER INTEGRAL MARILAN 335G,biscoito,0.6928484412757374,accuracy_on_full,maximize
MAIONESE HELLMANS SC 400G,maionese,0.6928484412757374,accuracy_on_full,maximize
ARROZ DELLARROZ PARB T1 PCT 1KG,arroz,0.6928484412757374,accuracy_on_full,maximize
MASS FAGOT M.LEVE 350G 4QJS,massa fresca,0.6928484412757374,accuracy_on_full,maximize
"EXT TOMATE ELEFANTE SCH 1,020KG",extrato de tomate,0.6928484412757374,accuracy_on_full,maximize
PASTILHA TICTAC 16G-UN MENTA CRUSH,bala,0.6928484412757374,accuracy_on_full,maximize
BEB VEGET IOGVEG VIDA VEG 500G MOR,outra bebida vegetal,0.6928484412757374,accuracy_on_full,maximize
IOG LIQ DESN JABUTICABA BATAVO 170G,iogurte,0.6928484412757374,accuracy_on_full,maximize
PAO QJO REC CATU TRA  1KG,massa de pao de queijo,0.6928484412757374,accuracy_on_full,maximize
CERVEJA WALS 62 ANOS 600ML,cerveja,0.6928484412757374,accuracy_on_full,maximize
PIZZA MUSSARELA 440G SADIA,pizza congelada,0.6928484412757374,accuracy_on_full,maximize
ALIM GATO WHISKAS CASTRADOS CARNE 1KG,alimento pet,0.6928484412757374,accuracy_on_full,maximize
ACAI SPLIT ORIGINAL 900ML,acai,0.6928484412757374,accuracy_on_full,maximize
BEBEZINHO RECH MORG PANCO 210G,padaria e confeitaria industrializado,0.6928484412757374,accuracy_on_full,maximize
SALAME C BORDA FAT SPECIALE SADIA 1,salame,0.6928484412757374,accuracy_on_full,maximize
MOLHO TOM POMAROLA TRAD SC 340G,molho de tomate,0.6928484412757374,accuracy_on_full,maximize
"MOLHO TOMATE TARANTELLA PEN T/P 1,06kg",molho de tomate,0.6928484412757374,accuracy_on_full,maximize
"BEBIDA LACT PAULISTA 540g, FRUTAS",iogurte,0.6928484412757374,accuracy_on_full,maximize
ABS INTIMUS U FINO NOTURNO CA C16,absorvente,0.6928484412757374,accuracy_on_full,maximize
"BISC LACTA BIS C/3 126G L P-, BRANCO",biscoito,0.6928484412757374,accuracy_on_full,maximize
REQUEIJAO POCOS DE CALDAS 400G  LIGHT,requeijao,0.6928484412757374,accuracy_on_full,maximize
AMAC YPE ACONCHEGO 2L 20 DESC,amaciante,0.6928484412757374,accuracy_on_full,maximize
CHOCOTTONE BAUDUCCO MAX CHOC 500g ED ESP,panificacao natal,0.6928484412757374,accuracy_on_full,maximize
LEITE PO INTEGRAL CCGL PT 800g,leite em po,0.6928484412757374,accuracy_on_full,maximize
AZEITONA EM CONSERVA FATIADA HEMMER 150G,azeitona,0.6928484412757374,accuracy_on_full,maximize
AZEITONA VD RAIOLITA            VD  200G,azeitona,0.6928484412757374,accuracy_on_full,maximize
AS SAND NATURAL FRANGO C AZEITONA UND,prato pronto,0.6928484412757374,accuracy_on_full,maximize
IOG NAT ITAMBE 150G INT CEREAIS,iogurte,0.6928484412757374,accuracy_on_full,maximize
SUCO INT MONTE VENETO 300ML UVA TTO,suco pronto,0.6928484412757374,accuracy_on_full,maximize
ANTIMOFO MOFIL 25G C/3,outro produto de limpeza domestica,0.6928484412757374,accuracy_on_full,maximize
AG SG STA RITA  510ML,agua,0.6928484412757374,accuracy_on_full,maximize
"CALDO SAZON PICANHA 37,5G",caldo industrializado,0.6928484412757374,accuracy_on_full,maximize
"LAVA ROUP OMO PO 2,2KG, CUID INT, .",lava roupas,0.6928484412757374,accuracy_on_full,maximize
MAIONESE LIGHT HELLMANNS 250G-PET,maionese,0.6928484412757374,accuracy_on_full,maximize
LAVA ROUPA PO TIXAN SACHE 3KG PRIMAV,lava roupas,0.6928484412757374,accuracy_on_full,maximize
AGUA SANIT YPE 1LI,agua sanitaria,0.6928484412757374,accuracy_on_full,maximize
TAPETE HIGI PROCAO 60X55CM C/30UN,tapete higienico,0.6928484412757374,accuracy_on_full,maximize
MARG DELICIA SUPREME C/SAL 500G,margarina,0.6928484412757374,accuracy_on_full,maximize
COMPRESSA CREMER ESTEREO 13F C/5,gaze,0.6928484412757374,accuracy_on_full,maximize
SALG DELICITO CHURRASCO 50G,aperitivo,0.6928484412757374,accuracy_on_full,maximize
TEMP PRON ARISCO 50G TEMP MAIS FGO,tempero pronto,0.6928484412757374,accuracy_on_full,maximize
PIPOCA MIC NATURAL VITAMI 100G,pipoca para microondas,0.6928484412757374,accuracy_on_full,maximize
L.PERF VEJA L500P350 500ML,multiuso,0.6928484412757374,accuracy_on_full,maximize
IOG MIX FRU VERM/AMAR/VERDES BAND 5,iogurte,0.6928484412757374,accuracy_on_full,maximize
BEB PRO WHEY ZL AMEND 1L,demais funcionais e restritivos,0.6928484412757374,accuracy_on_full,maximize
VESTIDO MC JARDIM,vestido,0.6928484412757374,accuracy_on_full,maximize
CAFE CAPPUC 3 CORACOES TRAD 400g,cafe,0.6928484412757374,accuracy_on_full,maximize
FIAMBRE BOVINO BORDON 320G,proteina em conserva,0.6928484412757374,accuracy_on_full,maximize
REQ TIROLEZ 250G CULIN,requeijao,0.6928484412757374,accuracy_on_full,maximize
SALADA VERAO 1KG DAUCY,vegetal congelado,0.6928484412757374,accuracy_on_full,maximize
CERVEJA EISENBAHN PILSEN C/VAS.GF 600ML,cerveja,0.6928484412757374,accuracy_on_full,maximize
FILE MADRID PAMPLONA KG SUINO TEMP,carne suina,0.6928484412757374,accuracy_on_full,maximize
BISC COB CHOC BAUDUCCO BISCUIT AMAR 80G,biscoito,0.6928484412757374,accuracy_on_full,maximize
PASSATA TOM SAN FREDIANO 680G RUST BASIL,molho de tomate,0.6928484412757374,accuracy_on_full,maximize
BISC DOCE AYMORE CEREAL MIX 135G AVEIA E MEL,biscoito,0.6928484412757374,accuracy_on_full,maximize
CERVEJA PETRA PURO MALTE 269ML,cerveja,0.6928484412757374,accuracy_on_full,maximize
TEMP CARN ASSDA KNOR 25G,tempero pronto,0.6928484412757374,accuracy_on_full,maximize
MAION LIGHT HELLMANS . 500G,maionese,0.6928484412757374,accuracy_on_full,maximize
POTE HERM TRAVA MAIS 910ML VM PLASi  TIL,recipientes,0.6928484412757374,accuracy_on_full,maximize
CHOC. OETKER GRANULADO MACIO    PE 130GR,cobertura pronta,0.6928484412757374,accuracy_on_full,maximize
CERVEJA TIGER PURO MALTE LATA 350ml,cerveja,0.6928484412757374,accuracy_on_full,maximize
MUCILON ARROZ 230G,cereal infantil ou farinha lactea,0.6928484412757374,accuracy_on_full,maximize
GELATINA APTI 20G CEREJA,gelatina,0.6928484412757374,accuracy_on_full,maximize
"CALDO KNORR 57g, GALINHA",caldo industrializado,0.6928484412757374,accuracy_on_full,maximize
SOB LACTEA ITAMBE PUDIM D LEIT 200G,iogurte,0.6928484412757374,accuracy_on_full,maximize
MAC OVO PENNE PETYBO NAC 500G,macarrao,0.6928484412757374,accuracy_on_full,maximize
REFR GUARANA ANTAR 269ML,refrigerante,0.6928484412757374,accuracy_on_full,maximize
QA DAMASCO SECO 300G,outra fruta,0.6928484412757374,accuracy_on_full,maximize
"DESOD LEITE DE ROSAS FEM 100ML, NORMAL",desodorante,0.6928484412757374,accuracy_on_full,maximize
PAO QUEIJO CONGELLE 1KG TRADICIONAL,petisco e salgadinho congelado,0.6928484412757374,accuracy_on_full,maximize
CHICLETE TRIDENT SENSES P  MELANCIA ZERO,goma de mascar,0.6928484412757374,accuracy_on_full,maximize
"REFRESC APTI FAMILIA 170G, LIMAO, .",preparo para suco,0.6928484412757374,accuracy_on_full,maximize
LTE DN ITALAC TMP 1L,leite,0.6928484412757374,accuracy_on_full,maximize
"REFRESC APTI FAMILIA 170G, UVA, .",preparo para suco,0.6928484412757374,accuracy_on_full,maximize
LAVA ROUPA LIQ YPE POWER ACT POUCH 1L,lava roupas,0.6928484412757374,accuracy_on_full,maximize
PAO FRANCES S/GLUT SCHAR 100G,padaria e confeitaria fresca,0.6928484412757374,accuracy_on_full,maximize
REQUEIJAO TIROL CREMOSO 4 QUEIJ.BG 400GR,requeijao,0.6928484412757374,accuracy_on_full,maximize
IOG POLP VIGOR MIX 165G SUCRILHOS/MORAN,iogurte,0.6928484412757374,accuracy_on_full,maximize
CONFEITO MeM 148G-PC CHOC AMEND,chocolate,0.6928484412757374,accuracy_on_full,maximize
AGUA MINERAL BIOLEVE 1 5L C GAS,agua,0.6928484412757374,accuracy_on_full,maximize
BISC AMENDOIM CHOCO 260G,biscoito,0.6928484412757374,accuracy_on_full,maximize
DES ROL REXONA SKINCARE 50ML FEM INVISIB CRYSTAL,desodorante,0.6928484412757374,accuracy_on_full,maximize
CAIPIRINHA MIX 51 23G REF,bebida mista,0.6928484412757374,accuracy_on_full,maximize
REFRIG. ANTARCTICA GUARANA      LT 350ML,refrigerante,0.6928484412757374,accuracy_on_full,maximize
CHUCHU EXPRESS CRFO KG,chuchu,0.6928484412757374,accuracy_on_full,maximize
BISC WAFER BAUDUCCO BRIGADEIRO 78G,biscoito,0.6928484412757374,accuracy_on_full,maximize
ARROZ AG PRATO FINO T1 5Kg,arroz,0.6928484412757374,accuracy_on_full,maximize
PANETONE CHOCOLATE FP 400G,panificacao natal,0.6928484412757374,accuracy_on_full,maximize
REQ CREM TRAD DANUBIO 220G,requeijao,0.6928484412757374,accuracy_on_full,maximize
CERV BECKS LN 330ML,cerveja,0.6928484412757374,accuracy_on_full,maximize
AMAC CONC COMFORT ENERGY OLEOS ES 500ML,amaciante,0.6928484412757374,accuracy_on_full,maximize
"GRANOLA DA MAGRINHA 250g, CACAU",granola,0.6928484412757374,accuracy_on_full,maximize
SALG TORCIDA PAO DE ALHO         PCT 38G,aperitivo,0.6928484412757374,accuracy_on_full,maximize
GUARANA ANTARCTICA PET 1L,refrigerante,0.6928484412757374,accuracy_on_full,maximize
LA ACO ASSOLAN C/8 45G,palha de aco,0.6928484412757374,accuracy_on_full,maximize
MOLHO TOM POMODORO 300G- SACHE TRAD,molho de tomate,0.6928484412757374,accuracy_on_full,maximize
MARG.BECEL 250G ORIG.C/SAL OMEGA 6,margarina,0.6928484412757374,accuracy_on_full,maximize
VIN CATAFESTA TTO SUAVE 1L,vinho nacional,0.6928484412757374,accuracy_on_full,maximize
DORITOS SWEET CHILLI 140G,petisco e salgadinho congelado,0.6928484412757374,accuracy_on_full,maximize
BISNUTRINHAS 300G,padaria e confeitaria industrializado,0.6928484412757374,accuracy_on_full,maximize
CERV ITAIPAVA LT 269ML,cerveja,0.6928484412757374,accuracy_on_full,maximize
APAR BARB PRESTO 3 ULTRAGRIP L4P3,aparelho de barbear e depilatorio,0.6928484412757374,accuracy_on_full,maximize
CHESTER DESOSSADO PERDIGAO kg,carne de ave sazonal,0.6928484412757374,accuracy_on_full,maximize
AMACIANTE MINUANO SOFT AZUL 2000ML,amaciante,0.6928484412757374,accuracy_on_full,maximize
LIMP MR MUSC COZ SACHE LIMAO 400ML,multiuso,0.6928484412757374,accuracy_on_full,maximize
"BISC SALG PIT-STOP RECH 105,6G-PC MISTO QUENTE",biscoito,0.6928484412757374,accuracy_on_full,maximize
BALA GELAT DOCILE 15G CANUDINHO T-FRUTTI CITRIC,bala,0.6928484412757374,accuracy_on_full,maximize
TORRADA MAGIC TOAST MARILAN 150G,torrada,0.6928484412757374,accuracy_on_full,maximize
FARINHA TRIGO RENATA 1kg,farinha de trigo,0.6928484412757374,accuracy_on_full,maximize
QUEIJO VENEZA MINAS LIGHT       AV    KG,queijo,0.6928484412757374,accuracy_on_full,maximize
ARROZ URBANO PARBOILIZADO T-1   PE   5KG,arroz,0.6928484412757374,accuracy_on_full,maximize
GOMA TRIDENT X SENSE MELAN MINT 54G,goma de mascar,0.6928484412757374,accuracy_on_full,maximize
GOMA TRIDENT X SENSE MOR LIME 54G,goma de mascar,0.6928484412757374,accuracy_on_full,maximize
LEITE EM PO PIRACANJUBA INST 400G DESN,leite em po,0.6928484412757374,accuracy_on_full,maximize
G CL METFORMINA 500MG C/30 COMP REV MERC,outro farma,0.6928484412757374,accuracy_on_full,maximize
LEITE UHT DESN PARMALAT PET 1L,leite,0.6928484412757374,accuracy_on_full,maximize
CHOC NESTLE SUFLAIR 50G,chocolate,0.6928484412757374,accuracy_on_full,maximize
CERVEJA COLORADO APPIA          GF 600ML,cerveja,0.6928484412757374,accuracy_on_full,maximize
V COLECCION PRI CAB CHI 750ML,vinho importado,0.6928484412757374,accuracy_on_full,maximize
G FUR DE MOMETASONA 60D GLENMARK,outro farma,0.6928484412757374,accuracy_on_full,maximize
FUTURO BURGER DEFUMADO 230G,carne vegetal,0.6928484412757374,accuracy_on_full,maximize
PEDRA SANITARIA SANIPLUS 25GR FLORAL,pedra sanitaria,0.6928484412757374,accuracy_on_full,maximize
MOLHO TOM.POMAROLA CASEIRO 300G POUCH ALHO AZEI,molho de tomate,0.6928484412757374,accuracy_on_full,maximize
DESALEX 0.5MG XAROPE C/60ML ORGANON,outro farma,0.6928484412757374,accuracy_on_full,maximize
IOGURTE LIQ BATAVO GRAVIOLA 1150G,iogurte,0.6928484412757374,accuracy_on_full,maximize
SACO P/LIXO BOM  REFORCADO 50L,saco de lixo,0.6928484412757374,accuracy_on_full,maximize
CALCA JOGGER MOL UZ3 MILITAR FMOI22,calca,0.6928484412757374,accuracy_on_full,maximize
REQUEIJAO SABOReVIDA 200G TRAD,requeijao,0.6928484412757374,accuracy_on_full,maximize
RODO PIA PLASTICO SANREMO 14CM PT,rodo,0.6928484412757374,accuracy_on_full,maximize
ATUM RALADO GOMES DA COSTA LT 1 OLEO,proteina em conserva,0.6928484412757374,accuracy_on_full,maximize
"SHAMPOO ELSEVE 400ML, OLEO EXT NUT",shampoo,0.6928484412757374,accuracy_on_full,maximize
AVE TEMP FIESTA SEARA,carne de ave sazonal,0.6928484412757374,accuracy_on_full,maximize
MAIONESE HELLMANNS 335G,maionese,0.6928484412757374,accuracy_on_full,maximize
GOMA MASC TRIDENT 28S MELANCIA MINT,goma de mascar,0.6928484412757374,accuracy_on_full,maximize
ABS C/AB ALWAYS SUPER PROT 32UN-PC SECA BASICO,absorvente,0.6928484412757374,accuracy_on_full,maximize
COGUMELO LUCA INTEIRO 420G,cogumelo,0.6928484412757374,accuracy_on_full,maximize
MARGARINA PRIMOR 500g,margarina,0.6928484412757374,accuracy_on_full,maximize
CALDO GALINHA MAGGI 57G,caldo industrializado,0.6928484412757374,accuracy_on_full,maximize
AG MIN S.PELLEGRINO TANG C/G 330ML,agua,0.6928484412757374,accuracy_on_full,maximize
GARRAFA SUBLIMAR 250ML MARCADOR TEMP,garrafa termica,0.6928484412757374,accuracy_on_full,maximize
ENERGETICO MAD DOG 2L,energetico,0.6928484412757374,accuracy_on_full,maximize
PATE G.COSTA 150G ATUM AZEITONA,pate,0.6928484412757374,accuracy_on_full,maximize
SAB REXONA ANTIBACTERIAL ALOE 84G,sabonete,0.6928484412757374,accuracy_on_full,maximize
L.FERM POLPA ACTIVIA 340G AMEIXA,leite fermentado,0.6928484412757374,accuracy_on_full,maximize
BISC WAFER BAUDUCCO NOZES 140G,biscoito,0.6928484412757374,accuracy_on_full,maximize
MACARRAO BOLONHES PF CHEFTIME 460G,macarrao,0.6928484412757374,accuracy_on_full,maximize
MOLHO BARBECUE CHURRASCO CLAS 510G,molho barbecue,0.6928484412757374,accuracy_on_full,maximize
ESC DENT CLOSEUP DEEP CLEAN L3P2,escova de dentes,0.6928484412757374,accuracy_on_full,maximize
QA NOZES SEM CASCA 140G,"nozes, castanhas e outras oleaginosas",0.6928484412757374,accuracy_on_full,maximize
PANOS SCOTT DURAMAX BRANCO 58UN,pano para limpeza,0.6928484412757374,accuracy_on_full,maximize
"OVO PASCOA MONDO ALLEGRO 250G, AO LEITE",ovo de pascoa,0.6928484412757374,accuracy_on_full,maximize
REFRESCO PO APTI ACAI E GUARANA 30G,preparo para suco,0.6928484412757374,accuracy_on_full,maximize
CREME DE LEITE ZERO 200ML,creme de leite,0.6928484412757374,accuracy_on_full,maximize
BISC C CRACKER INT MARILAN 420G,biscoito,0.6928484412757374,accuracy_on_full,maximize
LASANHA CONG COPACOL BOLO 600G,lasanha congelada,0.6928484412757374,accuracy_on_full,maximize
AM DIL MONBIJOU PURE AZUL 2L,amaciante,0.6928484412757374,accuracy_on_full,maximize
SHOYU PREMIU SAKURA  500ML,molho shoyu,0.6928484412757374,accuracy_on_full,maximize
LEITE COND CEMIL 395G-TP,leite condensado,0.6928484412757374,accuracy_on_full,maximize
CERV ANTARCTICA LT 269ML,cerveja,0.6928484412757374,accuracy_on_full,maximize
AGUA TONICA ANTARCTICA 1L,agua tonica,0.6928484412757374,accuracy_on_full,maximize
LAVA ROUPA LIQ ARIEL 900ML CONC S DOWNY,lava roupas,0.6928484412757374,accuracy_on_full,maximize
CALDO KNORR 06CB-CX 57G BACON,caldo industrializado,0.6928484412757374,accuracy_on_full,maximize
ARGOLA PIRAQUE ALDENTE 500G,macarrao,0.6928484412757374,accuracy_on_full,maximize
APAR BARBEAR BIC SENSITIVE SHAVER L7P5,aparelho de barbear e depilatorio,0.6928484412757374,accuracy_on_full,maximize
SAL DE FRUTA ENO VD LARANJA 100G GSK,outro farma,0.6928484412757374,accuracy_on_full,maximize
OLE COMP OLIVIA CEB/ALHO PET 500ML,oleo vegetal,0.6928484412757374,accuracy_on_full,maximize
VIN TTO ADEGA DO VALE GF 750ML SUAVE,vinho nacional,0.6928484412757374,accuracy_on_full,maximize
QA BEBIDA LACTEA MORANGO 850G,bebida lactea,0.6928484412757374,accuracy_on_full,maximize
SUCO SUVALAN MA.ESP.CO.HORT     TP 200ML,suco pronto,0.6928484412757374,accuracy_on_full,maximize
LTE FER B LIGHT MORA 180G,iogurte,0.6928484412757374,accuracy_on_full,maximize
SALG.TORCIDA JR 45G PIMENTA MEXICANA,aperitivo,0.6928484412757374,accuracy_on_full,maximize
FARIN LACTEA SACHET 210G,formula lactea,0.6928484412757374,accuracy_on_full,maximize
TORT CHIPS CHILLI FRONTERA 200G,aperitivo,0.6928484412757374,accuracy_on_full,maximize
3LAMPADAS DE LED BIVOLT AMARELA 8W,lampada,0.6928484412757374,accuracy_on_full,maximize
SUCO REFRI CARREFOUR LIMONADA 300ML,suco pronto,0.6928484412757374,accuracy_on_full,maximize
CREAM CHEESE LIGHT PHILADELPHI 300G,queijo cremoso,0.6928484412757374,accuracy_on_full,maximize
TOALHA UMED HUG T MONICA C/48,lenco umedecido,0.6928484412757374,accuracy_on_full,maximize
MAC OVO ESPAG 8 RENA 500G,macarrao,0.6928484412757374,accuracy_on_full,maximize
PURAN T4 88MCG C.30 COMPRIMIDOS SANOFI,outro farma,0.6928484412757374,accuracy_on_full,maximize
BLUSA ML CARECA TEX MHO MMOI22,blusa,0.6928484412757374,accuracy_on_full,maximize
SABONETE BIOCREMA ERVA DOCE 90G,sabonete,0.6928484412757374,accuracy_on_full,maximize
AMAC YPE CARINHO AMAR 2L,amaciante,0.6928484412757374,accuracy_on_full,maximize
FOSFORO LONGO PARANA  FOGAO C200,fosforo,0.6928484412757374,accuracy_on_full,maximize
AGRIN BELMONT 750ML-FR VIN TT,vinagre,0.6928484412757374,accuracy_on_full,maximize
QUEIJO MUSS.SADIA 300G FAT. SOLTISSIMO,queijo,0.6928484412757374,accuracy_on_full,maximize
"PAO QJO FORNO MINAS 400G, TRADICIONAL",massa de pao de queijo,0.6928484412757374,accuracy_on_full,maximize
CEREJA CALDA PREDILECTA 100G,conserva doce,0.6928484412757374,accuracy_on_full,maximize
SALG FANDANGOS PRES ELMA CHIPS 230G,aperitivo,0.6928484412757374,accuracy_on_full,maximize
"GEL FIX NYLOOKS COND 240G, F4",modelador para cabelo,0.6928484412757374,accuracy_on_full,maximize
CERVEJA ANTARCTICA LT 350ML,cerveja,0.6928484412757374,accuracy_on_full,maximize
MAC INST CUP NOODLES  69G GAL CAIPIRA,macarrao,0.6928484412757374,accuracy_on_full,maximize
OVO PASCOA LUCKAU AO LEITE 180G,ovo de pascoa,0.6928484412757374,accuracy_on_full,maximize
MAC INST CUP NOODLES  68G COST MOL CHURR,macarrao,0.6928484412757374,accuracy_on_full,maximize
"BISC CR CRACKER PILAR INTEGR 367,5G",biscoito,0.6928484412757374,accuracy_on_full,maximize
PROTETOR TRAVESSEIRO TEX 1719 BRANCO,_RARE_,0.6928484412757374,accuracy_on_full,maximize
FILTRO PAPEL IGUACU N.102       CX  30UN,coador,0.6928484412757374,accuracy_on_full,maximize
SOBRECOXA FRANGO CONG BDJ 1KG,carne de ave,0.6928484412757374,accuracy_on_full,maximize
CERV MANIACS ALOHA 350ML,cerveja,0.6928484412757374,accuracy_on_full,maximize
CERV DEVASSA LT 269ML,cerveja,0.6928484412757374,accuracy_on_full,maximize
REPOLHO  ROXO SUGMOTO KG,repolho,0.6928484412757374,accuracy_on_full,maximize
BALA GELATINA TUBES FINI MOR CITRIC,bala,0.6928484412757374,accuracy_on_full,maximize
GELO GIOVANE PCT  3KG,gelo,0.6928484412757374,accuracy_on_full,maximize
PRESERV LUBRIF JONTEX C6,preservativo,0.6928484412757374,accuracy_on_full,maximize
ATUM PEDA GOMES DA COSTA NAT 170G,proteina em conserva,0.6928484412757374,accuracy_on_full,maximize
BEB ALIMENTO AMENDOA BAUN ALMONDBRE,outra bebida,0.6928484412757374,accuracy_on_full,maximize
CHOC MILKA 100G HAPPY COWS,chocolate,0.6928484412757374,accuracy_on_full,maximize
"ALVEJANTE VANISH 1,2L WHITE",alvejante,0.6928484412757374,accuracy_on_full,maximize
QUEIJO REGINA CHEDDAR FAT 144G,queijo,0.6928484412757374,accuracy_on_full,maximize
SAB PALMOLIVE 150G SUAVE OLEO NUTRITIVO,sabonete,0.6928484412757374,accuracy_on_full,maximize
FILE PANGA 500G FRESCATTO,peixe,0.6928484412757374,accuracy_on_full,maximize
BANHA SUINA KAMAR 390G,outro resfriado,0.6928484412757374,accuracy_on_full,maximize
PIPOCA DOCE CHOC POP PAN 80G,pipoca pronta,0.6928484412757374,accuracy_on_full,maximize
PAO QJ REQUEIJAO300G,massa de pao de queijo,0.6928484412757374,accuracy_on_full,maximize
LING DEF FINA TROPEIRA 400G,linguica,0.6928484412757374,accuracy_on_full,maximize
CIGARRO DUNHILL ON BLUE C/20,cigarro,0.6928484412757374,accuracy_on_full,maximize
PANETTONE TOMMY 400G-CX GOTAS,panificacao natal,0.6928484412757374,accuracy_on_full,maximize
CAFE IGUACU SOLUVEL TRADIC LT 200G GTS10,cafe,0.6928484412757374,accuracy_on_full,maximize
ERVILHA PREDILECTA 170G,ervilha em conserva,0.6928484412757374,accuracy_on_full,maximize
LIXA P/UNHA MARCO BONI CANARIO C/6,lixa,0.6928484412757374,accuracy_on_full,maximize
LIMP PERF CASAePERF 1L INTUIZIONE NEW,multiuso,0.6928484412757374,accuracy_on_full,maximize
COUVE FLOR SP 300G,couve flor,0.6928484412757374,accuracy_on_full,maximize
GEL HIGIENIZ MAO PROTEGE 70  43OG,gel antisseptico para maos,0.6928484412757374,accuracy_on_full,maximize
QA FIAMBRE 320G,proteina em conserva,0.6928484412757374,accuracy_on_full,maximize
AMACIANTE YPE CONC.ENCANTO      FC   1LT,amaciante,0.6928484412757374,accuracy_on_full,maximize
"CHOC KINDER BUENO, 39G WHITE",chocolate,0.6928484412757374,accuracy_on_full,maximize
AM PETTIZ CROC PIMENTA VERM 150G,amaciante,0.6928484412757374,accuracy_on_full,maximize
QUEIJO SABOR MINAS MUSS PROC MF FAT 160G,queijo,0.6928484412757374,accuracy_on_full,maximize
SAB FLOR DE YPE 85G LV6 PG5 ROSA BRANCA/AVL,sabonete,0.6928484412757374,accuracy_on_full,maximize
BISC PET CRACKER FORTAL 400G,biscoito,0.6928484412757374,accuracy_on_full,maximize
OVOS GDE BC MANTIQ ISOP 1DZ,ovo,0.6928484412757374,accuracy_on_full,maximize
MUSSARELA LACFREE FAT 150G,queijo,0.6928484412757374,accuracy_on_full,maximize
FLOR NAT LIRIO VARIADO UN,plantas e sementes,0.6928484412757374,accuracy_on_full,maximize
SALSICHA H DOG CONG SEARA,salsicha,0.6928484412757374,accuracy_on_full,maximize
AMEIXA NACIONAL 600G  600G,ameixa,0.6928484412757374,accuracy_on_full,maximize
SNACK CROCANTISS 40G PEITO PER/REQ,aperitivo,0.6928484412757374,accuracy_on_full,maximize
KIT SEDA SH CO 325ML PR ESP LISO PERF,kit para cabelos,0.6928484412757374,accuracy_on_full,maximize
JAQUETA MOLETOM COM BOLSOS E CAPUZ,jaqueta,0.6928484412757374,accuracy_on_full,maximize
SORV BROWNIE BEN JERRYS 458ML,sorvete,0.6928484412757374,accuracy_on_full,maximize
BISC NESFIT INTEG BAN/AVEIA/CANELA 160G,biscoito,0.6928484412757374,accuracy_on_full,maximize
VELA VOTIVA PREMIUM BC CHAMA OURO 250G,vela,0.6928484412757374,accuracy_on_full,maximize
BISC CROSTINI TOM SALSA CLUB SOCIAL 80G,biscoito,0.6928484412757374,accuracy_on_full,maximize
NS REMOVEDOR ESMALTE NOUS 90ML,removedor de esmalte,0.6928484412757374,accuracy_on_full,maximize
QJ MINAS FRES LIGHT LA DEMINAS 250G,queijo,0.6928484412757374,accuracy_on_full,maximize
EXTRATO ELEFANTE POUCH 190G,extrato de tomate,0.6928484412757374,accuracy_on_full,maximize
SAB JOHNSONS BABY 80G  GLICERINADO,sabonete infantil,0.6928484412757374,accuracy_on_full,maximize
PRENDEDOR ROUPA PLAST COLOR GINA C12,prendedor de roupa,0.6928484412757374,accuracy_on_full,maximize
SALG PINGO D OURO PICANHA        PCT 95G,aperitivo,0.6928484412757374,accuracy_on_full,maximize
PR PATO P AD LAVANDA ROXO 3UN,desinfetante,0.6928484412757374,accuracy_on_full,maximize
PREBICTAL 100MG C 28 CAPS PSICO ZODIAC,outro farma,0.6928484412757374,accuracy_on_full,maximize
TOMATE SECO TING POUCH 100G,vegetal em conserva,0.6928484412757374,accuracy_on_full,maximize
CERV HEINEKEN GF 600ML,cerveja,0.6928484412757374,accuracy_on_full,maximize
CREME SEDA PENT. BOOM DEFINICAO FC 295ML,creme para pentear,0.6928484412757374,accuracy_on_full,maximize
DES AER OLD SPICE A-TRANSP 93G- LENHA,desodorante,0.6928484412757374,accuracy_on_full,maximize
CONJ CHAVES DE FENDA CRF 5PCS DY06362,_RARE_,0.6928484412757374,accuracy_on_full,maximize
ENERGETICO REIGN MANGO MATIC LT 473ML,energetico,0.6928484412757374,accuracy_on_full,maximize
LISADOR DIP 1G C/08 COMPR.HYPERMARCAS,outro farma,0.6928484412757374,accuracy_on_full,maximize
GOMA MASC FREEGELLS GUM 8G MENTA,goma de mascar,0.6928484412757374,accuracy_on_full,maximize
PEPINO JAPONES KG,pepino,0.6928484412757374,accuracy_on_full,maximize
CD ORAL-B 3D WHITE 70G BRILLIANT FRESH,creme dental,0.6928484412757374,accuracy_on_full,maximize
BL CHOC BETAKIDS  200ML,bebida lactea,0.6928484412757374,accuracy_on_full,maximize
ALIM CAO KELDOG 100G-SACHE AO MOLHO CAR/ERV/CEN,alimento pet,0.6928484412757374,accuracy_on_full,maximize
BOLINHO ANIMADOS ZOO 40G CHOC,padaria e confeitaria industrializado,0.6928484412757374,accuracy_on_full,maximize
SACO LIXO BAGLIXO ROLO 15L C/100,saco de lixo,0.6928484412757374,accuracy_on_full,maximize
CHA LEAO HORTELA C/10 10G,cha por infusao,0.6928484412757374,accuracy_on_full,maximize
CALDO TAB MAGGI CARNE 152G,caldo industrializado,0.6928484412757374,accuracy_on_full,maximize
MARMITEX 390G STROGONOFF CARNE RESF,prato pronto,0.6928484412757374,accuracy_on_full,maximize
RAYSLOF ICE LIMAO VD 275ML,bebida mista,0.6928484412757374,accuracy_on_full,maximize
STEAK PEIXE EMP 100G,empanado congelado,0.6928484412757374,accuracy_on_full,maximize
FIGADO FRANGO AVE NOVA CONG PC 800g,carne de ave,0.6928484412757374,accuracy_on_full,maximize
FAROFA PRONTA CALDO BOM MIX MIL MAN 400G,farofa pronta,0.6928484412757374,accuracy_on_full,maximize
BATATA FRITA LAYS 45G-PC CLASSICA,aperitivo,0.6928484412757374,accuracy_on_full,maximize
MASC TRAT PANTENE 600ML RESTAURACAO,creme de tratamento,0.6928484412757374,accuracy_on_full,maximize
PAPEL HIG NEVE TOQUE SEDA FD NEU 30M C/4,papel higienico,0.6928484412757374,accuracy_on_full,maximize
SHAMPOO MONANGE LISOS TE QUERO .FC 325ML,shampoo,0.6928484412757374,accuracy_on_full,maximize
PANET TRUF BRIGADEIRO 700G,panificacao natal,0.6928484412757374,accuracy_on_full,maximize
CO ELSEVE 400ML-FR REP TOTAL 5,condicionador,0.6928484412757374,accuracy_on_full,maximize
PAPEL HIG MILI PRIME FT 20M C/18,papel higienico,0.6928484412757374,accuracy_on_full,maximize
LEVISSIMO SEARA FAT KG,presunto,0.6928484412757374,accuracy_on_full,maximize
COLORIFICO SAO BRAZ  500G,outro condimento,0.6928484412757374,accuracy_on_full,maximize
IOG BATAVO INTEG ABAC/COCO PED DUO 500G,iogurte,0.6928484412757374,accuracy_on_full,maximize
MUCILON NESTLE MULTI.60  DES.3UNCX  690G,cereal infantil ou farinha lactea,0.6928484412757374,accuracy_on_full,maximize
BISC RECH BONO FININHO LIMAO 57G,biscoito,0.6928484412757374,accuracy_on_full,maximize
DESOD AER OLD SPICE ADVENTURE 93g,desodorante,0.6928484412757374,accuracy_on_full,maximize
FEIJAO RESF KG,prato pronto,0.6928484412757374,accuracy_on_full,maximize
HAMB MISTO TEXAS  BURGER 672G,hamburguer congelado,0.6928484412757374,accuracy_on_full,maximize
MANTEIGA PIA C/SAL 200 G,manteiga,0.6928484412757374,accuracy_on_full,maximize
ABS ALWAYS SUPER PROT SECA C/A 32,absorvente,0.6928484412757374,accuracy_on_full,maximize
AGUA MIN SANTA RITA S/GAS PET 1.5L,agua,0.6928484412757374,accuracy_on_full,maximize
DROPS HALLS MINI 15G EXTRA FORTE,bala,0.6928484412757374,accuracy_on_full,maximize
LEITE UHT SEMI DESN SHEFA 1L,leite,0.6928484412757374,accuracy_on_full,maximize
ALIM GATOS WHISKAS JR CARNE JELLY SC 85G,alimento pet,0.6928484412757374,accuracy_on_full,maximize
AZEITE EXT VIRG ANDORINHA 500ML,azeite de oliva,0.6928484412757374,accuracy_on_full,maximize
CREME DENT COLGATE MPA NEUTRAC L3P2 70G,creme dental,0.6928484412757374,accuracy_on_full,maximize
CHAPA ALUMINIO KG,insumo,0.6928484412757374,accuracy_on_full,maximize
DES CR HERBISSIMO 55G-PT TRAD,desinfetante,0.6928484412757374,accuracy_on_full,maximize
RENOV.ADV.TITULAR,insumo,0.6928484412757374,accuracy_on_full,maximize
SARD PESCADOR 125G OLEO P.SUCO,proteina em conserva,0.6928484412757374,accuracy_on_full,maximize
STELE CREME GINECOLOGICO C/50GR BIOLAB,outro farma,0.6928484412757374,accuracy_on_full,maximize
CERVEJA WALS 600ML LAGOINHA,cerveja,0.6928484412757374,accuracy_on_full,maximize
BEB SOJA ADES ABACAXI 200ml,bebida de soja,0.6928484412757374,accuracy_on_full,maximize
LEITE UHT DESNATADO JUSSARA EDGE,leite,0.6928484412757374,accuracy_on_full,maximize
"SUCO MITTO MARACUJA 1,5L",suco pronto,0.6928484412757374,accuracy_on_full,maximize
SALG TORCIDA CHURRASCO 38G,aperitivo,0.6928484412757374,accuracy_on_full,maximize
ADOCANTE ZERO CAL SACARINA 100ml,adocante,0.6928484412757374,accuracy_on_full,maximize
ACHOCOL TODDY 800G,achocolatado,0.6928484412757374,accuracy_on_full,maximize
FARINHA LACTEA NESTLE SACHE L210P180g,formula lactea,0.6928484412757374,accuracy_on_full,maximize
MINI BAGUETE FRANCESA 125g,padaria e confeitaria fresca,0.6928484412757374,accuracy_on_full,maximize
PRESERV PRUDENCE 3UN LUBRIF,preservativo,0.6928484412757374,accuracy_on_full,maximize
MISTURA CHINESA CONG DAUCY 300G,vegetal congelado,0.6928484412757374,accuracy_on_full,maximize
PES FRANGO ATEND NC RESF KG,carne de ave,0.6928484412757374,accuracy_on_full,maximize
KIT REFRI COCA COLA   GUARANA KUAT 2L,refrigerante,0.6928484412757374,accuracy_on_full,maximize
"PANET BAUDUCCO 80G, FRUTAS",panificacao natal,0.6928484412757374,accuracy_on_full,maximize
FAROFA MAND NATIVA 350G CHURRASCO,farofa pronta,0.6928484412757374,accuracy_on_full,maximize
SAB LIQ DOVE HIDRAT GLICERINA 400ml,sabonete liquido,0.6928484412757374,accuracy_on_full,maximize
CARNE FGO ASS.SADIA PURE BATATA CX 350GR,outro congelado,0.6928484412757374,accuracy_on_full,maximize
"LTE FERM ELEGE DESNAT 3x160G, UVA, .",leite fermentado,0.6928484412757374,accuracy_on_full,maximize
SAL FANT FACIL H 150G,vegetal higienizado e processado,0.6928484412757374,accuracy_on_full,maximize
CHOC LACTA DIAM NEGRO 165G,chocolate,0.6928484412757374,accuracy_on_full,maximize
COCO RAL ADELCOCO QUEIMADO 100g,derivados do coco seco,0.6928484412757374,accuracy_on_full,maximize
"BOLINHO SUAVIPAN 40G Z/AC, CHOC/BAUN",padaria e confeitaria industrializado,0.6928484412757374,accuracy_on_full,maximize
SAMBIQUEIRA BIG FRANGO CONG PCT 1KG,carne de ave,0.6928484412757374,accuracy_on_full,maximize
SNICKERS 18X21.5 GR,chocolate,0.6928484412757374,accuracy_on_full,maximize
PACOCA ROLHA GUIMARAES          PT  520G,pacoca,0.6928484412757374,accuracy_on_full,maximize
VINHO PUENTE SUR MALBEC,vinho importado,0.6928484412757374,accuracy_on_full,maximize
"SH PALMOLIVE NAT 650ML, LIMP BALANC, .",shampoo,0.6928484412757374,accuracy_on_full,maximize
BISC MARIA MARILAN 400G,biscoito,0.6928484412757374,accuracy_on_full,maximize
ALIM CAO PEDIGREE RACAS PEQ PCT 1KG,alimento pet,0.6928484412757374,accuracy_on_full,maximize
FETTUCINE MEU MENU PERDIGAO 350G BOLONH,outro congelado,0.6928484412757374,accuracy_on_full,maximize
BISC PAPAGUARA ROSQUINHA LEITE 300G,biscoito,0.6928484412757374,accuracy_on_full,maximize
ALHO PICADO TAPAJOS S/SAL 200g,alho processado,0.6928484412757374,accuracy_on_full,maximize
SPRAY EICO LIFE LISO MAGICO 120ML,modelador para cabelo,0.6928484412757374,accuracy_on_full,maximize
LENTILHA YOKI 500G,lentilha,0.6928484412757374,accuracy_on_full,maximize
STIKADINHO GO 40G,chocolate,0.6928484412757374,accuracy_on_full,maximize
QJ M FRS S CLAR KG  KG,queijo,0.6928484412757374,accuracy_on_full,maximize
BISC WAFER TODDY CHOCOLATE 94G,biscoito,0.6928484412757374,accuracy_on_full,maximize
TAB CHOC CRUNCH 90G,chocolate,0.6928484412757374,accuracy_on_full,maximize
CERVEJA BADEN BADEN GOLDEN 600ML,cerveja,0.6928484412757374,accuracy_on_full,maximize
CERV PURO MALTE SKOL HOPS LT 269ML,cerveja,0.6928484412757374,accuracy_on_full,maximize
FAR MAND CODIL 1 KG TORRADA,farinha de mandioca,0.6928484412757374,accuracy_on_full,maximize
TOALHA ROSTO KARSTEN AGATA CNZ INV20,toalha,0.6928484412757374,accuracy_on_full,maximize
PANO COPA LUFAMAR TRAD.PAP.8260 AV   1UN,pano de prato,0.6928484412757374,accuracy_on_full,maximize
SABAO URCA COCO 180g C/5,sabonete,0.6928484412757374,accuracy_on_full,maximize
MASSA NHOQUE C/OVOS ADRIA 500g,macarrao,0.6928484412757374,accuracy_on_full,maximize
REGALIZ GELAT TIJOLO  85G,bala,0.6928484412757374,accuracy_on_full,maximize
MUCARELA ITAMBE 1KG- FAT EMB ECON,queijo,0.6928484412757374,accuracy_on_full,maximize
WAFEL STROOPWFWL MOINHO WAFERS 230G,padaria e confeitaria industrializado,0.6928484412757374,accuracy_on_full,maximize
CERVEJA BRAHMA DUPLO MALTE 15X310ML -PACK,cerveja,0.6928484412757374,accuracy_on_full,maximize
PANCETA SUINA RESF,carne suina,0.6928484412757374,accuracy_on_full,maximize
COGUMELO CHAMPIGNON AICA SACHE 100G,cogumelo,0.6928484412757374,accuracy_on_full,maximize
MASSA ITAL LIGUORI 500G FARFALLE 30,macarrao,0.6928484412757374,accuracy_on_full,maximize
LEITE UHT ELEGE INTEGRAL PET 1L,leite,0.6928484412757374,accuracy_on_full,maximize
SORVETE NOBRELLI CREME 1.3L,sorvete,0.6928484412757374,accuracy_on_full,maximize
GELAT PO ZERO ROYAL 12G-EV FRAMB,gelatina,0.6928484412757374,accuracy_on_full,maximize
REFRESCO PO TEEN MAIS 15G LARANJA,preparo para suco,0.6928484412757374,accuracy_on_full,maximize
SAPOLIO CREM RADIUM CLORO 250ML,saponaceo,0.6928484412757374,accuracy_on_full,maximize
MOLHO INGLES MINHOTO 150ML 150ML,molho ingles,0.6928484412757374,accuracy_on_full,maximize
NECTAR PESSEGO TIAL 1L,suco pronto,0.6928484412757374,accuracy_on_full,maximize
POLPA ALHO ALINUTRI 200G,polpa de fruta congelada,0.6928484412757374,accuracy_on_full,maximize
"GOMA MASCAR BUBBALOO 82,5 AZED PAT MOR",goma de mascar,0.6928484412757374,accuracy_on_full,maximize
PAO PERDIGAO ALHO NABRASA 330G,padaria e confeitaria industrializado,0.6928484412757374,accuracy_on_full,maximize
FILE POLACA BUONA PESCA 500G,peixe,0.6928484412757374,accuracy_on_full,maximize
FOLHADO FORNO MINAS QJ/PRES 240G,petisco e salgadinho congelado,0.6928484412757374,accuracy_on_full,maximize
"PROT CAREFREE 40UN, PROT S/PERF, .",absorvente,0.6928484412757374,accuracy_on_full,maximize
CAFE CAPSULA RANCHEIRO SUPREMO 46G 8UN,cafe,0.6928484412757374,accuracy_on_full,maximize
LINGUICA DE FRANGO RESF NATTO KG,linguica,0.6928484412757374,accuracy_on_full,maximize
SNACK CHEEZ IT PC 65G PARMESAO,aperitivo,0.6928484412757374,accuracy_on_full,maximize
MASSA TAPIOCA ZUPPA 1KG,tapioca,0.6928484412757374,accuracy_on_full,maximize
CERVEJA BADEN BADEN PILSEN CRISTAL 600ml,cerveja,0.6928484412757374,accuracy_on_full,maximize
SCHWEPPES CITRUS LTA 310ML,refrigerante,0.6928484412757374,accuracy_on_full,maximize
IOG BATAVO GF LIQ MOR 170g,iogurte,0.6928484412757374,accuracy_on_full,maximize
BEB LAC ELEGE GF LIQ SAL FRUTAS 170g,bebida lactea,0.6928484412757374,accuracy_on_full,maximize
BOLO ABACAXI PULLMAN 250G,padaria e confeitaria industrializado,0.6928484412757374,accuracy_on_full,maximize
AZEITE OLIVA LA ESPANOLA EX VI750ML,azeite de oliva,0.6928484412757374,accuracy_on_full,maximize
ARROZ ALBARUSKA 2KG PILAO,arroz,0.6928484412757374,accuracy_on_full,maximize
BEB LACTEA NESCAU PRONT S/LAC TP   200ML,bebida lactea,0.6928484412757374,accuracy_on_full,maximize
CHANTINEVE 50G,outro laticinio refrigeirado,0.6928484412757374,accuracy_on_full,maximize
MASSA 500G ITA CAPELLI D ANGELO,outro papelaria,0.6928484412757374,accuracy_on_full,maximize
G VALSART ANLOD 160 5MG C28CP SANDOZ,outro farma,0.6928484412757374,accuracy_on_full,maximize
SABT PALMOLIVE SENS LUMINOSA ARGAN D14R 85g,sabonete,0.6928484412757374,accuracy_on_full,maximize
CARNE SUINA PE RESF KG,carne suina,0.6928484412757374,accuracy_on_full,maximize
PAO ALHO ZINHO 300G  TRADICIONAL,padaria e confeitaria industrializado,0.6928484412757374,accuracy_on_full,maximize
AMEIXA IMPORTADA KG,ameixa,0.6928484412757374,accuracy_on_full,maximize
"RACAO DOG CHOW 10,1KG ADULTO PEQ",alimento pet,0.6928484412757374,accuracy_on_full,maximize
CAFE SOLUV IGUACU LT 200g,cafe,0.6928484412757374,accuracy_on_full,maximize
SALGADINHO FANDANGOS 45G PRESUNTO,aperitivo,0.6928484412757374,accuracy_on_full,maximize
IOG LIQ NESFIT AMEIXA 850G,iogurte,0.6928484412757374,accuracy_on_full,maximize
"REFRESCO MID 20G, MORANGO",preparo para suco,0.6928484412757374,accuracy_on_full,maximize
CHA FRIIZI MATE FRUTAS VERM 3X1L,cha por infusao,0.6928484412757374,accuracy_on_full,maximize
ESPETINHO BOV CONG TC 600G,carne bovina,0.6928484412757374,accuracy_on_full,maximize
DESUMIDIFICADOR SECAR LAVANDA  PT  180GR,desumidificador,0.6928484412757374,accuracy_on_full,maximize
LEITE UHT ZYMIL ZERO LAC S DESN 1L,leite,0.6928484412757374,accuracy_on_full,maximize
PANO M USO PERFEX AZUL C5,pano para limpeza,0.6928484412757374,accuracy_on_full,maximize
ACAI PRONTO JUCAI GUARANA 2L,acai,0.6928484412757374,accuracy_on_full,maximize
BISC COOKIES MAX BAUDUCCO 96G,biscoito,0.6928484412757374,accuracy_on_full,maximize
"BISC BAUDUCCO RECH, CHOC 104G, .",biscoito,0.6928484412757374,accuracy_on_full,maximize
SUCO MARACUJA KAPO DEL VALLE 200ML,suco pronto,0.6928484412757374,accuracy_on_full,maximize
MELANCIA AMARELA KG,melancia,0.6928484412757374,accuracy_on_full,maximize
SALSA DESID KITANO 8G,outro condimento,0.6928484412757374,accuracy_on_full,maximize
REF PET 2L FOURPACK COCA FANTA LARANJA,refrigerante,0.6928484412757374,accuracy_on_full,maximize
"SALGADINHO SANDITOS 55g, PIMENTA",aperitivo,0.6928484412757374,accuracy_on_full,maximize
FRALDA HUGGIES TP MEGA C/32 XXG,fralda,0.6928484412757374,accuracy_on_full,maximize
EMPANADA FRANGO C REQUEIJAO 120G,padaria e confeitaria fresca,0.6928484412757374,accuracy_on_full,maximize
CEREAL MAT NEST NESCAU 170G EXTRA CACAU,cereal matinal,0.6928484412757374,accuracy_on_full,maximize
FLOR KALANCHOE DOBRADO P6,plantas e sementes,0.6928484412757374,accuracy_on_full,maximize
AGUA MIN HLEVE C/GAS 500ML,agua,0.6928484412757374,accuracy_on_full,maximize
ERVILH DAUCY FIN 300G,vegetal congelado,0.6928484412757374,accuracy_on_full,maximize
SABAO ECONOMICO AZUL 1KG,sabao em pedra,0.6928484412757374,accuracy_on_full,maximize
VARIVAX 300MG C/30 CP NATULAB,outro farma,0.6928484412757374,accuracy_on_full,maximize
"BATATA CONG MC-CAIN 1,7KG GTS 200G TRAD",batata congelada,0.6928484412757374,accuracy_on_full,maximize
MAC FARFALLE BARILLA 500g,macarrao,0.6928484412757374,accuracy_on_full,maximize
CALDO ARISCO 114G GALINHA,caldo industrializado,0.6928484412757374,accuracy_on_full,maximize
MAIONESE HELLMANNS 250g,maionese,0.6928484412757374,accuracy_on_full,maximize
MORTAD PERDIGAO BOLOG KG PECA,mortadela,0.6928484412757374,accuracy_on_full,maximize
"SAB DOVE 90G, FL PEONIA, .",sabonete,0.6928484412757374,accuracy_on_full,maximize
COXA FGO SADIA CONG.ZIP IQF.1KG,carne de ave,0.6928484412757374,accuracy_on_full,maximize
BATATA BEM BRASIL MAIS BATATA 2KG,batata congelada,0.6928484412757374,accuracy_on_full,maximize
OVO CHOC GAROTO TALENTO CASTANHA PARA 350g,ovo de pascoa,0.6928484412757374,accuracy_on_full,maximize
IOG BATAVO 500G-CP PED FRUTA MORANGO,iogurte,0.6928484412757374,accuracy_on_full,maximize
QJO LE BELLE MINAS PJ KG,queijo,0.6928484412757374,accuracy_on_full,maximize
"SAB LIQ PALMOL NAT 200ML, OL SURP, .",sabonete,0.6928484412757374,accuracy_on_full,maximize
SACHE DOG CHOW ADL RP CARN AO MOLHO 100G,alimento pet,0.6928484412757374,accuracy_on_full,maximize
BALA GELAT HARIBO WUMMIS 100G,bala,0.6928484412757374,accuracy_on_full,maximize
BOMBOM FERRERO ROCHER TP12 150G,bombom,0.6928484412757374,accuracy_on_full,maximize
ARVORE DE NATAL 210CM,artigo de natal,0.6928484412757374,accuracy_on_full,maximize
ESC DENT CONDOR MEDIC MACIA,escova de dentes,0.6928484412757374,accuracy_on_full,maximize
BOLINHA QUEIJO D.BRUNO          PE 300GR,petisco e salgadinho congelado,0.6928484412757374,accuracy_on_full,maximize
"CALDO MAGGI CX 57G, LEGUMES, .",caldo industrializado,0.6928484412757374,accuracy_on_full,maximize
SUCULENTAS PT11  PT11,plantas e sementes,0.6928484412757374,accuracy_on_full,maximize
PUDIM BRETZKE CX 50G CHOCOLATE,preparo para pudim,0.6928484412757374,accuracy_on_full,maximize
OREGANO KITANO 3G,oregano,0.6928484412757374,accuracy_on_full,maximize
BISC INT BANAN CANE  120G,biscoito,0.6928484412757374,accuracy_on_full,maximize
CLASSIC CHOCO LEITE 550GR,chocolate,0.6928484412757374,accuracy_on_full,maximize
PP AGUA DE COCO QUADRADO TP 200ML,agua de coco,0.6928484412757374,accuracy_on_full,maximize
"LIMP CASA E PERFUME 500ML, SENSUAL",multiuso,0.6928484412757374,accuracy_on_full,maximize
PROT DIARIO INTIMUS ANTIBAC 80UN LVMPGM,absorvente,0.6928484412757374,accuracy_on_full,maximize
PROTET DIARIO INTIMUS CUID DIA C/40 L P-,absorvente,0.6928484412757374,accuracy_on_full,maximize
MOCA DOCINHO CHOC 380g,recheio pronto,0.6928484412757374,accuracy_on_full,maximize
CAF VP TR ALVORADA 500G,cafe,0.6928484412757374,accuracy_on_full,maximize
APARELHO BIC CONFORT 3BLACK NIG C/2,aparelho de barbear e depilatorio,0.6928484412757374,accuracy_on_full,maximize
OVO JOVANIL C/12 GD BCO POLPA,ovo,0.6928484412757374,accuracy_on_full,maximize
DESINF HIPER PLUS LAVANDA 2L,desinfetante,0.6928484412757374,accuracy_on_full,maximize
IOG LIQ ITAMBE MARACUJA 170g,iogurte,0.6928484412757374,accuracy_on_full,maximize
FITA ADERE TAPEFIX BCO P/EMPAC 12X10m,fita adesiva,0.6928484412757374,accuracy_on_full,maximize
PR RAID MULTI B AGUA 420ML,inseticida,0.6928484412757374,accuracy_on_full,maximize
PRESUNTO SERRANO HACIENDAS 100G EXTRA F,presunto,0.6928484412757374,accuracy_on_full,maximize
PIZZA AURORA MUSSARELA 440G,pizza congelada,0.6928484412757374,accuracy_on_full,maximize
TOMATE ITALIANO KG,tomate,0.6928484412757374,accuracy_on_full,maximize
BOLO DE MILHO  CREMOSO 400G,padaria e confeitaria industrializado,0.6928484412757374,accuracy_on_full,maximize
ABS PROT DIARIO MILI C15,absorvente,0.6928484412757374,accuracy_on_full,maximize
G CL DE NEBIVOLOL 5MG C 30 COMP BIOLAB,outro farma,0.6928484412757374,accuracy_on_full,maximize
SAB NIPS ALL DAY 85G  FRUTAS VERMELHAS,sabonete,0.6928484412757374,accuracy_on_full,maximize
ESPONJA SCOTCH BRITE N RISC LJA L3P2 UN,esponja,0.6928484412757374,accuracy_on_full,maximize
CERV ECOBIER CHOPP LT SLEEK 350ML,cerveja,0.6928484412757374,accuracy_on_full,maximize
DETERG AUTOSHINE LIMPA VIDROS 100ML,limpa vidros,0.6928484412757374,accuracy_on_full,maximize
KETCHUP HEINZ PT 1033KG,ketchup,0.6928484412757374,accuracy_on_full,maximize
PANO ESPONJA VEG ESFREBOM,pano para limpeza,0.6928484412757374,accuracy_on_full,maximize
COADOR CAFE ALGODAO CAIPIRA,coador,0.6928484412757374,accuracy_on_full,maximize
PICOLE NATURALLE ICE UP 56G CAST/COCO,picole,0.6928484412757374,accuracy_on_full,maximize
SAB LIQ MAOS LUX FL CEREJ BOTAN RF 440ML,sabonete,0.6928484412757374,accuracy_on_full,maximize
RAID ELETRIC LIQUIDO REFIL 4X32.9ML,repelente,0.6928484412757374,accuracy_on_full,maximize
MUCILON NESTLE ARROZ 180G,cereal infantil ou farinha lactea,0.6928484412757374,accuracy_on_full,maximize
AMAC ROUPA DOWNY CONC AGUA COCO FR 900ML,amaciante,0.6928484412757374,accuracy_on_full,maximize
MIST BOLO MILHO S.BRAZ 400G,preparo para bolo,0.6928484412757374,accuracy_on_full,maximize
SORV MARACUJA 1.8L DOUBLE SHOK MM,sorvete,0.6928484412757374,accuracy_on_full,maximize
"CAPSULA DOLCE GUSTO C/10, 9G CAFFE MATIN",cafe,0.6928484412757374,accuracy_on_full,maximize
DUOMO HP 2MG 5MG 60CAP GEL EUROFARMA,outro farma,0.6928484412757374,accuracy_on_full,maximize
BALANCE DRINK ONEMORE 6X269ML,outra bebida,0.6928484412757374,accuracy_on_full,maximize
SUETER LISTRADO GOLA CARECA,cardigan/sueter,0.6928484412757374,accuracy_on_full,maximize
AP DEPIL PRESTOBARBA ULTRAGRIP 2un,aparelho de barbear e depilatorio,0.6928484412757374,accuracy_on_full,maximize
"BISC ROSQUINHA PETYAN 300g, COCO",biscoito,0.6928484412757374,accuracy_on_full,maximize
BISC POLVILHO SEMPRI DOCE 120G,biscoito,0.6928484412757374,accuracy_on_full,maximize
COCA COLA ORIGINAL 3L,refrigerante,0.6928484412757374,accuracy_on_full,maximize
LIMP M-USO UAU 500ML-FR ELIM ODOR,multiuso,0.6928484412757374,accuracy_on_full,maximize
QJO PARMESAO FAIXA AZUL FRACIONADO 300G,queijo,0.6928484412757374,accuracy_on_full,maximize
COQUETEL 7 ERVAS C21,plantas e sementes,0.6928484412757374,accuracy_on_full,maximize
TAPETE KELDOG PERFUMADO C/30,tapete higienico,0.6928484412757374,accuracy_on_full,maximize
DESTAC USO DIRETO 750ML,produto de limpeza de piso,0.6928484412757374,accuracy_on_full,maximize
BATATA RUFFLES 40G CHURRASCO,aperitivo,0.6928484412757374,accuracy_on_full,maximize
REFRIGERANTE SPRITE ORIGINAL PET 1.5L,refrigerante,0.6928484412757374,accuracy_on_full,maximize
FRALDINHA A VACUO,carne bovina,0.6928484412757374,accuracy_on_full,maximize
"PAPEL PRESENTE SORTIDOS, PERSONAGENS",embalagem de presente,0.6928484412757374,accuracy_on_full,maximize
LING FGO LEVE MAIS FINA C/ERVAS KG,linguica,0.6928484412757374,accuracy_on_full,maximize
CREME DENTAL ORAL B ANTIACUCAR 70g C/3,creme dental,0.6928484412757374,accuracy_on_full,maximize
ACAI MIX C CREME DE AVELA POTE 600G,acai,0.6928484412757374,accuracy_on_full,maximize
VINHO TINTO SUAVE PERGOLA 1.470L,vinho nacional,0.6928484412757374,accuracy_on_full,maximize
SALG DORITOS SWEET CHILL 140G,aperitivo,0.6928484412757374,accuracy_on_full,maximize
CERVEJA ANTARCTICA 350ML LT SUBZERO,cerveja,0.6928484412757374,accuracy_on_full,maximize
CHOC NESTLE ALPINO DARK MILK 61  CACAU 90g,chocolate,0.6928484412757374,accuracy_on_full,maximize
CIG DUNHILL ON 1BX RED,cigarro,0.6928484412757374,accuracy_on_full,maximize
VHO TTO CHI CON Y TORO RSVD CARME 750ML,vinho importado,0.6928484412757374,accuracy_on_full,maximize
EFEXOR XR 75MG C.30 CP PSICO PFIZER,outro farma,0.6928484412757374,accuracy_on_full,maximize
ROSQUINHA RANCHEIRO COCO 700G,biscoito,0.6928484412757374,accuracy_on_full,maximize
POLPA FRU GRAVIO EVA 100G,polpa de fruta congelada,0.6928484412757374,accuracy_on_full,maximize
ABS ALWAYS COB SECA S PROTECAO CA C16,absorvente,0.6928484412757374,accuracy_on_full,maximize
"MUCILON 360G REFIL, ARROZ E AVEIA",cereal infantil ou farinha lactea,0.6928484412757374,accuracy_on_full,maximize
PE MOLEQUE DACOLONIA 240G C/AC MASCAVO,outro doce,0.6928484412757374,accuracy_on_full,maximize
FILTRO PAP MELITTA AROMA MAX 102 30UN-CX,coador,0.6928484412757374,accuracy_on_full,maximize
"LAVA RP PO TIXAN YPE MACIEZ 1,6KG GT 80G",lava roupas,0.6928484412757374,accuracy_on_full,maximize
GIN LEMON TORQUAY 275ML,gin,0.6928484412757374,accuracy_on_full,maximize
BOLO ANA MARIA GOTAS CHOC 70G,padaria e confeitaria industrializado,0.6928484412757374,accuracy_on_full,maximize
MORTADELA PERDIGAO FGO PE KG,mortadela,0.6928484412757374,accuracy_on_full,maximize
"IOG DANONINHO 320G, MULT QJO, .",iogurte,0.6928484412757374,accuracy_on_full,maximize
BOLO A MARIA CHOCOLATE 35G,padaria e confeitaria industrializado,0.6928484412757374,accuracy_on_full,maximize
APAR DESC BIC COMFORT 3 PELE NORMAL L4P3,aparelho de barbear e depilatorio,0.6928484412757374,accuracy_on_full,maximize
"MAC PAGANINI 500G, ESPAG, .",macarrao,0.6928484412757374,accuracy_on_full,maximize
IOGURTE BATAVO GRAVIOLA         GFA 900G,iogurte,0.6928484412757374,accuracy_on_full,maximize
FANTA UVA 200ML,refrigerante,0.6928484412757374,accuracy_on_full,maximize
"CHA DR OETKER 20g, ERVA DOCE",cha por infusao,0.6928484412757374,accuracy_on_full,maximize
BOLO BAUDUCCO CHOCOLATE 280G,padaria e confeitaria industrializado,0.6928484412757374,accuracy_on_full,maximize
OVO CAIPIRA GDE VERMELHO C 10,ovo,0.6928484412757374,accuracy_on_full,maximize
"FLAN OETKER 30g, BAUNILHA",preparo para pudim,0.6928484412757374,accuracy_on_full,maximize
SH DOVE BABY HIDRAT ENRIQUECIDA 200ML,shampoo infantil,0.6928484412757374,accuracy_on_full,maximize
BISC WAFER VISCONTI 120G PC- MOR,biscoito,0.6928484412757374,accuracy_on_full,maximize
DOCE LEITE C COCO MOCA 370G,outro doce,0.6928484412757374,accuracy_on_full,maximize
MAC ITA FUSILLI BARY 500G,macarrao,0.6928484412757374,accuracy_on_full,maximize
"VINHO CHALISE 750ML, BC SVE, .",vinho nacional,0.6928484412757374,accuracy_on_full,maximize
COSTELA SUINA TEMP SEARA KG,carne suina,0.6928484412757374,accuracy_on_full,maximize
CAFUNE TAPETE HIGIENICO M 7UN,forragem pet,0.6928484412757374,accuracy_on_full,maximize
CAFE EXPRESSO  NESCAFE 50 ML,cafe,0.6928484412757374,accuracy_on_full,maximize
ESCONDIDINHO PIF PAF 350G-CX FRANGO,outro congelado,0.6928484412757374,accuracy_on_full,maximize
PROVOLONE CHIPS TRAD DIGUSTO 156GR,petisco e salgadinho congelado,0.6928484412757374,accuracy_on_full,maximize
"DETERG CIF 420ML, CLEAR PODER LIMOES",detergente,0.6928484412757374,accuracy_on_full,maximize
BISC LE GUSTO KERUS CHOCOLATE 80G,biscoito,0.6928484412757374,accuracy_on_full,maximize
BISC WAFER KROKERO 115G MORANGO,biscoito,0.6928484412757374,accuracy_on_full,maximize
SAB. PHEBO ODOR ROSAS   2305/28 PE  90GR,sabonete,0.6928484412757374,accuracy_on_full,maximize
TIRA MANCHAS BRILANTE FR 2L GTS500M S/CLORO FRESH,alvejante,0.6928484412757374,accuracy_on_full,maximize
FRALDA POM POM DERMA PROTEK MEGA G C/42,fralda,0.6928484412757374,accuracy_on_full,maximize
ABS INT INTIMUS MINI C/8,absorvente,0.6928484412757374,accuracy_on_full,maximize
COXA ASA FGO NAT VERDE CONG IQF PCT 1kg,carne de ave,0.6928484412757374,accuracy_on_full,maximize
FLR MN BENA OQ PHA P09,plantas e sementes,0.6928484412757374,accuracy_on_full,maximize
SABONETE LIQ REF YEVA 250ML  ERVA DOCE,sabonete,0.6928484412757374,accuracy_on_full,maximize
MANDIOCA SERT 700G SP 700G,mandioca,0.6928484412757374,accuracy_on_full,maximize
CREME DENT COLGATE TRIP ACAO 180G PR ESP,creme dental,0.6928484412757374,accuracy_on_full,maximize
TIRA MANCHA PO VANISH PINK 400G,alvejante,0.6928484412757374,accuracy_on_full,maximize
LAVA ROUPA PO SURF 800G  LAVANDA,lava roupas,0.6928484412757374,accuracy_on_full,maximize
CRM DENT ORAL B 4 EM 1 70G,creme dental,0.6928484412757374,accuracy_on_full,maximize
MORANGO CERESER S/ALC GFA 660ML,morango,0.6928484412757374,accuracy_on_full,maximize
"SABONETE PROTEX 85g L8P6, CARV DETOX",sabonete,0.6928484412757374,accuracy_on_full,maximize
ROSCA C/CM,padaria e confeitaria fresca,0.6928484412757374,accuracy_on_full,maximize
CHOCOLATE LINDT CLASSIC LEITE 100G,chocolate,0.6928484412757374,accuracy_on_full,maximize
FIO DENTAL JOHNSONS ESSENC 100M,fio dental,0.6928484412757374,accuracy_on_full,maximize
SALG YOKITOS 45G LUA QUEIJO,aperitivo,0.6928484412757374,accuracy_on_full,maximize
PAO LEITE PANUTRI 450G,padaria e confeitaria industrializado,0.6928484412757374,accuracy_on_full,maximize
CS001 CALCA OPP50 SORT SORT,calca,0.6928484412757374,accuracy_on_full,maximize
ERVILHA FINA CONGELADA DAUCY 300G,vegetal congelado,0.6928484412757374,accuracy_on_full,maximize
"CAPSULA 3CORAC C/10, 11G CHOCOLATTO",cafe,0.6928484412757374,accuracy_on_full,maximize
ARROZ AMBONI PARBOILIZADO       PE   1KG,arroz,0.6928484412757374,accuracy_on_full,maximize
BISC RECH VIT TRELOSO PC 120 MORANGO,biscoito,0.6928484412757374,accuracy_on_full,maximize
BATATA FRITA PRATIC LEVE RUST.LISA 250g,petisco e salgadinho congelado,0.6928484412757374,accuracy_on_full,maximize
ORQUIDEA PHALEO PT12 POTE 12,plantas e sementes,0.6928484412757374,accuracy_on_full,maximize
BATATA CONG BEM BRADIL CARINHAS 400G,vegetal congelado,0.6928484412757374,accuracy_on_full,maximize
SUCO DEL VALLE UVA TINTO        GFA 1.5L,suco pronto,0.6928484412757374,accuracy_on_full,maximize
BALA GEL CREAM KISS HARIBO 100G,bala,0.6928484412757374,accuracy_on_full,maximize
CALDO DE LEGUMES NAT  30G,caldo industrializado,0.6928484412757374,accuracy_on_full,maximize
OVO SATOSHI C/20 BCO EXTRA PVC,ovo,0.6928484412757374,accuracy_on_full,maximize
LEITE LV PARMALAT S/DESN PET 1L,leite,0.6928484412757374,accuracy_on_full,maximize
PRESERV SENSITIVE JONTEX C6,preservativo,0.6928484412757374,accuracy_on_full,maximize
PALMITO ACAI IMPERADOR INT 300G,palmito,0.6928484412757374,accuracy_on_full,maximize
ALIM CAES KELDOG FGO/ERVIL/CENOURA 100g,alimento pet,0.6928484412757374,accuracy_on_full,maximize
GRANOLA KOBBER TRAD 800g,granola,0.6928484412757374,accuracy_on_full,maximize
"POPCORN YOKI MICRO 90g, NATURAL",pipoca para microondas,0.6928484412757374,accuracy_on_full,maximize
CALDO TAB KNORR GALINHA ZERO SAL 96G,caldo industrializado,0.6928484412757374,accuracy_on_full,maximize
CONTRA FILE BESTBEEF PC KG,carne bovina,0.6928484412757374,accuracy_on_full,maximize
LARANJA PERA ASTRO 3KG,laranja,0.6928484412757374,accuracy_on_full,maximize
BATATA PALHA YOKI 70G TRAD,vegetal em palha,0.6928484412757374,accuracy_on_full,maximize
GT RL CRIST CORES 1L MISTAS 1L,garrafa termica,0.6928484412757374,accuracy_on_full,maximize
GELATINA OETKER ABACAXI         CX   20G,gelatina,0.6928484412757374,accuracy_on_full,maximize
ADES UVA . 200ML,suco pronto,0.6928484412757374,accuracy_on_full,maximize
DONUT DOCE DE LEITE PACOTE C 4 UND,padaria e confeitaria fresca,0.6928484412757374,accuracy_on_full,maximize
TORRADA ADRIA MULTIGRAOS 142G,torrada,0.6928484412757374,accuracy_on_full,maximize
SALAME PEPPERONI SADIA FATIADO     100G,salame,0.6928484412757374,accuracy_on_full,maximize
LANCHE JCW FATIADO              PE   2KG,prato pronto,0.6928484412757374,accuracy_on_full,maximize
LAVA ROUP LIQ ARIEL CONC EXPERT SC 900ML,lava roupas,0.6928484412757374,accuracy_on_full,maximize
CD SORRISO C/CALCIO 90G SUP REFRESC,creme dental,0.6928484412757374,accuracy_on_full,maximize
VAGEM MACARRAO 350G,vagem,0.6928484412757374,accuracy_on_full,maximize
MILHO VERDE/ERVILHA PREDILECTA SACH 170G,milho verde em conserva,0.6928484412757374,accuracy_on_full,maximize
CIGARRO ROTHMANS SILVER MACO C/1,cigarro,0.6928484412757374,accuracy_on_full,maximize
PIPOCA YOKI 500G PREMIUM,pipoca pronta,0.6928484412757374,accuracy_on_full,maximize
ASTRO 500MG C/03 COMPRIMIDOS EUROFARMA,outro farma,0.6928484412757374,accuracy_on_full,maximize
BATATA PALHA CARREFOUR TRAD 140g,vegetal em palha,0.6928484412757374,accuracy_on_full,maximize
REF SPRITE ORIGINAL 6X220ML,refrigerante,0.6928484412757374,accuracy_on_full,maximize
PEPINO JAPONES KG,pepino,0.6928484412757374,accuracy_on_full,maximize
TQ SUCO INTEGRAL LARANJA 1L,suco pronto,0.6928484412757374,accuracy_on_full,maximize
CARNE BOV BISTECA KG,carne bovina,0.6928484412757374,accuracy_on_full,maximize
"REFRIG ESPORTIVO 250ML PET, ABACAXI",refrigerante,0.6928484412757374,accuracy_on_full,maximize
GIN TONICA SCHWEPPES PREMIUM    LT 310ML,bebida mista,0.6928484412757374,accuracy_on_full,maximize
QA FILE SUINO RESF TEMP QUALITA KG,carne suina,0.6928484412757374,accuracy_on_full,maximize
LAVA ROUPA BARBAREX 3L,lava roupas,0.6928484412757374,accuracy_on_full,maximize
OMO BABY AMAREL 450ML,lava roupas,0.6928484412757374,accuracy_on_full,maximize
XAROPE ACAICAMP C/GUARANA 1l,xarope,0.6928484412757374,accuracy_on_full,maximize
TABUA AO LEITE LACT NAC 90G,chocolate,0.6928484412757374,accuracy_on_full,maximize
ESPONJA ACO ASSOLAN C/10,palha de aco,0.6928484412757374,accuracy_on_full,maximize
FGO PASSAR SADIA KG 1KG,carne de ave,0.6928484412757374,accuracy_on_full,maximize
BANANA NANICA KG,banana,0.6928484412757374,accuracy_on_full,maximize
LING AL ER SEARA  600G,linguica,0.6928484412757374,accuracy_on_full,maximize
BL SANIT HARPIC PIN PINHO 39G,outro produto de limpeza domestica,0.6928484412757374,accuracy_on_full,maximize
KIT PRESENTE SOUI PANET CHOCO 400G,produto sazonal,0.6928484412757374,accuracy_on_full,maximize
SEMENTES COUVE MANTEIGA DA GEORGIA  5MG,plantas e sementes,0.6928484412757374,accuracy_on_full,maximize
BISC CREAM CRACKER INT MARILAN 365G,biscoito,0.6928484412757374,accuracy_on_full,maximize
ENX FREEGELLS MENTA 500ML,enxaguante bucal,0.6928484412757374,accuracy_on_full,maximize
AZT VERDE MM RECHE JALAPENO 520G,vegetal em conserva,0.6928484412757374,accuracy_on_full,maximize
FARINHA TRIGO LA MOLISANA 1KG,farinha de trigo,0.6928484412757374,accuracy_on_full,maximize
LINGUICA DEFUMADA FININHA 215G SWIFT,linguica,0.6928484412757374,accuracy_on_full,maximize
ESPONJA M-USO RAYUM C/3,esponja,0.6928484412757374,accuracy_on_full,maximize
FUBA MIMOSO MARPA 1KG,fuba,0.6928484412757374,accuracy_on_full,maximize
TEMP PARA FRANGO SAZON  60G,tempero pronto,0.6928484412757374,accuracy_on_full,maximize
SOBRECOXA TEMP  JA PRO FORNO  SWIFT 800G,carne de ave,0.6928484412757374,accuracy_on_full,maximize
BISC ESTRELA AGUA/SAL 350G,biscoito,0.6928484412757374,accuracy_on_full,maximize
AZEITONA VDE PREDILECTA 150G VD S/ CAROCO,azeitona,0.6928484412757374,accuracy_on_full,maximize
LINGUICA QUEIJO COALHO SWIFT 500G,linguica,0.6928484412757374,accuracy_on_full,maximize
CATCHUP HEINZ 567G,ketchup,0.6928484412757374,accuracy_on_full,maximize
PANETTONE TRUF 500G KIT SAFIRA,panificacao natal,0.6928484412757374,accuracy_on_full,maximize
BISC COOKIE INT NESFIT 60G CAC/AVE,biscoito,0.6928484412757374,accuracy_on_full,maximize
ESPONJA LA ACO ASSOLAN 45G-PC C8,esponja,0.6928484412757374,accuracy_on_full,maximize
CAFE TOR MOI TRAD VILLA RICA VACUO 500G,cafe,0.6928484412757374,accuracy_on_full,maximize
SALG E.CH CHEETOS MIX 130G,aperitivo,0.6928484412757374,accuracy_on_full,maximize
SUCO NATURAL ONE LARANJA 6X180ML,suco pronto,0.6928484412757374,accuracy_on_full,maximize
COADOR CAFE PANO MD,coador,0.6928484412757374,accuracy_on_full,maximize
AMIDO MILHO MAIZENA 200G,amido de milho,0.6928484412757374,accuracy_on_full,maximize
TEMPERO SAZON PIPOCA MANTEIGA 60G,tempero pronto,0.6928484412757374,accuracy_on_full,maximize
CHOC GALAK NESTLE 80G,chocolate,0.6928484412757374,accuracy_on_full,maximize
ABSORV SMP LIVRE C/32 ADAPT L P-,absorvente,0.6928484412757374,accuracy_on_full,maximize
UVA ITALIA EMB BENASSI BJ 500g,uva,0.6928484412757374,accuracy_on_full,maximize
HASTES FLEXIVEIS FAROL C/75,haste flexivel,0.6928484412757374,accuracy_on_full,maximize
"AGUA MIN IGARAPE 1,5L-PET S/G",agua,0.6928484412757374,accuracy_on_full,maximize
"DETERGENTE HIPPER 500ML, CLEAN",detergente,0.6928484412757374,accuracy_on_full,maximize
INS BAYGON M BARATA . 360ML,inseticida,0.6928484412757374,accuracy_on_full,maximize
PIZZA SEARA MUSSARELA 440g,pizza congelada,0.6928484412757374,accuracy_on_full,maximize
SH SEDA CACHOS DEFINIDOS 325ml,shampoo,0.6928484412757374,accuracy_on_full,maximize
OVO DE PASCOA DARK 800GR DI COSTA,ovo de pascoa,0.6928484412757374,accuracy_on_full,maximize
LTE INT ZERO LACTOSE 6X1L LEITISSI,leite,0.6928484412757374,accuracy_on_full,maximize
REFRIG FRUKI CITRUS PET 1500ML,refrigerante,0.6928484412757374,accuracy_on_full,maximize
AGUARDENTE 51 23G MIX,cachaca,0.6928484412757374,accuracy_on_full,maximize
PATINHO SUINO SEARA RESERVA KG,carne suina,0.6928484412757374,accuracy_on_full,maximize
SUCO ABACAXI DEL VALLE MAIS 1L,suco pronto,0.6928484412757374,accuracy_on_full,maximize
"SABONETE NATURAL EXTRACT 1l, MACADAMIA",sabonete liquido,0.6928484412757374,accuracy_on_full,maximize
KIT BUDWEISER COPO DOU CERV COP MUND UN,cerveja,0.6928484412757374,accuracy_on_full,maximize
PANO SACO XADREZ PREM ALKLIN 60X38,pano para limpeza,0.6928484412757374,accuracy_on_full,maximize
UVA PRETA S SEMENTE IMP 500G,uva,0.6928484412757374,accuracy_on_full,maximize
PAO DE FORMA INTEGRAL CRF ORIGINAL 500G,padaria e confeitaria industrializado,0.6928484412757374,accuracy_on_full,maximize
ESPONJA TININDO L4P3,esponja,0.6928484412757374,accuracy_on_full,maximize
SAL DO HIMALAIA LEBRE 500G MOIDO,sal,0.6928484412757374,accuracy_on_full,maximize
IOGURTE NATURAL DANONE MEL 160G,iogurte,0.6928484412757374,accuracy_on_full,maximize
POLO MC MALHA CONTRASTE,camisa polo,0.6928484412757374,accuracy_on_full,maximize
CARNE BOV PICANHA MONTANA KG,carne bovina,0.6928484412757374,accuracy_on_full,maximize
REGATA TEX MESCLA MMOI21,regata,0.6928484412757374,accuracy_on_full,maximize
IOG CORPUS 170GR ZERO LACT MORANGO,iogurte,0.6928484412757374,accuracy_on_full,maximize
FILE COXA SOBRECOXA SUPERFRANGO C/P 1Kg,carne de ave,0.6928484412757374,accuracy_on_full,maximize
REFR COCA COLA 1L,refrigerante,0.6928484412757374,accuracy_on_full,maximize
CJ PANOS DE MICROFIBRA MP 10 PECAS CR635,pano para limpeza,0.6928484412757374,accuracy_on_full,maximize
SUCO SUQ 270ML LARANJA INTEGRAL,suco pronto,0.6928484412757374,accuracy_on_full,maximize
CARVAO ZIPPY 4kg,carvao,0.6928484412757374,accuracy_on_full,maximize
CHOC.LACTA 165G AO LEITE,chocolate,0.6928484412757374,accuracy_on_full,maximize
MARMITEX FRANGO GRELHADO 380GR,prato pronto,0.6928484412757374,accuracy_on_full,maximize
IOG PED BATAVO COCO       500G 1082,iogurte,0.6928484412757374,accuracy_on_full,maximize
PAEZINHOS PANCO 250G-PC EGG SPONGE,padaria e confeitaria industrializado,0.6928484412757374,accuracy_on_full,maximize
"LAVA LOUCA LIMPPANO ODD 500ml, NEUTRO",detergente,0.6928484412757374,accuracy_on_full,maximize
SAB. HUGGIES CHA CAMOM.         CX  75GR,sabonete infantil,0.6928484412757374,accuracy_on_full,maximize
SALG KERUS QUEIJO 50G,aperitivo,0.6928484412757374,accuracy_on_full,maximize
CR COND SKALA 1KG MAIS CACHOS,creme de tratamento,0.6928484412757374,accuracy_on_full,maximize
CHOC. LACTA BARRA LAKA OREO     BR  90GR,chocolate,0.6928484412757374,accuracy_on_full,maximize
TESOURA TRAMONTINA U.GERALCOLOR N.08,outro utensilio de cozinha,0.6928484412757374,accuracy_on_full,maximize
KIT SKALA SH COND 325ML 12 EM 1,kit para cabelos,0.6928484412757374,accuracy_on_full,maximize
CIG CHESTERGIELD SILVER KS RCB,cigarro,0.6928484412757374,accuracy_on_full,maximize
LEITE CONDENS.MOCA 300G TOPPING SQ. INTEG.ORIG.,leite condensado,0.6928484412757374,accuracy_on_full,maximize
CIGARRO CHESTERFIELD BLUE RCB C/20,cigarro,0.6928484412757374,accuracy_on_full,maximize
PAST CRUSH TICTAC14.5G,bala,0.6928484412757374,accuracy_on_full,maximize
CERV BURGUESA LT 350ML,cerveja,0.6928484412757374,accuracy_on_full,maximize
CHOC HERSHEY S AO LEIT/BCO MILK CROC 87g,chocolate,0.6928484412757374,accuracy_on_full,maximize
SAL DE FRUTA ENO ABACAXI GLAXO SACHE 10G,outro farma,0.6928484412757374,accuracy_on_full,maximize
SACOLA PLASTICA VALFILM VD RJ 40X50CM,sacola descartavel,0.6928484412757374,accuracy_on_full,maximize
COLA BIC 40G,cola,0.6928484412757374,accuracy_on_full,maximize
CHA ERVA DOCE DR OETKER   C/10 20G,cha por infusao,0.6928484412757374,accuracy_on_full,maximize
BISC AM LEITE TREL 100G,biscoito,0.6928484412757374,accuracy_on_full,maximize
AGULHA NOVOFINE 32G NORDISK 6MM       UN,agulha descartavel,0.6928484412757374,accuracy_on_full,maximize
MOLHO TOMATE HEINZ TRADICIONAL SC 300G,molho de tomate,0.6928484412757374,accuracy_on_full,maximize
BISC NESTLE NEGRESCO TRIPLE CHOC 120g,biscoito,0.6928484412757374,accuracy_on_full,maximize
MACN CHEESE TRADICIONAL SADIA 300GR,outro congelado,0.6928484412757374,accuracy_on_full,maximize
VASSOURA CONDOR GENOVA NYLON V-35,vassoura,0.6928484412757374,accuracy_on_full,maximize
DETERG.LIQ.YPE NEUTRO          .FC   5LT,detergente,0.6928484412757374,accuracy_on_full,maximize
PANO REUTILIZAVEL DURAMAX 3X58FL,pano para limpeza,0.6928484412757374,accuracy_on_full,maximize
PURIF AMB GLADE 360ML-AER OFERTA ESP LAV,aromatizador,0.6928484412757374,accuracy_on_full,maximize
AGUA TONICA SCHWEPPES LT 350ML,agua tonica,0.6928484412757374,accuracy_on_full,maximize
SOBRECOXA FGO SADIA PCTE 1KG,carne de ave,0.6928484412757374,accuracy_on_full,maximize
SH 350ML COND 175ML PANTENE CACHOS,kit para cabelos,0.6928484412757374,accuracy_on_full,maximize
BISC TODDY COOKIES MALHADO 150g,biscoito,0.6928484412757374,accuracy_on_full,maximize
"SAB PHEBO 90G, AMAZONIAN",sabonete,0.6928484412757374,accuracy_on_full,maximize
SACO LIXO PREZUNIC 15L AZUL C/100,saco de lixo,0.6928484412757374,accuracy_on_full,maximize
PANO PERFEX M USO C/5 ROSA,pano para limpeza,0.6928484412757374,accuracy_on_full,maximize
SNACK CROCANTISSIMO QJO/CEBOLA 40G,aperitivo,0.6928484412757374,accuracy_on_full,maximize
SUCO SUQ LARANJA                GFA 3.6L,suco pronto,0.6928484412757374,accuracy_on_full,maximize
IUMI 3MG 20MCG C/ 24 COMPRIMIDOS LIBBS,outro farma,0.6928484412757374,accuracy_on_full,maximize
REFRI COCA COLA MINI PET ZERO 200ML,refrigerante,0.6928484412757374,accuracy_on_full,maximize
ASPIRINA 500MG BAYER                10CP,outro farma,0.6928484412757374,accuracy_on_full,maximize
CREME QJ MINAS FRES ZERO LACT VIGOR 200G,queijo,0.6928484412757374,accuracy_on_full,maximize
PAO FILAO MINI GP KG,padaria e confeitaria industrializado,0.6928484412757374,accuracy_on_full,maximize
FILE MIGNON SUINO SWIFT KG,carne suina,0.6928484412757374,accuracy_on_full,maximize
PAINCO MARIZA 250G,alimento pet,0.6928484412757374,accuracy_on_full,maximize
POPCORN MICRO MANTEI  50G,milho,0.6928484412757374,accuracy_on_full,maximize
PATE FGO ERV EXC 100 PR 100G,pate,0.6928484412757374,accuracy_on_full,maximize
"SABONETE BIOFLEUR REF 450ml, OLEO ARGAN",sabonete liquido,0.6928484412757374,accuracy_on_full,maximize
CHA PRONTO LEAO ICE TEA 250ML-PET PESSEGO,cha pronto,0.6928484412757374,accuracy_on_full,maximize
SUCO NEWFRUT 200ML-GF INTEG LAR,suco pronto,0.6928484412757374,accuracy_on_full,maximize
LAYS RUST CREAM CHEESE 68G,aperitivo,0.6928484412757374,accuracy_on_full,maximize
PAO QJ FDM TRADI  400G,massa de pao de queijo,0.6928484412757374,accuracy_on_full,maximize
BATATA PRE FRITA SADIA PAL.CONG 400G,batata congelada,0.6928484412757374,accuracy_on_full,maximize
UVA VITORIA TURMA DA MONICA 500G,uva,0.6928484412757374,accuracy_on_full,maximize
FJ SE VERM CALDO BOM 500G,feijao,0.6928484412757374,accuracy_on_full,maximize
CHOC NEUGEBAUER BR 80G CARAMELO CROC,chocolate,0.6928484412757374,accuracy_on_full,maximize
ALFACE CRESPA HIDRO pc,alface,0.6928484412757374,accuracy_on_full,maximize
ED COLG PRO CUIDA  4UN,escova de dentes,0.6928484412757374,accuracy_on_full,maximize
PETIT SUISSE DANONINHO 70G P/LEVAR MACA VDE,iogurte,0.6928484412757374,accuracy_on_full,maximize
MAMAO FORMOSA KG,mamao,0.6928484412757374,accuracy_on_full,maximize
VELA ALLANJO LUMIERE N8 C/8 25G,vela,0.6928484412757374,accuracy_on_full,maximize
FOUR PACK MIXERS PRATA 4X200ML,agua tonica,0.6928484412757374,accuracy_on_full,maximize
"SOPA VONO 16G, ESPINAFRE/QJO",preparo para sopa,0.6928484412757374,accuracy_on_full,maximize
DESOD NIVEA 200ML AERO MASC BLACK WHITE,desodorante,0.6928484412757374,accuracy_on_full,maximize
PALETA SUINA C/OSSO RESF KG (CORTE),carne suina,0.6928484412757374,accuracy_on_full,maximize
ACHOCOLATADO PO NESCAU 370G,achocolatado,0.6928484412757374,accuracy_on_full,maximize
QA UVA RED GLOBE 500G,uva,0.6928484412757374,accuracy_on_full,maximize
BATATA FRITA LAY S CREME CEBOLA 80G,petisco e salgadinho congelado,0.6928484412757374,accuracy_on_full,maximize
PAO FORMA INT MARSALA 400G,padaria e confeitaria industrializado,0.6928484412757374,accuracy_on_full,maximize
CR MISTO CULINARIO LECO 1KG-TP,preparo de alimento,0.6928484412757374,accuracy_on_full,maximize
MACARRAO SUGO KG,prato pronto,0.6928484412757374,accuracy_on_full,maximize
BEBIDA 51 ICE KIWI LN 275ml,bebida mista,0.6928484412757374,accuracy_on_full,maximize
MOLHO PIRATA PET 150ML  ALHO,outro molho,0.6928484412757374,accuracy_on_full,maximize
ACHOC CHOCOLEITE 460ML,achocolatado,0.6928484412757374,accuracy_on_full,maximize
MAIONESE HELLMANNS 500g,maionese,0.6928484412757374,accuracy_on_full,maximize
KIT M-USO AZULIM 500ML C/4 LV PG-,multiuso,0.6928484412757374,accuracy_on_full,maximize
TEMPERO MISTO CHINEZINHO 10G,tempero pronto,0.6928484412757374,accuracy_on_full,maximize
REFRESCO GUARAMIL 290ML UVA,refresco,0.6928484412757374,accuracy_on_full,maximize
LENCO HIG FEEL CLEAN 50 LENCOS,lenco umedecido,0.6928484412757374,accuracy_on_full,maximize
MACN CHEESE SADIA CHEDDAR CONG 350G,outro congelado,0.6928484412757374,accuracy_on_full,maximize
GEL ASSEPSIA MAOS ALCOOSS 220G,gel antisseptico para maos,0.6928484412757374,accuracy_on_full,maximize
CERVEJA LAGER IMPERIO GRF 600ML,cerveja,0.6928484412757374,accuracy_on_full,maximize
"CHA BRANCO FEEL GOOD 1L, LICHIA",cha pronto,0.6928484412757374,accuracy_on_full,maximize
TORRADITOS  55GR,aperitivo,0.6928484412757374,accuracy_on_full,maximize
"AMAC ROUP YPE L2P1,8L ACONCHEGO",amaciante,0.6928484412757374,accuracy_on_full,maximize
FILE MIGNON FORA DO VACUO BOV RESF,carne bovina,0.6928484412757374,accuracy_on_full,maximize
PRATO DESC CRF 15CM C10 BCO,prato descartavel,0.6928484412757374,accuracy_on_full,maximize
FAR TRIGO INT VENTURELLI 1KG,farinha de trigo,0.6928484412757374,accuracy_on_full,maximize
CALDO MAGGI 114G CARNE,caldo industrializado,0.6928484412757374,accuracy_on_full,maximize
UVA PRETA COM SEMENTE SQ 750G,uva,0.6928484412757374,accuracy_on_full,maximize
ED CLAS CAR 3UN ALEV AZUL 1 UND,escova de dentes,0.6928484412757374,accuracy_on_full,maximize
NATA PORTO NOVO PT 280g,outro laticinio refrigeirado,0.6928484412757374,accuracy_on_full,maximize
"BOLO SANTA EDWIGES MINI 40G, BRIG/CHOC,.",padaria e confeitaria industrializado,0.6928484412757374,accuracy_on_full,maximize
FAROFA ROCHA 250GR BACON,farofa pronta,0.6928484412757374,accuracy_on_full,maximize
BOLO ANA MARIA 35G GOTAS CHOCOLATE,padaria e confeitaria industrializado,0.6928484412757374,accuracy_on_full,maximize
AGULHA DESC BD 30X7,outro farma,0.6928484412757374,accuracy_on_full,maximize
ABS HIG SL ADPLUS NOIDIA SV ABA 8UN,absorvente,0.6928484412757374,accuracy_on_full,maximize
DANONINHO MOR/BAN MORANGO/BANANA 70,iogurte,0.6928484412757374,accuracy_on_full,maximize
BARRA FRUTA COCO 57G,barra alimentar,0.6928484412757374,accuracy_on_full,maximize
PASTA AMEN SENTIR BEM 450G,pasta de amendoim,0.6928484412757374,accuracy_on_full,maximize
BOLO CONF ALPINO 1KG,padaria e confeitaria industrializado,0.6928484412757374,accuracy_on_full,maximize
PACK SH360 COND180 A SMOOTH 540ML,condicionador,0.6928484412757374,accuracy_on_full,maximize
KIT YPE DETERG LIQ 6X500ML CLEAR,detergente,0.6928484412757374,accuracy_on_full,maximize
IOG INT 3 GRAOS VIGOR MAMAO 100G,iogurte,0.6928484412757374,accuracy_on_full,maximize
G LORATADINA 1MG XP 100ML EMS,outro farma,0.6928484412757374,accuracy_on_full,maximize
FILME PVC 30X28 WYDA,plastico filme,0.6928484412757374,accuracy_on_full,maximize
ALFACE CRESPA HIDROP      EMB ED UN,alface,0.6928484412757374,accuracy_on_full,maximize
PAO PAES DE MINAS SOVADO 400G,padaria e confeitaria industrializado,0.6928484412757374,accuracy_on_full,maximize
LIMPADOR VEJA M.USO LAVANDA L500/P450ML,multiuso,0.6928484412757374,accuracy_on_full,maximize
PAO TORTILHA PULLMAN RAP10 330G INTEG,padaria e confeitaria industrializado,0.6928484412757374,accuracy_on_full,maximize
BISC DOCE PIRAQUE 132G LEITE MALTADO C/COCO,biscoito,0.6928484412757374,accuracy_on_full,maximize
LEITE PO MOLICO DESN LT 280G GTS10,leite em po,0.6928484412757374,accuracy_on_full,maximize
COXINHA DE FRANGO C/CATUPIRY UN,padaria e confeitaria fresca,0.6928484412757374,accuracy_on_full,maximize
MOP 360 CONDOR 970132,outro utensilio de limpeza,0.6928484412757374,accuracy_on_full,maximize
VINHO CHI SANTA RITA 120 CABER SAUV 750,vinho importado,0.6928484412757374,accuracy_on_full,maximize
LEITE L V LECO 1L INT,leite,0.6928484412757374,accuracy_on_full,maximize
CHIN FEM HAV SLIM FLORAL BGE 37 38,chinelo,0.6928484412757374,accuracy_on_full,maximize
MANTEIGA COALHADAS C/SAL PT 200G,manteiga,0.6928484412757374,accuracy_on_full,maximize
CAPSULA CAFE ESPRES LOR 52G-10UN LUNGO ESTREMO,cafe,0.6928484412757374,accuracy_on_full,maximize
ABOBORA PAULISTA KG,abobora,0.6928484412757374,accuracy_on_full,maximize
DESINF SANOL 2L LAVANDA,desinfetante,0.6928484412757374,accuracy_on_full,maximize
REFR FANTA LARANJA 2L,refrigerante,0.6928484412757374,accuracy_on_full,maximize
CREME QUARK BATAVO MORANGO 100G,iogurte,0.6928484412757374,accuracy_on_full,maximize
ESMAL RISQUE METALICO CARMIM 8ml,esmalte,0.6928484412757374,accuracy_on_full,maximize
LASANHA PERDIGAO 1KG-CX BOLON,lasanha congelada,0.6928484412757374,accuracy_on_full,maximize
ASSADEIRA ALUM DESC OVAL 4000ML WYDA,assadeira,0.6928484412757374,accuracy_on_full,maximize
LIMPADOR MR.M.COZ.AP.50 D.S.400MCJ   2UN,multiuso,0.6928484412757374,accuracy_on_full,maximize
IOG LIQ BATAVO CEREAL 1250G,iogurte,0.6928484412757374,accuracy_on_full,maximize
FILE CX SOBRECX NATURAL SEARA CONG 1KG,carne de ave,0.6928484412757374,accuracy_on_full,maximize
"IOG NAT VIGOR 100G 3 GRAOS, ZERO TRAD",iogurte,0.6928484412757374,accuracy_on_full,maximize
BEB SOJA ORIGINAL ADES 1L,bebida de soja,0.6928484412757374,accuracy_on_full,maximize
BEB KAPO 200ML LARANJA,suco pronto,0.6928484412757374,accuracy_on_full,maximize
LEITE L VIDA ZERO C/VIT 1000ML,leite,0.6928484412757374,accuracy_on_full,maximize
CALCA BAILAR PTO POLIAMIDA 1989 FEOI22,calca,0.6928484412757374,accuracy_on_full,maximize
"LAVA ROUPAS GIRANDO SOL 1,6KG PO HIPOALERGENIO",lava roupas,0.6928484412757374,accuracy_on_full,maximize
BISC RECH NEGRESCO 140G SORV MORANGO,biscoito,0.6928484412757374,accuracy_on_full,maximize
SC WHISKA SNR JL CRN ROXO 85G,alimento pet,0.6928484412757374,accuracy_on_full,maximize
CJ 2 SACO XADR PREM E PANO DECOR AL,pano para limpeza,0.6928484412757374,accuracy_on_full,maximize
DENTAL PETITOS 250G MENTA,alimento pet,0.6928484412757374,accuracy_on_full,maximize
IOG LIQ DESN JABUTICABA BATAVO 170G,iogurte,0.6928484412757374,accuracy_on_full,maximize
CUSCUZ DIVELLA SEMOLA 500g,floco de milho,0.6928484412757374,accuracy_on_full,maximize
"COLHER PRAFESTA C/50 PLAST PREM, BRANCO",talher descartavel,0.6928484412757374,accuracy_on_full,maximize
SALG BATATA RUFFLES 76G ORIG,aperitivo,0.6928484412757374,accuracy_on_full,maximize
CAPSULA 3 CORACOES C/10 ESP MATAS MINAS,cafe,0.6928484412757374,accuracy_on_full,maximize
BEB VEG SILK CASTANHA TP 1L,outra bebida,0.6928484412757374,accuracy_on_full,maximize
"TEMP PO SAZON 60G, VERDE LIMAO",tempero pronto,0.6928484412757374,accuracy_on_full,maximize
PAO SIRIO PITA BREAD MD 640g,padaria e confeitaria industrializado,0.6928484412757374,accuracy_on_full,maximize
"LAVA ROUPA OMO 900ML SC, SPORT",lava roupas,0.6928484412757374,accuracy_on_full,maximize
CERV BUDWEISER PILSEN GF 550ML,cerveja,0.6928484412757374,accuracy_on_full,maximize
SAB PALMOLIVE 85G HIDRATePERFUMA,sabonete,0.6928484412757374,accuracy_on_full,maximize
CHA YAI VERDE MISTO 2X1L,cha por infusao,0.6928484412757374,accuracy_on_full,maximize
BICARBONATO SODIO TROPICANA 30g,bicarbonato de sodio,0.6928484412757374,accuracy_on_full,maximize
IOG VIGOR GREGO ZERO GORD MARACUJA 100g,iogurte,0.6928484412757374,accuracy_on_full,maximize
BR PROTEINA CRISP 45G ROMEU/ JULIETA,barra alimentar,0.6928484412757374,accuracy_on_full,maximize
ABRIDOR DE LATA CS CICLEY,outro utensilio de cozinha,0.6928484412757374,accuracy_on_full,maximize
MOLHO DE TOMATE HEINZ 300G BOLONHESA POUCH,molho de tomate,0.6928484412757374,accuracy_on_full,maximize
REFRESCO EM PO 25G,preparo para suco,0.6928484412757374,accuracy_on_full,maximize
FLOR ANTHURIUM VAR P17,plantas e sementes,0.6928484412757374,accuracy_on_full,maximize
G ESOMEPRAZOL 20MG C 28 COMP LEGRAND,outro farma,0.6928484412757374,accuracy_on_full,maximize
CERV BRAHMA DUPLO MALTE LT 269ML,cerveja,0.6928484412757374,accuracy_on_full,maximize
EXT TOM ELEFANTE 1.02KG SACHE,extrato de tomate,0.6928484412757374,accuracy_on_full,maximize
BISC HILEIA MARIA TRAD 400G,biscoito,0.6928484412757374,accuracy_on_full,maximize
JAMON ESPANHOL RAR FATIADO 80G,outro embutido,0.6928484412757374,accuracy_on_full,maximize
MAIONESE REC CASEIRA HEMMER PT 500G,maionese,0.6928484412757374,accuracy_on_full,maximize
BISC COOKIE PANCO 365 500G,biscoito,0.6928484412757374,accuracy_on_full,maximize
CHOC BR GAROTO MEIO AMARGO 90G,chocolate,0.6928484412757374,accuracy_on_full,maximize
CHOC TALENTO AMENDOAS E PASSAS 85G,chocolate,0.6928484412757374,accuracy_on_full,maximize
"MORTADELA PERDIGAO 200G OUR FAT, AZ VDE",mortadela,0.6928484412757374,accuracy_on_full,maximize
TEMP AROMA ERVAS 40G SALSA/CEB/TOM,tempero pronto,0.6928484412757374,accuracy_on_full,maximize
ACUC MASC PETRIBU 1KG,acucar,0.6928484412757374,accuracy_on_full,maximize
AMEIXA 500G,ameixa,0.6928484412757374,accuracy_on_full,maximize
PATANOL S 2MG SOL OFT GTS 2.5ML ALCON,outro farma,0.6928484412757374,accuracy_on_full,maximize
SALADA DE FRUTA CP  IOG E GRAN 300G,prato pronto,0.6928484412757374,accuracy_on_full,maximize
SUNGA EST TEX VNO LISTRA MBHWP MPPV21,sunga,0.6928484412757374,accuracy_on_full,maximize
ESPONJA M USO YPE N RISCA C1,esponja,0.6928484412757374,accuracy_on_full,maximize
POTE ORGANIZ PLASUTIL GIRE E TRAVE UN,recipientes,0.6928484412757374,accuracy_on_full,maximize
INSET BAYGON ESPIRAL METAL C/10,inseticida,0.6928484412757374,accuracy_on_full,maximize
BANANA PRATA ORGANICA kg,banana,0.6928484412757374,accuracy_on_full,maximize
OVO VERM GDE C 20 MEMBERS MARK,ovo,0.6928484412757374,accuracy_on_full,maximize
BISC.VITARELLA 350G ROSQUINHAS COCO,biscoito,0.6928484412757374,accuracy_on_full,maximize
MASSA LASANHA PETYBON 200g,macarrao,0.6928484412757374,accuracy_on_full,maximize
CALDO MAGGI EQUILIBRIUM 114G GALINHA,caldo industrializado,0.6928484412757374,accuracy_on_full,maximize
LAVA LOUCA LIQ NUTRILA MACA 500ml,detergente,0.6928484412757374,accuracy_on_full,maximize
ACUCAR DA BARRA 1KG REFINADO,acucar,0.6928484412757374,accuracy_on_full,maximize
DORITOS SWEET CHILI 84G,aperitivo,0.6928484412757374,accuracy_on_full,maximize
VINHO PORT PERIQUITA BC 750ML,vinho importado,0.6928484412757374,accuracy_on_full,maximize
BISC ZEZE 200GR MINIDITOS CHOCOLATE,biscoito,0.6928484412757374,accuracy_on_full,maximize
GEL DENTAL CLOSEUP 100G FRESH ICE,creme dental,0.6928484412757374,accuracy_on_full,maximize
"BEB DEL VALLE FRESH 1,5L- PET LAR",suco pronto,0.6928484412757374,accuracy_on_full,maximize
SHA ELSEVE DREAM LONG 200ML,shampoo,0.6928484412757374,accuracy_on_full,maximize
ASPARGO UN,aspargo,0.6928484412757374,accuracy_on_full,maximize
SC LIXO BRILH RL 100 PRETO 15UN,saco de lixo,0.6928484412757374,accuracy_on_full,maximize
AP DEPIL PRESTOBARBA L4 P3 FEM,aparelho de barbear e depilatorio,0.6928484412757374,accuracy_on_full,maximize
IOG GREGO ITAMBE ZERO 540G MOR/MARAC/LIM,iogurte,0.6928484412757374,accuracy_on_full,maximize
MILHO VERDE DIDIO               AV    KG,milho,0.6928484412757374,accuracy_on_full,maximize
CERVEJA BRAHMA DUPL MALT ESCURA LT 350ML,cerveja,0.6928484412757374,accuracy_on_full,maximize
BROCOLIS LINHA AZUL un,brocolis,0.6928484412757374,accuracy_on_full,maximize
SALAMITOS SNACK SADIA           PE  36GR,salame,0.6928484412757374,accuracy_on_full,maximize
VHO TTO CHI STA CAR RSDO MERLOT 750ML,vinho importado,0.6928484412757374,accuracy_on_full,maximize
OVOS SATOSHI C/12 POLPA BRANCO GD,ovo,0.6928484412757374,accuracy_on_full,maximize
SOBCX FGO IQF SADIA  1KG,carne de ave,0.6928484412757374,accuracy_on_full,maximize
SARDINHA COSTA SUL INT 800G,peixe,0.6928484412757374,accuracy_on_full,maximize
SWEET MILHO 450G UNIDADE,milho,0.6928484412757374,accuracy_on_full,maximize
PROVANCE C 30 CP MAST MORANGO ACHE,outro farma,0.6928484412757374,accuracy_on_full,maximize
GOIABADA OLE 600G,goiabada,0.6928484412757374,accuracy_on_full,maximize
REFR TUIUBAINA VIEIRA ROSSI 600ML,refrigerante,0.6928484412757374,accuracy_on_full,maximize
CARGA MACH3 SENSITIVE COM 2UN,aparelho de barbear e depilatorio,0.6928484412757374,accuracy_on_full,maximize
BALA DORI GOMET S TUBO 32G IOGURTE,bala,0.6928484412757374,accuracy_on_full,maximize
LENCO PAPEL KLEENEX C/50 14X21CM,lenco de papel,0.6928484412757374,accuracy_on_full,maximize
FEIJAO PTO DULINO 1KG,feijao,0.6928484412757374,accuracy_on_full,maximize
DERMACYD SAB LIQ BREEZE FEMINA 200ML,sabonete liquido,0.6928484412757374,accuracy_on_full,maximize
BISC WAF NEGRESCO NESTLE 110G,biscoito,0.6928484412757374,accuracy_on_full,maximize
MEIO DA ASA SEARA IQF CONG PCT 1KG,carne de ave,0.6928484412757374,accuracy_on_full,maximize
QA QJ MUSS FAT QUALITA 150G,queijo,0.6928484412757374,accuracy_on_full,maximize
PRESERVATIVO OLLA ICE C3,preservativo,0.6928484412757374,accuracy_on_full,maximize
ACHOC EM PO APTI 300G,achocolatado,0.6928484412757374,accuracy_on_full,maximize
QUEIJO PARMESAO RALADO PRESIDENT 100g,queijo,0.6928484412757374,accuracy_on_full,maximize
PALMEIRA RAPHIS PT24,plantas e sementes,0.6928484412757374,accuracy_on_full,maximize
ALIM CAES FILLHOTES CHAMP 900G,alimento pet,0.6928484412757374,accuracy_on_full,maximize
BEB ORIGINAL NUTS AMENDOA ZERO 1L,outra bebida vegetal,0.6928484412757374,accuracy_on_full,maximize
2 DESOD NIVEA ROLL DRY MC 50ML 50,desodorante,0.6928484412757374,accuracy_on_full,maximize
SACO LIXO DOVER ROLL ECON C/30 30L,saco de lixo,0.6928484412757374,accuracy_on_full,maximize
GRANOLA MAE TERRA 800G S/ACUC FRUTAS E MEL,granola,0.6928484412757374,accuracy_on_full,maximize
LIMP VEJA COZINHA REFIL 400ml,multiuso,0.6928484412757374,accuracy_on_full,maximize
RONDELLI MUS BUF/MAN DONA THEREZA 4,massa fresca,0.6928484412757374,accuracy_on_full,maximize
ESCOVA BETTANIN BETTA JEANS REF 115,escova de limpeza,0.6928484412757374,accuracy_on_full,maximize
SUCULENTA MINI PT06  PT06,plantas e sementes,0.6928484412757374,accuracy_on_full,maximize
PAO NUTRELLA ABOBORA/LINHACA 350G,padaria e confeitaria industrializado,0.6928484412757374,accuracy_on_full,maximize
GELEIA DIET MORG QUEENSBERRY 280G,geleia,0.6928484412757374,accuracy_on_full,maximize
IOG NAT BATAVO 100G PED DUO ABACAXI/COCO,iogurte,0.6928484412757374,accuracy_on_full,maximize
IOG LIQ 24G YOPRO 250G COOKIES CARAM,iogurte,0.6928484412757374,accuracy_on_full,maximize
GELATINA DR OETKER 20G AMORA,gelatina,0.6928484412757374,accuracy_on_full,maximize
PAO MINUTO KG KG,padaria e confeitaria industrializado,0.6928484412757374,accuracy_on_full,maximize
COCO RALADO SOCOCO 100G,derivados do coco seco,0.6928484412757374,accuracy_on_full,maximize
CAMARAO BOMAR COZ DESC 71/90 400g,fruto do mar,0.6928484412757374,accuracy_on_full,maximize
CAFE IGUACU 200GR SOLUVEL TRAD LATA,cafe,0.6928484412757374,accuracy_on_full,maximize
CR.BARBEAR NIVEA FOR MEN 65G SENSITIVE,espuma ou gel de barbear,0.6928484412757374,accuracy_on_full,maximize
MASSA C/OVOS D BENTA AVE MARIA 500G,macarrao,0.6928484412757374,accuracy_on_full,maximize
AZEITONA VERDE MARATA FAT SACH 240g,azeitona,0.6928484412757374,accuracy_on_full,maximize
PAO ESTAR LEVE ZERO FORMA 300G,padaria e confeitaria industrializado,0.6928484412757374,accuracy_on_full,maximize
MARG VIGOR 80  C/S 250G,margarina,0.6928484412757374,accuracy_on_full,maximize
VINHO PUROANDES 750ML RESERVADO BCO,vinho importado,0.6928484412757374,accuracy_on_full,maximize
SALG DORITOS 167G-PC QUEIJO NACHO,aperitivo,0.6928484412757374,accuracy_on_full,maximize
TOMATE GRAPE 500G,tomate,0.6928484412757374,accuracy_on_full,maximize
CHA LIPTON ICE TEA PESSEGO     PET 500ML,cha pronto,0.6928484412757374,accuracy_on_full,maximize
CERV SERRAMALTE LT 350ML,cerveja,0.6928484412757374,accuracy_on_full,maximize
"LAVA ROUP BRILHANTE 900ML, LIMP TOTAL, .",lava roupas,0.6928484412757374,accuracy_on_full,maximize
AGUA COCO DUCOCO 1L,agua de coco,0.6928484412757374,accuracy_on_full,maximize
AZEITONA VERDE INT GORDAL CARREFOUR POTE 250g,azeitona,0.6928484412757374,accuracy_on_full,maximize
SABONETE PALMOLIVE 85G ALOE,sabonete,0.6928484412757374,accuracy_on_full,maximize
CAPP SH BAUNILH 3COR 20GR,cafe,0.6928484412757374,accuracy_on_full,maximize
CALDO MAGGI BACON 114G,caldo industrializado,0.6928484412757374,accuracy_on_full,maximize
ARR INT SENTIR BEM 1KG,arroz,0.6928484412757374,accuracy_on_full,maximize
LASANHA AURORA BOLONHESA 1KG,lasanha congelada,0.6928484412757374,accuracy_on_full,maximize
BERMUDA FITNESS MASCULINO,bermuda,0.6928484412757374,accuracy_on_full,maximize
CAFE PILAO AROMA DECAF AVAC 25,cafe,0.6928484412757374,accuracy_on_full,maximize
BISC SALG CLUB SOCIAL 141G BACON PROV,biscoito,0.6928484412757374,accuracy_on_full,maximize
"KIT DOVE SH COND UN, REC COMPL, .",kit para cabelos,0.6928484412757374,accuracy_on_full,maximize
MAC INST NISSIN  BACON,macarrao,0.6928484412757374,accuracy_on_full,maximize
PENVIR 125MG C/10 COMPRIMIDOS SIGMA,outro farma,0.6928484412757374,accuracy_on_full,maximize
ALIM GATOS KELCAT AD FGO BROC LIN SC 85G,alimento pet,0.6928484412757374,accuracy_on_full,maximize
GIN GORDON S LONDON DRY 750ML,gin,0.6928484412757374,accuracy_on_full,maximize
CANUDINHO TUTTIFRUTTI CITRICO DOCILE 70G,bala,0.6928484412757374,accuracy_on_full,maximize
LIMPADOR ZUPP M.USO DESENG.E.SILVES 500m,multiuso,0.6928484412757374,accuracy_on_full,maximize
BEBIDA VEG DANONE SILK AMENDOA S/ACUC 1l,outra bebida,0.6928484412757374,accuracy_on_full,maximize
"BALDE VAZIO DORATA 14,5kg",balde,0.6928484412757374,accuracy_on_full,maximize
SACO BANH PIA EMBALIXO N ODOR LAV C100,saco de lixo,0.6928484412757374,accuracy_on_full,maximize
MASSA PASTEL MASSA LEVE ROLINHO 1KG,massa fresca,0.6928484412757374,accuracy_on_full,maximize
DIGESAN GOTAS C/20ML SANOFI,outro farma,0.6928484412757374,accuracy_on_full,maximize
CERV IMPERIO GOLD 210ML,cerveja,0.6928484412757374,accuracy_on_full,maximize
"SANITIZANTE PO BRILHANTE 1.6Kg, CUID TOT",lava roupas,0.6928484412757374,accuracy_on_full,maximize
ACUC REF BARRA 1KG,acucar,0.6928484412757374,accuracy_on_full,maximize
"BISC FORTALEZA AMANT 330g, COCO",biscoito,0.6928484412757374,accuracy_on_full,maximize
CAST CAJU TOR E SALG AMB 150GR,"nozes, castanhas e outras oleaginosas",0.6928484412757374,accuracy_on_full,maximize
COBERT CHOCO BRANCO  500G,cobertura pronta,0.6928484412757374,accuracy_on_full,maximize
"PAST SAN HARPIC 2EM1 3X9G, LAV, .",pedra sanitaria,0.6928484412757374,accuracy_on_full,maximize
"SAB DOVE 90G, EQUILIBRIO OLEOSIDADE",sabonete,0.6928484412757374,accuracy_on_full,maximize
BISC COOKIE SHOT LACTA 80G,biscoito,0.6928484412757374,accuracy_on_full,maximize
COND SEDA HIDRATACAO MICELAR 325ML,condicionador,0.6928484412757374,accuracy_on_full,maximize
MOLHO PIMENTA MENDEZ TRADICIONAL 215ML,molho de pimenta,0.6928484412757374,accuracy_on_full,maximize
SACO LIXO BRILHUS RL 30L C/30,saco de lixo,0.6928484412757374,accuracy_on_full,maximize
BISC TUFS CHOC BCO SAO BRAZ 40G,biscoito,0.6928484412757374,accuracy_on_full,maximize
VODKA ORLOFF GF 1L TRAD,vodca,0.6928484412757374,accuracy_on_full,maximize
CAFE NESCAFE D GUSTO C/16 RIS ARDEN 112G,cafe,0.6928484412757374,accuracy_on_full,maximize
MERENG CASE PEQ,outro doce,0.6928484412757374,accuracy_on_full,maximize
"REFRIG FANTA 600ML PET, UVA",refrigerante,0.6928484412757374,accuracy_on_full,maximize
SUCO DAFRUTA UVA 1L,suco pronto,0.6928484412757374,accuracy_on_full,maximize
MASCARA CAP ALYNE RESCONST/FORTALEC.1KG,mascara de protecao,0.6928484412757374,accuracy_on_full,maximize
REFRIG SUKITA 2L LARANJA,refrigerante,0.6928484412757374,accuracy_on_full,maximize
BISC WAFER BAUDUCCO TRI CHOC 140G,biscoito,0.6928484412757374,accuracy_on_full,maximize
CHOC WAFER BIS XTRA 45G BLACK,chocolate,0.6928484412757374,accuracy_on_full,maximize
MASSA SAN FRED 500GR GRANO DURO PENNE N70,macarrao,0.6928484412757374,accuracy_on_full,maximize
PAO FORMA PAO DE MEL TRAD 400G,padaria e confeitaria industrializado,0.6928484412757374,accuracy_on_full,maximize
AZEITONA VERDE IMPERADOR C/CAROC VD 200g,azeitona,0.6928484412757374,accuracy_on_full,maximize
BEB MIST GAS CHA PRET C LIMAO LEAO 290ML,refrigerante,0.6928484412757374,accuracy_on_full,maximize
PISC ARM 4678L 220V,piscina,0.6928484412757374,accuracy_on_full,maximize
PROCIMAX 20MG C/28 CP PSICO LIBBS,outro farma,0.6928484412757374,accuracy_on_full,maximize
MANTEIGA AVIACAO C SAL PT 500G,manteiga,0.6928484412757374,accuracy_on_full,maximize
DESOD AERO DOVE MEN INIV DRY 2UN 150ML,desodorante,0.6928484412757374,accuracy_on_full,maximize
CD SORRISO XTREME 70G,creme dental,0.6928484412757374,accuracy_on_full,maximize
"TWIX PACOCA  39,7G",chocolate,0.6928484412757374,accuracy_on_full,maximize
DESOD AER NIVEA DEOMILK 150ML SENSITIVE,desodorante,0.6928484412757374,accuracy_on_full,maximize
IOG LIQ FAZENDA 500G AMEIXA,iogurte,0.6928484412757374,accuracy_on_full,maximize
LIMPADOR BRILUX M. USO 500ML,multiuso,0.6928484412757374,accuracy_on_full,maximize
REQUEIJAO DANONE CREMOSO        PT 200GR,requeijao,0.6928484412757374,accuracy_on_full,maximize
CANECA URBAN LOVE GERMER COL 360ML,caneca,0.6928484412757374,accuracy_on_full,maximize
BISC MARIA TRAD ESTRELA PC 307G,biscoito,0.6928484412757374,accuracy_on_full,maximize
PAPEL HIG MAX PURE F.D NEUT 30M L24P21,papel higienico,0.6928484412757374,accuracy_on_full,maximize
REQUEIJAO DANONE 200GR REGULAR CREMOSO,requeijao,0.6928484412757374,accuracy_on_full,maximize
SACHE MIX FRANGO CARNE  DOG CHOW 100G,alimento pet,0.6928484412757374,accuracy_on_full,maximize
COUV FL BEN 300G,couve flor,0.6928484412757374,accuracy_on_full,maximize
VINAGRE DICASA ALCOOL 750ML,vinagre,0.6928484412757374,accuracy_on_full,maximize
LAMPADA OUROLUX SUPERLED 12W BRANCA,lampada,0.6928484412757374,accuracy_on_full,maximize
VODKA ABSOLUT NATUR  1L,vodca,0.6928484412757374,accuracy_on_full,maximize
VODKA ABSOLUT REG 750ML,vodca,0.6928484412757374,accuracy_on_full,maximize
PACK 2DEO GB RL ROSA ROSA 100ML,desodorante,0.6928484412757374,accuracy_on_full,maximize
ARR ARB LA PASTINA  500G,arroz,0.6928484412757374,accuracy_on_full,maximize
CAFE 3 CORACOES GOURMET SUL MINAS 250g,cafe,0.6928484412757374,accuracy_on_full,maximize
CREME DENTAL ORAL B EXTRA BRANCO    70G,creme dental,0.6928484412757374,accuracy_on_full,maximize
"LAVA ROUP PO SANIT BRILHANTE 1,6KG GTS 150G",lava roupas,0.6928484412757374,accuracy_on_full,maximize
DESOD AERO DOVE MEN CUIDADO TOTAL 250ML,desodorante,0.6928484412757374,accuracy_on_full,maximize
SACOLA PASCOA JOYPACK MEDIA,produto sazonal,0.6928484412757374,accuracy_on_full,maximize
PANETONE MACA/CANELA 750GR,panificacao natal,0.6928484412757374,accuracy_on_full,maximize
CHOC TAB GAROTO TALENTO TIRAMISU 85G,chocolate,0.6928484412757374,accuracy_on_full,maximize
TORRONE MONTEVERGINE AMENDOIM 90G,outro doce,0.6928484412757374,accuracy_on_full,maximize
EMPANADO SEARA FGO C/RECH PRES/QJO 110G,empanado congelado,0.6928484412757374,accuracy_on_full,maximize
LAVA ROUPA LIQUIDO AQUAFAST 5L MULTIACAO,lava roupas,0.6928484412757374,accuracy_on_full,maximize
BATATA PALHA SULLPER 400g,vegetal em palha,0.6928484412757374,accuracy_on_full,maximize
ALVEJANTE AQUAFAST 2L S/CLORO,alvejante,0.6928484412757374,accuracy_on_full,maximize
IOG PED FFRUTA BATAVO ABACAXI 100G,iogurte,0.6928484412757374,accuracy_on_full,maximize
"CALDO PO SAZON LEV 5X6,5G CARNE",caldo industrializado,0.6928484412757374,accuracy_on_full,maximize
RISQUE ESM DGEL CREM NOZ MOSCADA CL 9.5M,esmalte,0.6928484412757374,accuracy_on_full,maximize
APERIT VERMELHAO AMARO 220ML-LT,outro destilado,0.6928484412757374,accuracy_on_full,maximize
PEDRA SANIT DESOFLOR LAVAND 35G,pedra sanitaria,0.6928484412757374,accuracy_on_full,maximize
MOLHO SHOYU PIRATA 150ML-PET,molho shoyu,0.6928484412757374,accuracy_on_full,maximize
MAC C/ OVOS RENATA PADRE NOSSO 500G,macarrao,0.6928484412757374,accuracy_on_full,maximize
SALS HOT DOG AURO KG KG,salsicha,0.6928484412757374,accuracy_on_full,maximize
PEPINO CBS SUAVE VD 300g,vegetal em conserva,0.6928484412757374,accuracy_on_full,maximize
PANO WISH MULTIUSO AZ,pano para limpeza,0.6928484412757374,accuracy_on_full,maximize
SUCRILHO  320G,cereal matinal,0.6928484412757374,accuracy_on_full,maximize
CEREAL NESTLE MOCA              PE 120GR,cereal matinal,0.6928484412757374,accuracy_on_full,maximize
OREGANO KITANO PCT 15G,oregano,0.6928484412757374,accuracy_on_full,maximize
IOG POLP NESTON NEST 540G,iogurte,0.6928484412757374,accuracy_on_full,maximize
REF BIPACK CCO FANTA GUARANA 2L,refrigerante,0.6928484412757374,accuracy_on_full,maximize
CIGARRO KENT PRIME RED,cigarro,0.6928484412757374,accuracy_on_full,maximize
KIBE BOVINO SWIFT 500G,outro congelado,0.6928484412757374,accuracy_on_full,maximize
MOLHO PIMENTA PIRATA 150ML PET PICANTE,molho de pimenta,0.6928484412757374,accuracy_on_full,maximize
PERA PORTUGUESA CRFO KG,pera,0.6928484412757374,accuracy_on_full,maximize
CHOC BARRA ALPINO 85G GOLD,chocolate,0.6928484412757374,accuracy_on_full,maximize
"SABAO PO BEM TI VI BAG 500G, LAV",lava roupas,0.6928484412757374,accuracy_on_full,maximize
"SABAO PO SURF SCH 1,6KG, COCO, .",lava roupas,0.6928484412757374,accuracy_on_full,maximize
LIMP M-USO CIF ANTBAC 500ML GTS 20,multiuso,0.6928484412757374,accuracy_on_full,maximize
AMACIANTE MON BIJOU PASSA FACIL NAT 2L,amaciante,0.6928484412757374,accuracy_on_full,maximize
PIMENTA CALABRESA TAPAJOS 45G,outro condimento,0.6928484412757374,accuracy_on_full,maximize
BACON DEF SEARA FRAC KG,carne suina,0.6928484412757374,accuracy_on_full,maximize
PANETONE FRUTAS CRIST CRF CLASSIC 80G,panificacao natal,0.6928484412757374,accuracy_on_full,maximize
CAFE SOLUVEL TRAD CARREFOUR SC 100G,cafe,0.6928484412757374,accuracy_on_full,maximize
DESINF REAL MIX FLORES 2L,desinfetante,0.6928484412757374,accuracy_on_full,maximize
INSET AERO SBP 380ML  MULT,inseticida,0.6928484412757374,accuracy_on_full,maximize
CR DENT ORALB DETOX GENGIVA 102G,creme dental,0.6928484412757374,accuracy_on_full,maximize
COQUETEL COROTE PET 500ML BLUEBERRY,bebida mista,0.6928484412757374,accuracy_on_full,maximize
DUAL 30 MG C 30 CAPSULAS PSICO ACHE,outro farma,0.6928484412757374,accuracy_on_full,maximize
LING CALAB PERDIGAO 400G,linguica,0.6928484412757374,accuracy_on_full,maximize
LEITE PO PIRACANJUBA INT INST 400G INTEGRAL,leite em po,0.6928484412757374,accuracy_on_full,maximize
MANDIOQUINHA KG,mandioquinha,0.6928484412757374,accuracy_on_full,maximize
"CHOC BATON TABLETE 90g, COOKIE 4",chocolate,0.6928484412757374,accuracy_on_full,maximize
FARINHA TRIGO NORDESTE PREMIUM 5KG,farinha de trigo,0.6928484412757374,accuracy_on_full,maximize
HASTE FLEX DUBEBE 300UN BOX,haste flexivel,0.6928484412757374,accuracy_on_full,maximize
DEO AERO DOVE CLINICAL 150ML MEN,desodorante,0.6928484412757374,accuracy_on_full,maximize
LENCO UMEDECIDO MAMYPOKO C/200,lenco umedecido,0.6928484412757374,accuracy_on_full,maximize
CHOC LACTA INTENSE 85G-TA 40  CACAU ORIG,chocolate,0.6928484412757374,accuracy_on_full,maximize
BEB LACT CALUZINHO SALADA FR 180G,bebida lactea,0.6928484412757374,accuracy_on_full,maximize
QA SACO P/LIXO QUALITA ANTIBAC 30LT,saco de lixo,0.6928484412757374,accuracy_on_full,maximize
SH DARLING DETOX 350ML,shampoo,0.6928484412757374,accuracy_on_full,maximize
REFRESCO TRINK ABACA 25G,preparo para suco,0.6928484412757374,accuracy_on_full,maximize
ARROZ L FINO ALEGRETE 5KG-PC,arroz,0.6928484412757374,accuracy_on_full,maximize
PRATO CRISTALCOPOS BRANCO RASO 15CM C/10 DESCART,prato descartavel,0.6928484412757374,accuracy_on_full,maximize
ALIM INF GAL LEG MAC NESTLE 115G,alimento pronto de bebe,0.6928484412757374,accuracy_on_full,maximize
"ALIM CAES LEAU 10,1KG",alimento pet,0.6928484412757374,accuracy_on_full,maximize
"PAO ALH PROVOL PRETO 0,32",padaria e confeitaria industrializado,0.6928484412757374,accuracy_on_full,maximize
FRG INTEIRO CAIPIRA,carne de ave,0.6928484412757374,accuracy_on_full,maximize
SAB LIQ FIORUCCI 440ML-REF ALGAS MARINHAS,sabonete,0.6928484412757374,accuracy_on_full,maximize
MACARRAO RENATA 500GR C/OVOS ALETRIA,macarrao,0.6928484412757374,accuracy_on_full,maximize
AVEIA FLOCOS NESTLE 170G-TRAD,aveia e seus derivados,0.6928484412757374,accuracy_on_full,maximize
CHA CIDREIRA LIMAO GENG DR OETKER 20G,cha por infusao,0.6928484412757374,accuracy_on_full,maximize
PAO ITALIANO S/ FATIAR FP 320G,padaria e confeitaria fresca,0.6928484412757374,accuracy_on_full,maximize
ROLE FGO COM BACON CG 450G,empanado congelado,0.6928484412757374,accuracy_on_full,maximize
D.A.NIVEA 150ML C.2 INV.DRY LV MAIS PG MENOS,desodorante,0.6928484412757374,accuracy_on_full,maximize
PASSATA TOM FUGINI SACHET 300g,molho de tomate,0.6928484412757374,accuracy_on_full,maximize
AVEIA JASMINE 400GR FLOCOS FINOS,aveia e seus derivados,0.6928484412757374,accuracy_on_full,maximize
AMPOLA NATU HAIR TRAT CAP ALHO 10ml,tratamento capilar,0.6928484412757374,accuracy_on_full,maximize
CAFE DAMASCO 500GR EXTRA FORTE,cafe,0.6928484412757374,accuracy_on_full,maximize
TIGER CRYSTAL LT 473ML,cerveja,0.6928484412757374,accuracy_on_full,maximize
ALIM GATO KITEKAT 900G ADULTOS MIX CARNES,alimento pet,0.6928484412757374,accuracy_on_full,maximize
PALITO QUEIJO SEU NINICO 1KG-TRAD CONG,palito de dentes,0.6928484412757374,accuracy_on_full,maximize
BISC MAIZENA MARILAN 400G,biscoito,0.6928484412757374,accuracy_on_full,maximize
BOLO DE CHOCOLAT  KG,padaria e confeitaria fresca,0.6928484412757374,accuracy_on_full,maximize
LAVA ROUPA ARIEL FR 3L CLASSICO BCA/CO,lava roupas,0.6928484412757374,accuracy_on_full,maximize
"SH DOVE 400ML, HIDRA LISO",shampoo,0.6928484412757374,accuracy_on_full,maximize
"LASANHA SADIA 600G, FGO AO SUGO, .",lasanha congelada,0.6928484412757374,accuracy_on_full,maximize
INSET RAID PROT PAST LV12 PG10 RF,inseticida,0.6928484412757374,accuracy_on_full,maximize
BALA MASTIG FINI SOBREMESA 70G,bala,0.6928484412757374,accuracy_on_full,maximize
CRAVO INDIA KITANO 40G,cravo da india,0.6928484412757374,accuracy_on_full,maximize
SACOLA NAO RECICLAVEL CINZA 48X55 NV,sacola descartavel,0.6928484412757374,accuracy_on_full,maximize
"LIMP MR MUSCULO COZ SCH 400ML, LJA, .",multiuso,0.6928484412757374,accuracy_on_full,maximize
APRESUNTADO FATIADO AURORA 200G,apresuntado,0.6928484412757374,accuracy_on_full,maximize
MANTEIGA AVIACAO C SAL PT 200G,manteiga,0.6928484412757374,accuracy_on_full,maximize
CHOC NEUGEBAUER BIBS AO LEITE STICKS 32g,chocolate,0.6928484412757374,accuracy_on_full,maximize
SACHE DOGCHOW FILHOT FRANGO MOLHO 100G,alimento pet,0.6928484412757374,accuracy_on_full,maximize
CAFE TOR M EVOLUTTO PCT 250G,cafe,0.6928484412757374,accuracy_on_full,maximize
LAVA ROUPA PO BRILHANTE DELIC TOT 1.6KG,lava roupas,0.6928484412757374,accuracy_on_full,maximize
CALDO PO KITANO 37 5G  CARNE,caldo industrializado,0.6928484412757374,accuracy_on_full,maximize
LING TOSC QUEIJ 600G  600G,linguica,0.6928484412757374,accuracy_on_full,maximize
ESPUMANTE FREIXENET 750ML CARTA NEV DEMI SEC CAVA,espumante,0.6928484412757374,accuracy_on_full,maximize
PUDIM DE LEITE BATAVO           BD 200GR,iogurte,0.6928484412757374,accuracy_on_full,maximize
CHICKEN CROC QUEIJO SWIFT 300G,empanado congelado,0.6928484412757374,accuracy_on_full,maximize
RESPIRATUS XAROPE C/100ML SANOFI,outro farma,0.6928484412757374,accuracy_on_full,maximize
QUEIJO PARM RALADO IPANEMA 100g,queijo,0.6928484412757374,accuracy_on_full,maximize
VODKA SLOVA 970ML,vodca,0.6928484412757374,accuracy_on_full,maximize
MINI BOLO BAUDUCCO BRIG 40G,padaria e confeitaria industrializado,0.6928484412757374,accuracy_on_full,maximize
CIF PF ENVOLVENTE VERMEL 900ML,aromatizador,0.6928484412757374,accuracy_on_full,maximize
SOPA VONO MENOS SODIO MAND CEB SALS 17G,preparo para sopa,0.6928484412757374,accuracy_on_full,maximize
"TIRA MANCH OMO ROUP DOY DP 450ML, COL, .",lava roupas,0.6928484412757374,accuracy_on_full,maximize
GUARDANAPO KITCHEN FS PEQ C 50,guardanapo,0.6928484412757374,accuracy_on_full,maximize
ENERG RED BULL LTA C/6 250ML,energetico,0.6928484412757374,accuracy_on_full,maximize
CR D CLOSE UP BIO PROT A CARIE,creme dental,0.6928484412757374,accuracy_on_full,maximize
ARROZ URBANO 1KG TIPO 1 PARB SAQUINHO,arroz,0.6928484412757374,accuracy_on_full,maximize
BISC CHOCOOKY 120G  CHOCOLATE,biscoito,0.6928484412757374,accuracy_on_full,maximize
MINI FOLHADO KG,padaria e confeitaria fresca,0.6928484412757374,accuracy_on_full,maximize
TEMPERO PO ARISCO CARNE FEIJ ARR C10 50G,tempero pronto,0.6928484412757374,accuracy_on_full,maximize
CR TRAT SKALA EXPERT BOMBA 1KG,creme de tratamento,0.6928484412757374,accuracy_on_full,maximize
MASSA SAN FRED 500GR GRANO DURO SPAGHETTINI N04,macarrao,0.6928484412757374,accuracy_on_full,maximize
YOKITOS ANEIS CEBOLA 108G,aperitivo,0.6928484412757374,accuracy_on_full,maximize
LAVA ROUPAS LIQ.ARIEL 2L SUAVE,lava roupas,0.6928484412757374,accuracy_on_full,maximize
"MASC TRAT PANTENE 270ML, BAMBU",tratamento capilar,0.6928484412757374,accuracy_on_full,maximize
LEITE UHT NINHO INT ZERO LACT TP 1L,leite,0.6928484412757374,accuracy_on_full,maximize
MASSA PASTEL FRESC PASTANINNA 500G -PC PEQ,massa fresca,0.6928484412757374,accuracy_on_full,maximize
FARINHA TRIGO LA MOLISANA 1KG TP 1,farinha de trigo,0.6928484412757374,accuracy_on_full,maximize
SH MONANGE 325ML  HIDRATA COM PODER,shampoo,0.6928484412757374,accuracy_on_full,maximize
"SABONETE BIOFLEUR 180g, LEITE/AVEIA",sabonete,0.6928484412757374,accuracy_on_full,maximize
CERV BELGA DUVEL 330ML,cerveja,0.6928484412757374,accuracy_on_full,maximize
DIPIRONA MONO 1G MEDLEY GEN         10CP,outro farma,0.6928484412757374,accuracy_on_full,maximize
SABONETE PALMOLIVE NAT OLEO NUT CAME 85G,sabonete,0.6928484412757374,accuracy_on_full,maximize
DES AERO BOZZANO ANTI S/PERF 150ML (M),desodorante,0.6928484412757374,accuracy_on_full,maximize
MASSA PRONT TAPIOCA FRITZeFRIDA 500,tapioca,0.6928484412757374,accuracy_on_full,maximize
CHOC WAFER TRENTO 32G DARK,chocolate,0.6928484412757374,accuracy_on_full,maximize
TOMATE PELADO PIETRO CORIC 3X400GR,polpa de tomate,0.6928484412757374,accuracy_on_full,maximize
REF SUKITA LIMAO 2LT,refrigerante,0.6928484412757374,accuracy_on_full,maximize
DESOD AERO SUAVE INVISIBLE 150ML,desodorante,0.6928484412757374,accuracy_on_full,maximize
"AGUA TON ANTARCTICA PET 1L, ZERO, .",agua tonica,0.6928484412757374,accuracy_on_full,maximize
"AGUA MIN CRYSTAL S/G 1,5L",agua,0.6928484412757374,accuracy_on_full,maximize
BISC.OREO 90G MILKSHAKE MORANGO,biscoito,0.6928484412757374,accuracy_on_full,maximize
BEB LAC WHEY 15G ITAMBE CX CHOCOLATE,bebida lactea,0.6928484412757374,accuracy_on_full,maximize
NECTAR D VALLE MAIS MANGA 1L TP,suco pronto,0.6928484412757374,accuracy_on_full,maximize
WAFER TRENTO MORANGO 32G,biscoito,0.6928484412757374,accuracy_on_full,maximize
SUCO LARANJA S ACUCAR XANDO GF 1.5L,suco pronto,0.6928484412757374,accuracy_on_full,maximize
DESODZ SANIT PATO 40G LV3PG2 P/CX ACOP/MARINE,pedra sanitaria,0.6928484412757374,accuracy_on_full,maximize
CERV SKOL PURO MALTE SLEEK 12X350ML,cerveja,0.6928484412757374,accuracy_on_full,maximize
CREME FACIAL NIVEA ANT.IDA.NOT PT  100GR,produto facial,0.6928484412757374,accuracy_on_full,maximize
COLA BRANCA MERCUR              FC  40GR,cola,0.6928484412757374,accuracy_on_full,maximize
DOCE LEITE ITAMBE 395G,outro doce,0.6928484412757374,accuracy_on_full,maximize
"BISC VITARELLA WAFER 120g, LARANJA",biscoito,0.6928484412757374,accuracy_on_full,maximize
PHALAENOPSIS MINI 06            AV   1UN,plantas e sementes,0.6928484412757374,accuracy_on_full,maximize
CHOCO WAFER BISCUITS MILKA TB 180G,chocolate,0.6928484412757374,accuracy_on_full,maximize
PAO DE ALHO MEZZANI TRADICIONAL 310g,padaria e confeitaria industrializado,0.6928484412757374,accuracy_on_full,maximize
REFRESCO PO TANG 18G LARANJA DOCINHA,preparo para suco,0.6928484412757374,accuracy_on_full,maximize
PILHA ALC C 2 ELGIN AAA,pilha,0.6928484412757374,accuracy_on_full,maximize
SELETA LEGUMES FUGINI PC 170G,vegetal em conserva,0.6928484412757374,accuracy_on_full,maximize
ESC DENT INF COLGATE TANDY 2EM1 1UN,escova de dentes,0.6928484412757374,accuracy_on_full,maximize
DESINF PINHO ORQUIDIA 1.750ML,desinfetante,0.6928484412757374,accuracy_on_full,maximize
PANETONE DE FRUTAS FRUTTONE 400G,panificacao natal,0.6928484412757374,accuracy_on_full,maximize
AGUA SANITARIA YPE 2L,agua sanitaria,0.6928484412757374,accuracy_on_full,maximize
COGUM FRESC P.BELO ARTE TERRA 200G,cogumelo,0.6928484412757374,accuracy_on_full,maximize
BOLO LARANJA SEVEN BOYS        250G,padaria e confeitaria industrializado,0.6928484412757374,accuracy_on_full,maximize
CERVEJA PEACH BADEN BADEN SLEEK LT 350ML,cerveja,0.6928484412757374,accuracy_on_full,maximize
PAPEL FILME MELLO 28CMX30M 2 UN,plastico filme,0.6928484412757374,accuracy_on_full,maximize
BISC BAUDUCCO WAFER LIMAO 78G,biscoito,0.6928484412757374,accuracy_on_full,maximize
BISC PASSATEMPO RECH PC 96G CHOC BATON,biscoito,0.6928484412757374,accuracy_on_full,maximize
ALIM CAES DOG CHOW CARNE AO MOLHO S 100G,alimento pet,0.6928484412757374,accuracy_on_full,maximize
SELETA LEGUMES CONSERVA  OLE 170G,vegetal em conserva,0.6928484412757374,accuracy_on_full,maximize
MAC INST NISSIN  T MONICA TOMATE,macarrao,0.6928484412757374,accuracy_on_full,maximize
PEDRA SANIT HARPIC BOSQ PINHO C/2 OF 50,pedra sanitaria,0.6928484412757374,accuracy_on_full,maximize
SABON INF DOVE BABY 75G HIDRAT GLICER,sabonete infantil,0.6928484412757374,accuracy_on_full,maximize
REFR GUARANA IT 2L,refrigerante,0.6928484412757374,accuracy_on_full,maximize
LEITE FERM ACTIVIA 150G  MORANGO,leite fermentado,0.6928484412757374,accuracy_on_full,maximize
GOMA MASCAR TRIDENT FRESH HERBAL      8G,goma de mascar,0.6928484412757374,accuracy_on_full,maximize
FAROFA MAND TEMP YOKI 400G,farofa pronta,0.6928484412757374,accuracy_on_full,maximize
CERVEJA HEINEKEN 330ML LN,cerveja,0.6928484412757374,accuracy_on_full,maximize
MOLHO BRANCO PRESIDENT 200G,outro molho,0.6928484412757374,accuracy_on_full,maximize
FEIJAO ROXO TRYUMPHO 1KG-PC T1,feijao,0.6928484412757374,accuracy_on_full,maximize
CHOC GAROTO ALO DOCURA            BR 90G,chocolate,0.6928484412757374,accuracy_on_full,maximize
SAB REXONA ANTIB. SPORT MEN 84G,sabonete,0.6928484412757374,accuracy_on_full,maximize
BISC RECH BONO COCO 90G,biscoito,0.6928484412757374,accuracy_on_full,maximize
"RACAO FRISKIES SACH MOLHO 85g, CORD",alimento pet,0.6928484412757374,accuracy_on_full,maximize
LOCAO FIRMADORA Q10 PLUS NIVEA 200ML,creme corporal,0.6928484412757374,accuracy_on_full,maximize
SABAO BARRA GUARANI GLICER 5X1 LIMAO,sabao em pedra,0.6928484412757374,accuracy_on_full,maximize
CAPSULA D.GUSTO C/10 CAF AU LAIT DESNAT,cafe,0.6928484412757374,accuracy_on_full,maximize
BISC WAFER TRIUNFO MORANGO 105G,biscoito,0.6928484412757374,accuracy_on_full,maximize
TEMPERO TAPAJOS COMPLETO S/PIMENTA 1KG,tempero pronto,0.6928484412757374,accuracy_on_full,maximize
PAO QUEIJO FORNO MINAS 200G WAFFLE ASSADO CONG,massa de pao de queijo,0.6928484412757374,accuracy_on_full,maximize
BEB LAC VIGOR VITAMINA 540G,iogurte,0.6928484412757374,accuracy_on_full,maximize
MOSTARDA ARRIFANA 200G,mostarda,0.6928484412757374,accuracy_on_full,maximize
SCH DOGCHOW RP FGO  100G,alimento pet,0.6928484412757374,accuracy_on_full,maximize
SALS HOT DOG SADIA CRY 500G     SAH,salsicha,0.6928484412757374,accuracy_on_full,maximize
MOLHO TOM POMAROLA 460GR TRAD,molho de tomate,0.6928484412757374,accuracy_on_full,maximize
SABON PROTEX VITAMINA E 85G,sabonete,0.6928484412757374,accuracy_on_full,maximize
CALDO KNORR GALINHA 114G,caldo industrializado,0.6928484412757374,accuracy_on_full,maximize
SABON PROTEX VITAMINA E 12X85G,sabonete,0.6928484412757374,accuracy_on_full,maximize
AMENDOIM DORI 120G PETTIZ JAPONES SALGADO,amendoim,0.6928484412757374,accuracy_on_full,maximize
LENTILHA PREZUNIC 500G,lentilha,0.6928484412757374,accuracy_on_full,maximize
LIMPADOR CIF M.USO ANTIB.20 DES.FC 500ML,multiuso,0.6928484412757374,accuracy_on_full,maximize
PAO DE MANTEIGA SB 500G,padaria e confeitaria industrializado,0.6928484412757374,accuracy_on_full,maximize
SOBCOXA FGO A GRANEL RESF KG,carne de ave,0.6928484412757374,accuracy_on_full,maximize
BEBIDA LACT ITAMBEZINHO MOR 200ML,bebida lactea,0.6928484412757374,accuracy_on_full,maximize
IOG GREGO BATAVO 500G PENSE ZERO MOR,iogurte,0.6928484412757374,accuracy_on_full,maximize
G ACET DE DEXAMETASONA CREME 10G EMS,outro farma,0.6928484412757374,accuracy_on_full,maximize
FEIJAO CARIOCA TP 1 SANTA IZABEL 1kg PPP,feijao,0.6928484412757374,accuracy_on_full,maximize
CERVEJA POLAR EXPORT 1L,cerveja,0.6928484412757374,accuracy_on_full,maximize
MOLHO ALHO HIKARI 150ML,outro molho,0.6928484412757374,accuracy_on_full,maximize
KETCHUP PICANTE QUERO FP 400GR,ketchup,0.6928484412757374,accuracy_on_full,maximize
VENTILADOR MONDIAL MESA VSP30B 30CM 127V,ventilador,0.6928484412757374,accuracy_on_full,maximize
LINGUICA ALHO PORO GOURMET SEARA 500G,linguica,0.6928484412757374,accuracy_on_full,maximize
PALHA YOKI LEVE 105G PAGUE 90G,aperitivo,0.6928484412757374,accuracy_on_full,maximize
SOBRECOXA FGO DA GRANJA 600G BDJ,carne de ave,0.6928484412757374,accuracy_on_full,maximize
SC FREEZER MO 3L 23X38 C50 ALUMILESTE,saco para alimento,0.6928484412757374,accuracy_on_full,maximize
BRINQ SLIME ACRILEX 180G KIMELEKA,brinquedo,0.6928484412757374,accuracy_on_full,maximize
SAB FLOR DE YPE 85G  LARANJEIRA,sabonete,0.6928484412757374,accuracy_on_full,maximize
MAIONESE HELLMANNS BG 335G CHIPOTLE,maionese,0.6928484412757374,accuracy_on_full,maximize
DOCE DE LEITE TIROL 350GR,outro doce,0.6928484412757374,accuracy_on_full,maximize
CAFE LOR GOURMET 100  ARAB SC 250G DELICADO,cafe,0.6928484412757374,accuracy_on_full,maximize
"CALDO MARATA 19G, LEGUMES",caldo industrializado,0.6928484412757374,accuracy_on_full,maximize
PE DE MOCA ZERO FITTY 40G 2UN,outro doce,0.6928484412757374,accuracy_on_full,maximize
BUPROVIL 300MG C/30 CP REV MULTILAB,outro farma,0.6928484412757374,accuracy_on_full,maximize
MAIONESE GOURMET 500G,maionese,0.6928484412757374,accuracy_on_full,maximize
SALAMITOS SNACK PIMENTA DOCE    PE   36G,salame,0.6928484412757374,accuracy_on_full,maximize
BISC RECH PIRAQUE 160G COCO,biscoito,0.6928484412757374,accuracy_on_full,maximize
BANANA MACA MERCADO CRFO KG,banana,0.6928484412757374,accuracy_on_full,maximize
"ALIMENTO C/SOJA MAIS VITA 1L, MACA",bebida de soja,0.6928484412757374,accuracy_on_full,maximize
REFRIG SCHIN ITUBAINA L NECK 355ML,refrigerante,0.6928484412757374,accuracy_on_full,maximize
ACAI NAT FROOTY 1.5L,acai,0.6928484412757374,accuracy_on_full,maximize
MASSA OVOS VILMA NINHO N1 500G,macarrao,0.6928484412757374,accuracy_on_full,maximize
CAFE D GUSTO AU LAIT 10CAPS CX 100G DESNATADO,cafe,0.6928484412757374,accuracy_on_full,maximize
REQUEIJAO NATVILLE CHEDDAR 200G,requeijao,0.6928484412757374,accuracy_on_full,maximize
MILHO VDE NAT RECANTO LUA 700G,milho verde em conserva,0.6928484412757374,accuracy_on_full,maximize
CERV COLORADO LAGER SLEEK LT 350ML,cerveja,0.6928484412757374,accuracy_on_full,maximize
MANTEIGA SUACUI 500G-PT C/SAL,manteiga,0.6928484412757374,accuracy_on_full,maximize
AZEITONA C/ CAROCO 80G,azeitona,0.6928484412757374,accuracy_on_full,maximize
LAVA ROUPA OMO 3L PURO CUIDADO,lava roupas,0.6928484412757374,accuracy_on_full,maximize
CANJICA VAPZA COZIDA VACUO LV CX 500 G,vegetal em conserva,0.6928484412757374,accuracy_on_full,maximize
ALIM GATO WHISKAS TEMPTAT ANTI BOLA 40G,alimento pet,0.6928484412757374,accuracy_on_full,maximize
TORRADA BAUDUCCO TOAST CEREALE 128G  INT,torrada,0.6928484412757374,accuracy_on_full,maximize
RACAO FRISKIES 85G SALMAO MOLHO,alimento pet,0.6928484412757374,accuracy_on_full,maximize
CX COELH CHC AO LTE 100G,coelho de chocolate,0.6928484412757374,accuracy_on_full,maximize
CHOCO PRINCESS MILK EXCELCIUM 100G,chocolate,0.6928484412757374,accuracy_on_full,maximize
VINHO DOM BOSCO T SV MES 750ML BRA,vinho nacional,0.6928484412757374,accuracy_on_full,maximize
QUEIJO PRESIDENT TIPO GRUYERE       160G,queijo,0.6928484412757374,accuracy_on_full,maximize
MASSA DABOA 500GR LASANHA CANELONE,massa de lasanha,0.6928484412757374,accuracy_on_full,maximize
SAPONACEO CIF CR 450ML GTS 20,saponaceo,0.6928484412757374,accuracy_on_full,maximize
PANETONE GOT CHOC CX 400g,panificacao natal,0.6928484412757374,accuracy_on_full,maximize
TORRESMO PRONTO TORRESMINAS 180G-PC TRAD,petisco e salgadinho congelado,0.6928484412757374,accuracy_on_full,maximize
IOGURTE DANONE NATURAL DESN.    PT  160G,iogurte,0.6928484412757374,accuracy_on_full,maximize
ALIM CAES DOG CHOW 100G FILH FRANG,alimento pet,0.6928484412757374,accuracy_on_full,maximize
VINAGRE ALCOOL CARREFOUR 750ML,vinagre,0.6928484412757374,accuracy_on_full,maximize
COXINHA ASA FGO. SADIA IQF      PE   1KG,carne de ave,0.6928484412757374,accuracy_on_full,maximize
MELANCIA SOET KG FRAC,melancia,0.6928484412757374,accuracy_on_full,maximize
EXTRATO TOMATE PREDILECTA SACHE 300g,extrato de tomate,0.6928484412757374,accuracy_on_full,maximize
VODKA NAC SMIRNOFF 998ML,vodca,0.6928484412757374,accuracy_on_full,maximize
REFIL SABON LIQ DOVE ANTIBACTERIA 200ML,sabonete,0.6928484412757374,accuracy_on_full,maximize
CERV BRAHMA 350ML LT,cerveja,0.6928484412757374,accuracy_on_full,maximize
FRALDA DESC LOONEY TUNES MEGA XG C/30,fralda,0.6928484412757374,accuracy_on_full,maximize
SUCO REF INT XANDO LIMAO SIC GRF 300ML,suco pronto,0.6928484412757374,accuracy_on_full,maximize
CABELO ANJO VITARELLA SEMOLA 500g,macarrao,0.6928484412757374,accuracy_on_full,maximize
AIR FRYER AFN 40 BI 220V,fritadeira eletrica,0.6928484412757374,accuracy_on_full,maximize
CAFE MELITTA C/LEITE             LT 200G,cafe,0.6928484412757374,accuracy_on_full,maximize
BANANA KG BRANCA,banana,0.6928484412757374,accuracy_on_full,maximize
"BISC BONO RECH 90G, DC LTE, .",biscoito,0.6928484412757374,accuracy_on_full,maximize
CHESTER PERDIGAO ASSA FACIL MOL PEST KG,carne de ave sazonal,0.6928484412757374,accuracy_on_full,maximize
SUSTAGEN KIDS CHOCOL  380G,suplemento alimentar,0.6928484412757374,accuracy_on_full,maximize
V LAGRIMA UVA TT SC TINTO 750 ML,vinho nacional,0.6928484412757374,accuracy_on_full,maximize
PAO WICK.G.S.INT.18 GRAOS       PE 500GR,padaria e confeitaria industrializado,0.6928484412757374,accuracy_on_full,maximize
LAVA ROUPA PO OMO SPORTS 800G,lava roupas,0.6928484412757374,accuracy_on_full,maximize
ABS INTIMUS GEL T PROTECAO C/32 C/ABAS SC,absorvente,0.6928484412757374,accuracy_on_full,maximize
ST.DOVE 135G ORIGINAL HIDRATACAO PROFUNDA,sabonete,0.6928484412757374,accuracy_on_full,maximize
"DESOD AER DOVE 200ML, CLEAN TOUC INV, .",desodorante,0.6928484412757374,accuracy_on_full,maximize
IOG DANONE NATURAL INTEGRAL 160g,iogurte,0.6928484412757374,accuracy_on_full,maximize
RACAO CHAMP CARNE/CEREAL 18Kg,alimento pet,0.6928484412757374,accuracy_on_full,maximize
SORV MAXXI TORTA ALE 1L,sorvete,0.6928484412757374,accuracy_on_full,maximize
SAL GROSSO CARREFOUR 1KG,sal,0.6928484412757374,accuracy_on_full,maximize
SALAM PERDIG ITA MINI INT,salame,0.6928484412757374,accuracy_on_full,maximize
REFRIGERANTE INDAIA GUARANA PET 250ML,refrigerante,0.6928484412757374,accuracy_on_full,maximize
ALGODAO YORK BOLA 50G,algodao,0.6928484412757374,accuracy_on_full,maximize
"SUCO NAT ONE 1,5L-FR UVA SPECIAL BLEND",suco pronto,0.6928484412757374,accuracy_on_full,maximize
AMAC INF RUTH ALOE BABY 1L,amaciante,0.6928484412757374,accuracy_on_full,maximize
ACUCAR CRISTAL CARREFOUR 1KG,acucar,0.6928484412757374,accuracy_on_full,maximize
COBERTOR MICRO LISO 180G CASAL SORT A,cobertor,0.6928484412757374,accuracy_on_full,maximize
ESPONJA ALKLIN DUPLA FACE LV4 PG3,esponja,0.6928484412757374,accuracy_on_full,maximize
CB ACEM MOIDO RESF BDJ FRIBOI 500G,carne bovina,0.6928484412757374,accuracy_on_full,maximize
PRESUNTO PAMPLONA 500G FATIADO,presunto,0.6928484412757374,accuracy_on_full,maximize
IOG BATAVO INTEGRAL NATURAL COPO 160g,iogurte,0.6928484412757374,accuracy_on_full,maximize
LUVA DE MICROFIBRA CR018235,luvas de borracha,0.6928484412757374,accuracy_on_full,maximize
CR DENT COLGATE TOT12 A-TARTAR 90G,creme dental,0.6928484412757374,accuracy_on_full,maximize
"IOG DANONE YOPRO 160g, MORANGO",iogurte,0.6928484412757374,accuracy_on_full,maximize
BEB LAC PORTO ALEGRE BRASIL 540G-BJ MOR,iogurte,0.6928484412757374,accuracy_on_full,maximize
MEIA CAS CLS RIKAM SORT 38 43,meia calca,0.6928484412757374,accuracy_on_full,maximize
FAR ROSCA PULLMAN PC 500G,farinha para empanar,0.6928484412757374,accuracy_on_full,maximize
CHOC KINDER OVO T2 48G  MIRACULOUS,chocolate,0.6928484412757374,accuracy_on_full,maximize
PEDIGREE AD FRANGO AO MOLHO 100G,alimento pet,0.6928484412757374,accuracy_on_full,maximize
"GELEIA LINEA 230G, MIRTILO, .",geleia,0.6928484412757374,accuracy_on_full,maximize
REFRESCO CLIGHT UVA 8G,preparo para suco,0.6928484412757374,accuracy_on_full,maximize
JOGO CARTONADO UNO 98190,_RARE_,0.6928484412757374,accuracy_on_full,maximize
IOG LACFREE MORANGO  170G,iogurte,0.6928484412757374,accuracy_on_full,maximize
TOMATE LV KG,tomate,0.6928484412757374,accuracy_on_full,maximize
ALIM CAES PEDIGREE FILHOTE CARNE 100g,alimento pet,0.6928484412757374,accuracy_on_full,maximize
WAFER DADINHO CREMOSO 90G,biscoito,0.6928484412757374,accuracy_on_full,maximize
"NECTAR DA FRUTA 1L, LARANJA, .",suco pronto,0.6928484412757374,accuracy_on_full,maximize
GEL DENTAL TRALALA BABY T.FRUTTI 70G,creme dental infantil,0.6928484412757374,accuracy_on_full,maximize
REFR GUARANA ACAI VIEIRA ROSSI 2L,suco pronto,0.6928484412757374,accuracy_on_full,maximize
"RACAO PEDIGREE CARN L10,1P9KG",alimento pet,0.6928484412757374,accuracy_on_full,maximize
LING SEARA GOURMET CUIABANA         500G,linguica,0.6928484412757374,accuracy_on_full,maximize
GELEIA SOROCABA FIGO            PT 250GR,geleia,0.6928484412757374,accuracy_on_full,maximize
DROPS HALLS MELANCIA 28G,bala,0.6928484412757374,accuracy_on_full,maximize
MAS SEM INTEG ESPAGU 500G,macarrao,0.6928484412757374,accuracy_on_full,maximize
BISC POLVILHO CARREFOUR QUEIJ 100G,biscoito,0.6928484412757374,accuracy_on_full,maximize
COMEDOURO POLYMER P/CAES MED 1.10L,outro pet shop,0.6928484412757374,accuracy_on_full,maximize
CR DENT COLG TRIPLA ACAO 180G,creme dental,0.6928484412757374,accuracy_on_full,maximize
LEITE CONDENSADO SEMIDESNATADO,leite condensado,0.6928484412757374,accuracy_on_full,maximize
LEITE COND BENDITO SEMIDESNATADO TP 395G,leite condensado,0.6928484412757374,accuracy_on_full,maximize
GREGO FR VERMELHAS VIGOR 100G,iogurte,0.6928484412757374,accuracy_on_full,maximize
PALM INT PUPUNHA 2X290GR JABOTICAB,vegetal em conserva,0.6928484412757374,accuracy_on_full,maximize
SONRIDOR CAF C.4 COMP EFERV HOSP GSK,outro farma,0.6928484412757374,accuracy_on_full,maximize
CARNE MOIDA COXAO MOLE           KG,carne bovina,0.6928484412757374,accuracy_on_full,maximize
QJO PRATO 0 LAC FAT LAC LELO 150G,queijo,0.6928484412757374,accuracy_on_full,maximize
MOLHO TOMATE  POMAR PASSATA 700 GR,molho de tomate,0.6928484412757374,accuracy_on_full,maximize
REFRIG FANTA LARANJA LT 220ML,refrigerante,0.6928484412757374,accuracy_on_full,maximize
MILHO KNORR LT 170G,milho verde em conserva,0.6928484412757374,accuracy_on_full,maximize
CANAPES ARTIJU BARQUETES 120G,padaria e confeitaria industrializado,0.6928484412757374,accuracy_on_full,maximize
SABON FLOR DE YPE 85G MEU MOMEN MANDARINA,sabonete,0.6928484412757374,accuracy_on_full,maximize
SACO LIXO NOSSO ROLL 15L RL C/100 AZUL,saco de lixo,0.6928484412757374,accuracy_on_full,maximize
LOMBO SUINO SADIA               AV    KG,carne suina,0.6928484412757374,accuracy_on_full,maximize
PICANHA BOV VACUO FAT RESF PESO,carne bovina,0.6928484412757374,accuracy_on_full,maximize
CASTANHA PARA KOCH PT 150G,"nozes, castanhas e outras oleaginosas",0.6928484412757374,accuracy_on_full,maximize
LIMP VEJA X14 BAN RF ECON 400ML C/CLORO,multiuso,0.6928484412757374,accuracy_on_full,maximize
MASSA C/OVOS ADRIA ESPAG 8 500G,macarrao,0.6928484412757374,accuracy_on_full,maximize
FERMENTO EM PO BIOLOGICO APTI 10G,fermento,0.6928484412757374,accuracy_on_full,maximize
CONFEITO PEPITA DECORACAO 80G,chocolate,0.6928484412757374,accuracy_on_full,maximize
PASSATA LA MOLISANA 690G,polpa de tomate,0.6928484412757374,accuracy_on_full,maximize
SAB GLIC GRANADO BEBE 90G,sabonete infantil,0.6928484412757374,accuracy_on_full,maximize
SALGAD TIRA TEIMA JR CEBOLA/SALSA 45G,aperitivo,0.6928484412757374,accuracy_on_full,maximize
CHOC BCO COOKIES LINEA 30G,chocolate,0.6928484412757374,accuracy_on_full,maximize
TOALHA GOURMET BRANCO 2UN,papel toalha,0.6928484412757374,accuracy_on_full,maximize
PILHA PANASONIC ULTRA HIPER PALITO C/04,pilha,0.6928484412757374,accuracy_on_full,maximize
DES AER DOVE F GRAN VERBEN 89g,desodorante,0.6928484412757374,accuracy_on_full,maximize
MOCOTO BOVINO CONG CRFO KG,carne bovina,0.6928484412757374,accuracy_on_full,maximize
DESINF PROTECAO INCOLO 500ML,desinfetante,0.6928484412757374,accuracy_on_full,maximize
CANJIQUINHA MILHO AMARELA VALORE 400g,canjica,0.6928484412757374,accuracy_on_full,maximize
AZEITE OLIVA DO CHEFE PREM EV VD 500ML,azeite de oliva,0.6928484412757374,accuracy_on_full,maximize
NECTAR MAGUARY LARANJA TP 200ML,suco pronto,0.6928484412757374,accuracy_on_full,maximize
QJO REINO REGINA CUIA INT,queijo,0.6928484412757374,accuracy_on_full,maximize
FLR BENA OUTUB P14,plantas e sementes,0.6928484412757374,accuracy_on_full,maximize
CHOC GRAN MARPA 200G,chocolate,0.6928484412757374,accuracy_on_full,maximize
C D ORAL-B KIDS 50G PRINCESAS,creme dental infantil,0.6928484412757374,accuracy_on_full,maximize
ENERGETICO RED BULL SUGAR FREE LT 355ML,energetico,0.6928484412757374,accuracy_on_full,maximize
GOMA MASCAR TRIDENT MENTA 14S      25.2G,goma de mascar,0.6928484412757374,accuracy_on_full,maximize
BISC ROSQ RANCHEIRO 300G  COCO,biscoito,0.6928484412757374,accuracy_on_full,maximize
DESOD NIVEA MASC FRESH SP           90ML,desodorante,0.6928484412757374,accuracy_on_full,maximize
BRINQ BOLHA SABAO BUBBLEZ 50ML .,brinquedo,0.6928484412757374,accuracy_on_full,maximize
FOSFORO FIAT LUX EXTRA LONGO C 50UN,fosforo,0.6928484412757374,accuracy_on_full,maximize
LEITE COND TRIANGULO MINEIRO S DESN 395G,leite condensado,0.6928484412757374,accuracy_on_full,maximize
CEREAL MAT SNOW FLAKES 230G  MORANGO,cereal matinal,0.6928484412757374,accuracy_on_full,maximize
ARROZ BROTO LEGAL 2KG,arroz,0.6928484412757374,accuracy_on_full,maximize
CANETA BIC CRISTAL UP AZ/PT/VM,caneta,0.6928484412757374,accuracy_on_full,maximize
CR DENT CLOSEUP MENTA AMERICANA 70G,creme dental,0.6928484412757374,accuracy_on_full,maximize
IOG DANONE GREGO BLUEBERRY 90G,iogurte,0.6928484412757374,accuracy_on_full,maximize
VIBRAMICINA SOLUVEL C/20 COMPR. PFIZER,outro farma,0.6928484412757374,accuracy_on_full,maximize
SMARTPHONE SAMSUNG A23 128GB 6 6 PTO SP,celular,0.6928484412757374,accuracy_on_full,maximize
FGO PASSARINHO SADIA IQF 1KG,carne de ave,0.6928484412757374,accuracy_on_full,maximize
OVO ITALO BRASILEIRA C/30 GRANDE,ovo,0.6928484412757374,accuracy_on_full,maximize
MAIONESE HELLMANNS 657G-PET TRAD,maionese,0.6928484412757374,accuracy_on_full,maximize
IOGURTE LIQ VIGOR MIX GRAN CASTAN 165G,iogurte,0.6928484412757374,accuracy_on_full,maximize
PRESUNTO PAMPLONA FAT PC 180G,presunto,0.6928484412757374,accuracy_on_full,maximize
ALCATRA PED CRFO KG,carne bovina,0.6928484412757374,accuracy_on_full,maximize
G ACETILCISTEINA 600MG C 16 ENV GEOLAB,outro farma,0.6928484412757374,accuracy_on_full,maximize
LIMP VEJA MULTIUSO ORIG GOLD 750ML EMB E,multiuso,0.6928484412757374,accuracy_on_full,maximize
ESPUM CHANDON DEM SEC 750ML,espumante,0.6928484412757374,accuracy_on_full,maximize
CHOC LACTA BIS XTRA 45G- AO LEITE,chocolate,0.6928484412757374,accuracy_on_full,maximize
"REFRIG. PEPSI                   FC 1,5LT",refrigerante,0.6928484412757374,accuracy_on_full,maximize
LEITE LV A2 PIRACANJ 1L,leite,0.6928484412757374,accuracy_on_full,maximize
REFRIGERANTE MINEIRO TRAD LT 350ML,refrigerante,0.6928484412757374,accuracy_on_full,maximize
CITRUS PRATA LT 269ML,refrigerante,0.6928484412757374,accuracy_on_full,maximize
ROOTSTOGO POPPS NATU 35G,aperitivo,0.6928484412757374,accuracy_on_full,maximize
BROCOLIS RBR ORG BJ 250G,brocolis,0.6928484412757374,accuracy_on_full,maximize
TOMATE PCT 1KG,tomate,0.6928484412757374,accuracy_on_full,maximize
MARSHMALLOW CHAM HARIBO CABLES PURP 80G,bala,0.6928484412757374,accuracy_on_full,maximize
PLUGUE TRAMONTINA MACH 2P T 10A 250V BCO,plug de tomada,0.6928484412757374,accuracy_on_full,maximize
MANTEIGA AVIACAO C SAL TB 200G,manteiga,0.6928484412757374,accuracy_on_full,maximize
CALDO KNORR COSTELA 57G,caldo industrializado,0.6928484412757374,accuracy_on_full,maximize
SAGU YOKI PEROLA PC 500G,sagu,0.6928484412757374,accuracy_on_full,maximize
DESOD AER AXE 200ML CETI MD LV PG-,desodorante,0.6928484412757374,accuracy_on_full,maximize
SAB FARNESE LAV/FLOR DE ORQUIDEA 180G,sabonete,0.6928484412757374,accuracy_on_full,maximize
DEO AERO OLD SPICE M MATADO 150ML,desodorante,0.6928484412757374,accuracy_on_full,maximize
CHOC ALPINO 85G-TA 51 CACAU RICH,chocolate,0.6928484412757374,accuracy_on_full,maximize
CHOC KINDER OVO ROSA 40G,chocolate,0.6928484412757374,accuracy_on_full,maximize
INSET SBP ELET LIQ RF 35ML 45NT TRAD,repelente,0.6928484412757374,accuracy_on_full,maximize
ENX BUC COLGATE PLAX INFINITY 250ML,enxaguante bucal,0.6928484412757374,accuracy_on_full,maximize
BISC VISCONTI WAFER LIMAO 120G,biscoito,0.6928484412757374,accuracy_on_full,maximize
CARVAO VEGETAL EUCALIPTO ARCO IRIS 4kg,carvao,0.6928484412757374,accuracy_on_full,maximize
"CERVEJA BADEN BADEN 350ML LT, PILSEN",cerveja,0.6928484412757374,accuracy_on_full,maximize
"CHA MATTE LEAO ORIGINAL         FC 1,5LT",cha pronto,0.6928484412757374,accuracy_on_full,maximize
VINAGRE CHEMIM ALCOOL           FC 900ML,vinagre,0.6928484412757374,accuracy_on_full,maximize
CHOC NESTLE PRESTIGIO CHOC 33G,chocolate,0.6928484412757374,accuracy_on_full,maximize
ESPUM PRIMICIAS 660ML ROSE MOSCATEL,espumante,0.6928484412757374,accuracy_on_full,maximize
AVEIA FL S GLUTEM SUPLY JASMINE 200G,aveia e seus derivados,0.6928484412757374,accuracy_on_full,maximize
PAO DE QUEIJO CRU 400G,massa de pao de queijo,0.6928484412757374,accuracy_on_full,maximize
SALAME SADIA ITALIANO FAT PC 100G,salame,0.6928484412757374,accuracy_on_full,maximize
LEITE COND PIRACANJUBA TP 270g,leite condensado,0.6928484412757374,accuracy_on_full,maximize
DEO AERO REXONA MEN V8 250ML,desodorante,0.6928484412757374,accuracy_on_full,maximize
BEB CAST A TAL DA CASTANHA 1L CAJ PAR,outra bebida vegetal,0.6928484412757374,accuracy_on_full,maximize
"SUCO AURORA INTEG GF1,500L, UVA BG, .",suco pronto,0.6928484412757374,accuracy_on_full,maximize
TORRADA VISCONTI TRAD 120g,torrada,0.6928484412757374,accuracy_on_full,maximize
ARROZ BCO SEPE T1 5KG,arroz,0.6928484412757374,accuracy_on_full,maximize
"MACAR ISABELA INST TOMATE MINIONS 74,3g",macarrao,0.6928484412757374,accuracy_on_full,maximize
AMENDOIM E CHIPS JAPONES PC 400G,amendoim,0.6928484412757374,accuracy_on_full,maximize
BOLINHO C.SUICA ZERO 35G CHOCOLATE,padaria e confeitaria industrializado,0.6928484412757374,accuracy_on_full,maximize
IOG LIQ ITAMBE 1250G  MORANGO,iogurte,0.6928484412757374,accuracy_on_full,maximize
PT SOLAR SUNDOWN FP50 200ML KIDS60,protetor solar,0.6928484412757374,accuracy_on_full,maximize
ATUM COQUEIRO SOLIDO AO NATURAL  170G,proteina em conserva,0.6928484412757374,accuracy_on_full,maximize
SALAME ITL AURORA FAT 100g,salame,0.6928484412757374,accuracy_on_full,maximize
MORT DEF SEARA,mortadela,0.6928484412757374,accuracy_on_full,maximize
MAC TRICOLORI FUSILLI GALO 500g,macarrao,0.6928484412757374,accuracy_on_full,maximize
"AMAC ROUPA YPE LV2L/PG1,8L-FR ACONCHEGO",amaciante,0.6928484412757374,accuracy_on_full,maximize
GOMA MASCAR TRIDENT CANELA 8G,goma de mascar,0.6928484412757374,accuracy_on_full,maximize
ALFACE LISA HIDROP WATANABE UN,alface,0.6928484412757374,accuracy_on_full,maximize
MIOLO ALCATRA A VACUO PESO,carne bovina,0.6928484412757374,accuracy_on_full,maximize
PALMITO PALMEIRON PUPUNHA EXTRA 300G,palmito,0.6928484412757374,accuracy_on_full,maximize
"BISC WAFER TRIGOLINO 30g, MORANGO",biscoito,0.6928484412757374,accuracy_on_full,maximize
LICOR 43 700ML,licor,0.6928484412757374,accuracy_on_full,maximize
MACARRAO PENNE JOIA C/OVOS 500g,macarrao,0.6928484412757374,accuracy_on_full,maximize
CR DENT COLGATE TOTAL 12 WHITENING DRM 90g,creme dental,0.6928484412757374,accuracy_on_full,maximize
CAFE SOL NESCAFE ORIG EXT FORT VD 200g,cafe,0.6928484412757374,accuracy_on_full,maximize
ALIM CAES DOGGS BIFINHO FIL.CARN/LEI 65G,alimento pet,0.6928484412757374,accuracy_on_full,maximize
COSTELA SUINA SWIFT KG,carne suina,0.6928484412757374,accuracy_on_full,maximize
IOG NAT VIGOR 150G VIV,iogurte,0.6928484412757374,accuracy_on_full,maximize
AMAC ROUPA CONC DOWNY SPORTS 1.35L,amaciante,0.6928484412757374,accuracy_on_full,maximize
CANJICA MILHO BRANCA  500G,canjica,0.6928484412757374,accuracy_on_full,maximize
REFRIG. SUKITA UVA              FC   2LT,refrigerante,0.6928484412757374,accuracy_on_full,maximize
LAPIS BIC EVOL HEXA PTO/C.VDE HB N.2 C/4,lapis,0.6928484412757374,accuracy_on_full,maximize
SORVETE NESTLE NAPOLITANO ESPEC  PT 1.5L,sorvete,0.6928484412757374,accuracy_on_full,maximize
MOLHO CHIMICHURRI CARREFOUR SELEC 250G,outro molho,0.6928484412757374,accuracy_on_full,maximize
IOG G TR BETAN400G TRAD 400G,iogurte,0.6928484412757374,accuracy_on_full,maximize
C BAS OLEO SOJA GD,cesta basica,0.6928484412757374,accuracy_on_full,maximize
WAFER BAUD MAXI CHOC 117g,biscoito,0.6928484412757374,accuracy_on_full,maximize
COPA CURADA AURORA FAT 100G,carne suina,0.6928484412757374,accuracy_on_full,maximize
CRM QJO MINAS FRESCAL PORTO ALEGRE 200G,queijo,0.6928484412757374,accuracy_on_full,maximize
CEREAL NESTLE PASSATEMPO CHOC/BAUN SACHET 25g,cereal matinal,0.6928484412757374,accuracy_on_full,maximize
MANDIOCA VEGEPACK 800G,mandioca,0.6928484412757374,accuracy_on_full,maximize
POLPA FRUTA IDEAL ACEROLA 400g,polpa de fruta congelada,0.6928484412757374,accuracy_on_full,maximize
IOG VIGOR MIX BANANA/MEL 165g,iogurte,0.6928484412757374,accuracy_on_full,maximize
BALA GELATINA DORI 48G JUBES MORANGO,bala,0.6928484412757374,accuracy_on_full,maximize
CERVEJA ITAIPAVA C/18 350ML LT PILSEN,cerveja,0.6928484412757374,accuracy_on_full,maximize
SAL DE FRUTA ENO LIMAO GLAXO        10GR,outro farma,0.6928484412757374,accuracy_on_full,maximize
SOPA MAGGI CARNE/CONCHINHA       PCT 63G,preparo para sopa,0.6928484412757374,accuracy_on_full,maximize
SALSA LA VITA HIGIENIZADA 60G,vegetal higienizado e processado,0.6928484412757374,accuracy_on_full,maximize
FDA DESC PAMPERS CONF SEC MEGA XG 34UN,fralda,0.6928484412757374,accuracy_on_full,maximize
CEREAL NESTLE SNOW FLAKES        CX 620G,cereal matinal,0.6928484412757374,accuracy_on_full,maximize
BALAO REGINA LATEX PERA 65 BRANCO C/50,balao de festa,0.6928484412757374,accuracy_on_full,maximize
AZEITONA V FERTIL VERDE C/CAROCO SACHET 500g,azeitona,0.6928484412757374,accuracy_on_full,maximize
TWIX CARAMELO 30X15G FUN SIZE,chocolate,0.6928484412757374,accuracy_on_full,maximize
LEITE LV PARMALAT S/DESN 1L 2125,leite,0.6928484412757374,accuracy_on_full,maximize
PETIT NESTLE CHAMBINHO CHOC 320g,iogurte,0.6928484412757374,accuracy_on_full,maximize
TESOURA TRAMONTINA P/PODA 78300/001,outro utensilio de cozinha,0.6928484412757374,accuracy_on_full,maximize
G NIMESULIDA 100MG C/ 12 CP EUROFARMA,outro farma,0.6928484412757374,accuracy_on_full,maximize
BACIA PLASVALE CANELADA MARROM 8l,outro bazar e departamentos,0.6928484412757374,accuracy_on_full,maximize
G MAL TIMOLOL 0.5  COLIRIO 5ML EMS,outro farma,0.6928484412757374,accuracy_on_full,maximize
ALVEJ DETERG SUPER CANDIDA 1L,alvejante,0.6928484412757374,accuracy_on_full,maximize
POLPA BRASFRUT CAJU 100ML,polpa de fruta congelada,0.6928484412757374,accuracy_on_full,maximize
CHOC TAB GAROTO BATON COOKIE 80G,chocolate,0.6928484412757374,accuracy_on_full,maximize
NECTAR NUTRINECTAR MARACUJA 1l,suco pronto,0.6928484412757374,accuracy_on_full,maximize
VELA SANTA PAULINA 50MM         AV   1UN,vela,0.6928484412757374,accuracy_on_full,maximize
WHISKY WHITE HORSE                GFA 1L,whisky,0.6928484412757374,accuracy_on_full,maximize
VINHO SANTA RITA SECRET PINOT  GFA 750ML,vinho importado,0.6928484412757374,accuracy_on_full,maximize
TORRONE CHOC ESPH TRAPA 150G MILK NOUGAT,chocolate,0.6928484412757374,accuracy_on_full,maximize
SALS SADIA HOT DOG 500g,salsicha,0.6928484412757374,accuracy_on_full,maximize
TULIPA VARIADA P12,plantas e sementes,0.6928484412757374,accuracy_on_full,maximize
OVO EXTRA BRANCO C 20 UNID INCORB,ovo,0.6928484412757374,accuracy_on_full,maximize
PRES SEARA SUINO FAT,presunto,0.6928484412757374,accuracy_on_full,maximize
IOG NAT CEN LAR NESTLE  170G,iogurte,0.6928484412757374,accuracy_on_full,maximize
PETIT DANONINHO BJ 480G BAN/MGO/MACA VE,iogurte,0.6928484412757374,accuracy_on_full,maximize
SAB. LUX B.FLOR VERBEN.L P- 340GPE   4UN,sabonete,0.6928484412757374,accuracy_on_full,maximize
"SUCO TIAL 100  1L, LARANJA",suco pronto,0.6928484412757374,accuracy_on_full,maximize
BOLINHO BAUN RECH T MON 40GR,padaria e confeitaria industrializado,0.6928484412757374,accuracy_on_full,maximize
SEMENTE ALFACE MONICA FELTRIN,plantas e sementes,0.6928484412757374,accuracy_on_full,maximize
BEB SKOL BEATS GT LN 269ML,bebida mista,0.6928484412757374,accuracy_on_full,maximize
AGUA MIN CRYSTAL S/GAS PET 500ML,agua,0.6928484412757374,accuracy_on_full,maximize
SHAMPOO SUAVE DETOX REFRESCANTE  750ML,shampoo,0.6928484412757374,accuracy_on_full,maximize
FUBA MIMOSO HIKARI 500G,fuba,0.6928484412757374,accuracy_on_full,maximize
FARINHA TRIGO DO PADEIRO 25Kg,farinha de trigo,0.6928484412757374,accuracy_on_full,maximize
LIMP VEJA LIMP PES FLORAL CAMPES   FR 1L,multiuso,0.6928484412757374,accuracy_on_full,maximize
PROTET DIARIO ALWAYS PROTECAO SEGUR C/15,absorvente,0.6928484412757374,accuracy_on_full,maximize
PICOLE KIBON MAGNUN BRANCO           74G,picole,0.6928484412757374,accuracy_on_full,maximize
FACA CHURR INOX TRAMONT LEME VERM,outro utensilio de cozinha,0.6928484412757374,accuracy_on_full,maximize
FLOR AZALEIA LIEBE PT13,plantas e sementes,0.6928484412757374,accuracy_on_full,maximize
ENERG RED BULL SUGAR FREE250ML,energetico,0.6928484412757374,accuracy_on_full,maximize
PAO RUSTICO AZEITONA 340G,padaria e confeitaria fresca,0.6928484412757374,accuracy_on_full,maximize
CATCHUP ARISCO NORMAL      PET 390G,ketchup,0.6928484412757374,accuracy_on_full,maximize
LTE NINHO SD 1L BRANCO 1LT,leite,0.6928484412757374,accuracy_on_full,maximize
LASANHA SADIA CALABRESA 600g,lasanha congelada,0.6928484412757374,accuracy_on_full,maximize
MASSA DE CECCO 500G ITA TAGLIATELLE,macarrao,0.6928484412757374,accuracy_on_full,maximize
LIMP CASA E PERFUME FR 1L AGRADABLE,multiuso,0.6928484412757374,accuracy_on_full,maximize
BISC RICHESTER AMORI WAFER CHOC BCO 80g,biscoito,0.6928484412757374,accuracy_on_full,maximize
PACK MACARRAO INSTANT CARNE 5X85G,macarrao,0.6928484412757374,accuracy_on_full,maximize
COLOMBA BAUDUCCO GT CHOC CX 500G,panificacao pascoa,0.6928484412757374,accuracy_on_full,maximize
MAC G DORO ESPAGUET ADRIA 500G,macarrao,0.6928484412757374,accuracy_on_full,maximize
DANONINHO PARA BEBER VITAM FR 170G,iogurte,0.6928484412757374,accuracy_on_full,maximize
LEITE DESN AURORA 1L,leite,0.6928484412757374,accuracy_on_full,maximize
FEIJAO PRETO TIO JORGE TP1 1kg,feijao,0.6928484412757374,accuracy_on_full,maximize
"VODKA KISLLA 900ML, TRADICIONAL",vodca,0.6928484412757374,accuracy_on_full,maximize
ESCOVA NOVICA ADAPT             AV   1UN,escova de limpeza,0.6928484412757374,accuracy_on_full,maximize
TOALHA UMED HUGGIES TRIPLA PROT C/32 UN,lenco umedecido,0.6928484412757374,accuracy_on_full,maximize
REFR PO TANG 18G-EV GUARANA,preparo para suco,0.6928484412757374,accuracy_on_full,maximize
COOKIE TODDY CHOCOLATE 133G,biscoito,0.6928484412757374,accuracy_on_full,maximize
LASANHA AURORA FRANGO AO SUGO 600G,lasanha congelada,0.6928484412757374,accuracy_on_full,maximize
LACTO-PURGA C/06 COMPRIMIDOS HYPERMARCAS,outro farma,0.6928484412757374,accuracy_on_full,maximize
PIPOCA MICRO YOKI PC 100G NATURAL,pipoca para microondas,0.6928484412757374,accuracy_on_full,maximize
BLUEBERRY BAND 125G,outra fruta,0.6928484412757374,accuracy_on_full,maximize
CHA BCO NATURAL TEA 1L PITAYA/AMORA,cha pronto,0.6928484412757374,accuracy_on_full,maximize
"IOG FRIMESA FRIMINHO 170G, MORANGO, .",iogurte,0.6928484412757374,accuracy_on_full,maximize
KIT BUDWEISER COPA MUNDO 2X330ML  COPO ALUM VRM,cerveja,0.6928484412757374,accuracy_on_full,maximize
PAO FORMA VALE DO SOL TRAD 450G,padaria e confeitaria industrializado,0.6928484412757374,accuracy_on_full,maximize
SAB REXONA ANTIBAC LIMP PROF 84G,sabonete,0.6928484412757374,accuracy_on_full,maximize
PAO QUEIJO MINEIRINHO MULT.TRAD.PE 400GR,massa de pao de queijo,0.6928484412757374,accuracy_on_full,maximize
MIST P BOLO CHOCOLATE CONFIARE 400G,preparo para bolo,0.6928484412757374,accuracy_on_full,maximize
REFRIG FANTA UVA SLEEK LT 310ML,refrigerante,0.6928484412757374,accuracy_on_full,maximize
ENX LISTERINE ZERO 250ML,enxaguante bucal,0.6928484412757374,accuracy_on_full,maximize
QA QJ MINAS PADRAO QUALITA,queijo,0.6928484412757374,accuracy_on_full,maximize
CERVEJA AMSTEL 600ML DESC,cerveja,0.6928484412757374,accuracy_on_full,maximize
PH FD DUALETTE ELITE ULTRA 30M L16P15,papel higienico,0.6928484412757374,accuracy_on_full,maximize
AGUA ALCALINA AYLA 300ML S/ GAS,agua,0.6928484412757374,accuracy_on_full,maximize
AMENDOA CAST DE CAJU INT MERC CRFO 150G,"nozes, castanhas e outras oleaginosas",0.6928484412757374,accuracy_on_full,maximize
ROSEIRA MINI PT 15 PT15,plantas e sementes,0.6928484412757374,accuracy_on_full,maximize
DESCOLOR PO YAMA 20G CAMOMILA,tintura e descolorante,0.6928484412757374,accuracy_on_full,maximize
DORALGINA C/4 DRAGEAS NEO QUIMICA,outro farma,0.6928484412757374,accuracy_on_full,maximize
ALFACE AMERICANA BA MO,alface,0.6928484412757374,accuracy_on_full,maximize
CHOC TALENTO MEIO AMARGO 85G,chocolate,0.6928484412757374,accuracy_on_full,maximize
IOG VDE CAMPO 28G NAT WHEY 500G MORANGO,iogurte,0.6928484412757374,accuracy_on_full,maximize
BAT PALHA EXTRAFINA ELMA CHIPS ECON 205G,vegetal em palha,0.6928484412757374,accuracy_on_full,maximize
CHOC HERSHEYS 85G-TA COFEE EXPRESSO,chocolate,0.6928484412757374,accuracy_on_full,maximize
ROSQUINHA CHOCOLATE LOW ZERO 150G,biscoito,0.6928484412757374,accuracy_on_full,maximize
LEITE L V INTEGRAL ITAMBE     1L,leite,0.6928484412757374,accuracy_on_full,maximize
LASANH ORQUIDEA 200G,massa de lasanha,0.6928484412757374,accuracy_on_full,maximize
AMENDOIM CROC EXCELENCIA 400G PIMENTA,amendoim,0.6928484412757374,accuracy_on_full,maximize
CERV PETRA PURO MALTE LN 355ML,cerveja,0.6928484412757374,accuracy_on_full,maximize
LEITE PIA INTEGRAL     TP   1LT,leite,0.6928484412757374,accuracy_on_full,maximize
MIST PAO QUEIJO YOKI 250g,preparo de alimento,0.6928484412757374,accuracy_on_full,maximize
LIMP SANOL 120ML ROUPA LAV,lava roupas,0.6928484412757374,accuracy_on_full,maximize
SOPAO GAL CAIP MAGGI 24X200G,preparo para sopa,0.6928484412757374,accuracy_on_full,maximize
TAPIOCA GRANULADA ROCHA         PE 400GR,tapioca,0.6928484412757374,accuracy_on_full,maximize
CEBOLA CONSERVA FUGITA 1KG PCT,cebola,0.6928484412757374,accuracy_on_full,maximize
TEMPERO MACTOST CHIMICHURRI     CT  30GR,tempero pronto,0.6928484412757374,accuracy_on_full,maximize
IOG MIX VIGOR GRANOLA E CAST 165G,iogurte,0.6928484412757374,accuracy_on_full,maximize
PE DE MOLEQUE DACOL.MAS/MELADO  PE 240GR,doce de amendoim,0.6928484412757374,accuracy_on_full,maximize
MELAO ORANGE BEN KG,melao,0.6928484412757374,accuracy_on_full,maximize
SALGADINHO ELMA CHIPS 70GR RUFFLES HOT DOG,aperitivo,0.6928484412757374,accuracy_on_full,maximize
REFR FRUKI GUARANA PET 200ML,refrigerante,0.6928484412757374,accuracy_on_full,maximize
FAR MANDIOCA COMPER PC 1KG,farinha de mandioca,0.6928484412757374,accuracy_on_full,maximize
LING AURORA CHURRASCO RESF KG,linguica,0.6928484412757374,accuracy_on_full,maximize
REPELENTE OFF 100ML LOCAO,repelente corporal,0.6928484412757374,accuracy_on_full,maximize
SOBRECOXA FGO SADIA ZIP 1KG,carne de ave,0.6928484412757374,accuracy_on_full,maximize
"CHICLE TRIDENT MELANCIA 25,2g",goma de mascar,0.6928484412757374,accuracy_on_full,maximize
SACO PLAST GLOBOPACK FREEZER 2L C/50,saco para alimento,0.6928484412757374,accuracy_on_full,maximize
CHA CIDREIRA LEAO   C/15 15G,cha por infusao,0.6928484412757374,accuracy_on_full,maximize
BALA GELATINA DOCILE AZED MINHOCA 190G,bala,0.6928484412757374,accuracy_on_full,maximize
ARROZ BRANCO CARREFOUR CLASSIC 1KG,arroz,0.6928484412757374,accuracy_on_full,maximize
REFRESCO PO CLIGHT 8G MORANGO,preparo para suco,0.6928484412757374,accuracy_on_full,maximize
SALADA VERAO DAUCY 300G,vegetal congelado,0.6928484412757374,accuracy_on_full,maximize
ENX BUCAL CLOSEUP ICE C/ALCOOL 500ml,enxaguante bucal,0.6928484412757374,accuracy_on_full,maximize
FILTRO PAPEL PEQUENO 100 MELITTA,coador,0.6928484412757374,accuracy_on_full,maximize
SAND HOT HIT PICANHA KETCHUP SEARA 145G,sanduiche congelado,0.6928484412757374,accuracy_on_full,maximize
BOLINHO A.MARIA COB.CHOCOLATE   PE  42GR,padaria e confeitaria industrializado,0.6928484412757374,accuracy_on_full,maximize
BUCHA BANHO VEGETAL SAMPA CLEAN,esponja de banho,0.6928484412757374,accuracy_on_full,maximize
CAMISETA MC DDP FOX MSC P2 MMOI22 SP,camiseta,0.6928484412757374,accuracy_on_full,maximize
AGUA MINERAL BONAFONT 6250ML,agua,0.6928484412757374,accuracy_on_full,maximize
SALSICHA COPACOL HOT DOG CONG PCT 3KG,salsicha,0.6928484412757374,accuracy_on_full,maximize
BISC RECH MARILAN 80G BAUNY,biscoito,0.6928484412757374,accuracy_on_full,maximize
OVO CAIPIRA SQ C 6,ovo,0.6928484412757374,accuracy_on_full,maximize
BISC POLV CATITA 90G-PC TRAD,biscoito,0.6928484412757374,accuracy_on_full,maximize
MARG DELICIA C/S LIGHT 500g,margarina,0.6928484412757374,accuracy_on_full,maximize
BISC DENTASTIX PEDIGREE R GRDS C7 270G,biscoito,0.6928484412757374,accuracy_on_full,maximize
GUARDA CHUVA FEM SEMAX SS022MF POA SORT,guarda-chuva,0.6928484412757374,accuracy_on_full,maximize
SARDINHA LIMPA S/CAB FCA         KG,peixe,0.6928484412757374,accuracy_on_full,maximize
CIG ROTHMANS REBOOT SILVER N BOX CARTEIR,cigarro,0.6928484412757374,accuracy_on_full,maximize
CS PERNIL PURUR KG RESF,carne suina,0.6928484412757374,accuracy_on_full,maximize
TO PAPEL FD SNACK C100 FOLHAS,papel toalha,0.6928484412757374,accuracy_on_full,maximize
LING SUINA PERDIGAO KG,linguica,0.6928484412757374,accuracy_on_full,maximize
OLEO COCO EV COPRA 500ML,oleo vegetal,0.6928484412757374,accuracy_on_full,maximize
REFR TAUBAIANA 2L,refrigerante,0.6928484412757374,accuracy_on_full,maximize
CB MATURATTA BIFE ANCHO KG PC VACUO,carne bovina,0.6928484412757374,accuracy_on_full,maximize
LING PERDIGAO PAIO PC 370G,linguica,0.6928484412757374,accuracy_on_full,maximize
ALIM GATOS DREAMIES QUEIJO 40G,alimento pet,0.6928484412757374,accuracy_on_full,maximize
LINGUICA TOSCANA MF TFV KG,linguica,0.6928484412757374,accuracy_on_full,maximize
PO P/ BEBIDA LACT MUKY MORANGO PT 300g,bebida lactea,0.6928484412757374,accuracy_on_full,maximize
OVO GALINHA CAIP VRM ORG ASA 10UN,ovo,0.6928484412757374,accuracy_on_full,maximize
BISC TRIGOLINO RECH CHOC 80G,biscoito,0.6928484412757374,accuracy_on_full,maximize
BISC RODEO PEDIGREE CARNE C/4 70G,biscoito,0.6928484412757374,accuracy_on_full,maximize
CARNE BOV FRALDINHA PORC MF KG,carne bovina,0.6928484412757374,accuracy_on_full,maximize
ESPONJA ANTIA LPSB  3UN,esponja,0.6928484412757374,accuracy_on_full,maximize
ROSQUINHA FORTALEZA CHOC 350g,biscoito,0.6928484412757374,accuracy_on_full,maximize
CARNE BOV POSTA VERM PORC MF KG,carne bovina,0.6928484412757374,accuracy_on_full,maximize
SABAO KEAN PLUS 200G,sabao em pedra,0.6928484412757374,accuracy_on_full,maximize
PAPINHA NESTLE CNE/LEG/MAC     115G,alimento pronto de bebe,0.6928484412757374,accuracy_on_full,maximize
PRESERV SENSITIVE JONTEX C3,preservativo,0.6928484412757374,accuracy_on_full,maximize
IOG MOLICO MORANGO 140G,iogurte,0.6928484412757374,accuracy_on_full,maximize
FNHA DONA MARIA SF BRANCA 1KG,farinha de trigo,0.6928484412757374,accuracy_on_full,maximize
MORTAD COPACOL 2KG S/GORDURA,mortadela,0.6928484412757374,accuracy_on_full,maximize
"DES ROLLON MONANGE 60, FRUTAS VERMELHAS",desodorante,0.6928484412757374,accuracy_on_full,maximize
WAFER BAUD CHOC/AVELA 140g,biscoito,0.6928484412757374,accuracy_on_full,maximize
SAB FRANCIS SV 85G BCO/LIRIO,sabonete,0.6928484412757374,accuracy_on_full,maximize
"BISC BELVITA 75G, MACA/CANELA",biscoito,0.6928484412757374,accuracy_on_full,maximize
PEPINO CAIPIRA KG BDJ,pepino,0.6928484412757374,accuracy_on_full,maximize
SAB FRANCIS SV 85G VDE/FLOR ERV-DC,sabonete,0.6928484412757374,accuracy_on_full,maximize
QUEIJO COTTAGE ITAIPI PT 200G,queijo,0.6928484412757374,accuracy_on_full,maximize
PAO BRIOCHE PANCO 250G,padaria e confeitaria industrializado,0.6928484412757374,accuracy_on_full,maximize
MAC OVOS KNORR 500G NINHO,macarrao,0.6928484412757374,accuracy_on_full,maximize
LOMBO SALMAO S PELE EP Kg,peixe,0.6928484412757374,accuracy_on_full,maximize
BEB ICE 51 TANGERINA 275ML,bebida mista,0.6928484412757374,accuracy_on_full,maximize
FRALDA DESC PERSONAL MEGA  G L34P32,fralda,0.6928484412757374,accuracy_on_full,maximize
MACAR RENATA INST CARNE 85g,macarrao,0.6928484412757374,accuracy_on_full,maximize
MORC PRTA BORRUSSIA,outro embutido,0.6928484412757374,accuracy_on_full,maximize
PAD PANETONE CHOC SAVEG KG,padaria e confeitaria fresca,0.6928484412757374,accuracy_on_full,maximize
OVO GOURMET CORTE CACAU SHOW 350G,ovo de pascoa,0.6928484412757374,accuracy_on_full,maximize
PAD TORTA FRIOS PED,padaria e confeitaria fresca,0.6928484412757374,accuracy_on_full,maximize
CHOC ARCOR LEITE 80g,chocolate,0.6928484412757374,accuracy_on_full,maximize
BISC.BAUDUCCO WAFER CHOC/AVELA  PE 140GR,biscoito,0.6928484412757374,accuracy_on_full,maximize
LEITE COND PIRACANJUBA LIGHT 395G,leite condensado,0.6928484412757374,accuracy_on_full,maximize
MAC C/ OVOS BARILLA AVE MARIA 500G,macarrao,0.6928484412757374,accuracy_on_full,maximize
GELEIA DIET LINEA MIRTILO 230G,geleia,0.6928484412757374,accuracy_on_full,maximize
MANT PAULISTA C SAL  200G,manteiga,0.6928484412757374,accuracy_on_full,maximize
SUC INTEG LJA 900ML  900ML,suco pronto,0.6928484412757374,accuracy_on_full,maximize
BISC ISABELA WAFER PC 100G DOCE LEITE,biscoito,0.6928484412757374,accuracy_on_full,maximize
PROTEINA SOJA JASMINE MEDIA ESC.PE 500GR,proteina vegetal,0.6928484412757374,accuracy_on_full,maximize
BOLINHO ANA MARIA BAUNILHA       PCT 70G,padaria e confeitaria industrializado,0.6928484412757374,accuracy_on_full,maximize
"SAB BAR FLOR DE YPE 125G, RS BC/AVELA, .",sabonete,0.6928484412757374,accuracy_on_full,maximize
CHA MATE NATURAL MATTE LEAO 40g,cha por infusao,0.6928484412757374,accuracy_on_full,maximize
CIG DUNHILL BOX ON BOOST,cigarro,0.6928484412757374,accuracy_on_full,maximize
DISQUETI CHOCOLATE CONF POUCH 120G,chocolate,0.6928484412757374,accuracy_on_full,maximize
ALGODAO TOPZ HIDROFILO ZIGZAG PC25G,algodao,0.6928484412757374,accuracy_on_full,maximize
SABT ALMA FLORES FLORES BCAS RF690 130g,sabonete,0.6928484412757374,accuracy_on_full,maximize
PAO PIZZA 70G,padaria e confeitaria fresca,0.6928484412757374,accuracy_on_full,maximize
TAPETE BAN OVAL AZL  TEX INV21 18257,tapete,0.6928484412757374,accuracy_on_full,maximize
"CR D COLGATE 90G T12, WHTENING",creme dental,0.6928484412757374,accuracy_on_full,maximize
VINAGRE VIN CASTELO CLAS TTO 750ML,vinagre,0.6928484412757374,accuracy_on_full,maximize
GOMA DORI GOMETS FRUTAS PC 700G GOMOS,bala,0.6928484412757374,accuracy_on_full,maximize
PERA NACIONAL KG,pera,0.6928484412757374,accuracy_on_full,maximize
ODORIZ PASTILHA ADES HARPIC LV3PG2 2EM1 LAV,oleo vegetal,0.6928484412757374,accuracy_on_full,maximize
RABADA BOVINA KG - ATEND. BALCAO,carne bovina,0.6928484412757374,accuracy_on_full,maximize
BEB ENERG MONSTER 473ML ULT PA,energetico,0.6928484412757374,accuracy_on_full,maximize
PESSEGO PARAGUAIO KG,pessego,0.6928484412757374,accuracy_on_full,maximize
MIST BOLO D BENTA CHOCO 450G,preparo para bolo,0.6928484412757374,accuracy_on_full,maximize
MAXM RECH TWIST COL BAUN C/MOR 50G,outro doce,0.6928484412757374,accuracy_on_full,maximize
FILE TILAPIA CONG COPACOL 400G,peixe,0.6928484412757374,accuracy_on_full,maximize
PIZZA PERDIGAO BRASILEIRA CONG 460g,pizza congelada,0.6928484412757374,accuracy_on_full,maximize
AVE CHESTER PERDIGAO KG AZEITE/ERV,carne de ave sazonal,0.6928484412757374,accuracy_on_full,maximize
DET GEL YPE CLEAR 416G,detergente,0.6928484412757374,accuracy_on_full,maximize
FRALDA HUGGIES S.CARE MEGA M    PE  40UN,fralda,0.6928484412757374,accuracy_on_full,maximize
LIMP PERF VEJA LIRIO DODDO NILO 500,multiuso,0.6928484412757374,accuracy_on_full,maximize
BISC RECH ADRIA TORTINH 80G CHOC BC LIM SIC,biscoito,0.6928484412757374,accuracy_on_full,maximize
PANO UMED COPERALCOOL BRISA EUC. C/35,lenco umedecido,0.6928484412757374,accuracy_on_full,maximize
COND JOHNSONS BABY GOTA BRILHO 200ML,condicionador infantil,0.6928484412757374,accuracy_on_full,maximize
ERVA MATE VALORE 1kg,erva mate,0.6928484412757374,accuracy_on_full,maximize
IOG LIQ B KIDS BM100 BRANCO 100G,iogurte,0.6928484412757374,accuracy_on_full,maximize
ENERG MONSTER ULTRA 473ML,energetico,0.6928484412757374,accuracy_on_full,maximize
DESINF PERF COOP LAV 5L,desinfetante,0.6928484412757374,accuracy_on_full,maximize
SALG DORITOS PC 167G QJO NACHO,aperitivo,0.6928484412757374,accuracy_on_full,maximize
BISC PILAR MAIZENA CHOC 350g,biscoito,0.6928484412757374,accuracy_on_full,maximize
"BISC VITARELLA WEF CHOC 90g, CHOC M AMAR",biscoito,0.6928484412757374,accuracy_on_full,maximize
REPOLHO VERDE PECA KG,repolho,0.6928484412757374,accuracy_on_full,maximize
"CHOC GAROTO BATON 16G, CREME MGO, .",chocolate,0.6928484412757374,accuracy_on_full,maximize
TOMATE TARANTE PIZZA 340G,tomate,0.6928484412757374,accuracy_on_full,maximize
NUGGETS FGO TRAD SADIA 300G,empanado congelado,0.6928484412757374,accuracy_on_full,maximize
G DROSPE  ETINIL 3 MG  0.03MG C 21 EMS,outro farma,0.6928484412757374,accuracy_on_full,maximize
FEIJAO PRETO GASPARIN 1KG,feijao,0.6928484412757374,accuracy_on_full,maximize
BISNAGA NUTR CEN MAND 300G,padaria e confeitaria fresca,0.6928484412757374,accuracy_on_full,maximize
M T PRAMESA 2KG  REFOGADO,molho de tomate,0.6928484412757374,accuracy_on_full,maximize
DESINF LYSOFORM FR 1L LAVANDA,desinfetante,0.6928484412757374,accuracy_on_full,maximize
LAMPADA LED ASUS 6500K W07W BIVOL,lampada,0.6928484412757374,accuracy_on_full,maximize
PULLOVER PP TEX GOLA V VDE 190703 FIOI22,cardigan/sueter,0.6928484412757374,accuracy_on_full,maximize
AP SANIT HARPIC HIG PLUS ECONO 25G PINHO,pedra sanitaria,0.6928484412757374,accuracy_on_full,maximize
BEB LACTEA ITALAKINHO 200ML CHOCOLATE,bebida lactea,0.6928484412757374,accuracy_on_full,maximize
MARGARINA QUALY CREMOSA C/SAL   PT 250GR,margarina,0.6928484412757374,accuracy_on_full,maximize
TOALHA ROSTO TEKA DRY ALICE VINHO,toalha,0.6928484412757374,accuracy_on_full,maximize
BOLO CANECA DR OETKER BROWNIE 70G,preparo para bolo,0.6928484412757374,accuracy_on_full,maximize
CAFE NESCAFE SOLUVEL SC 50G MATINAL SUAVE,cafe,0.6928484412757374,accuracy_on_full,maximize
BETERRABA I.PIMENTA 550G BDJ,beterraba,0.6928484412757374,accuracy_on_full,maximize
CERVEJA BRAHMA 269ML LT DUPLO MALTE,cerveja,0.6928484412757374,accuracy_on_full,maximize
FERM INST FLEISCHMANN PC 10G,fermento,0.6928484412757374,accuracy_on_full,maximize
REFRESCO PO FRISCO GRAVIOLA 25G,preparo para suco,0.6928484412757374,accuracy_on_full,maximize
PAD SALG ASS PRES/QJ UN,padaria e confeitaria fresca,0.6928484412757374,accuracy_on_full,maximize
VHO TTO GOES TRADICAO BORDO SECO 750ML,vinho nacional,0.6928484412757374,accuracy_on_full,maximize
MASSA INST NISSIN ESPAGUETE 500G T5,macarrao,0.6928484412757374,accuracy_on_full,maximize
ENX BUCAL CLOSEUP LV500ML PG350ML ICE PROT 360,antisseptico bucal,0.6928484412757374,accuracy_on_full,maximize
ABS INTIMUS DAYS SUAVE C/32,absorvente,0.6928484412757374,accuracy_on_full,maximize
CALDO MAGGI 57GR GALINHA,caldo industrializado,0.6928484412757374,accuracy_on_full,maximize
"CHOC TALENTO RECH 85g, CAST PARA",chocolate,0.6928484412757374,accuracy_on_full,maximize
LIMP CASA E PERFUME AGRADABLE 1L,multiuso,0.6928484412757374,accuracy_on_full,maximize
LIMP CASA E PERFUME SENSUALIDAD 1L,multiuso,0.6928484412757374,accuracy_on_full,maximize
MIST P/BOLO SANTA AMALIA 400G BAUNILHA,preparo para bolo,0.6928484412757374,accuracy_on_full,maximize
SUCO CAJU MAGUARY 500ML,suco pronto,0.6928484412757374,accuracy_on_full,maximize
IOGURTE BATAVO PEDACOS COCO PT 500G,iogurte,0.6928484412757374,accuracy_on_full,maximize
BEBIDA ENERG.BALY               FC   1LT,energetico,0.6928484412757374,accuracy_on_full,maximize
REFRESCO CLIGHT 8G AMEIXA,preparo para suco,0.6928484412757374,accuracy_on_full,maximize
VIN ESP EL CONCIERTO 750ML TTO,vinho importado,0.6928484412757374,accuracy_on_full,maximize
PAD BOLO C/COB DE PANES 400G CHURR,padaria e confeitaria industrializado,0.6928484412757374,accuracy_on_full,maximize
BISCOITO CHAMPAGNE CARREFOUR 150G,biscoito,0.6928484412757374,accuracy_on_full,maximize
BISC BONO RECH COCO 100G,biscoito,0.6928484412757374,accuracy_on_full,maximize
"BEBIDA MISTA ALC MIKE S GAS 275m, PITAIA",bebida mista,0.6928484412757374,accuracy_on_full,maximize
ESC DENT SORRISO MACIA INF CARV C/3 1UN,escova de dentes,0.6928484412757374,accuracy_on_full,maximize
PERU PERDIGAO KG,carne de ave sazonal,0.6928484412757374,accuracy_on_full,maximize
INGREDIENTE PARA FEIJOADA PRIETO 500G,preparo de alimento,0.6928484412757374,accuracy_on_full,maximize
CHOC PECCIN TRENTO MASSIMO 30G BCO CCOOKIES,chocolate,0.6928484412757374,accuracy_on_full,maximize
"VINHO C Y TORO 750ML, CABERNET SAUV, .",vinho importado,0.6928484412757374,accuracy_on_full,maximize
SUCO GOIABA MAGUARY 500ML,suco pronto,0.6928484412757374,accuracy_on_full,maximize
BOLACHA SODA PRETA Z/LACT DUNAS PCT 300G,biscoito,0.6928484412757374,accuracy_on_full,maximize
DESOD REXONA FEM COTTON DRY AE       90G,desodorante,0.6928484412757374,accuracy_on_full,maximize
BISTECA SUINA RESF kg,carne suina,0.6928484412757374,accuracy_on_full,maximize
SH CLEAR LIMPEZA PROFUNDA 400ml,shampoo,0.6928484412757374,accuracy_on_full,maximize
MAS PAST CUM MEZ 200  200G,massa fresca,0.6928484412757374,accuracy_on_full,maximize
CEBOLA ROXA GD 600G ROXA UN,cebola,0.6928484412757374,accuracy_on_full,maximize
BOMBOM NESTLE 251G ESPECIALIDADES BOMBONS,bombom,0.6928484412757374,accuracy_on_full,maximize
"CR DENT COLGATE TTL 12 220G, GENG REF, .",creme dental,0.6928484412757374,accuracy_on_full,maximize
PAD BOLO DE PANES 400G AIPIM,padaria e confeitaria industrializado,0.6928484412757374,accuracy_on_full,maximize
BISC RECH TRAKINAS 126G TUTTI FRUTTI,biscoito,0.6928484412757374,accuracy_on_full,maximize
CHOC BR NESTLE ALPINO EX CREM,chocolate,0.6928484412757374,accuracy_on_full,maximize
GUARD SNOB CLASSIC 235X235 PEQ,guardanapo,0.6928484412757374,accuracy_on_full,maximize
"LAVA ROUP PO OMO LAVANDA 1,6KG",lava roupas,0.6928484412757374,accuracy_on_full,maximize
LEITE PO DESN MOLICO FIBRAS LT 260G,leite em po,0.6928484412757374,accuracy_on_full,maximize
MASSA RINELI CAPELETTI PC 1KG CARNE,massa fresca,0.6928484412757374,accuracy_on_full,maximize
MANGA PALMER KG,manga,0.6928484412757374,accuracy_on_full,maximize
FRALDA PAMPERS PANTS CONF SEC M C42,fralda,0.6928484412757374,accuracy_on_full,maximize
CAF VP EF CABOCLO AMAREL 500G,cafe,0.6928484412757374,accuracy_on_full,maximize
"IOG BETANIA GREGO 540g, TRAD",iogurte,0.6928484412757374,accuracy_on_full,maximize
AREIA HIG PIPICAT P/GATOS 4kg,granular higienico,0.6928484412757374,accuracy_on_full,maximize
"CARGA GILLETE MACH3 L4P3 UN, SENS, .",aparelho de barbear e depilatorio,0.6928484412757374,accuracy_on_full,maximize
FARINHA TRIGO VILMA ESPEC PAPEL 1Kg,farinha de trigo,0.6928484412757374,accuracy_on_full,maximize
CASTANHA PARA AMAZON WORLD S/CASCA 100G,"nozes, castanhas e outras oleaginosas",0.6928484412757374,accuracy_on_full,maximize
PAO DE QUEIJO PORCAO C/5 UNIDADES,padaria e confeitaria fresca,0.6928484412757374,accuracy_on_full,maximize
UVA SWEET GLOBE DOCE UVA BJ 500G,uva,0.6928484412757374,accuracy_on_full,maximize
MANT ITACOLOMY PT           200GR,manteiga,0.6928484412757374,accuracy_on_full,maximize
CROISSANT FRANCES SL 80G,padaria e confeitaria fresca,0.6928484412757374,accuracy_on_full,maximize
L FERM BATAVINHO 450G,iogurte,0.6928484412757374,accuracy_on_full,maximize
DROPS HALLS UN. MORANGO         TB  28GR,bala,0.6928484412757374,accuracy_on_full,maximize
IOG LIQ NINHO LANCHEIRINHA MACA/BAN,iogurte,0.6928484412757374,accuracy_on_full,maximize
CAFE SOL NESCAFE TRAD FORTE SACHET 50g,cafe,0.6928484412757374,accuracy_on_full,maximize
MORANGO PREMIO ORGANICO         BD 250GR,morango,0.6928484412757374,accuracy_on_full,maximize
BISC PASSATEMPO MAISENA 170G,biscoito,0.6928484412757374,accuracy_on_full,maximize
PILHA DURACELL PQ C/4 1500,pilha,0.6928484412757374,accuracy_on_full,maximize
SALAME ESPANHOL HAMBURG HACIENDAS 100G,salame,0.6928484412757374,accuracy_on_full,maximize
CEBOLA BRANCA ORG.VIVARIS       BD 400GR,cebola,0.6928484412757374,accuracy_on_full,maximize
OVO PASCOA ARCOR TORTUGUITA 120G  BRIG,ovo de pascoa,0.6928484412757374,accuracy_on_full,maximize
ESPAGUETE PETYAN OVOS 500G,macarrao,0.6928484412757374,accuracy_on_full,maximize
FEIRINHA PLASVALE DIVERSOS 425,recipientes,0.6928484412757374,accuracy_on_full,maximize
FLOCOS MILHO CESTA BASICA Ni   03,farinha de milho,0.6928484412757374,accuracy_on_full,maximize
"SABAO PO TIXAN CX 500G, PRIMAV, .",lava roupas,0.6928484412757374,accuracy_on_full,maximize
TOALHAS UMEDECIDAS PROTECHEALTH CAMOMILA,lenco umedecido,0.6928484412757374,accuracy_on_full,maximize
REFRIGERANTE SCHIN VIVA COLA PET 2L,refrigerante,0.6928484412757374,accuracy_on_full,maximize
MAIONESE LIZA 400G SAC TRAD,maionese,0.6928484412757374,accuracy_on_full,maximize
IOG MGO DENGO 850G 850G,iogurte,0.6928484412757374,accuracy_on_full,maximize
VIN CHI CASILLERO DIABLO 750ML MALBEC,vinho importado,0.6928484412757374,accuracy_on_full,maximize
MOLHO TOMATE POMAROLA TRADIC SACHET 320G,molho de tomate,0.6928484412757374,accuracy_on_full,maximize
"DET LIQ YPE 5L, NEUT, .",detergente,0.6928484412757374,accuracy_on_full,maximize
"SABAO PO TIXAN SCH 5KG, PRIMAVERA, .",lava roupas,0.6928484412757374,accuracy_on_full,maximize
SAB. LIQ.INT. EVELIZE           FC 200ML,sabonete,0.6928484412757374,accuracy_on_full,maximize
"IOG VIGOR 130G, BLUEB/BAUN, .",iogurte,0.6928484412757374,accuracy_on_full,maximize
APARELHO DESC GILLETTE,aparelho de barbear e depilatorio,0.6928484412757374,accuracy_on_full,maximize
OLEO GIRASSOL MAZOLA PET 900ml,oleo vegetal,0.6928484412757374,accuracy_on_full,maximize
CB. CCG EMBALAGEM PLAST TIMBRADA P,cesta basica,0.6928484412757374,accuracy_on_full,maximize
BISC RECH PAPAGUARA CHOCOLATE  40G,biscoito,0.6928484412757374,accuracy_on_full,maximize
ACHOC NESCAU 2.0 ACTIGEN SACHE 730G,achocolatado,0.6928484412757374,accuracy_on_full,maximize
PERA PORTUGUESA PCT,pera,0.6928484412757374,accuracy_on_full,maximize
SORV TRAD CREME NOBRELLI 1.5L,sorvete,0.6928484412757374,accuracy_on_full,maximize
LAVA ROUPAS LIQ UAU 3LT  ROSAS E SEDUCAO,lava roupas,0.6928484412757374,accuracy_on_full,maximize
EXT TOM ELEFANTE SABORES 340G-LT CEBOLA/ALHO,extrato de tomate,0.6928484412757374,accuracy_on_full,maximize
TACA NADIR VINHO BARONE 600ML,taca,0.6928484412757374,accuracy_on_full,maximize
BATATA PRE-FRIT MCCAIN 720G CONG,vegetal congelado,0.6928484412757374,accuracy_on_full,maximize
LING FGO FINA LAR 1KG,linguica,0.6928484412757374,accuracy_on_full,maximize
OVO PASC FERRERO ROCHER 365G,ovo de pascoa,0.6928484412757374,accuracy_on_full,maximize
LAVA ROUP LIQ TIXAN 1L MACIEZ,lava roupas,0.6928484412757374,accuracy_on_full,maximize
FRISCO LIMAO REFRESC 25G,preparo para suco,0.6928484412757374,accuracy_on_full,maximize
BATATA FRITA SULLPER OND NATURAL 32G,aperitivo,0.6928484412757374,accuracy_on_full,maximize
BEBIDA MAGUARY UVA TP 200M,suco pronto,0.6928484412757374,accuracy_on_full,maximize
BALA RECH HORTELA DORI 600 G,bala,0.6928484412757374,accuracy_on_full,maximize
PIMENTAO VERMELHO kg,pimentao,0.6928484412757374,accuracy_on_full,maximize
MOLHO 3EM1 QUERO 200G,outro molho,0.6928484412757374,accuracy_on_full,maximize
RECHEADINHO BRIGADEIRO 104G,padaria e confeitaria industrializado,0.6928484412757374,accuracy_on_full,maximize
VIN BCO GATO NEGRO GF 750 CHARDONNAY,vinho importado,0.6928484412757374,accuracy_on_full,maximize
HORTELA LINHA AZUL MACO,hortela,0.6928484412757374,accuracy_on_full,maximize
SALADA FELICIO SALADA 02 180G,prato pronto,0.6928484412757374,accuracy_on_full,maximize
CIG LUCKY STRIKE BOX ORIGINAL RED,cigarro,0.6928484412757374,accuracy_on_full,maximize
BROA DE FECULA GUSMAN           PE 180GR,padaria e confeitaria industrializado,0.6928484412757374,accuracy_on_full,maximize
"DESINF TRIEX 2L, LAVANDAS DO CAMPO",desinfetante,0.6928484412757374,accuracy_on_full,maximize
VODKA VORUS 1LT,vodca,0.6928484412757374,accuracy_on_full,maximize
CEBOLINHA ORG UND,cebolinha,0.6928484412757374,accuracy_on_full,maximize
REFRIG GUARANA ANTARCTICA 269 ML LT,refrigerante,0.6928484412757374,accuracy_on_full,maximize
CONJUNTO 32 BOLAS DECORA NATAL,artigo de natal,0.6928484412757374,accuracy_on_full,maximize
QJ GOUDA FAT 150G 150G,queijo,0.6928484412757374,accuracy_on_full,maximize
IOG TIROL NATURAL CP 160G INTEGRAL,iogurte,0.6928484412757374,accuracy_on_full,maximize
ABS INT MINI PROCOMFORT OB C8,absorvente,0.6928484412757374,accuracy_on_full,maximize
MIST BOLO BRIGAD C CONF DR OETKER 300G,preparo para bolo,0.6928484412757374,accuracy_on_full,maximize
BISC MAISENA PANCO COCO 400G,biscoito,0.6928484412757374,accuracy_on_full,maximize
MACA LUNATICOS PCT 1 KG,maca,0.6928484412757374,accuracy_on_full,maximize
CHIC KIDS BUBBLE CLETE KIDS ZONE 40G,goma de mascar,0.6928484412757374,accuracy_on_full,maximize
QJO RALADO PRESIDENT 100G MUSSARELA,queijo,0.6928484412757374,accuracy_on_full,maximize
AMEIXA NACIONAL KG,ameixa,0.6928484412757374,accuracy_on_full,maximize
OLEO COCO WICHY 200ML EXTRAVIRGEM,oleo vegetal,0.6928484412757374,accuracy_on_full,maximize
AMAC YPE INTENSO 2L,amaciante,0.6928484412757374,accuracy_on_full,maximize
SAPONACEO CREM YPE ORIGINAL 300ML,saponaceo,0.6928484412757374,accuracy_on_full,maximize
CR DENT COLGATE T ACAO PROMO 220G,creme dental,0.6928484412757374,accuracy_on_full,maximize
LIMP M USO VEJA CAMPESTRE 750ml,multiuso,0.6928484412757374,accuracy_on_full,maximize
IOG LIQ CHAMYTO GO VITAMINA 100G,iogurte,0.6928484412757374,accuracy_on_full,maximize
"CHIC TRIDENT EMBALAG ECONOM MENTA 26,5G",goma de mascar,0.6928484412757374,accuracy_on_full,maximize
IOG POLP NEST 510G MORANGO,iogurte,0.6928484412757374,accuracy_on_full,maximize
"DOCE LEITE SOUVENIR 400g, COCO",outro doce,0.6928484412757374,accuracy_on_full,maximize
REFRI FYS LARANJA PET 2L,refrigerante,0.6928484412757374,accuracy_on_full,maximize
PALITO FILOS DEFUMADO           PE   1KG,alimento pet,0.6928484412757374,accuracy_on_full,maximize
"BISC CLUB SOCIAL RECH REQ 4X26,5G",biscoito,0.6928484412757374,accuracy_on_full,maximize
BROCOLIS CONG DAUCY 1KG,vegetal congelado,0.6928484412757374,accuracy_on_full,maximize
CHOC AO LEITE 30G,chocolate,0.6928484412757374,accuracy_on_full,maximize
VH TTO GRAN BODEGA 750ML BONARDA ARG,vinho importado,0.6928484412757374,accuracy_on_full,maximize
PAPEL HIG FD NEVE L24P21 SEDA,papel higienico,0.6928484412757374,accuracy_on_full,maximize
LAVA ROUPA OMO ATIV CX 2.2KG LAVAG PERF,lava roupas,0.6928484412757374,accuracy_on_full,maximize
BISC C CRACKER INT PIRAQUE 240G,biscoito,0.6928484412757374,accuracy_on_full,maximize
SACO LIXO ESFREBOM AZUL 50L C/30 UN,saco de lixo,0.6928484412757374,accuracy_on_full,maximize
LENCO PAPEL KLEENEX L100P90UN,lenco de papel,0.6928484412757374,accuracy_on_full,maximize
LA ACO ASSOLAN C/8 60G DESC.,palha de aco,0.6928484412757374,accuracy_on_full,maximize
"FILTRADO CHUVA PRATA 660ML ESP, BCA",bebida mista,0.6928484412757374,accuracy_on_full,maximize
MOLHO PIMEN ASTECA 200ML,molho de pimenta,0.6928484412757374,accuracy_on_full,maximize
BALA MENTOS STICK RAINBOW 37.5G,bala,0.6928484412757374,accuracy_on_full,maximize
NOZ MOSCADA MACTOST MOIDA       CT  20GR,outro condimento,0.6928484412757374,accuracy_on_full,maximize
REFRESCO PO FRESH 10G CAJU,preparo para suco,0.6928484412757374,accuracy_on_full,maximize
ESPETO QJO COALHO PREMIATTA,queijo,0.6928484412757374,accuracy_on_full,maximize
ALECRIM PT 11                   AV   1UN,plantas e sementes,0.6928484412757374,accuracy_on_full,maximize
IOG DANONE SO LTEeFEM VIVO CP 160G NAT/LAR/CEN/MEL,iogurte,0.6928484412757374,accuracy_on_full,maximize
"SELETA LAR LEGUMES CONG 1,1KG",outro vegetal processado,0.6928484412757374,accuracy_on_full,maximize
CONDRIGEN 40MG 60 CPS   30 GRATIS MAXINU,vitaminico,0.6928484412757374,accuracy_on_full,maximize
BARRA CEREAL RITTER PC 80G L4P3 BANANA/AVEIA,barra alimentar,0.6928484412757374,accuracy_on_full,maximize
PAO PASCOA PANCO GOTAS CHOC 500G,padaria e confeitaria industrializado,0.6928484412757374,accuracy_on_full,maximize
VH TTO STA RITA HEROES 750ML C.SAUV CHI,vinho importado,0.6928484412757374,accuracy_on_full,maximize
SALG CEBOLITOS PC 60G,aperitivo,0.6928484412757374,accuracy_on_full,maximize
UVA DUVALE GREEN DREAMS 500g,uva,0.6928484412757374,accuracy_on_full,maximize
CREME PANTENE HIDRAT P/PENT 240g,creme para pentear,0.6928484412757374,accuracy_on_full,maximize
KIT 2 SUT LISO ESTAMP 10201 FB TEX,sutia,0.6928484412757374,accuracy_on_full,maximize
QJ MIN FRS SAN MART  KG,queijo,0.6928484412757374,accuracy_on_full,maximize
ABS ALWAYS SUP SC AB 8UN,absorvente,0.6928484412757374,accuracy_on_full,maximize
"IOG LIQ ITAMBE 170G, FRUTAS VERMELHAS",iogurte,0.6928484412757374,accuracy_on_full,maximize
MISTURA DAMARE LEITE/OLEO VEG CUL 200g,outro molho,0.6928484412757374,accuracy_on_full,maximize
BISC RECH LIMAO BONO 140G,biscoito,0.6928484412757374,accuracy_on_full,maximize
HAMBURGUER COSTELA BASSI 400G,hamburguer congelado,0.6928484412757374,accuracy_on_full,maximize
STEAK FGO SADIA 100G,empanado congelado,0.6928484412757374,accuracy_on_full,maximize
NECTAR CAJU DAFRUTA 1L,suco pronto,0.6928484412757374,accuracy_on_full,maximize
POTE PLASVALE RET MED BAIXO,recipientes,0.6928484412757374,accuracy_on_full,maximize
FILE TILAPIA SUST CONFIARE 450G,peixe,0.6928484412757374,accuracy_on_full,maximize
CHOC KINDER BUENO WHITE 39g,chocolate,0.6928484412757374,accuracy_on_full,maximize
PALITO DENT PARANA C/100 UN,palito de dentes,0.6928484412757374,accuracy_on_full,maximize
BOMBOM CAIXA 146G ARCOR SORTIDOS,bombom,0.6928484412757374,accuracy_on_full,maximize
"IOG INF DANONINHO 320G PETIT, MOR",iogurte,0.6928484412757374,accuracy_on_full,maximize
AMEND SALG S PELE GRELHADITOS 400G,amendoim,0.6928484412757374,accuracy_on_full,maximize
CAFE SOL/PILAO SACHE 50G,cafe,0.6928484412757374,accuracy_on_full,maximize
AGUA OXIG FARMAX 90ML FR-CREM 20VOL DESCOL,agua oxigenada,0.6928484412757374,accuracy_on_full,maximize
SAB. DAVENE AVEIA OLEO COCO     CX  90GR,sabonete,0.6928484412757374,accuracy_on_full,maximize
"IOG LIQ ITAMBE 170G, COCO",iogurte,0.6928484412757374,accuracy_on_full,maximize
ALFACE CRESPA HIDROPONICA WB    AV   1UN,alface,0.6928484412757374,accuracy_on_full,maximize
BEB LAC GOODY 1250G-GF SALADA FRUTAS,bebida lactea,0.6928484412757374,accuracy_on_full,maximize
SAB DOVE 90G ESFOLIANTE,sabonete,0.6928484412757374,accuracy_on_full,maximize
PAPEL CHAMEX OUTUBRO ROSA 500FLS,outro papelaria,0.6928484412757374,accuracy_on_full,maximize
MOLHO HEMMER SALADA MOST/MEL 320G,molho para salada,0.6928484412757374,accuracy_on_full,maximize
ACETONA LIDER 100ML,removedor de esmalte,0.6928484412757374,accuracy_on_full,maximize
MOLHO SALADA LIZA 234ML LIMAO,molho para salada,0.6928484412757374,accuracy_on_full,maximize
PMTAO LONGO REI 200G  200G,pimentao,0.6928484412757374,accuracy_on_full,maximize
ERVILHA E MILHO VERDE OLE VD 170g,milho verde e ervilha em conserva,0.6928484412757374,accuracy_on_full,maximize
"CEREAL NESFIT 220G INT, CACAU",cereal matinal,0.6928484412757374,accuracy_on_full,maximize
POTE PLASVALE F BIOVITA RED 1L RF241 UN,recipientes,0.6928484412757374,accuracy_on_full,maximize
CHOC LACTA OURO BCO . 20G,chocolate,0.6928484412757374,accuracy_on_full,maximize
LIMP SAN PATO GERMINEX AZ 500ML,multiuso,0.6928484412757374,accuracy_on_full,maximize
PIPOCA KERUS 80G,pipoca pronta,0.6928484412757374,accuracy_on_full,maximize
MELANCIA KG,melancia,0.6928484412757374,accuracy_on_full,maximize
BICARBONATO SODIO PACAL 50G,bicarbonato de sodio,0.6928484412757374,accuracy_on_full,maximize
MELANCIA UNIDADE,melancia,0.6928484412757374,accuracy_on_full,maximize
BOMBONA 10LT PARA A.MINERAL     AV   1UN,outro bazar e departamentos,0.6928484412757374,accuracy_on_full,maximize
VIN DELGRANO GOLD BORDO ROSE SUAVE 1L,vinho nacional,0.6928484412757374,accuracy_on_full,maximize
BISC MAIZENA FORTAL 400G,biscoito,0.6928484412757374,accuracy_on_full,maximize
MINI ALFACE FRIZE RX.DEVILE HID.AV   1UN,alface,0.6928484412757374,accuracy_on_full,maximize
"IOG YOPRO 25g PROTEINA 250g, MORANGO",iogurte,0.6928484412757374,accuracy_on_full,maximize
COSTELA DEFUMADA,carne suina,0.6928484412757374,accuracy_on_full,maximize
CHOC TRAPA COLLECTION 90G 74PC,chocolate,0.6928484412757374,accuracy_on_full,maximize
PROTETOR LABIAL VULT BALM MELANCIA 4G,produto labial,0.6928484412757374,accuracy_on_full,maximize
FEIJAO RIO BELO PRETO T1 PC 1KG,feijao,0.6928484412757374,accuracy_on_full,maximize
FEIJAO MANTEIGA COMBRASIL 500G,feijao,0.6928484412757374,accuracy_on_full,maximize
AMACIANTE COMFORT CON CUID ESSENCIAL,amaciante,0.6928484412757374,accuracy_on_full,maximize
"BISC BAUDUCCO RECHEADINHO 104G, BRIGAD",biscoito,0.6928484412757374,accuracy_on_full,maximize
COOKIES TODDY 57G-PC CHOC,biscoito,0.6928484412757374,accuracy_on_full,maximize
ARROZ BRANCO CBS TP1 1kg,arroz,0.6928484412757374,accuracy_on_full,maximize
"SH SEDA FC 425ML, LISO PERF, .",shampoo,0.6928484412757374,accuracy_on_full,maximize
LIMPADOR PERF COALA LAVANDA 120ML,multiuso,0.6928484412757374,accuracy_on_full,maximize
SAB ANTIBAC REXONA 84G BACT/COVID,sabonete,0.6928484412757374,accuracy_on_full,maximize
CHA LIMAO MATTE LEAO 1.5L,cha pronto,0.6928484412757374,accuracy_on_full,maximize
MULTIFUNC CANON MEGA TANK G3110 WIFI,_RARE_,0.6928484412757374,accuracy_on_full,maximize
BALA GOMA MON CHOU 150G,bala,0.6928484412757374,accuracy_on_full,maximize
SOBRECOXA SEARA TEMP IQF 1Kg,carne de ave,0.6928484412757374,accuracy_on_full,maximize
PAPA TERRA EM POSTA CORREA      BD 500GR,peixe,0.6928484412757374,accuracy_on_full,maximize
MILHO PIP PINK IMP 500g,milho para pipoca,0.6928484412757374,accuracy_on_full,maximize
GOMA DORI GOMETS SINO 150G,bala,0.6928484412757374,accuracy_on_full,maximize
ADOC LIQ WOLFS 100ML-FR SACARINA,adocante,0.6928484412757374,accuracy_on_full,maximize
REQ TIROLEZ 200G,requeijao,0.6928484412757374,accuracy_on_full,maximize
"BALA GOMETS 700G, MINHOCAS FTS, .",bala,0.6928484412757374,accuracy_on_full,maximize
SH SEDA 325ML-FR PTO LUMINOSOS,shampoo,0.6928484412757374,accuracy_on_full,maximize
"TERRA VEGETAL 1,5KG",plantas e sementes,0.6928484412757374,accuracy_on_full,maximize
OVO EXTRA BRANCO NATUROVOS C 30,ovo,0.6928484412757374,accuracy_on_full,maximize
LAVA LOUCAS LIQ INVICTO TB 50 NEUTRO,detergente,0.6928484412757374,accuracy_on_full,maximize
OVOS MR CAIPIRA GRANDE BD C/20,ovo,0.6928484412757374,accuracy_on_full,maximize
CEREAL BARRA RITTER CAST PARA 66g,barra alimentar,0.6928484412757374,accuracy_on_full,maximize
CEREAL BARRA RITTER BRIGADEIRO 22g,barra alimentar,0.6928484412757374,accuracy_on_full,maximize
MACA FUJI kg,macarrao,0.6928484412757374,accuracy_on_full,maximize
GRANOLA CASTANHA DO PARA 800G,granola,0.6928484412757374,accuracy_on_full,maximize
PANTUFA 3D ADULTO I22,pantufa,0.6928484412757374,accuracy_on_full,maximize
COLOR.MINI BELAeCOR CASTAN.CLA.5.0AV 1UN,tintura e descolorante,0.6928484412757374,accuracy_on_full,maximize
AMAC DOWNY CONC 1LT BRISA/INTENSO,amaciante,0.6928484412757374,accuracy_on_full,maximize
MAIONESE HELLMANNS TRADICIONAL. PT  657G,maionese,0.6928484412757374,accuracy_on_full,maximize
TENDER SADIA C/OSSO                   KG,carne suina sazonal,0.6928484412757374,accuracy_on_full,maximize
TEMP PIRATA 500G ALHO E SAL,tempero pronto,0.6928484412757374,accuracy_on_full,maximize
BISC ROSQ S LAC VEG RANCHEIRO COCO 600G,biscoito,0.6928484412757374,accuracy_on_full,maximize
CHA REAL MULTIERVAS CAMOMILA CX 10G,cha por infusao,0.6928484412757374,accuracy_on_full,maximize
CONTRA FILE BIFE MINERVA KG,carne bovina,0.6928484412757374,accuracy_on_full,maximize
FRALDA DESC MILI ULTRA SECA MEG GDE C/42,fralda,0.6928484412757374,accuracy_on_full,maximize
KIT SUNGA E CAMISETA MANGA LON,sunga,0.6928484412757374,accuracy_on_full,maximize
UTENSILIOS INOX P PREPARO ALIM FRATELLI,outro utensilio de cozinha,0.6928484412757374,accuracy_on_full,maximize
CERVEJA ITAIPAVA 355ML L.N 0 ALC,cerveja,0.6928484412757374,accuracy_on_full,maximize
LIMP COZ VEJA 500ML-PULVZ C/30 DESC,multiuso,0.6928484412757374,accuracy_on_full,maximize
TORRADA WICKB 140G 100  INTEG,torrada,0.6928484412757374,accuracy_on_full,maximize
FUBA SINHA PC 1KG MEDIO,fuba,0.6928484412757374,accuracy_on_full,maximize
REFRIG MOGI 2L PET GUARANA,refrigerante,0.6928484412757374,accuracy_on_full,maximize
AMACIANTE GIRANDO SOL FLORAL    FC   2LT,amaciante,0.6928484412757374,accuracy_on_full,maximize
SH ALYNE ANTI RESIDUOS 1L,shampoo,0.6928484412757374,accuracy_on_full,maximize
SAL CHURRASCO AJISAL 1KG,sal,0.6928484412757374,accuracy_on_full,maximize
CRM DENT CLOSEUP DENTES MAIS BRANC 130G,creme dental,0.6928484412757374,accuracy_on_full,maximize
PATE PEITO PERU SEARA 100G,pate,0.6928484412757374,accuracy_on_full,maximize
MIST BOLO DR OETKER BRIGA CONFEI SC 300G,preparo para bolo,0.6928484412757374,accuracy_on_full,maximize
NECTAR TIAL 1LT GOIABA,suco pronto,0.6928484412757374,accuracy_on_full,maximize
TOALHA PAP SNOB DECORADA C/2 UN,papel toalha,0.6928484412757374,accuracy_on_full,maximize
ACUCAR GUARANI REFIN GRAN SACHE 40X5g,acucar,0.6928484412757374,accuracy_on_full,maximize
CATCHUP PICANTE TAMB  400G,ketchup,0.6928484412757374,accuracy_on_full,maximize
BROA ARTIJU 200G MILHO,padaria e confeitaria industrializado,0.6928484412757374,accuracy_on_full,maximize
"SHAMPOO ELSEVE 400ML, HIALURONICO",shampoo,0.6928484412757374,accuracy_on_full,maximize
"SOPAO JOIA 200G, CARNE, .",preparo para sopa,0.6928484412757374,accuracy_on_full,maximize
CARNE MOIDA COXAO MOLE RESERVA KG,carne bovina,0.6928484412757374,accuracy_on_full,maximize
AG MIN PEDRA AZUL C/G 12X510ML,agua,0.6928484412757374,accuracy_on_full,maximize
CD.COLGATE TOTAL 12 90G C/3 ANTIC. FLUOR,creme dental,0.6928484412757374,accuracy_on_full,maximize
BATATA RUFFLES EL PC 70G OND BACONZITOS,aperitivo,0.6928484412757374,accuracy_on_full,maximize
LAV ROUP LIQ OMO PURO CUIDADO SACHET 900ml,lava roupas,0.6928484412757374,accuracy_on_full,maximize
MASSA PASTEL MASSITA DG         PCT 500G,massa fresca,0.6928484412757374,accuracy_on_full,maximize
IOG LIQ DANONINHO 100G BAN/MACA,iogurte,0.6928484412757374,accuracy_on_full,maximize
MAC INST NISSIN LAMEN 85G  GAL/CAI,macarrao,0.6928484412757374,accuracy_on_full,maximize
ROSCA POLVILHO VO VILZA 140G SALG TRADICIONAL,padaria e confeitaria industrializado,0.6928484412757374,accuracy_on_full,maximize
MANTEIGA MOCOCA C/SAL LATA 200g,manteiga,0.6928484412757374,accuracy_on_full,maximize
FEIJAO CARIOCA TIPO 1 FANTASTICO 1kg,feijao,0.6928484412757374,accuracy_on_full,maximize
SALG KRO REQUEIJAO  70 GR,aperitivo,0.6928484412757374,accuracy_on_full,maximize
REFRESCO PO CLIGHT MORANGO 8G,preparo para suco,0.6928484412757374,accuracy_on_full,maximize
CANECA VDO CRFH NV DEC 21 320ML HO163486,caneca,0.6928484412757374,accuracy_on_full,maximize
ENROLADINHO FRANGO  80G,padaria e confeitaria fresca,0.6928484412757374,accuracy_on_full,maximize
NHOQUE NOSSA MASSA BATATA PC 500G,macarrao,0.6928484412757374,accuracy_on_full,maximize
PACK REFRES PO TANG LARAN 10UN 18G LMPM,preparo para suco,0.6928484412757374,accuracy_on_full,maximize
ROSCA SABOR COCO 700G,biscoito,0.6928484412757374,accuracy_on_full,maximize
"OVO PASCOA LACTA, 176G N 15 DIAM NEGRO",ovo de pascoa,0.6928484412757374,accuracy_on_full,maximize
NOVAMOX 2X 875 125MG C/20 COMPR. ACHE,outro farma,0.6928484412757374,accuracy_on_full,maximize
"PAPEL ALUMINIO MELLO 0,30X4,0",folha de aluminio,0.6928484412757374,accuracy_on_full,maximize
CHOC PO NESTLE 200G,chocolate em po,0.6928484412757374,accuracy_on_full,maximize
CR BARB BOZZANO 65G MENTOLADO,espuma ou gel de barbear,0.6928484412757374,accuracy_on_full,maximize
CERVEJA PILSEN BURGUESA LT 269ML,cerveja,0.6928484412757374,accuracy_on_full,maximize
MIST BOLO LIMAO ITALAC 400G,preparo para bolo,0.6928484412757374,accuracy_on_full,maximize
CARVAO VEGETAL QUALLITY 2KG,carvao,0.6928484412757374,accuracy_on_full,maximize
MILHO VERDE QUERO LT 170G,milho verde em conserva,0.6928484412757374,accuracy_on_full,maximize
SH 375ML COND 170ML ELSEVE LONG LIS SONHOS,kit para cabelos,0.6928484412757374,accuracy_on_full,maximize
CHOC GALAK 25G BRANCO,chocolate,0.6928484412757374,accuracy_on_full,maximize
OVO PASC.SURPRESA 210G BCO/CROC/MOR MAGIA,ovo de pascoa,0.6928484412757374,accuracy_on_full,maximize
PAO FORMA BAUDUCCO 390G TRAD,padaria e confeitaria industrializado,0.6928484412757374,accuracy_on_full,maximize
SABAO ESPUMIL COCO 200g C/5,sabonete,0.6928484412757374,accuracy_on_full,maximize
CHA BARAO MACA C/CANELA 13g,cha por infusao,0.6928484412757374,accuracy_on_full,maximize
LEITE PARMALAT INTEG TP 1L,leite,0.6928484412757374,accuracy_on_full,maximize
PURIF GLADE AER LEMB INF 360ML OF ESP UN,aromatizador,0.6928484412757374,accuracy_on_full,maximize
ENXAG INF COLGATE PLAX KIDS MINION 250ML,enxaguante bucal,0.6928484412757374,accuracy_on_full,maximize
AGUA ALCALINA C GAS AYLA 1 260L,agua,0.6928484412757374,accuracy_on_full,maximize
ESMALTE IMPALA TRAT BASE FORTALECEDORA,esmalte,0.6928484412757374,accuracy_on_full,maximize
CJ RAMEKIN CERAMICO RED STAUB VM 2PC,recipientes,0.6928484412757374,accuracy_on_full,maximize
IOG GREGO VIGOR TRADICIONAL PT 90G,iogurte,0.6928484412757374,accuracy_on_full,maximize
LAVA ROUPA OMO LAV PERF CX1.6KG GTS200G,lava roupas,0.6928484412757374,accuracy_on_full,maximize
FIO DENTAL REACH ESSENCIAL 100M,fio dental,0.6928484412757374,accuracy_on_full,maximize
QUEIJO MUSSARELA INTER QUALITAT FAT 400G,queijo,0.6928484412757374,accuracy_on_full,maximize
NINHO OVOS STA AMALIA 500G  N3,macarrao,0.6928484412757374,accuracy_on_full,maximize
BEB LACTEA YOPRO 15 TP 250ML BANANA,bebida lactea,0.6928484412757374,accuracy_on_full,maximize
CERVEJA ALBANOS LIFE LAGER ZR GRF 600ML,cerveja,0.6928484412757374,accuracy_on_full,maximize
MASSA VILMA OVOS LINGUINE 500G,macarrao,0.6928484412757374,accuracy_on_full,maximize
MASSA SEM FORTALEZA NINHO PC 400G,macarrao,0.6928484412757374,accuracy_on_full,maximize
"TEMPERO DONA RAIZ 40G, LIMAO/ALECRIM",tempero pronto,0.6928484412757374,accuracy_on_full,maximize
CATCHUP HEINZ 397G,ketchup,0.6928484412757374,accuracy_on_full,maximize
"AMAC COMFORT CONC 1L, INT P CUIDADO, .",amaciante,0.6928484412757374,accuracy_on_full,maximize
"CAS DIABLO RED BLEND TINTO 0,750",vinho importado,0.6928484412757374,accuracy_on_full,maximize
HOT POCKET X-CHEDDAR 145g,sanduiche congelado,0.6928484412757374,accuracy_on_full,maximize
FITA MICROPORE BEGE 1.2CMX4.5M CREMER,esparadrapo,0.6928484412757374,accuracy_on_full,maximize
OVO BCO GD C/6 ENAVIS,ovo,0.6928484412757374,accuracy_on_full,maximize
SABONETE BAR REXONA 84G LIMP PROF,sabonete,0.6928484412757374,accuracy_on_full,maximize
ESSENCIA ZUPP EUCALIPTO 120ml,aromatizador,0.6928484412757374,accuracy_on_full,maximize
SACO PAPEL/SEDA M MIX INFANTIL,embalagem de presente,0.6928484412757374,accuracy_on_full,maximize
CHANTILLY FLEISCHMANN GRAN TP 200ML,outro laticinio refrigeirado,0.6928484412757374,accuracy_on_full,maximize
PANO LIMPEZA PERFEX AZUL,pano para limpeza,0.6928484412757374,accuracy_on_full,maximize
MASSA GERMANI VEGETAIS PARAFUSO PE 500GR,macarrao,0.6928484412757374,accuracy_on_full,maximize
"AMAC DOWNY CONC 500ML, BRISA, .",amaciante,0.6928484412757374,accuracy_on_full,maximize
BATATA FRITA CRONY OND NATURAL 175g,aperitivo,0.6928484412757374,accuracy_on_full,maximize
MIST BOLO CENOURA 400GR,preparo para bolo,0.6928484412757374,accuracy_on_full,maximize
ALFACE AMERICANA UNID,alface,0.6928484412757374,accuracy_on_full,maximize
ALCAPARRAS CONSV LA VIOLETEIRA 60G -PT,vegetal em conserva,0.6928484412757374,accuracy_on_full,maximize
"DESOD MONANGE 150ML AERO FEM, FLOR LAV",desodorante,0.6928484412757374,accuracy_on_full,maximize
CERVEJA UHMA PURO MALTE 473ML-LT,cerveja,0.6928484412757374,accuracy_on_full,maximize
FAR TRIG ROSA BRANCA PREMIUM 1KG,farinha de trigo,0.6928484412757374,accuracy_on_full,maximize
BATATA PALHA VISCONTI 105G TRADICIONAL,vegetal em palha,0.6928484412757374,accuracy_on_full,maximize
SORVETE NESTLE CHOCOLATE TRAD PT 1 5 L,sorvete,0.6928484412757374,accuracy_on_full,maximize
REFRESCO TANG GUARANA 18G,preparo para suco,0.6928484412757374,accuracy_on_full,maximize
ATUM GOMES COSTA RALADO DEFUMAD.LT 170GR,proteina em conserva,0.6928484412757374,accuracy_on_full,maximize
GERBERA REIJERS P14,plantas e sementes,0.6928484412757374,accuracy_on_full,maximize
BANANA MACA kg,banana,0.6928484412757374,accuracy_on_full,maximize
BISC DMILA PATINHAS POLVILHO QUEIJO 100G,biscoito,0.6928484412757374,accuracy_on_full,maximize
COLOMBA ITALIA MIA FRUTAS 300G,panificacao pascoa,0.6928484412757374,accuracy_on_full,maximize
COMPRESSA DE GAZE 11F C 500 SANFARMA,gaze,0.6928484412757374,accuracy_on_full,maximize
"PO P/REFRES TANG 25G, CAJU",preparo para suco,0.6928484412757374,accuracy_on_full,maximize
CHOC TAB ARCOR ZERO LACT 80G,chocolate,0.6928484412757374,accuracy_on_full,maximize
LICOR WHISKY JACK DANIELS 1L APPLE TENESSE,whisky,0.6928484412757374,accuracy_on_full,maximize
FILEZINHO SUINO ESPECIAL kg,carne suina,0.6928484412757374,accuracy_on_full,maximize
"BEB ENERG MONSTER 473ML, MANGO LOCO",energetico,0.6928484412757374,accuracy_on_full,maximize
GARFO BRANCO CRF 10PE 01180,talher descartavel,0.6928484412757374,accuracy_on_full,maximize
BOLINHO A.MARIA CHOCOLATE       PE  70GR,padaria e confeitaria industrializado,0.6928484412757374,accuracy_on_full,maximize
DV FRESH LIMAO 200ML,suco pronto,0.6928484412757374,accuracy_on_full,maximize
POSTA DOURADO NOSSAS ORIGENS CONF,peixe,0.6928484412757374,accuracy_on_full,maximize
SUCO MISTO MAGUARY F-SHOOT 150ML-TP LAR,suco pronto,0.6928484412757374,accuracy_on_full,maximize
SOLT PTO PERU 200G,peito de peru,0.6928484412757374,accuracy_on_full,maximize
CREME MAGGI CEBOLA 68G,preparo para sopa,0.6928484412757374,accuracy_on_full,maximize
SALG E CHIPS CHEETOS MIX QUEIJO 41g,aperitivo,0.6928484412757374,accuracy_on_full,maximize
ACUCAR UNIAO CRISTALCUCAR 1KG,acucar,0.6928484412757374,accuracy_on_full,maximize
FUBA MIMOSO YOKI 500G,fuba,0.6928484412757374,accuracy_on_full,maximize
REFRESCO FRESH 10G GUARANA,preparo para suco,0.6928484412757374,accuracy_on_full,maximize
DESOD AER REXONA WOMEN 89G INVISIBLE,desodorante,0.6928484412757374,accuracy_on_full,maximize
BISC TRIUNFO MAIZENA DUO 200G,biscoito,0.6928484412757374,accuracy_on_full,maximize
RABO SALGADO kg,carne suina,0.6928484412757374,accuracy_on_full,maximize
COUVE MANT LETTUCE MC,couve,0.6928484412757374,accuracy_on_full,maximize
OVOS CODORNA CONS GR LOUREIRO 1KG,ovo,0.6928484412757374,accuracy_on_full,maximize
HAMBURG SEARA 400G ANGUS,hamburguer congelado,0.6928484412757374,accuracy_on_full,maximize
REFRESCO PO CLIGHT UVA         EV    8GR,preparo para suco,0.6928484412757374,accuracy_on_full,maximize
FAR DE TRIGO BRANDINI 1KG,farinha de trigo,0.6928484412757374,accuracy_on_full,maximize
ALIM CAES PEDIGREE 100G JR FRANGO,alimento pet,0.6928484412757374,accuracy_on_full,maximize
GELAT ROYAL FRAMBOESA 25g,gelatina,0.6928484412757374,accuracy_on_full,maximize
HAMB CARNE VEGETAL FUTURO BURGUER 230G,hamburguer congelado,0.6928484412757374,accuracy_on_full,maximize
PACOCA GUIMARAES ROLHA ZERO AD ACUC 145g,pacoca,0.6928484412757374,accuracy_on_full,maximize
BOMBOM MINI  FLORMEL 12G AMENDOIM,bombom,0.6928484412757374,accuracy_on_full,maximize
GOIABADA OLIVEIRA FLOW PACK 300g,goiabada,0.6928484412757374,accuracy_on_full,maximize
POLPA MARACUJA INT DE MARCHI 100GR,polpa de fruta congelada,0.6928484412757374,accuracy_on_full,maximize
MELANCIA PINGO DOCE AMARELINHA KG,melancia,0.6928484412757374,accuracy_on_full,maximize
AGUA COCO COCO QUAD 200ML-TP MELANCIA,agua de coco,0.6928484412757374,accuracy_on_full,maximize
BEBIDA LACTEA UHT FRAPE DE MORANGO,bebida lactea,0.6928484412757374,accuracy_on_full,maximize
MOLHO TOM POMAROLA MANJ SACHET 300g,molho de tomate,0.6928484412757374,accuracy_on_full,maximize
BIG CHICKEN PERDIGAO QUEIJO      PCT 1KG,empanado congelado,0.6928484412757374,accuracy_on_full,maximize
SABAO PO TIXAN PRIMAVERA SH 40,lava roupas,0.6928484412757374,accuracy_on_full,maximize
TOALHA UMED PIQUITUCHO PRATIC C48,lenco umedecido,0.6928484412757374,accuracy_on_full,maximize
SMARTPHONE MOTO G20 64GB AZUL ARTICO,celular,0.6928484412757374,accuracy_on_full,maximize
"TIRA MANCHA OMO 380G, BRANCO",lava roupas,0.6928484412757374,accuracy_on_full,maximize
CEREAL INF MUCILON SACH AMEIXA/AVEIA,cereal infantil ou farinha lactea,0.6928484412757374,accuracy_on_full,maximize
