generation,individual_id,l0_size,accuracy_on_full,f1_macro_on_full,num_tokens,num_distinct_tokens,num_classes_in_l0,most_frequent_class_in_l0,l0_indices_hash,fitness_calc_time_sec
1,0,10,0.068087,0.004632,56,54,10,multiuso,d88fce2895,1.6786
1,1,10,0.032752,0.002611,53,52,10,amaciante,f34a549e94,1.3590
1,2,10,0.093290,0.004153,55,54,10,cafe,590ba4d4e7,1.5015
1,3,10,0.108002,0.004787,58,55,9,biscoito,19fd1065fb,2.3431
1,4,10,0.063161,0.004334,59,57,9,iogurte,1228b7cd20,2.1033
1,5,10,0.123086,0.005159,57,55,10,amaciante,5b3937c949,2.0502
1,6,10,0.028904,0.002604,52,50,10,iogurte,fb7f74ecef,1.6309
1,7,10,0.080202,0.004222,54,54,10,agua,cf80c7a70c,1.5189
1,8,10,0.046731,0.003836,48,47,9,chocolate,4a24153706,1.5032
1,9,10,0.079590,0.003244,52,49,9,lava roupas,3e8b43311f,1.7671
1,10,10,0.129024,0.004808,59,58,9,biscoito,ebbe66eef3,1.9685
1,11,10,0.095247,0.004925,48,47,9,biscoito,42a2c2221a,1.9398
1,12,10,0.048888,0.003250,51,50,10,outro molho,4f0f4ff852,1.7989
1,13,10,0.054374,0.002842,56,54,9,chocolate,8af83911b5,1.5957
1,14,10,0.052097,0.002456,55,55,9,cerveja,61917adc70,1.4170
1,15,10,0.039183,0.002710,57,57,9,padaria e confeitaria industrializado,c05fbf81f6,1.5311
1,16,10,0.088790,0.003889,54,53,10,biscoito,2885b28d27,1.7020
1,17,10,0.092251,0.004206,55,53,9,biscoito,e8e2b92c6d,1.3989
1,18,10,0.051671,0.002949,61,59,10,mortadela,b419d778cf,1.5472
1,19,10,0.072174,0.002774,46,46,10,perfume,fd1ad23ae1,1.8805
1,20,10,0.089416,0.004912,60,59,10,padaria e confeitaria fresca,32f6b49590,2.0526
1,21,10,0.075822,0.003237,51,50,8,biscoito,0343393d2d,1.6606
1,22,10,0.059073,0.003084,55,54,10,carne bovina,f184946a72,1.7503
1,23,10,0.046585,0.003537,50,49,10,aperitivo,2fb4f93298,1.5309
1,24,10,0.084623,0.005953,57,57,10,fralda,0d88388f48,1.4466
1,25,10,0.086673,0.004551,47,46,10,iogurte,2e19b0f638,1.6524
1,26,10,0.089668,0.003572,56,54,9,chocolate,bdc8c3e87f,1.6923
1,27,10,0.063334,0.004132,49,47,10,cereal infantil ou farinha lactea,9bd92fc24a,1.4987
1,28,10,0.047770,0.002757,60,58,9,chocolate,8b438e64ef,1.3731
1,29,10,0.074770,0.002456,55,52,8,biscoito,3a9ac9e807,1.5700
1,30,10,0.059420,0.003458,52,51,10,massa fresca,2404c3463b,1.8068
1,31,10,0.026854,0.001516,56,55,10,fralda,4634101ab8,1.5659
1,32,10,0.110092,0.005813,62,60,10,biscoito,81c8e6d6cf,1.5126
1,33,10,0.070324,0.002818,50,48,10,ovo de pascoa,5981e89f57,1.5198
1,34,10,0.090308,0.004286,58,57,9,chocolate,1da71e2cff,1.4872
1,35,10,0.053308,0.003431,53,52,10,iogurte,b22988efb2,1.2929
1,36,10,0.105206,0.004512,55,52,9,refrigerante,27b2606fc4,1.4823
1,37,10,0.052443,0.004312,57,57,10,cheiro verde,80d48e3e39,1.4414
1,38,10,0.114432,0.005300,57,56,10,bala,f4f5961dfb,1.5428
1,39,10,0.035601,0.003236,61,60,9,peixe,bd201bcfa3,1.5464
1,40,10,0.027267,0.003313,59,58,10,bebida de soja,03996d1c9d,2.0907
1,41,10,0.034256,0.003778,63,61,10,uva,ffb4094d54,1.3031
1,42,10,0.078219,0.003894,53,52,10,chocolate,d583ed7045,1.3959
1,43,10,0.050206,0.003447,63,60,10,salsicha,d5411360e6,1.5759
1,44,10,0.097470,0.005152,52,50,10,pano para limpeza,43cb2e4cd1,1.5308
1,45,10,0.082492,0.004324,61,59,9,linguica,4657c8e9e4,1.4491
1,46,10,0.058780,0.004387,56,54,9,chocolate,1932f60b2d,1.3429
1,47,10,0.088364,0.005352,63,62,10,suco pronto,01259339b5,1.6852
1,48,10,0.113753,0.005475,58,58,8,macarrao,ee7fb8e66d,1.3820
1,49,10,0.053189,0.004558,56,56,10,outro congelado,04ad3b05c4,1.3201
2,0,10,0.129024,0.004808,59,58,9,biscoito,ebbe66eef3,1.9685
2,1,10,0.123086,0.005159,57,55,10,amaciante,5b3937c949,2.0502
2,2,10,0.114432,0.005300,57,56,10,bala,f4f5961dfb,1.5428
2,3,10,0.113753,0.005475,58,58,8,macarrao,ee7fb8e66d,1.3820
2,4,10,0.110092,0.005813,62,60,10,biscoito,81c8e6d6cf,1.5126
2,5,10,0.061496,0.003865,51,50,10,esponja,2137da9397,2.0197
2,6,10,0.067701,0.002845,51,49,10,adocante,41d1224876,1.4302
2,7,10,0.118892,0.004196,57,55,8,cafe,392a7c913e,1.2813
2,8,10,0.092331,0.003667,57,56,10,padaria e confeitaria industrializado,9a7b0061a4,1.3387
2,9,10,0.083265,0.003647,55,54,10,pirulito,6bc3b49c27,1.6266
2,10,10,0.074651,0.003110,47,47,10,adocante,62aff7b530,1.3094
2,11,10,0.111889,0.004652,56,56,10,padaria e confeitaria fresca,1f86d6893e,2.3973
2,12,10,0.091772,0.004538,59,58,9,chocolate,6f25a02d46,2.2399
2,13,10,0.088164,0.004663,54,53,9,aperitivo,c9c762469d,1.3643
2,14,10,0.095819,0.003744,58,55,8,biscoito,3ec7a01f42,1.4416
2,15,10,0.080735,0.005815,58,58,10,fralda,885e0a71cb,1.4561
2,16,10,0.114432,0.005300,57,56,10,bala,f4f5961dfb,1.5428
2,17,10,0.102117,0.005106,54,53,9,cafe,c3a53a63ca,1.4989
2,18,10,0.061976,0.002857,53,51,9,chocolate,650d70d3c8,1.3819
2,19,10,0.075449,0.004360,56,55,9,macarrao,8b6bec0e4e,1.5018
2,20,10,0.102117,0.004642,61,60,8,biscoito,04f3001e48,1.4478
2,21,10,0.123086,0.005159,57,55,10,amaciante,5b3937c949,2.0502
2,22,10,0.110092,0.005813,62,60,10,biscoito,81c8e6d6cf,1.5126
2,23,10,0.137944,0.005043,59,59,9,biscoito,17a1e4146b,1.4795
2,24,10,0.080615,0.003338,56,54,9,chocolate,eaa5f640c6,1.4098
2,25,10,0.088630,0.005707,50,47,8,biscoito,d627e3f4cd,1.2771
2,26,10,0.086420,0.003637,65,63,9,chocolate,4f7e2da492,1.5040
2,27,10,0.053189,0.004558,56,56,10,outro congelado,04ad3b05c4,1.3201
2,28,10,0.078219,0.003894,53,52,10,chocolate,d583ed7045,1.3959
2,29,10,0.077833,0.004636,54,52,10,amaciante,819b3f2f05,1.3867
2,30,10,0.094435,0.002949,57,55,9,biscoito,50f7914c54,1.4346
2,31,10,0.059073,0.003084,55,54,10,carne bovina,f184946a72,1.7503
2,32,10,0.082492,0.004324,61,59,9,linguica,4657c8e9e4,1.4491
2,33,10,0.042218,0.002607,45,44,10,feijao,dc0a13b08b,1.3422
2,34,10,0.067847,0.002746,52,49,8,biscoito,07d7173bef,1.5347
2,35,10,0.105871,0.004122,52,51,9,refrigerante,a3b64e6514,1.3607
2,36,10,0.102290,0.004903,60,59,10,queijo,29b608ba1e,1.3522
2,37,10,0.122021,0.004478,57,56,8,biscoito,ccc68d424c,1.4274
2,38,10,0.080961,0.003020,53,53,8,chocolate,e4de8e3808,1.6175
2,39,10,0.105206,0.004512,55,52,9,refrigerante,27b2606fc4,1.4823
2,40,10,0.084623,0.005953,57,57,10,fralda,0d88388f48,1.4466
2,41,10,0.087139,0.005527,60,59,10,bebida lactea,e8090e578a,1.5725
2,42,10,0.082985,0.005173,58,57,10,macarrao,b007c161c9,1.5873
2,43,10,0.091080,0.004377,53,52,9,biscoito,2237fe8e53,1.9423
2,44,10,0.090734,0.005670,65,62,9,iogurte,3474056c4e,1.4325
2,45,10,0.044242,0.002942,55,54,9,macarrao,2eb6bb043e,1.3505
2,46,10,0.093450,0.003904,53,52,8,biscoito,f34a958ea8,1.4126
2,47,10,0.097470,0.005152,52,50,10,pano para limpeza,43cb2e4cd1,1.5308
2,48,10,0.093290,0.004153,55,54,10,cafe,590ba4d4e7,1.5015
2,49,10,0.122261,0.005403,59,58,10,bala,b383a89403,1.4473
3,0,10,0.137944,0.005043,59,59,9,biscoito,17a1e4146b,1.4795
3,1,10,0.129024,0.004808,59,58,9,biscoito,ebbe66eef3,1.9685
3,2,10,0.123086,0.005159,57,55,10,amaciante,5b3937c949,2.0502
3,3,10,0.123086,0.005159,57,55,10,amaciante,5b3937c949,2.0502
3,4,10,0.122261,0.005403,59,58,10,bala,b383a89403,1.4473
3,5,10,0.126335,0.006141,53,51,10,chocolate,ece08c1cd6,1.6647
3,6,10,0.070363,0.002958,51,50,9,refrigerante,6807408446,1.3790
3,7,10,0.100346,0.004239,59,57,9,refrigerante,102b3b8a53,1.6698
3,8,10,0.061257,0.003748,56,54,10,outro congelado,3a73c3f54c,1.4287
3,9,10,0.094062,0.002621,51,49,8,biscoito,8ae1bbc62a,1.2581
3,10,10,0.107962,0.005341,61,61,10,cafe,386ec83cad,1.5233
3,11,10,0.075143,0.004826,63,61,10,bebida lactea,858b1ba90f,1.6092
3,12,10,0.122647,0.006452,59,59,10,sabonete,450e9c6eb9,1.3632
3,13,10,0.138157,0.005279,57,57,9,biscoito,1f4b111748,1.3025
3,14,10,0.123073,0.004667,59,58,9,biscoito,e9d1b5ede6,1.4979
3,15,10,0.117854,0.005584,61,59,9,biscoito,a6dd68dbcd,1.4161
3,16,10,0.120463,0.005419,56,55,9,biscoito,da05128a06,1.3303
3,17,10,0.137944,0.005043,59,59,9,biscoito,17a1e4146b,1.4795
3,18,10,0.084623,0.005953,57,57,10,fralda,0d88388f48,1.4466
3,19,10,0.120051,0.004583,59,55,9,biscoito,6caa33a394,1.3306
3,20,10,0.098482,0.005634,51,50,9,biscoito,8d319b9acd,1.7667
3,21,10,0.105206,0.004512,55,52,9,refrigerante,27b2606fc4,1.4823
3,22,10,0.105206,0.004512,55,52,9,refrigerante,27b2606fc4,1.4823
3,23,10,0.118892,0.004853,58,57,10,padaria e confeitaria fresca,61f1b1a3e5,1.4302
3,24,10,0.079803,0.002745,51,51,8,chocolate,c61b2991fd,1.4128
3,25,10,0.120051,0.004583,59,55,9,biscoito,6caa33a394,1.3306
3,26,10,0.098482,0.005634,51,50,9,biscoito,8d319b9acd,1.7667
3,27,10,0.114432,0.005300,57,56,10,bala,f4f5961dfb,1.5428
3,28,10,0.088324,0.003673,57,55,9,biscoito,94ceae09cd,1.5337
3,29,10,0.123086,0.005159,57,55,10,amaciante,5b3937c949,2.0502
3,30,10,0.129690,0.005256,59,59,10,chocolate,b65856233c,1.4811
3,31,10,0.130475,0.004740,55,54,10,padaria e confeitaria industrializado,90626bfc03,1.4398
3,32,10,0.060857,0.004342,62,59,9,vinho importado,9ff1e630a4,1.3973
3,33,10,0.116882,0.004311,59,59,9,biscoito,fee7d86c53,1.4668
3,34,10,0.125669,0.005942,54,52,10,padaria e confeitaria fresca,ad433dfd89,1.4184
3,35,10,0.072720,0.003403,56,54,9,refrigerante,1ebc77a41c,1.3134
3,36,10,0.108534,0.004500,55,51,9,biscoito,0bd8c04906,1.4503
3,37,10,0.108974,0.004547,63,60,9,biscoito,807a1fa22d,1.5692
3,38,10,0.069139,0.004379,55,55,9,macarrao,6218b6dd3b,1.2961
3,39,10,0.107842,0.005228,54,53,9,cafe,e4c7bd2143,1.4529
3,40,10,0.066476,0.003284,53,52,9,padaria e confeitaria industrializado,5271c56c9b,1.5109
3,41,10,0.113420,0.005259,57,56,10,bala,120b1d4d5c,1.5739
3,42,10,0.086420,0.003637,65,63,9,chocolate,4f7e2da492,1.5040
3,43,10,0.094901,0.003618,57,56,9,iogurte,14299cf06d,1.3444
3,44,10,0.108814,0.004618,52,49,8,refrigerante,e76619d2a2,1.3063
3,45,10,0.122261,0.005403,59,58,10,bala,b383a89403,1.4473
3,46,10,0.123086,0.005159,57,55,10,amaciante,5b3937c949,2.0502
3,47,10,0.085408,0.004479,61,58,9,biscoito,7d82be39ad,1.3847
3,48,10,0.075569,0.003169,53,52,9,chocolate,52d5e439af,1.4411
3,49,10,0.105006,0.005532,62,60,9,outro farma,f6305427b3,1.3666
4,0,10,0.138157,0.005279,57,57,9,biscoito,1f4b111748,1.3025
4,1,10,0.137944,0.005043,59,59,9,biscoito,17a1e4146b,1.4795
4,2,10,0.137944,0.005043,59,59,9,biscoito,17a1e4146b,1.4795
4,3,10,0.130475,0.004740,55,54,10,padaria e confeitaria industrializado,90626bfc03,1.4398
4,4,10,0.129690,0.005256,59,59,10,chocolate,b65856233c,1.4811
4,5,10,0.118333,0.004507,56,53,9,biscoito,c444c6f8c9,1.8316
4,6,10,0.110265,0.004990,56,53,9,refrigerante,cfe1bb6b8c,1.7157
4,7,10,0.130475,0.004740,55,54,10,padaria e confeitaria industrializado,90626bfc03,1.4398
4,8,10,0.138157,0.005279,57,57,9,biscoito,1f4b111748,1.3025
4,9,10,0.126934,0.004127,59,57,9,biscoito,f4ce0ca427,1.6903
4,10,10,0.090214,0.004212,53,52,10,padaria e confeitaria industrializado,c8650fa03c,1.4720
4,11,10,0.101731,0.004558,60,60,10,_RARE_,a95d0e105d,1.4818
4,12,10,0.112675,0.005278,53,51,9,cafe,7eee8d2378,1.4487
4,13,10,0.125496,0.005591,62,61,10,chocolate,c822f74e95,1.4264
4,14,10,0.109519,0.005096,54,50,9,biscoito,46367ba004,1.3505
4,15,10,0.085302,0.005102,56,54,10,amaciante,6e745c7aa2,1.4766
4,16,10,0.120077,0.004680,55,51,9,biscoito,f8cdaaa7dd,1.5463
4,17,10,0.132273,0.004911,60,60,9,biscoito,7f7064c09c,1.3095
4,18,10,0.147637,0.006573,59,59,10,cafe,749d025d5e,1.3185
4,19,10,0.118200,0.005680,55,53,9,iogurte,0b50dbbdf2,1.6220
4,20,10,0.108308,0.004411,63,63,9,biscoito,350993759d,1.5443
4,21,10,0.109746,0.004435,54,52,9,refrigerante,eff3d4fa8c,1.3990
4,22,10,0.127932,0.004948,61,59,10,amaciante,21d975cdd8,1.4408
4,23,10,0.104034,0.005271,64,63,10,amaciante,5be80ed75f,1.5292
4,24,10,0.092518,0.003618,56,51,8,biscoito,42326cbea1,1.4021
4,25,10,0.143789,0.005455,56,55,9,biscoito,b9293fd82f,1.3829
4,26,10,0.085608,0.005032,53,52,10,chocolate,0982851b44,1.5992
4,27,10,0.118280,0.005335,59,59,10,cafe,8f27708de0,1.3666
4,28,10,0.113926,0.004508,59,57,10,amaciante,9fbb45bcc9,1.3753
4,29,10,0.115005,0.004015,56,54,8,biscoito,79c17f5ee0,1.3506
4,30,10,0.087844,0.004901,58,56,10,amaciante,69f7d449c0,1.7066
4,31,10,0.125669,0.005942,54,52,10,padaria e confeitaria fresca,ad433dfd89,1.4184
4,32,10,0.108534,0.004500,55,51,9,biscoito,0bd8c04906,1.4503
4,33,10,0.133218,0.005658,59,57,10,cafe,c40aa47353,1.3511
4,34,10,0.131128,0.004953,55,55,9,biscoito,3833fa8f1a,1.2992
4,35,10,0.123765,0.004764,58,57,9,biscoito,7965aa2354,1.3785
4,36,10,0.098043,0.004494,52,52,9,biscoito,80d285249c,1.6515
4,37,10,0.081401,0.004398,59,58,9,biscoito,a1665ccaac,1.3889
4,38,10,0.171868,0.007677,59,59,10,cafe,1cb22ee982,1.4314
4,39,10,0.090161,0.003128,59,58,7,biscoito,7f2cbe37c2,1.4443
4,40,10,0.097044,0.004822,55,55,9,iogurte,4f8f651a28,1.4494
4,41,10,0.111809,0.004005,54,52,9,ovo,5dad50ab7f,1.3907
4,42,10,0.098482,0.005634,51,50,9,biscoito,8d319b9acd,1.7667
4,43,10,0.102743,0.003521,55,53,8,biscoito,577d175b4f,1.4451
4,44,10,0.128931,0.005671,63,63,10,cafe,6af87403a3,1.5484
4,45,10,0.110079,0.003073,53,51,9,biscoito,b41a972752,1.4294
4,46,10,0.131527,0.004863,61,60,9,suco pronto,042d3e6ffd,1.3507
4,47,10,0.103315,0.005064,58,56,9,cafe,1ec05ee914,1.3364
4,48,10,0.104101,0.003858,53,51,8,biscoito,5575a8d17d,1.5100
4,49,10,0.103209,0.006059,61,60,10,vegetal em conserva,4fbb4bf005,1.3653
5,0,10,0.171868,0.007677,59,59,10,cafe,1cb22ee982,1.4314
5,1,10,0.147637,0.006573,59,59,10,cafe,749d025d5e,1.3185
5,2,10,0.143789,0.005455,56,55,9,biscoito,b9293fd82f,1.3829
5,3,10,0.138157,0.005279,57,57,9,biscoito,1f4b111748,1.3025
5,4,10,0.138157,0.005279,57,57,9,biscoito,1f4b111748,1.3025
5,5,10,0.098163,0.004127,62,60,9,chocolate,468a6007ef,1.7495
5,6,10,0.118293,0.003892,55,51,8,biscoito,55e8206b46,1.6736
5,7,10,0.125456,0.005829,57,56,10,cafe,a8ce63f7de,1.6971
5,8,10,0.110478,0.003519,57,55,8,iogurte,49cb5725ca,1.5504
5,9,10,0.109413,0.003171,60,58,8,biscoito,5dc6ebf8cd,1.5181
5,10,10,0.087844,0.004108,59,53,9,suco pronto,3d377a06c2,1.3893
5,11,10,0.115604,0.005782,62,62,9,iogurte,8ca1db379d,1.3796
5,12,10,0.099601,0.004417,59,56,9,biscoito,7699718b4e,1.3195
5,13,10,0.151604,0.006289,59,58,9,biscoito,26f63eac5b,1.5320
5,14,10,0.109746,0.004435,54,52,9,refrigerante,eff3d4fa8c,1.3990
5,15,10,0.127573,0.005824,64,62,10,cafe,19efaebecf,1.4792
5,16,10,0.130475,0.004740,55,54,10,padaria e confeitaria industrializado,90626bfc03,1.4398
5,17,10,0.138157,0.005279,57,57,9,biscoito,1f4b111748,1.3025
5,18,10,0.130875,0.004710,57,57,9,biscoito,24e56cdc29,1.3809
5,19,10,0.118746,0.004498,56,53,9,biscoito,f2e1506ca0,1.3417
5,20,10,0.128145,0.005837,59,56,10,amaciante,331faf46a8,1.4662
5,21,10,0.126934,0.004127,59,57,9,biscoito,f4ce0ca427,1.6903
5,22,10,0.120077,0.004680,55,51,9,biscoito,f8cdaaa7dd,1.5463
5,23,10,0.171868,0.007677,59,59,10,cafe,1cb22ee982,1.4314
5,24,10,0.118333,0.004507,56,53,9,biscoito,c444c6f8c9,1.8316
5,25,10,0.114565,0.004120,57,55,9,iogurte,ab8bbb208d,1.5299
5,26,10,0.127733,0.005793,60,58,10,chocolate,7dbedd9a7b,1.6973
5,27,10,0.148555,0.005626,59,59,9,biscoito,a2638becf8,1.5411
5,28,10,0.130475,0.004740,55,54,10,padaria e confeitaria industrializado,90626bfc03,1.4398
5,29,10,0.171868,0.007677,59,59,10,cafe,1cb22ee982,1.4314
5,30,10,0.137944,0.005043,59,59,9,biscoito,17a1e4146b,1.4795
5,31,10,0.132273,0.004911,60,60,9,biscoito,7f7064c09c,1.3095
5,32,10,0.127932,0.004948,61,59,10,amaciante,21d975cdd8,1.4408
5,33,10,0.111809,0.004005,54,52,9,ovo,5dad50ab7f,1.3907
5,34,10,0.126934,0.004127,59,57,9,biscoito,f4ce0ca427,1.6903
5,35,10,0.118333,0.004507,56,53,9,biscoito,c444c6f8c9,1.8316
5,36,10,0.118693,0.004344,54,50,8,biscoito,43df6b5252,1.6764
5,37,10,0.161164,0.006765,60,60,10,cafe,b5fe56caed,2.0206
5,38,10,0.100146,0.002073,56,55,8,biscoito,5793e773fd,1.5316
5,39,10,0.108175,0.004787,53,51,8,bala,1a4a02d883,1.5959
5,40,10,0.114525,0.005077,54,53,9,iogurte,33cd88a3d6,1.3774
5,41,10,0.147637,0.006573,59,59,10,cafe,749d025d5e,1.3185
5,42,10,0.137944,0.005043,59,59,9,biscoito,17a1e4146b,1.4795
5,43,10,0.136160,0.006121,60,60,10,cafe,d6aeb450ab,1.6135
5,44,10,0.125509,0.004373,61,61,9,biscoito,1e0e21c4d3,2.1969
5,45,10,0.138157,0.005279,57,57,9,biscoito,1f4b111748,1.3025
5,46,10,0.130475,0.004740,55,54,10,padaria e confeitaria industrializado,90626bfc03,1.4398
5,47,10,0.171868,0.007677,59,59,10,cafe,1cb22ee982,1.4314
5,48,10,0.138157,0.005279,57,57,9,biscoito,1f4b111748,1.3025
5,49,10,0.132193,0.005628,59,56,9,biscoito,fd97c53b12,1.5000
6,0,10,0.171868,0.007677,59,59,10,cafe,1cb22ee982,1.4314
6,1,10,0.171868,0.007677,59,59,10,cafe,1cb22ee982,1.4314
6,2,10,0.171868,0.007677,59,59,10,cafe,1cb22ee982,1.4314
6,3,10,0.171868,0.007677,59,59,10,cafe,1cb22ee982,1.4314
6,4,10,0.161164,0.006765,60,60,10,cafe,b5fe56caed,2.0206
6,5,10,0.150273,0.005934,57,52,8,chocolate,c5da283274,1.6866
6,6,10,0.113553,0.004068,58,57,9,biscoito,aa46edca27,1.7659
6,7,10,0.171868,0.007677,59,59,10,cafe,1cb22ee982,1.4314
6,8,10,0.171868,0.007677,59,59,10,cafe,1cb22ee982,1.4314
6,9,10,0.136733,0.005239,59,56,9,chocolate,17ab663b05,1.4278
6,10,10,0.116549,0.004575,57,56,8,biscoito,68611d323f,1.4991
6,11,10,0.161164,0.006765,60,60,10,cafe,b5fe56caed,2.0206
6,12,10,0.157303,0.008033,56,56,10,cafe,cc745fc6b6,1.5414
6,13,10,0.103568,0.002717,52,51,9,biscoito,397d6cdf83,1.5288
6,14,10,0.161164,0.006765,60,60,10,cafe,b5fe56caed,2.0206
6,15,10,0.161164,0.006765,60,60,10,cafe,b5fe56caed,2.0206
6,16,10,0.148555,0.005626,59,59,9,biscoito,a2638becf8,1.5411
6,17,10,0.138157,0.005279,57,57,9,biscoito,1f4b111748,1.3025
6,18,10,0.137944,0.005043,59,59,9,biscoito,17a1e4146b,1.4795
6,19,10,0.122141,0.004948,59,59,10,cafe,10b6d10b18,1.3477
6,20,10,0.146319,0.006107,59,58,9,biscoito,2690b473c6,1.3616
6,21,10,0.137944,0.005043,59,59,9,biscoito,17a1e4146b,1.4795
6,22,10,0.136160,0.006121,60,60,10,cafe,d6aeb450ab,1.6135
6,23,10,0.142458,0.005197,59,59,9,biscoito,c9c2eb25f2,1.5922
6,24,10,0.129903,0.004966,58,58,9,biscoito,05bd69f8e1,1.3667
6,25,10,0.171868,0.007677,59,59,10,cafe,1cb22ee982,1.4314
6,26,10,0.171868,0.007677,59,59,10,cafe,1cb22ee982,1.4314
6,27,10,0.126295,0.006252,60,59,9,suco pronto,6ef38c6d43,1.3648
6,28,10,0.148875,0.006236,58,58,10,cafe,ac89fe9e56,1.5310
6,29,10,0.128598,0.004600,55,52,9,iogurte,3e3afebb15,1.7694
6,30,10,0.140421,0.006628,59,59,10,cafe,b9bd8e4391,1.3639
6,31,10,0.159699,0.006177,59,59,9,biscoito,4eebd242cb,1.5294
6,32,10,0.160698,0.007150,59,59,10,cafe,310efcff9d,1.5908
6,33,10,0.156424,0.007105,58,58,10,cafe,b603e25b6f,1.9101
6,34,10,0.121528,0.004516,56,56,9,iogurte,624d544bbc,1.7906
6,35,10,0.117614,0.004088,58,58,9,biscoito,f406f5d6fd,1.9995
6,36,10,0.140647,0.005109,61,58,9,biscoito,473181f92d,1.5904
6,37,10,0.138157,0.005279,57,57,9,biscoito,1f4b111748,1.3025
6,38,10,0.127932,0.004948,61,59,10,amaciante,21d975cdd8,1.4408
6,39,10,0.147637,0.006573,59,59,10,cafe,749d025d5e,1.3185
6,40,10,0.125509,0.004373,61,61,9,biscoito,1e0e21c4d3,2.1969
6,41,10,0.138157,0.005279,57,57,9,biscoito,1f4b111748,1.3025
6,42,10,0.147637,0.006573,59,59,10,cafe,749d025d5e,1.3185
6,43,10,0.148875,0.006236,58,58,10,cafe,ac89fe9e56,1.5310
6,44,10,0.163014,0.007194,60,59,9,suco pronto,ba015cc561,1.4863
6,45,10,0.137944,0.005043,59,59,9,biscoito,17a1e4146b,1.4795
6,46,10,0.130475,0.004740,55,54,10,padaria e confeitaria industrializado,90626bfc03,1.4398
6,47,10,0.140248,0.005531,60,60,10,cafe,164fd7f278,1.3969
6,48,10,0.141845,0.005199,53,52,8,biscoito,a94f18d455,1.6285
6,49,10,0.148555,0.005626,59,59,9,biscoito,a2638becf8,1.5411
7,0,10,0.171868,0.007677,59,59,10,cafe,1cb22ee982,1.4314
7,1,10,0.171868,0.007677,59,59,10,cafe,1cb22ee982,1.4314
7,2,10,0.171868,0.007677,59,59,10,cafe,1cb22ee982,1.4314
7,3,10,0.171868,0.007677,59,59,10,cafe,1cb22ee982,1.4314
7,4,10,0.171868,0.007677,59,59,10,cafe,1cb22ee982,1.4314
7,5,10,0.161164,0.006765,60,60,10,cafe,b5fe56caed,2.0206
7,6,10,0.171868,0.007677,59,59,10,cafe,1cb22ee982,1.4314
7,7,10,0.140248,0.005531,60,60,10,cafe,164fd7f278,1.3969
7,8,10,0.120663,0.006737,58,58,10,cafe,0ad499a7db,1.9592
7,9,10,0.160698,0.007150,59,59,10,cafe,310efcff9d,1.5908
7,10,10,0.150273,0.005934,57,52,8,chocolate,c5da283274,1.6866
7,11,10,0.138157,0.005279,57,57,9,biscoito,1f4b111748,1.3025
7,12,10,0.171868,0.007677,59,59,10,cafe,1cb22ee982,1.4314
7,13,10,0.161164,0.006765,60,60,10,cafe,b5fe56caed,2.0206
7,14,10,0.161164,0.006765,60,60,10,cafe,b5fe56caed,2.0206
7,15,10,0.142458,0.005197,59,59,9,biscoito,c9c2eb25f2,1.5922
7,16,10,0.171868,0.007677,59,59,10,cafe,1cb22ee982,1.4314
7,17,10,0.171868,0.007677,59,59,10,cafe,1cb22ee982,1.4314
7,18,10,0.148555,0.005626,59,59,9,biscoito,a2638becf8,1.5411
7,19,10,0.171868,0.007677,59,59,10,cafe,1cb22ee982,1.4314
7,20,10,0.163014,0.007194,60,59,9,suco pronto,ba015cc561,1.4863
7,21,10,0.161164,0.006765,60,60,10,cafe,b5fe56caed,2.0206
7,22,10,0.161164,0.006765,60,60,10,cafe,b5fe56caed,2.0206
7,23,10,0.171868,0.007677,59,59,10,cafe,1cb22ee982,1.4314
7,24,10,0.171868,0.007677,59,59,10,cafe,1cb22ee982,1.4314
7,25,10,0.140421,0.006628,59,59,10,cafe,b9bd8e4391,1.3639
7,26,10,0.118280,0.003742,56,53,9,iogurte,f2d0639be9,1.7280
7,27,10,0.146638,0.005959,58,58,9,biscoito,51deaefdc7,1.4354
7,28,10,0.145999,0.006098,60,58,10,cafe,e8f61e6599,1.3300
7,29,10,0.171868,0.007677,59,59,10,cafe,1cb22ee982,1.4314
7,30,10,0.148555,0.005626,59,59,9,biscoito,a2638becf8,1.5411
7,31,10,0.145507,0.004927,57,56,8,biscoito,da604969b9,1.5000
7,32,10,0.171868,0.007677,59,59,10,cafe,1cb22ee982,1.4314
7,33,10,0.161164,0.006765,60,60,10,cafe,b5fe56caed,2.0206
7,34,10,0.171868,0.007677,59,59,10,cafe,1cb22ee982,1.4314
7,35,10,0.166449,0.007166,59,59,10,cafe,f668ee162a,1.5212
7,36,10,0.159699,0.006177,59,59,9,biscoito,4eebd242cb,1.5294
7,37,10,0.159087,0.006958,59,59,10,cafe,c44c426007,1.5880
7,38,10,0.147650,0.005775,58,57,9,biscoito,94ac128176,1.3710
7,39,10,0.148875,0.006236,58,58,10,cafe,ac89fe9e56,1.5310
7,40,10,0.160112,0.006631,59,58,9,cafe,945e7b0d7d,1.3450
7,41,10,0.150206,0.006726,57,56,10,cafe,228afb0bfe,2.0272
7,42,10,0.143336,0.005893,60,59,9,cerveja,4d8970925c,1.4589
7,43,10,0.171868,0.007677,59,59,10,cafe,1cb22ee982,1.4314
7,44,10,0.171868,0.007677,59,59,10,cafe,1cb22ee982,1.4314
7,45,10,0.171868,0.007677,59,59,10,cafe,1cb22ee982,1.4314
7,46,10,0.145680,0.006661,56,56,9,biscoito,3f44d5a9ca,1.4873
7,47,10,0.161164,0.006765,60,60,10,cafe,b5fe56caed,2.0206
7,48,10,0.161164,0.006765,60,60,10,cafe,b5fe56caed,2.0206
7,49,10,0.157303,0.008033,56,56,10,cafe,cc745fc6b6,1.5414
8,0,10,0.171868,0.007677,59,59,10,cafe,1cb22ee982,1.4314
8,1,10,0.171868,0.007677,59,59,10,cafe,1cb22ee982,1.4314
8,2,10,0.171868,0.007677,59,59,10,cafe,1cb22ee982,1.4314
8,3,10,0.171868,0.007677,59,59,10,cafe,1cb22ee982,1.4314
8,4,10,0.171868,0.007677,59,59,10,cafe,1cb22ee982,1.4314
8,5,10,0.171868,0.007677,59,59,10,cafe,1cb22ee982,1.4314
8,6,10,0.147650,0.005775,58,57,9,biscoito,94ac128176,1.3710
8,7,10,0.171868,0.007677,59,59,10,cafe,1cb22ee982,1.4314
8,8,10,0.171868,0.007677,59,59,10,cafe,1cb22ee982,1.4314
8,9,10,0.171868,0.007677,59,59,10,cafe,1cb22ee982,1.4314
8,10,10,0.147650,0.005775,58,57,9,biscoito,94ac128176,1.3710
8,11,10,0.171868,0.007677,59,59,10,cafe,1cb22ee982,1.4314
8,12,10,0.171868,0.007677,59,59,10,cafe,1cb22ee982,1.4314
8,13,10,0.161164,0.006765,60,60,10,cafe,b5fe56caed,2.0206
8,14,10,0.171868,0.007677,59,59,10,cafe,1cb22ee982,1.4314
8,15,10,0.171868,0.007677,59,59,10,cafe,1cb22ee982,1.4314
8,16,10,0.126295,0.006252,60,59,9,suco pronto,6ef38c6d43,1.3648
8,17,10,0.171868,0.007677,59,59,10,cafe,1cb22ee982,1.4314
8,18,10,0.171868,0.007677,59,59,10,cafe,1cb22ee982,1.4314
8,19,10,0.171868,0.007677,59,59,10,cafe,1cb22ee982,1.4314
8,20,10,0.171868,0.007677,59,59,10,cafe,1cb22ee982,1.4314
8,21,10,0.171868,0.007677,59,59,10,cafe,1cb22ee982,1.4314
8,22,10,0.171868,0.007677,59,59,10,cafe,1cb22ee982,1.4314
8,23,10,0.171868,0.007677,59,59,10,cafe,1cb22ee982,1.4314
8,24,10,0.171868,0.007677,59,59,10,cafe,1cb22ee982,1.4314
8,25,10,0.145999,0.006098,60,58,10,cafe,e8f61e6599,1.3300
8,26,10,0.161164,0.006765,60,60,10,cafe,b5fe56caed,2.0206
8,27,10,0.171868,0.007677,59,59,10,cafe,1cb22ee982,1.4314
8,28,10,0.171868,0.007677,59,59,10,cafe,1cb22ee982,1.4314
8,29,10,0.171868,0.007677,59,59,10,cafe,1cb22ee982,1.4314
8,30,10,0.171868,0.007677,59,59,10,cafe,1cb22ee982,1.4314
8,31,10,0.171868,0.007677,59,59,10,cafe,1cb22ee982,1.4314
8,32,10,0.171868,0.007677,59,59,10,cafe,1cb22ee982,1.4314
8,33,10,0.161164,0.006765,60,60,10,cafe,b5fe56caed,2.0206
8,34,10,0.171868,0.007677,59,59,10,cafe,1cb22ee982,1.4314
8,35,10,0.150206,0.006726,57,56,10,caixa organizadora,228afb0bfe,2.0272
8,36,10,0.171868,0.007677,59,59,10,cafe,1cb22ee982,1.4314
8,37,10,0.149993,0.006556,59,59,10,cafe,f568581cfa,1.7366
8,38,10,0.164106,0.006326,59,59,9,biscoito,21e32109e3,1.4386
8,39,10,0.171868,0.007677,59,59,10,cafe,1cb22ee982,1.4314
8,40,10,0.171868,0.007677,59,59,10,cafe,1cb22ee982,1.4314
8,41,10,0.171868,0.007677,59,59,10,cafe,1cb22ee982,1.4314
8,42,10,0.171868,0.007677,59,59,10,cafe,1cb22ee982,1.4314
8,43,10,0.171868,0.007677,59,59,10,cafe,1cb22ee982,1.4314
8,44,10,0.171868,0.007677,59,59,10,cafe,1cb22ee982,1.4314
8,45,10,0.171868,0.007677,59,59,10,cafe,1cb22ee982,1.4314
8,46,10,0.171868,0.007677,59,59,10,cafe,1cb22ee982,1.4314
8,47,10,0.171868,0.007677,59,59,10,cafe,1cb22ee982,1.4314
8,48,10,0.171868,0.007677,59,59,10,cafe,1cb22ee982,1.4314
8,49,10,0.166449,0.007268,60,60,10,cafe,16f2bfabcc,1.4099
9,0,10,0.171868,0.007677,59,59,10,cafe,1cb22ee982,1.4314
9,1,10,0.171868,0.007677,59,59,10,cafe,1cb22ee982,1.4314
9,2,10,0.171868,0.007677,59,59,10,cafe,1cb22ee982,1.4314
9,3,10,0.171868,0.007677,59,59,10,cafe,1cb22ee982,1.4314
9,4,10,0.171868,0.007677,59,59,10,cafe,1cb22ee982,1.4314
9,5,10,0.171868,0.007677,59,59,10,cafe,1cb22ee982,1.4314
9,6,10,0.171868,0.007677,59,59,10,cafe,1cb22ee982,1.4314
9,7,10,0.171868,0.007677,59,59,10,cafe,1cb22ee982,1.4314
9,8,10,0.159965,0.006873,57,57,10,cafe,ff38b50cde,1.7425
9,9,10,0.126148,0.006677,59,58,10,cafe,01546722df,1.4892
9,10,10,0.153588,0.006717,59,59,10,cafe,e096fac3bc,1.5766
9,11,10,0.171868,0.007677,59,59,10,cafe,1cb22ee982,1.4314
9,12,10,0.171868,0.007677,59,59,10,cafe,1cb22ee982,1.4314
9,13,10,0.171868,0.007677,59,59,10,cafe,1cb22ee982,1.4314
9,14,10,0.171868,0.007677,59,59,10,cafe,1cb22ee982,1.4314
9,15,10,0.171868,0.007677,59,59,10,cafe,1cb22ee982,1.4314
9,16,10,0.171868,0.007677,59,59,10,cafe,1cb22ee982,1.4314
9,17,10,0.171868,0.007677,59,59,10,cafe,1cb22ee982,1.4314
9,18,10,0.158514,0.006729,56,56,9,outro farma,942cbd6b67,1.3898
9,19,10,0.171868,0.007677,59,59,10,cafe,1cb22ee982,1.4314
9,20,10,0.171868,0.007677,59,59,10,cafe,1cb22ee982,1.4314
9,21,10,0.163001,0.007117,62,62,10,cafe,2edca60910,1.5206
9,22,10,0.171868,0.007677,59,59,10,cafe,1cb22ee982,1.4314
9,23,10,0.171868,0.007677,59,59,10,cafe,1cb22ee982,1.4314
9,24,10,0.171868,0.007677,59,59,10,cafe,1cb22ee982,1.4314
9,25,10,0.171868,0.007677,59,59,10,cafe,1cb22ee982,1.4314
9,26,10,0.171868,0.007677,59,59,10,cafe,1cb22ee982,1.4314
9,27,10,0.171868,0.007677,59,59,10,cafe,1cb22ee982,1.4314
9,28,10,0.171868,0.007677,59,59,10,cafe,1cb22ee982,1.4314
9,29,10,0.171868,0.007677,59,59,10,cafe,1cb22ee982,1.4314
9,30,10,0.171868,0.007677,59,59,10,cafe,1cb22ee982,1.4314
9,31,10,0.171868,0.007677,59,59,10,cafe,1cb22ee982,1.4314
9,32,10,0.171868,0.007677,59,59,10,cafe,1cb22ee982,1.4314
9,33,10,0.171868,0.007677,59,59,10,cafe,1cb22ee982,1.4314
9,34,10,0.171868,0.007677,59,59,10,cafe,1cb22ee982,1.4314
9,35,10,0.171868,0.007677,59,59,10,cafe,1cb22ee982,1.4314
9,36,10,0.171868,0.007677,59,59,10,cafe,1cb22ee982,1.4314
9,37,10,0.153934,0.007758,58,58,10,goma de mascar,28d14320fd,1.3736
9,38,10,0.171868,0.007677,59,59,10,cafe,1cb22ee982,1.4314
9,39,10,0.171868,0.007677,59,59,10,cafe,1cb22ee982,1.4314
9,40,10,0.171868,0.007677,59,59,10,cafe,1cb22ee982,1.4314
9,41,10,0.171868,0.007677,59,59,10,cafe,1cb22ee982,1.4314
9,42,10,0.161283,0.007200,60,60,10,cafe,0ed7ea4399,1.3425
9,43,10,0.164106,0.006326,59,59,9,biscoito,21e32109e3,1.4386
9,44,10,0.171868,0.007677,59,59,10,cafe,1cb22ee982,1.4314
9,45,10,0.171868,0.007677,59,59,10,cafe,1cb22ee982,1.4314
9,46,10,0.171868,0.007677,59,59,10,cafe,1cb22ee982,1.4314
9,47,10,0.171868,0.007677,59,59,10,cafe,1cb22ee982,1.4314
9,48,10,0.171868,0.007677,59,59,10,cafe,1cb22ee982,1.4314
9,49,10,0.171868,0.007677,59,59,10,cafe,1cb22ee982,1.4314
10,0,10,0.171868,0.007677,59,59,10,cafe,1cb22ee982,1.4314
10,1,10,0.171868,0.007677,59,59,10,cafe,1cb22ee982,1.4314
10,2,10,0.171868,0.007677,59,59,10,cafe,1cb22ee982,1.4314
10,3,10,0.171868,0.007677,59,59,10,cafe,1cb22ee982,1.4314
10,4,10,0.171868,0.007677,59,59,10,cafe,1cb22ee982,1.4314
10,5,10,0.169631,0.007217,58,58,10,cafe,e0ececebb3,1.7811
10,6,10,0.171868,0.007677,59,59,10,cafe,1cb22ee982,1.4314
10,7,10,0.171868,0.007677,59,59,10,cafe,1cb22ee982,1.4314
10,8,10,0.171868,0.007677,59,59,10,cafe,1cb22ee982,1.4314
10,9,10,0.171868,0.007677,59,59,10,cafe,1cb22ee982,1.4314
10,10,10,0.171868,0.007677,59,59,10,cafe,1cb22ee982,1.4314
10,11,10,0.171868,0.007677,59,59,10,cafe,1cb22ee982,1.4314
10,12,10,0.171868,0.007677,59,59,10,cafe,1cb22ee982,1.4314
10,13,10,0.171868,0.007677,59,59,10,cafe,1cb22ee982,1.4314
10,14,10,0.171868,0.007677,59,59,10,cafe,1cb22ee982,1.4314
10,15,10,0.164106,0.006326,59,59,9,biscoito,21e32109e3,1.4386
10,16,10,0.171868,0.007677,59,59,10,cafe,1cb22ee982,1.4314
10,17,10,0.171868,0.007677,59,59,10,cafe,1cb22ee982,1.4314
10,18,10,0.171868,0.007677,59,59,10,cafe,1cb22ee982,1.4314
10,19,10,0.171868,0.007677,59,59,10,cafe,1cb22ee982,1.4314
10,20,10,0.171868,0.007677,59,59,10,cafe,1cb22ee982,1.4314
10,21,10,0.171868,0.007677,59,59,10,cafe,1cb22ee982,1.4314
10,22,10,0.171868,0.007677,59,59,10,cafe,1cb22ee982,1.4314
10,23,10,0.171868,0.007677,59,59,10,cafe,1cb22ee982,1.4314
10,24,10,0.158008,0.006773,58,57,9,biscoito,c6009d0167,1.3692
10,25,10,0.171868,0.007677,59,59,10,cafe,1cb22ee982,1.4314
10,26,10,0.161496,0.007587,60,60,10,cafe,cb5f0cdd4a,1.3354
10,27,10,0.171868,0.007677,59,59,10,cafe,1cb22ee982,1.4314
10,28,10,0.171868,0.007677,59,59,10,cafe,1cb22ee982,1.4314
10,29,10,0.171868,0.007677,59,59,10,cafe,1cb22ee982,1.4314
10,30,10,0.171868,0.007677,59,59,10,cafe,1cb22ee982,1.4314
10,31,10,0.171868,0.007677,59,59,10,cafe,1cb22ee982,1.4314
10,32,10,0.161803,0.007039,60,60,10,cafe,a5975bce74,1.3993
10,33,10,0.171868,0.007677,59,59,10,cafe,1cb22ee982,1.4314
10,34,10,0.171868,0.007677,59,59,10,cafe,1cb22ee982,1.4314
10,35,10,0.125443,0.006649,59,59,10,cafe,44814ee130,1.4170
10,36,10,0.171868,0.007677,59,59,10,cafe,1cb22ee982,1.4314
10,37,10,0.171868,0.007677,59,59,10,cafe,1cb22ee982,1.4314
10,38,10,0.171868,0.007677,59,59,10,cafe,1cb22ee982,1.4314
10,39,10,0.171868,0.007677,59,59,10,cafe,1cb22ee982,1.4314
10,40,10,0.171868,0.007677,59,59,10,cafe,1cb22ee982,1.4314
10,41,10,0.171868,0.007677,59,59,10,cafe,1cb22ee982,1.4314
10,42,10,0.171868,0.007677,59,59,10,cafe,1cb22ee982,1.4314
10,43,10,0.171868,0.007677,59,59,10,cafe,1cb22ee982,1.4314
10,44,10,0.171868,0.007677,59,59,10,cafe,1cb22ee982,1.4314
10,45,10,0.171868,0.007677,59,59,10,cafe,1cb22ee982,1.4314
10,46,10,0.171868,0.007677,59,59,10,cafe,1cb22ee982,1.4314
10,47,10,0.171868,0.007677,59,59,10,cafe,1cb22ee982,1.4314
10,48,10,0.171868,0.007677,59,59,10,cafe,1cb22ee982,1.4314
10,49,10,0.171868,0.007677,59,59,10,cafe,1cb22ee982,1.4314
11,0,10,0.171868,0.007677,59,59,10,cafe,1cb22ee982,1.4314
11,1,10,0.171868,0.007677,59,59,10,cafe,1cb22ee982,1.4314
11,2,10,0.171868,0.007677,59,59,10,cafe,1cb22ee982,1.4314
11,3,10,0.171868,0.007677,59,59,10,cafe,1cb22ee982,1.4314
11,4,10,0.171868,0.007677,59,59,10,cafe,1cb22ee982,1.4314
11,5,10,0.171868,0.007677,59,59,10,cafe,1cb22ee982,1.4314
11,6,10,0.171868,0.007677,59,59,10,cafe,1cb22ee982,1.4314
11,7,10,0.171868,0.007677,59,59,10,cafe,1cb22ee982,1.4314
11,8,10,0.171868,0.007677,59,59,10,cafe,1cb22ee982,1.4314
11,9,10,0.171868,0.007677,59,59,10,cafe,1cb22ee982,1.4314
11,10,10,0.171868,0.007677,59,59,10,cafe,1cb22ee982,1.4314
11,11,10,0.171868,0.007677,59,59,10,cafe,1cb22ee982,1.4314
11,12,10,0.171868,0.007677,59,59,10,cafe,1cb22ee982,1.4314
11,13,10,0.171868,0.007677,59,59,10,cafe,1cb22ee982,1.4314
11,14,10,0.171868,0.007677,59,59,10,cafe,1cb22ee982,1.4314
11,15,10,0.171868,0.007677,59,59,10,cafe,1cb22ee982,1.4314
11,16,10,0.151977,0.007444,58,58,10,cafe,1b1f56476f,1.5874
11,17,10,0.171868,0.007677,59,59,10,cafe,1cb22ee982,1.4314
11,18,10,0.171868,0.007677,59,59,10,cafe,1cb22ee982,1.4314
11,19,10,0.171868,0.007677,59,59,10,cafe,1cb22ee982,1.4314
11,20,10,0.147530,0.007045,58,58,10,cafe,cf97fc1ade,1.5037
11,21,10,0.148422,0.007137,59,59,10,cafe,54ba2f47f8,1.7999
11,22,10,0.171868,0.007677,59,59,10,cafe,1cb22ee982,1.4314
11,23,10,0.171868,0.007677,59,59,10,cafe,1cb22ee982,1.4314
11,24,10,0.171868,0.007677,59,59,10,cafe,1cb22ee982,1.4314
11,25,10,0.171868,0.007677,59,59,10,cafe,1cb22ee982,1.4314
11,26,10,0.171868,0.007677,59,59,10,cafe,1cb22ee982,1.4314
11,27,10,0.171868,0.007677,59,59,10,cafe,1cb22ee982,1.4314
11,28,10,0.165823,0.006575,60,59,9,cafe,f51c2ae31f,1.5524
11,29,10,0.171868,0.007677,59,59,10,cafe,1cb22ee982,1.4314
11,30,10,0.171868,0.007677,59,59,10,cafe,1cb22ee982,1.4314
11,31,10,0.171868,0.007677,59,59,10,cafe,1cb22ee982,1.4314
11,32,10,0.171868,0.007677,59,59,10,cafe,1cb22ee982,1.4314
11,33,10,0.171868,0.007677,59,59,10,cafe,1cb22ee982,1.4314
11,34,10,0.171868,0.007677,59,59,10,cafe,1cb22ee982,1.4314
11,35,10,0.171868,0.007677,59,59,10,cafe,1cb22ee982,1.4314
11,36,10,0.171868,0.007677,59,59,10,cafe,1cb22ee982,1.4314
11,37,10,0.171868,0.007677,59,59,10,cafe,1cb22ee982,1.4314
11,38,10,0.171868,0.007677,59,59,10,cafe,1cb22ee982,1.4314
11,39,10,0.162375,0.007384,57,57,10,cafe,e95f283e0c,1.4378
11,40,10,0.171868,0.007677,59,59,10,cafe,1cb22ee982,1.4314
11,41,10,0.171868,0.007677,59,59,10,cafe,1cb22ee982,1.4314
11,42,10,0.171868,0.007677,59,59,10,cafe,1cb22ee982,1.4314
11,43,10,0.171868,0.007677,59,59,10,cafe,1cb22ee982,1.4314
11,44,10,0.171868,0.007677,59,59,10,cafe,1cb22ee982,1.4314
11,45,10,0.171868,0.007677,59,59,10,cafe,1cb22ee982,1.4314
11,46,10,0.171868,0.007677,59,59,10,cafe,1cb22ee982,1.4314
11,47,10,0.171868,0.007677,59,59,10,cafe,1cb22ee982,1.4314
11,48,10,0.171868,0.007677,59,59,10,cafe,1cb22ee982,1.4314
11,49,10,0.171868,0.007677,59,59,10,cafe,1cb22ee982,1.4314
12,0,10,0.171868,0.007677,59,59,10,cafe,1cb22ee982,1.4314
12,1,10,0.171868,0.007677,59,59,10,cafe,1cb22ee982,1.4314
12,2,10,0.171868,0.007677,59,59,10,cafe,1cb22ee982,1.4314
12,3,10,0.171868,0.007677,59,59,10,cafe,1cb22ee982,1.4314
12,4,10,0.171868,0.007677,59,59,10,cafe,1cb22ee982,1.4314
12,5,10,0.171868,0.007677,59,59,10,cafe,1cb22ee982,1.4314
12,6,10,0.171868,0.007677,59,59,10,cafe,1cb22ee982,1.4314
12,7,10,0.171868,0.007677,59,59,10,cafe,1cb22ee982,1.4314
12,8,10,0.171868,0.007677,59,59,10,cafe,1cb22ee982,1.4314
12,9,10,0.171868,0.007677,59,59,10,cafe,1cb22ee982,1.4314
12,10,10,0.171868,0.007677,59,59,10,cafe,1cb22ee982,1.4314
12,11,10,0.171868,0.007677,59,59,10,cafe,1cb22ee982,1.4314
12,12,10,0.171868,0.007677,59,59,10,cafe,1cb22ee982,1.4314
12,13,10,0.171868,0.007677,59,59,10,cafe,1cb22ee982,1.4314
12,14,10,0.171868,0.007677,59,59,10,cafe,1cb22ee982,1.4314
12,15,10,0.171868,0.007677,59,59,10,cafe,1cb22ee982,1.4314
12,16,10,0.171868,0.007677,59,59,10,cafe,1cb22ee982,1.4314
12,17,10,0.171868,0.007677,59,59,10,cafe,1cb22ee982,1.4314
12,18,10,0.171868,0.007677,59,59,10,cafe,1cb22ee982,1.4314
12,19,10,0.171868,0.007677,59,59,10,cafe,1cb22ee982,1.4314
12,20,10,0.165224,0.006702,59,59,9,iogurte,842153467c,1.9400
12,21,10,0.147530,0.006888,60,60,10,cafe,4269dcc346,1.3291
12,22,10,0.171868,0.007677,59,59,10,cafe,1cb22ee982,1.4314
12,23,10,0.171868,0.007677,59,59,10,cafe,1cb22ee982,1.4314
12,24,10,0.171868,0.007677,59,59,10,cafe,1cb22ee982,1.4314
12,25,10,0.171868,0.007677,59,59,10,cafe,1cb22ee982,1.4314
12,26,10,0.171868,0.007677,59,59,10,cafe,1cb22ee982,1.4314
12,27,10,0.171868,0.007677,59,59,10,cafe,1cb22ee982,1.4314
12,28,10,0.171868,0.007677,59,59,10,cafe,1cb22ee982,1.4314
12,29,10,0.171868,0.007677,59,59,10,cafe,1cb22ee982,1.4314
12,30,10,0.171868,0.007677,59,59,10,cafe,1cb22ee982,1.4314
12,31,10,0.171868,0.007677,59,59,10,cafe,1cb22ee982,1.4314
12,32,10,0.171868,0.007677,59,59,10,cafe,1cb22ee982,1.4314
12,33,10,0.171868,0.007677,59,59,10,cafe,1cb22ee982,1.4314
12,34,10,0.171868,0.007677,59,59,10,cafe,1cb22ee982,1.4314
12,35,10,0.171868,0.007677,59,59,10,cafe,1cb22ee982,1.4314
12,36,10,0.171868,0.007677,59,59,10,cafe,1cb22ee982,1.4314
12,37,10,0.171868,0.007677,59,59,10,cafe,1cb22ee982,1.4314
12,38,10,0.171868,0.007677,59,59,10,cafe,1cb22ee982,1.4314
12,39,10,0.171868,0.007677,59,59,10,cafe,1cb22ee982,1.4314
12,40,10,0.171868,0.007677,59,59,10,cafe,1cb22ee982,1.4314
12,41,10,0.171868,0.007677,59,59,10,cafe,1cb22ee982,1.4314
12,42,10,0.171868,0.007677,59,59,10,cafe,1cb22ee982,1.4314
12,43,10,0.171868,0.007677,59,59,10,cafe,1cb22ee982,1.4314
12,44,10,0.171868,0.007677,59,59,10,cafe,1cb22ee982,1.4314
12,45,10,0.171868,0.007677,59,59,10,cafe,1cb22ee982,1.4314
12,46,10,0.171868,0.007677,59,59,10,cafe,1cb22ee982,1.4314
12,47,10,0.165251,0.006692,57,57,9,outro farma,36f66fd695,1.2960
12,48,10,0.151511,0.007182,61,61,10,cafe,71521a1bd0,1.4680
12,49,10,0.171868,0.007677,59,59,10,cafe,1cb22ee982,1.4314
13,0,10,0.171868,0.007677,59,59,10,cafe,1cb22ee982,1.4314
13,1,10,0.171868,0.007677,59,59,10,cafe,1cb22ee982,1.4314
13,2,10,0.171868,0.007677,59,59,10,cafe,1cb22ee982,1.4314
13,3,10,0.171868,0.007677,59,59,10,cafe,1cb22ee982,1.4314
13,4,10,0.171868,0.007677,59,59,10,cafe,1cb22ee982,1.4314
13,5,10,0.171868,0.007677,59,59,10,cafe,1cb22ee982,1.4314
13,6,10,0.171868,0.007677,59,59,10,cafe,1cb22ee982,1.4314
13,7,10,0.171868,0.007677,59,59,10,cafe,1cb22ee982,1.4314
13,8,10,0.171868,0.007677,59,59,10,cafe,1cb22ee982,1.4314
13,9,10,0.171868,0.007677,59,59,10,cafe,1cb22ee982,1.4314
13,10,10,0.171868,0.007677,59,59,10,cafe,1cb22ee982,1.4314
13,11,10,0.157968,0.006634,61,60,9,suco pronto,e00a9e30b4,1.6040
13,12,10,0.171868,0.007677,59,59,10,cafe,1cb22ee982,1.4314
13,13,10,0.171868,0.007677,59,59,10,cafe,1cb22ee982,1.4314
13,14,10,0.124205,0.006339,60,60,10,cafe,ed9ac341e8,1.4217
13,15,10,0.171868,0.007677,59,59,10,cafe,1cb22ee982,1.4314
13,16,10,0.171868,0.007677,59,59,10,cafe,1cb22ee982,1.4314
13,17,10,0.171868,0.007677,59,59,10,cafe,1cb22ee982,1.4314
13,18,10,0.171868,0.007677,59,59,10,cafe,1cb22ee982,1.4314
13,19,10,0.171868,0.007677,59,59,10,cafe,1cb22ee982,1.4314
13,20,10,0.171868,0.007677,59,59,10,cafe,1cb22ee982,1.4314
13,21,10,0.162442,0.007281,57,57,10,cafe,0dcf830515,1.3360
13,22,10,0.171868,0.007677,59,59,10,cafe,1cb22ee982,1.4314
13,23,10,0.171868,0.007677,59,59,10,cafe,1cb22ee982,1.4314
13,24,10,0.171868,0.007677,59,59,10,cafe,1cb22ee982,1.4314
13,25,10,0.171868,0.007677,59,59,10,cafe,1cb22ee982,1.4314
13,26,10,0.171868,0.007677,59,59,10,cafe,1cb22ee982,1.4314
13,27,10,0.171868,0.007677,59,59,10,cafe,1cb22ee982,1.4314
13,28,10,0.171868,0.007677,59,59,10,cafe,1cb22ee982,1.4314
13,29,10,0.171868,0.007677,59,59,10,cafe,1cb22ee982,1.4314
13,30,10,0.171868,0.007677,59,59,10,cafe,1cb22ee982,1.4314
13,31,10,0.171868,0.007677,59,59,10,cafe,1cb22ee982,1.4314
13,32,10,0.171868,0.007677,59,59,10,cafe,1cb22ee982,1.4314
13,33,10,0.171868,0.007677,59,59,10,cafe,1cb22ee982,1.4314
13,34,10,0.171868,0.007677,59,59,10,cafe,1cb22ee982,1.4314
13,35,10,0.177020,0.007949,59,59,10,cafe,c02dce94f5,1.4879
13,36,10,0.171868,0.007677,59,59,10,cafe,1cb22ee982,1.4314
13,37,10,0.171868,0.007677,59,59,10,cafe,1cb22ee982,1.4314
13,38,10,0.171868,0.007677,59,59,10,cafe,1cb22ee982,1.4314
13,39,10,0.171868,0.007677,59,59,10,cafe,1cb22ee982,1.4314
13,40,10,0.171868,0.007677,59,59,10,cafe,1cb22ee982,1.4314
13,41,10,0.171868,0.007677,59,59,10,cafe,1cb22ee982,1.4314
13,42,10,0.171868,0.007677,59,59,10,cafe,1cb22ee982,1.4314
13,43,10,0.171868,0.007677,59,59,10,cafe,1cb22ee982,1.4314
13,44,10,0.171868,0.007677,59,59,10,cafe,1cb22ee982,1.4314
13,45,10,0.171868,0.007677,59,59,10,cafe,1cb22ee982,1.4314
13,46,10,0.171868,0.007677,59,59,10,cafe,1cb22ee982,1.4314
13,47,10,0.156743,0.006734,58,58,9,iogurte,b228dab2fb,1.3994
13,48,10,0.161190,0.007037,56,56,10,arroz,71df23f954,1.3990
13,49,10,0.171868,0.007677,59,59,10,cafe,1cb22ee982,1.4314
14,0,10,0.177020,0.007949,59,59,10,cafe,c02dce94f5,1.4879
14,1,10,0.171868,0.007677,59,59,10,cafe,1cb22ee982,1.4314
14,2,10,0.171868,0.007677,59,59,10,cafe,1cb22ee982,1.4314
14,3,10,0.171868,0.007677,59,59,10,cafe,1cb22ee982,1.4314
14,4,10,0.171868,0.007677,59,59,10,cafe,1cb22ee982,1.4314
14,5,10,0.171868,0.007677,59,59,10,cafe,1cb22ee982,1.4314
14,6,10,0.171868,0.007677,59,59,10,cafe,1cb22ee982,1.4314
14,7,10,0.171868,0.007677,59,59,10,cafe,1cb22ee982,1.4314
14,8,10,0.159420,0.007467,59,59,10,cafe,3b2ff59576,2.0248
14,9,10,0.171868,0.007677,59,59,10,cafe,1cb22ee982,1.4314
14,10,10,0.171868,0.007677,59,59,10,cafe,1cb22ee982,1.4314
14,11,10,0.171868,0.007677,59,59,10,cafe,1cb22ee982,1.4314
14,12,10,0.171868,0.007677,59,59,10,cafe,1cb22ee982,1.4314
14,13,10,0.171868,0.007677,59,59,10,cafe,1cb22ee982,1.4314
14,14,10,0.171868,0.007677,59,59,10,cafe,1cb22ee982,1.4314
14,15,10,0.171868,0.007677,59,59,10,cafe,1cb22ee982,1.4314
14,16,10,0.171868,0.007677,59,59,10,cafe,1cb22ee982,1.4314
14,17,10,0.168500,0.008043,59,59,10,cafe,7edd8f8228,1.4311
14,18,10,0.169232,0.007533,57,57,10,sabonete,563f1899eb,1.3975
14,19,10,0.171868,0.007677,59,59,10,cafe,1cb22ee982,1.4314
14,20,10,0.171868,0.007677,59,59,10,cafe,1cb22ee982,1.4314
14,21,10,0.171868,0.007677,59,59,10,cafe,1cb22ee982,1.4314
14,22,10,0.171868,0.007677,59,59,10,cafe,1cb22ee982,1.4314
14,23,10,0.171868,0.007677,59,59,10,cafe,1cb22ee982,1.4314
14,24,10,0.171868,0.007677,59,59,10,cafe,1cb22ee982,1.4314
14,25,10,0.163161,0.007354,58,57,10,cafe,bd9dbc94c8,1.4595
14,26,10,0.171868,0.007677,59,59,10,cafe,1cb22ee982,1.4314
14,27,10,0.171868,0.007677,59,59,10,cafe,1cb22ee982,1.4314
14,28,10,0.171868,0.007677,59,59,10,cafe,1cb22ee982,1.4314
14,29,10,0.171868,0.007677,59,59,10,cafe,1cb22ee982,1.4314
14,30,10,0.171868,0.007677,59,59,10,cafe,1cb22ee982,1.4314
14,31,10,0.171868,0.007677,59,59,10,cafe,1cb22ee982,1.4314
14,32,10,0.177020,0.007949,59,59,10,cafe,c02dce94f5,1.4879
14,33,10,0.171868,0.007677,59,59,10,cafe,1cb22ee982,1.4314
14,34,10,0.171868,0.007677,59,59,10,cafe,1cb22ee982,1.4314
14,35,10,0.171868,0.007677,59,59,10,cafe,1cb22ee982,1.4314
14,36,10,0.171868,0.007677,59,59,10,cafe,1cb22ee982,1.4314
14,37,10,0.125602,0.006270,57,57,9,outro farma,7e3646200b,1.6051
14,38,10,0.171868,0.007677,59,59,10,cafe,1cb22ee982,1.4314
14,39,10,0.171868,0.007677,59,59,10,cafe,1cb22ee982,1.4314
14,40,10,0.171868,0.007677,59,59,10,cafe,1cb22ee982,1.4314
14,41,10,0.156770,0.006985,58,56,10,vinho nacional,b519e95792,1.3492
14,42,10,0.171868,0.007677,59,59,10,cafe,1cb22ee982,1.4314
14,43,10,0.159699,0.007205,59,59,10,cafe,4db034e0bc,1.3602
14,44,10,0.171868,0.007677,59,59,10,cafe,1cb22ee982,1.4314
14,45,10,0.171868,0.007677,59,59,10,cafe,1cb22ee982,1.4314
14,46,10,0.171868,0.007677,59,59,10,cafe,1cb22ee982,1.4314
14,47,10,0.171868,0.007677,59,59,10,cafe,1cb22ee982,1.4314
14,48,10,0.171868,0.007677,59,59,10,cafe,1cb22ee982,1.4314
14,49,10,0.171868,0.007677,59,59,10,cafe,1cb22ee982,1.4314
15,0,10,0.177020,0.007949,59,59,10,cafe,c02dce94f5,1.4879
15,1,10,0.177020,0.007949,59,59,10,cafe,c02dce94f5,1.4879
15,2,10,0.171868,0.007677,59,59,10,cafe,1cb22ee982,1.4314
15,3,10,0.171868,0.007677,59,59,10,cafe,1cb22ee982,1.4314
15,4,10,0.171868,0.007677,59,59,10,cafe,1cb22ee982,1.4314
15,5,10,0.171868,0.007677,59,59,10,cafe,1cb22ee982,1.4314
15,6,10,0.171868,0.007677,59,59,10,cafe,1cb22ee982,1.4314
15,7,10,0.171868,0.007677,59,59,10,cafe,1cb22ee982,1.4314
15,8,10,0.177020,0.007949,59,59,10,cafe,c02dce94f5,1.4879
15,9,10,0.171868,0.007677,59,59,10,cafe,1cb22ee982,1.4314
15,10,10,0.171868,0.007677,59,59,10,cafe,1cb22ee982,1.4314
15,11,10,0.178338,0.007767,58,58,10,cafe,b27a47e933,1.7839
15,12,10,0.171868,0.007677,59,59,10,cafe,1cb22ee982,1.4314
15,13,10,0.171868,0.007677,59,59,10,cafe,1cb22ee982,1.4314
15,14,10,0.171868,0.007677,59,59,10,cafe,1cb22ee982,1.4314
15,15,10,0.177020,0.007949,59,59,10,cafe,c02dce94f5,1.4879
15,16,10,0.171868,0.007677,59,59,10,cafe,1cb22ee982,1.4314
15,17,10,0.171868,0.007677,59,59,10,cafe,1cb22ee982,1.4314
15,18,10,0.171868,0.007677,59,59,10,cafe,1cb22ee982,1.4314
15,19,10,0.157316,0.007105,57,57,10,cafe,ff77fa1fbd,1.3958
15,20,10,0.171868,0.007677,59,59,10,cafe,1cb22ee982,1.4314
15,21,10,0.171868,0.007677,59,59,10,cafe,1cb22ee982,1.4314
15,22,10,0.136027,0.006986,57,57,10,chocolate,3865ed68d6,1.4677
15,23,10,0.171868,0.007677,59,59,10,cafe,1cb22ee982,1.4314
15,24,10,0.171868,0.007677,59,59,10,cafe,1cb22ee982,1.4314
15,25,10,0.171868,0.007677,59,59,10,cafe,1cb22ee982,1.4314
15,26,10,0.171868,0.007677,59,59,10,cafe,1cb22ee982,1.4314
15,27,10,0.171868,0.007677,59,59,10,cafe,1cb22ee982,1.4314
15,28,10,0.171868,0.007677,59,59,10,cafe,1cb22ee982,1.4314
15,29,10,0.171868,0.007677,59,59,10,cafe,1cb22ee982,1.4314
15,30,10,0.171868,0.007677,59,59,10,cafe,1cb22ee982,1.4314
15,31,10,0.171868,0.007677,59,59,10,cafe,1cb22ee982,1.4314
15,32,10,0.171868,0.007677,59,59,10,cafe,1cb22ee982,1.4314
15,33,10,0.140580,0.007306,60,59,10,cafe,81cc28dcec,1.4852
15,34,10,0.171868,0.007677,59,59,10,cafe,1cb22ee982,1.4314
15,35,10,0.171868,0.007677,59,59,10,cafe,1cb22ee982,1.4314
15,36,10,0.171868,0.007677,59,59,10,cafe,1cb22ee982,1.4314
15,37,10,0.171868,0.007677,59,59,10,cafe,1cb22ee982,1.4314
15,38,10,0.171868,0.007677,59,59,10,cafe,1cb22ee982,1.4314
15,39,10,0.171868,0.007677,59,59,10,cafe,1cb22ee982,1.4314
15,40,10,0.171868,0.007677,59,59,10,cafe,1cb22ee982,1.4314
15,41,10,0.171868,0.007677,59,59,10,cafe,1cb22ee982,1.4314
15,42,10,0.172920,0.008097,59,59,10,cafe,c9b61e72ee,1.4121
15,43,10,0.171868,0.007677,59,59,10,cafe,1cb22ee982,1.4314
15,44,10,0.171868,0.007677,59,59,10,cafe,1cb22ee982,1.4314
15,45,10,0.177020,0.007949,59,59,10,cafe,c02dce94f5,1.4879
15,46,10,0.171868,0.007677,59,59,10,cafe,1cb22ee982,1.4314
15,47,10,0.177020,0.007949,59,59,10,cafe,c02dce94f5,1.4879
15,48,10,0.172214,0.007684,57,57,10,cafe,f37e4bbceb,1.4333
15,49,10,0.158820,0.007051,56,56,10,granola,b611371283,1.3819
16,0,10,0.178338,0.007767,58,58,10,cafe,b27a47e933,1.7839
16,1,10,0.177020,0.007949,59,59,10,cafe,c02dce94f5,1.4879
16,2,10,0.177020,0.007949,59,59,10,cafe,c02dce94f5,1.4879
16,3,10,0.177020,0.007949,59,59,10,cafe,c02dce94f5,1.4879
16,4,10,0.177020,0.007949,59,59,10,cafe,c02dce94f5,1.4879
16,5,10,0.171868,0.007677,59,59,10,cafe,1cb22ee982,1.4314
16,6,10,0.171868,0.007677,59,59,10,cafe,1cb22ee982,1.4314
16,7,10,0.171868,0.007677,59,59,10,cafe,1cb22ee982,1.4314
16,8,10,0.177020,0.007949,59,59,10,cafe,c02dce94f5,1.4879
16,9,10,0.177020,0.007949,59,59,10,cafe,c02dce94f5,1.4879
16,10,10,0.171868,0.007677,59,59,10,cafe,1cb22ee982,1.4314
16,11,10,0.171868,0.007677,59,59,10,cafe,1cb22ee982,1.4314
16,12,10,0.171868,0.007677,59,59,10,cafe,1cb22ee982,1.4314
16,13,10,0.172214,0.007684,57,57,10,cafe,f37e4bbceb,1.4333
16,14,10,0.152390,0.007788,58,58,10,cafe,e891564335,1.6707
16,15,10,0.171868,0.007677,59,59,10,cafe,1cb22ee982,1.4314
16,16,10,0.177020,0.007949,59,59,10,cafe,c02dce94f5,1.4879
16,17,10,0.171868,0.007677,59,59,10,cafe,1cb22ee982,1.4314
16,18,10,0.177020,0.007949,59,59,10,cafe,c02dce94f5,1.4879
16,19,10,0.171868,0.007677,59,59,10,cafe,1cb22ee982,1.4314
16,20,10,0.171868,0.007677,59,59,10,cafe,1cb22ee982,1.4314
16,21,10,0.171868,0.007677,59,59,10,cafe,1cb22ee982,1.4314
16,22,10,0.171868,0.007677,59,59,10,cafe,1cb22ee982,1.4314
16,23,10,0.171868,0.007677,59,59,10,cafe,1cb22ee982,1.4314
16,24,10,0.171868,0.007677,59,59,10,cafe,1cb22ee982,1.4314
16,25,10,0.171868,0.007677,59,59,10,cafe,1cb22ee982,1.4314
16,26,10,0.171868,0.007677,59,59,10,cafe,1cb22ee982,1.4314
16,27,10,0.173133,0.007496,58,58,10,cafe,ff48570493,1.3836
16,28,10,0.177020,0.007949,59,59,10,cafe,c02dce94f5,1.4879
16,29,10,0.177020,0.007949,59,59,10,cafe,c02dce94f5,1.4879
16,30,10,0.171868,0.007677,59,59,10,cafe,1cb22ee982,1.4314
16,31,10,0.171868,0.007677,59,59,10,cafe,1cb22ee982,1.4314
16,32,10,0.171961,0.008269,59,59,10,cafe,e01b1bf28d,1.3672
16,33,10,0.178338,0.007767,58,58,10,cafe,b27a47e933,1.7839
16,34,10,0.172214,0.007684,57,57,10,cafe,f37e4bbceb,1.4333
16,35,10,0.171868,0.007677,59,59,10,cafe,1cb22ee982,1.4314
16,36,10,0.162295,0.007435,60,60,10,cafe,014cf3102c,1.4627
16,37,10,0.171868,0.007677,59,59,10,cafe,1cb22ee982,1.4314
16,38,10,0.177020,0.007949,59,59,10,cafe,c02dce94f5,1.4879
16,39,10,0.171868,0.007677,59,59,10,cafe,1cb22ee982,1.4314
16,40,10,0.171868,0.007677,59,59,10,cafe,1cb22ee982,1.4314
16,41,10,0.178338,0.007767,58,58,10,cafe,b27a47e933,1.7839
16,42,10,0.171868,0.007677,59,59,10,cafe,1cb22ee982,1.4314
16,43,10,0.158527,0.006752,56,56,9,outro farma,0a20eef467,1.3533
16,44,10,0.172214,0.007684,57,57,10,cafe,f37e4bbceb,1.4333
16,45,10,0.171868,0.007677,59,59,10,cafe,1cb22ee982,1.4314
16,46,10,0.171868,0.007677,59,59,10,cafe,1cb22ee982,1.4314
16,47,10,0.177020,0.007949,59,59,10,cafe,c02dce94f5,1.4879
16,48,10,0.130489,0.006537,60,57,9,outro farma,8edb9583bc,1.3656
16,49,10,0.171868,0.007677,59,59,10,cafe,1cb22ee982,1.4314
17,0,10,0.178338,0.007767,58,58,10,cafe,b27a47e933,1.7839
17,1,10,0.178338,0.007767,58,58,10,cafe,b27a47e933,1.7839
17,2,10,0.178338,0.007767,58,58,10,cafe,b27a47e933,1.7839
17,3,10,0.177020,0.007949,59,59,10,cafe,c02dce94f5,1.4879
17,4,10,0.177020,0.007949,59,59,10,cafe,c02dce94f5,1.4879
17,5,10,0.177020,0.007949,59,59,10,cafe,c02dce94f5,1.4879
17,6,10,0.177020,0.007949,59,59,10,cafe,c02dce94f5,1.4879
17,7,10,0.177020,0.007949,59,59,10,cafe,c02dce94f5,1.4879
17,8,10,0.171868,0.007677,59,59,10,cafe,1cb22ee982,1.4314
17,9,10,0.177020,0.007949,59,59,10,cafe,c02dce94f5,1.4879
17,10,10,0.177020,0.007949,59,59,10,cafe,c02dce94f5,1.4879
17,11,10,0.171868,0.007677,59,59,10,cafe,1cb22ee982,1.4314
17,12,10,0.177020,0.007949,59,59,10,cafe,c02dce94f5,1.4879
17,13,10,0.177020,0.007949,59,59,10,cafe,c02dce94f5,1.4879
17,14,10,0.152629,0.007269,61,61,10,cafe,a1b26076fa,1.5310
17,15,10,0.171868,0.007677,59,59,10,cafe,1cb22ee982,1.4314
17,16,10,0.171868,0.007677,59,59,10,cafe,1cb22ee982,1.4314
17,17,10,0.177020,0.007949,59,59,10,cafe,c02dce94f5,1.4879
17,18,10,0.173133,0.007496,58,58,10,cafe,ff48570493,1.3836
17,19,10,0.177020,0.007949,59,59,10,cafe,c02dce94f5,1.4879
17,20,10,0.177020,0.007949,59,59,10,cafe,c02dce94f5,1.4879
17,21,10,0.158208,0.007206,58,58,10,creme dental,4c66cc8d75,1.5448
17,22,10,0.171868,0.007677,59,59,10,cafe,1cb22ee982,1.4314
17,23,10,0.177020,0.007949,59,59,10,cafe,c02dce94f5,1.4879
17,24,10,0.171868,0.007677,59,59,10,cafe,1cb22ee982,1.4314
17,25,10,0.171961,0.008269,59,59,10,cafe,e01b1bf28d,1.3672
17,26,10,0.171868,0.007677,59,59,10,cafe,1cb22ee982,1.4314
17,27,10,0.177020,0.007949,59,59,10,cafe,c02dce94f5,1.4879
17,28,10,0.151019,0.007292,56,56,10,cafe,a961d7ecc7,1.4046
17,29,10,0.177020,0.007949,59,59,10,cafe,c02dce94f5,1.4879
17,30,10,0.178338,0.007767,58,58,10,cafe,b27a47e933,1.7839
17,31,10,0.182053,0.008332,60,60,10,cafe,1592c28475,1.4325
17,32,10,0.168153,0.007115,57,57,10,cafe,812f28bd8c,1.5355
17,33,10,0.177020,0.007949,59,59,10,cafe,c02dce94f5,1.4879
17,34,10,0.177020,0.007949,59,59,10,cafe,c02dce94f5,1.4879
17,35,10,0.181840,0.007994,58,58,10,cafe,5f3518897e,1.7344
17,36,10,0.150393,0.007246,58,58,10,cafe,de8e691bf6,1.6169
17,37,10,0.173133,0.007496,58,58,10,cafe,ff48570493,1.3836
17,38,10,0.173133,0.007496,58,58,10,cafe,ff48570493,1.3836
17,39,10,0.177020,0.007949,59,59,10,cafe,c02dce94f5,1.4879
17,40,10,0.178338,0.007767,58,58,10,cafe,b27a47e933,1.7839
17,41,10,0.171868,0.007677,59,59,10,cafe,1cb22ee982,1.4314
17,42,10,0.177020,0.007949,59,59,10,cafe,c02dce94f5,1.4879
17,43,10,0.163573,0.007432,56,56,10,molho de tomate,3f57bc97f2,1.3413
17,44,10,0.133964,0.007000,57,57,10,cafe,f9c2710d0e,1.5084
17,45,10,0.172214,0.007684,57,57,10,cafe,f37e4bbceb,1.4333
17,46,10,0.160977,0.007680,60,60,10,cafe,738578632d,1.4519
17,47,10,0.164013,0.007442,58,58,10,barra alimentar,c73fe6553c,1.4716
17,48,10,0.171868,0.007677,59,59,10,cafe,1cb22ee982,1.4314
17,49,10,0.171868,0.007677,59,59,10,cafe,1cb22ee982,1.4314
18,0,10,0.182053,0.008332,60,60,10,cafe,1592c28475,1.4325
18,1,10,0.181840,0.007994,58,58,10,cafe,5f3518897e,1.7344
18,2,10,0.178338,0.007767,58,58,10,cafe,b27a47e933,1.7839
18,3,10,0.178338,0.007767,58,58,10,cafe,b27a47e933,1.7839
18,4,10,0.178338,0.007767,58,58,10,cafe,b27a47e933,1.7839
18,5,10,0.177020,0.007949,59,59,10,cafe,c02dce94f5,1.4879
18,6,10,0.177020,0.007949,59,59,10,cafe,c02dce94f5,1.4879
18,7,10,0.165318,0.007261,57,57,10,chocolate,a34fc55e71,1.7121
18,8,10,0.177020,0.007949,59,59,10,cafe,c02dce94f5,1.4879
18,9,10,0.177020,0.007949,59,59,10,cafe,c02dce94f5,1.4879
18,10,10,0.171868,0.007677,59,59,10,cafe,1cb22ee982,1.4314
18,11,10,0.181840,0.007994,58,58,10,cafe,5f3518897e,1.7344
18,12,10,0.177020,0.007949,59,59,10,cafe,c02dce94f5,1.4879
18,13,10,0.178338,0.007767,58,58,10,cafe,b27a47e933,1.7839
18,14,10,0.177020,0.007949,59,59,10,cafe,c02dce94f5,1.4879
18,15,10,0.165943,0.006999,56,56,10,massa fresca,7243a28179,1.3544
18,16,10,0.178338,0.007767,58,58,10,cafe,b27a47e933,1.7839
18,17,10,0.177020,0.007949,59,59,10,cafe,c02dce94f5,1.4879
18,18,10,0.177020,0.007949,59,59,10,cafe,c02dce94f5,1.4879
18,19,10,0.177020,0.007949,59,59,10,cafe,c02dce94f5,1.4879
18,20,10,0.167514,0.007375,57,57,10,cafe,02665eb3e8,1.4359
18,21,10,0.177020,0.007949,59,59,10,cafe,c02dce94f5,1.4879
18,22,10,0.177020,0.007949,59,59,10,cafe,c02dce94f5,1.4879
18,23,10,0.177020,0.007949,59,59,10,cafe,c02dce94f5,1.4879
18,24,10,0.182053,0.008332,60,60,10,cafe,1592c28475,1.4325
18,25,10,0.177020,0.007949,59,59,10,cafe,c02dce94f5,1.4879
18,26,10,0.177020,0.007949,59,59,10,cafe,c02dce94f5,1.4879
18,27,10,0.177020,0.007949,59,59,10,cafe,c02dce94f5,1.4879
18,28,10,0.177020,0.007949,59,59,10,cafe,c02dce94f5,1.4879
18,29,10,0.178338,0.007767,58,58,10,cafe,b27a47e933,1.7839
18,30,10,0.177020,0.007949,59,59,10,cafe,c02dce94f5,1.4879
18,31,10,0.177020,0.007949,59,59,10,cafe,c02dce94f5,1.4879
18,32,10,0.177020,0.007949,59,59,10,cafe,c02dce94f5,1.4879
18,33,10,0.160351,0.007400,56,56,10,cafe,45eb76c259,1.3320
18,34,10,0.182053,0.008332,60,60,10,cafe,1592c28475,1.4325
18,35,10,0.182053,0.008332,60,60,10,cafe,1592c28475,1.4325
18,36,10,0.171868,0.007677,59,59,10,cafe,1cb22ee982,1.4314
18,37,10,0.178338,0.007767,58,58,10,cafe,b27a47e933,1.7839
18,38,10,0.178338,0.007767,58,58,10,cafe,b27a47e933,1.7839
18,39,10,0.167954,0.007422,59,59,9,cafe,6c367227d1,1.4722
18,40,10,0.177020,0.007949,59,59,10,cafe,c02dce94f5,1.4879
18,41,10,0.177020,0.007949,59,59,10,cafe,c02dce94f5,1.4879
18,42,10,0.177020,0.007949,59,59,10,cafe,c02dce94f5,1.4879
18,43,10,0.153841,0.006912,58,57,9,biscoito,72d50754ee,1.4926
18,44,10,0.173479,0.007883,58,58,10,cafe,178b672312,1.3796
18,45,10,0.177020,0.007949,59,59,10,cafe,c02dce94f5,1.4879
18,46,10,0.178338,0.007767,58,58,10,cafe,b27a47e933,1.7839
18,47,10,0.182053,0.008332,60,60,10,cafe,1592c28475,1.4325
18,48,10,0.178338,0.007767,58,58,10,cafe,b27a47e933,1.7839
18,49,10,0.178338,0.007767,58,58,10,cafe,b27a47e933,1.7839
19,0,10,0.182053,0.008332,60,60,10,cafe,1592c28475,1.4325
19,1,10,0.182053,0.008332,60,60,10,cafe,1592c28475,1.4325
19,2,10,0.182053,0.008332,60,60,10,cafe,1592c28475,1.4325
19,3,10,0.182053,0.008332,60,60,10,cafe,1592c28475,1.4325
19,4,10,0.182053,0.008332,60,60,10,cafe,1592c28475,1.4325
19,5,10,0.182053,0.008332,60,60,10,cafe,1592c28475,1.4325
19,6,10,0.136413,0.007045,60,60,10,cafe,497bc9c399,1.9840
19,7,10,0.174118,0.008470,59,59,10,cafe,5cec9e6784,1.4337
19,8,10,0.177020,0.007949,59,59,10,cafe,c02dce94f5,1.4879
19,9,10,0.169205,0.007537,57,57,10,cafe,132ef13d96,1.3420
19,10,10,0.178338,0.007767,58,58,10,cafe,b27a47e933,1.7839
19,11,10,0.182053,0.008332,60,60,10,cafe,1592c28475,1.4325
19,12,10,0.182053,0.008332,60,60,10,cafe,1592c28475,1.4325
19,13,10,0.182053,0.008332,60,60,10,cafe,1592c28475,1.4325
19,14,10,0.182053,0.008332,60,60,10,cafe,1592c28475,1.4325
19,15,10,0.177020,0.007949,59,59,10,cafe,c02dce94f5,1.4879
19,16,10,0.182053,0.008332,60,60,10,cafe,1592c28475,1.4325
19,17,10,0.178338,0.007767,58,58,10,cafe,b27a47e933,1.7839
19,18,10,0.182053,0.008332,60,60,10,cafe,1592c28475,1.4325
19,19,10,0.177020,0.007949,59,59,10,cafe,c02dce94f5,1.4879
19,20,10,0.133964,0.007000,57,57,10,cafe,f9c2710d0e,1.5084
19,21,10,0.178338,0.007767,58,58,10,cafe,b27a47e933,1.7839
19,22,10,0.182053,0.008332,60,60,10,cafe,1592c28475,1.4325
19,23,10,0.177020,0.007949,59,59,10,cafe,c02dce94f5,1.4879
19,24,10,0.182053,0.008332,60,60,10,cafe,1592c28475,1.4325
19,25,10,0.182053,0.008332,60,60,10,cafe,1592c28475,1.4325
19,26,10,0.172920,0.008097,59,59,10,cafe,c9b61e72ee,1.4121
19,27,10,0.178338,0.007767,58,58,10,cafe,b27a47e933,1.7839
19,28,10,0.177020,0.007949,59,59,10,cafe,c02dce94f5,1.4879
19,29,10,0.178338,0.007767,58,58,10,cafe,b27a47e933,1.7839
19,30,10,0.178338,0.007767,58,58,10,cafe,b27a47e933,1.7839
19,31,10,0.182053,0.008332,60,60,10,cafe,1592c28475,1.4325
19,32,10,0.160857,0.006864,59,59,10,cafe,54a6dcc842,1.4590
19,33,10,0.178338,0.007767,58,58,10,cafe,b27a47e933,1.7839
19,34,10,0.182053,0.008332,60,60,10,cafe,1592c28475,1.4325
19,35,10,0.178338,0.007767,58,58,10,cafe,b27a47e933,1.7839
19,36,10,0.178338,0.007767,58,58,10,cafe,b27a47e933,1.7839
19,37,10,0.177020,0.007949,59,59,10,cafe,c02dce94f5,1.4879
19,38,10,0.177020,0.007949,59,59,10,cafe,c02dce94f5,1.4879
19,39,10,0.182053,0.008332,60,60,10,cafe,1592c28475,1.4325
19,40,10,0.177020,0.007949,59,59,10,cafe,c02dce94f5,1.4879
19,41,10,0.182053,0.008332,60,60,10,cafe,1592c28475,1.4325
19,42,10,0.178338,0.007767,58,58,10,cafe,b27a47e933,1.7839
19,43,10,0.178338,0.007767,58,58,10,cafe,b27a47e933,1.7839
19,44,10,0.181840,0.007994,58,58,10,cafe,5f3518897e,1.7344
19,45,10,0.178338,0.007767,58,58,10,cafe,b27a47e933,1.7839
19,46,10,0.178338,0.007767,58,58,10,cafe,b27a47e933,1.7839
19,47,10,0.177020,0.007949,59,59,10,cafe,c02dce94f5,1.4879
19,48,10,0.177020,0.007949,59,59,10,cafe,c02dce94f5,1.4879
19,49,10,0.178338,0.007767,58,58,10,cafe,b27a47e933,1.7839
20,0,10,0.182053,0.008332,60,60,10,cafe,1592c28475,1.4325
20,1,10,0.182053,0.008332,60,60,10,cafe,1592c28475,1.4325
20,2,10,0.182053,0.008332,60,60,10,cafe,1592c28475,1.4325
20,3,10,0.182053,0.008332,60,60,10,cafe,1592c28475,1.4325
20,4,10,0.182053,0.008332,60,60,10,cafe,1592c28475,1.4325
20,5,10,0.182053,0.008332,60,60,10,cafe,1592c28475,1.4325
20,6,10,0.182053,0.008332,60,60,10,cafe,1592c28475,1.4325
20,7,10,0.171056,0.007964,58,58,10,cafe,5468570125,1.8960
20,8,10,0.167408,0.007355,62,60,9,vinho importado,55ccc618d3,1.3353
20,9,10,0.182053,0.008332,60,60,10,cafe,1592c28475,1.4325
20,10,10,0.182053,0.008332,60,60,10,cafe,1592c28475,1.4325
20,11,10,0.182053,0.008332,60,60,10,cafe,1592c28475,1.4325
20,12,10,0.182053,0.008332,60,60,10,cafe,1592c28475,1.4325
20,13,10,0.182053,0.008332,60,60,10,cafe,1592c28475,1.4325
20,14,10,0.178338,0.007767,58,58,10,cafe,b27a47e933,1.7839
20,15,10,0.178338,0.007767,58,58,10,cafe,b27a47e933,1.7839
20,16,10,0.182053,0.008332,60,60,10,cafe,1592c28475,1.4325
20,17,10,0.182053,0.008332,60,60,10,cafe,1592c28475,1.4325
20,18,10,0.182053,0.008332,60,60,10,cafe,1592c28475,1.4325
20,19,10,0.182053,0.008332,60,60,10,cafe,1592c28475,1.4325
20,20,10,0.182053,0.008332,60,60,10,cafe,1592c28475,1.4325
20,21,10,0.182053,0.008332,60,60,10,cafe,1592c28475,1.4325
20,22,10,0.182053,0.008332,60,60,10,cafe,1592c28475,1.4325
20,23,10,0.182053,0.008332,60,60,10,cafe,1592c28475,1.4325
20,24,10,0.182053,0.008332,60,60,10,cafe,1592c28475,1.4325
20,25,10,0.182053,0.008332,60,60,10,cafe,1592c28475,1.4325
20,26,10,0.182053,0.008332,60,60,10,cafe,1592c28475,1.4325
20,27,10,0.182053,0.008332,60,60,10,cafe,1592c28475,1.4325
20,28,10,0.182053,0.008332,60,60,10,cafe,1592c28475,1.4325
20,29,10,0.182053,0.008332,60,60,10,cafe,1592c28475,1.4325
20,30,10,0.178338,0.007767,58,58,10,cafe,b27a47e933,1.7839
20,31,10,0.178338,0.007767,58,58,10,cafe,b27a47e933,1.7839
20,32,10,0.182053,0.008332,60,60,10,cafe,1592c28475,1.4325
20,33,10,0.182053,0.008332,60,60,10,cafe,1592c28475,1.4325
20,34,10,0.178338,0.007767,58,58,10,cafe,b27a47e933,1.7839
20,35,10,0.177020,0.007949,59,59,10,cafe,c02dce94f5,1.4879
20,36,10,0.182053,0.008332,60,60,10,cafe,1592c28475,1.4325
20,37,10,0.182053,0.008332,60,60,10,cafe,1592c28475,1.4325
20,38,10,0.178338,0.007767,58,58,10,cafe,b27a47e933,1.7839
20,39,10,0.178338,0.007767,58,58,10,cafe,b27a47e933,1.7839
20,40,10,0.178338,0.007767,58,58,10,cafe,b27a47e933,1.7839
20,41,10,0.182053,0.008332,60,60,10,cafe,1592c28475,1.4325
20,42,10,0.182053,0.008332,60,60,10,cafe,1592c28475,1.4325
20,43,10,0.182053,0.008332,60,60,10,cafe,1592c28475,1.4325
20,44,10,0.182053,0.008332,60,60,10,cafe,1592c28475,1.4325
20,45,10,0.173745,0.007586,60,60,10,cafe,7fd2527d98,1.4178
20,46,10,0.182053,0.008332,60,60,10,cafe,1592c28475,1.4325
20,47,10,0.172507,0.007436,56,56,10,cafe,863c8a1bd5,1.5640
20,48,10,0.182053,0.008332,60,60,10,cafe,1592c28475,1.4325
20,49,10,0.178338,0.007767,58,58,10,cafe,b27a47e933,1.7839
21,0,10,0.182053,0.008332,60,60,10,cafe,1592c28475,1.4325
21,1,10,0.182053,0.008332,60,60,10,cafe,1592c28475,1.4325
21,2,10,0.182053,0.008332,60,60,10,cafe,1592c28475,1.4325
21,3,10,0.182053,0.008332,60,60,10,cafe,1592c28475,1.4325
21,4,10,0.182053,0.008332,60,60,10,cafe,1592c28475,1.4325
21,5,10,0.182053,0.008332,60,60,10,cafe,1592c28475,1.4325
21,6,10,0.182053,0.008332,60,60,10,cafe,1592c28475,1.4325
21,7,10,0.182053,0.008332,60,60,10,cafe,1592c28475,1.4325
21,8,10,0.182053,0.008332,60,60,10,cafe,1592c28475,1.4325
21,9,10,0.182053,0.008332,60,60,10,cafe,1592c28475,1.4325
21,10,10,0.172707,0.008452,58,58,10,queijo,b5459f3e1c,1.5506
21,11,10,0.182053,0.008332,60,60,10,cafe,1592c28475,1.4325
21,12,10,0.182053,0.008332,60,60,10,cafe,1592c28475,1.4325
21,13,10,0.182053,0.008332,60,60,10,cafe,1592c28475,1.4325
21,14,10,0.182053,0.008332,60,60,10,cafe,1592c28475,1.4325
21,15,10,0.182053,0.008332,60,60,10,cafe,1592c28475,1.4325
21,16,10,0.182053,0.008332,60,60,10,cafe,1592c28475,1.4325
21,17,10,0.182053,0.008332,60,60,10,cafe,1592c28475,1.4325
21,18,10,0.182053,0.008332,60,60,10,cafe,1592c28475,1.4325
21,19,10,0.182053,0.008332,60,60,10,cafe,1592c28475,1.4325
21,20,10,0.152084,0.007507,62,61,10,cafe,980740c816,1.3958
21,21,10,0.182053,0.008332,60,60,10,cafe,1592c28475,1.4325
21,22,10,0.182053,0.008332,60,60,10,cafe,1592c28475,1.4325
21,23,10,0.182053,0.008332,60,60,10,cafe,1592c28475,1.4325
21,24,10,0.182053,0.008332,60,60,10,cafe,1592c28475,1.4325
21,25,10,0.182053,0.008332,60,60,10,cafe,1592c28475,1.4325
21,26,10,0.182053,0.008332,60,60,10,cafe,1592c28475,1.4325
21,27,10,0.182053,0.008332,60,60,10,cafe,1592c28475,1.4325
21,28,10,0.178338,0.007767,58,58,10,cafe,b27a47e933,1.7839
21,29,10,0.182053,0.008332,60,60,10,cafe,1592c28475,1.4325
21,30,10,0.182053,0.008332,60,60,10,cafe,1592c28475,1.4325
21,31,10,0.182053,0.008332,60,60,10,cafe,1592c28475,1.4325
21,32,10,0.182053,0.008332,60,60,10,cafe,1592c28475,1.4325
21,33,10,0.182053,0.008332,60,60,10,cafe,1592c28475,1.4325
21,34,10,0.182053,0.008332,60,60,10,cafe,1592c28475,1.4325
21,35,10,0.182053,0.008332,60,60,10,cafe,1592c28475,1.4325
21,36,10,0.182053,0.008332,60,60,10,cafe,1592c28475,1.4325
21,37,10,0.182053,0.008332,60,60,10,cafe,1592c28475,1.4325
21,38,10,0.182053,0.008332,60,60,10,cafe,1592c28475,1.4325
21,39,10,0.182053,0.008332,60,60,10,cafe,1592c28475,1.4325
21,40,10,0.182053,0.008332,60,60,10,cafe,1592c28475,1.4325
21,41,10,0.182053,0.008332,60,60,10,cafe,1592c28475,1.4325
21,42,10,0.182053,0.008332,60,60,10,cafe,1592c28475,1.4325
21,43,10,0.182053,0.008332,60,60,10,cafe,1592c28475,1.4325
21,44,10,0.182053,0.008332,60,60,10,cafe,1592c28475,1.4325
21,45,10,0.182053,0.008332,60,60,10,cafe,1592c28475,1.4325
21,46,10,0.182053,0.008332,60,60,10,cafe,1592c28475,1.4325
21,47,10,0.182053,0.008332,60,60,10,cafe,1592c28475,1.4325
21,48,10,0.182053,0.008332,60,60,10,cafe,1592c28475,1.4325
21,49,10,0.182053,0.008332,60,60,10,cafe,1592c28475,1.4325
22,0,10,0.182053,0.008332,60,60,10,cafe,1592c28475,1.4325
22,1,10,0.182053,0.008332,60,60,10,cafe,1592c28475,1.4325
22,2,10,0.182053,0.008332,60,60,10,cafe,1592c28475,1.4325
22,3,10,0.182053,0.008332,60,60,10,cafe,1592c28475,1.4325
22,4,10,0.182053,0.008332,60,60,10,cafe,1592c28475,1.4325
22,5,10,0.182053,0.008332,60,60,10,cafe,1592c28475,1.4325
22,6,10,0.182053,0.008332,60,60,10,cafe,1592c28475,1.4325
22,7,10,0.182053,0.008332,60,60,10,cafe,1592c28475,1.4325
22,8,10,0.182053,0.008332,60,60,10,cafe,1592c28475,1.4325
22,9,10,0.182053,0.008332,60,60,10,cafe,1592c28475,1.4325
22,10,10,0.177992,0.008313,61,61,10,cafe,8a5ff8e168,1.6628
22,11,10,0.182053,0.008332,60,60,10,cafe,1592c28475,1.4325
22,12,10,0.182053,0.008332,60,60,10,cafe,1592c28475,1.4325
22,13,10,0.182053,0.008332,60,60,10,cafe,1592c28475,1.4325
22,14,10,0.182053,0.008332,60,60,10,cafe,1592c28475,1.4325
22,15,10,0.182053,0.008332,60,60,10,cafe,1592c28475,1.4325
22,16,10,0.182053,0.008332,60,60,10,cafe,1592c28475,1.4325
22,17,10,0.182053,0.008332,60,60,10,cafe,1592c28475,1.4325
22,18,10,0.182053,0.008332,60,60,10,cafe,1592c28475,1.4325
22,19,10,0.182053,0.008332,60,60,10,cafe,1592c28475,1.4325
22,20,10,0.182053,0.008332,60,60,10,cafe,1592c28475,1.4325
22,21,10,0.182053,0.008332,60,60,10,cafe,1592c28475,1.4325
22,22,10,0.182053,0.008332,60,60,10,cafe,1592c28475,1.4325
22,23,10,0.182053,0.008332,60,60,10,cafe,1592c28475,1.4325
22,24,10,0.182053,0.008332,60,60,10,cafe,1592c28475,1.4325
22,25,10,0.182053,0.008332,60,60,10,cafe,1592c28475,1.4325
22,26,10,0.182053,0.008332,60,60,10,cafe,1592c28475,1.4325
22,27,10,0.170111,0.007699,57,57,10,cafe,9851359994,1.3887
22,28,10,0.182053,0.008332,60,60,10,cafe,1592c28475,1.4325
22,29,10,0.182053,0.008332,60,60,10,cafe,1592c28475,1.4325
22,30,10,0.182053,0.008332,60,60,10,cafe,1592c28475,1.4325
22,31,10,0.182053,0.008332,60,60,10,cafe,1592c28475,1.4325
22,32,10,0.182053,0.008332,60,60,10,cafe,1592c28475,1.4325
22,33,10,0.182053,0.008332,60,60,10,cafe,1592c28475,1.4325
22,34,10,0.182053,0.008332,60,60,10,cafe,1592c28475,1.4325
22,35,10,0.182053,0.008332,60,60,10,cafe,1592c28475,1.4325
22,36,10,0.182053,0.008332,60,60,10,cafe,1592c28475,1.4325
22,37,10,0.170643,0.007458,58,57,9,biscoito,30267509a9,1.3890
22,38,10,0.182053,0.008332,60,60,10,cafe,1592c28475,1.4325
22,39,10,0.182053,0.008332,60,60,10,cafe,1592c28475,1.4325
22,40,10,0.182053,0.008332,60,60,10,cafe,1592c28475,1.4325
22,41,10,0.182053,0.008332,60,60,10,cafe,1592c28475,1.4325
22,42,10,0.182053,0.008332,60,60,10,cafe,1592c28475,1.4325
22,43,10,0.182053,0.008332,60,60,10,cafe,1592c28475,1.4325
22,44,10,0.182053,0.008332,60,60,10,cafe,1592c28475,1.4325
22,45,10,0.182053,0.008332,60,60,10,cafe,1592c28475,1.4325
22,46,10,0.182053,0.008332,60,60,10,cafe,1592c28475,1.4325
22,47,10,0.182053,0.008332,60,60,10,cafe,1592c28475,1.4325
22,48,10,0.182053,0.008332,60,60,10,cafe,1592c28475,1.4325
22,49,10,0.182053,0.008332,60,60,10,cafe,1592c28475,1.4325
23,0,10,0.182053,0.008332,60,60,10,cafe,1592c28475,1.4325
23,1,10,0.182053,0.008332,60,60,10,cafe,1592c28475,1.4325
23,2,10,0.182053,0.008332,60,60,10,cafe,1592c28475,1.4325
23,3,10,0.182053,0.008332,60,60,10,cafe,1592c28475,1.4325
23,4,10,0.182053,0.008332,60,60,10,cafe,1592c28475,1.4325
23,5,10,0.182053,0.008332,60,60,10,cafe,1592c28475,1.4325
23,6,10,0.159965,0.008873,59,59,10,cafe,8ec91cd3de,1.6973
23,7,10,0.182053,0.008332,60,60,10,cafe,1592c28475,1.4325
23,8,10,0.182053,0.008332,60,60,10,cafe,1592c28475,1.4325
23,9,10,0.156837,0.008381,60,60,10,cafe,2eb025bb83,1.3447
23,10,10,0.182053,0.008332,60,60,10,cafe,1592c28475,1.4325
23,11,10,0.182053,0.008332,60,60,10,cafe,1592c28475,1.4325
23,12,10,0.182053,0.008332,60,60,10,cafe,1592c28475,1.4325
23,13,10,0.182053,0.008332,60,60,10,cafe,1592c28475,1.4325
23,14,10,0.182053,0.008332,60,60,10,cafe,1592c28475,1.4325
23,15,10,0.182053,0.008332,60,60,10,cafe,1592c28475,1.4325
23,16,10,0.182053,0.008332,60,60,10,cafe,1592c28475,1.4325
23,17,10,0.182053,0.008332,60,60,10,cafe,1592c28475,1.4325
23,18,10,0.182053,0.008332,60,60,10,cafe,1592c28475,1.4325
23,19,10,0.182053,0.008332,60,60,10,cafe,1592c28475,1.4325
23,20,10,0.182053,0.008332,60,60,10,cafe,1592c28475,1.4325
23,21,10,0.182053,0.008332,60,60,10,cafe,1592c28475,1.4325
23,22,10,0.182053,0.008332,60,60,10,cafe,1592c28475,1.4325
23,23,10,0.182053,0.008332,60,60,10,cafe,1592c28475,1.4325
23,24,10,0.182053,0.008332,60,60,10,cafe,1592c28475,1.4325
23,25,10,0.182053,0.008332,60,60,10,cafe,1592c28475,1.4325
23,26,10,0.182053,0.008332,60,60,10,cafe,1592c28475,1.4325
23,27,10,0.182053,0.008332,60,60,10,cafe,1592c28475,1.4325
23,28,10,0.182053,0.008332,60,60,10,cafe,1592c28475,1.4325
23,29,10,0.182053,0.008332,60,60,10,cafe,1592c28475,1.4325
23,30,10,0.182053,0.008332,60,60,10,cafe,1592c28475,1.4325
23,31,10,0.169125,0.007567,59,58,9,biscoito,28181488f9,1.3836
23,32,10,0.182053,0.008332,60,60,10,cafe,1592c28475,1.4325
23,33,10,0.182053,0.008332,60,60,10,cafe,1592c28475,1.4325
23,34,10,0.182053,0.008332,60,60,10,cafe,1592c28475,1.4325
23,35,10,0.182053,0.008332,60,60,10,cafe,1592c28475,1.4325
23,36,10,0.182053,0.008332,60,60,10,cafe,1592c28475,1.4325
23,37,10,0.182053,0.008332,60,60,10,cafe,1592c28475,1.4325
23,38,10,0.139649,0.006883,59,59,9,suco pronto,16f2591775,1.9059
23,39,10,0.182053,0.008332,60,60,10,cafe,1592c28475,1.4325
23,40,10,0.169831,0.007672,59,58,9,biscoito,8390603cb3,1.3635
23,41,10,0.182053,0.008332,60,60,10,cafe,1592c28475,1.4325
23,42,10,0.182053,0.008332,60,60,10,cafe,1592c28475,1.4325
23,43,10,0.182053,0.008332,60,60,10,cafe,1592c28475,1.4325
23,44,10,0.182053,0.008332,60,60,10,cafe,1592c28475,1.4325
23,45,10,0.182053,0.008332,60,60,10,cafe,1592c28475,1.4325
23,46,10,0.182053,0.008332,60,60,10,cafe,1592c28475,1.4325
23,47,10,0.182053,0.008332,60,60,10,cafe,1592c28475,1.4325
23,48,10,0.182053,0.008332,60,60,10,cafe,1592c28475,1.4325
23,49,10,0.182053,0.008332,60,60,10,cafe,1592c28475,1.4325
24,0,10,0.182053,0.008332,60,60,10,cafe,1592c28475,1.4325
24,1,10,0.182053,0.008332,60,60,10,cafe,1592c28475,1.4325
24,2,10,0.182053,0.008332,60,60,10,cafe,1592c28475,1.4325
24,3,10,0.182053,0.008332,60,60,10,cafe,1592c28475,1.4325
24,4,10,0.182053,0.008332,60,60,10,cafe,1592c28475,1.4325
24,5,10,0.182053,0.008332,60,60,10,cafe,1592c28475,1.4325
24,6,10,0.182053,0.008332,60,60,10,cafe,1592c28475,1.4325
24,7,10,0.182053,0.008332,60,60,10,cafe,1592c28475,1.4325
24,8,10,0.182053,0.008332,60,60,10,cafe,1592c28475,1.4325
24,9,10,0.182053,0.008332,60,60,10,cafe,1592c28475,1.4325
24,10,10,0.182053,0.008332,60,60,10,cafe,1592c28475,1.4325
24,11,10,0.182053,0.008332,60,60,10,cafe,1592c28475,1.4325
24,12,10,0.182053,0.008332,60,60,10,cafe,1592c28475,1.4325
24,13,10,0.182053,0.008332,60,60,10,cafe,1592c28475,1.4325
24,14,10,0.182053,0.008332,60,60,10,cafe,1592c28475,1.4325
24,15,10,0.182053,0.008332,60,60,10,cafe,1592c28475,1.4325
24,16,10,0.182053,0.008332,60,60,10,cafe,1592c28475,1.4325
24,17,10,0.182053,0.008332,60,60,10,cafe,1592c28475,1.4325
24,18,10,0.182053,0.008332,60,60,10,cafe,1592c28475,1.4325
24,19,10,0.182053,0.008332,60,60,10,cafe,1592c28475,1.4325
24,20,10,0.182053,0.008332,60,60,10,cafe,1592c28475,1.4325
24,21,10,0.182053,0.008332,60,60,10,cafe,1592c28475,1.4325
24,22,10,0.182053,0.008332,60,60,10,cafe,1592c28475,1.4325
24,23,10,0.182053,0.008332,60,60,10,cafe,1592c28475,1.4325
24,24,10,0.182053,0.008332,60,60,10,cafe,1592c28475,1.4325
24,25,10,0.182053,0.008332,60,60,10,cafe,1592c28475,1.4325
24,26,10,0.167568,0.007779,59,59,10,cafe,f357698a5b,1.5916
24,27,10,0.182053,0.008332,60,60,10,cafe,1592c28475,1.4325
24,28,10,0.182053,0.008332,60,60,10,cafe,1592c28475,1.4325
24,29,10,0.182053,0.008332,60,60,10,cafe,1592c28475,1.4325
24,30,10,0.182053,0.008332,60,60,10,cafe,1592c28475,1.4325
24,31,10,0.182053,0.008332,60,60,10,cafe,1592c28475,1.4325
24,32,10,0.182053,0.008332,60,60,10,cafe,1592c28475,1.4325
24,33,10,0.182053,0.008332,60,60,10,cafe,1592c28475,1.4325
24,34,10,0.182053,0.008332,60,60,10,cafe,1592c28475,1.4325
24,35,10,0.182053,0.008332,60,60,10,cafe,1592c28475,1.4325
24,36,10,0.182053,0.008332,60,60,10,cafe,1592c28475,1.4325
24,37,10,0.182053,0.008332,60,60,10,cafe,1592c28475,1.4325
24,38,10,0.182053,0.008332,60,60,10,cafe,1592c28475,1.4325
24,39,10,0.182053,0.008332,60,60,10,cafe,1592c28475,1.4325
24,40,10,0.182053,0.008332,60,60,10,cafe,1592c28475,1.4325
24,41,10,0.182053,0.008332,60,60,10,cafe,1592c28475,1.4325
24,42,10,0.182053,0.008332,60,60,10,cafe,1592c28475,1.4325
24,43,10,0.182053,0.008332,60,60,10,cafe,1592c28475,1.4325
24,44,10,0.182053,0.008332,60,60,10,cafe,1592c28475,1.4325
24,45,10,0.182053,0.008332,60,60,10,cafe,1592c28475,1.4325
24,46,10,0.182053,0.008332,60,60,10,cafe,1592c28475,1.4325
24,47,10,0.182053,0.008332,60,60,10,cafe,1592c28475,1.4325
24,48,10,0.182053,0.008332,60,60,10,cafe,1592c28475,1.4325
24,49,10,0.182053,0.008332,60,60,10,cafe,1592c28475,1.4325
25,0,10,0.182053,0.008332,60,60,10,cafe,1592c28475,1.4325
25,1,10,0.182053,0.008332,60,60,10,cafe,1592c28475,1.4325
25,2,10,0.182053,0.008332,60,60,10,cafe,1592c28475,1.4325
25,3,10,0.182053,0.008332,60,60,10,cafe,1592c28475,1.4325
25,4,10,0.182053,0.008332,60,60,10,cafe,1592c28475,1.4325
25,5,10,0.182053,0.008332,60,60,10,cafe,1592c28475,1.4325
25,6,10,0.182053,0.008332,60,60,10,cafe,1592c28475,1.4325
25,7,10,0.182053,0.008332,60,60,10,cafe,1592c28475,1.4325
25,8,10,0.182053,0.008332,60,60,10,cafe,1592c28475,1.4325
25,9,10,0.182053,0.008332,60,60,10,cafe,1592c28475,1.4325
25,10,10,0.175995,0.008440,59,59,10,cafe,64a29b513c,1.7473
25,11,10,0.164173,0.007398,60,59,9,iogurte,d686b2753c,1.3650
25,12,10,0.182053,0.008332,60,60,10,cafe,1592c28475,1.4325
25,13,10,0.182053,0.008332,60,60,10,cafe,1592c28475,1.4325
25,14,10,0.182053,0.008332,60,60,10,cafe,1592c28475,1.4325
25,15,10,0.182053,0.008332,60,60,10,cafe,1592c28475,1.4325
25,16,10,0.182053,0.008332,60,60,10,cafe,1592c28475,1.4325
25,17,10,0.182053,0.008332,60,60,10,cafe,1592c28475,1.4325
25,18,10,0.182053,0.008332,60,60,10,cafe,1592c28475,1.4325
25,19,10,0.182053,0.008332,60,60,10,cafe,1592c28475,1.4325
25,20,10,0.182053,0.008332,60,60,10,cafe,1592c28475,1.4325
25,21,10,0.182053,0.008332,60,60,10,cafe,1592c28475,1.4325
25,22,10,0.182053,0.008332,60,60,10,cafe,1592c28475,1.4325
25,23,10,0.182053,0.008332,60,60,10,cafe,1592c28475,1.4325
25,24,10,0.182053,0.008332,60,60,10,cafe,1592c28475,1.4325
25,25,10,0.182053,0.008332,60,60,10,cafe,1592c28475,1.4325
25,26,10,0.182053,0.008332,60,60,10,cafe,1592c28475,1.4325
25,27,10,0.182053,0.008332,60,60,10,cafe,1592c28475,1.4325
25,28,10,0.182053,0.008332,60,60,10,cafe,1592c28475,1.4325
25,29,10,0.182053,0.008332,60,60,10,cafe,1592c28475,1.4325
25,30,10,0.182053,0.008332,60,60,10,cafe,1592c28475,1.4325
25,31,10,0.182053,0.008332,60,60,10,cafe,1592c28475,1.4325
25,32,10,0.182053,0.008332,60,60,10,cafe,1592c28475,1.4325
25,33,10,0.182053,0.008332,60,60,10,cafe,1592c28475,1.4325
25,34,10,0.182053,0.008332,60,60,10,cafe,1592c28475,1.4325
25,35,10,0.165198,0.008322,60,60,10,cafe,ae63378623,1.4524
25,36,10,0.182053,0.008332,60,60,10,cafe,1592c28475,1.4325
25,37,10,0.182053,0.008332,60,60,10,cafe,1592c28475,1.4325
25,38,10,0.182053,0.008332,60,60,10,cafe,1592c28475,1.4325
25,39,10,0.182053,0.008332,60,60,10,cafe,1592c28475,1.4325
25,40,10,0.182053,0.008332,60,60,10,cafe,1592c28475,1.4325
25,41,10,0.182053,0.008332,60,60,10,cafe,1592c28475,1.4325
25,42,10,0.182053,0.008332,60,60,10,cafe,1592c28475,1.4325
25,43,10,0.182053,0.008332,60,60,10,cafe,1592c28475,1.4325
25,44,10,0.182053,0.008332,60,60,10,cafe,1592c28475,1.4325
25,45,10,0.182053,0.008332,60,60,10,cafe,1592c28475,1.4325
25,46,10,0.182053,0.008332,60,60,10,cafe,1592c28475,1.4325
25,47,10,0.182053,0.008332,60,60,10,cafe,1592c28475,1.4325
25,48,10,0.182053,0.008332,60,60,10,cafe,1592c28475,1.4325
25,49,10,0.182053,0.008332,60,60,10,cafe,1592c28475,1.4325
26,0,10,0.182053,0.008332,60,60,10,cafe,1592c28475,1.4325
26,1,10,0.182053,0.008332,60,60,10,cafe,1592c28475,1.4325
26,2,10,0.182053,0.008332,60,60,10,cafe,1592c28475,1.4325
26,3,10,0.182053,0.008332,60,60,10,cafe,1592c28475,1.4325
26,4,10,0.182053,0.008332,60,60,10,cafe,1592c28475,1.4325
26,5,10,0.173639,0.007386,61,61,10,cafe,4c04ad8a8f,1.9764
26,6,10,0.157769,0.007489,63,61,9,outro farma,77c5c7ccfe,1.6809
26,7,10,0.169804,0.007716,62,61,9,iogurte,b43ccf3e83,1.3641
26,8,10,0.182053,0.008332,60,60,10,cafe,1592c28475,1.4325
26,9,10,0.182053,0.008332,60,60,10,cafe,1592c28475,1.4325
26,10,10,0.182053,0.008332,60,60,10,cafe,1592c28475,1.4325
26,11,10,0.182053,0.008332,60,60,10,cafe,1592c28475,1.4325
26,12,10,0.179843,0.007815,61,61,10,cafe,24fd701524,1.4007
26,13,10,0.135322,0.006910,58,58,9,outro farma,68152c8b06,1.4568
26,14,10,0.182053,0.008332,60,60,10,cafe,1592c28475,1.4325
26,15,10,0.168966,0.007467,59,59,10,outro doce,5ff6eef61e,1.5677
26,16,10,0.182053,0.008332,60,60,10,cafe,1592c28475,1.4325
26,17,10,0.182053,0.008332,60,60,10,cafe,1592c28475,1.4325
26,18,10,0.179057,0.007966,62,62,10,cafe,b2d4c340a8,1.4012
26,19,10,0.182053,0.008332,60,60,10,cafe,1592c28475,1.4325
26,20,10,0.182053,0.008332,60,60,10,cafe,1592c28475,1.4325
26,21,10,0.176368,0.008233,58,58,10,cafe,4153862a59,1.5371
26,22,10,0.182053,0.008332,60,60,10,cafe,1592c28475,1.4325
26,23,10,0.182053,0.008332,60,60,10,cafe,1592c28475,1.4325
26,24,10,0.182053,0.008332,60,60,10,cafe,1592c28475,1.4325
26,25,10,0.182053,0.008332,60,60,10,cafe,1592c28475,1.4325
26,26,10,0.182053,0.008332,60,60,10,cafe,1592c28475,1.4325
26,27,10,0.182053,0.008332,60,60,10,cafe,1592c28475,1.4325
26,28,10,0.182053,0.008332,60,60,10,cafe,1592c28475,1.4325
26,29,10,0.182053,0.008332,60,60,10,cafe,1592c28475,1.4325
26,30,10,0.166409,0.006922,62,62,10,cafe,eaae7bb0ea,1.4507
26,31,10,0.182053,0.008332,60,60,10,cafe,1592c28475,1.4325
26,32,10,0.182053,0.008332,60,60,10,cafe,1592c28475,1.4325
26,33,10,0.182053,0.008332,60,60,10,cafe,1592c28475,1.4325
26,34,10,0.182053,0.008332,60,60,10,cafe,1592c28475,1.4325
26,35,10,0.182053,0.008332,60,60,10,cafe,1592c28475,1.4325
26,36,10,0.182053,0.008332,60,60,10,cafe,1592c28475,1.4325
26,37,10,0.182053,0.008332,60,60,10,cafe,1592c28475,1.4325
26,38,10,0.182053,0.008332,60,60,10,cafe,1592c28475,1.4325
26,39,10,0.182053,0.008332,60,60,10,cafe,1592c28475,1.4325
26,40,10,0.182053,0.008332,60,60,10,cafe,1592c28475,1.4325
26,41,10,0.168686,0.007493,58,58,10,pipoca para microondas,05c069ebcb,1.4125
26,42,10,0.182053,0.008332,60,60,10,cafe,1592c28475,1.4325
26,43,10,0.182053,0.008332,60,60,10,cafe,1592c28475,1.4325
26,44,10,0.182053,0.008332,60,60,10,cafe,1592c28475,1.4325
26,45,10,0.182053,0.008332,60,60,10,cafe,1592c28475,1.4325
26,46,10,0.182053,0.008332,60,60,10,cafe,1592c28475,1.4325
26,47,10,0.182053,0.008332,60,60,10,cafe,1592c28475,1.4325
26,48,10,0.182053,0.008332,60,60,10,cafe,1592c28475,1.4325
26,49,10,0.171309,0.007666,62,62,10,cafe,adfeb69eb3,1.5086
27,0,10,0.182053,0.008332,60,60,10,cafe,1592c28475,1.4325
27,1,10,0.182053,0.008332,60,60,10,cafe,1592c28475,1.4325
27,2,10,0.182053,0.008332,60,60,10,cafe,1592c28475,1.4325
27,3,10,0.182053,0.008332,60,60,10,cafe,1592c28475,1.4325
27,4,10,0.182053,0.008332,60,60,10,cafe,1592c28475,1.4325
27,5,10,0.182053,0.008332,60,60,10,cafe,1592c28475,1.4325
27,6,10,0.182053,0.008332,60,60,10,cafe,1592c28475,1.4325
27,7,10,0.182053,0.008332,60,60,10,cafe,1592c28475,1.4325
27,8,10,0.182053,0.008332,60,60,10,cafe,1592c28475,1.4325
27,9,10,0.182053,0.008332,60,60,10,cafe,1592c28475,1.4325
27,10,10,0.182053,0.008332,60,60,10,cafe,1592c28475,1.4325
27,11,10,0.182053,0.008332,60,60,10,cafe,1592c28475,1.4325
27,12,10,0.182053,0.008332,60,60,10,cafe,1592c28475,1.4325
27,13,10,0.177819,0.008199,58,58,10,cafe,d5fc84c51d,1.4953
27,14,10,0.182053,0.008332,60,60,10,cafe,1592c28475,1.4325
27,15,10,0.166436,0.007381,61,61,9,iogurte,a2de99eee8,1.3764
27,16,10,0.182053,0.008332,60,60,10,cafe,1592c28475,1.4325
27,17,10,0.182053,0.008332,60,60,10,cafe,1592c28475,1.4325
27,18,10,0.182053,0.008332,60,60,10,cafe,1592c28475,1.4325
27,19,10,0.182053,0.008332,60,60,10,cafe,1592c28475,1.4325
27,20,10,0.182053,0.008332,60,60,10,cafe,1592c28475,1.4325
27,21,10,0.182053,0.008332,60,60,10,cafe,1592c28475,1.4325
27,22,10,0.182053,0.008332,60,60,10,cafe,1592c28475,1.4325
27,23,10,0.182053,0.008332,60,60,10,cafe,1592c28475,1.4325
27,24,10,0.182053,0.008332,60,60,10,cafe,1592c28475,1.4325
27,25,10,0.161150,0.008002,62,61,10,cafe,20d24f4b03,1.8789
27,26,10,0.182053,0.008332,60,60,10,cafe,1592c28475,1.4325
27,27,10,0.136680,0.007172,59,59,10,cafe,d001a11a44,2.0573
27,28,10,0.182053,0.008332,60,60,10,cafe,1592c28475,1.4325
27,29,10,0.182053,0.008332,60,60,10,cafe,1592c28475,1.4325
27,30,10,0.182053,0.008332,60,60,10,cafe,1592c28475,1.4325
27,31,10,0.182053,0.008332,60,60,10,cafe,1592c28475,1.4325
27,32,10,0.182053,0.008332,60,60,10,cafe,1592c28475,1.4325
27,33,10,0.182053,0.008332,60,60,10,cafe,1592c28475,1.4325
27,34,10,0.133444,0.006949,60,60,10,cafe,3ebac718e0,1.3197
27,35,10,0.182053,0.008332,60,60,10,cafe,1592c28475,1.4325
27,36,10,0.182053,0.008332,60,60,10,cafe,1592c28475,1.4325
27,37,10,0.182053,0.008332,60,60,10,cafe,1592c28475,1.4325
27,38,10,0.182053,0.008332,60,60,10,cafe,1592c28475,1.4325
27,39,10,0.182053,0.008332,60,60,10,cafe,1592c28475,1.4325
27,40,10,0.182053,0.008332,60,60,10,cafe,1592c28475,1.4325
27,41,10,0.182053,0.008332,60,60,10,cafe,1592c28475,1.4325
27,42,10,0.182053,0.008332,60,60,10,cafe,1592c28475,1.4325
27,43,10,0.182053,0.008332,60,60,10,cafe,1592c28475,1.4325
27,44,10,0.182053,0.008332,60,60,10,cafe,1592c28475,1.4325
27,45,10,0.182053,0.008332,60,60,10,cafe,1592c28475,1.4325
27,46,10,0.182053,0.008332,60,60,10,cafe,1592c28475,1.4325
27,47,10,0.182053,0.008332,60,60,10,cafe,1592c28475,1.4325
27,48,10,0.182053,0.008332,60,60,10,cafe,1592c28475,1.4325
27,49,10,0.182053,0.008332,60,60,10,cafe,1592c28475,1.4325
28,0,10,0.182053,0.008332,60,60,10,cafe,1592c28475,1.4325
28,1,10,0.182053,0.008332,60,60,10,cafe,1592c28475,1.4325
28,2,10,0.182053,0.008332,60,60,10,cafe,1592c28475,1.4325
28,3,10,0.182053,0.008332,60,60,10,cafe,1592c28475,1.4325
28,4,10,0.182053,0.008332,60,60,10,cafe,1592c28475,1.4325
28,5,10,0.182053,0.008332,60,60,10,cafe,1592c28475,1.4325
28,6,10,0.182053,0.008332,60,60,10,cafe,1592c28475,1.4325
28,7,10,0.182053,0.008332,60,60,10,cafe,1592c28475,1.4325
28,8,10,0.182053,0.008332,60,60,10,cafe,1592c28475,1.4325
28,9,10,0.182053,0.008332,60,60,10,cafe,1592c28475,1.4325
28,10,10,0.182053,0.008332,60,60,10,cafe,1592c28475,1.4325
28,11,10,0.168859,0.007176,60,58,9,iogurte,6ea59deeb4,1.5792
28,12,10,0.182053,0.008332,60,60,10,cafe,1592c28475,1.4325
28,13,10,0.182053,0.008332,60,60,10,cafe,1592c28475,1.4325
28,14,10,0.182053,0.008332,60,60,10,cafe,1592c28475,1.4325
28,15,10,0.172773,0.007971,59,59,10,cafe,67467ba100,1.9154
28,16,10,0.182053,0.008332,60,60,10,cafe,1592c28475,1.4325
28,17,10,0.182053,0.008332,60,60,10,cafe,1592c28475,1.4325
28,18,10,0.182053,0.008332,60,60,10,cafe,1592c28475,1.4325
28,19,10,0.182053,0.008332,60,60,10,cafe,1592c28475,1.4325
28,20,10,0.182053,0.008332,60,60,10,cafe,1592c28475,1.4325
28,21,10,0.182053,0.008332,60,60,10,cafe,1592c28475,1.4325
28,22,10,0.182053,0.008332,60,60,10,cafe,1592c28475,1.4325
28,23,10,0.182053,0.008332,60,60,10,cafe,1592c28475,1.4325
28,24,10,0.182053,0.008332,60,60,10,cafe,1592c28475,1.4325
28,25,10,0.182053,0.008332,60,60,10,cafe,1592c28475,1.4325
28,26,10,0.182053,0.008332,60,60,10,cafe,1592c28475,1.4325
28,27,10,0.182053,0.008332,60,60,10,cafe,1592c28475,1.4325
28,28,10,0.182053,0.008332,60,60,10,cafe,1592c28475,1.4325
28,29,10,0.182053,0.008332,60,60,10,cafe,1592c28475,1.4325
28,30,10,0.169325,0.007734,55,55,10,preparo para sopa,ec446beeb5,1.4518
28,31,10,0.182053,0.008332,60,60,10,cafe,1592c28475,1.4325
28,32,10,0.182053,0.008332,60,60,10,cafe,1592c28475,1.4325
28,33,10,0.182053,0.008332,60,60,10,cafe,1592c28475,1.4325
28,34,10,0.156770,0.007520,62,62,10,cafe,31331f5511,1.3580
28,35,10,0.182053,0.008332,60,60,10,cafe,1592c28475,1.4325
28,36,10,0.182053,0.008332,60,60,10,cafe,1592c28475,1.4325
28,37,10,0.182053,0.008332,60,60,10,cafe,1592c28475,1.4325
28,38,10,0.182053,0.008332,60,60,10,cafe,1592c28475,1.4325
28,39,10,0.182053,0.008332,60,60,10,cafe,1592c28475,1.4325
28,40,10,0.182053,0.008332,60,60,10,cafe,1592c28475,1.4325
28,41,10,0.182053,0.008332,60,60,10,cafe,1592c28475,1.4325
28,42,10,0.182053,0.008332,60,60,10,cafe,1592c28475,1.4325
28,43,10,0.182053,0.008332,60,60,10,cafe,1592c28475,1.4325
28,44,10,0.182053,0.008332,60,60,10,cafe,1592c28475,1.4325
28,45,10,0.182053,0.008332,60,60,10,cafe,1592c28475,1.4325
28,46,10,0.182053,0.008332,60,60,10,cafe,1592c28475,1.4325
28,47,10,0.182053,0.008332,60,60,10,cafe,1592c28475,1.4325
28,48,10,0.182053,0.008332,60,60,10,cafe,1592c28475,1.4325
28,49,10,0.182053,0.008332,60,60,10,cafe,1592c28475,1.4325
29,0,10,0.182053,0.008332,60,60,10,cafe,1592c28475,1.4325
29,1,10,0.182053,0.008332,60,60,10,cafe,1592c28475,1.4325
29,2,10,0.182053,0.008332,60,60,10,cafe,1592c28475,1.4325
29,3,10,0.182053,0.008332,60,60,10,cafe,1592c28475,1.4325
29,4,10,0.182053,0.008332,60,60,10,cafe,1592c28475,1.4325
29,5,10,0.182053,0.008332,60,60,10,cafe,1592c28475,1.4325
29,6,10,0.182053,0.008332,60,60,10,cafe,1592c28475,1.4325
29,7,10,0.182053,0.008332,60,60,10,cafe,1592c28475,1.4325
29,8,10,0.182053,0.008332,60,60,10,cafe,1592c28475,1.4325
29,9,10,0.182053,0.008332,60,60,10,cafe,1592c28475,1.4325
29,10,10,0.182053,0.008332,60,60,10,cafe,1592c28475,1.4325
29,11,10,0.182053,0.008332,60,60,10,cafe,1592c28475,1.4325
29,12,10,0.182053,0.008332,60,60,10,cafe,1592c28475,1.4325
29,13,10,0.182053,0.008332,60,60,10,cafe,1592c28475,1.4325
29,14,10,0.182053,0.008332,60,60,10,cafe,1592c28475,1.4325
29,15,10,0.182053,0.008332,60,60,10,cafe,1592c28475,1.4325
29,16,10,0.182053,0.008332,60,60,10,cafe,1592c28475,1.4325
29,17,10,0.168566,0.007310,55,55,9,biscoito,86f3a5beba,1.8289
29,18,10,0.182053,0.008332,60,60,10,cafe,1592c28475,1.4325
29,19,10,0.182053,0.008332,60,60,10,cafe,1592c28475,1.4325
29,20,10,0.182053,0.008332,60,60,10,cafe,1592c28475,1.4325
29,21,10,0.182053,0.008332,60,60,10,cafe,1592c28475,1.4325
29,22,10,0.182053,0.008332,60,60,10,cafe,1592c28475,1.4325
29,23,10,0.182053,0.008332,60,60,10,cafe,1592c28475,1.4325
29,24,10,0.182053,0.008332,60,60,10,cafe,1592c28475,1.4325
29,25,10,0.182053,0.008332,60,60,10,cafe,1592c28475,1.4325
29,26,10,0.182053,0.008332,60,60,10,cafe,1592c28475,1.4325
29,27,10,0.182053,0.008332,60,60,10,cafe,1592c28475,1.4325
29,28,10,0.182053,0.008332,60,60,10,cafe,1592c28475,1.4325
29,29,10,0.182053,0.008332,60,60,10,cafe,1592c28475,1.4325
29,30,10,0.182053,0.008332,60,60,10,cafe,1592c28475,1.4325
29,31,10,0.182053,0.008332,60,60,10,cafe,1592c28475,1.4325
29,32,10,0.182053,0.008332,60,60,10,cafe,1592c28475,1.4325
29,33,10,0.182053,0.008332,60,60,10,cafe,1592c28475,1.4325
29,34,10,0.182053,0.008332,60,60,10,cafe,1592c28475,1.4325
29,35,10,0.182053,0.008332,60,60,10,cafe,1592c28475,1.4325
29,36,10,0.182053,0.008332,60,60,10,cafe,1592c28475,1.4325
29,37,10,0.182053,0.008332,60,60,10,cafe,1592c28475,1.4325
29,38,10,0.182053,0.008332,60,60,10,cafe,1592c28475,1.4325
29,39,10,0.182053,0.008332,60,60,10,cafe,1592c28475,1.4325
29,40,10,0.182053,0.008332,60,60,10,cafe,1592c28475,1.4325
29,41,10,0.182053,0.008332,60,60,10,cafe,1592c28475,1.4325
29,42,10,0.182053,0.008332,60,60,10,cafe,1592c28475,1.4325
29,43,10,0.182053,0.008332,60,60,10,cafe,1592c28475,1.4325
29,44,10,0.182053,0.008332,60,60,10,cafe,1592c28475,1.4325
29,45,10,0.182053,0.008332,60,60,10,cafe,1592c28475,1.4325
29,46,10,0.182053,0.008332,60,60,10,cafe,1592c28475,1.4325
29,47,10,0.182053,0.008332,60,60,10,cafe,1592c28475,1.4325
29,48,10,0.182053,0.008332,60,60,10,cafe,1592c28475,1.4325
29,49,10,0.182053,0.008332,60,60,10,cafe,1592c28475,1.4325
30,0,10,0.182053,0.008332,60,60,10,cafe,1592c28475,1.4325
30,1,10,0.182053,0.008332,60,60,10,cafe,1592c28475,1.4325
30,2,10,0.182053,0.008332,60,60,10,cafe,1592c28475,1.4325
30,3,10,0.182053,0.008332,60,60,10,cafe,1592c28475,1.4325
30,4,10,0.182053,0.008332,60,60,10,cafe,1592c28475,1.4325
30,5,10,0.182053,0.008332,60,60,10,cafe,1592c28475,1.4325
30,6,10,0.182053,0.008332,60,60,10,cafe,1592c28475,1.4325
30,7,10,0.182053,0.008332,60,60,10,cafe,1592c28475,1.4325
30,8,10,0.182053,0.008332,60,60,10,cafe,1592c28475,1.4325
30,9,10,0.182053,0.008332,60,60,10,cafe,1592c28475,1.4325
30,10,10,0.182053,0.008332,60,60,10,cafe,1592c28475,1.4325
30,11,10,0.182053,0.008332,60,60,10,cafe,1592c28475,1.4325
30,12,10,0.182053,0.008332,60,60,10,cafe,1592c28475,1.4325
30,13,10,0.182053,0.008332,60,60,10,cafe,1592c28475,1.4325
30,14,10,0.169432,0.007912,60,60,10,cafe,353dc93471,1.5372
30,15,10,0.182053,0.008332,60,60,10,cafe,1592c28475,1.4325
30,16,10,0.182053,0.008332,60,60,10,cafe,1592c28475,1.4325
30,17,10,0.182053,0.008332,60,60,10,cafe,1592c28475,1.4325
30,18,10,0.182053,0.008332,60,60,10,cafe,1592c28475,1.4325
30,19,10,0.182053,0.008332,60,60,10,cafe,1592c28475,1.4325
30,20,10,0.182053,0.008332,60,60,10,cafe,1592c28475,1.4325
30,21,10,0.182053,0.008332,60,60,10,cafe,1592c28475,1.4325
30,22,10,0.182053,0.008332,60,60,10,cafe,1592c28475,1.4325
30,23,10,0.182053,0.008332,60,60,10,cafe,1592c28475,1.4325
30,24,10,0.182053,0.008332,60,60,10,cafe,1592c28475,1.4325
30,25,10,0.182053,0.008332,60,60,10,cafe,1592c28475,1.4325
30,26,10,0.182053,0.008332,60,60,10,cafe,1592c28475,1.4325
30,27,10,0.182053,0.008332,60,60,10,cafe,1592c28475,1.4325
30,28,10,0.182053,0.008332,60,60,10,cafe,1592c28475,1.4325
30,29,10,0.182053,0.008332,60,60,10,cafe,1592c28475,1.4325
30,30,10,0.182053,0.008332,60,60,10,cafe,1592c28475,1.4325
30,31,10,0.182053,0.008332,60,60,10,cafe,1592c28475,1.4325
30,32,10,0.182053,0.008332,60,60,10,cafe,1592c28475,1.4325
30,33,10,0.182053,0.008332,60,60,10,cafe,1592c28475,1.4325
30,34,10,0.182053,0.008332,60,60,10,cafe,1592c28475,1.4325
30,35,10,0.182053,0.008332,60,60,10,cafe,1592c28475,1.4325
30,36,10,0.182053,0.008332,60,60,10,cafe,1592c28475,1.4325
30,37,10,0.182053,0.008332,60,60,10,cafe,1592c28475,1.4325
30,38,10,0.182053,0.008332,60,60,10,cafe,1592c28475,1.4325
30,39,10,0.165118,0.007253,58,58,10,cafe,3d55274ccc,1.5987
30,40,10,0.182053,0.008332,60,60,10,cafe,1592c28475,1.4325
30,41,10,0.182053,0.008332,60,60,10,cafe,1592c28475,1.4325
30,42,10,0.182053,0.008332,60,60,10,cafe,1592c28475,1.4325
30,43,10,0.182053,0.008332,60,60,10,cafe,1592c28475,1.4325
30,44,10,0.182053,0.008332,60,60,10,cafe,1592c28475,1.4325
30,45,10,0.182053,0.008332,60,60,10,cafe,1592c28475,1.4325
30,46,10,0.182053,0.008332,60,60,10,cafe,1592c28475,1.4325
30,47,10,0.182053,0.008332,60,60,10,cafe,1592c28475,1.4325
30,48,10,0.182053,0.008332,60,60,10,cafe,1592c28475,1.4325
30,49,10,0.182053,0.008332,60,60,10,cafe,1592c28475,1.4325
31,0,10,0.182053,0.008332,60,60,10,cafe,1592c28475,1.4325
31,1,10,0.182053,0.008332,60,60,10,cafe,1592c28475,1.4325
31,2,10,0.182053,0.008332,60,60,10,cafe,1592c28475,1.4325
31,3,10,0.182053,0.008332,60,60,10,cafe,1592c28475,1.4325
31,4,10,0.182053,0.008332,60,60,10,cafe,1592c28475,1.4325
31,5,10,0.182053,0.008332,60,60,10,cafe,1592c28475,1.4325
31,6,10,0.182053,0.008332,60,60,10,cafe,1592c28475,1.4325
31,7,10,0.161496,0.007914,61,61,10,cafe,4241ea6579,1.5781
31,8,10,0.182053,0.008332,60,60,10,cafe,1592c28475,1.4325
31,9,10,0.182053,0.008332,60,60,10,cafe,1592c28475,1.4325
31,10,10,0.182053,0.008332,60,60,10,cafe,1592c28475,1.4325
31,11,10,0.182053,0.008332,60,60,10,cafe,1592c28475,1.4325
31,12,10,0.182053,0.008332,60,60,10,cafe,1592c28475,1.4325
31,13,10,0.182053,0.008332,60,60,10,cafe,1592c28475,1.4325
31,14,10,0.182053,0.008332,60,60,10,cafe,1592c28475,1.4325
31,15,10,0.182053,0.008332,60,60,10,cafe,1592c28475,1.4325
31,16,10,0.182053,0.008332,60,60,10,cafe,1592c28475,1.4325
31,17,10,0.182053,0.008332,60,60,10,cafe,1592c28475,1.4325
31,18,10,0.182053,0.008332,60,60,10,cafe,1592c28475,1.4325
31,19,10,0.182053,0.008332,60,60,10,cafe,1592c28475,1.4325
31,20,10,0.183411,0.008189,62,62,10,cafe,845b8d2662,1.5153
31,21,10,0.182053,0.008332,60,60,10,cafe,1592c28475,1.4325
31,22,10,0.182053,0.008332,60,60,10,cafe,1592c28475,1.4325
31,23,10,0.171335,0.007871,57,57,10,cafe,11b39f1c6f,1.4641
31,24,10,0.182053,0.008332,60,60,10,cafe,1592c28475,1.4325
31,25,10,0.182053,0.008332,60,60,10,cafe,1592c28475,1.4325
31,26,10,0.182053,0.008332,60,60,10,cafe,1592c28475,1.4325
31,27,10,0.182053,0.008332,60,60,10,cafe,1592c28475,1.4325
31,28,10,0.172108,0.007892,58,58,10,cafe,78e1d7dac6,1.8318
31,29,10,0.182053,0.008332,60,60,10,cafe,1592c28475,1.4325
31,30,10,0.182053,0.008332,60,60,10,cafe,1592c28475,1.4325
31,31,10,0.182053,0.008332,60,60,10,cafe,1592c28475,1.4325
31,32,10,0.182053,0.008332,60,60,10,cafe,1592c28475,1.4325
31,33,10,0.183251,0.008176,58,58,10,macarrao,38afcd2356,1.4007
31,34,10,0.182053,0.008332,60,60,10,cafe,1592c28475,1.4325
31,35,10,0.182053,0.008332,60,60,10,cafe,1592c28475,1.4325
31,36,10,0.182053,0.008332,60,60,10,cafe,1592c28475,1.4325
31,37,10,0.182053,0.008332,60,60,10,cafe,1592c28475,1.4325
31,38,10,0.182053,0.008332,60,60,10,cafe,1592c28475,1.4325
31,39,10,0.166130,0.007505,61,61,10,cafe,f4fc132313,1.3934
31,40,10,0.182053,0.008332,60,60,10,cafe,1592c28475,1.4325
31,41,10,0.182053,0.008332,60,60,10,cafe,1592c28475,1.4325
31,42,10,0.182053,0.008332,60,60,10,cafe,1592c28475,1.4325
31,43,10,0.182053,0.008332,60,60,10,cafe,1592c28475,1.4325
31,44,10,0.169099,0.007602,58,58,10,tempero pronto,7cc89a3c2e,1.5592
31,45,10,0.182053,0.008332,60,60,10,cafe,1592c28475,1.4325
31,46,10,0.182053,0.008332,60,60,10,cafe,1592c28475,1.4325
31,47,10,0.182053,0.008332,60,60,10,cafe,1592c28475,1.4325
31,48,10,0.182053,0.008332,60,60,10,cafe,1592c28475,1.4325
31,49,10,0.182053,0.008332,60,60,10,cafe,1592c28475,1.4325
32,0,10,0.183411,0.008189,62,62,10,cafe,845b8d2662,1.5153
32,1,10,0.183251,0.008176,58,58,10,macarrao,38afcd2356,1.4007
32,2,10,0.182053,0.008332,60,60,10,cafe,1592c28475,1.4325
32,3,10,0.182053,0.008332,60,60,10,cafe,1592c28475,1.4325
32,4,10,0.182053,0.008332,60,60,10,cafe,1592c28475,1.4325
32,5,10,0.182053,0.008332,60,60,10,cafe,1592c28475,1.4325
32,6,10,0.182053,0.008332,60,60,10,cafe,1592c28475,1.4325
32,7,10,0.182053,0.008332,60,60,10,cafe,1592c28475,1.4325
32,8,10,0.182053,0.008332,60,60,10,cafe,1592c28475,1.4325
32,9,10,0.182053,0.008332,60,60,10,cafe,1592c28475,1.4325
32,10,10,0.182053,0.008332,60,60,10,cafe,1592c28475,1.4325
32,11,10,0.182053,0.008332,60,60,10,cafe,1592c28475,1.4325
32,12,10,0.182053,0.008332,60,60,10,cafe,1592c28475,1.4325
32,13,10,0.182053,0.008332,60,60,10,cafe,1592c28475,1.4325
32,14,10,0.182053,0.008332,60,60,10,cafe,1592c28475,1.4325
32,15,10,0.174677,0.008006,57,57,10,chocolate,9af6ee6429,1.5054
32,16,10,0.182053,0.008332,60,60,10,cafe,1592c28475,1.4325
32,17,10,0.182053,0.008332,60,60,10,cafe,1592c28475,1.4325
32,18,10,0.182053,0.008332,60,60,10,cafe,1592c28475,1.4325
32,19,10,0.182053,0.008332,60,60,10,cafe,1592c28475,1.4325
32,20,10,0.182053,0.008332,60,60,10,cafe,1592c28475,1.4325
32,21,10,0.182053,0.008332,60,60,10,cafe,1592c28475,1.4325
32,22,10,0.182053,0.008332,60,60,10,cafe,1592c28475,1.4325
32,23,10,0.182053,0.008332,60,60,10,cafe,1592c28475,1.4325
32,24,10,0.182053,0.008332,60,60,10,cafe,1592c28475,1.4325
32,25,10,0.183411,0.008189,62,62,10,cafe,845b8d2662,1.5153
32,26,10,0.182053,0.008332,60,60,10,cafe,1592c28475,1.4325
32,27,10,0.182053,0.008332,60,60,10,cafe,1592c28475,1.4325
32,28,10,0.182053,0.008332,60,60,10,cafe,1592c28475,1.4325
32,29,10,0.182053,0.008332,60,60,10,cafe,1592c28475,1.4325
32,30,10,0.182053,0.008332,60,60,10,cafe,1592c28475,1.4325
32,31,10,0.183411,0.008189,62,62,10,cafe,845b8d2662,1.5153
32,32,10,0.182053,0.008332,60,60,10,cafe,1592c28475,1.4325
32,33,10,0.182053,0.008332,60,60,10,cafe,1592c28475,1.4325
32,34,10,0.182053,0.008332,60,60,10,cafe,1592c28475,1.4325
32,35,10,0.182053,0.008332,60,60,10,cafe,1592c28475,1.4325
32,36,10,0.182053,0.008332,60,60,10,cafe,1592c28475,1.4325
32,37,10,0.182053,0.008332,60,60,10,cafe,1592c28475,1.4325
32,38,10,0.182053,0.008332,60,60,10,cafe,1592c28475,1.4325
32,39,10,0.182053,0.008332,60,60,10,cafe,1592c28475,1.4325
32,40,10,0.182053,0.008332,60,60,10,cafe,1592c28475,1.4325
32,41,10,0.183411,0.008189,62,62,10,cafe,845b8d2662,1.5153
32,42,10,0.182053,0.008332,60,60,10,cafe,1592c28475,1.4325
32,43,10,0.182053,0.008332,60,60,10,cafe,1592c28475,1.4325
32,44,10,0.182053,0.008332,60,60,10,cafe,1592c28475,1.4325
32,45,10,0.182053,0.008332,60,60,10,cafe,1592c28475,1.4325
32,46,10,0.176448,0.008385,58,58,10,chocolate,7668b2e2d0,1.4796
32,47,10,0.182053,0.008332,60,60,10,cafe,1592c28475,1.4325
32,48,10,0.182053,0.008332,60,60,10,cafe,1592c28475,1.4325
32,49,10,0.182053,0.008332,60,60,10,cafe,1592c28475,1.4325
33,0,10,0.183411,0.008189,62,62,10,cafe,845b8d2662,1.5153
33,1,10,0.183411,0.008189,62,62,10,cafe,845b8d2662,1.5153
33,2,10,0.183411,0.008189,62,62,10,cafe,845b8d2662,1.5153
33,3,10,0.183411,0.008189,62,62,10,cafe,845b8d2662,1.5153
33,4,10,0.183251,0.008176,58,58,10,macarrao,38afcd2356,1.4007
33,5,10,0.184609,0.008033,60,60,10,chocolate,b7ba294b72,1.8954
33,6,10,0.182053,0.008332,60,60,10,cafe,1592c28475,1.4325
33,7,10,0.182053,0.008332,60,60,10,cafe,1592c28475,1.4325
33,8,10,0.182053,0.008332,60,60,10,cafe,1592c28475,1.4325
33,9,10,0.182053,0.008332,60,60,10,cafe,1592c28475,1.4325
33,10,10,0.182053,0.008332,60,60,10,cafe,1592c28475,1.4325
33,11,10,0.183411,0.008189,62,62,10,cafe,845b8d2662,1.5153
33,12,10,0.183251,0.008176,58,58,10,macarrao,38afcd2356,1.4007
33,13,10,0.182053,0.008332,60,60,10,cafe,1592c28475,1.4325
33,14,10,0.183411,0.008189,62,62,10,cafe,845b8d2662,1.5153
33,15,10,0.182053,0.008332,60,60,10,cafe,1592c28475,1.4325
33,16,10,0.182053,0.008332,60,60,10,cafe,1592c28475,1.4325
33,17,10,0.182053,0.008332,60,60,10,cafe,1592c28475,1.4325
33,18,10,0.183411,0.008189,62,62,10,cafe,845b8d2662,1.5153
33,19,10,0.182053,0.008332,60,60,10,cafe,1592c28475,1.4325
33,20,10,0.152789,0.007541,60,60,10,cafe,5c4320a50d,1.3675
33,21,10,0.182053,0.008332,60,60,10,cafe,1592c28475,1.4325
33,22,10,0.182053,0.008332,60,60,10,cafe,1592c28475,1.4325
33,23,10,0.183411,0.008189,62,62,10,cafe,845b8d2662,1.5153
33,24,10,0.182053,0.008332,60,60,10,cafe,1592c28475,1.4325
33,25,10,0.183411,0.008189,62,62,10,cafe,845b8d2662,1.5153
33,26,10,0.182053,0.008332,60,60,10,cafe,1592c28475,1.4325
33,27,10,0.165610,0.006932,63,62,9,biscoito,44fe7f570f,1.4966
33,28,10,0.183411,0.008189,62,62,10,cafe,845b8d2662,1.5153
33,29,10,0.182053,0.008332,60,60,10,cafe,1592c28475,1.4325
33,30,10,0.170976,0.007206,61,61,10,cafe,7da38fc0b9,1.8029
33,31,10,0.182053,0.008332,60,60,10,cafe,1592c28475,1.4325
33,32,10,0.184609,0.008033,60,60,10,chocolate,b7ba294b72,1.8954
33,33,10,0.182053,0.008332,60,60,10,cafe,1592c28475,1.4325
33,34,10,0.182053,0.008332,60,60,10,cafe,1592c28475,1.4325
33,35,10,0.163667,0.007256,57,56,9,iogurte,931669f8d4,1.6393
33,36,10,0.183411,0.008189,62,62,10,cafe,845b8d2662,1.5153
33,37,10,0.182053,0.008332,60,60,10,cafe,1592c28475,1.4325
33,38,10,0.183251,0.008176,58,58,10,macarrao,38afcd2356,1.4007
33,39,10,0.182053,0.008332,60,60,10,cafe,1592c28475,1.4325
33,40,10,0.182053,0.008332,60,60,10,cafe,1592c28475,1.4325
33,41,10,0.181520,0.007679,60,60,10,cafe,dd79caf7f3,1.4049
33,42,10,0.181907,0.008076,60,60,10,chocolate,2c5c50437c,1.4552
33,43,10,0.183411,0.008189,62,62,10,cafe,845b8d2662,1.5153
33,44,10,0.182053,0.008332,60,60,10,cafe,1592c28475,1.4325
33,45,10,0.182053,0.008332,60,60,10,cafe,1592c28475,1.4325
33,46,10,0.182053,0.008332,60,60,10,cafe,1592c28475,1.4325
33,47,10,0.184609,0.008033,60,60,10,chocolate,b7ba294b72,1.8954
33,48,10,0.182053,0.008332,60,60,10,cafe,1592c28475,1.4325
33,49,10,0.182053,0.008332,60,60,10,cafe,1592c28475,1.4325
34,0,10,0.184609,0.008033,60,60,10,chocolate,b7ba294b72,1.8954
34,1,10,0.184609,0.008033,60,60,10,chocolate,b7ba294b72,1.8954
34,2,10,0.184609,0.008033,60,60,10,chocolate,b7ba294b72,1.8954
34,3,10,0.183411,0.008189,62,62,10,cafe,845b8d2662,1.5153
34,4,10,0.183411,0.008189,62,62,10,cafe,845b8d2662,1.5153
34,5,10,0.183411,0.008189,62,62,10,cafe,845b8d2662,1.5153
34,6,10,0.182053,0.008332,60,60,10,cafe,1592c28475,1.4325
34,7,10,0.182053,0.008332,60,60,10,cafe,1592c28475,1.4325
34,8,10,0.183411,0.008189,62,62,10,cafe,845b8d2662,1.5153
34,9,10,0.183411,0.008189,62,62,10,cafe,845b8d2662,1.5153
34,10,10,0.183411,0.008189,62,62,10,cafe,845b8d2662,1.5153
34,11,10,0.183411,0.008189,62,62,10,cafe,845b8d2662,1.5153
34,12,10,0.182053,0.008332,60,60,10,cafe,1592c28475,1.4325
34,13,10,0.184609,0.008033,60,60,10,chocolate,b7ba294b72,1.8954
34,14,10,0.168153,0.008125,63,63,10,cafe,61c29ba458,1.6514
34,15,10,0.160045,0.007412,56,56,10,chocolate,105badd64a,1.4668
34,16,10,0.182053,0.008332,60,60,10,cafe,1592c28475,1.4325
34,17,10,0.183411,0.008189,62,62,10,cafe,845b8d2662,1.5153
34,18,10,0.183411,0.008189,62,62,10,cafe,845b8d2662,1.5153
34,19,10,0.183411,0.008189,62,62,10,cafe,845b8d2662,1.5153
34,20,10,0.161656,0.007312,61,61,10,cafe,31983499a2,1.3388
34,21,10,0.182053,0.008332,60,60,10,cafe,1592c28475,1.4325
34,22,10,0.182053,0.008332,60,60,10,cafe,1592c28475,1.4325
34,23,10,0.182053,0.008332,60,60,10,cafe,1592c28475,1.4325
34,24,10,0.182053,0.008332,60,60,10,cafe,1592c28475,1.4325
34,25,10,0.184609,0.008033,60,60,10,chocolate,b7ba294b72,1.8954
34,26,10,0.173199,0.007285,60,60,9,macarrao,69056f090c,1.5472
34,27,10,0.182053,0.008332,60,60,10,cafe,1592c28475,1.4325
34,28,10,0.183411,0.008189,62,62,10,cafe,845b8d2662,1.5153
34,29,10,0.176608,0.007272,58,58,10,macarrao,801cc8c6d0,1.4425
34,30,10,0.182053,0.008332,60,60,10,cafe,1592c28475,1.4325
34,31,10,0.183411,0.008189,62,62,10,cafe,845b8d2662,1.5153
34,32,10,0.182053,0.008332,60,60,10,cafe,1592c28475,1.4325
34,33,10,0.183411,0.008189,62,62,10,cafe,845b8d2662,1.5153
34,34,10,0.183251,0.008176,58,58,10,chocolate,38afcd2356,1.4007
34,35,10,0.183411,0.008189,62,62,10,cafe,845b8d2662,1.5153
34,36,10,0.184609,0.008033,60,60,10,chocolate,b7ba294b72,1.8954
34,37,10,0.183411,0.008189,62,62,10,cafe,845b8d2662,1.5153
34,38,10,0.183411,0.008189,62,62,10,cafe,845b8d2662,1.5153
34,39,10,0.183411,0.008189,62,62,10,cafe,845b8d2662,1.5153
34,40,10,0.183251,0.008176,58,58,10,chocolate,38afcd2356,1.4007
34,41,10,0.182053,0.008332,60,60,10,cafe,1592c28475,1.4325
34,42,10,0.171695,0.007334,61,61,10,chocolate,a3fae2a384,1.3728
34,43,10,0.183411,0.008189,62,62,10,cafe,845b8d2662,1.5153
34,44,10,0.183411,0.008189,62,62,10,cafe,845b8d2662,1.5153
34,45,10,0.182053,0.008332,60,60,10,cafe,1592c28475,1.4325
34,46,10,0.183411,0.008189,62,62,10,cafe,845b8d2662,1.5153
34,47,10,0.182053,0.008332,60,60,10,cafe,1592c28475,1.4325
34,48,10,0.182053,0.008332,60,60,10,cafe,1592c28475,1.4325
34,49,10,0.182053,0.008332,60,60,10,cafe,1592c28475,1.4325
35,0,10,0.184609,0.008033,60,60,10,chocolate,b7ba294b72,1.8954
35,1,10,0.184609,0.008033,60,60,10,chocolate,b7ba294b72,1.8954
35,2,10,0.184609,0.008033,60,60,10,chocolate,b7ba294b72,1.8954
35,3,10,0.184609,0.008033,60,60,10,chocolate,b7ba294b72,1.8954
35,4,10,0.184609,0.008033,60,60,10,chocolate,b7ba294b72,1.8954
35,5,10,0.170750,0.007583,57,57,10,cafe,544934e4be,1.6991
35,6,10,0.182053,0.008332,60,60,10,cafe,1592c28475,1.4325
35,7,10,0.183411,0.008189,62,62,10,cafe,845b8d2662,1.5153
35,8,10,0.184609,0.008033,60,60,10,chocolate,b7ba294b72,1.8954
35,9,10,0.183411,0.008189,62,62,10,cafe,845b8d2662,1.5153
35,10,10,0.183411,0.008189,62,62,10,cafe,845b8d2662,1.5153
35,11,10,0.183411,0.008189,62,62,10,cafe,845b8d2662,1.5153
35,12,10,0.183411,0.008189,62,62,10,cafe,845b8d2662,1.5153
35,13,10,0.183411,0.008189,62,62,10,cafe,845b8d2662,1.5153
35,14,10,0.182053,0.008332,60,60,10,cafe,1592c28475,1.4325
35,15,10,0.183411,0.008189,62,62,10,cafe,845b8d2662,1.5153
35,16,10,0.183411,0.008189,62,62,10,cafe,845b8d2662,1.5153
35,17,10,0.182053,0.008332,60,60,10,cafe,1592c28475,1.4325
35,18,10,0.182053,0.008332,60,60,10,cafe,1592c28475,1.4325
35,19,10,0.184609,0.008033,60,60,10,chocolate,b7ba294b72,1.8954
35,20,10,0.183251,0.008176,58,58,10,chocolate,38afcd2356,1.4007
35,21,10,0.184609,0.008033,60,60,10,chocolate,b7ba294b72,1.8954
35,22,10,0.184609,0.008033,60,60,10,chocolate,b7ba294b72,1.8954
35,23,10,0.183411,0.008189,62,62,10,cafe,845b8d2662,1.5153
35,24,10,0.183411,0.008189,62,62,10,cafe,845b8d2662,1.5153
35,25,10,0.183411,0.008189,62,62,10,cafe,845b8d2662,1.5153
35,26,10,0.183411,0.008189,62,62,10,cafe,845b8d2662,1.5153
35,27,10,0.183411,0.008189,62,62,10,cafe,845b8d2662,1.5153
35,28,10,0.183411,0.008189,62,62,10,cafe,845b8d2662,1.5153
35,29,10,0.184609,0.008033,60,60,10,chocolate,b7ba294b72,1.8954
35,30,10,0.183411,0.008189,62,62,10,cafe,845b8d2662,1.5153
35,31,10,0.184609,0.008033,60,60,10,chocolate,b7ba294b72,1.8954
35,32,10,0.167062,0.006743,60,59,9,biscoito,82e325e223,1.4476
35,33,10,0.184609,0.008033,60,60,10,chocolate,b7ba294b72,1.8954
35,34,10,0.184609,0.008033,60,60,10,chocolate,b7ba294b72,1.8954
35,35,10,0.183411,0.008189,62,62,10,cafe,845b8d2662,1.5153
35,36,10,0.183411,0.008189,62,62,10,cafe,845b8d2662,1.5153
35,37,10,0.182053,0.008332,60,60,10,cafe,1592c28475,1.4325
35,38,10,0.183251,0.008176,58,58,10,chocolate,38afcd2356,1.4007
35,39,10,0.170324,0.007934,63,63,10,cafe,e99bc1d070,1.3992
35,40,10,0.184609,0.008033,60,60,10,chocolate,b7ba294b72,1.8954
35,41,10,0.183411,0.008189,62,62,10,cafe,845b8d2662,1.5153
35,42,10,0.183411,0.008189,62,62,10,cafe,845b8d2662,1.5153
35,43,10,0.183411,0.008189,62,62,10,cafe,845b8d2662,1.5153
35,44,10,0.183411,0.008189,62,62,10,cafe,845b8d2662,1.5153
35,45,10,0.184609,0.008033,60,60,10,chocolate,b7ba294b72,1.8954
35,46,10,0.183411,0.008189,62,62,10,cafe,845b8d2662,1.5153
35,47,10,0.184609,0.008033,60,60,10,chocolate,b7ba294b72,1.8954
35,48,10,0.183411,0.008189,62,62,10,cafe,845b8d2662,1.5153
35,49,10,0.183411,0.008189,62,62,10,cafe,845b8d2662,1.5153
36,0,10,0.184609,0.008033,60,60,10,chocolate,b7ba294b72,1.8954
36,1,10,0.184609,0.008033,60,60,10,chocolate,b7ba294b72,1.8954
36,2,10,0.184609,0.008033,60,60,10,chocolate,b7ba294b72,1.8954
36,3,10,0.184609,0.008033,60,60,10,chocolate,b7ba294b72,1.8954
36,4,10,0.184609,0.008033,60,60,10,chocolate,b7ba294b72,1.8954
36,5,10,0.184609,0.008033,60,60,10,chocolate,b7ba294b72,1.8954
36,6,10,0.166542,0.007172,59,59,10,preparo para suco,f8e74bf632,1.7482
36,7,10,0.184609,0.008033,60,60,10,chocolate,b7ba294b72,1.8954
36,8,10,0.184609,0.008033,60,60,10,chocolate,b7ba294b72,1.8954
36,9,10,0.183411,0.008189,62,62,10,cafe,845b8d2662,1.5153
36,10,10,0.184609,0.008033,60,60,10,chocolate,b7ba294b72,1.8954
36,11,10,0.184609,0.008033,60,60,10,chocolate,b7ba294b72,1.8954
36,12,10,0.184609,0.008033,60,60,10,chocolate,b7ba294b72,1.8954
36,13,10,0.184609,0.008033,60,60,10,chocolate,b7ba294b72,1.8954
36,14,10,0.184609,0.008033,60,60,10,chocolate,b7ba294b72,1.8954
36,15,10,0.180136,0.007840,63,63,10,cafe,af73a8b426,1.5216
36,16,10,0.183411,0.008189,62,62,10,chocolate,845b8d2662,1.5153
36,17,10,0.184609,0.008033,60,60,10,chocolate,b7ba294b72,1.8954
36,18,10,0.184609,0.008033,60,60,10,chocolate,b7ba294b72,1.8954
36,19,10,0.183411,0.008189,62,62,10,cafe,845b8d2662,1.5153
36,20,10,0.184609,0.008033,60,60,10,chocolate,b7ba294b72,1.8954
36,21,10,0.184609,0.008033,60,60,10,chocolate,b7ba294b72,1.8954
36,22,10,0.184609,0.008033,60,60,10,chocolate,b7ba294b72,1.8954
36,23,10,0.184609,0.008033,60,60,10,chocolate,b7ba294b72,1.8954
36,24,10,0.177566,0.008105,59,59,10,chocolate,e0cc34dbab,1.3651
36,25,10,0.183411,0.008189,62,62,10,cafe,845b8d2662,1.5153
36,26,10,0.184609,0.008033,60,60,10,chocolate,b7ba294b72,1.8954
36,27,10,0.168779,0.008349,62,62,10,cafe,3b2f2b2cf3,1.8318
36,28,10,0.184609,0.008033,60,60,10,chocolate,b7ba294b72,1.8954
36,29,10,0.184609,0.008033,60,60,10,chocolate,b7ba294b72,1.8954
36,30,10,0.180136,0.007840,63,63,10,cafe,af73a8b426,1.5216
36,31,10,0.184609,0.008033,60,60,10,chocolate,b7ba294b72,1.8954
36,32,10,0.183411,0.008189,62,62,10,cafe,845b8d2662,1.5153
36,33,10,0.183411,0.008189,62,62,10,cafe,845b8d2662,1.5153
36,34,10,0.184609,0.008033,60,60,10,chocolate,b7ba294b72,1.8954
36,35,10,0.183411,0.008189,62,62,10,cafe,845b8d2662,1.5153
36,36,10,0.184609,0.008033,60,60,10,chocolate,b7ba294b72,1.8954
36,37,10,0.184609,0.008033,60,60,10,chocolate,b7ba294b72,1.8954
36,38,10,0.184609,0.008033,60,60,10,chocolate,b7ba294b72,1.8954
36,39,10,0.180136,0.007840,63,63,10,cafe,af73a8b426,1.5216
36,40,10,0.184609,0.008033,60,60,10,chocolate,b7ba294b72,1.8954
36,41,10,0.172334,0.007701,63,63,10,chocolate,cbb3cefeba,1.4942
36,42,10,0.130342,0.006936,60,60,10,cafe,2e7d7cad4b,1.4129
36,43,10,0.184609,0.008033,60,60,10,chocolate,b7ba294b72,1.8954
36,44,10,0.184609,0.008033,60,60,10,chocolate,b7ba294b72,1.8954
36,45,10,0.184609,0.008033,60,60,10,chocolate,b7ba294b72,1.8954
36,46,10,0.184609,0.008033,60,60,10,chocolate,b7ba294b72,1.8954
36,47,10,0.184609,0.008033,60,60,10,chocolate,b7ba294b72,1.8954
36,48,10,0.184609,0.008033,60,60,10,chocolate,b7ba294b72,1.8954
36,49,10,0.169378,0.007360,59,59,10,chocolate,14e0651956,1.3232
37,0,10,0.184609,0.008033,60,60,10,chocolate,b7ba294b72,1.8954
37,1,10,0.184609,0.008033,60,60,10,chocolate,b7ba294b72,1.8954
37,2,10,0.184609,0.008033,60,60,10,chocolate,b7ba294b72,1.8954
37,3,10,0.184609,0.008033,60,60,10,chocolate,b7ba294b72,1.8954
37,4,10,0.184609,0.008033,60,60,10,chocolate,b7ba294b72,1.8954
37,5,10,0.184609,0.008033,60,60,10,chocolate,b7ba294b72,1.8954
37,6,10,0.184609,0.008033,60,60,10,chocolate,b7ba294b72,1.8954
37,7,10,0.184609,0.008033,60,60,10,chocolate,b7ba294b72,1.8954
37,8,10,0.184609,0.008033,60,60,10,chocolate,b7ba294b72,1.8954
37,9,10,0.184609,0.008033,60,60,10,chocolate,b7ba294b72,1.8954
37,10,10,0.184609,0.008033,60,60,10,chocolate,b7ba294b72,1.8954
37,11,10,0.184609,0.008033,60,60,10,chocolate,b7ba294b72,1.8954
37,12,10,0.184609,0.008033,60,60,10,chocolate,b7ba294b72,1.8954
37,13,10,0.184609,0.008033,60,60,10,chocolate,b7ba294b72,1.8954
37,14,10,0.184609,0.008033,60,60,10,chocolate,b7ba294b72,1.8954
37,15,10,0.184609,0.008033,60,60,10,chocolate,b7ba294b72,1.8954
37,16,10,0.184609,0.008033,60,60,10,chocolate,b7ba294b72,1.8954
37,17,10,0.184609,0.008033,60,60,10,chocolate,b7ba294b72,1.8954
37,18,10,0.184609,0.008033,60,60,10,chocolate,b7ba294b72,1.8954
37,19,10,0.184609,0.008033,60,60,10,chocolate,b7ba294b72,1.8954
37,20,10,0.184609,0.008033,60,60,10,chocolate,b7ba294b72,1.8954
37,21,10,0.184609,0.008033,60,60,10,chocolate,b7ba294b72,1.8954
37,22,10,0.184609,0.008033,60,60,10,chocolate,b7ba294b72,1.8954
37,23,10,0.184609,0.008033,60,60,10,chocolate,b7ba294b72,1.8954
37,24,10,0.184609,0.008033,60,60,10,chocolate,b7ba294b72,1.8954
37,25,10,0.184609,0.008033,60,60,10,chocolate,b7ba294b72,1.8954
37,26,10,0.184609,0.008033,60,60,10,chocolate,b7ba294b72,1.8954
37,27,10,0.184609,0.008033,60,60,10,chocolate,b7ba294b72,1.8954
37,28,10,0.184609,0.008033,60,60,10,chocolate,b7ba294b72,1.8954
37,29,10,0.184609,0.008033,60,60,10,chocolate,b7ba294b72,1.8954
37,30,10,0.184609,0.008033,60,60,10,chocolate,b7ba294b72,1.8954
37,31,10,0.184609,0.008033,60,60,10,chocolate,b7ba294b72,1.8954
37,32,10,0.168260,0.007042,60,60,10,pipoca para microondas,27599a1910,1.5537
37,33,10,0.184609,0.008033,60,60,10,chocolate,b7ba294b72,1.8954
37,34,10,0.184609,0.008033,60,60,10,chocolate,b7ba294b72,1.8954
37,35,10,0.184609,0.008033,60,60,10,chocolate,b7ba294b72,1.8954
37,36,10,0.184609,0.008033,60,60,10,chocolate,b7ba294b72,1.8954
37,37,10,0.184609,0.008033,60,60,10,chocolate,b7ba294b72,1.8954
37,38,10,0.184609,0.008033,60,60,10,chocolate,b7ba294b72,1.8954
37,39,10,0.184609,0.008033,60,60,10,chocolate,b7ba294b72,1.8954
37,40,10,0.184609,0.008033,60,60,10,chocolate,b7ba294b72,1.8954
37,41,10,0.184609,0.008033,60,60,10,chocolate,b7ba294b72,1.8954
37,42,10,0.184609,0.008033,60,60,10,chocolate,b7ba294b72,1.8954
37,43,10,0.184609,0.008033,60,60,10,chocolate,b7ba294b72,1.8954
37,44,10,0.184609,0.008033,60,60,10,chocolate,b7ba294b72,1.8954
37,45,10,0.185302,0.008054,58,58,10,chocolate,d8457a9bbd,1.3823
37,46,10,0.184609,0.008033,60,60,10,chocolate,b7ba294b72,1.8954
37,47,10,0.145294,0.007442,60,60,10,chocolate,f5a9670648,1.3897
37,48,10,0.184609,0.008033,60,60,10,chocolate,b7ba294b72,1.8954
37,49,10,0.178472,0.006853,58,57,9,desodorante,833964f417,1.6138
38,0,10,0.185302,0.008054,58,58,10,chocolate,d8457a9bbd,1.3823
38,1,10,0.184609,0.008033,60,60,10,chocolate,b7ba294b72,1.8954
38,2,10,0.184609,0.008033,60,60,10,chocolate,b7ba294b72,1.8954
38,3,10,0.184609,0.008033,60,60,10,chocolate,b7ba294b72,1.8954
38,4,10,0.184609,0.008033,60,60,10,chocolate,b7ba294b72,1.8954
38,5,10,0.171109,0.007420,59,59,10,chocolate,be60fdc5b2,1.6930
38,6,10,0.184609,0.008033,60,60,10,chocolate,b7ba294b72,1.8954
38,7,10,0.184609,0.008033,60,60,10,chocolate,b7ba294b72,1.8954
38,8,10,0.184609,0.008033,60,60,10,chocolate,b7ba294b72,1.8954
38,9,10,0.184609,0.008033,60,60,10,chocolate,b7ba294b72,1.8954
38,10,10,0.184609,0.008033,60,60,10,chocolate,b7ba294b72,1.8954
38,11,10,0.184609,0.008033,60,60,10,chocolate,b7ba294b72,1.8954
38,12,10,0.184609,0.008033,60,60,10,chocolate,b7ba294b72,1.8954
38,13,10,0.184609,0.008033,60,60,10,chocolate,b7ba294b72,1.8954
38,14,10,0.184609,0.008033,60,60,10,chocolate,b7ba294b72,1.8954
38,15,10,0.185302,0.008054,58,58,10,chocolate,d8457a9bbd,1.3823
38,16,10,0.184609,0.008033,60,60,10,chocolate,b7ba294b72,1.8954
38,17,10,0.184609,0.008033,60,60,10,chocolate,b7ba294b72,1.8954
38,18,10,0.184609,0.008033,60,60,10,chocolate,b7ba294b72,1.8954
38,19,10,0.185302,0.008054,58,58,10,chocolate,d8457a9bbd,1.3823
38,20,10,0.184609,0.008033,60,60,10,chocolate,b7ba294b72,1.8954
38,21,10,0.185302,0.008054,58,58,10,chocolate,d8457a9bbd,1.3823
38,22,10,0.184609,0.008033,60,60,10,chocolate,b7ba294b72,1.8954
38,23,10,0.184609,0.008033,60,60,10,chocolate,b7ba294b72,1.8954
38,24,10,0.184609,0.008033,60,60,10,chocolate,b7ba294b72,1.8954
38,25,10,0.184609,0.008033,60,60,10,chocolate,b7ba294b72,1.8954
38,26,10,0.184609,0.008033,60,60,10,chocolate,b7ba294b72,1.8954
38,27,10,0.184609,0.008033,60,60,10,chocolate,b7ba294b72,1.8954
38,28,10,0.184609,0.008033,60,60,10,chocolate,b7ba294b72,1.8954
38,29,10,0.184609,0.008033,60,60,10,chocolate,b7ba294b72,1.8954
38,30,10,0.184609,0.008033,60,60,10,chocolate,b7ba294b72,1.8954
38,31,10,0.184609,0.008033,60,60,10,chocolate,b7ba294b72,1.8954
38,32,10,0.184609,0.008033,60,60,10,chocolate,b7ba294b72,1.8954
38,33,10,0.185302,0.008054,58,58,10,chocolate,d8457a9bbd,1.3823
38,34,10,0.184609,0.008033,60,60,10,chocolate,b7ba294b72,1.8954
38,35,10,0.150047,0.008057,58,58,10,chocolate,8cd0c649c0,1.4699
38,36,10,0.184609,0.008033,60,60,10,chocolate,b7ba294b72,1.8954
38,37,10,0.184609,0.008033,60,60,10,chocolate,b7ba294b72,1.8954
38,38,10,0.184609,0.008033,60,60,10,chocolate,b7ba294b72,1.8954
38,39,10,0.184609,0.008033,60,60,10,chocolate,b7ba294b72,1.8954
38,40,10,0.184609,0.008033,60,60,10,chocolate,b7ba294b72,1.8954
38,41,10,0.184609,0.008033,60,60,10,chocolate,b7ba294b72,1.8954
38,42,10,0.185302,0.008054,58,58,10,chocolate,d8457a9bbd,1.3823
38,43,10,0.184609,0.008033,60,60,10,chocolate,b7ba294b72,1.8954
38,44,10,0.184609,0.008033,60,60,10,chocolate,b7ba294b72,1.8954
38,45,10,0.184609,0.008033,60,60,10,chocolate,b7ba294b72,1.8954
38,46,10,0.184609,0.008033,60,60,10,chocolate,b7ba294b72,1.8954
38,47,10,0.184609,0.008033,60,60,10,chocolate,b7ba294b72,1.8954
38,48,10,0.184609,0.008033,60,60,10,chocolate,b7ba294b72,1.8954
38,49,10,0.184609,0.008033,60,60,10,chocolate,b7ba294b72,1.8954
39,0,10,0.185302,0.008054,58,58,10,chocolate,d8457a9bbd,1.3823
39,1,10,0.185302,0.008054,58,58,10,chocolate,d8457a9bbd,1.3823
39,2,10,0.185302,0.008054,58,58,10,chocolate,d8457a9bbd,1.3823
39,3,10,0.185302,0.008054,58,58,10,chocolate,d8457a9bbd,1.3823
39,4,10,0.185302,0.008054,58,58,10,chocolate,d8457a9bbd,1.3823
39,5,10,0.159672,0.007643,58,57,9,cerveja,8561332062,1.8900
39,6,10,0.185302,0.008054,58,58,10,chocolate,d8457a9bbd,1.3823
39,7,10,0.185302,0.008054,58,58,10,chocolate,d8457a9bbd,1.3823
39,8,10,0.184609,0.008033,60,60,10,chocolate,b7ba294b72,1.8954
39,9,10,0.185302,0.008054,58,58,10,chocolate,d8457a9bbd,1.3823
39,10,10,0.184609,0.008033,60,60,10,chocolate,b7ba294b72,1.8954
39,11,10,0.184609,0.008033,60,60,10,chocolate,b7ba294b72,1.8954
39,12,10,0.184609,0.008033,60,60,10,chocolate,b7ba294b72,1.8954
39,13,10,0.185302,0.008054,58,58,10,chocolate,d8457a9bbd,1.3823
39,14,10,0.185302,0.008054,58,58,10,chocolate,d8457a9bbd,1.3823
39,15,10,0.185302,0.008054,58,58,10,chocolate,d8457a9bbd,1.3823
39,16,10,0.185302,0.008054,58,58,10,chocolate,d8457a9bbd,1.3823
39,17,10,0.184609,0.008033,60,60,10,chocolate,b7ba294b72,1.8954
39,18,10,0.184609,0.008033,60,60,10,chocolate,b7ba294b72,1.8954
39,19,10,0.184609,0.008033,60,60,10,chocolate,b7ba294b72,1.8954
39,20,10,0.185302,0.008054,58,58,10,chocolate,d8457a9bbd,1.3823
39,21,10,0.184609,0.008033,60,60,10,chocolate,b7ba294b72,1.8954
39,22,10,0.184609,0.008033,60,60,10,chocolate,b7ba294b72,1.8954
39,23,10,0.185302,0.008054,58,58,10,chocolate,d8457a9bbd,1.3823
39,24,10,0.185302,0.008054,58,58,10,chocolate,d8457a9bbd,1.3823
39,25,10,0.184609,0.008033,60,60,10,chocolate,b7ba294b72,1.8954
39,26,10,0.184609,0.008033,60,60,10,chocolate,b7ba294b72,1.8954
39,27,10,0.184609,0.008033,60,60,10,chocolate,b7ba294b72,1.8954
39,28,10,0.184609,0.008033,60,60,10,chocolate,b7ba294b72,1.8954
39,29,10,0.185302,0.008054,58,58,10,chocolate,d8457a9bbd,1.3823
39,30,10,0.184609,0.008033,60,60,10,chocolate,b7ba294b72,1.8954
39,31,10,0.185302,0.008054,58,58,10,chocolate,d8457a9bbd,1.3823
39,32,10,0.184609,0.008033,60,60,10,chocolate,b7ba294b72,1.8954
39,33,10,0.185302,0.008054,58,58,10,chocolate,d8457a9bbd,1.3823
39,34,10,0.184609,0.008033,60,60,10,chocolate,b7ba294b72,1.8954
39,35,10,0.184609,0.008033,60,60,10,chocolate,b7ba294b72,1.8954
39,36,10,0.184609,0.008033,60,60,10,chocolate,b7ba294b72,1.8954
39,37,10,0.185302,0.008054,58,58,10,chocolate,d8457a9bbd,1.3823
39,38,10,0.185302,0.008054,58,58,10,chocolate,d8457a9bbd,1.3823
39,39,10,0.185302,0.008054,58,58,10,chocolate,d8457a9bbd,1.3823
39,40,10,0.184609,0.008033,60,60,10,chocolate,b7ba294b72,1.8954
39,41,10,0.184609,0.008033,60,60,10,chocolate,b7ba294b72,1.8954
39,42,10,0.180322,0.008377,58,58,10,chocolate,3441fb0e0c,1.5156
39,43,10,0.184609,0.008033,60,60,10,chocolate,b7ba294b72,1.8954
39,44,10,0.184609,0.008033,60,60,10,chocolate,b7ba294b72,1.8954
39,45,10,0.184609,0.008033,60,60,10,chocolate,b7ba294b72,1.8954
39,46,10,0.185302,0.008054,58,58,10,chocolate,d8457a9bbd,1.3823
39,47,10,0.184609,0.008033,60,60,10,chocolate,b7ba294b72,1.8954
39,48,10,0.139955,0.006871,62,62,10,chocolate,2a1ec2c09f,1.3832
39,49,10,0.185302,0.008054,58,58,10,chocolate,d8457a9bbd,1.3823
40,0,10,0.185302,0.008054,58,58,10,chocolate,d8457a9bbd,1.3823
40,1,10,0.185302,0.008054,58,58,10,chocolate,d8457a9bbd,1.3823
40,2,10,0.185302,0.008054,58,58,10,chocolate,d8457a9bbd,1.3823
40,3,10,0.185302,0.008054,58,58,10,chocolate,d8457a9bbd,1.3823
40,4,10,0.185302,0.008054,58,58,10,chocolate,d8457a9bbd,1.3823
40,5,10,0.185302,0.008054,58,58,10,chocolate,d8457a9bbd,1.3823
40,6,10,0.185302,0.008054,58,58,10,chocolate,d8457a9bbd,1.3823
40,7,10,0.185302,0.008054,58,58,10,chocolate,d8457a9bbd,1.3823
40,8,10,0.185302,0.008054,58,58,10,chocolate,d8457a9bbd,1.3823
40,9,10,0.180322,0.008377,58,58,10,chocolate,3441fb0e0c,1.5156
40,10,10,0.184609,0.008033,60,60,10,chocolate,b7ba294b72,1.8954
40,11,10,0.185302,0.008054,58,58,10,chocolate,d8457a9bbd,1.3823
40,12,10,0.185302,0.008054,58,58,10,chocolate,d8457a9bbd,1.3823
40,13,10,0.185302,0.008054,58,58,10,chocolate,d8457a9bbd,1.3823
40,14,10,0.184609,0.008033,60,60,10,chocolate,b7ba294b72,1.8954
40,15,10,0.185302,0.008054,58,58,10,chocolate,d8457a9bbd,1.3823
40,16,10,0.185302,0.008054,58,58,10,chocolate,d8457a9bbd,1.3823
40,17,10,0.185302,0.008054,58,58,10,chocolate,d8457a9bbd,1.3823
40,18,10,0.185302,0.008054,58,58,10,chocolate,d8457a9bbd,1.3823
40,19,10,0.185302,0.008054,58,58,10,chocolate,d8457a9bbd,1.3823
40,20,10,0.185302,0.008054,58,58,10,chocolate,d8457a9bbd,1.3823
40,21,10,0.185302,0.008054,58,58,10,chocolate,d8457a9bbd,1.3823
40,22,10,0.184609,0.008033,60,60,10,chocolate,b7ba294b72,1.8954
40,23,10,0.185302,0.008054,58,58,10,chocolate,d8457a9bbd,1.3823
40,24,10,0.185302,0.008054,58,58,10,chocolate,d8457a9bbd,1.3823
40,25,10,0.185302,0.008054,58,58,10,chocolate,d8457a9bbd,1.3823
40,26,10,0.185302,0.008054,58,58,10,chocolate,d8457a9bbd,1.3823
40,27,10,0.185302,0.008054,58,58,10,chocolate,d8457a9bbd,1.3823
40,28,10,0.185302,0.008054,58,58,10,chocolate,d8457a9bbd,1.3823
40,29,10,0.184609,0.008033,60,60,10,chocolate,b7ba294b72,1.8954
40,30,10,0.171482,0.007478,58,58,10,chocolate,4c06e82301,2.7671
40,31,10,0.184609,0.008033,60,60,10,chocolate,b7ba294b72,1.8954
40,32,10,0.185302,0.008054,58,58,10,chocolate,d8457a9bbd,1.3823
40,33,10,0.184609,0.008033,60,60,10,chocolate,b7ba294b72,1.8954
40,34,10,0.185302,0.008054,58,58,10,chocolate,d8457a9bbd,1.3823
40,35,10,0.185302,0.008054,58,58,10,chocolate,d8457a9bbd,1.3823
40,36,10,0.185302,0.008054,58,58,10,chocolate,d8457a9bbd,1.3823
40,37,10,0.185302,0.008054,58,58,10,chocolate,d8457a9bbd,1.3823
40,38,10,0.185302,0.008054,58,58,10,chocolate,d8457a9bbd,1.3823
40,39,10,0.185302,0.008054,58,58,10,chocolate,d8457a9bbd,1.3823
40,40,10,0.185302,0.008054,58,58,10,chocolate,d8457a9bbd,1.3823
40,41,10,0.185302,0.008054,58,58,10,chocolate,d8457a9bbd,1.3823
40,42,10,0.185302,0.008054,58,58,10,chocolate,d8457a9bbd,1.3823
40,43,10,0.184609,0.008033,60,60,10,chocolate,b7ba294b72,1.8954
40,44,10,0.185302,0.008054,58,58,10,chocolate,d8457a9bbd,1.3823
40,45,10,0.185302,0.008054,58,58,10,chocolate,d8457a9bbd,1.3823
40,46,10,0.185302,0.008054,58,58,10,chocolate,d8457a9bbd,1.3823
40,47,10,0.184609,0.008033,60,60,10,chocolate,b7ba294b72,1.8954
40,48,10,0.185302,0.008054,58,58,10,chocolate,d8457a9bbd,1.3823
40,49,10,0.185302,0.008054,58,58,10,chocolate,d8457a9bbd,1.3823
41,0,10,0.185302,0.008054,58,58,10,chocolate,d8457a9bbd,1.3823
41,1,10,0.185302,0.008054,58,58,10,chocolate,d8457a9bbd,1.3823
41,2,10,0.185302,0.008054,58,58,10,chocolate,d8457a9bbd,1.3823
41,3,10,0.185302,0.008054,58,58,10,chocolate,d8457a9bbd,1.3823
41,4,10,0.185302,0.008054,58,58,10,chocolate,d8457a9bbd,1.3823
41,5,10,0.170137,0.007337,56,56,10,chocolate,68e6c6bec0,2.2189
41,6,10,0.185302,0.008054,58,58,10,chocolate,d8457a9bbd,1.3823
41,7,10,0.185302,0.008054,58,58,10,chocolate,d8457a9bbd,1.3823
41,8,10,0.175609,0.008044,56,56,10,chocolate,96e22df697,2.6031
41,9,10,0.185302,0.008054,58,58,10,chocolate,d8457a9bbd,1.3823
41,10,10,0.185302,0.008054,58,58,10,chocolate,d8457a9bbd,1.3823
41,11,10,0.185302,0.008054,58,58,10,chocolate,d8457a9bbd,1.3823
41,12,10,0.172534,0.007599,55,55,10,chocolate,17d2e6e2aa,1.7802
41,13,10,0.185302,0.008054,58,58,10,chocolate,d8457a9bbd,1.3823
41,14,10,0.185302,0.008054,58,58,10,chocolate,d8457a9bbd,1.3823
41,15,10,0.185302,0.008054,58,58,10,chocolate,d8457a9bbd,1.3823
41,16,10,0.164252,0.007177,57,57,10,multiuso,9a7ab32cd6,1.7382
41,17,10,0.185302,0.008054,58,58,10,chocolate,d8457a9bbd,1.3823
41,18,10,0.185302,0.008054,58,58,10,chocolate,d8457a9bbd,1.3823
41,19,10,0.185302,0.008054,58,58,10,chocolate,d8457a9bbd,1.3823
41,20,10,0.185302,0.008054,58,58,10,chocolate,d8457a9bbd,1.3823
41,21,10,0.185302,0.008054,58,58,10,chocolate,d8457a9bbd,1.3823
41,22,10,0.153282,0.007385,62,62,10,chocolate,00d6b7d056,1.9483
41,23,10,0.185302,0.008054,58,58,10,chocolate,d8457a9bbd,1.3823
41,24,10,0.185302,0.008054,58,58,10,chocolate,d8457a9bbd,1.3823
41,25,10,0.185302,0.008054,58,58,10,chocolate,d8457a9bbd,1.3823
41,26,10,0.185302,0.008054,58,58,10,chocolate,d8457a9bbd,1.3823
41,27,10,0.185302,0.008054,58,58,10,chocolate,d8457a9bbd,1.3823
41,28,10,0.185302,0.008054,58,58,10,chocolate,d8457a9bbd,1.3823
41,29,10,0.185302,0.008054,58,58,10,chocolate,d8457a9bbd,1.3823
41,30,10,0.185302,0.008054,58,58,10,chocolate,d8457a9bbd,1.3823
41,31,10,0.185302,0.008054,58,58,10,chocolate,d8457a9bbd,1.3823
41,32,10,0.185302,0.008054,58,58,10,chocolate,d8457a9bbd,1.3823
41,33,10,0.185302,0.008054,58,58,10,chocolate,d8457a9bbd,1.3823
41,34,10,0.185302,0.008054,58,58,10,chocolate,d8457a9bbd,1.3823
41,35,10,0.185302,0.008054,58,58,10,chocolate,d8457a9bbd,1.3823
41,36,10,0.185302,0.008054,58,58,10,chocolate,d8457a9bbd,1.3823
41,37,10,0.185302,0.008054,58,58,10,chocolate,d8457a9bbd,1.3823
41,38,10,0.185302,0.008054,58,58,10,chocolate,d8457a9bbd,1.3823
41,39,10,0.185302,0.008054,58,58,10,chocolate,d8457a9bbd,1.3823
41,40,10,0.185302,0.008054,58,58,10,chocolate,d8457a9bbd,1.3823
41,41,10,0.185302,0.008054,58,58,10,chocolate,d8457a9bbd,1.3823
41,42,10,0.185302,0.008054,58,58,10,chocolate,d8457a9bbd,1.3823
41,43,10,0.185302,0.008054,58,58,10,chocolate,d8457a9bbd,1.3823
41,44,10,0.185302,0.008054,58,58,10,chocolate,d8457a9bbd,1.3823
41,45,10,0.185302,0.008054,58,58,10,chocolate,d8457a9bbd,1.3823
41,46,10,0.176834,0.007636,58,58,10,chocolate,68547b30f8,1.5230
41,47,10,0.185302,0.008054,58,58,10,chocolate,d8457a9bbd,1.3823
41,48,10,0.185302,0.008054,58,58,10,chocolate,d8457a9bbd,1.3823
41,49,10,0.185302,0.008054,58,58,10,chocolate,d8457a9bbd,1.3823
42,0,10,0.185302,0.008054,58,58,10,chocolate,d8457a9bbd,1.3823
42,1,10,0.185302,0.008054,58,58,10,chocolate,d8457a9bbd,1.3823
42,2,10,0.185302,0.008054,58,58,10,chocolate,d8457a9bbd,1.3823
42,3,10,0.185302,0.008054,58,58,10,chocolate,d8457a9bbd,1.3823
42,4,10,0.185302,0.008054,58,58,10,chocolate,d8457a9bbd,1.3823
42,5,10,0.185302,0.008054,58,58,10,chocolate,d8457a9bbd,1.3823
42,6,10,0.185302,0.008054,58,58,10,chocolate,d8457a9bbd,1.3823
42,7,10,0.185302,0.008054,58,58,10,chocolate,d8457a9bbd,1.3823
42,8,10,0.185302,0.008054,58,58,10,chocolate,d8457a9bbd,1.3823
42,9,10,0.185302,0.008054,58,58,10,chocolate,d8457a9bbd,1.3823
42,10,10,0.185302,0.008054,58,58,10,chocolate,d8457a9bbd,1.3823
42,11,10,0.179537,0.007809,57,57,10,chocolate,2c29c74203,1.5340
42,12,10,0.185302,0.008054,58,58,10,chocolate,d8457a9bbd,1.3823
42,13,10,0.185302,0.008054,58,58,10,chocolate,d8457a9bbd,1.3823
42,14,10,0.185302,0.008054,58,58,10,chocolate,d8457a9bbd,1.3823
42,15,10,0.185302,0.008054,58,58,10,chocolate,d8457a9bbd,1.3823
42,16,10,0.185302,0.008054,58,58,10,chocolate,d8457a9bbd,1.3823
42,17,10,0.185302,0.008054,58,58,10,chocolate,d8457a9bbd,1.3823
42,18,10,0.185302,0.008054,58,58,10,chocolate,d8457a9bbd,1.3823
42,19,10,0.181600,0.007326,59,59,10,chocolate,452bf3d469,1.5860
42,20,10,0.185302,0.008054,58,58,10,chocolate,d8457a9bbd,1.3823
42,21,10,0.185302,0.008054,58,58,10,chocolate,d8457a9bbd,1.3823
42,22,10,0.185302,0.008054,58,58,10,chocolate,d8457a9bbd,1.3823
42,23,10,0.185302,0.008054,58,58,10,chocolate,d8457a9bbd,1.3823
42,24,10,0.139542,0.006654,55,55,9,iogurte,956e44ecf3,1.4609
42,25,10,0.185302,0.008054,58,58,10,chocolate,d8457a9bbd,1.3823
42,26,10,0.172028,0.007536,57,57,10,chocolate,2f1eb9bacd,1.3995
42,27,10,0.185302,0.008054,58,58,10,chocolate,d8457a9bbd,1.3823
42,28,10,0.185302,0.008054,58,58,10,chocolate,d8457a9bbd,1.3823
42,29,10,0.185302,0.008054,58,58,10,chocolate,d8457a9bbd,1.3823
42,30,10,0.185302,0.008054,58,58,10,chocolate,d8457a9bbd,1.3823
42,31,10,0.185302,0.008054,58,58,10,chocolate,d8457a9bbd,1.3823
42,32,10,0.185302,0.008054,58,58,10,chocolate,d8457a9bbd,1.3823
42,33,10,0.185302,0.008054,58,58,10,chocolate,d8457a9bbd,1.3823
42,34,10,0.185302,0.008054,58,58,10,chocolate,d8457a9bbd,1.3823
42,35,10,0.185302,0.008054,58,58,10,chocolate,d8457a9bbd,1.3823
42,36,10,0.185302,0.008054,58,58,10,chocolate,d8457a9bbd,1.3823
42,37,10,0.185302,0.008054,58,58,10,chocolate,d8457a9bbd,1.3823
42,38,10,0.185302,0.008054,58,58,10,chocolate,d8457a9bbd,1.3823
42,39,10,0.185302,0.008054,58,58,10,chocolate,d8457a9bbd,1.3823
42,40,10,0.185302,0.008054,58,58,10,chocolate,d8457a9bbd,1.3823
42,41,10,0.185302,0.008054,58,58,10,chocolate,d8457a9bbd,1.3823
42,42,10,0.185302,0.008054,58,58,10,chocolate,d8457a9bbd,1.3823
42,43,10,0.185302,0.008054,58,58,10,chocolate,d8457a9bbd,1.3823
42,44,10,0.185302,0.008054,58,58,10,chocolate,d8457a9bbd,1.3823
42,45,10,0.185302,0.008054,58,58,10,chocolate,d8457a9bbd,1.3823
42,46,10,0.185302,0.008054,58,58,10,chocolate,d8457a9bbd,1.3823
42,47,10,0.185302,0.008054,58,58,10,chocolate,d8457a9bbd,1.3823
42,48,10,0.185302,0.008054,58,58,10,chocolate,d8457a9bbd,1.3823
42,49,10,0.185302,0.008054,58,58,10,chocolate,d8457a9bbd,1.3823
43,0,10,0.185302,0.008054,58,58,10,chocolate,d8457a9bbd,1.3823
43,1,10,0.185302,0.008054,58,58,10,chocolate,d8457a9bbd,1.3823
43,2,10,0.185302,0.008054,58,58,10,chocolate,d8457a9bbd,1.3823
43,3,10,0.185302,0.008054,58,58,10,chocolate,d8457a9bbd,1.3823
43,4,10,0.185302,0.008054,58,58,10,chocolate,d8457a9bbd,1.3823
43,5,10,0.177287,0.007066,58,58,10,chocolate,f617f26a33,1.6568
43,6,10,0.185302,0.008054,58,58,10,chocolate,d8457a9bbd,1.3823
43,7,10,0.185302,0.008054,58,58,10,chocolate,d8457a9bbd,1.3823
43,8,10,0.185302,0.008054,58,58,10,chocolate,d8457a9bbd,1.3823
43,9,10,0.185302,0.008054,58,58,10,chocolate,d8457a9bbd,1.3823
43,10,10,0.185302,0.008054,58,58,10,chocolate,d8457a9bbd,1.3823
43,11,10,0.185302,0.008054,58,58,10,chocolate,d8457a9bbd,1.3823
43,12,10,0.185302,0.008054,58,58,10,chocolate,d8457a9bbd,1.3823
43,13,10,0.185302,0.008054,58,58,10,chocolate,d8457a9bbd,1.3823
43,14,10,0.185302,0.008054,58,58,10,chocolate,d8457a9bbd,1.3823
43,15,10,0.185302,0.008054,58,58,10,chocolate,d8457a9bbd,1.3823
43,16,10,0.185302,0.008054,58,58,10,chocolate,d8457a9bbd,1.3823
43,17,10,0.185302,0.008054,58,58,10,chocolate,d8457a9bbd,1.3823
43,18,10,0.185302,0.008054,58,58,10,chocolate,d8457a9bbd,1.3823
43,19,10,0.185302,0.008054,58,58,10,chocolate,d8457a9bbd,1.3823
43,20,10,0.185302,0.008054,58,58,10,chocolate,d8457a9bbd,1.3823
43,21,10,0.185302,0.008054,58,58,10,chocolate,d8457a9bbd,1.3823
43,22,10,0.185302,0.008054,58,58,10,chocolate,d8457a9bbd,1.3823
43,23,10,0.185302,0.008054,58,58,10,chocolate,d8457a9bbd,1.3823
43,24,10,0.185302,0.008054,58,58,10,chocolate,d8457a9bbd,1.3823
43,25,10,0.185302,0.008054,58,58,10,chocolate,d8457a9bbd,1.3823
43,26,10,0.185302,0.008054,58,58,10,chocolate,d8457a9bbd,1.3823
43,27,10,0.185302,0.008054,58,58,10,chocolate,d8457a9bbd,1.3823
43,28,10,0.185302,0.008054,58,58,10,chocolate,d8457a9bbd,1.3823
43,29,10,0.185302,0.008054,58,58,10,chocolate,d8457a9bbd,1.3823
43,30,10,0.185302,0.008054,58,58,10,chocolate,d8457a9bbd,1.3823
43,31,10,0.185302,0.008054,58,58,10,chocolate,d8457a9bbd,1.3823
43,32,10,0.185302,0.008054,58,58,10,chocolate,d8457a9bbd,1.3823
43,33,10,0.185302,0.008054,58,58,10,chocolate,d8457a9bbd,1.3823
43,34,10,0.185302,0.008054,58,58,10,chocolate,d8457a9bbd,1.3823
43,35,10,0.167954,0.006814,57,56,9,biscoito,d606adaa89,1.4484
43,36,10,0.175290,0.008494,57,57,10,chocolate,a35f21b3d6,1.4164
43,37,10,0.185302,0.008054,58,58,10,chocolate,d8457a9bbd,1.3823
43,38,10,0.185302,0.008054,58,58,10,chocolate,d8457a9bbd,1.3823
43,39,10,0.185302,0.008054,58,58,10,chocolate,d8457a9bbd,1.3823
43,40,10,0.185302,0.008054,58,58,10,chocolate,d8457a9bbd,1.3823
43,41,10,0.185302,0.008054,58,58,10,chocolate,d8457a9bbd,1.3823
43,42,10,0.185302,0.008054,58,58,10,chocolate,d8457a9bbd,1.3823
43,43,10,0.185302,0.008054,58,58,10,chocolate,d8457a9bbd,1.3823
43,44,10,0.185302,0.008054,58,58,10,chocolate,d8457a9bbd,1.3823
43,45,10,0.185302,0.008054,58,58,10,chocolate,d8457a9bbd,1.3823
43,46,10,0.185302,0.008054,58,58,10,chocolate,d8457a9bbd,1.3823
43,47,10,0.185302,0.008054,58,58,10,chocolate,d8457a9bbd,1.3823
43,48,10,0.185302,0.008054,58,58,10,chocolate,d8457a9bbd,1.3823
43,49,10,0.185302,0.008054,58,58,10,chocolate,d8457a9bbd,1.3823
44,0,10,0.185302,0.008054,58,58,10,chocolate,d8457a9bbd,1.3823
44,1,10,0.185302,0.008054,58,58,10,chocolate,d8457a9bbd,1.3823
44,2,10,0.185302,0.008054,58,58,10,chocolate,d8457a9bbd,1.3823
44,3,10,0.185302,0.008054,58,58,10,chocolate,d8457a9bbd,1.3823
44,4,10,0.185302,0.008054,58,58,10,chocolate,d8457a9bbd,1.3823
44,5,10,0.185302,0.008054,58,58,10,chocolate,d8457a9bbd,1.3823
44,6,10,0.185302,0.008054,58,58,10,chocolate,d8457a9bbd,1.3823
44,7,10,0.185302,0.008054,58,58,10,chocolate,d8457a9bbd,1.3823
44,8,10,0.185302,0.008054,58,58,10,chocolate,d8457a9bbd,1.3823
44,9,10,0.185302,0.008054,58,58,10,chocolate,d8457a9bbd,1.3823
44,10,10,0.185302,0.008054,58,58,10,chocolate,d8457a9bbd,1.3823
44,11,10,0.185302,0.008054,58,58,10,chocolate,d8457a9bbd,1.3823
44,12,10,0.185302,0.008054,58,58,10,chocolate,d8457a9bbd,1.3823
44,13,10,0.185302,0.008054,58,58,10,chocolate,d8457a9bbd,1.3823
44,14,10,0.185302,0.008054,58,58,10,chocolate,d8457a9bbd,1.3823
44,15,10,0.185302,0.008054,58,58,10,chocolate,d8457a9bbd,1.3823
44,16,10,0.185302,0.008054,58,58,10,chocolate,d8457a9bbd,1.3823
44,17,10,0.175942,0.007866,58,58,10,chocolate,3a5aa5b06a,1.4629
44,18,10,0.185302,0.008054,58,58,10,chocolate,d8457a9bbd,1.3823
44,19,10,0.172520,0.007066,55,55,10,chocolate,a19fc93503,1.4830
44,20,10,0.185302,0.008054,58,58,10,chocolate,d8457a9bbd,1.3823
44,21,10,0.185302,0.008054,58,58,10,chocolate,d8457a9bbd,1.3823
44,22,10,0.185302,0.008054,58,58,10,chocolate,d8457a9bbd,1.3823
44,23,10,0.185302,0.008054,58,58,10,chocolate,d8457a9bbd,1.3823
44,24,10,0.185302,0.008054,58,58,10,chocolate,d8457a9bbd,1.3823
44,25,10,0.185302,0.008054,58,58,10,chocolate,d8457a9bbd,1.3823
44,26,10,0.185302,0.008054,58,58,10,chocolate,d8457a9bbd,1.3823
44,27,10,0.185302,0.008054,58,58,10,chocolate,d8457a9bbd,1.3823
44,28,10,0.185302,0.008054,58,58,10,chocolate,d8457a9bbd,1.3823
44,29,10,0.185302,0.008054,58,58,10,chocolate,d8457a9bbd,1.3823
44,30,10,0.185302,0.008054,58,58,10,chocolate,d8457a9bbd,1.3823
44,31,10,0.185302,0.008054,58,58,10,chocolate,d8457a9bbd,1.3823
44,32,10,0.185302,0.008054,58,58,10,chocolate,d8457a9bbd,1.3823
44,33,10,0.160405,0.007239,59,59,10,chocolate,90152c6805,1.6115
44,34,10,0.185302,0.008054,58,58,10,chocolate,d8457a9bbd,1.3823
44,35,10,0.185302,0.008054,58,58,10,chocolate,d8457a9bbd,1.3823
44,36,10,0.185302,0.008054,58,58,10,chocolate,d8457a9bbd,1.3823
44,37,10,0.185302,0.008054,58,58,10,chocolate,d8457a9bbd,1.3823
44,38,10,0.185302,0.008054,58,58,10,chocolate,d8457a9bbd,1.3823
44,39,10,0.185302,0.008054,58,58,10,chocolate,d8457a9bbd,1.3823
44,40,10,0.185302,0.008054,58,58,10,chocolate,d8457a9bbd,1.3823
44,41,10,0.185302,0.008054,58,58,10,chocolate,d8457a9bbd,1.3823
44,42,10,0.160991,0.007265,58,58,10,chocolate,51be4b5e95,1.5069
44,43,10,0.185302,0.008054,58,58,10,chocolate,d8457a9bbd,1.3823
44,44,10,0.185302,0.008054,58,58,10,chocolate,d8457a9bbd,1.3823
44,45,10,0.185302,0.008054,58,58,10,chocolate,d8457a9bbd,1.3823
44,46,10,0.185302,0.008054,58,58,10,chocolate,d8457a9bbd,1.3823
44,47,10,0.185302,0.008054,58,58,10,chocolate,d8457a9bbd,1.3823
44,48,10,0.185302,0.008054,58,58,10,chocolate,d8457a9bbd,1.3823
44,49,10,0.185302,0.008054,58,58,10,chocolate,d8457a9bbd,1.3823
45,0,10,0.185302,0.008054,58,58,10,chocolate,d8457a9bbd,1.3823
45,1,10,0.185302,0.008054,58,58,10,chocolate,d8457a9bbd,1.3823
45,2,10,0.185302,0.008054,58,58,10,chocolate,d8457a9bbd,1.3823
45,3,10,0.185302,0.008054,58,58,10,chocolate,d8457a9bbd,1.3823
45,4,10,0.185302,0.008054,58,58,10,chocolate,d8457a9bbd,1.3823
45,5,10,0.185302,0.008054,58,58,10,chocolate,d8457a9bbd,1.3823
45,6,10,0.185302,0.008054,58,58,10,chocolate,d8457a9bbd,1.3823
45,7,10,0.185302,0.008054,58,58,10,chocolate,d8457a9bbd,1.3823
45,8,10,0.185302,0.008054,58,58,10,chocolate,d8457a9bbd,1.3823
45,9,10,0.174917,0.007197,58,57,9,macarrao,0c77b9990f,1.5996
45,10,10,0.185302,0.008054,58,58,10,chocolate,d8457a9bbd,1.3823
45,11,10,0.161443,0.007319,60,60,10,chocolate,346b119fe2,1.5107
45,12,10,0.185302,0.008054,58,58,10,chocolate,d8457a9bbd,1.3823
45,13,10,0.185302,0.008054,58,58,10,chocolate,d8457a9bbd,1.3823
45,14,10,0.185302,0.008054,58,58,10,chocolate,d8457a9bbd,1.3823
45,15,10,0.185302,0.008054,58,58,10,chocolate,d8457a9bbd,1.3823
45,16,10,0.176128,0.008134,57,57,10,chocolate,8a7d08f8fb,1.4174
45,17,10,0.180402,0.007250,60,60,10,chocolate,237d5f8b0e,1.5330
45,18,10,0.185302,0.008054,58,58,10,chocolate,d8457a9bbd,1.3823
45,19,10,0.185302,0.008054,58,58,10,chocolate,d8457a9bbd,1.3823
45,20,10,0.139862,0.007244,57,56,10,chocolate,1d5f51130d,1.6341
45,21,10,0.185302,0.008054,58,58,10,chocolate,d8457a9bbd,1.3823
45,22,10,0.185302,0.008054,58,58,10,chocolate,d8457a9bbd,1.3823
45,23,10,0.185302,0.008054,58,58,10,chocolate,d8457a9bbd,1.3823
45,24,10,0.185302,0.008054,58,58,10,chocolate,d8457a9bbd,1.3823
45,25,10,0.185302,0.008054,58,58,10,chocolate,d8457a9bbd,1.3823
45,26,10,0.185302,0.008054,58,58,10,chocolate,d8457a9bbd,1.3823
45,27,10,0.185302,0.008054,58,58,10,chocolate,d8457a9bbd,1.3823
45,28,10,0.185302,0.008054,58,58,10,chocolate,d8457a9bbd,1.3823
45,29,10,0.185302,0.008054,58,58,10,chocolate,d8457a9bbd,1.3823
45,30,10,0.185302,0.008054,58,58,10,chocolate,d8457a9bbd,1.3823
45,31,10,0.185302,0.008054,58,58,10,chocolate,d8457a9bbd,1.3823
45,32,10,0.185302,0.008054,58,58,10,chocolate,d8457a9bbd,1.3823
45,33,10,0.128864,0.007539,58,58,10,chocolate,95b9c27c8d,1.4553
45,34,10,0.185302,0.008054,58,58,10,chocolate,d8457a9bbd,1.3823
45,35,10,0.174224,0.006931,57,56,9,desodorante,05a9434157,1.4143
45,36,10,0.185302,0.008054,58,58,10,chocolate,d8457a9bbd,1.3823
45,37,10,0.185302,0.008054,58,58,10,chocolate,d8457a9bbd,1.3823
45,38,10,0.185302,0.008054,58,58,10,chocolate,d8457a9bbd,1.3823
45,39,10,0.185302,0.008054,58,58,10,chocolate,d8457a9bbd,1.3823
45,40,10,0.185302,0.008054,58,58,10,chocolate,d8457a9bbd,1.3823
45,41,10,0.185302,0.008054,58,58,10,chocolate,d8457a9bbd,1.3823
45,42,10,0.185302,0.008054,58,58,10,chocolate,d8457a9bbd,1.3823
45,43,10,0.185302,0.008054,58,58,10,chocolate,d8457a9bbd,1.3823
45,44,10,0.185302,0.008054,58,58,10,chocolate,d8457a9bbd,1.3823
45,45,10,0.185302,0.008054,58,58,10,chocolate,d8457a9bbd,1.3823
45,46,10,0.185302,0.008054,58,58,10,chocolate,d8457a9bbd,1.3823
45,47,10,0.185302,0.008054,58,58,10,chocolate,d8457a9bbd,1.3823
45,48,10,0.185302,0.008054,58,58,10,chocolate,d8457a9bbd,1.3823
45,49,10,0.185302,0.008054,58,58,10,chocolate,d8457a9bbd,1.3823
46,0,10,0.185302,0.008054,58,58,10,chocolate,d8457a9bbd,1.3823
46,1,10,0.185302,0.008054,58,58,10,chocolate,d8457a9bbd,1.3823
46,2,10,0.185302,0.008054,58,58,10,chocolate,d8457a9bbd,1.3823
46,3,10,0.185302,0.008054,58,58,10,chocolate,d8457a9bbd,1.3823
46,4,10,0.185302,0.008054,58,58,10,chocolate,d8457a9bbd,1.3823
46,5,10,0.185302,0.008054,58,58,10,chocolate,d8457a9bbd,1.3823
46,6,10,0.185302,0.008054,58,58,10,chocolate,d8457a9bbd,1.3823
46,7,10,0.185302,0.008054,58,58,10,chocolate,d8457a9bbd,1.3823
46,8,10,0.185302,0.008054,58,58,10,chocolate,d8457a9bbd,1.3823
46,9,10,0.185302,0.008054,58,58,10,chocolate,d8457a9bbd,1.3823
46,10,10,0.185302,0.008054,58,58,10,chocolate,d8457a9bbd,1.3823
46,11,10,0.185302,0.008054,58,58,10,chocolate,d8457a9bbd,1.3823
46,12,10,0.185302,0.008054,58,58,10,chocolate,d8457a9bbd,1.3823
46,13,10,0.185302,0.008054,58,58,10,chocolate,d8457a9bbd,1.3823
46,14,10,0.185302,0.008054,58,58,10,chocolate,d8457a9bbd,1.3823
46,15,10,0.185302,0.008054,58,58,10,chocolate,d8457a9bbd,1.3823
46,16,10,0.185302,0.008054,58,58,10,chocolate,d8457a9bbd,1.3823
46,17,10,0.185302,0.008054,58,58,10,chocolate,d8457a9bbd,1.3823
46,18,10,0.185302,0.008054,58,58,10,chocolate,d8457a9bbd,1.3823
46,19,10,0.185302,0.008054,58,58,10,chocolate,d8457a9bbd,1.3823
46,20,10,0.185302,0.008054,58,58,10,chocolate,d8457a9bbd,1.3823
46,21,10,0.185302,0.008054,58,58,10,chocolate,d8457a9bbd,1.3823
46,22,10,0.185302,0.008054,58,58,10,chocolate,d8457a9bbd,1.3823
46,23,10,0.185302,0.008054,58,58,10,chocolate,d8457a9bbd,1.3823
46,24,10,0.185302,0.008054,58,58,10,chocolate,d8457a9bbd,1.3823
46,25,10,0.185302,0.008054,58,58,10,chocolate,d8457a9bbd,1.3823
46,26,10,0.185302,0.008054,58,58,10,chocolate,d8457a9bbd,1.3823
46,27,10,0.185302,0.008054,58,58,10,chocolate,d8457a9bbd,1.3823
46,28,10,0.185302,0.008054,58,58,10,chocolate,d8457a9bbd,1.3823
46,29,10,0.185302,0.008054,58,58,10,chocolate,d8457a9bbd,1.3823
46,30,10,0.185302,0.008054,58,58,10,chocolate,d8457a9bbd,1.3823
46,31,10,0.185302,0.008054,58,58,10,chocolate,d8457a9bbd,1.3823
46,32,10,0.185302,0.008054,58,58,10,chocolate,d8457a9bbd,1.3823
46,33,10,0.185302,0.008054,58,58,10,chocolate,d8457a9bbd,1.3823
46,34,10,0.185302,0.008054,58,58,10,chocolate,d8457a9bbd,1.3823
46,35,10,0.185302,0.008054,58,58,10,chocolate,d8457a9bbd,1.3823
46,36,10,0.185302,0.008054,58,58,10,chocolate,d8457a9bbd,1.3823
46,37,10,0.185302,0.008054,58,58,10,chocolate,d8457a9bbd,1.3823
46,38,10,0.185302,0.008054,58,58,10,chocolate,d8457a9bbd,1.3823
46,39,10,0.185302,0.008054,58,58,10,chocolate,d8457a9bbd,1.3823
46,40,10,0.185302,0.008054,58,58,10,chocolate,d8457a9bbd,1.3823
46,41,10,0.185302,0.008054,58,58,10,chocolate,d8457a9bbd,1.3823
46,42,10,0.185302,0.008054,58,58,10,chocolate,d8457a9bbd,1.3823
46,43,10,0.185302,0.008054,58,58,10,chocolate,d8457a9bbd,1.3823
46,44,10,0.185302,0.008054,58,58,10,chocolate,d8457a9bbd,1.3823
46,45,10,0.167448,0.007089,57,57,10,extrato de tomate,528755a67f,1.6383
46,46,10,0.185302,0.008054,58,58,10,chocolate,d8457a9bbd,1.3823
46,47,10,0.185302,0.008054,58,58,10,chocolate,d8457a9bbd,1.3823
46,48,10,0.185302,0.008054,58,58,10,chocolate,d8457a9bbd,1.3823
46,49,10,0.154933,0.007223,58,57,10,chocolate,200cec7b30,1.4213
47,0,10,0.185302,0.008054,58,58,10,chocolate,d8457a9bbd,1.3823
47,1,10,0.185302,0.008054,58,58,10,chocolate,d8457a9bbd,1.3823
47,2,10,0.185302,0.008054,58,58,10,chocolate,d8457a9bbd,1.3823
47,3,10,0.185302,0.008054,58,58,10,chocolate,d8457a9bbd,1.3823
47,4,10,0.185302,0.008054,58,58,10,chocolate,d8457a9bbd,1.3823
47,5,10,0.185302,0.008054,58,58,10,chocolate,d8457a9bbd,1.3823
47,6,10,0.185302,0.008054,58,58,10,chocolate,d8457a9bbd,1.3823
47,7,10,0.185302,0.008054,58,58,10,chocolate,d8457a9bbd,1.3823
47,8,10,0.185302,0.008054,58,58,10,chocolate,d8457a9bbd,1.3823
47,9,10,0.185302,0.008054,58,58,10,chocolate,d8457a9bbd,1.3823
47,10,10,0.185302,0.008054,58,58,10,chocolate,d8457a9bbd,1.3823
47,11,10,0.185302,0.008054,58,58,10,chocolate,d8457a9bbd,1.3823
47,12,10,0.185302,0.008054,58,58,10,chocolate,d8457a9bbd,1.3823
47,13,10,0.185302,0.008054,58,58,10,chocolate,d8457a9bbd,1.3823
47,14,10,0.185302,0.008054,58,58,10,chocolate,d8457a9bbd,1.3823
47,15,10,0.185302,0.008054,58,58,10,chocolate,d8457a9bbd,1.3823
47,16,10,0.185302,0.008054,58,58,10,chocolate,d8457a9bbd,1.3823
47,17,10,0.185302,0.008054,58,58,10,chocolate,d8457a9bbd,1.3823
47,18,10,0.185302,0.008054,58,58,10,chocolate,d8457a9bbd,1.3823
47,19,10,0.185302,0.008054,58,58,10,chocolate,d8457a9bbd,1.3823
47,20,10,0.185302,0.008054,58,58,10,chocolate,d8457a9bbd,1.3823
47,21,10,0.185302,0.008054,58,58,10,chocolate,d8457a9bbd,1.3823
47,22,10,0.185302,0.008054,58,58,10,chocolate,d8457a9bbd,1.3823
47,23,10,0.185302,0.008054,58,58,10,chocolate,d8457a9bbd,1.3823
47,24,10,0.185302,0.008054,58,58,10,chocolate,d8457a9bbd,1.3823
47,25,10,0.174531,0.007859,55,55,10,chocolate,4ab70a374a,1.8935
47,26,10,0.165850,0.006806,57,57,9,macarrao,e006321a1e,1.4943
47,27,10,0.185302,0.008054,58,58,10,chocolate,d8457a9bbd,1.3823
47,28,10,0.185302,0.008054,58,58,10,chocolate,d8457a9bbd,1.3823
47,29,10,0.185302,0.008054,58,58,10,chocolate,d8457a9bbd,1.3823
47,30,10,0.185302,0.008054,58,58,10,chocolate,d8457a9bbd,1.3823
47,31,10,0.185302,0.008054,58,58,10,chocolate,d8457a9bbd,1.3823
47,32,10,0.185302,0.008054,58,58,10,chocolate,d8457a9bbd,1.3823
47,33,10,0.185302,0.008054,58,58,10,chocolate,d8457a9bbd,1.3823
47,34,10,0.185302,0.008054,58,58,10,chocolate,d8457a9bbd,1.3823
47,35,10,0.185302,0.008054,58,58,10,chocolate,d8457a9bbd,1.3823
47,36,10,0.185302,0.008054,58,58,10,chocolate,d8457a9bbd,1.3823
47,37,10,0.185302,0.008054,58,58,10,chocolate,d8457a9bbd,1.3823
47,38,10,0.185302,0.008054,58,58,10,chocolate,d8457a9bbd,1.3823
47,39,10,0.185302,0.008054,58,58,10,chocolate,d8457a9bbd,1.3823
47,40,10,0.185302,0.008054,58,58,10,chocolate,d8457a9bbd,1.3823
47,41,10,0.185302,0.008054,58,58,10,chocolate,d8457a9bbd,1.3823
47,42,10,0.185302,0.008054,58,58,10,chocolate,d8457a9bbd,1.3823
47,43,10,0.185302,0.008054,58,58,10,chocolate,d8457a9bbd,1.3823
47,44,10,0.185302,0.008054,58,58,10,chocolate,d8457a9bbd,1.3823
47,45,10,0.185302,0.008054,58,58,10,chocolate,d8457a9bbd,1.3823
47,46,10,0.185302,0.008054,58,58,10,chocolate,d8457a9bbd,1.3823
47,47,10,0.185302,0.008054,58,58,10,chocolate,d8457a9bbd,1.3823
47,48,10,0.185302,0.008054,58,58,10,chocolate,d8457a9bbd,1.3823
47,49,10,0.185302,0.008054,58,58,10,chocolate,d8457a9bbd,1.3823
48,0,10,0.185302,0.008054,58,58,10,chocolate,d8457a9bbd,1.3823
48,1,10,0.185302,0.008054,58,58,10,chocolate,d8457a9bbd,1.3823
48,2,10,0.185302,0.008054,58,58,10,chocolate,d8457a9bbd,1.3823
48,3,10,0.185302,0.008054,58,58,10,chocolate,d8457a9bbd,1.3823
48,4,10,0.185302,0.008054,58,58,10,chocolate,d8457a9bbd,1.3823
48,5,10,0.185302,0.008054,58,58,10,chocolate,d8457a9bbd,1.3823
48,6,10,0.185302,0.008054,58,58,10,chocolate,d8457a9bbd,1.3823
48,7,10,0.185302,0.008054,58,58,10,chocolate,d8457a9bbd,1.3823
48,8,10,0.185302,0.008054,58,58,10,chocolate,d8457a9bbd,1.3823
48,9,10,0.185302,0.008054,58,58,10,chocolate,d8457a9bbd,1.3823
48,10,10,0.185302,0.008054,58,58,10,chocolate,d8457a9bbd,1.3823
48,11,10,0.185302,0.008054,58,58,10,chocolate,d8457a9bbd,1.3823
48,12,10,0.185302,0.008054,58,58,10,chocolate,d8457a9bbd,1.3823
48,13,10,0.185302,0.008054,58,58,10,chocolate,d8457a9bbd,1.3823
48,14,10,0.185302,0.008054,58,58,10,chocolate,d8457a9bbd,1.3823
48,15,10,0.185302,0.008054,58,58,10,chocolate,d8457a9bbd,1.3823
48,16,10,0.185302,0.008054,58,58,10,chocolate,d8457a9bbd,1.3823
48,17,10,0.185302,0.008054,58,58,10,chocolate,d8457a9bbd,1.3823
48,18,10,0.185302,0.008054,58,58,10,chocolate,d8457a9bbd,1.3823
48,19,10,0.185302,0.008054,58,58,10,chocolate,d8457a9bbd,1.3823
48,20,10,0.185302,0.008054,58,58,10,chocolate,d8457a9bbd,1.3823
48,21,10,0.168619,0.006927,61,58,9,chocolate,80a444d314,1.4349
48,22,10,0.185302,0.008054,58,58,10,chocolate,d8457a9bbd,1.3823
48,23,10,0.185302,0.008054,58,58,10,chocolate,d8457a9bbd,1.3823
48,24,10,0.174491,0.007274,55,54,9,biscoito,383c8b21e6,1.4656
48,25,10,0.185302,0.008054,58,58,10,chocolate,d8457a9bbd,1.3823
48,26,10,0.185302,0.008054,58,58,10,chocolate,d8457a9bbd,1.3823
48,27,10,0.185302,0.008054,58,58,10,chocolate,d8457a9bbd,1.3823
48,28,10,0.185302,0.008054,58,58,10,chocolate,d8457a9bbd,1.3823
48,29,10,0.185302,0.008054,58,58,10,chocolate,d8457a9bbd,1.3823
48,30,10,0.185302,0.008054,58,58,10,chocolate,d8457a9bbd,1.3823
48,31,10,0.185302,0.008054,58,58,10,chocolate,d8457a9bbd,1.3823
48,32,10,0.185302,0.008054,58,58,10,chocolate,d8457a9bbd,1.3823
48,33,10,0.185302,0.008054,58,58,10,chocolate,d8457a9bbd,1.3823
48,34,10,0.185302,0.008054,58,58,10,chocolate,d8457a9bbd,1.3823
48,35,10,0.185302,0.008054,58,58,10,chocolate,d8457a9bbd,1.3823
48,36,10,0.185302,0.008054,58,58,10,chocolate,d8457a9bbd,1.3823
48,37,10,0.185302,0.008054,58,58,10,chocolate,d8457a9bbd,1.3823
48,38,10,0.185302,0.008054,58,58,10,chocolate,d8457a9bbd,1.3823
48,39,10,0.185302,0.008054,58,58,10,chocolate,d8457a9bbd,1.3823
48,40,10,0.185302,0.008054,58,58,10,chocolate,d8457a9bbd,1.3823
48,41,10,0.185302,0.008054,58,58,10,chocolate,d8457a9bbd,1.3823
48,42,10,0.185302,0.008054,58,58,10,chocolate,d8457a9bbd,1.3823
48,43,10,0.185302,0.008054,58,58,10,chocolate,d8457a9bbd,1.3823
48,44,10,0.180828,0.007820,59,59,10,chocolate,450740761f,1.5104
48,45,10,0.185302,0.008054,58,58,10,chocolate,d8457a9bbd,1.3823
48,46,10,0.185302,0.008054,58,58,10,chocolate,d8457a9bbd,1.3823
48,47,10,0.185302,0.008054,58,58,10,chocolate,d8457a9bbd,1.3823
48,48,10,0.173000,0.007517,57,57,10,chocolate,d8f229b68e,1.3398
48,49,10,0.185302,0.008054,58,58,10,chocolate,d8457a9bbd,1.3823
49,0,10,0.185302,0.008054,58,58,10,chocolate,d8457a9bbd,1.3823
49,1,10,0.185302,0.008054,58,58,10,chocolate,d8457a9bbd,1.3823
49,2,10,0.185302,0.008054,58,58,10,chocolate,d8457a9bbd,1.3823
49,3,10,0.185302,0.008054,58,58,10,chocolate,d8457a9bbd,1.3823
49,4,10,0.185302,0.008054,58,58,10,chocolate,d8457a9bbd,1.3823
49,5,10,0.185302,0.008054,58,58,10,chocolate,d8457a9bbd,1.3823
49,6,10,0.185302,0.008054,58,58,10,chocolate,d8457a9bbd,1.3823
49,7,10,0.185302,0.008054,58,58,10,chocolate,d8457a9bbd,1.3823
49,8,10,0.185302,0.008054,58,58,10,chocolate,d8457a9bbd,1.3823
49,9,10,0.185302,0.008054,58,58,10,chocolate,d8457a9bbd,1.3823
49,10,10,0.185302,0.008054,58,58,10,chocolate,d8457a9bbd,1.3823
49,11,10,0.174424,0.007612,56,55,10,chocolate,5be6d0b834,1.4465
49,12,10,0.185302,0.008054,58,58,10,chocolate,d8457a9bbd,1.3823
49,13,10,0.185302,0.008054,58,58,10,chocolate,d8457a9bbd,1.3823
49,14,10,0.185302,0.008054,58,58,10,chocolate,d8457a9bbd,1.3823
49,15,10,0.185302,0.008054,58,58,10,chocolate,d8457a9bbd,1.3823
49,16,10,0.173133,0.007664,56,56,10,chocolate,e1ed678509,1.4191
49,17,10,0.185302,0.008054,58,58,10,chocolate,d8457a9bbd,1.3823
49,18,10,0.185302,0.008054,58,58,10,chocolate,d8457a9bbd,1.3823
49,19,10,0.182719,0.007668,58,58,10,chocolate,df7305d9d2,1.5019
49,20,10,0.185302,0.008054,58,58,10,chocolate,d8457a9bbd,1.3823
49,21,10,0.185302,0.008054,58,58,10,chocolate,d8457a9bbd,1.3823
49,22,10,0.185302,0.008054,58,58,10,chocolate,d8457a9bbd,1.3823
49,23,10,0.185302,0.008054,58,58,10,chocolate,d8457a9bbd,1.3823
49,24,10,0.185302,0.008054,58,58,10,chocolate,d8457a9bbd,1.3823
49,25,10,0.185302,0.008054,58,58,10,chocolate,d8457a9bbd,1.3823
49,26,10,0.185302,0.008054,58,58,10,chocolate,d8457a9bbd,1.3823
49,27,10,0.185302,0.008054,58,58,10,chocolate,d8457a9bbd,1.3823
49,28,10,0.185302,0.008054,58,58,10,chocolate,d8457a9bbd,1.3823
49,29,10,0.185302,0.008054,58,58,10,chocolate,d8457a9bbd,1.3823
49,30,10,0.185302,0.008054,58,58,10,chocolate,d8457a9bbd,1.3823
49,31,10,0.185302,0.008054,58,58,10,chocolate,d8457a9bbd,1.3823
49,32,10,0.185302,0.008054,58,58,10,chocolate,d8457a9bbd,1.3823
49,33,10,0.185302,0.008054,58,58,10,chocolate,d8457a9bbd,1.3823
49,34,10,0.185302,0.008054,58,58,10,chocolate,d8457a9bbd,1.3823
49,35,10,0.185302,0.008054,58,58,10,chocolate,d8457a9bbd,1.3823
49,36,10,0.185302,0.008054,58,58,10,chocolate,d8457a9bbd,1.3823
49,37,10,0.185302,0.008054,58,58,10,chocolate,d8457a9bbd,1.3823
49,38,10,0.185302,0.008054,58,58,10,chocolate,d8457a9bbd,1.3823
49,39,10,0.185302,0.008054,58,58,10,chocolate,d8457a9bbd,1.3823
49,40,10,0.185302,0.008054,58,58,10,chocolate,d8457a9bbd,1.3823
49,41,10,0.185302,0.008054,58,58,10,chocolate,d8457a9bbd,1.3823
49,42,10,0.130968,0.007644,57,57,10,chocolate,8ad888c165,1.3863
49,43,10,0.185302,0.008054,58,58,10,chocolate,d8457a9bbd,1.3823
49,44,10,0.171455,0.007121,56,56,10,chocolate,8dfd8b8322,1.4370
49,45,10,0.165278,0.007061,58,58,10,leite,517c6989e7,1.4443
49,46,10,0.185302,0.008054,58,58,10,chocolate,d8457a9bbd,1.3823
49,47,10,0.185302,0.008054,58,58,10,chocolate,d8457a9bbd,1.3823
49,48,10,0.185302,0.008054,58,58,10,chocolate,d8457a9bbd,1.3823
49,49,10,0.185302,0.008054,58,58,10,chocolate,d8457a9bbd,1.3823
50,0,10,0.185302,0.008054,58,58,10,chocolate,d8457a9bbd,1.3823
50,1,10,0.185302,0.008054,58,58,10,chocolate,d8457a9bbd,1.3823
50,2,10,0.185302,0.008054,58,58,10,chocolate,d8457a9bbd,1.3823
50,3,10,0.185302,0.008054,58,58,10,chocolate,d8457a9bbd,1.3823
50,4,10,0.185302,0.008054,58,58,10,chocolate,d8457a9bbd,1.3823
50,5,10,0.185302,0.008054,58,58,10,chocolate,d8457a9bbd,1.3823
50,6,10,0.185302,0.008054,58,58,10,chocolate,d8457a9bbd,1.3823
50,7,10,0.185302,0.008054,58,58,10,chocolate,d8457a9bbd,1.3823
50,8,10,0.185302,0.008054,58,58,10,chocolate,d8457a9bbd,1.3823
50,9,10,0.185302,0.008054,58,58,10,chocolate,d8457a9bbd,1.3823
50,10,10,0.185302,0.008054,58,58,10,chocolate,d8457a9bbd,1.3823
50,11,10,0.185302,0.008054,58,58,10,chocolate,d8457a9bbd,1.3823
50,12,10,0.185302,0.008054,58,58,10,chocolate,d8457a9bbd,1.3823
50,13,10,0.185302,0.008054,58,58,10,chocolate,d8457a9bbd,1.3823
50,14,10,0.185302,0.008054,58,58,10,chocolate,d8457a9bbd,1.3823
50,15,10,0.173133,0.007664,56,56,10,chocolate,e1ed678509,1.4191
50,16,10,0.185302,0.008054,58,58,10,chocolate,d8457a9bbd,1.3823
50,17,10,0.185302,0.008054,58,58,10,chocolate,d8457a9bbd,1.3823
50,18,10,0.185302,0.008054,58,58,10,chocolate,d8457a9bbd,1.3823
50,19,10,0.167541,0.006887,56,56,10,chocolate,8b65f33a86,1.7984
50,20,10,0.185302,0.008054,58,58,10,chocolate,d8457a9bbd,1.3823
50,21,10,0.136493,0.006640,61,60,9,iogurte,5803402f1d,1.7367
50,22,10,0.185302,0.008054,58,58,10,chocolate,d8457a9bbd,1.3823
50,23,10,0.185302,0.008054,58,58,10,chocolate,d8457a9bbd,1.3823
50,24,10,0.185302,0.008054,58,58,10,chocolate,d8457a9bbd,1.3823
50,25,10,0.185302,0.008054,58,58,10,chocolate,d8457a9bbd,1.3823
50,26,10,0.185302,0.008054,58,58,10,chocolate,d8457a9bbd,1.3823
50,27,10,0.185302,0.008054,58,58,10,chocolate,d8457a9bbd,1.3823
50,28,10,0.185302,0.008054,58,58,10,chocolate,d8457a9bbd,1.3823
50,29,10,0.185302,0.008054,58,58,10,chocolate,d8457a9bbd,1.3823
50,30,10,0.185302,0.008054,58,58,10,chocolate,d8457a9bbd,1.3823
50,31,10,0.185302,0.008054,58,58,10,chocolate,d8457a9bbd,1.3823
50,32,10,0.185302,0.008054,58,58,10,chocolate,d8457a9bbd,1.3823
50,33,10,0.185302,0.008054,58,58,10,chocolate,d8457a9bbd,1.3823
50,34,10,0.185302,0.008054,58,58,10,chocolate,d8457a9bbd,1.3823
50,35,10,0.185302,0.008054,58,58,10,chocolate,d8457a9bbd,1.3823
50,36,10,0.185302,0.008054,58,58,10,chocolate,d8457a9bbd,1.3823
50,37,10,0.185302,0.008054,58,58,10,chocolate,d8457a9bbd,1.3823
50,38,10,0.185302,0.008054,58,58,10,chocolate,d8457a9bbd,1.3823
50,39,10,0.185302,0.008054,58,58,10,chocolate,d8457a9bbd,1.3823
50,40,10,0.185302,0.008054,58,58,10,chocolate,d8457a9bbd,1.3823
50,41,10,0.185302,0.008054,58,58,10,chocolate,d8457a9bbd,1.3823
50,42,10,0.185302,0.008054,58,58,10,chocolate,d8457a9bbd,1.3823
50,43,10,0.185302,0.008054,58,58,10,chocolate,d8457a9bbd,1.3823
50,44,10,0.185302,0.008054,58,58,10,chocolate,d8457a9bbd,1.3823
50,45,10,0.185302,0.008054,58,58,10,chocolate,d8457a9bbd,1.3823
50,46,10,0.185302,0.008054,58,58,10,chocolate,d8457a9bbd,1.3823
50,47,10,0.138770,0.006696,58,58,10,chocolate,d1f9f49d85,1.5345
50,48,10,0.185302,0.008054,58,58,10,chocolate,d8457a9bbd,1.3823
50,49,10,0.185302,0.008054,58,58,10,chocolate,d8457a9bbd,1.3823
51,0,10,0.185302,0.008054,58,58,10,chocolate,d8457a9bbd,1.3823
51,1,10,0.185302,0.008054,58,58,10,chocolate,d8457a9bbd,1.3823
51,2,10,0.185302,0.008054,58,58,10,chocolate,d8457a9bbd,1.3823
51,3,10,0.185302,0.008054,58,58,10,chocolate,d8457a9bbd,1.3823
51,4,10,0.185302,0.008054,58,58,10,chocolate,d8457a9bbd,1.3823
51,5,10,0.185302,0.008054,58,58,10,chocolate,d8457a9bbd,1.3823
51,6,10,0.185302,0.008054,58,58,10,chocolate,d8457a9bbd,1.3823
51,7,10,0.185302,0.008054,58,58,10,chocolate,d8457a9bbd,1.3823
51,8,10,0.185302,0.008054,58,58,10,chocolate,d8457a9bbd,1.3823
51,9,10,0.185302,0.008054,58,58,10,chocolate,d8457a9bbd,1.3823
51,10,10,0.185302,0.008054,58,58,10,chocolate,d8457a9bbd,1.3823
51,11,10,0.185302,0.008054,58,58,10,chocolate,d8457a9bbd,1.3823
51,12,10,0.185302,0.008054,58,58,10,chocolate,d8457a9bbd,1.3823
51,13,10,0.185302,0.008054,58,58,10,chocolate,d8457a9bbd,1.3823
51,14,10,0.185302,0.008054,58,58,10,chocolate,d8457a9bbd,1.3823
51,15,10,0.185302,0.008054,58,58,10,chocolate,d8457a9bbd,1.3823
51,16,10,0.185302,0.008054,58,58,10,chocolate,d8457a9bbd,1.3823
51,17,10,0.185302,0.008054,58,58,10,chocolate,d8457a9bbd,1.3823
51,18,10,0.185302,0.008054,58,58,10,chocolate,d8457a9bbd,1.3823
51,19,10,0.185302,0.008054,58,58,10,chocolate,d8457a9bbd,1.3823
51,20,10,0.185302,0.008054,58,58,10,chocolate,d8457a9bbd,1.3823
51,21,10,0.178259,0.006716,61,59,9,desodorante,7d0225f90f,1.5026
51,22,10,0.185302,0.008054,58,58,10,chocolate,d8457a9bbd,1.3823
51,23,10,0.185302,0.008054,58,58,10,chocolate,d8457a9bbd,1.3823
51,24,10,0.185302,0.008054,58,58,10,chocolate,d8457a9bbd,1.3823
51,25,10,0.185302,0.008054,58,58,10,chocolate,d8457a9bbd,1.3823
51,26,10,0.185302,0.008054,58,58,10,chocolate,d8457a9bbd,1.3823
51,27,10,0.185302,0.008054,58,58,10,chocolate,d8457a9bbd,1.3823
51,28,10,0.185302,0.008054,58,58,10,chocolate,d8457a9bbd,1.3823
51,29,10,0.185302,0.008054,58,58,10,chocolate,d8457a9bbd,1.3823
51,30,10,0.185302,0.008054,58,58,10,chocolate,d8457a9bbd,1.3823
51,31,10,0.185302,0.008054,58,58,10,chocolate,d8457a9bbd,1.3823
51,32,10,0.185302,0.008054,58,58,10,chocolate,d8457a9bbd,1.3823
51,33,10,0.185302,0.008054,58,58,10,chocolate,d8457a9bbd,1.3823
51,34,10,0.175316,0.007556,57,57,10,chocolate,15b723630b,1.4829
51,35,10,0.185302,0.008054,58,58,10,chocolate,d8457a9bbd,1.3823
51,36,10,0.185302,0.008054,58,58,10,chocolate,d8457a9bbd,1.3823
51,37,10,0.185302,0.008054,58,58,10,chocolate,d8457a9bbd,1.3823
51,38,10,0.185302,0.008054,58,58,10,chocolate,d8457a9bbd,1.3823
51,39,10,0.185302,0.008054,58,58,10,chocolate,d8457a9bbd,1.3823
51,40,10,0.185302,0.008054,58,58,10,chocolate,d8457a9bbd,1.3823
51,41,10,0.185302,0.008054,58,58,10,chocolate,d8457a9bbd,1.3823
51,42,10,0.185302,0.008054,58,58,10,chocolate,d8457a9bbd,1.3823
51,43,10,0.185302,0.008054,58,58,10,chocolate,d8457a9bbd,1.3823
51,44,10,0.185302,0.008054,58,58,10,chocolate,d8457a9bbd,1.3823
51,45,10,0.185302,0.008054,58,58,10,chocolate,d8457a9bbd,1.3823
51,46,10,0.185302,0.008054,58,58,10,chocolate,d8457a9bbd,1.3823
51,47,10,0.185302,0.008054,58,58,10,chocolate,d8457a9bbd,1.3823
51,48,10,0.185302,0.008054,58,58,10,chocolate,d8457a9bbd,1.3823
51,49,10,0.185302,0.008054,58,58,10,chocolate,d8457a9bbd,1.3823
52,0,10,0.185302,0.008054,58,58,10,chocolate,d8457a9bbd,1.3823
52,1,10,0.185302,0.008054,58,58,10,chocolate,d8457a9bbd,1.3823
52,2,10,0.185302,0.008054,58,58,10,chocolate,d8457a9bbd,1.3823
52,3,10,0.185302,0.008054,58,58,10,chocolate,d8457a9bbd,1.3823
52,4,10,0.185302,0.008054,58,58,10,chocolate,d8457a9bbd,1.3823
52,5,10,0.185302,0.008054,58,58,10,chocolate,d8457a9bbd,1.3823
52,6,10,0.185302,0.008054,58,58,10,chocolate,d8457a9bbd,1.3823
52,7,10,0.185302,0.008054,58,58,10,chocolate,d8457a9bbd,1.3823
52,8,10,0.185302,0.008054,58,58,10,chocolate,d8457a9bbd,1.3823
52,9,10,0.185302,0.008054,58,58,10,chocolate,d8457a9bbd,1.3823
52,10,10,0.170896,0.007285,58,58,9,outro farma,54f0e2ea89,1.6273
52,11,10,0.185302,0.008054,58,58,10,chocolate,d8457a9bbd,1.3823
52,12,10,0.185302,0.008054,58,58,10,chocolate,d8457a9bbd,1.3823
52,13,10,0.185302,0.008054,58,58,10,chocolate,d8457a9bbd,1.3823
52,14,10,0.185302,0.008054,58,58,10,chocolate,d8457a9bbd,1.3823
52,15,10,0.185302,0.008054,58,58,10,chocolate,d8457a9bbd,1.3823
52,16,10,0.185302,0.008054,58,58,10,chocolate,d8457a9bbd,1.3823
52,17,10,0.185302,0.008054,58,58,10,chocolate,d8457a9bbd,1.3823
52,18,10,0.185302,0.008054,58,58,10,chocolate,d8457a9bbd,1.3823
52,19,10,0.185302,0.008054,58,58,10,chocolate,d8457a9bbd,1.3823
52,20,10,0.171588,0.007707,58,57,10,chocolate,297abe9f48,1.4723
52,21,10,0.185302,0.008054,58,58,10,chocolate,d8457a9bbd,1.3823
52,22,10,0.185302,0.008054,58,58,10,chocolate,d8457a9bbd,1.3823
52,23,10,0.185302,0.008054,58,58,10,chocolate,d8457a9bbd,1.3823
52,24,10,0.185302,0.008054,58,58,10,chocolate,d8457a9bbd,1.3823
52,25,10,0.185302,0.008054,58,58,10,chocolate,d8457a9bbd,1.3823
52,26,10,0.185302,0.008054,58,58,10,chocolate,d8457a9bbd,1.3823
52,27,10,0.185302,0.008054,58,58,10,chocolate,d8457a9bbd,1.3823
52,28,10,0.185302,0.008054,58,58,10,chocolate,d8457a9bbd,1.3823
52,29,10,0.185302,0.008054,58,58,10,chocolate,d8457a9bbd,1.3823
52,30,10,0.172773,0.007688,58,57,10,chocolate,2c8dbdfe39,1.3611
52,31,10,0.163400,0.007430,56,56,10,chocolate,c16898acd5,1.4607
52,32,10,0.185302,0.008054,58,58,10,chocolate,d8457a9bbd,1.3823
52,33,10,0.185302,0.008054,58,58,10,chocolate,d8457a9bbd,1.3823
52,34,10,0.185302,0.008054,58,58,10,chocolate,d8457a9bbd,1.3823
52,35,10,0.176408,0.008345,60,60,10,chocolate,4163333542,1.4207
52,36,10,0.185302,0.008054,58,58,10,chocolate,d8457a9bbd,1.3823
52,37,10,0.185302,0.008054,58,58,10,chocolate,d8457a9bbd,1.3823
52,38,10,0.185302,0.008054,58,58,10,chocolate,d8457a9bbd,1.3823
52,39,10,0.167661,0.007039,57,56,10,outro doce,73cc9a0c42,1.4045
52,40,10,0.185302,0.008054,58,58,10,chocolate,d8457a9bbd,1.3823
52,41,10,0.185302,0.008054,58,58,10,chocolate,d8457a9bbd,1.3823
52,42,10,0.171881,0.006929,54,53,9,biscoito,77751a0cde,1.3847
52,43,10,0.185302,0.008054,58,58,10,chocolate,d8457a9bbd,1.3823
52,44,10,0.185302,0.008054,58,58,10,chocolate,d8457a9bbd,1.3823
52,45,10,0.185302,0.008054,58,58,10,chocolate,d8457a9bbd,1.3823
52,46,10,0.185302,0.008054,58,58,10,chocolate,d8457a9bbd,1.3823
52,47,10,0.185302,0.008054,58,58,10,chocolate,d8457a9bbd,1.3823
52,48,10,0.185302,0.008054,58,58,10,chocolate,d8457a9bbd,1.3823
52,49,10,0.185302,0.008054,58,58,10,chocolate,d8457a9bbd,1.3823
53,0,10,0.185302,0.008054,58,58,10,chocolate,d8457a9bbd,1.3823
53,1,10,0.185302,0.008054,58,58,10,chocolate,d8457a9bbd,1.3823
53,2,10,0.185302,0.008054,58,58,10,chocolate,d8457a9bbd,1.3823
53,3,10,0.185302,0.008054,58,58,10,chocolate,d8457a9bbd,1.3823
53,4,10,0.185302,0.008054,58,58,10,chocolate,d8457a9bbd,1.3823
53,5,10,0.185302,0.008054,58,58,10,chocolate,d8457a9bbd,1.3823
53,6,10,0.185302,0.008054,58,58,10,chocolate,d8457a9bbd,1.3823
53,7,10,0.185302,0.008054,58,58,10,chocolate,d8457a9bbd,1.3823
53,8,10,0.185302,0.008054,58,58,10,chocolate,d8457a9bbd,1.3823
53,9,10,0.185302,0.008054,58,58,10,chocolate,d8457a9bbd,1.3823
53,10,10,0.173945,0.007713,57,57,10,chocolate,06af2bc414,1.5626
53,11,10,0.185302,0.008054,58,58,10,chocolate,d8457a9bbd,1.3823
53,12,10,0.185302,0.008054,58,58,10,chocolate,d8457a9bbd,1.3823
53,13,10,0.185302,0.008054,58,58,10,chocolate,d8457a9bbd,1.3823
53,14,10,0.185302,0.008054,58,58,10,chocolate,d8457a9bbd,1.3823
53,15,10,0.185302,0.008054,58,58,10,chocolate,d8457a9bbd,1.3823
53,16,10,0.185302,0.008054,58,58,10,chocolate,d8457a9bbd,1.3823
53,17,10,0.185302,0.008054,58,58,10,chocolate,d8457a9bbd,1.3823
53,18,10,0.164998,0.007109,58,58,10,chocolate,73d78896ae,1.4283
53,19,10,0.185302,0.008054,58,58,10,chocolate,d8457a9bbd,1.3823
53,20,10,0.185302,0.008054,58,58,10,chocolate,d8457a9bbd,1.3823
53,21,10,0.185302,0.008054,58,58,10,chocolate,d8457a9bbd,1.3823
53,22,10,0.170390,0.007079,58,56,9,iogurte,33cba497d1,1.4755
53,23,10,0.185302,0.008054,58,58,10,chocolate,d8457a9bbd,1.3823
53,24,10,0.185302,0.008054,58,58,10,chocolate,d8457a9bbd,1.3823
53,25,10,0.185302,0.008054,58,58,10,chocolate,d8457a9bbd,1.3823
53,26,10,0.185302,0.008054,58,58,10,chocolate,d8457a9bbd,1.3823
53,27,10,0.185302,0.008054,58,58,10,chocolate,d8457a9bbd,1.3823
53,28,10,0.185302,0.008054,58,58,10,chocolate,d8457a9bbd,1.3823
53,29,10,0.185302,0.008054,58,58,10,chocolate,d8457a9bbd,1.3823
53,30,10,0.185302,0.008054,58,58,10,chocolate,d8457a9bbd,1.3823
53,31,10,0.185302,0.008054,58,58,10,chocolate,d8457a9bbd,1.3823
53,32,10,0.185302,0.008054,58,58,10,chocolate,d8457a9bbd,1.3823
53,33,10,0.185302,0.008054,58,58,10,chocolate,d8457a9bbd,1.3823
53,34,10,0.185302,0.008054,58,58,10,chocolate,d8457a9bbd,1.3823
53,35,10,0.185302,0.008054,58,58,10,chocolate,d8457a9bbd,1.3823
53,36,10,0.185302,0.008054,58,58,10,chocolate,d8457a9bbd,1.3823
53,37,10,0.185302,0.008054,58,58,10,chocolate,d8457a9bbd,1.3823
53,38,10,0.168846,0.006944,58,57,9,refrigerante,cf132ab8f8,1.4391
53,39,10,0.185302,0.008054,58,58,10,chocolate,d8457a9bbd,1.3823
53,40,10,0.185302,0.008054,58,58,10,chocolate,d8457a9bbd,1.3823
53,41,10,0.185302,0.008054,58,58,10,chocolate,d8457a9bbd,1.3823
53,42,10,0.185302,0.008054,58,58,10,chocolate,d8457a9bbd,1.3823
53,43,10,0.185302,0.008054,58,58,10,chocolate,d8457a9bbd,1.3823
53,44,10,0.185302,0.008054,58,58,10,chocolate,d8457a9bbd,1.3823
53,45,10,0.185302,0.008054,58,58,10,chocolate,d8457a9bbd,1.3823
53,46,10,0.185302,0.008054,58,58,10,chocolate,d8457a9bbd,1.3823
53,47,10,0.185302,0.008054,58,58,10,chocolate,d8457a9bbd,1.3823
53,48,10,0.185302,0.008054,58,58,10,chocolate,d8457a9bbd,1.3823
53,49,10,0.185302,0.008054,58,58,10,chocolate,d8457a9bbd,1.3823
54,0,10,0.185302,0.008054,58,58,10,chocolate,d8457a9bbd,1.3823
54,1,10,0.185302,0.008054,58,58,10,chocolate,d8457a9bbd,1.3823
54,2,10,0.185302,0.008054,58,58,10,chocolate,d8457a9bbd,1.3823
54,3,10,0.185302,0.008054,58,58,10,chocolate,d8457a9bbd,1.3823
54,4,10,0.185302,0.008054,58,58,10,chocolate,d8457a9bbd,1.3823
54,5,10,0.185302,0.008054,58,58,10,chocolate,d8457a9bbd,1.3823
54,6,10,0.138597,0.006835,59,59,10,chocolate,bca6e54f39,1.5047
54,7,10,0.174770,0.007959,57,57,10,chocolate,f6bc97e29b,1.5064
54,8,10,0.185302,0.008054,58,58,10,chocolate,d8457a9bbd,1.3823
54,9,10,0.185302,0.008054,58,58,10,chocolate,d8457a9bbd,1.3823
54,10,10,0.185302,0.008054,58,58,10,chocolate,d8457a9bbd,1.3823
54,11,10,0.171429,0.007271,58,58,10,chocolate,3a3f4e0327,1.5872
54,12,10,0.185302,0.008054,58,58,10,chocolate,d8457a9bbd,1.3823
54,13,10,0.185302,0.008054,58,58,10,chocolate,d8457a9bbd,1.3823
54,14,10,0.185302,0.008054,58,58,10,chocolate,d8457a9bbd,1.3823
54,15,10,0.185302,0.008054,58,58,10,chocolate,d8457a9bbd,1.3823
54,16,10,0.185302,0.008054,58,58,10,chocolate,d8457a9bbd,1.3823
54,17,10,0.185302,0.008054,58,58,10,chocolate,d8457a9bbd,1.3823
54,18,10,0.185302,0.008054,58,58,10,chocolate,d8457a9bbd,1.3823
54,19,10,0.185302,0.008054,58,58,10,chocolate,d8457a9bbd,1.3823
54,20,10,0.185302,0.008054,58,58,10,chocolate,d8457a9bbd,1.3823
54,21,10,0.172321,0.007082,60,60,9,macarrao,da9772f2cd,1.4310
54,22,10,0.185302,0.008054,58,58,10,chocolate,d8457a9bbd,1.3823
54,23,10,0.185302,0.008054,58,58,10,chocolate,d8457a9bbd,1.3823
54,24,10,0.185302,0.008054,58,58,10,chocolate,d8457a9bbd,1.3823
54,25,10,0.185302,0.008054,58,58,10,chocolate,d8457a9bbd,1.3823
54,26,10,0.185302,0.008054,58,58,10,chocolate,d8457a9bbd,1.3823
54,27,10,0.185302,0.008054,58,58,10,chocolate,d8457a9bbd,1.3823
54,28,10,0.185302,0.008054,58,58,10,chocolate,d8457a9bbd,1.3823
54,29,10,0.185302,0.008054,58,58,10,chocolate,d8457a9bbd,1.3823
54,30,10,0.185302,0.008054,58,58,10,chocolate,d8457a9bbd,1.3823
54,31,10,0.185302,0.008054,58,58,10,chocolate,d8457a9bbd,1.3823
54,32,10,0.185302,0.008054,58,58,10,chocolate,d8457a9bbd,1.3823
54,33,10,0.185302,0.008054,58,58,10,chocolate,d8457a9bbd,1.3823
54,34,10,0.185302,0.008054,58,58,10,chocolate,d8457a9bbd,1.3823
54,35,10,0.185302,0.008054,58,58,10,chocolate,d8457a9bbd,1.3823
54,36,10,0.185302,0.008054,58,58,10,chocolate,d8457a9bbd,1.3823
54,37,10,0.185302,0.008054,58,58,10,chocolate,d8457a9bbd,1.3823
54,38,10,0.185302,0.008054,58,58,10,chocolate,d8457a9bbd,1.3823
54,39,10,0.185302,0.008054,58,58,10,chocolate,d8457a9bbd,1.3823
54,40,10,0.185302,0.008054,58,58,10,chocolate,d8457a9bbd,1.3823
54,41,10,0.185302,0.008054,58,58,10,chocolate,d8457a9bbd,1.3823
54,42,10,0.185302,0.008054,58,58,10,chocolate,d8457a9bbd,1.3823
54,43,10,0.185302,0.008054,58,58,10,chocolate,d8457a9bbd,1.3823
54,44,10,0.185302,0.008054,58,58,10,chocolate,d8457a9bbd,1.3823
54,45,10,0.185302,0.008054,58,58,10,chocolate,d8457a9bbd,1.3823
54,46,10,0.185302,0.008054,58,58,10,chocolate,d8457a9bbd,1.3823
54,47,10,0.185302,0.008054,58,58,10,chocolate,d8457a9bbd,1.3823
54,48,10,0.185302,0.008054,58,58,10,chocolate,d8457a9bbd,1.3823
54,49,10,0.167687,0.006862,57,56,9,biscoito,d9264c07f4,1.3852
55,0,10,0.185302,0.008054,58,58,10,chocolate,d8457a9bbd,1.3823
55,1,10,0.185302,0.008054,58,58,10,chocolate,d8457a9bbd,1.3823
55,2,10,0.185302,0.008054,58,58,10,chocolate,d8457a9bbd,1.3823
55,3,10,0.185302,0.008054,58,58,10,chocolate,d8457a9bbd,1.3823
55,4,10,0.185302,0.008054,58,58,10,chocolate,d8457a9bbd,1.3823
55,5,10,0.185302,0.008054,58,58,10,chocolate,d8457a9bbd,1.3823
55,6,10,0.185302,0.008054,58,58,10,chocolate,d8457a9bbd,1.3823
55,7,10,0.168180,0.008107,58,58,10,chocolate,6734330366,1.5759
55,8,10,0.185302,0.008054,58,58,10,chocolate,d8457a9bbd,1.3823
55,9,10,0.185302,0.008054,58,58,10,chocolate,d8457a9bbd,1.3823
55,10,10,0.185302,0.008054,58,58,10,chocolate,d8457a9bbd,1.3823
55,11,10,0.173705,0.007706,58,58,10,chocolate,2394b2bbcf,1.4482
55,12,10,0.185302,0.008054,58,58,10,chocolate,d8457a9bbd,1.3823
55,13,10,0.185302,0.008054,58,58,10,chocolate,d8457a9bbd,1.3823
55,14,10,0.185302,0.008054,58,58,10,chocolate,d8457a9bbd,1.3823
55,15,10,0.185302,0.008054,58,58,10,chocolate,d8457a9bbd,1.3823
55,16,10,0.185302,0.008054,58,58,10,chocolate,d8457a9bbd,1.3823
55,17,10,0.185302,0.008054,58,58,10,chocolate,d8457a9bbd,1.3823
55,18,10,0.185302,0.008054,58,58,10,chocolate,d8457a9bbd,1.3823
55,19,10,0.160365,0.007179,59,55,9,macarrao,576fe91100,1.3838
55,20,10,0.178751,0.007227,58,58,10,chocolate,0850f5d44e,1.5662
55,21,10,0.185302,0.008054,58,58,10,chocolate,d8457a9bbd,1.3823
55,22,10,0.185302,0.008054,58,58,10,chocolate,d8457a9bbd,1.3823
55,23,10,0.185302,0.008054,58,58,10,chocolate,d8457a9bbd,1.3823
55,24,10,0.185302,0.008054,58,58,10,chocolate,d8457a9bbd,1.3823
55,25,10,0.185302,0.008054,58,58,10,chocolate,d8457a9bbd,1.3823
55,26,10,0.185302,0.008054,58,58,10,chocolate,d8457a9bbd,1.3823
55,27,10,0.171628,0.007433,58,58,10,chocolate,cc8d30bfd3,1.4718
55,28,10,0.185302,0.008054,58,58,10,chocolate,d8457a9bbd,1.3823
55,29,10,0.185302,0.008054,58,58,10,chocolate,d8457a9bbd,1.3823
55,30,10,0.185302,0.008054,58,58,10,chocolate,d8457a9bbd,1.3823
55,31,10,0.185302,0.008054,58,58,10,chocolate,d8457a9bbd,1.3823
55,32,10,0.185302,0.008054,58,58,10,chocolate,d8457a9bbd,1.3823
55,33,10,0.185302,0.008054,58,58,10,chocolate,d8457a9bbd,1.3823
55,34,10,0.185302,0.008054,58,58,10,chocolate,d8457a9bbd,1.3823
55,35,10,0.185302,0.008054,58,58,10,chocolate,d8457a9bbd,1.3823
55,36,10,0.185302,0.008054,58,58,10,chocolate,d8457a9bbd,1.3823
55,37,10,0.185302,0.008054,58,58,10,chocolate,d8457a9bbd,1.3823
55,38,10,0.171016,0.006931,61,60,9,suco pronto,210c6b5fc9,1.3783
55,39,10,0.185302,0.008054,58,58,10,chocolate,d8457a9bbd,1.3823
55,40,10,0.185302,0.008054,58,58,10,chocolate,d8457a9bbd,1.3823
55,41,10,0.185302,0.008054,58,58,10,chocolate,d8457a9bbd,1.3823
55,42,10,0.185302,0.008054,58,58,10,chocolate,d8457a9bbd,1.3823
55,43,10,0.185302,0.008054,58,58,10,chocolate,d8457a9bbd,1.3823
55,44,10,0.173878,0.007329,57,57,10,chocolate,25fb5af68d,1.4139
55,45,10,0.185302,0.008054,58,58,10,chocolate,d8457a9bbd,1.3823
55,46,10,0.185302,0.008054,58,58,10,chocolate,d8457a9bbd,1.3823
55,47,10,0.185302,0.008054,58,58,10,chocolate,d8457a9bbd,1.3823
55,48,10,0.185302,0.008054,58,58,10,chocolate,d8457a9bbd,1.3823
55,49,10,0.185302,0.008054,58,58,10,chocolate,d8457a9bbd,1.3823
56,0,10,0.185302,0.008054,58,58,10,chocolate,d8457a9bbd,1.3823
56,1,10,0.185302,0.008054,58,58,10,chocolate,d8457a9bbd,1.3823
56,2,10,0.185302,0.008054,58,58,10,chocolate,d8457a9bbd,1.3823
56,3,10,0.185302,0.008054,58,58,10,chocolate,d8457a9bbd,1.3823
56,4,10,0.185302,0.008054,58,58,10,chocolate,d8457a9bbd,1.3823
56,5,10,0.185302,0.008054,58,58,10,chocolate,d8457a9bbd,1.3823
56,6,10,0.185302,0.008054,58,58,10,chocolate,d8457a9bbd,1.3823
56,7,10,0.185302,0.008054,58,58,10,chocolate,d8457a9bbd,1.3823
56,8,10,0.185302,0.008054,58,58,10,chocolate,d8457a9bbd,1.3823
56,9,10,0.185302,0.008054,58,58,10,chocolate,d8457a9bbd,1.3823
56,10,10,0.185714,0.008222,57,57,10,chocolate,31956fe947,1.5586
56,11,10,0.185302,0.008054,58,58,10,chocolate,d8457a9bbd,1.3823
56,12,10,0.185302,0.008054,58,58,10,chocolate,d8457a9bbd,1.3823
56,13,10,0.143376,0.007081,58,58,10,chocolate,04d21e774e,1.3525
56,14,10,0.185302,0.008054,58,58,10,chocolate,d8457a9bbd,1.3823
56,15,10,0.185302,0.008054,58,58,10,chocolate,d8457a9bbd,1.3823
56,16,10,0.185302,0.008054,58,58,10,chocolate,d8457a9bbd,1.3823
56,17,10,0.185302,0.008054,58,58,10,chocolate,d8457a9bbd,1.3823
56,18,10,0.185302,0.008054,58,58,10,chocolate,d8457a9bbd,1.3823
56,19,10,0.185302,0.008054,58,58,10,chocolate,d8457a9bbd,1.3823
56,20,10,0.185302,0.008054,58,58,10,chocolate,d8457a9bbd,1.3823
56,21,10,0.185302,0.008054,58,58,10,chocolate,d8457a9bbd,1.3823
56,22,10,0.185302,0.008054,58,58,10,chocolate,d8457a9bbd,1.3823
56,23,10,0.185302,0.008054,58,58,10,chocolate,d8457a9bbd,1.3823
56,24,10,0.185302,0.008054,58,58,10,chocolate,d8457a9bbd,1.3823
56,25,10,0.179137,0.007989,58,58,10,chocolate,90e002a521,1.4019
56,26,10,0.185302,0.008054,58,58,10,chocolate,d8457a9bbd,1.3823
56,27,10,0.185302,0.008054,58,58,10,chocolate,d8457a9bbd,1.3823
56,28,10,0.185302,0.008054,58,58,10,chocolate,d8457a9bbd,1.3823
56,29,10,0.185302,0.008054,58,58,10,chocolate,d8457a9bbd,1.3823
56,30,10,0.185302,0.008054,58,58,10,chocolate,d8457a9bbd,1.3823
56,31,10,0.185302,0.008054,58,58,10,chocolate,d8457a9bbd,1.3823
56,32,10,0.185302,0.008054,58,58,10,chocolate,d8457a9bbd,1.3823
56,33,10,0.174504,0.007560,57,57,10,chocolate,fed7e4c0da,1.4341
56,34,10,0.185302,0.008054,58,58,10,chocolate,d8457a9bbd,1.3823
56,35,10,0.185302,0.008054,58,58,10,chocolate,d8457a9bbd,1.3823
56,36,10,0.185302,0.008054,58,58,10,chocolate,d8457a9bbd,1.3823
56,37,10,0.185302,0.008054,58,58,10,chocolate,d8457a9bbd,1.3823
56,38,10,0.185302,0.008054,58,58,10,chocolate,d8457a9bbd,1.3823
56,39,10,0.185302,0.008054,58,58,10,chocolate,d8457a9bbd,1.3823
56,40,10,0.185302,0.008054,58,58,10,chocolate,d8457a9bbd,1.3823
56,41,10,0.185302,0.008054,58,58,10,chocolate,d8457a9bbd,1.3823
56,42,10,0.185302,0.008054,58,58,10,chocolate,d8457a9bbd,1.3823
56,43,10,0.185302,0.008054,58,58,10,chocolate,d8457a9bbd,1.3823
56,44,10,0.185302,0.008054,58,58,10,chocolate,d8457a9bbd,1.3823
56,45,10,0.185302,0.008054,58,58,10,chocolate,d8457a9bbd,1.3823
56,46,10,0.185302,0.008054,58,58,10,chocolate,d8457a9bbd,1.3823
56,47,10,0.185302,0.008054,58,58,10,chocolate,d8457a9bbd,1.3823
56,48,10,0.140754,0.006858,56,56,10,chocolate,ea9b05b784,1.3556
56,49,10,0.185302,0.008054,58,58,10,chocolate,d8457a9bbd,1.3823
57,0,10,0.185714,0.008222,57,57,10,chocolate,31956fe947,1.5586
57,1,10,0.185302,0.008054,58,58,10,chocolate,d8457a9bbd,1.3823
57,2,10,0.185302,0.008054,58,58,10,chocolate,d8457a9bbd,1.3823
57,3,10,0.185302,0.008054,58,58,10,chocolate,d8457a9bbd,1.3823
57,4,10,0.185302,0.008054,58,58,10,chocolate,d8457a9bbd,1.3823
57,5,10,0.173625,0.007384,57,56,9,cerveja,9d6870d9d3,1.7205
57,6,10,0.185302,0.008054,58,58,10,chocolate,d8457a9bbd,1.3823
57,7,10,0.185302,0.008054,58,58,10,chocolate,d8457a9bbd,1.3823
57,8,10,0.185714,0.008222,57,57,10,chocolate,31956fe947,1.5586
57,9,10,0.185302,0.008054,58,58,10,chocolate,d8457a9bbd,1.3823
57,10,10,0.185302,0.008054,58,58,10,chocolate,d8457a9bbd,1.3823
57,11,10,0.185302,0.008054,58,58,10,chocolate,d8457a9bbd,1.3823
57,12,10,0.185302,0.008054,58,58,10,chocolate,d8457a9bbd,1.3823
57,13,10,0.185302,0.008054,58,58,10,chocolate,d8457a9bbd,1.3823
57,14,10,0.185302,0.008054,58,58,10,chocolate,d8457a9bbd,1.3823
57,15,10,0.185302,0.008054,58,58,10,chocolate,d8457a9bbd,1.3823
57,16,10,0.185302,0.008054,58,58,10,chocolate,d8457a9bbd,1.3823
57,17,10,0.185302,0.008054,58,58,10,chocolate,d8457a9bbd,1.3823
57,18,10,0.185302,0.008054,58,58,10,chocolate,d8457a9bbd,1.3823
57,19,10,0.185302,0.008054,58,58,10,chocolate,d8457a9bbd,1.3823
57,20,10,0.185302,0.008054,58,58,10,chocolate,d8457a9bbd,1.3823
57,21,10,0.185302,0.008054,58,58,10,chocolate,d8457a9bbd,1.3823
57,22,10,0.185302,0.008054,58,58,10,chocolate,d8457a9bbd,1.3823
57,23,10,0.185302,0.008054,58,58,10,chocolate,d8457a9bbd,1.3823
57,24,10,0.185302,0.008054,58,58,10,chocolate,d8457a9bbd,1.3823
57,25,10,0.185302,0.008054,58,58,10,chocolate,d8457a9bbd,1.3823
57,26,10,0.185302,0.008054,58,58,10,chocolate,d8457a9bbd,1.3823
57,27,10,0.185302,0.008054,58,58,10,chocolate,d8457a9bbd,1.3823
57,28,10,0.185302,0.008054,58,58,10,chocolate,d8457a9bbd,1.3823
57,29,10,0.185302,0.008054,58,58,10,chocolate,d8457a9bbd,1.3823
57,30,10,0.185714,0.008222,57,57,10,chocolate,31956fe947,1.5586
57,31,10,0.185302,0.008054,58,58,10,chocolate,d8457a9bbd,1.3823
57,32,10,0.185302,0.008054,58,58,10,chocolate,d8457a9bbd,1.3823
57,33,10,0.185302,0.008054,58,58,10,chocolate,d8457a9bbd,1.3823
57,34,10,0.185302,0.008054,58,58,10,chocolate,d8457a9bbd,1.3823
57,35,10,0.185302,0.008054,58,58,10,chocolate,d8457a9bbd,1.3823
57,36,10,0.185302,0.008054,58,58,10,chocolate,d8457a9bbd,1.3823
57,37,10,0.185302,0.008054,58,58,10,chocolate,d8457a9bbd,1.3823
57,38,10,0.185302,0.008054,58,58,10,chocolate,d8457a9bbd,1.3823
57,39,10,0.185302,0.008054,58,58,10,chocolate,d8457a9bbd,1.3823
57,40,10,0.185302,0.008054,58,58,10,chocolate,d8457a9bbd,1.3823
57,41,10,0.185714,0.008222,57,57,10,chocolate,31956fe947,1.5586
57,42,10,0.185302,0.008054,58,58,10,chocolate,d8457a9bbd,1.3823
57,43,10,0.185302,0.008054,58,58,10,chocolate,d8457a9bbd,1.3823
57,44,10,0.175676,0.007686,57,56,10,chocolate,a4ce014f17,1.6164
57,45,10,0.185302,0.008054,58,58,10,chocolate,d8457a9bbd,1.3823
57,46,10,0.185302,0.008054,58,58,10,chocolate,d8457a9bbd,1.3823
57,47,10,0.185714,0.008222,57,57,10,chocolate,31956fe947,1.5586
57,48,10,0.185302,0.008054,58,58,10,chocolate,d8457a9bbd,1.3823
57,49,10,0.185714,0.008222,57,57,10,chocolate,31956fe947,1.5586
58,0,10,0.185714,0.008222,57,57,10,chocolate,31956fe947,1.5586
58,1,10,0.185714,0.008222,57,57,10,chocolate,31956fe947,1.5586
58,2,10,0.185714,0.008222,57,57,10,chocolate,31956fe947,1.5586
58,3,10,0.185714,0.008222,57,57,10,chocolate,31956fe947,1.5586
58,4,10,0.185714,0.008222,57,57,10,chocolate,31956fe947,1.5586
58,5,10,0.185302,0.008054,58,58,10,chocolate,d8457a9bbd,1.3823
58,6,10,0.185302,0.008054,58,58,10,chocolate,d8457a9bbd,1.3823
58,7,10,0.185714,0.008222,57,57,10,chocolate,31956fe947,1.5586
58,8,10,0.185302,0.008054,58,58,10,chocolate,d8457a9bbd,1.3823
58,9,10,0.185714,0.008222,57,57,10,chocolate,31956fe947,1.5586
58,10,10,0.185302,0.008054,58,58,10,chocolate,d8457a9bbd,1.3823
58,11,10,0.185302,0.008054,58,58,10,chocolate,d8457a9bbd,1.3823
58,12,10,0.185714,0.008222,57,57,10,chocolate,31956fe947,1.5586
58,13,10,0.185302,0.008054,58,58,10,chocolate,d8457a9bbd,1.3823
58,14,10,0.185302,0.008054,58,58,10,chocolate,d8457a9bbd,1.3823
58,15,10,0.185714,0.008222,57,57,10,chocolate,31956fe947,1.5586
58,16,10,0.185714,0.008222,57,57,10,chocolate,31956fe947,1.5586
58,17,10,0.185714,0.008222,57,57,10,chocolate,31956fe947,1.5586
58,18,10,0.185714,0.008222,57,57,10,chocolate,31956fe947,1.5586
58,19,10,0.185302,0.008054,58,58,10,chocolate,d8457a9bbd,1.3823
58,20,10,0.174398,0.007546,57,57,10,chocolate,5471d65eef,1.7188
58,21,10,0.185302,0.008054,58,58,10,chocolate,d8457a9bbd,1.3823
58,22,10,0.185302,0.008054,58,58,10,chocolate,d8457a9bbd,1.3823
58,23,10,0.185302,0.008054,58,58,10,chocolate,d8457a9bbd,1.3823
58,24,10,0.185302,0.008054,58,58,10,chocolate,d8457a9bbd,1.3823
58,25,10,0.185302,0.008054,58,58,10,chocolate,d8457a9bbd,1.3823
58,26,10,0.185302,0.008054,58,58,10,chocolate,d8457a9bbd,1.3823
58,27,10,0.142751,0.007337,58,58,10,chocolate,2580fff383,1.6066
58,28,10,0.185302,0.008054,58,58,10,chocolate,d8457a9bbd,1.3823
58,29,10,0.185714,0.008222,57,57,10,chocolate,31956fe947,1.5586
58,30,10,0.185302,0.008054,58,58,10,chocolate,d8457a9bbd,1.3823
58,31,10,0.185302,0.008054,58,58,10,chocolate,d8457a9bbd,1.3823
58,32,10,0.185714,0.008222,57,57,10,chocolate,31956fe947,1.5586
58,33,10,0.168300,0.007091,58,57,9,biscoito,140c5bc235,1.4270
58,34,10,0.185302,0.008054,58,58,10,chocolate,d8457a9bbd,1.3823
58,35,10,0.185714,0.008222,57,57,10,chocolate,31956fe947,1.5586
58,36,10,0.185714,0.008222,57,57,10,chocolate,31956fe947,1.5586
58,37,10,0.185302,0.008054,58,58,10,chocolate,d8457a9bbd,1.3823
58,38,10,0.185302,0.008054,58,58,10,chocolate,d8457a9bbd,1.3823
58,39,10,0.185302,0.008054,58,58,10,chocolate,d8457a9bbd,1.3823
58,40,10,0.185302,0.008054,58,58,10,chocolate,d8457a9bbd,1.3823
58,41,10,0.185714,0.008222,57,57,10,chocolate,31956fe947,1.5586
58,42,10,0.185714,0.008222,57,57,10,chocolate,31956fe947,1.5586
58,43,10,0.185302,0.008054,58,58,10,chocolate,d8457a9bbd,1.3823
58,44,10,0.185714,0.008222,57,57,10,chocolate,31956fe947,1.5586
58,45,10,0.185714,0.008222,57,57,10,chocolate,31956fe947,1.5586
58,46,10,0.185581,0.007966,57,57,10,chocolate,6973bff0f6,1.4961
58,47,10,0.140700,0.006936,57,57,10,chocolate,436eab7f4b,1.3675
58,48,10,0.185302,0.008054,58,58,10,chocolate,d8457a9bbd,1.3823
58,49,10,0.185302,0.008054,58,58,10,chocolate,d8457a9bbd,1.3823
59,0,10,0.185714,0.008222,57,57,10,chocolate,31956fe947,1.5586
59,1,10,0.185714,0.008222,57,57,10,chocolate,31956fe947,1.5586
59,2,10,0.185714,0.008222,57,57,10,chocolate,31956fe947,1.5586
59,3,10,0.185714,0.008222,57,57,10,chocolate,31956fe947,1.5586
59,4,10,0.185714,0.008222,57,57,10,chocolate,31956fe947,1.5586
59,5,10,0.185714,0.008222,57,57,10,chocolate,31956fe947,1.5586
59,6,10,0.185714,0.008222,57,57,10,chocolate,31956fe947,1.5586
59,7,10,0.185714,0.008222,57,57,10,chocolate,31956fe947,1.5586
59,8,10,0.185714,0.008222,57,57,10,chocolate,31956fe947,1.5586
59,9,10,0.185714,0.008222,57,57,10,chocolate,31956fe947,1.5586
59,10,10,0.185714,0.008222,57,57,10,chocolate,31956fe947,1.5586
59,11,10,0.185714,0.008222,57,57,10,chocolate,31956fe947,1.5586
59,12,10,0.185714,0.008222,57,57,10,chocolate,31956fe947,1.5586
59,13,10,0.167754,0.007702,59,59,10,chocolate,82b69609d9,1.6008
59,14,10,0.185714,0.008222,57,57,10,chocolate,31956fe947,1.5586
59,15,10,0.185302,0.008054,58,58,10,chocolate,d8457a9bbd,1.3823
59,16,10,0.172600,0.008349,60,60,10,chocolate,19ff5ae376,1.4810
59,17,10,0.185714,0.008222,57,57,10,chocolate,31956fe947,1.5586
59,18,10,0.185714,0.008222,57,57,10,chocolate,31956fe947,1.5586
59,19,10,0.185714,0.008222,57,57,10,chocolate,31956fe947,1.5586
59,20,10,0.185714,0.008222,57,57,10,chocolate,31956fe947,1.5586
59,21,10,0.173892,0.007485,56,56,10,chocolate,074a5d0dba,1.5640
59,22,10,0.185302,0.008054,58,58,10,chocolate,d8457a9bbd,1.3823
59,23,10,0.185714,0.008222,57,57,10,chocolate,31956fe947,1.5586
59,24,10,0.185714,0.008222,57,57,10,chocolate,31956fe947,1.5586
59,25,10,0.173559,0.007156,57,55,9,chocolate,d13e6c709c,1.5192
59,26,10,0.185714,0.008222,57,57,10,chocolate,31956fe947,1.5586
59,27,10,0.185714,0.008222,57,57,10,chocolate,31956fe947,1.5586
59,28,10,0.185714,0.008222,57,57,10,chocolate,31956fe947,1.5586
59,29,10,0.185714,0.008222,57,57,10,chocolate,31956fe947,1.5586
59,30,10,0.185714,0.008222,57,57,10,chocolate,31956fe947,1.5586
59,31,10,0.185714,0.008222,57,57,10,chocolate,31956fe947,1.5586
59,32,10,0.185714,0.008222,57,57,10,chocolate,31956fe947,1.5586
59,33,10,0.185302,0.008054,58,58,10,chocolate,d8457a9bbd,1.3823
59,34,10,0.185714,0.008222,57,57,10,chocolate,31956fe947,1.5586
59,35,10,0.185714,0.008222,57,57,10,chocolate,31956fe947,1.5586
59,36,10,0.185714,0.008222,57,57,10,chocolate,31956fe947,1.5586
59,37,10,0.185714,0.008222,57,57,10,chocolate,31956fe947,1.5586
59,38,10,0.185714,0.008222,57,57,10,chocolate,31956fe947,1.5586
59,39,10,0.185302,0.008054,58,58,10,chocolate,d8457a9bbd,1.3823
59,40,10,0.177553,0.007190,58,58,10,chocolate,ae1001ae46,1.4871
59,41,10,0.185714,0.008222,57,57,10,chocolate,31956fe947,1.5586
59,42,10,0.185714,0.008222,57,57,10,chocolate,31956fe947,1.5586
59,43,10,0.185714,0.008222,57,57,10,chocolate,31956fe947,1.5586
59,44,10,0.185714,0.008222,57,57,10,chocolate,31956fe947,1.5586
59,45,10,0.173466,0.007835,57,56,10,chocolate,70623ec81e,1.4513
59,46,10,0.185714,0.008222,57,57,10,chocolate,31956fe947,1.5586
59,47,10,0.185714,0.008222,57,57,10,chocolate,31956fe947,1.5586
59,48,10,0.185302,0.008054,58,58,10,chocolate,d8457a9bbd,1.3823
59,49,10,0.185714,0.008222,57,57,10,chocolate,31956fe947,1.5586
60,0,10,0.185714,0.008222,57,57,10,chocolate,31956fe947,1.5586
60,1,10,0.185714,0.008222,57,57,10,chocolate,31956fe947,1.5586
60,2,10,0.185714,0.008222,57,57,10,chocolate,31956fe947,1.5586
60,3,10,0.185714,0.008222,57,57,10,chocolate,31956fe947,1.5586
60,4,10,0.185714,0.008222,57,57,10,chocolate,31956fe947,1.5586
60,5,10,0.185714,0.008222,57,57,10,chocolate,31956fe947,1.5586
60,6,10,0.185714,0.008222,57,57,10,chocolate,31956fe947,1.5586
60,7,10,0.185714,0.008222,57,57,10,chocolate,31956fe947,1.5586
60,8,10,0.185714,0.008222,57,57,10,chocolate,31956fe947,1.5586
60,9,10,0.185714,0.008222,57,57,10,chocolate,31956fe947,1.5586
60,10,10,0.185714,0.008222,57,57,10,chocolate,31956fe947,1.5586
60,11,10,0.185714,0.008222,57,57,10,chocolate,31956fe947,1.5586
60,12,10,0.185714,0.008222,57,57,10,chocolate,31956fe947,1.5586
60,13,10,0.185714,0.008222,57,57,10,chocolate,31956fe947,1.5586
60,14,10,0.160165,0.007281,56,55,9,biscoito,b8c5a7f5a2,1.5583
60,15,10,0.185714,0.008222,57,57,10,chocolate,31956fe947,1.5586
60,16,10,0.173386,0.007697,54,54,10,chocolate,2f43e18e66,1.4728
60,17,10,0.185714,0.008222,57,57,10,chocolate,31956fe947,1.5586
60,18,10,0.185714,0.008222,57,57,10,chocolate,31956fe947,1.5586
60,19,10,0.185714,0.008222,57,57,10,chocolate,31956fe947,1.5586
60,20,10,0.174504,0.007755,58,58,10,chocolate,0bd6da47b7,1.4411
60,21,10,0.185714,0.008222,57,57,10,chocolate,31956fe947,1.5586
60,22,10,0.185714,0.008222,57,57,10,chocolate,31956fe947,1.5586
60,23,10,0.185714,0.008222,57,57,10,chocolate,31956fe947,1.5586
60,24,10,0.185714,0.008222,57,57,10,chocolate,31956fe947,1.5586
60,25,10,0.185714,0.008222,57,57,10,chocolate,31956fe947,1.5586
60,26,10,0.185714,0.008222,57,57,10,chocolate,31956fe947,1.5586
60,27,10,0.162428,0.007955,56,56,10,chocolate,01de7419c8,1.5375
60,28,10,0.185714,0.008222,57,57,10,chocolate,31956fe947,1.5586
60,29,10,0.185714,0.008222,57,57,10,chocolate,31956fe947,1.5586
60,30,10,0.185714,0.008222,57,57,10,chocolate,31956fe947,1.5586
60,31,10,0.185714,0.008222,57,57,10,chocolate,31956fe947,1.5586
60,32,10,0.185714,0.008222,57,57,10,chocolate,31956fe947,1.5586
60,33,10,0.185714,0.008222,57,57,10,chocolate,31956fe947,1.5586
60,34,10,0.185714,0.008222,57,57,10,chocolate,31956fe947,1.5586
60,35,10,0.185714,0.008222,57,57,10,chocolate,31956fe947,1.5586
60,36,10,0.185714,0.008222,57,57,10,chocolate,31956fe947,1.5586
60,37,10,0.185714,0.008222,57,57,10,chocolate,31956fe947,1.5586
60,38,10,0.185714,0.008222,57,57,10,chocolate,31956fe947,1.5586
60,39,10,0.185714,0.008222,57,57,10,chocolate,31956fe947,1.5586
60,40,10,0.185714,0.008222,57,57,10,chocolate,31956fe947,1.5586
60,41,10,0.185714,0.008222,57,57,10,chocolate,31956fe947,1.5586
60,42,10,0.185714,0.008222,57,57,10,chocolate,31956fe947,1.5586
60,43,10,0.185714,0.008222,57,57,10,chocolate,31956fe947,1.5586
60,44,10,0.160857,0.007354,58,58,10,chocolate,fa8cd7dc20,1.4838
60,45,10,0.185714,0.008222,57,57,10,chocolate,31956fe947,1.5586
60,46,10,0.185714,0.008222,57,57,10,chocolate,31956fe947,1.5586
60,47,10,0.185714,0.008222,57,57,10,chocolate,31956fe947,1.5586
60,48,10,0.185714,0.008222,57,57,10,chocolate,31956fe947,1.5586
60,49,10,0.185714,0.008222,57,57,10,chocolate,31956fe947,1.5586
61,0,10,0.185714,0.008222,57,57,10,chocolate,31956fe947,1.5586
61,1,10,0.185714,0.008222,57,57,10,chocolate,31956fe947,1.5586
61,2,10,0.185714,0.008222,57,57,10,chocolate,31956fe947,1.5586
61,3,10,0.185714,0.008222,57,57,10,chocolate,31956fe947,1.5586
61,4,10,0.185714,0.008222,57,57,10,chocolate,31956fe947,1.5586
61,5,10,0.185714,0.008222,57,57,10,chocolate,31956fe947,1.5586
61,6,10,0.185714,0.008222,57,57,10,chocolate,31956fe947,1.5586
61,7,10,0.185714,0.008222,57,57,10,chocolate,31956fe947,1.5586
61,8,10,0.185714,0.008222,57,57,10,chocolate,31956fe947,1.5586
61,9,10,0.185714,0.008222,57,57,10,chocolate,31956fe947,1.5586
61,10,10,0.140474,0.007082,57,57,10,chocolate,89a7ebb2ba,1.6381
61,11,10,0.185714,0.008222,57,57,10,chocolate,31956fe947,1.5586
61,12,10,0.185714,0.008222,57,57,10,chocolate,31956fe947,1.5586
61,13,10,0.185714,0.008222,57,57,10,chocolate,31956fe947,1.5586
61,14,10,0.185714,0.008222,57,57,10,chocolate,31956fe947,1.5586
61,15,10,0.185714,0.008222,57,57,10,chocolate,31956fe947,1.5586
61,16,10,0.185714,0.008222,57,57,10,chocolate,31956fe947,1.5586
61,17,10,0.185714,0.008222,57,57,10,chocolate,31956fe947,1.5586
61,18,10,0.178964,0.007466,60,58,10,chocolate,a770321f5b,1.4844
61,19,10,0.185714,0.008222,57,57,10,chocolate,31956fe947,1.5586
61,20,10,0.163068,0.008087,59,59,10,chocolate,09fa87f8d9,1.5143
61,21,10,0.185714,0.008222,57,57,10,chocolate,31956fe947,1.5586
61,22,10,0.185714,0.008222,57,57,10,chocolate,31956fe947,1.5586
61,23,10,0.185714,0.008222,57,57,10,chocolate,31956fe947,1.5586
61,24,10,0.185714,0.008222,57,57,10,chocolate,31956fe947,1.5586
61,25,10,0.185714,0.008222,57,57,10,chocolate,31956fe947,1.5586
61,26,10,0.185714,0.008222,57,57,10,chocolate,31956fe947,1.5586
61,27,10,0.185714,0.008222,57,57,10,chocolate,31956fe947,1.5586
61,28,10,0.176235,0.007998,57,57,10,chocolate,1ae8e93386,1.4826
61,29,10,0.185714,0.008222,57,57,10,chocolate,31956fe947,1.5586
61,30,10,0.183691,0.007932,58,58,10,chocolate,78e80899a0,1.4856
61,31,10,0.185714,0.008222,57,57,10,chocolate,31956fe947,1.5586
61,32,10,0.185714,0.008222,57,57,10,chocolate,31956fe947,1.5586
61,33,10,0.185714,0.008222,57,57,10,chocolate,31956fe947,1.5586
61,34,10,0.185714,0.008222,57,57,10,chocolate,31956fe947,1.5586
61,35,10,0.185714,0.008222,57,57,10,chocolate,31956fe947,1.5586
61,36,10,0.185714,0.008222,57,57,10,chocolate,31956fe947,1.5586
61,37,10,0.173732,0.007400,56,56,10,chocolate,117f7c5133,1.4623
61,38,10,0.185714,0.008222,57,57,10,chocolate,31956fe947,1.5586
61,39,10,0.185714,0.008222,57,57,10,chocolate,31956fe947,1.5586
61,40,10,0.185714,0.008222,57,57,10,chocolate,31956fe947,1.5586
61,41,10,0.185714,0.008222,57,57,10,chocolate,31956fe947,1.5586
61,42,10,0.185714,0.008222,57,57,10,chocolate,31956fe947,1.5586
61,43,10,0.185714,0.008222,57,57,10,chocolate,31956fe947,1.5586
61,44,10,0.158314,0.007050,57,55,9,biscoito,924b0547ec,1.5557
61,45,10,0.185714,0.008222,57,57,10,chocolate,31956fe947,1.5586
61,46,10,0.185714,0.008222,57,57,10,chocolate,31956fe947,1.5586
61,47,10,0.185714,0.008222,57,57,10,chocolate,31956fe947,1.5586
61,48,10,0.185714,0.008222,57,57,10,chocolate,31956fe947,1.5586
61,49,10,0.185714,0.008222,57,57,10,chocolate,31956fe947,1.5586
62,0,10,0.185714,0.008222,57,57,10,chocolate,31956fe947,1.5586
62,1,10,0.185714,0.008222,57,57,10,chocolate,31956fe947,1.5586
62,2,10,0.185714,0.008222,57,57,10,chocolate,31956fe947,1.5586
62,3,10,0.185714,0.008222,57,57,10,chocolate,31956fe947,1.5586
62,4,10,0.185714,0.008222,57,57,10,chocolate,31956fe947,1.5586
62,5,10,0.185714,0.008222,57,57,10,chocolate,31956fe947,1.5586
62,6,10,0.185714,0.008222,57,57,10,chocolate,31956fe947,1.5586
62,7,10,0.185714,0.008222,57,57,10,chocolate,31956fe947,1.5586
62,8,10,0.162894,0.007573,56,56,10,chocolate,0ffcad5bb4,1.9601
62,9,10,0.185714,0.008222,57,57,10,chocolate,31956fe947,1.5586
62,10,10,0.185714,0.008222,57,57,10,chocolate,31956fe947,1.5586
62,11,10,0.185714,0.008222,57,57,10,chocolate,31956fe947,1.5586
62,12,10,0.179790,0.008374,57,56,10,chocolate,f0029b72d6,1.6812
62,13,10,0.185714,0.008222,57,57,10,chocolate,31956fe947,1.5586
62,14,10,0.167301,0.006961,58,55,9,biscoito,398cafa808,1.5867
62,15,10,0.185714,0.008222,57,57,10,chocolate,31956fe947,1.5586
62,16,10,0.185714,0.008222,57,57,10,chocolate,31956fe947,1.5586
62,17,10,0.185714,0.008222,57,57,10,chocolate,31956fe947,1.5586
62,18,10,0.185714,0.008222,57,57,10,chocolate,31956fe947,1.5586
62,19,10,0.185714,0.008222,57,57,10,chocolate,31956fe947,1.5586
62,20,10,0.182053,0.007888,57,57,10,chocolate,a1b6cf08b4,1.6117
62,21,10,0.185714,0.008222,57,57,10,chocolate,31956fe947,1.5586
62,22,10,0.185714,0.008222,57,57,10,chocolate,31956fe947,1.5586
62,23,10,0.185714,0.008222,57,57,10,chocolate,31956fe947,1.5586
62,24,10,0.185714,0.008222,57,57,10,chocolate,31956fe947,1.5586
62,25,10,0.185714,0.008222,57,57,10,chocolate,31956fe947,1.5586
62,26,10,0.185714,0.008222,57,57,10,chocolate,31956fe947,1.5586
62,27,10,0.185714,0.008222,57,57,10,chocolate,31956fe947,1.5586
62,28,10,0.185714,0.008222,57,57,10,chocolate,31956fe947,1.5586
62,29,10,0.185714,0.008222,57,57,10,chocolate,31956fe947,1.5586
62,30,10,0.185714,0.008222,57,57,10,chocolate,31956fe947,1.5586
62,31,10,0.185714,0.008222,57,57,10,chocolate,31956fe947,1.5586
62,32,10,0.185714,0.008222,57,57,10,chocolate,31956fe947,1.5586
62,33,10,0.185714,0.008222,57,57,10,chocolate,31956fe947,1.5586
62,34,10,0.185714,0.008222,57,57,10,chocolate,31956fe947,1.5586
62,35,10,0.185714,0.008222,57,57,10,chocolate,31956fe947,1.5586
62,36,10,0.185714,0.008222,57,57,10,chocolate,31956fe947,1.5586
62,37,10,0.185714,0.008222,57,57,10,chocolate,31956fe947,1.5586
62,38,10,0.185714,0.008222,57,57,10,chocolate,31956fe947,1.5586
62,39,10,0.185714,0.008222,57,57,10,chocolate,31956fe947,1.5586
62,40,10,0.185714,0.008222,57,57,10,chocolate,31956fe947,1.5586
62,41,10,0.185714,0.008222,57,57,10,chocolate,31956fe947,1.5586
62,42,10,0.185714,0.008222,57,57,10,chocolate,31956fe947,1.5586
62,43,10,0.185714,0.008222,57,57,10,chocolate,31956fe947,1.5586
62,44,10,0.185714,0.008222,57,57,10,chocolate,31956fe947,1.5586
62,45,10,0.139489,0.006823,55,55,10,chocolate,ca8fba99b0,1.5012
62,46,10,0.185714,0.008222,57,57,10,chocolate,31956fe947,1.5586
62,47,10,0.185714,0.008222,57,57,10,chocolate,31956fe947,1.5586
62,48,10,0.185714,0.008222,57,57,10,chocolate,31956fe947,1.5586
62,49,10,0.185714,0.008222,57,57,10,chocolate,31956fe947,1.5586
63,0,10,0.185714,0.008222,57,57,10,chocolate,31956fe947,1.5586
63,1,10,0.185714,0.008222,57,57,10,chocolate,31956fe947,1.5586
63,2,10,0.185714,0.008222,57,57,10,chocolate,31956fe947,1.5586
63,3,10,0.185714,0.008222,57,57,10,chocolate,31956fe947,1.5586
63,4,10,0.185714,0.008222,57,57,10,chocolate,31956fe947,1.5586
63,5,10,0.185714,0.008222,57,57,10,chocolate,31956fe947,1.5586
63,6,10,0.185714,0.008222,57,57,10,chocolate,31956fe947,1.5586
63,7,10,0.185714,0.008222,57,57,10,chocolate,31956fe947,1.5586
63,8,10,0.185714,0.008222,57,57,10,chocolate,31956fe947,1.5586
63,9,10,0.185714,0.008222,57,57,10,chocolate,31956fe947,1.5586
63,10,10,0.185714,0.008222,57,57,10,chocolate,31956fe947,1.5586
63,11,10,0.185714,0.008222,57,57,10,chocolate,31956fe947,1.5586
63,12,10,0.185714,0.008222,57,57,10,chocolate,31956fe947,1.5586
63,13,10,0.185714,0.008222,57,57,10,chocolate,31956fe947,1.5586
63,14,10,0.185714,0.008222,57,57,10,chocolate,31956fe947,1.5586
63,15,10,0.185714,0.008222,57,57,10,chocolate,31956fe947,1.5586
63,16,10,0.185714,0.008222,57,57,10,chocolate,31956fe947,1.5586
63,17,10,0.185714,0.008222,57,57,10,chocolate,31956fe947,1.5586
63,18,10,0.185714,0.008222,57,57,10,chocolate,31956fe947,1.5586
63,19,10,0.185714,0.008222,57,57,10,chocolate,31956fe947,1.5586
63,20,10,0.185714,0.008222,57,57,10,chocolate,31956fe947,1.5586
63,21,10,0.185714,0.008222,57,57,10,chocolate,31956fe947,1.5586
63,22,10,0.185714,0.008222,57,57,10,chocolate,31956fe947,1.5586
63,23,10,0.188244,0.007998,58,58,10,chocolate,69850fa05e,1.6148
63,24,10,0.185714,0.008222,57,57,10,chocolate,31956fe947,1.5586
63,25,10,0.185714,0.008222,57,57,10,chocolate,31956fe947,1.5586
63,26,10,0.185714,0.008222,57,57,10,chocolate,31956fe947,1.5586
63,27,10,0.185714,0.008222,57,57,10,chocolate,31956fe947,1.5586
63,28,10,0.185714,0.008222,57,57,10,chocolate,31956fe947,1.5586
63,29,10,0.185714,0.008222,57,57,10,chocolate,31956fe947,1.5586
63,30,10,0.185714,0.008222,57,57,10,chocolate,31956fe947,1.5586
63,31,10,0.185714,0.008222,57,57,10,chocolate,31956fe947,1.5586
63,32,10,0.185714,0.008222,57,57,10,chocolate,31956fe947,1.5586
63,33,10,0.185714,0.008222,57,57,10,chocolate,31956fe947,1.5586
63,34,10,0.185714,0.008222,57,57,10,chocolate,31956fe947,1.5586
63,35,10,0.185714,0.008222,57,57,10,chocolate,31956fe947,1.5586
63,36,10,0.185714,0.008222,57,57,10,chocolate,31956fe947,1.5586
63,37,10,0.185714,0.008222,57,57,10,chocolate,31956fe947,1.5586
63,38,10,0.185714,0.008222,57,57,10,chocolate,31956fe947,1.5586
63,39,10,0.185714,0.008222,57,57,10,chocolate,31956fe947,1.5586
63,40,10,0.174118,0.007472,56,55,10,chocolate,fa804485ad,1.4394
63,41,10,0.185714,0.008222,57,57,10,chocolate,31956fe947,1.5586
63,42,10,0.185714,0.008222,57,57,10,chocolate,31956fe947,1.5586
63,43,10,0.174744,0.007860,56,55,10,chocolate,b28eabf8f4,1.4325
63,44,10,0.185714,0.008222,57,57,10,chocolate,31956fe947,1.5586
63,45,10,0.185714,0.008222,57,57,10,chocolate,31956fe947,1.5586
63,46,10,0.185714,0.008222,57,57,10,chocolate,31956fe947,1.5586
63,47,10,0.185714,0.008222,57,57,10,chocolate,31956fe947,1.5586
63,48,10,0.185714,0.008222,57,57,10,chocolate,31956fe947,1.5586
63,49,10,0.185714,0.008222,57,57,10,chocolate,31956fe947,1.5586
64,0,10,0.188244,0.007998,58,58,10,chocolate,69850fa05e,1.6148
64,1,10,0.185714,0.008222,57,57,10,chocolate,31956fe947,1.5586
64,2,10,0.185714,0.008222,57,57,10,chocolate,31956fe947,1.5586
64,3,10,0.185714,0.008222,57,57,10,chocolate,31956fe947,1.5586
64,4,10,0.185714,0.008222,57,57,10,chocolate,31956fe947,1.5586
64,5,10,0.185714,0.008222,57,57,10,chocolate,31956fe947,1.5586
64,6,10,0.185714,0.008222,57,57,10,chocolate,31956fe947,1.5586
64,7,10,0.185714,0.008222,57,57,10,chocolate,31956fe947,1.5586
64,8,10,0.185714,0.008222,57,57,10,chocolate,31956fe947,1.5586
64,9,10,0.185714,0.008222,57,57,10,chocolate,31956fe947,1.5586
64,10,10,0.185714,0.008222,57,57,10,chocolate,31956fe947,1.5586
64,11,10,0.185714,0.008222,57,57,10,chocolate,31956fe947,1.5586
64,12,10,0.185714,0.008222,57,57,10,chocolate,31956fe947,1.5586
64,13,10,0.185714,0.008222,57,57,10,chocolate,31956fe947,1.5586
64,14,10,0.185714,0.008222,57,57,10,chocolate,31956fe947,1.5586
64,15,10,0.185714,0.008222,57,57,10,chocolate,31956fe947,1.5586
64,16,10,0.185714,0.008222,57,57,10,chocolate,31956fe947,1.5586
64,17,10,0.185714,0.008222,57,57,10,chocolate,31956fe947,1.5586
64,18,10,0.185714,0.008222,57,57,10,chocolate,31956fe947,1.5586
64,19,10,0.157130,0.007299,59,59,10,chocolate,d2782fe91f,1.6966
64,20,10,0.185714,0.008222,57,57,10,chocolate,31956fe947,1.5586
64,21,10,0.185714,0.008222,57,57,10,chocolate,31956fe947,1.5586
64,22,10,0.185714,0.008222,57,57,10,chocolate,31956fe947,1.5586
64,23,10,0.185714,0.008222,57,57,10,chocolate,31956fe947,1.5586
64,24,10,0.185714,0.008222,57,57,10,chocolate,31956fe947,1.5586
64,25,10,0.185714,0.008222,57,57,10,chocolate,31956fe947,1.5586
64,26,10,0.185714,0.008222,57,57,10,chocolate,31956fe947,1.5586
64,27,10,0.185714,0.008222,57,57,10,chocolate,31956fe947,1.5586
64,28,10,0.185714,0.008222,57,57,10,chocolate,31956fe947,1.5586
64,29,10,0.185714,0.008222,57,57,10,chocolate,31956fe947,1.5586
64,30,10,0.185714,0.008222,57,57,10,chocolate,31956fe947,1.5586
64,31,10,0.185714,0.008222,57,57,10,chocolate,31956fe947,1.5586
64,32,10,0.173838,0.007690,54,54,10,chocolate,61099c9b7d,1.4135
64,33,10,0.176594,0.007176,59,59,10,chocolate,34f61d2ce6,1.5000
64,34,10,0.175809,0.007450,58,58,10,chocolate,02c9edceed,1.5812
64,35,10,0.188244,0.007998,58,58,10,chocolate,69850fa05e,1.6148
64,36,10,0.185714,0.008222,57,57,10,chocolate,31956fe947,1.5586
64,37,10,0.168633,0.007256,57,56,9,iogurte,26e648159f,1.6488
64,38,10,0.172094,0.007565,53,53,10,chocolate,c461bccb90,1.8996
64,39,10,0.185714,0.008222,57,57,10,chocolate,31956fe947,1.5586
64,40,10,0.185714,0.008222,57,57,10,chocolate,31956fe947,1.5586
64,41,10,0.185714,0.008222,57,57,10,chocolate,31956fe947,1.5586
64,42,10,0.185714,0.008222,57,57,10,chocolate,31956fe947,1.5586
64,43,10,0.185714,0.008222,57,57,10,chocolate,31956fe947,1.5586
64,44,10,0.185714,0.008222,57,57,10,chocolate,31956fe947,1.5586
64,45,10,0.185714,0.008222,57,57,10,chocolate,31956fe947,1.5586
64,46,10,0.185714,0.008222,57,57,10,chocolate,31956fe947,1.5586
64,47,10,0.185714,0.008222,57,57,10,chocolate,31956fe947,1.5586
64,48,10,0.175915,0.007474,59,59,10,carne de ave,e6d10e4723,1.5905
64,49,10,0.185714,0.008222,57,57,10,chocolate,31956fe947,1.5586
65,0,10,0.188244,0.007998,58,58,10,chocolate,69850fa05e,1.6148
65,1,10,0.188244,0.007998,58,58,10,chocolate,69850fa05e,1.6148
65,2,10,0.185714,0.008222,57,57,10,chocolate,31956fe947,1.5586
65,3,10,0.185714,0.008222,57,57,10,chocolate,31956fe947,1.5586
65,4,10,0.185714,0.008222,57,57,10,chocolate,31956fe947,1.5586
65,5,10,0.185714,0.008222,57,57,10,chocolate,31956fe947,1.5586
65,6,10,0.185714,0.008222,57,57,10,chocolate,31956fe947,1.5586
65,7,10,0.188244,0.007998,58,58,10,chocolate,69850fa05e,1.6148
65,8,10,0.185714,0.008222,57,57,10,chocolate,31956fe947,1.5586
65,9,10,0.185714,0.008222,57,57,10,chocolate,31956fe947,1.5586
65,10,10,0.142884,0.006622,56,55,9,refrigerante,1662ddc8d9,1.5686
65,11,10,0.185714,0.008222,57,57,10,chocolate,31956fe947,1.5586
65,12,10,0.185714,0.008222,57,57,10,chocolate,31956fe947,1.5586
65,13,10,0.185714,0.008222,57,57,10,chocolate,31956fe947,1.5586
65,14,10,0.185714,0.008222,57,57,10,chocolate,31956fe947,1.5586
65,15,10,0.185714,0.008222,57,57,10,chocolate,31956fe947,1.5586
65,16,10,0.185714,0.008222,57,57,10,chocolate,31956fe947,1.5586
65,17,10,0.171415,0.007055,53,52,9,chocolate,43c7ffe400,1.5008
65,18,10,0.185714,0.008222,57,57,10,chocolate,31956fe947,1.5586
65,19,10,0.185714,0.008222,57,57,10,chocolate,31956fe947,1.5586
65,20,10,0.188244,0.007998,58,58,10,chocolate,69850fa05e,1.6148
65,21,10,0.185714,0.008222,57,57,10,chocolate,31956fe947,1.5586
65,22,10,0.188244,0.007998,58,58,10,chocolate,69850fa05e,1.6148
65,23,10,0.188244,0.007998,58,58,10,chocolate,69850fa05e,1.6148
65,24,10,0.185714,0.008222,57,57,10,chocolate,31956fe947,1.5586
65,25,10,0.188244,0.007998,58,58,10,chocolate,69850fa05e,1.6148
65,26,10,0.188244,0.007998,58,58,10,chocolate,69850fa05e,1.6148
65,27,10,0.185714,0.008222,57,57,10,chocolate,31956fe947,1.5586
65,28,10,0.185714,0.008222,57,57,10,chocolate,31956fe947,1.5586
65,29,10,0.185714,0.008222,57,57,10,chocolate,31956fe947,1.5586
65,30,10,0.185714,0.008222,57,57,10,chocolate,31956fe947,1.5586
65,31,10,0.185714,0.008222,57,57,10,chocolate,31956fe947,1.5586
65,32,10,0.185714,0.008222,57,57,10,chocolate,31956fe947,1.5586
65,33,10,0.185714,0.008222,57,57,10,chocolate,31956fe947,1.5586
65,34,10,0.185714,0.008222,57,57,10,chocolate,31956fe947,1.5586
65,35,10,0.133418,0.007115,58,58,10,chocolate,35b189117f,1.4430
65,36,10,0.185714,0.008222,57,57,10,chocolate,31956fe947,1.5586
65,37,10,0.151391,0.007708,56,56,10,chocolate,cb39e7f042,1.4673
65,38,10,0.185714,0.008222,57,57,10,chocolate,31956fe947,1.5586
65,39,10,0.188244,0.007998,58,58,10,chocolate,69850fa05e,1.6148
65,40,10,0.165291,0.007042,57,57,10,saponaceo,90dfa5d749,1.5338
65,41,10,0.185714,0.008222,57,57,10,chocolate,31956fe947,1.5586
65,42,10,0.185714,0.008222,57,57,10,chocolate,31956fe947,1.5586
65,43,10,0.185714,0.008222,57,57,10,chocolate,31956fe947,1.5586
65,44,10,0.185714,0.008222,57,57,10,chocolate,31956fe947,1.5586
65,45,10,0.185714,0.008222,57,57,10,chocolate,31956fe947,1.5586
65,46,10,0.185714,0.008222,57,57,10,chocolate,31956fe947,1.5586
65,47,10,0.185714,0.008222,57,57,10,chocolate,31956fe947,1.5586
65,48,10,0.162854,0.007396,59,59,10,chocolate,5ab46faa23,1.5244
65,49,10,0.188244,0.007998,58,58,10,chocolate,69850fa05e,1.6148
66,0,10,0.188244,0.007998,58,58,10,chocolate,69850fa05e,1.6148
66,1,10,0.188244,0.007998,58,58,10,chocolate,69850fa05e,1.6148
66,2,10,0.188244,0.007998,58,58,10,chocolate,69850fa05e,1.6148
66,3,10,0.188244,0.007998,58,58,10,chocolate,69850fa05e,1.6148
66,4,10,0.188244,0.007998,58,58,10,chocolate,69850fa05e,1.6148
66,5,10,0.139183,0.006830,57,57,10,chocolate,e19b4f0cd6,1.6546
66,6,10,0.178578,0.006928,60,59,9,desodorante,e3d223f48f,1.4990
66,7,10,0.185714,0.008222,57,57,10,chocolate,31956fe947,1.5586
66,8,10,0.185714,0.008222,57,57,10,chocolate,31956fe947,1.5586
66,9,10,0.185714,0.008222,57,57,10,chocolate,31956fe947,1.5586
66,10,10,0.188244,0.007998,58,58,10,chocolate,69850fa05e,1.6148
66,11,10,0.188244,0.007998,58,58,10,chocolate,69850fa05e,1.6148
66,12,10,0.188244,0.007998,58,58,10,chocolate,69850fa05e,1.6148
66,13,10,0.174797,0.007111,54,54,9,padaria e confeitaria industrializado,538899e152,1.4702
66,14,10,0.185714,0.008222,57,57,10,chocolate,31956fe947,1.5586
66,15,10,0.188244,0.007998,58,58,10,chocolate,69850fa05e,1.6148
66,16,10,0.188244,0.007998,58,58,10,chocolate,69850fa05e,1.6148
66,17,10,0.183291,0.007868,60,60,10,chocolate,02d2e97127,1.3792
66,18,10,0.188244,0.007998,58,58,10,chocolate,69850fa05e,1.6148
66,19,10,0.188244,0.007998,58,58,10,chocolate,69850fa05e,1.6148
66,20,10,0.170656,0.007824,55,55,10,chocolate,eb22a79578,1.4748
66,21,10,0.188244,0.007998,58,58,10,chocolate,69850fa05e,1.6148
66,22,10,0.185714,0.008222,57,57,10,chocolate,31956fe947,1.5586
66,23,10,0.175010,0.007294,56,55,9,refrigerante,28d46ee086,1.4753
66,24,10,0.185714,0.008222,57,57,10,chocolate,31956fe947,1.5586
66,25,10,0.185714,0.008222,57,57,10,chocolate,31956fe947,1.5586
66,26,10,0.188244,0.007998,58,58,10,chocolate,69850fa05e,1.6148
66,27,10,0.188244,0.007998,58,58,10,chocolate,69850fa05e,1.6148
66,28,10,0.188244,0.007998,58,58,10,chocolate,69850fa05e,1.6148
66,29,10,0.185714,0.008222,57,57,10,chocolate,31956fe947,1.5586
66,30,10,0.188244,0.007998,58,58,10,chocolate,69850fa05e,1.6148
66,31,10,0.185714,0.008222,57,57,10,chocolate,31956fe947,1.5586
66,32,10,0.188244,0.007998,58,58,10,chocolate,69850fa05e,1.6148
66,33,10,0.188244,0.007998,58,58,10,chocolate,69850fa05e,1.6148
66,34,10,0.188244,0.007998,58,58,10,chocolate,69850fa05e,1.6148
66,35,10,0.185714,0.008222,57,57,10,chocolate,31956fe947,1.5586
66,36,10,0.185714,0.008222,57,57,10,chocolate,31956fe947,1.5586
66,37,10,0.170776,0.007655,58,58,10,chocolate,bacc3ec2fd,1.4696
66,38,10,0.188244,0.007998,58,58,10,chocolate,69850fa05e,1.6148
66,39,10,0.185714,0.008222,57,57,10,chocolate,31956fe947,1.5586
66,40,10,0.188244,0.007998,58,58,10,chocolate,69850fa05e,1.6148
66,41,10,0.188244,0.007998,58,58,10,chocolate,69850fa05e,1.6148
66,42,10,0.142884,0.006622,56,55,9,refrigerante,1662ddc8d9,1.5686
66,43,10,0.188244,0.007998,58,58,10,chocolate,69850fa05e,1.6148
66,44,10,0.185714,0.008222,57,57,10,chocolate,31956fe947,1.5586
66,45,10,0.185714,0.008222,57,57,10,chocolate,31956fe947,1.5586
66,46,10,0.188244,0.007998,58,58,10,chocolate,69850fa05e,1.6148
66,47,10,0.188244,0.007998,58,58,10,chocolate,69850fa05e,1.6148
66,48,10,0.185714,0.008222,57,57,10,chocolate,31956fe947,1.5586
66,49,10,0.185714,0.008222,57,57,10,chocolate,31956fe947,1.5586
67,0,10,0.188244,0.007998,58,58,10,chocolate,69850fa05e,1.6148
67,1,10,0.188244,0.007998,58,58,10,chocolate,69850fa05e,1.6148
67,2,10,0.188244,0.007998,58,58,10,chocolate,69850fa05e,1.6148
67,3,10,0.188244,0.007998,58,58,10,chocolate,69850fa05e,1.6148
67,4,10,0.188244,0.007998,58,58,10,chocolate,69850fa05e,1.6148
67,5,10,0.188244,0.007998,58,58,10,chocolate,69850fa05e,1.6148
67,6,10,0.188244,0.007998,58,58,10,chocolate,69850fa05e,1.6148
67,7,10,0.185714,0.008222,57,57,10,chocolate,31956fe947,1.5586
67,8,10,0.188244,0.007998,58,58,10,chocolate,69850fa05e,1.6148
67,9,10,0.188244,0.007998,58,58,10,chocolate,69850fa05e,1.6148
67,10,10,0.188244,0.007998,58,58,10,chocolate,69850fa05e,1.6148
67,11,10,0.188244,0.007998,58,58,10,chocolate,69850fa05e,1.6148
67,12,10,0.188244,0.007998,58,58,10,chocolate,69850fa05e,1.6148
67,13,10,0.179443,0.007840,57,57,10,chocolate,5c9a77cac8,1.6708
67,14,10,0.188244,0.007998,58,58,10,chocolate,69850fa05e,1.6148
67,15,10,0.188244,0.007998,58,58,10,chocolate,69850fa05e,1.6148
67,16,10,0.188244,0.007998,58,58,10,chocolate,69850fa05e,1.6148
67,17,10,0.188244,0.007998,58,58,10,chocolate,69850fa05e,1.6148
67,18,10,0.176514,0.007736,57,56,10,chocolate,4fcd5e4f54,1.5843
67,19,10,0.188244,0.007998,58,58,10,chocolate,69850fa05e,1.6148
67,20,10,0.188244,0.007998,58,58,10,chocolate,69850fa05e,1.6148
67,21,10,0.188244,0.007998,58,58,10,chocolate,69850fa05e,1.6148
67,22,10,0.188244,0.007998,58,58,10,chocolate,69850fa05e,1.6148
67,23,10,0.188244,0.007998,58,58,10,chocolate,69850fa05e,1.6148
67,24,10,0.188244,0.007998,58,58,10,chocolate,69850fa05e,1.6148
67,25,10,0.185714,0.008222,57,57,10,chocolate,31956fe947,1.5586
67,26,10,0.163920,0.007265,59,59,10,chocolate,5a52d3610e,1.4792
67,27,10,0.188244,0.007998,58,58,10,chocolate,69850fa05e,1.6148
67,28,10,0.188244,0.007998,58,58,10,chocolate,69850fa05e,1.6148
67,29,10,0.160085,0.007371,59,58,10,chocolate,3fd433e0c8,1.4663
67,30,10,0.188244,0.007998,58,58,10,chocolate,69850fa05e,1.6148
67,31,10,0.188244,0.007998,58,58,10,chocolate,69850fa05e,1.6148
67,32,10,0.188244,0.007998,58,58,10,chocolate,69850fa05e,1.6148
67,33,10,0.188244,0.007998,58,58,10,chocolate,69850fa05e,1.6148
67,34,10,0.188244,0.007998,58,58,10,chocolate,69850fa05e,1.6148
67,35,10,0.175835,0.007312,57,57,10,chocolate,1ef034e017,1.4585
67,36,10,0.188244,0.007998,58,58,10,chocolate,69850fa05e,1.6148
67,37,10,0.188244,0.007998,58,58,10,chocolate,69850fa05e,1.6148
67,38,10,0.188244,0.007998,58,58,10,chocolate,69850fa05e,1.6148
67,39,10,0.188244,0.007998,58,58,10,chocolate,69850fa05e,1.6148
67,40,10,0.188244,0.007998,58,58,10,chocolate,69850fa05e,1.6148
67,41,10,0.188244,0.007998,58,58,10,chocolate,69850fa05e,1.6148
67,42,10,0.188244,0.007998,58,58,10,chocolate,69850fa05e,1.6148
67,43,10,0.188244,0.007998,58,58,10,chocolate,69850fa05e,1.6148
67,44,10,0.188244,0.007998,58,58,10,chocolate,69850fa05e,1.6148
67,45,10,0.185714,0.008222,57,57,10,chocolate,31956fe947,1.5586
67,46,10,0.188244,0.007998,58,58,10,chocolate,69850fa05e,1.6148
67,47,10,0.188244,0.007998,58,58,10,chocolate,69850fa05e,1.6148
67,48,10,0.188244,0.007998,58,58,10,chocolate,69850fa05e,1.6148
67,49,10,0.188244,0.007998,58,58,10,chocolate,69850fa05e,1.6148
68,0,10,0.188244,0.007998,58,58,10,chocolate,69850fa05e,1.6148
68,1,10,0.188244,0.007998,58,58,10,chocolate,69850fa05e,1.6148
68,2,10,0.188244,0.007998,58,58,10,chocolate,69850fa05e,1.6148
68,3,10,0.188244,0.007998,58,58,10,chocolate,69850fa05e,1.6148
68,4,10,0.188244,0.007998,58,58,10,chocolate,69850fa05e,1.6148
68,5,10,0.188244,0.007998,58,58,10,chocolate,69850fa05e,1.6148
68,6,10,0.177526,0.007541,60,60,10,chocolate,79a75c78ac,1.6226
68,7,10,0.188244,0.007998,58,58,10,chocolate,69850fa05e,1.6148
68,8,10,0.188244,0.007998,58,58,10,chocolate,69850fa05e,1.6148
68,9,10,0.188244,0.007998,58,58,10,chocolate,69850fa05e,1.6148
68,10,10,0.188244,0.007998,58,58,10,chocolate,69850fa05e,1.6148
68,11,10,0.188244,0.007998,58,58,10,chocolate,69850fa05e,1.6148
68,12,10,0.188244,0.007998,58,58,10,chocolate,69850fa05e,1.6148
68,13,10,0.188244,0.007998,58,58,10,chocolate,69850fa05e,1.6148
68,14,10,0.188244,0.007998,58,58,10,chocolate,69850fa05e,1.6148
68,15,10,0.188244,0.007998,58,58,10,chocolate,69850fa05e,1.6148
68,16,10,0.188244,0.007998,58,58,10,chocolate,69850fa05e,1.6148
68,17,10,0.188244,0.007998,58,58,10,chocolate,69850fa05e,1.6148
68,18,10,0.188244,0.007998,58,58,10,chocolate,69850fa05e,1.6148
68,19,10,0.188244,0.007998,58,58,10,chocolate,69850fa05e,1.6148
68,20,10,0.188244,0.007998,58,58,10,chocolate,69850fa05e,1.6148
68,21,10,0.188244,0.007998,58,58,10,chocolate,69850fa05e,1.6148
68,22,10,0.188244,0.007998,58,58,10,chocolate,69850fa05e,1.6148
68,23,10,0.188244,0.007998,58,58,10,chocolate,69850fa05e,1.6148
68,24,10,0.151019,0.007237,56,56,10,chocolate,c4a027f7d9,1.5303
68,25,10,0.188244,0.007998,58,58,10,chocolate,69850fa05e,1.6148
68,26,10,0.167341,0.007345,60,60,10,chocolate,82b02d3314,1.5690
68,27,10,0.188244,0.007998,58,58,10,chocolate,69850fa05e,1.6148
68,28,10,0.188244,0.007998,58,58,10,chocolate,69850fa05e,1.6148
68,29,10,0.188244,0.007998,58,58,10,chocolate,69850fa05e,1.6148
68,30,10,0.180109,0.007693,56,56,10,sabonete,0d3b964e0d,1.4820
68,31,10,0.188244,0.007998,58,58,10,chocolate,69850fa05e,1.6148
68,32,10,0.187658,0.007976,57,57,10,chocolate,bbaf529a55,1.5720
68,33,10,0.188244,0.007998,58,58,10,chocolate,69850fa05e,1.6148
68,34,10,0.188244,0.007998,58,58,10,chocolate,69850fa05e,1.6148
68,35,10,0.188244,0.007998,58,58,10,chocolate,69850fa05e,1.6148
68,36,10,0.178152,0.007386,57,56,10,chocolate,83d2c3f5fa,1.4847
68,37,10,0.188244,0.007998,58,58,10,chocolate,69850fa05e,1.6148
68,38,10,0.188244,0.007998,58,58,10,chocolate,69850fa05e,1.6148
68,39,10,0.188244,0.007998,58,58,10,chocolate,69850fa05e,1.6148
68,40,10,0.188244,0.007998,58,58,10,chocolate,69850fa05e,1.6148
68,41,10,0.188244,0.007998,58,58,10,chocolate,69850fa05e,1.6148
68,42,10,0.188244,0.007998,58,58,10,chocolate,69850fa05e,1.6148
68,43,10,0.188244,0.007998,58,58,10,chocolate,69850fa05e,1.6148
68,44,10,0.188244,0.007998,58,58,10,chocolate,69850fa05e,1.6148
68,45,10,0.188244,0.007998,58,58,10,chocolate,69850fa05e,1.6148
68,46,10,0.188244,0.007998,58,58,10,chocolate,69850fa05e,1.6148
68,47,10,0.178006,0.007571,58,56,9,biscoito,ba7652e281,1.4832
68,48,10,0.188244,0.007998,58,58,10,chocolate,69850fa05e,1.6148
68,49,10,0.188244,0.007998,58,58,10,chocolate,69850fa05e,1.6148
69,0,10,0.188244,0.007998,58,58,10,chocolate,69850fa05e,1.6148
69,1,10,0.188244,0.007998,58,58,10,chocolate,69850fa05e,1.6148
69,2,10,0.188244,0.007998,58,58,10,chocolate,69850fa05e,1.6148
69,3,10,0.188244,0.007998,58,58,10,chocolate,69850fa05e,1.6148
69,4,10,0.188244,0.007998,58,58,10,chocolate,69850fa05e,1.6148
69,5,10,0.188244,0.007998,58,58,10,chocolate,69850fa05e,1.6148
69,6,10,0.188244,0.007998,58,58,10,chocolate,69850fa05e,1.6148
69,7,10,0.188244,0.007998,58,58,10,chocolate,69850fa05e,1.6148
69,8,10,0.188244,0.007998,58,58,10,chocolate,69850fa05e,1.6148
69,9,10,0.188244,0.007998,58,58,10,chocolate,69850fa05e,1.6148
69,10,10,0.188244,0.007998,58,58,10,chocolate,69850fa05e,1.6148
69,11,10,0.188244,0.007998,58,58,10,chocolate,69850fa05e,1.6148
69,12,10,0.188244,0.007998,58,58,10,chocolate,69850fa05e,1.6148
69,13,10,0.188244,0.007998,58,58,10,chocolate,69850fa05e,1.6148
69,14,10,0.188244,0.007998,58,58,10,chocolate,69850fa05e,1.6148
69,15,10,0.162082,0.007061,57,55,9,lava roupas,3729649489,1.5249
69,16,10,0.188244,0.007998,58,58,10,chocolate,69850fa05e,1.6148
69,17,10,0.188244,0.007998,58,58,10,chocolate,69850fa05e,1.6148
69,18,10,0.188244,0.007998,58,58,10,chocolate,69850fa05e,1.6148
69,19,10,0.188244,0.007998,58,58,10,chocolate,69850fa05e,1.6148
69,20,10,0.176568,0.008180,59,58,10,chocolate,ae8784610c,1.3572
69,21,10,0.188244,0.007998,58,58,10,chocolate,69850fa05e,1.6148
69,22,10,0.188244,0.007998,58,58,10,chocolate,69850fa05e,1.6148
69,23,10,0.188244,0.007998,58,58,10,chocolate,69850fa05e,1.6148
69,24,10,0.188244,0.007998,58,58,10,chocolate,69850fa05e,1.6148
69,25,10,0.188244,0.007998,58,58,10,chocolate,69850fa05e,1.6148
69,26,10,0.188244,0.007998,58,58,10,chocolate,69850fa05e,1.6148
69,27,10,0.188244,0.007998,58,58,10,chocolate,69850fa05e,1.6148
69,28,10,0.188244,0.007998,58,58,10,chocolate,69850fa05e,1.6148
69,29,10,0.188244,0.007998,58,58,10,chocolate,69850fa05e,1.6148
69,30,10,0.188244,0.007998,58,58,10,chocolate,69850fa05e,1.6148
69,31,10,0.188244,0.007998,58,58,10,chocolate,69850fa05e,1.6148
69,32,10,0.181001,0.007737,58,58,10,chocolate,0e18142f3d,1.6851
69,33,10,0.188244,0.007998,58,58,10,chocolate,69850fa05e,1.6148
69,34,10,0.188244,0.007998,58,58,10,chocolate,69850fa05e,1.6148
69,35,10,0.188244,0.007998,58,58,10,chocolate,69850fa05e,1.6148
69,36,10,0.188244,0.007998,58,58,10,chocolate,69850fa05e,1.6148
69,37,10,0.188244,0.007998,58,58,10,chocolate,69850fa05e,1.6148
69,38,10,0.188244,0.007998,58,58,10,chocolate,69850fa05e,1.6148
69,39,10,0.188244,0.007998,58,58,10,chocolate,69850fa05e,1.6148
69,40,10,0.188244,0.007998,58,58,10,chocolate,69850fa05e,1.6148
69,41,10,0.188244,0.007998,58,58,10,chocolate,69850fa05e,1.6148
69,42,10,0.188244,0.007998,58,58,10,chocolate,69850fa05e,1.6148
69,43,10,0.188244,0.007998,58,58,10,chocolate,69850fa05e,1.6148
69,44,10,0.188244,0.007998,58,58,10,chocolate,69850fa05e,1.6148
69,45,10,0.188244,0.007998,58,58,10,chocolate,69850fa05e,1.6148
69,46,10,0.188244,0.007998,58,58,10,chocolate,69850fa05e,1.6148
69,47,10,0.188244,0.007998,58,58,10,chocolate,69850fa05e,1.6148
69,48,10,0.188244,0.007998,58,58,10,chocolate,69850fa05e,1.6148
69,49,10,0.188244,0.007998,58,58,10,chocolate,69850fa05e,1.6148
70,0,10,0.188244,0.007998,58,58,10,chocolate,69850fa05e,1.6148
70,1,10,0.188244,0.007998,58,58,10,chocolate,69850fa05e,1.6148
70,2,10,0.188244,0.007998,58,58,10,chocolate,69850fa05e,1.6148
70,3,10,0.188244,0.007998,58,58,10,chocolate,69850fa05e,1.6148
70,4,10,0.188244,0.007998,58,58,10,chocolate,69850fa05e,1.6148
70,5,10,0.188244,0.007998,58,58,10,chocolate,69850fa05e,1.6148
70,6,10,0.188244,0.007998,58,58,10,chocolate,69850fa05e,1.6148
70,7,10,0.188244,0.007998,58,58,10,chocolate,69850fa05e,1.6148
70,8,10,0.188244,0.007998,58,58,10,chocolate,69850fa05e,1.6148
70,9,10,0.188244,0.007998,58,58,10,chocolate,69850fa05e,1.6148
70,10,10,0.188244,0.007998,58,58,10,chocolate,69850fa05e,1.6148
70,11,10,0.188244,0.007998,58,58,10,chocolate,69850fa05e,1.6148
70,12,10,0.188244,0.007998,58,58,10,chocolate,69850fa05e,1.6148
70,13,10,0.188244,0.007998,58,58,10,chocolate,69850fa05e,1.6148
70,14,10,0.188244,0.007998,58,58,10,chocolate,69850fa05e,1.6148
70,15,10,0.188244,0.007998,58,58,10,chocolate,69850fa05e,1.6148
70,16,10,0.188244,0.007998,58,58,10,chocolate,69850fa05e,1.6148
70,17,10,0.178951,0.007602,57,56,9,cerveja,64d5b19051,1.7161
70,18,10,0.188244,0.007998,58,58,10,chocolate,69850fa05e,1.6148
70,19,10,0.188244,0.007998,58,58,10,chocolate,69850fa05e,1.6148
70,20,10,0.188244,0.007998,58,58,10,chocolate,69850fa05e,1.6148
70,21,10,0.188244,0.007998,58,58,10,chocolate,69850fa05e,1.6148
70,22,10,0.188244,0.007998,58,58,10,chocolate,69850fa05e,1.6148
70,23,10,0.188244,0.007998,58,58,10,chocolate,69850fa05e,1.6148
70,24,10,0.188244,0.007998,58,58,10,chocolate,69850fa05e,1.6148
70,25,10,0.188244,0.007998,58,58,10,chocolate,69850fa05e,1.6148
70,26,10,0.188244,0.007998,58,58,10,chocolate,69850fa05e,1.6148
70,27,10,0.188244,0.007998,58,58,10,chocolate,69850fa05e,1.6148
70,28,10,0.188244,0.007998,58,58,10,chocolate,69850fa05e,1.6148
70,29,10,0.188244,0.007998,58,58,10,chocolate,69850fa05e,1.6148
70,30,10,0.188244,0.007998,58,58,10,chocolate,69850fa05e,1.6148
70,31,10,0.188244,0.007998,58,58,10,chocolate,69850fa05e,1.6148
70,32,10,0.170550,0.006953,54,54,10,outra fruta,1487b31b1c,1.7204
70,33,10,0.188244,0.007998,58,58,10,chocolate,69850fa05e,1.6148
70,34,10,0.188244,0.007998,58,58,10,chocolate,69850fa05e,1.6148
70,35,10,0.188244,0.007998,58,58,10,chocolate,69850fa05e,1.6148
70,36,10,0.188244,0.007998,58,58,10,chocolate,69850fa05e,1.6148
70,37,10,0.188244,0.007998,58,58,10,chocolate,69850fa05e,1.6148
70,38,10,0.188244,0.007998,58,58,10,chocolate,69850fa05e,1.6148
70,39,10,0.188244,0.007998,58,58,10,chocolate,69850fa05e,1.6148
70,40,10,0.188244,0.007998,58,58,10,chocolate,69850fa05e,1.6148
70,41,10,0.176102,0.007440,58,58,10,chocolate,68a45d1127,1.5609
70,42,10,0.188244,0.007998,58,58,10,chocolate,69850fa05e,1.6148
70,43,10,0.178378,0.006997,60,59,9,padaria e confeitaria industrializado,bd70e029b8,1.6536
70,44,10,0.188244,0.007998,58,58,10,chocolate,69850fa05e,1.6148
70,45,10,0.188244,0.007998,58,58,10,chocolate,69850fa05e,1.6148
70,46,10,0.188244,0.007998,58,58,10,chocolate,69850fa05e,1.6148
70,47,10,0.188244,0.007998,58,58,10,chocolate,69850fa05e,1.6148
70,48,10,0.188244,0.007998,58,58,10,chocolate,69850fa05e,1.6148
70,49,10,0.171176,0.007216,58,58,10,chocolate,49646abdf9,1.8396
71,0,10,0.188244,0.007998,58,58,10,chocolate,69850fa05e,1.6148
71,1,10,0.188244,0.007998,58,58,10,chocolate,69850fa05e,1.6148
71,2,10,0.188244,0.007998,58,58,10,chocolate,69850fa05e,1.6148
71,3,10,0.188244,0.007998,58,58,10,chocolate,69850fa05e,1.6148
71,4,10,0.188244,0.007998,58,58,10,chocolate,69850fa05e,1.6148
71,5,10,0.188244,0.007998,58,58,10,chocolate,69850fa05e,1.6148
71,6,10,0.188244,0.007998,58,58,10,chocolate,69850fa05e,1.6148
71,7,10,0.188244,0.007998,58,58,10,chocolate,69850fa05e,1.6148
71,8,10,0.188244,0.007998,58,58,10,chocolate,69850fa05e,1.6148
71,9,10,0.188244,0.007998,58,58,10,chocolate,69850fa05e,1.6148
71,10,10,0.188244,0.007998,58,58,10,chocolate,69850fa05e,1.6148
71,11,10,0.188244,0.007998,58,58,10,chocolate,69850fa05e,1.6148
71,12,10,0.188244,0.007998,58,58,10,chocolate,69850fa05e,1.6148
71,13,10,0.188244,0.007998,58,58,10,chocolate,69850fa05e,1.6148
71,14,10,0.188244,0.007998,58,58,10,chocolate,69850fa05e,1.6148
71,15,10,0.188244,0.007998,58,58,10,chocolate,69850fa05e,1.6148
71,16,10,0.188244,0.007998,58,58,10,chocolate,69850fa05e,1.6148
71,17,10,0.188244,0.007998,58,58,10,chocolate,69850fa05e,1.6148
71,18,10,0.188244,0.007998,58,58,10,chocolate,69850fa05e,1.6148
71,19,10,0.188244,0.007998,58,58,10,chocolate,69850fa05e,1.6148
71,20,10,0.188244,0.007998,58,58,10,chocolate,69850fa05e,1.6148
71,21,10,0.188244,0.007998,58,58,10,chocolate,69850fa05e,1.6148
71,22,10,0.172467,0.007191,58,58,10,molho de tomate,00aa9ffc37,1.9152
71,23,10,0.188244,0.007998,58,58,10,chocolate,69850fa05e,1.6148
71,24,10,0.170031,0.007735,59,59,10,chocolate,5a8f5363f0,1.5151
71,25,10,0.167394,0.007522,58,58,10,chocolate,a15b396498,1.8200
71,26,10,0.188244,0.007998,58,58,10,chocolate,69850fa05e,1.6148
71,27,10,0.188244,0.007998,58,58,10,chocolate,69850fa05e,1.6148
71,28,10,0.188244,0.007998,58,58,10,chocolate,69850fa05e,1.6148
71,29,10,0.188244,0.007998,58,58,10,chocolate,69850fa05e,1.6148
71,30,10,0.188244,0.007998,58,58,10,chocolate,69850fa05e,1.6148
71,31,10,0.188244,0.007998,58,58,10,chocolate,69850fa05e,1.6148
71,32,10,0.188244,0.007998,58,58,10,chocolate,69850fa05e,1.6148
71,33,10,0.177606,0.007238,58,58,10,chocolate,53c47956ce,1.5839
71,34,10,0.188244,0.007998,58,58,10,chocolate,69850fa05e,1.6148
71,35,10,0.186952,0.007870,58,58,10,chocolate,0ab1816b77,1.4719
71,36,10,0.188244,0.007998,58,58,10,chocolate,69850fa05e,1.6148
71,37,10,0.188244,0.007998,58,58,10,chocolate,69850fa05e,1.6148
71,38,10,0.188244,0.007998,58,58,10,chocolate,69850fa05e,1.6148
71,39,10,0.188244,0.007998,58,58,10,chocolate,69850fa05e,1.6148
71,40,10,0.188244,0.007998,58,58,10,chocolate,69850fa05e,1.6148
71,41,10,0.188244,0.007998,58,58,10,chocolate,69850fa05e,1.6148
71,42,10,0.188244,0.007998,58,58,10,chocolate,69850fa05e,1.6148
71,43,10,0.188244,0.007998,58,58,10,chocolate,69850fa05e,1.6148
71,44,10,0.188244,0.007998,58,58,10,chocolate,69850fa05e,1.6148
71,45,10,0.188244,0.007998,58,58,10,chocolate,69850fa05e,1.6148
71,46,10,0.188244,0.007998,58,58,10,chocolate,69850fa05e,1.6148
71,47,10,0.188244,0.007998,58,58,10,chocolate,69850fa05e,1.6148
71,48,10,0.188244,0.007998,58,58,10,chocolate,69850fa05e,1.6148
71,49,10,0.188244,0.007998,58,58,10,chocolate,69850fa05e,1.6148
72,0,10,0.188244,0.007998,58,58,10,chocolate,69850fa05e,1.6148
72,1,10,0.188244,0.007998,58,58,10,chocolate,69850fa05e,1.6148
72,2,10,0.188244,0.007998,58,58,10,chocolate,69850fa05e,1.6148
72,3,10,0.188244,0.007998,58,58,10,chocolate,69850fa05e,1.6148
72,4,10,0.188244,0.007998,58,58,10,chocolate,69850fa05e,1.6148
72,5,10,0.188244,0.007998,58,58,10,chocolate,69850fa05e,1.6148
72,6,10,0.188244,0.007998,58,58,10,chocolate,69850fa05e,1.6148
72,7,10,0.172840,0.007062,58,58,10,feijao,42b739c3c4,1.7853
72,8,10,0.188244,0.007998,58,58,10,chocolate,69850fa05e,1.6148
72,9,10,0.188244,0.007998,58,58,10,chocolate,69850fa05e,1.6148
72,10,10,0.188244,0.007998,58,58,10,chocolate,69850fa05e,1.6148
72,11,10,0.188244,0.007998,58,58,10,chocolate,69850fa05e,1.6148
72,12,10,0.188244,0.007998,58,58,10,chocolate,69850fa05e,1.6148
72,13,10,0.188244,0.007998,58,58,10,chocolate,69850fa05e,1.6148
72,14,10,0.188244,0.007998,58,58,10,chocolate,69850fa05e,1.6148
72,15,10,0.166636,0.006807,58,57,9,chocolate,6349831427,1.6149
72,16,10,0.188244,0.007998,58,58,10,chocolate,69850fa05e,1.6148
72,17,10,0.188244,0.007998,58,58,10,chocolate,69850fa05e,1.6148
72,18,10,0.188244,0.007998,58,58,10,chocolate,69850fa05e,1.6148
72,19,10,0.188244,0.007998,58,58,10,chocolate,69850fa05e,1.6148
72,20,10,0.188244,0.007998,58,58,10,chocolate,69850fa05e,1.6148
72,21,10,0.188244,0.007998,58,58,10,chocolate,69850fa05e,1.6148
72,22,10,0.188244,0.007998,58,58,10,chocolate,69850fa05e,1.6148
72,23,10,0.176062,0.007403,58,58,10,chocolate,a04a429109,1.4298
72,24,10,0.188244,0.007998,58,58,10,chocolate,69850fa05e,1.6148
72,25,10,0.188244,0.007998,58,58,10,chocolate,69850fa05e,1.6148
72,26,10,0.188244,0.007998,58,58,10,chocolate,69850fa05e,1.6148
72,27,10,0.188244,0.007998,58,58,10,chocolate,69850fa05e,1.6148
72,28,10,0.188244,0.007998,58,58,10,chocolate,69850fa05e,1.6148
72,29,10,0.174690,0.007083,54,54,10,chocolate,7b658757ed,1.5001
72,30,10,0.188244,0.007998,58,58,10,chocolate,69850fa05e,1.6148
72,31,10,0.188244,0.007998,58,58,10,chocolate,69850fa05e,1.6148
72,32,10,0.188244,0.007998,58,58,10,chocolate,69850fa05e,1.6148
72,33,10,0.173998,0.006982,58,57,9,biscoito,da23ceb29b,1.3937
72,34,10,0.188244,0.007998,58,58,10,chocolate,69850fa05e,1.6148
72,35,10,0.188244,0.007998,58,58,10,chocolate,69850fa05e,1.6148
72,36,10,0.188244,0.007998,58,58,10,chocolate,69850fa05e,1.6148
72,37,10,0.188244,0.007998,58,58,10,chocolate,69850fa05e,1.6148
72,38,10,0.188244,0.007998,58,58,10,chocolate,69850fa05e,1.6148
72,39,10,0.188244,0.007998,58,58,10,chocolate,69850fa05e,1.6148
72,40,10,0.188244,0.007998,58,58,10,chocolate,69850fa05e,1.6148
72,41,10,0.188244,0.007998,58,58,10,chocolate,69850fa05e,1.6148
72,42,10,0.188244,0.007998,58,58,10,chocolate,69850fa05e,1.6148
72,43,10,0.188244,0.007998,58,58,10,chocolate,69850fa05e,1.6148
72,44,10,0.188244,0.007998,58,58,10,chocolate,69850fa05e,1.6148
72,45,10,0.188244,0.007998,58,58,10,chocolate,69850fa05e,1.6148
72,46,10,0.179816,0.007508,59,58,10,chocolate,d838b94399,1.4990
72,47,10,0.188244,0.007998,58,58,10,chocolate,69850fa05e,1.6148
72,48,10,0.188244,0.007998,58,58,10,chocolate,69850fa05e,1.6148
72,49,10,0.188244,0.007998,58,58,10,chocolate,69850fa05e,1.6148
73,0,10,0.188244,0.007998,58,58,10,chocolate,69850fa05e,1.6148
73,1,10,0.188244,0.007998,58,58,10,chocolate,69850fa05e,1.6148
73,2,10,0.188244,0.007998,58,58,10,chocolate,69850fa05e,1.6148
73,3,10,0.188244,0.007998,58,58,10,chocolate,69850fa05e,1.6148
73,4,10,0.188244,0.007998,58,58,10,chocolate,69850fa05e,1.6148
73,5,10,0.188244,0.007998,58,58,10,chocolate,69850fa05e,1.6148
73,6,10,0.188244,0.007998,58,58,10,chocolate,69850fa05e,1.6148
73,7,10,0.188244,0.007998,58,58,10,chocolate,69850fa05e,1.6148
73,8,10,0.188244,0.007998,58,58,10,chocolate,69850fa05e,1.6148
73,9,10,0.188244,0.007998,58,58,10,chocolate,69850fa05e,1.6148
73,10,10,0.188244,0.007998,58,58,10,chocolate,69850fa05e,1.6148
73,11,10,0.188244,0.007998,58,58,10,chocolate,69850fa05e,1.6148
73,12,10,0.188244,0.007998,58,58,10,chocolate,69850fa05e,1.6148
73,13,10,0.188244,0.007998,58,58,10,chocolate,69850fa05e,1.6148
73,14,10,0.188244,0.007998,58,58,10,chocolate,69850fa05e,1.6148
73,15,10,0.172667,0.007429,57,57,10,acucar,9be4713e8a,1.5747
73,16,10,0.188244,0.007998,58,58,10,chocolate,69850fa05e,1.6148
73,17,10,0.188244,0.007998,58,58,10,chocolate,69850fa05e,1.6148
73,18,10,0.188244,0.007998,58,58,10,chocolate,69850fa05e,1.6148
73,19,10,0.188244,0.007998,58,58,10,chocolate,69850fa05e,1.6148
73,20,10,0.188244,0.007998,58,58,10,chocolate,69850fa05e,1.6148
73,21,10,0.188244,0.007998,58,58,10,chocolate,69850fa05e,1.6148
73,22,10,0.188244,0.007998,58,58,10,chocolate,69850fa05e,1.6148
73,23,10,0.188244,0.007998,58,58,10,chocolate,69850fa05e,1.6148
73,24,10,0.188244,0.007998,58,58,10,chocolate,69850fa05e,1.6148
73,25,10,0.188244,0.007998,58,58,10,chocolate,69850fa05e,1.6148
73,26,10,0.188244,0.007998,58,58,10,chocolate,69850fa05e,1.6148
73,27,10,0.174344,0.007200,58,58,10,chocolate,b137832928,1.5204
73,28,10,0.188244,0.007998,58,58,10,chocolate,69850fa05e,1.6148
73,29,10,0.188244,0.007998,58,58,10,chocolate,69850fa05e,1.6148
73,30,10,0.169698,0.007561,58,58,10,chocolate,9d58732c9e,1.9314
73,31,10,0.188244,0.007998,58,58,10,chocolate,69850fa05e,1.6148
73,32,10,0.188244,0.007998,58,58,10,chocolate,69850fa05e,1.6148
73,33,10,0.188244,0.007998,58,58,10,chocolate,69850fa05e,1.6148
73,34,10,0.188244,0.007998,58,58,10,chocolate,69850fa05e,1.6148
73,35,10,0.188244,0.007998,58,58,10,chocolate,69850fa05e,1.6148
73,36,10,0.188244,0.007998,58,58,10,chocolate,69850fa05e,1.6148
73,37,10,0.188244,0.007998,58,58,10,chocolate,69850fa05e,1.6148
73,38,10,0.188244,0.007998,58,58,10,chocolate,69850fa05e,1.6148
73,39,10,0.188244,0.007998,58,58,10,chocolate,69850fa05e,1.6148
73,40,10,0.175236,0.006943,58,57,9,biscoito,dad280b26f,1.5631
73,41,10,0.188244,0.007998,58,58,10,chocolate,69850fa05e,1.6148
73,42,10,0.188244,0.007998,58,58,10,chocolate,69850fa05e,1.6148
73,43,10,0.176488,0.008152,60,59,10,chocolate,9eab798ced,1.5351
73,44,10,0.188244,0.007998,58,58,10,chocolate,69850fa05e,1.6148
73,45,10,0.188244,0.007998,58,58,10,chocolate,69850fa05e,1.6148
73,46,10,0.188244,0.007998,58,58,10,chocolate,69850fa05e,1.6148
73,47,10,0.188244,0.007998,58,58,10,chocolate,69850fa05e,1.6148
73,48,10,0.188244,0.007998,58,58,10,chocolate,69850fa05e,1.6148
73,49,10,0.188244,0.007998,58,58,10,chocolate,69850fa05e,1.6148
74,0,10,0.188244,0.007998,58,58,10,chocolate,69850fa05e,1.6148
74,1,10,0.188244,0.007998,58,58,10,chocolate,69850fa05e,1.6148
74,2,10,0.188244,0.007998,58,58,10,chocolate,69850fa05e,1.6148
74,3,10,0.188244,0.007998,58,58,10,chocolate,69850fa05e,1.6148
74,4,10,0.188244,0.007998,58,58,10,chocolate,69850fa05e,1.6148
74,5,10,0.188244,0.007998,58,58,10,chocolate,69850fa05e,1.6148
74,6,10,0.188244,0.007998,58,58,10,chocolate,69850fa05e,1.6148
74,7,10,0.188244,0.007998,58,58,10,chocolate,69850fa05e,1.6148
74,8,10,0.188244,0.007998,58,58,10,chocolate,69850fa05e,1.6148
74,9,10,0.188244,0.007998,58,58,10,chocolate,69850fa05e,1.6148
74,10,10,0.188244,0.007998,58,58,10,chocolate,69850fa05e,1.6148
74,11,10,0.188244,0.007998,58,58,10,chocolate,69850fa05e,1.6148
74,12,10,0.188244,0.007998,58,58,10,chocolate,69850fa05e,1.6148
74,13,10,0.188244,0.007998,58,58,10,chocolate,69850fa05e,1.6148
74,14,10,0.188244,0.007998,58,58,10,chocolate,69850fa05e,1.6148
74,15,10,0.139502,0.006648,56,56,10,chocolate,cf44d10a36,1.5823
74,16,10,0.188244,0.007998,58,58,10,chocolate,69850fa05e,1.6148
74,17,10,0.164945,0.007156,59,59,10,saco de lixo,bbf136f32b,1.8776
74,18,10,0.188244,0.007998,58,58,10,chocolate,69850fa05e,1.6148
74,19,10,0.188244,0.007998,58,58,10,chocolate,69850fa05e,1.6148
74,20,10,0.188244,0.007998,58,58,10,chocolate,69850fa05e,1.6148
74,21,10,0.188244,0.007998,58,58,10,chocolate,69850fa05e,1.6148
74,22,10,0.188244,0.007998,58,58,10,chocolate,69850fa05e,1.6148
74,23,10,0.188244,0.007998,58,58,10,chocolate,69850fa05e,1.6148
74,24,10,0.188244,0.007998,58,58,10,chocolate,69850fa05e,1.6148
74,25,10,0.188244,0.007998,58,58,10,chocolate,69850fa05e,1.6148
74,26,10,0.188244,0.007998,58,58,10,chocolate,69850fa05e,1.6148
74,27,10,0.188244,0.007998,58,58,10,chocolate,69850fa05e,1.6148
74,28,10,0.188244,0.007998,58,58,10,chocolate,69850fa05e,1.6148
74,29,10,0.188244,0.007998,58,58,10,chocolate,69850fa05e,1.6148
74,30,10,0.188244,0.007998,58,58,10,chocolate,69850fa05e,1.6148
74,31,10,0.188244,0.007998,58,58,10,chocolate,69850fa05e,1.6148
74,32,10,0.188244,0.007998,58,58,10,chocolate,69850fa05e,1.6148
74,33,10,0.188244,0.007998,58,58,10,chocolate,69850fa05e,1.6148
74,34,10,0.188244,0.007998,58,58,10,chocolate,69850fa05e,1.6148
74,35,10,0.188244,0.007998,58,58,10,chocolate,69850fa05e,1.6148
74,36,10,0.188244,0.007998,58,58,10,chocolate,69850fa05e,1.6148
74,37,10,0.188244,0.007998,58,58,10,chocolate,69850fa05e,1.6148
74,38,10,0.188244,0.007998,58,58,10,chocolate,69850fa05e,1.6148
74,39,10,0.188244,0.007998,58,58,10,chocolate,69850fa05e,1.6148
74,40,10,0.188244,0.007998,58,58,10,chocolate,69850fa05e,1.6148
74,41,10,0.188244,0.007998,58,58,10,chocolate,69850fa05e,1.6148
74,42,10,0.188244,0.007998,58,58,10,chocolate,69850fa05e,1.6148
74,43,10,0.188244,0.007998,58,58,10,chocolate,69850fa05e,1.6148
74,44,10,0.188244,0.007998,58,58,10,chocolate,69850fa05e,1.6148
74,45,10,0.188244,0.007998,58,58,10,chocolate,69850fa05e,1.6148
74,46,10,0.188244,0.007998,58,58,10,chocolate,69850fa05e,1.6148
74,47,10,0.188244,0.007998,58,58,10,chocolate,69850fa05e,1.6148
74,48,10,0.188244,0.007998,58,58,10,chocolate,69850fa05e,1.6148
74,49,10,0.188244,0.007998,58,58,10,chocolate,69850fa05e,1.6148
75,0,10,0.188244,0.007998,58,58,10,chocolate,69850fa05e,1.6148
75,1,10,0.188244,0.007998,58,58,10,chocolate,69850fa05e,1.6148
75,2,10,0.188244,0.007998,58,58,10,chocolate,69850fa05e,1.6148
75,3,10,0.188244,0.007998,58,58,10,chocolate,69850fa05e,1.6148
75,4,10,0.188244,0.007998,58,58,10,chocolate,69850fa05e,1.6148
75,5,10,0.188244,0.007998,58,58,10,chocolate,69850fa05e,1.6148
75,6,10,0.188244,0.007998,58,58,10,chocolate,69850fa05e,1.6148
75,7,10,0.188244,0.007998,58,58,10,chocolate,69850fa05e,1.6148
75,8,10,0.188244,0.007998,58,58,10,chocolate,69850fa05e,1.6148
75,9,10,0.188244,0.007998,58,58,10,chocolate,69850fa05e,1.6148
75,10,10,0.188244,0.007998,58,58,10,chocolate,69850fa05e,1.6148
75,11,10,0.188244,0.007998,58,58,10,chocolate,69850fa05e,1.6148
75,12,10,0.188244,0.007998,58,58,10,chocolate,69850fa05e,1.6148
75,13,10,0.188244,0.007998,58,58,10,chocolate,69850fa05e,1.6148
75,14,10,0.174531,0.006910,60,60,9,desodorante,cdd4397527,1.6973
75,15,10,0.188244,0.007998,58,58,10,chocolate,69850fa05e,1.6148
75,16,10,0.188244,0.007998,58,58,10,chocolate,69850fa05e,1.6148
75,17,10,0.188244,0.007998,58,58,10,chocolate,69850fa05e,1.6148
75,18,10,0.188244,0.007998,58,58,10,chocolate,69850fa05e,1.6148
75,19,10,0.188244,0.007998,58,58,10,chocolate,69850fa05e,1.6148
75,20,10,0.188244,0.007998,58,58,10,chocolate,69850fa05e,1.6148
75,21,10,0.188244,0.007998,58,58,10,chocolate,69850fa05e,1.6148
75,22,10,0.188244,0.007998,58,58,10,chocolate,69850fa05e,1.6148
75,23,10,0.188244,0.007998,58,58,10,chocolate,69850fa05e,1.6148
75,24,10,0.188244,0.007998,58,58,10,chocolate,69850fa05e,1.6148
75,25,10,0.188244,0.007998,58,58,10,chocolate,69850fa05e,1.6148
75,26,10,0.188244,0.007998,58,58,10,chocolate,69850fa05e,1.6148
75,27,10,0.188244,0.007998,58,58,10,chocolate,69850fa05e,1.6148
75,28,10,0.188244,0.007998,58,58,10,chocolate,69850fa05e,1.6148
75,29,10,0.188244,0.007998,58,58,10,chocolate,69850fa05e,1.6148
75,30,10,0.188244,0.007998,58,58,10,chocolate,69850fa05e,1.6148
75,31,10,0.188244,0.007998,58,58,10,chocolate,69850fa05e,1.6148
75,32,10,0.188244,0.007998,58,58,10,chocolate,69850fa05e,1.6148
75,33,10,0.188244,0.007998,58,58,10,chocolate,69850fa05e,1.6148
75,34,10,0.188244,0.007998,58,58,10,chocolate,69850fa05e,1.6148
75,35,10,0.188244,0.007998,58,58,10,chocolate,69850fa05e,1.6148
75,36,10,0.188244,0.007998,58,58,10,chocolate,69850fa05e,1.6148
75,37,10,0.188244,0.007998,58,58,10,chocolate,69850fa05e,1.6148
75,38,10,0.188244,0.007998,58,58,10,chocolate,69850fa05e,1.6148
75,39,10,0.188244,0.007998,58,58,10,chocolate,69850fa05e,1.6148
75,40,10,0.188244,0.007998,58,58,10,chocolate,69850fa05e,1.6148
75,41,10,0.188244,0.007998,58,58,10,chocolate,69850fa05e,1.6148
75,42,10,0.188244,0.007998,58,58,10,chocolate,69850fa05e,1.6148
75,43,10,0.188244,0.007998,58,58,10,chocolate,69850fa05e,1.6148
75,44,10,0.188244,0.007998,58,58,10,chocolate,69850fa05e,1.6148
75,45,10,0.188244,0.007998,58,58,10,chocolate,69850fa05e,1.6148
75,46,10,0.188244,0.007998,58,58,10,chocolate,69850fa05e,1.6148
75,47,10,0.188244,0.007998,58,58,10,chocolate,69850fa05e,1.6148
75,48,10,0.188244,0.007998,58,58,10,chocolate,69850fa05e,1.6148
75,49,10,0.188244,0.007998,58,58,10,chocolate,69850fa05e,1.6148
76,0,10,0.188244,0.007998,58,58,10,chocolate,69850fa05e,1.6148
76,1,10,0.188244,0.007998,58,58,10,chocolate,69850fa05e,1.6148
76,2,10,0.188244,0.007998,58,58,10,chocolate,69850fa05e,1.6148
76,3,10,0.188244,0.007998,58,58,10,chocolate,69850fa05e,1.6148
76,4,10,0.188244,0.007998,58,58,10,chocolate,69850fa05e,1.6148
76,5,10,0.188244,0.007998,58,58,10,chocolate,69850fa05e,1.6148
76,6,10,0.188244,0.007998,58,58,10,chocolate,69850fa05e,1.6148
76,7,10,0.188244,0.007998,58,58,10,chocolate,69850fa05e,1.6148
76,8,10,0.188244,0.007998,58,58,10,chocolate,69850fa05e,1.6148
76,9,10,0.188244,0.007998,58,58,10,chocolate,69850fa05e,1.6148
76,10,10,0.188244,0.007998,58,58,10,chocolate,69850fa05e,1.6148
76,11,10,0.188244,0.007998,58,58,10,chocolate,69850fa05e,1.6148
76,12,10,0.188244,0.007998,58,58,10,chocolate,69850fa05e,1.6148
76,13,10,0.188244,0.007998,58,58,10,chocolate,69850fa05e,1.6148
76,14,10,0.188244,0.007998,58,58,10,chocolate,69850fa05e,1.6148
76,15,10,0.188244,0.007998,58,58,10,chocolate,69850fa05e,1.6148
76,16,10,0.174437,0.006931,53,53,10,chocolate,9fd1e2dd26,1.7291
76,17,10,0.188244,0.007998,58,58,10,chocolate,69850fa05e,1.6148
76,18,10,0.188244,0.007998,58,58,10,chocolate,69850fa05e,1.6148
76,19,10,0.188244,0.007998,58,58,10,chocolate,69850fa05e,1.6148
76,20,10,0.188244,0.007998,58,58,10,chocolate,69850fa05e,1.6148
76,21,10,0.188244,0.007998,58,58,10,chocolate,69850fa05e,1.6148
76,22,10,0.188244,0.007998,58,58,10,chocolate,69850fa05e,1.6148
76,23,10,0.188244,0.007998,58,58,10,chocolate,69850fa05e,1.6148
76,24,10,0.188244,0.007998,58,58,10,chocolate,69850fa05e,1.6148
76,25,10,0.188244,0.007998,58,58,10,chocolate,69850fa05e,1.6148
76,26,10,0.188244,0.007998,58,58,10,chocolate,69850fa05e,1.6148
76,27,10,0.188244,0.007998,58,58,10,chocolate,69850fa05e,1.6148
76,28,10,0.185608,0.008066,60,60,10,chocolate,7ab22d0ba8,1.3698
76,29,10,0.188244,0.007998,58,58,10,chocolate,69850fa05e,1.6148
76,30,10,0.188244,0.007998,58,58,10,chocolate,69850fa05e,1.6148
76,31,10,0.188244,0.007998,58,58,10,chocolate,69850fa05e,1.6148
76,32,10,0.188244,0.007998,58,58,10,chocolate,69850fa05e,1.6148
76,33,10,0.188244,0.007998,58,58,10,chocolate,69850fa05e,1.6148
76,34,10,0.188244,0.007998,58,58,10,chocolate,69850fa05e,1.6148
76,35,10,0.188244,0.007998,58,58,10,chocolate,69850fa05e,1.6148
76,36,10,0.188244,0.007998,58,58,10,chocolate,69850fa05e,1.6148
76,37,10,0.188244,0.007998,58,58,10,chocolate,69850fa05e,1.6148
76,38,10,0.188244,0.007998,58,58,10,chocolate,69850fa05e,1.6148
76,39,10,0.188244,0.007998,58,58,10,chocolate,69850fa05e,1.6148
76,40,10,0.188244,0.007998,58,58,10,chocolate,69850fa05e,1.6148
76,41,10,0.188244,0.007998,58,58,10,chocolate,69850fa05e,1.6148
76,42,10,0.188244,0.007998,58,58,10,chocolate,69850fa05e,1.6148
76,43,10,0.188244,0.007998,58,58,10,chocolate,69850fa05e,1.6148
76,44,10,0.148995,0.007018,61,61,10,chocolate,b075395958,1.5180
76,45,10,0.188244,0.007998,58,58,10,chocolate,69850fa05e,1.6148
76,46,10,0.188244,0.007998,58,58,10,chocolate,69850fa05e,1.6148
76,47,10,0.188244,0.007998,58,58,10,chocolate,69850fa05e,1.6148
76,48,10,0.188244,0.007998,58,58,10,chocolate,69850fa05e,1.6148
76,49,10,0.188244,0.007998,58,58,10,chocolate,69850fa05e,1.6148
77,0,10,0.188244,0.007998,58,58,10,chocolate,69850fa05e,1.6148
77,1,10,0.188244,0.007998,58,58,10,chocolate,69850fa05e,1.6148
77,2,10,0.188244,0.007998,58,58,10,chocolate,69850fa05e,1.6148
77,3,10,0.188244,0.007998,58,58,10,chocolate,69850fa05e,1.6148
77,4,10,0.188244,0.007998,58,58,10,chocolate,69850fa05e,1.6148
77,5,10,0.188244,0.007998,58,58,10,chocolate,69850fa05e,1.6148
77,6,10,0.188244,0.007998,58,58,10,chocolate,69850fa05e,1.6148
77,7,10,0.188244,0.007998,58,58,10,chocolate,69850fa05e,1.6148
77,8,10,0.188244,0.007998,58,58,10,chocolate,69850fa05e,1.6148
77,9,10,0.188244,0.007998,58,58,10,chocolate,69850fa05e,1.6148
77,10,10,0.188244,0.007998,58,58,10,chocolate,69850fa05e,1.6148
77,11,10,0.188244,0.007998,58,58,10,chocolate,69850fa05e,1.6148
77,12,10,0.188244,0.007998,58,58,10,chocolate,69850fa05e,1.6148
77,13,10,0.188244,0.007998,58,58,10,chocolate,69850fa05e,1.6148
77,14,10,0.188244,0.007998,58,58,10,chocolate,69850fa05e,1.6148
77,15,10,0.188244,0.007998,58,58,10,chocolate,69850fa05e,1.6148
77,16,10,0.170723,0.008186,59,58,10,chocolate,e34f0c2ab3,1.8231
77,17,10,0.188244,0.007998,58,58,10,chocolate,69850fa05e,1.6148
77,18,10,0.188244,0.007998,58,58,10,chocolate,69850fa05e,1.6148
77,19,10,0.188244,0.007998,58,58,10,chocolate,69850fa05e,1.6148
77,20,10,0.188244,0.007998,58,58,10,chocolate,69850fa05e,1.6148
77,21,10,0.167887,0.007339,58,58,10,chocolate,a5cdd37d9a,1.4971
77,22,10,0.188244,0.007998,58,58,10,chocolate,69850fa05e,1.6148
77,23,10,0.176528,0.006983,59,58,9,biscoito,587ec8d0fa,1.4827
77,24,10,0.188244,0.007998,58,58,10,chocolate,69850fa05e,1.6148
77,25,10,0.188244,0.007998,58,58,10,chocolate,69850fa05e,1.6148
77,26,10,0.188244,0.007998,58,58,10,chocolate,69850fa05e,1.6148
77,27,10,0.188244,0.007998,58,58,10,chocolate,69850fa05e,1.6148
77,28,10,0.188244,0.007998,58,58,10,chocolate,69850fa05e,1.6148
77,29,10,0.188244,0.007998,58,58,10,chocolate,69850fa05e,1.6148
77,30,10,0.188244,0.007998,58,58,10,chocolate,69850fa05e,1.6148
77,31,10,0.188244,0.007998,58,58,10,chocolate,69850fa05e,1.6148
77,32,10,0.188244,0.007998,58,58,10,chocolate,69850fa05e,1.6148
77,33,10,0.188244,0.007998,58,58,10,chocolate,69850fa05e,1.6148
77,34,10,0.188244,0.007998,58,58,10,chocolate,69850fa05e,1.6148
77,35,10,0.188244,0.007998,58,58,10,chocolate,69850fa05e,1.6148
77,36,10,0.188244,0.007998,58,58,10,chocolate,69850fa05e,1.6148
77,37,10,0.188244,0.007998,58,58,10,chocolate,69850fa05e,1.6148
77,38,10,0.188244,0.007998,58,58,10,chocolate,69850fa05e,1.6148
77,39,10,0.188244,0.007998,58,58,10,chocolate,69850fa05e,1.6148
77,40,10,0.188244,0.007998,58,58,10,chocolate,69850fa05e,1.6148
77,41,10,0.188244,0.007998,58,58,10,chocolate,69850fa05e,1.6148
77,42,10,0.188244,0.007998,58,58,10,chocolate,69850fa05e,1.6148
77,43,10,0.188244,0.007998,58,58,10,chocolate,69850fa05e,1.6148
77,44,10,0.188244,0.007998,58,58,10,chocolate,69850fa05e,1.6148
77,45,10,0.188244,0.007998,58,58,10,chocolate,69850fa05e,1.6148
77,46,10,0.188244,0.007998,58,58,10,chocolate,69850fa05e,1.6148
77,47,10,0.167714,0.007674,58,58,10,chocolate,e25c12c7b4,1.5018
77,48,10,0.188244,0.007998,58,58,10,chocolate,69850fa05e,1.6148
77,49,10,0.188244,0.007998,58,58,10,chocolate,69850fa05e,1.6148
78,0,10,0.188244,0.007998,58,58,10,chocolate,69850fa05e,1.6148
78,1,10,0.188244,0.007998,58,58,10,chocolate,69850fa05e,1.6148
78,2,10,0.188244,0.007998,58,58,10,chocolate,69850fa05e,1.6148
78,3,10,0.188244,0.007998,58,58,10,chocolate,69850fa05e,1.6148
78,4,10,0.188244,0.007998,58,58,10,chocolate,69850fa05e,1.6148
78,5,10,0.188244,0.007998,58,58,10,chocolate,69850fa05e,1.6148
78,6,10,0.188244,0.007998,58,58,10,chocolate,69850fa05e,1.6148
78,7,10,0.188244,0.007998,58,58,10,chocolate,69850fa05e,1.6148
78,8,10,0.188244,0.007998,58,58,10,chocolate,69850fa05e,1.6148
78,9,10,0.188244,0.007998,58,58,10,chocolate,69850fa05e,1.6148
78,10,10,0.188244,0.007998,58,58,10,chocolate,69850fa05e,1.6148
78,11,10,0.178858,0.007419,58,58,10,chocolate,5773803fc1,1.5522
78,12,10,0.188244,0.007998,58,58,10,chocolate,69850fa05e,1.6148
78,13,10,0.188244,0.007998,58,58,10,chocolate,69850fa05e,1.6148
78,14,10,0.188244,0.007998,58,58,10,chocolate,69850fa05e,1.6148
78,15,10,0.188244,0.007998,58,58,10,chocolate,69850fa05e,1.6148
78,16,10,0.188244,0.007998,58,58,10,chocolate,69850fa05e,1.6148
78,17,10,0.179324,0.007401,56,56,10,chocolate,edb2d2b552,1.5581
78,18,10,0.188244,0.007998,58,58,10,chocolate,69850fa05e,1.6148
78,19,10,0.188244,0.007998,58,58,10,chocolate,69850fa05e,1.6148
78,20,10,0.188244,0.007998,58,58,10,chocolate,69850fa05e,1.6148
78,21,10,0.188244,0.007998,58,58,10,chocolate,69850fa05e,1.6148
78,22,10,0.188244,0.007998,58,58,10,chocolate,69850fa05e,1.6148
78,23,10,0.188244,0.007998,58,58,10,chocolate,69850fa05e,1.6148
78,24,10,0.188244,0.007998,58,58,10,chocolate,69850fa05e,1.6148
78,25,10,0.188244,0.007998,58,58,10,chocolate,69850fa05e,1.6148
78,26,10,0.188244,0.007998,58,58,10,chocolate,69850fa05e,1.6148
78,27,10,0.188244,0.007998,58,58,10,chocolate,69850fa05e,1.6148
78,28,10,0.188244,0.007998,58,58,10,chocolate,69850fa05e,1.6148
78,29,10,0.180375,0.007839,57,57,10,chocolate,d76851f932,1.5554
78,30,10,0.188244,0.007998,58,58,10,chocolate,69850fa05e,1.6148
78,31,10,0.188244,0.007998,58,58,10,chocolate,69850fa05e,1.6148
78,32,10,0.188244,0.007998,58,58,10,chocolate,69850fa05e,1.6148
78,33,10,0.188244,0.007998,58,58,10,chocolate,69850fa05e,1.6148
78,34,10,0.175516,0.007466,56,56,10,chocolate,fe083eac11,1.7650
78,35,10,0.188244,0.007998,58,58,10,chocolate,69850fa05e,1.6148
78,36,10,0.188244,0.007998,58,58,10,chocolate,69850fa05e,1.6148
78,37,10,0.188244,0.007998,58,58,10,chocolate,69850fa05e,1.6148
78,38,10,0.188244,0.007998,58,58,10,chocolate,69850fa05e,1.6148
78,39,10,0.188244,0.007998,58,58,10,chocolate,69850fa05e,1.6148
78,40,10,0.188244,0.007998,58,58,10,chocolate,69850fa05e,1.6148
78,41,10,0.188244,0.007998,58,58,10,chocolate,69850fa05e,1.6148
78,42,10,0.188244,0.007998,58,58,10,chocolate,69850fa05e,1.6148
78,43,10,0.188244,0.007998,58,58,10,chocolate,69850fa05e,1.6148
78,44,10,0.188244,0.007998,58,58,10,chocolate,69850fa05e,1.6148
78,45,10,0.188244,0.007998,58,58,10,chocolate,69850fa05e,1.6148
78,46,10,0.188244,0.007998,58,58,10,chocolate,69850fa05e,1.6148
78,47,10,0.174837,0.007216,59,58,9,iogurte,41af2be85e,1.4864
78,48,10,0.188244,0.007998,58,58,10,chocolate,69850fa05e,1.6148
78,49,10,0.188244,0.007998,58,58,10,chocolate,69850fa05e,1.6148
79,0,10,0.188244,0.007998,58,58,10,chocolate,69850fa05e,1.6148
79,1,10,0.188244,0.007998,58,58,10,chocolate,69850fa05e,1.6148
79,2,10,0.188244,0.007998,58,58,10,chocolate,69850fa05e,1.6148
79,3,10,0.188244,0.007998,58,58,10,chocolate,69850fa05e,1.6148
79,4,10,0.188244,0.007998,58,58,10,chocolate,69850fa05e,1.6148
79,5,10,0.188244,0.007998,58,58,10,chocolate,69850fa05e,1.6148
79,6,10,0.174557,0.007813,58,58,10,papel higienico,ff412fbeba,1.8461
79,7,10,0.188244,0.007998,58,58,10,chocolate,69850fa05e,1.6148
79,8,10,0.188244,0.007998,58,58,10,chocolate,69850fa05e,1.6148
79,9,10,0.188244,0.007998,58,58,10,chocolate,69850fa05e,1.6148
79,10,10,0.162149,0.007784,57,57,10,vela comemorativa,b66f20c554,1.8539
79,11,10,0.188244,0.007998,58,58,10,chocolate,69850fa05e,1.6148
79,12,10,0.188244,0.007998,58,58,10,chocolate,69850fa05e,1.6148
79,13,10,0.188244,0.007998,58,58,10,chocolate,69850fa05e,1.6148
79,14,10,0.163374,0.007071,59,59,9,outro farma,ba3fd2fbcc,1.7425
79,15,10,0.188244,0.007998,58,58,10,chocolate,69850fa05e,1.6148
79,16,10,0.188244,0.007998,58,58,10,chocolate,69850fa05e,1.6148
79,17,10,0.177020,0.007121,59,59,9,desodorante,97601191e6,1.7105
79,18,10,0.188244,0.007998,58,58,10,chocolate,69850fa05e,1.6148
79,19,10,0.163414,0.007190,59,59,10,chocolate,092cdeeb72,1.6688
79,20,10,0.188244,0.007998,58,58,10,chocolate,69850fa05e,1.6148
79,21,10,0.188244,0.007998,58,58,10,chocolate,69850fa05e,1.6148
79,22,10,0.188244,0.007998,58,58,10,chocolate,69850fa05e,1.6148
79,23,10,0.188244,0.007998,58,58,10,chocolate,69850fa05e,1.6148
79,24,10,0.188244,0.007998,58,58,10,chocolate,69850fa05e,1.6148
79,25,10,0.188244,0.007998,58,58,10,chocolate,69850fa05e,1.6148
79,26,10,0.188244,0.007998,58,58,10,chocolate,69850fa05e,1.6148
79,27,10,0.188244,0.007998,58,58,10,chocolate,69850fa05e,1.6148
79,28,10,0.188244,0.007998,58,58,10,chocolate,69850fa05e,1.6148
79,29,10,0.188244,0.007998,58,58,10,chocolate,69850fa05e,1.6148
79,30,10,0.188244,0.007998,58,58,10,chocolate,69850fa05e,1.6148
79,31,10,0.188244,0.007998,58,58,10,chocolate,69850fa05e,1.6148
79,32,10,0.188244,0.007998,58,58,10,chocolate,69850fa05e,1.6148
79,33,10,0.174611,0.007052,59,59,9,macarrao,1f132f79e3,1.5491
79,34,10,0.188244,0.007998,58,58,10,chocolate,69850fa05e,1.6148
79,35,10,0.188244,0.007998,58,58,10,chocolate,69850fa05e,1.6148
79,36,10,0.188244,0.007998,58,58,10,chocolate,69850fa05e,1.6148
79,37,10,0.188244,0.007998,58,58,10,chocolate,69850fa05e,1.6148
79,38,10,0.188244,0.007998,58,58,10,chocolate,69850fa05e,1.6148
79,39,10,0.188244,0.007998,58,58,10,chocolate,69850fa05e,1.6148
79,40,10,0.188244,0.007998,58,58,10,chocolate,69850fa05e,1.6148
79,41,10,0.188244,0.007998,58,58,10,chocolate,69850fa05e,1.6148
79,42,10,0.188244,0.007998,58,58,10,chocolate,69850fa05e,1.6148
79,43,10,0.188244,0.007998,58,58,10,chocolate,69850fa05e,1.6148
79,44,10,0.188244,0.007998,58,58,10,chocolate,69850fa05e,1.6148
79,45,10,0.188244,0.007998,58,58,10,chocolate,69850fa05e,1.6148
79,46,10,0.188244,0.007998,58,58,10,chocolate,69850fa05e,1.6148
79,47,10,0.174557,0.006922,54,54,10,chocolate,bca93b0c6d,1.5165
79,48,10,0.188244,0.007998,58,58,10,chocolate,69850fa05e,1.6148
79,49,10,0.188244,0.007998,58,58,10,chocolate,69850fa05e,1.6148
80,0,10,0.188244,0.007998,58,58,10,chocolate,69850fa05e,1.6148
80,1,10,0.188244,0.007998,58,58,10,chocolate,69850fa05e,1.6148
80,2,10,0.188244,0.007998,58,58,10,chocolate,69850fa05e,1.6148
80,3,10,0.188244,0.007998,58,58,10,chocolate,69850fa05e,1.6148
80,4,10,0.188244,0.007998,58,58,10,chocolate,69850fa05e,1.6148
80,5,10,0.188244,0.007998,58,58,10,chocolate,69850fa05e,1.6148
80,6,10,0.188244,0.007998,58,58,10,chocolate,69850fa05e,1.6148
80,7,10,0.188244,0.007998,58,58,10,chocolate,69850fa05e,1.6148
80,8,10,0.172094,0.007466,57,56,10,chocolate,5c8c78d720,1.6054
80,9,10,0.188244,0.007998,58,58,10,chocolate,69850fa05e,1.6148
80,10,10,0.188244,0.007998,58,58,10,chocolate,69850fa05e,1.6148
80,11,10,0.188244,0.007998,58,58,10,chocolate,69850fa05e,1.6148
80,12,10,0.188244,0.007998,58,58,10,chocolate,69850fa05e,1.6148
80,13,10,0.188244,0.007998,58,58,10,chocolate,69850fa05e,1.6148
80,14,10,0.188244,0.007998,58,58,10,chocolate,69850fa05e,1.6148
80,15,10,0.188244,0.007998,58,58,10,chocolate,69850fa05e,1.6148
80,16,10,0.188244,0.007998,58,58,10,chocolate,69850fa05e,1.6148
80,17,10,0.188244,0.007998,58,58,10,chocolate,69850fa05e,1.6148
80,18,10,0.172773,0.006949,58,57,9,chocolate,55d938990e,1.6138
80,19,10,0.188244,0.007998,58,58,10,chocolate,69850fa05e,1.6148
80,20,10,0.188244,0.007998,58,58,10,chocolate,69850fa05e,1.6148
80,21,10,0.188244,0.007998,58,58,10,chocolate,69850fa05e,1.6148
80,22,10,0.188244,0.007998,58,58,10,chocolate,69850fa05e,1.6148
80,23,10,0.188244,0.007998,58,58,10,chocolate,69850fa05e,1.6148
80,24,10,0.188244,0.007998,58,58,10,chocolate,69850fa05e,1.6148
80,25,10,0.175875,0.007556,62,62,10,chocolate,7d06888ac4,1.5007
80,26,10,0.188244,0.007998,58,58,10,chocolate,69850fa05e,1.6148
80,27,10,0.188244,0.007998,58,58,10,chocolate,69850fa05e,1.6148
80,28,10,0.188244,0.007998,58,58,10,chocolate,69850fa05e,1.6148
80,29,10,0.188244,0.007998,58,58,10,chocolate,69850fa05e,1.6148
80,30,10,0.188244,0.007998,58,58,10,chocolate,69850fa05e,1.6148
80,31,10,0.188244,0.007998,58,58,10,chocolate,69850fa05e,1.6148
80,32,10,0.188244,0.007998,58,58,10,chocolate,69850fa05e,1.6148
80,33,10,0.188244,0.007998,58,58,10,chocolate,69850fa05e,1.6148
80,34,10,0.188244,0.007998,58,58,10,chocolate,69850fa05e,1.6148
80,35,10,0.188244,0.007998,58,58,10,chocolate,69850fa05e,1.6148
80,36,10,0.188244,0.007998,58,58,10,chocolate,69850fa05e,1.6148
80,37,10,0.188244,0.007998,58,58,10,chocolate,69850fa05e,1.6148
80,38,10,0.188244,0.007998,58,58,10,chocolate,69850fa05e,1.6148
80,39,10,0.176009,0.007816,57,56,10,chocolate,136bb2f0eb,1.5792
80,40,10,0.178871,0.008367,58,57,10,chocolate,35ae2b3c2d,1.5087
80,41,10,0.188244,0.007998,58,58,10,chocolate,69850fa05e,1.6148
80,42,10,0.188244,0.007998,58,58,10,chocolate,69850fa05e,1.6148
80,43,10,0.188244,0.007998,58,58,10,chocolate,69850fa05e,1.6148
80,44,10,0.174744,0.007405,56,56,10,chocolate,c67aaa9567,1.5579
80,45,10,0.188244,0.007998,58,58,10,chocolate,69850fa05e,1.6148
80,46,10,0.188244,0.007998,58,58,10,chocolate,69850fa05e,1.6148
80,47,10,0.188244,0.007998,58,58,10,chocolate,69850fa05e,1.6148
80,48,10,0.175689,0.007130,52,52,10,chocolate,23c7557455,1.5482
80,49,10,0.188244,0.007998,58,58,10,chocolate,69850fa05e,1.6148
81,0,10,0.188244,0.007998,58,58,10,chocolate,69850fa05e,1.6148
81,1,10,0.188244,0.007998,58,58,10,chocolate,69850fa05e,1.6148
81,2,10,0.188244,0.007998,58,58,10,chocolate,69850fa05e,1.6148
81,3,10,0.188244,0.007998,58,58,10,chocolate,69850fa05e,1.6148
81,4,10,0.188244,0.007998,58,58,10,chocolate,69850fa05e,1.6148
81,5,10,0.188244,0.007998,58,58,10,chocolate,69850fa05e,1.6148
81,6,10,0.188244,0.007998,58,58,10,chocolate,69850fa05e,1.6148
81,7,10,0.188244,0.007998,58,58,10,chocolate,69850fa05e,1.6148
81,8,10,0.168140,0.006891,59,58,10,chocolate,e0da305e88,1.5489
81,9,10,0.188244,0.007998,58,58,10,chocolate,69850fa05e,1.6148
81,10,10,0.188244,0.007998,58,58,10,chocolate,69850fa05e,1.6148
81,11,10,0.188244,0.007998,58,58,10,chocolate,69850fa05e,1.6148
81,12,10,0.188244,0.007998,58,58,10,chocolate,69850fa05e,1.6148
81,13,10,0.188244,0.007998,58,58,10,chocolate,69850fa05e,1.6148
81,14,10,0.188244,0.007998,58,58,10,chocolate,69850fa05e,1.6148
81,15,10,0.188244,0.007998,58,58,10,chocolate,69850fa05e,1.6148
81,16,10,0.188244,0.007998,58,58,10,chocolate,69850fa05e,1.6148
81,17,10,0.188244,0.007998,58,58,10,chocolate,69850fa05e,1.6148
81,18,10,0.188244,0.007998,58,58,10,chocolate,69850fa05e,1.6148
81,19,10,0.188244,0.007998,58,58,10,chocolate,69850fa05e,1.6148
81,20,10,0.177859,0.006902,59,58,9,padaria e confeitaria industrializado,8adbbe49b8,1.5681
81,21,10,0.188244,0.007998,58,58,10,chocolate,69850fa05e,1.6148
81,22,10,0.188244,0.007998,58,58,10,chocolate,69850fa05e,1.6148
81,23,10,0.188244,0.007998,58,58,10,chocolate,69850fa05e,1.6148
81,24,10,0.188244,0.007998,58,58,10,chocolate,69850fa05e,1.6148
81,25,10,0.175689,0.007293,55,55,10,chocolate,95900499d1,1.5655
81,26,10,0.190188,0.008244,59,59,10,chocolate,07cdc1a4ae,1.5485
81,27,10,0.188244,0.007998,58,58,10,chocolate,69850fa05e,1.6148
81,28,10,0.188244,0.007998,58,58,10,chocolate,69850fa05e,1.6148
81,29,10,0.188244,0.007998,58,58,10,chocolate,69850fa05e,1.6148
81,30,10,0.168353,0.006976,57,57,10,copo,70c8b35eb8,1.6667
81,31,10,0.188244,0.007998,58,58,10,chocolate,69850fa05e,1.6148
81,32,10,0.188244,0.007998,58,58,10,chocolate,69850fa05e,1.6148
81,33,10,0.188244,0.007998,58,58,10,chocolate,69850fa05e,1.6148
81,34,10,0.188244,0.007998,58,58,10,chocolate,69850fa05e,1.6148
81,35,10,0.188244,0.007998,58,58,10,chocolate,69850fa05e,1.6148
81,36,10,0.188244,0.007998,58,58,10,chocolate,69850fa05e,1.6148
81,37,10,0.188244,0.007998,58,58,10,chocolate,69850fa05e,1.6148
81,38,10,0.188244,0.007998,58,58,10,chocolate,69850fa05e,1.6148
81,39,10,0.188244,0.007998,58,58,10,chocolate,69850fa05e,1.6148
81,40,10,0.188244,0.007998,58,58,10,chocolate,69850fa05e,1.6148
81,41,10,0.188244,0.007998,58,58,10,chocolate,69850fa05e,1.6148
81,42,10,0.188244,0.007998,58,58,10,chocolate,69850fa05e,1.6148
81,43,10,0.188244,0.007998,58,58,10,chocolate,69850fa05e,1.6148
81,44,10,0.188244,0.007998,58,58,10,chocolate,69850fa05e,1.6148
81,45,10,0.188244,0.007998,58,58,10,chocolate,69850fa05e,1.6148
81,46,10,0.188244,0.007998,58,58,10,chocolate,69850fa05e,1.6148
81,47,10,0.188244,0.007998,58,58,10,chocolate,69850fa05e,1.6148
81,48,10,0.188244,0.007998,58,58,10,chocolate,69850fa05e,1.6148
81,49,10,0.188244,0.007998,58,58,10,chocolate,69850fa05e,1.6148
82,0,10,0.190188,0.008244,59,59,10,chocolate,07cdc1a4ae,1.5485
82,1,10,0.188244,0.007998,58,58,10,chocolate,69850fa05e,1.6148
82,2,10,0.188244,0.007998,58,58,10,chocolate,69850fa05e,1.6148
82,3,10,0.188244,0.007998,58,58,10,chocolate,69850fa05e,1.6148
82,4,10,0.188244,0.007998,58,58,10,chocolate,69850fa05e,1.6148
82,5,10,0.188244,0.007998,58,58,10,chocolate,69850fa05e,1.6148
82,6,10,0.188244,0.007998,58,58,10,chocolate,69850fa05e,1.6148
82,7,10,0.188244,0.007998,58,58,10,chocolate,69850fa05e,1.6148
82,8,10,0.188244,0.007998,58,58,10,chocolate,69850fa05e,1.6148
82,9,10,0.188244,0.007998,58,58,10,chocolate,69850fa05e,1.6148
82,10,10,0.188244,0.007998,58,58,10,chocolate,69850fa05e,1.6148
82,11,10,0.188244,0.007998,58,58,10,chocolate,69850fa05e,1.6148
82,12,10,0.188244,0.007998,58,58,10,chocolate,69850fa05e,1.6148
82,13,10,0.181454,0.007455,58,58,10,chocolate,a0b3548ddb,1.7304
82,14,10,0.190188,0.008244,59,59,10,chocolate,07cdc1a4ae,1.5485
82,15,10,0.188244,0.007998,58,58,10,chocolate,69850fa05e,1.6148
82,16,10,0.188244,0.007998,58,58,10,chocolate,69850fa05e,1.6148
82,17,10,0.188244,0.007998,58,58,10,chocolate,69850fa05e,1.6148
82,18,10,0.188244,0.007998,58,58,10,chocolate,69850fa05e,1.6148
82,19,10,0.188244,0.007998,58,58,10,chocolate,69850fa05e,1.6148
82,20,10,0.188244,0.007998,58,58,10,chocolate,69850fa05e,1.6148
82,21,10,0.188244,0.007998,58,58,10,chocolate,69850fa05e,1.6148
82,22,10,0.188244,0.007998,58,58,10,chocolate,69850fa05e,1.6148
82,23,10,0.188244,0.007998,58,58,10,chocolate,69850fa05e,1.6148
82,24,10,0.188244,0.007998,58,58,10,chocolate,69850fa05e,1.6148
82,25,10,0.176488,0.007666,57,57,10,chocolate,5b9cdcd8a8,1.5678
82,26,10,0.188244,0.007998,58,58,10,chocolate,69850fa05e,1.6148
82,27,10,0.188244,0.007998,58,58,10,chocolate,69850fa05e,1.6148
82,28,10,0.157196,0.007668,56,56,10,derivados do coco seco,3a49bf10f9,1.5004
82,29,10,0.188244,0.007998,58,58,10,chocolate,69850fa05e,1.6148
82,30,10,0.173133,0.007456,56,56,10,maionese,5a09b0e831,1.5500
82,31,10,0.188244,0.007998,58,58,10,chocolate,69850fa05e,1.6148
82,32,10,0.188244,0.007998,58,58,10,chocolate,69850fa05e,1.6148
82,33,10,0.188244,0.007998,58,58,10,chocolate,69850fa05e,1.6148
82,34,10,0.188244,0.007998,58,58,10,chocolate,69850fa05e,1.6148
82,35,10,0.188244,0.007998,58,58,10,chocolate,69850fa05e,1.6148
82,36,10,0.139582,0.006558,57,56,9,iogurte,6ef0c260f6,1.5139
82,37,10,0.188244,0.007998,58,58,10,chocolate,69850fa05e,1.6148
82,38,10,0.190188,0.008244,59,59,10,chocolate,07cdc1a4ae,1.5485
82,39,10,0.188244,0.007998,58,58,10,chocolate,69850fa05e,1.6148
82,40,10,0.188244,0.007998,58,58,10,chocolate,69850fa05e,1.6148
82,41,10,0.188244,0.007998,58,58,10,chocolate,69850fa05e,1.6148
82,42,10,0.188244,0.007998,58,58,10,chocolate,69850fa05e,1.6148
82,43,10,0.188244,0.007998,58,58,10,chocolate,69850fa05e,1.6148
82,44,10,0.188244,0.007998,58,58,10,chocolate,69850fa05e,1.6148
82,45,10,0.188244,0.007998,58,58,10,chocolate,69850fa05e,1.6148
82,46,10,0.188244,0.007998,58,58,10,chocolate,69850fa05e,1.6148
82,47,10,0.188244,0.007998,58,58,10,chocolate,69850fa05e,1.6148
82,48,10,0.188244,0.007998,58,58,10,chocolate,69850fa05e,1.6148
82,49,10,0.188244,0.007998,58,58,10,chocolate,69850fa05e,1.6148
83,0,10,0.190188,0.008244,59,59,10,chocolate,07cdc1a4ae,1.5485
83,1,10,0.190188,0.008244,59,59,10,chocolate,07cdc1a4ae,1.5485
83,2,10,0.190188,0.008244,59,59,10,chocolate,07cdc1a4ae,1.5485
83,3,10,0.188244,0.007998,58,58,10,chocolate,69850fa05e,1.6148
83,4,10,0.188244,0.007998,58,58,10,chocolate,69850fa05e,1.6148
83,5,10,0.186327,0.007762,60,60,10,chocolate,fe2a3df612,1.7065
83,6,10,0.188244,0.007998,58,58,10,chocolate,69850fa05e,1.6148
83,7,10,0.188244,0.007998,58,58,10,chocolate,69850fa05e,1.6148
83,8,10,0.190188,0.008244,59,59,10,chocolate,07cdc1a4ae,1.5485
83,9,10,0.188244,0.007998,58,58,10,chocolate,69850fa05e,1.6148
83,10,10,0.175622,0.006974,57,56,9,biscoito,4964ae336b,1.5781
83,11,10,0.188244,0.007998,58,58,10,chocolate,69850fa05e,1.6148
83,12,10,0.163560,0.007020,57,57,10,ovo,c247e5bf9b,1.7583
83,13,10,0.188244,0.007998,58,58,10,chocolate,69850fa05e,1.6148
83,14,10,0.188244,0.007998,58,58,10,chocolate,69850fa05e,1.6148
83,15,10,0.188244,0.007998,58,58,10,chocolate,69850fa05e,1.6148
83,16,10,0.188244,0.007998,58,58,10,chocolate,69850fa05e,1.6148
83,17,10,0.188244,0.007998,58,58,10,chocolate,69850fa05e,1.6148
83,18,10,0.188244,0.007998,58,58,10,chocolate,69850fa05e,1.6148
83,19,10,0.188244,0.007998,58,58,10,chocolate,69850fa05e,1.6148
83,20,10,0.190188,0.008244,59,59,10,chocolate,07cdc1a4ae,1.5485
83,21,10,0.188244,0.007998,58,58,10,chocolate,69850fa05e,1.6148
83,22,10,0.188244,0.007998,58,58,10,chocolate,69850fa05e,1.6148
83,23,10,0.188244,0.007998,58,58,10,chocolate,69850fa05e,1.6148
83,24,10,0.188244,0.007998,58,58,10,chocolate,69850fa05e,1.6148
83,25,10,0.179590,0.007703,58,58,10,chocolate,60af4bf31c,1.5582
83,26,10,0.188244,0.007998,58,58,10,chocolate,69850fa05e,1.6148
83,27,10,0.172920,0.007092,54,54,10,chocolate,d6bfad2739,1.5146
83,28,10,0.171761,0.006978,58,57,9,biscoito,5a0ff9bcb4,1.4612
83,29,10,0.188244,0.007998,58,58,10,chocolate,69850fa05e,1.6148
83,30,10,0.188244,0.007998,58,58,10,chocolate,69850fa05e,1.6148
83,31,10,0.188244,0.007998,58,58,10,chocolate,69850fa05e,1.6148
83,32,10,0.188244,0.007998,58,58,10,chocolate,69850fa05e,1.6148
83,33,10,0.188244,0.007998,58,58,10,chocolate,69850fa05e,1.6148
83,34,10,0.190188,0.008244,59,59,10,chocolate,07cdc1a4ae,1.5485
83,35,10,0.188244,0.007998,58,58,10,chocolate,69850fa05e,1.6148
83,36,10,0.188244,0.007998,58,58,10,chocolate,69850fa05e,1.6148
83,37,10,0.188244,0.007998,58,58,10,chocolate,69850fa05e,1.6148
83,38,10,0.188244,0.007998,58,58,10,chocolate,69850fa05e,1.6148
83,39,10,0.188244,0.007998,58,58,10,chocolate,69850fa05e,1.6148
83,40,10,0.188244,0.007998,58,58,10,chocolate,69850fa05e,1.6148
83,41,10,0.188244,0.007998,58,58,10,chocolate,69850fa05e,1.6148
83,42,10,0.188244,0.007998,58,58,10,chocolate,69850fa05e,1.6148
83,43,10,0.188244,0.007998,58,58,10,chocolate,69850fa05e,1.6148
83,44,10,0.188244,0.007998,58,58,10,chocolate,69850fa05e,1.6148
83,45,10,0.190188,0.008244,59,59,10,chocolate,07cdc1a4ae,1.5485
83,46,10,0.188244,0.007998,58,58,10,chocolate,69850fa05e,1.6148
83,47,10,0.181281,0.008363,58,58,10,chocolate,498d4b9845,1.5176
83,48,10,0.188244,0.007998,58,58,10,chocolate,69850fa05e,1.6148
83,49,10,0.188244,0.007998,58,58,10,chocolate,69850fa05e,1.6148
84,0,10,0.190188,0.008244,59,59,10,chocolate,07cdc1a4ae,1.5485
84,1,10,0.190188,0.008244,59,59,10,chocolate,07cdc1a4ae,1.5485
84,2,10,0.190188,0.008244,59,59,10,chocolate,07cdc1a4ae,1.5485
84,3,10,0.190188,0.008244,59,59,10,chocolate,07cdc1a4ae,1.5485
84,4,10,0.190188,0.008244,59,59,10,chocolate,07cdc1a4ae,1.5485
84,5,10,0.179204,0.007921,62,62,10,chocolate,af6ea46f94,1.6348
84,6,10,0.188244,0.007998,58,58,10,chocolate,69850fa05e,1.6148
84,7,10,0.190188,0.008244,59,59,10,chocolate,07cdc1a4ae,1.5485
84,8,10,0.188244,0.007998,58,58,10,chocolate,69850fa05e,1.6148
84,9,10,0.190188,0.008244,59,59,10,chocolate,07cdc1a4ae,1.5485
84,10,10,0.180921,0.008136,58,58,10,chocolate,74bf17729c,1.7626
84,11,10,0.190188,0.008244,59,59,10,chocolate,07cdc1a4ae,1.5485
84,12,10,0.188244,0.007998,58,58,10,chocolate,69850fa05e,1.6148
84,13,10,0.188244,0.007998,58,58,10,chocolate,69850fa05e,1.6148
84,14,10,0.190188,0.008244,59,59,10,chocolate,07cdc1a4ae,1.5485
84,15,10,0.188244,0.007998,58,58,10,chocolate,69850fa05e,1.6148
84,16,10,0.188244,0.007998,58,58,10,chocolate,69850fa05e,1.6148
84,17,10,0.190188,0.008244,59,59,10,chocolate,07cdc1a4ae,1.5485
84,18,10,0.188244,0.007998,58,58,10,chocolate,69850fa05e,1.6148
84,19,10,0.190188,0.008244,59,59,10,chocolate,07cdc1a4ae,1.5485
84,20,10,0.190188,0.008244,59,59,10,chocolate,07cdc1a4ae,1.5485
84,21,10,0.188244,0.007998,58,58,10,chocolate,69850fa05e,1.6148
84,22,10,0.188244,0.007998,58,58,10,chocolate,69850fa05e,1.6148
84,23,10,0.188244,0.007998,58,58,10,chocolate,69850fa05e,1.6148
84,24,10,0.188244,0.007998,58,58,10,chocolate,69850fa05e,1.6148
84,25,10,0.188244,0.007998,58,58,10,chocolate,69850fa05e,1.6148
84,26,10,0.188244,0.007998,58,58,10,chocolate,69850fa05e,1.6148
84,27,10,0.190188,0.008244,59,59,10,chocolate,07cdc1a4ae,1.5485
84,28,10,0.190188,0.008244,59,59,10,chocolate,07cdc1a4ae,1.5485
84,29,10,0.190188,0.008244,59,59,10,chocolate,07cdc1a4ae,1.5485
84,30,10,0.194488,0.008189,60,60,10,chocolate,a2f80a71db,1.6024
84,31,10,0.190188,0.008244,59,59,10,chocolate,07cdc1a4ae,1.5485
84,32,10,0.190188,0.008244,59,59,10,chocolate,07cdc1a4ae,1.5485
84,33,10,0.190188,0.008244,59,59,10,chocolate,07cdc1a4ae,1.5485
84,34,10,0.164159,0.006992,61,59,9,padaria e confeitaria industrializado,d554ecc0cf,1.7027
84,35,10,0.190188,0.008244,59,59,10,chocolate,07cdc1a4ae,1.5485
84,36,10,0.190188,0.008244,59,59,10,chocolate,07cdc1a4ae,1.5485
84,37,10,0.190188,0.008244,59,59,10,chocolate,07cdc1a4ae,1.5485
84,38,10,0.188244,0.007998,58,58,10,chocolate,69850fa05e,1.6148
84,39,10,0.190188,0.008244,59,59,10,chocolate,07cdc1a4ae,1.5485
84,40,10,0.190188,0.008244,59,59,10,chocolate,07cdc1a4ae,1.5485
84,41,10,0.188018,0.007739,60,60,10,chocolate,701976b3a5,1.7175
84,42,10,0.179696,0.008120,60,60,10,chocolate,cdbf769c01,1.5447
84,43,10,0.190188,0.008244,59,59,10,chocolate,07cdc1a4ae,1.5485
84,44,10,0.170936,0.007175,59,59,10,chinelo,8f6102f04f,1.4828
84,45,10,0.188244,0.007998,58,58,10,chocolate,69850fa05e,1.6148
84,46,10,0.188244,0.007998,58,58,10,chocolate,69850fa05e,1.6148
84,47,10,0.188244,0.007998,58,58,10,chocolate,69850fa05e,1.6148
84,48,10,0.180615,0.008048,57,57,10,chocolate,6b27df922d,1.4678
84,49,10,0.190188,0.008244,59,59,10,chocolate,07cdc1a4ae,1.5485
85,0,10,0.194488,0.008189,60,60,10,chocolate,a2f80a71db,1.6024
85,1,10,0.190188,0.008244,59,59,10,chocolate,07cdc1a4ae,1.5485
85,2,10,0.190188,0.008244,59,59,10,chocolate,07cdc1a4ae,1.5485
85,3,10,0.190188,0.008244,59,59,10,chocolate,07cdc1a4ae,1.5485
85,4,10,0.190188,0.008244,59,59,10,chocolate,07cdc1a4ae,1.5485
85,5,10,0.190188,0.008244,59,59,10,chocolate,07cdc1a4ae,1.5485
85,6,10,0.190188,0.008244,59,59,10,chocolate,07cdc1a4ae,1.5485
85,7,10,0.190188,0.008244,59,59,10,chocolate,07cdc1a4ae,1.5485
85,8,10,0.190188,0.008244,59,59,10,chocolate,07cdc1a4ae,1.5485
85,9,10,0.188244,0.007998,58,58,10,chocolate,69850fa05e,1.6148
85,10,10,0.188244,0.007998,58,58,10,chocolate,69850fa05e,1.6148
85,11,10,0.190188,0.008244,59,59,10,chocolate,07cdc1a4ae,1.5485
85,12,10,0.190188,0.008244,59,59,10,chocolate,07cdc1a4ae,1.5485
85,13,10,0.190188,0.008244,59,59,10,chocolate,07cdc1a4ae,1.5485
85,14,10,0.181907,0.007914,59,59,10,chocolate,ec628c7bcb,1.5419
85,15,10,0.190188,0.008244,59,59,10,chocolate,07cdc1a4ae,1.5485
85,16,10,0.185981,0.008488,58,58,10,chocolate,39c91925eb,1.4968
85,17,10,0.190188,0.008244,59,59,10,chocolate,07cdc1a4ae,1.5485
85,18,10,0.190188,0.008244,59,59,10,chocolate,07cdc1a4ae,1.5485
85,19,10,0.190188,0.008244,59,59,10,chocolate,07cdc1a4ae,1.5485
85,20,10,0.194488,0.008189,60,60,10,chocolate,a2f80a71db,1.6024
85,21,10,0.190188,0.008244,59,59,10,chocolate,07cdc1a4ae,1.5485
85,22,10,0.190188,0.008244,59,59,10,chocolate,07cdc1a4ae,1.5485
85,23,10,0.190188,0.008244,59,59,10,chocolate,07cdc1a4ae,1.5485
85,24,10,0.188244,0.007998,58,58,10,chocolate,69850fa05e,1.6148
85,25,10,0.190188,0.008244,59,59,10,chocolate,07cdc1a4ae,1.5485
85,26,10,0.190188,0.008244,59,59,10,chocolate,07cdc1a4ae,1.5485
85,27,10,0.190188,0.008244,59,59,10,chocolate,07cdc1a4ae,1.5485
85,28,10,0.190188,0.008244,59,59,10,chocolate,07cdc1a4ae,1.5485
85,29,10,0.172693,0.007419,59,59,10,caneta,bb5fedf7a0,1.5377
85,30,10,0.190188,0.008244,59,59,10,chocolate,07cdc1a4ae,1.5485
85,31,10,0.190188,0.008244,59,59,10,chocolate,07cdc1a4ae,1.5485
85,32,10,0.190188,0.008244,59,59,10,chocolate,07cdc1a4ae,1.5485
85,33,10,0.190188,0.008244,59,59,10,chocolate,07cdc1a4ae,1.5485
85,34,10,0.190188,0.008244,59,59,10,chocolate,07cdc1a4ae,1.5485
85,35,10,0.190188,0.008244,59,59,10,chocolate,07cdc1a4ae,1.5485
85,36,10,0.190188,0.008244,59,59,10,chocolate,07cdc1a4ae,1.5485
85,37,10,0.190188,0.008244,59,59,10,chocolate,07cdc1a4ae,1.5485
85,38,10,0.190188,0.008244,59,59,10,chocolate,07cdc1a4ae,1.5485
85,39,10,0.190188,0.008244,59,59,10,chocolate,07cdc1a4ae,1.5485
85,40,10,0.190188,0.008244,59,59,10,chocolate,07cdc1a4ae,1.5485
85,41,10,0.190188,0.008244,59,59,10,chocolate,07cdc1a4ae,1.5485
85,42,10,0.190188,0.008244,59,59,10,chocolate,07cdc1a4ae,1.5485
85,43,10,0.190188,0.008244,59,59,10,chocolate,07cdc1a4ae,1.5485
85,44,10,0.190188,0.008244,59,59,10,chocolate,07cdc1a4ae,1.5485
85,45,10,0.190188,0.008244,59,59,10,chocolate,07cdc1a4ae,1.5485
85,46,10,0.190188,0.008244,59,59,10,chocolate,07cdc1a4ae,1.5485
85,47,10,0.190188,0.008244,59,59,10,chocolate,07cdc1a4ae,1.5485
85,48,10,0.150672,0.006936,58,58,10,chocolate,bc4fb6d0af,1.5977
85,49,10,0.194488,0.008189,60,60,10,chocolate,a2f80a71db,1.6024
86,0,10,0.194488,0.008189,60,60,10,chocolate,a2f80a71db,1.6024
86,1,10,0.194488,0.008189,60,60,10,chocolate,a2f80a71db,1.6024
86,2,10,0.194488,0.008189,60,60,10,chocolate,a2f80a71db,1.6024
86,3,10,0.190188,0.008244,59,59,10,chocolate,07cdc1a4ae,1.5485
86,4,10,0.190188,0.008244,59,59,10,chocolate,07cdc1a4ae,1.5485
86,5,10,0.190188,0.008244,59,59,10,chocolate,07cdc1a4ae,1.5485
86,6,10,0.190188,0.008244,59,59,10,chocolate,07cdc1a4ae,1.5485
86,7,10,0.190188,0.008244,59,59,10,chocolate,07cdc1a4ae,1.5485
86,8,10,0.190188,0.008244,59,59,10,chocolate,07cdc1a4ae,1.5485
86,9,10,0.190188,0.008244,59,59,10,chocolate,07cdc1a4ae,1.5485
86,10,10,0.190188,0.008244,59,59,10,chocolate,07cdc1a4ae,1.5485
86,11,10,0.190188,0.008244,59,59,10,chocolate,07cdc1a4ae,1.5485
86,12,10,0.190188,0.008244,59,59,10,chocolate,07cdc1a4ae,1.5485
86,13,10,0.190188,0.008244,59,59,10,chocolate,07cdc1a4ae,1.5485
86,14,10,0.194488,0.008189,60,60,10,chocolate,a2f80a71db,1.6024
86,15,10,0.190188,0.008244,59,59,10,chocolate,07cdc1a4ae,1.5485
86,16,10,0.185581,0.008229,58,58,10,chocolate,ed1afe0992,1.5901
86,17,10,0.190188,0.008244,59,59,10,chocolate,07cdc1a4ae,1.5485
86,18,10,0.190188,0.008244,59,59,10,chocolate,07cdc1a4ae,1.5485
86,19,10,0.190188,0.008244,59,59,10,chocolate,07cdc1a4ae,1.5485
86,20,10,0.194488,0.008189,60,60,10,chocolate,a2f80a71db,1.6024
86,21,10,0.194488,0.008189,60,60,10,chocolate,a2f80a71db,1.6024
86,22,10,0.190188,0.008244,59,59,10,chocolate,07cdc1a4ae,1.5485
86,23,10,0.190188,0.008244,59,59,10,chocolate,07cdc1a4ae,1.5485
86,24,10,0.190188,0.008244,59,59,10,chocolate,07cdc1a4ae,1.5485
86,25,10,0.190188,0.008244,59,59,10,chocolate,07cdc1a4ae,1.5485
86,26,10,0.190188,0.008244,59,59,10,chocolate,07cdc1a4ae,1.5485
86,27,10,0.178618,0.007943,59,58,10,chocolate,4776d93cf3,1.4796
86,28,10,0.190188,0.008244,59,59,10,chocolate,07cdc1a4ae,1.5485
86,29,10,0.190188,0.008244,59,59,10,chocolate,07cdc1a4ae,1.5485
86,30,10,0.190188,0.008244,59,59,10,chocolate,07cdc1a4ae,1.5485
86,31,10,0.190188,0.008244,59,59,10,chocolate,07cdc1a4ae,1.5485
86,32,10,0.190188,0.008244,59,59,10,chocolate,07cdc1a4ae,1.5485
86,33,10,0.170190,0.007308,58,58,9,macarrao,6830172223,1.7019
86,34,10,0.194488,0.008189,60,60,10,chocolate,a2f80a71db,1.6024
86,35,10,0.190188,0.008244,59,59,10,chocolate,07cdc1a4ae,1.5485
86,36,10,0.194488,0.008189,60,60,10,chocolate,a2f80a71db,1.6024
86,37,10,0.190188,0.008244,59,59,10,chocolate,07cdc1a4ae,1.5485
86,38,10,0.194488,0.008189,60,60,10,chocolate,a2f80a71db,1.6024
86,39,10,0.190188,0.008244,59,59,10,chocolate,07cdc1a4ae,1.5485
86,40,10,0.190188,0.008244,59,59,10,chocolate,07cdc1a4ae,1.5485
86,41,10,0.190188,0.008244,59,59,10,chocolate,07cdc1a4ae,1.5485
86,42,10,0.190188,0.008244,59,59,10,chocolate,07cdc1a4ae,1.5485
86,43,10,0.184303,0.008259,60,60,10,chocolate,ef6de37892,1.6721
86,44,10,0.190188,0.008244,59,59,10,chocolate,07cdc1a4ae,1.5485
86,45,10,0.180935,0.007601,61,61,10,chocolate,108ceb1c28,1.8943
86,46,10,0.190188,0.008244,59,59,10,chocolate,07cdc1a4ae,1.5485
86,47,10,0.190188,0.008244,59,59,10,chocolate,07cdc1a4ae,1.5485
86,48,10,0.190188,0.008244,59,59,10,chocolate,07cdc1a4ae,1.5485
86,49,10,0.190188,0.008244,59,59,10,chocolate,07cdc1a4ae,1.5485
87,0,10,0.194488,0.008189,60,60,10,chocolate,a2f80a71db,1.6024
87,1,10,0.194488,0.008189,60,60,10,chocolate,a2f80a71db,1.6024
87,2,10,0.194488,0.008189,60,60,10,chocolate,a2f80a71db,1.6024
87,3,10,0.194488,0.008189,60,60,10,chocolate,a2f80a71db,1.6024
87,4,10,0.194488,0.008189,60,60,10,chocolate,a2f80a71db,1.6024
87,5,10,0.190188,0.008244,59,59,10,chocolate,07cdc1a4ae,1.5485
87,6,10,0.179617,0.007903,59,59,10,chocolate,aa6dc4e48a,2.0729
87,7,10,0.194488,0.008189,60,60,10,chocolate,a2f80a71db,1.6024
87,8,10,0.194488,0.008189,60,60,10,chocolate,a2f80a71db,1.6024
87,9,10,0.190188,0.008244,59,59,10,chocolate,07cdc1a4ae,1.5485
87,10,10,0.190188,0.008244,59,59,10,chocolate,07cdc1a4ae,1.5485
87,11,10,0.190188,0.008244,59,59,10,chocolate,07cdc1a4ae,1.5485
87,12,10,0.194488,0.008189,60,60,10,chocolate,a2f80a71db,1.6024
87,13,10,0.190188,0.008244,59,59,10,chocolate,07cdc1a4ae,1.5485
87,14,10,0.190188,0.008244,59,59,10,chocolate,07cdc1a4ae,1.5485
87,15,10,0.190188,0.008244,59,59,10,chocolate,07cdc1a4ae,1.5485
87,16,10,0.190188,0.008244,59,59,10,chocolate,07cdc1a4ae,1.5485
87,17,10,0.190188,0.008244,59,59,10,chocolate,07cdc1a4ae,1.5485
87,18,10,0.194488,0.008189,60,60,10,chocolate,a2f80a71db,1.6024
87,19,10,0.190188,0.008244,59,59,10,chocolate,07cdc1a4ae,1.5485
87,20,10,0.194488,0.008189,60,60,10,chocolate,a2f80a71db,1.6024
87,21,10,0.188603,0.008451,60,60,10,chocolate,e0b5c47e93,1.7495
87,22,10,0.190188,0.008244,59,59,10,chocolate,07cdc1a4ae,1.5485
87,23,10,0.194488,0.008189,60,60,10,chocolate,a2f80a71db,1.6024
87,24,10,0.194488,0.008189,60,60,10,chocolate,a2f80a71db,1.6024
87,25,10,0.190188,0.008244,59,59,10,chocolate,07cdc1a4ae,1.5485
87,26,10,0.190188,0.008244,59,59,10,chocolate,07cdc1a4ae,1.5485
87,27,10,0.194488,0.008189,60,60,10,chocolate,a2f80a71db,1.6024
87,28,10,0.190188,0.008244,59,59,10,chocolate,07cdc1a4ae,1.5485
87,29,10,0.194488,0.008189,60,60,10,chocolate,a2f80a71db,1.6024
87,30,10,0.194488,0.008189,60,60,10,chocolate,a2f80a71db,1.6024
87,31,10,0.194488,0.008189,60,60,10,chocolate,a2f80a71db,1.6024
87,32,10,0.194488,0.008189,60,60,10,chocolate,a2f80a71db,1.6024
87,33,10,0.194488,0.008189,60,60,10,chocolate,a2f80a71db,1.6024
87,34,10,0.182266,0.007933,59,59,10,chocolate,fd5866d941,1.7990
87,35,10,0.190188,0.008244,59,59,10,chocolate,07cdc1a4ae,1.5485
87,36,10,0.190188,0.008244,59,59,10,chocolate,07cdc1a4ae,1.5485
87,37,10,0.190188,0.008244,59,59,10,chocolate,07cdc1a4ae,1.5485
87,38,10,0.190188,0.008244,59,59,10,chocolate,07cdc1a4ae,1.5485
87,39,10,0.190188,0.008244,59,59,10,chocolate,07cdc1a4ae,1.5485
87,40,10,0.181201,0.007171,56,56,10,chocolate,e2d7bca133,1.8369
87,41,10,0.194488,0.008189,60,60,10,chocolate,a2f80a71db,1.6024
87,42,10,0.185581,0.008229,58,58,10,chocolate,ed1afe0992,1.5901
87,43,10,0.190188,0.008244,59,59,10,chocolate,07cdc1a4ae,1.5485
87,44,10,0.194488,0.008189,60,60,10,chocolate,a2f80a71db,1.6024
87,45,10,0.194488,0.008189,60,60,10,chocolate,a2f80a71db,1.6024
87,46,10,0.190188,0.008244,59,59,10,chocolate,07cdc1a4ae,1.5485
87,47,10,0.175835,0.007527,60,58,10,chocolate,dd3e999b7c,1.9142
87,48,10,0.190188,0.008244,59,59,10,chocolate,07cdc1a4ae,1.5485
87,49,10,0.194488,0.008189,60,60,10,chocolate,a2f80a71db,1.6024
88,0,10,0.194488,0.008189,60,60,10,chocolate,a2f80a71db,1.6024
88,1,10,0.194488,0.008189,60,60,10,chocolate,a2f80a71db,1.6024
88,2,10,0.194488,0.008189,60,60,10,chocolate,a2f80a71db,1.6024
88,3,10,0.194488,0.008189,60,60,10,chocolate,a2f80a71db,1.6024
88,4,10,0.194488,0.008189,60,60,10,chocolate,a2f80a71db,1.6024
88,5,10,0.194488,0.008189,60,60,10,chocolate,a2f80a71db,1.6024
88,6,10,0.194488,0.008189,60,60,10,chocolate,a2f80a71db,1.6024
88,7,10,0.194488,0.008189,60,60,10,chocolate,a2f80a71db,1.6024
88,8,10,0.194488,0.008189,60,60,10,chocolate,a2f80a71db,1.6024
88,9,10,0.194488,0.008189,60,60,10,chocolate,a2f80a71db,1.6024
88,10,10,0.181201,0.007171,56,56,10,chocolate,e2d7bca133,1.8369
88,11,10,0.194488,0.008189,60,60,10,chocolate,a2f80a71db,1.6024
88,12,10,0.194488,0.008189,60,60,10,chocolate,a2f80a71db,1.6024
88,13,10,0.194488,0.008189,60,60,10,chocolate,a2f80a71db,1.6024
88,14,10,0.194488,0.008189,60,60,10,chocolate,a2f80a71db,1.6024
88,15,10,0.190188,0.008244,59,59,10,chocolate,07cdc1a4ae,1.5485
88,16,10,0.194488,0.008189,60,60,10,chocolate,a2f80a71db,1.6024
88,17,10,0.194488,0.008189,60,60,10,chocolate,a2f80a71db,1.6024
88,18,10,0.194488,0.008189,60,60,10,chocolate,a2f80a71db,1.6024
88,19,10,0.194488,0.008189,60,60,10,chocolate,a2f80a71db,1.6024
88,20,10,0.194488,0.008189,60,60,10,chocolate,a2f80a71db,1.6024
88,21,10,0.194488,0.008189,60,60,10,chocolate,a2f80a71db,1.6024
88,22,10,0.182772,0.007840,60,60,10,chocolate,0f1db94def,1.9834
88,23,10,0.184729,0.007520,59,58,9,padaria e confeitaria industrializado,57593996ec,1.8990
88,24,10,0.194488,0.008189,60,60,10,chocolate,a2f80a71db,1.6024
88,25,10,0.194488,0.008189,60,60,10,chocolate,a2f80a71db,1.6024
88,26,10,0.194488,0.008189,60,60,10,chocolate,a2f80a71db,1.6024
88,27,10,0.190188,0.008244,59,59,10,chocolate,07cdc1a4ae,1.5485
88,28,10,0.190188,0.008244,59,59,10,chocolate,07cdc1a4ae,1.5485
88,29,10,0.194488,0.008189,60,60,10,chocolate,a2f80a71db,1.6024
88,30,10,0.194488,0.008189,60,60,10,chocolate,a2f80a71db,1.6024
88,31,10,0.194488,0.008189,60,60,10,chocolate,a2f80a71db,1.6024
88,32,10,0.194488,0.008189,60,60,10,chocolate,a2f80a71db,1.6024
88,33,10,0.179976,0.007335,63,63,10,chocolate,735aa1edda,1.8605
88,34,10,0.194488,0.008189,60,60,10,chocolate,a2f80a71db,1.6024
88,35,10,0.194488,0.008189,60,60,10,chocolate,a2f80a71db,1.6024
88,36,10,0.194488,0.008189,60,60,10,chocolate,a2f80a71db,1.6024
88,37,10,0.194488,0.008189,60,60,10,chocolate,a2f80a71db,1.6024
88,38,10,0.194488,0.008189,60,60,10,chocolate,a2f80a71db,1.6024
88,39,10,0.190188,0.008244,59,59,10,chocolate,07cdc1a4ae,1.5485
88,40,10,0.194488,0.008189,60,60,10,chocolate,a2f80a71db,1.6024
88,41,10,0.194488,0.008189,60,60,10,chocolate,a2f80a71db,1.6024
88,42,10,0.182679,0.007356,59,58,9,chocolate,c37cef48cd,1.5929
88,43,10,0.194488,0.008189,60,60,10,chocolate,a2f80a71db,1.6024
88,44,10,0.194488,0.008189,60,60,10,chocolate,a2f80a71db,1.6024
88,45,10,0.190188,0.008244,59,59,10,chocolate,07cdc1a4ae,1.5485
88,46,10,0.190667,0.007859,57,57,10,chocolate,bc1e526f09,1.5033
88,47,10,0.194488,0.008189,60,60,10,chocolate,a2f80a71db,1.6024
88,48,10,0.194488,0.008189,60,60,10,chocolate,a2f80a71db,1.6024
88,49,10,0.194488,0.008189,60,60,10,chocolate,a2f80a71db,1.6024
89,0,10,0.194488,0.008189,60,60,10,chocolate,a2f80a71db,1.6024
89,1,10,0.194488,0.008189,60,60,10,chocolate,a2f80a71db,1.6024
89,2,10,0.194488,0.008189,60,60,10,chocolate,a2f80a71db,1.6024
89,3,10,0.194488,0.008189,60,60,10,chocolate,a2f80a71db,1.6024
89,4,10,0.194488,0.008189,60,60,10,chocolate,a2f80a71db,1.6024
89,5,10,0.194488,0.008189,60,60,10,chocolate,a2f80a71db,1.6024
89,6,10,0.194488,0.008189,60,60,10,chocolate,a2f80a71db,1.6024
89,7,10,0.194488,0.008189,60,60,10,chocolate,a2f80a71db,1.6024
89,8,10,0.194488,0.008189,60,60,10,chocolate,a2f80a71db,1.6024
89,9,10,0.194488,0.008189,60,60,10,chocolate,a2f80a71db,1.6024
89,10,10,0.194488,0.008189,60,60,10,chocolate,a2f80a71db,1.6024
89,11,10,0.194488,0.008189,60,60,10,chocolate,a2f80a71db,1.6024
89,12,10,0.194488,0.008189,60,60,10,chocolate,a2f80a71db,1.6024
89,13,10,0.194488,0.008189,60,60,10,chocolate,a2f80a71db,1.6024
89,14,10,0.194488,0.008189,60,60,10,chocolate,a2f80a71db,1.6024
89,15,10,0.194488,0.008189,60,60,10,chocolate,a2f80a71db,1.6024
89,16,10,0.194488,0.008189,60,60,10,chocolate,a2f80a71db,1.6024
89,17,10,0.194488,0.008189,60,60,10,chocolate,a2f80a71db,1.6024
89,18,10,0.194488,0.008189,60,60,10,chocolate,a2f80a71db,1.6024
89,19,10,0.194488,0.008189,60,60,10,chocolate,a2f80a71db,1.6024
89,20,10,0.194488,0.008189,60,60,10,chocolate,a2f80a71db,1.6024
89,21,10,0.194488,0.008189,60,60,10,chocolate,a2f80a71db,1.6024
89,22,10,0.194488,0.008189,60,60,10,chocolate,a2f80a71db,1.6024
89,23,10,0.194488,0.008189,60,60,10,chocolate,a2f80a71db,1.6024
89,24,10,0.194488,0.008189,60,60,10,chocolate,a2f80a71db,1.6024
89,25,10,0.182745,0.007815,59,59,10,chocolate,40463321d0,1.6902
89,26,10,0.194488,0.008189,60,60,10,chocolate,a2f80a71db,1.6024
89,27,10,0.194488,0.008189,60,60,10,chocolate,a2f80a71db,1.6024
89,28,10,0.194488,0.008189,60,60,10,chocolate,a2f80a71db,1.6024
89,29,10,0.194488,0.008189,60,60,10,chocolate,a2f80a71db,1.6024
89,30,10,0.194488,0.008189,60,60,10,chocolate,a2f80a71db,1.6024
89,31,10,0.194488,0.008189,60,60,10,chocolate,a2f80a71db,1.6024
89,32,10,0.194488,0.008189,60,60,10,chocolate,a2f80a71db,1.6024
89,33,10,0.194488,0.008189,60,60,10,chocolate,a2f80a71db,1.6024
89,34,10,0.153535,0.007867,59,59,10,chocolate,d5cd997ff0,1.5966
89,35,10,0.194488,0.008189,60,60,10,chocolate,a2f80a71db,1.6024
89,36,10,0.194488,0.008189,60,60,10,chocolate,a2f80a71db,1.6024
89,37,10,0.194488,0.008189,60,60,10,chocolate,a2f80a71db,1.6024
89,38,10,0.194488,0.008189,60,60,10,chocolate,a2f80a71db,1.6024
89,39,10,0.194488,0.008189,60,60,10,chocolate,a2f80a71db,1.6024
89,40,10,0.194488,0.008189,60,60,10,chocolate,a2f80a71db,1.6024
89,41,10,0.194488,0.008189,60,60,10,chocolate,a2f80a71db,1.6024
89,42,10,0.194488,0.008189,60,60,10,chocolate,a2f80a71db,1.6024
89,43,10,0.194488,0.008189,60,60,10,chocolate,a2f80a71db,1.6024
89,44,10,0.194488,0.008189,60,60,10,chocolate,a2f80a71db,1.6024
89,45,10,0.194488,0.008189,60,60,10,chocolate,a2f80a71db,1.6024
89,46,10,0.178125,0.007358,59,59,10,chocolate,03b9c8863f,1.4994
89,47,10,0.194488,0.008189,60,60,10,chocolate,a2f80a71db,1.6024
89,48,10,0.194488,0.008189,60,60,10,chocolate,a2f80a71db,1.6024
89,49,10,0.194488,0.008189,60,60,10,chocolate,a2f80a71db,1.6024
90,0,10,0.194488,0.008189,60,60,10,chocolate,a2f80a71db,1.6024
90,1,10,0.194488,0.008189,60,60,10,chocolate,a2f80a71db,1.6024
90,2,10,0.194488,0.008189,60,60,10,chocolate,a2f80a71db,1.6024
90,3,10,0.194488,0.008189,60,60,10,chocolate,a2f80a71db,1.6024
90,4,10,0.194488,0.008189,60,60,10,chocolate,a2f80a71db,1.6024
90,5,10,0.194488,0.008189,60,60,10,chocolate,a2f80a71db,1.6024
90,6,10,0.194488,0.008189,60,60,10,chocolate,a2f80a71db,1.6024
90,7,10,0.194488,0.008189,60,60,10,chocolate,a2f80a71db,1.6024
90,8,10,0.194488,0.008189,60,60,10,chocolate,a2f80a71db,1.6024
90,9,10,0.194488,0.008189,60,60,10,chocolate,a2f80a71db,1.6024
90,10,10,0.194488,0.008189,60,60,10,chocolate,a2f80a71db,1.6024
90,11,10,0.194488,0.008189,60,60,10,chocolate,a2f80a71db,1.6024
90,12,10,0.194488,0.008189,60,60,10,chocolate,a2f80a71db,1.6024
90,13,10,0.194488,0.008189,60,60,10,chocolate,a2f80a71db,1.6024
90,14,10,0.194488,0.008189,60,60,10,chocolate,a2f80a71db,1.6024
90,15,10,0.179763,0.007282,59,59,10,chocolate,9f7b3bcd7a,1.5451
90,16,10,0.194488,0.008189,60,60,10,chocolate,a2f80a71db,1.6024
90,17,10,0.194488,0.008189,60,60,10,chocolate,a2f80a71db,1.6024
90,18,10,0.194488,0.008189,60,60,10,chocolate,a2f80a71db,1.6024
90,19,10,0.194488,0.008189,60,60,10,chocolate,a2f80a71db,1.6024
90,20,10,0.194488,0.008189,60,60,10,chocolate,a2f80a71db,1.6024
90,21,10,0.194488,0.008189,60,60,10,chocolate,a2f80a71db,1.6024
90,22,10,0.194488,0.008189,60,60,10,chocolate,a2f80a71db,1.6024
90,23,10,0.194488,0.008189,60,60,10,chocolate,a2f80a71db,1.6024
90,24,10,0.178472,0.008100,61,60,10,queijo,bf0a558b27,1.5378
90,25,10,0.194488,0.008189,60,60,10,chocolate,a2f80a71db,1.6024
90,26,10,0.194488,0.008189,60,60,10,chocolate,a2f80a71db,1.6024
90,27,10,0.194488,0.008189,60,60,10,chocolate,a2f80a71db,1.6024
90,28,10,0.194488,0.008189,60,60,10,chocolate,a2f80a71db,1.6024
90,29,10,0.182599,0.008191,61,61,10,chocolate,b5dcdb4252,1.7728
90,30,10,0.194488,0.008189,60,60,10,chocolate,a2f80a71db,1.6024
90,31,10,0.194488,0.008189,60,60,10,chocolate,a2f80a71db,1.6024
90,32,10,0.194488,0.008189,60,60,10,chocolate,a2f80a71db,1.6024
90,33,10,0.193663,0.008202,62,62,10,chocolate,3854b29727,1.5216
90,34,10,0.194488,0.008189,60,60,10,chocolate,a2f80a71db,1.6024
90,35,10,0.194488,0.008189,60,60,10,chocolate,a2f80a71db,1.6024
90,36,10,0.194488,0.008189,60,60,10,chocolate,a2f80a71db,1.6024
90,37,10,0.148143,0.006930,60,60,10,chocolate,fe305a9bc4,1.5822
90,38,10,0.194488,0.008189,60,60,10,chocolate,a2f80a71db,1.6024
90,39,10,0.194488,0.008189,60,60,10,chocolate,a2f80a71db,1.6024
90,40,10,0.194488,0.008189,60,60,10,chocolate,a2f80a71db,1.6024
90,41,10,0.194488,0.008189,60,60,10,chocolate,a2f80a71db,1.6024
90,42,10,0.194488,0.008189,60,60,10,chocolate,a2f80a71db,1.6024
90,43,10,0.194488,0.008189,60,60,10,chocolate,a2f80a71db,1.6024
90,44,10,0.194488,0.008189,60,60,10,chocolate,a2f80a71db,1.6024
90,45,10,0.194488,0.008189,60,60,10,chocolate,a2f80a71db,1.6024
90,46,10,0.194488,0.008189,60,60,10,chocolate,a2f80a71db,1.6024
90,47,10,0.194488,0.008189,60,60,10,chocolate,a2f80a71db,1.6024
90,48,10,0.194488,0.008189,60,60,10,chocolate,a2f80a71db,1.6024
90,49,10,0.194488,0.008189,60,60,10,chocolate,a2f80a71db,1.6024
91,0,10,0.194488,0.008189,60,60,10,chocolate,a2f80a71db,1.6024
91,1,10,0.194488,0.008189,60,60,10,chocolate,a2f80a71db,1.6024
91,2,10,0.194488,0.008189,60,60,10,chocolate,a2f80a71db,1.6024
91,3,10,0.194488,0.008189,60,60,10,chocolate,a2f80a71db,1.6024
91,4,10,0.194488,0.008189,60,60,10,chocolate,a2f80a71db,1.6024
91,5,10,0.194488,0.008189,60,60,10,chocolate,a2f80a71db,1.6024
91,6,10,0.194488,0.008189,60,60,10,chocolate,a2f80a71db,1.6024
91,7,10,0.194488,0.008189,60,60,10,chocolate,a2f80a71db,1.6024
91,8,10,0.194488,0.008189,60,60,10,chocolate,a2f80a71db,1.6024
91,9,10,0.194488,0.008189,60,60,10,chocolate,a2f80a71db,1.6024
91,10,10,0.194488,0.008189,60,60,10,chocolate,a2f80a71db,1.6024
91,11,10,0.194488,0.008189,60,60,10,chocolate,a2f80a71db,1.6024
91,12,10,0.194488,0.008189,60,60,10,chocolate,a2f80a71db,1.6024
91,13,10,0.194488,0.008189,60,60,10,chocolate,a2f80a71db,1.6024
91,14,10,0.194488,0.008189,60,60,10,chocolate,a2f80a71db,1.6024
91,15,10,0.194488,0.008189,60,60,10,chocolate,a2f80a71db,1.6024
91,16,10,0.194488,0.008189,60,60,10,chocolate,a2f80a71db,1.6024
91,17,10,0.194488,0.008189,60,60,10,chocolate,a2f80a71db,1.6024
91,18,10,0.194488,0.008189,60,60,10,chocolate,a2f80a71db,1.6024
91,19,10,0.194488,0.008189,60,60,10,chocolate,a2f80a71db,1.6024
91,20,10,0.194488,0.008189,60,60,10,chocolate,a2f80a71db,1.6024
91,21,10,0.194488,0.008189,60,60,10,chocolate,a2f80a71db,1.6024
91,22,10,0.194488,0.008189,60,60,10,chocolate,a2f80a71db,1.6024
91,23,10,0.194488,0.008189,60,60,10,chocolate,a2f80a71db,1.6024
91,24,10,0.194488,0.008189,60,60,10,chocolate,a2f80a71db,1.6024
91,25,10,0.194488,0.008189,60,60,10,chocolate,a2f80a71db,1.6024
91,26,10,0.194488,0.008189,60,60,10,chocolate,a2f80a71db,1.6024
91,27,10,0.194488,0.008189,60,60,10,chocolate,a2f80a71db,1.6024
91,28,10,0.194488,0.008189,60,60,10,chocolate,a2f80a71db,1.6024
91,29,10,0.179137,0.007329,59,59,10,aperitivo,927f08bc35,1.9437
91,30,10,0.194488,0.008189,60,60,10,chocolate,a2f80a71db,1.6024
91,31,10,0.194488,0.008189,60,60,10,chocolate,a2f80a71db,1.6024
91,32,10,0.194488,0.008189,60,60,10,chocolate,a2f80a71db,1.6024
91,33,10,0.194488,0.008189,60,60,10,chocolate,a2f80a71db,1.6024
91,34,10,0.181441,0.007589,61,61,10,chocolate,2b68a69c2f,1.7139
91,35,10,0.194488,0.008189,60,60,10,chocolate,a2f80a71db,1.6024
91,36,10,0.194488,0.008189,60,60,10,chocolate,a2f80a71db,1.6024
91,37,10,0.194488,0.008189,60,60,10,chocolate,a2f80a71db,1.6024
91,38,10,0.158527,0.007696,61,61,10,chocolate,75721c12f7,1.5000
91,39,10,0.194488,0.008189,60,60,10,chocolate,a2f80a71db,1.6024
91,40,10,0.194488,0.008189,60,60,10,chocolate,a2f80a71db,1.6024
91,41,10,0.181720,0.007121,58,58,10,chocolate,e57718fcb2,1.4967
91,42,10,0.194488,0.008189,60,60,10,chocolate,a2f80a71db,1.6024
91,43,10,0.194488,0.008189,60,60,10,chocolate,a2f80a71db,1.6024
91,44,10,0.194488,0.008189,60,60,10,chocolate,a2f80a71db,1.6024
91,45,10,0.194488,0.008189,60,60,10,chocolate,a2f80a71db,1.6024
91,46,10,0.176874,0.007464,58,58,10,chocolate,3122e02280,1.5529
91,47,10,0.194488,0.008189,60,60,10,chocolate,a2f80a71db,1.6024
91,48,10,0.194488,0.008189,60,60,10,chocolate,a2f80a71db,1.6024
91,49,10,0.194488,0.008189,60,60,10,chocolate,a2f80a71db,1.6024
92,0,10,0.194488,0.008189,60,60,10,chocolate,a2f80a71db,1.6024
92,1,10,0.194488,0.008189,60,60,10,chocolate,a2f80a71db,1.6024
92,2,10,0.194488,0.008189,60,60,10,chocolate,a2f80a71db,1.6024
92,3,10,0.194488,0.008189,60,60,10,chocolate,a2f80a71db,1.6024
92,4,10,0.194488,0.008189,60,60,10,chocolate,a2f80a71db,1.6024
92,5,10,0.194488,0.008189,60,60,10,chocolate,a2f80a71db,1.6024
92,6,10,0.194488,0.008189,60,60,10,chocolate,a2f80a71db,1.6024
92,7,10,0.194488,0.008189,60,60,10,chocolate,a2f80a71db,1.6024
92,8,10,0.194488,0.008189,60,60,10,chocolate,a2f80a71db,1.6024
92,9,10,0.194488,0.008189,60,60,10,chocolate,a2f80a71db,1.6024
92,10,10,0.194488,0.008189,60,60,10,chocolate,a2f80a71db,1.6024
92,11,10,0.194488,0.008189,60,60,10,chocolate,a2f80a71db,1.6024
92,12,10,0.194488,0.008189,60,60,10,chocolate,a2f80a71db,1.6024
92,13,10,0.167741,0.007267,59,59,10,chocolate,97669ebb32,1.5363
92,14,10,0.194488,0.008189,60,60,10,chocolate,a2f80a71db,1.6024
92,15,10,0.194488,0.008189,60,60,10,chocolate,a2f80a71db,1.6024
92,16,10,0.194488,0.008189,60,60,10,chocolate,a2f80a71db,1.6024
92,17,10,0.187658,0.008797,58,58,10,chocolate,e610a2bcb1,1.4525
92,18,10,0.160897,0.008151,57,56,10,chocolate,185477b8cc,1.5687
92,19,10,0.194488,0.008189,60,60,10,chocolate,a2f80a71db,1.6024
92,20,10,0.182266,0.007485,62,62,10,chocolate,62ce91222a,1.3794
92,21,10,0.185341,0.008132,60,59,10,chocolate,9ac9e8810b,1.4735
92,22,10,0.194488,0.008189,60,60,10,chocolate,a2f80a71db,1.6024
92,23,10,0.158807,0.007529,61,61,10,chocolate,f5b49cdaf5,1.5115
92,24,10,0.194488,0.008189,60,60,10,chocolate,a2f80a71db,1.6024
92,25,10,0.194488,0.008189,60,60,10,chocolate,a2f80a71db,1.6024
92,26,10,0.194488,0.008189,60,60,10,chocolate,a2f80a71db,1.6024
92,27,10,0.194488,0.008189,60,60,10,chocolate,a2f80a71db,1.6024
92,28,10,0.194488,0.008189,60,60,10,chocolate,a2f80a71db,1.6024
92,29,10,0.194488,0.008189,60,60,10,chocolate,a2f80a71db,1.6024
92,30,10,0.194488,0.008189,60,60,10,chocolate,a2f80a71db,1.6024
92,31,10,0.183344,0.007679,61,61,10,chocolate,be755d108c,1.4083
92,32,10,0.194488,0.008189,60,60,10,chocolate,a2f80a71db,1.6024
92,33,10,0.194488,0.008189,60,60,10,chocolate,a2f80a71db,1.6024
92,34,10,0.194488,0.008189,60,60,10,chocolate,a2f80a71db,1.6024
92,35,10,0.194488,0.008189,60,60,10,chocolate,a2f80a71db,1.6024
92,36,10,0.194488,0.008189,60,60,10,chocolate,a2f80a71db,1.6024
92,37,10,0.194488,0.008189,60,60,10,chocolate,a2f80a71db,1.6024
92,38,10,0.194488,0.008189,60,60,10,chocolate,a2f80a71db,1.6024
92,39,10,0.194488,0.008189,60,60,10,chocolate,a2f80a71db,1.6024
92,40,10,0.194488,0.008189,60,60,10,chocolate,a2f80a71db,1.6024
92,41,10,0.194488,0.008189,60,60,10,chocolate,a2f80a71db,1.6024
92,42,10,0.194488,0.008189,60,60,10,chocolate,a2f80a71db,1.6024
92,43,10,0.194488,0.008189,60,60,10,chocolate,a2f80a71db,1.6024
92,44,10,0.194488,0.008189,60,60,10,chocolate,a2f80a71db,1.6024
92,45,10,0.194488,0.008189,60,60,10,chocolate,a2f80a71db,1.6024
92,46,10,0.194488,0.008189,60,60,10,chocolate,a2f80a71db,1.6024
92,47,10,0.164625,0.007375,61,61,10,chocolate,8c457aa042,1.5439
92,48,10,0.194488,0.008189,60,60,10,chocolate,a2f80a71db,1.6024
92,49,10,0.194488,0.008189,60,60,10,chocolate,a2f80a71db,1.6024
93,0,10,0.194488,0.008189,60,60,10,chocolate,a2f80a71db,1.6024
93,1,10,0.194488,0.008189,60,60,10,chocolate,a2f80a71db,1.6024
93,2,10,0.194488,0.008189,60,60,10,chocolate,a2f80a71db,1.6024
93,3,10,0.194488,0.008189,60,60,10,chocolate,a2f80a71db,1.6024
93,4,10,0.194488,0.008189,60,60,10,chocolate,a2f80a71db,1.6024
93,5,10,0.194488,0.008189,60,60,10,chocolate,a2f80a71db,1.6024
93,6,10,0.194488,0.008189,60,60,10,chocolate,a2f80a71db,1.6024
93,7,10,0.194488,0.008189,60,60,10,chocolate,a2f80a71db,1.6024
93,8,10,0.194488,0.008189,60,60,10,chocolate,a2f80a71db,1.6024
93,9,10,0.181334,0.007677,61,60,10,chocolate,4af1012d2f,1.6067
93,10,10,0.194488,0.008189,60,60,10,chocolate,a2f80a71db,1.6024
93,11,10,0.194488,0.008189,60,60,10,chocolate,a2f80a71db,1.6024
93,12,10,0.194488,0.008189,60,60,10,chocolate,a2f80a71db,1.6024
93,13,10,0.194488,0.008189,60,60,10,chocolate,a2f80a71db,1.6024
93,14,10,0.194488,0.008189,60,60,10,chocolate,a2f80a71db,1.6024
93,15,10,0.194488,0.008189,60,60,10,chocolate,a2f80a71db,1.6024
93,16,10,0.194488,0.008189,60,60,10,chocolate,a2f80a71db,1.6024
93,17,10,0.194488,0.008189,60,60,10,chocolate,a2f80a71db,1.6024
93,18,10,0.194488,0.008189,60,60,10,chocolate,a2f80a71db,1.6024
93,19,10,0.194488,0.008189,60,60,10,chocolate,a2f80a71db,1.6024
93,20,10,0.194488,0.008189,60,60,10,chocolate,a2f80a71db,1.6024
93,21,10,0.194488,0.008189,60,60,10,chocolate,a2f80a71db,1.6024
93,22,10,0.194488,0.008189,60,60,10,chocolate,a2f80a71db,1.6024
93,23,10,0.194488,0.008189,60,60,10,chocolate,a2f80a71db,1.6024
93,24,10,0.194488,0.008189,60,60,10,chocolate,a2f80a71db,1.6024
93,25,10,0.194488,0.008189,60,60,10,chocolate,a2f80a71db,1.6024
93,26,10,0.148382,0.006859,58,57,10,chocolate,8d71bd0e51,1.4714
93,27,10,0.171575,0.007551,61,61,10,chocolate,20bdd712e9,1.5485
93,28,10,0.194488,0.008189,60,60,10,chocolate,a2f80a71db,1.6024
93,29,10,0.194488,0.008189,60,60,10,chocolate,a2f80a71db,1.6024
93,30,10,0.194488,0.008189,60,60,10,chocolate,a2f80a71db,1.6024
93,31,10,0.194488,0.008189,60,60,10,chocolate,a2f80a71db,1.6024
93,32,10,0.174770,0.006814,59,58,9,biscoito,8b7c9c4a30,1.4815
93,33,10,0.194488,0.008189,60,60,10,chocolate,a2f80a71db,1.6024
93,34,10,0.194488,0.008189,60,60,10,chocolate,a2f80a71db,1.6024
93,35,10,0.194488,0.008189,60,60,10,chocolate,a2f80a71db,1.6024
93,36,10,0.194488,0.008189,60,60,10,chocolate,a2f80a71db,1.6024
93,37,10,0.194488,0.008189,60,60,10,chocolate,a2f80a71db,1.6024
93,38,10,0.194488,0.008189,60,60,10,chocolate,a2f80a71db,1.6024
93,39,10,0.194488,0.008189,60,60,10,chocolate,a2f80a71db,1.6024
93,40,10,0.194488,0.008189,60,60,10,chocolate,a2f80a71db,1.6024
93,41,10,0.194488,0.008189,60,60,10,chocolate,a2f80a71db,1.6024
93,42,10,0.194488,0.008189,60,60,10,chocolate,a2f80a71db,1.6024
93,43,10,0.185208,0.008014,61,61,10,chocolate,d7b194885e,1.4162
93,44,10,0.194488,0.008189,60,60,10,chocolate,a2f80a71db,1.6024
93,45,10,0.194488,0.008189,60,60,10,chocolate,a2f80a71db,1.6024
93,46,10,0.194488,0.008189,60,60,10,chocolate,a2f80a71db,1.6024
93,47,10,0.194488,0.008189,60,60,10,chocolate,a2f80a71db,1.6024
93,48,10,0.194488,0.008189,60,60,10,chocolate,a2f80a71db,1.6024
93,49,10,0.194488,0.008189,60,60,10,chocolate,a2f80a71db,1.6024
94,0,10,0.194488,0.008189,60,60,10,chocolate,a2f80a71db,1.6024
94,1,10,0.194488,0.008189,60,60,10,chocolate,a2f80a71db,1.6024
94,2,10,0.194488,0.008189,60,60,10,chocolate,a2f80a71db,1.6024
94,3,10,0.194488,0.008189,60,60,10,chocolate,a2f80a71db,1.6024
94,4,10,0.194488,0.008189,60,60,10,chocolate,a2f80a71db,1.6024
94,5,10,0.194488,0.008189,60,60,10,chocolate,a2f80a71db,1.6024
94,6,10,0.194488,0.008189,60,60,10,chocolate,a2f80a71db,1.6024
94,7,10,0.186633,0.007874,62,62,10,chocolate,fa16255764,1.7583
94,8,10,0.194488,0.008189,60,60,10,chocolate,a2f80a71db,1.6024
94,9,10,0.194488,0.008189,60,60,10,chocolate,a2f80a71db,1.6024
94,10,10,0.194488,0.008189,60,60,10,chocolate,a2f80a71db,1.6024
94,11,10,0.194488,0.008189,60,60,10,chocolate,a2f80a71db,1.6024
94,12,10,0.194488,0.008189,60,60,10,chocolate,a2f80a71db,1.6024
94,13,10,0.194488,0.008189,60,60,10,chocolate,a2f80a71db,1.6024
94,14,10,0.187086,0.007771,57,57,10,chocolate,054feb6acc,1.5235
94,15,10,0.194488,0.008189,60,60,10,chocolate,a2f80a71db,1.6024
94,16,10,0.194488,0.008189,60,60,10,chocolate,a2f80a71db,1.6024
94,17,10,0.194488,0.008189,60,60,10,chocolate,a2f80a71db,1.6024
94,18,10,0.194488,0.008189,60,60,10,chocolate,a2f80a71db,1.6024
94,19,10,0.194488,0.008189,60,60,10,chocolate,a2f80a71db,1.6024
94,20,10,0.194488,0.008189,60,60,10,chocolate,a2f80a71db,1.6024
94,21,10,0.194488,0.008189,60,60,10,chocolate,a2f80a71db,1.6024
94,22,10,0.194488,0.008189,60,60,10,chocolate,a2f80a71db,1.6024
94,23,10,0.194488,0.008189,60,60,10,chocolate,a2f80a71db,1.6024
94,24,10,0.194488,0.008189,60,60,10,chocolate,a2f80a71db,1.6024
94,25,10,0.194488,0.008189,60,60,10,chocolate,a2f80a71db,1.6024
94,26,10,0.194488,0.008189,60,60,10,chocolate,a2f80a71db,1.6024
94,27,10,0.194488,0.008189,60,60,10,chocolate,a2f80a71db,1.6024
94,28,10,0.194488,0.008189,60,60,10,chocolate,a2f80a71db,1.6024
94,29,10,0.185568,0.007574,60,60,10,chocolate,cef464853b,1.5098
94,30,10,0.194488,0.008189,60,60,10,chocolate,a2f80a71db,1.6024
94,31,10,0.194488,0.008189,60,60,10,chocolate,a2f80a71db,1.6024
94,32,10,0.194488,0.008189,60,60,10,chocolate,a2f80a71db,1.6024
94,33,10,0.194488,0.008189,60,60,10,chocolate,a2f80a71db,1.6024
94,34,10,0.194488,0.008189,60,60,10,chocolate,a2f80a71db,1.6024
94,35,10,0.194488,0.008189,60,60,10,chocolate,a2f80a71db,1.6024
94,36,10,0.194488,0.008189,60,60,10,chocolate,a2f80a71db,1.6024
94,37,10,0.194488,0.008189,60,60,10,chocolate,a2f80a71db,1.6024
94,38,10,0.194488,0.008189,60,60,10,chocolate,a2f80a71db,1.6024
94,39,10,0.194488,0.008189,60,60,10,chocolate,a2f80a71db,1.6024
94,40,10,0.194488,0.008189,60,60,10,chocolate,a2f80a71db,1.6024
94,41,10,0.194488,0.008189,60,60,10,chocolate,a2f80a71db,1.6024
94,42,10,0.194488,0.008189,60,60,10,chocolate,a2f80a71db,1.6024
94,43,10,0.194488,0.008189,60,60,10,chocolate,a2f80a71db,1.6024
94,44,10,0.194488,0.008189,60,60,10,chocolate,a2f80a71db,1.6024
94,45,10,0.193490,0.008484,61,60,10,chocolate,34541c7c39,1.4952
94,46,10,0.194488,0.008189,60,60,10,chocolate,a2f80a71db,1.6024
94,47,10,0.158754,0.006580,61,61,10,chocolate,d76e88e42a,1.5346
94,48,10,0.194488,0.008189,60,60,10,chocolate,a2f80a71db,1.6024
94,49,10,0.194488,0.008189,60,60,10,chocolate,a2f80a71db,1.6024
95,0,10,0.194488,0.008189,60,60,10,chocolate,a2f80a71db,1.6024
95,1,10,0.194488,0.008189,60,60,10,chocolate,a2f80a71db,1.6024
95,2,10,0.194488,0.008189,60,60,10,chocolate,a2f80a71db,1.6024
95,3,10,0.194488,0.008189,60,60,10,chocolate,a2f80a71db,1.6024
95,4,10,0.194488,0.008189,60,60,10,chocolate,a2f80a71db,1.6024
95,5,10,0.194488,0.008189,60,60,10,chocolate,a2f80a71db,1.6024
95,6,10,0.194488,0.008189,60,60,10,chocolate,a2f80a71db,1.6024
95,7,10,0.194488,0.008189,60,60,10,chocolate,a2f80a71db,1.6024
95,8,10,0.194488,0.008189,60,60,10,chocolate,a2f80a71db,1.6024
95,9,10,0.194488,0.008189,60,60,10,chocolate,a2f80a71db,1.6024
95,10,10,0.194488,0.008189,60,60,10,chocolate,a2f80a71db,1.6024
95,11,10,0.194488,0.008189,60,60,10,chocolate,a2f80a71db,1.6024
95,12,10,0.194488,0.008189,60,60,10,chocolate,a2f80a71db,1.6024
95,13,10,0.148542,0.007150,61,61,10,chocolate,2a76542983,1.6676
95,14,10,0.182013,0.007449,60,60,10,chocolate,4e5bbf6443,1.5001
95,15,10,0.194488,0.008189,60,60,10,chocolate,a2f80a71db,1.6024
95,16,10,0.194488,0.008189,60,60,10,chocolate,a2f80a71db,1.6024
95,17,10,0.175556,0.006862,59,57,9,biscoito,5f8ba8d459,1.5001
95,18,10,0.194488,0.008189,60,60,10,chocolate,a2f80a71db,1.6024
95,19,10,0.194488,0.008189,60,60,10,chocolate,a2f80a71db,1.6024
95,20,10,0.194488,0.008189,60,60,10,chocolate,a2f80a71db,1.6024
95,21,10,0.194488,0.008189,60,60,10,chocolate,a2f80a71db,1.6024
95,22,10,0.177952,0.007278,60,60,10,chocolate,1814a337ce,1.5400
95,23,10,0.194488,0.008189,60,60,10,chocolate,a2f80a71db,1.6024
95,24,10,0.194488,0.008189,60,60,10,chocolate,a2f80a71db,1.6024
95,25,10,0.194488,0.008189,60,60,10,chocolate,a2f80a71db,1.6024
95,26,10,0.194488,0.008189,60,60,10,chocolate,a2f80a71db,1.6024
95,27,10,0.194488,0.008189,60,60,10,chocolate,a2f80a71db,1.6024
95,28,10,0.194488,0.008189,60,60,10,chocolate,a2f80a71db,1.6024
95,29,10,0.194488,0.008189,60,60,10,chocolate,a2f80a71db,1.6024
95,30,10,0.194488,0.008189,60,60,10,chocolate,a2f80a71db,1.6024
95,31,10,0.194488,0.008189,60,60,10,chocolate,a2f80a71db,1.6024
95,32,10,0.175290,0.007613,58,58,10,chocolate,05e5c36e69,1.5697
95,33,10,0.194488,0.008189,60,60,10,chocolate,a2f80a71db,1.6024
95,34,10,0.194488,0.008189,60,60,10,chocolate,a2f80a71db,1.6024
95,35,10,0.188044,0.008367,59,59,10,chocolate,e1ef76f44a,1.4102
95,36,10,0.194488,0.008189,60,60,10,chocolate,a2f80a71db,1.6024
95,37,10,0.194488,0.008189,60,60,10,chocolate,a2f80a71db,1.6024
95,38,10,0.194488,0.008189,60,60,10,chocolate,a2f80a71db,1.6024
95,39,10,0.194488,0.008189,60,60,10,chocolate,a2f80a71db,1.6024
95,40,10,0.194488,0.008189,60,60,10,chocolate,a2f80a71db,1.6024
95,41,10,0.178405,0.007013,59,59,9,padaria e confeitaria industrializado,2e362ea2d8,1.5172
95,42,10,0.194488,0.008189,60,60,10,chocolate,a2f80a71db,1.6024
95,43,10,0.194488,0.008189,60,60,10,chocolate,a2f80a71db,1.6024
95,44,10,0.194488,0.008189,60,60,10,chocolate,a2f80a71db,1.6024
95,45,10,0.194488,0.008189,60,60,10,chocolate,a2f80a71db,1.6024
95,46,10,0.194488,0.008189,60,60,10,chocolate,a2f80a71db,1.6024
95,47,10,0.194488,0.008189,60,60,10,chocolate,a2f80a71db,1.6024
95,48,10,0.194488,0.008189,60,60,10,chocolate,a2f80a71db,1.6024
95,49,10,0.194488,0.008189,60,60,10,chocolate,a2f80a71db,1.6024
96,0,10,0.194488,0.008189,60,60,10,chocolate,a2f80a71db,1.6024
96,1,10,0.194488,0.008189,60,60,10,chocolate,a2f80a71db,1.6024
96,2,10,0.194488,0.008189,60,60,10,chocolate,a2f80a71db,1.6024
96,3,10,0.194488,0.008189,60,60,10,chocolate,a2f80a71db,1.6024
96,4,10,0.194488,0.008189,60,60,10,chocolate,a2f80a71db,1.6024
96,5,10,0.194488,0.008189,60,60,10,chocolate,a2f80a71db,1.6024
96,6,10,0.194488,0.008189,60,60,10,chocolate,a2f80a71db,1.6024
96,7,10,0.180682,0.007434,58,58,9,outro farma,57ca3a1b42,1.5567
96,8,10,0.194488,0.008189,60,60,10,chocolate,a2f80a71db,1.6024
96,9,10,0.194488,0.008189,60,60,10,chocolate,a2f80a71db,1.6024
96,10,10,0.194488,0.008189,60,60,10,chocolate,a2f80a71db,1.6024
96,11,10,0.194488,0.008189,60,60,10,chocolate,a2f80a71db,1.6024
96,12,10,0.194488,0.008189,60,60,10,chocolate,a2f80a71db,1.6024
96,13,10,0.194488,0.008189,60,60,10,chocolate,a2f80a71db,1.6024
96,14,10,0.194488,0.008189,60,60,10,chocolate,a2f80a71db,1.6024
96,15,10,0.194488,0.008189,60,60,10,chocolate,a2f80a71db,1.6024
96,16,10,0.194488,0.008189,60,60,10,chocolate,a2f80a71db,1.6024
96,17,10,0.194488,0.008189,60,60,10,chocolate,a2f80a71db,1.6024
96,18,10,0.194488,0.008189,60,60,10,chocolate,a2f80a71db,1.6024
96,19,10,0.194488,0.008189,60,60,10,chocolate,a2f80a71db,1.6024
96,20,10,0.194488,0.008189,60,60,10,chocolate,a2f80a71db,1.6024
96,21,10,0.194488,0.008189,60,60,10,chocolate,a2f80a71db,1.6024
96,22,10,0.194488,0.008189,60,60,10,chocolate,a2f80a71db,1.6024
96,23,10,0.194488,0.008189,60,60,10,chocolate,a2f80a71db,1.6024
96,24,10,0.194488,0.008189,60,60,10,chocolate,a2f80a71db,1.6024
96,25,10,0.194488,0.008189,60,60,10,chocolate,a2f80a71db,1.6024
96,26,10,0.194488,0.008189,60,60,10,chocolate,a2f80a71db,1.6024
96,27,10,0.194488,0.008189,60,60,10,chocolate,a2f80a71db,1.6024
96,28,10,0.194488,0.008189,60,60,10,chocolate,a2f80a71db,1.6024
96,29,10,0.194488,0.008189,60,60,10,chocolate,a2f80a71db,1.6024
96,30,10,0.194488,0.008189,60,60,10,chocolate,a2f80a71db,1.6024
96,31,10,0.168912,0.007307,62,62,10,chocolate,56d02d1ba2,1.5532
96,32,10,0.149008,0.006562,60,58,9,padaria e confeitaria industrializado,3770f874ec,1.4311
96,33,10,0.194488,0.008189,60,60,10,chocolate,a2f80a71db,1.6024
96,34,10,0.194488,0.008189,60,60,10,chocolate,a2f80a71db,1.6024
96,35,10,0.194488,0.008189,60,60,10,chocolate,a2f80a71db,1.6024
96,36,10,0.194488,0.008189,60,60,10,chocolate,a2f80a71db,1.6024
96,37,10,0.194488,0.008189,60,60,10,chocolate,a2f80a71db,1.6024
96,38,10,0.194488,0.008189,60,60,10,chocolate,a2f80a71db,1.6024
96,39,10,0.194488,0.008189,60,60,10,chocolate,a2f80a71db,1.6024
96,40,10,0.194488,0.008189,60,60,10,chocolate,a2f80a71db,1.6024
96,41,10,0.194488,0.008189,60,60,10,chocolate,a2f80a71db,1.6024
96,42,10,0.194488,0.008189,60,60,10,chocolate,a2f80a71db,1.6024
96,43,10,0.148955,0.007091,59,59,10,chocolate,9728492092,1.5028
96,44,10,0.194488,0.008189,60,60,10,chocolate,a2f80a71db,1.6024
96,45,10,0.194488,0.008189,60,60,10,chocolate,a2f80a71db,1.6024
96,46,10,0.194488,0.008189,60,60,10,chocolate,a2f80a71db,1.6024
96,47,10,0.194488,0.008189,60,60,10,chocolate,a2f80a71db,1.6024
96,48,10,0.194488,0.008189,60,60,10,chocolate,a2f80a71db,1.6024
96,49,10,0.194488,0.008189,60,60,10,chocolate,a2f80a71db,1.6024
97,0,10,0.194488,0.008189,60,60,10,chocolate,a2f80a71db,1.6024
97,1,10,0.194488,0.008189,60,60,10,chocolate,a2f80a71db,1.6024
97,2,10,0.194488,0.008189,60,60,10,chocolate,a2f80a71db,1.6024
97,3,10,0.194488,0.008189,60,60,10,chocolate,a2f80a71db,1.6024
97,4,10,0.194488,0.008189,60,60,10,chocolate,a2f80a71db,1.6024
97,5,10,0.194488,0.008189,60,60,10,chocolate,a2f80a71db,1.6024
97,6,10,0.194488,0.008189,60,60,10,chocolate,a2f80a71db,1.6024
97,7,10,0.194488,0.008189,60,60,10,chocolate,a2f80a71db,1.6024
97,8,10,0.194488,0.008189,60,60,10,chocolate,a2f80a71db,1.6024
97,9,10,0.194488,0.008189,60,60,10,chocolate,a2f80a71db,1.6024
97,10,10,0.194488,0.008189,60,60,10,chocolate,a2f80a71db,1.6024
97,11,10,0.194488,0.008189,60,60,10,chocolate,a2f80a71db,1.6024
97,12,10,0.194488,0.008189,60,60,10,chocolate,a2f80a71db,1.6024
97,13,10,0.194488,0.008189,60,60,10,chocolate,a2f80a71db,1.6024
97,14,10,0.194488,0.008189,60,60,10,chocolate,a2f80a71db,1.6024
97,15,10,0.194488,0.008189,60,60,10,chocolate,a2f80a71db,1.6024
97,16,10,0.194488,0.008189,60,60,10,chocolate,a2f80a71db,1.6024
97,17,10,0.194488,0.008189,60,60,10,chocolate,a2f80a71db,1.6024
97,18,10,0.194488,0.008189,60,60,10,chocolate,a2f80a71db,1.6024
97,19,10,0.194488,0.008189,60,60,10,chocolate,a2f80a71db,1.6024
97,20,10,0.194488,0.008189,60,60,10,chocolate,a2f80a71db,1.6024
97,21,10,0.194488,0.008189,60,60,10,chocolate,a2f80a71db,1.6024
97,22,10,0.194488,0.008189,60,60,10,chocolate,a2f80a71db,1.6024
97,23,10,0.194488,0.008189,60,60,10,chocolate,a2f80a71db,1.6024
97,24,10,0.194488,0.008189,60,60,10,chocolate,a2f80a71db,1.6024
97,25,10,0.194488,0.008189,60,60,10,chocolate,a2f80a71db,1.6024
97,26,10,0.194488,0.008189,60,60,10,chocolate,a2f80a71db,1.6024
97,27,10,0.194488,0.008189,60,60,10,chocolate,a2f80a71db,1.6024
97,28,10,0.194488,0.008189,60,60,10,chocolate,a2f80a71db,1.6024
97,29,10,0.194488,0.008189,60,60,10,chocolate,a2f80a71db,1.6024
97,30,10,0.194488,0.008189,60,60,10,chocolate,a2f80a71db,1.6024
97,31,10,0.194488,0.008189,60,60,10,chocolate,a2f80a71db,1.6024
97,32,10,0.194488,0.008189,60,60,10,chocolate,a2f80a71db,1.6024
97,33,10,0.194488,0.008189,60,60,10,chocolate,a2f80a71db,1.6024
97,34,10,0.194488,0.008189,60,60,10,chocolate,a2f80a71db,1.6024
97,35,10,0.194488,0.008189,60,60,10,chocolate,a2f80a71db,1.6024
97,36,10,0.180256,0.007452,60,60,10,chocolate,ad29ce3180,1.5475
97,37,10,0.194488,0.008189,60,60,10,chocolate,a2f80a71db,1.6024
97,38,10,0.184836,0.007862,64,64,10,chocolate,0fadea5328,1.8166
97,39,10,0.194488,0.008189,60,60,10,chocolate,a2f80a71db,1.6024
97,40,10,0.194488,0.008189,60,60,10,chocolate,a2f80a71db,1.6024
97,41,10,0.194488,0.008189,60,60,10,chocolate,a2f80a71db,1.6024
97,42,10,0.194488,0.008189,60,60,10,chocolate,a2f80a71db,1.6024
97,43,10,0.194488,0.008189,60,60,10,chocolate,a2f80a71db,1.6024
97,44,10,0.194488,0.008189,60,60,10,chocolate,a2f80a71db,1.6024
97,45,10,0.194488,0.008189,60,60,10,chocolate,a2f80a71db,1.6024
97,46,10,0.194488,0.008189,60,60,10,chocolate,a2f80a71db,1.6024
97,47,10,0.194488,0.008189,60,60,10,chocolate,a2f80a71db,1.6024
97,48,10,0.194488,0.008189,60,60,10,chocolate,a2f80a71db,1.6024
97,49,10,0.194488,0.008189,60,60,10,chocolate,a2f80a71db,1.6024
98,0,10,0.194488,0.008189,60,60,10,chocolate,a2f80a71db,1.6024
98,1,10,0.194488,0.008189,60,60,10,chocolate,a2f80a71db,1.6024
98,2,10,0.194488,0.008189,60,60,10,chocolate,a2f80a71db,1.6024
98,3,10,0.194488,0.008189,60,60,10,chocolate,a2f80a71db,1.6024
98,4,10,0.194488,0.008189,60,60,10,chocolate,a2f80a71db,1.6024
98,5,10,0.177220,0.007157,60,60,10,pano para limpeza,5101330670,1.7439
98,6,10,0.194488,0.008189,60,60,10,chocolate,a2f80a71db,1.6024
98,7,10,0.194488,0.008189,60,60,10,chocolate,a2f80a71db,1.6024
98,8,10,0.194488,0.008189,60,60,10,chocolate,a2f80a71db,1.6024
98,9,10,0.194488,0.008189,60,60,10,chocolate,a2f80a71db,1.6024
98,10,10,0.194488,0.008189,60,60,10,chocolate,a2f80a71db,1.6024
98,11,10,0.194488,0.008189,60,60,10,chocolate,a2f80a71db,1.6024
98,12,10,0.194488,0.008189,60,60,10,chocolate,a2f80a71db,1.6024
98,13,10,0.194488,0.008189,60,60,10,chocolate,a2f80a71db,1.6024
98,14,10,0.179443,0.007782,59,59,10,chocolate,0c6c5a1267,1.5161
98,15,10,0.194488,0.008189,60,60,10,chocolate,a2f80a71db,1.6024
98,16,10,0.194488,0.008189,60,60,10,chocolate,a2f80a71db,1.6024
98,17,10,0.194488,0.008189,60,60,10,chocolate,a2f80a71db,1.6024
98,18,10,0.194488,0.008189,60,60,10,chocolate,a2f80a71db,1.6024
98,19,10,0.194488,0.008189,60,60,10,chocolate,a2f80a71db,1.6024
98,20,10,0.194488,0.008189,60,60,10,chocolate,a2f80a71db,1.6024
98,21,10,0.194488,0.008189,60,60,10,chocolate,a2f80a71db,1.6024
98,22,10,0.194488,0.008189,60,60,10,chocolate,a2f80a71db,1.6024
98,23,10,0.194488,0.008189,60,60,10,chocolate,a2f80a71db,1.6024
98,24,10,0.194488,0.008189,60,60,10,chocolate,a2f80a71db,1.6024
98,25,10,0.194488,0.008189,60,60,10,chocolate,a2f80a71db,1.6024
98,26,10,0.194488,0.008189,60,60,10,chocolate,a2f80a71db,1.6024
98,27,10,0.194488,0.008189,60,60,10,chocolate,a2f80a71db,1.6024
98,28,10,0.171495,0.007645,61,61,10,chocolate,3621239784,1.5430
98,29,10,0.183012,0.007371,63,62,10,alimento pet,c6c6bb9642,1.5298
98,30,10,0.194488,0.008189,60,60,10,chocolate,a2f80a71db,1.6024
98,31,10,0.194488,0.008189,60,60,10,chocolate,a2f80a71db,1.6024
98,32,10,0.194488,0.008189,60,60,10,chocolate,a2f80a71db,1.6024
98,33,10,0.194488,0.008189,60,60,10,chocolate,a2f80a71db,1.6024
98,34,10,0.194488,0.008189,60,60,10,chocolate,a2f80a71db,1.6024
98,35,10,0.194488,0.008189,60,60,10,chocolate,a2f80a71db,1.6024
98,36,10,0.194488,0.008189,60,60,10,chocolate,a2f80a71db,1.6024
98,37,10,0.194488,0.008189,60,60,10,chocolate,a2f80a71db,1.6024
98,38,10,0.194488,0.008189,60,60,10,chocolate,a2f80a71db,1.6024
98,39,10,0.194488,0.008189,60,60,10,chocolate,a2f80a71db,1.6024
98,40,10,0.194488,0.008189,60,60,10,chocolate,a2f80a71db,1.6024
98,41,10,0.194488,0.008189,60,60,10,chocolate,a2f80a71db,1.6024
98,42,10,0.194488,0.008189,60,60,10,chocolate,a2f80a71db,1.6024
98,43,10,0.194488,0.008189,60,60,10,chocolate,a2f80a71db,1.6024
98,44,10,0.194488,0.008189,60,60,10,chocolate,a2f80a71db,1.6024
98,45,10,0.194488,0.008189,60,60,10,chocolate,a2f80a71db,1.6024
98,46,10,0.194488,0.008189,60,60,10,chocolate,a2f80a71db,1.6024
98,47,10,0.194488,0.008189,60,60,10,chocolate,a2f80a71db,1.6024
98,48,10,0.194488,0.008189,60,60,10,chocolate,a2f80a71db,1.6024
98,49,10,0.194488,0.008189,60,60,10,chocolate,a2f80a71db,1.6024
99,0,10,0.194488,0.008189,60,60,10,chocolate,a2f80a71db,1.6024
99,1,10,0.194488,0.008189,60,60,10,chocolate,a2f80a71db,1.6024
99,2,10,0.194488,0.008189,60,60,10,chocolate,a2f80a71db,1.6024
99,3,10,0.194488,0.008189,60,60,10,chocolate,a2f80a71db,1.6024
99,4,10,0.194488,0.008189,60,60,10,chocolate,a2f80a71db,1.6024
99,5,10,0.194488,0.008189,60,60,10,chocolate,a2f80a71db,1.6024
99,6,10,0.194488,0.008189,60,60,10,chocolate,a2f80a71db,1.6024
99,7,10,0.194488,0.008189,60,60,10,chocolate,a2f80a71db,1.6024
99,8,10,0.194488,0.008189,60,60,10,chocolate,a2f80a71db,1.6024
99,9,10,0.194488,0.008189,60,60,10,chocolate,a2f80a71db,1.6024
99,10,10,0.194488,0.008189,60,60,10,chocolate,a2f80a71db,1.6024
99,11,10,0.194488,0.008189,60,60,10,chocolate,a2f80a71db,1.6024
99,12,10,0.194488,0.008189,60,60,10,chocolate,a2f80a71db,1.6024
99,13,10,0.194488,0.008189,60,60,10,chocolate,a2f80a71db,1.6024
99,14,10,0.186313,0.007762,59,58,10,sabonete,238ef50ce9,1.7470
99,15,10,0.194488,0.008189,60,60,10,chocolate,a2f80a71db,1.6024
99,16,10,0.194488,0.008189,60,60,10,chocolate,a2f80a71db,1.6024
99,17,10,0.177952,0.007144,58,56,9,biscoito,3d003886b4,1.5911
99,18,10,0.194488,0.008189,60,60,10,chocolate,a2f80a71db,1.6024
99,19,10,0.194488,0.008189,60,60,10,chocolate,a2f80a71db,1.6024
99,20,10,0.194488,0.008189,60,60,10,chocolate,a2f80a71db,1.6024
99,21,10,0.181467,0.007527,58,56,10,chocolate,4bde8b611c,1.4838
99,22,10,0.194488,0.008189,60,60,10,chocolate,a2f80a71db,1.6024
99,23,10,0.194488,0.008189,60,60,10,chocolate,a2f80a71db,1.6024
99,24,10,0.194488,0.008189,60,60,10,chocolate,a2f80a71db,1.6024
99,25,10,0.194488,0.008189,60,60,10,chocolate,a2f80a71db,1.6024
99,26,10,0.194488,0.008189,60,60,10,chocolate,a2f80a71db,1.6024
99,27,10,0.180775,0.007444,62,62,10,chocolate,5e687ab2b5,1.4985
99,28,10,0.194488,0.008189,60,60,10,chocolate,a2f80a71db,1.6024
99,29,10,0.194488,0.008189,60,60,10,chocolate,a2f80a71db,1.6024
99,30,10,0.194488,0.008189,60,60,10,chocolate,a2f80a71db,1.6024
99,31,10,0.194488,0.008189,60,60,10,chocolate,a2f80a71db,1.6024
99,32,10,0.194488,0.008189,60,60,10,chocolate,a2f80a71db,1.6024
99,33,10,0.194488,0.008189,60,60,10,chocolate,a2f80a71db,1.6024
99,34,10,0.194488,0.008189,60,60,10,chocolate,a2f80a71db,1.6024
99,35,10,0.194488,0.008189,60,60,10,chocolate,a2f80a71db,1.6024
99,36,10,0.194488,0.008189,60,60,10,chocolate,a2f80a71db,1.6024
99,37,10,0.194488,0.008189,60,60,10,chocolate,a2f80a71db,1.6024
99,38,10,0.194488,0.008189,60,60,10,chocolate,a2f80a71db,1.6024
99,39,10,0.194488,0.008189,60,60,10,chocolate,a2f80a71db,1.6024
99,40,10,0.194488,0.008189,60,60,10,chocolate,a2f80a71db,1.6024
99,41,10,0.194488,0.008189,60,60,10,chocolate,a2f80a71db,1.6024
99,42,10,0.194488,0.008189,60,60,10,chocolate,a2f80a71db,1.6024
99,43,10,0.194488,0.008189,60,60,10,chocolate,a2f80a71db,1.6024
99,44,10,0.194488,0.008189,60,60,10,chocolate,a2f80a71db,1.6024
99,45,10,0.194488,0.008189,60,60,10,chocolate,a2f80a71db,1.6024
99,46,10,0.194488,0.008189,60,60,10,chocolate,a2f80a71db,1.6024
99,47,10,0.194488,0.008189,60,60,10,chocolate,a2f80a71db,1.6024
99,48,10,0.194488,0.008189,60,60,10,chocolate,a2f80a71db,1.6024
99,49,10,0.194488,0.008189,60,60,10,chocolate,a2f80a71db,1.6024
100,0,10,0.194488,0.008189,60,60,10,chocolate,a2f80a71db,1.6024
100,1,10,0.194488,0.008189,60,60,10,chocolate,a2f80a71db,1.6024
100,2,10,0.194488,0.008189,60,60,10,chocolate,a2f80a71db,1.6024
100,3,10,0.194488,0.008189,60,60,10,chocolate,a2f80a71db,1.6024
100,4,10,0.194488,0.008189,60,60,10,chocolate,a2f80a71db,1.6024
100,5,10,0.179750,0.007425,59,59,10,chocolate,77a17bd518,1.7487
100,6,10,0.194488,0.008189,60,60,10,chocolate,a2f80a71db,1.6024
100,7,10,0.185302,0.007631,59,59,10,chocolate,9ba20bbce1,1.5042
100,8,10,0.194488,0.008189,60,60,10,chocolate,a2f80a71db,1.6024
100,9,10,0.194488,0.008189,60,60,10,chocolate,a2f80a71db,1.6024
100,10,10,0.184236,0.008157,62,62,10,chocolate,1985104bdb,1.4495
100,11,10,0.194488,0.008189,60,60,10,chocolate,a2f80a71db,1.6024
100,12,10,0.194488,0.008189,60,60,10,chocolate,a2f80a71db,1.6024
100,13,10,0.194488,0.008189,60,60,10,chocolate,a2f80a71db,1.6024
100,14,10,0.194488,0.008189,60,60,10,chocolate,a2f80a71db,1.6024
100,15,10,0.194488,0.008189,60,60,10,chocolate,a2f80a71db,1.6024
100,16,10,0.194488,0.008189,60,60,10,chocolate,a2f80a71db,1.6024
100,17,10,0.194488,0.008189,60,60,10,chocolate,a2f80a71db,1.6024
100,18,10,0.194488,0.008189,60,60,10,chocolate,a2f80a71db,1.6024
100,19,10,0.194488,0.008189,60,60,10,chocolate,a2f80a71db,1.6024
100,20,10,0.194488,0.008189,60,60,10,chocolate,a2f80a71db,1.6024
100,21,10,0.194488,0.008189,60,60,10,chocolate,a2f80a71db,1.6024
100,22,10,0.194488,0.008189,60,60,10,chocolate,a2f80a71db,1.6024
100,23,10,0.194488,0.008189,60,60,10,chocolate,a2f80a71db,1.6024
100,24,10,0.194488,0.008189,60,60,10,chocolate,a2f80a71db,1.6024
100,25,10,0.194488,0.008189,60,60,10,chocolate,a2f80a71db,1.6024
100,26,10,0.194488,0.008189,60,60,10,chocolate,a2f80a71db,1.6024
100,27,10,0.194488,0.008189,60,60,10,chocolate,a2f80a71db,1.6024
100,28,10,0.194488,0.008189,60,60,10,chocolate,a2f80a71db,1.6024
100,29,10,0.194488,0.008189,60,60,10,chocolate,a2f80a71db,1.6024
100,30,10,0.194488,0.008189,60,60,10,chocolate,a2f80a71db,1.6024
100,31,10,0.186313,0.007762,59,58,10,cerveja,238ef50ce9,1.7470
100,32,10,0.194488,0.008189,60,60,10,chocolate,a2f80a71db,1.6024
100,33,10,0.194488,0.008189,60,60,10,chocolate,a2f80a71db,1.6024
100,34,10,0.194488,0.008189,60,60,10,chocolate,a2f80a71db,1.6024
100,35,10,0.194488,0.008189,60,60,10,chocolate,a2f80a71db,1.6024
100,36,10,0.194488,0.008189,60,60,10,chocolate,a2f80a71db,1.6024
100,37,10,0.194488,0.008189,60,60,10,chocolate,a2f80a71db,1.6024
100,38,10,0.194488,0.008189,60,60,10,chocolate,a2f80a71db,1.6024
100,39,10,0.194488,0.008189,60,60,10,chocolate,a2f80a71db,1.6024
100,40,10,0.194488,0.008189,60,60,10,chocolate,a2f80a71db,1.6024
100,41,10,0.182825,0.007508,62,61,10,chocolate,d54add2d32,1.4811
100,42,10,0.182998,0.007477,61,61,10,chocolate,6bf84c6e93,1.5292
100,43,10,0.194488,0.008189,60,60,10,chocolate,a2f80a71db,1.6024
100,44,10,0.182625,0.007090,61,59,9,suco pronto,3309a8e864,1.4348
100,45,10,0.194488,0.008189,60,60,10,chocolate,a2f80a71db,1.6024
100,46,10,0.194488,0.008189,60,60,10,chocolate,a2f80a71db,1.6024
100,47,10,0.194488,0.008189,60,60,10,chocolate,a2f80a71db,1.6024
100,48,10,0.194488,0.008189,60,60,10,chocolate,a2f80a71db,1.6024
100,49,10,0.194488,0.008189,60,60,10,chocolate,a2f80a71db,1.6024
