generation,individual_id,l0_size,accuracy_on_full,f1_macro_on_full,num_tokens,num_distinct_tokens,num_classes_in_l0,most_frequent_class_in_l0,l0_indices_hash,fitness_calc_time_sec
1,0,30000,0.845234,0.613774,164566,18641,580,biscoito,945a6f200a,9.4998
1,1,30000,0.845310,0.613584,164372,18371,574,biscoito,eb4c330eeb,8.5705
1,2,30000,0.847467,0.619216,164350,18651,583,biscoito,57cfde2d8c,8.5566
1,3,30000,0.844243,0.606548,164689,18398,578,biscoito,733480b172,9.1602
1,4,30000,0.846344,0.614178,164723,18521,575,biscoito,c9bcefa722,8.6480
1,5,30000,0.843888,0.617093,163951,18547,584,biscoito,1bcd89948f,8.6417
1,6,30000,0.846919,0.615128,164341,18683,580,biscoito,6f23034a0e,8.4889
1,7,30000,0.847591,0.612310,164507,18661,572,biscoito,981ca25944,8.6478
1,8,30000,0.847610,0.613934,164208,18603,583,biscoito,bdff91ee37,8.5993
1,9,30000,0.843644,0.611407,164522,18504,574,biscoito,c5cc9621fa,8.4762
1,10,30000,0.845290,0.614948,164619,18610,574,biscoito,27ce6c4903,8.8419
1,11,30000,0.845118,0.609457,164767,18567,583,biscoito,75a31107c9,8.4914
1,12,30000,0.845913,0.612329,164884,18577,582,biscoito,49ea49957e,8.8261
1,13,30000,0.845266,0.607931,164415,18502,574,biscoito,8415c591d3,8.6636
1,14,30000,0.844695,0.605688,164520,18408,570,biscoito,e2c0edc17d,8.4737
1,15,30000,0.846308,0.604387,164415,18550,577,biscoito,8dcb1729fe,8.6069
1,16,30000,0.846097,0.618585,164762,18424,580,biscoito,0af493d153,8.5657
1,17,30000,0.842218,0.614584,164481,18380,573,biscoito,9e8dd70280,9.1917
1,18,30000,0.845410,0.620589,164550,18632,588,biscoito,05a8c04ef3,9.0275
1,19,30000,0.846931,0.606029,164639,18594,574,biscoito,8998c191d3,8.6076
2,0,30000,0.845410,0.620589,164550,18632,588,biscoito,05a8c04ef3,9.0275
2,1,30000,0.844559,0.611519,164743,18458,570,biscoito,ce4d474f0e,8.6758
2,2,30000,0.846540,0.616273,164421,18368,579,biscoito,570db7e969,8.5341
2,3,30000,0.846145,0.611508,164732,18525,581,biscoito,5a5744f75c,8.6254
2,4,30000,0.844531,0.617031,164880,18569,579,biscoito,b5eea86caf,8.6085
2,5,30000,0.845354,0.620189,164571,18554,583,biscoito,1654388820,9.0095
2,6,30000,0.844056,0.611870,164736,18391,576,biscoito,a4a241cec9,8.5425
2,7,30000,0.845354,0.624899,164635,18404,584,biscoito,7b9d197900,8.6244
2,8,30000,0.846991,0.624772,164611,18656,585,biscoito,9830b034c0,8.6620
2,9,30000,0.845765,0.614995,164641,18444,582,biscoito,c91a1a0310,8.6608
2,10,30000,0.846101,0.616686,164621,18469,577,biscoito,7179bc2830,8.4114
2,11,30000,0.847830,0.618605,164405,18660,582,biscoito,f2292a947a,8.7294
2,12,30000,0.842750,0.615788,164416,18368,572,biscoito,ed785f3a49,8.9525
2,13,30000,0.844807,0.605038,164770,18421,573,biscoito,c2a37c65f0,9.7933
2,14,30000,0.845769,0.615560,164818,18593,575,biscoito,e1dc0796b3,8.5766
2,15,30000,0.846983,0.609951,164428,18508,574,biscoito,3eb2d56acf,8.6255
2,16,30000,0.845110,0.618450,163985,18654,586,biscoito,187d122d6c,8.5394
2,17,30000,0.846061,0.619093,164767,18442,580,biscoito,e0f1aab50a,8.5141
2,18,30000,0.847467,0.619216,164350,18651,583,biscoito,57cfde2d8c,8.5566
2,19,30000,0.845290,0.614948,164619,18610,574,biscoito,27ce6c4903,8.8419
3,0,30000,0.845354,0.624899,164635,18404,584,biscoito,7b9d197900,8.6244
3,1,30000,0.845593,0.619449,164777,18359,581,biscoito,49ec34dcf8,9.0851
3,2,30000,0.845553,0.621519,164469,18627,584,biscoito,9345a4fa28,8.8127
3,3,30000,0.845110,0.618450,163985,18654,586,biscoito,187d122d6c,8.5394
3,4,30000,0.845110,0.618450,163985,18654,586,biscoito,187d122d6c,8.5394
3,5,30000,0.845953,0.620438,164425,18557,581,biscoito,5c8180e5dd,10.6816
3,6,30000,0.843512,0.613012,164364,18619,581,biscoito,c31af96547,10.0435
3,7,30000,0.845410,0.620589,164550,18632,588,biscoito,05a8c04ef3,9.0275
3,8,30000,0.845410,0.620589,164550,18632,588,biscoito,05a8c04ef3,9.0275
3,9,30000,0.845170,0.621949,164617,18547,580,biscoito,4b2a56497c,9.9018
3,10,30000,0.846496,0.616133,164516,18571,583,biscoito,1873f368e8,9.2101
3,11,30000,0.845973,0.614607,164194,18477,573,biscoito,512aca24c1,9.1623
3,12,30000,0.843465,0.619313,164254,18518,579,biscoito,0945027992,8.6934
3,13,30000,0.845354,0.620189,164571,18554,583,biscoito,1654388820,9.0095
3,14,30000,0.845362,0.614569,164650,18420,582,biscoito,220ba942b6,9.6148
3,15,30000,0.842023,0.614331,164742,18295,582,biscoito,0c9deca439,9.6541
3,16,30000,0.847511,0.625010,163745,18696,584,biscoito,c76b8f3494,9.1359
3,17,30000,0.847299,0.627190,164554,18765,587,biscoito,dd834be57f,10.0779
3,18,30000,0.846117,0.611745,164168,18582,581,biscoito,10b19d8293,8.9476
3,19,30000,0.847563,0.623065,164266,18628,584,biscoito,6b46293954,9.0364
4,0,30000,0.847299,0.627190,164554,18765,587,biscoito,dd834be57f,10.0779
4,1,30000,0.847511,0.625010,163745,18696,584,biscoito,c76b8f3494,9.1359
4,2,30000,0.847299,0.627190,164554,18765,587,biscoito,dd834be57f,10.0779
4,3,30000,0.845773,0.619878,164432,18545,581,biscoito,8c6dabd766,9.4617
4,4,30000,0.847511,0.625010,163745,18696,584,biscoito,c76b8f3494,9.1359
4,5,30000,0.846356,0.622816,164788,18632,582,biscoito,bd9a84e5f0,8.7421
4,6,30000,0.845713,0.619353,164510,18378,587,biscoito,bc816f40bd,8.6388
4,7,30000,0.847299,0.627190,164554,18765,587,biscoito,dd834be57f,10.0779
4,8,30000,0.845110,0.618450,163985,18654,586,biscoito,187d122d6c,8.5394
4,9,30000,0.846644,0.626290,163612,18789,586,biscoito,f549e94cab,9.2911
4,10,30000,0.845585,0.618005,164621,18562,585,biscoito,782ab53440,8.8736
4,11,30000,0.847563,0.623065,164266,18628,584,biscoito,6b46293954,9.0364
4,12,30000,0.845661,0.620466,164529,18628,588,biscoito,644e38e69b,9.1817
4,13,30000,0.845538,0.625019,164553,18334,582,biscoito,b0811d054f,8.7375
4,14,30000,0.844511,0.615216,164573,18624,580,biscoito,cbe9db1c4f,8.6814
4,15,30000,0.845593,0.619449,164777,18359,581,biscoito,49ec34dcf8,9.0851
4,16,30000,0.845853,0.621094,164479,18553,581,biscoito,25c624f81e,8.6497
4,17,30000,0.845306,0.619038,163668,18750,580,biscoito,0b10f24465,8.6275
4,18,30000,0.846368,0.623943,164494,18512,588,biscoito,60d8ab0caa,8.6844
4,19,30000,0.847511,0.625010,163745,18696,584,biscoito,c76b8f3494,9.1359
5,0,30000,0.847299,0.627190,164554,18765,587,biscoito,dd834be57f,10.0779
5,1,30000,0.846560,0.629248,163594,18788,582,biscoito,80089992c0,9.0415
5,2,30000,0.847642,0.623926,164467,18716,583,biscoito,affa6a9552,9.0747
5,3,30000,0.845230,0.628711,164453,18334,583,biscoito,9e2ee56253,8.5984
5,4,30000,0.847147,0.623996,164638,18760,582,biscoito,0731541832,8.6020
5,5,30000,0.845490,0.623828,164683,18680,587,biscoito,a953d14195,8.5179
5,6,30000,0.847255,0.622879,164434,18734,586,biscoito,45dc9b952d,8.7238
5,7,30000,0.846987,0.620232,164585,18516,582,biscoito,4b85204f80,8.5061
5,8,30000,0.845569,0.624180,163249,18831,582,biscoito,23a87f72df,8.7699
5,9,30000,0.846177,0.624237,164563,18533,588,biscoito,d9a799df58,9.7160
5,10,30000,0.847467,0.627040,164530,18745,587,biscoito,83924b7367,9.0205
5,11,30000,0.847299,0.627190,164554,18765,587,biscoito,dd834be57f,10.0779
5,12,30000,0.847299,0.627190,164554,18765,587,biscoito,dd834be57f,10.0779
5,13,30000,0.845490,0.624723,163655,18721,586,biscoito,be93949513,8.9120
5,14,30000,0.845218,0.624192,164636,18284,580,biscoito,31f8d09e52,8.8068
5,15,30000,0.847834,0.625512,164609,18782,589,biscoito,e3a6f8f149,9.1335
5,16,30000,0.844211,0.619103,163932,18620,581,biscoito,52ef669f84,9.0848
5,17,30000,0.847890,0.627626,164757,18619,585,biscoito,e62cf8074c,13.4353
5,18,30000,0.846129,0.622811,163533,18684,581,biscoito,b3f87c10d3,10.1787
5,19,30000,0.846644,0.626290,163612,18789,586,biscoito,f549e94cab,9.2911
6,0,30000,0.846560,0.629248,163594,18788,582,biscoito,80089992c0,9.0415
6,1,30000,0.847223,0.626665,164544,18771,587,biscoito,6801a99f42,10.0643
6,2,30000,0.847914,0.627750,164771,18628,585,biscoito,45776ae770,9.0378
6,3,30000,0.846380,0.627982,163615,18766,580,biscoito,f7af5e6e88,8.7416
6,4,30000,0.847910,0.627642,164759,18623,585,biscoito,6c83a3fc0c,8.7290
6,5,30000,0.845238,0.619158,164561,18768,581,biscoito,61cffa34b4,9.1429
6,6,30000,0.847571,0.631347,163718,18776,587,biscoito,2fd5f72a3c,8.7309
6,7,30000,0.847299,0.627190,164554,18765,587,biscoito,dd834be57f,10.0779
6,8,30000,0.847299,0.627190,164554,18765,587,biscoito,dd834be57f,10.0779
6,9,30000,0.847527,0.625475,163675,18746,583,biscoito,24090e170a,8.7152
6,10,30000,0.845502,0.626610,163453,18777,585,biscoito,c7349202c2,9.0946
6,11,30000,0.847299,0.627190,164554,18765,587,biscoito,dd834be57f,10.0779
6,12,30000,0.847299,0.627190,164554,18765,587,biscoito,dd834be57f,10.0779
6,13,30000,0.846560,0.629248,163594,18788,582,biscoito,80089992c0,9.0415
6,14,30000,0.846560,0.629248,163594,18788,582,biscoito,80089992c0,9.0415
6,15,30000,0.844974,0.622777,164471,18755,582,biscoito,48158aa9e7,8.6864
6,16,30000,0.846939,0.630733,163819,18812,590,biscoito,66b29ace9d,8.6859
6,17,30000,0.846560,0.629248,163594,18788,582,biscoito,80089992c0,9.0415
6,18,30000,0.845569,0.624180,163249,18831,582,biscoito,23a87f72df,8.7699
6,19,30000,0.847834,0.625512,164609,18782,589,biscoito,e3a6f8f149,9.1335
7,0,30000,0.847571,0.631347,163718,18776,587,biscoito,2fd5f72a3c,8.7309
7,1,30000,0.846576,0.630834,163613,18771,582,biscoito,49a4a4d616,8.9024
7,2,30000,0.847571,0.631347,163718,18776,587,biscoito,2fd5f72a3c,8.7309
7,3,30000,0.844451,0.622072,164492,18749,580,biscoito,f90fe7e547,9.9826
7,4,30000,0.847059,0.629359,163902,18787,583,biscoito,204cfb4487,8.9101
7,5,30000,0.847119,0.631200,163606,18674,587,biscoito,ad3d07e236,8.9643
7,6,30000,0.844930,0.625711,163525,18780,579,biscoito,fd7d43dd64,9.4566
7,7,30000,0.845218,0.629534,163354,18690,583,biscoito,e3976f23e9,8.7122
7,8,30000,0.846931,0.623070,165057,18809,587,biscoito,a2deba1d97,8.4250
7,9,30000,0.846652,0.628806,163630,18788,582,biscoito,5ad7948364,9.0573
7,10,30000,0.846560,0.629248,163594,18788,582,biscoito,80089992c0,9.0415
7,11,30000,0.847898,0.627535,164764,18618,585,biscoito,d9950356eb,8.7892
7,12,30000,0.846524,0.629229,163585,18786,582,biscoito,2c7116b3b2,8.7015
7,13,30000,0.848126,0.629065,164684,18620,586,biscoito,49b68888f4,8.7207
7,14,30000,0.847910,0.627642,164759,18623,585,biscoito,6c83a3fc0c,8.7290
7,15,30000,0.848917,0.630554,164271,18741,590,biscoito,dfaeff3e01,8.9029
7,16,30000,0.846316,0.628552,164373,18716,587,biscoito,6343e76569,8.7578
7,17,30000,0.847299,0.627190,164554,18765,587,biscoito,dd834be57f,10.0779
7,18,30000,0.846560,0.629248,163594,18788,582,biscoito,80089992c0,9.0415
7,19,30000,0.847730,0.630738,163693,18716,586,biscoito,99e6473f52,8.3752
8,0,30000,0.847571,0.631347,163718,18776,587,biscoito,2fd5f72a3c,8.7309
8,1,30000,0.847167,0.628882,164496,18749,587,biscoito,fdfc06f6f9,9.3523
8,2,30000,0.848493,0.627415,164266,18757,585,biscoito,50efcbe094,8.5278
8,3,30000,0.847379,0.629697,164102,18767,588,biscoito,c974f5943d,8.5725
8,4,30000,0.848905,0.630365,164103,18780,585,biscoito,5031ca7287,8.6557
8,5,30000,0.848289,0.631497,163819,18731,587,biscoito,de1edc829f,8.6384
8,6,30000,0.845933,0.630982,164055,18771,586,biscoito,df94d71fef,8.6530
8,7,30000,0.848002,0.631504,163886,18750,584,biscoito,f128642a3f,8.5159
8,8,30000,0.847650,0.626293,163599,18610,584,biscoito,8bb0c68e90,8.8494
8,9,30000,0.847119,0.631200,163606,18674,587,biscoito,ad3d07e236,8.9643
8,10,30000,0.847119,0.631200,163606,18674,587,biscoito,ad3d07e236,8.9643
8,11,30000,0.848090,0.626877,163959,18626,584,biscoito,e87619d7e9,8.6957
8,12,30000,0.848517,0.634597,163902,18766,590,biscoito,12b75f9174,8.5351
8,13,30000,0.847934,0.628537,163559,18602,583,biscoito,9575e5834b,9.4302
8,14,30000,0.845845,0.629727,163565,18793,582,biscoito,6f7f0fdbb2,8.4870
8,15,30000,0.846408,0.630438,163420,18777,584,biscoito,4b006bf2ff,9.3223
8,16,30000,0.847571,0.628937,163503,18656,583,biscoito,fb4c090d18,9.1374
8,17,30000,0.845170,0.628211,163372,18693,583,biscoito,ba6d998d55,8.8732
8,18,30000,0.847119,0.631200,163606,18674,587,biscoito,ad3d07e236,8.9643
8,19,30000,0.845218,0.627561,163474,18825,580,biscoito,91207e5a12,8.4978
9,0,30000,0.848517,0.634597,163902,18766,590,biscoito,12b75f9174,8.5351
9,1,30000,0.847782,0.630974,164026,18814,592,biscoito,23aa5a8670,8.8302
9,2,30000,0.847874,0.634362,163646,18725,586,biscoito,c6b0dd37a2,8.6425
9,3,30000,0.847902,0.629940,163508,18678,585,biscoito,71423ec05d,8.4467
9,4,30000,0.848010,0.634937,164140,18662,593,biscoito,9f9fd84418,9.0076
9,5,30000,0.845933,0.630982,164055,18771,586,biscoito,df94d71fef,8.6530
9,6,30000,0.847119,0.631200,163606,18674,587,biscoito,ad3d07e236,8.9643
9,7,30000,0.845941,0.630970,163288,18729,583,biscoito,89247dd90a,10.3938
9,8,30000,0.847654,0.627814,163956,18798,586,biscoito,c779b49693,8.8311
9,9,30000,0.847119,0.631200,163606,18674,587,biscoito,ad3d07e236,8.9643
9,10,30000,0.847119,0.631200,163606,18674,587,biscoito,ad3d07e236,8.9643
9,11,30000,0.848066,0.633237,163829,18755,589,biscoito,76f1a24818,11.2676
9,12,30000,0.847099,0.629543,163653,18632,586,biscoito,8954aedd1f,9.5327
9,13,30000,0.848445,0.631320,163791,18745,589,biscoito,b72eaf7d32,9.2256
9,14,30000,0.845030,0.628370,163382,18709,585,biscoito,742d63ff13,8.8196
9,15,30000,0.847111,0.628756,163443,18659,581,biscoito,cf76d9f1f9,10.0360
9,16,30000,0.848182,0.633071,164001,18848,591,biscoito,428b3739bb,9.1028
9,17,30000,0.847571,0.631347,163718,18776,587,biscoito,2fd5f72a3c,8.7309
9,18,30000,0.847571,0.631347,163718,18776,587,biscoito,2fd5f72a3c,8.7309
9,19,30000,0.848517,0.634597,163902,18766,590,biscoito,12b75f9174,8.5351
10,0,30000,0.848010,0.634937,164140,18662,593,biscoito,9f9fd84418,9.0076
10,1,30000,0.848517,0.634597,163902,18766,590,biscoito,12b75f9174,8.5351
10,2,30000,0.848517,0.634597,163902,18766,590,biscoito,12b75f9174,8.5351
10,3,30000,0.848198,0.631688,163898,18680,588,biscoito,f0cf71c4d2,8.8941
10,4,30000,0.848625,0.635316,163848,18784,589,biscoito,13d69dfcd5,8.7787
10,5,30000,0.848222,0.635788,163821,18765,590,biscoito,0ab911fcda,8.8903
10,6,30000,0.848274,0.631979,163949,18764,588,biscoito,6cc2d29a8c,8.5978
10,7,30000,0.847119,0.631200,163606,18674,587,biscoito,ad3d07e236,8.9643
10,8,30000,0.847119,0.631200,163606,18674,587,biscoito,ad3d07e236,8.9643
10,9,30000,0.847099,0.629543,163653,18632,586,biscoito,8954aedd1f,9.5327
10,10,30000,0.847571,0.631347,163718,18776,587,biscoito,2fd5f72a3c,8.7309
10,11,30000,0.847119,0.630113,163622,18680,585,biscoito,f30fdfb2b1,8.5168
10,12,30000,0.848625,0.634054,163880,18779,590,biscoito,41bc9394f9,8.9547
10,13,30000,0.848274,0.632398,163798,18738,588,biscoito,3d5c077e1f,8.8072
10,14,30000,0.847938,0.635742,164137,18654,593,biscoito,a591132743,8.5638
10,15,30000,0.847702,0.631409,163627,18675,586,biscoito,2daacfcf26,8.5114
10,16,30000,0.848289,0.633293,163998,18851,590,biscoito,8ebd5bb464,8.8294
10,17,30000,0.847571,0.631347,163718,18776,587,biscoito,2fd5f72a3c,8.7309
10,18,30000,0.847571,0.631347,163718,18776,587,biscoito,2fd5f72a3c,8.7309
10,19,30000,0.848182,0.633071,164001,18848,591,biscoito,428b3739bb,9.1028
11,0,30000,0.848222,0.635788,163821,18765,590,biscoito,0ab911fcda,8.8903
11,1,30000,0.848110,0.630806,163924,18785,589,biscoito,71f2ff801b,9.1725
11,2,30000,0.848749,0.631652,163851,18743,588,biscoito,a2859c2cc5,8.8423
11,3,30000,0.848517,0.634597,163902,18766,590,biscoito,12b75f9174,8.5351
11,4,30000,0.848517,0.634597,163902,18766,590,biscoito,12b75f9174,8.5351
11,5,30000,0.848006,0.633847,164104,18642,593,biscoito,9d5b6343e9,10.6797
11,6,30000,0.848038,0.633946,164152,18675,592,biscoito,13bb13dd82,9.9443
11,7,30000,0.848405,0.635212,163800,18805,590,biscoito,3b2bcfff79,8.6931
11,8,30000,0.848529,0.633728,164022,18834,592,biscoito,c3be459ff2,8.7548
11,9,30000,0.847938,0.635742,164137,18654,593,biscoito,a591132743,8.5638
11,10,30000,0.848222,0.635788,163821,18765,590,biscoito,0ab911fcda,8.8903
11,11,30000,0.848681,0.634147,163797,18745,589,biscoito,3e4b6fcb53,8.7296
11,12,30000,0.848154,0.634923,163805,18766,590,biscoito,42abce438f,10.2753
11,13,30000,0.847535,0.630593,163640,18687,585,biscoito,7c8e04cba2,9.5775
11,14,30000,0.848046,0.632086,163785,18723,589,biscoito,7eb3038b83,8.8514
11,15,30000,0.848182,0.633071,164001,18848,591,biscoito,428b3739bb,9.1028
11,16,30000,0.848222,0.635788,163821,18765,590,biscoito,0ab911fcda,8.8903
11,17,30000,0.847571,0.631347,163718,18776,587,biscoito,2fd5f72a3c,8.7309
11,18,30000,0.848010,0.634937,164140,18662,593,biscoito,9f9fd84418,9.0076
11,19,30000,0.847535,0.632267,164087,18629,590,biscoito,14b761d3ea,8.7524
12,0,30000,0.848222,0.635788,163821,18765,590,biscoito,0ab911fcda,8.8903
12,1,30000,0.848577,0.632376,163926,18764,589,biscoito,66bbcfa5ac,8.7199
12,2,30000,0.848122,0.634541,163828,18768,589,biscoito,a61f68555d,9.3300
12,3,30000,0.848517,0.634597,163902,18766,590,biscoito,12b75f9174,8.5351
12,4,30000,0.848222,0.635788,163821,18765,590,biscoito,0ab911fcda,8.8903
12,5,30000,0.847926,0.634288,164107,18646,594,biscoito,476a089684,8.7399
12,6,30000,0.847838,0.634022,164157,18651,592,biscoito,6e19fab313,9.1430
12,7,30000,0.847283,0.633983,164160,18644,593,biscoito,0239e3fa0f,9.4119
12,8,30000,0.848505,0.637386,163870,18768,591,biscoito,a0ebb05782,10.0366
12,9,30000,0.848050,0.634276,164043,18642,592,biscoito,b44561e406,8.9252
12,10,30000,0.847547,0.633370,163789,18740,590,biscoito,83e6f0b9bb,9.5318
12,11,30000,0.847646,0.632202,164070,18676,591,biscoito,674cb3e32a,9.5154
12,12,30000,0.848321,0.634981,163835,18745,591,biscoito,f2ca2c9751,8.7465
12,13,30000,0.848222,0.635788,163821,18765,590,biscoito,0ab911fcda,8.8903
12,14,30000,0.848222,0.635788,163821,18765,590,biscoito,0ab911fcda,8.8903
12,15,30000,0.848222,0.635788,163821,18765,590,biscoito,0ab911fcda,8.8903
12,16,30000,0.848497,0.635752,163836,18779,590,biscoito,7c8871840a,9.1292
12,17,30000,0.848222,0.635788,163821,18765,590,biscoito,0ab911fcda,8.8903
12,18,30000,0.847970,0.635386,163795,18752,590,biscoito,1806c4bd65,8.9303
12,19,30000,0.848222,0.635788,163821,18765,590,biscoito,0ab911fcda,8.8903
13,0,30000,0.848505,0.637386,163870,18768,591,biscoito,a0ebb05782,10.0366
13,1,30000,0.848497,0.635752,163836,18779,590,biscoito,7c8871840a,9.1292
13,2,30000,0.848222,0.635788,163821,18765,590,biscoito,0ab911fcda,8.8903
13,3,30000,0.848222,0.635788,163821,18765,590,biscoito,0ab911fcda,8.8903
13,4,30000,0.847962,0.634422,163836,18773,589,biscoito,5f6c0bf3b5,9.5705
13,5,30000,0.848222,0.635788,163821,18765,590,biscoito,0ab911fcda,8.8903
13,6,30000,0.848222,0.635788,163821,18765,590,biscoito,0ab911fcda,8.8903
13,7,30000,0.848222,0.635788,163821,18765,590,biscoito,0ab911fcda,8.8903
13,8,30000,0.848222,0.635788,163821,18765,590,biscoito,0ab911fcda,8.8903
13,9,30000,0.848453,0.637094,163836,18762,591,biscoito,d8a3ae0b85,9.2567
13,10,30000,0.848190,0.635033,163773,18767,589,biscoito,eb5d453846,8.6732
13,11,30000,0.848222,0.635788,163821,18765,590,biscoito,0ab911fcda,8.8903
13,12,30000,0.848222,0.635788,163821,18765,590,biscoito,0ab911fcda,8.8903
13,13,30000,0.848010,0.633999,163854,18767,590,biscoito,42ca16a445,8.6771
13,14,30000,0.848309,0.635056,163921,18800,589,biscoito,8cc676e052,9.0766
13,15,30000,0.848222,0.635788,163821,18765,590,biscoito,0ab911fcda,8.8903
13,16,30000,0.848222,0.635788,163821,18765,590,biscoito,0ab911fcda,8.8903
13,17,30000,0.848222,0.635788,163821,18765,590,biscoito,0ab911fcda,8.8903
13,18,30000,0.848401,0.635372,163811,18752,590,biscoito,2193b87c71,8.8261
13,19,30000,0.848222,0.635788,163821,18765,590,biscoito,0ab911fcda,8.8903
14,0,30000,0.848505,0.637386,163870,18768,591,biscoito,a0ebb05782,10.0366
14,1,30000,0.848493,0.636254,163873,18776,590,biscoito,e90238d43a,8.6789
14,2,30000,0.848162,0.636060,163816,18757,591,biscoito,3d494f41cd,8.6255
14,3,30000,0.848453,0.637094,163836,18762,591,biscoito,d8a3ae0b85,9.2567
14,4,30000,0.848753,0.638416,163860,18747,592,biscoito,4939ec733c,9.1213
14,5,30000,0.848505,0.637386,163870,18768,591,biscoito,a0ebb05782,10.0366
14,6,30000,0.848537,0.637213,163867,18762,591,biscoito,bc6dabfe93,8.8739
14,7,30000,0.848222,0.635788,163821,18765,590,biscoito,0ab911fcda,8.8903
14,8,30000,0.847942,0.636167,163850,18764,590,biscoito,3906fdcccd,8.5188
14,9,30000,0.848230,0.636343,163833,18756,591,biscoito,16fa2a198a,8.7866
14,10,30000,0.848413,0.637101,163850,18773,592,biscoito,386b082e9f,8.6477
14,11,30000,0.848517,0.636091,163794,18756,590,biscoito,e8d0e1325d,8.6821
14,12,30000,0.848305,0.637234,163887,18760,591,biscoito,ee938ec411,9.6443
14,13,30000,0.848170,0.636729,163775,18782,591,biscoito,a1ba36765b,8.8204
14,14,30000,0.848433,0.634717,163914,18755,588,biscoito,1df79203cd,8.9953
14,15,30000,0.848186,0.636610,163839,18770,591,biscoito,5203b2a18d,8.7636
14,16,30000,0.848222,0.635788,163821,18765,590,biscoito,0ab911fcda,8.8903
14,17,30000,0.848258,0.635777,163859,18750,590,biscoito,34722d49bf,8.6759
14,18,30000,0.848090,0.636115,163843,18736,589,biscoito,82e0117b5b,9.1473
14,19,30000,0.848569,0.637115,163846,18777,591,biscoito,020fb0cfdc,8.7435
15,0,30000,0.848753,0.638416,163860,18747,592,biscoito,4939ec733c,9.1213
15,1,30000,0.848533,0.637087,163871,18778,591,biscoito,79b60dfeac,9.0027
15,2,30000,0.848361,0.636387,163945,18746,591,biscoito,d6bf2d7bf0,8.7803
15,3,30000,0.848625,0.636852,163795,18778,591,biscoito,c1bf57451f,8.5749
15,4,30000,0.848501,0.636652,163810,18796,591,biscoito,578ace158d,9.1408
15,5,30000,0.848353,0.637341,163814,18743,591,biscoito,d7cc635da9,8.7650
15,6,30000,0.848409,0.636041,163922,18763,591,biscoito,e643389437,8.9701
15,7,30000,0.848785,0.635923,163880,18783,589,biscoito,e673991717,8.7531
15,8,30000,0.848381,0.635881,163838,18768,590,biscoito,d663f65257,8.7944
15,9,30000,0.848441,0.637166,163851,18770,591,biscoito,c95c012a04,8.6682
15,10,30000,0.848513,0.637038,163853,18777,592,biscoito,d23ca8b2fb,8.5628
15,11,30000,0.848441,0.637596,163784,18749,592,biscoito,832da5b7bc,9.4197
15,12,30000,0.848429,0.636950,163826,18778,591,biscoito,5c17465663,8.6838
15,13,30000,0.847930,0.635736,163896,18738,591,biscoito,f11a6fcb6a,8.8748
15,14,30000,0.848549,0.636393,163769,18747,590,biscoito,b4299653ea,8.5441
15,15,30000,0.848505,0.637386,163870,18768,591,biscoito,a0ebb05782,10.0366
15,16,30000,0.848505,0.637386,163870,18768,591,biscoito,a0ebb05782,10.0366
15,17,30000,0.848409,0.636935,163871,18763,590,biscoito,eb28d39f8f,8.7260
15,18,30000,0.848629,0.637675,163866,18768,592,biscoito,2717f1539d,8.7413
15,19,30000,0.848305,0.637234,163887,18760,591,biscoito,ee938ec411,9.6443
16,0,30000,0.848753,0.638416,163860,18747,592,biscoito,4939ec733c,9.1213
16,1,30000,0.848441,0.637596,163784,18749,592,biscoito,832da5b7bc,9.4197
16,2,30000,0.848429,0.636950,163826,18778,591,biscoito,5c17465663,8.6838
16,3,30000,0.848537,0.637361,163883,18766,591,biscoito,b59a3a7020,8.8244
16,4,30000,0.848493,0.636229,163850,18782,591,biscoito,8f77db2d4b,8.6440
16,5,30000,0.848413,0.637217,163783,18749,592,biscoito,3dfe926388,8.7626
16,6,30000,0.848537,0.637974,163856,18762,592,biscoito,7dd4761e97,8.6296
16,7,30000,0.848549,0.637594,163868,18766,591,biscoito,26f4b0edb6,8.6078
16,8,30000,0.848689,0.638192,163862,18747,592,biscoito,18eadfc6ac,8.6067
16,9,30000,0.848497,0.637598,163838,18757,591,biscoito,05e4dbc917,8.6559
16,10,30000,0.848381,0.637352,163825,18747,591,biscoito,fe9a61f312,8.7591
16,11,30000,0.848417,0.635910,163922,18761,591,biscoito,31df7cbcd1,8.6791
16,12,30000,0.848501,0.637390,163881,18768,591,biscoito,5654f1971e,8.6656
16,13,30000,0.848397,0.637278,163865,18768,591,biscoito,e48c595f86,8.5644
16,14,30000,0.848549,0.636795,163813,18799,591,biscoito,183924a0e4,8.8261
16,15,30000,0.848721,0.638125,163856,18757,592,biscoito,0320c03612,8.5523
16,16,30000,0.848198,0.636219,163748,18741,591,biscoito,4cf797e20d,8.6586
16,17,30000,0.848629,0.637675,163866,18768,592,biscoito,2717f1539d,8.7413
16,18,30000,0.848629,0.637675,163866,18768,592,biscoito,2717f1539d,8.7413
16,19,30000,0.848717,0.637566,163790,18767,590,biscoito,e925e54706,9.1615
17,0,30000,0.848753,0.638416,163860,18747,592,biscoito,4939ec733c,9.1213
17,1,30000,0.848529,0.637571,163865,18768,592,biscoito,7a9f7ca78e,10.1243
17,2,30000,0.848905,0.637134,163813,18739,590,biscoito,a63cbfa886,12.5299
17,3,30000,0.848501,0.637390,163881,18768,591,biscoito,5654f1971e,8.6656
17,4,30000,0.848497,0.637598,163838,18757,591,biscoito,05e4dbc917,8.6559
17,5,30000,0.848226,0.636955,163883,18757,591,biscoito,efdaf56957,13.2664
17,6,30000,0.848461,0.637980,163846,18775,592,biscoito,defc03cada,13.5181
17,7,30000,0.848529,0.638034,163856,18762,591,biscoito,561b71ecdd,14.0528
17,8,30000,0.848645,0.637730,163851,18741,592,biscoito,3f509777e8,13.4195
17,9,30000,0.848853,0.638184,163826,18772,592,biscoito,ae108ccc62,13.5711
17,10,30000,0.848541,0.637610,163896,18739,592,biscoito,ba0039bd33,13.7859
17,11,30000,0.848625,0.637497,163869,18788,590,biscoito,4105e8a194,13.1629
17,12,30000,0.848625,0.637907,163855,18759,591,biscoito,15fc6057c3,13.0984
17,13,30000,0.848537,0.637126,163877,18764,592,biscoito,a335ae4370,13.7596
17,14,30000,0.848557,0.635415,163850,18754,590,biscoito,91c55f500a,12.9871
17,15,30000,0.848629,0.637675,163866,18768,592,biscoito,2717f1539d,8.7413
17,16,30000,0.848537,0.637974,163856,18762,592,biscoito,7dd4761e97,8.6296
17,17,30000,0.848525,0.637524,163867,18768,591,biscoito,729542ccad,13.0934
17,18,30000,0.848677,0.637843,163839,18759,592,biscoito,ca681684da,13.0840
17,19,30000,0.848509,0.637326,163880,18765,591,biscoito,1eb3e53c8f,13.3166
18,0,30000,0.848753,0.638416,163860,18747,592,biscoito,4939ec733c,9.1213
18,1,30000,0.848537,0.637974,163856,18762,592,biscoito,7dd4761e97,8.6296
18,2,30000,0.848753,0.638416,163860,18747,592,biscoito,4939ec733c,9.1213
18,3,30000,0.848625,0.637907,163855,18759,591,biscoito,15fc6057c3,13.0984
18,4,30000,0.848645,0.637730,163851,18741,592,biscoito,3f509777e8,13.4195
18,5,30000,0.848677,0.637843,163839,18759,592,biscoito,ca681684da,13.0840
18,6,30000,0.848270,0.636599,163873,18754,591,biscoito,75e5bdf028,13.5793
18,7,30000,0.848757,0.638311,163846,18755,592,biscoito,3a27082844,14.2877
18,8,30000,0.848449,0.637535,163909,18757,592,biscoito,cf30fd79f4,13.6463
18,9,30000,0.848853,0.638184,163826,18772,592,biscoito,ae108ccc62,13.5711
18,10,30000,0.848537,0.637974,163856,18762,592,biscoito,7dd4761e97,8.6296
18,11,30000,0.848497,0.637598,163838,18757,591,biscoito,05e4dbc917,8.6559
18,12,30000,0.848525,0.637524,163867,18768,591,biscoito,729542ccad,13.0934
18,13,30000,0.848461,0.637980,163846,18775,592,biscoito,defc03cada,13.5181
18,14,30000,0.848529,0.638034,163856,18762,591,biscoito,561b71ecdd,14.0528
18,15,30000,0.848581,0.638196,163870,18765,592,biscoito,a15cbc22be,13.5932
18,16,30000,0.848837,0.638135,163840,18755,592,biscoito,b300d4ebf3,14.7772
18,17,30000,0.848677,0.637843,163839,18759,592,biscoito,ca681684da,13.0840
18,18,30000,0.848461,0.637980,163846,18775,592,biscoito,defc03cada,13.5181
18,19,30000,0.848509,0.638156,163842,18763,591,biscoito,d7075bec7a,13.3313
19,0,30000,0.848753,0.638416,163860,18747,592,biscoito,4939ec733c,9.1213
19,1,30000,0.848337,0.637728,163917,18748,592,biscoito,3b5832f2bc,13.4850
19,2,30000,0.848677,0.637796,163855,18758,592,biscoito,a3d67da9af,12.9844
19,3,30000,0.848821,0.638349,163853,18762,592,biscoito,6d48993e85,14.9743
19,4,30000,0.848601,0.637781,163864,18755,591,biscoito,320a7da250,13.6227
19,5,30000,0.848461,0.637569,163838,18760,591,biscoito,e6d5518943,13.3794
19,6,30000,0.848525,0.638167,163892,18754,592,biscoito,4b501f3185,14.0074
19,7,30000,0.848549,0.638619,163901,18778,594,biscoito,36be1955b5,12.9288
19,8,30000,0.848745,0.633211,163850,18742,589,biscoito,67324a1e08,13.2412
19,9,30000,0.848525,0.638200,163871,18778,592,biscoito,add48dedd4,12.8786
19,10,30000,0.848010,0.636985,163864,18756,590,biscoito,8b80c55940,13.3274
19,11,30000,0.848753,0.638416,163860,18747,592,biscoito,4939ec733c,9.1213
19,12,30000,0.848581,0.635314,163867,18754,591,biscoito,737985c988,13.5528
19,13,30000,0.848725,0.638167,163859,18746,592,biscoito,8d17d45a75,13.1267
19,14,30000,0.848797,0.638575,163847,18758,592,biscoito,6313cbb6ab,13.3656
19,15,30000,0.848877,0.638684,163837,18775,592,biscoito,180a54bd5c,13.0461
19,16,30000,0.848593,0.637919,163868,18771,592,biscoito,5dd8bc6e05,13.3445
19,17,30000,0.848389,0.633315,163809,18746,589,biscoito,c6f6685871,13.2761
19,18,30000,0.848757,0.638311,163846,18755,592,biscoito,3a27082844,14.2877
19,19,30000,0.848325,0.635090,163958,18729,588,biscoito,2ea501d792,13.3469
20,0,30000,0.848877,0.638684,163837,18775,592,biscoito,180a54bd5c,13.0461
20,1,30000,0.848517,0.638240,163918,18756,593,biscoito,e8f13593d9,12.9802
20,2,30000,0.848984,0.638327,163807,18780,592,biscoito,f1e97ee2af,13.9489
20,3,30000,0.848753,0.638416,163860,18747,592,biscoito,4939ec733c,9.1213
20,4,30000,0.848613,0.637131,163905,18770,592,biscoito,09f77d5570,12.9191
20,5,30000,0.848797,0.638575,163847,18758,592,biscoito,6313cbb6ab,13.3656
20,6,30000,0.848797,0.638575,163847,18758,592,biscoito,6313cbb6ab,13.3656
20,7,30000,0.848665,0.637928,163871,18727,591,biscoito,e082d0c642,13.0200
20,8,30000,0.848877,0.638684,163837,18775,592,biscoito,180a54bd5c,13.0461
20,9,30000,0.848753,0.638416,163860,18747,592,biscoito,4939ec733c,9.1213
20,10,30000,0.848561,0.638124,163874,18756,592,biscoito,acc631097a,13.4871
20,11,30000,0.848949,0.638767,163828,18759,592,biscoito,1bf510759e,13.1806
20,12,30000,0.848465,0.637339,163887,18725,592,biscoito,e4640e3003,14.1584
20,13,30000,0.848689,0.637727,163859,18763,592,biscoito,cb0fba46d3,16.1181
20,14,30000,0.848465,0.638391,163880,18759,592,biscoito,7591527ab8,14.0519
20,15,30000,0.848549,0.638619,163901,18778,594,biscoito,36be1955b5,12.9288
20,16,30000,0.848877,0.638684,163837,18775,592,biscoito,180a54bd5c,13.0461
20,17,30000,0.848969,0.638391,163828,18783,592,biscoito,2ec6d63296,13.4469
20,18,30000,0.848757,0.638696,163876,18756,592,biscoito,5ac51d09d8,13.5941
20,19,30000,0.848741,0.638598,163861,18762,593,biscoito,5f87ca3714,12.8771
21,0,30000,0.848949,0.638767,163828,18759,592,biscoito,1bf510759e,13.1806
21,1,30000,0.848837,0.638827,163843,18773,592,biscoito,50f43f0bb6,13.1992
21,2,30000,0.848793,0.636335,163906,18749,590,biscoito,e88689a44d,13.5628
21,3,30000,0.848992,0.638500,163826,18784,592,biscoito,3f206b0761,13.4212
21,4,30000,0.848965,0.639203,163835,18753,592,biscoito,32637f5643,13.2479
21,5,30000,0.848741,0.638598,163861,18762,593,biscoito,5f87ca3714,12.8771
21,6,30000,0.848949,0.638767,163828,18759,592,biscoito,1bf510759e,13.1806
21,7,30000,0.848873,0.638643,163832,18776,592,biscoito,7458b91e78,13.2569
21,8,30000,0.848961,0.638382,163833,18782,592,biscoito,f0acaafd7d,13.1159
21,9,30000,0.848533,0.638665,163913,18767,594,biscoito,d9ed5ba1e4,12.9349
21,10,30000,0.848685,0.637287,163809,18751,593,biscoito,9369a9ad4a,13.8121
21,11,30000,0.848757,0.638696,163876,18756,592,biscoito,5ac51d09d8,13.5941
21,12,30000,0.848757,0.638696,163876,18756,592,biscoito,5ac51d09d8,13.5941
21,13,30000,0.848549,0.638619,163901,18778,594,biscoito,36be1955b5,12.9288
21,14,30000,0.848873,0.638797,163849,18779,592,biscoito,0614131f6f,14.4175
21,15,30000,0.848961,0.639863,163874,18746,592,biscoito,b6ae3b8db8,13.3892
21,16,30000,0.848865,0.638586,163839,18747,592,biscoito,f6018a8109,13.1135
21,17,30000,0.848685,0.640659,163799,18755,592,biscoito,4e70b762a7,12.6912
21,18,30000,0.849048,0.637978,163835,18770,591,biscoito,c4cb5c05ae,13.0133
21,19,30000,0.848949,0.638767,163828,18759,592,biscoito,1bf510759e,13.1806
22,0,30000,0.848685,0.640659,163799,18755,592,biscoito,4e70b762a7,12.6912
22,1,30000,0.848629,0.638362,163817,18749,593,biscoito,54a7619e34,14.6398
22,2,30000,0.848813,0.639109,163909,18769,593,biscoito,7f4fd24f38,12.9541
22,3,30000,0.849060,0.639510,163863,18758,592,biscoito,a454c5d111,13.6039
22,4,30000,0.848869,0.639000,163844,18778,592,biscoito,729684981f,12.9702
22,5,30000,0.848333,0.635836,163895,18778,590,biscoito,950467a3e0,12.6595
22,6,30000,0.848949,0.638767,163828,18759,592,biscoito,1bf510759e,13.1806
22,7,30000,0.848557,0.639084,163897,18781,594,biscoito,aa75e75de3,9.1547
22,8,30000,0.848589,0.638584,163863,18749,593,biscoito,b2a2267c8c,9.1017
22,9,30000,0.848933,0.639995,163842,18763,591,biscoito,6942c0c230,8.6962
22,10,30000,0.848749,0.639087,163815,18775,593,biscoito,c31142bd4f,9.5586
22,11,30000,0.848625,0.639963,163835,18738,593,biscoito,939b8cfa12,8.8214
22,12,30000,0.848521,0.638057,163876,18763,594,biscoito,ae42dad750,8.8162
22,13,30000,0.848996,0.639943,163866,18751,592,biscoito,fcd3897172,9.1295
22,14,30000,0.848753,0.639670,163785,18774,592,biscoito,f7c7010e64,8.6221
22,15,30000,0.849024,0.640713,163853,18733,593,biscoito,9932feb04c,8.8109
22,16,30000,0.848925,0.638883,163840,18763,592,biscoito,6e7d9539ec,9.2628
22,17,30000,0.848937,0.639323,163861,18754,592,biscoito,414c4086c8,9.6461
22,18,30000,0.849040,0.639122,163830,18762,592,biscoito,2baa7c2b27,8.8541
22,19,30000,0.848917,0.639167,163886,18785,593,biscoito,91bf9de411,8.5943
23,0,30000,0.849024,0.640713,163853,18733,593,biscoito,9932feb04c,8.8109
23,1,30000,0.848980,0.640028,163849,18762,592,biscoito,fe15f8cd61,8.9825
23,2,30000,0.848921,0.639011,163887,18773,593,biscoito,1b43675107,8.7433
23,3,30000,0.848717,0.635663,163865,18760,591,biscoito,4bc5534a67,8.5037
23,4,30000,0.848785,0.638762,163850,18766,593,biscoito,74e7eb4ef9,9.2227
23,5,30000,0.848729,0.639199,163845,18734,592,biscoito,6da605516d,8.7087
23,6,30000,0.848829,0.639294,163862,18757,592,biscoito,f36fb9b420,8.9924
23,7,30000,0.849060,0.640127,163844,18776,592,biscoito,22793eaa72,8.6072
23,8,30000,0.848841,0.640062,163893,18744,591,biscoito,caf78e8e91,8.6935
23,9,30000,0.848933,0.639241,163798,18762,592,biscoito,0a89c1cbce,8.6424
23,10,30000,0.847978,0.638178,163887,18724,592,biscoito,3cdfc01d6b,8.7094
23,11,30000,0.849016,0.639204,163846,18773,592,biscoito,82c7f0c74c,8.9959
23,12,30000,0.849004,0.639831,163847,18750,591,biscoito,ba6f425001,8.6352
23,13,30000,0.848685,0.640659,163799,18755,592,biscoito,4e70b762a7,12.6912
23,14,30000,0.848685,0.640659,163799,18755,592,biscoito,4e70b762a7,12.6912
23,15,30000,0.848805,0.639600,163805,18777,591,biscoito,cc4547015c,8.6335
23,16,30000,0.848809,0.640108,163814,18748,592,biscoito,707577d870,8.3941
23,17,30000,0.848933,0.639995,163842,18763,591,biscoito,6942c0c230,8.6962
23,18,30000,0.848813,0.639109,163909,18769,593,biscoito,7f4fd24f38,12.9541
23,19,30000,0.849096,0.639131,163915,18778,591,biscoito,fe5f7e088d,8.7621
24,0,30000,0.849024,0.640713,163853,18733,593,biscoito,9932feb04c,8.8109
24,1,30000,0.848909,0.639292,163827,18764,593,biscoito,cf938e007c,8.8493
24,2,30000,0.849036,0.639080,163824,18763,591,biscoito,ebf226bb4d,8.5291
24,3,30000,0.848988,0.639919,163842,18750,592,biscoito,7c0a9079f7,9.3223
24,4,30000,0.848733,0.639444,163888,18748,591,biscoito,f64c135b95,8.8426
24,5,30000,0.848601,0.637278,163825,18742,591,biscoito,a2991400ef,9.1857
24,6,30000,0.848781,0.640623,163815,18755,592,biscoito,1461733c51,8.8086
24,7,30000,0.848833,0.640114,163842,18757,592,biscoito,d7ace97362,8.9329
24,8,30000,0.849072,0.638914,163830,18763,591,biscoito,be6c0ce498,8.9254
24,9,30000,0.848785,0.640671,163803,18743,592,biscoito,4fd7535c53,9.0906
24,10,30000,0.849108,0.640559,163822,18778,592,biscoito,76299c18c5,9.1401
24,11,30000,0.849020,0.639909,163825,18751,591,biscoito,6f185ec5fb,8.4772
24,12,30000,0.848805,0.639971,163865,18740,592,biscoito,81233ea911,8.5491
24,13,30000,0.848749,0.640282,163825,18766,592,biscoito,4353aa9b08,9.0300
24,14,30000,0.848609,0.639890,163806,18734,592,biscoito,5b0dd6c212,8.8594
24,15,30000,0.849000,0.640959,163851,18732,593,biscoito,391df864fb,8.6998
24,16,30000,0.848705,0.640365,163801,18758,592,biscoito,0370db7d90,8.8933
24,17,30000,0.848885,0.640498,163854,18725,593,biscoito,66af5c3fa6,8.7746
24,18,30000,0.849084,0.639597,163799,18763,591,biscoito,dd0cc65500,8.6041
24,19,30000,0.848605,0.640427,163779,18749,592,biscoito,b7a9e3f7d7,8.7280
25,0,30000,0.849000,0.640959,163851,18732,593,biscoito,391df864fb,8.6998
25,1,30000,0.848705,0.640365,163801,18758,592,biscoito,0370db7d90,8.8933
25,2,30000,0.849024,0.640713,163853,18733,593,biscoito,9932feb04c,8.8109
25,3,30000,0.849000,0.640959,163851,18732,593,biscoito,391df864fb,8.6998
25,4,30000,0.849000,0.640959,163851,18732,593,biscoito,391df864fb,8.6998
25,5,30000,0.848733,0.639444,163888,18748,591,biscoito,f64c135b95,8.8426
25,6,30000,0.848733,0.639444,163888,18748,591,biscoito,f64c135b95,8.8426
25,7,30000,0.848781,0.640623,163815,18755,592,biscoito,1461733c51,8.8086
25,8,30000,0.848785,0.640671,163803,18743,592,biscoito,4fd7535c53,9.0906
25,9,30000,0.849188,0.640694,163869,18738,593,biscoito,4615651e74,8.8634
25,10,30000,0.848781,0.640928,163846,18719,593,biscoito,16832f07b9,8.7097
25,11,30000,0.848649,0.639344,163851,18728,592,biscoito,cb05ae1c0b,8.4566
25,12,30000,0.849032,0.640116,163825,18725,592,biscoito,037d3d5927,9.2669
25,13,30000,0.849000,0.640959,163851,18732,593,biscoito,391df864fb,8.6998
25,14,30000,0.848881,0.641377,163900,18725,593,biscoito,4926561283,9.8689
25,15,30000,0.848973,0.640275,163822,18765,591,biscoito,d67303f400,9.0491
25,16,30000,0.849208,0.639048,163807,18774,592,biscoito,02dc5d6df3,8.8116
25,17,30000,0.848773,0.638867,163858,18743,591,biscoito,6491564224,8.9100
25,18,30000,0.848697,0.640884,163834,18756,592,biscoito,52cdbb21c4,8.6728
25,19,30000,0.849252,0.641162,163844,18742,593,biscoito,e86c8155a7,9.0095
26,0,30000,0.848881,0.641377,163900,18725,593,biscoito,4926561283,9.8689
26,1,30000,0.849156,0.641128,163839,18752,593,biscoito,b7adca4192,8.7930
26,2,30000,0.848761,0.640422,163809,18747,592,biscoito,8dab2ddefd,8.6617
26,3,30000,0.849000,0.640959,163851,18732,593,biscoito,391df864fb,8.6998
26,4,30000,0.848865,0.639909,163830,18719,593,biscoito,39c7a8c69e,9.2459
26,5,30000,0.848589,0.639429,163856,18726,592,biscoito,879c605e49,9.0933
26,6,30000,0.849032,0.640328,163837,18754,592,biscoito,56dc9e7c84,8.9580
26,7,30000,0.849000,0.640959,163851,18732,593,biscoito,391df864fb,8.6998
26,8,30000,0.849000,0.640959,163851,18732,593,biscoito,391df864fb,8.6998
26,9,30000,0.849180,0.641168,163873,18741,593,biscoito,f80f97707e,8.7933
26,10,30000,0.848605,0.642023,163800,18746,592,biscoito,e82a66e0eb,8.8646
26,11,30000,0.849000,0.640959,163851,18732,593,biscoito,391df864fb,8.6998
26,12,30000,0.849000,0.640959,163851,18732,593,biscoito,391df864fb,8.6998
26,13,30000,0.848837,0.641925,163794,18745,593,biscoito,b860730504,8.4942
26,14,30000,0.848877,0.640529,163919,18753,593,biscoito,811ec0cc48,10.0446
26,15,30000,0.848988,0.640640,163864,18722,593,biscoito,4bc6d9b175,9.8892
26,16,30000,0.848561,0.638761,163896,18738,591,biscoito,b93b495f66,9.1123
26,17,30000,0.849024,0.640713,163853,18733,593,biscoito,9932feb04c,8.8109
26,18,30000,0.849188,0.640694,163869,18738,593,biscoito,4615651e74,8.8634
26,19,30000,0.848697,0.640884,163834,18756,592,biscoito,52cdbb21c4,8.6728
27,0,30000,0.848605,0.642023,163800,18746,592,biscoito,e82a66e0eb,8.8646
27,1,30000,0.849244,0.640835,163837,18748,592,biscoito,cb5def8ff7,8.9796
27,2,30000,0.849180,0.641168,163873,18741,593,biscoito,f80f97707e,8.7933
27,3,30000,0.848565,0.640708,163844,18727,593,biscoito,9ab8eed421,9.2244
27,4,30000,0.849292,0.642239,163801,18743,593,biscoito,a1fc776e0d,9.7361
27,5,30000,0.848509,0.640085,163865,18720,592,biscoito,85f17d2bf4,10.3933
27,6,30000,0.848961,0.642018,163885,18748,593,biscoito,c1e3b1cac2,9.3362
27,7,30000,0.848917,0.640305,163921,18736,593,biscoito,5dec47ae72,8.8318
27,8,30000,0.849080,0.641292,163859,18739,593,biscoito,596e5697dc,8.9378
27,9,30000,0.848373,0.639963,163813,18749,591,biscoito,a824c531bd,8.9433
27,10,30000,0.848817,0.641260,163867,18723,593,biscoito,49ecd5274a,9.3516
27,11,30000,0.848881,0.641377,163900,18725,593,biscoito,4926561283,9.8689
27,12,30000,0.849024,0.640713,163853,18733,593,biscoito,9932feb04c,8.8109
27,13,30000,0.849092,0.640912,163883,18728,593,biscoito,d79abf1348,8.6508
27,14,30000,0.849160,0.641123,163834,18745,593,biscoito,3889f90667,8.8367
27,15,30000,0.849000,0.640959,163851,18732,593,biscoito,391df864fb,8.6998
27,16,30000,0.849156,0.641128,163839,18752,593,biscoito,b7adca4192,8.7930
27,17,30000,0.849000,0.640959,163851,18732,593,biscoito,391df864fb,8.6998
27,18,30000,0.849000,0.640959,163851,18732,593,biscoito,391df864fb,8.6998
27,19,30000,0.849000,0.640959,163851,18732,593,biscoito,391df864fb,8.6998
28,0,30000,0.849292,0.642239,163801,18743,593,biscoito,a1fc776e0d,9.7361
28,1,30000,0.849292,0.642239,163801,18743,593,biscoito,a1fc776e0d,9.7361
28,2,30000,0.849156,0.641128,163839,18752,593,biscoito,b7adca4192,8.7930
28,3,30000,0.849152,0.641243,163842,18746,593,biscoito,5f8147073d,8.8063
28,4,30000,0.848845,0.640424,163880,18740,593,biscoito,ed43805393,9.0569
28,5,30000,0.848817,0.641260,163867,18723,593,biscoito,49ecd5274a,9.3516
28,6,30000,0.848881,0.641377,163900,18725,593,biscoito,4926561283,9.8689
28,7,30000,0.848633,0.639691,163892,18736,592,biscoito,3d455f7c40,8.8628
28,8,30000,0.849080,0.640624,163873,18734,593,biscoito,1d0f3ca78b,8.7963
28,9,30000,0.848849,0.640251,163891,18717,593,biscoito,3c78c40505,8.5455
28,10,30000,0.848869,0.642486,163876,18734,593,biscoito,8d10047622,8.6237
28,11,30000,0.848969,0.642023,163884,18750,593,biscoito,98cd1b4b5c,8.8076
28,12,30000,0.848821,0.641301,163868,18722,593,biscoito,e538c5bcd7,8.7562
28,13,30000,0.848657,0.638298,163850,18744,592,biscoito,d3be8074be,8.5906
28,14,30000,0.849024,0.643596,163867,18750,593,biscoito,03acff121b,8.7494
28,15,30000,0.849196,0.641294,163872,18737,593,biscoito,7039fafa04,9.3983
28,16,30000,0.848585,0.641910,163802,18749,592,biscoito,9bf6176cbc,8.5770
28,17,30000,0.849000,0.640959,163851,18732,593,biscoito,391df864fb,8.6998
28,18,30000,0.848917,0.640447,163833,18738,593,biscoito,382561360d,8.8339
28,19,30000,0.848605,0.642023,163800,18746,592,biscoito,e82a66e0eb,8.8646
29,0,30000,0.849024,0.643596,163867,18750,593,biscoito,03acff121b,8.7494
29,1,30000,0.849376,0.642160,163865,18749,593,biscoito,f9565baa98,8.8344
29,2,30000,0.849044,0.640443,163863,18747,593,biscoito,3b26f5adcf,8.6413
29,3,30000,0.849048,0.642537,163874,18752,593,biscoito,05cdb7f0a4,8.7167
29,4,30000,0.849104,0.642167,163813,18727,593,biscoito,b726759441,8.5271
29,5,30000,0.848996,0.640135,163845,18725,592,biscoito,418fd38c14,9.0707
29,6,30000,0.849236,0.643695,163856,18743,594,biscoito,e0711c7c31,8.4583
29,7,30000,0.849148,0.642546,163823,18742,591,biscoito,64cb1fb460,8.7009
29,8,30000,0.849124,0.641918,163818,18735,593,biscoito,ba37bfc26c,9.5073
29,9,30000,0.848605,0.642023,163800,18746,592,biscoito,e82a66e0eb,8.8646
29,10,30000,0.848817,0.641260,163867,18723,593,biscoito,49ecd5274a,9.3516
29,11,30000,0.849224,0.642064,163838,18742,593,biscoito,058758e20c,8.6252
29,12,30000,0.848965,0.642724,163908,18732,593,biscoito,b89e8b64be,8.4118
29,13,30000,0.849292,0.642239,163801,18743,593,biscoito,a1fc776e0d,9.7361
29,14,30000,0.849292,0.642239,163801,18743,593,biscoito,a1fc776e0d,9.7361
29,15,30000,0.849024,0.643596,163867,18750,593,biscoito,03acff121b,8.7494
29,16,30000,0.849024,0.643596,163867,18750,593,biscoito,03acff121b,8.7494
29,17,30000,0.849260,0.642998,163805,18754,593,biscoito,67fe70b71e,8.7141
29,18,30000,0.848677,0.641230,163817,18743,592,biscoito,64ab12945b,9.1274
29,19,30000,0.848877,0.641602,163843,18738,592,biscoito,735125ecd3,8.5237
30,0,30000,0.849236,0.643695,163856,18743,594,biscoito,e0711c7c31,8.4583
30,1,30000,0.849056,0.643504,163854,18760,593,biscoito,6444a9c936,8.6923
30,2,30000,0.848845,0.641645,163845,18731,592,biscoito,8a05ee07ed,8.7172
30,3,30000,0.849012,0.642520,163874,18751,593,biscoito,cbf58ddcbe,8.4634
30,4,30000,0.849060,0.643611,163867,18751,593,biscoito,4f30bb42fa,8.7941
30,5,30000,0.849124,0.642264,163872,18773,593,biscoito,eaf38be294,9.0718
30,6,30000,0.849024,0.642208,163835,18712,593,biscoito,6f34a2b0c4,8.7135
30,7,30000,0.848781,0.641856,163927,18708,592,biscoito,fdd69250a0,8.5919
30,8,30000,0.848965,0.642724,163908,18732,593,biscoito,b89e8b64be,8.4118
30,9,30000,0.849196,0.643218,163877,18753,593,biscoito,392312dd4f,8.5984
30,10,30000,0.849228,0.644139,163842,18741,594,biscoito,f3bd783ddb,8.5986
30,11,30000,0.849024,0.643596,163867,18750,593,biscoito,03acff121b,8.7494
30,12,30000,0.849024,0.643596,163867,18750,593,biscoito,03acff121b,8.7494
30,13,30000,0.849104,0.642525,163862,18744,593,biscoito,ea20e95a50,8.4753
30,14,30000,0.849052,0.643694,163876,18756,593,biscoito,2a22a1eb83,8.5242
30,15,30000,0.849224,0.642100,163827,18754,593,biscoito,991ff4ee62,8.9973
30,16,30000,0.849212,0.641553,163859,18751,593,biscoito,a2d147b527,8.5044
30,17,30000,0.848897,0.642807,163876,18742,594,biscoito,255d9264c9,8.7534
30,18,30000,0.849064,0.643732,163874,18756,593,biscoito,11eab03986,8.7342
30,19,30000,0.849168,0.641146,163868,18748,592,biscoito,ef7b2ba842,9.7918
31,0,30000,0.849228,0.644139,163842,18741,594,biscoito,f3bd783ddb,8.5986
31,1,30000,0.849196,0.643218,163877,18753,593,biscoito,392312dd4f,8.5984
31,2,30000,0.849060,0.643611,163867,18751,593,biscoito,4f30bb42fa,8.7941
31,3,30000,0.849164,0.644081,163847,18740,594,biscoito,8b4e9fd0cb,9.6141
31,4,30000,0.849256,0.643476,163871,18749,593,biscoito,66981cecd9,13.0867
31,5,30000,0.849132,0.644852,163826,18748,594,biscoito,caf9252a6f,10.7434
31,6,30000,0.848980,0.642288,163917,18729,593,biscoito,5103c7cba5,11.6287
31,7,30000,0.848497,0.642950,163879,18736,592,biscoito,45cd687f90,14.9575
31,8,30000,0.849124,0.642843,163902,18729,594,biscoito,2536eeedea,10.6456
31,9,30000,0.848933,0.642429,163855,18732,593,biscoito,4cd0c95d9a,12.4143
31,10,30000,0.849072,0.644325,163892,18765,594,biscoito,19694768cd,9.8996
31,11,30000,0.849024,0.643729,163864,18754,593,biscoito,5d2a8d83ac,8.8191
31,12,30000,0.848901,0.642645,163903,18741,592,biscoito,83dfc8ef51,9.2238
31,13,30000,0.848965,0.642043,163886,18730,592,biscoito,5b8f5c1462,8.7907
31,14,30000,0.849108,0.644138,163895,18757,595,biscoito,1df31f733d,10.1875
31,15,30000,0.849236,0.643577,163877,18743,594,biscoito,2a0003b932,8.7723
31,16,30000,0.849004,0.641729,163873,18749,591,biscoito,2d6b2eff25,9.5821
31,17,30000,0.849192,0.642800,163924,18755,592,biscoito,97a0de22c5,8.9726
31,18,30000,0.849124,0.643763,163820,18742,594,biscoito,c60c46b44b,8.7350
31,19,30000,0.849060,0.643611,163867,18751,593,biscoito,4f30bb42fa,8.7941
32,0,30000,0.849132,0.644852,163826,18748,594,biscoito,caf9252a6f,10.7434
32,1,30000,0.849160,0.644209,163839,18783,593,biscoito,94aa0754c0,8.9871
32,2,30000,0.849152,0.644055,163847,18741,594,biscoito,aa39548257,8.7572
32,3,30000,0.849060,0.644642,163843,18749,595,biscoito,a91f01fa7a,8.5406
32,4,30000,0.849008,0.643375,163852,18756,593,biscoito,39d62d2faf,9.2509
32,5,30000,0.849004,0.644284,163898,18764,594,biscoito,c1ff9b55ab,8.7186
32,6,30000,0.849200,0.644885,163818,18750,594,biscoito,e4d0ee0c1c,8.8369
32,7,30000,0.849244,0.643499,163890,18741,594,biscoito,079d62d3f3,8.6531
32,8,30000,0.849172,0.644133,163842,18737,594,biscoito,4971fe8f94,8.9224
32,9,30000,0.848893,0.643675,163894,18747,595,biscoito,a83922ac20,8.6859
32,10,30000,0.848745,0.643505,163884,18732,592,biscoito,80988a82f9,8.4653
32,11,30000,0.849220,0.643567,163872,18750,594,biscoito,3221fe0298,8.9309
32,12,30000,0.848969,0.642837,163844,18753,593,biscoito,2399ea71dc,8.4725
32,13,30000,0.849032,0.642848,163902,18737,594,biscoito,0c3a3aa585,8.6256
32,14,30000,0.849272,0.644156,163840,18732,594,biscoito,274037e116,8.7270
32,15,30000,0.849108,0.643202,163972,18741,593,biscoito,d5565aba76,8.7110
32,16,30000,0.849272,0.643601,163876,18739,594,biscoito,2188b8d9b9,8.7037
32,17,30000,0.849172,0.645098,163814,18743,594,biscoito,6eb648e33a,8.5757
32,18,30000,0.849216,0.643948,163842,18749,594,biscoito,bb54ac8007,8.8251
32,19,30000,0.849124,0.642830,163966,18737,593,biscoito,8148b71f0a,8.4639
33,0,30000,0.849172,0.645098,163814,18743,594,biscoito,6eb648e33a,8.5757
33,1,30000,0.849244,0.645028,163823,18724,594,biscoito,e101535dc6,8.6432
33,2,30000,0.849236,0.644356,163831,18749,594,biscoito,f48c76e40a,8.5586
33,3,30000,0.849172,0.644133,163842,18737,594,biscoito,4971fe8f94,8.9224
33,4,30000,0.849272,0.643601,163876,18739,594,biscoito,2188b8d9b9,8.7037
33,5,30000,0.849020,0.643764,163858,18748,593,biscoito,07d9a842be,8.4833
33,6,30000,0.848389,0.642626,163905,18731,593,biscoito,5bffa5e621,8.5288
33,7,30000,0.849144,0.644673,163838,18750,595,biscoito,083ae63f96,8.4792
33,8,30000,0.848953,0.643817,163839,18740,594,biscoito,7d2a9d6190,8.8569
33,9,30000,0.849316,0.643529,163914,18799,592,biscoito,36a97d88d0,8.4826
33,10,30000,0.849068,0.644336,163872,18767,594,biscoito,28633a0e79,8.4313
33,11,30000,0.849028,0.643561,163894,18759,593,biscoito,2541f32d38,8.9596
33,12,30000,0.849172,0.645098,163814,18743,594,biscoito,6eb648e33a,8.5757
33,13,30000,0.849200,0.644885,163818,18750,594,biscoito,e4d0ee0c1c,8.8369
33,14,30000,0.849132,0.644852,163826,18748,594,biscoito,caf9252a6f,10.7434
33,15,30000,0.849228,0.643656,163863,18750,594,biscoito,aa9fba7e41,8.7211
33,16,30000,0.849020,0.644565,163854,18753,595,biscoito,424e7a3fa4,9.0318
33,17,30000,0.849060,0.644654,163840,18747,595,biscoito,20096082bf,8.7131
33,18,30000,0.848885,0.643652,163896,18750,595,biscoito,8313f81acb,8.9942
33,19,30000,0.849132,0.645067,163803,18744,594,biscoito,288a214831,8.5960
34,0,30000,0.849172,0.645098,163814,18743,594,biscoito,6eb648e33a,8.5757
34,1,30000,0.849112,0.644753,163816,18732,594,biscoito,d4c8d8cb1d,8.6529
34,2,30000,0.849048,0.644872,163858,18762,595,biscoito,a67954a10c,8.6599
34,3,30000,0.848925,0.645274,163829,18757,595,biscoito,ed3b28a5d8,8.5826
34,4,30000,0.849240,0.644145,163851,18744,594,biscoito,efa8bedba9,8.6271
34,5,30000,0.849020,0.644565,163854,18753,595,biscoito,424e7a3fa4,9.0318
34,6,30000,0.849172,0.645098,163814,18743,594,biscoito,6eb648e33a,8.5757
34,7,30000,0.849236,0.645007,163815,18731,594,biscoito,dd4da15ed4,8.9903
34,8,30000,0.849292,0.645290,163834,18733,594,biscoito,c399cd8616,8.5508
34,9,30000,0.849132,0.644852,163826,18748,594,biscoito,caf9252a6f,10.7434
34,10,30000,0.849172,0.644133,163842,18737,594,biscoito,4971fe8f94,8.9224
34,11,30000,0.849072,0.644858,163842,18766,594,biscoito,a3d6157bac,8.3918
34,12,30000,0.849204,0.644835,163841,18723,594,biscoito,aed8c70e5d,8.6338
34,13,30000,0.849116,0.644581,163846,18748,595,biscoito,40c8a3bfaa,8.8425
34,14,30000,0.849068,0.645017,163843,18745,595,biscoito,d24e6cb521,8.5310
34,15,30000,0.849132,0.644852,163826,18748,594,biscoito,caf9252a6f,10.7434
34,16,30000,0.849200,0.644885,163818,18750,594,biscoito,e4d0ee0c1c,8.8369
34,17,30000,0.849172,0.645098,163814,18743,594,biscoito,6eb648e33a,8.5757
34,18,30000,0.849172,0.645098,163814,18743,594,biscoito,6eb648e33a,8.5757
34,19,30000,0.849168,0.644973,163835,18746,594,biscoito,6d783cbe05,8.7466
35,0,30000,0.849292,0.645290,163834,18733,594,biscoito,c399cd8616,8.5508
35,1,30000,0.849292,0.645290,163834,18733,594,biscoito,c399cd8616,8.5508
35,2,30000,0.849048,0.644872,163858,18762,595,biscoito,a67954a10c,8.6599
35,3,30000,0.849404,0.645201,163823,18746,594,biscoito,bdfd3743bb,9.0416
35,4,30000,0.849236,0.645026,163819,18738,594,biscoito,06c9e0fac5,8.5949
35,5,30000,0.849088,0.645086,163809,18747,594,biscoito,ca4e9386bb,8.5876
35,6,30000,0.848957,0.645171,163817,18750,595,biscoito,6b558df48d,8.5746
35,7,30000,0.849292,0.645290,163834,18733,594,biscoito,c399cd8616,8.5508
35,8,30000,0.848925,0.645274,163829,18757,595,biscoito,ed3b28a5d8,8.5826
35,9,30000,0.848925,0.645274,163829,18757,595,biscoito,ed3b28a5d8,8.5826
35,10,30000,0.848769,0.646250,163822,18755,596,biscoito,2ac9426191,8.7584
35,11,30000,0.848801,0.643182,163875,18756,594,biscoito,01647986e0,8.4061
35,12,30000,0.849172,0.645098,163814,18743,594,biscoito,6eb648e33a,8.5757
35,13,30000,0.849168,0.644973,163835,18746,594,biscoito,6d783cbe05,8.7466
35,14,30000,0.848913,0.644536,163859,18751,594,biscoito,c7aeb5eded,8.7761
35,15,30000,0.849460,0.644853,163875,18747,593,biscoito,834174c69a,9.0118
35,16,30000,0.848953,0.644878,163904,18728,595,biscoito,fe58116162,8.6286
35,17,30000,0.849064,0.644831,163839,18764,594,biscoito,12b78ea32c,8.5197
35,18,30000,0.849200,0.644948,163825,18748,594,biscoito,67548303da,9.2939
35,19,30000,0.849068,0.645467,163813,18752,595,biscoito,5fa6114116,8.8372
36,0,30000,0.848769,0.646250,163822,18755,596,biscoito,2ac9426191,8.7584
36,1,30000,0.849244,0.645211,163826,18738,594,biscoito,ee4a0f7b58,8.9750
36,2,30000,0.848996,0.645364,163796,18756,595,biscoito,2072dbb1e8,9.1556
36,3,30000,0.848988,0.644660,163903,18727,595,biscoito,4198eb3fc7,8.8818
36,4,30000,0.849232,0.645199,163818,18733,594,biscoito,a6c6ce642c,8.4810
36,5,30000,0.848925,0.645274,163829,18757,595,biscoito,ed3b28a5d8,8.5826
36,6,30000,0.848925,0.645274,163829,18757,595,biscoito,ed3b28a5d8,8.5826
36,7,30000,0.848769,0.646250,163822,18755,596,biscoito,2ac9426191,8.7584
36,8,30000,0.848773,0.644975,163908,18735,595,biscoito,d6ab89a25a,8.7333
36,9,30000,0.849076,0.645720,163796,18756,596,biscoito,f563f24007,9.2579
36,10,30000,0.848757,0.644106,163885,18700,593,biscoito,a6b799054c,8.5295
36,11,30000,0.849004,0.645203,163813,18748,595,biscoito,0c0dcb5d4b,8.5246
36,12,30000,0.849032,0.645447,163814,18753,595,biscoito,7ffc36941c,9.2579
36,13,30000,0.848925,0.645262,163827,18755,595,biscoito,622e85a786,8.8880
36,14,30000,0.849336,0.645178,163824,18746,594,biscoito,5e937e5b36,8.5847
36,15,30000,0.848789,0.645119,163817,18738,595,biscoito,760b9f445c,8.6029
36,16,30000,0.849088,0.645086,163809,18746,594,biscoito,2ca32e8c0d,9.0403
36,17,30000,0.849188,0.645451,163814,18746,595,biscoito,5b2f6ddada,8.7457
36,18,30000,0.849060,0.645075,163841,18738,594,biscoito,14eec089ef,8.6102
36,19,30000,0.849040,0.644953,163797,18742,594,biscoito,1e960f1fd3,9.3730
37,0,30000,0.848769,0.646250,163822,18755,596,biscoito,2ac9426191,8.7584
37,1,30000,0.849188,0.645451,163814,18746,595,biscoito,5b2f6ddada,8.7457
37,2,30000,0.848925,0.645274,163829,18757,595,biscoito,ed3b28a5d8,8.5826
37,3,30000,0.849068,0.646176,163789,18766,596,biscoito,5703901f69,8.7094
37,4,30000,0.848645,0.645339,163833,18746,595,biscoito,375b0cf74b,8.4534
37,5,30000,0.848765,0.646260,163814,18761,596,biscoito,7d4441a4ce,8.6990
37,6,30000,0.849184,0.645436,163822,18740,595,biscoito,f15626c473,8.8272
37,7,30000,0.848837,0.645968,163814,18759,596,biscoito,8a3c9fc872,8.9015
37,8,30000,0.848833,0.645492,163839,18753,595,biscoito,20b36fa671,8.5963
37,9,30000,0.848549,0.645345,163837,18774,595,biscoito,e323823c8a,8.8573
37,10,30000,0.849020,0.645421,163802,18751,595,biscoito,b9ca1ea14a,8.7460
37,11,30000,0.848837,0.646131,163802,18760,596,biscoito,67731c9e95,8.4978
37,12,30000,0.848837,0.645241,163820,18748,595,biscoito,448240e229,8.6339
37,13,30000,0.848765,0.646260,163816,18763,596,biscoito,f5951efec2,8.6524
37,14,30000,0.848917,0.645259,163835,18749,595,biscoito,bed7d6ff86,8.5629
37,15,30000,0.849076,0.645720,163796,18756,596,biscoito,f563f24007,9.2579
37,16,30000,0.849076,0.645720,163796,18756,596,biscoito,f563f24007,9.2579
37,17,30000,0.848809,0.646200,163816,18757,595,biscoito,2c73d0ec7a,8.4977
37,18,30000,0.848957,0.645553,163804,18754,596,biscoito,01ce7ddd0c,8.8119
37,19,30000,0.849508,0.644895,163825,18745,594,biscoito,c7f87ffb38,8.5560
38,0,30000,0.848765,0.646260,163814,18761,596,biscoito,7d4441a4ce,8.6990
38,1,30000,0.848984,0.645680,163801,18758,596,biscoito,4005a4f640,8.7522
38,2,30000,0.848813,0.645931,163830,18754,595,biscoito,23bb977b88,9.8937
38,3,30000,0.849348,0.646405,163757,18750,595,biscoito,0325d1a9ba,8.7676
38,4,30000,0.849248,0.643587,163797,18750,595,biscoito,c2338b070d,8.5366
38,5,30000,0.848837,0.646131,163802,18760,596,biscoito,67731c9e95,8.4978
38,6,30000,0.849020,0.645421,163802,18751,595,biscoito,b9ca1ea14a,8.7460
38,7,30000,0.848837,0.646085,163850,18762,596,biscoito,132a6ac706,8.8764
38,8,30000,0.848849,0.646311,163813,18754,595,biscoito,82d327dd02,8.5785
38,9,30000,0.848761,0.646116,163820,18758,596,biscoito,3f71eca906,8.5375
38,10,30000,0.848861,0.646998,163836,18771,597,biscoito,9dcc8127ec,8.6271
38,11,30000,0.849000,0.645717,163800,18743,596,biscoito,09f3e0ce11,8.5704
38,12,30000,0.848777,0.645727,163824,18758,595,biscoito,c916678bb3,8.6256
38,13,30000,0.848809,0.646200,163816,18757,595,biscoito,2c73d0ec7a,8.4977
38,14,30000,0.848809,0.646200,163816,18757,595,biscoito,2c73d0ec7a,8.4977
38,15,30000,0.849100,0.646183,163790,18765,596,biscoito,6616728534,9.8601
38,16,30000,0.848853,0.646154,163798,18761,596,biscoito,03acba989e,10.9075
38,17,30000,0.848785,0.646830,163831,18768,597,biscoito,3c42b7e0f5,9.2697
38,18,30000,0.848769,0.646250,163822,18755,596,biscoito,2ac9426191,8.7584
38,19,30000,0.849156,0.645412,163802,18743,595,biscoito,2bb5806558,8.6249
39,0,30000,0.848861,0.646998,163836,18771,597,biscoito,9dcc8127ec,8.6271
39,1,30000,0.848861,0.646998,163836,18771,597,biscoito,9dcc8127ec,8.6271
39,2,30000,0.848837,0.646085,163850,18762,596,biscoito,132a6ac706,8.8764
39,3,30000,0.849348,0.646405,163757,18750,595,biscoito,0325d1a9ba,8.7676
39,4,30000,0.849348,0.646405,163757,18750,595,biscoito,0325d1a9ba,8.7676
39,5,30000,0.848861,0.646998,163836,18771,597,biscoito,9dcc8127ec,8.6271
39,6,30000,0.848837,0.646131,163802,18760,596,biscoito,67731c9e95,8.4978
39,7,30000,0.849108,0.647189,163804,18793,597,biscoito,bbdda4d610,8.9456
39,8,30000,0.848657,0.648424,163830,18756,596,biscoito,e36ea4a365,9.1608
39,9,30000,0.848953,0.646495,163848,18775,596,biscoito,2a93d18fca,8.9882
39,10,30000,0.848865,0.647466,163803,18765,597,biscoito,948c5c9c6e,9.2241
39,11,30000,0.848976,0.645383,163846,18758,595,biscoito,490001c3d9,8.5254
39,12,30000,0.848849,0.646311,163813,18754,595,biscoito,82d327dd02,8.5785
39,13,30000,0.848617,0.644970,163831,18755,595,biscoito,e3266a5c33,8.8015
39,14,30000,0.848965,0.648023,163804,18764,597,biscoito,eedb422d28,8.7625
39,15,30000,0.849108,0.646134,163839,18770,596,biscoito,a50838e6b3,8.7507
39,16,30000,0.848869,0.647303,163794,18762,597,biscoito,cc0e58a18e,9.0403
39,17,30000,0.849468,0.645099,163819,18769,595,biscoito,de8e172a47,9.9209
39,18,30000,0.848789,0.646520,163829,18761,596,biscoito,0f187a2080,9.2938
39,19,30000,0.848861,0.646998,163836,18771,597,biscoito,9dcc8127ec,8.6271
40,0,30000,0.848657,0.648424,163830,18756,596,biscoito,e36ea4a365,9.1608
40,1,30000,0.848657,0.648424,163830,18756,596,biscoito,e36ea4a365,9.1608
40,2,30000,0.848965,0.648023,163804,18764,597,biscoito,eedb422d28,8.7625
40,3,30000,0.848541,0.647078,163844,18752,596,biscoito,3a39e273af,8.6909
40,4,30000,0.849040,0.648301,163843,18778,597,biscoito,65a5e06fa7,8.7156
40,5,30000,0.849144,0.647507,163783,18753,596,biscoito,f4d9b230ce,8.6934
40,6,30000,0.849296,0.646521,163783,18762,596,biscoito,b78fdd4978,8.9434
40,7,30000,0.848965,0.648023,163804,18764,597,biscoito,eedb422d28,8.7625
40,8,30000,0.848865,0.647466,163803,18765,597,biscoito,948c5c9c6e,9.2241
40,9,30000,0.849156,0.648639,163821,18742,597,biscoito,7d8ba91451,9.2731
40,10,30000,0.849080,0.645550,163775,18760,595,biscoito,7022c7e7ab,9.0564
40,11,30000,0.848953,0.646028,163846,18780,596,biscoito,04eaa366d8,8.9531
40,12,30000,0.848905,0.644740,163749,18752,596,biscoito,b56271e49d,8.7744
40,13,30000,0.848773,0.646996,163805,18756,597,biscoito,c64586447b,9.2790
40,14,30000,0.849084,0.648017,163790,18767,597,biscoito,ebdc5e0b54,9.1312
40,15,30000,0.848593,0.645293,163838,18764,596,biscoito,a2e262a3d4,8.6269
40,16,30000,0.849008,0.646120,163851,18777,596,biscoito,580f659453,8.8411
40,17,30000,0.848965,0.648023,163804,18764,597,biscoito,eedb422d28,8.7625
40,18,30000,0.848965,0.648023,163804,18764,597,biscoito,eedb422d28,8.7625
40,19,30000,0.848897,0.649537,163851,18761,598,biscoito,c3c58bddd0,8.9500
41,0,30000,0.848897,0.649537,163851,18761,598,biscoito,c3c58bddd0,8.9500
41,1,30000,0.848945,0.648010,163805,18767,597,biscoito,f76df2b1bb,8.8947
41,2,30000,0.849140,0.648609,163812,18737,597,biscoito,10deb8f54c,8.7705
41,3,30000,0.849000,0.648044,163810,18762,597,biscoito,5d64e9a277,8.6963
41,4,30000,0.848945,0.648872,163868,18745,597,biscoito,f06e20eb61,8.8837
41,5,30000,0.848897,0.649537,163851,18761,598,biscoito,c3c58bddd0,8.9500
41,6,30000,0.848897,0.649537,163851,18761,598,biscoito,c3c58bddd0,8.9500
41,7,30000,0.848637,0.649164,163858,18758,598,biscoito,c06a5814c7,8.7839
41,8,30000,0.848805,0.647915,163821,18760,597,biscoito,07e9dfaef0,8.5828
41,9,30000,0.848801,0.649618,163830,18763,598,biscoito,be444dab23,9.3562
41,10,30000,0.848929,0.645790,163810,18756,594,biscoito,ffa9b5e76b,8.7670
41,11,30000,0.849232,0.646309,163850,18766,596,biscoito,375cd40e82,8.6560
41,12,30000,0.849172,0.648158,163876,18784,597,biscoito,69a8e0e1c4,8.6995
41,13,30000,0.848813,0.648047,163851,18760,598,biscoito,10adb6a8f1,8.6937
41,14,30000,0.848569,0.647072,163849,18750,596,biscoito,b56d158887,8.7485
41,15,30000,0.848901,0.645991,163807,18752,595,biscoito,45810156c8,9.0010
41,16,30000,0.848665,0.646573,163820,18768,596,biscoito,30a30ff167,8.6678
41,17,30000,0.848905,0.648434,163828,18766,597,biscoito,1fe3f2416f,8.4654
41,18,30000,0.848777,0.647770,163814,18755,596,biscoito,eb390b7e76,8.9830
41,19,30000,0.849232,0.648201,163798,18737,598,biscoito,8ae2fba18c,8.6623
42,0,30000,0.848801,0.649618,163830,18763,598,biscoito,be444dab23,9.3562
42,1,30000,0.848745,0.648588,163812,18773,597,biscoito,662bd43341,8.5308
42,2,30000,0.848889,0.649211,163840,18762,598,biscoito,2bc5588f7b,8.6172
42,3,30000,0.848637,0.649164,163858,18758,598,biscoito,c06a5814c7,8.7839
42,4,30000,0.848637,0.649164,163858,18758,598,biscoito,c06a5814c7,8.7839
42,5,30000,0.849264,0.647200,163792,18741,597,biscoito,e2a2df1103,8.9584
42,6,30000,0.848801,0.649136,163860,18756,599,biscoito,f2f823961b,8.5245
42,7,30000,0.848897,0.649537,163851,18761,598,biscoito,c3c58bddd0,8.9500
42,8,30000,0.848897,0.649537,163851,18761,598,biscoito,c3c58bddd0,8.9500
42,9,30000,0.848849,0.646023,163866,18746,595,biscoito,bf0a168976,8.4991
42,10,30000,0.848921,0.647357,163872,18758,597,biscoito,0c6d3b87e6,8.6569
42,11,30000,0.848945,0.648872,163868,18745,597,biscoito,f06e20eb61,8.8837
42,12,30000,0.848629,0.648579,163896,18735,596,biscoito,ee2922bccf,8.6871
42,13,30000,0.848980,0.648801,163876,18737,597,biscoito,399b379b7e,8.3579
42,14,30000,0.848801,0.649618,163830,18763,598,biscoito,be444dab23,9.3562
42,15,30000,0.848861,0.649633,163860,18738,597,biscoito,44c1adf23a,8.4058
42,16,30000,0.848573,0.648908,163856,18763,598,biscoito,0d57217b52,8.9123
42,17,30000,0.848913,0.649678,163826,18770,598,biscoito,509d9eb465,8.5015
42,18,30000,0.848709,0.649107,163868,18758,597,biscoito,5444858da3,8.3488
42,19,30000,0.849020,0.647918,163827,18770,596,biscoito,5c524ca92a,8.5350
43,0,30000,0.848913,0.649678,163826,18770,598,biscoito,509d9eb465,8.5015
43,1,30000,0.848988,0.650268,163945,18764,598,biscoito,2b5b050984,8.5031
43,2,30000,0.848609,0.648312,163827,18761,597,biscoito,34291fe548,8.3453
43,3,30000,0.848913,0.649678,163826,18770,598,biscoito,509d9eb465,8.5015
43,4,30000,0.848969,0.649785,163949,18745,596,biscoito,8a1f80764a,8.4738
43,5,30000,0.848605,0.650196,163880,18750,599,biscoito,7fefa44286,8.9089
43,6,30000,0.848789,0.648669,163828,18754,596,biscoito,47fa055916,8.5422
43,7,30000,0.848801,0.649618,163830,18763,598,biscoito,be444dab23,9.3562
43,8,30000,0.848861,0.649633,163860,18738,597,biscoito,44c1adf23a,8.4058
43,9,30000,0.848996,0.649463,163814,18767,597,biscoito,06b7e846ce,8.5416
43,10,30000,0.848873,0.648985,163886,18742,598,biscoito,4bec1c0cc7,8.5479
43,11,30000,0.848625,0.650014,163859,18746,597,biscoito,05f71a4023,8.7263
43,12,30000,0.848881,0.649532,163849,18761,598,biscoito,e899df4887,8.5583
43,13,30000,0.848753,0.648600,163814,18774,597,biscoito,18895750e9,8.4104
43,14,30000,0.848797,0.649608,163832,18763,598,biscoito,2be88af5d6,9.3569
43,15,30000,0.848749,0.650308,163937,18758,599,biscoito,2c7486b6f4,8.6702
43,16,30000,0.849036,0.650747,163830,18756,599,biscoito,b9709463c1,8.4883
43,17,30000,0.848817,0.649471,163869,18736,598,biscoito,fb675f5aa2,8.8240
43,18,30000,0.848765,0.649194,163843,18756,598,biscoito,afb480b210,8.6647
43,19,30000,0.848809,0.649243,163807,18762,597,biscoito,eb663834d2,8.8941
44,0,30000,0.849036,0.650747,163830,18756,599,biscoito,b9709463c1,8.4883
44,1,30000,0.848701,0.648940,163843,18756,596,biscoito,2fd9acbeae,9.0856
44,2,30000,0.848689,0.650377,163861,18746,599,biscoito,1a53fd3130,8.7305
44,3,30000,0.849036,0.650747,163830,18756,599,biscoito,b9709463c1,8.4883
44,4,30000,0.848861,0.649633,163860,18738,597,biscoito,44c1adf23a,8.4058
44,5,30000,0.849180,0.650047,163830,18773,597,biscoito,6ff1dbb7cf,8.6905
44,6,30000,0.848625,0.646811,163892,18764,597,biscoito,746a057641,8.5911
44,7,30000,0.848605,0.650196,163880,18750,599,biscoito,7fefa44286,8.9089
44,8,30000,0.848765,0.649194,163843,18756,598,biscoito,afb480b210,8.6647
44,9,30000,0.848897,0.649537,163849,18761,598,biscoito,e5ef9ddac3,8.8418
44,10,30000,0.848817,0.650532,163896,18761,599,biscoito,4e1c0f101b,8.6424
44,11,30000,0.848641,0.648783,163951,18748,597,biscoito,0b62f1b0e2,8.5936
44,12,30000,0.848941,0.650245,163851,18771,598,biscoito,b983f1eea8,8.7916
44,13,30000,0.848925,0.650388,163900,18772,599,biscoito,4cf1a624d8,8.7511
44,14,30000,0.848781,0.649711,163925,18748,598,biscoito,83c650ead2,8.4455
44,15,30000,0.848777,0.649343,163860,18739,597,biscoito,115a0e9049,8.7718
44,16,30000,0.848813,0.650814,163889,18773,599,biscoito,759f3adb5c,8.7090
44,17,30000,0.848913,0.649678,163826,18770,598,biscoito,509d9eb465,8.5015
44,18,30000,0.848913,0.649678,163826,18770,598,biscoito,509d9eb465,8.5015
44,19,30000,0.848537,0.649420,163866,18766,598,biscoito,5b687a4c5a,8.7673
45,0,30000,0.848813,0.650814,163889,18773,599,biscoito,759f3adb5c,8.7090
45,1,30000,0.849036,0.650747,163830,18756,599,biscoito,b9709463c1,8.4883
45,2,30000,0.849036,0.650747,163830,18756,599,biscoito,b9709463c1,8.4883
45,3,30000,0.848593,0.649650,163895,18738,599,biscoito,dd23ad13ff,8.7266
45,4,30000,0.848621,0.650007,163878,18750,599,biscoito,577901bd89,9.0367
45,5,30000,0.848825,0.650850,163877,18773,599,biscoito,546b85cba5,8.6091
45,6,30000,0.849028,0.650737,163831,18757,599,biscoito,33c7d7677f,8.4703
45,7,30000,0.849304,0.650584,163869,18768,598,biscoito,94d0fa2385,9.0943
45,8,30000,0.848813,0.650814,163889,18773,599,biscoito,759f3adb5c,8.7090
45,9,30000,0.848933,0.650157,163859,18756,599,biscoito,fdc1d2f228,9.0893
45,10,30000,0.848925,0.650388,163900,18772,599,biscoito,4cf1a624d8,8.7511
45,11,30000,0.848976,0.651261,163877,18782,599,biscoito,0b323eb220,8.6225
45,12,30000,0.848837,0.649878,163904,18776,599,biscoito,28542cf660,8.8174
45,13,30000,0.849056,0.648910,163762,18757,597,biscoito,92acc9ab4d,9.3623
45,14,30000,0.848685,0.649267,163864,18754,598,biscoito,9beb844abc,8.6146
45,15,30000,0.848905,0.649384,163873,18751,599,biscoito,352638d95f,8.8097
45,16,30000,0.848705,0.649923,163861,18750,597,biscoito,da07d468c6,8.8415
45,17,30000,0.848813,0.650814,163889,18773,599,biscoito,759f3adb5c,8.7090
45,18,30000,0.849112,0.649136,163843,18741,596,biscoito,e4758c8bf9,8.5928
45,19,30000,0.848976,0.650573,163871,18765,598,biscoito,bc6847e1f7,8.9056
46,0,30000,0.848976,0.651261,163877,18782,599,biscoito,0b323eb220,8.6225
46,1,30000,0.849304,0.650584,163869,18768,598,biscoito,94d0fa2385,9.0943
46,2,30000,0.848813,0.650814,163889,18773,599,biscoito,759f3adb5c,8.7090
46,3,30000,0.848813,0.650814,163889,18773,599,biscoito,759f3adb5c,8.7090
46,4,30000,0.848813,0.650814,163889,18773,599,biscoito,759f3adb5c,8.7090
46,5,30000,0.848809,0.650852,163892,18775,599,biscoito,ae23fd50d2,8.8776
46,6,30000,0.849008,0.651298,163871,18780,599,biscoito,e9db6c6c14,9.4516
46,7,30000,0.849024,0.651332,163860,18776,599,biscoito,b92bdd795b,8.7593
46,8,30000,0.848777,0.650783,163894,18779,599,biscoito,e7189418dd,8.4029
46,9,30000,0.848813,0.650814,163889,18773,599,biscoito,759f3adb5c,8.7090
46,10,30000,0.848813,0.650814,163889,18773,599,biscoito,759f3adb5c,8.7090
46,11,30000,0.849036,0.650747,163830,18756,599,biscoito,b9709463c1,8.4883
46,12,30000,0.849036,0.650747,163830,18756,599,biscoito,b9709463c1,8.4883
46,13,30000,0.848969,0.650417,163909,18776,599,biscoito,b0fcb0bc19,8.8238
46,14,30000,0.849220,0.650603,163872,18760,598,biscoito,270bdb59d3,8.4878
46,15,30000,0.848933,0.650541,163844,18746,599,biscoito,b87165c357,8.6530
46,16,30000,0.849016,0.650730,163839,18757,599,biscoito,0cfc530757,9.7245
46,17,30000,0.848909,0.650819,163816,18751,599,biscoito,18b20d6f52,8.8648
46,18,30000,0.848897,0.650652,163864,18782,599,biscoito,6062a4ea9b,8.6012
46,19,30000,0.849108,0.651130,163823,18746,599,biscoito,c0c8129ed5,8.5439
47,0,30000,0.849024,0.651332,163860,18776,599,biscoito,b92bdd795b,8.7593
47,1,30000,0.849020,0.651190,163887,18778,599,biscoito,3edf249e1c,8.9653
47,2,30000,0.848809,0.650682,163880,18775,599,biscoito,3bc14f15cd,8.7524
47,3,30000,0.848845,0.651066,163867,18778,599,biscoito,ed726dbc70,8.7120
47,4,30000,0.848984,0.651167,163892,18772,599,biscoito,5a3287f809,9.0731
47,5,30000,0.848813,0.650814,163889,18773,599,biscoito,759f3adb5c,8.7090
47,6,30000,0.849176,0.649831,163883,18806,598,biscoito,96aed13c8d,8.8998
47,7,30000,0.848813,0.650814,163889,18773,599,biscoito,759f3adb5c,8.7090
47,8,30000,0.848976,0.651261,163877,18782,599,biscoito,0b323eb220,8.6225
47,9,30000,0.848513,0.647764,163946,18748,596,biscoito,73224f4a47,8.5246
47,10,30000,0.849248,0.651290,163860,18769,599,biscoito,2a49444ff8,8.8079
47,11,30000,0.848857,0.650871,163921,18747,599,biscoito,3c951a5525,8.7517
47,12,30000,0.848813,0.650814,163889,18773,599,biscoito,759f3adb5c,8.7090
47,13,30000,0.849016,0.650578,163870,18769,598,biscoito,380035961e,8.4578
47,14,30000,0.849296,0.651448,163872,18776,599,biscoito,a4a82f1598,8.5479
47,15,30000,0.849024,0.650000,163873,18790,599,biscoito,c9bb918d17,9.1112
47,16,30000,0.848813,0.651102,163882,18779,599,biscoito,0eb893c613,8.5241
47,17,30000,0.848777,0.650778,163890,18775,599,biscoito,808bce4782,8.5319
47,18,30000,0.848741,0.649848,163894,18787,599,biscoito,6fbdcda322,8.5580
47,19,30000,0.849024,0.651332,163860,18776,599,biscoito,b92bdd795b,8.7593
48,0,30000,0.849296,0.651448,163872,18776,599,biscoito,a4a82f1598,8.5479
48,1,30000,0.849260,0.651503,163867,18768,599,biscoito,e31f11624e,8.7778
48,2,30000,0.848949,0.650122,163859,18781,598,biscoito,f4d90547ad,8.4537
48,3,30000,0.849024,0.651332,163860,18776,599,biscoito,b92bdd795b,8.7593
48,4,30000,0.849296,0.651448,163872,18776,599,biscoito,a4a82f1598,8.5479
48,5,30000,0.849000,0.651222,163887,18777,599,biscoito,d54e2aa334,8.6550
48,6,30000,0.849020,0.651188,163888,18775,599,biscoito,d0eff64d77,9.5095
48,7,30000,0.848976,0.651261,163877,18782,599,biscoito,0b323eb220,8.6225
48,8,30000,0.849248,0.651290,163860,18769,599,biscoito,2a49444ff8,8.8079
48,9,30000,0.849020,0.651190,163887,18778,599,biscoito,3edf249e1c,8.9653
48,10,30000,0.848957,0.650190,163882,18777,598,biscoito,9894b88c4d,9.2455
48,11,30000,0.849272,0.651688,163839,18781,599,biscoito,f4a3caaeac,8.6609
48,12,30000,0.848905,0.650559,163866,18766,598,biscoito,f902a8acdb,8.6634
48,13,30000,0.849020,0.651190,163887,18778,599,biscoito,3edf249e1c,8.9653
48,14,30000,0.849020,0.651190,163887,18778,599,biscoito,3edf249e1c,8.9653
48,15,30000,0.849024,0.651332,163860,18776,599,biscoito,b92bdd795b,8.7593
48,16,30000,0.849244,0.652411,163865,18795,601,biscoito,720cdc9b0f,9.0251
48,17,30000,0.849352,0.651864,163887,18779,599,biscoito,9affa1f45b,8.8217
48,18,30000,0.849012,0.651124,163879,18788,599,biscoito,846d679409,8.8797
48,19,30000,0.848841,0.650935,163879,18775,599,biscoito,298870050b,8.9987
49,0,30000,0.849244,0.652411,163865,18795,601,biscoito,720cdc9b0f,9.0251
49,1,30000,0.849264,0.651686,163836,18781,599,biscoito,dda340180f,8.6715
49,2,30000,0.849296,0.651448,163872,18776,599,biscoito,e3777b16ce,8.5128
49,3,30000,0.849024,0.651332,163860,18776,599,biscoito,b92bdd795b,8.7593
49,4,30000,0.849248,0.651290,163860,18769,599,biscoito,2a49444ff8,8.8079
49,5,30000,0.849292,0.651441,163872,18777,599,biscoito,2a2bf3006a,9.3233
49,6,30000,0.849272,0.651690,163838,18781,599,biscoito,34433d8c47,8.5783
49,7,30000,0.849172,0.651364,163878,18774,599,biscoito,fbc2c21213,8.8563
49,8,30000,0.849296,0.650446,163859,18794,598,biscoito,d508a5d153,9.3786
49,9,30000,0.849264,0.651686,163838,18781,599,biscoito,9a6902a622,8.6110
49,10,30000,0.849296,0.651448,163871,18776,599,biscoito,112ab0e721,8.5475
49,11,30000,0.849272,0.651688,163839,18781,599,biscoito,f4a3caaeac,8.6609
49,12,30000,0.849272,0.651688,163839,18781,599,biscoito,f4a3caaeac,8.6609
49,13,30000,0.849288,0.652245,163874,18781,600,biscoito,a3fdb271cb,8.6282
49,14,30000,0.849056,0.651798,163875,18793,600,biscoito,a21b881f48,8.8926
49,15,30000,0.849060,0.651365,163877,18796,599,biscoito,ea898ae332,8.5775
49,16,30000,0.849592,0.653141,163879,18775,601,biscoito,b4e3466371,8.5282
49,17,30000,0.849120,0.651326,163856,18769,599,biscoito,d18a393707,8.7605
49,18,30000,0.849308,0.651116,163819,18762,599,biscoito,0b8ae7fe50,8.6278
49,19,30000,0.849324,0.651823,163899,18777,599,biscoito,5e747762bc,9.2772
50,0,30000,0.849592,0.653141,163879,18775,601,biscoito,b4e3466371,8.5282
50,1,30000,0.849272,0.651688,163839,18781,599,biscoito,f4a3caaeac,8.6609
50,2,30000,0.849348,0.650214,163885,18779,599,biscoito,d880d5f267,8.9356
50,3,30000,0.849264,0.651410,163882,18776,599,biscoito,789d642cad,8.8777
50,4,30000,0.849364,0.651919,163891,18776,599,biscoito,c7ab65d858,8.5747
50,5,30000,0.849012,0.651207,163891,18798,599,biscoito,375d733df7,8.9510
50,6,30000,0.849500,0.652698,163844,18781,601,biscoito,8fade5cc19,9.0406
50,7,30000,0.849272,0.651567,163861,18788,599,biscoito,dc79e09502,8.5465
50,8,30000,0.849312,0.651581,163869,18776,599,biscoito,fc920f299c,9.2922
50,9,30000,0.849272,0.651688,163839,18781,599,biscoito,f4a3caaeac,8.6609
50,10,30000,0.849272,0.651688,163839,18781,599,biscoito,f4a3caaeac,8.6609
50,11,30000,0.849528,0.652905,163881,18775,601,biscoito,a62f05cb1d,8.9992
50,12,30000,0.849360,0.651827,163842,18782,599,biscoito,0471f29d94,8.8686
50,13,30000,0.849428,0.651983,163906,18781,599,biscoito,1c5c9e88af,8.5856
50,14,30000,0.849164,0.652042,163869,18778,600,biscoito,1a23812fba,9.3926
50,15,30000,0.849244,0.652411,163865,18795,601,biscoito,720cdc9b0f,9.0251
50,16,30000,0.849244,0.652411,163865,18795,601,biscoito,720cdc9b0f,9.0251
50,17,30000,0.849264,0.651686,163838,18781,599,biscoito,9a6902a622,8.6110
50,18,30000,0.849060,0.651365,163877,18796,599,biscoito,ea898ae332,8.5775
50,19,30000,0.849240,0.651546,163845,18779,599,biscoito,f65a638218,11.4289
51,0,30000,0.849592,0.653141,163879,18775,601,biscoito,b4e3466371,8.5282
51,1,30000,0.849484,0.652616,163870,18780,600,biscoito,593d85f262,13.3102
51,2,30000,0.848973,0.650389,163892,18765,599,biscoito,47d83ac9cd,14.6322
51,3,30000,0.849272,0.651688,163839,18781,599,biscoito,f4a3caaeac,8.6609
51,4,30000,0.849272,0.651688,163839,18781,599,biscoito,f4a3caaeac,8.6609
51,5,30000,0.849500,0.652698,163844,18781,601,biscoito,8fade5cc19,9.0406
51,6,30000,0.849500,0.652698,163844,18781,601,biscoito,8fade5cc19,9.0406
51,7,30000,0.849500,0.652698,163844,18781,601,biscoito,8fade5cc19,9.0406
51,8,30000,0.849500,0.652698,163844,18781,601,biscoito,8fade5cc19,9.0406
51,9,30000,0.849244,0.652411,163865,18795,601,biscoito,720cdc9b0f,9.0251
51,10,30000,0.849364,0.651919,163891,18776,599,biscoito,c7ab65d858,8.5747
51,11,30000,0.849496,0.652500,163890,18775,600,biscoito,b330f11b32,13.4507
51,12,30000,0.849180,0.652130,163839,18773,600,biscoito,53f9027d41,14.4115
51,13,30000,0.849520,0.650971,163933,18817,599,biscoito,639cfed2b7,13.3414
51,14,30000,0.849428,0.651983,163906,18781,599,biscoito,1c5c9e88af,8.5856
51,15,30000,0.849208,0.652439,163877,18787,601,biscoito,0f14b1f1c6,13.8537
51,16,30000,0.849636,0.652765,163888,18795,601,biscoito,9315b1241f,13.3209
51,17,30000,0.849284,0.652244,163871,18781,600,biscoito,63b346cdf7,16.9341
51,18,30000,0.849488,0.652997,163878,18773,601,biscoito,872862a7d6,15.9562
51,19,30000,0.849396,0.651668,163849,18789,599,biscoito,62eb9883eb,16.2601
52,0,30000,0.849592,0.653141,163879,18775,601,biscoito,b4e3466371,8.5282
52,1,30000,0.849412,0.652534,163841,18779,600,biscoito,8b4b90bae5,17.7988
52,2,30000,0.849384,0.652864,163910,18774,601,biscoito,5a290bb618,15.9410
52,3,30000,0.849452,0.652115,163873,18781,599,biscoito,e121ac54b4,17.4415
52,4,30000,0.849336,0.652360,163853,18776,601,biscoito,c6162c9290,17.2281
52,5,30000,0.849380,0.649613,163821,18770,599,biscoito,73bab9e5a5,16.1906
52,6,30000,0.849488,0.652997,163878,18773,601,biscoito,872862a7d6,15.9562
52,7,30000,0.849352,0.652132,163859,18799,599,biscoito,8d088583f9,17.4717
52,8,30000,0.849496,0.652500,163890,18775,600,biscoito,b330f11b32,13.4507
52,9,30000,0.849288,0.652247,163869,18780,600,biscoito,b60b020298,15.5113
52,10,30000,0.849588,0.653138,163883,18778,601,biscoito,2e70ce0841,13.7876
52,11,30000,0.849484,0.652616,163870,18780,600,biscoito,593d85f262,13.3102
52,12,30000,0.849496,0.652500,163890,18775,600,biscoito,b330f11b32,13.4507
52,13,30000,0.849436,0.651444,163918,18795,600,biscoito,4f3dad5bcc,13.2759
52,14,30000,0.849632,0.652602,163899,18785,600,biscoito,9a023a2cbc,13.6042
52,15,30000,0.849500,0.652698,163844,18781,601,biscoito,8fade5cc19,9.0406
52,16,30000,0.849500,0.652698,163844,18781,601,biscoito,8fade5cc19,9.0406
52,17,30000,0.849620,0.652756,163885,18793,601,biscoito,1b3be75bf5,14.5362
52,18,30000,0.849484,0.652577,163844,18781,601,biscoito,515872cedc,13.5953
52,19,30000,0.849156,0.652668,163920,18774,601,biscoito,3597ae107f,14.1035
53,0,30000,0.849592,0.653141,163879,18775,601,biscoito,b4e3466371,8.5282
53,1,30000,0.849663,0.651886,163902,18805,600,biscoito,98d8dba6f8,13.7317
53,2,30000,0.849588,0.653448,163882,18773,601,biscoito,7eb78a4da0,13.3992
53,3,30000,0.849500,0.652698,163844,18781,601,biscoito,8fade5cc19,9.0406
53,4,30000,0.849588,0.653138,163883,18778,601,biscoito,2e70ce0841,13.7876
53,5,30000,0.849540,0.652965,163874,18770,601,biscoito,c0b9ec8776,15.2340
53,6,30000,0.849276,0.650766,163921,18768,600,biscoito,7d7f814e3f,13.5979
53,7,30000,0.849620,0.652756,163885,18793,601,biscoito,1b3be75bf5,14.5362
53,8,30000,0.849715,0.653278,163851,18809,601,biscoito,18b2692f42,14.0199
53,9,30000,0.849663,0.653325,163855,18775,601,biscoito,a5630742d3,15.2675
53,10,30000,0.849396,0.652470,163858,18766,601,biscoito,9ed0e3c831,13.4552
53,11,30000,0.849264,0.651458,163833,18792,600,biscoito,97b56b5600,15.5375
53,12,30000,0.849572,0.653130,163880,18776,601,biscoito,252a06fe6d,16.9883
53,13,30000,0.849588,0.653138,163883,18778,601,biscoito,2e70ce0841,13.7876
53,14,30000,0.849412,0.652534,163841,18779,600,biscoito,8b4b90bae5,17.7988
53,15,30000,0.849168,0.652853,163920,18778,601,biscoito,a87d9ddb21,17.6669
53,16,30000,0.849408,0.652451,163843,18779,601,biscoito,33867386ed,13.6245
53,17,30000,0.849588,0.653138,163883,18778,601,biscoito,2e70ce0841,13.7876
53,18,30000,0.849484,0.652577,163844,18781,601,biscoito,515872cedc,13.5953
53,19,30000,0.849656,0.653208,163860,18776,601,biscoito,0f064f5a31,13.7008
54,0,30000,0.849588,0.653448,163882,18773,601,biscoito,7eb78a4da0,13.3992
54,1,30000,0.849648,0.652325,163924,18783,601,biscoito,735ce71760,13.5892
54,2,30000,0.849683,0.653202,163861,18781,601,biscoito,0598bf4f26,14.7798
54,3,30000,0.849624,0.653570,163876,18771,601,biscoito,e8a7599df6,13.9347
54,4,30000,0.849440,0.652797,163939,18761,601,biscoito,b7f85ad8d1,13.6624
54,5,30000,0.849656,0.653208,163860,18776,601,biscoito,0f064f5a31,13.7008
54,6,30000,0.849592,0.653141,163879,18775,601,biscoito,b4e3466371,8.5282
54,7,30000,0.849604,0.653350,163867,18792,602,biscoito,484173ca27,14.0924
54,8,30000,0.849815,0.654028,163817,18811,600,biscoito,9650f230f1,13.3885
54,9,30000,0.849588,0.653138,163883,18778,601,biscoito,2e70ce0841,13.7876
54,10,30000,0.849935,0.652595,163828,18789,601,biscoito,1a6638115a,14.9059
54,11,30000,0.849743,0.653492,163841,18758,602,biscoito,edb4197c42,13.2988
54,12,30000,0.849440,0.652913,163942,18777,601,biscoito,9f647ccc04,14.0016
54,13,30000,0.849520,0.653453,163893,18769,601,biscoito,5ffbfac66a,16.2708
54,14,30000,0.849284,0.652884,163913,18780,601,biscoito,a15e462d6b,14.7228
54,15,30000,0.849592,0.653141,163879,18775,601,biscoito,b4e3466371,8.5282
54,16,30000,0.849656,0.653208,163860,18776,601,biscoito,0f064f5a31,13.7008
54,17,30000,0.849703,0.651455,163852,18784,599,biscoito,a21a3a3411,15.7201
54,18,30000,0.849540,0.652965,163874,18773,601,biscoito,ceef5d89ec,14.7927
54,19,30000,0.850059,0.654301,163811,18768,601,biscoito,d53b3b4ab8,13.2474
55,0,30000,0.850059,0.654301,163811,18768,601,biscoito,d53b3b4ab8,13.2474
55,1,30000,0.849679,0.654416,163857,18762,601,biscoito,dae8d1fdcb,15.9488
55,2,30000,0.850019,0.653972,163811,18769,601,biscoito,e9abff0736,14.2283
55,3,30000,0.849584,0.653442,163904,18774,601,biscoito,4d28da18ac,13.4167
55,4,30000,0.848673,0.651081,163977,18741,602,biscoito,07d559e192,13.5649
55,5,30000,0.849656,0.653208,163860,18776,601,biscoito,0f064f5a31,13.7008
55,6,30000,0.849588,0.653138,163883,18778,601,biscoito,2e70ce0841,13.7876
55,7,30000,0.849719,0.652117,163939,18768,600,biscoito,8d312475ca,14.5940
55,8,30000,0.849803,0.654095,163824,18757,601,biscoito,b1bec18de9,13.4182
55,9,30000,0.849544,0.653468,163853,18750,601,biscoito,6e450a550e,13.6384
55,10,30000,0.849699,0.653664,163841,18790,602,biscoito,42367e4c45,13.4550
55,11,30000,0.849955,0.653100,163833,18785,601,biscoito,3eeb0b307f,18.5325
55,12,30000,0.849436,0.652353,163867,18769,600,biscoito,bf0b86a80b,16.5219
55,13,30000,0.849488,0.653240,163886,18791,602,biscoito,39569e66c2,16.0561
55,14,30000,0.849572,0.653451,163873,18779,601,biscoito,801e2e1d13,15.1817
55,15,30000,0.849588,0.653448,163882,18773,601,biscoito,7eb78a4da0,13.3992
55,16,30000,0.849540,0.652965,163874,18773,601,biscoito,ceef5d89ec,14.7927
55,17,30000,0.849735,0.653035,163870,18802,600,biscoito,3883c02c3f,17.6782
55,18,30000,0.849536,0.653160,163855,18780,600,biscoito,70a57a77d8,15.6072
55,19,30000,0.849516,0.653099,163889,18778,601,biscoito,b736d3b15e,18.1959
56,0,30000,0.849679,0.654416,163857,18762,601,biscoito,dae8d1fdcb,15.9488
56,1,30000,0.849771,0.653303,163843,18771,601,biscoito,2062c25a0a,13.9988
56,2,30000,0.849456,0.651723,163842,18738,600,biscoito,142d23be5a,11.3901
56,3,30000,0.849667,0.652776,163861,18755,599,biscoito,fa134d0556,9.1886
56,4,30000,0.849532,0.653864,163824,18774,602,biscoito,c7cdcd74f9,8.9752
56,5,30000,0.849679,0.654416,163857,18762,601,biscoito,dae8d1fdcb,15.9488
56,6,30000,0.849656,0.653882,163841,18758,601,biscoito,7024e5237a,8.9398
56,7,30000,0.849528,0.652355,163895,18784,601,biscoito,776596c6b8,8.7092
56,8,30000,0.849356,0.653511,163858,18789,601,biscoito,c7d8f2c679,8.7067
56,9,30000,0.849572,0.653451,163873,18779,601,biscoito,801e2e1d13,15.1817
56,10,30000,0.849679,0.654416,163857,18762,601,biscoito,dae8d1fdcb,15.9488
56,11,30000,0.850127,0.651936,163808,18780,599,biscoito,2ddd6da8fd,9.0262
56,12,30000,0.850059,0.654301,163811,18768,601,biscoito,d53b3b4ab8,13.2474
56,13,30000,0.849628,0.653262,163896,18765,601,biscoito,74db5811e3,8.5249
56,14,30000,0.849268,0.651405,163919,18779,600,biscoito,3a40c3f700,9.1828
56,15,30000,0.849588,0.653448,163882,18773,601,biscoito,7eb78a4da0,13.3992
56,16,30000,0.850059,0.654301,163811,18768,601,biscoito,d53b3b4ab8,13.2474
56,17,30000,0.849915,0.654061,163794,18756,601,biscoito,68e7f689e7,11.7166
56,18,30000,0.849652,0.653160,163865,18768,601,biscoito,eb9aedefdf,9.9596
56,19,30000,0.849404,0.652452,163873,18753,601,biscoito,2a3d93d512,10.0538
57,0,30000,0.849679,0.654416,163857,18762,601,biscoito,dae8d1fdcb,15.9488
57,1,30000,0.849775,0.654750,163859,18764,601,biscoito,b942685b80,10.1056
57,2,30000,0.849887,0.653743,163817,18769,601,biscoito,3c0ec035ca,10.1905
57,3,30000,0.849524,0.653731,163864,18771,601,biscoito,7b2416d70a,12.6993
57,4,30000,0.849640,0.654300,163874,18766,601,biscoito,77545144e0,10.4407
57,5,30000,0.850059,0.654301,163811,18768,601,biscoito,d53b3b4ab8,13.2474
57,6,30000,0.849679,0.654416,163857,18762,601,biscoito,dae8d1fdcb,15.9488
57,7,30000,0.849679,0.654416,163857,18762,601,biscoito,dae8d1fdcb,15.9488
57,8,30000,0.849532,0.653864,163824,18774,602,biscoito,c7cdcd74f9,8.9752
57,9,30000,0.849707,0.653509,163802,18764,601,biscoito,30078e30ca,10.3239
57,10,30000,0.850315,0.652330,163834,18781,600,biscoito,c7b9ffeda6,9.4261
57,11,30000,0.849644,0.654251,163831,18757,601,biscoito,c9439fc9a0,8.9495
57,12,30000,0.849711,0.654096,163867,18762,601,biscoito,ce33b540e6,8.7063
57,13,30000,0.849815,0.654013,163853,18764,601,biscoito,40adaf0593,9.0380
57,14,30000,0.849823,0.654752,163808,18762,601,biscoito,21d5b4a2c4,8.8289
57,15,30000,0.849520,0.654727,163854,18779,602,biscoito,d187beaf8b,8.6017
57,16,30000,0.849683,0.653426,163831,18766,601,biscoito,8382420e47,8.6497
57,17,30000,0.849396,0.653896,163847,18785,601,biscoito,c0d425c2de,8.6804
57,18,30000,0.849652,0.654054,163869,18763,601,biscoito,e3c5c71e6d,9.5091
57,19,30000,0.849564,0.653966,163890,18792,601,biscoito,d9d29a623d,9.0285
58,0,30000,0.849823,0.654752,163808,18762,601,biscoito,21d5b4a2c4,8.8289
58,1,30000,0.849739,0.653783,163787,18766,601,biscoito,d1bd097930,11.1005
58,2,30000,0.849979,0.655726,163918,18761,602,biscoito,febbdd6133,10.4960
58,3,30000,0.849524,0.654785,163855,18748,601,biscoito,9116c0ea9a,11.7078
58,4,30000,0.850123,0.654994,163808,18783,601,biscoito,d3fcd1df3e,10.1402
58,5,30000,0.849520,0.654727,163854,18779,602,biscoito,d187beaf8b,8.6017
58,6,30000,0.849823,0.654752,163808,18762,601,biscoito,21d5b4a2c4,8.8289
58,7,30000,0.849703,0.654184,163860,18763,601,biscoito,b48dc0c8f2,10.2240
58,8,30000,0.850043,0.655256,163914,18794,601,biscoito,955d62cb40,10.8522
58,9,30000,0.849568,0.654498,163873,18783,602,biscoito,184c41bbe5,12.2093
58,10,30000,0.849695,0.654773,163830,18760,601,biscoito,ffb22ac4be,10.1264
58,11,30000,0.849524,0.654728,163857,18779,602,biscoito,267e1f2ff5,9.6796
58,12,30000,0.849911,0.653782,163814,18770,601,biscoito,a03b434d24,8.8758
58,13,30000,0.849564,0.653830,163857,18766,601,biscoito,4efdaa5b6c,8.9134
58,14,30000,0.849827,0.653605,163865,18743,600,biscoito,0bd9ebdee5,8.9852
58,15,30000,0.849871,0.653506,163855,18751,601,biscoito,924fa4ea8b,8.7270
58,16,30000,0.849783,0.654659,163836,18783,601,biscoito,57ab69a213,8.7321
58,17,30000,0.849699,0.654786,163818,18761,601,biscoito,9f04e9d9bc,8.6342
58,18,30000,0.850095,0.654857,163822,18765,601,biscoito,8ac184133d,8.8897
58,19,30000,0.849999,0.654887,163824,18756,601,biscoito,41b94f328a,8.7637
59,0,30000,0.849979,0.655726,163918,18761,602,biscoito,febbdd6133,10.4960
59,1,30000,0.849963,0.656252,163883,18761,602,biscoito,d0f878e456,8.9799
59,2,30000,0.850039,0.653912,163867,18768,601,biscoito,aff0b77272,8.9599
59,3,30000,0.849999,0.654129,163836,18762,601,biscoito,70d2780995,8.6727
59,4,30000,0.850231,0.654419,163779,18786,601,biscoito,022875ee56,8.5527
59,5,30000,0.850059,0.654637,163822,18780,601,biscoito,77041105c5,8.7230
59,6,30000,0.849855,0.654601,163834,18748,601,biscoito,eb363e82d4,8.5232
59,7,30000,0.849915,0.654370,163802,18772,601,biscoito,828e8c7401,8.7103
59,8,30000,0.850107,0.655392,163822,18775,601,biscoito,166e3bce7e,8.6278
59,9,30000,0.849775,0.654545,163853,18774,601,biscoito,4574e99921,8.8606
59,10,30000,0.850031,0.655679,163883,18787,601,biscoito,05c21f37b0,8.5470
59,11,30000,0.849975,0.656315,163849,18800,603,biscoito,53f8ff7ab6,8.7032
59,12,30000,0.850135,0.655024,163816,18788,601,biscoito,247f4bcf20,8.8542
59,13,30000,0.849727,0.654799,163814,18760,601,biscoito,5fe1d85196,8.8489
59,14,30000,0.849851,0.654850,163821,18782,601,biscoito,85f2d8ab93,9.0116
59,15,30000,0.850123,0.654994,163808,18783,601,biscoito,d3fcd1df3e,10.1402
59,16,30000,0.849979,0.655726,163918,18761,602,biscoito,febbdd6133,10.4960
59,17,30000,0.849492,0.654479,163903,18742,601,biscoito,68b481b157,9.1446
59,18,30000,0.849592,0.654221,163803,18769,601,biscoito,2f236aa795,9.9734
59,19,30000,0.849927,0.654880,163946,18758,602,biscoito,18573d5141,8.7925
60,0,30000,0.849975,0.656315,163849,18800,603,biscoito,53f8ff7ab6,8.7032
60,1,30000,0.850179,0.656808,163854,18788,602,biscoito,67a1e22c4c,8.7177
60,2,30000,0.850203,0.654531,163906,18779,600,biscoito,15855743ff,8.8083
60,3,30000,0.849891,0.654621,163927,18779,602,biscoito,ad8962fc58,8.6846
60,4,30000,0.849951,0.656622,163874,18790,602,biscoito,6aa949dd4a,9.3025
60,5,30000,0.849648,0.655303,163810,18769,601,biscoito,130fad2cc6,9.2641
60,6,30000,0.849919,0.654541,163872,18778,601,biscoito,4977da949d,8.7968
60,7,30000,0.849951,0.654140,163836,18749,600,biscoito,f4bbce8dc9,8.7100
60,8,30000,0.849935,0.656532,163924,18771,603,biscoito,cae4558af2,8.6310
60,9,30000,0.849727,0.654815,163821,18764,601,biscoito,d913999f19,8.7401
60,10,30000,0.849967,0.653023,163835,18793,601,biscoito,fae3a0e591,8.6428
60,11,30000,0.849959,0.656261,163886,18762,602,biscoito,1f1d973179,9.0730
60,12,30000,0.850019,0.655301,163949,18752,602,biscoito,07f4ca6225,8.7563
60,13,30000,0.849663,0.652212,163911,18718,600,biscoito,9d3a4da81e,8.6276
60,14,30000,0.849871,0.656888,163914,18778,603,biscoito,6f685b596c,8.6969
60,15,30000,0.849923,0.655285,163883,18759,601,biscoito,7a90728b38,8.6173
60,16,30000,0.849963,0.655706,163914,18757,602,biscoito,bc81fe3dd6,8.6537
60,17,30000,0.849727,0.654799,163814,18760,601,biscoito,5fe1d85196,8.8489
60,18,30000,0.849851,0.654850,163821,18782,601,biscoito,85f2d8ab93,9.0116
60,19,30000,0.849791,0.654250,163906,18777,602,biscoito,2683edecaa,8.7625
61,0,30000,0.849871,0.656888,163914,18778,603,biscoito,6f685b596c,8.6969
61,1,30000,0.849951,0.656622,163874,18790,602,biscoito,6aa949dd4a,9.3025
61,2,30000,0.849727,0.654799,163814,18760,601,biscoito,5fe1d85196,8.8489
61,3,30000,0.849747,0.656620,163867,18784,602,biscoito,0b6c5715c0,9.6239
61,4,30000,0.849855,0.655131,163840,18756,602,biscoito,348daabacc,8.6135
61,5,30000,0.849644,0.654753,163931,18767,603,biscoito,1cd5668680,8.5389
61,6,30000,0.850111,0.654829,163933,18753,601,biscoito,e0bfb538fe,9.1616
61,7,30000,0.850035,0.657266,163866,18766,602,biscoito,a1ba3fa852,8.8787
61,8,30000,0.850091,0.655716,163872,18784,602,biscoito,94f8aee561,8.8322
61,9,30000,0.850155,0.655368,163868,18776,600,biscoito,613c3474e6,8.9936
61,10,30000,0.849667,0.657029,163896,18776,604,biscoito,9735838a4d,8.9602
61,11,30000,0.849927,0.655656,163915,18784,601,biscoito,d2baf3487c,8.5005
61,12,30000,0.849148,0.654948,163794,18773,601,biscoito,0be4ee2670,8.6096
61,13,30000,0.850027,0.657415,163929,18773,605,biscoito,1a0ebdc3eb,8.6642
61,14,30000,0.849931,0.655833,163880,18802,603,biscoito,dfc432054b,8.9418
61,15,30000,0.850023,0.654775,163881,18784,601,biscoito,8d6aeea2f4,9.2803
61,16,30000,0.849991,0.654703,163842,18742,600,biscoito,2a51b8682d,9.0989
61,17,30000,0.849272,0.655270,163991,18729,603,biscoito,adf29dd593,10.4320
61,18,30000,0.850059,0.655498,163870,18776,601,biscoito,666dc0f09a,8.9773
61,19,30000,0.849723,0.655239,163823,18766,601,biscoito,81e8700a2d,8.7301
62,0,30000,0.850027,0.657415,163929,18773,605,biscoito,1a0ebdc3eb,8.6642
62,1,30000,0.850215,0.655027,164002,18779,602,biscoito,dfc945a6dc,8.9852
62,2,30000,0.849931,0.657617,163801,18775,603,biscoito,c79b9b7d93,8.6951
62,3,30000,0.849963,0.656943,163859,18788,602,biscoito,32164fede4,8.7576
62,4,30000,0.849755,0.654835,163931,18765,602,biscoito,ab37c4e100,9.2118
62,5,30000,0.850247,0.656983,163806,18775,602,biscoito,8a01e5718b,8.7740
62,6,30000,0.849971,0.655733,163961,18786,602,biscoito,54fb638234,8.6798
62,7,30000,0.849719,0.656241,163839,18773,602,biscoito,0a19311e91,8.6615
62,8,30000,0.849528,0.654712,163827,18763,601,biscoito,19d621df13,8.8266
62,9,30000,0.850027,0.657415,163929,18773,605,biscoito,1a0ebdc3eb,8.6642
62,10,30000,0.849931,0.655833,163880,18802,603,biscoito,dfc432054b,8.9418
62,11,30000,0.850063,0.656750,163905,18763,603,biscoito,cce8a7a415,8.4564
62,12,30000,0.849823,0.658135,163884,18776,604,biscoito,e936bdd639,8.6576
62,13,30000,0.850027,0.657415,163929,18773,605,biscoito,1a0ebdc3eb,8.6642
62,14,30000,0.850027,0.657415,163929,18773,605,biscoito,1a0ebdc3eb,8.6642
62,15,30000,0.850067,0.655627,163829,18769,599,biscoito,47f33142f4,9.0916
62,16,30000,0.850035,0.657266,163866,18766,602,biscoito,a1ba3fa852,8.8787
62,17,30000,0.849148,0.654948,163794,18773,601,biscoito,0be4ee2670,8.6096
62,18,30000,0.850027,0.657415,163929,18773,605,biscoito,1a0ebdc3eb,8.6642
62,19,30000,0.849460,0.656601,163961,18787,604,biscoito,e433c9f590,8.6792
63,0,30000,0.849823,0.658135,163884,18776,604,biscoito,e936bdd639,8.6576
63,1,30000,0.850027,0.657415,163929,18773,605,biscoito,1a0ebdc3eb,8.6642
63,2,30000,0.850063,0.656750,163905,18763,603,biscoito,cce8a7a415,8.4564
63,3,30000,0.850091,0.658863,163882,18788,604,biscoito,091d5cae09,8.6906
63,4,30000,0.849959,0.657279,163908,18782,604,biscoito,a57c8d018e,8.4722
63,5,30000,0.849735,0.656498,163934,18779,603,biscoito,24fc09f27f,8.9767
63,6,30000,0.850027,0.657415,163929,18773,605,biscoito,1a0ebdc3eb,8.6642
63,7,30000,0.849927,0.657196,163780,18787,603,biscoito,d4adc911e4,8.6549
63,8,30000,0.849991,0.656562,163978,18756,604,biscoito,66e01db835,8.6926
63,9,30000,0.850027,0.657415,163929,18773,605,biscoito,1a0ebdc3eb,8.6642
63,10,30000,0.850027,0.657415,163929,18773,605,biscoito,1a0ebdc3eb,8.6642
63,11,30000,0.850155,0.657792,163763,18770,603,biscoito,6f6a9b7e32,9.0863
63,12,30000,0.850055,0.656681,163850,18781,602,biscoito,4132a45f93,8.6846
63,13,30000,0.849931,0.657142,164043,18817,605,biscoito,b1802c078c,8.6049
63,14,30000,0.850079,0.656590,163772,18768,603,biscoito,10072815b0,8.6944
63,15,30000,0.850402,0.657448,163898,18770,602,biscoito,c06462d9e3,8.5728
63,16,30000,0.849987,0.657260,163814,18755,603,biscoito,564f1d9dfb,8.5950
63,17,30000,0.849899,0.656409,163930,18784,602,biscoito,c3962e38ee,8.6057
63,18,30000,0.850370,0.657743,163784,18774,603,biscoito,d90fa77fbd,8.8783
63,19,30000,0.849835,0.656571,163839,18752,604,biscoito,2132fa99bd,8.4712
64,0,30000,0.850091,0.658863,163882,18788,604,biscoito,091d5cae09,8.6906
64,1,30000,0.850323,0.657713,163806,18776,603,biscoito,56b41492e6,8.6406
64,2,30000,0.850083,0.656950,163904,18749,602,biscoito,f82da9d0b1,8.6554
64,3,30000,0.850358,0.655514,163925,18782,603,biscoito,1fee814f82,8.7789
64,4,30000,0.850227,0.656836,163803,18769,603,biscoito,b1446d6cd1,8.5386
64,5,30000,0.849955,0.658265,163929,18776,605,biscoito,17d9d09811,8.6982
64,6,30000,0.850119,0.659221,163885,18786,604,biscoito,b9c8a2560f,9.2217
64,7,30000,0.849560,0.657232,163919,18782,603,biscoito,bbb4f43a6e,8.8782
64,8,30000,0.849883,0.657787,163931,18785,605,biscoito,9ffaef1eaa,8.6359
64,9,30000,0.850091,0.658123,163737,18783,604,biscoito,0ee4b0f690,8.9096
64,10,30000,0.850011,0.657176,163916,18774,605,biscoito,5f035ee589,8.5597
64,11,30000,0.850027,0.657415,163929,18773,605,biscoito,1a0ebdc3eb,8.6642
64,12,30000,0.850231,0.655586,163720,18777,602,biscoito,c6d2a0877c,8.6861
64,13,30000,0.850534,0.657991,163861,18782,603,biscoito,2801c65f71,8.8451
64,14,30000,0.850079,0.657493,163813,18757,603,biscoito,b68aae5635,8.6103
64,15,30000,0.849987,0.657260,163814,18755,603,biscoito,564f1d9dfb,8.5950
64,16,30000,0.850091,0.658863,163882,18788,604,biscoito,091d5cae09,8.6906
64,17,30000,0.850163,0.656191,163931,18773,603,biscoito,6006ec8dca,8.5253
64,18,30000,0.850115,0.659029,163899,18776,604,biscoito,009d886c36,8.6906
64,19,30000,0.850027,0.657415,163929,18773,605,biscoito,1a0ebdc3eb,8.6642
65,0,30000,0.850119,0.659221,163885,18786,604,biscoito,b9c8a2560f,9.2217
65,1,30000,0.849695,0.656355,163758,18784,602,biscoito,c8593e0631,8.5622
65,2,30000,0.849895,0.657286,163936,18763,605,biscoito,32ef818f9c,8.7260
65,3,30000,0.850091,0.658123,163737,18783,604,biscoito,0ee4b0f690,8.9096
65,4,30000,0.849883,0.657787,163931,18785,605,biscoito,9ffaef1eaa,8.6359
65,5,30000,0.849955,0.658265,163929,18776,605,biscoito,17d9d09811,8.6982
65,6,30000,0.849955,0.658265,163929,18776,605,biscoito,17d9d09811,8.6982
65,7,30000,0.850115,0.659029,163899,18776,604,biscoito,009d886c36,8.6906
65,8,30000,0.850083,0.656950,163904,18749,602,biscoito,f82da9d0b1,8.6554
65,9,30000,0.850127,0.658463,163877,18777,603,biscoito,0800fcb44b,8.6426
65,10,30000,0.849991,0.658095,163818,18761,604,biscoito,70a1de92a9,9.0654
65,11,30000,0.850275,0.657834,163896,18768,603,biscoito,e3357d0843,8.5255
65,12,30000,0.850295,0.659183,163860,18803,604,biscoito,dbc24114fc,8.4769
65,13,30000,0.850414,0.658057,163870,18784,603,biscoito,11834ae7b8,8.8378
65,14,30000,0.850035,0.658235,163828,18762,603,biscoito,3665526255,9.1106
65,15,30000,0.850111,0.657916,163925,18779,605,biscoito,15bc382b5c,8.8615
65,16,30000,0.849831,0.658674,163884,18787,604,biscoito,8a2141a617,8.6780
65,17,30000,0.850163,0.658830,163878,18784,604,biscoito,57d4ae8668,9.1589
65,18,30000,0.849903,0.657311,163929,18774,605,biscoito,1a69be9354,8.4083
65,19,30000,0.849955,0.658265,163929,18776,605,biscoito,17d9d09811,8.6982
66,0,30000,0.850119,0.659221,163885,18786,604,biscoito,b9c8a2560f,9.2217
66,1,30000,0.850115,0.659029,163899,18776,604,biscoito,009d886c36,8.6906
66,2,30000,0.850342,0.657452,163863,18801,603,biscoito,39ff7028e7,8.6812
66,3,30000,0.849875,0.659095,163866,18786,604,biscoito,d0aad53217,9.7191
66,4,30000,0.849879,0.657897,163840,18749,604,biscoito,e0949e2aa0,8.7005
66,5,30000,0.850131,0.659197,163886,18773,604,biscoito,63f7a81369,8.6596
66,6,30000,0.850087,0.658439,163922,18777,605,biscoito,fa88f8015e,8.7112
66,7,30000,0.850430,0.658040,163862,18786,603,biscoito,cb0ff2c278,8.8055
66,8,30000,0.850107,0.656733,163878,18776,602,biscoito,a4210f3590,8.6697
66,9,30000,0.850103,0.659226,163891,18775,604,biscoito,2ae856898a,8.5596
66,10,30000,0.849871,0.655905,163824,18772,602,biscoito,0957addbaf,8.6552
66,11,30000,0.850035,0.658235,163828,18762,603,biscoito,3665526255,9.1106
66,12,30000,0.849831,0.658674,163884,18787,604,biscoito,8a2141a617,8.6780
66,13,30000,0.850231,0.659436,163888,18788,604,biscoito,33fd68cc0c,8.8338
66,14,30000,0.850303,0.657693,163847,18797,605,biscoito,db0ab4d973,8.9036
66,15,30000,0.850059,0.657845,163869,18785,603,biscoito,4340533915,9.3117
66,16,30000,0.849871,0.658363,163773,18725,604,biscoito,a7e8948d36,8.9118
66,17,30000,0.849987,0.657823,163925,18780,605,biscoito,681497689a,8.6193
66,18,30000,0.850011,0.659100,163909,18774,604,biscoito,bfcd9396a4,8.6023
66,19,30000,0.849863,0.657442,163924,18780,605,biscoito,6ff9be9a2d,8.6930
67,0,30000,0.850231,0.659436,163888,18788,604,biscoito,33fd68cc0c,8.8338
67,1,30000,0.850103,0.659226,163891,18775,604,biscoito,2ae856898a,8.5596
67,2,30000,0.850139,0.657183,163851,18779,602,biscoito,1e3f032af9,8.7584
67,3,30000,0.850019,0.657043,163902,18776,603,biscoito,7b754a571c,8.6346
67,4,30000,0.849935,0.658072,163842,18764,604,biscoito,b94ddfbe6a,9.2738
67,5,30000,0.849943,0.658283,163805,18745,603,biscoito,6c848766b3,8.6259
67,6,30000,0.850071,0.658319,163935,18794,605,biscoito,5ce908082b,8.5288
67,7,30000,0.850043,0.659143,163899,18773,604,biscoito,646469d2df,8.8248
67,8,30000,0.850235,0.659430,163899,18789,604,biscoito,1be17b28af,8.5435
67,9,30000,0.850219,0.659441,163890,18789,604,biscoito,5abbd14f39,8.7764
67,10,30000,0.850055,0.659136,163910,18773,604,biscoito,7f004c0b79,8.6608
67,11,30000,0.849879,0.657897,163840,18749,604,biscoito,e0949e2aa0,8.7005
67,12,30000,0.849875,0.659095,163866,18786,604,biscoito,d0aad53217,9.7191
67,13,30000,0.850299,0.659124,163851,18792,604,biscoito,c83b837bb7,8.8896
67,14,30000,0.850159,0.659587,163918,18778,604,biscoito,4dbdcdb418,8.5624
67,15,30000,0.849883,0.658784,163886,18788,604,biscoito,56713d6114,8.4878
67,16,30000,0.850055,0.659171,163884,18775,604,biscoito,73eb1d0d90,8.4407
67,17,30000,0.850139,0.658583,163890,18769,603,biscoito,56f47440bd,8.7916
67,18,30000,0.850107,0.659259,163893,18777,604,biscoito,5953e9c6d7,8.7119
67,19,30000,0.850079,0.659164,163890,18778,604,biscoito,056dff57c7,10.9046
68,0,30000,0.850159,0.659587,163918,18778,604,biscoito,4dbdcdb418,8.5624
68,1,30000,0.850231,0.659436,163888,18788,604,biscoito,33fd68cc0c,8.8338
68,2,30000,0.850231,0.659436,163888,18788,604,biscoito,33fd68cc0c,8.8338
68,3,30000,0.850179,0.659930,163882,18788,604,biscoito,1cd1e57683,10.0570
68,4,30000,0.850083,0.658702,163893,18776,604,biscoito,680ac4a914,9.0266
68,5,30000,0.850219,0.659454,163874,18791,604,biscoito,61b114d3f8,8.8439
68,6,30000,0.849775,0.657329,163912,18760,603,biscoito,422b5b4798,8.5384
68,7,30000,0.850047,0.658714,163888,18778,604,biscoito,0835948f86,8.4986
68,8,30000,0.850059,0.659164,163892,18775,604,biscoito,cb89870928,8.4416
68,9,30000,0.850291,0.658067,163927,18762,603,biscoito,2bd87bab20,9.0848
68,10,30000,0.850063,0.659258,163880,18782,604,biscoito,778280e045,9.1447
68,11,30000,0.849935,0.658618,163874,18788,604,biscoito,5f997f8eac,8.6901
68,12,30000,0.850175,0.659849,163890,18787,604,biscoito,c4194095ff,8.6462
68,13,30000,0.850107,0.659259,163893,18777,604,biscoito,5953e9c6d7,8.7119
68,14,30000,0.850231,0.659436,163888,18788,604,biscoito,33fd68cc0c,8.8338
68,15,30000,0.850159,0.659587,163918,18778,604,biscoito,4dbdcdb418,8.5624
68,16,30000,0.850159,0.659587,163918,18778,604,biscoito,4dbdcdb418,8.5624
68,17,30000,0.850183,0.659368,163886,18790,604,biscoito,28ed0a2217,8.6407
68,18,30000,0.850063,0.659144,163913,18777,604,biscoito,9d8fa9657d,8.6701
68,19,30000,0.850203,0.659436,163899,18789,604,biscoito,0cd2534b5e,8.5790
69,0,30000,0.850179,0.659930,163882,18788,604,biscoito,1cd1e57683,10.0570
69,1,30000,0.850231,0.659436,163888,18788,604,biscoito,33fd68cc0c,8.8338
69,2,30000,0.850159,0.659587,163918,18778,604,biscoito,4dbdcdb418,8.5624
69,3,30000,0.849815,0.658191,163890,18759,604,biscoito,ec56347b03,9.5552
69,4,30000,0.849919,0.657500,163917,18777,603,biscoito,db5e4ef39c,8.8253
69,5,30000,0.850219,0.659472,163875,18791,604,biscoito,30929048fa,8.5763
69,6,30000,0.850179,0.659912,163884,18788,604,biscoito,b34bcb242b,8.7961
69,7,30000,0.850159,0.659587,163918,18778,604,biscoito,4dbdcdb418,8.5624
69,8,30000,0.849572,0.658478,163863,18766,604,biscoito,583f26d7e2,8.5508
69,9,30000,0.850131,0.659685,163890,18782,604,biscoito,d6451d96c6,8.6015
69,10,30000,0.850470,0.659719,163965,18783,604,biscoito,ad8901ecd3,9.1427
69,11,30000,0.850159,0.659587,163918,18778,604,biscoito,4dbdcdb418,8.5624
69,12,30000,0.849951,0.657532,163966,18778,602,biscoito,88c41f6252,8.8124
69,13,30000,0.850087,0.659634,163906,18787,604,biscoito,bb04dad3f6,8.4939
69,14,30000,0.850271,0.659449,163887,18784,604,biscoito,6eae89c73a,8.3874
69,15,30000,0.849935,0.658618,163874,18788,604,biscoito,5f997f8eac,8.6901
69,16,30000,0.850063,0.659144,163913,18777,604,biscoito,9d8fa9657d,8.6701
69,17,30000,0.850159,0.659587,163918,18778,604,biscoito,4dbdcdb418,8.5624
69,18,30000,0.850159,0.659587,163918,18778,604,biscoito,4dbdcdb418,8.5624
69,19,30000,0.850179,0.659930,163882,18788,604,biscoito,1cd1e57683,10.0570
70,0,30000,0.850179,0.659930,163882,18788,604,biscoito,1cd1e57683,10.0570
70,1,30000,0.850043,0.659100,163914,18796,604,biscoito,d568c7230c,8.8474
70,2,30000,0.849995,0.658451,163855,18773,603,biscoito,6fe4574aa1,8.6929
70,3,30000,0.850159,0.659587,163918,18778,604,biscoito,4dbdcdb418,8.5624
70,4,30000,0.850159,0.659587,163918,18778,604,biscoito,4dbdcdb418,8.5624
70,5,30000,0.850574,0.659181,163971,18784,603,biscoito,7784d7f5b2,8.9430
70,6,30000,0.850131,0.659685,163890,18782,604,biscoito,d6451d96c6,8.6015
70,7,30000,0.850159,0.659587,163918,18778,604,biscoito,4dbdcdb418,8.5624
70,8,30000,0.850179,0.659912,163884,18788,604,biscoito,b34bcb242b,8.7961
70,9,30000,0.850051,0.659540,163911,18783,604,biscoito,bb5e86afea,9.6935
70,10,30000,0.850175,0.659929,163882,18787,604,biscoito,7b2c948915,8.7433
70,11,30000,0.850179,0.659930,163882,18788,604,biscoito,1cd1e57683,10.0570
70,12,30000,0.850179,0.659930,163882,18788,604,biscoito,1cd1e57683,10.0570
70,13,30000,0.850271,0.659449,163887,18784,604,biscoito,6eae89c73a,8.3874
70,14,30000,0.850159,0.659587,163918,18778,604,biscoito,4dbdcdb418,8.5624
70,15,30000,0.850159,0.659587,163918,18778,604,biscoito,4dbdcdb418,8.5624
70,16,30000,0.850159,0.659587,163918,18778,604,biscoito,4dbdcdb418,8.5624
70,17,30000,0.850159,0.659587,163918,18778,604,biscoito,4dbdcdb418,8.5624
70,18,30000,0.850179,0.659930,163882,18788,604,biscoito,1cd1e57683,10.0570
70,19,30000,0.850063,0.659642,163913,18782,604,biscoito,93a49b2ab1,8.6634
71,0,30000,0.850179,0.659930,163882,18788,604,biscoito,1cd1e57683,10.0570
71,1,30000,0.850203,0.660014,163874,18776,604,biscoito,65b6418562,8.8657
71,2,30000,0.850199,0.659913,163916,18784,604,biscoito,06e4eca635,8.9759
71,3,30000,0.850075,0.659624,163920,18783,604,biscoito,8c491003d3,9.0937
71,4,30000,0.850171,0.659954,163888,18790,604,biscoito,45dc0ca909,8.6900
71,5,30000,0.850179,0.659930,163882,18788,604,biscoito,1cd1e57683,10.0570
71,6,30000,0.850179,0.659930,163882,18788,604,biscoito,1cd1e57683,10.0570
71,7,30000,0.850059,0.660417,163872,18750,604,biscoito,44cd4b0214,9.1422
71,8,30000,0.850171,0.659906,163882,18786,604,biscoito,e9f2e5d60e,8.5098
71,9,30000,0.850223,0.659965,163891,18789,604,biscoito,c4da767c5c,8.9511
71,10,30000,0.850143,0.659661,163914,18778,604,biscoito,662402c266,9.1599
71,11,30000,0.850103,0.659558,163919,18782,604,biscoito,24b2c6a72a,8.6790
71,12,30000,0.850079,0.659611,163899,18784,604,biscoito,2392d9f26f,8.6416
71,13,30000,0.850159,0.659923,163879,18789,604,biscoito,c5b3bc4513,8.9113
71,14,30000,0.850171,0.659591,163920,18777,604,biscoito,a2538893d8,8.9342
71,15,30000,0.850179,0.659930,163882,18788,604,biscoito,1cd1e57683,10.0570
71,16,30000,0.850179,0.659930,163882,18788,604,biscoito,1cd1e57683,10.0570
71,17,30000,0.850159,0.659587,163918,18778,604,biscoito,4dbdcdb418,8.5624
71,18,30000,0.850195,0.659063,163904,18789,603,biscoito,71a11f857d,8.6565
71,19,30000,0.850151,0.659769,163884,18783,604,biscoito,4a126c70cc,13.9604
72,0,30000,0.850059,0.660417,163872,18750,604,biscoito,44cd4b0214,9.1422
72,1,30000,0.849887,0.659181,163873,18781,604,biscoito,d08e378330,21.0257
72,2,30000,0.850115,0.659692,163920,18781,604,biscoito,b14380b782,12.0282
72,3,30000,0.850195,0.659976,163883,18791,604,biscoito,71da1c7be9,11.4018
72,4,30000,0.850171,0.659872,163894,18783,604,biscoito,5d1dde5a01,10.4979
72,5,30000,0.850199,0.659913,163916,18784,604,biscoito,06e4eca635,8.9759
72,6,30000,0.850159,0.659923,163879,18789,604,biscoito,c5b3bc4513,8.9113
72,7,30000,0.850087,0.659908,163880,18784,604,biscoito,981fc48393,10.8621
72,8,30000,0.850239,0.660010,163881,18777,604,biscoito,8e19503945,9.7957
72,9,30000,0.850279,0.659981,163882,18790,604,biscoito,8bb01bee5e,9.8426
72,10,30000,0.850211,0.659713,163927,18781,604,biscoito,4ca7f878d3,9.4618
72,11,30000,0.850143,0.660260,163892,18763,604,biscoito,01fa64155b,9.1950
72,12,30000,0.850203,0.660321,163867,18773,604,biscoito,168bad51ee,9.3865
72,13,30000,0.850159,0.658764,163899,18783,603,biscoito,2ccf281a3a,8.9263
72,14,30000,0.850247,0.659980,163867,18781,604,biscoito,1985a54615,8.5997
72,15,30000,0.850179,0.659930,163882,18788,604,biscoito,1cd1e57683,10.0570
72,16,30000,0.850179,0.659930,163882,18788,604,biscoito,1cd1e57683,10.0570
72,17,30000,0.850171,0.659954,163888,18790,604,biscoito,45dc0ca909,8.6900
72,18,30000,0.849695,0.659593,163878,18786,605,biscoito,ef3e3f027b,8.8319
72,19,30000,0.850175,0.659884,163875,18784,604,biscoito,642e3f1b8d,9.2083
73,0,30000,0.850059,0.660417,163872,18750,604,biscoito,44cd4b0214,9.1422
73,1,30000,0.850151,0.660639,163873,18753,604,biscoito,d92e7caa9a,9.4648
73,2,30000,0.850131,0.659493,163861,18794,603,biscoito,3d4f72f3d4,9.1932
73,3,30000,0.850135,0.659983,163918,18793,604,biscoito,211fd56c27,9.8284
73,4,30000,0.850402,0.659427,163883,18765,604,biscoito,88bdf0b769,9.3607
73,5,30000,0.850207,0.660998,163881,18762,604,biscoito,3b17408a8d,8.8078
73,6,30000,0.850143,0.659946,163861,18770,604,biscoito,3069f6b596,10.1257
73,7,30000,0.850183,0.660554,163886,18769,604,biscoito,20a600d905,9.2310
73,8,30000,0.850083,0.659402,163894,18770,604,biscoito,221b17dd5a,9.1837
73,9,30000,0.850059,0.660417,163872,18750,604,biscoito,44cd4b0214,9.1422
73,10,30000,0.850059,0.660417,163872,18750,604,biscoito,44cd4b0214,9.1422
73,11,30000,0.850123,0.659830,163910,18781,604,biscoito,5c9254e40b,9.5682
73,12,30000,0.850227,0.660346,163874,18779,604,biscoito,9e1f7e696b,9.2111
73,13,30000,0.850127,0.659245,163901,18770,603,biscoito,244c34c900,8.9631
73,14,30000,0.850267,0.659914,163913,18782,604,biscoito,c29e956d64,9.8980
73,15,30000,0.850147,0.660232,163869,18774,604,biscoito,dec6a36ede,9.5273
73,16,30000,0.850510,0.660082,163900,18798,604,biscoito,9d850c070f,9.9029
73,17,30000,0.850039,0.658119,163870,18797,603,biscoito,1700fcc890,9.5284
73,18,30000,0.849995,0.659351,163965,18789,604,biscoito,054a29d8ee,9.0761
73,19,30000,0.850211,0.660063,163875,18789,604,biscoito,52739e6eab,9.4390
74,0,30000,0.850207,0.660998,163881,18762,604,biscoito,3b17408a8d,8.8078
74,1,30000,0.850131,0.659199,163906,18779,603,biscoito,9266c27515,10.0555
74,2,30000,0.850059,0.660417,163872,18750,604,biscoito,44cd4b0214,9.1422
74,3,30000,0.850207,0.660998,163881,18762,604,biscoito,3b17408a8d,8.8078
74,4,30000,0.849799,0.658895,163851,18740,604,biscoito,17c82aa361,9.7849
74,5,30000,0.850103,0.660222,163876,18757,604,biscoito,99a66d8a40,8.9237
74,6,30000,0.849919,0.660006,163863,18756,604,biscoito,0b6eb7e46e,8.7917
74,7,30000,0.850151,0.660639,163873,18753,604,biscoito,d92e7caa9a,9.4648
74,8,30000,0.850235,0.661759,163937,18737,605,biscoito,8f45585afd,9.7498
74,9,30000,0.850458,0.660321,163862,18759,603,biscoito,cc93451741,9.0658
74,10,30000,0.850111,0.659676,163885,18779,604,biscoito,b6b32cbe0d,8.9682
74,11,30000,0.849847,0.660236,163867,18793,604,biscoito,29c29bfe25,12.7353
74,12,30000,0.850251,0.661434,163852,18772,604,biscoito,3044de45d9,9.1019
74,13,30000,0.849819,0.659015,163934,18784,603,biscoito,18564078b6,8.6338
74,14,30000,0.850231,0.660498,163868,18776,604,biscoito,f01020cb2d,9.1235
74,15,30000,0.850231,0.660164,163885,18772,604,biscoito,55c452b0bd,8.6664
74,16,30000,0.850063,0.660643,163918,18778,604,biscoito,5a3b7b6ec7,9.1652
74,17,30000,0.849584,0.659183,163900,18757,604,biscoito,fc9cd4c8e7,9.6097
74,18,30000,0.850227,0.660346,163874,18779,604,biscoito,9e1f7e696b,9.2111
74,19,30000,0.850366,0.659409,163892,18757,604,biscoito,d2c6ab2381,8.9542
75,0,30000,0.850235,0.661759,163937,18737,605,biscoito,8f45585afd,9.7498
75,1,30000,0.850311,0.660748,163833,18768,604,biscoito,4db1fe429e,9.3961
75,2,30000,0.850011,0.659482,163909,18780,604,biscoito,5e811291c1,9.5506
75,3,30000,0.850502,0.661072,163842,18752,603,biscoito,4b753c93ba,8.9908
75,4,30000,0.850490,0.661196,163861,18757,604,biscoito,abadc12a58,8.7470
75,5,30000,0.850163,0.659957,163880,18768,604,biscoito,21f9c5b3fa,8.8443
75,6,30000,0.850362,0.661680,163864,18765,604,biscoito,a410ed17e8,8.8760
75,7,30000,0.850171,0.660521,163911,18747,605,biscoito,a41e855f7e,9.3601
75,8,30000,0.849911,0.660743,163943,18773,604,biscoito,b779b1c436,9.3856
75,9,30000,0.850259,0.661490,163913,18783,604,biscoito,be9e65689b,10.8772
75,10,30000,0.850135,0.660942,163849,18744,604,biscoito,30f7e5ff36,10.0423
75,11,30000,0.850366,0.661039,163918,18749,604,biscoito,59472dfc26,9.1122
75,12,30000,0.850043,0.661298,163961,18773,605,biscoito,0928022ba9,9.2280
75,13,30000,0.850207,0.660998,163881,18762,604,biscoito,3b17408a8d,8.8078
75,14,30000,0.850458,0.660321,163862,18759,603,biscoito,cc93451741,9.0658
75,15,30000,0.850035,0.659661,163854,18740,604,biscoito,a5682e97d5,8.8425
75,16,30000,0.850219,0.661709,163930,18740,605,biscoito,9c3fc76949,8.8565
75,17,30000,0.850207,0.660998,163881,18762,604,biscoito,3b17408a8d,8.8078
75,18,30000,0.850235,0.661759,163937,18737,605,biscoito,8f45585afd,9.7498
75,19,30000,0.850311,0.661845,163886,18741,605,biscoito,e25bc207c5,8.8287
76,0,30000,0.850311,0.661845,163886,18741,605,biscoito,e25bc207c5,8.8287
76,1,30000,0.850199,0.662108,163922,18744,605,biscoito,32fbac803c,9.5778
76,2,30000,0.850335,0.661458,163885,18741,605,biscoito,11941bc8dd,9.7299
76,3,30000,0.850430,0.661543,163897,18743,605,biscoito,43b25ed51f,9.6728
76,4,30000,0.850139,0.657744,163919,18748,604,biscoito,377d5d1f8d,9.3641
76,5,30000,0.850111,0.661726,163948,18755,605,biscoito,028f862953,9.2610
76,6,30000,0.850323,0.661485,163856,18762,604,biscoito,1fe445b47b,9.2438
76,7,30000,0.850219,0.661709,163930,18740,605,biscoito,9c3fc76949,8.8565
76,8,30000,0.850458,0.660321,163862,18759,603,biscoito,cc93451741,9.0658
76,9,30000,0.850035,0.660933,163928,18726,605,biscoito,a47985f83a,9.1799
76,10,30000,0.850231,0.661746,163930,18737,605,biscoito,167678f03d,8.9250
76,11,30000,0.850183,0.661732,163921,18740,605,biscoito,c222ac332f,9.9064
76,12,30000,0.850482,0.662383,163962,18763,605,biscoito,59c62ab923,10.0719
76,13,30000,0.850019,0.661004,163943,18773,605,biscoito,5b06417628,9.1154
76,14,30000,0.850354,0.662046,163921,18751,605,biscoito,badd4f6456,8.8519
76,15,30000,0.850259,0.661490,163913,18783,604,biscoito,be9e65689b,10.8772
76,16,30000,0.850490,0.661196,163861,18757,604,biscoito,abadc12a58,8.7470
76,17,30000,0.850235,0.661759,163937,18737,605,biscoito,8f45585afd,9.7498
76,18,30000,0.850007,0.661484,163953,18720,605,biscoito,5ef0776df9,9.1465
76,19,30000,0.850323,0.658279,163908,18748,602,biscoito,cca911d384,9.3092
77,0,30000,0.850482,0.662383,163962,18763,605,biscoito,59c62ab923,10.0719
77,1,30000,0.850426,0.661729,163888,18743,605,biscoito,5bb4f50800,9.1860
77,2,30000,0.850159,0.661902,163931,18737,605,biscoito,a13be980e6,9.2132
77,3,30000,0.850199,0.662108,163922,18744,605,biscoito,32fbac803c,9.5778
77,4,30000,0.850199,0.662108,163922,18744,605,biscoito,32fbac803c,9.5778
77,5,30000,0.850195,0.659312,163973,18753,602,biscoito,71092ee64b,8.8986
77,6,30000,0.850239,0.661745,163936,18739,605,biscoito,64f00cf93d,8.8250
77,7,30000,0.850331,0.662058,163882,18764,604,biscoito,c0354ef6df,9.2133
77,8,30000,0.850227,0.661258,163923,18751,605,biscoito,dd5ed5a58b,9.1510
77,9,30000,0.850215,0.660077,163969,18722,603,biscoito,fd2fe86748,9.5636
77,10,30000,0.850323,0.661232,163912,18770,605,biscoito,49e7dc3fce,9.1838
77,11,30000,0.850346,0.661484,163888,18737,605,biscoito,abbfad0229,9.2404
77,12,30000,0.850374,0.661899,163889,18742,605,biscoito,4307e6f028,8.9970
77,13,30000,0.850235,0.661759,163937,18737,605,biscoito,8f45585afd,9.7498
77,14,30000,0.850235,0.661759,163937,18737,605,biscoito,8f45585afd,9.7498
77,15,30000,0.850199,0.661216,163987,18773,605,biscoito,fbf235883a,9.0439
77,16,30000,0.850331,0.662845,163922,18729,605,biscoito,9eb1ba19ae,9.5506
77,17,30000,0.850354,0.662046,163921,18751,605,biscoito,badd4f6456,8.8519
77,18,30000,0.850235,0.661759,163937,18737,605,biscoito,8f45585afd,9.7498
77,19,30000,0.850814,0.662307,163925,18754,605,biscoito,2163ef6e34,9.0508
78,0,30000,0.850331,0.662845,163922,18729,605,biscoito,9eb1ba19ae,9.5506
78,1,30000,0.850063,0.661442,163841,18752,604,biscoito,508193ed1e,9.3275
78,2,30000,0.850482,0.662383,163962,18763,605,biscoito,59c62ab923,10.0719
78,3,30000,0.850183,0.662118,163926,18745,605,biscoito,4c46a2188a,9.3389
78,4,30000,0.850203,0.661567,163942,18734,605,biscoito,6aabb221ff,9.0276
78,5,30000,0.850243,0.660916,163930,18749,605,biscoito,0560a1f11c,9.1737
78,6,30000,0.850195,0.662108,163920,18744,605,biscoito,63aec83158,10.8025
78,7,30000,0.850482,0.662383,163962,18763,605,biscoito,59c62ab923,10.0719
78,8,30000,0.850235,0.661759,163937,18737,605,biscoito,8f45585afd,9.7498
78,9,30000,0.850486,0.662248,163962,18795,605,biscoito,dace05aabc,10.9117
78,10,30000,0.850726,0.662299,163940,18729,605,biscoito,3787b8b98b,9.3690
78,11,30000,0.850287,0.661829,163887,18737,605,biscoito,a2f9beb7d0,9.8447
78,12,30000,0.850255,0.662149,163925,18748,605,biscoito,1ad51ae411,11.4390
78,13,30000,0.850251,0.662134,163923,18750,605,biscoito,d7f47d1720,9.5474
78,14,30000,0.850430,0.661200,163885,18726,604,biscoito,77cd86c6b9,9.8857
78,15,30000,0.850167,0.661633,163931,18761,605,biscoito,758a73a4db,9.2264
78,16,30000,0.850339,0.661611,163864,18774,604,biscoito,152b6c463e,9.2356
78,17,30000,0.850223,0.661746,163984,18750,605,biscoito,f58bd3d2ae,9.7169
78,18,30000,0.850710,0.661999,163920,18737,605,biscoito,90f9d67040,9.0602
78,19,30000,0.850199,0.662108,163922,18744,605,biscoito,32fbac803c,9.5778
79,0,30000,0.850331,0.662845,163922,18729,605,biscoito,9eb1ba19ae,9.5506
79,1,30000,0.850390,0.662060,163899,18773,605,biscoito,34f6501f6b,9.3204
79,2,30000,0.849939,0.661741,163969,18749,605,biscoito,bf44021d4c,9.4607
79,3,30000,0.850311,0.661921,163950,18754,605,biscoito,ba6297bd38,9.0420
79,4,30000,0.850402,0.662855,163946,18731,605,biscoito,de32c7fa0f,9.1946
79,5,30000,0.850143,0.660841,163896,18723,605,biscoito,c30524d736,9.8708
79,6,30000,0.850426,0.662375,163917,18744,605,biscoito,cce2681532,9.0025
79,7,30000,0.850486,0.662248,163962,18795,605,biscoito,dace05aabc,10.9117
79,8,30000,0.850239,0.661326,163923,18749,605,biscoito,d8a30d5d2a,9.3098
79,9,30000,0.850482,0.662383,163962,18763,605,biscoito,59c62ab923,10.0719
79,10,30000,0.850199,0.662108,163922,18744,605,biscoito,32fbac803c,9.5778
79,11,30000,0.850327,0.662507,163941,18720,605,biscoito,415e2162f3,9.3389
79,12,30000,0.850251,0.662134,163923,18750,605,biscoito,d7f47d1720,9.5474
79,13,30000,0.850319,0.661392,163902,18769,605,biscoito,6971001a1b,9.8555
79,14,30000,0.850486,0.662248,163962,18795,605,biscoito,dace05aabc,10.9117
79,15,30000,0.850874,0.663073,163950,18699,606,biscoito,7ff641adf2,9.0767
79,16,30000,0.850542,0.662403,163921,18783,605,biscoito,1e7d26c591,9.3198
79,17,30000,0.850482,0.662383,163962,18763,605,biscoito,59c62ab923,10.0719
79,18,30000,0.850482,0.662383,163962,18763,605,biscoito,59c62ab923,10.0719
79,19,30000,0.850203,0.662123,163921,18744,605,biscoito,b14048e3ea,9.9015
80,0,30000,0.850874,0.663073,163950,18699,606,biscoito,7ff641adf2,9.0767
80,1,30000,0.850650,0.662841,163978,18751,605,biscoito,eeda4ba38e,10.9465
80,2,30000,0.850171,0.661780,163986,18723,605,biscoito,ea055d625e,10.8355
80,3,30000,0.850454,0.663030,163976,18785,606,biscoito,ceafc1fe3a,10.9887
80,4,30000,0.850750,0.662545,163925,18702,605,biscoito,59e6ece910,10.3660
80,5,30000,0.850346,0.661868,163960,18794,605,biscoito,439d5429f8,11.0627
80,6,30000,0.850267,0.662515,163956,18778,606,biscoito,524b66623c,8.8351
80,7,30000,0.849991,0.659478,164048,18737,604,biscoito,b209bb8343,8.9072
80,8,30000,0.850486,0.660816,163962,18723,604,biscoito,72dcc17cce,9.0513
80,9,30000,0.849987,0.659827,163929,18763,603,biscoito,8641dc6190,9.3649
80,10,30000,0.850658,0.661935,163902,18748,605,biscoito,9665328b81,9.7949
80,11,30000,0.850546,0.662439,163942,18721,605,biscoito,bd7e3d7409,21.5967
80,12,30000,0.850315,0.662196,163941,18760,605,biscoito,313e377fdf,16.7029
80,13,30000,0.850626,0.662765,163903,18712,605,biscoito,6ada60a613,10.6501
80,14,30000,0.850506,0.660207,163976,18784,605,biscoito,be20d33f7d,8.8504
80,15,30000,0.850502,0.662555,163881,18689,605,biscoito,d372b056bf,8.9295
80,16,30000,0.850175,0.660556,164073,18687,604,biscoito,08e04f3ff6,9.4749
80,17,30000,0.850702,0.662521,163905,18716,605,biscoito,8d0de293bf,9.4096
80,18,30000,0.850382,0.663250,164022,18721,606,biscoito,0d8f1e7763,10.7468
80,19,30000,0.850606,0.662243,163967,18762,605,biscoito,193e5fe09b,13.2207
81,0,30000,0.850382,0.663250,164022,18721,606,biscoito,0d8f1e7763,10.7468
81,1,30000,0.850650,0.662841,163978,18751,605,biscoito,eeda4ba38e,10.9465
81,2,30000,0.850346,0.661868,163960,18794,605,biscoito,439d5429f8,11.0627
81,3,30000,0.850514,0.660166,163886,18723,604,biscoito,fc79f5f9dd,14.9559
81,4,30000,0.850702,0.662521,163905,18716,605,biscoito,8d0de293bf,9.4096
81,5,30000,0.849895,0.658621,163980,18689,602,biscoito,72da5b2718,15.0293
81,6,30000,0.850422,0.663131,163973,18724,606,biscoito,97b9caec5f,13.4383
81,7,30000,0.850518,0.661877,163957,18733,605,biscoito,3fd4104150,10.0924
81,8,30000,0.850518,0.663262,163940,18728,606,biscoito,6e2ba2e78b,9.9406
81,9,30000,0.850450,0.663158,163961,18730,606,biscoito,738fb1ec84,9.4362
81,10,30000,0.850259,0.662190,164040,18735,606,biscoito,da9939491c,9.4532
81,11,30000,0.850874,0.663073,163950,18699,606,biscoito,7ff641adf2,9.0767
81,12,30000,0.850606,0.662243,163967,18762,605,biscoito,193e5fe09b,13.2207
81,13,30000,0.850622,0.663346,163995,18730,606,biscoito,1df80ec450,9.0284
81,14,30000,0.850626,0.661044,163959,18699,605,biscoito,e679ff5404,9.3446
81,15,30000,0.850410,0.663215,164010,18720,606,biscoito,a84eb7001c,9.4522
81,16,30000,0.850666,0.662571,163950,18695,605,biscoito,461f02a8b1,9.1636
81,17,30000,0.850275,0.662531,163948,18774,606,biscoito,b67cb9f728,9.1764
81,18,30000,0.850654,0.662746,163980,18753,605,biscoito,ab4861bb92,9.9219
81,19,30000,0.850454,0.663030,163976,18785,606,biscoito,ceafc1fe3a,10.9887
82,0,30000,0.850622,0.663346,163995,18730,606,biscoito,1df80ec450,9.0284
82,1,30000,0.850454,0.663030,163976,18785,606,biscoito,ceafc1fe3a,10.9887
82,2,30000,0.850043,0.661842,163919,18730,604,biscoito,a11d9bf075,10.2138
82,3,30000,0.850434,0.663142,163999,18722,606,biscoito,cc5c508969,10.0838
82,4,30000,0.850534,0.662972,163952,18717,606,biscoito,6b3aa32db6,9.4780
82,5,30000,0.850486,0.661577,163993,18723,605,biscoito,df6c5bfaaa,9.2266
82,6,30000,0.850674,0.662555,163930,18693,606,biscoito,11b5533542,9.2278
82,7,30000,0.850247,0.663356,164041,18757,606,biscoito,a6e8626570,9.3825
82,8,30000,0.850402,0.661996,163931,18749,606,biscoito,135000b31d,10.0920
82,9,30000,0.850642,0.663178,163931,18725,606,biscoito,0bc8b6e590,12.9492
82,10,30000,0.850287,0.662989,164013,18724,606,biscoito,39cdafafa6,15.8903
82,11,30000,0.850518,0.662484,163956,18715,605,biscoito,3e57364acd,14.5381
82,12,30000,0.850786,0.662510,163964,18727,605,biscoito,68b5d6351d,12.7075
82,13,30000,0.850674,0.662466,163980,18706,606,biscoito,c6371cf130,17.3541
82,14,30000,0.850143,0.662804,163946,18734,606,biscoito,d19c859019,15.5161
82,15,30000,0.850662,0.662548,163973,18723,606,biscoito,33ea6cb49a,13.9173
82,16,30000,0.850215,0.663789,163976,18721,606,biscoito,2214d176e8,16.1924
82,17,30000,0.850674,0.663357,163929,18718,606,biscoito,88e27cc700,14.4342
82,18,30000,0.850231,0.662589,163961,18737,606,biscoito,1997edc01f,15.1896
82,19,30000,0.850087,0.663845,163974,18735,605,biscoito,11799713a3,17.3100
83,0,30000,0.850087,0.663845,163974,18735,605,biscoito,11799713a3,17.3100
83,1,30000,0.850546,0.661904,163939,18696,606,biscoito,e389cbe3f6,18.2666
83,2,30000,0.850366,0.662500,164000,18715,605,biscoito,11f77fe2ce,18.0387
83,3,30000,0.849971,0.662950,163970,18736,607,biscoito,6fb8cd30f3,15.2775
83,4,30000,0.850822,0.662345,164002,18735,605,biscoito,3c0d3a4ed5,15.3108
83,5,30000,0.850087,0.662245,163987,18734,606,biscoito,00de131071,15.1825
83,6,30000,0.850087,0.663845,163974,18735,605,biscoito,11799713a3,17.3100
83,7,30000,0.850630,0.662926,163978,18733,605,biscoito,27535e3b4f,14.8226
83,8,30000,0.850458,0.663659,163878,18743,607,biscoito,a8902aca44,15.6114
83,9,30000,0.850247,0.663356,164041,18757,606,biscoito,a6e8626570,9.3825
83,10,30000,0.850622,0.663346,163995,18730,606,biscoito,1df80ec450,9.0284
83,11,30000,0.850275,0.658973,163948,18707,605,biscoito,6c6f059551,16.1748
83,12,30000,0.850235,0.663925,163982,18719,606,biscoito,bf4ee19606,14.8104
83,13,30000,0.850562,0.662743,163935,18693,605,biscoito,f9d3476a2d,14.4229
83,14,30000,0.850654,0.663777,163932,18738,607,biscoito,181ff509f4,14.2279
83,15,30000,0.849624,0.662365,164014,18690,606,biscoito,dea7a5c719,15.0815
83,16,30000,0.850618,0.663033,163970,18724,606,biscoito,ef6b28e6a0,14.9932
83,17,30000,0.850307,0.663490,164045,18757,606,biscoito,f341214b1b,13.6178
83,18,30000,0.850390,0.662918,163975,18786,606,biscoito,9e2c64a683,14.6550
83,19,30000,0.850630,0.663219,163873,18709,606,biscoito,16d6b381a1,18.8365
84,0,30000,0.850235,0.663925,163982,18719,606,biscoito,bf4ee19606,14.8104
84,1,30000,0.850406,0.663442,163887,18740,607,biscoito,4326597d3a,14.7554
84,2,30000,0.850323,0.663221,164008,18751,606,biscoito,8f7ed5ab9b,15.4654
84,3,30000,0.850127,0.664115,163985,18757,605,biscoito,cc7ac78de4,15.2851
84,4,30000,0.850358,0.663379,164048,18737,607,biscoito,e103f331d6,13.9791
84,5,30000,0.850087,0.663845,163974,18735,605,biscoito,11799713a3,17.3100
84,6,30000,0.850446,0.663863,164005,18721,606,biscoito,1a7642778f,20.1221
84,7,30000,0.849855,0.663099,163949,18742,605,biscoito,4d5d4d2878,18.6944
84,8,30000,0.850502,0.662678,164023,18719,606,biscoito,d5652da0af,14.7883
84,9,30000,0.850215,0.663854,163982,18720,606,biscoito,9b629649ed,13.9628
84,10,30000,0.850119,0.663919,163976,18735,605,biscoito,8e84f87b94,17.5447
84,11,30000,0.850386,0.663785,163883,18738,607,biscoito,1960b87398,14.0714
84,12,30000,0.850219,0.663735,163979,18724,606,biscoito,17c84d4567,15.1750
84,13,30000,0.850203,0.663733,163979,18728,606,biscoito,4f136f8c5f,15.5680
84,14,30000,0.850211,0.663914,163971,18729,605,biscoito,6e53a6e797,14.4247
84,15,30000,0.850498,0.662644,163933,18690,605,biscoito,f3dce16544,14.6323
84,16,30000,0.850131,0.664153,163943,18733,605,biscoito,a223c22f32,16.5162
84,17,30000,0.850650,0.664653,163897,18744,607,biscoito,bb69763af8,14.7236
84,18,30000,0.850654,0.663777,163932,18738,607,biscoito,181ff509f4,14.2279
84,19,30000,0.850634,0.663872,163948,18737,607,biscoito,d681595dc5,15.3653
85,0,30000,0.850650,0.664653,163897,18744,607,biscoito,bb69763af8,14.7236
85,1,30000,0.850474,0.663211,163950,18706,606,biscoito,65247096e4,14.7214
85,2,30000,0.850099,0.664395,164022,18758,607,biscoito,fd39b82c91,18.4494
85,3,30000,0.850235,0.663914,163984,18719,606,biscoito,8ffa65bfec,21.1563
85,4,30000,0.849855,0.663154,163992,18716,606,biscoito,3f33d4bbe5,17.0885
85,5,30000,0.850143,0.663869,163966,18731,605,biscoito,976ce9abd5,14.4394
85,6,30000,0.850143,0.664261,163986,18753,605,biscoito,7e84c7b8e3,14.0682
85,7,30000,0.850191,0.663892,163962,18728,605,biscoito,70a9871e1b,18.1289
85,8,30000,0.850083,0.661640,164019,18734,605,biscoito,bd6fc10bf5,15.1057
85,9,30000,0.850291,0.663856,164062,18783,606,biscoito,e6df484b7b,16.3784
85,10,30000,0.850566,0.665060,163880,18725,606,biscoito,62d8d65ac8,15.5835
85,11,30000,0.850207,0.664272,163934,18716,605,biscoito,6ea0f75cd1,20.5291
85,12,30000,0.849827,0.662250,164046,18715,606,biscoito,0dad04026f,24.3393
85,13,30000,0.850398,0.663613,163995,18751,604,biscoito,8844765047,22.4548
85,14,30000,0.849755,0.663923,164048,18751,607,biscoito,81ed9412cf,15.9633
85,15,30000,0.849863,0.661903,163971,18746,603,biscoito,594bf8faf1,16.7928
85,16,30000,0.850127,0.664115,163985,18757,605,biscoito,cc7ac78de4,15.2851
85,17,30000,0.850075,0.663948,163960,18747,605,biscoito,ec87039e42,15.7160
85,18,30000,0.850750,0.665148,163871,18722,607,biscoito,7dc3093663,17.0448
85,19,30000,0.850199,0.663801,163958,18737,605,biscoito,9bb10f2283,18.1271
86,0,30000,0.850750,0.665148,163871,18722,607,biscoito,7dc3093663,17.0448
86,1,30000,0.850686,0.665586,163901,18729,607,biscoito,a2aea1d19a,14.6259
86,2,30000,0.850163,0.664211,163980,18767,607,biscoito,a718e87c7a,18.7667
86,3,30000,0.850678,0.664202,163927,18749,606,biscoito,0df2a04edc,21.9726
86,4,30000,0.850111,0.664814,163955,18746,606,biscoito,d5f39d9824,14.6120
86,5,30000,0.850143,0.664261,163986,18753,605,biscoito,7e84c7b8e3,14.0682
86,6,30000,0.850486,0.663801,163885,18739,603,biscoito,223f2a9b49,13.9042
86,7,30000,0.850291,0.663856,164062,18783,606,biscoito,e6df484b7b,16.3784
86,8,30000,0.850291,0.663856,164062,18783,606,biscoito,e6df484b7b,16.3784
86,9,30000,0.850075,0.663948,163960,18747,605,biscoito,ec87039e42,15.7160
86,10,30000,0.850207,0.664272,163934,18716,605,biscoito,6ea0f75cd1,20.5291
86,11,30000,0.850566,0.665060,163880,18725,606,biscoito,62d8d65ac8,15.5835
86,12,30000,0.850235,0.663914,163984,18719,606,biscoito,8ffa65bfec,21.1563
86,13,30000,0.850886,0.664330,163824,18720,606,biscoito,9789210867,15.5188
86,14,30000,0.850526,0.664807,164035,18755,605,biscoito,d4a7b560b6,15.1414
86,15,30000,0.850510,0.664769,163864,18727,606,biscoito,ce53691c52,14.9598
86,16,30000,0.850247,0.665386,163932,18709,606,biscoito,12b891c2cd,10.5946
86,17,30000,0.850630,0.665170,163878,18735,607,biscoito,510562b0a2,11.4050
86,18,30000,0.850083,0.661950,163951,18728,604,biscoito,a556465ead,10.8362
86,19,30000,0.850207,0.663775,163862,18732,604,biscoito,c4b9e594d8,9.8563
87,0,30000,0.850686,0.665586,163901,18729,607,biscoito,a2aea1d19a,14.6259
87,1,30000,0.850566,0.665060,163880,18725,606,biscoito,62d8d65ac8,15.5835
87,2,30000,0.850750,0.665148,163871,18722,607,biscoito,7dc3093663,17.0448
87,3,30000,0.850047,0.662957,163972,18749,605,biscoito,aa012072fb,10.6125
87,4,30000,0.850271,0.664478,164070,18720,604,biscoito,fceba49380,10.8821
87,5,30000,0.851002,0.666504,163853,18736,607,biscoito,6bd4ebd0bd,9.3409
87,6,30000,0.850291,0.664504,163928,18731,607,biscoito,7bee4157e4,10.0110
87,7,30000,0.850758,0.665914,163908,18726,607,biscoito,ce4c4b49c1,10.3559
87,8,30000,0.850107,0.664571,163997,18759,605,biscoito,25eeef61a3,13.8301
87,9,30000,0.850111,0.664814,163955,18746,606,biscoito,d5f39d9824,14.6120
87,10,30000,0.849931,0.663746,163936,18763,605,biscoito,58654becae,14.2623
87,11,30000,0.850550,0.665558,163848,18724,606,biscoito,25becca149,11.6971
87,12,30000,0.849983,0.661789,163919,18732,605,biscoito,78231462a7,10.8666
87,13,30000,0.850179,0.664546,163957,18734,605,biscoito,8763831a02,9.9884
87,14,30000,0.850654,0.664807,163834,18711,607,biscoito,437d5e6951,9.6227
87,15,30000,0.850123,0.664628,163958,18750,606,biscoito,6eb7d9083f,10.2664
87,16,30000,0.850083,0.663703,164027,18754,604,biscoito,4127b1e9fd,10.1338
87,17,30000,0.850291,0.664002,163907,18711,605,biscoito,3dc8009ec2,9.6577
87,18,30000,0.850574,0.663614,163943,18750,606,biscoito,9895a7d160,9.5658
87,19,30000,0.850750,0.665148,163871,18722,607,biscoito,7dc3093663,17.0448
88,0,30000,0.851002,0.666504,163853,18736,607,biscoito,6bd4ebd0bd,9.3409
88,1,30000,0.850083,0.663703,164027,18754,604,biscoito,4127b1e9fd,10.1338
88,2,30000,0.851002,0.666504,163853,18736,607,biscoito,6bd4ebd0bd,9.3409
88,3,30000,0.850107,0.664571,163997,18759,605,biscoito,25eeef61a3,13.8301
88,4,30000,0.850123,0.664628,163958,18750,606,biscoito,6eb7d9083f,10.2664
88,5,30000,0.850550,0.665558,163848,18724,606,biscoito,25becca149,11.6971
88,6,30000,0.850550,0.665558,163848,18724,606,biscoito,25becca149,11.6971
88,7,30000,0.850099,0.663680,163904,18735,605,biscoito,0ca25f3d85,9.4208
88,8,30000,0.850830,0.665365,163917,18740,607,biscoito,a1dd0fa252,9.5405
88,9,30000,0.850654,0.664781,163865,18720,607,biscoito,76c93e5690,9.9045
88,10,30000,0.850810,0.666636,163852,18713,607,biscoito,5a6e1eec37,10.5241
88,11,30000,0.850946,0.666471,163845,18735,607,biscoito,0d0da5906b,10.3459
88,12,30000,0.850810,0.665947,163918,18728,607,biscoito,34b170309d,9.9468
88,13,30000,0.850135,0.663714,163906,18720,606,biscoito,59db20e415,9.8877
88,14,30000,0.850486,0.663874,163895,18746,606,biscoito,ff3faf857b,9.6427
88,15,30000,0.850626,0.665109,163798,18736,606,biscoito,a533739f26,9.6515
88,16,30000,0.850606,0.665353,163950,18728,607,biscoito,971de4125c,9.6838
88,17,30000,0.850259,0.663552,164001,18758,605,biscoito,e02bc17e59,11.8463
88,18,30000,0.850838,0.665242,163834,18737,606,biscoito,c352790dae,13.9015
88,19,30000,0.850019,0.664092,163927,18748,606,biscoito,c145914f63,12.3801
89,0,30000,0.850810,0.666636,163852,18713,607,biscoito,5a6e1eec37,10.5241
89,1,30000,0.850654,0.664781,163865,18720,607,biscoito,76c93e5690,9.9045
89,2,30000,0.850810,0.666636,163852,18713,607,biscoito,5a6e1eec37,10.5241
89,3,30000,0.850426,0.664460,163915,18712,605,biscoito,958771b63a,12.1591
89,4,30000,0.850255,0.664509,163944,18762,605,biscoito,4c8a731106,9.9036
89,5,30000,0.850494,0.664987,163863,18709,606,biscoito,a6daf24690,9.2845
89,6,30000,0.850662,0.666693,163842,18726,606,biscoito,2473d1bdc0,9.4008
89,7,30000,0.850510,0.663037,163927,18714,607,biscoito,28c4789611,9.6189
89,8,30000,0.850966,0.665765,163879,18723,606,biscoito,5e27434abd,9.3870
89,9,30000,0.850966,0.666593,163839,18723,607,biscoito,0dfeda8f28,10.0550
89,10,30000,0.850335,0.665205,163874,18716,606,biscoito,e3ea5ad187,9.5013
89,11,30000,0.850938,0.666529,163853,18716,607,biscoito,0e4aef2245,9.6370
89,12,30000,0.850942,0.666546,163864,18729,607,biscoito,7ebb928ec9,12.4372
89,13,30000,0.850702,0.666763,163778,18719,606,biscoito,6e5dd56388,12.8857
89,14,30000,0.850578,0.663472,163917,18732,606,biscoito,584150ada5,12.5386
89,15,30000,0.850694,0.665907,163840,18728,606,biscoito,e661156abf,9.8203
89,16,30000,0.850398,0.664736,163877,18708,607,biscoito,9baa1a307e,9.0350
89,17,30000,0.851137,0.665670,163921,18758,606,biscoito,67086bebe3,9.5269
89,18,30000,0.850402,0.663811,163809,18687,604,biscoito,b03d4bd866,10.2509
89,19,30000,0.851053,0.666246,163844,18738,608,biscoito,3258d2539e,9.2045
90,0,30000,0.850702,0.666763,163778,18719,606,biscoito,6e5dd56388,12.8857
90,1,30000,0.850798,0.666259,163917,18735,607,biscoito,964aeb940a,9.7532
90,2,30000,0.850782,0.665367,163869,18743,607,biscoito,9e35ddc243,9.3823
90,3,30000,0.850722,0.667170,163842,18725,606,biscoito,81e43c33de,9.9950
90,4,30000,0.850642,0.665424,163839,18729,606,biscoito,0ba3570a34,9.6347
90,5,30000,0.850850,0.666245,163768,18704,605,biscoito,dff93998be,9.7431
90,6,30000,0.850702,0.666763,163778,18719,606,biscoito,6e5dd56388,12.8857
90,7,30000,0.850938,0.666529,163853,18716,607,biscoito,0e4aef2245,9.6370
90,8,30000,0.850794,0.667677,163753,18709,607,biscoito,908e1aa7e6,9.2160
90,9,30000,0.850311,0.662871,163874,18708,604,biscoito,257a009850,9.5029
90,10,30000,0.850622,0.666173,163790,18719,606,biscoito,e3281ca0de,9.3954
90,11,30000,0.850263,0.666151,163883,18763,606,biscoito,e1b73b956d,9.4287
90,12,30000,0.850650,0.665256,163836,18728,605,biscoito,28f4c4f50b,9.4978
90,13,30000,0.850654,0.664781,163865,18720,607,biscoito,76c93e5690,9.9045
90,14,30000,0.850654,0.664781,163865,18720,607,biscoito,76c93e5690,9.9045
90,15,30000,0.851137,0.665670,163921,18758,606,biscoito,67086bebe3,9.5269
90,16,30000,0.850938,0.666529,163853,18716,607,biscoito,0e4aef2245,9.6370
90,17,30000,0.850430,0.664284,163859,18718,607,biscoito,b8ceaadf89,10.1203
90,18,30000,0.850410,0.664288,163859,18733,606,biscoito,15f5317462,10.1090
90,19,30000,0.850914,0.666156,163867,18728,607,biscoito,96ef071b6e,10.4159
91,0,30000,0.850794,0.667677,163753,18709,607,biscoito,908e1aa7e6,9.2160
91,1,30000,0.850410,0.664288,163859,18733,606,biscoito,15f5317462,10.1090
91,2,30000,0.850702,0.666763,163778,18719,606,biscoito,6e5dd56388,12.8857
91,3,30000,0.850770,0.664824,163882,18726,606,biscoito,5dfab9c0c9,11.0169
91,4,30000,0.850622,0.666173,163790,18719,606,biscoito,e3281ca0de,9.3954
91,5,30000,0.850794,0.667677,163753,18709,607,biscoito,908e1aa7e6,9.2160
91,6,30000,0.850622,0.666173,163790,18719,606,biscoito,e3281ca0de,9.3954
91,7,30000,0.850814,0.667475,163798,18689,609,biscoito,43f0be2eb3,10.0838
91,8,30000,0.850938,0.666529,163853,18716,607,biscoito,0e4aef2245,9.6370
91,9,30000,0.850450,0.664286,163796,18719,604,biscoito,7fcd488918,9.6651
91,10,30000,0.850582,0.666457,163805,18721,606,biscoito,d7f92ae320,9.3732
91,11,30000,0.850854,0.666351,163834,18729,606,biscoito,3c0cb98b24,9.6834
91,12,30000,0.851057,0.666621,163926,18750,606,biscoito,b6bb02aad0,10.3318
91,13,30000,0.850794,0.667677,163753,18709,607,biscoito,908e1aa7e6,9.2160
91,14,30000,0.850794,0.667677,163753,18709,607,biscoito,908e1aa7e6,9.2160
91,15,30000,0.850970,0.665253,163855,18739,607,biscoito,7cf6c172c4,9.5888
91,16,30000,0.850806,0.666716,163879,18733,607,biscoito,0a8c780ba4,9.6405
91,17,30000,0.850706,0.666484,163770,18704,606,biscoito,9ae3658867,9.4746
91,18,30000,0.850954,0.666930,163779,18729,606,biscoito,6b367a423a,9.4791
91,19,30000,0.850770,0.666176,163830,18717,607,biscoito,f116d0a7dc,10.5559
92,0,30000,0.850794,0.667677,163753,18709,607,biscoito,908e1aa7e6,9.2160
92,1,30000,0.850814,0.667475,163798,18689,609,biscoito,43f0be2eb3,10.0838
92,2,30000,0.850582,0.666457,163805,18721,606,biscoito,d7f92ae320,9.3732
92,3,30000,0.850698,0.666322,163775,18711,607,biscoito,ff42e7b9b4,11.4993
92,4,30000,0.851014,0.666132,163765,18683,605,biscoito,4f3dcab531,10.9401
92,5,30000,0.850842,0.667689,163740,18694,607,biscoito,86977cb49b,9.5770
92,6,30000,0.850918,0.666476,163863,18729,607,biscoito,4c717b1755,9.4610
92,7,30000,0.850794,0.667677,163753,18709,607,biscoito,908e1aa7e6,9.2160
92,8,30000,0.850299,0.666215,163789,18720,607,biscoito,1e52040fb4,10.4804
92,9,30000,0.850514,0.666059,163757,18720,606,biscoito,c96930fa61,9.4195
92,10,30000,0.850846,0.667248,163779,18718,607,biscoito,a2d7262464,9.5787
92,11,30000,0.850882,0.666027,163804,18738,605,biscoito,dc3f20e3ee,8.9605
92,12,30000,0.851069,0.666244,163908,18720,605,biscoito,0e73611f26,9.4193
92,13,30000,0.850794,0.667677,163753,18709,607,biscoito,908e1aa7e6,9.2160
92,14,30000,0.850794,0.667677,163753,18709,607,biscoito,908e1aa7e6,9.2160
92,15,30000,0.850686,0.664403,163857,18720,606,biscoito,820c163ff0,11.3212
92,16,30000,0.850878,0.667681,163756,18714,607,biscoito,b1fc295fb0,9.3134
92,17,30000,0.850546,0.667802,163770,18731,607,biscoito,2146289f7b,9.7159
92,18,30000,0.850794,0.667677,163753,18709,607,biscoito,908e1aa7e6,9.2160
92,19,30000,0.850874,0.665647,163746,18713,607,biscoito,253744cf05,10.4404
93,0,30000,0.850546,0.667802,163770,18731,607,biscoito,2146289f7b,9.7159
93,1,30000,0.850702,0.667329,163751,18721,607,biscoito,5bfd3bfd2d,9.6992
93,2,30000,0.850746,0.666390,163783,18727,606,biscoito,b0880776e4,11.5510
93,3,30000,0.850842,0.667689,163740,18694,607,biscoito,86977cb49b,9.5770
93,4,30000,0.850842,0.667689,163740,18694,607,biscoito,86977cb49b,9.5770
93,5,30000,0.851045,0.668542,163751,18705,607,biscoito,1caf99c090,13.8063
93,6,30000,0.850574,0.666449,163792,18731,606,biscoito,3eed1ec862,14.4077
93,7,30000,0.850882,0.666960,163837,18703,609,biscoito,567c36a928,11.7382
93,8,30000,0.851173,0.667067,163753,18723,607,biscoito,114a313c98,9.7962
93,9,30000,0.851069,0.666244,163908,18720,605,biscoito,0e73611f26,9.4193
93,10,30000,0.851069,0.666244,163908,18720,605,biscoito,0e73611f26,9.4193
93,11,30000,0.850874,0.667545,163755,18703,606,biscoito,ecf98251b6,9.9896
93,12,30000,0.850814,0.667785,163803,18700,610,biscoito,9e6212fac8,11.2822
93,13,30000,0.850794,0.667677,163753,18709,607,biscoito,908e1aa7e6,9.2160
93,14,30000,0.850918,0.666476,163863,18729,607,biscoito,4c717b1755,9.4610
93,15,30000,0.850674,0.667341,163832,18698,607,biscoito,a5c673cc0d,10.8335
93,16,30000,0.850878,0.667681,163756,18714,607,biscoito,b1fc295fb0,9.3134
93,17,30000,0.850642,0.667650,163756,18721,607,biscoito,517ae765a5,12.6703
93,18,30000,0.850730,0.667828,163754,18704,607,biscoito,5987fad352,10.0082
93,19,30000,0.850794,0.667677,163753,18709,607,biscoito,908e1aa7e6,9.2160
94,0,30000,0.851045,0.668542,163751,18705,607,biscoito,1caf99c090,13.8063
94,1,30000,0.850810,0.667686,163755,18708,607,biscoito,c71be68139,9.5587
94,2,30000,0.850850,0.667724,163742,18694,607,biscoito,ce8bfcfbbf,9.5230
94,3,30000,0.850650,0.667401,163769,18733,607,biscoito,af50cd69ad,9.2196
94,4,30000,0.850754,0.668068,163747,18703,607,biscoito,85ed9747d9,9.8053
94,5,30000,0.850362,0.669260,163763,18691,609,biscoito,5657761ed6,12.1294
94,6,30000,0.850598,0.666784,163745,18705,609,biscoito,7f95c0da47,10.2963
94,7,30000,0.850814,0.668246,163745,18701,607,biscoito,07bad760d5,9.4535
94,8,30000,0.850978,0.668146,163762,18709,607,biscoito,d45e6ffd5e,9.7862
94,9,30000,0.850794,0.667677,163753,18709,607,biscoito,908e1aa7e6,9.2160
94,10,30000,0.850814,0.667785,163803,18700,610,biscoito,9e6212fac8,11.2822
94,11,30000,0.850790,0.667959,163736,18702,607,biscoito,791cc83d59,9.5100
94,12,30000,0.850574,0.667268,163786,18736,606,biscoito,a9a4735b80,13.3257
94,13,30000,0.850063,0.663569,163753,18710,605,biscoito,827f6b093b,15.3057
94,14,30000,0.850422,0.666354,163780,18715,607,biscoito,5b44ae6512,13.4989
94,15,30000,0.850738,0.667843,163752,18705,607,biscoito,67da87358a,13.7830
94,16,30000,0.850494,0.667161,163819,18700,606,biscoito,6d85ef6e80,11.5371
94,17,30000,0.850842,0.667689,163740,18694,607,biscoito,86977cb49b,9.5770
94,18,30000,0.850874,0.667545,163755,18703,606,biscoito,ecf98251b6,9.9896
94,19,30000,0.850550,0.667238,163750,18720,607,biscoito,944875b7d7,11.7025
95,0,30000,0.850362,0.669260,163763,18691,609,biscoito,5657761ed6,12.1294
95,1,30000,0.850918,0.667998,163767,18699,607,biscoito,0bd4a50d13,9.5972
95,2,30000,0.850782,0.667919,163768,18716,607,biscoito,d03704dc33,10.1116
95,3,30000,0.850870,0.667958,163759,18714,607,biscoito,a31bbb7a66,9.7907
95,4,30000,0.850966,0.668189,163757,18704,607,biscoito,e79f72e97d,13.8767
95,5,30000,0.850430,0.669253,163780,18688,608,biscoito,1a8644ec29,15.5307
95,6,30000,0.850550,0.667359,163727,18691,607,biscoito,084827e070,14.6509
95,7,30000,0.850598,0.668318,163741,18734,607,biscoito,b83c57fd6f,10.0941
95,8,30000,0.850814,0.668246,163745,18701,607,biscoito,07bad760d5,9.4535
95,9,30000,0.850494,0.667962,163747,18675,609,biscoito,9ff2b48c8b,10.5777
95,10,30000,0.850299,0.668746,163758,18692,608,biscoito,ec5a5b8617,9.4925
95,11,30000,0.850802,0.667684,163756,18708,607,biscoito,3a57dece09,12.0012
95,12,30000,0.850570,0.665838,163816,18710,607,biscoito,1f46746735,12.5034
95,13,30000,0.850842,0.667689,163740,18694,607,biscoito,86977cb49b,9.5770
95,14,30000,0.850978,0.668146,163762,18709,607,biscoito,d45e6ffd5e,9.7862
95,15,30000,0.850930,0.667002,163810,18718,610,biscoito,ff27eb62f8,9.2394
95,16,30000,0.850914,0.667539,163775,18697,606,biscoito,e2f7f5e9fb,9.2022
95,17,30000,0.851018,0.668307,163772,18698,607,biscoito,f60ce986ec,9.3866
95,18,30000,0.850794,0.667989,163776,18710,607,biscoito,6b1235193d,9.0795
95,19,30000,0.850834,0.668059,163728,18701,607,biscoito,b969829662,9.4821
96,0,30000,0.850362,0.669260,163763,18691,609,biscoito,5657761ed6,12.1294
96,1,30000,0.850594,0.668076,163714,18717,607,biscoito,6304cb6c3c,9.9555
96,2,30000,0.850434,0.669672,163782,18711,609,biscoito,1c9c505ba7,9.7569
96,3,30000,0.850362,0.669260,163763,18691,609,biscoito,5657761ed6,12.1294
96,4,30000,0.850362,0.669260,163763,18691,609,biscoito,5657761ed6,12.1294
96,5,30000,0.850478,0.667677,163746,18701,607,biscoito,310a0c1706,10.3994
96,6,30000,0.850806,0.669561,163771,18696,609,biscoito,58fb1c272a,9.5140
96,7,30000,0.849955,0.666509,163792,18687,607,biscoito,5301c031d0,9.7060
96,8,30000,0.850235,0.668413,163779,18694,608,biscoito,a733618758,11.7823
96,9,30000,0.850598,0.667918,163759,18728,607,biscoito,3fb2564ad5,11.6843
96,10,30000,0.850898,0.668374,163743,18705,607,biscoito,2d06b028a5,12.3528
96,11,30000,0.850674,0.667272,163772,18700,606,biscoito,42b3300e14,9.9021
96,12,30000,0.850494,0.667962,163747,18675,609,biscoito,9ff2b48c8b,10.5777
96,13,30000,0.850798,0.667998,163726,18702,607,biscoito,49b73c679e,9.5173
96,14,30000,0.850279,0.669121,163767,18692,609,biscoito,3a00e79009,10.0036
96,15,30000,0.850814,0.668837,163805,18680,608,biscoito,763a84c109,9.8468
96,16,30000,0.850247,0.668705,163752,18689,608,biscoito,0d340d2c6a,9.0527
96,17,30000,0.850902,0.667997,163764,18699,607,biscoito,d8ded9fbe8,8.8726
96,18,30000,0.850874,0.666115,163814,18684,607,biscoito,95ec09a654,9.9665
96,19,30000,0.850726,0.667753,163769,18714,607,biscoito,0cdf97b41f,9.1826
97,0,30000,0.850434,0.669672,163782,18711,609,biscoito,1c9c505ba7,9.7569
97,1,30000,0.850686,0.668875,163769,18693,608,biscoito,12ae8bf86c,9.8634
97,2,30000,0.850315,0.667678,163757,18706,608,biscoito,74cbc1b9ad,10.0972
97,3,30000,0.850990,0.667785,163832,18700,608,biscoito,2a0550f889,10.9721
97,4,30000,0.850806,0.669561,163771,18696,609,biscoito,58fb1c272a,9.5140
97,5,30000,0.850299,0.668596,163752,18693,608,biscoito,0c780ff9fd,10.9223
97,6,30000,0.850295,0.669262,163753,18690,609,biscoito,c58f671df1,12.7189
97,7,30000,0.850842,0.669727,163779,18695,609,biscoito,9c847a4950,10.6239
97,8,30000,0.850454,0.669884,163783,18713,609,biscoito,245b7d073a,10.4452
97,9,30000,0.850698,0.668325,163760,18719,608,biscoito,ff44c58dbd,10.0000
97,10,30000,0.850814,0.669450,163779,18709,608,biscoito,942d7b5e51,9.4304
97,11,30000,0.850794,0.668506,163787,18704,608,biscoito,cd997a18ac,9.3226
97,12,30000,0.850798,0.667850,163770,18689,606,biscoito,d7da71faed,10.0876
97,13,30000,0.850982,0.669037,163792,18705,608,biscoito,57df7cd3e5,9.5707
97,14,30000,0.850422,0.668853,163719,18691,608,biscoito,3e0031af41,9.2026
97,15,30000,0.850574,0.668987,163763,18702,609,biscoito,d1fa7a19b0,9.2557
97,16,30000,0.850446,0.669234,163766,18696,609,biscoito,954cd8f4dd,9.3319
97,17,30000,0.850478,0.669360,163769,18684,609,biscoito,e0e31b9bb9,9.2653
97,18,30000,0.850191,0.669010,163780,18720,608,biscoito,1630819ad6,9.6243
97,19,30000,0.850434,0.669672,163782,18711,609,biscoito,1c9c505ba7,9.7569
98,0,30000,0.850454,0.669884,163783,18713,609,biscoito,245b7d073a,10.4452
98,1,30000,0.850850,0.669728,163780,18696,609,biscoito,044fca5f5c,9.8363
98,2,30000,0.850478,0.669360,163768,18684,609,biscoito,1a56b943a0,9.6963
98,3,30000,0.850718,0.668665,163763,18722,608,biscoito,aa9ddd49b7,9.7237
98,4,30000,0.850578,0.667409,163776,18674,607,biscoito,f1fa784308,9.4334
98,5,30000,0.850998,0.669085,163748,18690,608,biscoito,f6b9ea7821,9.1565
98,6,30000,0.850554,0.667674,163768,18712,607,biscoito,d6dd3cfc8e,9.8257
98,7,30000,0.850494,0.669237,163775,18712,609,biscoito,da801a6d9c,9.1914
98,8,30000,0.850354,0.668013,163729,18667,609,biscoito,fbb9da489f,9.3085
98,9,30000,0.850434,0.669672,163782,18711,609,biscoito,1c9c505ba7,9.7569
98,10,30000,0.850434,0.669672,163782,18711,609,biscoito,1c9c505ba7,9.7569
98,11,30000,0.850726,0.668911,163773,18714,608,biscoito,edf56b5715,9.8379
98,12,30000,0.850650,0.669559,163812,18707,610,biscoito,090f48b20d,9.6084
98,13,30000,0.850402,0.668900,163707,18710,609,biscoito,bfcdc93e13,9.1131
98,14,30000,0.850770,0.669597,163757,18725,608,biscoito,fb463ffc80,8.9528
98,15,30000,0.850854,0.669639,163792,18700,609,biscoito,2dcb7b1826,10.0278
98,16,30000,0.850538,0.670240,163818,18690,610,biscoito,d9e26a1574,9.9840
98,17,30000,0.850446,0.669234,163766,18696,609,biscoito,954cd8f4dd,9.3319
98,18,30000,0.850191,0.669010,163780,18720,608,biscoito,1630819ad6,9.6243
98,19,30000,0.850446,0.669234,163766,18696,609,biscoito,954cd8f4dd,9.3319
99,0,30000,0.850538,0.670240,163818,18690,610,biscoito,d9e26a1574,9.9840
99,1,30000,0.850538,0.670240,163818,18690,610,biscoito,d9e26a1574,9.9840
99,2,30000,0.850854,0.669639,163792,18700,609,biscoito,2dcb7b1826,10.0278
99,3,30000,0.850482,0.669994,163781,18710,609,biscoito,817fe3272b,11.5707
99,4,30000,0.850454,0.669868,163787,18717,609,biscoito,6fa96459a2,9.9766
99,5,30000,0.850374,0.668659,163790,18698,609,biscoito,79c9b89124,8.9668
99,6,30000,0.850698,0.670525,163761,18720,609,biscoito,4c359f1ae4,9.9757
99,7,30000,0.850311,0.668592,163816,18739,609,biscoito,37ceeb06f9,10.7618
99,8,30000,0.850682,0.668319,163894,18715,609,biscoito,a39c848be1,11.3095
99,9,30000,0.850766,0.670246,163759,18703,609,biscoito,f962d7fb31,10.6345
99,10,30000,0.850966,0.669348,163778,18720,608,biscoito,f8e85f1525,9.5145
99,11,30000,0.850418,0.669270,163770,18687,609,biscoito,ee635dc926,10.8549
99,12,30000,0.849747,0.667765,163759,18682,609,biscoito,d88840bb4d,11.0371
99,13,30000,0.850243,0.667465,163784,18675,610,biscoito,1495182205,9.1987
99,14,30000,0.850554,0.669720,163792,18709,609,biscoito,b1ce590bf9,9.9432
99,15,30000,0.850866,0.669434,163795,18698,609,biscoito,ebfe1ab624,10.1457
99,16,30000,0.850574,0.668488,163826,18712,610,biscoito,6a66284565,9.1930
99,17,30000,0.850574,0.669503,163733,18755,608,biscoito,48a67706bf,8.9702
99,18,30000,0.850454,0.669884,163783,18713,609,biscoito,245b7d073a,10.4452
99,19,30000,0.850618,0.666990,163784,18706,608,biscoito,3d9894fb8e,9.2499
100,0,30000,0.850698,0.670525,163761,18720,609,biscoito,4c359f1ae4,9.9757
100,1,30000,0.849987,0.669701,163825,18717,608,biscoito,a2d3c049ca,9.7795
100,2,30000,0.850686,0.668169,163785,18680,608,biscoito,0ea9b012be,8.9970
100,3,30000,0.850538,0.670240,163818,18690,610,biscoito,d9e26a1574,9.9840
100,4,30000,0.850538,0.670240,163818,18690,610,biscoito,d9e26a1574,9.9840
100,5,30000,0.850454,0.669884,163783,18713,609,biscoito,245b7d073a,10.4452
100,6,30000,0.850866,0.669434,163795,18698,609,biscoito,ebfe1ab624,10.1457
100,7,30000,0.850566,0.669510,163740,18751,608,biscoito,3b9e9304bd,10.2314
100,8,30000,0.850722,0.670519,163752,18723,609,biscoito,ddc2940b74,11.2102
100,9,30000,0.850538,0.670240,163818,18690,610,biscoito,d9e26a1574,9.9840
100,10,30000,0.849891,0.668795,163857,18699,610,biscoito,20addb1fa0,9.8405
100,11,30000,0.850906,0.669527,163754,18699,609,biscoito,44bcc74bc3,10.7701
100,12,30000,0.850358,0.671040,163777,18709,610,biscoito,ee61b09994,13.5106
100,13,30000,0.850538,0.670240,163818,18690,610,biscoito,d9e26a1574,9.9840
100,14,30000,0.850450,0.668627,163863,18719,611,biscoito,4c8a8a1ed1,10.2281
100,15,30000,0.850526,0.668535,163795,18688,608,biscoito,1879077f5b,11.6753
100,16,30000,0.850414,0.670573,163791,18723,610,biscoito,51ea5117e6,14.4567
100,17,30000,0.850566,0.669938,163793,18718,609,biscoito,13c43d8ffb,17.5026
100,18,30000,0.850458,0.668272,163777,18704,608,biscoito,3afd9c4eec,14.5635
100,19,30000,0.850818,0.669625,163792,18700,609,biscoito,a51ee3c47d,15.0804
