generation,individual_id,l0_size,accuracy_on_full,f1_macro_on_full,num_tokens,num_distinct_tokens,num_classes_in_l0,most_frequent_class_in_l0,l0_indices_hash,fitness_calc_time_sec
1,0,30000,0.845917,0.608142,164596,18561,577,biscoito,b7ef8b12a9,15.5978
1,1,30000,0.844579,0.620432,164501,18678,588,biscoito,34f7132af8,13.3403
1,2,30000,0.845502,0.616290,164753,18552,580,biscoito,5b3b3ef561,12.7851
1,3,30000,0.846205,0.617798,164660,18639,580,biscoito,d290c9a9bc,11.2975
1,4,30000,0.845937,0.602503,164599,18434,566,biscoito,704ddb73f7,11.2357
1,5,30000,0.847595,0.622379,164241,18678,590,biscoito,383607dd15,11.2218
1,6,30000,0.845338,0.621695,164881,18603,583,biscoito,1ddd428a5a,12.8001
1,7,30000,0.843860,0.605682,164397,18578,578,biscoito,9dac23747d,15.4225
1,8,30000,0.844691,0.605786,164577,18444,573,biscoito,b9d4b98e08,15.8695
1,9,30000,0.844727,0.612869,164801,18612,581,biscoito,74cc9e6a68,19.1461
1,10,30000,0.845418,0.613759,164608,18408,578,biscoito,c5306e9154,17.2121
1,11,30000,0.844511,0.627813,164727,18643,584,biscoito,751735c967,14.2365
1,12,30000,0.844403,0.609817,164256,18643,572,biscoito,6cb6f581a6,13.0484
1,13,30000,0.844978,0.605789,164349,18625,574,biscoito,e34048c650,11.0682
1,14,30000,0.847087,0.615586,164724,18593,576,biscoito,e19310a61f,10.2677
1,15,30000,0.845649,0.612591,164711,18596,582,biscoito,2b5c2e7603,10.8795
1,16,30000,0.845270,0.617396,164244,18734,583,biscoito,b2f16e2d36,10.9718
1,17,30000,0.847107,0.612423,164755,18716,573,biscoito,37ca0bf052,10.4284
1,18,30000,0.846604,0.614938,164670,18487,578,biscoito,8dea8f1e53,10.5180
1,19,30000,0.845038,0.617241,164136,18504,580,biscoito,29ca178f31,10.2451
2,0,30000,0.843860,0.605682,164397,18578,578,biscoito,9dac23747d,15.4225
2,1,30000,0.844775,0.619746,164585,18712,586,biscoito,9d5b9d73a9,10.7726
2,2,30000,0.846864,0.610823,164526,18488,576,biscoito,543c814d3c,11.2087
2,3,30000,0.844819,0.622386,164603,18641,588,biscoito,59d0a5fe69,10.7094
2,4,30000,0.843656,0.603289,164321,18600,569,biscoito,5996879ba1,10.5442
2,5,30000,0.845090,0.623090,164404,18717,590,biscoito,ba36b900aa,10.5316
2,6,30000,0.845194,0.607677,164387,18468,573,biscoito,61f4f70c65,10.4608
2,7,30000,0.844199,0.619423,164502,18649,588,biscoito,550021c926,10.9722
2,8,30000,0.845126,0.604466,164610,18482,571,biscoito,3e4707e96b,10.7950
2,9,30000,0.845038,0.617241,164136,18504,580,biscoito,29ca178f31,10.2451
2,10,30000,0.844691,0.605786,164577,18444,573,biscoito,b9d4b98e08,15.8695
2,11,30000,0.843860,0.605682,164397,18578,578,biscoito,9dac23747d,15.4225
2,12,30000,0.844727,0.612869,164801,18612,581,biscoito,74cc9e6a68,19.1461
2,13,30000,0.845238,0.617416,164334,18716,581,biscoito,86282ee53a,10.9326
2,14,30000,0.843928,0.609754,164189,18643,576,biscoito,4bd52173b6,11.1319
2,15,30000,0.846320,0.614429,164522,18420,583,biscoito,5173267f5c,10.2929
2,16,30000,0.845569,0.610066,164270,18556,575,biscoito,be63ef0798,10.3075
2,17,30000,0.845278,0.613607,164634,18541,581,biscoito,eefaf8e993,10.8649
2,18,30000,0.844759,0.609584,164394,18688,570,biscoito,35065af739,10.5715
2,19,30000,0.845106,0.615268,164530,18455,585,biscoito,943f774814,10.5051
3,0,30000,0.843656,0.603289,164321,18600,569,biscoito,5996879ba1,10.5442
3,1,30000,0.843656,0.603289,164321,18600,569,biscoito,5996879ba1,10.5442
3,2,30000,0.843656,0.603289,164321,18600,569,biscoito,5996879ba1,10.5442
3,3,30000,0.844599,0.621784,164649,18655,583,biscoito,55063bb707,11.3539
3,4,30000,0.843245,0.609689,164118,18377,576,biscoito,71e26d44fb,10.6862
3,5,30000,0.845106,0.615268,164530,18455,585,biscoito,943f774814,10.5051
3,6,30000,0.845126,0.604466,164610,18482,571,biscoito,3e4707e96b,10.7950
3,7,30000,0.844343,0.608818,164436,18479,569,biscoito,f373dfe57d,11.5295
3,8,30000,0.843524,0.613058,164672,18636,582,biscoito,1038a3ef1c,11.1632
3,9,30000,0.844603,0.608416,164496,18623,567,biscoito,a5a414caf8,10.9061
3,10,30000,0.845837,0.610731,164046,18666,575,biscoito,e6879fc00a,10.7908
3,11,30000,0.843656,0.603289,164321,18600,569,biscoito,5996879ba1,10.5442
3,12,30000,0.843860,0.605682,164397,18578,578,biscoito,9dac23747d,15.4225
3,13,30000,0.839622,0.599313,165112,18240,569,biscoito,f4085a572c,10.2615
3,14,30000,0.844859,0.613928,163719,18576,579,biscoito,b9bc326070,10.8374
3,15,30000,0.844575,0.613924,164312,18567,578,biscoito,034758b22e,10.9304
3,16,30000,0.844938,0.608471,164362,18653,572,biscoito,7cb790c512,11.8523
3,17,30000,0.843696,0.614522,164721,18635,577,biscoito,189c005877,11.2419
3,18,30000,0.845342,0.613141,163965,18694,577,biscoito,957b16b00b,11.2409
3,19,30000,0.844918,0.608948,164438,18636,574,biscoito,5f394c5853,16.0481
4,0,30000,0.839622,0.599313,165112,18240,569,biscoito,f4085a572c,10.2615
4,1,30000,0.840357,0.599015,164450,18149,571,biscoito,62ec7814dd,12.6580
4,2,30000,0.844974,0.613437,163357,18575,576,biscoito,c12d2c207b,11.1232
4,3,30000,0.843389,0.603566,165393,18500,578,biscoito,c6d24b8feb,10.6061
4,4,30000,0.842989,0.608483,163578,18544,577,biscoito,9672c4889c,10.8454
4,5,30000,0.837693,0.597772,165159,18224,565,biscoito,9589ad8ccc,11.2398
4,6,30000,0.844144,0.598788,164237,18573,568,biscoito,7a21800fab,11.4156
4,7,30000,0.843181,0.604686,164417,18545,571,biscoito,12c53f0181,10.2739
4,8,30000,0.843836,0.606891,164280,18370,573,biscoito,6bd5dc045e,11.4162
4,9,30000,0.841471,0.599351,164734,18308,563,biscoito,5dd2774a64,10.7529
4,10,30000,0.840641,0.612461,164580,18275,585,biscoito,7f79429603,10.2350
4,11,30000,0.844116,0.614182,164189,18631,577,biscoito,51b169ba59,11.6026
4,12,30000,0.843600,0.615308,165110,18527,575,biscoito,d8d24c7463,11.1588
4,13,30000,0.843600,0.602931,164325,18610,570,biscoito,af1f554851,10.7150
4,14,30000,0.843656,0.603289,164321,18600,569,biscoito,5996879ba1,10.5442
4,15,30000,0.842750,0.622768,164726,18563,585,biscoito,f28e5409fa,10.7806
4,16,30000,0.844004,0.602472,164054,18384,566,biscoito,bf4775dcf8,14.2944
4,17,30000,0.843828,0.611801,164479,18577,572,biscoito,6e7665aae9,11.7125
4,18,30000,0.842222,0.607502,164074,18366,576,biscoito,ff8d742459,13.3825
4,19,30000,0.843656,0.603289,164321,18600,569,biscoito,5996879ba1,10.5442
5,0,30000,0.837693,0.597772,165159,18224,565,biscoito,9589ad8ccc,11.2398
5,1,30000,0.841619,0.601948,164437,18268,566,biscoito,0ba785ce1c,10.9016
5,2,30000,0.840125,0.592466,164765,18093,566,biscoito,ef681d56c0,10.2244
5,3,30000,0.839918,0.602095,164772,18291,572,biscoito,9a47d62678,10.6608
5,4,30000,0.840764,0.602707,164470,18258,572,biscoito,67fd131c9b,11.9451
5,5,30000,0.841471,0.599351,164734,18308,563,biscoito,5dd2774a64,10.7529
5,6,30000,0.837693,0.597772,165159,18224,565,biscoito,9589ad8ccc,11.2398
5,7,30000,0.839638,0.601972,164714,18238,568,biscoito,d48da5bc40,13.8489
5,8,30000,0.839866,0.598754,164877,18165,566,biscoito,313c7582ab,10.3446
5,9,30000,0.843656,0.603289,164321,18600,569,biscoito,5996879ba1,10.5442
5,10,30000,0.842750,0.622768,164726,18563,585,biscoito,f28e5409fa,10.7806
5,11,30000,0.839730,0.597093,165055,18278,567,biscoito,8538100821,10.7533
5,12,30000,0.842079,0.601670,164654,18347,567,biscoito,13bf3501e5,10.1315
5,13,30000,0.838292,0.599367,164827,18211,568,biscoito,df35a20691,11.3546
5,14,30000,0.840209,0.596311,164910,18315,561,biscoito,19cd29020c,10.5886
5,15,30000,0.843181,0.604686,164417,18545,571,biscoito,12c53f0181,10.2739
5,16,30000,0.842222,0.607502,164074,18366,576,biscoito,ff8d742459,13.3825
5,17,30000,0.843884,0.610611,164817,18507,576,biscoito,3470a684f6,10.2774
5,18,30000,0.842634,0.597421,164844,18465,571,biscoito,756f05c958,10.5494
5,19,30000,0.841491,0.601470,164326,18195,568,biscoito,904fa87f94,12.8290
6,0,30000,0.837693,0.597772,165159,18224,565,biscoito,9589ad8ccc,11.2398
6,1,30000,0.837693,0.597772,165159,18224,565,biscoito,9589ad8ccc,11.2398
6,2,30000,0.838264,0.599424,165196,18278,564,biscoito,a71c9ce87b,10.8056
6,3,30000,0.838480,0.598308,164945,18242,567,biscoito,cc08bccedc,11.0358
6,4,30000,0.838104,0.597024,164982,18227,565,biscoito,408b752a4f,10.3378
6,5,30000,0.840125,0.592466,164765,18093,566,biscoito,ef681d56c0,10.2244
6,6,30000,0.841451,0.600777,164282,18187,568,biscoito,3803e83113,10.2445
6,7,30000,0.837693,0.597772,165159,18224,565,biscoito,9589ad8ccc,11.2398
6,8,30000,0.838292,0.599367,164827,18211,568,biscoito,df35a20691,11.3546
6,9,30000,0.840293,0.596388,164908,18315,561,biscoito,d506db7cb3,10.4843
6,10,30000,0.837829,0.597797,165165,18225,565,biscoito,0b29891c77,10.8881
6,11,30000,0.839866,0.598754,164877,18165,566,biscoito,313c7582ab,10.3446
6,12,30000,0.841471,0.599351,164734,18308,563,biscoito,5dd2774a64,10.7529
6,13,30000,0.841491,0.601470,164326,18195,568,biscoito,904fa87f94,12.8290
6,14,30000,0.837693,0.597772,165159,18224,565,biscoito,9589ad8ccc,11.2398
6,15,30000,0.840281,0.597517,164460,18146,570,biscoito,1adfa153df,9.4568
6,16,30000,0.839486,0.601072,164748,18322,568,biscoito,949c5f360a,10.4704
6,17,30000,0.841583,0.601996,164429,18274,566,biscoito,73b3f798a4,10.4322
6,18,30000,0.837713,0.597737,165159,18223,565,biscoito,4863996693,9.8996
6,19,30000,0.840125,0.592466,164765,18093,566,biscoito,ef681d56c0,10.2244
7,0,30000,0.837693,0.597772,165159,18224,565,biscoito,9589ad8ccc,11.2398
7,1,30000,0.838396,0.600234,164915,18236,569,biscoito,542396c347,10.3164
7,2,30000,0.838192,0.598745,164962,18281,565,biscoito,2dbc6f1903,10.3259
7,3,30000,0.837693,0.597772,165159,18224,565,biscoito,9589ad8ccc,11.2398
7,4,30000,0.837713,0.597737,165159,18223,565,biscoito,4863996693,9.8996
7,5,30000,0.838352,0.600214,165136,18274,565,biscoito,505db716b4,9.6708
7,6,30000,0.837809,0.598169,165185,18226,564,biscoito,86535e36c5,10.3454
7,7,30000,0.837693,0.597772,165159,18224,565,biscoito,9589ad8ccc,11.2398
7,8,30000,0.837649,0.597052,165225,18216,563,biscoito,af69a1b207,9.8398
7,9,30000,0.840022,0.600142,164811,18173,568,biscoito,cbb295cbe1,9.8030
7,10,30000,0.837985,0.599486,165197,18267,566,biscoito,ea2a53531a,10.0650
7,11,30000,0.838236,0.596186,165160,18218,563,biscoito,3c81e13f52,10.2260
7,12,30000,0.839818,0.595887,164889,18299,563,biscoito,b4257c1831,10.2945
7,13,30000,0.837693,0.597772,165159,18224,565,biscoito,9589ad8ccc,11.2398
7,14,30000,0.837693,0.597772,165159,18224,565,biscoito,9589ad8ccc,11.2398
7,15,30000,0.837957,0.597170,165186,18231,565,biscoito,b1c21cb2db,9.8078
7,16,30000,0.838104,0.597024,164982,18227,565,biscoito,408b752a4f,10.3378
7,17,30000,0.837885,0.598385,165177,18236,565,biscoito,20a03c35cc,9.8133
7,18,30000,0.838755,0.600504,164887,18261,568,biscoito,871e6d4408,10.2207
7,19,30000,0.838028,0.598621,165176,18254,565,biscoito,832e0d56a4,10.6732
8,0,30000,0.837649,0.597052,165225,18216,563,biscoito,af69a1b207,9.8398
8,1,30000,0.838564,0.599034,165068,18243,566,biscoito,b5288013e7,10.2170
8,2,30000,0.837673,0.598770,164997,18298,566,biscoito,9a8839af13,10.8817
8,3,30000,0.837973,0.597621,165178,18221,565,biscoito,2de177546c,9.6364
8,4,30000,0.837733,0.596836,165166,18227,565,biscoito,fa292c8210,10.3138
8,5,30000,0.837693,0.597772,165159,18224,565,biscoito,9589ad8ccc,11.2398
8,6,30000,0.837693,0.597772,165159,18224,565,biscoito,9589ad8ccc,11.2398
8,7,30000,0.837981,0.597562,165173,18222,565,biscoito,9a2919cdc3,10.3876
8,8,30000,0.837661,0.597342,165176,18230,565,biscoito,656e9f83ee,10.0239
8,9,30000,0.837693,0.597772,165159,18224,565,biscoito,9589ad8ccc,11.2398
8,10,30000,0.837693,0.597772,165159,18224,565,biscoito,9589ad8ccc,11.2398
8,11,30000,0.837493,0.597309,165174,18221,564,biscoito,859428e6f2,10.8335
8,12,30000,0.837697,0.597374,165221,18214,564,biscoito,0f91c4f7f9,12.6780
8,13,30000,0.838296,0.598838,165190,18254,565,biscoito,49c6dd18c9,12.1721
8,14,30000,0.837829,0.597160,165266,18219,562,biscoito,4b7961bb40,11.0699
8,15,30000,0.837757,0.597855,165165,18226,565,biscoito,8f70127ebc,10.6801
8,16,30000,0.837745,0.598107,165175,18224,564,biscoito,83f8c0cc3a,12.6261
8,17,30000,0.837693,0.597772,165159,18224,565,biscoito,9589ad8ccc,11.2398
8,18,30000,0.837693,0.597772,165159,18224,565,biscoito,9589ad8ccc,11.2398
8,19,30000,0.837649,0.597052,165225,18216,563,biscoito,af69a1b207,9.8398
9,0,30000,0.837493,0.597309,165174,18221,564,biscoito,859428e6f2,10.8335
9,1,30000,0.837757,0.597808,165143,18229,565,biscoito,04b7dabdf0,10.5241
9,2,30000,0.837733,0.596971,165181,18222,565,biscoito,8455abd881,9.8870
9,3,30000,0.837621,0.597198,165182,18227,565,biscoito,99c28f7941,9.9328
9,4,30000,0.837669,0.597765,165154,18223,565,biscoito,f0b4da797f,10.2917
9,5,30000,0.837937,0.598179,165161,18244,565,biscoito,59a83a6175,11.1630
9,6,30000,0.837349,0.596823,165199,18222,564,biscoito,a49a6789cf,9.9915
9,7,30000,0.837693,0.597772,165159,18224,565,biscoito,9589ad8ccc,11.2398
9,8,30000,0.837649,0.597052,165225,18216,563,biscoito,af69a1b207,9.8398
9,9,30000,0.837609,0.596906,165220,18216,563,biscoito,5b207755a8,10.8975
9,10,30000,0.837741,0.597534,165179,18230,565,biscoito,e47b622770,10.2344
9,11,30000,0.837649,0.597052,165225,18216,563,biscoito,af69a1b207,9.8398
9,12,30000,0.837693,0.597772,165159,18224,565,biscoito,9589ad8ccc,11.2398
9,13,30000,0.837649,0.597052,165225,18216,563,biscoito,af69a1b207,9.8398
9,14,30000,0.837661,0.597342,165176,18230,565,biscoito,656e9f83ee,10.0239
9,15,30000,0.837813,0.597748,165149,18224,565,biscoito,0fa47f843e,9.9299
9,16,30000,0.837353,0.596903,165186,18223,564,biscoito,ed5113c924,10.8118
9,17,30000,0.837921,0.596795,165238,18206,562,biscoito,7fcb8ce3e5,10.5401
9,18,30000,0.838088,0.596874,165247,18244,562,biscoito,9b3066d35b,10.8579
9,19,30000,0.837669,0.598713,165166,18245,565,biscoito,9b8b97f5b1,10.6852
10,0,30000,0.837349,0.596823,165199,18222,564,biscoito,a49a6789cf,9.9915
10,1,30000,0.837741,0.597534,165179,18230,565,biscoito,e47b622770,10.2344
10,2,30000,0.837353,0.596903,165186,18223,564,biscoito,ed5113c924,10.8118
10,3,30000,0.837353,0.596903,165186,18223,564,biscoito,ed5113c924,10.8118
10,4,30000,0.837353,0.596903,165186,18223,564,biscoito,ed5113c924,10.8118
10,5,30000,0.837701,0.597520,165176,18221,564,biscoito,af9b77bc5c,9.8857
10,6,30000,0.837809,0.597091,165223,18209,563,biscoito,8841d7a5df,10.3255
10,7,30000,0.837493,0.597309,165174,18221,564,biscoito,859428e6f2,10.8335
10,8,30000,0.837493,0.597309,165174,18221,564,biscoito,859428e6f2,10.8335
10,9,30000,0.837517,0.597281,165159,18221,564,biscoito,ef59db19a8,10.8058
10,10,30000,0.837613,0.597586,165148,18215,565,biscoito,a3780d2d9e,10.4319
10,11,30000,0.837669,0.597685,165194,18233,564,biscoito,1146d8efb5,10.1900
10,12,30000,0.837905,0.598130,165192,18221,564,biscoito,4504e6f0de,10.1354
10,13,30000,0.837889,0.598721,165184,18254,567,biscoito,0ee63f9653,10.1661
10,14,30000,0.837425,0.597281,165184,18220,564,biscoito,64042dbcef,9.7593
10,15,30000,0.837417,0.597113,165195,18233,565,biscoito,4ab066a783,9.7850
10,16,30000,0.837270,0.596496,165173,18223,565,biscoito,5cb43516c0,10.1975
10,17,30000,0.837821,0.598953,165195,18263,565,biscoito,1f22a4425f,10.2258
10,18,30000,0.837501,0.597132,165181,18227,565,biscoito,e3d165c20b,9.8593
10,19,30000,0.837777,0.597755,165179,18244,565,biscoito,4578aa3e60,9.4449
11,0,30000,0.837270,0.596496,165173,18223,565,biscoito,5cb43516c0,10.1975
11,1,30000,0.837829,0.597341,165167,18219,564,biscoito,b14f930bad,10.4484
11,2,30000,0.837078,0.598426,165133,18241,565,biscoito,be7279f6bc,9.4454
11,3,30000,0.837513,0.597887,165149,18260,565,biscoito,68d3baf1de,9.5678
11,4,30000,0.837341,0.596328,165202,18230,565,biscoito,ed975157c8,10.2136
11,5,30000,0.837553,0.597460,165181,18220,565,biscoito,13e6b7d8c6,9.6062
11,6,30000,0.837409,0.596972,165177,18226,564,biscoito,1647c57230,9.8131
11,7,30000,0.837270,0.596496,165173,18223,565,biscoito,5cb43516c0,10.1975
11,8,30000,0.837353,0.596903,165186,18223,564,biscoito,ed5113c924,10.8118
11,9,30000,0.837725,0.597597,165179,18232,566,biscoito,b33c650c4b,10.1206
11,10,30000,0.837669,0.596969,165159,18240,564,biscoito,bd0cba01e4,9.9548
11,11,30000,0.837353,0.596903,165186,18223,564,biscoito,ed5113c924,10.8118
11,12,30000,0.837349,0.596823,165199,18222,564,biscoito,a49a6789cf,9.9915
11,13,30000,0.837777,0.598302,165182,18250,564,biscoito,db5c7dd2d8,9.1924
11,14,30000,0.837481,0.597080,165180,18213,565,biscoito,598c872f07,10.6283
11,15,30000,0.837517,0.597281,165159,18221,564,biscoito,ef59db19a8,10.8058
11,16,30000,0.837493,0.597309,165174,18221,564,biscoito,859428e6f2,10.8335
11,17,30000,0.837381,0.596978,165178,18222,564,biscoito,14d0c54368,10.2059
11,18,30000,0.837549,0.596701,165127,18244,563,biscoito,32b09d5a05,10.0152
11,19,30000,0.837393,0.596955,165202,18220,564,biscoito,2a8dd14347,10.0049
12,0,30000,0.837078,0.598426,165133,18241,565,biscoito,be7279f6bc,9.4454
12,1,30000,0.837302,0.597048,165172,18219,565,biscoito,02da4b6916,10.0027
12,2,30000,0.837258,0.596717,165175,18222,565,biscoito,656b23238d,9.6675
12,3,30000,0.837753,0.597854,165201,18245,564,biscoito,9a89ecc18b,9.9445
12,4,30000,0.837314,0.597042,165177,18219,565,biscoito,8b3200df6f,10.7488
12,5,30000,0.837417,0.596974,165181,18226,564,biscoito,f3fc2882b7,10.6536
12,6,30000,0.837345,0.596966,165180,18224,564,biscoito,95b4672003,9.5731
12,7,30000,0.837078,0.598426,165133,18241,565,biscoito,be7279f6bc,9.4454
12,8,30000,0.837353,0.596903,165186,18223,564,biscoito,ed5113c924,10.8118
12,9,30000,0.837401,0.596874,165140,18228,564,biscoito,2847c89f95,10.1696
12,10,30000,0.837337,0.597063,165175,18215,565,biscoito,fcbf359f85,10.2941
12,11,30000,0.837393,0.596955,165202,18220,564,biscoito,2a8dd14347,10.0049
12,12,30000,0.837353,0.596903,165186,18223,564,biscoito,ed5113c924,10.8118
12,13,30000,0.837353,0.596572,165146,18245,566,biscoito,dc4224562a,9.9821
12,14,30000,0.837302,0.595909,165193,18222,564,biscoito,7bfb0730c1,10.0060
12,15,30000,0.837337,0.599843,165089,18262,567,biscoito,367d2bdc48,10.0065
12,16,30000,0.837381,0.596978,165178,18222,564,biscoito,14d0c54368,10.2059
12,17,30000,0.837270,0.596496,165173,18223,565,biscoito,5cb43516c0,10.1975
12,18,30000,0.837270,0.596496,165173,18223,565,biscoito,5cb43516c0,10.1975
12,19,30000,0.837302,0.596430,165200,18219,564,biscoito,c3345d8484,9.9917
13,0,30000,0.837078,0.598426,165133,18241,565,biscoito,be7279f6bc,9.4454
13,1,30000,0.837242,0.596574,165181,18217,565,biscoito,6ded6fc106,10.0584
13,2,30000,0.837385,0.597155,165181,18224,565,biscoito,96da699643,10.4548
13,3,30000,0.837605,0.595677,165175,18233,565,biscoito,0e4c37e18d,9.6526
13,4,30000,0.837270,0.596496,165173,18223,565,biscoito,5cb43516c0,10.1975
13,5,30000,0.837453,0.595971,165136,18244,563,biscoito,bae608e308,9.9450
13,6,30000,0.837385,0.597147,165177,18222,565,biscoito,9d844dcb10,9.9687
13,7,30000,0.837078,0.598426,165133,18241,565,biscoito,be7279f6bc,9.4454
13,8,30000,0.837078,0.598426,165133,18241,565,biscoito,be7279f6bc,9.4454
13,9,30000,0.837078,0.598426,165133,18241,565,biscoito,be7279f6bc,9.4454
13,10,30000,0.837078,0.598426,165133,18241,565,biscoito,be7279f6bc,9.4454
13,11,30000,0.837206,0.596934,165167,18217,565,biscoito,a944d09a87,10.2838
13,12,30000,0.837258,0.597017,165172,18224,565,biscoito,c7ba38e4fc,10.0333
13,13,30000,0.837098,0.597655,165128,18229,567,biscoito,d220b6c664,10.3347
13,14,30000,0.837206,0.597138,165179,18236,563,biscoito,01a850d7dd,9.3401
13,15,30000,0.837294,0.596969,165168,18245,562,biscoito,e64ae2185f,10.3271
13,16,30000,0.837114,0.597767,165129,18224,567,biscoito,a39f9fd903,9.7518
13,17,30000,0.837210,0.596617,165158,18225,565,biscoito,b67787ad68,10.3356
13,18,30000,0.837769,0.598794,165164,18236,566,biscoito,dec428624b,9.5885
13,19,30000,0.837122,0.597682,165126,18234,566,biscoito,e06fd534d0,10.3356
14,0,30000,0.837078,0.598426,165133,18241,565,biscoito,be7279f6bc,9.4454
14,1,30000,0.837130,0.597243,165128,18238,566,biscoito,5bc43fb49d,9.7583
14,2,30000,0.837158,0.596934,165140,18224,564,biscoito,f0f85bcebe,10.1773
14,3,30000,0.837082,0.597751,165121,18216,567,biscoito,2a41fac733,9.9595
14,4,30000,0.837278,0.596870,165174,18230,566,biscoito,31cc4ef62d,9.9926
14,5,30000,0.837122,0.597727,165135,18226,567,biscoito,f50be3db68,10.4084
14,6,30000,0.837545,0.600948,165197,18269,567,biscoito,d240ed5e94,10.7668
14,7,30000,0.837226,0.597075,165111,18269,565,biscoito,2208519a2b,10.3154
14,8,30000,0.837178,0.598372,165148,18215,566,biscoito,b614a65617,9.8733
14,9,30000,0.837030,0.598173,165152,18244,566,biscoito,1b8b526140,9.8278
14,10,30000,0.837114,0.598521,165115,18243,565,biscoito,94a368936a,9.5823
14,11,30000,0.837182,0.598896,165082,18247,566,biscoito,991bf8e635,10.0513
14,12,30000,0.837322,0.596977,165190,18221,565,biscoito,d5d548d835,10.8845
14,13,30000,0.837078,0.598426,165133,18241,565,biscoito,be7279f6bc,9.4454
14,14,30000,0.837078,0.598426,165133,18241,565,biscoito,be7279f6bc,9.4454
14,15,30000,0.837066,0.598898,165103,18220,564,biscoito,24a379bd0c,9.7456
14,16,30000,0.837078,0.598426,165133,18241,565,biscoito,be7279f6bc,9.4454
14,17,30000,0.837222,0.597318,165142,18236,566,biscoito,f9a9f263f2,9.6151
14,18,30000,0.837082,0.596818,165155,18216,566,biscoito,ac8fb0be5f,9.5739
14,19,30000,0.837270,0.597082,165132,18209,566,biscoito,9662ae0ddf,10.0078
15,0,30000,0.837030,0.598173,165152,18244,566,biscoito,1b8b526140,9.8278
15,1,30000,0.837333,0.596942,165157,18244,563,biscoito,8e79f66f45,9.9982
15,2,30000,0.836850,0.599968,165108,18217,570,biscoito,68f20b3587,10.7211
15,3,30000,0.837238,0.599729,165127,18247,568,biscoito,d549e8bbf6,10.1751
15,4,30000,0.836958,0.598718,165104,18212,567,biscoito,3347971a4a,9.5450
15,5,30000,0.837078,0.598426,165133,18241,565,biscoito,be7279f6bc,9.4454
15,6,30000,0.837078,0.598426,165133,18241,565,biscoito,be7279f6bc,9.4454
15,7,30000,0.837178,0.598372,165148,18215,566,biscoito,b614a65617,9.8733
15,8,30000,0.837030,0.598173,165152,18244,566,biscoito,1b8b526140,9.8278
15,9,30000,0.837098,0.599122,165122,18238,565,biscoito,921496c7f7,10.7161
15,10,30000,0.837306,0.599767,165133,18216,564,biscoito,bbe0c9be88,10.2748
15,11,30000,0.837206,0.598191,165182,18228,566,biscoito,a2cd657505,10.6795
15,12,30000,0.837262,0.598968,165088,18242,567,biscoito,fb99415434,17.0809
15,13,30000,0.837062,0.598150,165160,18240,566,biscoito,e2721aebe1,10.8262
15,14,30000,0.837078,0.598513,165153,18251,565,biscoito,b5e0473f8e,10.9595
15,15,30000,0.837014,0.598501,165140,18240,566,biscoito,7e6b8b72df,10.3813
15,16,30000,0.837078,0.598426,165133,18241,565,biscoito,be7279f6bc,9.4454
15,17,30000,0.837082,0.596818,165155,18216,566,biscoito,ac8fb0be5f,9.5739
15,18,30000,0.837078,0.598426,165133,18241,565,biscoito,be7279f6bc,9.4454
15,19,30000,0.837929,0.601119,165120,18237,566,biscoito,497fea4102,11.8726
16,0,30000,0.836850,0.599968,165108,18217,570,biscoito,68f20b3587,10.7211
16,1,30000,0.837082,0.596818,165155,18216,566,biscoito,ac8fb0be5f,9.5739
16,2,30000,0.837062,0.598150,165160,18240,566,biscoito,e2721aebe1,10.8262
16,3,30000,0.836850,0.599968,165108,18217,570,biscoito,68f20b3587,10.7211
16,4,30000,0.837206,0.602183,165103,18222,569,biscoito,a855a51b08,10.5372
16,5,30000,0.837070,0.598412,165148,18237,565,biscoito,ace9c093a2,11.0970
16,6,30000,0.836950,0.598075,165178,18232,566,biscoito,0570341c0b,10.9167
16,7,30000,0.836974,0.598515,165120,18241,566,biscoito,600474ddc2,11.2586
16,8,30000,0.836802,0.599738,165152,18219,569,biscoito,ed72bc6d5f,13.7928
16,9,30000,0.837098,0.598357,165171,18245,567,biscoito,a1b451b615,11.5902
16,10,30000,0.836970,0.599159,165099,18220,566,biscoito,e169404243,10.6635
16,11,30000,0.837082,0.598618,165075,18246,566,biscoito,aaa166bf99,10.7580
16,12,30000,0.836970,0.598253,165181,18243,566,biscoito,74cb8fc208,11.5105
16,13,30000,0.837078,0.597685,165095,18241,564,biscoito,d4fae3dce5,10.7550
16,14,30000,0.836894,0.600090,165129,18222,570,biscoito,632bb001d7,15.0951
16,15,30000,0.837122,0.599952,165189,18265,567,biscoito,be4ad08b21,11.0935
16,16,30000,0.837170,0.598594,165127,18206,567,biscoito,9dcf36a128,10.9448
16,17,30000,0.837038,0.598149,165148,18243,566,biscoito,22237ab836,11.1126
16,18,30000,0.837018,0.598535,165110,18214,567,biscoito,704e00bb51,10.6442
16,19,30000,0.837361,0.601792,165174,18275,570,biscoito,b48a5f59db,11.5044
17,0,30000,0.836802,0.599738,165152,18219,569,biscoito,ed72bc6d5f,13.7928
17,1,30000,0.837250,0.600902,165147,18223,570,biscoito,e6fdf0e741,10.8776
17,2,30000,0.836898,0.600639,165128,18224,570,biscoito,c209980ef1,10.2917
17,3,30000,0.836798,0.599850,165132,18231,569,biscoito,9be7879a3b,11.2972
17,4,30000,0.836938,0.599947,165118,18225,570,biscoito,82eb77aa7a,10.1054
17,5,30000,0.837114,0.599349,165141,18249,566,biscoito,063ba05ab7,10.4760
17,6,30000,0.836551,0.598593,165120,18221,570,biscoito,949fafc166,10.1925
17,7,30000,0.837150,0.600632,165124,18227,569,biscoito,837beadde5,10.3727
17,8,30000,0.836970,0.598253,165181,18243,566,biscoito,74cb8fc208,11.5105
17,9,30000,0.836639,0.599244,165209,18219,567,biscoito,476379f996,10.3385
17,10,30000,0.836890,0.598771,165123,18231,568,biscoito,429737a969,10.4009
17,11,30000,0.837162,0.599973,165145,18219,569,biscoito,a4c719822e,10.2798
17,12,30000,0.836810,0.596048,165161,18243,566,biscoito,95ee9440b7,11.0370
17,13,30000,0.836850,0.599968,165108,18217,570,biscoito,68f20b3587,10.7211
17,14,30000,0.836850,0.599968,165108,18217,570,biscoito,68f20b3587,10.7211
17,15,30000,0.836954,0.599002,165088,18233,568,biscoito,3bff31a9be,9.9373
17,16,30000,0.836978,0.598848,165136,18237,567,biscoito,7d15381812,10.5186
17,17,30000,0.837493,0.599164,165025,18245,566,biscoito,acce8d6569,10.7469
17,18,30000,0.837306,0.599788,165146,18245,566,biscoito,46248c4ae1,10.4779
17,19,30000,0.837329,0.599250,165077,18220,569,biscoito,957845114f,10.2657
18,0,30000,0.836551,0.598593,165120,18221,570,biscoito,949fafc166,10.1925
18,1,30000,0.836730,0.599197,165184,18236,568,biscoito,4a83df33e2,11.0931
18,2,30000,0.836918,0.599811,165126,18203,568,biscoito,6151c0ea66,10.5908
18,3,30000,0.836662,0.595856,165111,18223,566,biscoito,2e8bfdca89,10.4416
18,4,30000,0.836978,0.599438,165186,18243,568,biscoito,cf4e3554a2,10.6433
18,5,30000,0.836822,0.598611,165105,18211,570,biscoito,f5036b889b,10.2720
18,6,30000,0.837242,0.603118,165189,18256,572,biscoito,ce03c9ab65,10.8234
18,7,30000,0.836998,0.597930,165171,18224,568,biscoito,009b19c36c,10.6892
18,8,30000,0.836918,0.599080,165167,18231,568,biscoito,3d7022a490,10.0473
18,9,30000,0.836770,0.600521,165091,18234,570,biscoito,dd836d3632,10.2773
18,10,30000,0.836635,0.598904,165145,18226,568,biscoito,5bfd4250a0,10.4260
18,11,30000,0.836650,0.597239,165119,18228,568,biscoito,407a92d407,10.3857
18,12,30000,0.837258,0.601110,165155,18225,570,biscoito,03644616c1,10.4329
18,13,30000,0.836798,0.599850,165132,18231,569,biscoito,9be7879a3b,11.2972
18,14,30000,0.836802,0.599738,165152,18219,569,biscoito,ed72bc6d5f,13.7928
18,15,30000,0.837106,0.599955,165148,18224,570,biscoito,1115ef79fd,10.3286
18,16,30000,0.837353,0.601832,165110,18237,571,biscoito,fbe87593c2,10.1430
18,17,30000,0.836611,0.599216,165206,18218,567,biscoito,a380569efb,10.6569
18,18,30000,0.837322,0.598763,165103,18247,567,biscoito,036f338bc2,12.4923
18,19,30000,0.836898,0.600639,165128,18224,570,biscoito,c209980ef1,10.2917
19,0,30000,0.836551,0.598593,165120,18221,570,biscoito,949fafc166,10.1925
19,1,30000,0.836790,0.600611,165093,18232,570,biscoito,f9266f98dc,10.6898
19,2,30000,0.836842,0.598569,165100,18217,570,biscoito,802774c122,13.5901
19,3,30000,0.836511,0.598534,165171,18221,568,biscoito,fa74ba46bc,11.3274
19,4,30000,0.836539,0.598449,165188,18234,568,biscoito,418b4d8d04,11.0913
19,5,30000,0.837074,0.599390,165131,18210,570,biscoito,1b74a72f06,11.2656
19,6,30000,0.837186,0.601914,165132,18269,570,biscoito,0106fdbe58,11.3416
19,7,30000,0.836531,0.597834,165138,18234,568,biscoito,57cd79c14f,11.2888
19,8,30000,0.836722,0.595962,165089,18227,568,biscoito,ce95e49a05,10.5013
19,9,30000,0.836790,0.601147,165116,18222,570,biscoito,ab0a5eb9af,11.0599
19,10,30000,0.837262,0.602574,165132,18263,570,biscoito,1b7dbe6259,10.5418
19,11,30000,0.836475,0.597556,165130,18229,568,biscoito,4c15669e1e,10.7552
19,12,30000,0.836694,0.598333,165105,18222,570,biscoito,6cd17525b0,14.2355
19,13,30000,0.836611,0.598648,165104,18218,568,biscoito,ced3e7f801,11.8281
19,14,30000,0.836926,0.599279,165099,18199,570,biscoito,632164ba04,11.6740
19,15,30000,0.836942,0.599295,165195,18246,568,biscoito,9c40494696,11.0495
19,16,30000,0.837553,0.600751,165173,18231,568,biscoito,0b20a58c96,10.9398
19,17,30000,0.836730,0.599197,165184,18236,568,biscoito,4a83df33e2,11.0931
19,18,30000,0.836730,0.599197,165184,18236,568,biscoito,4a83df33e2,11.0931
19,19,30000,0.836635,0.598904,165145,18226,568,biscoito,5bfd4250a0,10.4260
20,0,30000,0.836475,0.597556,165130,18229,568,biscoito,4c15669e1e,10.7552
20,1,30000,0.836926,0.599279,165099,18199,570,biscoito,632164ba04,11.6740
20,2,30000,0.836539,0.598449,165188,18234,568,biscoito,418b4d8d04,11.0913
20,3,30000,0.836670,0.599188,165161,18223,569,biscoito,fb4eca2f9e,12.6280
20,4,30000,0.836415,0.598991,165128,18219,569,biscoito,cb2b778671,11.0214
20,5,30000,0.836670,0.599837,165088,18222,570,biscoito,599951d914,11.2834
20,6,30000,0.836710,0.597468,165111,18250,568,biscoito,f2de32e7f3,10.7813
20,7,30000,0.836603,0.598839,165133,18217,570,biscoito,056685b51c,11.6253
20,8,30000,0.836842,0.596147,165141,18245,566,biscoito,867b6ea606,10.8604
20,9,30000,0.836519,0.597076,165108,18227,568,biscoito,1238461045,10.9900
20,10,30000,0.836635,0.598626,165115,18217,570,biscoito,50e26543a2,12.9591
20,11,30000,0.836778,0.599166,165116,18216,570,biscoito,a0db055bca,18.5843
20,12,30000,0.836726,0.598772,165171,18239,568,biscoito,2bf9ecd7b3,12.1493
20,13,30000,0.836722,0.599837,165171,18239,568,biscoito,f05a47caa4,11.4959
20,14,30000,0.836539,0.597649,165137,18239,568,biscoito,830d0ab3a0,10.8708
20,15,30000,0.836511,0.598534,165171,18221,568,biscoito,fa74ba46bc,11.3274
20,16,30000,0.836511,0.598534,165171,18221,568,biscoito,fa74ba46bc,11.3274
20,17,30000,0.836523,0.598591,165112,18222,568,biscoito,71fa480b14,10.6231
20,18,30000,0.836547,0.598958,165169,18233,568,biscoito,88885072c8,10.3912
20,19,30000,0.837254,0.599437,165096,18239,569,biscoito,7530936fd3,10.4049
21,0,30000,0.836415,0.598991,165128,18219,569,biscoito,cb2b778671,11.0214
21,1,30000,0.836603,0.598839,165133,18217,570,biscoito,056685b51c,11.6253
21,2,30000,0.836842,0.597996,165118,18229,570,biscoito,f95a4b6de1,11.1010
21,3,30000,0.836631,0.597458,165068,18230,567,biscoito,e7ed01f94b,11.6312
21,4,30000,0.836631,0.600063,165144,18230,569,biscoito,9986c4af74,15.5323
21,5,30000,0.836635,0.598626,165115,18217,570,biscoito,50e26543a2,12.9591
21,6,30000,0.837329,0.599642,165084,18214,570,biscoito,5eab35befc,11.1912
21,7,30000,0.836758,0.599406,165161,18231,568,biscoito,122f88046d,10.2608
21,8,30000,0.836523,0.599093,165202,18239,568,biscoito,fff5dc7085,11.2434
21,9,30000,0.836415,0.598991,165128,18219,569,biscoito,cb2b778671,11.0214
21,10,30000,0.836926,0.599279,165099,18199,570,biscoito,632164ba04,11.6740
21,11,30000,0.836822,0.599447,165106,18238,569,biscoito,02b56dd437,10.3383
21,12,30000,0.836439,0.599866,165122,18205,570,biscoito,9ba3c1a44a,10.0936
21,13,30000,0.836459,0.597913,165128,18227,569,biscoito,63114d5f98,9.9352
21,14,30000,0.836499,0.598804,165134,18234,568,biscoito,e2a1996063,10.3501
21,15,30000,0.836639,0.598374,165113,18212,570,biscoito,5408a1c391,10.4610
21,16,30000,0.836511,0.597799,165113,18241,568,biscoito,14ecfdec52,11.8716
21,17,30000,0.836471,0.597040,165148,18229,567,biscoito,7cee37953b,11.8162
21,18,30000,0.836603,0.598363,165141,18215,569,biscoito,c9f5ada79d,11.9107
21,19,30000,0.836519,0.597639,165140,18239,568,biscoito,cdadf5d3f3,11.0739
22,0,30000,0.836415,0.598991,165128,18219,569,biscoito,cb2b778671,11.0214
22,1,30000,0.836567,0.599354,165153,18221,569,biscoito,f8f1346eb3,10.7354
22,2,30000,0.836459,0.597913,165128,18227,569,biscoito,63114d5f98,9.9352
22,3,30000,0.836563,0.598262,165137,18217,569,biscoito,f4e1fbeec1,12.7587
22,4,30000,0.836455,0.599464,165147,18244,569,biscoito,ae1687b968,14.9572
22,5,30000,0.837070,0.601130,165099,18247,570,biscoito,b0b2ad8753,20.4455
22,6,30000,0.836471,0.597040,165148,18229,567,biscoito,7cee37953b,11.8162
22,7,30000,0.836503,0.598590,165130,18227,569,biscoito,db20106d18,19.2001
22,8,30000,0.836395,0.598327,165123,18217,569,biscoito,47523af0ca,20.1374
22,9,30000,0.836958,0.597071,165182,18263,567,biscoito,fd494c70be,16.3680
22,10,30000,0.836279,0.599808,165134,18218,570,biscoito,1fa80a673c,15.8429
22,11,30000,0.836802,0.599893,165125,18236,569,biscoito,09b4a76dc4,18.5164
22,12,30000,0.836499,0.599404,165152,18248,569,biscoito,9a1b5fd92e,18.4523
22,13,30000,0.836507,0.598590,165133,18227,569,biscoito,5b543d34dd,17.8498
22,14,30000,0.836411,0.598334,165127,18219,569,biscoito,a884963cda,15.4221
22,15,30000,0.836511,0.599645,165189,18238,569,biscoito,d3a9f499af,16.5411
22,16,30000,0.836523,0.600074,165047,18228,571,biscoito,7a83f58a82,14.9078
22,17,30000,0.836595,0.598455,165126,18238,568,biscoito,7929788edc,17.8022
22,18,30000,0.836363,0.598297,165124,18217,569,biscoito,da68ff61f6,16.3471
22,19,30000,0.836367,0.598301,165129,18218,569,biscoito,a20d2bf5ab,19.0166
23,0,30000,0.836279,0.599808,165134,18218,570,biscoito,1fa80a673c,15.8429
23,1,30000,0.836455,0.599464,165147,18244,569,biscoito,ae1687b968,14.9572
23,2,30000,0.836455,0.599464,165147,18244,569,biscoito,ae1687b968,14.9572
23,3,30000,0.836495,0.598800,165119,18226,569,biscoito,0e50b79f78,14.9957
23,4,30000,0.836387,0.599800,165141,18210,570,biscoito,c42b035f5d,15.6889
23,5,30000,0.836427,0.598993,165129,18220,569,biscoito,584075de30,14.4215
23,6,30000,0.836511,0.597908,165126,18227,569,biscoito,c34237e294,14.7700
23,7,30000,0.836279,0.599808,165134,18218,570,biscoito,1fa80a673c,15.8429
23,8,30000,0.836279,0.599808,165134,18218,570,biscoito,1fa80a673c,15.8429
23,9,30000,0.836591,0.598698,165141,18239,569,biscoito,d35622c976,15.3047
23,10,30000,0.836263,0.599732,165150,18221,569,biscoito,b66aadb428,14.0961
23,11,30000,0.836459,0.597913,165128,18227,569,biscoito,63114d5f98,9.9352
23,12,30000,0.836459,0.597913,165128,18227,569,biscoito,63114d5f98,9.9352
23,13,30000,0.836279,0.599808,165134,18218,570,biscoito,1fa80a673c,15.8429
23,14,30000,0.836279,0.599808,165134,18218,570,biscoito,1fa80a673c,15.8429
23,15,30000,0.836619,0.596489,165081,18234,566,biscoito,66d3852ae8,14.3618
23,16,30000,0.836583,0.599424,165063,18225,571,biscoito,381f1a3ada,14.1390
23,17,30000,0.836363,0.598297,165124,18217,569,biscoito,da68ff61f6,16.3471
23,18,30000,0.836455,0.599464,165147,18244,569,biscoito,ae1687b968,14.9572
23,19,30000,0.836543,0.598615,165133,18226,569,biscoito,f3c55cebbc,13.7439
24,0,30000,0.836263,0.599732,165150,18221,569,biscoito,b66aadb428,14.0961
24,1,30000,0.836279,0.599808,165134,18218,570,biscoito,1fa80a673c,15.8429
24,2,30000,0.836279,0.599808,165134,18218,570,biscoito,1fa80a673c,15.8429
24,3,30000,0.836179,0.600786,165178,18242,570,biscoito,af67e71cbe,13.8473
24,4,30000,0.836335,0.600618,165133,18197,573,biscoito,5d6c14944d,16.2506
24,5,30000,0.836279,0.599808,165134,18218,570,biscoito,1fa80a673c,15.8429
24,6,30000,0.836279,0.599808,165134,18218,570,biscoito,1fa80a673c,15.8429
24,7,30000,0.836387,0.599800,165141,18210,570,biscoito,c42b035f5d,15.6889
24,8,30000,0.836387,0.599800,165141,18210,570,biscoito,c42b035f5d,15.6889
24,9,30000,0.836435,0.598989,165132,18221,569,biscoito,0893d66a81,14.7346
24,10,30000,0.836255,0.599734,165144,18220,569,biscoito,25698d3e7b,13.7254
24,11,30000,0.836327,0.599054,165110,18230,569,biscoito,8a0f8327d4,14.2383
24,12,30000,0.836311,0.598871,165181,18229,569,biscoito,a331b85b66,13.8014
24,13,30000,0.836635,0.600148,165092,18223,571,biscoito,bcbe0a5b62,13.4195
24,14,30000,0.836475,0.599452,165136,18242,569,biscoito,bfe7ffb087,14.0930
24,15,30000,0.836547,0.600214,165133,18212,570,biscoito,f357e91cd8,13.9980
24,16,30000,0.836211,0.598310,165136,18220,569,biscoito,97876792bd,13.4024
24,17,30000,0.836279,0.599808,165134,18218,570,biscoito,1fa80a673c,15.8429
24,18,30000,0.836279,0.599808,165134,18218,570,biscoito,1fa80a673c,15.8429
24,19,30000,0.836271,0.599799,165153,18223,569,biscoito,d6e9ad70c3,14.4679
25,0,30000,0.836179,0.600786,165178,18242,570,biscoito,af67e71cbe,13.8473
25,1,30000,0.836315,0.600371,165166,18233,569,biscoito,c8ebfb4411,14.7302
25,2,30000,0.836279,0.599808,165134,18218,570,biscoito,1fa80a673c,15.8429
25,3,30000,0.836491,0.600620,165145,18215,570,biscoito,18061e3507,15.4195
25,4,30000,0.836311,0.598871,165181,18229,569,biscoito,a331b85b66,13.8014
25,5,30000,0.836451,0.598463,165127,18219,569,biscoito,3086bd5989,14.2606
25,6,30000,0.835828,0.598511,165203,18236,568,biscoito,a769bb6e5e,15.5655
25,7,30000,0.836331,0.598237,165120,18223,569,biscoito,81f2624812,15.4616
25,8,30000,0.836383,0.600067,165132,18211,570,biscoito,94f6e2ca99,29.8267
25,9,30000,0.836435,0.599652,165062,18196,572,biscoito,72ba236ae9,20.5529
25,10,30000,0.836515,0.600620,165208,18221,569,biscoito,b5dbae5f75,17.8703
25,11,30000,0.836379,0.600207,165135,18214,570,biscoito,ab5664ce3e,14.7381
25,12,30000,0.836491,0.598595,165119,18229,569,biscoito,011e09bf5c,14.3777
25,13,30000,0.836179,0.600786,165178,18242,570,biscoito,af67e71cbe,13.8473
25,14,30000,0.836279,0.599808,165134,18218,570,biscoito,1fa80a673c,15.8429
25,15,30000,0.836615,0.599654,165134,18218,570,biscoito,f44f981cdf,13.2388
25,16,30000,0.836279,0.599808,165134,18218,570,biscoito,1fa80a673c,15.8429
25,17,30000,0.836135,0.599755,165155,18226,569,biscoito,9af1517aca,13.6013
25,18,30000,0.836359,0.598288,165127,18217,569,biscoito,537324bcf6,13.5102
25,19,30000,0.836311,0.601199,165121,18194,573,biscoito,6150cc0f79,13.5612
26,0,30000,0.835828,0.598511,165203,18236,568,biscoito,a769bb6e5e,15.5655
26,1,30000,0.836179,0.600786,165178,18242,570,biscoito,af67e71cbe,13.8473
26,2,30000,0.836179,0.600786,165178,18242,570,biscoito,af67e71cbe,13.8473
26,3,30000,0.835884,0.599545,165195,18237,569,biscoito,b0d6110545,13.6363
26,4,30000,0.836187,0.599634,165174,18240,569,biscoito,3d6bb1a815,13.5933
26,5,30000,0.836491,0.599590,165188,18206,569,biscoito,7471f44e32,15.2812
26,6,30000,0.835983,0.599726,165170,18242,569,biscoito,5d7b6883b2,14.1818
26,7,30000,0.836135,0.599755,165155,18226,569,biscoito,9af1517aca,13.6013
26,8,30000,0.836135,0.599755,165155,18226,569,biscoito,9af1517aca,13.6013
26,9,30000,0.835956,0.599459,165164,18242,569,biscoito,ccc6fe8f9a,13.5439
26,10,30000,0.836339,0.600345,165136,18214,570,biscoito,61f086964c,14.9017
26,11,30000,0.835772,0.598428,165201,18237,568,biscoito,477d0001a2,14.0185
26,12,30000,0.836331,0.598960,165173,18224,569,biscoito,8922157d08,15.5560
26,13,30000,0.836315,0.600371,165166,18233,569,biscoito,c8ebfb4411,14.7302
26,14,30000,0.836391,0.600923,165199,18251,569,biscoito,b2aa08dd5b,13.2409
26,15,30000,0.836259,0.600452,165159,18224,570,biscoito,480e5ff02a,14.5186
26,16,30000,0.836467,0.598144,165090,18216,569,biscoito,89f8fa80b9,16.8077
26,17,30000,0.836135,0.599755,165155,18226,569,biscoito,9af1517aca,13.6013
26,18,30000,0.836279,0.599808,165134,18218,570,biscoito,1fa80a673c,15.8429
26,19,30000,0.835780,0.598453,165198,18237,568,biscoito,14d8d6003e,13.6026
27,0,30000,0.835772,0.598428,165201,18237,568,biscoito,477d0001a2,14.0185
27,1,30000,0.836123,0.599531,165158,18240,569,biscoito,5be0600e4a,14.1103
27,2,30000,0.835844,0.599437,165192,18236,569,biscoito,cd77d39c6e,13.4771
27,3,30000,0.836119,0.599642,165155,18225,569,biscoito,535d19dc44,18.3554
27,4,30000,0.836159,0.599336,165184,18204,569,biscoito,425251a131,15.5322
27,5,30000,0.835983,0.599726,165170,18242,569,biscoito,5d7b6883b2,14.1818
27,6,30000,0.836223,0.600685,165117,18235,569,biscoito,4ce069b3fe,13.8700
27,7,30000,0.836163,0.599843,165151,18223,569,biscoito,3daa141957,13.9377
27,8,30000,0.835848,0.599454,165200,18239,569,biscoito,4d4eaade79,10.7614
27,9,30000,0.835772,0.598428,165201,18237,568,biscoito,477d0001a2,14.0185
27,10,30000,0.835780,0.598453,165198,18237,568,biscoito,14d8d6003e,13.6026
27,11,30000,0.835987,0.599531,165182,18246,569,biscoito,cc76ce1b59,10.8301
27,12,30000,0.835975,0.601628,165169,18235,570,biscoito,a7a8f1e192,10.7802
27,13,30000,0.836135,0.599755,165155,18226,569,biscoito,9af1517aca,13.6013
27,14,30000,0.836255,0.599938,165088,18235,569,biscoito,3a4866e9f7,10.7241
27,15,30000,0.836011,0.599174,165159,18220,569,biscoito,dd34d75901,9.9951
27,16,30000,0.836495,0.599404,165177,18235,569,biscoito,7fa0766e4e,10.6455
27,17,30000,0.836207,0.601043,165156,18228,570,biscoito,350731d6b1,9.7718
27,18,30000,0.836123,0.599487,165169,18244,569,biscoito,0852606962,10.3735
27,19,30000,0.835772,0.598427,165200,18238,568,biscoito,c55338a815,9.9055
28,0,30000,0.835772,0.598428,165201,18237,568,biscoito,477d0001a2,14.0185
28,1,30000,0.836151,0.599164,165166,18234,569,biscoito,95fb762d74,10.4472
28,2,30000,0.835840,0.598774,165179,18220,568,biscoito,cd5ee0bed4,9.6768
28,3,30000,0.835948,0.599664,165216,18263,567,biscoito,3e36794b1d,10.7415
28,4,30000,0.836159,0.600549,165127,18238,570,biscoito,f93ddaf874,9.9749
28,5,30000,0.836047,0.599325,165154,18224,569,biscoito,d6b88c22a1,10.4918
28,6,30000,0.836219,0.600490,165146,18241,569,biscoito,fe0aadccd6,10.4674
28,7,30000,0.836003,0.600155,165185,18235,570,biscoito,5daff6d8ef,10.2669
28,8,30000,0.836399,0.601478,165097,18271,570,biscoito,57a4ba088c,9.7095
28,9,30000,0.835772,0.598428,165201,18237,568,biscoito,477d0001a2,14.0185
28,10,30000,0.835768,0.598427,165202,18238,568,biscoito,b2341bdb25,10.7830
28,11,30000,0.835904,0.599725,165205,18240,569,biscoito,e3c07b92fe,10.1749
28,12,30000,0.835744,0.598185,165192,18235,568,biscoito,379cd530c2,10.5364
28,13,30000,0.835728,0.597915,165173,18243,568,biscoito,cb796df97c,10.1076
28,14,30000,0.836423,0.601371,165194,18223,570,biscoito,747723c163,10.1278
28,15,30000,0.835792,0.599451,165192,18233,569,biscoito,37984549a3,9.9129
28,16,30000,0.835840,0.599669,165194,18242,569,biscoito,81964afa6a,10.1560
28,17,30000,0.835688,0.598365,165189,18233,568,biscoito,e1f9e43d81,10.5167
28,18,30000,0.836167,0.599788,165156,18225,569,biscoito,092bdce88c,14.7435
28,19,30000,0.836011,0.599174,165159,18220,569,biscoito,dd34d75901,9.9951
29,0,30000,0.835688,0.598365,165189,18233,568,biscoito,e1f9e43d81,10.5167
29,1,30000,0.835732,0.598244,165176,18233,568,biscoito,34803ced3e,10.5652
29,2,30000,0.836559,0.598294,165169,18214,568,biscoito,9ee6a925bc,10.2185
29,3,30000,0.835856,0.599545,165192,18241,569,biscoito,daec8fbb8d,11.2002
29,4,30000,0.835764,0.598190,165196,18235,568,biscoito,839b869caa,10.4581
29,5,30000,0.835768,0.598427,165202,18238,568,biscoito,b2341bdb25,10.7830
29,6,30000,0.835772,0.598428,165201,18237,568,biscoito,477d0001a2,14.0185
29,7,30000,0.835848,0.598805,165187,18225,568,biscoito,6b43b61781,10.3109
29,8,30000,0.835780,0.598791,165198,18226,568,biscoito,257b2662ff,10.1428
29,9,30000,0.835840,0.599669,165195,18242,569,biscoito,0c74c21392,9.8439
29,10,30000,0.835772,0.598428,165202,18236,568,biscoito,394b9679ae,10.9180
29,11,30000,0.835524,0.597976,165182,18249,568,biscoito,8a2a8be041,10.7271
29,12,30000,0.835712,0.596874,165195,18237,568,biscoito,c912866ae2,10.8014
29,13,30000,0.836151,0.598351,165217,18257,568,biscoito,aaa442ca53,9.9880
29,14,30000,0.835740,0.598410,165198,18243,568,biscoito,27a43e35e1,10.4425
29,15,30000,0.835744,0.598185,165192,18235,568,biscoito,379cd530c2,10.5364
29,16,30000,0.835840,0.599669,165194,18242,569,biscoito,81964afa6a,10.1560
29,17,30000,0.835764,0.598525,165188,18247,568,biscoito,b269c6822d,10.0194
29,18,30000,0.835768,0.599144,165184,18246,567,biscoito,4b9a0ec293,10.1348
29,19,30000,0.835576,0.598333,165189,18238,568,biscoito,a8499adb6a,11.9438
30,0,30000,0.835524,0.597976,165182,18249,568,biscoito,8a2a8be041,10.7271
30,1,30000,0.835952,0.597860,165180,18249,568,biscoito,94c8deb709,13.3840
30,2,30000,0.835616,0.598438,165187,18235,568,biscoito,94516e7b7b,11.1440
30,3,30000,0.835748,0.597554,165208,18241,569,biscoito,60d317eaf1,10.8958
30,4,30000,0.835680,0.598368,165190,18230,568,biscoito,1c51cf2b25,10.0939
30,5,30000,0.835688,0.598365,165189,18233,568,biscoito,e1f9e43d81,10.5167
30,6,30000,0.835948,0.598806,165145,18241,568,biscoito,f0085d41ad,10.0233
30,7,30000,0.836079,0.598995,165199,18238,569,biscoito,f383c90a93,10.7077
30,8,30000,0.835828,0.597247,165202,18233,568,biscoito,826b3e564a,9.8474
30,9,30000,0.836499,0.599459,165109,18227,568,biscoito,31c24f4bf4,9.8480
30,10,30000,0.835712,0.596874,165195,18237,568,biscoito,c912866ae2,10.8014
30,11,30000,0.835524,0.597976,165182,18249,568,biscoito,8a2a8be041,10.7271
30,12,30000,0.835524,0.597976,165182,18249,568,biscoito,8a2a8be041,10.7271
30,13,30000,0.836127,0.599357,165233,18229,568,biscoito,edb4260399,10.1437
30,14,30000,0.835652,0.598872,165189,18239,568,biscoito,71c18f7262,12.2756
30,15,30000,0.835720,0.598378,165193,18231,568,biscoito,9173467fc0,15.9555
30,16,30000,0.835480,0.597336,165167,18239,568,biscoito,6a6bc5ab7a,10.7299
30,17,30000,0.835716,0.598465,165166,18233,568,biscoito,df80ee28aa,10.3485
30,18,30000,0.835736,0.598325,165234,18249,568,biscoito,0d7ce005a8,10.2929
30,19,30000,0.835776,0.598311,165187,18243,568,biscoito,122d97ba19,10.0948
31,0,30000,0.835480,0.597336,165167,18239,568,biscoito,6a6bc5ab7a,10.7299
31,1,30000,0.835524,0.597976,165182,18249,568,biscoito,8a2a8be041,10.7271
31,2,30000,0.835620,0.597492,165210,18250,566,biscoito,5487edb336,11.9356
31,3,30000,0.835632,0.598062,165211,18246,568,biscoito,159fd29470,12.4967
31,4,30000,0.835620,0.598748,165175,18245,568,biscoito,87e2e42a2a,11.5720
31,5,30000,0.835165,0.597709,165135,18251,568,biscoito,50e6d1beff,11.5516
31,6,30000,0.835840,0.597608,165210,18234,568,biscoito,4070d30f8f,10.6494
31,7,30000,0.835596,0.598364,165192,18243,568,biscoito,f1cb88237f,11.4535
31,8,30000,0.835644,0.598114,165168,18229,568,biscoito,d80ea3a623,11.3859
31,9,30000,0.835524,0.597976,165182,18249,568,biscoito,8a2a8be041,10.7271
31,10,30000,0.835480,0.597336,165167,18239,568,biscoito,6a6bc5ab7a,10.7299
31,11,30000,0.835480,0.597336,165167,18239,568,biscoito,6a6bc5ab7a,10.7299
31,12,30000,0.835532,0.599785,165169,18241,570,biscoito,3a768355e3,11.2090
31,13,30000,0.835736,0.598141,165182,18235,568,biscoito,4b66d2ce79,11.0125
31,14,30000,0.835656,0.597585,165183,18233,566,biscoito,8c76fc6488,11.0351
31,15,30000,0.835524,0.597976,165182,18249,568,biscoito,8a2a8be041,10.7271
31,16,30000,0.835688,0.598365,165189,18233,568,biscoito,e1f9e43d81,10.5167
31,17,30000,0.835356,0.597746,165166,18233,569,biscoito,a427673bab,11.3451
31,18,30000,0.835967,0.597359,165193,18239,569,biscoito,80a93908e4,12.9461
31,19,30000,0.835748,0.598188,165207,18241,568,biscoito,1bd60ef535,11.0648
32,0,30000,0.835165,0.597709,165135,18251,568,biscoito,50e6d1beff,11.5516
32,1,30000,0.835868,0.597750,165215,18248,567,biscoito,4edf99aab7,10.7988
32,2,30000,0.835420,0.597470,165158,18244,568,biscoito,f9de817dcb,10.5950
32,3,30000,0.835165,0.597709,165135,18251,568,biscoito,50e6d1beff,11.5516
32,4,30000,0.835596,0.597466,165184,18270,569,biscoito,b7141d19d3,11.5123
32,5,30000,0.835604,0.597611,165180,18248,568,biscoito,e118969824,10.9134
32,6,30000,0.835396,0.597735,165164,18239,568,biscoito,0df7975604,13.1446
32,7,30000,0.835480,0.597336,165167,18239,568,biscoito,6a6bc5ab7a,10.7299
32,8,30000,0.835480,0.597336,165167,18239,568,biscoito,6a6bc5ab7a,10.7299
32,9,30000,0.835265,0.598527,165167,18239,568,biscoito,b762e4c85d,11.7589
32,10,30000,0.835488,0.598059,165102,18249,568,biscoito,0c0adbcf13,13.0464
32,11,30000,0.835700,0.599464,165142,18258,569,biscoito,3939392276,11.0233
32,12,30000,0.835400,0.597434,165164,18253,568,biscoito,4b96d14264,11.4848
32,13,30000,0.835700,0.598344,165227,18258,567,biscoito,76b3226d68,10.3637
32,14,30000,0.835788,0.599305,165186,18240,569,biscoito,90d9435d88,11.1565
32,15,30000,0.836275,0.597403,165219,18225,568,biscoito,b54dd194f8,10.7795
32,16,30000,0.835892,0.598118,165188,18255,566,biscoito,5e89e69d9a,10.6081
32,17,30000,0.835504,0.598051,165177,18239,568,biscoito,22428de380,10.3479
32,18,30000,0.835273,0.597490,165165,18244,568,biscoito,4cd0b7fdd4,10.7327
32,19,30000,0.835548,0.598039,165184,18233,568,biscoito,b48e0c98a5,11.0452
33,0,30000,0.835165,0.597709,165135,18251,568,biscoito,50e6d1beff,11.5516
33,1,30000,0.836007,0.598881,165214,18227,568,biscoito,a9e11485f5,10.5602
33,2,30000,0.835324,0.598801,165136,18244,568,biscoito,f62af72c32,10.6612
33,3,30000,0.835712,0.597979,165136,18243,568,biscoito,4789fbf453,10.3835
33,4,30000,0.835664,0.596538,165200,18250,568,biscoito,ed9cba3ab0,10.7104
33,5,30000,0.836323,0.598269,165133,18258,569,biscoito,9cc3d4d83a,9.8188
33,6,30000,0.835316,0.598498,165170,18237,568,biscoito,306f5ee3f1,10.4975
33,7,30000,0.835201,0.597793,165069,18280,568,biscoito,f40fb9b85d,10.6867
33,8,30000,0.835528,0.597185,165098,18231,569,biscoito,e3f95db793,10.9172
33,9,30000,0.835768,0.598267,165180,18267,569,biscoito,e4a844fddc,10.5315
33,10,30000,0.835668,0.598045,165135,18255,567,biscoito,5bbc2da60b,12.2444
33,11,30000,0.836303,0.601149,165113,18222,570,biscoito,5de10a720b,11.4221
33,12,30000,0.835332,0.598112,165134,18258,568,biscoito,8a0c6c7f58,11.6976
33,13,30000,0.834929,0.598404,165139,18256,567,biscoito,dfb807ce31,10.1299
33,14,30000,0.835165,0.597709,165135,18251,568,biscoito,50e6d1beff,11.5516
33,15,30000,0.835540,0.598463,165111,18239,568,biscoito,f7e6e0c23d,11.2052
33,16,30000,0.835165,0.597709,165135,18251,568,biscoito,50e6d1beff,11.5516
33,17,30000,0.835265,0.598527,165167,18239,568,biscoito,b762e4c85d,11.7589
33,18,30000,0.835265,0.598527,165167,18239,568,biscoito,b762e4c85d,11.7589
33,19,30000,0.835720,0.596818,165094,18240,567,biscoito,0f93877889,12.5945
34,0,30000,0.834929,0.598404,165139,18256,567,biscoito,dfb807ce31,10.1299
34,1,30000,0.835165,0.597709,165135,18251,568,biscoito,50e6d1beff,11.5516
34,2,30000,0.835420,0.599348,165120,18269,568,biscoito,d1388cf526,12.9094
34,3,30000,0.835105,0.598570,165136,18260,567,biscoito,c797f9c348,14.4543
34,4,30000,0.835169,0.597949,165137,18254,568,biscoito,e5959b6d57,11.4278
34,5,30000,0.835269,0.597884,165153,18257,568,biscoito,88a1f54d49,13.5432
34,6,30000,0.835133,0.598665,165123,18244,569,biscoito,af94090b93,14.0942
34,7,30000,0.835336,0.597621,165164,18254,568,biscoito,fb95b02568,10.7472
34,8,30000,0.835249,0.596603,165188,18245,568,biscoito,26b97f9254,11.7505
34,9,30000,0.835165,0.597709,165135,18251,568,biscoito,50e6d1beff,11.5516
34,10,30000,0.835165,0.597709,165135,18251,568,biscoito,50e6d1beff,11.5516
34,11,30000,0.835316,0.598498,165170,18237,568,biscoito,306f5ee3f1,10.4975
34,12,30000,0.835165,0.597709,165135,18251,568,biscoito,50e6d1beff,11.5516
34,13,30000,0.835296,0.598697,165073,18266,570,biscoito,2424b24323,11.4204
34,14,30000,0.835165,0.597709,165135,18251,568,biscoito,50e6d1beff,11.5516
34,15,30000,0.835165,0.597709,165135,18251,568,biscoito,50e6d1beff,11.5516
34,16,30000,0.835165,0.597709,165135,18251,568,biscoito,50e6d1beff,11.5516
34,17,30000,0.835372,0.598374,165140,18246,568,biscoito,4b35b5bbeb,9.5656
34,18,30000,0.835728,0.598670,165175,18263,569,biscoito,658d681d48,11.9770
34,19,30000,0.835265,0.598527,165167,18239,568,biscoito,b762e4c85d,11.7589
35,0,30000,0.834929,0.598404,165139,18256,567,biscoito,dfb807ce31,10.1299
35,1,30000,0.835137,0.598241,165151,18260,567,biscoito,f21a4c9a2c,10.7536
35,2,30000,0.834865,0.598250,165124,18252,568,biscoito,d7af0a9ae1,11.0621
35,3,30000,0.835269,0.597039,165174,18257,567,biscoito,553d80b103,10.3779
35,4,30000,0.835165,0.597709,165135,18251,568,biscoito,50e6d1beff,11.5516
35,5,30000,0.835165,0.597709,165135,18251,568,biscoito,50e6d1beff,11.5516
35,6,30000,0.835165,0.597709,165135,18251,568,biscoito,50e6d1beff,11.5516
35,7,30000,0.835165,0.597709,165135,18251,568,biscoito,50e6d1beff,11.5516
35,8,30000,0.835133,0.598665,165123,18244,569,biscoito,af94090b93,14.0942
35,9,30000,0.835165,0.597709,165135,18251,568,biscoito,50e6d1beff,11.5516
35,10,30000,0.835165,0.597709,165135,18251,568,biscoito,50e6d1beff,11.5516
35,11,30000,0.835165,0.597709,165135,18251,568,biscoito,50e6d1beff,11.5516
35,12,30000,0.834757,0.596304,165157,18250,568,biscoito,1d57cc1961,10.3311
35,13,30000,0.835269,0.597884,165153,18257,568,biscoito,88a1f54d49,13.5432
35,14,30000,0.835165,0.597709,165135,18251,568,biscoito,50e6d1beff,11.5516
35,15,30000,0.835101,0.598300,165136,18245,567,biscoito,e5ac6f6cb1,10.7042
35,16,30000,0.835165,0.599603,165161,18275,569,biscoito,6289a0177d,9.6780
35,17,30000,0.835165,0.597709,165135,18251,568,biscoito,50e6d1beff,11.5516
35,18,30000,0.835133,0.598665,165123,18244,569,biscoito,af94090b93,14.0942
35,19,30000,0.835384,0.598847,165145,18248,567,biscoito,dbc0457324,10.0402
36,0,30000,0.834757,0.596304,165157,18250,568,biscoito,1d57cc1961,10.3311
36,1,30000,0.835165,0.597709,165135,18251,568,biscoito,50e6d1beff,11.5516
36,2,30000,0.835165,0.597709,165135,18251,568,biscoito,50e6d1beff,11.5516
36,3,30000,0.835005,0.597114,165158,18253,568,biscoito,764263ecbf,9.5496
36,4,30000,0.834973,0.597980,165128,18244,569,biscoito,ae83c6693a,10.0154
36,5,30000,0.835133,0.598665,165123,18244,569,biscoito,af94090b93,14.0942
36,6,30000,0.834865,0.598250,165124,18252,568,biscoito,d7af0a9ae1,11.0621
36,7,30000,0.835165,0.597709,165135,18251,568,biscoito,50e6d1beff,11.5516
36,8,30000,0.835496,0.597846,165127,18239,568,biscoito,cebfbd10bc,10.0358
36,9,30000,0.835161,0.597539,165141,18236,567,biscoito,5d9dccab13,9.7160
36,10,30000,0.835644,0.600121,165151,18279,569,biscoito,1be57fc7fa,10.3388
36,11,30000,0.834705,0.596720,165131,18242,567,biscoito,893f29c113,10.0935
36,12,30000,0.835304,0.598752,165165,18276,568,biscoito,2cb71115ed,10.0027
36,13,30000,0.835181,0.599316,165139,18256,569,biscoito,8590dec4bf,9.7980
36,14,30000,0.835217,0.596940,165117,18233,567,biscoito,8ad1513f00,10.7361
36,15,30000,0.834865,0.598250,165124,18252,568,biscoito,d7af0a9ae1,11.0621
36,16,30000,0.835165,0.597709,165135,18251,568,biscoito,50e6d1beff,11.5516
36,17,30000,0.835165,0.597709,165135,18251,568,biscoito,50e6d1beff,11.5516
36,18,30000,0.835165,0.597709,165135,18251,568,biscoito,50e6d1beff,11.5516
36,19,30000,0.834721,0.597030,165143,18243,568,biscoito,2653cb04d5,10.9561
37,0,30000,0.834705,0.596720,165131,18242,567,biscoito,893f29c113,10.0935
37,1,30000,0.835269,0.597539,165125,18252,567,biscoito,b362dc1851,11.5039
37,2,30000,0.835109,0.598149,165135,18238,568,biscoito,e8efe36036,11.3526
37,3,30000,0.834865,0.598250,165124,18252,568,biscoito,d7af0a9ae1,11.0621
37,4,30000,0.834865,0.598250,165124,18252,568,biscoito,d7af0a9ae1,11.0621
37,5,30000,0.835005,0.597114,165158,18253,568,biscoito,764263ecbf,9.5496
37,6,30000,0.835165,0.597709,165135,18251,568,biscoito,50e6d1beff,11.5516
37,7,30000,0.835041,0.597351,165152,18252,568,biscoito,431eba049b,10.2131
37,8,30000,0.834869,0.596639,165140,18249,568,biscoito,86f6cdf3f8,11.3200
37,9,30000,0.835097,0.599723,165072,18263,568,biscoito,5a3f836527,13.6873
37,10,30000,0.835336,0.597650,165118,18241,567,biscoito,73ef7a99f8,9.9814
37,11,30000,0.834861,0.596587,165135,18243,568,biscoito,94afdb541e,10.3383
37,12,30000,0.835149,0.597626,165145,18253,568,biscoito,c14ddcc88a,10.2382
37,13,30000,0.834749,0.595521,165143,18241,566,biscoito,6af1653d6b,9.9912
37,14,30000,0.834853,0.599709,165112,18251,570,biscoito,13851febce,10.1069
37,15,30000,0.835173,0.598400,165138,18257,568,biscoito,50869e8b1e,10.4925
37,16,30000,0.835308,0.595187,165112,18262,567,biscoito,8b77a32de4,9.5356
37,17,30000,0.834745,0.597726,165134,18250,569,biscoito,058335fa19,9.8696
37,18,30000,0.834929,0.597302,165138,18236,568,biscoito,642062ef64,10.2844
37,19,30000,0.835241,0.596820,165153,18275,567,biscoito,53ea9bcd19,10.3339
38,0,30000,0.834705,0.596720,165131,18242,567,biscoito,893f29c113,10.0935
38,1,30000,0.834937,0.598833,165147,18243,569,biscoito,206fee6976,10.5648
38,2,30000,0.834993,0.596938,165164,18265,568,biscoito,7baa0ebbd8,13.0193
38,3,30000,0.834621,0.595555,165187,18248,568,biscoito,817a3ce011,10.2306
38,4,30000,0.834777,0.597931,165160,18254,569,biscoito,68ca00e1a0,9.9526
38,5,30000,0.834865,0.598250,165124,18252,568,biscoito,d7af0a9ae1,11.0621
38,6,30000,0.834865,0.598250,165124,18252,568,biscoito,d7af0a9ae1,11.0621
38,7,30000,0.835452,0.599770,165193,18235,569,biscoito,1d507a3637,9.8991
38,8,30000,0.835109,0.598149,165135,18238,568,biscoito,e8efe36036,11.3526
38,9,30000,0.835137,0.598609,165131,18257,569,biscoito,8c898a4533,10.2761
38,10,30000,0.834861,0.597755,165132,18249,568,biscoito,68dc8e0c03,13.6094
38,11,30000,0.834785,0.596707,165124,18254,567,biscoito,e0f642adcb,13.4495
38,12,30000,0.834737,0.598393,165123,18241,569,biscoito,c3ecdbd3e5,11.4904
38,13,30000,0.834813,0.599131,165129,18234,568,biscoito,5f047d686c,10.9812
38,14,30000,0.834685,0.595747,165138,18251,567,biscoito,5fd8fc4daa,11.3574
38,15,30000,0.835300,0.598040,165150,18239,569,biscoito,a9b17e5274,11.1412
38,16,30000,0.834745,0.597726,165134,18250,569,biscoito,058335fa19,9.8696
38,17,30000,0.834865,0.598250,165124,18252,568,biscoito,d7af0a9ae1,11.0621
38,18,30000,0.834745,0.597726,165134,18250,569,biscoito,058335fa19,9.8696
38,19,30000,0.834717,0.597188,165154,18250,567,biscoito,0865a0f55c,11.4570
39,0,30000,0.834621,0.595555,165187,18248,568,biscoito,817a3ce011,10.2306
39,1,30000,0.834761,0.597257,165191,18249,569,biscoito,813c98ca4c,13.6849
39,2,30000,0.834645,0.596752,165113,18241,568,biscoito,5f6a30ae28,13.3862
39,3,30000,0.834821,0.597970,165122,18250,569,biscoito,a8dd0d5b90,10.4529
39,4,30000,0.834713,0.595572,165157,18251,567,biscoito,299494eab1,10.9714
39,5,30000,0.834745,0.597726,165134,18250,569,biscoito,058335fa19,9.8696
39,6,30000,0.835097,0.596897,165109,18218,567,biscoito,99754abedb,18.0223
39,7,30000,0.834705,0.597713,165155,18252,569,biscoito,b1675ffba1,15.2461
39,8,30000,0.834621,0.595555,165187,18248,568,biscoito,817a3ce011,10.2306
39,9,30000,0.834713,0.598687,165129,18239,569,biscoito,e93408d1f8,11.8716
39,10,30000,0.834617,0.595808,165131,18247,567,biscoito,b00ef1b571,12.1201
39,11,30000,0.834621,0.595555,165187,18248,568,biscoito,817a3ce011,10.2306
39,12,30000,0.834825,0.596364,165240,18273,569,biscoito,f1238aa430,11.0047
39,13,30000,0.834937,0.597795,165138,18250,567,biscoito,0948a75664,10.8410
39,14,30000,0.834825,0.597492,165098,18236,568,biscoito,d309bb3659,10.7513
39,15,30000,0.834725,0.596717,165130,18241,567,biscoito,ff88b0a697,11.5862
39,16,30000,0.834697,0.598386,165122,18240,569,biscoito,28dac29247,12.3368
39,17,30000,0.835284,0.599195,165151,18240,570,biscoito,8bfb687c0c,10.6766
39,18,30000,0.834621,0.596164,165186,18259,567,biscoito,c62d58aac8,13.8598
39,19,30000,0.834705,0.596720,165131,18242,567,biscoito,893f29c113,10.0935
40,0,30000,0.834617,0.595808,165131,18247,567,biscoito,b00ef1b571,12.1201
40,1,30000,0.834589,0.596672,165220,18251,568,biscoito,a038579434,11.3737
40,2,30000,0.834589,0.595049,165136,18256,567,biscoito,0769022def,10.7997
40,3,30000,0.834713,0.597591,165205,18273,569,biscoito,4cc3cb6dce,10.7804
40,4,30000,0.834570,0.595940,165139,18234,568,biscoito,aef7ce58a7,10.2973
40,5,30000,0.834601,0.595823,165119,18245,567,biscoito,20efe87443,10.0240
40,6,30000,0.834729,0.598393,165131,18240,569,biscoito,b58376510d,9.7216
40,7,30000,0.834621,0.596164,165186,18259,567,biscoito,c62d58aac8,13.8598
40,8,30000,0.834617,0.595808,165131,18247,567,biscoito,b00ef1b571,12.1201
40,9,30000,0.834677,0.595899,165115,18251,568,biscoito,720a37a3b1,9.5468
40,10,30000,0.834514,0.595648,165222,18255,567,biscoito,a98f564fef,10.3408
40,11,30000,0.834797,0.596427,165199,18249,568,biscoito,141008b4e1,10.9043
40,12,30000,0.834725,0.595332,165074,18254,568,biscoito,f9915c9efa,9.8780
40,13,30000,0.834765,0.596682,165222,18265,567,biscoito,551445b19c,9.8698
40,14,30000,0.834597,0.597250,165118,18248,569,biscoito,7b8a285856,9.8668
40,15,30000,0.834621,0.596164,165186,18259,567,biscoito,c62d58aac8,13.8598
40,16,30000,0.834697,0.598386,165122,18240,569,biscoito,28dac29247,12.3368
40,17,30000,0.834793,0.597696,165123,18247,568,biscoito,19245e42ba,10.2935
40,18,30000,0.834673,0.596824,165139,18245,568,biscoito,753366fad1,10.0332
40,19,30000,0.834621,0.595555,165187,18248,568,biscoito,817a3ce011,10.2306
41,0,30000,0.834514,0.595648,165222,18255,567,biscoito,a98f564fef,10.3408
41,1,30000,0.834578,0.596772,165172,18247,568,biscoito,a5da474f70,10.5343
41,2,30000,0.834506,0.595168,165122,18239,568,biscoito,eb8df1b275,10.0629
41,3,30000,0.835005,0.598853,165181,18240,570,biscoito,f7fd985597,10.2514
41,4,30000,0.834562,0.595486,165146,18251,567,biscoito,47296d67bb,9.7739
41,5,30000,0.834302,0.597695,165195,18248,569,biscoito,bedd332ed3,9.9366
41,6,30000,0.834554,0.596404,165113,18249,568,biscoito,93cf810062,10.0084
41,7,30000,0.835520,0.595733,165077,18278,568,biscoito,23277d743b,10.3558
41,8,30000,0.834514,0.595648,165220,18254,567,biscoito,7e4f35ae84,9.7098
41,9,30000,0.834765,0.597244,165204,18232,569,biscoito,b228035cb1,10.0639
41,10,30000,0.834713,0.595860,165111,18242,567,biscoito,469c1f8fad,10.3571
41,11,30000,0.834633,0.595382,165198,18226,567,biscoito,2273111148,9.9677
41,12,30000,0.835013,0.597660,165208,18245,569,biscoito,b76fab987e,10.3276
41,13,30000,0.834589,0.594475,165126,18244,567,biscoito,d8e5fa2f8e,10.6859
41,14,30000,0.835009,0.599251,165142,18255,571,biscoito,c6fda9d7b2,10.3067
41,15,30000,0.834629,0.595445,165177,18266,566,biscoito,f2f1862887,10.2779
41,16,30000,0.834550,0.595935,165260,18256,567,biscoito,75bcd3ad3c,10.5109
41,17,30000,0.834621,0.596683,165214,18249,568,biscoito,63a8044339,12.2850
41,18,30000,0.834709,0.596830,165138,18242,568,biscoito,6046d609b9,11.4127
41,19,30000,0.834701,0.596428,165110,18243,568,biscoito,688bd8f6b3,10.3316
42,0,30000,0.834302,0.597695,165195,18248,569,biscoito,bedd332ed3,9.9366
42,1,30000,0.834566,0.596599,165241,18249,564,biscoito,4a26749194,10.3202
42,2,30000,0.834550,0.595935,165260,18256,567,biscoito,75bcd3ad3c,10.5109
42,3,30000,0.834470,0.597392,165189,18249,571,biscoito,f8c5e18ef3,9.9198
42,4,30000,0.834997,0.598204,165093,18259,566,biscoito,c6084a69c7,10.2769
42,5,30000,0.834785,0.595577,165193,18249,566,biscoito,e181a00f03,12.6318
42,6,30000,0.834765,0.596182,165287,18259,569,biscoito,5620eee7de,10.2777
42,7,30000,0.834494,0.595447,165167,18250,567,biscoito,742bdc55d3,10.0031
42,8,30000,0.834582,0.594467,165110,18244,567,biscoito,165d73fcf2,10.0681
42,9,30000,0.834546,0.595402,165153,18252,568,biscoito,319979d6ad,10.1591
42,10,30000,0.834538,0.596533,165181,18255,568,biscoito,6f50af76f7,10.5889
42,11,30000,0.834621,0.595759,165186,18265,566,biscoito,6a6842fbf4,11.9680
42,12,30000,0.834546,0.595649,165196,18251,567,biscoito,aec8805d17,10.7375
42,13,30000,0.835205,0.596664,165119,18252,569,biscoito,b689c0b65f,10.0636
42,14,30000,0.834562,0.595486,165146,18251,567,biscoito,47296d67bb,9.7739
42,15,30000,0.834582,0.595320,165287,18262,567,biscoito,faac9d8b8e,9.8505
42,16,30000,0.834454,0.596264,165195,18249,567,biscoito,a219c674c7,9.6811
42,17,30000,0.834554,0.596078,165168,18252,567,biscoito,5649d3e08f,9.4257
42,18,30000,0.834889,0.594883,165171,18245,567,biscoito,5ed81cb667,9.8926
42,19,30000,0.834721,0.596075,165220,18244,567,biscoito,da1bbd13c0,9.8847
43,0,30000,0.834302,0.597695,165195,18248,569,biscoito,bedd332ed3,9.9366
43,1,30000,0.834973,0.597668,165081,18265,568,biscoito,9e12452600,10.3481
43,2,30000,0.834346,0.595638,165222,18235,567,biscoito,7eb9f9c460,10.1860
43,3,30000,0.834833,0.597131,165193,18265,568,biscoito,77ae5f2cd8,9.7406
43,4,30000,0.835205,0.596139,165262,18256,567,biscoito,4c22d9673f,9.5675
43,5,30000,0.834402,0.597580,165186,18247,571,biscoito,6a5d4a2c74,10.2213
43,6,30000,0.834997,0.595935,165189,18229,568,biscoito,ac26da5f2f,10.0632
43,7,30000,0.834474,0.595164,165171,18255,568,biscoito,8efd983d76,9.7670
43,8,30000,0.834550,0.596542,165161,18256,567,biscoito,571fe93304,9.6158
43,9,30000,0.834454,0.596264,165195,18249,567,biscoito,a219c674c7,9.6811
43,10,30000,0.834470,0.597392,165189,18249,571,biscoito,f8c5e18ef3,9.9198
43,11,30000,0.834454,0.596264,165195,18249,567,biscoito,a219c674c7,9.6811
43,12,30000,0.834494,0.595447,165167,18250,567,biscoito,742bdc55d3,10.0031
43,13,30000,0.834514,0.595445,165174,18252,567,biscoito,33394634fe,9.9486
43,14,30000,0.834522,0.596908,165182,18258,570,biscoito,3e9c221fcf,9.7580
43,15,30000,0.834302,0.597695,165195,18248,569,biscoito,bedd332ed3,9.9366
43,16,30000,0.834470,0.597392,165189,18249,571,biscoito,f8c5e18ef3,9.9198
43,17,30000,0.834546,0.595649,165196,18251,567,biscoito,aec8805d17,10.7375
43,18,30000,0.834861,0.596086,165195,18260,568,biscoito,b5a1533f4e,10.8799
43,19,30000,0.834530,0.597387,165129,18260,568,biscoito,da1a6b7933,9.8275
44,0,30000,0.834302,0.597695,165195,18248,569,biscoito,bedd332ed3,9.9366
44,1,30000,0.834657,0.597044,165169,18248,568,biscoito,6df72f7423,9.8698
44,2,30000,0.834458,0.597274,165196,18252,571,biscoito,67ac0ef824,9.8223
44,3,30000,0.834402,0.595780,165197,18238,568,biscoito,a134364cde,10.2283
44,4,30000,0.834633,0.595045,165221,18262,567,biscoito,8762a423bc,10.5278
44,5,30000,0.834382,0.597562,165190,18252,571,biscoito,e3d5ab6132,11.1178
44,6,30000,0.834386,0.597103,165200,18248,571,biscoito,058b4e4e12,10.0763
44,7,30000,0.834258,0.595397,165202,18247,566,biscoito,8580154d60,10.4010
44,8,30000,0.834641,0.598124,165161,18261,571,biscoito,a55770232a,9.7802
44,9,30000,0.834478,0.597447,165181,18252,571,biscoito,e0c2fae794,9.8974
44,10,30000,0.834358,0.598011,165196,18247,569,biscoito,76cbf4c094,10.5890
44,11,30000,0.834302,0.597695,165195,18248,569,biscoito,bedd332ed3,9.9366
44,12,30000,0.834302,0.597695,165195,18248,569,biscoito,bedd332ed3,9.9366
44,13,30000,0.834881,0.597100,165196,18264,568,biscoito,b69b84d08c,10.9466
44,14,30000,0.834274,0.597744,165192,18248,569,biscoito,12e9cf9f8c,9.9851
44,15,30000,0.834182,0.595277,165236,18219,566,biscoito,3b60eb1c15,9.9142
44,16,30000,0.834474,0.598237,165179,18267,570,biscoito,97faf962e3,10.1610
44,17,30000,0.834302,0.597695,165195,18248,569,biscoito,bedd332ed3,9.9366
44,18,30000,0.834514,0.595445,165174,18252,567,biscoito,33394634fe,9.9486
44,19,30000,0.834430,0.598149,165181,18258,570,biscoito,a7586a0dc1,9.9716
45,0,30000,0.834182,0.595277,165236,18219,566,biscoito,3b60eb1c15,9.9142
45,1,30000,0.834398,0.595391,165152,18233,565,biscoito,8a5960c05c,10.7064
45,2,30000,0.834126,0.595560,165131,18265,567,biscoito,24d28e3524,10.7207
45,3,30000,0.834665,0.596545,165134,18232,567,biscoito,36ffbc7859,10.2617
45,4,30000,0.834142,0.597261,165199,18251,569,biscoito,5835318bac,10.0006
45,5,30000,0.834210,0.598501,165205,18239,570,biscoito,db63a34a10,10.0509
45,6,30000,0.834442,0.594820,165204,18247,567,biscoito,9a7a9185da,11.0174
45,7,30000,0.834342,0.596273,165201,18244,567,biscoito,f768ac61ba,10.3691
45,8,30000,0.834366,0.596845,165191,18244,570,biscoito,30c8c0e688,10.6912
45,9,30000,0.834294,0.597935,165175,18250,569,biscoito,c115bf9b6b,9.9732
45,10,30000,0.834482,0.594943,165202,18243,568,biscoito,77118ff35b,9.8418
45,11,30000,0.834058,0.597600,165226,18242,569,biscoito,1f376739ac,9.7932
45,12,30000,0.835181,0.595875,165174,18245,565,biscoito,c992433397,10.0059
45,13,30000,0.834258,0.595397,165202,18247,566,biscoito,8580154d60,10.4010
45,14,30000,0.834122,0.592660,165214,18210,564,biscoito,15aab4849d,11.2057
45,15,30000,0.834302,0.597695,165195,18248,569,biscoito,bedd332ed3,9.9366
45,16,30000,0.834302,0.597695,165195,18248,569,biscoito,bedd332ed3,9.9366
45,17,30000,0.834765,0.598151,165163,18271,569,biscoito,224c33a296,10.0630
45,18,30000,0.834390,0.597891,165193,18255,570,biscoito,55e7218c43,10.2748
45,19,30000,0.834242,0.595101,165238,18245,566,biscoito,0a2bdd5dfc,9.9580
46,0,30000,0.834058,0.597600,165226,18242,569,biscoito,1f376739ac,9.7932
46,1,30000,0.834254,0.595043,165223,18242,566,biscoito,97367d3788,9.7797
46,2,30000,0.834458,0.597719,165198,18240,569,biscoito,37d0df7329,9.7426
46,3,30000,0.834514,0.593147,165230,18213,565,biscoito,6eaa7546f3,11.0376
46,4,30000,0.834122,0.592660,165214,18210,564,biscoito,15aab4849d,11.2057
46,5,30000,0.834174,0.597188,165215,18245,567,biscoito,51f3668cc5,10.1048
46,6,30000,0.834274,0.594931,165228,18251,567,biscoito,a87036fe24,10.0477
46,7,30000,0.834334,0.595228,165176,18231,565,biscoito,de7cb62595,10.2389
46,8,30000,0.834462,0.597632,165191,18240,569,biscoito,28b3cecefa,10.1071
46,9,30000,0.834054,0.594256,165174,18216,567,biscoito,1209805006,9.9174
46,10,30000,0.834326,0.594036,165227,18225,565,biscoito,8a2a55e9fb,10.6460
46,11,30000,0.834126,0.595560,165131,18265,567,biscoito,24d28e3524,10.7207
46,12,30000,0.834058,0.597600,165226,18242,569,biscoito,1f376739ac,9.7932
46,13,30000,0.834450,0.598158,165255,18242,569,biscoito,620d41f445,9.8499
46,14,30000,0.834058,0.597600,165226,18242,569,biscoito,1f376739ac,9.7932
46,15,30000,0.834478,0.595682,165170,18254,567,biscoito,9316848d88,10.2207
46,16,30000,0.834122,0.597493,165213,18236,569,biscoito,b6e8d89720,10.0244
46,17,30000,0.834126,0.595560,165131,18265,567,biscoito,24d28e3524,10.7207
46,18,30000,0.834126,0.595560,165131,18265,567,biscoito,24d28e3524,10.7207
46,19,30000,0.834358,0.596542,165199,18236,568,biscoito,a6a39953ed,9.6696
47,0,30000,0.834054,0.594256,165174,18216,567,biscoito,1209805006,9.9174
47,1,30000,0.834058,0.597600,165226,18242,569,biscoito,1f376739ac,9.7932
47,2,30000,0.834058,0.597600,165226,18242,569,biscoito,1f376739ac,9.7932
47,3,30000,0.834446,0.592809,165192,18225,564,biscoito,2c49649579,9.6215
47,4,30000,0.834693,0.592028,165206,18220,564,biscoito,bb7afbf05f,10.2856
47,5,30000,0.834058,0.597600,165226,18242,569,biscoito,1f376739ac,9.7932
47,6,30000,0.834126,0.595560,165131,18265,567,biscoito,24d28e3524,10.7207
47,7,30000,0.834074,0.594851,165191,18245,568,biscoito,8551a0b3ff,9.9065
47,8,30000,0.834390,0.595194,165144,18267,566,biscoito,2733817c9b,10.4750
47,9,30000,0.834665,0.593326,165157,18232,564,biscoito,9d1a3c8280,10.3831
47,10,30000,0.833990,0.592970,165186,18206,565,biscoito,f0a7964a46,10.5874
47,11,30000,0.834054,0.594256,165174,18216,567,biscoito,1209805006,9.9174
47,12,30000,0.833958,0.595092,165132,18222,568,biscoito,246db48a3e,9.6550
47,13,30000,0.834554,0.598685,165198,18248,570,biscoito,44d2c725ca,10.8667
47,14,30000,0.833787,0.594571,165192,18210,567,biscoito,acbde63878,10.5337
47,15,30000,0.834126,0.595560,165131,18265,567,biscoito,24d28e3524,10.7207
47,16,30000,0.834534,0.594501,165127,18258,566,biscoito,77b9ed5f40,10.5232
47,17,30000,0.834058,0.597600,165226,18242,569,biscoito,1f376739ac,9.7932
47,18,30000,0.834058,0.597600,165226,18242,569,biscoito,1f376739ac,9.7932
47,19,30000,0.833743,0.596777,165231,18250,570,biscoito,386e518ce7,10.3733
48,0,30000,0.833743,0.596777,165231,18250,570,biscoito,386e518ce7,10.3733
48,1,30000,0.833887,0.596841,165206,18259,570,biscoito,de157b8e07,10.3821
48,2,30000,0.834066,0.597728,165252,18240,569,biscoito,beeef19c79,10.5584
48,3,30000,0.834058,0.597600,165226,18242,569,biscoito,1f376739ac,9.7932
48,4,30000,0.834454,0.597450,165234,18238,568,biscoito,e6913fffa0,10.5946
48,5,30000,0.833863,0.593541,165196,18190,564,biscoito,f419b32c79,10.7332
48,6,30000,0.834210,0.594963,165152,18232,569,biscoito,e4ff184ad2,10.3982
48,7,30000,0.833715,0.596368,165240,18249,569,biscoito,f592634fd5,9.8908
48,8,30000,0.834014,0.595384,165120,18217,569,biscoito,0786430e64,10.8662
48,9,30000,0.833990,0.592970,165186,18206,565,biscoito,f0a7964a46,10.5874
48,10,30000,0.834058,0.597600,165226,18242,569,biscoito,1f376739ac,9.7932
48,11,30000,0.834118,0.595477,165104,18214,569,biscoito,674ba84b50,9.7133
48,12,30000,0.833743,0.596777,165231,18250,570,biscoito,386e518ce7,10.3733
48,13,30000,0.833787,0.594571,165192,18210,567,biscoito,acbde63878,10.5337
48,14,30000,0.834374,0.597946,165140,18230,569,biscoito,ca30ba057b,10.3884
48,15,30000,0.833962,0.596336,165181,18216,569,biscoito,c5499fe6ff,10.3801
48,16,30000,0.833859,0.591254,165202,18205,563,biscoito,00eae5bb0d,10.5297
48,17,30000,0.834038,0.595186,165130,18238,569,biscoito,99ffe91c3a,10.5982
48,18,30000,0.833595,0.596379,165221,18243,569,biscoito,8ef4cfc2e2,10.5444
48,19,30000,0.834058,0.597600,165226,18242,569,biscoito,1f376739ac,9.7932
49,0,30000,0.833595,0.596379,165221,18243,569,biscoito,8ef4cfc2e2,10.5444
49,1,30000,0.833743,0.596777,165231,18250,570,biscoito,386e518ce7,10.3733
49,2,30000,0.833743,0.596777,165231,18250,570,biscoito,386e518ce7,10.3733
49,3,30000,0.834410,0.594649,165148,18251,566,biscoito,9ba0251242,9.9903
49,4,30000,0.834318,0.598830,165259,18256,571,biscoito,d93cd56a40,11.4392
49,5,30000,0.833787,0.594571,165192,18210,567,biscoito,acbde63878,10.5337
49,6,30000,0.833743,0.596777,165231,18250,570,biscoito,386e518ce7,10.3733
49,7,30000,0.833962,0.596336,165181,18216,569,biscoito,c5499fe6ff,10.3801
49,8,30000,0.833787,0.594571,165192,18210,567,biscoito,acbde63878,10.5337
49,9,30000,0.833843,0.594764,165240,18249,566,biscoito,1cb2be46bc,9.7272
49,10,30000,0.833667,0.592961,165205,18215,566,biscoito,8f5cec5ac0,10.4639
49,11,30000,0.833747,0.596608,165212,18254,570,biscoito,47a288df2c,10.1711
49,12,30000,0.834458,0.598604,165278,18243,570,biscoito,58f23e12cc,10.3083
49,13,30000,0.833914,0.596845,165190,18256,570,biscoito,0204849da8,9.8916
49,14,30000,0.834042,0.596907,165221,18244,570,biscoito,c65ecb6153,9.6416
49,15,30000,0.833891,0.594264,165186,18213,568,biscoito,abb178014c,9.9236
49,16,30000,0.833675,0.597167,165210,18242,569,biscoito,f057aea9e8,10.2038
49,17,30000,0.833735,0.596689,165213,18246,569,biscoito,dd92f5e7a2,9.9337
49,18,30000,0.833819,0.596766,165216,18260,570,biscoito,72e43236e4,11.1087
49,19,30000,0.833715,0.596368,165240,18249,569,biscoito,f592634fd5,9.8908
50,0,30000,0.833595,0.596379,165221,18243,569,biscoito,8ef4cfc2e2,10.5444
50,1,30000,0.833811,0.594195,165197,18219,568,biscoito,d91a91850e,11.4195
50,2,30000,0.833815,0.596512,165205,18242,569,biscoito,97a1e57c8f,11.1585
50,3,30000,0.833970,0.596115,165201,18252,569,biscoito,0a4c123921,10.2352
50,4,30000,0.833787,0.596638,165233,18263,570,biscoito,43a3c3382b,9.6699
50,5,30000,0.833619,0.596335,165239,18245,569,biscoito,42b7310e1f,10.2171
50,6,30000,0.833647,0.596410,165222,18246,569,biscoito,ba1df2b24e,10.4506
50,7,30000,0.833739,0.596504,165204,18257,570,biscoito,98d446d5cb,10.3237
50,8,30000,0.834198,0.597925,165238,18261,572,biscoito,54d4b61109,10.0332
50,9,30000,0.833871,0.596827,165172,18275,570,biscoito,56cd686877,9.9241
50,10,30000,0.834482,0.597371,165283,18252,568,biscoito,a9a59fed6b,10.2678
50,11,30000,0.833651,0.596520,165238,18249,569,biscoito,235917a43b,10.5817
50,12,30000,0.833799,0.596690,165213,18251,570,biscoito,76a2d25d8e,10.4435
50,13,30000,0.833855,0.596834,165205,18239,568,biscoito,4c279ebe90,10.1854
50,14,30000,0.834214,0.592139,165210,18230,564,biscoito,16c3516fb8,10.0610
50,15,30000,0.833655,0.593030,165204,18215,567,biscoito,13774479bf,9.5280
50,16,30000,0.834254,0.595427,165176,18207,568,biscoito,0c77d31e2d,9.8771
50,17,30000,0.833595,0.594239,165199,18231,568,biscoito,48e48353d9,12.0526
50,18,30000,0.834402,0.597210,165236,18250,568,biscoito,cee629752c,10.1799
50,19,30000,0.833667,0.592961,165205,18215,566,biscoito,8f5cec5ac0,10.4639
51,0,30000,0.833595,0.596379,165221,18243,569,biscoito,8ef4cfc2e2,10.5444
51,1,30000,0.833899,0.597008,165242,18243,569,biscoito,6457eec598,10.5593
51,2,30000,0.834142,0.594501,165234,18255,568,biscoito,3ff21a58e3,10.0710
51,3,30000,0.833815,0.596512,165205,18242,569,biscoito,97a1e57c8f,11.1585
51,4,30000,0.833647,0.596410,165222,18246,569,biscoito,ba1df2b24e,10.4506
51,5,30000,0.833595,0.596379,165221,18243,569,biscoito,8ef4cfc2e2,10.5444
51,6,30000,0.833787,0.596638,165233,18263,570,biscoito,43a3c3382b,9.6699
51,7,30000,0.833930,0.592623,165195,18218,566,biscoito,0d8a56a422,9.4409
51,8,30000,0.833763,0.596978,165216,18232,569,biscoito,65b28a17d4,10.2069
51,9,30000,0.833731,0.593888,165175,18220,568,biscoito,06dab45d51,11.2747
51,10,30000,0.833615,0.592947,165221,18221,567,biscoito,8b64504989,12.6072
51,11,30000,0.833587,0.595411,165207,18241,569,biscoito,5e042f3435,13.2631
51,12,30000,0.834318,0.597045,165185,18248,568,biscoito,929dcb1b86,13.4024
51,13,30000,0.833707,0.595267,165221,18256,569,biscoito,f92afb08f5,14.1733
51,14,30000,0.833763,0.596579,165211,18248,570,biscoito,be4c812560,13.7980
51,15,30000,0.833799,0.596690,165213,18251,570,biscoito,76a2d25d8e,10.4435
51,16,30000,0.833667,0.592961,165205,18215,566,biscoito,8f5cec5ac0,10.4639
51,17,30000,0.833635,0.596379,165227,18249,569,biscoito,4bc605fc85,13.9432
51,18,30000,0.833723,0.596574,165223,18244,569,biscoito,4e34d904da,14.0268
51,19,30000,0.834262,0.597591,165195,18257,569,biscoito,b531d42dc5,14.1687
52,0,30000,0.833587,0.595411,165207,18241,569,biscoito,5e042f3435,13.2631
52,1,30000,0.833671,0.594801,165270,18224,567,biscoito,250ef41e54,13.6164
52,2,30000,0.833539,0.593857,165165,18243,569,biscoito,680229b979,13.9722
52,3,30000,0.833563,0.595981,165230,18262,570,biscoito,feee04fa8f,13.9931
52,4,30000,0.833595,0.596379,165221,18243,569,biscoito,8ef4cfc2e2,10.5444
52,5,30000,0.833731,0.596429,165207,18237,569,biscoito,6bdf173269,13.1700
52,6,30000,0.833723,0.595803,165215,18249,569,biscoito,8ea7d493c9,15.6346
52,7,30000,0.833667,0.592961,165205,18215,566,biscoito,8f5cec5ac0,10.4639
52,8,30000,0.833667,0.592961,165205,18215,566,biscoito,8f5cec5ac0,10.4639
52,9,30000,0.833587,0.595411,165207,18241,569,biscoito,5e042f3435,13.2631
52,10,30000,0.833595,0.596379,165221,18243,569,biscoito,8ef4cfc2e2,10.5444
52,11,30000,0.833771,0.596092,165154,18243,571,biscoito,2c942f18c8,13.5279
52,12,30000,0.833827,0.595501,165225,18253,568,biscoito,79a06fac70,13.7811
52,13,30000,0.833595,0.596379,165221,18243,569,biscoito,8ef4cfc2e2,10.5444
52,14,30000,0.833587,0.595411,165207,18241,569,biscoito,5e042f3435,13.2631
52,15,30000,0.833607,0.595852,165241,18234,567,biscoito,081c35ed82,14.0012
52,16,30000,0.833779,0.595482,165209,18249,569,biscoito,d734322da9,14.1116
52,17,30000,0.833547,0.595885,165166,18244,569,biscoito,b8806d184f,13.4416
52,18,30000,0.833435,0.595625,165251,18238,569,biscoito,93068391d3,14.1578
52,19,30000,0.833615,0.592947,165221,18221,567,biscoito,8b64504989,12.6072
53,0,30000,0.833435,0.595625,165251,18238,569,biscoito,93068391d3,14.1578
53,1,30000,0.833926,0.596213,165153,18221,568,biscoito,5434dd5496,13.9844
53,2,30000,0.833731,0.595413,165132,18245,570,biscoito,e365386022,13.2785
53,3,30000,0.833427,0.595461,165204,18248,569,biscoito,eeb3a51c3e,13.4422
53,4,30000,0.833487,0.595348,165247,18240,569,biscoito,4bd56b2581,13.4671
53,5,30000,0.834026,0.597226,165071,18272,571,biscoito,750e53588f,14.0688
53,6,30000,0.833579,0.595719,165270,18247,569,biscoito,cf11c62320,14.8759
53,7,30000,0.833595,0.596379,165221,18243,569,biscoito,8ef4cfc2e2,10.5444
53,8,30000,0.833946,0.594593,165221,18254,569,biscoito,b0049f685e,13.4891
53,9,30000,0.833962,0.596006,165199,18256,570,biscoito,c1324c87f0,13.1410
53,10,30000,0.833455,0.593840,165208,18233,568,biscoito,cb365f390a,14.1244
53,11,30000,0.834502,0.594179,165266,18218,566,biscoito,94c2d3ed66,14.4288
53,12,30000,0.833691,0.595710,165252,18235,569,biscoito,3ef4cc1813,18.3227
53,13,30000,0.833623,0.596749,165229,18301,571,biscoito,9add12abda,15.6172
53,14,30000,0.833443,0.595631,165254,18239,569,biscoito,295999f678,14.0797
53,15,30000,0.833563,0.595981,165230,18262,570,biscoito,feee04fa8f,13.9931
53,16,30000,0.833563,0.595981,165230,18262,570,biscoito,feee04fa8f,13.9931
53,17,30000,0.833471,0.595633,165154,18268,570,biscoito,c7aa7e5c92,13.3675
53,18,30000,0.833978,0.595530,165265,18233,568,biscoito,a457156157,13.2062
53,19,30000,0.833595,0.596379,165221,18243,569,biscoito,8ef4cfc2e2,10.5444
54,0,30000,0.833427,0.595461,165204,18248,569,biscoito,eeb3a51c3e,13.4422
54,1,30000,0.833443,0.595631,165254,18239,569,biscoito,295999f678,14.0797
54,2,30000,0.833691,0.595710,165252,18235,569,biscoito,3ef4cc1813,18.3227
54,3,30000,0.833671,0.598272,165069,18273,571,biscoito,cd680949cd,13.2054
54,4,30000,0.833471,0.595633,165154,18268,570,biscoito,c7aa7e5c92,13.3675
54,5,30000,0.833823,0.597235,165213,18236,570,biscoito,796a01b4ba,13.2076
54,6,30000,0.833563,0.595981,165230,18262,570,biscoito,feee04fa8f,13.9931
54,7,30000,0.833451,0.595222,165249,18244,569,biscoito,43ad41380c,13.7436
54,8,30000,0.833579,0.596414,165232,18256,570,biscoito,46ed911d23,13.3190
54,9,30000,0.833427,0.595461,165204,18248,569,biscoito,eeb3a51c3e,13.4422
54,10,30000,0.833835,0.594212,165191,18276,568,biscoito,790096fde0,13.9346
54,11,30000,0.833803,0.595167,165181,18239,569,biscoito,0cd7d99557,12.9406
54,12,30000,0.833863,0.595739,165204,18244,569,biscoito,4c2d08b972,13.6888
54,13,30000,0.833435,0.595625,165251,18238,569,biscoito,93068391d3,14.1578
54,14,30000,0.833691,0.595710,165252,18235,569,biscoito,3ef4cc1813,18.3227
54,15,30000,0.833579,0.595719,165270,18247,569,biscoito,cf11c62320,14.8759
54,16,30000,0.833471,0.595633,165154,18268,570,biscoito,c7aa7e5c92,13.3675
54,17,30000,0.833551,0.595200,165223,18259,570,biscoito,3f966babf0,14.7961
54,18,30000,0.833579,0.596389,165253,18242,570,biscoito,6ff668f8b5,13.7578
54,19,30000,0.833926,0.597724,165208,18291,572,biscoito,de3bc8ab9e,20.5678
55,0,30000,0.833427,0.595461,165204,18248,569,biscoito,eeb3a51c3e,13.4422
55,1,30000,0.833675,0.595537,165155,18235,568,biscoito,92eb842528,15.5799
55,2,30000,0.833479,0.595732,165210,18259,570,biscoito,cf12e54df9,20.5551
55,3,30000,0.833451,0.595222,165249,18244,569,biscoito,43ad41380c,13.7436
55,4,30000,0.833451,0.595222,165249,18244,569,biscoito,43ad41380c,13.7436
55,5,30000,0.833455,0.595278,165280,18262,570,biscoito,aa62f3e3ae,16.8275
55,6,30000,0.833775,0.595859,165243,18289,569,biscoito,43c1fb7ed6,15.8026
55,7,30000,0.833863,0.594613,165253,18302,570,biscoito,53f5dbd980,13.9088
55,8,30000,0.833851,0.596842,165185,18252,569,biscoito,0ed20247c9,14.3114
55,9,30000,0.833367,0.595572,165243,18241,569,biscoito,65c887f4eb,15.6877
55,10,30000,0.833511,0.595678,165161,18263,570,biscoito,33f2fde773,16.5952
55,11,30000,0.833627,0.595989,165214,18260,570,biscoito,cab94c2e53,18.0824
55,12,30000,0.833367,0.595628,165262,18238,569,biscoito,d917e3cbf8,19.5578
55,13,30000,0.833531,0.595513,165191,18237,569,biscoito,869314560c,15.6355
55,14,30000,0.833655,0.595421,165214,18261,570,biscoito,510a568646,14.1589
55,15,30000,0.833443,0.595631,165254,18239,569,biscoito,295999f678,14.0797
55,16,30000,0.833451,0.595222,165249,18244,569,biscoito,43ad41380c,13.7436
55,17,30000,0.833435,0.595625,165251,18238,569,biscoito,93068391d3,14.1578
55,18,30000,0.833435,0.595625,165251,18238,569,biscoito,93068391d3,14.1578
55,19,30000,0.833467,0.595649,165253,18238,569,biscoito,21df8b838f,14.1828
56,0,30000,0.833367,0.595572,165243,18241,569,biscoito,65c887f4eb,15.6877
56,1,30000,0.833427,0.595461,165204,18248,569,biscoito,eeb3a51c3e,13.4422
56,2,30000,0.833427,0.595461,165204,18248,569,biscoito,eeb3a51c3e,13.4422
56,3,30000,0.833451,0.595222,165249,18244,569,biscoito,43ad41380c,13.7436
56,4,30000,0.833451,0.595222,165249,18244,569,biscoito,43ad41380c,13.7436
56,5,30000,0.833383,0.595579,165241,18241,569,biscoito,1f9ac9f061,18.2309
56,6,30000,0.833978,0.597570,165203,18241,570,biscoito,fc4b1b13fc,15.0230
56,7,30000,0.833367,0.595572,165243,18241,569,biscoito,65c887f4eb,15.6877
56,8,30000,0.833435,0.595625,165251,18238,569,biscoito,93068391d3,14.1578
56,9,30000,0.833671,0.596466,165179,18235,571,biscoito,28d249b858,17.7596
56,10,30000,0.833459,0.595627,165246,18243,569,biscoito,af28471981,18.0820
56,11,30000,0.833451,0.595222,165249,18244,569,biscoito,43ad41380c,13.7436
56,12,30000,0.833435,0.595625,165251,18238,569,biscoito,93068391d3,14.1578
56,13,30000,0.833339,0.595564,165239,18240,569,biscoito,eb3924ece4,18.5487
56,14,30000,0.833467,0.595638,165253,18239,569,biscoito,f9f616ac12,17.4989
56,15,30000,0.833339,0.595564,165240,18240,569,biscoito,6b18a06999,20.6523
56,16,30000,0.833463,0.595634,165254,18239,569,biscoito,f10a170a3c,13.6540
56,17,30000,0.833451,0.595222,165249,18244,569,biscoito,43ad41380c,13.7436
56,18,30000,0.833451,0.595222,165249,18244,569,biscoito,43ad41380c,13.7436
56,19,30000,0.833707,0.597817,165255,18210,570,biscoito,78c1ef4162,13.9075
57,0,30000,0.833339,0.595564,165239,18240,569,biscoito,eb3924ece4,18.5487
57,1,30000,0.833251,0.595536,165242,18241,569,biscoito,db5e7d5932,16.0800
57,2,30000,0.833523,0.595491,165203,18248,569,biscoito,5eb9fb5a6b,13.9021
57,3,30000,0.833335,0.595562,165246,18241,569,biscoito,89ee4b0c44,11.9518
57,4,30000,0.833403,0.595592,165239,18242,569,biscoito,c38cdf87c5,14.0191
57,5,30000,0.833427,0.595461,165204,18248,569,biscoito,eeb3a51c3e,13.4422
57,6,30000,0.833427,0.595461,165204,18248,569,biscoito,eeb3a51c3e,13.4422
57,7,30000,0.833367,0.595572,165243,18241,569,biscoito,65c887f4eb,15.6877
57,8,30000,0.833451,0.595222,165249,18244,569,biscoito,43ad41380c,13.7436
57,9,30000,0.833367,0.595572,165243,18241,569,biscoito,65c887f4eb,15.6877
57,10,30000,0.833567,0.597285,165245,18236,571,biscoito,e00832275d,15.8011
57,11,30000,0.833367,0.595572,165243,18241,569,biscoito,65c887f4eb,15.6877
57,12,30000,0.833399,0.595592,165240,18241,569,biscoito,d62120c348,10.9306
57,13,30000,0.834162,0.596689,165279,18262,569,biscoito,ec306b4f0e,12.1952
57,14,30000,0.833415,0.595441,165194,18245,569,biscoito,f8450022a0,10.8486
57,15,30000,0.833335,0.595576,165240,18241,569,biscoito,36d39a4c51,10.2984
57,16,30000,0.833375,0.595574,165245,18241,569,biscoito,121fba4235,10.5088
57,17,30000,0.833459,0.595693,165255,18246,569,biscoito,9a889d1556,11.5004
57,18,30000,0.833391,0.595417,165201,18243,569,biscoito,2f50f91871,10.0100
57,19,30000,0.833427,0.595461,165204,18248,569,biscoito,eeb3a51c3e,13.4422
58,0,30000,0.833251,0.595536,165242,18241,569,biscoito,db5e7d5932,16.0800
58,1,30000,0.833427,0.595461,165204,18248,569,biscoito,eeb3a51c3e,13.4422
58,2,30000,0.833655,0.593997,165293,18260,566,biscoito,b9f19218dc,10.5376
58,3,30000,0.833335,0.595562,165246,18241,569,biscoito,89ee4b0c44,11.9518
58,4,30000,0.833339,0.595564,165239,18240,569,biscoito,eb3924ece4,18.5487
58,5,30000,0.833375,0.595573,165245,18241,569,biscoito,a8ed6e48c8,10.6848
58,6,30000,0.833243,0.595534,165242,18241,569,biscoito,0cd7ec652f,10.1451
58,7,30000,0.833427,0.595461,165204,18248,569,biscoito,eeb3a51c3e,13.4422
58,8,30000,0.833339,0.595564,165239,18240,569,biscoito,eb3924ece4,18.5487
58,9,30000,0.833251,0.595536,165242,18241,569,biscoito,db5e7d5932,16.0800
58,10,30000,0.833391,0.595417,165201,18243,569,biscoito,2f50f91871,10.0100
58,11,30000,0.833279,0.595358,165234,18241,569,biscoito,bd6febef2b,10.7084
58,12,30000,0.833499,0.595655,165207,18243,569,biscoito,0c395f8971,10.7332
58,13,30000,0.833403,0.595423,165201,18242,569,biscoito,e622fdb660,9.9027
58,14,30000,0.833331,0.595572,165239,18242,569,biscoito,f2db0ae0be,11.7445
58,15,30000,0.833335,0.595576,165240,18241,569,biscoito,36d39a4c51,10.2984
58,16,30000,0.833339,0.595572,165237,18241,569,biscoito,f6655511a2,11.1374
58,17,30000,0.833391,0.595417,165201,18243,569,biscoito,2f50f91871,10.0100
58,18,30000,0.833367,0.595572,165243,18241,569,biscoito,65c887f4eb,15.6877
58,19,30000,0.833599,0.596319,165247,18256,569,biscoito,734e19cace,10.3213
59,0,30000,0.833243,0.595534,165242,18241,569,biscoito,0cd7ec652f,10.1451
59,1,30000,0.833251,0.595536,165242,18241,569,biscoito,db5e7d5932,16.0800
59,2,30000,0.833251,0.595536,165242,18241,569,biscoito,db5e7d5932,16.0800
59,3,30000,0.833331,0.595572,165239,18242,569,biscoito,f2db0ae0be,11.7445
59,4,30000,0.833543,0.594888,165208,18234,569,biscoito,22d6992856,10.3462
59,5,30000,0.833251,0.595536,165242,18241,569,biscoito,db5e7d5932,16.0800
59,6,30000,0.833339,0.595572,165237,18241,569,biscoito,f6655511a2,11.1374
59,7,30000,0.833243,0.595534,165242,18241,569,biscoito,0cd7ec652f,10.1451
59,8,30000,0.833235,0.595525,165243,18242,569,biscoito,a2adca7bdd,10.5835
59,9,30000,0.833251,0.595536,165242,18242,569,biscoito,6d91280f8b,10.3438
59,10,30000,0.833243,0.595534,165242,18241,569,biscoito,0cd7ec652f,10.1451
59,11,30000,0.833339,0.595572,165237,18241,569,biscoito,f6655511a2,11.1374
59,12,30000,0.833243,0.595534,165242,18241,569,biscoito,0cd7ec652f,10.1451
59,13,30000,0.833251,0.595536,165242,18241,569,biscoito,db5e7d5932,16.0800
59,14,30000,0.833323,0.595547,165236,18241,569,biscoito,1956a97fca,10.3248
59,15,30000,0.833251,0.595550,165244,18242,569,biscoito,67b0eb275a,10.4672
59,16,30000,0.833335,0.595576,165240,18241,569,biscoito,36d39a4c51,10.2984
59,17,30000,0.833255,0.595549,165242,18242,569,biscoito,d4f13c44d2,10.4719
59,18,30000,0.833627,0.597353,165255,18226,569,biscoito,24b5363e51,10.7336
59,19,30000,0.833347,0.595565,165241,18241,569,biscoito,67ea19fb52,10.0545
60,0,30000,0.833235,0.595525,165243,18242,569,biscoito,a2adca7bdd,10.5835
60,1,30000,0.833243,0.595542,165239,18242,569,biscoito,5f6520c481,10.8515
60,2,30000,0.833331,0.595554,165241,18241,569,biscoito,a48fb6633a,10.1261
60,3,30000,0.833251,0.595536,165243,18241,569,biscoito,25f4be4881,9.9311
60,4,30000,0.833791,0.596144,165257,18239,567,biscoito,02ba756bb9,10.9300
60,5,30000,0.833251,0.595536,165242,18242,569,biscoito,6d91280f8b,10.3438
60,6,30000,0.833255,0.595538,165244,18242,569,biscoito,90784a28e2,10.2209
60,7,30000,0.833347,0.595565,165242,18240,569,biscoito,a61a8652a0,9.7994
60,8,30000,0.833227,0.595518,165238,18242,569,biscoito,26a5c448d3,10.3777
60,9,30000,0.833235,0.595525,165243,18242,569,biscoito,a2adca7bdd,10.5835
60,10,30000,0.833243,0.595534,165242,18241,569,biscoito,0cd7ec652f,10.1451
60,11,30000,0.833695,0.596023,165274,18236,569,biscoito,68a23b940e,9.7297
60,12,30000,0.833719,0.595393,165233,18235,568,biscoito,7feeede94b,10.5405
60,13,30000,0.833243,0.595534,165242,18241,569,biscoito,0cd7ec652f,10.1451
60,14,30000,0.833243,0.595534,165242,18241,569,biscoito,0cd7ec652f,10.1451
60,15,30000,0.833335,0.595566,165244,18241,569,biscoito,70117ec8d6,12.2098
60,16,30000,0.833419,0.596818,165290,18259,569,biscoito,43525e722c,10.2624
60,17,30000,0.833703,0.595544,165252,18283,568,biscoito,d0ef7533bd,10.6751
60,18,30000,0.833251,0.595536,165242,18241,569,biscoito,db5e7d5932,16.0800
60,19,30000,0.833643,0.595904,165252,18262,569,biscoito,358a7dc636,10.7236
61,0,30000,0.833227,0.595518,165238,18242,569,biscoito,26a5c448d3,10.3777
61,1,30000,0.833251,0.595536,165242,18242,569,biscoito,6d91280f8b,10.3438
61,2,30000,0.833235,0.595525,165243,18242,569,biscoito,a2adca7bdd,10.5835
61,3,30000,0.833251,0.595536,165242,18242,569,biscoito,93e6282bb4,10.1048
61,4,30000,0.833355,0.594185,165183,18241,569,biscoito,fa04d3f0ce,9.7050
61,5,30000,0.833219,0.596141,165217,18230,569,biscoito,cd971d5b30,10.6250
61,6,30000,0.833243,0.595534,165242,18241,569,biscoito,0cd7ec652f,10.1451
61,7,30000,0.833243,0.595542,165239,18242,569,biscoito,5f6520c481,10.8515
61,8,30000,0.834390,0.595162,165255,18249,567,biscoito,a03a7f8d08,10.0198
61,9,30000,0.833251,0.595536,165243,18241,569,biscoito,25f4be4881,9.9311
61,10,30000,0.833251,0.595536,165243,18242,569,biscoito,8673ba3a0c,10.4212
61,11,30000,0.833235,0.595525,165243,18242,569,biscoito,a2adca7bdd,10.5835
61,12,30000,0.833251,0.595536,165242,18242,569,biscoito,6d91280f8b,10.3438
61,13,30000,0.833235,0.595525,165243,18242,569,biscoito,a2adca7bdd,10.5835
61,14,30000,0.833235,0.595525,165243,18242,569,biscoito,a2adca7bdd,10.5835
61,15,30000,0.833243,0.595534,165242,18241,569,biscoito,0cd7ec652f,10.1451
61,16,30000,0.833255,0.595538,165244,18242,569,biscoito,90784a28e2,10.2209
61,17,30000,0.833239,0.595538,165241,18242,569,biscoito,4ac1569212,15.6052
61,18,30000,0.833227,0.595518,165238,18242,569,biscoito,26a5c448d3,10.3777
61,19,30000,0.833235,0.595525,165240,18242,569,biscoito,18cdbce7ed,10.0933
62,0,30000,0.833219,0.596141,165217,18230,569,biscoito,cd971d5b30,10.6250
62,1,30000,0.833679,0.595606,165229,18230,568,biscoito,ec60764fee,10.5709
62,2,30000,0.833235,0.595525,165240,18242,569,biscoito,18cdbce7ed,10.0933
62,3,30000,0.833259,0.595536,165246,18238,569,biscoito,81376a6674,9.0322
62,4,30000,0.833204,0.596137,165213,18233,569,biscoito,b2ad6cbb91,9.3200
62,5,30000,0.833255,0.595549,165242,18242,569,biscoito,d4f13c44d2,10.4719
62,6,30000,0.833243,0.595543,165237,18242,569,biscoito,045c3d0f6a,9.4297
62,7,30000,0.833227,0.595518,165238,18242,569,biscoito,26a5c448d3,10.3777
62,8,30000,0.833255,0.595549,165239,18242,569,biscoito,6a89a3a484,9.2255
62,9,30000,0.833239,0.595538,165241,18242,569,biscoito,4ac1569212,15.6052
62,10,30000,0.833775,0.595764,165197,18237,570,biscoito,62ef1151b2,9.2422
62,11,30000,0.833235,0.595525,165243,18242,569,biscoito,a2adca7bdd,10.5835
62,12,30000,0.833507,0.597046,165211,18254,572,biscoito,5175d0d725,9.4848
62,13,30000,0.833247,0.595547,165240,18241,569,biscoito,0169e68341,8.9146
62,14,30000,0.833235,0.595525,165243,18242,569,biscoito,a2adca7bdd,10.5835
62,15,30000,0.833235,0.595525,165243,18242,569,biscoito,a2adca7bdd,10.5835
62,16,30000,0.834130,0.596709,165275,18250,569,biscoito,dd5405b75b,9.0572
62,17,30000,0.833235,0.595525,165243,18242,569,biscoito,a2adca7bdd,10.5835
62,18,30000,0.833235,0.595525,165243,18242,569,biscoito,a2adca7bdd,10.5835
62,19,30000,0.833219,0.596141,165217,18230,569,biscoito,cd971d5b30,10.6250
63,0,30000,0.833204,0.596137,165213,18233,569,biscoito,b2ad6cbb91,9.3200
63,1,30000,0.833751,0.598197,165235,18246,571,biscoito,060057b32d,9.3336
63,2,30000,0.833096,0.596834,165213,18228,571,biscoito,da410c9785,9.0680
63,3,30000,0.833235,0.595525,165240,18242,569,biscoito,18cdbce7ed,10.0933
63,4,30000,0.833235,0.595525,165243,18242,569,biscoito,a2adca7bdd,10.5835
63,5,30000,0.833547,0.596173,165192,18204,569,biscoito,07be82a10d,9.4275
63,6,30000,0.833204,0.596137,165213,18233,569,biscoito,b2ad6cbb91,9.3200
63,7,30000,0.833212,0.596152,165212,18229,569,biscoito,b666f82c49,9.8264
63,8,30000,0.833223,0.596145,165213,18230,569,biscoito,e7d4b16b5e,10.2821
63,9,30000,0.833235,0.595525,165243,18242,569,biscoito,a2adca7bdd,10.5835
63,10,30000,0.833235,0.595525,165243,18242,569,biscoito,a2adca7bdd,10.5835
63,11,30000,0.833235,0.596503,165238,18246,569,biscoito,14ff75dfe7,9.1132
63,12,30000,0.833164,0.595113,165217,18227,569,biscoito,bde26421bb,9.3732
63,13,30000,0.833235,0.595525,165243,18242,569,biscoito,a2adca7bdd,10.5835
63,14,30000,0.833235,0.595525,165243,18242,569,biscoito,a2adca7bdd,10.5835
63,15,30000,0.833219,0.596141,165217,18230,569,biscoito,cd971d5b30,10.6250
63,16,30000,0.833235,0.595525,165243,18242,569,biscoito,a2adca7bdd,10.5835
63,17,30000,0.833128,0.595784,165234,18237,569,biscoito,c239b15754,9.3773
63,18,30000,0.833747,0.595890,165207,18259,570,biscoito,8e4f16c200,9.0335
63,19,30000,0.833567,0.596597,165225,18235,571,biscoito,732c837d29,9.0748
64,0,30000,0.833096,0.596834,165213,18228,571,biscoito,da410c9785,9.0680
64,1,30000,0.833164,0.595113,165217,18227,569,biscoito,bde26421bb,9.3732
64,2,30000,0.833407,0.595888,165180,18241,568,biscoito,1741ba8e29,9.9181
64,3,30000,0.833463,0.595920,165230,18236,569,biscoito,8fd04e3008,9.4839
64,4,30000,0.833036,0.595641,165229,18236,569,biscoito,bbac7fd93e,9.5359
64,5,30000,0.833204,0.596137,165213,18233,569,biscoito,b2ad6cbb91,9.3200
64,6,30000,0.833319,0.593832,165246,18210,567,biscoito,ec3cecbc6e,10.6274
64,7,30000,0.833192,0.596241,165230,18231,569,biscoito,afdeb3159b,11.7244
64,8,30000,0.833076,0.595821,165241,18228,569,biscoito,5c17c6472a,11.0115
64,9,30000,0.833196,0.596090,165217,18232,569,biscoito,28f57f00e1,10.5290
64,10,30000,0.833200,0.596173,165213,18231,569,biscoito,60058daeaf,9.9761
64,11,30000,0.833076,0.595644,165229,18230,569,biscoito,04a57606e5,9.2669
64,12,30000,0.833279,0.595589,165247,18243,569,biscoito,d1696a3bb1,10.7718
64,13,30000,0.833379,0.595766,165192,18225,569,biscoito,c4124bde3b,9.3970
64,14,30000,0.833204,0.595809,165220,18229,569,biscoito,07a832a425,10.6108
64,15,30000,0.833136,0.595343,165203,18234,569,biscoito,cc1be2f8e4,9.8270
64,16,30000,0.833096,0.597344,165245,18231,571,biscoito,d83e57ed46,8.9573
64,17,30000,0.833835,0.597498,165221,18264,569,biscoito,cee5bfa78e,9.2822
64,18,30000,0.833327,0.596185,165220,18242,569,biscoito,679a69ff14,9.8554
64,19,30000,0.833128,0.595784,165234,18237,569,biscoito,c239b15754,9.3773
65,0,30000,0.833036,0.595641,165229,18236,569,biscoito,bbac7fd93e,9.5359
65,1,30000,0.833263,0.595636,165238,18223,569,biscoito,dd5c4414aa,10.1930
65,2,30000,0.833539,0.595882,165195,18225,568,biscoito,728091e462,10.6608
65,3,30000,0.833156,0.595635,165240,18255,569,biscoito,6b35e71989,9.6763
65,4,30000,0.833116,0.595690,165218,18230,569,biscoito,8c544ba0ac,9.3390
65,5,30000,0.833387,0.594807,165157,18239,567,biscoito,e288e5be2e,9.0590
65,6,30000,0.833096,0.597344,165245,18231,571,biscoito,d83e57ed46,8.9573
65,7,30000,0.833755,0.597589,165277,18240,569,biscoito,c26a622cca,10.0542
65,8,30000,0.833096,0.597344,165245,18231,571,biscoito,d83e57ed46,8.9573
65,9,30000,0.833287,0.598368,165197,18232,572,biscoito,ea5b57db5d,9.5267
65,10,30000,0.833172,0.596222,165238,18230,569,biscoito,a98f45c95a,9.9426
65,11,30000,0.833200,0.595152,165204,18225,568,biscoito,1d49162904,9.7663
65,12,30000,0.833192,0.596241,165230,18231,569,biscoito,afdeb3159b,11.7244
65,13,30000,0.833140,0.597362,165251,18232,571,biscoito,095d125311,8.9413
65,14,30000,0.833096,0.596585,165224,18227,571,biscoito,6dbbcb0d01,9.2795
65,15,30000,0.833196,0.595876,165246,18240,569,biscoito,478b64899e,10.0070
65,16,30000,0.833180,0.594928,165170,18239,569,biscoito,140ae7394e,9.7168
65,17,30000,0.833076,0.595644,165229,18230,569,biscoito,04a57606e5,9.2669
65,18,30000,0.833216,0.597547,165211,18237,569,biscoito,a92ec97ae8,10.2469
65,19,30000,0.833128,0.595784,165234,18237,569,biscoito,c239b15754,9.3773
66,0,30000,0.833036,0.595641,165229,18236,569,biscoito,bbac7fd93e,9.5359
66,1,30000,0.833036,0.596726,165275,18260,570,biscoito,10fbefbec5,10.3741
66,2,30000,0.833307,0.597382,165207,18237,571,biscoito,f40bafc520,10.4605
66,3,30000,0.833036,0.596373,165222,18238,570,biscoito,0dc69e7508,9.0585
66,4,30000,0.833024,0.596805,165262,18234,571,biscoito,3c4597cec6,9.6701
66,5,30000,0.833251,0.594980,165163,18238,569,biscoito,3333f9ec01,9.8618
66,6,30000,0.833028,0.597254,165253,18233,571,biscoito,278d45304f,9.7499
66,7,30000,0.832948,0.596364,165264,18223,570,biscoito,e0e8c7eec7,10.3271
66,8,30000,0.833084,0.597283,165247,18227,571,biscoito,23f99602c3,11.2439
66,9,30000,0.833040,0.597152,165221,18225,570,biscoito,712e6d015d,10.1669
66,10,30000,0.833216,0.596175,165232,18231,571,biscoito,9cd16bf230,10.4540
66,11,30000,0.833327,0.596254,165227,18231,569,biscoito,8c49dcd1a3,10.0641
66,12,30000,0.832932,0.595639,165223,18238,569,biscoito,80ada8a312,12.6600
66,13,30000,0.833168,0.595800,165198,18245,572,biscoito,4889198c0a,9.3893
66,14,30000,0.833168,0.597243,165225,18227,570,biscoito,cefa41153a,9.1652
66,15,30000,0.832964,0.596033,165250,18229,569,biscoito,bae6464a9d,9.7717
66,16,30000,0.832964,0.596483,165208,18212,570,biscoito,d34a54c729,9.5878
66,17,30000,0.833359,0.596161,165186,18220,571,biscoito,f477fb4e3b,9.9588
66,18,30000,0.833156,0.596216,165213,18232,571,biscoito,e42121881a,10.1868
66,19,30000,0.832984,0.596808,165242,18244,571,biscoito,3c17c14dc8,9.2072
67,0,30000,0.832932,0.595639,165223,18238,569,biscoito,80ada8a312,12.6600
67,1,30000,0.833243,0.593997,165239,18215,567,biscoito,3977e59535,9.7214
67,2,30000,0.832968,0.597178,165268,18231,571,biscoito,6742782198,16.6220
67,3,30000,0.833100,0.597470,165207,18237,571,biscoito,29f54f0388,13.0014
67,4,30000,0.832968,0.596415,165205,18215,570,biscoito,e90f0803e5,10.8550
67,5,30000,0.832764,0.595696,165209,18201,569,biscoito,aad235fa92,9.7118
67,6,30000,0.833024,0.596577,165245,18239,571,biscoito,f15ebff177,10.0893
67,7,30000,0.833080,0.596567,165228,18219,570,biscoito,bed43aab26,10.1088
67,8,30000,0.832856,0.595238,165241,18243,569,biscoito,9688ea5e69,9.9689
67,9,30000,0.832904,0.596264,165252,18220,570,biscoito,5ba382c14f,10.6121
67,10,30000,0.832952,0.596828,165235,18248,571,biscoito,94768b8407,14.6252
67,11,30000,0.832968,0.596048,165224,18238,570,biscoito,ccdcb1b83b,9.7820
67,12,30000,0.833052,0.596755,165254,18238,571,biscoito,ac77818c38,9.5284
67,13,30000,0.832992,0.596809,165237,18245,571,biscoito,30d14f22f5,9.5946
67,14,30000,0.833164,0.596361,165218,18230,571,biscoito,c1a2a0c893,9.4475
67,15,30000,0.832916,0.596499,165231,18232,570,biscoito,a0475d3a3b,9.6399
67,16,30000,0.833112,0.597217,165281,18226,571,biscoito,4ebe70c3b6,10.8854
67,17,30000,0.832964,0.596483,165208,18212,570,biscoito,d34a54c729,9.5878
67,18,30000,0.832932,0.595639,165223,18238,569,biscoito,80ada8a312,12.6600
67,19,30000,0.833072,0.596029,165244,18232,569,biscoito,0f622afb94,10.2716
68,0,30000,0.832764,0.595696,165209,18201,569,biscoito,aad235fa92,9.7118
68,1,30000,0.833219,0.596474,165267,18228,571,biscoito,22d35fca89,11.1143
68,2,30000,0.832852,0.594168,165212,18246,567,biscoito,c35afdeec3,10.5212
68,3,30000,0.832792,0.595822,165231,18202,569,biscoito,01dbf5fe15,12.2264
68,4,30000,0.832964,0.596352,165200,18221,570,biscoito,d51bd2a972,13.9981
68,5,30000,0.833092,0.596289,165223,18226,570,biscoito,430fa1f79a,9.5671
68,6,30000,0.832644,0.594755,165234,18218,568,biscoito,5c9bb1d143,9.6581
68,7,30000,0.832936,0.596099,165213,18220,569,biscoito,c2a01fafd7,9.6911
68,8,30000,0.832892,0.596222,165221,18208,569,biscoito,88e9a4bf62,10.2202
68,9,30000,0.832932,0.595186,165206,18208,570,biscoito,8482783bc3,10.0468
68,10,30000,0.832904,0.596264,165252,18220,570,biscoito,5ba382c14f,10.6121
68,11,30000,0.832624,0.595572,165179,18238,568,biscoito,88a4b5ae53,10.5402
68,12,30000,0.832944,0.595957,165265,18257,571,biscoito,9f74ec673c,9.2471
68,13,30000,0.832952,0.596820,165233,18242,571,biscoito,3eb1d0146b,9.4578
68,14,30000,0.833000,0.596547,165242,18230,570,biscoito,03ac72c99b,9.5210
68,15,30000,0.832992,0.596809,165237,18245,571,biscoito,30d14f22f5,9.5946
68,16,30000,0.832992,0.596809,165237,18245,571,biscoito,30d14f22f5,9.5946
68,17,30000,0.832940,0.595534,165225,18215,570,biscoito,ac4da383bd,10.5393
68,18,30000,0.832996,0.595413,165182,18237,568,biscoito,8f15bdbee3,10.8471
68,19,30000,0.832960,0.594344,165231,18228,570,biscoito,54c85fe2ad,18.0793
69,0,30000,0.832624,0.595572,165179,18238,568,biscoito,88a4b5ae53,10.5402
69,1,30000,0.832904,0.596264,165252,18220,570,biscoito,5ba382c14f,10.6121
69,2,30000,0.832792,0.595822,165231,18202,569,biscoito,01dbf5fe15,12.2264
69,3,30000,0.832349,0.595851,165224,18224,569,biscoito,e107a9137d,10.7152
69,4,30000,0.833012,0.594958,165206,18228,568,biscoito,f8df9fc001,10.0674
69,5,30000,0.832732,0.595620,165196,18255,569,biscoito,2ad75fca37,9.7035
69,6,30000,0.832880,0.595259,165235,18187,568,biscoito,2a5ec4e679,9.4895
69,7,30000,0.832892,0.596222,165221,18208,569,biscoito,88e9a4bf62,10.2202
69,8,30000,0.832792,0.595822,165231,18202,569,biscoito,01dbf5fe15,12.2264
69,9,30000,0.832940,0.595534,165225,18215,570,biscoito,ac4da383bd,10.5393
69,10,30000,0.832940,0.595534,165225,18215,570,biscoito,ac4da383bd,10.5393
69,11,30000,0.832896,0.596336,165246,18227,570,biscoito,fff24493bd,10.3822
69,12,30000,0.832652,0.595222,165240,18232,569,biscoito,46997d160f,9.1344
69,13,30000,0.832397,0.595827,165221,18233,569,biscoito,35b01d45a9,9.1328
69,14,30000,0.833028,0.596084,165208,18238,569,biscoito,436dc5cca7,9.7765
69,15,30000,0.832632,0.595549,165192,18240,568,biscoito,135453f1f3,9.4471
69,16,30000,0.832497,0.594708,165221,18218,568,biscoito,cb1015c9ce,9.4392
69,17,30000,0.832792,0.595822,165231,18202,569,biscoito,01dbf5fe15,12.2264
69,18,30000,0.832792,0.595822,165231,18202,569,biscoito,01dbf5fe15,12.2264
69,19,30000,0.833223,0.596304,165223,18221,571,biscoito,a61501750c,10.2708
70,0,30000,0.832349,0.595851,165224,18224,569,biscoito,e107a9137d,10.7152
70,1,30000,0.832700,0.596670,165230,18236,568,biscoito,b46efd43a3,9.6290
70,2,30000,0.832349,0.595932,165222,18222,569,biscoito,0ef496b6f7,9.9647
70,3,30000,0.832393,0.594776,165203,18240,568,biscoito,8e21370637,10.2759
70,4,30000,0.833136,0.595973,165195,18219,568,biscoito,7542226199,10.6196
70,5,30000,0.833028,0.596084,165208,18238,569,biscoito,436dc5cca7,9.7765
70,6,30000,0.832652,0.595222,165240,18232,569,biscoito,46997d160f,9.1344
70,7,30000,0.832676,0.596193,165190,18226,569,biscoito,c6f1c18464,10.2658
70,8,30000,0.832317,0.594537,165245,18219,568,biscoito,23f95cf3be,10.8149
70,9,30000,0.832469,0.595536,165242,18241,570,biscoito,75e33129f6,10.2877
70,10,30000,0.832257,0.595155,165226,18216,568,biscoito,3090297237,9.5273
70,11,30000,0.833128,0.595265,165283,18227,569,biscoito,6e091e04ff,10.9646
70,12,30000,0.832544,0.594736,165236,18223,568,biscoito,379d11f2be,9.6862
70,13,30000,0.833044,0.595603,165187,18224,568,biscoito,e26abf3e89,10.7648
70,14,30000,0.832505,0.595711,165228,18219,569,biscoito,861c63b453,10.3573
70,15,30000,0.832233,0.595282,165214,18220,569,biscoito,be61f71a17,9.7590
70,16,30000,0.832728,0.596636,165221,18222,570,biscoito,4f67dd096b,11.0582
70,17,30000,0.832840,0.596181,165219,18203,569,biscoito,7a2d04751a,10.3434
70,18,30000,0.832812,0.595817,165227,18205,569,biscoito,9b2bd9a3eb,10.0999
70,19,30000,0.832309,0.594950,165262,18260,568,biscoito,4a94c879a8,10.8244
71,0,30000,0.832233,0.595282,165214,18220,569,biscoito,be61f71a17,9.7590
71,1,30000,0.832057,0.594951,165240,18232,569,biscoito,576733ea54,10.8455
71,2,30000,0.832976,0.596045,165240,18252,568,biscoito,4aee3c7bb8,10.2044
71,3,30000,0.832580,0.595095,165181,18238,568,biscoito,953e722111,10.8724
71,4,30000,0.832221,0.595611,165233,18229,569,biscoito,0f36ec87eb,10.3371
71,5,30000,0.833064,0.597701,165232,18250,572,biscoito,d33faf97de,10.2522
71,6,30000,0.832600,0.594547,165273,18244,567,biscoito,baa08549af,11.5083
71,7,30000,0.832013,0.593979,165195,18237,567,biscoito,9c2e7df7a5,10.9423
71,8,30000,0.832744,0.596213,165217,18227,569,biscoito,78da168eb5,10.0096
71,9,30000,0.832996,0.595705,165232,18256,568,biscoito,f018256be2,10.8555
71,10,30000,0.831933,0.594324,165251,18243,569,biscoito,b93b11a4de,10.0315
71,11,30000,0.832333,0.594722,165223,18234,568,biscoito,7b6c18836b,11.3131
71,12,30000,0.832301,0.594871,165218,18237,568,biscoito,4c96dfa827,10.3943
71,13,30000,0.832169,0.593854,165255,18231,567,biscoito,fb2295b084,10.3406
71,14,30000,0.832381,0.595361,165200,18226,569,biscoito,33e8e2f3f9,9.9552
71,15,30000,0.832445,0.595102,165227,18226,568,biscoito,a776835123,11.7514
71,16,30000,0.832317,0.594451,165280,18245,568,biscoito,41e5f97511,12.1790
71,17,30000,0.832700,0.594228,165236,18244,569,biscoito,34de1d89f2,12.0057
71,18,30000,0.832904,0.595969,165239,18239,570,biscoito,7d4a575de6,11.2085
71,19,30000,0.832397,0.594787,165203,18235,568,biscoito,1104fcbd91,11.1806
72,0,30000,0.831933,0.594324,165251,18243,569,biscoito,b93b11a4de,10.0315
72,1,30000,0.832297,0.593976,165264,18234,567,biscoito,281b6cf9d9,12.2384
72,2,30000,0.832596,0.596424,165207,18214,569,biscoito,f5c8f63c51,11.9867
72,3,30000,0.832221,0.595611,165233,18229,569,biscoito,0f36ec87eb,10.3371
72,4,30000,0.832013,0.593979,165195,18237,567,biscoito,9c2e7df7a5,10.9423
72,5,30000,0.832233,0.595282,165214,18220,569,biscoito,be61f71a17,9.7590
72,6,30000,0.832233,0.595282,165214,18220,569,biscoito,be61f71a17,9.7590
72,7,30000,0.832185,0.594526,165239,18235,568,biscoito,7a63196c5d,13.0178
72,8,30000,0.832069,0.594911,165245,18230,569,biscoito,ce30f92562,11.4153
72,9,30000,0.832241,0.593875,165302,18228,567,biscoito,3b65fe03eb,11.8684
72,10,30000,0.832405,0.595004,165208,18249,568,biscoito,7f2cacfda0,12.0573
72,11,30000,0.831925,0.595218,165223,18261,570,biscoito,ed8a1ff635,11.0740
72,12,30000,0.832161,0.596255,165253,18251,569,biscoito,44743cc520,12.8464
72,13,30000,0.832317,0.594727,165229,18232,568,biscoito,a7f516702e,11.7714
72,14,30000,0.832097,0.595375,165180,18225,568,biscoito,0c5ef7a857,11.7609
72,15,30000,0.832165,0.594451,165239,18215,568,biscoito,c1f2da2ca5,11.9634
72,16,30000,0.832273,0.595691,165206,18239,570,biscoito,8d19d8d1ac,11.3033
72,17,30000,0.832521,0.597130,165279,18254,570,biscoito,93cd0c4238,13.2886
72,18,30000,0.832668,0.594004,165218,18240,568,biscoito,362c0bf3dc,12.3540
72,19,30000,0.832493,0.595695,165232,18243,570,biscoito,54b75cffa7,9.7211
73,0,30000,0.831925,0.595218,165223,18261,570,biscoito,ed8a1ff635,11.0740
73,1,30000,0.832081,0.595192,165183,18224,568,biscoito,e7595625d6,11.8142
73,2,30000,0.832249,0.595747,165227,18229,569,biscoito,513835e152,9.8005
73,3,30000,0.832948,0.597263,165149,18235,570,biscoito,86d06f6a1b,9.7689
73,4,30000,0.831674,0.593995,165232,18252,569,biscoito,868e85c2db,9.7474
73,5,30000,0.831925,0.595218,165220,18260,570,biscoito,04fc4aa53c,9.2546
73,6,30000,0.831937,0.594324,165257,18243,569,biscoito,0a57738fb0,9.0832
73,7,30000,0.832429,0.597279,165258,18285,568,biscoito,243869c88d,9.0449
73,8,30000,0.831921,0.593888,165229,18230,567,biscoito,c80d533844,13.7132
73,9,30000,0.832193,0.593948,165240,18258,569,biscoito,86bfa17bd2,10.0058
73,10,30000,0.831985,0.595500,165245,18223,569,biscoito,f322a7e5e3,9.2959
73,11,30000,0.832061,0.594926,165245,18220,569,biscoito,42cab6943b,8.9640
73,12,30000,0.832017,0.594400,165254,18240,569,biscoito,f548cd969f,8.9678
73,13,30000,0.832273,0.595691,165206,18239,570,biscoito,8d19d8d1ac,11.3033
73,14,30000,0.832800,0.597286,165186,18230,569,biscoito,11bc7931d9,8.8878
73,15,30000,0.831989,0.594386,165239,18243,569,biscoito,3601021b1c,8.7737
73,16,30000,0.832013,0.593956,165210,18235,567,biscoito,5c13e01630,10.0776
73,17,30000,0.832249,0.595357,165193,18253,570,biscoito,ca91f1cdd8,9.1695
73,18,30000,0.831738,0.594389,165243,18259,569,biscoito,5ebf71b453,8.7774
73,19,30000,0.832013,0.593979,165195,18237,567,biscoito,9c2e7df7a5,10.9423
74,0,30000,0.831674,0.593995,165232,18252,569,biscoito,868e85c2db,9.7474
74,1,30000,0.832213,0.595637,165173,18245,570,biscoito,db2e4e085f,9.6295
74,2,30000,0.832640,0.596212,165173,18236,567,biscoito,8448cc820d,10.0419
74,3,30000,0.831662,0.593961,165233,18255,569,biscoito,09385c0c5f,8.9811
74,4,30000,0.831945,0.594963,165224,18257,569,biscoito,f46ae8e952,10.2287
74,5,30000,0.831849,0.595337,165265,18247,571,biscoito,ff70029dc6,9.0203
74,6,30000,0.831869,0.595095,165218,18261,569,biscoito,f1c6d9ed12,8.9084
74,7,30000,0.831885,0.594645,165260,18264,570,biscoito,5d07fde5d2,8.7877
74,8,30000,0.832129,0.594868,165256,18223,568,biscoito,cccb2ade72,8.6530
74,9,30000,0.831558,0.594324,165241,18256,568,biscoito,fd1d38d1e6,8.7255
74,10,30000,0.832536,0.594498,165216,18276,570,biscoito,93c1b4909d,8.6019
74,11,30000,0.831722,0.594509,165234,18253,569,biscoito,9e2895ae41,10.2549
74,12,30000,0.832009,0.595323,165229,18270,570,biscoito,e513ed5fe1,9.0428
74,13,30000,0.831997,0.595505,165242,18225,569,biscoito,e02731160d,8.7304
74,14,30000,0.832017,0.595307,165167,18252,571,biscoito,cbd36798ed,8.9580
74,15,30000,0.832317,0.595128,165252,18273,569,biscoito,6b753dd488,9.1630
74,16,30000,0.832696,0.597175,165259,18222,571,biscoito,ba21e6ebea,9.3013
74,17,30000,0.832237,0.595821,165219,18245,569,biscoito,702b74854d,8.9533
74,18,30000,0.831738,0.594389,165243,18259,569,biscoito,5ebf71b453,8.7774
74,19,30000,0.831961,0.593529,165287,18239,568,biscoito,848117f1e7,9.2720
75,0,30000,0.831558,0.594324,165241,18256,568,biscoito,fd1d38d1e6,8.7255
75,1,30000,0.832249,0.594038,165196,18252,568,biscoito,17dbb662f3,8.9011
75,2,30000,0.831869,0.595095,165218,18261,569,biscoito,f1c6d9ed12,8.9084
75,3,30000,0.831774,0.594630,165268,18257,569,biscoito,a2698811d4,9.5988
75,4,30000,0.831846,0.594824,165196,18261,569,biscoito,e22cd0b310,8.9348
75,5,30000,0.831662,0.593961,165233,18255,569,biscoito,09385c0c5f,8.9811
75,6,30000,0.831662,0.593961,165233,18255,569,biscoito,09385c0c5f,8.9811
75,7,30000,0.831877,0.595083,165259,18271,570,biscoito,38f892e8c6,8.7071
75,8,30000,0.832081,0.595419,165273,18253,570,biscoito,f228044409,8.5179
75,9,30000,0.831869,0.595095,165218,18261,569,biscoito,f1c6d9ed12,8.9084
75,10,30000,0.832405,0.595311,165249,18268,570,biscoito,a42a29d3ac,9.1797
75,11,30000,0.831554,0.594146,165237,18255,569,biscoito,99574b8631,8.6278
75,12,30000,0.831822,0.594529,165225,18245,569,biscoito,4e14512783,8.6183
75,13,30000,0.832097,0.595503,165216,18250,569,biscoito,b683fe5643,8.4941
75,14,30000,0.831865,0.593963,165222,18259,568,biscoito,fb53043f15,8.6294
75,15,30000,0.831690,0.593998,165224,18247,569,biscoito,64b9f57bda,8.8020
75,16,30000,0.831762,0.594503,165233,18254,569,biscoito,06ceb5248d,8.5426
75,17,30000,0.831881,0.593469,165163,18264,569,biscoito,eb646621a3,8.9966
75,18,30000,0.831662,0.593961,165233,18255,569,biscoito,09385c0c5f,8.9811
75,19,30000,0.832125,0.597388,165237,18253,571,biscoito,9ac08e0f18,10.1867
76,0,30000,0.831554,0.594146,165237,18255,569,biscoito,99574b8631,8.6278
76,1,30000,0.831662,0.593961,165233,18255,569,biscoito,09385c0c5f,8.9811
76,2,30000,0.831690,0.593998,165224,18247,569,biscoito,64b9f57bda,8.8020
76,3,30000,0.831802,0.594505,165245,18258,569,biscoito,1cfdaf9255,9.8046
76,4,30000,0.831674,0.594150,165249,18249,569,biscoito,29d3a12231,9.1119
76,5,30000,0.831690,0.593998,165217,18247,569,biscoito,463362c4ac,9.0510
76,6,30000,0.831662,0.593961,165234,18256,569,biscoito,afbff278ac,8.9108
76,7,30000,0.831822,0.594529,165225,18245,569,biscoito,4e14512783,8.6183
76,8,30000,0.831822,0.594529,165225,18245,569,biscoito,4e14512783,8.6183
76,9,30000,0.831802,0.594405,165206,18248,569,biscoito,1ce5ad5b66,9.0789
76,10,30000,0.831949,0.594865,165199,18234,569,biscoito,da9b897500,8.9235
76,11,30000,0.831662,0.593961,165233,18255,569,biscoito,09385c0c5f,8.9811
76,12,30000,0.831662,0.593961,165233,18255,569,biscoito,09385c0c5f,8.9811
76,13,30000,0.831422,0.593879,165248,18257,568,biscoito,75ae81fa4e,8.7007
76,14,30000,0.831414,0.594006,165228,18246,569,biscoito,e0d294adc6,8.5484
76,15,30000,0.831662,0.593961,165233,18255,569,biscoito,09385c0c5f,8.9811
76,16,30000,0.831662,0.593961,165233,18255,569,biscoito,09385c0c5f,8.9811
76,17,30000,0.831646,0.594170,165244,18257,569,biscoito,f7fd71309a,8.5582
76,18,30000,0.831834,0.594508,165267,18260,568,biscoito,7d75fb1fa2,10.8743
76,19,30000,0.832225,0.597006,165232,18275,573,biscoito,13b740b772,8.7276
77,0,30000,0.831414,0.594006,165228,18246,569,biscoito,e0d294adc6,8.5484
77,1,30000,0.831662,0.593961,165233,18255,569,biscoito,09385c0c5f,8.9811
77,2,30000,0.831662,0.593961,165233,18255,569,biscoito,09385c0c5f,8.9811
77,3,30000,0.831662,0.593961,165233,18255,569,biscoito,09385c0c5f,8.9811
77,4,30000,0.831802,0.594405,165206,18248,569,biscoito,1ce5ad5b66,9.0789
77,5,30000,0.831566,0.594121,165255,18255,569,biscoito,53adc8cede,9.7589
77,6,30000,0.831626,0.594530,165263,18250,569,biscoito,40787d940d,8.6989
77,7,30000,0.832077,0.594743,165251,18260,569,biscoito,49ea546e55,8.8413
77,8,30000,0.831570,0.594950,165249,18250,570,biscoito,a2664c02e4,8.7418
77,9,30000,0.831714,0.594200,165243,18256,569,biscoito,b78e543f0f,8.9719
77,10,30000,0.831634,0.594176,165242,18261,569,biscoito,b31efebf0b,8.6470
77,11,30000,0.831662,0.593961,165233,18255,569,biscoito,09385c0c5f,8.9811
77,12,30000,0.831662,0.593961,165233,18255,569,biscoito,09385c0c5f,8.9811
77,13,30000,0.831802,0.594505,165243,18258,569,biscoito,d954deb20c,9.2533
77,14,30000,0.831662,0.593961,165236,18255,569,biscoito,a348d48c5a,8.6033
77,15,30000,0.831378,0.593575,165233,18253,569,biscoito,ce81b2c453,8.8104
77,16,30000,0.831670,0.594410,165213,18262,569,biscoito,607ea012a3,8.5014
77,17,30000,0.831650,0.594231,165248,18252,569,biscoito,f4e5c788be,9.0291
77,18,30000,0.831278,0.593868,165231,18250,569,biscoito,c37778b2d6,10.0500
77,19,30000,0.831642,0.594158,165237,18255,569,biscoito,1c853f1299,9.6041
78,0,30000,0.831278,0.593868,165231,18250,569,biscoito,c37778b2d6,10.0500
78,1,30000,0.831662,0.593961,165233,18255,569,biscoito,09385c0c5f,8.9811
78,2,30000,0.831414,0.594006,165228,18246,569,biscoito,e0d294adc6,8.5484
78,3,30000,0.831618,0.594171,165241,18257,569,biscoito,e4fb88a44f,9.3967
78,4,30000,0.832113,0.594315,165265,18264,568,biscoito,648e08b9a0,8.9897
78,5,30000,0.831849,0.596352,165215,18259,573,biscoito,27cb5f48ac,9.3792
78,6,30000,0.831482,0.594034,165238,18252,569,biscoito,e991160cca,8.7449
78,7,30000,0.831574,0.594290,165226,18249,569,biscoito,724fbe4507,9.0432
78,8,30000,0.831454,0.593689,165261,18259,568,biscoito,f5384783b6,9.6104
78,9,30000,0.831378,0.593575,165233,18253,569,biscoito,ce81b2c453,8.8104
78,10,30000,0.831650,0.594231,165248,18252,569,biscoito,f4e5c788be,9.0291
78,11,30000,0.831454,0.594514,165262,18240,569,biscoito,a08befecd9,11.9766
78,12,30000,0.831590,0.594121,165251,18261,569,biscoito,21a1f4c9d4,10.1389
78,13,30000,0.831402,0.593566,165250,18254,569,biscoito,3f6e46e30a,10.2881
78,14,30000,0.831666,0.594281,165229,18262,569,biscoito,5eaa250e9c,9.4198
78,15,30000,0.831730,0.595223,165240,18241,569,biscoito,0bbcf6c59d,8.8952
78,16,30000,0.831889,0.594174,165254,18253,570,biscoito,dd4ed649e3,9.0418
78,17,30000,0.831666,0.593855,165210,18245,569,biscoito,d0cc75f470,8.9599
78,18,30000,0.832273,0.596314,165225,18248,571,biscoito,dccebd94cd,9.5582
78,19,30000,0.831538,0.594139,165232,18256,569,biscoito,f9a4c77dd4,8.7253
79,0,30000,0.831278,0.593868,165231,18250,569,biscoito,c37778b2d6,10.0500
79,1,30000,0.831418,0.593909,165243,18249,569,biscoito,c6e8513165,8.9949
79,2,30000,0.831382,0.594016,165233,18252,569,biscoito,dbc5d717f1,8.6455
79,3,30000,0.831830,0.594864,165225,18248,570,biscoito,9a404489f8,8.7901
79,4,30000,0.831722,0.594416,165263,18248,571,biscoito,6ad5f45078,8.7368
79,5,30000,0.832377,0.596488,165249,18254,570,biscoito,70c18ee94a,9.7163
79,6,30000,0.831298,0.593484,165243,18257,569,biscoito,f3e9ab0326,9.0607
79,7,30000,0.831590,0.594121,165251,18261,569,biscoito,21a1f4c9d4,10.1389
79,8,30000,0.831402,0.593566,165250,18254,569,biscoito,3f6e46e30a,10.2881
79,9,30000,0.831294,0.592795,165231,18247,569,biscoito,30e60d196e,8.8038
79,10,30000,0.831458,0.594017,165228,18251,569,biscoito,5a5dda4ea6,8.5416
79,11,30000,0.831662,0.593960,165233,18254,569,biscoito,454acae8d4,8.7572
79,12,30000,0.831450,0.594502,165259,18241,569,biscoito,632084c66a,8.8096
79,13,30000,0.831510,0.593659,165242,18253,569,biscoito,b6efaf710e,9.0944
79,14,30000,0.831462,0.593527,165233,18262,569,biscoito,d04f2a0f50,9.1917
79,15,30000,0.831362,0.593932,165224,18251,569,biscoito,dd3c8f5d04,8.8040
79,16,30000,0.831310,0.593491,165250,18253,569,biscoito,56ce74742e,8.9555
79,17,30000,0.831230,0.593469,165243,18253,569,biscoito,5f1e792bbe,8.3917
79,18,30000,0.831382,0.593845,165236,18246,569,biscoito,f2112f39e8,8.5737
79,19,30000,0.831670,0.593645,165242,18251,569,biscoito,72f2717618,8.6440
80,0,30000,0.831230,0.593469,165243,18253,569,biscoito,5f1e792bbe,8.3917
80,1,30000,0.831286,0.593858,165234,18251,569,biscoito,1791127384,9.2362
80,2,30000,0.831422,0.593915,165247,18251,569,biscoito,dbf7484727,8.5100
80,3,30000,0.831274,0.593070,165246,18253,569,biscoito,07521fc976,8.4852
80,4,30000,0.831378,0.593929,165245,18249,569,biscoito,f30b5e0664,8.8811
80,5,30000,0.831538,0.594415,165247,18255,569,biscoito,4e07316f41,9.0569
80,6,30000,0.831346,0.593610,165251,18246,569,biscoito,9321bea7b3,8.5394
80,7,30000,0.831286,0.593860,165233,18249,569,biscoito,76af19bb18,8.6111
80,8,30000,0.831378,0.593968,165227,18252,569,biscoito,e59ef5034a,8.9497
80,9,30000,0.831258,0.593856,165236,18249,569,biscoito,8c2fd891e6,8.5851
80,10,30000,0.831238,0.593470,165238,18252,569,biscoito,b2e80dc8e5,8.5636
80,11,30000,0.832133,0.593163,165259,18238,569,biscoito,ac7e034971,8.6337
80,12,30000,0.831298,0.592795,165232,18246,569,biscoito,0cc47e6c4f,9.0395
80,13,30000,0.831418,0.593909,165243,18249,569,biscoito,c6e8513165,8.9949
80,14,30000,0.831382,0.593845,165236,18246,569,biscoito,f2112f39e8,8.5737
80,15,30000,0.831354,0.593743,165239,18253,569,biscoito,3cec0a87ae,8.4782
80,16,30000,0.831522,0.593868,165219,18256,569,biscoito,371cc81d76,8.9961
80,17,30000,0.831602,0.595074,165233,18268,569,biscoito,abdbb6a70c,9.1030
80,18,30000,0.831654,0.593354,165278,18256,568,biscoito,ceecea63d7,8.5220
80,19,30000,0.831278,0.593868,165231,18250,569,biscoito,c37778b2d6,10.0500
81,0,30000,0.831230,0.593469,165243,18253,569,biscoito,5f1e792bbe,8.3917
81,1,30000,0.831274,0.593098,165247,18253,569,biscoito,30b2a91d8f,8.7329
81,2,30000,0.831266,0.593836,165235,18253,569,biscoito,46bf3e855e,8.7070
81,3,30000,0.831238,0.593470,165238,18253,569,biscoito,fefba7cc6f,8.8694
81,4,30000,0.831238,0.593472,165246,18252,569,biscoito,d29aa3876f,8.6402
81,5,30000,0.831726,0.594291,165201,18253,570,biscoito,0009f9feb0,8.7592
81,6,30000,0.831442,0.594297,165211,18260,570,biscoito,01620795b8,9.3887
81,7,30000,0.831282,0.593966,165255,18236,569,biscoito,81ecd9ad6a,8.6764
81,8,30000,0.831334,0.593558,165223,18261,569,biscoito,55cb02d7e2,8.7154
81,9,30000,0.831346,0.593480,165237,18260,569,biscoito,8ccc1bf603,9.0081
81,10,30000,0.831826,0.594387,165202,18237,569,biscoito,f00dac3e41,8.6061
81,11,30000,0.831358,0.593544,165241,18261,569,biscoito,764cab2b80,8.4954
81,12,30000,0.831286,0.593884,165222,18248,569,biscoito,8b81acc7d6,9.3520
81,13,30000,0.831306,0.593895,165235,18251,569,biscoito,51206c847c,8.6729
81,14,30000,0.831514,0.594053,165294,18270,568,biscoito,e2f031e0a9,8.7414
81,15,30000,0.831230,0.593469,165243,18253,569,biscoito,5f1e792bbe,8.3917
81,16,30000,0.831650,0.593500,165278,18277,570,biscoito,9aaf20773d,8.7200
81,17,30000,0.831290,0.593110,165223,18250,569,biscoito,a8fbcd50bc,8.7083
81,18,30000,0.831306,0.593194,165241,18250,569,biscoito,c2b6fc8f97,8.4136
81,19,30000,0.831466,0.593455,165263,18252,570,biscoito,7eeafefa82,8.5176
82,0,30000,0.831230,0.593469,165243,18253,569,biscoito,5f1e792bbe,8.3917
82,1,30000,0.831159,0.593061,165242,18255,568,biscoito,84f7672710,9.0877
82,2,30000,0.831322,0.593880,165226,18248,569,biscoito,27fabf6e8b,9.4551
82,3,30000,0.831238,0.593472,165246,18252,569,biscoito,d29aa3876f,8.6402
82,4,30000,0.831514,0.594053,165294,18270,568,biscoito,e2f031e0a9,8.7414
82,5,30000,0.831694,0.594181,165234,18251,569,biscoito,902ac9ef85,9.0048
82,6,30000,0.831402,0.593535,165216,18257,570,biscoito,e105211678,8.6643
82,7,30000,0.831322,0.593176,165226,18239,569,biscoito,1cd505ef2d,8.6927
82,8,30000,0.831210,0.593209,165238,18255,569,biscoito,d33a23e163,8.5573
82,9,30000,0.831646,0.593799,165224,18264,569,biscoito,a5d72a760f,9.3379
82,10,30000,0.831630,0.595015,165228,18249,569,biscoito,7f1a54cd2c,10.2119
82,11,30000,0.831230,0.593469,165243,18253,569,biscoito,5f1e792bbe,8.3917
82,12,30000,0.831230,0.593469,165243,18253,569,biscoito,5f1e792bbe,8.3917
82,13,30000,0.831506,0.594366,165194,18262,570,biscoito,555f5a83ea,11.9161
82,14,30000,0.831202,0.593405,165253,18250,569,biscoito,207ea452be,14.9520
82,15,30000,0.831762,0.594089,165211,18268,569,biscoito,fe2df42138,13.5850
82,16,30000,0.831350,0.593480,165231,18259,569,biscoito,dc022dc137,14.1272
82,17,30000,0.831290,0.593110,165223,18250,569,biscoito,a8fbcd50bc,8.7083
82,18,30000,0.831238,0.593472,165246,18252,569,biscoito,d29aa3876f,8.6402
82,19,30000,0.831698,0.597030,165254,18258,572,biscoito,99dc238433,13.3497
83,0,30000,0.831159,0.593061,165242,18255,568,biscoito,84f7672710,9.0877
83,1,30000,0.831865,0.594185,165221,18270,569,biscoito,e632fedb99,13.6355
83,2,30000,0.831602,0.592619,165241,18252,569,biscoito,511de02dd5,13.1712
83,3,30000,0.831474,0.590765,165191,18266,565,biscoito,791464f88e,14.1136
83,4,30000,0.831290,0.593531,165247,18266,569,biscoito,56221fe20b,17.6402
83,5,30000,0.831754,0.595452,165285,18265,569,biscoito,8b2021a98e,13.7745
83,6,30000,0.831170,0.593200,165238,18258,569,biscoito,9cc6c9f20d,13.6319
83,7,30000,0.831202,0.593405,165253,18250,569,biscoito,207ea452be,14.9520
83,8,30000,0.831202,0.593405,165253,18250,569,biscoito,207ea452be,14.9520
83,9,30000,0.831706,0.592734,165305,18251,569,biscoito,66c52c7f35,13.1561
83,10,30000,0.831506,0.594366,165194,18262,570,biscoito,555f5a83ea,11.9161
83,11,30000,0.831322,0.593880,165226,18248,569,biscoito,27fabf6e8b,9.4551
83,12,30000,0.831202,0.593405,165253,18250,569,biscoito,207ea452be,14.9520
83,13,30000,0.831378,0.593331,165226,18235,568,biscoito,927316b35e,13.2640
83,14,30000,0.831414,0.593329,165240,18257,569,biscoito,446ed4a36c,13.4279
83,15,30000,0.832141,0.597116,165237,18268,569,biscoito,84cddb742a,13.3229
83,16,30000,0.831250,0.593483,165243,18259,569,biscoito,02c22f60a0,13.0793
83,17,30000,0.831394,0.594524,165241,18242,568,biscoito,3288e3aa7e,13.5197
83,18,30000,0.831526,0.595646,165234,18269,571,biscoito,529f599948,13.0743
83,19,30000,0.831262,0.593544,165267,18258,569,biscoito,4a152bb7b4,13.8021
84,0,30000,0.831159,0.593061,165242,18255,568,biscoito,84f7672710,9.0877
84,1,30000,0.831202,0.593405,165253,18250,569,biscoito,207ea452be,14.9520
84,2,30000,0.832085,0.595180,165310,18248,569,biscoito,d2d02185ce,13.6250
84,3,30000,0.831202,0.593405,165253,18250,569,biscoito,207ea452be,14.9520
84,4,30000,0.831250,0.593483,165243,18259,569,biscoito,02c22f60a0,13.0793
84,5,30000,0.831294,0.593447,165262,18254,569,biscoito,a57848937d,12.9842
84,6,30000,0.831538,0.592873,165244,18260,569,biscoito,3b05ba1705,13.2221
84,7,30000,0.831202,0.593405,165253,18250,569,biscoito,207ea452be,14.9520
84,8,30000,0.831885,0.596685,165242,18243,571,biscoito,a775adb45f,13.0110
84,9,30000,0.831182,0.593076,165245,18253,568,biscoito,23acd556fd,13.2369
84,10,30000,0.831390,0.593332,165221,18237,568,biscoito,53b2a8ad8f,13.1149
84,11,30000,0.831578,0.592873,165246,18264,569,biscoito,677bac4b6c,13.5432
84,12,30000,0.831063,0.593161,165247,18248,569,biscoito,1574e92db0,13.8735
84,13,30000,0.831186,0.593339,165239,18251,569,biscoito,f1a682967a,13.0176
84,14,30000,0.831262,0.593558,165260,18258,569,biscoito,0c9f60de26,13.6550
84,15,30000,0.831502,0.594625,165238,18273,570,biscoito,183d9032bc,13.5327
84,16,30000,0.831674,0.590530,165206,18275,564,biscoito,c171157642,13.2729
84,17,30000,0.831662,0.592769,165267,18261,568,biscoito,ddb61c55e1,12.7875
84,18,30000,0.831202,0.593405,165253,18250,569,biscoito,207ea452be,14.9520
84,19,30000,0.831322,0.593108,165223,18251,569,biscoito,2fd8961c80,13.0546
85,0,30000,0.831063,0.593161,165247,18248,569,biscoito,1574e92db0,13.8735
85,1,30000,0.831202,0.593405,165253,18250,569,biscoito,207ea452be,14.9520
85,2,30000,0.831202,0.593405,165253,18250,569,biscoito,207ea452be,14.9520
85,3,30000,0.831222,0.593197,165261,18258,569,biscoito,2b01d674a5,13.4943
85,4,30000,0.831266,0.593150,165267,18247,568,biscoito,38554df660,12.9693
85,5,30000,0.831190,0.592557,165263,18260,568,biscoito,494ff430e7,13.7126
85,6,30000,0.831242,0.593736,165243,18254,569,biscoito,f13297f6bf,13.5857
85,7,30000,0.831270,0.593117,165284,18259,568,biscoito,63228390df,13.3954
85,8,30000,0.831446,0.595412,165222,18281,570,biscoito,c9e1d89cf2,13.4578
85,9,30000,0.831238,0.593478,165252,18259,569,biscoito,2dea79c40b,13.2949
85,10,30000,0.831218,0.593413,165251,18249,569,biscoito,6f221c245b,13.9145
85,11,30000,0.831063,0.593161,165247,18248,569,biscoito,1574e92db0,13.8735
85,12,30000,0.831202,0.593405,165253,18250,569,biscoito,207ea452be,14.9520
85,13,30000,0.831023,0.593189,165258,18253,569,biscoito,ad967e87ee,14.6532
85,14,30000,0.831210,0.593443,165233,18253,569,biscoito,0c1a507721,12.9166
85,15,30000,0.831182,0.593427,165234,18242,569,biscoito,771f338b62,12.8996
85,16,30000,0.831310,0.593143,165261,18262,568,biscoito,d8c6e786b1,16.0607
85,17,30000,0.831302,0.593889,165217,18253,569,biscoito,a6702b5716,14.1089
85,18,30000,0.831266,0.592517,165250,18245,567,biscoito,2ddeba6ef0,13.9237
85,19,30000,0.831282,0.593301,165240,18259,569,biscoito,38d7eb7c41,15.1846
86,0,30000,0.831023,0.593189,165258,18253,569,biscoito,ad967e87ee,14.6532
86,1,30000,0.831170,0.593648,165235,18252,569,biscoito,58eabd009b,15.7655
86,2,30000,0.831250,0.593470,165246,18262,569,biscoito,c5ea74ccec,13.4126
86,3,30000,0.831023,0.593189,165258,18253,569,biscoito,ad967e87ee,14.6532
86,4,30000,0.831266,0.593150,165267,18247,568,biscoito,38554df660,12.9693
86,5,30000,0.831446,0.594438,165255,18261,569,biscoito,0344331cf5,13.1253
86,6,30000,0.831282,0.593151,165264,18246,568,biscoito,7be8da2e4d,13.3133
86,7,30000,0.831218,0.592980,165251,18249,569,biscoito,8e90bf3389,13.1718
86,8,30000,0.831143,0.593055,165243,18256,568,biscoito,ca4c70f09c,12.9049
86,9,30000,0.831159,0.593061,165242,18255,568,biscoito,84f7672710,9.0877
86,10,30000,0.831127,0.592732,165260,18255,569,biscoito,11a9b9da37,13.3081
86,11,30000,0.831262,0.593150,165264,18247,568,biscoito,d5f4784d1a,13.7809
86,12,30000,0.831206,0.593405,165254,18248,569,biscoito,4997487cff,13.2763
86,13,30000,0.831099,0.592738,165254,18258,569,biscoito,e908cfa5ad,13.5196
86,14,30000,0.831119,0.593121,165234,18252,568,biscoito,f4213d9d7b,13.5188
86,15,30000,0.831446,0.595085,165230,18266,570,biscoito,d423f5f773,13.4431
86,16,30000,0.831210,0.593443,165233,18253,569,biscoito,0c1a507721,12.9166
86,17,30000,0.831035,0.592777,165285,18243,569,biscoito,2e57486ba4,13.8240
86,18,30000,0.831202,0.593405,165253,18250,569,biscoito,207ea452be,14.9520
86,19,30000,0.831079,0.593250,165250,18255,569,biscoito,c24977bdfe,13.1273
87,0,30000,0.831023,0.593189,165258,18253,569,biscoito,ad967e87ee,14.6532
87,1,30000,0.831023,0.593189,165258,18253,569,biscoito,ad967e87ee,14.6532
87,2,30000,0.831127,0.592732,165260,18255,569,biscoito,11a9b9da37,13.3081
87,3,30000,0.830955,0.592535,165238,18243,569,biscoito,b2d4ca2109,13.0652
87,4,30000,0.831474,0.594938,165275,18277,572,biscoito,8b8402c729,13.1780
87,5,30000,0.831250,0.593388,165251,18248,569,biscoito,1437d12ac3,12.7870
87,6,30000,0.831107,0.592688,165262,18253,569,biscoito,55d6f69153,13.2591
87,7,30000,0.831127,0.592732,165260,18255,569,biscoito,11a9b9da37,13.3081
87,8,30000,0.831206,0.593405,165254,18248,569,biscoito,4997487cff,13.2763
87,9,30000,0.831079,0.593250,165250,18255,569,biscoito,c24977bdfe,13.1273
87,10,30000,0.831079,0.593250,165250,18255,569,biscoito,c24977bdfe,13.1273
87,11,30000,0.831159,0.593061,165242,18255,568,biscoito,84f7672710,9.0877
87,12,30000,0.831438,0.594354,165204,18272,568,biscoito,096d432741,13.4545
87,13,30000,0.831051,0.593177,165241,18254,569,biscoito,649b685b3d,10.1977
87,14,30000,0.831186,0.593147,165259,18258,569,biscoito,eb8ed6f2aa,8.9811
87,15,30000,0.831226,0.593330,165224,18242,569,biscoito,cd157045d4,8.8434
87,16,30000,0.832409,0.594549,165243,18260,569,biscoito,93d89ba114,8.7940
87,17,30000,0.831139,0.592745,165252,18255,569,biscoito,fc698ac9ae,9.5252
87,18,30000,0.831147,0.593057,165257,18254,568,biscoito,2fc1d33291,8.6630
87,19,30000,0.831178,0.593042,165253,18254,568,biscoito,37b0cea479,8.9576
88,0,30000,0.830955,0.592535,165238,18243,569,biscoito,b2d4ca2109,13.0652
88,1,30000,0.831071,0.593260,165256,18254,569,biscoito,0c39b67287,8.7934
88,2,30000,0.831071,0.593234,165260,18252,569,biscoito,074dac7813,8.9346
88,3,30000,0.831099,0.593245,165239,18249,569,biscoito,1c22975a38,9.1229
88,4,30000,0.831079,0.592735,165272,18260,569,biscoito,3e65f493db,8.9651
88,5,30000,0.831079,0.593250,165250,18255,569,biscoito,c24977bdfe,13.1273
88,6,30000,0.831079,0.593250,165250,18255,569,biscoito,c24977bdfe,13.1273
88,7,30000,0.831115,0.592939,165267,18250,568,biscoito,d8cf696e60,8.7890
88,8,30000,0.830975,0.592657,165226,18247,569,biscoito,287fbe45db,9.1382
88,9,30000,0.831083,0.592714,165278,18259,569,biscoito,8f288e535b,8.8394
88,10,30000,0.831091,0.593198,165245,18247,569,biscoito,fb37d2244f,8.7437
88,11,30000,0.831766,0.595345,165314,18278,570,biscoito,7a12d23bf5,8.9450
88,12,30000,0.831218,0.592577,165268,18261,568,biscoito,634d9aabe8,9.2769
88,13,30000,0.831051,0.593165,165272,18262,569,biscoito,136cccc9b9,8.9112
88,14,30000,0.831722,0.593846,165286,18285,569,biscoito,7a221e64b2,8.7449
88,15,30000,0.831055,0.593175,165256,18258,569,biscoito,02be64f257,8.5603
88,16,30000,0.831103,0.593256,165235,18251,569,biscoito,dccc613245,8.5051
88,17,30000,0.831143,0.592748,165257,18256,569,biscoito,ff03fbe4b2,8.5409
88,18,30000,0.831067,0.593249,165256,18254,569,biscoito,2f72f781bf,8.8542
88,19,30000,0.831170,0.592850,165187,18244,570,biscoito,bb90ddb64c,9.2810
89,0,30000,0.830955,0.592535,165238,18243,569,biscoito,b2d4ca2109,13.0652
89,1,30000,0.831071,0.593267,165257,18253,569,biscoito,d9db996e5f,8.8810
89,2,30000,0.831039,0.593193,165261,18252,569,biscoito,59a1604b7f,8.8653
89,3,30000,0.831055,0.593195,165261,18255,569,biscoito,39bbf529d4,8.9745
89,4,30000,0.831035,0.593235,165255,18255,569,biscoito,de97f70b6e,9.1609
89,5,30000,0.830955,0.592535,165238,18243,569,biscoito,b2d4ca2109,13.0652
89,6,30000,0.830951,0.592958,165256,18248,570,biscoito,a0fa27b1d4,8.8578
89,7,30000,0.831083,0.592714,165278,18259,569,biscoito,8f288e535b,8.8394
89,8,30000,0.831618,0.593090,165259,18269,568,biscoito,bc451738e4,9.1995
89,9,30000,0.830955,0.592535,165238,18243,569,biscoito,b2d4ca2109,13.0652
89,10,30000,0.830975,0.592657,165226,18247,569,biscoito,287fbe45db,9.1382
89,11,30000,0.831586,0.593896,165248,18255,567,biscoito,facdeb229e,8.5082
89,12,30000,0.831079,0.593250,165250,18255,569,biscoito,c24977bdfe,13.1273
89,13,30000,0.831079,0.592735,165272,18260,569,biscoito,3e65f493db,8.9651
89,14,30000,0.831071,0.593234,165260,18252,569,biscoito,074dac7813,8.9346
89,15,30000,0.831091,0.593198,165245,18247,569,biscoito,fb37d2244f,8.7437
89,16,30000,0.831055,0.593175,165256,18258,569,biscoito,02be64f257,8.5603
89,17,30000,0.831067,0.593249,165256,18254,569,biscoito,2f72f781bf,8.8542
89,18,30000,0.831067,0.593249,165256,18254,569,biscoito,2f72f781bf,8.8542
89,19,30000,0.831047,0.592708,165217,18250,569,biscoito,b3673096d5,8.9431
90,0,30000,0.830951,0.592958,165256,18248,570,biscoito,a0fa27b1d4,8.8578
90,1,30000,0.830955,0.592535,165238,18243,569,biscoito,b2d4ca2109,13.0652
90,2,30000,0.831035,0.593235,165255,18255,569,biscoito,de97f70b6e,9.1609
90,3,30000,0.830767,0.592967,165236,18250,570,biscoito,8520ce7ac5,9.7162
90,4,30000,0.831418,0.593473,165255,18247,569,biscoito,112b004b89,8.9374
90,5,30000,0.831159,0.592822,165214,18257,568,biscoito,4b26cd849a,9.1528
90,6,30000,0.831087,0.595128,165237,18246,571,biscoito,097ad89423,9.0917
90,7,30000,0.830899,0.592887,165179,18261,571,biscoito,6b2a6f3939,9.0129
90,8,30000,0.831091,0.593347,165323,18257,569,biscoito,7e9e46db0d,8.7105
90,9,30000,0.832193,0.594796,165272,18235,569,biscoito,f9fcc9e615,9.0592
90,10,30000,0.831071,0.593234,165260,18252,569,biscoito,074dac7813,8.9346
90,11,30000,0.831067,0.593245,165253,18256,569,biscoito,ac3456d723,8.6754
90,12,30000,0.831063,0.593208,165264,18254,569,biscoito,82bad5c9ea,8.9637
90,13,30000,0.830955,0.592535,165238,18243,569,biscoito,b2d4ca2109,13.0652
90,14,30000,0.830955,0.592535,165238,18243,569,biscoito,b2d4ca2109,13.0652
90,15,30000,0.831151,0.593399,165225,18258,569,biscoito,76348d6138,8.6115
90,16,30000,0.831007,0.592760,165239,18250,569,biscoito,a2ba15d18f,9.7274
90,17,30000,0.831222,0.592450,165293,18257,569,biscoito,0960533049,8.9387
90,18,30000,0.830935,0.592835,165194,18243,569,biscoito,ef4c74e53a,8.6750
90,19,30000,0.831071,0.593234,165260,18252,569,biscoito,074dac7813,8.9346
91,0,30000,0.830767,0.592967,165236,18250,570,biscoito,8520ce7ac5,9.7162
91,1,30000,0.831210,0.593460,165272,18250,569,biscoito,38bb9b2ac0,8.7065
91,2,30000,0.830675,0.592699,165261,18264,570,biscoito,1c2e0dc4ff,8.8311
91,3,30000,0.830951,0.592958,165256,18248,570,biscoito,a0fa27b1d4,8.8578
91,4,30000,0.830899,0.592887,165179,18261,571,biscoito,6b2a6f3939,9.0129
91,5,30000,0.831071,0.593234,165260,18252,569,biscoito,074dac7813,8.9346
91,6,30000,0.831222,0.592450,165293,18257,569,biscoito,0960533049,8.9387
91,7,30000,0.830959,0.592966,165195,18246,569,biscoito,920dbc42ef,8.5596
91,8,30000,0.830895,0.592208,165236,18244,569,biscoito,165c2aeb0f,8.7274
91,9,30000,0.831139,0.593341,165261,18262,569,biscoito,da139ffaea,9.8657
91,10,30000,0.831059,0.593297,165233,18252,569,biscoito,9792f186e3,9.2834
91,11,30000,0.830911,0.592353,165257,18253,569,biscoito,fd55a028f8,9.1077
91,12,30000,0.831742,0.594702,165225,18233,569,biscoito,b05f2c65ec,8.6283
91,13,30000,0.831043,0.593125,165188,18245,569,biscoito,0892bb7844,8.6617
91,14,30000,0.830839,0.592687,165264,18242,570,biscoito,af7009a3e6,8.5764
91,15,30000,0.831007,0.592760,165239,18250,569,biscoito,a2ba15d18f,9.7274
91,16,30000,0.831698,0.592608,165214,18260,569,biscoito,7ed478cfdf,8.8470
91,17,30000,0.830887,0.592117,165215,18259,570,biscoito,34790f68f4,8.5392
91,18,30000,0.831111,0.593998,165221,18258,570,biscoito,84574af329,8.7035
91,19,30000,0.830919,0.592789,165216,18251,570,biscoito,e226354dd5,8.5089
92,0,30000,0.830675,0.592699,165261,18264,570,biscoito,1c2e0dc4ff,8.8311
92,1,30000,0.831306,0.593022,165220,18268,570,biscoito,71f3fab5d5,8.9335
92,2,30000,0.830791,0.592814,165228,18252,570,biscoito,affa7178a7,8.7655
92,3,30000,0.830899,0.592306,165212,18261,570,biscoito,291c7d0cb4,8.4432
92,4,30000,0.830999,0.592592,165235,18240,569,biscoito,19dbf77efd,9.1736
92,5,30000,0.831007,0.592729,165227,18242,569,biscoito,8f19f0ce33,9.0603
92,6,30000,0.830867,0.592761,165211,18251,569,biscoito,1c68b3efa1,8.8039
92,7,30000,0.830883,0.592781,165219,18251,570,biscoito,d4eaea6276,8.7207
92,8,30000,0.830959,0.592207,165260,18255,569,biscoito,a9e0075f12,8.8579
92,9,30000,0.830895,0.592208,165236,18244,569,biscoito,165c2aeb0f,8.7274
92,10,30000,0.830911,0.592353,165257,18253,569,biscoito,fd55a028f8,9.1077
92,11,30000,0.830943,0.592936,165219,18256,570,biscoito,591faaad46,8.6404
92,12,30000,0.831067,0.592436,165185,18260,570,biscoito,2b232e620a,8.5098
92,13,30000,0.830855,0.592363,165253,18241,570,biscoito,5da4b3a47f,9.8892
92,14,30000,0.830899,0.590935,165258,18244,568,biscoito,32ce61c7ca,9.9087
92,15,30000,0.831338,0.593779,165201,18249,569,biscoito,53e3fc314f,9.2638
92,16,30000,0.831278,0.594359,165216,18265,571,biscoito,8e43a9bb93,8.9372
92,17,30000,0.830707,0.592463,165238,18254,570,biscoito,3d955dfe64,8.5835
92,18,30000,0.831642,0.593998,165244,18251,569,biscoito,2cf81ed454,9.2064
92,19,30000,0.831087,0.592590,165238,18245,570,biscoito,48e29757f0,8.9906
93,0,30000,0.830675,0.592699,165261,18264,570,biscoito,1c2e0dc4ff,8.8311
93,1,30000,0.830815,0.592365,165250,18250,569,biscoito,7e3f7e554d,9.2282
93,2,30000,0.830775,0.592535,165252,18242,570,biscoito,d50aafeb63,8.6846
93,3,30000,0.831079,0.593450,165273,18286,571,biscoito,0579f00316,8.9175
93,4,30000,0.830739,0.592858,165231,18255,570,biscoito,a6592ba9e9,8.7116
93,5,30000,0.831566,0.590676,165250,18235,568,biscoito,f52a1e2445,8.4609
93,6,30000,0.830815,0.593111,165291,18253,570,biscoito,46b9fb94ab,9.0792
93,7,30000,0.830895,0.591987,165219,18253,570,biscoito,796438b009,9.2096
93,8,30000,0.831095,0.592462,165252,18250,569,biscoito,fc7e07c20d,8.5545
93,9,30000,0.830735,0.592775,165215,18257,570,biscoito,67116eb5c5,8.4378
93,10,30000,0.830731,0.592745,165237,18252,570,biscoito,1bbef754e1,8.6110
93,11,30000,0.830711,0.592643,165251,18267,570,biscoito,38685fa49a,8.6009
93,12,30000,0.830751,0.592789,165248,18254,570,biscoito,8cc854b0fb,8.5076
93,13,30000,0.830999,0.592618,165247,18252,569,biscoito,8dc9879d10,8.4183
93,14,30000,0.830867,0.590770,165269,18251,568,biscoito,ef3d56b020,9.4743
93,15,30000,0.830611,0.592671,165260,18260,570,biscoito,c0550f69d7,9.0666
93,16,30000,0.830771,0.592766,165242,18259,570,biscoito,01f98c9d86,8.7704
93,17,30000,0.830707,0.592463,165238,18254,570,biscoito,3d955dfe64,8.5835
93,18,30000,0.831135,0.594358,165287,18250,574,biscoito,10d942118b,8.6106
93,19,30000,0.830675,0.592699,165261,18264,570,biscoito,1c2e0dc4ff,8.8311
94,0,30000,0.830611,0.592671,165260,18260,570,biscoito,c0550f69d7,9.0666
94,1,30000,0.830711,0.592643,165251,18267,570,biscoito,38685fa49a,8.6009
94,2,30000,0.830675,0.592699,165261,18264,570,biscoito,1c2e0dc4ff,8.8311
94,3,30000,0.830739,0.592914,165238,18254,570,biscoito,404c94a18a,8.7769
94,4,30000,0.830687,0.592645,165256,18265,570,biscoito,51fb46a64a,8.7597
94,5,30000,0.830611,0.592671,165260,18260,570,biscoito,c0550f69d7,9.0666
94,6,30000,0.830739,0.592858,165231,18255,570,biscoito,a6592ba9e9,8.7116
94,7,30000,0.830815,0.592365,165250,18250,569,biscoito,7e3f7e554d,9.2282
94,8,30000,0.830715,0.591142,165177,18261,569,biscoito,47c1c3b9f0,8.6601
94,9,30000,0.830623,0.592608,165261,18252,568,biscoito,f0ae4b9b13,8.5233
94,10,30000,0.831630,0.594685,165293,18285,571,biscoito,5812aeacd0,8.8429
94,11,30000,0.830735,0.592775,165215,18257,570,biscoito,67116eb5c5,8.4378
94,12,30000,0.830675,0.592699,165261,18264,570,biscoito,1c2e0dc4ff,8.8311
94,13,30000,0.830815,0.593111,165291,18253,570,biscoito,46b9fb94ab,9.0792
94,14,30000,0.830707,0.592463,165238,18254,570,biscoito,3d955dfe64,8.5835
94,15,30000,0.830747,0.592779,165253,18266,570,biscoito,65d3f4a1bd,9.4088
94,16,30000,0.830567,0.592572,165259,18254,570,biscoito,1bc8ad66f9,9.4385
94,17,30000,0.830611,0.592671,165260,18260,570,biscoito,c0550f69d7,9.0666
94,18,30000,0.830775,0.592535,165252,18242,570,biscoito,d50aafeb63,8.6846
94,19,30000,0.830723,0.593305,165264,18258,570,biscoito,fed254c97b,8.8081
95,0,30000,0.830567,0.592572,165259,18254,570,biscoito,1bc8ad66f9,9.4385
95,1,30000,0.831091,0.591018,165196,18323,569,biscoito,2429c3aec2,10.2025
95,2,30000,0.831067,0.593115,165219,18234,570,biscoito,1c157be6b3,9.3680
95,3,30000,0.830611,0.592671,165260,18260,570,biscoito,c0550f69d7,9.0666
95,4,30000,0.830611,0.592671,165260,18260,570,biscoito,c0550f69d7,9.0666
95,5,30000,0.830631,0.592676,165261,18259,570,biscoito,6b976fedfc,8.5008
95,6,30000,0.830639,0.592722,165260,18256,568,biscoito,7e1f995e25,8.4670
95,7,30000,0.830611,0.592671,165260,18260,570,biscoito,c0550f69d7,9.0666
95,8,30000,0.830567,0.592572,165259,18254,570,biscoito,1bc8ad66f9,9.4385
95,9,30000,0.830611,0.592671,165260,18260,570,biscoito,c0550f69d7,9.0666
95,10,30000,0.830611,0.592671,165260,18260,570,biscoito,c0550f69d7,9.0666
95,11,30000,0.830667,0.592757,165256,18264,570,biscoito,31fbadb257,8.6882
95,12,30000,0.830727,0.592736,165244,18267,570,biscoito,7c77fbfc95,8.5131
95,13,30000,0.830675,0.592788,165262,18271,570,biscoito,da08ee53db,8.9253
95,14,30000,0.830987,0.594032,165250,18256,571,biscoito,032a41c91a,8.7484
95,15,30000,0.830863,0.594475,165202,18276,570,biscoito,8e844c3d06,9.3979
95,16,30000,0.830611,0.592671,165260,18260,570,biscoito,c0550f69d7,9.0666
95,17,30000,0.830611,0.592671,165260,18260,570,biscoito,c0550f69d7,9.0666
95,18,30000,0.831071,0.592381,165165,18237,568,biscoito,d4a03937c0,8.3333
95,19,30000,0.831119,0.593947,165250,18234,570,biscoito,cfd56f69df,8.5720
96,0,30000,0.830567,0.592572,165259,18254,570,biscoito,1bc8ad66f9,9.4385
96,1,30000,0.830863,0.594475,165202,18276,570,biscoito,8e844c3d06,9.3979
96,2,30000,0.830567,0.592572,165259,18254,570,biscoito,1bc8ad66f9,9.4385
96,3,30000,0.830979,0.593876,165245,18256,571,biscoito,0831c8c2d4,8.9185
96,4,30000,0.830579,0.592729,165264,18254,570,biscoito,bcda2bd9fa,8.5413
96,5,30000,0.830639,0.593258,165258,18257,570,biscoito,c377561545,8.4976
96,6,30000,0.830603,0.591966,165260,18256,568,biscoito,34ded62149,9.0670
96,7,30000,0.830567,0.592572,165259,18254,570,biscoito,1bc8ad66f9,9.4385
96,8,30000,0.830611,0.592671,165260,18260,570,biscoito,c0550f69d7,9.0666
96,9,30000,0.830675,0.592860,165265,18245,571,biscoito,aba8e92f54,8.7107
96,10,30000,0.830567,0.592572,165259,18254,570,biscoito,1bc8ad66f9,9.4385
96,11,30000,0.830611,0.592671,165260,18260,570,biscoito,c0550f69d7,9.0666
96,12,30000,0.830567,0.592572,165259,18254,570,biscoito,1bc8ad66f9,9.4385
96,13,30000,0.830951,0.592705,165251,18245,569,biscoito,fd3f9add30,8.3124
96,14,30000,0.831170,0.592974,165217,18268,569,biscoito,6ab4dc6d48,8.4348
96,15,30000,0.830947,0.592164,165233,18274,568,biscoito,a920987ee6,8.6102
96,16,30000,0.830611,0.592671,165260,18260,570,biscoito,c0550f69d7,9.0666
96,17,30000,0.830711,0.592538,165215,18239,570,biscoito,51cbd64992,8.7099
96,18,30000,0.830571,0.592561,165266,18260,570,biscoito,b5a76f1dd4,8.4760
96,19,30000,0.830611,0.592671,165260,18260,570,biscoito,c0550f69d7,9.0666
97,0,30000,0.830567,0.592572,165259,18254,570,biscoito,1bc8ad66f9,9.4385
97,1,30000,0.830611,0.592671,165260,18260,570,biscoito,c0550f69d7,9.0666
97,2,30000,0.830611,0.592671,165260,18260,570,biscoito,c0550f69d7,9.0666
97,3,30000,0.830951,0.594546,165212,18277,570,biscoito,c6067da2d7,9.2623
97,4,30000,0.830507,0.592511,165252,18256,570,biscoito,996ebcca29,10.2946
97,5,30000,0.830707,0.591778,165268,18246,570,biscoito,7e3e741df1,9.2654
97,6,30000,0.830567,0.593679,165262,18252,571,biscoito,a7cd4e2438,8.8095
97,7,30000,0.830923,0.592016,165230,18275,568,biscoito,b7315b0ea8,9.1106
97,8,30000,0.830643,0.592838,165264,18261,570,biscoito,e84a59fd40,8.5414
97,9,30000,0.830567,0.592572,165259,18254,570,biscoito,1bc8ad66f9,9.4385
97,10,30000,0.830567,0.592572,165259,18254,570,biscoito,1bc8ad66f9,9.4385
97,11,30000,0.831370,0.596400,165236,18260,573,biscoito,9915c2fbd5,8.8228
97,12,30000,0.830567,0.592572,165259,18254,570,biscoito,1bc8ad66f9,9.4385
97,13,30000,0.830567,0.592572,165259,18254,570,biscoito,1bc8ad66f9,9.4385
97,14,30000,0.830567,0.592572,165259,18254,570,biscoito,1bc8ad66f9,9.4385
97,15,30000,0.830567,0.592572,165259,18254,570,biscoito,1bc8ad66f9,9.4385
97,16,30000,0.830567,0.592572,165259,18254,570,biscoito,1bc8ad66f9,9.4385
97,17,30000,0.830639,0.592722,165253,18264,570,biscoito,fe11256e9e,8.7612
97,18,30000,0.830468,0.591483,165265,18252,568,biscoito,a0c3d48048,8.6464
97,19,30000,0.830567,0.592572,165259,18254,570,biscoito,1bc8ad66f9,9.4385
98,0,30000,0.830468,0.591483,165265,18252,568,biscoito,a0c3d48048,8.6464
98,1,30000,0.830567,0.592572,165259,18254,570,biscoito,1bc8ad66f9,9.4385
98,2,30000,0.830468,0.591483,165265,18252,568,biscoito,a0c3d48048,8.6464
98,3,30000,0.830563,0.592583,165259,18257,570,biscoito,6545afe0f5,8.4630
98,4,30000,0.830567,0.592041,165267,18257,570,biscoito,62c166a97e,8.5651
98,5,30000,0.830559,0.592643,165249,18257,570,biscoito,88b8a955f5,8.4258
98,6,30000,0.830432,0.591446,165268,18249,568,biscoito,eb1ebb2148,8.4972
98,7,30000,0.830567,0.592572,165259,18254,570,biscoito,1bc8ad66f9,9.4385
98,8,30000,0.830567,0.592572,165259,18254,570,biscoito,1bc8ad66f9,9.4385
98,9,30000,0.830587,0.592608,165235,18258,570,biscoito,1552643c73,8.8355
98,10,30000,0.830627,0.591655,165282,18258,568,biscoito,f39f13fe33,8.4420
98,11,30000,0.830567,0.592572,165259,18254,570,biscoito,1bc8ad66f9,9.4385
98,12,30000,0.830567,0.592572,165259,18254,570,biscoito,1bc8ad66f9,9.4385
98,13,30000,0.830755,0.592031,165251,18276,568,biscoito,932b3078e8,8.6628
98,14,30000,0.830959,0.592901,165203,18257,570,biscoito,9eecfd36e1,8.4454
98,15,30000,0.830468,0.591483,165265,18252,568,biscoito,a0c3d48048,8.6464
98,16,30000,0.830468,0.591483,165265,18252,568,biscoito,a0c3d48048,8.6464
98,17,30000,0.830436,0.591424,165272,18249,568,biscoito,ebd1cedbee,8.5019
98,18,30000,0.830499,0.592506,165240,18262,570,biscoito,05ad2d8dc1,8.8181
98,19,30000,0.831186,0.593643,165247,18242,570,biscoito,c1ec91f927,8.2764
99,0,30000,0.830432,0.591446,165268,18249,568,biscoito,eb1ebb2148,8.4972
99,1,30000,0.830468,0.591483,165265,18252,568,biscoito,a0c3d48048,8.6464
99,2,30000,0.830468,0.591483,165265,18252,568,biscoito,a0c3d48048,8.6464
99,3,30000,0.831226,0.592727,165253,18275,569,biscoito,9a565982f7,9.5202
99,4,30000,0.830432,0.591446,165268,18249,568,biscoito,eb1ebb2148,8.4972
99,5,30000,0.830539,0.592475,165248,18250,570,biscoito,d97f236395,8.6217
99,6,30000,0.830999,0.593179,165286,18229,570,biscoito,dd1a476523,8.5937
99,7,30000,0.830583,0.592541,165271,18260,570,biscoito,ee2a0efdaf,8.6485
99,8,30000,0.830531,0.591996,165270,18256,568,biscoito,c5ef466b7e,8.5728
99,9,30000,0.831386,0.592766,165234,18267,568,biscoito,4186aa1268,8.8943
99,10,30000,0.830743,0.592345,165261,18269,569,biscoito,9795c44453,8.5683
99,11,30000,0.830404,0.591203,165275,18254,568,biscoito,81354a7f57,9.0135
99,12,30000,0.830547,0.591487,165266,18247,568,biscoito,58b2163233,8.4888
99,13,30000,0.830515,0.591799,165279,18260,568,biscoito,dab86a5165,8.4298
99,14,30000,0.830839,0.594981,165221,18270,571,biscoito,e0bce62b84,8.7606
99,15,30000,0.830771,0.591959,165251,18274,568,biscoito,6cf103199d,8.8978
99,16,30000,0.830460,0.591573,165263,18256,568,biscoito,c1144d926c,8.8148
99,17,30000,0.830559,0.592643,165249,18257,570,biscoito,88b8a955f5,8.4258
99,18,30000,0.830559,0.592643,165249,18257,570,biscoito,88b8a955f5,8.4258
99,19,30000,0.830436,0.591424,165272,18249,568,biscoito,ebd1cedbee,8.5019
100,0,30000,0.830404,0.591203,165275,18254,568,biscoito,81354a7f57,9.0135
100,1,30000,0.830388,0.591409,165269,18253,568,biscoito,ff66a2a1e9,8.8394
100,2,30000,0.830543,0.591492,165263,18248,568,biscoito,c066982b17,10.0078
100,3,30000,0.830468,0.590431,165226,18228,569,biscoito,ec36e05ee2,8.7391
100,4,30000,0.830452,0.591789,165255,18250,569,biscoito,70ac41d9fa,8.4576
100,5,30000,0.830428,0.591459,165262,18247,568,biscoito,5bd983ed16,8.6232
100,6,30000,0.831230,0.593105,165227,18249,567,biscoito,23d8100778,9.0909
100,7,30000,0.830559,0.590601,165272,18248,568,biscoito,0caa76ecc9,8.4765
100,8,30000,0.830731,0.592847,165208,18263,569,biscoito,ab3eb50c01,9.1345
100,9,30000,0.830388,0.591211,165271,18252,568,biscoito,89fa93ac4c,8.6443
100,10,30000,0.830815,0.591980,165287,18288,569,biscoito,10772e183a,8.6936
100,11,30000,0.830428,0.591214,165272,18254,568,biscoito,85bf63b65a,9.3523
100,12,30000,0.830468,0.591484,165265,18254,568,biscoito,262c9b2800,9.1893
100,13,30000,0.830432,0.591446,165268,18249,568,biscoito,eb1ebb2148,8.4972
100,14,30000,0.830460,0.591573,165263,18256,568,biscoito,c1144d926c,8.8148
100,15,30000,0.830883,0.593018,165223,18251,568,biscoito,9cb52a2303,8.5742
100,16,30000,0.830456,0.591364,165269,18253,568,biscoito,e1d21d6a06,8.8701
100,17,30000,0.830404,0.591326,165250,18254,568,biscoito,080426ccbe,8.8951
100,18,30000,0.830292,0.591288,165265,18246,568,biscoito,46f8f09f48,8.7107
100,19,30000,0.830316,0.591406,165270,18251,568,biscoito,322d110ab3,8.8912
