generation,individual_id,l0_size,accuracy_on_full,f1_macro_on_full,num_tokens,num_distinct_tokens,num_classes_in_l0,most_frequent_class_in_l0,l0_indices_hash,fitness_calc_time_sec
1,0,30000,0.845142,0.609917,164178,18661,572,biscoito,4893deb88b,10.1896
1,1,30000,0.845685,0.615123,165137,18468,569,biscoito,f1da89f462,11.7627
1,2,30000,0.844639,0.597246,164708,18594,566,biscoito,8c418e848e,11.2674
1,3,30000,0.843489,0.606488,164710,18604,576,biscoito,f77c5952b3,9.2083
1,4,30000,0.845553,0.617041,164584,18546,583,biscoito,c081803dbc,9.6265
1,5,30000,0.844116,0.613585,164863,18491,580,biscoito,29f3b8657c,9.2118
1,6,30000,0.844331,0.620591,164491,18617,584,biscoito,598326f5fb,10.7719
1,7,30000,0.842362,0.616418,164635,18572,585,biscoito,817bcf2a4e,11.3726
1,8,30000,0.845230,0.614741,164581,18461,579,biscoito,0a531e472a,14.9325
1,9,30000,0.846828,0.622444,164499,18471,588,biscoito,36a6e5a3a1,10.5066
1,10,30000,0.846037,0.616854,164768,18580,582,biscoito,64cc345a64,11.0308
1,11,30000,0.842482,0.608499,165037,18422,578,biscoito,771bfb5c7c,12.9854
1,12,30000,0.845110,0.616983,164226,18689,579,biscoito,1e751489c8,14.6692
1,13,30000,0.844323,0.622164,164885,18553,584,biscoito,baa697dffe,11.1953
1,14,30000,0.846209,0.623120,164817,18641,588,biscoito,9fb7c2c946,9.8567
1,15,30000,0.845138,0.615455,164783,18507,586,biscoito,25ba2f21cb,9.4096
1,16,30000,0.845929,0.618562,164912,18633,578,biscoito,4d75056029,9.1642
1,17,30000,0.846161,0.613874,164817,18498,572,biscoito,fdc85aa323,9.8425
1,18,30000,0.845973,0.618372,164225,18754,582,biscoito,e6b965f291,8.8775
1,19,30000,0.845741,0.612836,164363,18597,577,biscoito,753d370752,11.4367
2,0,30000,0.844639,0.597246,164708,18594,566,biscoito,8c418e848e,11.2674
2,1,30000,0.844064,0.611206,165040,18480,572,biscoito,3ef7562ce4,10.9095
2,2,30000,0.844906,0.605947,164388,18616,572,biscoito,23bb01b372,9.9600
2,3,30000,0.845589,0.609262,165019,18475,566,biscoito,e41aca0394,9.5186
2,4,30000,0.844359,0.612344,164561,18564,579,biscoito,2499d905ed,10.5751
2,5,30000,0.846161,0.613874,164817,18498,572,biscoito,fdc85aa323,9.8425
2,6,30000,0.844639,0.597246,164708,18594,566,biscoito,8c418e848e,11.2674
2,7,30000,0.844307,0.608609,164235,18635,573,biscoito,12366a11e2,9.7840
2,8,30000,0.847199,0.612430,165023,18536,568,biscoito,832e22210d,9.1273
2,9,30000,0.846037,0.616854,164768,18580,582,biscoito,64cc345a64,11.0308
2,10,30000,0.845685,0.615123,165137,18468,569,biscoito,f1da89f462,11.7627
2,11,30000,0.843489,0.606488,164710,18604,576,biscoito,f77c5952b3,9.2083
2,12,30000,0.843489,0.606488,164710,18604,576,biscoito,f77c5952b3,9.2083
2,13,30000,0.845605,0.613782,164094,18643,580,biscoito,c543985eb9,9.9841
2,14,30000,0.843616,0.611995,164758,18617,577,biscoito,16d8bc00c3,9.1552
2,15,30000,0.847271,0.608756,164681,18665,581,biscoito,d320a805e8,13.5225
2,16,30000,0.844447,0.619518,164938,18563,578,biscoito,5b3de4c993,12.8857
2,17,30000,0.844347,0.619928,164997,18609,581,biscoito,c20675f290,10.5872
2,18,30000,0.840792,0.605509,164761,18436,573,biscoito,e64b36012e,10.6534
2,19,30000,0.843489,0.606488,164710,18604,576,biscoito,f77c5952b3,9.2083
3,0,30000,0.844639,0.597246,164708,18594,566,biscoito,8c418e848e,11.2674
3,1,30000,0.844459,0.614598,164554,18488,573,biscoito,10dd63e384,10.2996
3,2,30000,0.843664,0.601836,165562,18371,573,biscoito,42a94fe408,9.1604
3,3,30000,0.844168,0.607527,164135,18607,573,biscoito,360c8c1e26,9.6387
3,4,30000,0.844827,0.598763,164789,18604,567,biscoito,a2d2a936e6,9.0235
3,5,30000,0.840888,0.606379,164801,18455,572,biscoito,942bac731a,9.1073
3,6,30000,0.845589,0.609262,165019,18475,566,biscoito,e41aca0394,9.5186
3,7,30000,0.843041,0.607629,164623,18675,578,biscoito,355dfc972e,10.7004
3,8,30000,0.844004,0.605803,165149,18456,572,biscoito,16cea7ecb6,20.0838
3,9,30000,0.843648,0.609204,164697,18597,577,biscoito,e4a5151348,13.8936
3,10,30000,0.844775,0.599240,164727,18583,567,biscoito,5569ea4403,13.8845
3,11,30000,0.844275,0.609060,164351,18645,573,biscoito,1c559d4973,12.6649
3,12,30000,0.844882,0.598832,164601,18596,566,biscoito,5ba59fd3ea,11.0289
3,13,30000,0.843489,0.606488,164710,18604,576,biscoito,f77c5952b3,9.2083
3,14,30000,0.843489,0.606488,164710,18604,576,biscoito,f77c5952b3,9.2083
3,15,30000,0.840014,0.597719,165766,18444,576,biscoito,57491c7b30,9.6501
3,16,30000,0.844843,0.608671,163682,18532,574,biscoito,10aa9e4983,9.7672
3,17,30000,0.847455,0.609150,164760,18638,581,biscoito,bf034465c0,8.9829
3,18,30000,0.845913,0.609809,164881,18526,569,biscoito,bc0dd892b8,9.0015
3,19,30000,0.841208,0.597804,164291,18419,564,biscoito,66386adeb8,8.8853
4,0,30000,0.844639,0.597246,164708,18594,566,biscoito,8c418e848e,11.2674
4,1,30000,0.845190,0.602095,162749,18255,573,biscoito,1c039003a3,9.0016
4,2,30000,0.838755,0.596793,165805,18521,564,biscoito,23d0d38a61,8.8000
4,3,30000,0.840125,0.593371,165480,18405,569,biscoito,aff534172b,8.7843
4,4,30000,0.840165,0.613981,163711,18245,576,biscoito,b706516649,9.0325
4,5,30000,0.844759,0.597640,164684,18578,566,biscoito,a7cc390816,8.8413
4,6,30000,0.844882,0.598832,164601,18596,566,biscoito,5ba59fd3ea,11.0289
4,7,30000,0.844371,0.608443,164933,18609,577,biscoito,b81650328e,8.7792
4,8,30000,0.844495,0.595902,164474,18532,566,biscoito,3d4a16baa6,8.8627
4,9,30000,0.843113,0.595580,164331,18433,566,biscoito,615516c72d,8.9421
4,10,30000,0.841791,0.597374,165663,18565,575,biscoito,2a67cd0843,8.7422
4,11,30000,0.844739,0.616748,164465,18737,580,biscoito,11dd79fa0b,9.0438
4,12,30000,0.843784,0.598690,165473,18300,576,biscoito,60e9c21603,8.7728
4,13,30000,0.843429,0.601841,164178,18628,572,biscoito,5c3e54ee20,8.6586
4,14,30000,0.840449,0.600633,164322,18401,571,biscoito,4de1f7c9f1,8.4347
4,15,30000,0.844639,0.597246,164708,18594,566,biscoito,8c418e848e,11.2674
4,16,30000,0.844775,0.599240,164727,18583,567,biscoito,5569ea4403,13.8845
4,17,30000,0.843489,0.606488,164710,18604,576,biscoito,f77c5952b3,9.2083
4,18,30000,0.844020,0.606485,165146,18441,574,biscoito,32f7da2339,9.0288
4,19,30000,0.843784,0.603756,164283,18546,569,biscoito,c1cf042daf,8.6709
5,0,30000,0.840125,0.593371,165480,18405,569,biscoito,aff534172b,8.7843
5,1,30000,0.843113,0.595580,164331,18433,566,biscoito,615516c72d,8.9421
5,2,30000,0.844639,0.597246,164708,18594,566,biscoito,8c418e848e,11.2674
5,3,30000,0.844295,0.596418,164803,18446,567,biscoito,c300937392,8.8902
5,4,30000,0.843764,0.600284,164801,18554,571,biscoito,ac250bc55b,9.1912
5,5,30000,0.842678,0.596446,164046,18571,567,biscoito,87c61273f5,8.6288
5,6,30000,0.842450,0.594938,165776,18336,569,biscoito,3f9ee1dfc9,8.8325
5,7,30000,0.843113,0.595580,164331,18433,566,biscoito,615516c72d,8.9421
5,8,30000,0.843113,0.595580,164331,18433,566,biscoito,615516c72d,8.9421
5,9,30000,0.844946,0.598030,164621,18595,566,biscoito,1a01e4979e,9.2149
5,10,30000,0.840293,0.600042,164386,18399,568,biscoito,bb62ea7a90,9.2279
5,11,30000,0.841867,0.593196,164337,18476,564,biscoito,6f162ce14b,8.7683
5,12,30000,0.839698,0.604313,165870,18515,574,biscoito,91c8ae055b,8.7176
5,13,30000,0.842778,0.596702,165189,18526,567,biscoito,071045cfbf,10.1709
5,14,30000,0.845697,0.608486,164525,18616,573,biscoito,84185df98d,9.2420
5,15,30000,0.845490,0.601418,164593,18624,569,biscoito,8064f291bc,8.8114
5,16,30000,0.842158,0.588143,164740,18354,563,biscoito,6c1b7ad7a9,10.8354
5,17,30000,0.843784,0.598690,165473,18300,576,biscoito,60e9c21603,8.7728
5,18,30000,0.843784,0.598690,165473,18300,576,biscoito,60e9c21603,8.7728
5,19,30000,0.838983,0.598592,165808,18522,566,biscoito,a6d174b2c1,10.7609
6,0,30000,0.842158,0.588143,164740,18354,563,biscoito,6c1b7ad7a9,10.8354
6,1,30000,0.841967,0.592843,165794,18305,569,biscoito,a420f19515,10.0082
6,2,30000,0.842242,0.595558,164203,18492,566,biscoito,5f73c472c4,9.0141
6,3,30000,0.842158,0.588143,164740,18354,563,biscoito,6c1b7ad7a9,10.8354
6,4,30000,0.842222,0.589248,164722,18325,563,biscoito,600c162350,8.8550
6,5,30000,0.840956,0.590157,165500,18273,568,biscoito,8a07611636,9.9229
6,6,30000,0.844096,0.599238,164794,18540,567,biscoito,ca23b82aaa,10.2728
6,7,30000,0.843057,0.594788,164347,18408,564,biscoito,b6f37d5a9c,12.4540
6,8,30000,0.842438,0.588577,164666,18386,563,biscoito,a44c1efcdb,9.5996
6,9,30000,0.842794,0.595685,164056,18582,567,biscoito,9f740ab41a,9.4681
6,10,30000,0.843005,0.595537,164308,18425,567,biscoito,2744d2686a,9.2513
6,11,30000,0.842134,0.599388,165545,18326,570,biscoito,c0ec32b250,8.9333
6,12,30000,0.840433,0.592506,165679,18358,569,biscoito,1d43d4da48,9.2671
6,13,30000,0.843113,0.595580,164331,18433,566,biscoito,615516c72d,8.9421
6,14,30000,0.842158,0.588143,164740,18354,563,biscoito,6c1b7ad7a9,10.8354
6,15,30000,0.842817,0.595837,164320,18402,567,biscoito,5190960a35,9.1951
6,16,30000,0.842071,0.592552,164355,18490,565,biscoito,b4713b4fe3,9.5990
6,17,30000,0.842158,0.588143,164740,18354,563,biscoito,6c1b7ad7a9,10.8354
6,18,30000,0.840125,0.593371,165480,18405,569,biscoito,aff534172b,8.7843
6,19,30000,0.843305,0.600795,165168,18540,569,biscoito,bbb6a04791,9.1107
7,0,30000,0.842158,0.588143,164740,18354,563,biscoito,6c1b7ad7a9,10.8354
7,1,30000,0.842071,0.592552,164355,18490,565,biscoito,b4713b4fe3,9.5990
7,2,30000,0.842071,0.592552,164355,18490,565,biscoito,b4713b4fe3,9.5990
7,3,30000,0.840541,0.592368,165664,18383,569,biscoito,e8dc0671b5,8.7534
7,4,30000,0.842346,0.587352,164756,18352,560,biscoito,69cbd01350,8.6817
7,5,30000,0.842290,0.589657,164741,18346,564,biscoito,4298dbd49f,9.7545
7,6,30000,0.842079,0.587766,164721,18332,562,biscoito,e5d9c4d0e0,9.1320
7,7,30000,0.842158,0.588143,164740,18354,563,biscoito,6c1b7ad7a9,10.8354
7,8,30000,0.842202,0.590405,164763,18339,564,biscoito,ce030b8f79,8.6480
7,9,30000,0.842346,0.590505,164756,18322,562,biscoito,249491172b,9.0668
7,10,30000,0.842310,0.590113,164730,18351,565,biscoito,21d301635a,8.7110
7,11,30000,0.840433,0.592506,165679,18358,569,biscoito,1d43d4da48,9.2671
7,12,30000,0.841967,0.592843,165794,18305,569,biscoito,a420f19515,10.0082
7,13,30000,0.842158,0.588143,164740,18354,563,biscoito,6c1b7ad7a9,10.8354
7,14,30000,0.842158,0.588143,164740,18354,563,biscoito,6c1b7ad7a9,10.8354
7,15,30000,0.839654,0.587005,165832,18357,560,biscoito,d76f19c31c,8.6935
7,16,30000,0.842989,0.592549,164418,18400,562,biscoito,8300c34b6c,8.5790
7,17,30000,0.842210,0.588286,164679,18358,563,biscoito,37741e4a69,8.9275
7,18,30000,0.842518,0.589585,164665,18387,563,biscoito,cef88f85ee,9.6605
7,19,30000,0.839367,0.586458,165341,18296,566,biscoito,18530a1432,8.7125
8,0,30000,0.839367,0.586458,165341,18296,566,biscoito,18530a1432,8.7125
8,1,30000,0.842047,0.587757,164722,18333,562,biscoito,1b51b34579,9.3750
8,2,30000,0.842099,0.588043,164749,18367,563,biscoito,179ceacf1a,8.6646
8,3,30000,0.842366,0.587347,164750,18355,560,biscoito,66c16d8d19,8.6449
8,4,30000,0.842119,0.588191,164747,18358,563,biscoito,8e3a131e4b,8.7249
8,5,30000,0.839754,0.587113,165767,18439,562,biscoito,2f920d9b1f,8.7264
8,6,30000,0.841240,0.584810,164862,18261,558,biscoito,80c2a3e134,8.9143
8,7,30000,0.841895,0.592255,165107,18502,564,biscoito,1924a7326e,9.2933
8,8,30000,0.840010,0.579748,165467,18142,560,biscoito,d9cb505519,8.8409
8,9,30000,0.842566,0.588481,164577,18336,562,biscoito,8eebbe8137,8.4846
8,10,30000,0.842478,0.590964,164719,18350,566,biscoito,a4347f404f,8.6368
8,11,30000,0.841915,0.588387,164689,18315,563,biscoito,f1289c9487,8.7242
8,12,30000,0.842346,0.590505,164756,18322,562,biscoito,249491172b,9.0668
8,13,30000,0.842158,0.588143,164740,18354,563,biscoito,6c1b7ad7a9,10.8354
8,14,30000,0.842518,0.589585,164665,18387,563,biscoito,cef88f85ee,9.6605
8,15,30000,0.842178,0.587468,164834,18358,561,biscoito,138124a921,8.7496
8,16,30000,0.842254,0.587522,164739,18338,562,biscoito,c5fc6a426c,8.6566
8,17,30000,0.842346,0.587352,164756,18352,560,biscoito,69cbd01350,8.6817
8,18,30000,0.842158,0.588143,164740,18354,563,biscoito,6c1b7ad7a9,10.8354
8,19,30000,0.843025,0.592579,164416,18413,559,biscoito,dc409f9fb9,8.9081
9,0,30000,0.840010,0.579748,165467,18142,560,biscoito,d9cb505519,8.8409
9,1,30000,0.842394,0.591333,164704,18366,566,biscoito,ae671b58bd,8.6547
9,2,30000,0.842562,0.587338,164672,18368,559,biscoito,6ad8b46eba,8.5691
9,3,30000,0.842254,0.587411,164746,18351,560,biscoito,b352b4b87f,8.4944
9,4,30000,0.842035,0.587651,164732,18328,562,biscoito,435d36ae8d,8.8617
9,5,30000,0.840265,0.584581,165377,18240,563,biscoito,642b71e433,8.5245
9,6,30000,0.839335,0.586112,165885,18333,562,biscoito,02c961fa07,8.6719
9,7,30000,0.843021,0.593017,164643,18586,561,biscoito,d81dbbf52d,9.7011
9,8,30000,0.839834,0.583022,165495,18194,562,biscoito,9e493a6839,8.6236
9,9,30000,0.842346,0.587352,164756,18352,560,biscoito,69cbd01350,8.6817
9,10,30000,0.839367,0.586458,165341,18296,566,biscoito,18530a1432,8.7125
9,11,30000,0.841971,0.588445,164743,18341,563,biscoito,fd3040c17a,8.5157
9,12,30000,0.842238,0.587604,164748,18337,562,biscoito,a4564b13a1,8.4303
9,13,30000,0.841324,0.585960,164851,18424,562,biscoito,fdb5d7f1ba,9.6062
9,14,30000,0.840401,0.593156,165699,18339,568,biscoito,c2b2e03112,12.8783
9,15,30000,0.842242,0.587807,164709,18303,562,biscoito,c8aeeca8cc,16.8475
9,16,30000,0.841699,0.585447,164825,18309,558,biscoito,4d09fdf1cc,14.4019
9,17,30000,0.841827,0.584359,164771,18285,558,biscoito,ed7765454d,14.6837
9,18,30000,0.840042,0.593164,165265,18210,571,biscoito,1cc288d204,15.6867
9,19,30000,0.841791,0.585510,164836,18296,559,biscoito,cdca47f708,14.7452
10,0,30000,0.840010,0.579748,165467,18142,560,biscoito,d9cb505519,8.8409
10,1,30000,0.841380,0.585737,164857,18272,559,biscoito,03ebb405cd,13.5848
10,2,30000,0.839766,0.586001,165886,18359,560,biscoito,a4291d55ea,13.9226
10,3,30000,0.840066,0.586052,165382,18266,564,biscoito,6c3ea688f2,15.9461
10,4,30000,0.839662,0.582076,165465,18204,562,biscoito,5f7c2cd6a3,13.3670
10,5,30000,0.842238,0.587604,164748,18337,562,biscoito,a4564b13a1,8.4303
10,6,30000,0.841827,0.584359,164771,18285,558,biscoito,ed7765454d,14.6837
10,7,30000,0.840601,0.578149,164680,18092,557,biscoito,e1bf370939,12.9457
10,8,30000,0.841040,0.589509,165641,18350,559,biscoito,ab1e6082b2,13.9198
10,9,30000,0.839834,0.583022,165495,18194,562,biscoito,9e493a6839,8.6236
10,10,30000,0.842238,0.587604,164748,18337,562,biscoito,a4564b13a1,8.4303
10,11,30000,0.841052,0.585066,165457,18154,564,biscoito,f3ce9db1c4,14.7113
10,12,30000,0.841268,0.588036,164911,18426,563,biscoito,267ae2f9ec,15.3169
10,13,30000,0.841827,0.584359,164771,18285,558,biscoito,ed7765454d,14.6837
10,14,30000,0.841324,0.585960,164851,18424,562,biscoito,fdb5d7f1ba,9.6062
10,15,30000,0.842103,0.584771,164724,18278,559,biscoito,020f07dbc3,13.5653
10,16,30000,0.841152,0.586829,164835,18286,560,biscoito,4c4ca0b558,13.6284
10,17,30000,0.841112,0.580357,165454,18176,560,biscoito,7d504da345,14.1669
10,18,30000,0.841036,0.584833,164802,18272,559,biscoito,b45c465bbe,14.0743
10,19,30000,0.842494,0.587322,164761,18364,559,biscoito,654df54979,13.2232
11,0,30000,0.840601,0.578149,164680,18092,557,biscoito,e1bf370939,12.9457
11,1,30000,0.840010,0.579748,165467,18142,560,biscoito,d9cb505519,8.8409
11,2,30000,0.840010,0.579748,165467,18142,560,biscoito,d9cb505519,8.8409
11,3,30000,0.841092,0.580288,165449,18175,560,biscoito,0ecd6fc388,13.7242
11,4,30000,0.840792,0.583394,165454,18154,563,biscoito,eb6b070a3e,14.5588
11,5,30000,0.839806,0.577001,165390,18144,556,biscoito,8f2aa06935,13.6942
11,6,30000,0.841443,0.590816,164805,18339,563,biscoito,0be1333c63,13.3944
11,7,30000,0.841991,0.588831,164911,18289,562,biscoito,d78871f6d4,13.3677
11,8,30000,0.839390,0.580885,165774,18357,554,biscoito,ec5953bfaf,13.8994
11,9,30000,0.840972,0.580209,165451,18181,560,biscoito,453146fcb4,13.9032
11,10,30000,0.841771,0.586710,164900,18264,559,biscoito,2573d7606e,13.9222
11,11,30000,0.841627,0.585678,164833,18252,559,biscoito,e98809d242,14.1654
11,12,30000,0.840605,0.577066,164665,18191,558,biscoito,01bc75c919,13.3986
11,13,30000,0.841827,0.584359,164771,18285,558,biscoito,ed7765454d,14.6837
11,14,30000,0.841827,0.584359,164771,18285,558,biscoito,ed7765454d,14.6837
11,15,30000,0.840113,0.582674,165459,18220,562,biscoito,e2b59f3897,13.4108
11,16,30000,0.839662,0.582076,165465,18204,562,biscoito,5f7c2cd6a3,13.3670
11,17,30000,0.841467,0.583348,165428,18181,561,biscoito,cc8af3ab09,13.9920
11,18,30000,0.840956,0.581086,165471,18161,562,biscoito,c1b94a1aaf,13.6250
11,19,30000,0.840010,0.579748,165467,18142,560,biscoito,d9cb505519,8.8409
12,0,30000,0.839806,0.577001,165390,18144,556,biscoito,8f2aa06935,13.6942
12,1,30000,0.840289,0.581933,165471,18136,561,biscoito,1e49f178f4,13.3953
12,2,30000,0.840461,0.580627,165449,18156,561,biscoito,41ec8ecb3f,13.4117
12,3,30000,0.840633,0.577414,164666,18190,558,biscoito,c93b10a41d,13.1399
12,4,30000,0.840597,0.578045,164692,18094,557,biscoito,0df82b6c36,13.8910
12,5,30000,0.840233,0.581671,164883,18035,563,biscoito,e75606c7c1,13.3254
12,6,30000,0.841048,0.580823,165214,18168,562,biscoito,83cca19811,13.7943
12,7,30000,0.840165,0.578777,165327,18101,561,biscoito,8fe67cd871,13.5183
12,8,30000,0.839922,0.579568,164821,18196,557,biscoito,2f61c58a7b,15.1106
12,9,30000,0.841264,0.585473,165179,18216,563,biscoito,f1dfca32c4,13.7385
12,10,30000,0.839742,0.574616,164773,18138,557,biscoito,ec33bad440,13.6744
12,11,30000,0.841535,0.586950,165427,18352,559,biscoito,903a82efb2,13.6481
12,12,30000,0.838931,0.576419,165601,18136,555,biscoito,346d3acdaf,13.5628
12,13,30000,0.839734,0.582986,165459,18204,563,biscoito,7ca42141b7,13.0881
12,14,30000,0.839686,0.574927,165418,18143,554,biscoito,442cc99c74,13.3114
12,15,30000,0.841076,0.578754,164640,18201,558,biscoito,0a23870c73,13.7401
12,16,30000,0.840629,0.578299,164665,18100,557,biscoito,ad74c7ae3e,13.2996
12,17,30000,0.840601,0.578149,164680,18092,557,biscoito,e1bf370939,12.9457
12,18,30000,0.840605,0.577066,164665,18191,558,biscoito,01bc75c919,13.3986
12,19,30000,0.840585,0.581271,164748,18164,561,biscoito,4e8f575f3d,14.5521
13,0,30000,0.839742,0.574616,164773,18138,557,biscoito,ec33bad440,13.6744
13,1,30000,0.840601,0.578149,164680,18092,557,biscoito,e1bf370939,12.9457
13,2,30000,0.840597,0.578045,164692,18094,557,biscoito,0df82b6c36,13.8910
13,3,30000,0.839706,0.575000,164796,18149,558,biscoito,eea0e8857b,13.3315
13,4,30000,0.840549,0.580391,164716,18154,560,biscoito,07f1523be3,14.0723
13,5,30000,0.840521,0.578146,164765,18237,555,biscoito,b4072da364,13.4408
13,6,30000,0.839410,0.577599,165391,18089,557,biscoito,545d35e7c2,14.0454
13,7,30000,0.839530,0.576191,165409,18142,556,biscoito,e43c85b6b1,13.4137
13,8,30000,0.840589,0.575298,164701,18089,555,biscoito,3eac4e77a2,13.3718
13,9,30000,0.840625,0.576921,164667,18193,558,biscoito,ee9c5d4921,13.1861
13,10,30000,0.840485,0.580802,164748,18162,561,biscoito,c515411352,13.3892
13,11,30000,0.840641,0.578792,164729,18079,557,biscoito,2ec87d6d0a,13.3871
13,12,30000,0.840213,0.578637,165173,18189,556,biscoito,c1878b3996,13.8244
13,13,30000,0.839982,0.575734,165403,18142,556,biscoito,b115e565c7,13.9430
13,14,30000,0.839774,0.573362,164890,18157,557,biscoito,e789054d98,14.7309
13,15,30000,0.839878,0.573672,165206,18272,556,biscoito,8cefb96e57,14.2270
13,16,30000,0.839958,0.583630,165586,18107,563,biscoito,d38391da9e,13.3291
13,17,30000,0.839351,0.579032,165558,18181,557,biscoito,e9cc99e4bf,14.7101
13,18,30000,0.839806,0.577001,165390,18144,556,biscoito,8f2aa06935,13.6942
13,19,30000,0.839011,0.577141,165609,18138,555,biscoito,691086d3a3,13.8442
14,0,30000,0.839774,0.573362,164890,18157,557,biscoito,e789054d98,14.7309
14,1,30000,0.839135,0.579281,165590,18152,556,biscoito,8edf2cf1b9,13.5982
14,2,30000,0.839662,0.574299,164789,18141,557,biscoito,9eb88e96b9,13.5374
14,3,30000,0.839730,0.574878,164774,18147,557,biscoito,b21abca2a7,13.4363
14,4,30000,0.839774,0.575335,164791,18154,558,biscoito,876b1caac7,14.6826
14,5,30000,0.839267,0.575554,165551,18077,553,biscoito,d4326346e1,11.3720
14,6,30000,0.838907,0.576439,165289,18314,557,biscoito,635ceaf12f,9.4953
14,7,30000,0.839706,0.574582,164776,18147,557,biscoito,dc52916fa8,8.8234
14,8,30000,0.839854,0.576974,165389,18158,556,biscoito,70129b5b1f,8.9541
14,9,30000,0.840217,0.576887,164856,18144,557,biscoito,4bda7869bb,8.8586
14,10,30000,0.839031,0.573081,165341,18148,556,biscoito,14957bddbd,8.8938
14,11,30000,0.839838,0.575999,164767,18090,557,biscoito,8d95ab3799,8.6343
14,12,30000,0.840741,0.574729,164645,18197,556,biscoito,48cd4ce53b,9.1071
14,13,30000,0.839762,0.573769,165551,18170,555,biscoito,bea5535a3d,8.5404
14,14,30000,0.839746,0.574879,164975,18135,558,biscoito,97e7328122,8.8140
14,15,30000,0.839626,0.573117,164824,18125,556,biscoito,6397ac1dea,9.2113
14,16,30000,0.840725,0.575872,165144,18290,558,biscoito,1df7a16629,8.5943
14,17,30000,0.840165,0.575782,165052,18204,558,biscoito,e5a8095427,8.4913
14,18,30000,0.840297,0.574037,164953,18194,554,biscoito,0087a2fa8b,8.5012
14,19,30000,0.839838,0.575927,165193,18239,557,biscoito,48d3f651a5,8.8411
15,0,30000,0.839031,0.573081,165341,18148,556,biscoito,14957bddbd,8.8938
15,1,30000,0.839235,0.576088,165574,18071,553,biscoito,9aca4792f8,9.1626
15,2,30000,0.839714,0.575728,164944,18158,559,biscoito,d33553a9d4,9.0242
15,3,30000,0.839031,0.573081,165341,18148,556,biscoito,14957bddbd,8.8938
15,4,30000,0.839774,0.573362,164890,18157,557,biscoito,e789054d98,14.7309
15,5,30000,0.840477,0.574749,164771,18191,557,biscoito,44dc7594f0,8.7091
15,6,30000,0.840077,0.572993,164751,18174,555,biscoito,22cea2aa4a,8.8823
15,7,30000,0.839111,0.573662,165347,18166,556,biscoito,e422570ecf,8.7079
15,8,30000,0.840741,0.574729,164645,18197,556,biscoito,48cd4ce53b,9.1071
15,9,30000,0.839918,0.576061,165013,18172,559,biscoito,da927c2776,9.4638
15,10,30000,0.839682,0.575196,164948,18140,558,biscoito,5f6cb213fa,8.8789
15,11,30000,0.839682,0.573424,165561,18180,555,biscoito,bb532b681d,8.6914
15,12,30000,0.839930,0.577097,165385,18150,556,biscoito,a9408ed270,8.8398
15,13,30000,0.839742,0.571887,165088,18091,554,biscoito,86351cbcdb,8.9421
15,14,30000,0.839626,0.573510,165031,18153,557,biscoito,610f49dbbf,8.5209
15,15,30000,0.839746,0.574879,164975,18135,558,biscoito,97e7328122,8.8140
15,16,30000,0.839746,0.574879,164975,18135,558,biscoito,97e7328122,8.8140
15,17,30000,0.839590,0.574922,164876,18140,558,biscoito,3158e6507d,8.6301
15,18,30000,0.840445,0.575793,164804,18162,557,biscoito,b743579072,9.6357
15,19,30000,0.839966,0.576066,164968,18105,555,biscoito,63dd69bd31,8.6412
16,0,30000,0.839742,0.571887,165088,18091,554,biscoito,86351cbcdb,8.9421
16,1,30000,0.839738,0.576453,164976,18142,560,biscoito,de1546ea28,9.4073
16,2,30000,0.839119,0.573483,165340,18153,556,biscoito,8e1dabdc55,8.5967
16,3,30000,0.839798,0.572793,165214,18141,556,biscoito,3a77731e1a,8.7382
16,4,30000,0.839023,0.573197,164993,18107,553,biscoito,60dcf4743c,8.5816
16,5,30000,0.839742,0.571887,165088,18091,554,biscoito,86351cbcdb,8.9421
16,6,30000,0.839626,0.573510,165031,18153,557,biscoito,610f49dbbf,8.5209
16,7,30000,0.840301,0.575577,164789,18191,555,biscoito,5aa4c40b0d,8.8624
16,8,30000,0.839478,0.571555,165488,18179,555,biscoito,99d1bc295e,9.5138
16,9,30000,0.839710,0.574744,164984,18129,558,biscoito,ce49549c75,9.1883
16,10,30000,0.839702,0.571483,165072,18087,554,biscoito,8872e8381a,8.8605
16,11,30000,0.840161,0.574444,164880,18169,558,biscoito,63746d3b03,8.7487
16,12,30000,0.839626,0.573510,165031,18153,557,biscoito,610f49dbbf,8.5209
16,13,30000,0.839818,0.575414,165043,18145,559,biscoito,d99445a047,8.6009
16,14,30000,0.840816,0.576096,164769,18171,558,biscoito,65665d06ea,8.5662
16,15,30000,0.839199,0.571850,165048,18173,557,biscoito,fbc8c1c5a0,8.8965
16,16,30000,0.840964,0.577359,164627,18194,558,biscoito,63a33c5185,8.5638
16,17,30000,0.839806,0.574940,164992,18140,558,biscoito,50a19e498b,8.4689
16,18,30000,0.839043,0.573224,165333,18148,556,biscoito,f0717858e3,8.5384
16,19,30000,0.840105,0.573167,164742,18177,555,biscoito,742fea96f4,8.5157
17,0,30000,0.839702,0.571483,165072,18087,554,biscoito,8872e8381a,8.8605
17,1,30000,0.839243,0.572864,165313,18205,557,biscoito,e00fee26cf,8.5701
17,2,30000,0.840940,0.575813,165192,18185,557,biscoito,aeb0e6001c,8.5900
17,3,30000,0.839742,0.571887,165088,18091,554,biscoito,86351cbcdb,8.9421
17,4,30000,0.839742,0.571887,165088,18091,554,biscoito,86351cbcdb,8.9421
17,5,30000,0.839742,0.571887,165088,18091,554,biscoito,86351cbcdb,8.9421
17,6,30000,0.839702,0.571483,165072,18087,554,biscoito,8872e8381a,8.8605
17,7,30000,0.839702,0.571483,165072,18087,554,biscoito,8872e8381a,8.8605
17,8,30000,0.839702,0.571483,165072,18087,554,biscoito,8872e8381a,8.8605
17,9,30000,0.839003,0.570392,165038,18170,556,biscoito,3b41c056f1,9.2780
17,10,30000,0.839510,0.572844,165499,18182,556,biscoito,210cf3297d,8.4844
17,11,30000,0.839478,0.571555,165488,18179,555,biscoito,99d1bc295e,9.5138
17,12,30000,0.839662,0.572781,165475,18161,555,biscoito,174bb104db,8.6850
17,13,30000,0.839191,0.570432,165036,18162,556,biscoito,12971118f7,8.9580
17,14,30000,0.839650,0.572980,165103,18098,555,biscoito,516bbf7859,9.6328
17,15,30000,0.839438,0.573281,164834,18143,551,biscoito,59e8aadec1,8.5939
17,16,30000,0.839462,0.573862,165056,18168,559,biscoito,64e24822e8,8.6754
17,17,30000,0.839974,0.574251,164950,18122,557,biscoito,dbf8596986,8.9652
17,18,30000,0.840121,0.572797,164753,18163,555,biscoito,1b84d64705,8.5101
17,19,30000,0.839826,0.574190,165310,18177,556,biscoito,d43c342441,8.9145
18,0,30000,0.839003,0.570392,165038,18170,556,biscoito,3b41c056f1,9.2780
18,1,30000,0.839103,0.570158,165041,18152,556,biscoito,185f152016,9.6382
18,2,30000,0.839978,0.572051,165055,18094,554,biscoito,cef003f722,9.0105
18,3,30000,0.840145,0.571548,165097,18105,554,biscoito,93a8b73e54,8.7438
18,4,30000,0.839742,0.571887,165088,18091,554,biscoito,86351cbcdb,8.9421
18,5,30000,0.839498,0.571597,165005,18167,557,biscoito,17707b38b8,8.9333
18,6,30000,0.839674,0.571335,165067,18117,554,biscoito,2b5e8ad7e0,8.4955
18,7,30000,0.839702,0.571483,165072,18087,554,biscoito,8872e8381a,8.8605
18,8,30000,0.839702,0.571483,165072,18087,554,biscoito,8872e8381a,8.8605
18,9,30000,0.839754,0.571670,165072,18090,554,biscoito,a185e32ef5,8.5233
18,10,30000,0.839670,0.571738,165079,18092,554,biscoito,cc39f9cb99,8.5446
18,11,30000,0.839702,0.571483,165072,18087,554,biscoito,8872e8381a,8.8605
18,12,30000,0.839702,0.571483,165072,18087,554,biscoito,8872e8381a,8.8605
18,13,30000,0.839718,0.571493,165073,18087,554,biscoito,4e6cd0d043,8.6038
18,14,30000,0.839726,0.571875,165093,18090,554,biscoito,c26664e974,8.5706
18,15,30000,0.839434,0.571339,165008,18167,556,biscoito,eb0cfae81a,8.5659
18,16,30000,0.839530,0.571433,165097,18097,554,biscoito,9a766e11b8,9.1611
18,17,30000,0.839502,0.573134,165101,18098,555,biscoito,d850a2fe59,8.6537
18,18,30000,0.839686,0.571643,165068,18084,554,biscoito,bc8d7a4c88,8.3278
18,19,30000,0.839702,0.571483,165072,18087,554,biscoito,8872e8381a,8.8605
19,0,30000,0.839103,0.570158,165041,18152,556,biscoito,185f152016,9.6382
19,1,30000,0.839442,0.572794,165065,18083,555,biscoito,70fb7b595a,8.4953
19,2,30000,0.839103,0.570158,165041,18152,556,biscoito,185f152016,9.6382
19,3,30000,0.839674,0.571335,165067,18117,554,biscoito,2b5e8ad7e0,8.4955
19,4,30000,0.839674,0.571335,165067,18117,554,biscoito,2b5e8ad7e0,8.4955
19,5,30000,0.839594,0.572479,165002,18157,557,biscoito,85e1d1e595,8.7230
19,6,30000,0.839099,0.569011,165164,18107,553,biscoito,6fe9b229a2,8.6746
19,7,30000,0.839714,0.571882,165072,18101,554,biscoito,a92d5d901b,8.5571
19,8,30000,0.839642,0.571103,165070,18103,554,biscoito,708cbf20d5,9.5202
19,9,30000,0.839754,0.571492,164999,18179,556,biscoito,d4d0d84928,8.6905
19,10,30000,0.839071,0.570158,165033,18153,556,biscoito,501cca7403,8.6298
19,11,30000,0.839554,0.571457,165067,18096,554,biscoito,197c83f607,8.5540
19,12,30000,0.840233,0.571205,165086,18102,554,biscoito,6b6efdff98,8.6555
19,13,30000,0.839674,0.571331,165069,18115,554,biscoito,788ddaf5b0,8.4147
19,14,30000,0.839610,0.570908,165071,18085,554,biscoito,0775d37285,8.7006
19,15,30000,0.839758,0.571802,165084,18097,554,biscoito,0c1b717897,9.1794
19,16,30000,0.839582,0.571009,165065,18096,554,biscoito,596a77b2d4,8.4454
19,17,30000,0.838851,0.571750,164987,18181,558,biscoito,409e1950dd,8.5711
19,18,30000,0.839986,0.573177,165229,18158,555,biscoito,4705fc7e64,8.6450
19,19,30000,0.838500,0.571174,165362,18202,556,biscoito,3e6d2741f9,8.7545
20,0,30000,0.839099,0.569011,165164,18107,553,biscoito,6fe9b229a2,8.6746
20,1,30000,0.839762,0.572590,164977,18141,557,biscoito,4d89f7cfd8,8.5398
20,2,30000,0.839239,0.568506,165106,18093,553,biscoito,393faf8e5e,8.3739
20,3,30000,0.839163,0.569076,165163,18106,553,biscoito,ce5e3b37f0,9.7710
20,4,30000,0.838927,0.572053,164983,18179,558,biscoito,08c881326f,8.3492
20,5,30000,0.839642,0.571103,165070,18103,554,biscoito,708cbf20d5,9.5202
20,6,30000,0.840233,0.571205,165086,18102,554,biscoito,6b6efdff98,8.6555
20,7,30000,0.839091,0.570160,165034,18154,556,biscoito,1bee5912ea,8.3176
20,8,30000,0.839211,0.571737,165346,18219,556,biscoito,28258bfd07,8.7809
20,9,30000,0.839670,0.572381,165041,18121,554,biscoito,76f6fee6dd,8.6784
20,10,30000,0.839786,0.571254,165088,18110,554,biscoito,c8701ae72e,8.3918
20,11,30000,0.839486,0.571737,165065,18165,557,biscoito,7830349aa0,8.6383
20,12,30000,0.838979,0.573631,165000,18138,560,biscoito,80168ea490,8.9521
20,13,30000,0.839103,0.570158,165041,18152,556,biscoito,185f152016,9.6382
20,14,30000,0.839610,0.570908,165071,18085,554,biscoito,0775d37285,8.7006
20,15,30000,0.839926,0.570787,165092,18112,554,biscoito,933eeacc8a,8.5550
20,16,30000,0.840002,0.571387,165062,18106,554,biscoito,ec1d2a4ff2,8.6647
20,17,30000,0.839674,0.571335,165067,18117,554,biscoito,2b5e8ad7e0,8.4955
20,18,30000,0.839103,0.570158,165041,18152,556,biscoito,185f152016,9.6382
20,19,30000,0.840245,0.572834,165038,18125,555,biscoito,3fd5e37623,8.7626
21,0,30000,0.839239,0.568506,165106,18093,553,biscoito,393faf8e5e,8.3739
21,1,30000,0.840010,0.570867,165093,18103,554,biscoito,b601119e12,8.5508
21,2,30000,0.839215,0.568690,165151,18093,553,biscoito,e55ecdc899,8.6214
21,3,30000,0.839846,0.570232,165147,18107,553,biscoito,5531a12e9c,9.2765
21,4,30000,0.839818,0.570407,165083,18088,554,biscoito,be32d30a93,9.1709
21,5,30000,0.839283,0.570272,165073,18151,556,biscoito,43c79cccce,8.9085
21,6,30000,0.838911,0.568279,165130,18094,553,biscoito,dd3c5bd4b2,8.5320
21,7,30000,0.840002,0.570646,165139,18098,554,biscoito,a34a5621c6,8.8712
21,8,30000,0.839830,0.571097,165063,18104,554,biscoito,e34d894cf3,8.6107
21,9,30000,0.839594,0.569952,165061,18123,554,biscoito,4e69eff256,8.5071
21,10,30000,0.839642,0.571103,165070,18103,554,biscoito,708cbf20d5,9.5202
21,11,30000,0.839255,0.568809,165143,18124,553,biscoito,007cd36114,9.0746
21,12,30000,0.839722,0.571500,165096,18093,554,biscoito,ea784464d6,8.4758
21,13,30000,0.840373,0.572979,164999,18118,557,biscoito,329bdaf7ee,8.4971
21,14,30000,0.838879,0.566956,165104,18116,552,biscoito,e12e28146e,8.4156
21,15,30000,0.839239,0.568506,165106,18093,553,biscoito,393faf8e5e,8.3739
21,16,30000,0.839239,0.568506,165106,18093,553,biscoito,393faf8e5e,8.3739
21,17,30000,0.839674,0.571335,165067,18117,554,biscoito,2b5e8ad7e0,8.4955
21,18,30000,0.839926,0.570787,165092,18112,554,biscoito,933eeacc8a,8.5550
21,19,30000,0.839103,0.570158,165041,18152,556,biscoito,185f152016,9.6382
22,0,30000,0.838879,0.566956,165104,18116,552,biscoito,e12e28146e,8.4156
22,1,30000,0.839191,0.568409,165080,18056,553,biscoito,26867d59dc,8.7378
22,2,30000,0.838911,0.568279,165130,18094,553,biscoito,dd3c5bd4b2,8.5320
22,3,30000,0.839646,0.569243,165138,18116,553,biscoito,6e782534ff,8.2821
22,4,30000,0.839319,0.568552,165085,18112,552,biscoito,b467e04296,8.8255
22,5,30000,0.839239,0.568506,165106,18093,553,biscoito,393faf8e5e,8.3739
22,6,30000,0.839255,0.568809,165143,18124,553,biscoito,007cd36114,9.0746
22,7,30000,0.839446,0.568061,165307,18166,553,biscoito,360b306e02,9.1610
22,8,30000,0.837681,0.568175,164895,18124,553,biscoito,92a68194a4,8.2725
22,9,30000,0.838444,0.569305,165331,18173,555,biscoito,d07b98e6a2,8.5672
22,10,30000,0.840453,0.572670,164808,18078,557,biscoito,11c54f8365,8.4524
22,11,30000,0.839215,0.568690,165151,18093,553,biscoito,e55ecdc899,8.6214
22,12,30000,0.839846,0.570232,165147,18107,553,biscoito,5531a12e9c,9.2765
22,13,30000,0.839059,0.568065,165109,18111,553,biscoito,56128077e0,9.2563
22,14,30000,0.839099,0.569011,165164,18107,553,biscoito,6fe9b229a2,8.6746
22,15,30000,0.839239,0.568506,165106,18093,553,biscoito,393faf8e5e,8.3739
22,16,30000,0.839255,0.568809,165143,18124,553,biscoito,007cd36114,9.0746
22,17,30000,0.838895,0.566994,165105,18117,552,biscoito,689de59bec,8.5398
22,18,30000,0.839946,0.570649,165082,18100,555,biscoito,5a263b315f,8.5425
22,19,30000,0.839570,0.570137,165100,18086,554,biscoito,802c75f4c2,9.2730
23,0,30000,0.838879,0.566956,165104,18116,552,biscoito,e12e28146e,8.4156
23,1,30000,0.838867,0.569065,165095,18085,554,biscoito,ae3fa8163e,8.6039
23,2,30000,0.837913,0.568867,164887,18153,553,biscoito,ee2b529ce9,8.4798
23,3,30000,0.838628,0.567428,165102,18094,552,biscoito,a0afbd91e8,9.5448
23,4,30000,0.839410,0.568093,165082,18078,553,biscoito,6695012f99,8.6910
23,5,30000,0.839007,0.567815,165111,18109,553,biscoito,09c94b9a6b,8.5953
23,6,30000,0.839295,0.568644,165112,18095,553,biscoito,5e6aafa3dc,8.6026
23,7,30000,0.838895,0.566994,165105,18117,552,biscoito,689de59bec,8.5398
23,8,30000,0.838879,0.566956,165104,18116,552,biscoito,e12e28146e,8.4156
23,9,30000,0.838939,0.567623,165105,18112,553,biscoito,625f3abead,8.4448
23,10,30000,0.838959,0.566986,165110,18119,552,biscoito,d64ae55099,8.4221
23,11,30000,0.838444,0.569305,165331,18173,555,biscoito,d07b98e6a2,8.5672
23,12,30000,0.838895,0.566994,165105,18117,552,biscoito,689de59bec,8.5398
23,13,30000,0.837601,0.567653,164888,18143,554,biscoito,178cb072b9,8.4694
23,14,30000,0.839315,0.569427,165122,18093,553,biscoito,7267a0303b,8.7590
23,15,30000,0.838775,0.567197,165100,18097,552,biscoito,3586011efb,8.7101
23,16,30000,0.839191,0.568549,165143,18124,553,biscoito,87d1199399,8.3552
23,17,30000,0.839734,0.567035,165158,18167,551,biscoito,127f13148f,8.9533
23,18,30000,0.839606,0.568553,165218,18171,553,biscoito,0a8f38cf4e,8.9241
23,19,30000,0.839271,0.569274,165180,18141,554,biscoito,21fca0a447,8.9886
24,0,30000,0.838879,0.566956,165104,18116,552,biscoito,e12e28146e,8.4156
24,1,30000,0.838799,0.566640,165106,18107,552,biscoito,454c66336e,8.9212
24,2,30000,0.838735,0.568027,165101,18113,553,biscoito,b9eaa4b9f5,9.6475
24,3,30000,0.838628,0.567428,165102,18094,552,biscoito,a0afbd91e8,9.5448
24,4,30000,0.838775,0.567197,165100,18097,552,biscoito,3586011efb,8.7101
24,5,30000,0.838895,0.566994,165105,18117,552,biscoito,689de59bec,8.5398
24,6,30000,0.838959,0.566986,165110,18119,552,biscoito,d64ae55099,8.4221
24,7,30000,0.838939,0.567623,165105,18112,553,biscoito,625f3abead,8.4448
24,8,30000,0.839410,0.568093,165082,18078,553,biscoito,6695012f99,8.6910
24,9,30000,0.838895,0.569665,165120,18095,555,biscoito,d12964f20c,8.6708
24,10,30000,0.838959,0.566986,165110,18119,552,biscoito,d64ae55099,8.4221
24,11,30000,0.838879,0.566956,165104,18116,552,biscoito,e12e28146e,8.4156
24,12,30000,0.838859,0.569632,165060,18104,552,biscoito,07eb08c38c,8.7666
24,13,30000,0.839406,0.568786,165104,18107,554,biscoito,26f3ed6c13,9.0395
24,14,30000,0.838879,0.566956,165104,18116,552,biscoito,e12e28146e,8.4156
24,15,30000,0.838775,0.567197,165100,18097,552,biscoito,3586011efb,8.7101
24,16,30000,0.839271,0.569274,165180,18141,554,biscoito,21fca0a447,8.9886
24,17,30000,0.839518,0.567924,165122,18097,553,biscoito,02848088e5,8.5429
24,18,30000,0.838779,0.567316,165077,18104,552,biscoito,b18c8adfb5,8.5302
24,19,30000,0.838775,0.567197,165100,18097,552,biscoito,3586011efb,8.7101
25,0,30000,0.838799,0.566640,165106,18107,552,biscoito,454c66336e,8.9212
25,1,30000,0.838899,0.566848,165098,18114,552,biscoito,a065b6af00,9.0567
25,2,30000,0.838855,0.566848,165099,18118,552,biscoito,8dfc5ccdc3,8.6582
25,3,30000,0.838959,0.566986,165110,18119,552,biscoito,d64ae55099,8.4221
25,4,30000,0.839183,0.569102,165115,18111,554,biscoito,2ebcf92e33,8.3100
25,5,30000,0.838951,0.567128,165111,18124,553,biscoito,4f10b4f340,8.5902
25,6,30000,0.838879,0.566956,165104,18116,552,biscoito,e12e28146e,8.4156
25,7,30000,0.838851,0.566839,165105,18114,552,biscoito,913c5a1c96,8.7078
25,8,30000,0.838775,0.566758,165110,18113,552,biscoito,f9aaa53d29,8.4757
25,9,30000,0.838895,0.566911,165096,18116,552,biscoito,cab8541f00,8.5962
25,10,30000,0.838827,0.566867,165106,18111,552,biscoito,04a37a4a70,8.6106
25,11,30000,0.838879,0.566956,165104,18116,552,biscoito,e12e28146e,8.4156
25,12,30000,0.838879,0.566956,165104,18116,552,biscoito,e12e28146e,8.4156
25,13,30000,0.838959,0.566986,165110,18119,552,biscoito,d64ae55099,8.4221
25,14,30000,0.838959,0.566986,165110,18119,552,biscoito,d64ae55099,8.4221
25,15,30000,0.839023,0.567488,165020,18095,553,biscoito,27c2d2a978,8.7423
25,16,30000,0.838879,0.566956,165104,18116,552,biscoito,e12e28146e,8.4156
25,17,30000,0.838799,0.566640,165106,18107,552,biscoito,454c66336e,8.9212
25,18,30000,0.838939,0.567623,165105,18112,553,biscoito,625f3abead,8.4448
25,19,30000,0.839490,0.567551,165091,18112,552,biscoito,4381ed01cf,8.5481
26,0,30000,0.838799,0.566640,165106,18107,552,biscoito,454c66336e,8.9212
26,1,30000,0.838779,0.566672,165106,18111,552,biscoito,249c4ee6e1,8.7170
26,2,30000,0.838875,0.566848,165104,18109,552,biscoito,a0da9672f5,9.4844
26,3,30000,0.838799,0.566640,165106,18107,552,biscoito,454c66336e,8.9212
26,4,30000,0.838775,0.566758,165110,18113,552,biscoito,f9aaa53d29,8.4757
26,5,30000,0.838775,0.566758,165110,18113,552,biscoito,f9aaa53d29,8.4757
26,6,30000,0.838799,0.566640,165106,18107,552,biscoito,454c66336e,8.9212
26,7,30000,0.838799,0.566640,165106,18107,552,biscoito,454c66336e,8.9212
26,8,30000,0.838827,0.566867,165106,18111,552,biscoito,04a37a4a70,8.6106
26,9,30000,0.838975,0.566964,165108,18116,552,biscoito,e593f00714,8.5782
26,10,30000,0.839311,0.568957,165113,18129,553,biscoito,019f6484ee,8.7131
26,11,30000,0.838775,0.566926,165090,18109,552,biscoito,74c0f87aed,9.0268
26,12,30000,0.838819,0.566868,165107,18108,552,biscoito,e5341d6d13,8.4805
26,13,30000,0.838791,0.566839,165106,18115,552,biscoito,6433cfd95a,8.7505
26,14,30000,0.838767,0.569657,165065,18108,553,biscoito,d86305abbc,8.9134
26,15,30000,0.838879,0.566956,165104,18116,552,biscoito,e12e28146e,8.4156
26,16,30000,0.838855,0.566848,165099,18118,552,biscoito,8dfc5ccdc3,8.6582
26,17,30000,0.838799,0.566114,165084,18101,552,biscoito,26330fd638,8.6400
26,18,30000,0.838983,0.567141,165038,18099,553,biscoito,132bf1605e,8.8309
26,19,30000,0.838951,0.566744,165089,18114,552,biscoito,e1da7cd342,8.8106
27,0,30000,0.838799,0.566114,165084,18101,552,biscoito,26330fd638,8.6400
27,1,30000,0.838799,0.566640,165106,18107,552,biscoito,454c66336e,8.9212
27,2,30000,0.838799,0.566640,165106,18107,552,biscoito,454c66336e,8.9212
27,3,30000,0.839658,0.570379,165102,18108,556,biscoito,e754363fe4,9.0609
27,4,30000,0.838799,0.566115,165083,18102,552,biscoito,b506931491,8.6352
27,5,30000,0.838496,0.567216,165109,18133,552,biscoito,8582bff1e8,8.6739
27,6,30000,0.838811,0.566647,165105,18111,552,biscoito,b04d5fd9b4,9.5127
27,7,30000,0.838811,0.566645,165102,18111,552,biscoito,36a68852d2,8.7926
27,8,30000,0.838763,0.566562,165113,18111,552,biscoito,949b534a52,8.4439
27,9,30000,0.838799,0.566640,165106,18107,552,biscoito,454c66336e,8.9212
27,10,30000,0.838799,0.566640,165106,18107,552,biscoito,454c66336e,8.9212
27,11,30000,0.838875,0.567693,165113,18141,553,biscoito,1aea7ca4c7,8.4841
27,12,30000,0.838815,0.566657,165111,18111,552,biscoito,f30f8694c7,8.8860
27,13,30000,0.838799,0.566640,165106,18107,552,biscoito,454c66336e,8.9212
27,14,30000,0.838799,0.566640,165106,18107,552,biscoito,454c66336e,8.9212
27,15,30000,0.838799,0.566114,165084,18101,552,biscoito,26330fd638,8.6400
27,16,30000,0.838799,0.566114,165084,18101,552,biscoito,26330fd638,8.6400
27,17,30000,0.838795,0.566584,165099,18118,552,biscoito,4c62beca2a,8.6377
27,18,30000,0.838943,0.566784,165096,18103,552,biscoito,167726ac51,8.7598
27,19,30000,0.839179,0.570868,165138,18138,556,biscoito,f70440dc34,9.0413
28,0,30000,0.838799,0.566114,165084,18101,552,biscoito,26330fd638,8.6400
28,1,30000,0.838723,0.565869,165094,18099,552,biscoito,4fa6975d0c,8.4563
28,2,30000,0.838799,0.566307,165085,18110,552,biscoito,b3f421ab27,8.4235
28,3,30000,0.838711,0.566081,165093,18109,552,biscoito,0aaa9699c6,8.4107
28,4,30000,0.838879,0.566476,165104,18099,553,biscoito,b1edb9c570,8.8268
28,5,30000,0.838823,0.566110,165084,18098,552,biscoito,74b05c79fb,8.6187
28,6,30000,0.838783,0.566636,165106,18108,552,biscoito,809a7d0bcf,9.5913
28,7,30000,0.838799,0.566114,165084,18101,552,biscoito,26330fd638,8.6400
28,8,30000,0.838799,0.566114,165084,18101,552,biscoito,26330fd638,8.6400
28,9,30000,0.838799,0.566640,165106,18107,552,biscoito,454c66336e,8.9212
28,10,30000,0.838799,0.566640,165106,18107,552,biscoito,454c66336e,8.9212
28,11,30000,0.838795,0.566584,165099,18118,552,biscoito,4c62beca2a,8.6377
28,12,30000,0.838799,0.566640,165106,18107,552,biscoito,454c66336e,8.9212
28,13,30000,0.838799,0.566640,165106,18107,552,biscoito,454c66336e,8.9212
28,14,30000,0.839043,0.568004,165095,18108,553,biscoito,a744351bbb,9.2563
28,15,30000,0.838815,0.566657,165111,18111,552,biscoito,f30f8694c7,8.8860
28,16,30000,0.838799,0.566640,165106,18107,552,biscoito,454c66336e,8.9212
28,17,30000,0.838759,0.566582,165108,18107,552,biscoito,b4c926ff1d,8.8407
28,18,30000,0.838819,0.566125,165090,18102,552,biscoito,c684841b29,8.7256
28,19,30000,0.838799,0.566640,165106,18107,552,biscoito,454c66336e,8.9212
29,0,30000,0.838723,0.565869,165094,18099,552,biscoito,4fa6975d0c,8.4563
29,1,30000,0.838799,0.566640,165106,18107,552,biscoito,454c66336e,8.9212
29,2,30000,0.838711,0.566081,165093,18109,552,biscoito,0aaa9699c6,8.4107
29,3,30000,0.838572,0.570647,165051,18133,555,biscoito,de7b26d32b,9.2968
29,4,30000,0.838759,0.566292,165101,18106,552,biscoito,5b3df9165f,8.5837
29,5,30000,0.838707,0.566267,165107,18089,552,biscoito,d157913abd,10.0418
29,6,30000,0.838899,0.566093,165089,18106,553,biscoito,926922bd7e,11.5621
29,7,30000,0.838823,0.566110,165084,18098,552,biscoito,74b05c79fb,8.6187
29,8,30000,0.838823,0.566110,165084,18098,552,biscoito,74b05c79fb,8.6187
29,9,30000,0.838711,0.566081,165093,18109,552,biscoito,0aaa9699c6,8.4107
29,10,30000,0.838711,0.566081,165093,18109,552,biscoito,0aaa9699c6,8.4107
29,11,30000,0.838747,0.565972,165084,18111,552,biscoito,1cbce917d5,10.1896
29,12,30000,0.838719,0.565805,165090,18100,552,biscoito,576f4ef69e,9.6856
29,13,30000,0.838711,0.566081,165093,18109,552,biscoito,0aaa9699c6,8.4107
29,14,30000,0.839051,0.568176,165092,18128,555,biscoito,504ba6edd3,9.3432
29,15,30000,0.839135,0.566447,165052,18108,552,biscoito,71d32354f7,8.9230
29,16,30000,0.838807,0.566732,165109,18106,552,biscoito,58d1759e90,8.8298
29,17,30000,0.838799,0.566114,165084,18101,552,biscoito,26330fd638,8.6400
29,18,30000,0.838799,0.566114,165084,18101,552,biscoito,26330fd638,8.6400
29,19,30000,0.838823,0.566110,165084,18098,552,biscoito,74b05c79fb,8.6187
30,0,30000,0.838719,0.565805,165090,18100,552,biscoito,576f4ef69e,9.6856
30,1,30000,0.838731,0.565877,165080,18099,552,biscoito,4718156e5f,9.0552
30,2,30000,0.838799,0.566640,165106,18107,552,biscoito,454c66336e,8.9212
30,3,30000,0.838875,0.566139,165086,18105,552,biscoito,9d50be547a,8.6354
30,4,30000,0.839027,0.567093,165090,18108,552,biscoito,2b66e5af72,8.4940
30,5,30000,0.838711,0.566081,165093,18109,552,biscoito,0aaa9699c6,8.4107
30,6,30000,0.838711,0.566081,165093,18109,552,biscoito,0aaa9699c6,8.4107
30,7,30000,0.838711,0.566081,165093,18109,552,biscoito,0aaa9699c6,8.4107
30,8,30000,0.838711,0.566081,165093,18109,552,biscoito,0aaa9699c6,8.4107
30,9,30000,0.838935,0.566628,165095,18097,552,biscoito,e88c9a3555,8.4941
30,10,30000,0.838767,0.566034,165075,18099,552,biscoito,16b772f898,8.7458
30,11,30000,0.838719,0.565805,165090,18100,552,biscoito,576f4ef69e,9.6856
30,12,30000,0.838919,0.567730,165096,18103,553,biscoito,8c8ae20ca8,9.0051
30,13,30000,0.838779,0.566545,165102,18091,552,biscoito,5a4744e080,8.7408
30,14,30000,0.838548,0.568094,165035,18081,552,biscoito,e6652e7507,9.4571
30,15,30000,0.838688,0.566263,165107,18090,552,biscoito,d7af260e52,8.5626
30,16,30000,0.838731,0.566084,165092,18108,552,biscoito,e710eade90,8.3953
30,17,30000,0.838739,0.566063,165087,18099,552,biscoito,80b9693f73,8.4864
30,18,30000,0.838847,0.566416,165095,18097,552,biscoito,d41e7e9a24,8.4685
30,19,30000,0.838751,0.565949,165086,18111,552,biscoito,e60c99a561,8.4560
31,0,30000,0.838719,0.565805,165090,18100,552,biscoito,576f4ef69e,9.6856
31,1,30000,0.838731,0.565880,165082,18098,552,biscoito,ee2d86632e,8.8864
31,2,30000,0.838747,0.565923,165082,18111,552,biscoito,6028412d61,8.5291
31,3,30000,0.838731,0.565877,165080,18099,552,biscoito,4718156e5f,9.0552
31,4,30000,0.838879,0.567754,165147,18118,553,biscoito,ae8a04ca47,8.4089
31,5,30000,0.838739,0.566086,165093,18109,552,biscoito,aae15fb6cb,8.6264
31,6,30000,0.838719,0.565942,165086,18110,552,biscoito,7a1f414369,8.9469
31,7,30000,0.838584,0.568683,165013,18144,555,biscoito,80d5de9d70,8.5740
31,8,30000,0.838735,0.566281,165074,18110,552,biscoito,bbd14c375a,8.6510
31,9,30000,0.838715,0.565840,165084,18097,552,biscoito,eeb505624a,8.7937
31,10,30000,0.838731,0.566072,165086,18101,552,biscoito,5469e248b4,8.5293
31,11,30000,0.838739,0.566063,165087,18099,552,biscoito,80b9693f73,8.4864
31,12,30000,0.838739,0.566063,165087,18099,552,biscoito,80b9693f73,8.4864
31,13,30000,0.838755,0.565855,165084,18096,552,biscoito,a463c435d5,8.4157
31,14,30000,0.838672,0.565838,165082,18101,552,biscoito,cec80a0eb8,8.5204
31,15,30000,0.838688,0.565727,165090,18097,552,biscoito,11c625f953,8.5432
31,16,30000,0.838795,0.566873,165052,18100,553,biscoito,09ca32d989,8.5115
31,17,30000,0.838719,0.565805,165090,18100,552,biscoito,576f4ef69e,9.6856
31,18,30000,0.839147,0.568792,165060,18121,554,biscoito,406ee9b5cc,8.4934
31,19,30000,0.838735,0.566082,165094,18110,552,biscoito,116dcf4007,8.8453
32,0,30000,0.838688,0.565727,165090,18097,552,biscoito,11c625f953,8.5432
32,1,30000,0.838739,0.565895,165077,18100,552,biscoito,b0a1cf16f3,9.1174
32,2,30000,0.838703,0.565775,165089,18099,552,biscoito,0454358321,8.5821
32,3,30000,0.838719,0.565805,165090,18100,552,biscoito,576f4ef69e,9.6856
32,4,30000,0.838755,0.565855,165084,18096,552,biscoito,a463c435d5,8.4157
32,5,30000,0.838608,0.565501,165084,18102,552,biscoito,da46f3375e,8.3161
32,6,30000,0.838707,0.565860,165078,18102,552,biscoito,f3e578f45d,8.4474
32,7,30000,0.838688,0.565756,165090,18096,552,biscoito,68a091c55c,8.7342
32,8,30000,0.838703,0.565768,165089,18100,552,biscoito,79115c931c,8.3664
32,9,30000,0.838931,0.565201,165077,18112,552,biscoito,0756fc3bf6,8.6243
32,10,30000,0.839550,0.569427,165107,18120,554,biscoito,9d3923be6f,8.4854
32,11,30000,0.838731,0.565877,165080,18099,552,biscoito,4718156e5f,9.0552
32,12,30000,0.838903,0.565594,165072,18106,552,biscoito,69f22e3f75,8.5565
32,13,30000,0.838755,0.566109,165087,18101,552,biscoito,5ccbb61e49,8.2479
32,14,30000,0.838727,0.565938,165087,18109,552,biscoito,d9587c1a1d,9.1247
32,15,30000,0.838719,0.565805,165090,18100,552,biscoito,576f4ef69e,9.6856
32,16,30000,0.838731,0.565877,165080,18099,552,biscoito,4718156e5f,9.0552
32,17,30000,0.838731,0.565878,165085,18100,552,biscoito,9412b1ea2b,8.5451
32,18,30000,0.838672,0.565836,165082,18100,552,biscoito,aa3328b445,8.5876
32,19,30000,0.838739,0.565895,165085,18100,552,biscoito,3cd7371007,9.5067
33,0,30000,0.838931,0.565201,165077,18112,552,biscoito,0756fc3bf6,8.6243
33,1,30000,0.838584,0.567422,165079,18083,552,biscoito,9a1dec07fa,8.6504
33,2,30000,0.838727,0.566015,165087,18102,552,biscoito,143fa95399,8.8849
33,3,30000,0.838699,0.565826,165092,18103,552,biscoito,a6f5d2736a,8.4796
33,4,30000,0.838779,0.565927,165079,18094,552,biscoito,c8c70ff10b,8.6365
33,5,30000,0.838703,0.565775,165089,18099,552,biscoito,0454358321,8.5821
33,6,30000,0.839167,0.566315,165120,18107,552,biscoito,7275bd487d,9.6721
33,7,30000,0.838779,0.565889,165084,18100,552,biscoito,581a1b0d26,12.1558
33,8,30000,0.838692,0.565754,165090,18097,552,biscoito,c9d83751f8,8.9842
33,9,30000,0.838608,0.565501,165084,18102,552,biscoito,da46f3375e,8.3161
33,10,30000,0.838703,0.565768,165089,18100,552,biscoito,79115c931c,8.3664
33,11,30000,0.838931,0.565201,165077,18112,552,biscoito,0756fc3bf6,8.6243
33,12,30000,0.838719,0.565805,165090,18100,552,biscoito,576f4ef69e,9.6856
33,13,30000,0.838927,0.565979,165064,18106,552,biscoito,a9fb1f5d81,8.6909
33,14,30000,0.838664,0.565806,165096,18098,552,biscoito,8d6885ea48,8.4725
33,15,30000,0.838967,0.565010,165103,18117,552,biscoito,8833218f83,8.7718
33,16,30000,0.838672,0.565836,165082,18100,552,biscoito,aa3328b445,8.5876
33,17,30000,0.838608,0.565501,165084,18102,552,biscoito,da46f3375e,8.3161
33,18,30000,0.838608,0.565501,165084,18102,552,biscoito,da46f3375e,8.3161
33,19,30000,0.838696,0.565754,165089,18098,552,biscoito,d3af40e01f,8.6519
34,0,30000,0.838967,0.565010,165103,18117,552,biscoito,8833218f83,8.7718
34,1,30000,0.838931,0.565201,165077,18112,552,biscoito,0756fc3bf6,8.6243
34,2,30000,0.838723,0.566422,165047,18095,552,biscoito,bcc2c805b7,8.6311
34,3,30000,0.839019,0.565873,165071,18114,552,biscoito,43ed027d17,8.9947
34,4,30000,0.838915,0.564356,165109,18115,552,biscoito,c74b74dd2a,8.3938
34,5,30000,0.838991,0.567520,165124,18106,551,biscoito,0d1de21a2b,8.6075
34,6,30000,0.838608,0.565501,165084,18102,552,biscoito,da46f3375e,8.3161
34,7,30000,0.838719,0.565805,165090,18100,552,biscoito,576f4ef69e,9.6856
34,8,30000,0.838703,0.565768,165089,18100,552,biscoito,79115c931c,8.3664
34,9,30000,0.838967,0.565010,165103,18117,552,biscoito,8833218f83,8.7718
34,10,30000,0.838608,0.565501,165084,18102,552,biscoito,da46f3375e,8.3161
34,11,30000,0.838636,0.565613,165088,18104,552,biscoito,93d2e92319,8.7503
34,12,30000,0.838923,0.565110,165073,18110,552,biscoito,99a08b8ba0,8.6596
34,13,30000,0.838723,0.564608,165112,18115,552,biscoito,eb6f9f9364,8.4599
34,14,30000,0.838859,0.565986,165076,18107,552,biscoito,93b932843a,8.8013
34,15,30000,0.838652,0.565688,165082,18096,552,biscoito,f5a16f624d,8.7282
34,16,30000,0.839015,0.565249,165079,18114,552,biscoito,79ac9af941,10.3959
34,17,30000,0.838827,0.564961,165125,18099,552,biscoito,297a2129da,8.7109
34,18,30000,0.838771,0.565701,165049,18111,552,biscoito,916050a9c9,9.3833
34,19,30000,0.838268,0.566124,165039,18103,552,biscoito,f13a7eb721,8.5130
35,0,30000,0.838915,0.564356,165109,18115,552,biscoito,c74b74dd2a,8.3938
35,1,30000,0.839207,0.567766,165093,18150,553,biscoito,0c80096944,8.6133
35,2,30000,0.838660,0.563146,165101,18108,552,biscoito,7cbfe21b0d,8.7116
35,3,30000,0.838636,0.565613,165088,18104,552,biscoito,93d2e92319,8.7503
35,4,30000,0.838923,0.565110,165073,18110,552,biscoito,99a08b8ba0,8.6596
35,5,30000,0.838967,0.565010,165103,18117,552,biscoito,8833218f83,8.7718
35,6,30000,0.838967,0.565010,165103,18117,552,biscoito,8833218f83,8.7718
35,7,30000,0.838899,0.565324,165077,18114,552,biscoito,ac9823b8c7,8.3780
35,8,30000,0.838624,0.563394,165091,18103,550,biscoito,08a805e11e,8.5332
35,9,30000,0.838931,0.565201,165077,18112,552,biscoito,0756fc3bf6,8.6243
35,10,30000,0.839426,0.565885,165111,18123,553,biscoito,8cd3944548,8.5003
35,11,30000,0.838931,0.565201,165077,18112,552,biscoito,0756fc3bf6,8.6243
35,12,30000,0.838931,0.565201,165077,18112,552,biscoito,0756fc3bf6,8.6243
35,13,30000,0.838771,0.565429,165049,18107,552,biscoito,58cc93f0df,8.6535
35,14,30000,0.838955,0.565236,165091,18123,552,biscoito,f5a8d4b2dc,8.4189
35,15,30000,0.839079,0.565217,165090,18119,552,biscoito,e71fc53a81,8.4875
35,16,30000,0.838715,0.564575,165118,18118,552,biscoito,264b0d576e,8.8913
35,17,30000,0.838656,0.565472,165084,18099,552,biscoito,5d3a136047,9.3741
35,18,30000,0.838819,0.565157,165113,18115,552,biscoito,f013b68afd,8.6759
35,19,30000,0.838723,0.564608,165112,18115,552,biscoito,eb6f9f9364,8.4599
36,0,30000,0.838660,0.563146,165101,18108,552,biscoito,7cbfe21b0d,8.7116
36,1,30000,0.838827,0.564577,165103,18110,552,biscoito,6088e3f46b,8.7565
36,2,30000,0.838616,0.564583,165089,18113,552,biscoito,c9595feb8e,8.6589
36,3,30000,0.838951,0.565218,165074,18111,552,biscoito,0a0ff68e5c,8.7850
36,4,30000,0.838995,0.565220,165082,18112,552,biscoito,d2d28fa8eb,8.4728
36,5,30000,0.838903,0.563323,165093,18111,550,biscoito,8531981ee7,9.3648
36,6,30000,0.838692,0.564455,165073,18100,552,biscoito,150560cdcf,8.4116
36,7,30000,0.838975,0.565013,165110,18123,552,biscoito,d8daa769b8,8.6583
36,8,30000,0.838759,0.563301,165095,18104,552,biscoito,8c0592a7cc,8.6157
36,9,30000,0.838839,0.564288,165089,18113,552,biscoito,667635b2f1,8.4979
36,10,30000,0.838951,0.563847,165094,18120,552,biscoito,5bf07e2c03,8.6421
36,11,30000,0.838931,0.565201,165077,18112,552,biscoito,0756fc3bf6,8.6243
36,12,30000,0.838723,0.564608,165112,18115,552,biscoito,eb6f9f9364,8.4599
36,13,30000,0.838971,0.567137,165066,18125,553,biscoito,80c0c3f4c0,8.4578
36,14,30000,0.838915,0.564356,165109,18115,552,biscoito,c74b74dd2a,8.3938
36,15,30000,0.838715,0.564575,165118,18118,552,biscoito,264b0d576e,8.8913
36,16,30000,0.838931,0.567913,165129,18117,553,biscoito,10782c34dc,8.5491
36,17,30000,0.838819,0.565157,165113,18115,552,biscoito,f013b68afd,8.6759
36,18,30000,0.838723,0.564608,165112,18115,552,biscoito,eb6f9f9364,8.4599
36,19,30000,0.839159,0.563444,165150,18160,550,biscoito,88abb4b6f7,8.3896
37,0,30000,0.838660,0.563146,165101,18108,552,biscoito,7cbfe21b0d,8.7116
37,1,30000,0.838660,0.563146,165101,18108,552,biscoito,7cbfe21b0d,8.7116
37,2,30000,0.838699,0.564183,165110,18128,552,biscoito,e74a3220df,8.5344
37,3,30000,0.839015,0.564037,165094,18124,552,biscoito,f4a67e4348,8.8070
37,4,30000,0.838608,0.563502,165111,18101,552,biscoito,2ceaa9bc4b,8.6054
37,5,30000,0.838939,0.564154,165078,18121,552,biscoito,0f9bd2c4aa,8.4798
37,6,30000,0.838779,0.563552,165130,18107,552,biscoito,aafbcf5fa2,8.5337
37,7,30000,0.838819,0.563489,165090,18117,552,biscoito,49b9952863,8.7757
37,8,30000,0.838779,0.563587,165121,18100,552,biscoito,9dd756601c,8.7226
37,9,30000,0.838759,0.563301,165095,18104,552,biscoito,8c0592a7cc,8.6157
37,10,30000,0.838660,0.563146,165101,18108,552,biscoito,7cbfe21b0d,8.7116
37,11,30000,0.838939,0.562692,165139,18114,551,biscoito,2c291ca571,8.5529
37,12,30000,0.838739,0.564130,165083,18123,553,biscoito,49d0b4dfab,8.6407
37,13,30000,0.839167,0.563555,165117,18122,550,biscoito,27ccd76747,8.6991
37,14,30000,0.839231,0.564545,165109,18185,551,biscoito,28b421105e,8.6193
37,15,30000,0.838648,0.563091,165078,18099,551,biscoito,3915c3af0e,8.7010
37,16,30000,0.839530,0.567772,165059,18148,556,biscoito,7bd2a6448c,8.5354
37,17,30000,0.839478,0.566788,165128,18158,552,biscoito,08fb7e887e,8.4663
37,18,30000,0.838616,0.564583,165089,18113,552,biscoito,c9595feb8e,8.6589
37,19,30000,0.838855,0.563339,165096,18105,552,biscoito,62882a54de,9.0058
38,0,30000,0.838939,0.562692,165139,18114,551,biscoito,2c291ca571,8.5529
38,1,30000,0.838803,0.563592,165120,18100,552,biscoito,a1f5ef8bf0,8.9911
38,2,30000,0.838823,0.564020,165076,18119,553,biscoito,a29c3cad46,8.6439
38,3,30000,0.838759,0.563301,165095,18104,552,biscoito,8c0592a7cc,8.6157
38,4,30000,0.838648,0.563091,165078,18099,551,biscoito,3915c3af0e,8.7010
38,5,30000,0.838807,0.563479,165098,18100,552,biscoito,f419d3c6ca,8.6200
38,6,30000,0.838759,0.563653,165082,18114,554,biscoito,bc62817479,8.9561
38,7,30000,0.838660,0.563146,165101,18108,552,biscoito,7cbfe21b0d,8.7116
38,8,30000,0.838779,0.563552,165130,18107,552,biscoito,aafbcf5fa2,8.5337
38,9,30000,0.838979,0.564101,165102,18125,552,biscoito,3bc14ad1de,8.8532
38,10,30000,0.838783,0.563438,165085,18116,552,biscoito,c115504626,9.3936
38,11,30000,0.838608,0.563105,165089,18103,551,biscoito,28d185db55,11.4613
38,12,30000,0.838967,0.563467,165061,18118,552,biscoito,094258e090,8.7271
38,13,30000,0.838660,0.563146,165101,18108,552,biscoito,7cbfe21b0d,8.7116
38,14,30000,0.838779,0.563587,165121,18100,552,biscoito,9dd756601c,8.7226
38,15,30000,0.838660,0.563146,165101,18108,552,biscoito,7cbfe21b0d,8.7116
38,16,30000,0.838660,0.563146,165101,18108,552,biscoito,7cbfe21b0d,8.7116
38,17,30000,0.838879,0.563050,165075,18106,551,biscoito,104f84d000,8.5623
38,18,30000,0.839047,0.563148,165144,18119,551,biscoito,0c30e754a0,8.5609
38,19,30000,0.838939,0.562692,165139,18114,551,biscoito,2c291ca571,8.5529
39,0,30000,0.838939,0.562692,165139,18114,551,biscoito,2c291ca571,8.5529
39,1,30000,0.838516,0.562926,165098,18096,551,biscoito,1a5cfdca89,9.0129
39,2,30000,0.838652,0.563272,165101,18124,552,biscoito,d3bc8b2fb9,8.5423
39,3,30000,0.838875,0.563527,165148,18126,551,biscoito,ee334622a3,8.4650
39,4,30000,0.838923,0.564907,165091,18109,555,biscoito,3f508c60af,8.5181
39,5,30000,0.838751,0.562490,165108,18109,551,biscoito,3a1badd06f,8.7002
39,6,30000,0.839067,0.566892,165158,18109,552,biscoito,6ae0bad959,8.7148
39,7,30000,0.838939,0.562692,165139,18114,551,biscoito,2c291ca571,8.5529
39,8,30000,0.838939,0.562692,165139,18114,551,biscoito,2c291ca571,8.5529
39,9,30000,0.838939,0.562692,165139,18114,551,biscoito,2c291ca571,8.5529
39,10,30000,0.838939,0.562692,165139,18114,551,biscoito,2c291ca571,8.5529
39,11,30000,0.839091,0.564569,165055,18117,553,biscoito,844d378810,8.9464
39,12,30000,0.838660,0.563146,165101,18108,552,biscoito,7cbfe21b0d,8.7116
39,13,30000,0.839303,0.565001,165022,18137,552,biscoito,8c8fdf4bb1,8.7225
39,14,30000,0.838600,0.562694,165114,18094,551,biscoito,37d73c5d4e,8.6123
39,15,30000,0.838735,0.563456,165219,18131,551,biscoito,da8df32dda,8.6395
39,16,30000,0.838811,0.562573,165091,18100,552,biscoito,5d9b426788,8.6186
39,17,30000,0.838771,0.565242,165091,18098,551,biscoito,f5b0beac4f,8.6700
39,18,30000,0.838727,0.562788,165139,18121,551,biscoito,3f9b2a28c5,8.6769
39,19,30000,0.839071,0.564672,165135,18120,553,biscoito,31d2c1c725,9.1560
40,0,30000,0.838751,0.562490,165108,18109,551,biscoito,3a1badd06f,8.7002
40,1,30000,0.838887,0.562566,165221,18115,551,biscoito,b90484728a,9.3065
40,2,30000,0.838735,0.563276,165098,18108,552,biscoito,6fad08a38a,8.7542
40,3,30000,0.838763,0.563551,165138,18112,552,biscoito,3662e053e8,8.9718
40,4,30000,0.838692,0.562155,165090,18104,551,biscoito,e2f9faf113,9.1841
40,5,30000,0.838496,0.562237,165088,18109,551,biscoito,b6becaabd2,8.7666
40,6,30000,0.838967,0.562957,165102,18122,550,biscoito,3518b7ad2c,8.5068
40,7,30000,0.839251,0.567397,165164,18139,557,biscoito,766578526e,8.9261
40,8,30000,0.838919,0.561127,165125,18112,550,biscoito,8d0f6d2171,8.4483
40,9,30000,0.838939,0.562692,165139,18114,551,biscoito,2c291ca571,8.5529
40,10,30000,0.838875,0.566606,165099,18093,554,biscoito,59e57838d1,8.3068
40,11,30000,0.838811,0.562573,165091,18100,552,biscoito,5d9b426788,8.6186
40,12,30000,0.838811,0.562573,165091,18100,552,biscoito,5d9b426788,8.6186
40,13,30000,0.838871,0.564012,165133,18139,553,biscoito,afa63f2824,9.0944
40,14,30000,0.838504,0.563583,165113,18107,553,biscoito,5fecace59b,8.9113
40,15,30000,0.839119,0.566397,165039,18128,552,biscoito,36a45de88e,8.6228
40,16,30000,0.838987,0.563248,165108,18131,552,biscoito,4889013cfa,8.6089
40,17,30000,0.838767,0.563390,165084,18098,552,biscoito,0428d121e7,9.0836
40,18,30000,0.838727,0.561981,165107,18116,552,biscoito,8409206c2d,8.6358
40,19,30000,0.839035,0.563616,165166,18111,552,biscoito,c1f3721329,8.7572
41,0,30000,0.838919,0.561127,165125,18112,550,biscoito,8d0f6d2171,8.4483
41,1,30000,0.838731,0.563021,165214,18119,550,biscoito,63faf95740,8.6092
41,2,30000,0.838592,0.562364,165071,18114,551,biscoito,7dc3dd34ee,8.9155
41,3,30000,0.838576,0.561977,165120,18109,551,biscoito,e7ee9da42a,8.3903
41,4,30000,0.838767,0.562278,165079,18107,551,biscoito,e5d0308ed3,9.0264
41,5,30000,0.838827,0.561469,165116,18114,551,biscoito,cba07f0c09,8.8101
41,6,30000,0.838795,0.563645,165088,18089,552,biscoito,64b6582258,8.4996
41,7,30000,0.838767,0.564527,165197,18133,553,biscoito,76d324f26e,8.4799
41,8,30000,0.838763,0.563106,165170,18145,552,biscoito,f1cd3ad2c2,8.5655
41,9,30000,0.838807,0.563504,165100,18102,552,biscoito,e8f19e1cec,8.4226
41,10,30000,0.838699,0.561639,165090,18101,551,biscoito,11ffa191d2,8.4098
41,11,30000,0.838779,0.563543,165110,18126,552,biscoito,2369913535,8.7205
41,12,30000,0.838532,0.563346,165084,18109,553,biscoito,75b5fe80b2,8.4945
41,13,30000,0.838600,0.562192,165021,18113,551,biscoito,eafc626125,8.6311
41,14,30000,0.838955,0.563828,165102,18098,553,biscoito,bbc56cf5d6,8.5454
41,15,30000,0.838835,0.564092,165179,18119,552,biscoito,d57f04a2c1,8.5408
41,16,30000,0.838915,0.561496,165047,18118,553,biscoito,e05c1e26fe,8.8005
41,17,30000,0.839003,0.564285,165137,18111,553,biscoito,6577a4a3ba,8.5251
41,18,30000,0.838727,0.561981,165107,18116,552,biscoito,8409206c2d,8.6358
41,19,30000,0.839123,0.562320,165085,18101,551,biscoito,2d360edb3e,8.8017
42,0,30000,0.838919,0.561127,165125,18112,550,biscoito,8d0f6d2171,8.4483
42,1,30000,0.838576,0.563438,165125,18118,553,biscoito,83b6a35d1e,8.7618
42,2,30000,0.838731,0.561242,165110,18108,551,biscoito,6c0c75136a,8.4313
42,3,30000,0.838919,0.561127,165125,18112,550,biscoito,8d0f6d2171,8.4483
42,4,30000,0.838747,0.564832,165099,18134,553,biscoito,577c7fe4c6,8.3708
42,5,30000,0.838731,0.562661,165047,18117,552,biscoito,1aca86148d,8.8410
42,6,30000,0.838939,0.561939,165081,18109,550,biscoito,8affdd51ac,8.5813
42,7,30000,0.838664,0.562350,165070,18110,551,biscoito,c6ef16a7df,8.4952
42,8,30000,0.838668,0.562177,165028,18106,551,biscoito,5529ee9207,9.0052
42,9,30000,0.838727,0.561792,165068,18100,551,biscoito,5417d128a6,8.5480
42,10,30000,0.838416,0.562002,165036,18113,552,biscoito,7b552bd3f4,8.4667
42,11,30000,0.838943,0.562387,165087,18114,551,biscoito,41f1a598fa,8.3848
42,12,30000,0.838915,0.561723,165127,18115,551,biscoito,8a371d625d,8.8227
42,13,30000,0.838672,0.562060,165114,18107,551,biscoito,af0374ccb4,8.6613
42,14,30000,0.839159,0.562815,165105,18104,551,biscoito,8876ed5894,8.3386
42,15,30000,0.839047,0.563482,165131,18151,551,biscoito,fc498573bd,9.2995
42,16,30000,0.838608,0.561350,165061,18135,553,biscoito,2ed27c9f13,8.5855
42,17,30000,0.838380,0.562907,165082,18095,551,biscoito,83dfe28eaa,8.3727
42,18,30000,0.838899,0.563366,165166,18161,555,biscoito,4b75e2bc0f,8.3029
42,19,30000,0.838548,0.562169,165067,18098,551,biscoito,3df107231e,8.7667
43,0,30000,0.838919,0.561127,165125,18112,550,biscoito,8d0f6d2171,8.4483
43,1,30000,0.838743,0.563946,165099,18111,552,biscoito,c3285d996d,8.7716
43,2,30000,0.838791,0.561890,165077,18090,551,biscoito,604ae1e934,8.5878
43,3,30000,0.838735,0.561595,165090,18121,551,biscoito,12422dd95e,8.9588
43,4,30000,0.838779,0.562239,165062,18103,551,biscoito,ce1c0fa63e,8.5884
43,5,30000,0.839255,0.564150,165151,18132,552,biscoito,c6107affbe,8.3985
43,6,30000,0.838731,0.561242,165110,18108,551,biscoito,6c0c75136a,8.4313
43,7,30000,0.838536,0.560677,165112,18095,550,biscoito,4130ebb0dc,8.5580
43,8,30000,0.838692,0.562668,165082,18100,550,biscoito,284d6f23ce,8.5777
43,9,30000,0.838696,0.560847,165119,18112,550,biscoito,baf74894db,8.9213
43,10,30000,0.839227,0.561861,165082,18114,550,biscoito,2bfc190f9b,8.5411
43,11,30000,0.839119,0.563598,165121,18121,553,biscoito,04011c2e5f,8.8486
43,12,30000,0.838544,0.561530,165131,18105,550,biscoito,4983fdacdd,8.3802
43,13,30000,0.838771,0.562465,165146,18147,552,biscoito,f4c8cbb69d,8.2836
43,14,30000,0.839063,0.564310,165114,18143,555,biscoito,392127d4b6,8.6242
43,15,30000,0.838664,0.562350,165070,18110,551,biscoito,c6ef16a7df,8.4952
43,16,30000,0.838919,0.561127,165125,18112,550,biscoito,8d0f6d2171,8.4483
43,17,30000,0.838747,0.561241,165050,18144,552,biscoito,4a7c66070c,8.8014
43,18,30000,0.838739,0.564185,165116,18100,553,biscoito,a5d2907845,8.7058
43,19,30000,0.838644,0.560969,165081,18107,550,biscoito,2dd6096116,8.5824
44,0,30000,0.838536,0.560677,165112,18095,550,biscoito,4130ebb0dc,8.5580
44,1,30000,0.838911,0.561538,165080,18114,550,biscoito,0dbe2470d3,9.1208
44,2,30000,0.838696,0.560847,165119,18112,550,biscoito,baf74894db,8.9213
44,3,30000,0.838644,0.561385,165105,18132,550,biscoito,8d94b587b1,9.4701
44,4,30000,0.839227,0.561485,165064,18134,551,biscoito,4b2e6aaa40,8.9569
44,5,30000,0.838735,0.561635,165066,18113,551,biscoito,824a12788b,8.8652
44,6,30000,0.838727,0.561462,165097,18102,551,biscoito,77edd59d20,8.6615
44,7,30000,0.838867,0.560881,165101,18106,550,biscoito,adc8172669,8.4704
44,8,30000,0.838827,0.564139,165088,18109,551,biscoito,3d1a769492,8.7436
44,9,30000,0.838783,0.561279,165106,18130,552,biscoito,56d4e83664,8.4970
44,10,30000,0.838584,0.561017,165024,18123,550,biscoito,616ae860e4,8.5732
44,11,30000,0.838919,0.561127,165125,18112,550,biscoito,8d0f6d2171,8.4483
44,12,30000,0.838919,0.561127,165125,18112,550,biscoito,8d0f6d2171,8.4483
44,13,30000,0.838480,0.560623,165119,18095,550,biscoito,1eacad3b17,8.5092
44,14,30000,0.838699,0.560843,165053,18099,550,biscoito,177c61fdd8,8.7542
44,15,30000,0.838919,0.561127,165125,18112,550,biscoito,8d0f6d2171,8.4483
44,16,30000,0.838919,0.561127,165125,18112,550,biscoito,8d0f6d2171,8.4483
44,17,30000,0.838859,0.561622,165059,18146,552,biscoito,213e0172fc,8.7084
44,18,30000,0.838660,0.561245,165099,18123,551,biscoito,5954340b4c,9.0641
44,19,30000,0.838911,0.561370,165113,18106,550,biscoito,602abc32e5,9.9199
45,0,30000,0.838480,0.560623,165119,18095,550,biscoito,1eacad3b17,8.5092
45,1,30000,0.838432,0.560560,165091,18107,550,biscoito,6a40d50b0d,12.1935
45,2,30000,0.838680,0.561316,165090,18106,551,biscoito,de99f3f8d3,13.1195
45,3,30000,0.839127,0.562172,165147,18113,551,biscoito,ca1f57f183,13.0504
45,4,30000,0.838696,0.560847,165119,18112,550,biscoito,baf74894db,8.9213
45,5,30000,0.838568,0.560910,165109,18115,550,biscoito,28b316afc6,13.5886
45,6,30000,0.838903,0.560896,165080,18116,550,biscoito,f211c07b65,13.3308
45,7,30000,0.838440,0.560458,165100,18102,550,biscoito,a476ae21d2,12.9756
45,8,30000,0.838719,0.561018,165055,18090,550,biscoito,6a9f4fe5c1,13.1962
45,9,30000,0.838676,0.560936,165124,18095,550,biscoito,89d594e132,13.1401
45,10,30000,0.838771,0.560437,165161,18123,551,biscoito,9505446944,13.0975
45,11,30000,0.838696,0.560847,165119,18112,550,biscoito,baf74894db,8.9213
45,12,30000,0.838696,0.560847,165119,18112,550,biscoito,baf74894db,8.9213
45,13,30000,0.838879,0.560786,165121,18108,550,biscoito,d000b93c5e,13.1844
45,14,30000,0.838767,0.561350,165119,18114,550,biscoito,93f1ae7a84,13.5534
45,15,30000,0.838508,0.560756,165059,18103,550,biscoito,fbec46c766,14.8743
45,16,30000,0.838556,0.560596,165098,18113,550,biscoito,822ec212f2,13.6414
45,17,30000,0.838460,0.561162,165026,18112,550,biscoito,994c39d31c,14.3649
45,18,30000,0.838759,0.560091,165054,18115,549,biscoito,ed160ef20e,13.2839
45,19,30000,0.839003,0.561150,165106,18112,550,biscoito,ba3527687d,13.9755
46,0,30000,0.838759,0.560091,165054,18115,549,biscoito,ed160ef20e,13.2839
46,1,30000,0.838532,0.561172,165084,18100,551,biscoito,cb1570242a,13.3915
46,2,30000,0.838508,0.560756,165059,18103,550,biscoito,fbec46c766,14.8743
46,3,30000,0.839143,0.560518,165055,18133,548,biscoito,4cb473e449,13.9241
46,4,30000,0.838584,0.560940,165064,18102,550,biscoito,887824f738,14.6967
46,5,30000,0.839219,0.563233,165119,18127,551,biscoito,5547e3c1d0,13.5793
46,6,30000,0.838696,0.560847,165119,18112,550,biscoito,baf74894db,8.9213
46,7,30000,0.838560,0.560615,165084,18117,550,biscoito,542925dcc5,13.7232
46,8,30000,0.838664,0.560843,165118,18107,550,biscoito,0267f5bcf0,14.5427
46,9,30000,0.838871,0.560876,165057,18109,550,biscoito,d5a9d42823,13.8019
46,10,30000,0.838652,0.560720,165097,18126,550,biscoito,9e8ff36302,14.2122
46,11,30000,0.838576,0.560648,165109,18091,550,biscoito,49f94fe802,13.2648
46,12,30000,0.838400,0.560442,165096,18118,550,biscoito,02d81ec22b,14.4022
46,13,30000,0.838432,0.560560,165091,18107,550,biscoito,6a40d50b0d,12.1935
46,14,30000,0.838480,0.560623,165119,18095,550,biscoito,1eacad3b17,8.5092
46,15,30000,0.838432,0.560560,165091,18107,550,biscoito,6a40d50b0d,12.1935
46,16,30000,0.838771,0.560437,165161,18123,551,biscoito,9505446944,13.0975
46,17,30000,0.838915,0.560350,165132,18121,551,biscoito,bf350f5cd8,13.3266
46,18,30000,0.838556,0.560812,165132,18115,550,biscoito,9fbf51adc8,12.9557
46,19,30000,0.838480,0.560623,165119,18095,550,biscoito,1eacad3b17,8.5092
47,0,30000,0.838759,0.560091,165054,18115,549,biscoito,ed160ef20e,13.2839
47,1,30000,0.838915,0.560350,165132,18121,551,biscoito,bf350f5cd8,13.3266
47,2,30000,0.838915,0.560350,165132,18121,551,biscoito,bf350f5cd8,13.3266
47,3,30000,0.838624,0.560856,165128,18123,551,biscoito,60ebed3157,13.0944
47,4,30000,0.838484,0.559727,165107,18129,550,biscoito,2654898a63,13.4074
47,5,30000,0.838759,0.560091,165054,18115,549,biscoito,ed160ef20e,13.2839
47,6,30000,0.838915,0.560350,165132,18121,551,biscoito,bf350f5cd8,13.3266
47,7,30000,0.838508,0.559831,165117,18114,549,biscoito,d7f0850e24,13.4973
47,8,30000,0.838715,0.560819,165034,18109,550,biscoito,42477bbe74,13.4994
47,9,30000,0.838668,0.561971,165089,18122,552,biscoito,94b57fd8fa,14.7002
47,10,30000,0.838600,0.560346,165075,18086,551,biscoito,25ca416106,13.1344
47,11,30000,0.838723,0.560044,165049,18106,549,biscoito,1672bd8b81,14.9394
47,12,30000,0.838524,0.560672,165098,18111,550,biscoito,c145fbacf4,13.1724
47,13,30000,0.838356,0.560553,165082,18112,550,biscoito,9cb94f251c,14.9037
47,14,30000,0.838528,0.560513,165126,18104,550,biscoito,07f66dd6fd,13.8080
47,15,30000,0.838923,0.560268,165037,18124,549,biscoito,0bfb69c4cd,14.1764
47,16,30000,0.838300,0.562083,165147,18146,550,biscoito,a3afc23c34,13.2759
47,17,30000,0.838771,0.560437,165161,18123,551,biscoito,9505446944,13.0975
47,18,30000,0.838915,0.560350,165132,18121,551,biscoito,bf350f5cd8,13.3266
47,19,30000,0.838516,0.560878,165100,18100,550,biscoito,95cab77c0a,14.0246
48,0,30000,0.838484,0.559727,165107,18129,550,biscoito,2654898a63,13.4074
48,1,30000,0.838759,0.560091,165054,18115,549,biscoito,ed160ef20e,13.2839
48,2,30000,0.838508,0.559831,165117,18114,549,biscoito,d7f0850e24,13.4973
48,3,30000,0.838823,0.562009,165083,18118,552,biscoito,51b24b1c2c,13.5091
48,4,30000,0.838508,0.559831,165117,18114,549,biscoito,d7f0850e24,13.4973
48,5,30000,0.838771,0.560437,165161,18123,551,biscoito,9505446944,13.0975
48,6,30000,0.838692,0.563729,165132,18126,555,biscoito,228229dfe5,13.7432
48,7,30000,0.838620,0.559193,165130,18141,549,biscoito,50fee0d96b,13.9523
48,8,30000,0.838620,0.560302,165155,18128,551,biscoito,c579136eb5,13.5086
48,9,30000,0.839327,0.561911,165100,18134,551,biscoito,e4218e715d,13.6115
48,10,30000,0.838755,0.559751,165113,18121,549,biscoito,5702911ec0,13.3653
48,11,30000,0.838763,0.560056,165099,18108,550,biscoito,1b8e763ccb,13.8127
48,12,30000,0.838759,0.560147,165129,18125,550,biscoito,3309c4a1ec,13.1767
48,13,30000,0.838715,0.560086,165044,18112,549,biscoito,2931d80999,13.4166
48,14,30000,0.838460,0.559605,165104,18120,550,biscoito,98f2ed0918,12.9404
48,15,30000,0.838959,0.562427,165112,18130,553,biscoito,8ee5453527,13.0296
48,16,30000,0.838915,0.560350,165132,18121,551,biscoito,bf350f5cd8,13.3266
48,17,30000,0.838875,0.560313,165043,18129,549,biscoito,794342d661,13.1264
48,18,30000,0.838851,0.560359,165049,18123,549,biscoito,c23e227c9b,13.0128
48,19,30000,0.838759,0.560091,165054,18115,549,biscoito,ed160ef20e,13.2839
49,0,30000,0.838620,0.559193,165130,18141,549,biscoito,50fee0d96b,13.9523
49,1,30000,0.838688,0.560081,165073,18123,549,biscoito,fae4d525d4,14.1124
49,2,30000,0.838564,0.559986,165104,18114,549,biscoito,2df6528389,13.0090
49,3,30000,0.838468,0.559127,165121,18124,549,biscoito,7d71603db6,13.1660
49,4,30000,0.838612,0.560321,165040,18113,550,biscoito,1ccf5d195a,14.6658
49,5,30000,0.838620,0.560302,165155,18128,551,biscoito,c579136eb5,13.5086
49,6,30000,0.838460,0.559605,165104,18120,550,biscoito,98f2ed0918,12.9404
49,7,30000,0.838480,0.559221,165056,18127,550,biscoito,e8aebd36c8,13.4344
49,8,30000,0.838827,0.559813,165114,18125,549,biscoito,d9acc12742,13.0687
49,9,30000,0.838288,0.559083,165125,18123,549,biscoito,81b866e3d2,13.5056
49,10,30000,0.838739,0.560023,165125,18112,549,biscoito,edd5a60e85,12.9694
49,11,30000,0.839051,0.559010,165099,18146,548,biscoito,f5fe095a46,13.1126
49,12,30000,0.838755,0.559751,165113,18121,549,biscoito,5702911ec0,13.3653
49,13,30000,0.838548,0.560270,165102,18119,551,biscoito,51923ba4c9,13.3634
49,14,30000,0.838508,0.559831,165142,18129,550,biscoito,1f49e0649b,13.4272
49,15,30000,0.838799,0.560059,165051,18122,549,biscoito,5c1340f42b,14.4343
49,16,30000,0.838636,0.559773,165112,18143,550,biscoito,79e4943a3e,12.8986
49,17,30000,0.838759,0.560430,165140,18126,550,biscoito,8082717f08,14.2343
49,18,30000,0.838703,0.559232,165123,18141,549,biscoito,7c110239b5,9.7385
49,19,30000,0.838739,0.560411,165175,18125,550,biscoito,84fd4c959a,8.6970
50,0,30000,0.839051,0.559010,165099,18146,548,biscoito,f5fe095a46,13.1126
50,1,30000,0.838300,0.563568,165061,18142,551,biscoito,e413fec1dd,8.7389
50,2,30000,0.838835,0.556500,165089,18130,548,biscoito,a1bb8d3c18,8.5999
50,3,30000,0.838711,0.560083,165177,18141,550,biscoito,3753d5c334,8.4301
50,4,30000,0.838276,0.559124,165117,18137,549,biscoito,0277336e03,8.8431
50,5,30000,0.838715,0.559807,165108,18120,549,biscoito,95e1f3b49e,8.4364
50,6,30000,0.838284,0.559018,165093,18138,549,biscoito,8785e13ac4,8.4570
50,7,30000,0.838572,0.559822,165159,18133,550,biscoito,191ee060c2,9.5197
50,8,30000,0.838536,0.559945,165154,18129,550,biscoito,aca3f9bb86,10.5951
50,9,30000,0.838444,0.558464,165117,18118,549,biscoito,70aa9ea3ef,10.2856
50,10,30000,0.839055,0.562992,165062,18137,552,biscoito,a15a31d1ba,9.4923
50,11,30000,0.838620,0.559193,165130,18141,549,biscoito,50fee0d96b,13.9523
50,12,30000,0.838480,0.559221,165056,18127,550,biscoito,e8aebd36c8,13.4344
50,13,30000,0.838963,0.560595,165094,18170,550,biscoito,0b5c8938cf,8.9568
50,14,30000,0.838767,0.557891,165119,18118,548,biscoito,ee3861cc53,8.8156
50,15,30000,0.838608,0.559406,165125,18137,549,biscoito,ae6348fd36,8.8317
50,16,30000,0.838488,0.559023,165129,18127,549,biscoito,7dee19abbb,9.0405
50,17,30000,0.838644,0.559787,165111,18141,550,biscoito,4845152f10,8.4827
50,18,30000,0.838536,0.563912,165090,18137,551,biscoito,5dd1001bb4,8.9099
50,19,30000,0.838703,0.559232,165123,18141,549,biscoito,7c110239b5,9.7385
51,0,30000,0.838835,0.556500,165089,18130,548,biscoito,a1bb8d3c18,8.5999
51,1,30000,0.838715,0.559807,165108,18120,549,biscoito,95e1f3b49e,8.4364
51,2,30000,0.838444,0.558464,165117,18118,549,biscoito,70aa9ea3ef,10.2856
51,3,30000,0.838979,0.558168,165094,18124,549,biscoito,9592ddac41,9.0658
51,4,30000,0.838308,0.556802,165110,18124,548,biscoito,79672686a8,8.6785
51,5,30000,0.839083,0.557183,165079,18146,547,biscoito,3f78957ee8,8.6544
51,6,30000,0.838867,0.559018,165106,18146,549,biscoito,f1e564af20,9.0086
51,7,30000,0.838648,0.559667,165121,18136,549,biscoito,2b91b3223d,8.5496
51,8,30000,0.838851,0.558142,165087,18137,548,biscoito,1a5aa14f81,8.3920
51,9,30000,0.839051,0.559010,165099,18146,548,biscoito,f5fe095a46,13.1126
51,10,30000,0.838284,0.559018,165093,18138,549,biscoito,8785e13ac4,8.4570
51,11,30000,0.838420,0.559134,165134,18138,549,biscoito,5ac0f36298,8.3148
51,12,30000,0.838516,0.559642,165152,18135,550,biscoito,5ca031a591,8.7062
51,13,30000,0.838835,0.558006,165080,18134,549,biscoito,a04a7e572c,8.8034
51,14,30000,0.838612,0.558927,165137,18125,549,biscoito,f31b02c8b1,8.3332
51,15,30000,0.838488,0.559023,165129,18127,549,biscoito,7dee19abbb,9.0405
51,16,30000,0.838488,0.559023,165129,18127,549,biscoito,7dee19abbb,9.0405
51,17,30000,0.838672,0.559209,165075,18135,549,biscoito,0b75b55eab,9.4696
51,18,30000,0.838328,0.556244,165102,18127,547,biscoito,038e7f904e,8.6977
51,19,30000,0.839023,0.560402,165071,18140,548,biscoito,254fe14dd2,8.7113
52,0,30000,0.838328,0.556244,165102,18127,547,biscoito,038e7f904e,8.6977
52,1,30000,0.839351,0.557780,165092,18173,545,biscoito,600f2bf529,8.9955
52,2,30000,0.838851,0.558142,165087,18137,548,biscoito,1a5aa14f81,8.3920
52,3,30000,0.839083,0.557183,165079,18146,547,biscoito,3f78957ee8,8.6544
52,4,30000,0.839390,0.559223,165070,18158,548,biscoito,8f38c32963,9.0053
52,5,30000,0.839083,0.557183,165079,18146,547,biscoito,3f78957ee8,8.6544
52,6,30000,0.839051,0.559010,165099,18146,548,biscoito,f5fe095a46,13.1126
52,7,30000,0.838719,0.560217,165121,18138,551,biscoito,da9cb40cbc,8.5963
52,8,30000,0.838851,0.558142,165087,18137,548,biscoito,1a5aa14f81,8.3920
52,9,30000,0.838564,0.559579,165151,18133,550,biscoito,77e92777b4,8.6069
52,10,30000,0.839039,0.556986,165085,18144,547,biscoito,bea9ba092b,8.9111
52,11,30000,0.838703,0.557049,165063,18139,547,biscoito,90d82109e6,8.4227
52,12,30000,0.838604,0.558046,165137,18122,548,biscoito,789b950c0e,8.4944
52,13,30000,0.838959,0.558173,165121,18131,549,biscoito,95a0643da9,8.9846
52,14,30000,0.838819,0.556431,165078,18129,548,biscoito,ef8663ec6b,8.7375
52,15,30000,0.838612,0.558927,165137,18125,549,biscoito,f31b02c8b1,8.3332
52,16,30000,0.838464,0.559295,165112,18126,549,biscoito,8f9ee679fa,8.4977
52,17,30000,0.838835,0.558006,165080,18134,549,biscoito,a04a7e572c,8.8034
52,18,30000,0.838835,0.556500,165089,18130,548,biscoito,a1bb8d3c18,8.5999
52,19,30000,0.838544,0.559377,165117,18134,549,biscoito,c8c2794fa7,8.4644
53,0,30000,0.838328,0.556244,165102,18127,547,biscoito,038e7f904e,8.6977
53,1,30000,0.838983,0.556995,165083,18138,547,biscoito,1080581f62,8.9365
53,2,30000,0.839414,0.557778,165094,18179,545,biscoito,7ba031bcd4,8.4650
53,3,30000,0.839095,0.557003,165092,18148,547,biscoito,335c11efe7,8.5329
53,4,30000,0.838835,0.556515,165071,18134,548,biscoito,9bc11fb9b7,8.8144
53,5,30000,0.839083,0.557183,165079,18146,547,biscoito,3f78957ee8,8.6544
53,6,30000,0.839083,0.557183,165079,18146,547,biscoito,3f78957ee8,8.6544
53,7,30000,0.838851,0.558142,165087,18137,548,biscoito,1a5aa14f81,8.3920
53,8,30000,0.838604,0.558046,165137,18122,548,biscoito,789b950c0e,8.4944
53,9,30000,0.838771,0.556442,165078,18126,548,biscoito,d5d12fd521,8.6047
53,10,30000,0.839418,0.557790,165093,18174,545,biscoito,3253f14c52,8.6211
53,11,30000,0.839039,0.556986,165085,18144,547,biscoito,bea9ba092b,8.9111
53,12,30000,0.839039,0.556986,165085,18144,547,biscoito,bea9ba092b,8.9111
53,13,30000,0.838819,0.556431,165078,18129,548,biscoito,ef8663ec6b,8.7375
53,14,30000,0.838703,0.557049,165063,18139,547,biscoito,90d82109e6,8.4227
53,15,30000,0.838819,0.556431,165078,18129,548,biscoito,ef8663ec6b,8.7375
53,16,30000,0.838819,0.556431,165078,18129,548,biscoito,ef8663ec6b,8.7375
53,17,30000,0.838632,0.556109,165045,18126,548,biscoito,e3650fbd0d,8.8502
53,18,30000,0.838432,0.556246,165128,18132,547,biscoito,f8bd35f8b9,8.5688
53,19,30000,0.839083,0.557183,165079,18146,547,biscoito,3f78957ee8,8.6544
54,0,30000,0.838632,0.556109,165045,18126,548,biscoito,e3650fbd0d,8.8502
54,1,30000,0.838819,0.556431,165078,18129,548,biscoito,ef8663ec6b,8.7375
54,2,30000,0.838632,0.556109,165045,18126,548,biscoito,e3650fbd0d,8.8502
54,3,30000,0.838999,0.556787,165099,18143,547,biscoito,344a9047fe,8.7822
54,4,30000,0.838835,0.556452,165073,18132,548,biscoito,62f19c601b,8.6802
54,5,30000,0.838771,0.556442,165078,18126,548,biscoito,d5d12fd521,8.6047
54,6,30000,0.838328,0.556244,165102,18127,547,biscoito,038e7f904e,8.6977
54,7,30000,0.839510,0.557868,165120,18184,545,biscoito,d46a13f808,8.9953
54,8,30000,0.838524,0.556065,165052,18125,548,biscoito,7657b18282,8.4998
54,9,30000,0.838947,0.556277,165054,18148,547,biscoito,9fd160416f,8.3216
54,10,30000,0.838783,0.556393,165085,18131,548,biscoito,c939b6a7c1,8.6981
54,11,30000,0.838767,0.556539,165068,18144,548,biscoito,45f3c1bdfb,8.3971
54,12,30000,0.838412,0.557037,165102,18133,548,biscoito,f193f4453d,8.4076
54,13,30000,0.838680,0.556563,165050,18136,548,biscoito,16c4ff24f5,8.4678
54,14,30000,0.838807,0.556880,165089,18132,547,biscoito,b1c02c6c1a,8.4963
54,15,30000,0.838715,0.556220,165051,18133,548,biscoito,e0373db7fd,8.5011
54,16,30000,0.838755,0.556537,165075,18129,548,biscoito,c6cf844452,8.3245
54,17,30000,0.839095,0.557003,165092,18148,547,biscoito,335c11efe7,8.5329
54,18,30000,0.838819,0.556431,165078,18129,548,biscoito,ef8663ec6b,8.7375
54,19,30000,0.838859,0.555752,165035,18125,546,biscoito,8031e47cc1,10.6252
55,0,30000,0.838859,0.555752,165035,18125,546,biscoito,8031e47cc1,10.6252
55,1,30000,0.838823,0.556412,165028,18138,547,biscoito,660980c319,9.8626
55,2,30000,0.839059,0.555704,165061,18134,546,biscoito,96eed3c0f6,9.3556
55,3,30000,0.838763,0.556465,165063,18118,548,biscoito,3a3f568fe1,8.6986
55,4,30000,0.838991,0.559348,165086,18123,550,biscoito,0b49667de4,9.3258
55,5,30000,0.839055,0.556933,165047,18132,547,biscoito,1a25645357,8.6003
55,6,30000,0.838987,0.558735,165027,18141,551,biscoito,7da577c9f9,9.0479
55,7,30000,0.838684,0.556331,165052,18127,548,biscoito,eb957e1ee4,8.8414
55,8,30000,0.838923,0.555676,165033,18123,546,biscoito,4c32bc3f84,8.3088
55,9,30000,0.838696,0.556066,165058,18123,548,biscoito,d6d0255560,8.4640
55,10,30000,0.838771,0.556617,165081,18140,548,biscoito,8d2caaa2dd,8.9167
55,11,30000,0.838560,0.556223,165121,18131,548,biscoito,18d5af711b,8.4036
55,12,30000,0.838807,0.555634,165059,18141,546,biscoito,d68617494c,8.6297
55,13,30000,0.838560,0.556103,165056,18128,548,biscoito,859b56f7e3,9.2087
55,14,30000,0.838703,0.556264,165055,18132,548,biscoito,b2566924f1,8.6893
55,15,30000,0.838715,0.556220,165051,18133,548,biscoito,e0373db7fd,8.5011
55,16,30000,0.838715,0.556220,165051,18133,548,biscoito,e0373db7fd,8.5011
55,17,30000,0.838771,0.556433,165011,18138,548,biscoito,5d27178214,8.4973
55,18,30000,0.838612,0.555389,165076,18113,546,biscoito,42d1d7f09a,8.5437
55,19,30000,0.838811,0.556481,165086,18123,548,biscoito,b9e0526900,8.9061
56,0,30000,0.838612,0.555389,165076,18113,546,biscoito,42d1d7f09a,8.5437
56,1,30000,0.838787,0.556622,165045,18132,548,biscoito,688540157e,8.6286
56,2,30000,0.838608,0.555214,165039,18116,546,biscoito,893ed87b61,9.8178
56,3,30000,0.838612,0.555389,165076,18113,546,biscoito,42d1d7f09a,8.5437
56,4,30000,0.838612,0.555389,165076,18113,546,biscoito,42d1d7f09a,8.5437
56,5,30000,0.838596,0.556217,165062,18125,548,biscoito,676dbe02f4,11.2980
56,6,30000,0.838811,0.555551,165087,18148,545,biscoito,07d0f2cefb,10.4194
56,7,30000,0.838907,0.556898,165048,18133,548,biscoito,45cb6bd884,10.7609
56,8,30000,0.839111,0.558353,165089,18150,548,biscoito,ac507eaa3c,9.2708
56,9,30000,0.838564,0.555440,165077,18132,546,biscoito,65de35bc8c,8.7389
56,10,30000,0.838699,0.555635,165106,18111,546,biscoito,9ebded810c,8.6927
56,11,30000,0.838612,0.555389,165076,18113,546,biscoito,42d1d7f09a,8.5437
56,12,30000,0.838612,0.555389,165076,18113,546,biscoito,42d1d7f09a,8.5437
56,13,30000,0.838995,0.555628,165050,18126,547,biscoito,7116132f84,8.8577
56,14,30000,0.839031,0.556731,165064,18127,547,biscoito,5e3610f4fb,8.4866
56,15,30000,0.838560,0.555943,165043,18129,548,biscoito,f98cd9a674,8.5644
56,16,30000,0.838963,0.555658,165040,18117,546,biscoito,5d41819561,8.4498
56,17,30000,0.838640,0.555354,165068,18104,546,biscoito,980a1280e9,8.8552
56,18,30000,0.838871,0.555729,165042,18122,546,biscoito,9fa3ffde52,8.4871
56,19,30000,0.838672,0.554908,165053,18128,546,biscoito,05fb3cdf25,8.6553
57,0,30000,0.838672,0.554908,165053,18128,546,biscoito,05fb3cdf25,8.6553
57,1,30000,0.838648,0.554928,165053,18115,546,biscoito,bae2ecbdd9,9.1927
57,2,30000,0.838636,0.555493,165079,18117,546,biscoito,172ea57d09,9.1558
57,3,30000,0.838640,0.555354,165068,18104,546,biscoito,980a1280e9,8.8552
57,4,30000,0.838640,0.555354,165068,18104,546,biscoito,980a1280e9,8.8552
57,5,30000,0.838612,0.555389,165076,18113,546,biscoito,42d1d7f09a,8.5437
57,6,30000,0.838612,0.555389,165076,18113,546,biscoito,42d1d7f09a,8.5437
57,7,30000,0.838723,0.558034,165097,18129,548,biscoito,adf72e46d1,8.4523
57,8,30000,0.838564,0.555397,165079,18113,546,biscoito,cd1e1d4281,8.6581
57,9,30000,0.839223,0.556679,165077,18101,545,biscoito,9e0165591b,8.7527
57,10,30000,0.838624,0.555407,165073,18115,546,biscoito,145ae74aec,9.0549
57,11,30000,0.838871,0.555729,165042,18122,546,biscoito,9fa3ffde52,8.4871
57,12,30000,0.838839,0.557598,165138,18122,548,biscoito,86665925fc,8.7836
57,13,30000,0.838564,0.555313,165066,18110,546,biscoito,4496e045a9,8.7618
57,14,30000,0.838668,0.555264,165043,18107,546,biscoito,3d8bde8434,8.6935
57,15,30000,0.838843,0.555865,165067,18126,547,biscoito,11611c6aa8,8.4993
57,16,30000,0.838480,0.556175,165035,18119,548,biscoito,e43ce57755,8.5536
57,17,30000,0.838564,0.555058,165031,18132,546,biscoito,32cbdeb156,8.4412
57,18,30000,0.838719,0.555526,165086,18124,546,biscoito,9ce731ace0,8.4175
57,19,30000,0.838444,0.555415,165035,18131,546,biscoito,3b3885ab26,9.0246
58,0,30000,0.838672,0.554908,165053,18128,546,biscoito,05fb3cdf25,8.6553
58,1,30000,0.838588,0.554898,165063,18114,546,biscoito,38e23841f3,8.4950
58,2,30000,0.838955,0.559082,165130,18104,548,biscoito,e4668378a0,8.3989
58,3,30000,0.838664,0.555596,165055,18122,546,biscoito,f33f54c497,8.3943
58,4,30000,0.838644,0.555583,165081,18111,546,biscoito,a2d061b2a1,8.6941
58,5,30000,0.838719,0.555502,165074,18112,546,biscoito,4387f3ce40,8.5455
58,6,30000,0.838644,0.555347,165043,18117,546,biscoito,8ef973f4d5,8.6100
58,7,30000,0.838612,0.555389,165076,18113,546,biscoito,42d1d7f09a,8.5437
58,8,30000,0.838600,0.554855,165045,18112,546,biscoito,ece229ca05,8.7227
58,9,30000,0.838672,0.554908,165053,18128,546,biscoito,05fb3cdf25,8.6553
58,10,30000,0.838564,0.555313,165066,18110,546,biscoito,4496e045a9,8.7618
58,11,30000,0.838624,0.555232,165062,18106,546,biscoito,267c0c5624,8.4776
58,12,30000,0.838612,0.555432,165079,18113,546,biscoito,42d18ed10e,8.5627
58,13,30000,0.838624,0.555299,165021,18116,546,biscoito,cebbdfbd31,8.5966
58,14,30000,0.838652,0.554894,165027,18130,546,biscoito,19f479ed37,8.5984
58,15,30000,0.838496,0.555609,165038,18110,547,biscoito,aacd50640b,8.5630
58,16,30000,0.838480,0.555759,165022,18142,547,biscoito,31b03c86ba,8.5650
58,17,30000,0.838672,0.554908,165053,18128,546,biscoito,05fb3cdf25,8.6553
58,18,30000,0.838612,0.555389,165076,18113,546,biscoito,42d1d7f09a,8.5437
58,19,30000,0.838584,0.555261,165043,18111,546,biscoito,4ddfc1c164,8.5887
59,0,30000,0.838600,0.554855,165045,18112,546,biscoito,ece229ca05,8.7227
59,1,30000,0.838715,0.555453,165043,18121,546,biscoito,0ccd45c1de,8.6331
59,2,30000,0.838923,0.556454,164991,18119,547,biscoito,16b4c64aad,8.5127
59,3,30000,0.838672,0.554908,165053,18128,546,biscoito,05fb3cdf25,8.6553
59,4,30000,0.838672,0.554908,165053,18128,546,biscoito,05fb3cdf25,8.6553
59,5,30000,0.838763,0.554687,165044,18125,546,biscoito,d5f6bf8b30,8.5357
59,6,30000,0.838723,0.555370,165020,18116,546,biscoito,accb0cc79d,9.3177
59,7,30000,0.838596,0.554758,165061,18117,546,biscoito,d8bb345189,8.5453
59,8,30000,0.838863,0.556213,165091,18118,546,biscoito,9026be8cd0,8.5404
59,9,30000,0.838620,0.554905,165043,18126,546,biscoito,da67debfc8,9.2105
59,10,30000,0.838660,0.554888,165038,18117,546,biscoito,363e027600,8.4754
59,11,30000,0.838612,0.555012,165068,18122,548,biscoito,ef0cc5f754,8.5688
59,12,30000,0.838604,0.555389,165082,18114,546,biscoito,e029f1a6c2,8.9633
59,13,30000,0.838811,0.555968,164982,18135,546,biscoito,9c1add22cb,8.8008
59,14,30000,0.838564,0.555313,165066,18110,546,biscoito,4496e045a9,8.7618
59,15,30000,0.838612,0.554949,165015,18124,546,biscoito,2551fdad05,8.6389
59,16,30000,0.838680,0.555192,165079,18110,546,biscoito,a289581842,8.7009
59,17,30000,0.838572,0.555133,165030,18113,546,biscoito,94f4b6907b,9.4828
59,18,30000,0.838644,0.554867,165043,18118,546,biscoito,7ec8345a63,9.0246
59,19,30000,0.838596,0.554849,165047,18111,546,biscoito,63e0b3cf42,8.8344
60,0,30000,0.838763,0.554687,165044,18125,546,biscoito,d5f6bf8b30,8.5357
60,1,30000,0.838664,0.554902,165026,18109,546,biscoito,b6eac2223d,8.8651
60,2,30000,0.838588,0.554802,165013,18119,546,biscoito,d402563055,8.3963
60,3,30000,0.838644,0.554938,165030,18113,546,biscoito,299f3baab1,8.4210
60,4,30000,0.838696,0.554973,165033,18118,546,biscoito,42efa229f1,8.7812
60,5,30000,0.838883,0.555026,165050,18130,546,biscoito,bb575b740b,8.3801
60,6,30000,0.838684,0.554692,165051,18125,546,biscoito,221cde72fc,8.4181
60,7,30000,0.838596,0.554849,165047,18111,546,biscoito,63e0b3cf42,8.8344
60,8,30000,0.838596,0.554849,165047,18111,546,biscoito,63e0b3cf42,8.8344
60,9,30000,0.838707,0.554984,165055,18117,546,biscoito,4a137ece97,8.5632
60,10,30000,0.838668,0.554935,165037,18137,546,biscoito,c1d779fbdc,8.7546
60,11,30000,0.838596,0.554758,165061,18117,546,biscoito,d8bb345189,8.5453
60,12,30000,0.838763,0.554687,165044,18125,546,biscoito,d5f6bf8b30,8.5357
60,13,30000,0.838572,0.555133,165030,18113,546,biscoito,94f4b6907b,9.4828
60,14,30000,0.838572,0.555133,165030,18113,546,biscoito,94f4b6907b,9.4828
60,15,30000,0.838612,0.554949,165015,18124,546,biscoito,2551fdad05,8.6389
60,16,30000,0.838620,0.554905,165043,18126,546,biscoito,da67debfc8,9.2105
60,17,30000,0.839311,0.555804,165049,18122,547,biscoito,3deb2888bb,8.5079
60,18,30000,0.838680,0.554735,165026,18115,546,biscoito,f1e7eca6d7,8.7118
60,19,30000,0.838696,0.554783,165020,18125,550,biscoito,bdd9dea8b4,8.6945
61,0,30000,0.838763,0.554687,165044,18125,546,biscoito,d5f6bf8b30,8.5357
61,1,30000,0.838512,0.555042,165036,18121,546,biscoito,118d868b21,8.4224
61,2,30000,0.838596,0.554849,165047,18111,546,biscoito,63e0b3cf42,8.8344
61,3,30000,0.838576,0.554375,165030,18113,546,biscoito,f7de72abeb,8.4415
61,4,30000,0.838871,0.555330,165055,18141,546,biscoito,e23db9e0c9,9.7181
61,5,30000,0.839299,0.556306,164997,18153,548,biscoito,8fe5ebac38,9.0434
61,6,30000,0.838680,0.554735,165026,18115,546,biscoito,f1e7eca6d7,8.7118
61,7,30000,0.838684,0.554692,165051,18125,546,biscoito,221cde72fc,8.4181
61,8,30000,0.838763,0.554687,165044,18125,546,biscoito,d5f6bf8b30,8.5357
61,9,30000,0.838560,0.555059,165036,18126,547,biscoito,d0c348fd91,8.5407
61,10,30000,0.838592,0.555425,165051,18132,550,biscoito,ecd143143d,8.6256
61,11,30000,0.838747,0.556176,165013,18139,547,biscoito,c0cf8199ab,9.0753
61,12,30000,0.838596,0.555019,165029,18108,546,biscoito,c6905f6824,8.3976
61,13,30000,0.838588,0.554802,165013,18119,546,biscoito,d402563055,8.3963
61,14,30000,0.838420,0.554689,165010,18113,546,biscoito,33f56c9e5d,8.5125
61,15,30000,0.838564,0.554717,165043,18109,546,biscoito,6631502cd4,8.6114
61,16,30000,0.838640,0.554761,165043,18118,546,biscoito,a90d7b48c6,8.6037
61,17,30000,0.838763,0.554687,165044,18125,546,biscoito,d5f6bf8b30,8.5357
61,18,30000,0.838763,0.554687,165044,18125,546,biscoito,d5f6bf8b30,8.5357
61,19,30000,0.838404,0.555642,165046,18144,547,biscoito,d55e38a0c3,8.4470
62,0,30000,0.838576,0.554375,165030,18113,546,biscoito,f7de72abeb,8.4415
62,1,30000,0.838775,0.554442,164989,18123,546,biscoito,49b067788b,8.5434
62,2,30000,0.838356,0.554279,165000,18119,546,biscoito,b9418ba49f,9.2156
62,3,30000,0.838564,0.554807,165043,18103,546,biscoito,22e44ce10a,8.5347
62,4,30000,0.838755,0.554831,165035,18127,546,biscoito,5224999f83,8.2664
62,5,30000,0.838672,0.555364,165003,18121,547,biscoito,e85e408ee4,8.7768
62,6,30000,0.838775,0.554276,165056,18116,546,biscoito,8b046743ae,8.5680
62,7,30000,0.838464,0.554276,165079,18113,545,biscoito,cf8ea3c6c8,8.3467
62,8,30000,0.838612,0.554418,165026,18123,546,biscoito,295b7b609d,8.5107
62,9,30000,0.838680,0.554735,165026,18115,546,biscoito,f1e7eca6d7,8.7118
62,10,30000,0.838640,0.554761,165043,18118,546,biscoito,a90d7b48c6,8.6037
62,11,30000,0.838420,0.554689,165010,18113,546,biscoito,33f56c9e5d,8.5125
62,12,30000,0.839151,0.556997,165027,18137,548,biscoito,d4f153d124,8.9638
62,13,30000,0.838652,0.554310,165021,18115,546,biscoito,91eccb15a0,8.9413
62,14,30000,0.838428,0.554804,165026,18119,546,biscoito,00d8808487,8.2716
62,15,30000,0.838284,0.555378,165017,18097,546,biscoito,8ec877c50a,8.5453
62,16,30000,0.838576,0.554375,165030,18113,546,biscoito,f7de72abeb,8.4415
62,17,30000,0.838420,0.554689,165010,18113,546,biscoito,33f56c9e5d,8.5125
62,18,30000,0.838632,0.556690,164980,18102,548,biscoito,c9fb7b1bbd,8.6125
62,19,30000,0.838763,0.554687,165044,18125,546,biscoito,d5f6bf8b30,8.5357
63,0,30000,0.838775,0.554276,165056,18116,546,biscoito,8b046743ae,8.5680
63,1,30000,0.838971,0.558052,165010,18118,547,biscoito,f51589066b,8.6897
63,2,30000,0.838340,0.554566,165027,18113,546,biscoito,02670c2b77,8.6243
63,3,30000,0.838763,0.554687,165044,18125,546,biscoito,d5f6bf8b30,8.5357
63,4,30000,0.838488,0.555818,165009,18142,546,biscoito,71ba184f52,8.4551
63,5,30000,0.838344,0.552764,165021,18101,545,biscoito,5d08f96f9f,8.3253
63,6,30000,0.838787,0.555516,165064,18132,546,biscoito,a6692422e4,8.4042
63,7,30000,0.838612,0.554418,165026,18123,546,biscoito,295b7b609d,8.5107
63,8,30000,0.838612,0.554418,165026,18123,546,biscoito,295b7b609d,8.5107
63,9,30000,0.838504,0.554540,165045,18110,546,biscoito,4a320fccff,8.6344
63,10,30000,0.838576,0.554870,164987,18126,546,biscoito,2c2b971aa8,8.7646
63,11,30000,0.838464,0.554276,165079,18113,545,biscoito,cf8ea3c6c8,8.3467
63,12,30000,0.838464,0.554276,165079,18113,545,biscoito,cf8ea3c6c8,8.3467
63,13,30000,0.838771,0.555301,164999,18128,547,biscoito,627d53232a,8.6136
63,14,30000,0.838536,0.554312,165022,18112,546,biscoito,3ef90cedc8,8.7408
63,15,30000,0.838460,0.553221,165004,18105,545,biscoito,098a3ba996,8.5240
63,16,30000,0.839071,0.556722,165069,18117,547,biscoito,4647667216,8.5035
63,17,30000,0.838348,0.554363,165006,18115,546,biscoito,9a1698ace6,8.5626
63,18,30000,0.838580,0.554162,165009,18118,546,biscoito,fc178b1c72,8.8218
63,19,30000,0.838356,0.554279,165000,18119,546,biscoito,b9418ba49f,9.2156
64,0,30000,0.838344,0.552764,165021,18101,545,biscoito,5d08f96f9f,8.3253
64,1,30000,0.838612,0.554418,165026,18123,546,biscoito,295b7b609d,8.5107
64,2,30000,0.838612,0.554418,165026,18123,546,biscoito,295b7b609d,8.5107
64,3,30000,0.838580,0.554162,165009,18118,546,biscoito,fc178b1c72,8.8218
64,4,30000,0.838580,0.554162,165009,18118,546,biscoito,fc178b1c72,8.8218
64,5,30000,0.838835,0.555230,165065,18120,547,biscoito,d383b27e71,8.6322
64,6,30000,0.838512,0.552924,165030,18127,545,biscoito,8d23336073,8.4251
64,7,30000,0.838548,0.554333,165013,18111,546,biscoito,943fc886b3,8.9119
64,8,30000,0.838244,0.552721,165080,18106,544,biscoito,17e0fa2267,8.3794
64,9,30000,0.838488,0.555129,165029,18122,547,biscoito,7e92a6193f,8.4844
64,10,30000,0.838624,0.553551,164944,18111,545,biscoito,4124a5df1d,8.4827
64,11,30000,0.838548,0.554397,165062,18115,545,biscoito,da4df399a6,8.8248
64,12,30000,0.838723,0.554642,165074,18119,546,biscoito,7988e1057e,8.5499
64,13,30000,0.838344,0.552764,165021,18101,545,biscoito,5d08f96f9f,8.3253
64,14,30000,0.838536,0.554312,165022,18112,546,biscoito,3ef90cedc8,8.7408
64,15,30000,0.838356,0.554279,165000,18119,546,biscoito,b9418ba49f,9.2156
64,16,30000,0.838775,0.554276,165056,18116,546,biscoito,8b046743ae,8.5680
64,17,30000,0.838464,0.554276,165079,18113,545,biscoito,cf8ea3c6c8,8.3467
64,18,30000,0.838464,0.554276,165079,18113,545,biscoito,cf8ea3c6c8,8.3467
64,19,30000,0.838328,0.555162,164996,18135,548,biscoito,c0356b84bc,8.9044
65,0,30000,0.838244,0.552721,165080,18106,544,biscoito,17e0fa2267,8.3794
65,1,30000,0.838512,0.552924,165030,18127,545,biscoito,8d23336073,8.4251
65,2,30000,0.838512,0.552924,165030,18127,545,biscoito,8d23336073,8.4251
65,3,30000,0.838308,0.553980,165022,18113,546,biscoito,2cc2a5ed77,9.4404
65,4,30000,0.838636,0.553546,165001,18108,545,biscoito,11243ade58,9.3449
65,5,30000,0.838584,0.554007,165025,18101,546,biscoito,c8430e7333,8.5481
65,6,30000,0.838484,0.552830,165057,18112,545,biscoito,6278813670,8.6883
65,7,30000,0.838344,0.552764,165021,18101,545,biscoito,5d08f96f9f,8.3253
65,8,30000,0.838344,0.552764,165021,18101,545,biscoito,5d08f96f9f,8.3253
65,9,30000,0.838152,0.552741,165054,18106,544,biscoito,2d587017f8,8.4649
65,10,30000,0.838352,0.552456,165037,18097,545,biscoito,195fa1274b,8.2049
65,11,30000,0.838244,0.552721,165080,18106,544,biscoito,17e0fa2267,8.3794
65,12,30000,0.838775,0.554276,165056,18116,546,biscoito,8b046743ae,8.5680
65,13,30000,0.838344,0.552764,165021,18101,545,biscoito,5d08f96f9f,8.3253
65,14,30000,0.838356,0.554279,165000,18119,546,biscoito,b9418ba49f,9.2156
65,15,30000,0.838624,0.553551,164944,18111,545,biscoito,4124a5df1d,8.4827
65,16,30000,0.838548,0.554397,165062,18115,545,biscoito,da4df399a6,8.8248
65,17,30000,0.838580,0.554162,165009,18118,546,biscoito,fc178b1c72,8.8218
65,18,30000,0.838344,0.552764,165021,18101,545,biscoito,5d08f96f9f,8.3253
65,19,30000,0.838440,0.553951,165089,18090,547,biscoito,335aa13c20,8.5726
66,0,30000,0.838352,0.552456,165037,18097,545,biscoito,195fa1274b,8.2049
66,1,30000,0.838480,0.552988,165044,18122,545,biscoito,ad24232bd2,8.9411
66,2,30000,0.838296,0.552512,165051,18116,543,biscoito,7806327d28,8.7042
66,3,30000,0.838344,0.552764,165021,18101,545,biscoito,5d08f96f9f,8.3253
66,4,30000,0.838344,0.552764,165021,18101,545,biscoito,5d08f96f9f,8.3253
66,5,30000,0.838452,0.554288,165018,18115,546,biscoito,5709404c05,8.2311
66,6,30000,0.838372,0.552780,165011,18106,545,biscoito,fbf0ad08f0,8.5104
66,7,30000,0.838484,0.552983,165037,18123,545,biscoito,52b9f410bd,8.7087
66,8,30000,0.838276,0.554770,165038,18120,546,biscoito,42fd8c02da,8.3187
66,9,30000,0.838344,0.552764,165021,18101,545,biscoito,5d08f96f9f,8.3253
66,10,30000,0.838244,0.552721,165080,18106,544,biscoito,17e0fa2267,8.3794
66,11,30000,0.838644,0.552717,165087,18111,545,biscoito,85e15d0a53,8.7748
66,12,30000,0.838348,0.554079,165052,18111,545,biscoito,b47f99b18d,8.9341
66,13,30000,0.838396,0.552532,165030,18102,545,biscoito,973b92ec80,8.3113
66,14,30000,0.838256,0.552670,165091,18098,544,biscoito,37957f81cd,8.3589
66,15,30000,0.838344,0.552764,165021,18101,545,biscoito,5d08f96f9f,8.3253
66,16,30000,0.838344,0.552764,165021,18101,545,biscoito,5d08f96f9f,8.3253
66,17,30000,0.838540,0.553027,164995,18107,545,biscoito,b83f203007,9.0967
66,18,30000,0.838516,0.552843,165025,18117,545,biscoito,f827df09fc,8.7724
66,19,30000,0.838344,0.552655,165005,18103,545,biscoito,44114c4643,8.5992
67,0,30000,0.838352,0.552456,165037,18097,545,biscoito,195fa1274b,8.2049
67,1,30000,0.838480,0.554343,165044,18112,547,biscoito,c55aceda09,8.7007
67,2,30000,0.838392,0.554188,164979,18097,546,biscoito,710bc6d1e1,8.5360
67,3,30000,0.838412,0.553010,165072,18099,546,biscoito,5c67e211e9,8.5031
67,4,30000,0.838009,0.553946,165019,18095,547,biscoito,10705f4ad0,9.2127
67,5,30000,0.838120,0.553411,165065,18133,546,biscoito,cc7a1bbeed,8.9192
67,6,30000,0.838320,0.552712,165068,18112,544,biscoito,104ba90936,8.5508
67,7,30000,0.838344,0.552763,165015,18105,545,biscoito,b284f17af6,8.5789
67,8,30000,0.838356,0.552512,165034,18099,545,biscoito,1ff1974a70,9.0793
67,9,30000,0.838344,0.552655,165005,18103,545,biscoito,44114c4643,8.5992
67,10,30000,0.838344,0.552655,165005,18103,545,biscoito,44114c4643,8.5992
67,11,30000,0.838256,0.552670,165091,18098,544,biscoito,37957f81cd,8.3589
67,12,30000,0.838256,0.552670,165091,18098,544,biscoito,37957f81cd,8.3589
67,13,30000,0.838376,0.552823,165031,18097,545,biscoito,33dfc9a014,8.4624
67,14,30000,0.838771,0.555905,165064,18110,547,biscoito,cef47a0eea,8.7812
67,15,30000,0.838408,0.553201,165033,18101,545,biscoito,d03d2b5498,8.5652
67,16,30000,0.838140,0.552172,165086,18095,544,biscoito,ffbad1e647,8.8130
67,17,30000,0.838408,0.552582,165029,18095,545,biscoito,68dc54a678,8.5064
67,18,30000,0.838320,0.552507,165046,18118,543,biscoito,05318b7d3f,8.5249
67,19,30000,0.838552,0.552932,165057,18134,545,biscoito,15e0fdc1c8,9.2891
68,0,30000,0.838140,0.552172,165086,18095,544,biscoito,ffbad1e647,8.8130
68,1,30000,0.838268,0.552675,165101,18106,544,biscoito,05cc99c188,8.8045
68,2,30000,0.838324,0.552716,165073,18104,544,biscoito,057f07d946,8.6439
68,3,30000,0.838312,0.552129,165009,18099,545,biscoito,e1fbf29fa9,8.7605
68,4,30000,0.838252,0.552717,165067,18104,545,biscoito,8360793884,8.6483
68,5,30000,0.838364,0.552512,165037,18100,545,biscoito,cd85da7529,8.6723
68,6,30000,0.838168,0.554753,165041,18086,546,biscoito,fdf4749c02,8.3775
68,7,30000,0.837773,0.552914,165099,18108,544,biscoito,5e636a64db,9.1932
68,8,30000,0.838072,0.552565,165032,18103,546,biscoito,d2083b8358,8.3566
68,9,30000,0.838356,0.552512,165034,18099,545,biscoito,1ff1974a70,9.0793
68,10,30000,0.838408,0.553201,165033,18101,545,biscoito,d03d2b5498,8.5652
68,11,30000,0.838416,0.553067,165132,18089,545,biscoito,3396d9b8d9,8.3508
68,12,30000,0.838320,0.552507,165045,18118,543,biscoito,3e723b94cd,8.5621
68,13,30000,0.838248,0.551392,164990,18143,541,biscoito,4dc6d9231b,8.4737
68,14,30000,0.838408,0.552582,165029,18095,545,biscoito,68dc54a678,8.5064
68,15,30000,0.838316,0.552710,165064,18108,544,biscoito,19f02f53aa,8.3295
68,16,30000,0.838256,0.552678,165092,18099,544,biscoito,28bbfc5987,8.4316
68,17,30000,0.838552,0.552932,165057,18134,545,biscoito,15e0fdc1c8,9.2891
68,18,30000,0.838352,0.552456,165037,18097,545,biscoito,195fa1274b,8.2049
68,19,30000,0.838352,0.552456,165037,18097,545,biscoito,195fa1274b,8.2049
69,0,30000,0.838248,0.551392,164990,18143,541,biscoito,4dc6d9231b,8.4737
69,1,30000,0.838220,0.551088,165056,18128,541,biscoito,f091a2414e,8.7529
69,2,30000,0.838480,0.554829,165008,18117,545,biscoito,405573de67,8.4070
69,3,30000,0.838244,0.551981,165030,18112,543,biscoito,1232c7a42d,8.3023
69,4,30000,0.838392,0.551696,164967,18128,543,biscoito,f29181bce5,8.4072
69,5,30000,0.838140,0.552172,165086,18095,544,biscoito,ffbad1e647,8.8130
69,6,30000,0.838140,0.552172,165086,18095,544,biscoito,ffbad1e647,8.8130
69,7,30000,0.838140,0.552172,165086,18095,544,biscoito,ffbad1e647,8.8130
69,8,30000,0.838140,0.552172,165086,18095,544,biscoito,ffbad1e647,8.8130
69,9,30000,0.838340,0.551285,165021,18125,541,biscoito,51f817f24c,8.9877
69,10,30000,0.838148,0.555003,164996,18137,545,biscoito,60332f286f,8.4184
69,11,30000,0.838316,0.552483,165048,18118,543,biscoito,a99e852495,8.5723
69,12,30000,0.838336,0.552507,165031,18099,545,biscoito,183ce40966,8.8772
69,13,30000,0.838352,0.552456,165037,18097,545,biscoito,195fa1274b,8.2049
69,14,30000,0.838248,0.551392,164990,18143,541,biscoito,4dc6d9231b,8.4737
69,15,30000,0.838352,0.552456,165038,18096,545,biscoito,b1cec806ad,8.2680
69,16,30000,0.838364,0.552512,165037,18100,545,biscoito,cd85da7529,8.6723
69,17,30000,0.838524,0.554219,165092,18098,546,biscoito,23a548aed6,8.5375
69,18,30000,0.837773,0.552914,165099,18108,544,biscoito,5e636a64db,9.1932
69,19,30000,0.838815,0.555896,165042,18132,546,biscoito,b0a0e87a38,8.3999
70,0,30000,0.838220,0.551088,165056,18128,541,biscoito,f091a2414e,8.7529
70,1,30000,0.838176,0.551313,165033,18120,542,biscoito,d4f4e57079,8.5316
70,2,30000,0.838280,0.552087,164992,18134,542,biscoito,1bef0c34d2,8.5184
70,3,30000,0.838300,0.551233,165066,18124,541,biscoito,62a9ee91dc,8.7322
70,4,30000,0.838588,0.553090,165058,18119,544,biscoito,1ceb89da44,8.6148
70,5,30000,0.838244,0.551981,165030,18112,543,biscoito,1232c7a42d,8.3023
70,6,30000,0.838220,0.551088,165056,18128,541,biscoito,f091a2414e,8.7529
70,7,30000,0.838180,0.551234,165076,18145,541,biscoito,a389b3762d,8.4553
70,8,30000,0.838308,0.551392,164995,18142,541,biscoito,329b9019cf,8.2972
70,9,30000,0.838807,0.553984,165123,18112,545,biscoito,5d8cf565b3,8.4274
70,10,30000,0.838140,0.552172,165086,18095,544,biscoito,ffbad1e647,8.8130
70,11,30000,0.838572,0.551154,164999,18142,541,biscoito,b0c1764fbd,8.5432
70,12,30000,0.838340,0.551285,165021,18125,541,biscoito,51f817f24c,8.9877
70,13,30000,0.838428,0.553811,165024,18109,546,biscoito,ddf4e263a5,8.5149
70,14,30000,0.837997,0.550760,164993,18117,544,biscoito,a1bae5d9ac,8.5639
70,15,30000,0.838244,0.551779,165069,18091,544,biscoito,fd9cfa64fb,9.1873
70,16,30000,0.838140,0.552272,165037,18112,543,biscoito,2fcce75390,8.3792
70,17,30000,0.838248,0.551392,164990,18143,541,biscoito,4dc6d9231b,8.4737
70,18,30000,0.838340,0.551285,165021,18125,541,biscoito,51f817f24c,8.9877
70,19,30000,0.838248,0.551392,164990,18143,541,biscoito,4dc6d9231b,8.4737
71,0,30000,0.837997,0.550760,164993,18117,544,biscoito,a1bae5d9ac,8.5639
71,1,30000,0.838120,0.551310,164984,18135,542,biscoito,1dbc7a394f,8.3161
71,2,30000,0.838580,0.552520,165026,18110,542,biscoito,9c698d5a8b,8.4692
71,3,30000,0.838747,0.554353,164987,18130,543,biscoito,74282fbde1,8.4668
71,4,30000,0.838220,0.551088,165056,18128,541,biscoito,f091a2414e,8.7529
71,5,30000,0.838092,0.550443,164996,18127,542,biscoito,474d12d33c,8.4087
71,6,30000,0.838076,0.551398,165019,18117,544,biscoito,a91a9a16a7,8.4886
71,7,30000,0.838084,0.551516,165086,18126,541,biscoito,3d3da6eab3,8.6983
71,8,30000,0.838488,0.553229,164975,18117,546,biscoito,4ebcc1ebd6,8.3417
71,9,30000,0.838168,0.550951,165054,18122,543,biscoito,5d4eaec5ba,8.1925
71,10,30000,0.838216,0.551281,165004,18143,542,biscoito,de23a45987,8.3849
71,11,30000,0.838184,0.552241,164992,18118,544,biscoito,aad8050263,8.4434
71,12,30000,0.838300,0.551233,165066,18124,541,biscoito,62a9ee91dc,8.7322
71,13,30000,0.838248,0.551392,164990,18143,541,biscoito,4dc6d9231b,8.4737
71,14,30000,0.838176,0.551313,165033,18120,542,biscoito,d4f4e57079,8.5316
71,15,30000,0.838013,0.552155,165050,18172,543,biscoito,627a22aae9,8.4631
71,16,30000,0.838240,0.550416,165068,18137,540,biscoito,7edead5a8a,8.7882
71,17,30000,0.837957,0.551488,165005,18145,543,biscoito,a69c1cbe79,8.5147
71,18,30000,0.838528,0.550098,164939,18139,542,biscoito,c9e8b1c559,8.4099
71,19,30000,0.838244,0.551981,165030,18112,543,biscoito,1232c7a42d,8.3023
72,0,30000,0.838528,0.550098,164939,18139,542,biscoito,c9e8b1c559,8.4099
72,1,30000,0.838276,0.549769,165066,18146,540,biscoito,38682e5e5e,8.5108
72,2,30000,0.837997,0.550884,165036,18114,543,biscoito,ecf9fdefce,8.4257
72,3,30000,0.838268,0.551171,164999,18139,542,biscoito,85652b7192,8.9689
72,4,30000,0.838056,0.550582,164994,18131,542,biscoito,df451354a9,8.5274
72,5,30000,0.838080,0.551800,164999,18118,544,biscoito,e153489c76,8.7179
72,6,30000,0.838236,0.551990,165045,18114,544,biscoito,44728f64e9,8.5317
72,7,30000,0.837849,0.551087,164975,18120,544,biscoito,7ce351a2ab,8.3811
72,8,30000,0.838560,0.550128,164943,18145,542,biscoito,e2bbc06749,9.5230
72,9,30000,0.838236,0.551274,165001,18139,541,biscoito,eb0eb71f0f,9.1103
72,10,30000,0.838348,0.550540,165061,18141,540,biscoito,ee7f809818,8.5640
72,11,30000,0.838644,0.550573,164977,18139,541,biscoito,c0edc5aac8,8.3525
72,12,30000,0.837877,0.550037,165021,18115,542,biscoito,903b662cff,8.7592
72,13,30000,0.838056,0.551204,165000,18122,543,biscoito,4eadcd690f,8.7739
72,14,30000,0.838180,0.550393,165019,18126,540,biscoito,9daa148cb7,8.4380
72,15,30000,0.838284,0.551288,165054,18123,542,biscoito,a8086775c5,8.5796
72,16,30000,0.837749,0.551688,165029,18103,542,biscoito,61ce501b07,8.8125
72,17,30000,0.838076,0.551230,165019,18094,543,biscoito,58bc772f44,8.5615
72,18,30000,0.838176,0.550390,165046,18132,543,biscoito,fa07ef3cb7,8.7673
72,19,30000,0.838168,0.550951,165054,18122,543,biscoito,5d4eaec5ba,8.1925
73,0,30000,0.838276,0.549769,165066,18146,540,biscoito,38682e5e5e,8.5108
73,1,30000,0.838024,0.549999,164964,18093,541,biscoito,59f82e8132,9.1462
73,2,30000,0.838528,0.550547,165023,18161,543,biscoito,02c9c652b6,8.8707
73,3,30000,0.838232,0.549586,165049,18131,539,biscoito,f06539a0e4,8.3734
73,4,30000,0.838252,0.550633,165028,18122,540,biscoito,fd1fca0d5a,8.6074
73,5,30000,0.837769,0.550167,165051,18119,542,biscoito,aca2b87f8f,9.0113
73,6,30000,0.838983,0.552268,165021,18149,541,biscoito,b4c199166b,8.5161
73,7,30000,0.837877,0.550037,165021,18115,542,biscoito,903b662cff,8.7592
73,8,30000,0.837997,0.551338,165047,18139,543,biscoito,09d578ecb1,8.6062
73,9,30000,0.838144,0.549242,165088,18141,540,biscoito,15e7b53ae1,8.9611
73,10,30000,0.838056,0.550910,164955,18099,542,biscoito,ab4b966b30,8.6089
73,11,30000,0.837781,0.550235,165054,18114,542,biscoito,3d5d63dc01,8.4086
73,12,30000,0.838264,0.550684,165027,18115,543,biscoito,5c11145e5e,8.7625
73,13,30000,0.838276,0.549769,165066,18146,540,biscoito,38682e5e5e,8.5108
73,14,30000,0.838276,0.549769,165066,18146,540,biscoito,38682e5e5e,8.5108
73,15,30000,0.838180,0.550393,165019,18126,540,biscoito,9daa148cb7,8.4380
73,16,30000,0.837989,0.553474,164980,18122,542,biscoito,fc1699d0d7,8.5822
73,17,30000,0.838009,0.550677,164958,18102,542,biscoito,a99995dcde,8.3713
73,18,30000,0.838184,0.549355,165106,18154,540,biscoito,290a531dc8,8.6027
73,19,30000,0.837877,0.550037,165021,18115,542,biscoito,903b662cff,8.7592
74,0,30000,0.838144,0.549242,165088,18141,540,biscoito,15e7b53ae1,8.9611
74,1,30000,0.838184,0.549355,165106,18154,540,biscoito,290a531dc8,8.6027
74,2,30000,0.838276,0.549769,165066,18146,540,biscoito,38682e5e5e,8.5108
74,3,30000,0.838132,0.550613,164946,18106,542,biscoito,ddb8350c7f,8.6348
74,4,30000,0.838152,0.549370,165104,18143,540,biscoito,1473804d4d,8.5421
74,5,30000,0.838276,0.549769,165066,18146,540,biscoito,38682e5e5e,8.5108
74,6,30000,0.838276,0.549769,165066,18146,540,biscoito,38682e5e5e,8.5108
74,7,30000,0.837949,0.549362,165081,18144,540,biscoito,318bb2e359,8.4535
74,8,30000,0.838432,0.549746,165089,18150,540,biscoito,78b5d36ef4,8.5546
74,9,30000,0.838512,0.549699,164977,18149,540,biscoito,29479ad17b,8.8425
74,10,30000,0.837557,0.552953,165019,18138,546,biscoito,202b679205,8.3557
74,11,30000,0.838276,0.549769,165066,18146,540,biscoito,38682e5e5e,8.5108
74,12,30000,0.838276,0.549769,165066,18146,540,biscoito,38682e5e5e,8.5108
74,13,30000,0.838440,0.552509,165092,18205,541,biscoito,3cef5c344d,9.1646
74,14,30000,0.838108,0.549549,165077,18158,541,biscoito,d1893f968f,8.5851
74,15,30000,0.837949,0.549369,165030,18134,540,biscoito,2e84a37a55,8.4214
74,16,30000,0.838380,0.549549,165043,18133,539,biscoito,49812f00dc,8.3632
74,17,30000,0.838013,0.549484,165061,18125,540,biscoito,66a2b06c93,9.4934
74,18,30000,0.837873,0.550588,165091,18136,540,biscoito,15b43f8116,8.7151
74,19,30000,0.838152,0.549484,165098,18145,540,biscoito,4e4b3620ea,8.3787
75,0,30000,0.838144,0.549242,165088,18141,540,biscoito,15e7b53ae1,8.9611
75,1,30000,0.838184,0.549355,165106,18154,540,biscoito,290a531dc8,8.6027
75,2,30000,0.838144,0.549242,165088,18141,540,biscoito,15e7b53ae1,8.9611
75,3,30000,0.838013,0.549484,165061,18125,540,biscoito,66a2b06c93,9.4934
75,4,30000,0.838540,0.551886,165051,18140,542,biscoito,3d0ccdf0f5,9.1049
75,5,30000,0.838412,0.550469,165082,18165,540,biscoito,94ea38efdc,8.7502
75,6,30000,0.838368,0.549785,164961,18152,541,biscoito,bd29f6e42d,9.1789
75,7,30000,0.838276,0.549769,165066,18146,540,biscoito,38682e5e5e,8.5108
75,8,30000,0.838276,0.549769,165066,18146,540,biscoito,38682e5e5e,8.5108
75,9,30000,0.838028,0.548803,165046,18154,538,biscoito,a9a7d3d1bd,8.3111
75,10,30000,0.838420,0.550444,165125,18144,541,biscoito,40c88511ca,8.6585
75,11,30000,0.838024,0.549670,165109,18145,540,biscoito,6c932a2810,8.4243
75,12,30000,0.838176,0.549496,165094,18148,540,biscoito,fcb6165c5d,8.4739
75,13,30000,0.838440,0.549361,165082,18136,539,biscoito,cdefc62780,9.0360
75,14,30000,0.838320,0.549608,165062,18150,540,biscoito,19d1ba45bb,8.9465
75,15,30000,0.837921,0.548136,165077,18138,541,biscoito,c1ac528c54,8.4918
75,16,30000,0.838432,0.550071,165096,18140,539,biscoito,dd8a21e3f5,8.5916
75,17,30000,0.837949,0.549369,165030,18134,540,biscoito,2e84a37a55,8.4214
75,18,30000,0.838009,0.550027,165150,18148,541,biscoito,87738ac785,8.7362
75,19,30000,0.838136,0.549095,165101,18137,540,biscoito,37a2118c64,8.5254
76,0,30000,0.837921,0.548136,165077,18138,541,biscoito,c1ac528c54,8.4918
76,1,30000,0.838316,0.549256,165146,18128,540,biscoito,f863048538,8.9929
76,2,30000,0.837921,0.549167,165035,18118,540,biscoito,0951ecddc8,8.7486
76,3,30000,0.838440,0.549361,165082,18136,539,biscoito,cdefc62780,9.0360
76,4,30000,0.838184,0.549355,165106,18154,540,biscoito,290a531dc8,8.6027
76,5,30000,0.837785,0.549185,164977,18127,539,biscoito,52ec2ca7c7,8.7243
76,6,30000,0.838056,0.548990,165079,18155,539,biscoito,7186eb4bf4,8.1925
76,7,30000,0.838144,0.549242,165088,18141,540,biscoito,15e7b53ae1,8.9611
76,8,30000,0.838144,0.549242,165088,18141,540,biscoito,15e7b53ae1,8.9611
76,9,30000,0.838052,0.549312,165167,18150,540,biscoito,1118e141d0,8.5660
76,10,30000,0.838244,0.550532,165056,18144,541,biscoito,9582c9f384,8.5103
76,11,30000,0.838184,0.549355,165106,18154,540,biscoito,290a531dc8,8.6027
76,12,30000,0.838184,0.549355,165106,18154,540,biscoito,290a531dc8,8.6027
76,13,30000,0.838424,0.549764,165067,18142,540,biscoito,dbee3916a6,8.4522
76,14,30000,0.837697,0.547957,165069,18144,541,biscoito,b117b81477,8.5870
76,15,30000,0.838184,0.549355,165106,18154,540,biscoito,290a531dc8,8.6027
76,16,30000,0.838791,0.551684,165086,18157,541,biscoito,ac4087c39f,8.7509
76,17,30000,0.837873,0.549616,165115,18151,540,biscoito,6e6dc5d31b,8.6670
76,18,30000,0.838028,0.549212,165016,18136,540,biscoito,498417d8c4,8.2760
76,19,30000,0.838743,0.548744,165055,18150,540,biscoito,ee5e3d27dd,8.7316
77,0,30000,0.837697,0.547957,165069,18144,541,biscoito,b117b81477,8.5870
77,1,30000,0.838332,0.546927,165113,18087,539,biscoito,7d8b2e53af,9.2396
77,2,30000,0.838456,0.550453,165094,18154,540,biscoito,b695dfb20c,8.4115
77,3,30000,0.838911,0.549622,165053,18161,540,biscoito,76548712d9,8.7894
77,4,30000,0.838292,0.552701,164988,18130,545,biscoito,f56f6ab4a7,8.4591
77,5,30000,0.837729,0.548662,165023,18125,539,biscoito,4535932a59,8.4778
77,6,30000,0.837977,0.550157,165120,18144,540,biscoito,2a3b175318,9.9042
77,7,30000,0.837849,0.549384,164982,18127,539,biscoito,9d6585b02b,8.9629
77,8,30000,0.838955,0.548956,165038,18148,540,biscoito,78bd779cc8,8.6024
77,9,30000,0.837665,0.550318,165096,18140,539,biscoito,68232cdf48,8.2403
77,10,30000,0.839075,0.548924,165140,18159,542,biscoito,4f9e253fb6,8.7017
77,11,30000,0.838751,0.550717,165076,18179,541,biscoito,fce4f196bc,8.4539
77,12,30000,0.838496,0.548827,164985,18138,541,biscoito,c7421eed48,8.4436
77,13,30000,0.838184,0.549355,165106,18154,540,biscoito,290a531dc8,8.6027
77,14,30000,0.838184,0.549355,165106,18154,540,biscoito,290a531dc8,8.6027
77,15,30000,0.839031,0.548903,165116,18121,540,biscoito,7e46d6b1e4,8.9532
77,16,30000,0.838200,0.549175,165092,18153,540,biscoito,c88e3cea0a,8.4741
77,17,30000,0.838624,0.551132,165125,18185,540,biscoito,3980de5e4f,8.5675
77,18,30000,0.838815,0.549487,165113,18131,540,biscoito,2716898b80,8.3527
77,19,30000,0.838588,0.548617,165042,18134,540,biscoito,cbacfe7408,9.1828
78,0,30000,0.838332,0.546927,165113,18087,539,biscoito,7d8b2e53af,9.2396
78,1,30000,0.838040,0.549641,165025,18146,540,biscoito,687e2ad98c,8.6449
78,2,30000,0.838356,0.550915,165144,18147,540,biscoito,bd67647504,8.5192
78,3,30000,0.838935,0.550660,165109,18150,541,biscoito,2d9d7acdf9,8.4831
78,4,30000,0.838703,0.548337,165084,18123,540,biscoito,70b0ff65d7,8.7788
78,5,30000,0.838416,0.547465,165074,18090,539,biscoito,165f173b49,8.4300
78,6,30000,0.838688,0.549624,165009,18166,543,biscoito,6b19a25597,8.8597
78,7,30000,0.837997,0.549851,165007,18135,540,biscoito,c1a601b5ff,9.1045
78,8,30000,0.838036,0.549181,165085,18150,539,biscoito,dc354379eb,8.5178
78,9,30000,0.837857,0.548868,164963,18114,540,biscoito,3dddb0afa3,8.3053
78,10,30000,0.838703,0.550664,165009,18170,541,biscoito,bcb150c76b,8.3484
78,11,30000,0.837777,0.548644,165089,18143,541,biscoito,05f23ee7b4,8.6562
78,12,30000,0.838116,0.549307,165095,18151,540,biscoito,2e279669d9,8.5842
78,13,30000,0.838767,0.552775,165067,18177,543,biscoito,d6a3b34a43,8.3937
78,14,30000,0.838036,0.548074,164997,18129,538,biscoito,9ef8d77e3a,8.6573
78,15,30000,0.838244,0.549269,165066,18147,540,biscoito,0482f913a4,8.5127
78,16,30000,0.838532,0.548536,165067,18140,540,biscoito,52915f8d6a,8.3835
78,17,30000,0.838588,0.548617,165042,18134,540,biscoito,cbacfe7408,9.1828
78,18,30000,0.838588,0.548617,165042,18134,540,biscoito,cbacfe7408,9.1828
78,19,30000,0.838596,0.549476,165104,18127,541,biscoito,6c53fb2b39,8.3353
79,0,30000,0.838332,0.546927,165113,18087,539,biscoito,7d8b2e53af,9.2396
79,1,30000,0.838236,0.549137,165054,18146,538,biscoito,8de37abd57,8.7400
79,2,30000,0.837941,0.547699,165063,18077,539,biscoito,0a94d6b694,8.2999
79,3,30000,0.838140,0.550127,164991,18093,541,biscoito,31a9538cb5,8.3024
79,4,30000,0.838196,0.549317,165035,18131,539,biscoito,8bac156547,8.9482
79,5,30000,0.838372,0.549069,165022,18128,540,biscoito,5c97711e89,8.4914
79,6,30000,0.838596,0.548655,165114,18135,540,biscoito,c3e0eac8a3,8.3814
79,7,30000,0.838444,0.548984,165053,18141,542,biscoito,f1793ede99,8.8634
79,8,30000,0.838272,0.548325,165021,18132,538,biscoito,2dcfce48c5,8.5011
79,9,30000,0.837741,0.549198,165042,18140,539,biscoito,718da75509,8.4750
79,10,30000,0.838288,0.548186,165030,18146,539,biscoito,29d207133c,8.5310
79,11,30000,0.837933,0.550067,164967,18149,539,biscoito,d922234e3f,8.8377
79,12,30000,0.838540,0.549101,165027,18134,540,biscoito,8588352f48,8.4438
79,13,30000,0.838596,0.548386,165081,18124,540,biscoito,691f4ab58f,8.3603
79,14,30000,0.838372,0.546876,165125,18088,539,biscoito,63ab207b5a,8.6425
79,15,30000,0.838592,0.547937,165072,18106,541,biscoito,ded968bb75,8.5930
79,16,30000,0.838588,0.548617,165042,18134,540,biscoito,cbacfe7408,9.1828
79,17,30000,0.838208,0.549820,165088,18142,541,biscoito,5345737082,8.3497
79,18,30000,0.838236,0.545310,165110,18095,537,biscoito,f6042097cb,8.6225
79,19,30000,0.838540,0.549531,165179,18150,541,biscoito,fe96c9b8a0,9.3399
80,0,30000,0.838236,0.545310,165110,18095,537,biscoito,f6042097cb,8.6225
80,1,30000,0.838020,0.547615,165027,18117,538,biscoito,ac675bacbb,8.6764
80,2,30000,0.838352,0.548378,165072,18078,539,biscoito,d05474dcd2,8.5320
80,3,30000,0.838444,0.547604,165105,18094,541,biscoito,767ef7d119,8.5811
80,4,30000,0.838216,0.548853,164985,18156,539,biscoito,dce6b5ca9d,8.5707
80,5,30000,0.838272,0.548325,165021,18132,538,biscoito,2dcfce48c5,8.5011
80,6,30000,0.838588,0.548617,165042,18134,540,biscoito,cbacfe7408,9.1828
80,7,30000,0.838368,0.546712,165086,18114,539,biscoito,1554d00996,8.4433
80,8,30000,0.838256,0.548178,165046,18144,539,biscoito,e6d24f3b01,8.5854
80,9,30000,0.838707,0.548894,165070,18117,540,biscoito,0d01e917e0,10.1839
80,10,30000,0.838672,0.548761,165067,18151,539,biscoito,1ed3364364,12.9325
80,11,30000,0.838384,0.548299,165071,18147,540,biscoito,1df02fe19a,13.2843
80,12,30000,0.838472,0.546996,165104,18096,538,biscoito,0031287e5d,12.9476
80,13,30000,0.838496,0.546859,165121,18122,537,biscoito,27b2d1f4f7,13.6459
80,14,30000,0.838052,0.547086,165036,18115,538,biscoito,b23b48d817,13.4227
80,15,30000,0.838372,0.546876,165125,18088,539,biscoito,63ab207b5a,8.6425
80,16,30000,0.838372,0.546876,165125,18088,539,biscoito,63ab207b5a,8.6425
80,17,30000,0.838180,0.548802,165143,18106,539,biscoito,9afdd8e819,13.3171
80,18,30000,0.838684,0.550749,165056,18138,540,biscoito,b9a13242b9,13.9918
80,19,30000,0.837865,0.549551,165013,18083,543,biscoito,11fddc2243,13.4652
81,0,30000,0.838236,0.545310,165110,18095,537,biscoito,f6042097cb,8.6225
81,1,30000,0.838276,0.546898,165112,18084,539,biscoito,a469a1b1b5,13.4166
81,2,30000,0.838348,0.548887,165035,18159,539,biscoito,8b8db75e03,12.6130
81,3,30000,0.838284,0.545520,165103,18102,538,biscoito,7c381dd849,15.2991
81,4,30000,0.838488,0.547501,165114,18092,540,biscoito,bd5167e0cc,13.7133
81,5,30000,0.838372,0.546876,165125,18088,539,biscoito,63ab207b5a,8.6425
81,6,30000,0.838256,0.548178,165046,18144,539,biscoito,e6d24f3b01,8.5854
81,7,30000,0.838747,0.546438,165120,18129,538,biscoito,faeef124cd,13.4264
81,8,30000,0.838496,0.546859,165121,18122,537,biscoito,27b2d1f4f7,13.6459
81,9,30000,0.838608,0.547198,165090,18080,538,biscoito,19061a6850,12.7248
81,10,30000,0.838512,0.545080,165148,18104,537,biscoito,f296ddd97a,13.6030
81,11,30000,0.838496,0.546859,165121,18122,537,biscoito,27b2d1f4f7,13.6459
81,12,30000,0.838612,0.550486,165123,18138,540,biscoito,38b489e705,13.5574
81,13,30000,0.838368,0.546712,165086,18114,539,biscoito,1554d00996,8.4433
81,14,30000,0.838368,0.546712,165086,18114,539,biscoito,1554d00996,8.4433
81,15,30000,0.838703,0.548751,165060,18154,539,biscoito,72aee49a1f,13.7834
81,16,30000,0.838184,0.545311,165106,18095,537,biscoito,2c21d6e8c0,13.7958
81,17,30000,0.838272,0.546388,165096,18123,539,biscoito,170bb4b763,13.5856
81,18,30000,0.838596,0.546263,165058,18105,538,biscoito,4713864d66,13.8643
81,19,30000,0.838032,0.547078,165019,18120,538,biscoito,7af7604270,12.6975
82,0,30000,0.838512,0.545080,165148,18104,537,biscoito,f296ddd97a,13.6030
82,1,30000,0.838364,0.546989,165094,18107,540,biscoito,d428bf2fbf,15.4773
82,2,30000,0.838544,0.546183,165132,18115,537,biscoito,849d08b610,13.4475
82,3,30000,0.838312,0.545289,165109,18096,538,biscoito,a48f4dd219,14.5221
82,4,30000,0.838492,0.546208,165068,18110,537,biscoito,b6314b11ba,13.3651
82,5,30000,0.838184,0.545311,165106,18095,537,biscoito,2c21d6e8c0,13.7958
82,6,30000,0.838368,0.546712,165086,18114,539,biscoito,1554d00996,8.4433
82,7,30000,0.838368,0.546712,165086,18114,539,biscoito,1554d00996,8.4433
82,8,30000,0.838256,0.548178,165046,18144,539,biscoito,e6d24f3b01,8.5854
82,9,30000,0.838392,0.547010,165103,18112,539,biscoito,9541f5bd6b,12.9619
82,10,30000,0.838368,0.545381,165089,18092,538,biscoito,990aecab9b,12.7058
82,11,30000,0.838404,0.547464,165150,18129,537,biscoito,d8fc3b2a94,13.0396
82,12,30000,0.838392,0.545295,165145,18101,537,biscoito,14c4aba215,13.9717
82,13,30000,0.838408,0.546622,165137,18120,537,biscoito,748d607577,13.0729
82,14,30000,0.838636,0.545798,165146,18101,537,biscoito,60ebc16a7f,13.0930
82,15,30000,0.838520,0.547701,165175,18112,541,biscoito,a45c8eaf8c,13.8589
82,16,30000,0.838400,0.550353,165010,18144,542,biscoito,ca96fbffe1,13.9204
82,17,30000,0.838368,0.546712,165086,18114,539,biscoito,1554d00996,8.4433
82,18,30000,0.838184,0.545311,165106,18095,537,biscoito,2c21d6e8c0,13.7958
82,19,30000,0.838272,0.546388,165096,18123,539,biscoito,170bb4b763,13.5856
83,0,30000,0.838512,0.545080,165148,18104,537,biscoito,f296ddd97a,13.6030
83,1,30000,0.838356,0.545096,165146,18106,537,biscoito,0e89110b24,13.0979
83,2,30000,0.838236,0.545365,165107,18103,537,biscoito,960933453a,12.9701
83,3,30000,0.838156,0.545423,165075,18091,537,biscoito,5e526ead56,13.5348
83,4,30000,0.838184,0.545311,165106,18095,537,biscoito,2c21d6e8c0,13.7958
83,5,30000,0.838512,0.545080,165148,18104,537,biscoito,f296ddd97a,13.6030
83,6,30000,0.838516,0.546107,165141,18105,537,biscoito,8752d9b6d2,13.5672
83,7,30000,0.838368,0.545381,165089,18092,538,biscoito,990aecab9b,12.7058
83,8,30000,0.838184,0.545311,165106,18095,537,biscoito,2c21d6e8c0,13.7958
83,9,30000,0.838636,0.546533,165077,18100,537,biscoito,56b7e798cf,13.0900
83,10,30000,0.838288,0.546240,165140,18131,537,biscoito,cf4a790f65,13.6233
83,11,30000,0.838464,0.545055,165152,18099,537,biscoito,697da0c96b,14.2009
83,12,30000,0.838336,0.546711,165090,18116,539,biscoito,340b378333,14.0961
83,13,30000,0.838344,0.546312,165117,18078,537,biscoito,8cbcf64180,12.9580
83,14,30000,0.838684,0.546356,165157,18153,538,biscoito,816733013f,14.0471
83,15,30000,0.838460,0.545087,165138,18104,537,biscoito,972fcbec4c,13.3118
83,16,30000,0.838456,0.545577,165123,18108,537,biscoito,b5e3650eaf,13.5146
83,17,30000,0.838516,0.545706,165126,18086,537,biscoito,8e9f61f978,13.8212
83,18,30000,0.838340,0.545925,165136,18085,539,biscoito,22af0610c6,13.0748
83,19,30000,0.838212,0.545549,165063,18114,537,biscoito,ffa7ca838e,13.1441
84,0,30000,0.838464,0.545055,165152,18099,537,biscoito,697da0c96b,14.2009
84,1,30000,0.838452,0.545239,165150,18109,537,biscoito,c5200abfda,13.0127
84,2,30000,0.838408,0.545328,165132,18101,537,biscoito,27664e8c1b,13.0889
84,3,30000,0.838340,0.545300,165148,18110,537,biscoito,b38e065cb5,14.1296
84,4,30000,0.838476,0.545092,165141,18101,537,biscoito,220cf22416,18.3751
84,5,30000,0.838360,0.545099,165145,18107,537,biscoito,60ced478af,15.4348
84,6,30000,0.838508,0.545076,165149,18103,537,biscoito,5c4b655720,16.0119
84,7,30000,0.838512,0.545080,165148,18104,537,biscoito,f296ddd97a,13.6030
84,8,30000,0.838512,0.545080,165148,18104,537,biscoito,f296ddd97a,13.6030
84,9,30000,0.838416,0.545555,165131,18102,537,biscoito,d4067f18a6,13.2267
84,10,30000,0.838372,0.545266,165128,18099,537,biscoito,404138139e,13.5923
84,11,30000,0.838456,0.545833,165130,18114,538,biscoito,42d8e938d5,13.4457
84,12,30000,0.838492,0.544965,165151,18106,537,biscoito,99397811ac,13.2085
84,13,30000,0.838464,0.545055,165152,18099,537,biscoito,697da0c96b,14.2009
84,14,30000,0.838412,0.545597,165167,18123,537,biscoito,a6e928e4ff,13.6953
84,15,30000,0.838320,0.545394,165111,18095,537,biscoito,a4206da096,13.5373
84,16,30000,0.838572,0.545572,165128,18109,537,biscoito,67b6b33ade,13.7516
84,17,30000,0.838400,0.546558,165159,18101,539,biscoito,5b54623b0d,14.9469
84,18,30000,0.838356,0.545096,165146,18106,537,biscoito,0e89110b24,13.0979
84,19,30000,0.838368,0.545418,165167,18113,537,biscoito,79092c95a5,13.7596
85,0,30000,0.838492,0.544965,165151,18106,537,biscoito,99397811ac,13.2085
85,1,30000,0.838512,0.545009,165150,18107,537,biscoito,9f35f4e585,13.1033
85,2,30000,0.838568,0.546482,165107,18151,538,biscoito,126fe81361,13.5999
85,3,30000,0.838452,0.545057,165144,18107,537,biscoito,ed5192ff58,12.9727
85,4,30000,0.838616,0.546590,165079,18101,537,biscoito,fcd78c6a91,13.4279
85,5,30000,0.838372,0.545317,165145,18109,537,biscoito,b5eb339efb,12.6600
85,6,30000,0.838336,0.545213,165116,18092,537,biscoito,3535c61adc,9.0561
85,7,30000,0.838512,0.545080,165148,18104,537,biscoito,f296ddd97a,13.6030
85,8,30000,0.838512,0.545080,165148,18104,537,biscoito,f296ddd97a,13.6030
85,9,30000,0.838492,0.544944,165156,18105,537,biscoito,b61afcefb9,8.5910
85,10,30000,0.838540,0.545239,165143,18104,537,biscoito,48a17cfdbc,8.4753
85,11,30000,0.838468,0.545077,165147,18103,537,biscoito,62039a1c18,8.6064
85,12,30000,0.838492,0.545081,165148,18107,537,biscoito,0d8afbd383,8.4961
85,13,30000,0.838440,0.544633,165185,18121,537,biscoito,701f112acf,8.5045
85,14,30000,0.838532,0.546973,165179,18088,538,biscoito,851229218b,8.4941
85,15,30000,0.838496,0.545027,165142,18106,537,biscoito,c329ae81df,8.6434
85,16,30000,0.838472,0.545234,165149,18103,537,biscoito,f5122a22e5,8.4467
85,17,30000,0.838408,0.545518,165147,18098,537,biscoito,07efbc1096,8.5706
85,18,30000,0.838432,0.545106,165148,18101,537,biscoito,9b70e253b1,8.9146
85,19,30000,0.838468,0.545026,165145,18102,537,biscoito,3329812e61,9.0443
86,0,30000,0.838440,0.544633,165185,18121,537,biscoito,701f112acf,8.5045
86,1,30000,0.838432,0.544450,165165,18123,537,biscoito,ce5740dd1d,8.4310
86,2,30000,0.838424,0.545191,165164,18101,537,biscoito,2c632e7212,8.5387
86,3,30000,0.838568,0.545501,165125,18121,537,biscoito,1ccb13f630,8.8152
86,4,30000,0.838292,0.544311,165191,18101,537,biscoito,adacc9dcf9,8.4931
86,5,30000,0.838496,0.545188,165125,18110,537,biscoito,fc270455f9,8.3607
86,6,30000,0.838356,0.544325,165196,18113,537,biscoito,3ddf1c0773,8.3244
86,7,30000,0.838492,0.544965,165151,18106,537,biscoito,99397811ac,13.2085
86,8,30000,0.838492,0.544965,165151,18106,537,biscoito,99397811ac,13.2085
86,9,30000,0.838432,0.545106,165148,18101,537,biscoito,9b70e253b1,8.9146
86,10,30000,0.838436,0.545885,165126,18119,539,biscoito,f3b6fba0c3,8.9386
86,11,30000,0.838408,0.545124,165133,18106,537,biscoito,f6b1053588,8.3882
86,12,30000,0.838108,0.543996,165212,18111,538,biscoito,af140b0750,8.4297
86,13,30000,0.838512,0.545009,165150,18107,537,biscoito,9f35f4e585,13.1033
86,14,30000,0.838452,0.545057,165144,18107,537,biscoito,ed5192ff58,12.9727
86,15,30000,0.838224,0.544534,165188,18101,537,biscoito,a0efcdc359,8.9756
86,16,30000,0.838616,0.545561,165166,18103,537,biscoito,bda1546675,8.7311
86,17,30000,0.838468,0.545077,165147,18103,537,biscoito,62039a1c18,8.6064
86,18,30000,0.838280,0.543460,165153,18138,536,biscoito,4cfb59dae7,8.5136
86,19,30000,0.838292,0.544150,165200,18106,537,biscoito,5b0ca42a77,8.6151
87,0,30000,0.838280,0.543460,165153,18138,536,biscoito,4cfb59dae7,8.5136
87,1,30000,0.838488,0.545073,165138,18102,537,biscoito,70b69cdb14,9.1978
87,2,30000,0.838476,0.545194,165131,18100,537,biscoito,02a21d3947,8.6584
87,3,30000,0.838316,0.544884,165174,18112,537,biscoito,9771f295da,8.7756
87,4,30000,0.838436,0.544226,165178,18105,537,biscoito,26f6cd3fc0,9.2074
87,5,30000,0.838372,0.544227,165180,18096,537,biscoito,d2f8b9b412,8.5298
87,6,30000,0.838420,0.545059,165148,18111,537,biscoito,be33f4d356,9.5181
87,7,30000,0.838076,0.543801,165228,18089,538,biscoito,9a8a9726ee,8.6955
87,8,30000,0.838731,0.545981,165225,18114,536,biscoito,5a9b5ceab6,8.7885
87,9,30000,0.838272,0.544978,165173,18113,538,biscoito,356835d836,8.3154
87,10,30000,0.838520,0.544034,165186,18098,536,biscoito,a0aea1706e,8.5715
87,11,30000,0.838224,0.544497,165196,18115,538,biscoito,9681213347,8.9066
87,12,30000,0.838264,0.544210,165177,18116,537,biscoito,02fbe48014,8.4596
87,13,30000,0.838276,0.544008,165204,18105,538,biscoito,6f165e39c3,8.5711
87,14,30000,0.838180,0.544190,165202,18123,537,biscoito,d4f961ec45,8.6075
87,15,30000,0.838340,0.544291,165196,18100,537,biscoito,b48e9a6aba,9.3363
87,16,30000,0.837977,0.545940,165197,18120,539,biscoito,b8babac031,8.7239
87,17,30000,0.838108,0.543996,165212,18111,538,biscoito,af140b0750,8.4297
87,18,30000,0.838292,0.544150,165200,18106,537,biscoito,5b0ca42a77,8.6151
87,19,30000,0.838220,0.544129,165194,18105,537,biscoito,cc1072dd48,8.6929
88,0,30000,0.838280,0.543460,165153,18138,536,biscoito,4cfb59dae7,8.5136
88,1,30000,0.838444,0.544331,165166,18111,537,biscoito,1f6151f003,8.4528
88,2,30000,0.838176,0.544158,165198,18118,537,biscoito,83cf444d1b,8.7872
88,3,30000,0.838604,0.544553,165193,18103,537,biscoito,affc3b140c,9.0361
88,4,30000,0.838212,0.546544,165172,18113,539,biscoito,3e813da1e1,9.2391
88,5,30000,0.838436,0.544226,165178,18105,537,biscoito,26f6cd3fc0,9.2074
88,6,30000,0.838608,0.547701,165187,18098,539,biscoito,7bf3bd2d96,8.6149
88,7,30000,0.838212,0.543882,165196,18107,538,biscoito,62a6f16a3d,8.6912
88,8,30000,0.838005,0.543204,165225,18113,537,biscoito,a77c651bdd,8.8850
88,9,30000,0.838388,0.543979,165186,18114,537,biscoito,85c783b930,8.5276
88,10,30000,0.838392,0.544267,165216,18102,536,biscoito,2cf9e6fc8d,8.3432
88,11,30000,0.838140,0.543611,165209,18103,538,biscoito,da0bfe1612,8.5907
88,12,30000,0.838628,0.545604,165133,18111,538,biscoito,3a51b02165,8.7456
88,13,30000,0.838312,0.542991,165208,18129,536,biscoito,cac41abeba,8.6947
88,14,30000,0.838272,0.544145,165149,18105,538,biscoito,4e2881e2b8,8.7411
88,15,30000,0.837977,0.543761,165223,18098,538,biscoito,2f2ebe85d4,10.4252
88,16,30000,0.838156,0.543594,165232,18101,537,biscoito,41c31f1ef0,8.8351
88,17,30000,0.838324,0.544417,165173,18123,537,biscoito,ee936c137a,8.6540
88,18,30000,0.838060,0.544174,165203,18110,538,biscoito,77131d21af,8.5113
88,19,30000,0.838284,0.544002,165204,18103,536,biscoito,fa19efc091,8.4800
89,0,30000,0.838312,0.542991,165208,18129,536,biscoito,cac41abeba,8.6947
89,1,30000,0.837977,0.543761,165223,18098,538,biscoito,2f2ebe85d4,10.4252
89,2,30000,0.837977,0.543761,165223,18098,538,biscoito,2f2ebe85d4,10.4252
89,3,30000,0.838144,0.544473,165213,18054,538,biscoito,b33ce34360,8.5561
89,4,30000,0.837977,0.543761,165223,18098,538,biscoito,2f2ebe85d4,10.4252
89,5,30000,0.838204,0.543055,165207,18103,537,biscoito,245c51d85a,9.0029
89,6,30000,0.838192,0.544262,165211,18113,537,biscoito,03d30abe49,8.8950
89,7,30000,0.838136,0.543454,165233,18107,537,biscoito,9e6bbdad6d,8.4910
89,8,30000,0.838312,0.544345,165217,18089,536,biscoito,6fd00a1144,8.5174
89,9,30000,0.838560,0.544826,165187,18140,539,biscoito,d152a97eb9,8.3114
89,10,30000,0.838428,0.543216,165164,18144,536,biscoito,d4a5d7bf2b,8.6092
89,11,30000,0.838140,0.543611,165209,18103,538,biscoito,da0bfe1612,8.5907
89,12,30000,0.838156,0.543594,165232,18101,537,biscoito,41c31f1ef0,8.8351
89,13,30000,0.838005,0.543204,165225,18113,537,biscoito,a77c651bdd,8.8850
89,14,30000,0.838436,0.544226,165178,18105,537,biscoito,26f6cd3fc0,9.2074
89,15,30000,0.838364,0.542587,165212,18126,535,biscoito,ccb01bd847,8.5609
89,16,30000,0.838184,0.544327,165198,18106,537,biscoito,828d2909ee,8.9934
89,17,30000,0.838120,0.543296,165214,18103,537,biscoito,e4ba708ac3,8.7319
89,18,30000,0.837945,0.544373,165220,18105,539,biscoito,7e31841f19,8.5237
89,19,30000,0.838132,0.544392,165191,18114,537,biscoito,df3ac1d42c,8.3117
90,0,30000,0.838364,0.542587,165212,18126,535,biscoito,ccb01bd847,8.5609
90,1,30000,0.838608,0.544313,165228,18089,538,biscoito,211706f801,8.8386
90,2,30000,0.838340,0.543112,165219,18101,536,biscoito,1f200d99cf,8.6003
90,3,30000,0.838208,0.543150,165252,18107,536,biscoito,e8d36d8277,8.6820
90,4,30000,0.838176,0.543212,165203,18099,537,biscoito,c5708bac43,8.9214
90,5,30000,0.838148,0.543422,165208,18100,537,biscoito,9069cc399c,8.3615
90,6,30000,0.838104,0.546517,165242,18129,538,biscoito,c4f1edb1c4,8.6364
90,7,30000,0.838100,0.543857,165257,18100,538,biscoito,8e31ebd052,8.3692
90,8,30000,0.838013,0.543718,165231,18097,538,biscoito,f2307f9c3e,8.8119
90,9,30000,0.838013,0.544400,165175,18110,539,biscoito,97a0b7b2fc,8.5334
90,10,30000,0.838296,0.545747,165207,18124,538,biscoito,90c46dc8b3,8.4773
90,11,30000,0.838384,0.542891,165200,18148,536,biscoito,4020d4eafd,8.9125
90,12,30000,0.838132,0.542724,165211,18136,535,biscoito,ca307f5319,8.5135
90,13,30000,0.838332,0.544297,165184,18108,538,biscoito,a378ca80a1,8.4245
90,14,30000,0.838072,0.544566,165218,18113,538,biscoito,ef00c5fe1c,8.4475
90,15,30000,0.838124,0.543300,165204,18104,537,biscoito,84fa892e4f,8.7493
90,16,30000,0.838763,0.544632,165131,18158,538,biscoito,7cbd61e61d,8.7911
90,17,30000,0.838268,0.543552,165169,18102,536,biscoito,2f389941ce,8.4828
90,18,30000,0.838204,0.543421,165235,18107,537,biscoito,e965bed075,9.4685
90,19,30000,0.838048,0.543838,165224,18100,538,biscoito,75ce392c65,8.7298
91,0,30000,0.838364,0.542587,165212,18126,535,biscoito,ccb01bd847,8.5609
91,1,30000,0.838044,0.543388,165224,18112,537,biscoito,44c25ee10b,8.7377
91,2,30000,0.838384,0.543398,165174,18139,535,biscoito,f0ad570f07,8.3400
91,3,30000,0.838548,0.543561,165225,18100,536,biscoito,80509f619c,8.7396
91,4,30000,0.838080,0.544375,165155,18114,542,biscoito,ed0efdcbc6,8.3783
91,5,30000,0.838208,0.543717,165239,18106,538,biscoito,04b967ced6,8.5498
91,6,30000,0.838336,0.542687,165206,18129,535,biscoito,6d1561b9d7,8.8432
91,7,30000,0.838176,0.543212,165203,18099,537,biscoito,c5708bac43,8.9214
91,8,30000,0.838176,0.543212,165203,18099,537,biscoito,c5708bac43,8.9214
91,9,30000,0.838260,0.543301,165262,18120,534,biscoito,b87a8e9fc7,8.3528
91,10,30000,0.838180,0.543116,165191,18125,537,biscoito,2974f679bd,8.2246
91,11,30000,0.838060,0.546153,165169,18111,539,biscoito,c28528c89b,8.7106
91,12,30000,0.838436,0.543283,165193,18111,536,biscoito,e8bd7b4c98,8.3423
91,13,30000,0.838208,0.543198,165241,18110,536,biscoito,d784830e04,8.5054
91,14,30000,0.838100,0.543226,165213,18100,537,biscoito,f783000b38,8.4622
91,15,30000,0.838132,0.542724,165211,18136,535,biscoito,ca307f5319,8.5135
91,16,30000,0.838132,0.542724,165211,18136,535,biscoito,ca307f5319,8.5135
91,17,30000,0.838160,0.543298,165237,18107,537,biscoito,c30a393a02,8.9788
91,18,30000,0.838148,0.543331,165199,18107,537,biscoito,269e1808d4,8.4587
91,19,30000,0.838224,0.542891,165221,18104,536,biscoito,2bddccf0f0,8.4080
92,0,30000,0.838364,0.542587,165212,18126,535,biscoito,ccb01bd847,8.5609
92,1,30000,0.838220,0.543528,165236,18119,535,biscoito,0adf52303b,8.4073
92,2,30000,0.838228,0.542630,165198,18124,536,biscoito,7ebecb5852,8.7866
92,3,30000,0.838216,0.547049,165205,18147,537,biscoito,83fd2e9325,8.7457
92,4,30000,0.838624,0.544120,165235,18126,534,biscoito,9f59be6cbc,8.4305
92,5,30000,0.838364,0.542588,165208,18126,535,biscoito,87eec6d5a4,8.7083
92,6,30000,0.838368,0.542711,165205,18130,535,biscoito,f882064f61,8.3171
92,7,30000,0.838056,0.543039,165227,18116,536,biscoito,995e00f477,8.2347
92,8,30000,0.838400,0.542819,165202,18111,536,biscoito,cf01365d92,9.2179
92,9,30000,0.838136,0.543226,165215,18108,537,biscoito,bbcd95c101,9.2927
92,10,30000,0.838488,0.546449,165187,18119,538,biscoito,9f4349016d,8.6926
92,11,30000,0.838356,0.542685,165210,18131,535,biscoito,c79bf708e9,8.6110
92,12,30000,0.838364,0.542586,165211,18125,535,biscoito,28af8e229a,8.7755
92,13,30000,0.838120,0.542926,165227,18106,537,biscoito,a2e0bd3ce7,8.3500
92,14,30000,0.838376,0.543714,165176,18125,536,biscoito,4fff019cc8,8.3506
92,15,30000,0.838304,0.542611,165163,18105,537,biscoito,bed7fc17fe,8.6350
92,16,30000,0.838196,0.543437,165235,18102,536,biscoito,3c6441fffc,8.6046
92,17,30000,0.838036,0.543978,165195,18113,538,biscoito,7e31109617,8.6212
92,18,30000,0.838500,0.543882,165195,18112,538,biscoito,21a27db1cd,8.5024
92,19,30000,0.838336,0.542687,165206,18129,535,biscoito,6d1561b9d7,8.8432
93,0,30000,0.838364,0.542586,165211,18125,535,biscoito,28af8e229a,8.7755
93,1,30000,0.838372,0.542605,165212,18126,535,biscoito,67747accb4,9.6537
93,2,30000,0.838348,0.544953,165235,18163,537,biscoito,8e473e179e,8.7498
93,3,30000,0.838831,0.544821,165181,18106,536,biscoito,58757cae25,8.4746
93,4,30000,0.838376,0.543714,165176,18125,536,biscoito,4fff019cc8,8.3506
93,5,30000,0.838356,0.542607,165207,18124,535,biscoito,a4ada545cb,8.6083
93,6,30000,0.838368,0.542693,165214,18132,535,biscoito,a3d722ef67,8.5370
93,7,30000,0.838088,0.543546,165226,18134,536,biscoito,3963aa5f37,8.3630
93,8,30000,0.838340,0.542661,165210,18132,535,biscoito,bbf1b27129,8.8222
93,9,30000,0.838296,0.542296,165200,18121,536,biscoito,6137962dfe,8.4631
93,10,30000,0.838264,0.542831,165205,18134,535,biscoito,c635875835,8.2760
93,11,30000,0.838368,0.542588,165213,18125,535,biscoito,0b0c2d9d2d,8.3857
93,12,30000,0.838688,0.544554,165169,18098,537,biscoito,7699891363,8.7737
93,13,30000,0.838364,0.542586,165212,18125,535,biscoito,9626f7205b,8.3880
93,14,30000,0.838400,0.542819,165200,18111,536,biscoito,6f4ad21aec,8.2911
93,15,30000,0.838152,0.542098,165216,18121,536,biscoito,10ed3a7917,8.5592
93,16,30000,0.838360,0.542862,165151,18112,537,biscoito,2d725511ec,8.3967
93,17,30000,0.838208,0.544373,165174,18132,535,biscoito,c7a49045ae,8.3485
93,18,30000,0.838787,0.544123,165243,18140,535,biscoito,0333fafa5e,8.2590
93,19,30000,0.838228,0.542630,165198,18124,536,biscoito,7ebecb5852,8.7866
94,0,30000,0.838152,0.542098,165216,18121,536,biscoito,10ed3a7917,8.5592
94,1,30000,0.838144,0.541607,165239,18130,535,biscoito,81ab31da53,8.5499
94,2,30000,0.838304,0.542833,165199,18106,536,biscoito,88c6796955,8.5458
94,3,30000,0.838348,0.542587,165204,18126,535,biscoito,5943363c6e,8.5080
94,4,30000,0.838368,0.542588,165212,18124,535,biscoito,8fa43e9aa2,8.6652
94,5,30000,0.838324,0.542680,165215,18135,535,biscoito,44d0481170,8.4523
94,6,30000,0.838356,0.542306,165196,18114,536,biscoito,4043ef0f82,8.3326
94,7,30000,0.838376,0.543713,165171,18127,536,biscoito,4be83a64a5,8.1433
94,8,30000,0.838368,0.542589,165214,18123,535,biscoito,f86769135d,8.6309
94,9,30000,0.838440,0.542633,165195,18113,536,biscoito,562fe6c9a7,8.6158
94,10,30000,0.838152,0.542449,165215,18118,536,biscoito,67d2e2af28,8.2834
94,11,30000,0.838448,0.542736,165200,18112,536,biscoito,4156a2d91c,8.4811
94,12,30000,0.838144,0.543184,165189,18133,536,biscoito,65c5788620,8.2930
94,13,30000,0.838364,0.542586,165212,18125,535,biscoito,9626f7205b,8.3880
94,14,30000,0.838368,0.542588,165213,18125,535,biscoito,0b0c2d9d2d,8.3857
94,15,30000,0.838208,0.541641,165202,18132,535,biscoito,940e36545d,8.3435
94,16,30000,0.838939,0.544762,165145,18141,538,biscoito,197decaf5d,8.2340
94,17,30000,0.838364,0.542586,165211,18125,535,biscoito,28af8e229a,8.7755
94,18,30000,0.838296,0.542296,165200,18121,536,biscoito,6137962dfe,8.4631
94,19,30000,0.838368,0.542588,165213,18125,535,biscoito,0b0c2d9d2d,8.3857
95,0,30000,0.838144,0.541607,165239,18130,535,biscoito,81ab31da53,8.5499
95,1,30000,0.838208,0.541633,165198,18131,535,biscoito,75bf20b341,8.6152
95,2,30000,0.838364,0.542593,165213,18126,535,biscoito,74655d212e,8.4948
95,3,30000,0.838368,0.542588,165213,18125,535,biscoito,0b0c2d9d2d,8.3857
95,4,30000,0.838348,0.542587,165204,18126,535,biscoito,5943363c6e,8.5080
95,5,30000,0.838364,0.542586,165211,18125,535,biscoito,28af8e229a,8.7755
95,6,30000,0.838368,0.542588,165213,18125,535,biscoito,5e85f2ca10,8.3964
95,7,30000,0.838156,0.542413,165230,18132,535,biscoito,b5dca1cc51,8.7934
95,8,30000,0.838408,0.541884,165208,18120,535,biscoito,252183aa56,8.8938
95,9,30000,0.838300,0.542220,165198,18121,536,biscoito,e69ec3a115,8.2619
95,10,30000,0.838196,0.541623,165202,18136,535,biscoito,8a8d68d3a0,8.3853
95,11,30000,0.838324,0.542572,165219,18134,535,biscoito,16f1ddab54,8.5398
95,12,30000,0.838807,0.543884,165199,18124,536,biscoito,73b331705b,8.7415
95,13,30000,0.838132,0.541955,165215,18118,536,biscoito,2d412207af,8.5092
95,14,30000,0.838144,0.541603,165239,18130,535,biscoito,eb5bc3d802,8.8603
95,15,30000,0.838448,0.542736,165200,18112,536,biscoito,4156a2d91c,8.4811
95,16,30000,0.838364,0.542586,165211,18125,535,biscoito,28af8e229a,8.7755
95,17,30000,0.838144,0.541607,165239,18130,535,biscoito,81ab31da53,8.5499
95,18,30000,0.838144,0.541607,165239,18130,535,biscoito,81ab31da53,8.5499
95,19,30000,0.838148,0.542098,165215,18121,536,biscoito,04806bc0f8,8.5478
96,0,30000,0.838144,0.541603,165239,18130,535,biscoito,eb5bc3d802,8.8603
96,1,30000,0.838144,0.541612,165240,18130,535,biscoito,6c128d9771,8.2426
96,2,30000,0.838160,0.541626,165236,18129,535,biscoito,fe9da4b2c4,8.4018
96,3,30000,0.838204,0.541625,165202,18135,535,biscoito,1c76567eb1,8.6298
96,4,30000,0.838400,0.541882,165210,18120,535,biscoito,44e52db1ab,8.6679
96,5,30000,0.838468,0.545374,165233,18135,538,biscoito,32429e437f,8.2777
96,6,30000,0.838148,0.542098,165215,18121,536,biscoito,04806bc0f8,8.5478
96,7,30000,0.838144,0.541607,165239,18130,535,biscoito,81ab31da53,8.5499
96,8,30000,0.838208,0.541633,165198,18131,535,biscoito,75bf20b341,8.6152
96,9,30000,0.838328,0.541682,165219,18120,535,biscoito,df7efdbf26,8.8948
96,10,30000,0.838132,0.541324,165229,18132,535,biscoito,e5e0f9bbbd,8.7133
96,11,30000,0.838240,0.541767,165227,18131,535,biscoito,0cbde33f42,8.3950
96,12,30000,0.838116,0.541467,165213,18132,535,biscoito,e5827684b0,8.3636
96,13,30000,0.838340,0.542411,165191,18112,536,biscoito,28a0c230ba,8.9630
96,14,30000,0.838763,0.543833,165177,18157,536,biscoito,f7906fc027,10.9284
96,15,30000,0.838160,0.541635,165238,18129,535,biscoito,566966e7ea,8.9627
96,16,30000,0.838164,0.541652,165240,18130,535,biscoito,a766a5926c,8.6813
96,17,30000,0.838356,0.542143,165232,18115,535,biscoito,eee8e3cb0d,8.6788
96,18,30000,0.838144,0.541928,165220,18135,535,biscoito,29f3bf420d,8.5701
96,19,30000,0.838116,0.541998,165218,18121,536,biscoito,70c1a9c276,9.6370
97,0,30000,0.838132,0.541324,165229,18132,535,biscoito,e5e0f9bbbd,8.7133
97,1,30000,0.838520,0.541040,165246,18136,539,biscoito,8d44204181,9.5416
97,2,30000,0.838236,0.541733,165215,18121,535,biscoito,9f9e2b507a,8.6865
97,3,30000,0.838036,0.541450,165242,18134,535,biscoito,b14f8a2277,8.7806
97,4,30000,0.838260,0.541658,165200,18130,535,biscoito,d71706076d,8.5576
97,5,30000,0.838060,0.541569,165213,18137,535,biscoito,e0710bbefb,8.5490
97,6,30000,0.838228,0.541538,165232,18122,535,biscoito,5bbd80c990,8.5510
97,7,30000,0.838076,0.541567,165225,18139,535,biscoito,c74be2e735,8.6682
97,8,30000,0.838392,0.541723,165267,18127,535,biscoito,0b598f715e,8.6020
97,9,30000,0.838372,0.542083,165280,18158,535,biscoito,02bf894d45,8.6200
97,10,30000,0.838124,0.541357,165222,18130,535,biscoito,baa5d6290e,9.0032
97,11,30000,0.838132,0.541335,165234,18133,535,biscoito,00b759f74b,8.8790
97,12,30000,0.838160,0.541635,165238,18131,535,biscoito,429110e771,8.4492
97,13,30000,0.838232,0.541726,165226,18128,535,biscoito,15b6ad54b6,8.5391
97,14,30000,0.838324,0.541828,165218,18121,535,biscoito,4e4bfce7c5,9.5729
97,15,30000,0.838112,0.541522,165199,18130,534,biscoito,bec721a131,10.5810
97,16,30000,0.838132,0.541324,165229,18132,535,biscoito,e5e0f9bbbd,8.7133
97,17,30000,0.838132,0.541324,165229,18132,535,biscoito,e5e0f9bbbd,8.7133
97,18,30000,0.838160,0.541626,165236,18129,535,biscoito,fe9da4b2c4,8.4018
97,19,30000,0.838132,0.541324,165229,18132,535,biscoito,e5e0f9bbbd,8.7133
98,0,30000,0.838520,0.541040,165246,18136,539,biscoito,8d44204181,9.5416
98,1,30000,0.838540,0.542506,165251,18150,540,biscoito,edc60b4e1e,11.1415
98,2,30000,0.838208,0.541263,165231,18128,535,biscoito,8e1d912bb9,10.0871
98,3,30000,0.838132,0.541335,165234,18133,535,biscoito,00b759f74b,8.8790
98,4,30000,0.838448,0.542933,165254,18155,536,biscoito,cd529be66b,9.7543
98,5,30000,0.838364,0.541130,165234,18130,535,biscoito,2ac323de77,9.6703
98,6,30000,0.838336,0.541273,165233,18135,539,biscoito,85896a5c68,9.0059
98,7,30000,0.838504,0.541059,165264,18137,538,biscoito,29bbe6a260,8.6334
98,8,30000,0.838044,0.541388,165216,18134,536,biscoito,818072064a,8.5494
98,9,30000,0.838036,0.541450,165242,18134,535,biscoito,b14f8a2277,8.7806
98,10,30000,0.838160,0.541626,165236,18129,535,biscoito,fe9da4b2c4,8.4018
98,11,30000,0.838520,0.541040,165246,18136,539,biscoito,8d44204181,9.5416
98,12,30000,0.838132,0.541335,165234,18133,535,biscoito,00b759f74b,8.8790
98,13,30000,0.838132,0.541326,165230,18132,535,biscoito,7a15779f43,9.0193
98,14,30000,0.837957,0.542447,165240,18119,536,biscoito,6a101f31ec,8.4230
98,15,30000,0.838096,0.541477,165228,18132,535,biscoito,ffdaabd502,8.3521
98,16,30000,0.838172,0.541558,165232,18136,535,biscoito,26b7fa1f25,8.3383
98,17,30000,0.838432,0.541905,165208,18150,536,biscoito,b145892683,8.6226
98,18,30000,0.838068,0.541266,165230,18134,535,biscoito,b1eb98aee9,8.3880
98,19,30000,0.838132,0.541324,165229,18132,535,biscoito,e5e0f9bbbd,8.7133
99,0,30000,0.838520,0.541040,165246,18136,539,biscoito,8d44204181,9.5416
99,1,30000,0.838560,0.541785,165252,18150,538,biscoito,8b47ee2e5b,8.6171
99,2,30000,0.838204,0.542651,165214,18136,538,biscoito,635698e1fa,9.0714
99,3,30000,0.838332,0.541174,165232,18136,535,biscoito,6f7fecb9a4,8.3410
99,4,30000,0.838124,0.541311,165228,18128,535,biscoito,8c59855838,8.3695
99,5,30000,0.838132,0.541331,165223,18128,535,biscoito,bd59d67677,8.4729
99,6,30000,0.838348,0.543452,165169,18140,537,biscoito,ad1ef0a988,8.9159
99,7,30000,0.838428,0.540990,165241,18142,539,biscoito,e1e51df5e4,8.6975
99,8,30000,0.838236,0.541021,165234,18125,535,biscoito,03d039711e,8.8910
99,9,30000,0.838448,0.545736,165213,18140,540,biscoito,8d80d3ff52,8.5980
99,10,30000,0.837925,0.541287,165193,18121,536,biscoito,1d646b0145,9.2792
99,11,30000,0.838016,0.541313,165227,18134,536,biscoito,0069493288,8.3322
99,12,30000,0.838492,0.541037,165241,18136,539,biscoito,07baade31f,8.6766
99,13,30000,0.838332,0.542769,165264,18134,536,biscoito,f7454fd574,8.6939
99,14,30000,0.838132,0.541324,165228,18132,535,biscoito,c3eb79de7a,8.7216
99,15,30000,0.838056,0.541438,165207,18138,536,biscoito,7e0aa3af74,8.9143
99,16,30000,0.838460,0.540490,165260,18136,538,biscoito,276b31fc04,8.8848
99,17,30000,0.838452,0.541286,165249,18138,539,biscoito,05d4c8f743,8.3694
99,18,30000,0.838851,0.542631,165206,18141,539,biscoito,04dd2f7255,8.3876
99,19,30000,0.838356,0.541829,165265,18141,538,biscoito,fa858ec043,8.6268
100,0,30000,0.838460,0.540490,165260,18136,538,biscoito,276b31fc04,8.8848
100,1,30000,0.838532,0.541814,165269,18146,538,biscoito,33be1ba439,8.8356
100,2,30000,0.838304,0.543768,165198,18117,537,biscoito,c55fef824c,8.5341
100,3,30000,0.837929,0.541017,165267,18128,537,biscoito,cfdaf90a82,9.0193
100,4,30000,0.838739,0.542600,165249,18123,538,biscoito,5e2520304e,8.7282
100,5,30000,0.838616,0.544698,165212,18125,537,biscoito,58181e6b78,8.6090
100,6,30000,0.838707,0.544401,165236,18144,541,biscoito,526bb047de,8.3208
100,7,30000,0.838476,0.541761,165266,18133,538,biscoito,b54ad4c63b,8.8285
100,8,30000,0.838196,0.541320,165205,18135,536,biscoito,78f365992e,8.7216
100,9,30000,0.838616,0.541297,165222,18148,538,biscoito,ee6bb4c28a,8.5041
100,10,30000,0.838104,0.540901,165243,18126,537,biscoito,a69d0d79b3,8.8556
100,11,30000,0.838208,0.543465,165266,18132,539,biscoito,69dff97c23,8.6273
100,12,30000,0.838588,0.541623,165238,18137,539,biscoito,f028504ad4,8.4631
100,13,30000,0.838188,0.540768,165243,18133,535,biscoito,b0a948cbe3,8.4504
100,14,30000,0.838432,0.542224,165257,18146,539,biscoito,cf0b9692b7,8.7746
100,15,30000,0.838763,0.543536,165277,18136,538,biscoito,bbeec20783,8.7469
100,16,30000,0.838256,0.541184,165258,18147,536,biscoito,6abbd63b96,8.8445
100,17,30000,0.838013,0.540694,165239,18118,535,biscoito,fcda534a2b,8.9037
100,18,30000,0.838588,0.543914,165221,18156,538,biscoito,98a9f41964,8.5710
100,19,30000,0.838532,0.540592,165254,18136,538,biscoito,104cccde06,8.4563
