nm_item,nm_product,metric_value_on_eval_set,metric_type,optimization_goal,l0_indices_str
MASSA PLAYDOH UNICO,brinquedo,0.07081484152391251,f1_macro_on_full,minimize,"82577,26117,142042,137452,4653,130457,131656,7869,150273,31336,6386,167987,71895,116357,26197,2884,172590,24749,27021,101472,3143,14170,140005,111788,63934,68916,32481,34738,142474,116684,132810,78949,94365,131620,18930,7800,149917,39469,133970,146935,74139,136032,35502,174420,164970,151469,94706,70275,78835,48866,140128,23541,151162,150544,133424,137574,1427,76192,38513,112719,57213,113631,6336,54186,68454,82373,52170,30100,165321,47271,49019,62701,39698,5027,145627,19316,115936,144960,146799,129378,55469,23402,120567,23561,164151,137010,74269,86870,153867,132210,10359,146182,87593,162145,142884,161426,122295,96885,154188,60189,132022,124740,6281,67968,6121,136391,108609,99353,167724,158095,125806,129456,96265,52558,36778,171576,49803,105618,172706,82710,170041,9056,91589,132914,101519,112757,10252,77710,36605,102335,65833,15371,50184,24095,102230,128937,163729,104705,144547,88666,94917,62179,82258,24674,89608,117096,110425,92439,70121,98010,65246,88521,105379,51346,96149,120888,101830,31697,129331,54790,160152,172617,102539,1740,74020,123530,39820,12260,65767,143273,60371,92179,61876,83884,163656,70746,162069,167196,46684,134634,156855,85248,47561,130981,15654,38176,54896,68239,120500,38179,104214,158747,116708,168903,101942,60981,17408,104979,10037,41012,37273,164131,83414,122226,139562,30904,100223,41689,17622,35426,15772,111934,39863,579,48891,130302,115523,70657,166125,85636,122006,33691,80209,170305,87805,53975,109258,173481,128259,128572,113420,63985,108583,87540,154906,36639,67826,96144,68906,148250,92616,148691,122577,95480,114095,169914,93478,30187,36587,99735"
/BEIJINHO KG,padaria e confeitaria fresca,0.07081484152391251,f1_macro_on_full,minimize,"82577,26117,142042,137452,4653,130457,131656,7869,150273,31336,6386,167987,71895,116357,26197,2884,172590,24749,27021,101472,3143,14170,140005,111788,63934,68916,32481,34738,142474,116684,132810,78949,94365,131620,18930,7800,149917,39469,133970,146935,74139,136032,35502,174420,164970,151469,94706,70275,78835,48866,140128,23541,151162,150544,133424,137574,1427,76192,38513,112719,57213,113631,6336,54186,68454,82373,52170,30100,165321,47271,49019,62701,39698,5027,145627,19316,115936,144960,146799,129378,55469,23402,120567,23561,164151,137010,74269,86870,153867,132210,10359,146182,87593,162145,142884,161426,122295,96885,154188,60189,132022,124740,6281,67968,6121,136391,108609,99353,167724,158095,125806,129456,96265,52558,36778,171576,49803,105618,172706,82710,170041,9056,91589,132914,101519,112757,10252,77710,36605,102335,65833,15371,50184,24095,102230,128937,163729,104705,144547,88666,94917,62179,82258,24674,89608,117096,110425,92439,70121,98010,65246,88521,105379,51346,96149,120888,101830,31697,129331,54790,160152,172617,102539,1740,74020,123530,39820,12260,65767,143273,60371,92179,61876,83884,163656,70746,162069,167196,46684,134634,156855,85248,47561,130981,15654,38176,54896,68239,120500,38179,104214,158747,116708,168903,101942,60981,17408,104979,10037,41012,37273,164131,83414,122226,139562,30904,100223,41689,17622,35426,15772,111934,39863,579,48891,130302,115523,70657,166125,85636,122006,33691,80209,170305,87805,53975,109258,173481,128259,128572,113420,63985,108583,87540,154906,36639,67826,96144,68906,148250,92616,148691,122577,95480,114095,169914,93478,30187,36587,99735"
CDS VH ARG TTO MERLOT  750ML,vinho importado,0.07081484152391251,f1_macro_on_full,minimize,"82577,26117,142042,137452,4653,130457,131656,7869,150273,31336,6386,167987,71895,116357,26197,2884,172590,24749,27021,101472,3143,14170,140005,111788,63934,68916,32481,34738,142474,116684,132810,78949,94365,131620,18930,7800,149917,39469,133970,146935,74139,136032,35502,174420,164970,151469,94706,70275,78835,48866,140128,23541,151162,150544,133424,137574,1427,76192,38513,112719,57213,113631,6336,54186,68454,82373,52170,30100,165321,47271,49019,62701,39698,5027,145627,19316,115936,144960,146799,129378,55469,23402,120567,23561,164151,137010,74269,86870,153867,132210,10359,146182,87593,162145,142884,161426,122295,96885,154188,60189,132022,124740,6281,67968,6121,136391,108609,99353,167724,158095,125806,129456,96265,52558,36778,171576,49803,105618,172706,82710,170041,9056,91589,132914,101519,112757,10252,77710,36605,102335,65833,15371,50184,24095,102230,128937,163729,104705,144547,88666,94917,62179,82258,24674,89608,117096,110425,92439,70121,98010,65246,88521,105379,51346,96149,120888,101830,31697,129331,54790,160152,172617,102539,1740,74020,123530,39820,12260,65767,143273,60371,92179,61876,83884,163656,70746,162069,167196,46684,134634,156855,85248,47561,130981,15654,38176,54896,68239,120500,38179,104214,158747,116708,168903,101942,60981,17408,104979,10037,41012,37273,164131,83414,122226,139562,30904,100223,41689,17622,35426,15772,111934,39863,579,48891,130302,115523,70657,166125,85636,122006,33691,80209,170305,87805,53975,109258,173481,128259,128572,113420,63985,108583,87540,154906,36639,67826,96144,68906,148250,92616,148691,122577,95480,114095,169914,93478,30187,36587,99735"
CERV SKOL PURO MALTE LT 473ML,cerveja,0.07081484152391251,f1_macro_on_full,minimize,"82577,26117,142042,137452,4653,130457,131656,7869,150273,31336,6386,167987,71895,116357,26197,2884,172590,24749,27021,101472,3143,14170,140005,111788,63934,68916,32481,34738,142474,116684,132810,78949,94365,131620,18930,7800,149917,39469,133970,146935,74139,136032,35502,174420,164970,151469,94706,70275,78835,48866,140128,23541,151162,150544,133424,137574,1427,76192,38513,112719,57213,113631,6336,54186,68454,82373,52170,30100,165321,47271,49019,62701,39698,5027,145627,19316,115936,144960,146799,129378,55469,23402,120567,23561,164151,137010,74269,86870,153867,132210,10359,146182,87593,162145,142884,161426,122295,96885,154188,60189,132022,124740,6281,67968,6121,136391,108609,99353,167724,158095,125806,129456,96265,52558,36778,171576,49803,105618,172706,82710,170041,9056,91589,132914,101519,112757,10252,77710,36605,102335,65833,15371,50184,24095,102230,128937,163729,104705,144547,88666,94917,62179,82258,24674,89608,117096,110425,92439,70121,98010,65246,88521,105379,51346,96149,120888,101830,31697,129331,54790,160152,172617,102539,1740,74020,123530,39820,12260,65767,143273,60371,92179,61876,83884,163656,70746,162069,167196,46684,134634,156855,85248,47561,130981,15654,38176,54896,68239,120500,38179,104214,158747,116708,168903,101942,60981,17408,104979,10037,41012,37273,164131,83414,122226,139562,30904,100223,41689,17622,35426,15772,111934,39863,579,48891,130302,115523,70657,166125,85636,122006,33691,80209,170305,87805,53975,109258,173481,128259,128572,113420,63985,108583,87540,154906,36639,67826,96144,68906,148250,92616,148691,122577,95480,114095,169914,93478,30187,36587,99735"
AMEND CRI CRI DCOLON  140G,amendoim,0.07081484152391251,f1_macro_on_full,minimize,"82577,26117,142042,137452,4653,130457,131656,7869,150273,31336,6386,167987,71895,116357,26197,2884,172590,24749,27021,101472,3143,14170,140005,111788,63934,68916,32481,34738,142474,116684,132810,78949,94365,131620,18930,7800,149917,39469,133970,146935,74139,136032,35502,174420,164970,151469,94706,70275,78835,48866,140128,23541,151162,150544,133424,137574,1427,76192,38513,112719,57213,113631,6336,54186,68454,82373,52170,30100,165321,47271,49019,62701,39698,5027,145627,19316,115936,144960,146799,129378,55469,23402,120567,23561,164151,137010,74269,86870,153867,132210,10359,146182,87593,162145,142884,161426,122295,96885,154188,60189,132022,124740,6281,67968,6121,136391,108609,99353,167724,158095,125806,129456,96265,52558,36778,171576,49803,105618,172706,82710,170041,9056,91589,132914,101519,112757,10252,77710,36605,102335,65833,15371,50184,24095,102230,128937,163729,104705,144547,88666,94917,62179,82258,24674,89608,117096,110425,92439,70121,98010,65246,88521,105379,51346,96149,120888,101830,31697,129331,54790,160152,172617,102539,1740,74020,123530,39820,12260,65767,143273,60371,92179,61876,83884,163656,70746,162069,167196,46684,134634,156855,85248,47561,130981,15654,38176,54896,68239,120500,38179,104214,158747,116708,168903,101942,60981,17408,104979,10037,41012,37273,164131,83414,122226,139562,30904,100223,41689,17622,35426,15772,111934,39863,579,48891,130302,115523,70657,166125,85636,122006,33691,80209,170305,87805,53975,109258,173481,128259,128572,113420,63985,108583,87540,154906,36639,67826,96144,68906,148250,92616,148691,122577,95480,114095,169914,93478,30187,36587,99735"
DETERG SANIT PATO PAST ADES CITRUS C/3 UN,pedra sanitaria,0.07081484152391251,f1_macro_on_full,minimize,"82577,26117,142042,137452,4653,130457,131656,7869,150273,31336,6386,167987,71895,116357,26197,2884,172590,24749,27021,101472,3143,14170,140005,111788,63934,68916,32481,34738,142474,116684,132810,78949,94365,131620,18930,7800,149917,39469,133970,146935,74139,136032,35502,174420,164970,151469,94706,70275,78835,48866,140128,23541,151162,150544,133424,137574,1427,76192,38513,112719,57213,113631,6336,54186,68454,82373,52170,30100,165321,47271,49019,62701,39698,5027,145627,19316,115936,144960,146799,129378,55469,23402,120567,23561,164151,137010,74269,86870,153867,132210,10359,146182,87593,162145,142884,161426,122295,96885,154188,60189,132022,124740,6281,67968,6121,136391,108609,99353,167724,158095,125806,129456,96265,52558,36778,171576,49803,105618,172706,82710,170041,9056,91589,132914,101519,112757,10252,77710,36605,102335,65833,15371,50184,24095,102230,128937,163729,104705,144547,88666,94917,62179,82258,24674,89608,117096,110425,92439,70121,98010,65246,88521,105379,51346,96149,120888,101830,31697,129331,54790,160152,172617,102539,1740,74020,123530,39820,12260,65767,143273,60371,92179,61876,83884,163656,70746,162069,167196,46684,134634,156855,85248,47561,130981,15654,38176,54896,68239,120500,38179,104214,158747,116708,168903,101942,60981,17408,104979,10037,41012,37273,164131,83414,122226,139562,30904,100223,41689,17622,35426,15772,111934,39863,579,48891,130302,115523,70657,166125,85636,122006,33691,80209,170305,87805,53975,109258,173481,128259,128572,113420,63985,108583,87540,154906,36639,67826,96144,68906,148250,92616,148691,122577,95480,114095,169914,93478,30187,36587,99735"
"GUARD PAP CAMERATTA C/50 30X29,5",guardanapo,0.07081484152391251,f1_macro_on_full,minimize,"82577,26117,142042,137452,4653,130457,131656,7869,150273,31336,6386,167987,71895,116357,26197,2884,172590,24749,27021,101472,3143,14170,140005,111788,63934,68916,32481,34738,142474,116684,132810,78949,94365,131620,18930,7800,149917,39469,133970,146935,74139,136032,35502,174420,164970,151469,94706,70275,78835,48866,140128,23541,151162,150544,133424,137574,1427,76192,38513,112719,57213,113631,6336,54186,68454,82373,52170,30100,165321,47271,49019,62701,39698,5027,145627,19316,115936,144960,146799,129378,55469,23402,120567,23561,164151,137010,74269,86870,153867,132210,10359,146182,87593,162145,142884,161426,122295,96885,154188,60189,132022,124740,6281,67968,6121,136391,108609,99353,167724,158095,125806,129456,96265,52558,36778,171576,49803,105618,172706,82710,170041,9056,91589,132914,101519,112757,10252,77710,36605,102335,65833,15371,50184,24095,102230,128937,163729,104705,144547,88666,94917,62179,82258,24674,89608,117096,110425,92439,70121,98010,65246,88521,105379,51346,96149,120888,101830,31697,129331,54790,160152,172617,102539,1740,74020,123530,39820,12260,65767,143273,60371,92179,61876,83884,163656,70746,162069,167196,46684,134634,156855,85248,47561,130981,15654,38176,54896,68239,120500,38179,104214,158747,116708,168903,101942,60981,17408,104979,10037,41012,37273,164131,83414,122226,139562,30904,100223,41689,17622,35426,15772,111934,39863,579,48891,130302,115523,70657,166125,85636,122006,33691,80209,170305,87805,53975,109258,173481,128259,128572,113420,63985,108583,87540,154906,36639,67826,96144,68906,148250,92616,148691,122577,95480,114095,169914,93478,30187,36587,99735"
BISC COOKIE PASSATEMPO GOTAS CHOC 60G,biscoito,0.07081484152391251,f1_macro_on_full,minimize,"82577,26117,142042,137452,4653,130457,131656,7869,150273,31336,6386,167987,71895,116357,26197,2884,172590,24749,27021,101472,3143,14170,140005,111788,63934,68916,32481,34738,142474,116684,132810,78949,94365,131620,18930,7800,149917,39469,133970,146935,74139,136032,35502,174420,164970,151469,94706,70275,78835,48866,140128,23541,151162,150544,133424,137574,1427,76192,38513,112719,57213,113631,6336,54186,68454,82373,52170,30100,165321,47271,49019,62701,39698,5027,145627,19316,115936,144960,146799,129378,55469,23402,120567,23561,164151,137010,74269,86870,153867,132210,10359,146182,87593,162145,142884,161426,122295,96885,154188,60189,132022,124740,6281,67968,6121,136391,108609,99353,167724,158095,125806,129456,96265,52558,36778,171576,49803,105618,172706,82710,170041,9056,91589,132914,101519,112757,10252,77710,36605,102335,65833,15371,50184,24095,102230,128937,163729,104705,144547,88666,94917,62179,82258,24674,89608,117096,110425,92439,70121,98010,65246,88521,105379,51346,96149,120888,101830,31697,129331,54790,160152,172617,102539,1740,74020,123530,39820,12260,65767,143273,60371,92179,61876,83884,163656,70746,162069,167196,46684,134634,156855,85248,47561,130981,15654,38176,54896,68239,120500,38179,104214,158747,116708,168903,101942,60981,17408,104979,10037,41012,37273,164131,83414,122226,139562,30904,100223,41689,17622,35426,15772,111934,39863,579,48891,130302,115523,70657,166125,85636,122006,33691,80209,170305,87805,53975,109258,173481,128259,128572,113420,63985,108583,87540,154906,36639,67826,96144,68906,148250,92616,148691,122577,95480,114095,169914,93478,30187,36587,99735"
CX SBCOXA S/DORSO RESF PCT 8KG,carne de ave,0.07081484152391251,f1_macro_on_full,minimize,"82577,26117,142042,137452,4653,130457,131656,7869,150273,31336,6386,167987,71895,116357,26197,2884,172590,24749,27021,101472,3143,14170,140005,111788,63934,68916,32481,34738,142474,116684,132810,78949,94365,131620,18930,7800,149917,39469,133970,146935,74139,136032,35502,174420,164970,151469,94706,70275,78835,48866,140128,23541,151162,150544,133424,137574,1427,76192,38513,112719,57213,113631,6336,54186,68454,82373,52170,30100,165321,47271,49019,62701,39698,5027,145627,19316,115936,144960,146799,129378,55469,23402,120567,23561,164151,137010,74269,86870,153867,132210,10359,146182,87593,162145,142884,161426,122295,96885,154188,60189,132022,124740,6281,67968,6121,136391,108609,99353,167724,158095,125806,129456,96265,52558,36778,171576,49803,105618,172706,82710,170041,9056,91589,132914,101519,112757,10252,77710,36605,102335,65833,15371,50184,24095,102230,128937,163729,104705,144547,88666,94917,62179,82258,24674,89608,117096,110425,92439,70121,98010,65246,88521,105379,51346,96149,120888,101830,31697,129331,54790,160152,172617,102539,1740,74020,123530,39820,12260,65767,143273,60371,92179,61876,83884,163656,70746,162069,167196,46684,134634,156855,85248,47561,130981,15654,38176,54896,68239,120500,38179,104214,158747,116708,168903,101942,60981,17408,104979,10037,41012,37273,164131,83414,122226,139562,30904,100223,41689,17622,35426,15772,111934,39863,579,48891,130302,115523,70657,166125,85636,122006,33691,80209,170305,87805,53975,109258,173481,128259,128572,113420,63985,108583,87540,154906,36639,67826,96144,68906,148250,92616,148691,122577,95480,114095,169914,93478,30187,36587,99735"
AVEIA CBS CHOC 170g,aveia e seus derivados,0.07081484152391251,f1_macro_on_full,minimize,"82577,26117,142042,137452,4653,130457,131656,7869,150273,31336,6386,167987,71895,116357,26197,2884,172590,24749,27021,101472,3143,14170,140005,111788,63934,68916,32481,34738,142474,116684,132810,78949,94365,131620,18930,7800,149917,39469,133970,146935,74139,136032,35502,174420,164970,151469,94706,70275,78835,48866,140128,23541,151162,150544,133424,137574,1427,76192,38513,112719,57213,113631,6336,54186,68454,82373,52170,30100,165321,47271,49019,62701,39698,5027,145627,19316,115936,144960,146799,129378,55469,23402,120567,23561,164151,137010,74269,86870,153867,132210,10359,146182,87593,162145,142884,161426,122295,96885,154188,60189,132022,124740,6281,67968,6121,136391,108609,99353,167724,158095,125806,129456,96265,52558,36778,171576,49803,105618,172706,82710,170041,9056,91589,132914,101519,112757,10252,77710,36605,102335,65833,15371,50184,24095,102230,128937,163729,104705,144547,88666,94917,62179,82258,24674,89608,117096,110425,92439,70121,98010,65246,88521,105379,51346,96149,120888,101830,31697,129331,54790,160152,172617,102539,1740,74020,123530,39820,12260,65767,143273,60371,92179,61876,83884,163656,70746,162069,167196,46684,134634,156855,85248,47561,130981,15654,38176,54896,68239,120500,38179,104214,158747,116708,168903,101942,60981,17408,104979,10037,41012,37273,164131,83414,122226,139562,30904,100223,41689,17622,35426,15772,111934,39863,579,48891,130302,115523,70657,166125,85636,122006,33691,80209,170305,87805,53975,109258,173481,128259,128572,113420,63985,108583,87540,154906,36639,67826,96144,68906,148250,92616,148691,122577,95480,114095,169914,93478,30187,36587,99735"
IOG LIQ COCO DANONE 1250G,iogurte,0.07081484152391251,f1_macro_on_full,minimize,"82577,26117,142042,137452,4653,130457,131656,7869,150273,31336,6386,167987,71895,116357,26197,2884,172590,24749,27021,101472,3143,14170,140005,111788,63934,68916,32481,34738,142474,116684,132810,78949,94365,131620,18930,7800,149917,39469,133970,146935,74139,136032,35502,174420,164970,151469,94706,70275,78835,48866,140128,23541,151162,150544,133424,137574,1427,76192,38513,112719,57213,113631,6336,54186,68454,82373,52170,30100,165321,47271,49019,62701,39698,5027,145627,19316,115936,144960,146799,129378,55469,23402,120567,23561,164151,137010,74269,86870,153867,132210,10359,146182,87593,162145,142884,161426,122295,96885,154188,60189,132022,124740,6281,67968,6121,136391,108609,99353,167724,158095,125806,129456,96265,52558,36778,171576,49803,105618,172706,82710,170041,9056,91589,132914,101519,112757,10252,77710,36605,102335,65833,15371,50184,24095,102230,128937,163729,104705,144547,88666,94917,62179,82258,24674,89608,117096,110425,92439,70121,98010,65246,88521,105379,51346,96149,120888,101830,31697,129331,54790,160152,172617,102539,1740,74020,123530,39820,12260,65767,143273,60371,92179,61876,83884,163656,70746,162069,167196,46684,134634,156855,85248,47561,130981,15654,38176,54896,68239,120500,38179,104214,158747,116708,168903,101942,60981,17408,104979,10037,41012,37273,164131,83414,122226,139562,30904,100223,41689,17622,35426,15772,111934,39863,579,48891,130302,115523,70657,166125,85636,122006,33691,80209,170305,87805,53975,109258,173481,128259,128572,113420,63985,108583,87540,154906,36639,67826,96144,68906,148250,92616,148691,122577,95480,114095,169914,93478,30187,36587,99735"
CAST CAJU TOR PEDACOS AMIGOS DO BEM 150G,"nozes, castanhas e outras oleaginosas",0.07081484152391251,f1_macro_on_full,minimize,"82577,26117,142042,137452,4653,130457,131656,7869,150273,31336,6386,167987,71895,116357,26197,2884,172590,24749,27021,101472,3143,14170,140005,111788,63934,68916,32481,34738,142474,116684,132810,78949,94365,131620,18930,7800,149917,39469,133970,146935,74139,136032,35502,174420,164970,151469,94706,70275,78835,48866,140128,23541,151162,150544,133424,137574,1427,76192,38513,112719,57213,113631,6336,54186,68454,82373,52170,30100,165321,47271,49019,62701,39698,5027,145627,19316,115936,144960,146799,129378,55469,23402,120567,23561,164151,137010,74269,86870,153867,132210,10359,146182,87593,162145,142884,161426,122295,96885,154188,60189,132022,124740,6281,67968,6121,136391,108609,99353,167724,158095,125806,129456,96265,52558,36778,171576,49803,105618,172706,82710,170041,9056,91589,132914,101519,112757,10252,77710,36605,102335,65833,15371,50184,24095,102230,128937,163729,104705,144547,88666,94917,62179,82258,24674,89608,117096,110425,92439,70121,98010,65246,88521,105379,51346,96149,120888,101830,31697,129331,54790,160152,172617,102539,1740,74020,123530,39820,12260,65767,143273,60371,92179,61876,83884,163656,70746,162069,167196,46684,134634,156855,85248,47561,130981,15654,38176,54896,68239,120500,38179,104214,158747,116708,168903,101942,60981,17408,104979,10037,41012,37273,164131,83414,122226,139562,30904,100223,41689,17622,35426,15772,111934,39863,579,48891,130302,115523,70657,166125,85636,122006,33691,80209,170305,87805,53975,109258,173481,128259,128572,113420,63985,108583,87540,154906,36639,67826,96144,68906,148250,92616,148691,122577,95480,114095,169914,93478,30187,36587,99735"
FILME PVC GLOBOPACK 15MT,plastico filme,0.07081484152391251,f1_macro_on_full,minimize,"82577,26117,142042,137452,4653,130457,131656,7869,150273,31336,6386,167987,71895,116357,26197,2884,172590,24749,27021,101472,3143,14170,140005,111788,63934,68916,32481,34738,142474,116684,132810,78949,94365,131620,18930,7800,149917,39469,133970,146935,74139,136032,35502,174420,164970,151469,94706,70275,78835,48866,140128,23541,151162,150544,133424,137574,1427,76192,38513,112719,57213,113631,6336,54186,68454,82373,52170,30100,165321,47271,49019,62701,39698,5027,145627,19316,115936,144960,146799,129378,55469,23402,120567,23561,164151,137010,74269,86870,153867,132210,10359,146182,87593,162145,142884,161426,122295,96885,154188,60189,132022,124740,6281,67968,6121,136391,108609,99353,167724,158095,125806,129456,96265,52558,36778,171576,49803,105618,172706,82710,170041,9056,91589,132914,101519,112757,10252,77710,36605,102335,65833,15371,50184,24095,102230,128937,163729,104705,144547,88666,94917,62179,82258,24674,89608,117096,110425,92439,70121,98010,65246,88521,105379,51346,96149,120888,101830,31697,129331,54790,160152,172617,102539,1740,74020,123530,39820,12260,65767,143273,60371,92179,61876,83884,163656,70746,162069,167196,46684,134634,156855,85248,47561,130981,15654,38176,54896,68239,120500,38179,104214,158747,116708,168903,101942,60981,17408,104979,10037,41012,37273,164131,83414,122226,139562,30904,100223,41689,17622,35426,15772,111934,39863,579,48891,130302,115523,70657,166125,85636,122006,33691,80209,170305,87805,53975,109258,173481,128259,128572,113420,63985,108583,87540,154906,36639,67826,96144,68906,148250,92616,148691,122577,95480,114095,169914,93478,30187,36587,99735"
SUCO DEL VALLE FRUT LARANJA 1L,suco pronto,0.07081484152391251,f1_macro_on_full,minimize,"82577,26117,142042,137452,4653,130457,131656,7869,150273,31336,6386,167987,71895,116357,26197,2884,172590,24749,27021,101472,3143,14170,140005,111788,63934,68916,32481,34738,142474,116684,132810,78949,94365,131620,18930,7800,149917,39469,133970,146935,74139,136032,35502,174420,164970,151469,94706,70275,78835,48866,140128,23541,151162,150544,133424,137574,1427,76192,38513,112719,57213,113631,6336,54186,68454,82373,52170,30100,165321,47271,49019,62701,39698,5027,145627,19316,115936,144960,146799,129378,55469,23402,120567,23561,164151,137010,74269,86870,153867,132210,10359,146182,87593,162145,142884,161426,122295,96885,154188,60189,132022,124740,6281,67968,6121,136391,108609,99353,167724,158095,125806,129456,96265,52558,36778,171576,49803,105618,172706,82710,170041,9056,91589,132914,101519,112757,10252,77710,36605,102335,65833,15371,50184,24095,102230,128937,163729,104705,144547,88666,94917,62179,82258,24674,89608,117096,110425,92439,70121,98010,65246,88521,105379,51346,96149,120888,101830,31697,129331,54790,160152,172617,102539,1740,74020,123530,39820,12260,65767,143273,60371,92179,61876,83884,163656,70746,162069,167196,46684,134634,156855,85248,47561,130981,15654,38176,54896,68239,120500,38179,104214,158747,116708,168903,101942,60981,17408,104979,10037,41012,37273,164131,83414,122226,139562,30904,100223,41689,17622,35426,15772,111934,39863,579,48891,130302,115523,70657,166125,85636,122006,33691,80209,170305,87805,53975,109258,173481,128259,128572,113420,63985,108583,87540,154906,36639,67826,96144,68906,148250,92616,148691,122577,95480,114095,169914,93478,30187,36587,99735"
MARG PURO SABOR 250G,margarina,0.07081484152391251,f1_macro_on_full,minimize,"82577,26117,142042,137452,4653,130457,131656,7869,150273,31336,6386,167987,71895,116357,26197,2884,172590,24749,27021,101472,3143,14170,140005,111788,63934,68916,32481,34738,142474,116684,132810,78949,94365,131620,18930,7800,149917,39469,133970,146935,74139,136032,35502,174420,164970,151469,94706,70275,78835,48866,140128,23541,151162,150544,133424,137574,1427,76192,38513,112719,57213,113631,6336,54186,68454,82373,52170,30100,165321,47271,49019,62701,39698,5027,145627,19316,115936,144960,146799,129378,55469,23402,120567,23561,164151,137010,74269,86870,153867,132210,10359,146182,87593,162145,142884,161426,122295,96885,154188,60189,132022,124740,6281,67968,6121,136391,108609,99353,167724,158095,125806,129456,96265,52558,36778,171576,49803,105618,172706,82710,170041,9056,91589,132914,101519,112757,10252,77710,36605,102335,65833,15371,50184,24095,102230,128937,163729,104705,144547,88666,94917,62179,82258,24674,89608,117096,110425,92439,70121,98010,65246,88521,105379,51346,96149,120888,101830,31697,129331,54790,160152,172617,102539,1740,74020,123530,39820,12260,65767,143273,60371,92179,61876,83884,163656,70746,162069,167196,46684,134634,156855,85248,47561,130981,15654,38176,54896,68239,120500,38179,104214,158747,116708,168903,101942,60981,17408,104979,10037,41012,37273,164131,83414,122226,139562,30904,100223,41689,17622,35426,15772,111934,39863,579,48891,130302,115523,70657,166125,85636,122006,33691,80209,170305,87805,53975,109258,173481,128259,128572,113420,63985,108583,87540,154906,36639,67826,96144,68906,148250,92616,148691,122577,95480,114095,169914,93478,30187,36587,99735"
CHOC WAFER DADINHO BLACK BITZ 105G,chocolate,0.07081484152391251,f1_macro_on_full,minimize,"82577,26117,142042,137452,4653,130457,131656,7869,150273,31336,6386,167987,71895,116357,26197,2884,172590,24749,27021,101472,3143,14170,140005,111788,63934,68916,32481,34738,142474,116684,132810,78949,94365,131620,18930,7800,149917,39469,133970,146935,74139,136032,35502,174420,164970,151469,94706,70275,78835,48866,140128,23541,151162,150544,133424,137574,1427,76192,38513,112719,57213,113631,6336,54186,68454,82373,52170,30100,165321,47271,49019,62701,39698,5027,145627,19316,115936,144960,146799,129378,55469,23402,120567,23561,164151,137010,74269,86870,153867,132210,10359,146182,87593,162145,142884,161426,122295,96885,154188,60189,132022,124740,6281,67968,6121,136391,108609,99353,167724,158095,125806,129456,96265,52558,36778,171576,49803,105618,172706,82710,170041,9056,91589,132914,101519,112757,10252,77710,36605,102335,65833,15371,50184,24095,102230,128937,163729,104705,144547,88666,94917,62179,82258,24674,89608,117096,110425,92439,70121,98010,65246,88521,105379,51346,96149,120888,101830,31697,129331,54790,160152,172617,102539,1740,74020,123530,39820,12260,65767,143273,60371,92179,61876,83884,163656,70746,162069,167196,46684,134634,156855,85248,47561,130981,15654,38176,54896,68239,120500,38179,104214,158747,116708,168903,101942,60981,17408,104979,10037,41012,37273,164131,83414,122226,139562,30904,100223,41689,17622,35426,15772,111934,39863,579,48891,130302,115523,70657,166125,85636,122006,33691,80209,170305,87805,53975,109258,173481,128259,128572,113420,63985,108583,87540,154906,36639,67826,96144,68906,148250,92616,148691,122577,95480,114095,169914,93478,30187,36587,99735"
GELATINA PREDILECTA FRAMB 30G,gelatina,0.07081484152391251,f1_macro_on_full,minimize,"82577,26117,142042,137452,4653,130457,131656,7869,150273,31336,6386,167987,71895,116357,26197,2884,172590,24749,27021,101472,3143,14170,140005,111788,63934,68916,32481,34738,142474,116684,132810,78949,94365,131620,18930,7800,149917,39469,133970,146935,74139,136032,35502,174420,164970,151469,94706,70275,78835,48866,140128,23541,151162,150544,133424,137574,1427,76192,38513,112719,57213,113631,6336,54186,68454,82373,52170,30100,165321,47271,49019,62701,39698,5027,145627,19316,115936,144960,146799,129378,55469,23402,120567,23561,164151,137010,74269,86870,153867,132210,10359,146182,87593,162145,142884,161426,122295,96885,154188,60189,132022,124740,6281,67968,6121,136391,108609,99353,167724,158095,125806,129456,96265,52558,36778,171576,49803,105618,172706,82710,170041,9056,91589,132914,101519,112757,10252,77710,36605,102335,65833,15371,50184,24095,102230,128937,163729,104705,144547,88666,94917,62179,82258,24674,89608,117096,110425,92439,70121,98010,65246,88521,105379,51346,96149,120888,101830,31697,129331,54790,160152,172617,102539,1740,74020,123530,39820,12260,65767,143273,60371,92179,61876,83884,163656,70746,162069,167196,46684,134634,156855,85248,47561,130981,15654,38176,54896,68239,120500,38179,104214,158747,116708,168903,101942,60981,17408,104979,10037,41012,37273,164131,83414,122226,139562,30904,100223,41689,17622,35426,15772,111934,39863,579,48891,130302,115523,70657,166125,85636,122006,33691,80209,170305,87805,53975,109258,173481,128259,128572,113420,63985,108583,87540,154906,36639,67826,96144,68906,148250,92616,148691,122577,95480,114095,169914,93478,30187,36587,99735"
COLOMBA MAXI BAUDUCCO CARAM SNIKERS 600G,panificacao pascoa,0.07081484152391251,f1_macro_on_full,minimize,"82577,26117,142042,137452,4653,130457,131656,7869,150273,31336,6386,167987,71895,116357,26197,2884,172590,24749,27021,101472,3143,14170,140005,111788,63934,68916,32481,34738,142474,116684,132810,78949,94365,131620,18930,7800,149917,39469,133970,146935,74139,136032,35502,174420,164970,151469,94706,70275,78835,48866,140128,23541,151162,150544,133424,137574,1427,76192,38513,112719,57213,113631,6336,54186,68454,82373,52170,30100,165321,47271,49019,62701,39698,5027,145627,19316,115936,144960,146799,129378,55469,23402,120567,23561,164151,137010,74269,86870,153867,132210,10359,146182,87593,162145,142884,161426,122295,96885,154188,60189,132022,124740,6281,67968,6121,136391,108609,99353,167724,158095,125806,129456,96265,52558,36778,171576,49803,105618,172706,82710,170041,9056,91589,132914,101519,112757,10252,77710,36605,102335,65833,15371,50184,24095,102230,128937,163729,104705,144547,88666,94917,62179,82258,24674,89608,117096,110425,92439,70121,98010,65246,88521,105379,51346,96149,120888,101830,31697,129331,54790,160152,172617,102539,1740,74020,123530,39820,12260,65767,143273,60371,92179,61876,83884,163656,70746,162069,167196,46684,134634,156855,85248,47561,130981,15654,38176,54896,68239,120500,38179,104214,158747,116708,168903,101942,60981,17408,104979,10037,41012,37273,164131,83414,122226,139562,30904,100223,41689,17622,35426,15772,111934,39863,579,48891,130302,115523,70657,166125,85636,122006,33691,80209,170305,87805,53975,109258,173481,128259,128572,113420,63985,108583,87540,154906,36639,67826,96144,68906,148250,92616,148691,122577,95480,114095,169914,93478,30187,36587,99735"
MANT ITAMBE 200GR C/SAL,manteiga,0.07081484152391251,f1_macro_on_full,minimize,"82577,26117,142042,137452,4653,130457,131656,7869,150273,31336,6386,167987,71895,116357,26197,2884,172590,24749,27021,101472,3143,14170,140005,111788,63934,68916,32481,34738,142474,116684,132810,78949,94365,131620,18930,7800,149917,39469,133970,146935,74139,136032,35502,174420,164970,151469,94706,70275,78835,48866,140128,23541,151162,150544,133424,137574,1427,76192,38513,112719,57213,113631,6336,54186,68454,82373,52170,30100,165321,47271,49019,62701,39698,5027,145627,19316,115936,144960,146799,129378,55469,23402,120567,23561,164151,137010,74269,86870,153867,132210,10359,146182,87593,162145,142884,161426,122295,96885,154188,60189,132022,124740,6281,67968,6121,136391,108609,99353,167724,158095,125806,129456,96265,52558,36778,171576,49803,105618,172706,82710,170041,9056,91589,132914,101519,112757,10252,77710,36605,102335,65833,15371,50184,24095,102230,128937,163729,104705,144547,88666,94917,62179,82258,24674,89608,117096,110425,92439,70121,98010,65246,88521,105379,51346,96149,120888,101830,31697,129331,54790,160152,172617,102539,1740,74020,123530,39820,12260,65767,143273,60371,92179,61876,83884,163656,70746,162069,167196,46684,134634,156855,85248,47561,130981,15654,38176,54896,68239,120500,38179,104214,158747,116708,168903,101942,60981,17408,104979,10037,41012,37273,164131,83414,122226,139562,30904,100223,41689,17622,35426,15772,111934,39863,579,48891,130302,115523,70657,166125,85636,122006,33691,80209,170305,87805,53975,109258,173481,128259,128572,113420,63985,108583,87540,154906,36639,67826,96144,68906,148250,92616,148691,122577,95480,114095,169914,93478,30187,36587,99735"
OVO VERM GD CAIP C20 UN GOLDEN,ovo,0.07081484152391251,f1_macro_on_full,minimize,"82577,26117,142042,137452,4653,130457,131656,7869,150273,31336,6386,167987,71895,116357,26197,2884,172590,24749,27021,101472,3143,14170,140005,111788,63934,68916,32481,34738,142474,116684,132810,78949,94365,131620,18930,7800,149917,39469,133970,146935,74139,136032,35502,174420,164970,151469,94706,70275,78835,48866,140128,23541,151162,150544,133424,137574,1427,76192,38513,112719,57213,113631,6336,54186,68454,82373,52170,30100,165321,47271,49019,62701,39698,5027,145627,19316,115936,144960,146799,129378,55469,23402,120567,23561,164151,137010,74269,86870,153867,132210,10359,146182,87593,162145,142884,161426,122295,96885,154188,60189,132022,124740,6281,67968,6121,136391,108609,99353,167724,158095,125806,129456,96265,52558,36778,171576,49803,105618,172706,82710,170041,9056,91589,132914,101519,112757,10252,77710,36605,102335,65833,15371,50184,24095,102230,128937,163729,104705,144547,88666,94917,62179,82258,24674,89608,117096,110425,92439,70121,98010,65246,88521,105379,51346,96149,120888,101830,31697,129331,54790,160152,172617,102539,1740,74020,123530,39820,12260,65767,143273,60371,92179,61876,83884,163656,70746,162069,167196,46684,134634,156855,85248,47561,130981,15654,38176,54896,68239,120500,38179,104214,158747,116708,168903,101942,60981,17408,104979,10037,41012,37273,164131,83414,122226,139562,30904,100223,41689,17622,35426,15772,111934,39863,579,48891,130302,115523,70657,166125,85636,122006,33691,80209,170305,87805,53975,109258,173481,128259,128572,113420,63985,108583,87540,154906,36639,67826,96144,68906,148250,92616,148691,122577,95480,114095,169914,93478,30187,36587,99735"
"BISC PIT STOP, 162G ORIGINAL",biscoito,0.07081484152391251,f1_macro_on_full,minimize,"82577,26117,142042,137452,4653,130457,131656,7869,150273,31336,6386,167987,71895,116357,26197,2884,172590,24749,27021,101472,3143,14170,140005,111788,63934,68916,32481,34738,142474,116684,132810,78949,94365,131620,18930,7800,149917,39469,133970,146935,74139,136032,35502,174420,164970,151469,94706,70275,78835,48866,140128,23541,151162,150544,133424,137574,1427,76192,38513,112719,57213,113631,6336,54186,68454,82373,52170,30100,165321,47271,49019,62701,39698,5027,145627,19316,115936,144960,146799,129378,55469,23402,120567,23561,164151,137010,74269,86870,153867,132210,10359,146182,87593,162145,142884,161426,122295,96885,154188,60189,132022,124740,6281,67968,6121,136391,108609,99353,167724,158095,125806,129456,96265,52558,36778,171576,49803,105618,172706,82710,170041,9056,91589,132914,101519,112757,10252,77710,36605,102335,65833,15371,50184,24095,102230,128937,163729,104705,144547,88666,94917,62179,82258,24674,89608,117096,110425,92439,70121,98010,65246,88521,105379,51346,96149,120888,101830,31697,129331,54790,160152,172617,102539,1740,74020,123530,39820,12260,65767,143273,60371,92179,61876,83884,163656,70746,162069,167196,46684,134634,156855,85248,47561,130981,15654,38176,54896,68239,120500,38179,104214,158747,116708,168903,101942,60981,17408,104979,10037,41012,37273,164131,83414,122226,139562,30904,100223,41689,17622,35426,15772,111934,39863,579,48891,130302,115523,70657,166125,85636,122006,33691,80209,170305,87805,53975,109258,173481,128259,128572,113420,63985,108583,87540,154906,36639,67826,96144,68906,148250,92616,148691,122577,95480,114095,169914,93478,30187,36587,99735"
CAMARAO CRU DESCASCADO COSTA SUL 400G,fruto do mar,0.07081484152391251,f1_macro_on_full,minimize,"82577,26117,142042,137452,4653,130457,131656,7869,150273,31336,6386,167987,71895,116357,26197,2884,172590,24749,27021,101472,3143,14170,140005,111788,63934,68916,32481,34738,142474,116684,132810,78949,94365,131620,18930,7800,149917,39469,133970,146935,74139,136032,35502,174420,164970,151469,94706,70275,78835,48866,140128,23541,151162,150544,133424,137574,1427,76192,38513,112719,57213,113631,6336,54186,68454,82373,52170,30100,165321,47271,49019,62701,39698,5027,145627,19316,115936,144960,146799,129378,55469,23402,120567,23561,164151,137010,74269,86870,153867,132210,10359,146182,87593,162145,142884,161426,122295,96885,154188,60189,132022,124740,6281,67968,6121,136391,108609,99353,167724,158095,125806,129456,96265,52558,36778,171576,49803,105618,172706,82710,170041,9056,91589,132914,101519,112757,10252,77710,36605,102335,65833,15371,50184,24095,102230,128937,163729,104705,144547,88666,94917,62179,82258,24674,89608,117096,110425,92439,70121,98010,65246,88521,105379,51346,96149,120888,101830,31697,129331,54790,160152,172617,102539,1740,74020,123530,39820,12260,65767,143273,60371,92179,61876,83884,163656,70746,162069,167196,46684,134634,156855,85248,47561,130981,15654,38176,54896,68239,120500,38179,104214,158747,116708,168903,101942,60981,17408,104979,10037,41012,37273,164131,83414,122226,139562,30904,100223,41689,17622,35426,15772,111934,39863,579,48891,130302,115523,70657,166125,85636,122006,33691,80209,170305,87805,53975,109258,173481,128259,128572,113420,63985,108583,87540,154906,36639,67826,96144,68906,148250,92616,148691,122577,95480,114095,169914,93478,30187,36587,99735"
CARRO MATTEL HOT WHEELS BAS C4982,carrinho,0.07081484152391251,f1_macro_on_full,minimize,"82577,26117,142042,137452,4653,130457,131656,7869,150273,31336,6386,167987,71895,116357,26197,2884,172590,24749,27021,101472,3143,14170,140005,111788,63934,68916,32481,34738,142474,116684,132810,78949,94365,131620,18930,7800,149917,39469,133970,146935,74139,136032,35502,174420,164970,151469,94706,70275,78835,48866,140128,23541,151162,150544,133424,137574,1427,76192,38513,112719,57213,113631,6336,54186,68454,82373,52170,30100,165321,47271,49019,62701,39698,5027,145627,19316,115936,144960,146799,129378,55469,23402,120567,23561,164151,137010,74269,86870,153867,132210,10359,146182,87593,162145,142884,161426,122295,96885,154188,60189,132022,124740,6281,67968,6121,136391,108609,99353,167724,158095,125806,129456,96265,52558,36778,171576,49803,105618,172706,82710,170041,9056,91589,132914,101519,112757,10252,77710,36605,102335,65833,15371,50184,24095,102230,128937,163729,104705,144547,88666,94917,62179,82258,24674,89608,117096,110425,92439,70121,98010,65246,88521,105379,51346,96149,120888,101830,31697,129331,54790,160152,172617,102539,1740,74020,123530,39820,12260,65767,143273,60371,92179,61876,83884,163656,70746,162069,167196,46684,134634,156855,85248,47561,130981,15654,38176,54896,68239,120500,38179,104214,158747,116708,168903,101942,60981,17408,104979,10037,41012,37273,164131,83414,122226,139562,30904,100223,41689,17622,35426,15772,111934,39863,579,48891,130302,115523,70657,166125,85636,122006,33691,80209,170305,87805,53975,109258,173481,128259,128572,113420,63985,108583,87540,154906,36639,67826,96144,68906,148250,92616,148691,122577,95480,114095,169914,93478,30187,36587,99735"
SOBREPALETA SUINA SEARA RESERVA S/OSSOKG,carne suina,0.07081484152391251,f1_macro_on_full,minimize,"82577,26117,142042,137452,4653,130457,131656,7869,150273,31336,6386,167987,71895,116357,26197,2884,172590,24749,27021,101472,3143,14170,140005,111788,63934,68916,32481,34738,142474,116684,132810,78949,94365,131620,18930,7800,149917,39469,133970,146935,74139,136032,35502,174420,164970,151469,94706,70275,78835,48866,140128,23541,151162,150544,133424,137574,1427,76192,38513,112719,57213,113631,6336,54186,68454,82373,52170,30100,165321,47271,49019,62701,39698,5027,145627,19316,115936,144960,146799,129378,55469,23402,120567,23561,164151,137010,74269,86870,153867,132210,10359,146182,87593,162145,142884,161426,122295,96885,154188,60189,132022,124740,6281,67968,6121,136391,108609,99353,167724,158095,125806,129456,96265,52558,36778,171576,49803,105618,172706,82710,170041,9056,91589,132914,101519,112757,10252,77710,36605,102335,65833,15371,50184,24095,102230,128937,163729,104705,144547,88666,94917,62179,82258,24674,89608,117096,110425,92439,70121,98010,65246,88521,105379,51346,96149,120888,101830,31697,129331,54790,160152,172617,102539,1740,74020,123530,39820,12260,65767,143273,60371,92179,61876,83884,163656,70746,162069,167196,46684,134634,156855,85248,47561,130981,15654,38176,54896,68239,120500,38179,104214,158747,116708,168903,101942,60981,17408,104979,10037,41012,37273,164131,83414,122226,139562,30904,100223,41689,17622,35426,15772,111934,39863,579,48891,130302,115523,70657,166125,85636,122006,33691,80209,170305,87805,53975,109258,173481,128259,128572,113420,63985,108583,87540,154906,36639,67826,96144,68906,148250,92616,148691,122577,95480,114095,169914,93478,30187,36587,99735"
GOIABADA TAMBAU POTE 600G,goiabada,0.07081484152391251,f1_macro_on_full,minimize,"82577,26117,142042,137452,4653,130457,131656,7869,150273,31336,6386,167987,71895,116357,26197,2884,172590,24749,27021,101472,3143,14170,140005,111788,63934,68916,32481,34738,142474,116684,132810,78949,94365,131620,18930,7800,149917,39469,133970,146935,74139,136032,35502,174420,164970,151469,94706,70275,78835,48866,140128,23541,151162,150544,133424,137574,1427,76192,38513,112719,57213,113631,6336,54186,68454,82373,52170,30100,165321,47271,49019,62701,39698,5027,145627,19316,115936,144960,146799,129378,55469,23402,120567,23561,164151,137010,74269,86870,153867,132210,10359,146182,87593,162145,142884,161426,122295,96885,154188,60189,132022,124740,6281,67968,6121,136391,108609,99353,167724,158095,125806,129456,96265,52558,36778,171576,49803,105618,172706,82710,170041,9056,91589,132914,101519,112757,10252,77710,36605,102335,65833,15371,50184,24095,102230,128937,163729,104705,144547,88666,94917,62179,82258,24674,89608,117096,110425,92439,70121,98010,65246,88521,105379,51346,96149,120888,101830,31697,129331,54790,160152,172617,102539,1740,74020,123530,39820,12260,65767,143273,60371,92179,61876,83884,163656,70746,162069,167196,46684,134634,156855,85248,47561,130981,15654,38176,54896,68239,120500,38179,104214,158747,116708,168903,101942,60981,17408,104979,10037,41012,37273,164131,83414,122226,139562,30904,100223,41689,17622,35426,15772,111934,39863,579,48891,130302,115523,70657,166125,85636,122006,33691,80209,170305,87805,53975,109258,173481,128259,128572,113420,63985,108583,87540,154906,36639,67826,96144,68906,148250,92616,148691,122577,95480,114095,169914,93478,30187,36587,99735"
BISC MILKA 180G CHOCO WAFER,biscoito,0.07081484152391251,f1_macro_on_full,minimize,"82577,26117,142042,137452,4653,130457,131656,7869,150273,31336,6386,167987,71895,116357,26197,2884,172590,24749,27021,101472,3143,14170,140005,111788,63934,68916,32481,34738,142474,116684,132810,78949,94365,131620,18930,7800,149917,39469,133970,146935,74139,136032,35502,174420,164970,151469,94706,70275,78835,48866,140128,23541,151162,150544,133424,137574,1427,76192,38513,112719,57213,113631,6336,54186,68454,82373,52170,30100,165321,47271,49019,62701,39698,5027,145627,19316,115936,144960,146799,129378,55469,23402,120567,23561,164151,137010,74269,86870,153867,132210,10359,146182,87593,162145,142884,161426,122295,96885,154188,60189,132022,124740,6281,67968,6121,136391,108609,99353,167724,158095,125806,129456,96265,52558,36778,171576,49803,105618,172706,82710,170041,9056,91589,132914,101519,112757,10252,77710,36605,102335,65833,15371,50184,24095,102230,128937,163729,104705,144547,88666,94917,62179,82258,24674,89608,117096,110425,92439,70121,98010,65246,88521,105379,51346,96149,120888,101830,31697,129331,54790,160152,172617,102539,1740,74020,123530,39820,12260,65767,143273,60371,92179,61876,83884,163656,70746,162069,167196,46684,134634,156855,85248,47561,130981,15654,38176,54896,68239,120500,38179,104214,158747,116708,168903,101942,60981,17408,104979,10037,41012,37273,164131,83414,122226,139562,30904,100223,41689,17622,35426,15772,111934,39863,579,48891,130302,115523,70657,166125,85636,122006,33691,80209,170305,87805,53975,109258,173481,128259,128572,113420,63985,108583,87540,154906,36639,67826,96144,68906,148250,92616,148691,122577,95480,114095,169914,93478,30187,36587,99735"
BEB ENERG BALY 473ML-LT FRUTAS TROP,energetico,0.07081484152391251,f1_macro_on_full,minimize,"82577,26117,142042,137452,4653,130457,131656,7869,150273,31336,6386,167987,71895,116357,26197,2884,172590,24749,27021,101472,3143,14170,140005,111788,63934,68916,32481,34738,142474,116684,132810,78949,94365,131620,18930,7800,149917,39469,133970,146935,74139,136032,35502,174420,164970,151469,94706,70275,78835,48866,140128,23541,151162,150544,133424,137574,1427,76192,38513,112719,57213,113631,6336,54186,68454,82373,52170,30100,165321,47271,49019,62701,39698,5027,145627,19316,115936,144960,146799,129378,55469,23402,120567,23561,164151,137010,74269,86870,153867,132210,10359,146182,87593,162145,142884,161426,122295,96885,154188,60189,132022,124740,6281,67968,6121,136391,108609,99353,167724,158095,125806,129456,96265,52558,36778,171576,49803,105618,172706,82710,170041,9056,91589,132914,101519,112757,10252,77710,36605,102335,65833,15371,50184,24095,102230,128937,163729,104705,144547,88666,94917,62179,82258,24674,89608,117096,110425,92439,70121,98010,65246,88521,105379,51346,96149,120888,101830,31697,129331,54790,160152,172617,102539,1740,74020,123530,39820,12260,65767,143273,60371,92179,61876,83884,163656,70746,162069,167196,46684,134634,156855,85248,47561,130981,15654,38176,54896,68239,120500,38179,104214,158747,116708,168903,101942,60981,17408,104979,10037,41012,37273,164131,83414,122226,139562,30904,100223,41689,17622,35426,15772,111934,39863,579,48891,130302,115523,70657,166125,85636,122006,33691,80209,170305,87805,53975,109258,173481,128259,128572,113420,63985,108583,87540,154906,36639,67826,96144,68906,148250,92616,148691,122577,95480,114095,169914,93478,30187,36587,99735"
BIS XTRA OREO 45G,chocolate,0.07081484152391251,f1_macro_on_full,minimize,"82577,26117,142042,137452,4653,130457,131656,7869,150273,31336,6386,167987,71895,116357,26197,2884,172590,24749,27021,101472,3143,14170,140005,111788,63934,68916,32481,34738,142474,116684,132810,78949,94365,131620,18930,7800,149917,39469,133970,146935,74139,136032,35502,174420,164970,151469,94706,70275,78835,48866,140128,23541,151162,150544,133424,137574,1427,76192,38513,112719,57213,113631,6336,54186,68454,82373,52170,30100,165321,47271,49019,62701,39698,5027,145627,19316,115936,144960,146799,129378,55469,23402,120567,23561,164151,137010,74269,86870,153867,132210,10359,146182,87593,162145,142884,161426,122295,96885,154188,60189,132022,124740,6281,67968,6121,136391,108609,99353,167724,158095,125806,129456,96265,52558,36778,171576,49803,105618,172706,82710,170041,9056,91589,132914,101519,112757,10252,77710,36605,102335,65833,15371,50184,24095,102230,128937,163729,104705,144547,88666,94917,62179,82258,24674,89608,117096,110425,92439,70121,98010,65246,88521,105379,51346,96149,120888,101830,31697,129331,54790,160152,172617,102539,1740,74020,123530,39820,12260,65767,143273,60371,92179,61876,83884,163656,70746,162069,167196,46684,134634,156855,85248,47561,130981,15654,38176,54896,68239,120500,38179,104214,158747,116708,168903,101942,60981,17408,104979,10037,41012,37273,164131,83414,122226,139562,30904,100223,41689,17622,35426,15772,111934,39863,579,48891,130302,115523,70657,166125,85636,122006,33691,80209,170305,87805,53975,109258,173481,128259,128572,113420,63985,108583,87540,154906,36639,67826,96144,68906,148250,92616,148691,122577,95480,114095,169914,93478,30187,36587,99735"
BISC VITARELLA 350G  MARIA,biscoito,0.07081484152391251,f1_macro_on_full,minimize,"82577,26117,142042,137452,4653,130457,131656,7869,150273,31336,6386,167987,71895,116357,26197,2884,172590,24749,27021,101472,3143,14170,140005,111788,63934,68916,32481,34738,142474,116684,132810,78949,94365,131620,18930,7800,149917,39469,133970,146935,74139,136032,35502,174420,164970,151469,94706,70275,78835,48866,140128,23541,151162,150544,133424,137574,1427,76192,38513,112719,57213,113631,6336,54186,68454,82373,52170,30100,165321,47271,49019,62701,39698,5027,145627,19316,115936,144960,146799,129378,55469,23402,120567,23561,164151,137010,74269,86870,153867,132210,10359,146182,87593,162145,142884,161426,122295,96885,154188,60189,132022,124740,6281,67968,6121,136391,108609,99353,167724,158095,125806,129456,96265,52558,36778,171576,49803,105618,172706,82710,170041,9056,91589,132914,101519,112757,10252,77710,36605,102335,65833,15371,50184,24095,102230,128937,163729,104705,144547,88666,94917,62179,82258,24674,89608,117096,110425,92439,70121,98010,65246,88521,105379,51346,96149,120888,101830,31697,129331,54790,160152,172617,102539,1740,74020,123530,39820,12260,65767,143273,60371,92179,61876,83884,163656,70746,162069,167196,46684,134634,156855,85248,47561,130981,15654,38176,54896,68239,120500,38179,104214,158747,116708,168903,101942,60981,17408,104979,10037,41012,37273,164131,83414,122226,139562,30904,100223,41689,17622,35426,15772,111934,39863,579,48891,130302,115523,70657,166125,85636,122006,33691,80209,170305,87805,53975,109258,173481,128259,128572,113420,63985,108583,87540,154906,36639,67826,96144,68906,148250,92616,148691,122577,95480,114095,169914,93478,30187,36587,99735"
MILHO VERDE BONDUELLE SUAVE     LT 200GR,milho verde em conserva,0.07081484152391251,f1_macro_on_full,minimize,"82577,26117,142042,137452,4653,130457,131656,7869,150273,31336,6386,167987,71895,116357,26197,2884,172590,24749,27021,101472,3143,14170,140005,111788,63934,68916,32481,34738,142474,116684,132810,78949,94365,131620,18930,7800,149917,39469,133970,146935,74139,136032,35502,174420,164970,151469,94706,70275,78835,48866,140128,23541,151162,150544,133424,137574,1427,76192,38513,112719,57213,113631,6336,54186,68454,82373,52170,30100,165321,47271,49019,62701,39698,5027,145627,19316,115936,144960,146799,129378,55469,23402,120567,23561,164151,137010,74269,86870,153867,132210,10359,146182,87593,162145,142884,161426,122295,96885,154188,60189,132022,124740,6281,67968,6121,136391,108609,99353,167724,158095,125806,129456,96265,52558,36778,171576,49803,105618,172706,82710,170041,9056,91589,132914,101519,112757,10252,77710,36605,102335,65833,15371,50184,24095,102230,128937,163729,104705,144547,88666,94917,62179,82258,24674,89608,117096,110425,92439,70121,98010,65246,88521,105379,51346,96149,120888,101830,31697,129331,54790,160152,172617,102539,1740,74020,123530,39820,12260,65767,143273,60371,92179,61876,83884,163656,70746,162069,167196,46684,134634,156855,85248,47561,130981,15654,38176,54896,68239,120500,38179,104214,158747,116708,168903,101942,60981,17408,104979,10037,41012,37273,164131,83414,122226,139562,30904,100223,41689,17622,35426,15772,111934,39863,579,48891,130302,115523,70657,166125,85636,122006,33691,80209,170305,87805,53975,109258,173481,128259,128572,113420,63985,108583,87540,154906,36639,67826,96144,68906,148250,92616,148691,122577,95480,114095,169914,93478,30187,36587,99735"
PEITO PERU SADIA 200GR SOLTISSIMO,peito de peru,0.07081484152391251,f1_macro_on_full,minimize,"82577,26117,142042,137452,4653,130457,131656,7869,150273,31336,6386,167987,71895,116357,26197,2884,172590,24749,27021,101472,3143,14170,140005,111788,63934,68916,32481,34738,142474,116684,132810,78949,94365,131620,18930,7800,149917,39469,133970,146935,74139,136032,35502,174420,164970,151469,94706,70275,78835,48866,140128,23541,151162,150544,133424,137574,1427,76192,38513,112719,57213,113631,6336,54186,68454,82373,52170,30100,165321,47271,49019,62701,39698,5027,145627,19316,115936,144960,146799,129378,55469,23402,120567,23561,164151,137010,74269,86870,153867,132210,10359,146182,87593,162145,142884,161426,122295,96885,154188,60189,132022,124740,6281,67968,6121,136391,108609,99353,167724,158095,125806,129456,96265,52558,36778,171576,49803,105618,172706,82710,170041,9056,91589,132914,101519,112757,10252,77710,36605,102335,65833,15371,50184,24095,102230,128937,163729,104705,144547,88666,94917,62179,82258,24674,89608,117096,110425,92439,70121,98010,65246,88521,105379,51346,96149,120888,101830,31697,129331,54790,160152,172617,102539,1740,74020,123530,39820,12260,65767,143273,60371,92179,61876,83884,163656,70746,162069,167196,46684,134634,156855,85248,47561,130981,15654,38176,54896,68239,120500,38179,104214,158747,116708,168903,101942,60981,17408,104979,10037,41012,37273,164131,83414,122226,139562,30904,100223,41689,17622,35426,15772,111934,39863,579,48891,130302,115523,70657,166125,85636,122006,33691,80209,170305,87805,53975,109258,173481,128259,128572,113420,63985,108583,87540,154906,36639,67826,96144,68906,148250,92616,148691,122577,95480,114095,169914,93478,30187,36587,99735"
ESC DENT CONDOR CONFORT LV2 PG1,escova de dentes,0.07081484152391251,f1_macro_on_full,minimize,"82577,26117,142042,137452,4653,130457,131656,7869,150273,31336,6386,167987,71895,116357,26197,2884,172590,24749,27021,101472,3143,14170,140005,111788,63934,68916,32481,34738,142474,116684,132810,78949,94365,131620,18930,7800,149917,39469,133970,146935,74139,136032,35502,174420,164970,151469,94706,70275,78835,48866,140128,23541,151162,150544,133424,137574,1427,76192,38513,112719,57213,113631,6336,54186,68454,82373,52170,30100,165321,47271,49019,62701,39698,5027,145627,19316,115936,144960,146799,129378,55469,23402,120567,23561,164151,137010,74269,86870,153867,132210,10359,146182,87593,162145,142884,161426,122295,96885,154188,60189,132022,124740,6281,67968,6121,136391,108609,99353,167724,158095,125806,129456,96265,52558,36778,171576,49803,105618,172706,82710,170041,9056,91589,132914,101519,112757,10252,77710,36605,102335,65833,15371,50184,24095,102230,128937,163729,104705,144547,88666,94917,62179,82258,24674,89608,117096,110425,92439,70121,98010,65246,88521,105379,51346,96149,120888,101830,31697,129331,54790,160152,172617,102539,1740,74020,123530,39820,12260,65767,143273,60371,92179,61876,83884,163656,70746,162069,167196,46684,134634,156855,85248,47561,130981,15654,38176,54896,68239,120500,38179,104214,158747,116708,168903,101942,60981,17408,104979,10037,41012,37273,164131,83414,122226,139562,30904,100223,41689,17622,35426,15772,111934,39863,579,48891,130302,115523,70657,166125,85636,122006,33691,80209,170305,87805,53975,109258,173481,128259,128572,113420,63985,108583,87540,154906,36639,67826,96144,68906,148250,92616,148691,122577,95480,114095,169914,93478,30187,36587,99735"
"AMACIANTE RADIANTE PUFF 500ML, FL AURORA",amaciante,0.07081484152391251,f1_macro_on_full,minimize,"82577,26117,142042,137452,4653,130457,131656,7869,150273,31336,6386,167987,71895,116357,26197,2884,172590,24749,27021,101472,3143,14170,140005,111788,63934,68916,32481,34738,142474,116684,132810,78949,94365,131620,18930,7800,149917,39469,133970,146935,74139,136032,35502,174420,164970,151469,94706,70275,78835,48866,140128,23541,151162,150544,133424,137574,1427,76192,38513,112719,57213,113631,6336,54186,68454,82373,52170,30100,165321,47271,49019,62701,39698,5027,145627,19316,115936,144960,146799,129378,55469,23402,120567,23561,164151,137010,74269,86870,153867,132210,10359,146182,87593,162145,142884,161426,122295,96885,154188,60189,132022,124740,6281,67968,6121,136391,108609,99353,167724,158095,125806,129456,96265,52558,36778,171576,49803,105618,172706,82710,170041,9056,91589,132914,101519,112757,10252,77710,36605,102335,65833,15371,50184,24095,102230,128937,163729,104705,144547,88666,94917,62179,82258,24674,89608,117096,110425,92439,70121,98010,65246,88521,105379,51346,96149,120888,101830,31697,129331,54790,160152,172617,102539,1740,74020,123530,39820,12260,65767,143273,60371,92179,61876,83884,163656,70746,162069,167196,46684,134634,156855,85248,47561,130981,15654,38176,54896,68239,120500,38179,104214,158747,116708,168903,101942,60981,17408,104979,10037,41012,37273,164131,83414,122226,139562,30904,100223,41689,17622,35426,15772,111934,39863,579,48891,130302,115523,70657,166125,85636,122006,33691,80209,170305,87805,53975,109258,173481,128259,128572,113420,63985,108583,87540,154906,36639,67826,96144,68906,148250,92616,148691,122577,95480,114095,169914,93478,30187,36587,99735"
MASSA PARAFUSO BRETAS C/OVOS 500G,macarrao,0.07081484152391251,f1_macro_on_full,minimize,"82577,26117,142042,137452,4653,130457,131656,7869,150273,31336,6386,167987,71895,116357,26197,2884,172590,24749,27021,101472,3143,14170,140005,111788,63934,68916,32481,34738,142474,116684,132810,78949,94365,131620,18930,7800,149917,39469,133970,146935,74139,136032,35502,174420,164970,151469,94706,70275,78835,48866,140128,23541,151162,150544,133424,137574,1427,76192,38513,112719,57213,113631,6336,54186,68454,82373,52170,30100,165321,47271,49019,62701,39698,5027,145627,19316,115936,144960,146799,129378,55469,23402,120567,23561,164151,137010,74269,86870,153867,132210,10359,146182,87593,162145,142884,161426,122295,96885,154188,60189,132022,124740,6281,67968,6121,136391,108609,99353,167724,158095,125806,129456,96265,52558,36778,171576,49803,105618,172706,82710,170041,9056,91589,132914,101519,112757,10252,77710,36605,102335,65833,15371,50184,24095,102230,128937,163729,104705,144547,88666,94917,62179,82258,24674,89608,117096,110425,92439,70121,98010,65246,88521,105379,51346,96149,120888,101830,31697,129331,54790,160152,172617,102539,1740,74020,123530,39820,12260,65767,143273,60371,92179,61876,83884,163656,70746,162069,167196,46684,134634,156855,85248,47561,130981,15654,38176,54896,68239,120500,38179,104214,158747,116708,168903,101942,60981,17408,104979,10037,41012,37273,164131,83414,122226,139562,30904,100223,41689,17622,35426,15772,111934,39863,579,48891,130302,115523,70657,166125,85636,122006,33691,80209,170305,87805,53975,109258,173481,128259,128572,113420,63985,108583,87540,154906,36639,67826,96144,68906,148250,92616,148691,122577,95480,114095,169914,93478,30187,36587,99735"
SHAMPOO E COND PROCAO 500ML,kit para cabelos,0.07081484152391251,f1_macro_on_full,minimize,"82577,26117,142042,137452,4653,130457,131656,7869,150273,31336,6386,167987,71895,116357,26197,2884,172590,24749,27021,101472,3143,14170,140005,111788,63934,68916,32481,34738,142474,116684,132810,78949,94365,131620,18930,7800,149917,39469,133970,146935,74139,136032,35502,174420,164970,151469,94706,70275,78835,48866,140128,23541,151162,150544,133424,137574,1427,76192,38513,112719,57213,113631,6336,54186,68454,82373,52170,30100,165321,47271,49019,62701,39698,5027,145627,19316,115936,144960,146799,129378,55469,23402,120567,23561,164151,137010,74269,86870,153867,132210,10359,146182,87593,162145,142884,161426,122295,96885,154188,60189,132022,124740,6281,67968,6121,136391,108609,99353,167724,158095,125806,129456,96265,52558,36778,171576,49803,105618,172706,82710,170041,9056,91589,132914,101519,112757,10252,77710,36605,102335,65833,15371,50184,24095,102230,128937,163729,104705,144547,88666,94917,62179,82258,24674,89608,117096,110425,92439,70121,98010,65246,88521,105379,51346,96149,120888,101830,31697,129331,54790,160152,172617,102539,1740,74020,123530,39820,12260,65767,143273,60371,92179,61876,83884,163656,70746,162069,167196,46684,134634,156855,85248,47561,130981,15654,38176,54896,68239,120500,38179,104214,158747,116708,168903,101942,60981,17408,104979,10037,41012,37273,164131,83414,122226,139562,30904,100223,41689,17622,35426,15772,111934,39863,579,48891,130302,115523,70657,166125,85636,122006,33691,80209,170305,87805,53975,109258,173481,128259,128572,113420,63985,108583,87540,154906,36639,67826,96144,68906,148250,92616,148691,122577,95480,114095,169914,93478,30187,36587,99735"
REFRIG COCA COLA PLUS CAFE ESPRES  220ML,refrigerante,0.07081484152391251,f1_macro_on_full,minimize,"82577,26117,142042,137452,4653,130457,131656,7869,150273,31336,6386,167987,71895,116357,26197,2884,172590,24749,27021,101472,3143,14170,140005,111788,63934,68916,32481,34738,142474,116684,132810,78949,94365,131620,18930,7800,149917,39469,133970,146935,74139,136032,35502,174420,164970,151469,94706,70275,78835,48866,140128,23541,151162,150544,133424,137574,1427,76192,38513,112719,57213,113631,6336,54186,68454,82373,52170,30100,165321,47271,49019,62701,39698,5027,145627,19316,115936,144960,146799,129378,55469,23402,120567,23561,164151,137010,74269,86870,153867,132210,10359,146182,87593,162145,142884,161426,122295,96885,154188,60189,132022,124740,6281,67968,6121,136391,108609,99353,167724,158095,125806,129456,96265,52558,36778,171576,49803,105618,172706,82710,170041,9056,91589,132914,101519,112757,10252,77710,36605,102335,65833,15371,50184,24095,102230,128937,163729,104705,144547,88666,94917,62179,82258,24674,89608,117096,110425,92439,70121,98010,65246,88521,105379,51346,96149,120888,101830,31697,129331,54790,160152,172617,102539,1740,74020,123530,39820,12260,65767,143273,60371,92179,61876,83884,163656,70746,162069,167196,46684,134634,156855,85248,47561,130981,15654,38176,54896,68239,120500,38179,104214,158747,116708,168903,101942,60981,17408,104979,10037,41012,37273,164131,83414,122226,139562,30904,100223,41689,17622,35426,15772,111934,39863,579,48891,130302,115523,70657,166125,85636,122006,33691,80209,170305,87805,53975,109258,173481,128259,128572,113420,63985,108583,87540,154906,36639,67826,96144,68906,148250,92616,148691,122577,95480,114095,169914,93478,30187,36587,99735"
PEDRA SANIT ZUPP JASMIM 35G,pedra sanitaria,0.07081484152391251,f1_macro_on_full,minimize,"82577,26117,142042,137452,4653,130457,131656,7869,150273,31336,6386,167987,71895,116357,26197,2884,172590,24749,27021,101472,3143,14170,140005,111788,63934,68916,32481,34738,142474,116684,132810,78949,94365,131620,18930,7800,149917,39469,133970,146935,74139,136032,35502,174420,164970,151469,94706,70275,78835,48866,140128,23541,151162,150544,133424,137574,1427,76192,38513,112719,57213,113631,6336,54186,68454,82373,52170,30100,165321,47271,49019,62701,39698,5027,145627,19316,115936,144960,146799,129378,55469,23402,120567,23561,164151,137010,74269,86870,153867,132210,10359,146182,87593,162145,142884,161426,122295,96885,154188,60189,132022,124740,6281,67968,6121,136391,108609,99353,167724,158095,125806,129456,96265,52558,36778,171576,49803,105618,172706,82710,170041,9056,91589,132914,101519,112757,10252,77710,36605,102335,65833,15371,50184,24095,102230,128937,163729,104705,144547,88666,94917,62179,82258,24674,89608,117096,110425,92439,70121,98010,65246,88521,105379,51346,96149,120888,101830,31697,129331,54790,160152,172617,102539,1740,74020,123530,39820,12260,65767,143273,60371,92179,61876,83884,163656,70746,162069,167196,46684,134634,156855,85248,47561,130981,15654,38176,54896,68239,120500,38179,104214,158747,116708,168903,101942,60981,17408,104979,10037,41012,37273,164131,83414,122226,139562,30904,100223,41689,17622,35426,15772,111934,39863,579,48891,130302,115523,70657,166125,85636,122006,33691,80209,170305,87805,53975,109258,173481,128259,128572,113420,63985,108583,87540,154906,36639,67826,96144,68906,148250,92616,148691,122577,95480,114095,169914,93478,30187,36587,99735"
CHOC. MILKA BARRA RASIN HAZEL.  BR 100GR,chocolate,0.07081484152391251,f1_macro_on_full,minimize,"82577,26117,142042,137452,4653,130457,131656,7869,150273,31336,6386,167987,71895,116357,26197,2884,172590,24749,27021,101472,3143,14170,140005,111788,63934,68916,32481,34738,142474,116684,132810,78949,94365,131620,18930,7800,149917,39469,133970,146935,74139,136032,35502,174420,164970,151469,94706,70275,78835,48866,140128,23541,151162,150544,133424,137574,1427,76192,38513,112719,57213,113631,6336,54186,68454,82373,52170,30100,165321,47271,49019,62701,39698,5027,145627,19316,115936,144960,146799,129378,55469,23402,120567,23561,164151,137010,74269,86870,153867,132210,10359,146182,87593,162145,142884,161426,122295,96885,154188,60189,132022,124740,6281,67968,6121,136391,108609,99353,167724,158095,125806,129456,96265,52558,36778,171576,49803,105618,172706,82710,170041,9056,91589,132914,101519,112757,10252,77710,36605,102335,65833,15371,50184,24095,102230,128937,163729,104705,144547,88666,94917,62179,82258,24674,89608,117096,110425,92439,70121,98010,65246,88521,105379,51346,96149,120888,101830,31697,129331,54790,160152,172617,102539,1740,74020,123530,39820,12260,65767,143273,60371,92179,61876,83884,163656,70746,162069,167196,46684,134634,156855,85248,47561,130981,15654,38176,54896,68239,120500,38179,104214,158747,116708,168903,101942,60981,17408,104979,10037,41012,37273,164131,83414,122226,139562,30904,100223,41689,17622,35426,15772,111934,39863,579,48891,130302,115523,70657,166125,85636,122006,33691,80209,170305,87805,53975,109258,173481,128259,128572,113420,63985,108583,87540,154906,36639,67826,96144,68906,148250,92616,148691,122577,95480,114095,169914,93478,30187,36587,99735"
V GRAO VASCO DAO BCO BRANCO 750ML,vinho importado,0.07081484152391251,f1_macro_on_full,minimize,"82577,26117,142042,137452,4653,130457,131656,7869,150273,31336,6386,167987,71895,116357,26197,2884,172590,24749,27021,101472,3143,14170,140005,111788,63934,68916,32481,34738,142474,116684,132810,78949,94365,131620,18930,7800,149917,39469,133970,146935,74139,136032,35502,174420,164970,151469,94706,70275,78835,48866,140128,23541,151162,150544,133424,137574,1427,76192,38513,112719,57213,113631,6336,54186,68454,82373,52170,30100,165321,47271,49019,62701,39698,5027,145627,19316,115936,144960,146799,129378,55469,23402,120567,23561,164151,137010,74269,86870,153867,132210,10359,146182,87593,162145,142884,161426,122295,96885,154188,60189,132022,124740,6281,67968,6121,136391,108609,99353,167724,158095,125806,129456,96265,52558,36778,171576,49803,105618,172706,82710,170041,9056,91589,132914,101519,112757,10252,77710,36605,102335,65833,15371,50184,24095,102230,128937,163729,104705,144547,88666,94917,62179,82258,24674,89608,117096,110425,92439,70121,98010,65246,88521,105379,51346,96149,120888,101830,31697,129331,54790,160152,172617,102539,1740,74020,123530,39820,12260,65767,143273,60371,92179,61876,83884,163656,70746,162069,167196,46684,134634,156855,85248,47561,130981,15654,38176,54896,68239,120500,38179,104214,158747,116708,168903,101942,60981,17408,104979,10037,41012,37273,164131,83414,122226,139562,30904,100223,41689,17622,35426,15772,111934,39863,579,48891,130302,115523,70657,166125,85636,122006,33691,80209,170305,87805,53975,109258,173481,128259,128572,113420,63985,108583,87540,154906,36639,67826,96144,68906,148250,92616,148691,122577,95480,114095,169914,93478,30187,36587,99735"
POLPA UVA 100g,polpa de fruta congelada,0.07081484152391251,f1_macro_on_full,minimize,"82577,26117,142042,137452,4653,130457,131656,7869,150273,31336,6386,167987,71895,116357,26197,2884,172590,24749,27021,101472,3143,14170,140005,111788,63934,68916,32481,34738,142474,116684,132810,78949,94365,131620,18930,7800,149917,39469,133970,146935,74139,136032,35502,174420,164970,151469,94706,70275,78835,48866,140128,23541,151162,150544,133424,137574,1427,76192,38513,112719,57213,113631,6336,54186,68454,82373,52170,30100,165321,47271,49019,62701,39698,5027,145627,19316,115936,144960,146799,129378,55469,23402,120567,23561,164151,137010,74269,86870,153867,132210,10359,146182,87593,162145,142884,161426,122295,96885,154188,60189,132022,124740,6281,67968,6121,136391,108609,99353,167724,158095,125806,129456,96265,52558,36778,171576,49803,105618,172706,82710,170041,9056,91589,132914,101519,112757,10252,77710,36605,102335,65833,15371,50184,24095,102230,128937,163729,104705,144547,88666,94917,62179,82258,24674,89608,117096,110425,92439,70121,98010,65246,88521,105379,51346,96149,120888,101830,31697,129331,54790,160152,172617,102539,1740,74020,123530,39820,12260,65767,143273,60371,92179,61876,83884,163656,70746,162069,167196,46684,134634,156855,85248,47561,130981,15654,38176,54896,68239,120500,38179,104214,158747,116708,168903,101942,60981,17408,104979,10037,41012,37273,164131,83414,122226,139562,30904,100223,41689,17622,35426,15772,111934,39863,579,48891,130302,115523,70657,166125,85636,122006,33691,80209,170305,87805,53975,109258,173481,128259,128572,113420,63985,108583,87540,154906,36639,67826,96144,68906,148250,92616,148691,122577,95480,114095,169914,93478,30187,36587,99735"
(CHORIZO)CONTRA FI BOV BEST BEEF(P)EF KG,carne bovina,0.07081484152391251,f1_macro_on_full,minimize,"82577,26117,142042,137452,4653,130457,131656,7869,150273,31336,6386,167987,71895,116357,26197,2884,172590,24749,27021,101472,3143,14170,140005,111788,63934,68916,32481,34738,142474,116684,132810,78949,94365,131620,18930,7800,149917,39469,133970,146935,74139,136032,35502,174420,164970,151469,94706,70275,78835,48866,140128,23541,151162,150544,133424,137574,1427,76192,38513,112719,57213,113631,6336,54186,68454,82373,52170,30100,165321,47271,49019,62701,39698,5027,145627,19316,115936,144960,146799,129378,55469,23402,120567,23561,164151,137010,74269,86870,153867,132210,10359,146182,87593,162145,142884,161426,122295,96885,154188,60189,132022,124740,6281,67968,6121,136391,108609,99353,167724,158095,125806,129456,96265,52558,36778,171576,49803,105618,172706,82710,170041,9056,91589,132914,101519,112757,10252,77710,36605,102335,65833,15371,50184,24095,102230,128937,163729,104705,144547,88666,94917,62179,82258,24674,89608,117096,110425,92439,70121,98010,65246,88521,105379,51346,96149,120888,101830,31697,129331,54790,160152,172617,102539,1740,74020,123530,39820,12260,65767,143273,60371,92179,61876,83884,163656,70746,162069,167196,46684,134634,156855,85248,47561,130981,15654,38176,54896,68239,120500,38179,104214,158747,116708,168903,101942,60981,17408,104979,10037,41012,37273,164131,83414,122226,139562,30904,100223,41689,17622,35426,15772,111934,39863,579,48891,130302,115523,70657,166125,85636,122006,33691,80209,170305,87805,53975,109258,173481,128259,128572,113420,63985,108583,87540,154906,36639,67826,96144,68906,148250,92616,148691,122577,95480,114095,169914,93478,30187,36587,99735"
CIGARRO ROTHMANS RED WHITE BOX FIGTHER,cigarro,0.07081484152391251,f1_macro_on_full,minimize,"82577,26117,142042,137452,4653,130457,131656,7869,150273,31336,6386,167987,71895,116357,26197,2884,172590,24749,27021,101472,3143,14170,140005,111788,63934,68916,32481,34738,142474,116684,132810,78949,94365,131620,18930,7800,149917,39469,133970,146935,74139,136032,35502,174420,164970,151469,94706,70275,78835,48866,140128,23541,151162,150544,133424,137574,1427,76192,38513,112719,57213,113631,6336,54186,68454,82373,52170,30100,165321,47271,49019,62701,39698,5027,145627,19316,115936,144960,146799,129378,55469,23402,120567,23561,164151,137010,74269,86870,153867,132210,10359,146182,87593,162145,142884,161426,122295,96885,154188,60189,132022,124740,6281,67968,6121,136391,108609,99353,167724,158095,125806,129456,96265,52558,36778,171576,49803,105618,172706,82710,170041,9056,91589,132914,101519,112757,10252,77710,36605,102335,65833,15371,50184,24095,102230,128937,163729,104705,144547,88666,94917,62179,82258,24674,89608,117096,110425,92439,70121,98010,65246,88521,105379,51346,96149,120888,101830,31697,129331,54790,160152,172617,102539,1740,74020,123530,39820,12260,65767,143273,60371,92179,61876,83884,163656,70746,162069,167196,46684,134634,156855,85248,47561,130981,15654,38176,54896,68239,120500,38179,104214,158747,116708,168903,101942,60981,17408,104979,10037,41012,37273,164131,83414,122226,139562,30904,100223,41689,17622,35426,15772,111934,39863,579,48891,130302,115523,70657,166125,85636,122006,33691,80209,170305,87805,53975,109258,173481,128259,128572,113420,63985,108583,87540,154906,36639,67826,96144,68906,148250,92616,148691,122577,95480,114095,169914,93478,30187,36587,99735"
BISC WALKERS DATE WALNUT 150G,biscoito,0.07081484152391251,f1_macro_on_full,minimize,"82577,26117,142042,137452,4653,130457,131656,7869,150273,31336,6386,167987,71895,116357,26197,2884,172590,24749,27021,101472,3143,14170,140005,111788,63934,68916,32481,34738,142474,116684,132810,78949,94365,131620,18930,7800,149917,39469,133970,146935,74139,136032,35502,174420,164970,151469,94706,70275,78835,48866,140128,23541,151162,150544,133424,137574,1427,76192,38513,112719,57213,113631,6336,54186,68454,82373,52170,30100,165321,47271,49019,62701,39698,5027,145627,19316,115936,144960,146799,129378,55469,23402,120567,23561,164151,137010,74269,86870,153867,132210,10359,146182,87593,162145,142884,161426,122295,96885,154188,60189,132022,124740,6281,67968,6121,136391,108609,99353,167724,158095,125806,129456,96265,52558,36778,171576,49803,105618,172706,82710,170041,9056,91589,132914,101519,112757,10252,77710,36605,102335,65833,15371,50184,24095,102230,128937,163729,104705,144547,88666,94917,62179,82258,24674,89608,117096,110425,92439,70121,98010,65246,88521,105379,51346,96149,120888,101830,31697,129331,54790,160152,172617,102539,1740,74020,123530,39820,12260,65767,143273,60371,92179,61876,83884,163656,70746,162069,167196,46684,134634,156855,85248,47561,130981,15654,38176,54896,68239,120500,38179,104214,158747,116708,168903,101942,60981,17408,104979,10037,41012,37273,164131,83414,122226,139562,30904,100223,41689,17622,35426,15772,111934,39863,579,48891,130302,115523,70657,166125,85636,122006,33691,80209,170305,87805,53975,109258,173481,128259,128572,113420,63985,108583,87540,154906,36639,67826,96144,68906,148250,92616,148691,122577,95480,114095,169914,93478,30187,36587,99735"
BISC PIRAQUE ROLADINHO GOIABINHA 25g,biscoito,0.07081484152391251,f1_macro_on_full,minimize,"82577,26117,142042,137452,4653,130457,131656,7869,150273,31336,6386,167987,71895,116357,26197,2884,172590,24749,27021,101472,3143,14170,140005,111788,63934,68916,32481,34738,142474,116684,132810,78949,94365,131620,18930,7800,149917,39469,133970,146935,74139,136032,35502,174420,164970,151469,94706,70275,78835,48866,140128,23541,151162,150544,133424,137574,1427,76192,38513,112719,57213,113631,6336,54186,68454,82373,52170,30100,165321,47271,49019,62701,39698,5027,145627,19316,115936,144960,146799,129378,55469,23402,120567,23561,164151,137010,74269,86870,153867,132210,10359,146182,87593,162145,142884,161426,122295,96885,154188,60189,132022,124740,6281,67968,6121,136391,108609,99353,167724,158095,125806,129456,96265,52558,36778,171576,49803,105618,172706,82710,170041,9056,91589,132914,101519,112757,10252,77710,36605,102335,65833,15371,50184,24095,102230,128937,163729,104705,144547,88666,94917,62179,82258,24674,89608,117096,110425,92439,70121,98010,65246,88521,105379,51346,96149,120888,101830,31697,129331,54790,160152,172617,102539,1740,74020,123530,39820,12260,65767,143273,60371,92179,61876,83884,163656,70746,162069,167196,46684,134634,156855,85248,47561,130981,15654,38176,54896,68239,120500,38179,104214,158747,116708,168903,101942,60981,17408,104979,10037,41012,37273,164131,83414,122226,139562,30904,100223,41689,17622,35426,15772,111934,39863,579,48891,130302,115523,70657,166125,85636,122006,33691,80209,170305,87805,53975,109258,173481,128259,128572,113420,63985,108583,87540,154906,36639,67826,96144,68906,148250,92616,148691,122577,95480,114095,169914,93478,30187,36587,99735"
POLVILHO YOKI 500G AZEDO,polvilho,0.07081484152391251,f1_macro_on_full,minimize,"82577,26117,142042,137452,4653,130457,131656,7869,150273,31336,6386,167987,71895,116357,26197,2884,172590,24749,27021,101472,3143,14170,140005,111788,63934,68916,32481,34738,142474,116684,132810,78949,94365,131620,18930,7800,149917,39469,133970,146935,74139,136032,35502,174420,164970,151469,94706,70275,78835,48866,140128,23541,151162,150544,133424,137574,1427,76192,38513,112719,57213,113631,6336,54186,68454,82373,52170,30100,165321,47271,49019,62701,39698,5027,145627,19316,115936,144960,146799,129378,55469,23402,120567,23561,164151,137010,74269,86870,153867,132210,10359,146182,87593,162145,142884,161426,122295,96885,154188,60189,132022,124740,6281,67968,6121,136391,108609,99353,167724,158095,125806,129456,96265,52558,36778,171576,49803,105618,172706,82710,170041,9056,91589,132914,101519,112757,10252,77710,36605,102335,65833,15371,50184,24095,102230,128937,163729,104705,144547,88666,94917,62179,82258,24674,89608,117096,110425,92439,70121,98010,65246,88521,105379,51346,96149,120888,101830,31697,129331,54790,160152,172617,102539,1740,74020,123530,39820,12260,65767,143273,60371,92179,61876,83884,163656,70746,162069,167196,46684,134634,156855,85248,47561,130981,15654,38176,54896,68239,120500,38179,104214,158747,116708,168903,101942,60981,17408,104979,10037,41012,37273,164131,83414,122226,139562,30904,100223,41689,17622,35426,15772,111934,39863,579,48891,130302,115523,70657,166125,85636,122006,33691,80209,170305,87805,53975,109258,173481,128259,128572,113420,63985,108583,87540,154906,36639,67826,96144,68906,148250,92616,148691,122577,95480,114095,169914,93478,30187,36587,99735"
BISC BAUDUCCO 375GR BANANA C/CANELA,biscoito,0.07081484152391251,f1_macro_on_full,minimize,"82577,26117,142042,137452,4653,130457,131656,7869,150273,31336,6386,167987,71895,116357,26197,2884,172590,24749,27021,101472,3143,14170,140005,111788,63934,68916,32481,34738,142474,116684,132810,78949,94365,131620,18930,7800,149917,39469,133970,146935,74139,136032,35502,174420,164970,151469,94706,70275,78835,48866,140128,23541,151162,150544,133424,137574,1427,76192,38513,112719,57213,113631,6336,54186,68454,82373,52170,30100,165321,47271,49019,62701,39698,5027,145627,19316,115936,144960,146799,129378,55469,23402,120567,23561,164151,137010,74269,86870,153867,132210,10359,146182,87593,162145,142884,161426,122295,96885,154188,60189,132022,124740,6281,67968,6121,136391,108609,99353,167724,158095,125806,129456,96265,52558,36778,171576,49803,105618,172706,82710,170041,9056,91589,132914,101519,112757,10252,77710,36605,102335,65833,15371,50184,24095,102230,128937,163729,104705,144547,88666,94917,62179,82258,24674,89608,117096,110425,92439,70121,98010,65246,88521,105379,51346,96149,120888,101830,31697,129331,54790,160152,172617,102539,1740,74020,123530,39820,12260,65767,143273,60371,92179,61876,83884,163656,70746,162069,167196,46684,134634,156855,85248,47561,130981,15654,38176,54896,68239,120500,38179,104214,158747,116708,168903,101942,60981,17408,104979,10037,41012,37273,164131,83414,122226,139562,30904,100223,41689,17622,35426,15772,111934,39863,579,48891,130302,115523,70657,166125,85636,122006,33691,80209,170305,87805,53975,109258,173481,128259,128572,113420,63985,108583,87540,154906,36639,67826,96144,68906,148250,92616,148691,122577,95480,114095,169914,93478,30187,36587,99735"
IOG VCAMPO NAT WHEY 500G-GF COCO,iogurte,0.07081484152391251,f1_macro_on_full,minimize,"82577,26117,142042,137452,4653,130457,131656,7869,150273,31336,6386,167987,71895,116357,26197,2884,172590,24749,27021,101472,3143,14170,140005,111788,63934,68916,32481,34738,142474,116684,132810,78949,94365,131620,18930,7800,149917,39469,133970,146935,74139,136032,35502,174420,164970,151469,94706,70275,78835,48866,140128,23541,151162,150544,133424,137574,1427,76192,38513,112719,57213,113631,6336,54186,68454,82373,52170,30100,165321,47271,49019,62701,39698,5027,145627,19316,115936,144960,146799,129378,55469,23402,120567,23561,164151,137010,74269,86870,153867,132210,10359,146182,87593,162145,142884,161426,122295,96885,154188,60189,132022,124740,6281,67968,6121,136391,108609,99353,167724,158095,125806,129456,96265,52558,36778,171576,49803,105618,172706,82710,170041,9056,91589,132914,101519,112757,10252,77710,36605,102335,65833,15371,50184,24095,102230,128937,163729,104705,144547,88666,94917,62179,82258,24674,89608,117096,110425,92439,70121,98010,65246,88521,105379,51346,96149,120888,101830,31697,129331,54790,160152,172617,102539,1740,74020,123530,39820,12260,65767,143273,60371,92179,61876,83884,163656,70746,162069,167196,46684,134634,156855,85248,47561,130981,15654,38176,54896,68239,120500,38179,104214,158747,116708,168903,101942,60981,17408,104979,10037,41012,37273,164131,83414,122226,139562,30904,100223,41689,17622,35426,15772,111934,39863,579,48891,130302,115523,70657,166125,85636,122006,33691,80209,170305,87805,53975,109258,173481,128259,128572,113420,63985,108583,87540,154906,36639,67826,96144,68906,148250,92616,148691,122577,95480,114095,169914,93478,30187,36587,99735"
BISC ROLINHO WAFER TUB-IN 48G AVELA,biscoito,0.07081484152391251,f1_macro_on_full,minimize,"82577,26117,142042,137452,4653,130457,131656,7869,150273,31336,6386,167987,71895,116357,26197,2884,172590,24749,27021,101472,3143,14170,140005,111788,63934,68916,32481,34738,142474,116684,132810,78949,94365,131620,18930,7800,149917,39469,133970,146935,74139,136032,35502,174420,164970,151469,94706,70275,78835,48866,140128,23541,151162,150544,133424,137574,1427,76192,38513,112719,57213,113631,6336,54186,68454,82373,52170,30100,165321,47271,49019,62701,39698,5027,145627,19316,115936,144960,146799,129378,55469,23402,120567,23561,164151,137010,74269,86870,153867,132210,10359,146182,87593,162145,142884,161426,122295,96885,154188,60189,132022,124740,6281,67968,6121,136391,108609,99353,167724,158095,125806,129456,96265,52558,36778,171576,49803,105618,172706,82710,170041,9056,91589,132914,101519,112757,10252,77710,36605,102335,65833,15371,50184,24095,102230,128937,163729,104705,144547,88666,94917,62179,82258,24674,89608,117096,110425,92439,70121,98010,65246,88521,105379,51346,96149,120888,101830,31697,129331,54790,160152,172617,102539,1740,74020,123530,39820,12260,65767,143273,60371,92179,61876,83884,163656,70746,162069,167196,46684,134634,156855,85248,47561,130981,15654,38176,54896,68239,120500,38179,104214,158747,116708,168903,101942,60981,17408,104979,10037,41012,37273,164131,83414,122226,139562,30904,100223,41689,17622,35426,15772,111934,39863,579,48891,130302,115523,70657,166125,85636,122006,33691,80209,170305,87805,53975,109258,173481,128259,128572,113420,63985,108583,87540,154906,36639,67826,96144,68906,148250,92616,148691,122577,95480,114095,169914,93478,30187,36587,99735"
BATATA PALHA FRITEI PC 500G,vegetal em palha,0.07081484152391251,f1_macro_on_full,minimize,"82577,26117,142042,137452,4653,130457,131656,7869,150273,31336,6386,167987,71895,116357,26197,2884,172590,24749,27021,101472,3143,14170,140005,111788,63934,68916,32481,34738,142474,116684,132810,78949,94365,131620,18930,7800,149917,39469,133970,146935,74139,136032,35502,174420,164970,151469,94706,70275,78835,48866,140128,23541,151162,150544,133424,137574,1427,76192,38513,112719,57213,113631,6336,54186,68454,82373,52170,30100,165321,47271,49019,62701,39698,5027,145627,19316,115936,144960,146799,129378,55469,23402,120567,23561,164151,137010,74269,86870,153867,132210,10359,146182,87593,162145,142884,161426,122295,96885,154188,60189,132022,124740,6281,67968,6121,136391,108609,99353,167724,158095,125806,129456,96265,52558,36778,171576,49803,105618,172706,82710,170041,9056,91589,132914,101519,112757,10252,77710,36605,102335,65833,15371,50184,24095,102230,128937,163729,104705,144547,88666,94917,62179,82258,24674,89608,117096,110425,92439,70121,98010,65246,88521,105379,51346,96149,120888,101830,31697,129331,54790,160152,172617,102539,1740,74020,123530,39820,12260,65767,143273,60371,92179,61876,83884,163656,70746,162069,167196,46684,134634,156855,85248,47561,130981,15654,38176,54896,68239,120500,38179,104214,158747,116708,168903,101942,60981,17408,104979,10037,41012,37273,164131,83414,122226,139562,30904,100223,41689,17622,35426,15772,111934,39863,579,48891,130302,115523,70657,166125,85636,122006,33691,80209,170305,87805,53975,109258,173481,128259,128572,113420,63985,108583,87540,154906,36639,67826,96144,68906,148250,92616,148691,122577,95480,114095,169914,93478,30187,36587,99735"
ABOBORA MORANGA JAPONESA KG,abobora,0.07081484152391251,f1_macro_on_full,minimize,"82577,26117,142042,137452,4653,130457,131656,7869,150273,31336,6386,167987,71895,116357,26197,2884,172590,24749,27021,101472,3143,14170,140005,111788,63934,68916,32481,34738,142474,116684,132810,78949,94365,131620,18930,7800,149917,39469,133970,146935,74139,136032,35502,174420,164970,151469,94706,70275,78835,48866,140128,23541,151162,150544,133424,137574,1427,76192,38513,112719,57213,113631,6336,54186,68454,82373,52170,30100,165321,47271,49019,62701,39698,5027,145627,19316,115936,144960,146799,129378,55469,23402,120567,23561,164151,137010,74269,86870,153867,132210,10359,146182,87593,162145,142884,161426,122295,96885,154188,60189,132022,124740,6281,67968,6121,136391,108609,99353,167724,158095,125806,129456,96265,52558,36778,171576,49803,105618,172706,82710,170041,9056,91589,132914,101519,112757,10252,77710,36605,102335,65833,15371,50184,24095,102230,128937,163729,104705,144547,88666,94917,62179,82258,24674,89608,117096,110425,92439,70121,98010,65246,88521,105379,51346,96149,120888,101830,31697,129331,54790,160152,172617,102539,1740,74020,123530,39820,12260,65767,143273,60371,92179,61876,83884,163656,70746,162069,167196,46684,134634,156855,85248,47561,130981,15654,38176,54896,68239,120500,38179,104214,158747,116708,168903,101942,60981,17408,104979,10037,41012,37273,164131,83414,122226,139562,30904,100223,41689,17622,35426,15772,111934,39863,579,48891,130302,115523,70657,166125,85636,122006,33691,80209,170305,87805,53975,109258,173481,128259,128572,113420,63985,108583,87540,154906,36639,67826,96144,68906,148250,92616,148691,122577,95480,114095,169914,93478,30187,36587,99735"
QJO RALADO RELIQUIA CANASTRA 50G,queijo,0.07081484152391251,f1_macro_on_full,minimize,"82577,26117,142042,137452,4653,130457,131656,7869,150273,31336,6386,167987,71895,116357,26197,2884,172590,24749,27021,101472,3143,14170,140005,111788,63934,68916,32481,34738,142474,116684,132810,78949,94365,131620,18930,7800,149917,39469,133970,146935,74139,136032,35502,174420,164970,151469,94706,70275,78835,48866,140128,23541,151162,150544,133424,137574,1427,76192,38513,112719,57213,113631,6336,54186,68454,82373,52170,30100,165321,47271,49019,62701,39698,5027,145627,19316,115936,144960,146799,129378,55469,23402,120567,23561,164151,137010,74269,86870,153867,132210,10359,146182,87593,162145,142884,161426,122295,96885,154188,60189,132022,124740,6281,67968,6121,136391,108609,99353,167724,158095,125806,129456,96265,52558,36778,171576,49803,105618,172706,82710,170041,9056,91589,132914,101519,112757,10252,77710,36605,102335,65833,15371,50184,24095,102230,128937,163729,104705,144547,88666,94917,62179,82258,24674,89608,117096,110425,92439,70121,98010,65246,88521,105379,51346,96149,120888,101830,31697,129331,54790,160152,172617,102539,1740,74020,123530,39820,12260,65767,143273,60371,92179,61876,83884,163656,70746,162069,167196,46684,134634,156855,85248,47561,130981,15654,38176,54896,68239,120500,38179,104214,158747,116708,168903,101942,60981,17408,104979,10037,41012,37273,164131,83414,122226,139562,30904,100223,41689,17622,35426,15772,111934,39863,579,48891,130302,115523,70657,166125,85636,122006,33691,80209,170305,87805,53975,109258,173481,128259,128572,113420,63985,108583,87540,154906,36639,67826,96144,68906,148250,92616,148691,122577,95480,114095,169914,93478,30187,36587,99735"
LIMP SAN PATO GERMINEX VDE 500ML,multiuso,0.07081484152391251,f1_macro_on_full,minimize,"82577,26117,142042,137452,4653,130457,131656,7869,150273,31336,6386,167987,71895,116357,26197,2884,172590,24749,27021,101472,3143,14170,140005,111788,63934,68916,32481,34738,142474,116684,132810,78949,94365,131620,18930,7800,149917,39469,133970,146935,74139,136032,35502,174420,164970,151469,94706,70275,78835,48866,140128,23541,151162,150544,133424,137574,1427,76192,38513,112719,57213,113631,6336,54186,68454,82373,52170,30100,165321,47271,49019,62701,39698,5027,145627,19316,115936,144960,146799,129378,55469,23402,120567,23561,164151,137010,74269,86870,153867,132210,10359,146182,87593,162145,142884,161426,122295,96885,154188,60189,132022,124740,6281,67968,6121,136391,108609,99353,167724,158095,125806,129456,96265,52558,36778,171576,49803,105618,172706,82710,170041,9056,91589,132914,101519,112757,10252,77710,36605,102335,65833,15371,50184,24095,102230,128937,163729,104705,144547,88666,94917,62179,82258,24674,89608,117096,110425,92439,70121,98010,65246,88521,105379,51346,96149,120888,101830,31697,129331,54790,160152,172617,102539,1740,74020,123530,39820,12260,65767,143273,60371,92179,61876,83884,163656,70746,162069,167196,46684,134634,156855,85248,47561,130981,15654,38176,54896,68239,120500,38179,104214,158747,116708,168903,101942,60981,17408,104979,10037,41012,37273,164131,83414,122226,139562,30904,100223,41689,17622,35426,15772,111934,39863,579,48891,130302,115523,70657,166125,85636,122006,33691,80209,170305,87805,53975,109258,173481,128259,128572,113420,63985,108583,87540,154906,36639,67826,96144,68906,148250,92616,148691,122577,95480,114095,169914,93478,30187,36587,99735"
CERVANTUERPIA TRELA 500ML,cerveja,0.07081484152391251,f1_macro_on_full,minimize,"82577,26117,142042,137452,4653,130457,131656,7869,150273,31336,6386,167987,71895,116357,26197,2884,172590,24749,27021,101472,3143,14170,140005,111788,63934,68916,32481,34738,142474,116684,132810,78949,94365,131620,18930,7800,149917,39469,133970,146935,74139,136032,35502,174420,164970,151469,94706,70275,78835,48866,140128,23541,151162,150544,133424,137574,1427,76192,38513,112719,57213,113631,6336,54186,68454,82373,52170,30100,165321,47271,49019,62701,39698,5027,145627,19316,115936,144960,146799,129378,55469,23402,120567,23561,164151,137010,74269,86870,153867,132210,10359,146182,87593,162145,142884,161426,122295,96885,154188,60189,132022,124740,6281,67968,6121,136391,108609,99353,167724,158095,125806,129456,96265,52558,36778,171576,49803,105618,172706,82710,170041,9056,91589,132914,101519,112757,10252,77710,36605,102335,65833,15371,50184,24095,102230,128937,163729,104705,144547,88666,94917,62179,82258,24674,89608,117096,110425,92439,70121,98010,65246,88521,105379,51346,96149,120888,101830,31697,129331,54790,160152,172617,102539,1740,74020,123530,39820,12260,65767,143273,60371,92179,61876,83884,163656,70746,162069,167196,46684,134634,156855,85248,47561,130981,15654,38176,54896,68239,120500,38179,104214,158747,116708,168903,101942,60981,17408,104979,10037,41012,37273,164131,83414,122226,139562,30904,100223,41689,17622,35426,15772,111934,39863,579,48891,130302,115523,70657,166125,85636,122006,33691,80209,170305,87805,53975,109258,173481,128259,128572,113420,63985,108583,87540,154906,36639,67826,96144,68906,148250,92616,148691,122577,95480,114095,169914,93478,30187,36587,99735"
BLUEBERRY KING BERRY FRUIT 125G,outra fruta,0.07081484152391251,f1_macro_on_full,minimize,"82577,26117,142042,137452,4653,130457,131656,7869,150273,31336,6386,167987,71895,116357,26197,2884,172590,24749,27021,101472,3143,14170,140005,111788,63934,68916,32481,34738,142474,116684,132810,78949,94365,131620,18930,7800,149917,39469,133970,146935,74139,136032,35502,174420,164970,151469,94706,70275,78835,48866,140128,23541,151162,150544,133424,137574,1427,76192,38513,112719,57213,113631,6336,54186,68454,82373,52170,30100,165321,47271,49019,62701,39698,5027,145627,19316,115936,144960,146799,129378,55469,23402,120567,23561,164151,137010,74269,86870,153867,132210,10359,146182,87593,162145,142884,161426,122295,96885,154188,60189,132022,124740,6281,67968,6121,136391,108609,99353,167724,158095,125806,129456,96265,52558,36778,171576,49803,105618,172706,82710,170041,9056,91589,132914,101519,112757,10252,77710,36605,102335,65833,15371,50184,24095,102230,128937,163729,104705,144547,88666,94917,62179,82258,24674,89608,117096,110425,92439,70121,98010,65246,88521,105379,51346,96149,120888,101830,31697,129331,54790,160152,172617,102539,1740,74020,123530,39820,12260,65767,143273,60371,92179,61876,83884,163656,70746,162069,167196,46684,134634,156855,85248,47561,130981,15654,38176,54896,68239,120500,38179,104214,158747,116708,168903,101942,60981,17408,104979,10037,41012,37273,164131,83414,122226,139562,30904,100223,41689,17622,35426,15772,111934,39863,579,48891,130302,115523,70657,166125,85636,122006,33691,80209,170305,87805,53975,109258,173481,128259,128572,113420,63985,108583,87540,154906,36639,67826,96144,68906,148250,92616,148691,122577,95480,114095,169914,93478,30187,36587,99735"
GOMA MASCAR TRIDENT XFRESH MENTA     56G,goma de mascar,0.07081484152391251,f1_macro_on_full,minimize,"82577,26117,142042,137452,4653,130457,131656,7869,150273,31336,6386,167987,71895,116357,26197,2884,172590,24749,27021,101472,3143,14170,140005,111788,63934,68916,32481,34738,142474,116684,132810,78949,94365,131620,18930,7800,149917,39469,133970,146935,74139,136032,35502,174420,164970,151469,94706,70275,78835,48866,140128,23541,151162,150544,133424,137574,1427,76192,38513,112719,57213,113631,6336,54186,68454,82373,52170,30100,165321,47271,49019,62701,39698,5027,145627,19316,115936,144960,146799,129378,55469,23402,120567,23561,164151,137010,74269,86870,153867,132210,10359,146182,87593,162145,142884,161426,122295,96885,154188,60189,132022,124740,6281,67968,6121,136391,108609,99353,167724,158095,125806,129456,96265,52558,36778,171576,49803,105618,172706,82710,170041,9056,91589,132914,101519,112757,10252,77710,36605,102335,65833,15371,50184,24095,102230,128937,163729,104705,144547,88666,94917,62179,82258,24674,89608,117096,110425,92439,70121,98010,65246,88521,105379,51346,96149,120888,101830,31697,129331,54790,160152,172617,102539,1740,74020,123530,39820,12260,65767,143273,60371,92179,61876,83884,163656,70746,162069,167196,46684,134634,156855,85248,47561,130981,15654,38176,54896,68239,120500,38179,104214,158747,116708,168903,101942,60981,17408,104979,10037,41012,37273,164131,83414,122226,139562,30904,100223,41689,17622,35426,15772,111934,39863,579,48891,130302,115523,70657,166125,85636,122006,33691,80209,170305,87805,53975,109258,173481,128259,128572,113420,63985,108583,87540,154906,36639,67826,96144,68906,148250,92616,148691,122577,95480,114095,169914,93478,30187,36587,99735"
LOCAO PAIXAO 200ML FLOR BAUNILHA,creme corporal,0.07081484152391251,f1_macro_on_full,minimize,"82577,26117,142042,137452,4653,130457,131656,7869,150273,31336,6386,167987,71895,116357,26197,2884,172590,24749,27021,101472,3143,14170,140005,111788,63934,68916,32481,34738,142474,116684,132810,78949,94365,131620,18930,7800,149917,39469,133970,146935,74139,136032,35502,174420,164970,151469,94706,70275,78835,48866,140128,23541,151162,150544,133424,137574,1427,76192,38513,112719,57213,113631,6336,54186,68454,82373,52170,30100,165321,47271,49019,62701,39698,5027,145627,19316,115936,144960,146799,129378,55469,23402,120567,23561,164151,137010,74269,86870,153867,132210,10359,146182,87593,162145,142884,161426,122295,96885,154188,60189,132022,124740,6281,67968,6121,136391,108609,99353,167724,158095,125806,129456,96265,52558,36778,171576,49803,105618,172706,82710,170041,9056,91589,132914,101519,112757,10252,77710,36605,102335,65833,15371,50184,24095,102230,128937,163729,104705,144547,88666,94917,62179,82258,24674,89608,117096,110425,92439,70121,98010,65246,88521,105379,51346,96149,120888,101830,31697,129331,54790,160152,172617,102539,1740,74020,123530,39820,12260,65767,143273,60371,92179,61876,83884,163656,70746,162069,167196,46684,134634,156855,85248,47561,130981,15654,38176,54896,68239,120500,38179,104214,158747,116708,168903,101942,60981,17408,104979,10037,41012,37273,164131,83414,122226,139562,30904,100223,41689,17622,35426,15772,111934,39863,579,48891,130302,115523,70657,166125,85636,122006,33691,80209,170305,87805,53975,109258,173481,128259,128572,113420,63985,108583,87540,154906,36639,67826,96144,68906,148250,92616,148691,122577,95480,114095,169914,93478,30187,36587,99735"
POLPA PETRUZ FRUITY 400G ACAI ADOCADO,polpa de fruta congelada,0.07081484152391251,f1_macro_on_full,minimize,"82577,26117,142042,137452,4653,130457,131656,7869,150273,31336,6386,167987,71895,116357,26197,2884,172590,24749,27021,101472,3143,14170,140005,111788,63934,68916,32481,34738,142474,116684,132810,78949,94365,131620,18930,7800,149917,39469,133970,146935,74139,136032,35502,174420,164970,151469,94706,70275,78835,48866,140128,23541,151162,150544,133424,137574,1427,76192,38513,112719,57213,113631,6336,54186,68454,82373,52170,30100,165321,47271,49019,62701,39698,5027,145627,19316,115936,144960,146799,129378,55469,23402,120567,23561,164151,137010,74269,86870,153867,132210,10359,146182,87593,162145,142884,161426,122295,96885,154188,60189,132022,124740,6281,67968,6121,136391,108609,99353,167724,158095,125806,129456,96265,52558,36778,171576,49803,105618,172706,82710,170041,9056,91589,132914,101519,112757,10252,77710,36605,102335,65833,15371,50184,24095,102230,128937,163729,104705,144547,88666,94917,62179,82258,24674,89608,117096,110425,92439,70121,98010,65246,88521,105379,51346,96149,120888,101830,31697,129331,54790,160152,172617,102539,1740,74020,123530,39820,12260,65767,143273,60371,92179,61876,83884,163656,70746,162069,167196,46684,134634,156855,85248,47561,130981,15654,38176,54896,68239,120500,38179,104214,158747,116708,168903,101942,60981,17408,104979,10037,41012,37273,164131,83414,122226,139562,30904,100223,41689,17622,35426,15772,111934,39863,579,48891,130302,115523,70657,166125,85636,122006,33691,80209,170305,87805,53975,109258,173481,128259,128572,113420,63985,108583,87540,154906,36639,67826,96144,68906,148250,92616,148691,122577,95480,114095,169914,93478,30187,36587,99735"
CHOC LEITE BRIG MOCA 90G,chocolate,0.07081484152391251,f1_macro_on_full,minimize,"82577,26117,142042,137452,4653,130457,131656,7869,150273,31336,6386,167987,71895,116357,26197,2884,172590,24749,27021,101472,3143,14170,140005,111788,63934,68916,32481,34738,142474,116684,132810,78949,94365,131620,18930,7800,149917,39469,133970,146935,74139,136032,35502,174420,164970,151469,94706,70275,78835,48866,140128,23541,151162,150544,133424,137574,1427,76192,38513,112719,57213,113631,6336,54186,68454,82373,52170,30100,165321,47271,49019,62701,39698,5027,145627,19316,115936,144960,146799,129378,55469,23402,120567,23561,164151,137010,74269,86870,153867,132210,10359,146182,87593,162145,142884,161426,122295,96885,154188,60189,132022,124740,6281,67968,6121,136391,108609,99353,167724,158095,125806,129456,96265,52558,36778,171576,49803,105618,172706,82710,170041,9056,91589,132914,101519,112757,10252,77710,36605,102335,65833,15371,50184,24095,102230,128937,163729,104705,144547,88666,94917,62179,82258,24674,89608,117096,110425,92439,70121,98010,65246,88521,105379,51346,96149,120888,101830,31697,129331,54790,160152,172617,102539,1740,74020,123530,39820,12260,65767,143273,60371,92179,61876,83884,163656,70746,162069,167196,46684,134634,156855,85248,47561,130981,15654,38176,54896,68239,120500,38179,104214,158747,116708,168903,101942,60981,17408,104979,10037,41012,37273,164131,83414,122226,139562,30904,100223,41689,17622,35426,15772,111934,39863,579,48891,130302,115523,70657,166125,85636,122006,33691,80209,170305,87805,53975,109258,173481,128259,128572,113420,63985,108583,87540,154906,36639,67826,96144,68906,148250,92616,148691,122577,95480,114095,169914,93478,30187,36587,99735"
MANTEIGA EXTRA SEM SAL POTE CONF,manteiga,0.07081484152391251,f1_macro_on_full,minimize,"82577,26117,142042,137452,4653,130457,131656,7869,150273,31336,6386,167987,71895,116357,26197,2884,172590,24749,27021,101472,3143,14170,140005,111788,63934,68916,32481,34738,142474,116684,132810,78949,94365,131620,18930,7800,149917,39469,133970,146935,74139,136032,35502,174420,164970,151469,94706,70275,78835,48866,140128,23541,151162,150544,133424,137574,1427,76192,38513,112719,57213,113631,6336,54186,68454,82373,52170,30100,165321,47271,49019,62701,39698,5027,145627,19316,115936,144960,146799,129378,55469,23402,120567,23561,164151,137010,74269,86870,153867,132210,10359,146182,87593,162145,142884,161426,122295,96885,154188,60189,132022,124740,6281,67968,6121,136391,108609,99353,167724,158095,125806,129456,96265,52558,36778,171576,49803,105618,172706,82710,170041,9056,91589,132914,101519,112757,10252,77710,36605,102335,65833,15371,50184,24095,102230,128937,163729,104705,144547,88666,94917,62179,82258,24674,89608,117096,110425,92439,70121,98010,65246,88521,105379,51346,96149,120888,101830,31697,129331,54790,160152,172617,102539,1740,74020,123530,39820,12260,65767,143273,60371,92179,61876,83884,163656,70746,162069,167196,46684,134634,156855,85248,47561,130981,15654,38176,54896,68239,120500,38179,104214,158747,116708,168903,101942,60981,17408,104979,10037,41012,37273,164131,83414,122226,139562,30904,100223,41689,17622,35426,15772,111934,39863,579,48891,130302,115523,70657,166125,85636,122006,33691,80209,170305,87805,53975,109258,173481,128259,128572,113420,63985,108583,87540,154906,36639,67826,96144,68906,148250,92616,148691,122577,95480,114095,169914,93478,30187,36587,99735"
CIGARRO MALBORO RED KS UN,cigarro,0.07081484152391251,f1_macro_on_full,minimize,"82577,26117,142042,137452,4653,130457,131656,7869,150273,31336,6386,167987,71895,116357,26197,2884,172590,24749,27021,101472,3143,14170,140005,111788,63934,68916,32481,34738,142474,116684,132810,78949,94365,131620,18930,7800,149917,39469,133970,146935,74139,136032,35502,174420,164970,151469,94706,70275,78835,48866,140128,23541,151162,150544,133424,137574,1427,76192,38513,112719,57213,113631,6336,54186,68454,82373,52170,30100,165321,47271,49019,62701,39698,5027,145627,19316,115936,144960,146799,129378,55469,23402,120567,23561,164151,137010,74269,86870,153867,132210,10359,146182,87593,162145,142884,161426,122295,96885,154188,60189,132022,124740,6281,67968,6121,136391,108609,99353,167724,158095,125806,129456,96265,52558,36778,171576,49803,105618,172706,82710,170041,9056,91589,132914,101519,112757,10252,77710,36605,102335,65833,15371,50184,24095,102230,128937,163729,104705,144547,88666,94917,62179,82258,24674,89608,117096,110425,92439,70121,98010,65246,88521,105379,51346,96149,120888,101830,31697,129331,54790,160152,172617,102539,1740,74020,123530,39820,12260,65767,143273,60371,92179,61876,83884,163656,70746,162069,167196,46684,134634,156855,85248,47561,130981,15654,38176,54896,68239,120500,38179,104214,158747,116708,168903,101942,60981,17408,104979,10037,41012,37273,164131,83414,122226,139562,30904,100223,41689,17622,35426,15772,111934,39863,579,48891,130302,115523,70657,166125,85636,122006,33691,80209,170305,87805,53975,109258,173481,128259,128572,113420,63985,108583,87540,154906,36639,67826,96144,68906,148250,92616,148691,122577,95480,114095,169914,93478,30187,36587,99735"
CERV ESTRELLA GALICIA 350ML LT,cerveja,0.07081484152391251,f1_macro_on_full,minimize,"82577,26117,142042,137452,4653,130457,131656,7869,150273,31336,6386,167987,71895,116357,26197,2884,172590,24749,27021,101472,3143,14170,140005,111788,63934,68916,32481,34738,142474,116684,132810,78949,94365,131620,18930,7800,149917,39469,133970,146935,74139,136032,35502,174420,164970,151469,94706,70275,78835,48866,140128,23541,151162,150544,133424,137574,1427,76192,38513,112719,57213,113631,6336,54186,68454,82373,52170,30100,165321,47271,49019,62701,39698,5027,145627,19316,115936,144960,146799,129378,55469,23402,120567,23561,164151,137010,74269,86870,153867,132210,10359,146182,87593,162145,142884,161426,122295,96885,154188,60189,132022,124740,6281,67968,6121,136391,108609,99353,167724,158095,125806,129456,96265,52558,36778,171576,49803,105618,172706,82710,170041,9056,91589,132914,101519,112757,10252,77710,36605,102335,65833,15371,50184,24095,102230,128937,163729,104705,144547,88666,94917,62179,82258,24674,89608,117096,110425,92439,70121,98010,65246,88521,105379,51346,96149,120888,101830,31697,129331,54790,160152,172617,102539,1740,74020,123530,39820,12260,65767,143273,60371,92179,61876,83884,163656,70746,162069,167196,46684,134634,156855,85248,47561,130981,15654,38176,54896,68239,120500,38179,104214,158747,116708,168903,101942,60981,17408,104979,10037,41012,37273,164131,83414,122226,139562,30904,100223,41689,17622,35426,15772,111934,39863,579,48891,130302,115523,70657,166125,85636,122006,33691,80209,170305,87805,53975,109258,173481,128259,128572,113420,63985,108583,87540,154906,36639,67826,96144,68906,148250,92616,148691,122577,95480,114095,169914,93478,30187,36587,99735"
CHOC GAROTO 90G BRANCO,chocolate,0.07081484152391251,f1_macro_on_full,minimize,"82577,26117,142042,137452,4653,130457,131656,7869,150273,31336,6386,167987,71895,116357,26197,2884,172590,24749,27021,101472,3143,14170,140005,111788,63934,68916,32481,34738,142474,116684,132810,78949,94365,131620,18930,7800,149917,39469,133970,146935,74139,136032,35502,174420,164970,151469,94706,70275,78835,48866,140128,23541,151162,150544,133424,137574,1427,76192,38513,112719,57213,113631,6336,54186,68454,82373,52170,30100,165321,47271,49019,62701,39698,5027,145627,19316,115936,144960,146799,129378,55469,23402,120567,23561,164151,137010,74269,86870,153867,132210,10359,146182,87593,162145,142884,161426,122295,96885,154188,60189,132022,124740,6281,67968,6121,136391,108609,99353,167724,158095,125806,129456,96265,52558,36778,171576,49803,105618,172706,82710,170041,9056,91589,132914,101519,112757,10252,77710,36605,102335,65833,15371,50184,24095,102230,128937,163729,104705,144547,88666,94917,62179,82258,24674,89608,117096,110425,92439,70121,98010,65246,88521,105379,51346,96149,120888,101830,31697,129331,54790,160152,172617,102539,1740,74020,123530,39820,12260,65767,143273,60371,92179,61876,83884,163656,70746,162069,167196,46684,134634,156855,85248,47561,130981,15654,38176,54896,68239,120500,38179,104214,158747,116708,168903,101942,60981,17408,104979,10037,41012,37273,164131,83414,122226,139562,30904,100223,41689,17622,35426,15772,111934,39863,579,48891,130302,115523,70657,166125,85636,122006,33691,80209,170305,87805,53975,109258,173481,128259,128572,113420,63985,108583,87540,154906,36639,67826,96144,68906,148250,92616,148691,122577,95480,114095,169914,93478,30187,36587,99735"
EXTRATO TOMATE ELEFANTE LT 130 GR,extrato de tomate,0.07081484152391251,f1_macro_on_full,minimize,"82577,26117,142042,137452,4653,130457,131656,7869,150273,31336,6386,167987,71895,116357,26197,2884,172590,24749,27021,101472,3143,14170,140005,111788,63934,68916,32481,34738,142474,116684,132810,78949,94365,131620,18930,7800,149917,39469,133970,146935,74139,136032,35502,174420,164970,151469,94706,70275,78835,48866,140128,23541,151162,150544,133424,137574,1427,76192,38513,112719,57213,113631,6336,54186,68454,82373,52170,30100,165321,47271,49019,62701,39698,5027,145627,19316,115936,144960,146799,129378,55469,23402,120567,23561,164151,137010,74269,86870,153867,132210,10359,146182,87593,162145,142884,161426,122295,96885,154188,60189,132022,124740,6281,67968,6121,136391,108609,99353,167724,158095,125806,129456,96265,52558,36778,171576,49803,105618,172706,82710,170041,9056,91589,132914,101519,112757,10252,77710,36605,102335,65833,15371,50184,24095,102230,128937,163729,104705,144547,88666,94917,62179,82258,24674,89608,117096,110425,92439,70121,98010,65246,88521,105379,51346,96149,120888,101830,31697,129331,54790,160152,172617,102539,1740,74020,123530,39820,12260,65767,143273,60371,92179,61876,83884,163656,70746,162069,167196,46684,134634,156855,85248,47561,130981,15654,38176,54896,68239,120500,38179,104214,158747,116708,168903,101942,60981,17408,104979,10037,41012,37273,164131,83414,122226,139562,30904,100223,41689,17622,35426,15772,111934,39863,579,48891,130302,115523,70657,166125,85636,122006,33691,80209,170305,87805,53975,109258,173481,128259,128572,113420,63985,108583,87540,154906,36639,67826,96144,68906,148250,92616,148691,122577,95480,114095,169914,93478,30187,36587,99735"
GEL ASSEPSIA MAOS REXONA ORIGINAL 300ML,gel antisseptico para maos,0.07081484152391251,f1_macro_on_full,minimize,"82577,26117,142042,137452,4653,130457,131656,7869,150273,31336,6386,167987,71895,116357,26197,2884,172590,24749,27021,101472,3143,14170,140005,111788,63934,68916,32481,34738,142474,116684,132810,78949,94365,131620,18930,7800,149917,39469,133970,146935,74139,136032,35502,174420,164970,151469,94706,70275,78835,48866,140128,23541,151162,150544,133424,137574,1427,76192,38513,112719,57213,113631,6336,54186,68454,82373,52170,30100,165321,47271,49019,62701,39698,5027,145627,19316,115936,144960,146799,129378,55469,23402,120567,23561,164151,137010,74269,86870,153867,132210,10359,146182,87593,162145,142884,161426,122295,96885,154188,60189,132022,124740,6281,67968,6121,136391,108609,99353,167724,158095,125806,129456,96265,52558,36778,171576,49803,105618,172706,82710,170041,9056,91589,132914,101519,112757,10252,77710,36605,102335,65833,15371,50184,24095,102230,128937,163729,104705,144547,88666,94917,62179,82258,24674,89608,117096,110425,92439,70121,98010,65246,88521,105379,51346,96149,120888,101830,31697,129331,54790,160152,172617,102539,1740,74020,123530,39820,12260,65767,143273,60371,92179,61876,83884,163656,70746,162069,167196,46684,134634,156855,85248,47561,130981,15654,38176,54896,68239,120500,38179,104214,158747,116708,168903,101942,60981,17408,104979,10037,41012,37273,164131,83414,122226,139562,30904,100223,41689,17622,35426,15772,111934,39863,579,48891,130302,115523,70657,166125,85636,122006,33691,80209,170305,87805,53975,109258,173481,128259,128572,113420,63985,108583,87540,154906,36639,67826,96144,68906,148250,92616,148691,122577,95480,114095,169914,93478,30187,36587,99735"
MIOLO ALCATR RESERV PECA VACUO KG,carne bovina,0.07081484152391251,f1_macro_on_full,minimize,"82577,26117,142042,137452,4653,130457,131656,7869,150273,31336,6386,167987,71895,116357,26197,2884,172590,24749,27021,101472,3143,14170,140005,111788,63934,68916,32481,34738,142474,116684,132810,78949,94365,131620,18930,7800,149917,39469,133970,146935,74139,136032,35502,174420,164970,151469,94706,70275,78835,48866,140128,23541,151162,150544,133424,137574,1427,76192,38513,112719,57213,113631,6336,54186,68454,82373,52170,30100,165321,47271,49019,62701,39698,5027,145627,19316,115936,144960,146799,129378,55469,23402,120567,23561,164151,137010,74269,86870,153867,132210,10359,146182,87593,162145,142884,161426,122295,96885,154188,60189,132022,124740,6281,67968,6121,136391,108609,99353,167724,158095,125806,129456,96265,52558,36778,171576,49803,105618,172706,82710,170041,9056,91589,132914,101519,112757,10252,77710,36605,102335,65833,15371,50184,24095,102230,128937,163729,104705,144547,88666,94917,62179,82258,24674,89608,117096,110425,92439,70121,98010,65246,88521,105379,51346,96149,120888,101830,31697,129331,54790,160152,172617,102539,1740,74020,123530,39820,12260,65767,143273,60371,92179,61876,83884,163656,70746,162069,167196,46684,134634,156855,85248,47561,130981,15654,38176,54896,68239,120500,38179,104214,158747,116708,168903,101942,60981,17408,104979,10037,41012,37273,164131,83414,122226,139562,30904,100223,41689,17622,35426,15772,111934,39863,579,48891,130302,115523,70657,166125,85636,122006,33691,80209,170305,87805,53975,109258,173481,128259,128572,113420,63985,108583,87540,154906,36639,67826,96144,68906,148250,92616,148691,122577,95480,114095,169914,93478,30187,36587,99735"
IOG VCAMPO NATWHEY 250G 21G PROTEIN TORTA LIMAO,iogurte,0.07081484152391251,f1_macro_on_full,minimize,"82577,26117,142042,137452,4653,130457,131656,7869,150273,31336,6386,167987,71895,116357,26197,2884,172590,24749,27021,101472,3143,14170,140005,111788,63934,68916,32481,34738,142474,116684,132810,78949,94365,131620,18930,7800,149917,39469,133970,146935,74139,136032,35502,174420,164970,151469,94706,70275,78835,48866,140128,23541,151162,150544,133424,137574,1427,76192,38513,112719,57213,113631,6336,54186,68454,82373,52170,30100,165321,47271,49019,62701,39698,5027,145627,19316,115936,144960,146799,129378,55469,23402,120567,23561,164151,137010,74269,86870,153867,132210,10359,146182,87593,162145,142884,161426,122295,96885,154188,60189,132022,124740,6281,67968,6121,136391,108609,99353,167724,158095,125806,129456,96265,52558,36778,171576,49803,105618,172706,82710,170041,9056,91589,132914,101519,112757,10252,77710,36605,102335,65833,15371,50184,24095,102230,128937,163729,104705,144547,88666,94917,62179,82258,24674,89608,117096,110425,92439,70121,98010,65246,88521,105379,51346,96149,120888,101830,31697,129331,54790,160152,172617,102539,1740,74020,123530,39820,12260,65767,143273,60371,92179,61876,83884,163656,70746,162069,167196,46684,134634,156855,85248,47561,130981,15654,38176,54896,68239,120500,38179,104214,158747,116708,168903,101942,60981,17408,104979,10037,41012,37273,164131,83414,122226,139562,30904,100223,41689,17622,35426,15772,111934,39863,579,48891,130302,115523,70657,166125,85636,122006,33691,80209,170305,87805,53975,109258,173481,128259,128572,113420,63985,108583,87540,154906,36639,67826,96144,68906,148250,92616,148691,122577,95480,114095,169914,93478,30187,36587,99735"
LINGUA BOV CONG KG,linguica,0.07081484152391251,f1_macro_on_full,minimize,"82577,26117,142042,137452,4653,130457,131656,7869,150273,31336,6386,167987,71895,116357,26197,2884,172590,24749,27021,101472,3143,14170,140005,111788,63934,68916,32481,34738,142474,116684,132810,78949,94365,131620,18930,7800,149917,39469,133970,146935,74139,136032,35502,174420,164970,151469,94706,70275,78835,48866,140128,23541,151162,150544,133424,137574,1427,76192,38513,112719,57213,113631,6336,54186,68454,82373,52170,30100,165321,47271,49019,62701,39698,5027,145627,19316,115936,144960,146799,129378,55469,23402,120567,23561,164151,137010,74269,86870,153867,132210,10359,146182,87593,162145,142884,161426,122295,96885,154188,60189,132022,124740,6281,67968,6121,136391,108609,99353,167724,158095,125806,129456,96265,52558,36778,171576,49803,105618,172706,82710,170041,9056,91589,132914,101519,112757,10252,77710,36605,102335,65833,15371,50184,24095,102230,128937,163729,104705,144547,88666,94917,62179,82258,24674,89608,117096,110425,92439,70121,98010,65246,88521,105379,51346,96149,120888,101830,31697,129331,54790,160152,172617,102539,1740,74020,123530,39820,12260,65767,143273,60371,92179,61876,83884,163656,70746,162069,167196,46684,134634,156855,85248,47561,130981,15654,38176,54896,68239,120500,38179,104214,158747,116708,168903,101942,60981,17408,104979,10037,41012,37273,164131,83414,122226,139562,30904,100223,41689,17622,35426,15772,111934,39863,579,48891,130302,115523,70657,166125,85636,122006,33691,80209,170305,87805,53975,109258,173481,128259,128572,113420,63985,108583,87540,154906,36639,67826,96144,68906,148250,92616,148691,122577,95480,114095,169914,93478,30187,36587,99735"
CHOC FERRERO RAFFAELLO T9X12 90G,chocolate,0.07081484152391251,f1_macro_on_full,minimize,"82577,26117,142042,137452,4653,130457,131656,7869,150273,31336,6386,167987,71895,116357,26197,2884,172590,24749,27021,101472,3143,14170,140005,111788,63934,68916,32481,34738,142474,116684,132810,78949,94365,131620,18930,7800,149917,39469,133970,146935,74139,136032,35502,174420,164970,151469,94706,70275,78835,48866,140128,23541,151162,150544,133424,137574,1427,76192,38513,112719,57213,113631,6336,54186,68454,82373,52170,30100,165321,47271,49019,62701,39698,5027,145627,19316,115936,144960,146799,129378,55469,23402,120567,23561,164151,137010,74269,86870,153867,132210,10359,146182,87593,162145,142884,161426,122295,96885,154188,60189,132022,124740,6281,67968,6121,136391,108609,99353,167724,158095,125806,129456,96265,52558,36778,171576,49803,105618,172706,82710,170041,9056,91589,132914,101519,112757,10252,77710,36605,102335,65833,15371,50184,24095,102230,128937,163729,104705,144547,88666,94917,62179,82258,24674,89608,117096,110425,92439,70121,98010,65246,88521,105379,51346,96149,120888,101830,31697,129331,54790,160152,172617,102539,1740,74020,123530,39820,12260,65767,143273,60371,92179,61876,83884,163656,70746,162069,167196,46684,134634,156855,85248,47561,130981,15654,38176,54896,68239,120500,38179,104214,158747,116708,168903,101942,60981,17408,104979,10037,41012,37273,164131,83414,122226,139562,30904,100223,41689,17622,35426,15772,111934,39863,579,48891,130302,115523,70657,166125,85636,122006,33691,80209,170305,87805,53975,109258,173481,128259,128572,113420,63985,108583,87540,154906,36639,67826,96144,68906,148250,92616,148691,122577,95480,114095,169914,93478,30187,36587,99735"
EMB P/PIZZA GUARA N35 C/25,outro bazar e departamentos,0.07081484152391251,f1_macro_on_full,minimize,"82577,26117,142042,137452,4653,130457,131656,7869,150273,31336,6386,167987,71895,116357,26197,2884,172590,24749,27021,101472,3143,14170,140005,111788,63934,68916,32481,34738,142474,116684,132810,78949,94365,131620,18930,7800,149917,39469,133970,146935,74139,136032,35502,174420,164970,151469,94706,70275,78835,48866,140128,23541,151162,150544,133424,137574,1427,76192,38513,112719,57213,113631,6336,54186,68454,82373,52170,30100,165321,47271,49019,62701,39698,5027,145627,19316,115936,144960,146799,129378,55469,23402,120567,23561,164151,137010,74269,86870,153867,132210,10359,146182,87593,162145,142884,161426,122295,96885,154188,60189,132022,124740,6281,67968,6121,136391,108609,99353,167724,158095,125806,129456,96265,52558,36778,171576,49803,105618,172706,82710,170041,9056,91589,132914,101519,112757,10252,77710,36605,102335,65833,15371,50184,24095,102230,128937,163729,104705,144547,88666,94917,62179,82258,24674,89608,117096,110425,92439,70121,98010,65246,88521,105379,51346,96149,120888,101830,31697,129331,54790,160152,172617,102539,1740,74020,123530,39820,12260,65767,143273,60371,92179,61876,83884,163656,70746,162069,167196,46684,134634,156855,85248,47561,130981,15654,38176,54896,68239,120500,38179,104214,158747,116708,168903,101942,60981,17408,104979,10037,41012,37273,164131,83414,122226,139562,30904,100223,41689,17622,35426,15772,111934,39863,579,48891,130302,115523,70657,166125,85636,122006,33691,80209,170305,87805,53975,109258,173481,128259,128572,113420,63985,108583,87540,154906,36639,67826,96144,68906,148250,92616,148691,122577,95480,114095,169914,93478,30187,36587,99735"
CALCA MOL 3RS MSC PP 31404 FMOI22,calca,0.07081484152391251,f1_macro_on_full,minimize,"82577,26117,142042,137452,4653,130457,131656,7869,150273,31336,6386,167987,71895,116357,26197,2884,172590,24749,27021,101472,3143,14170,140005,111788,63934,68916,32481,34738,142474,116684,132810,78949,94365,131620,18930,7800,149917,39469,133970,146935,74139,136032,35502,174420,164970,151469,94706,70275,78835,48866,140128,23541,151162,150544,133424,137574,1427,76192,38513,112719,57213,113631,6336,54186,68454,82373,52170,30100,165321,47271,49019,62701,39698,5027,145627,19316,115936,144960,146799,129378,55469,23402,120567,23561,164151,137010,74269,86870,153867,132210,10359,146182,87593,162145,142884,161426,122295,96885,154188,60189,132022,124740,6281,67968,6121,136391,108609,99353,167724,158095,125806,129456,96265,52558,36778,171576,49803,105618,172706,82710,170041,9056,91589,132914,101519,112757,10252,77710,36605,102335,65833,15371,50184,24095,102230,128937,163729,104705,144547,88666,94917,62179,82258,24674,89608,117096,110425,92439,70121,98010,65246,88521,105379,51346,96149,120888,101830,31697,129331,54790,160152,172617,102539,1740,74020,123530,39820,12260,65767,143273,60371,92179,61876,83884,163656,70746,162069,167196,46684,134634,156855,85248,47561,130981,15654,38176,54896,68239,120500,38179,104214,158747,116708,168903,101942,60981,17408,104979,10037,41012,37273,164131,83414,122226,139562,30904,100223,41689,17622,35426,15772,111934,39863,579,48891,130302,115523,70657,166125,85636,122006,33691,80209,170305,87805,53975,109258,173481,128259,128572,113420,63985,108583,87540,154906,36639,67826,96144,68906,148250,92616,148691,122577,95480,114095,169914,93478,30187,36587,99735"
SAL GROSSO LEBRE P/CHUR 1KG,sal,0.07081484152391251,f1_macro_on_full,minimize,"82577,26117,142042,137452,4653,130457,131656,7869,150273,31336,6386,167987,71895,116357,26197,2884,172590,24749,27021,101472,3143,14170,140005,111788,63934,68916,32481,34738,142474,116684,132810,78949,94365,131620,18930,7800,149917,39469,133970,146935,74139,136032,35502,174420,164970,151469,94706,70275,78835,48866,140128,23541,151162,150544,133424,137574,1427,76192,38513,112719,57213,113631,6336,54186,68454,82373,52170,30100,165321,47271,49019,62701,39698,5027,145627,19316,115936,144960,146799,129378,55469,23402,120567,23561,164151,137010,74269,86870,153867,132210,10359,146182,87593,162145,142884,161426,122295,96885,154188,60189,132022,124740,6281,67968,6121,136391,108609,99353,167724,158095,125806,129456,96265,52558,36778,171576,49803,105618,172706,82710,170041,9056,91589,132914,101519,112757,10252,77710,36605,102335,65833,15371,50184,24095,102230,128937,163729,104705,144547,88666,94917,62179,82258,24674,89608,117096,110425,92439,70121,98010,65246,88521,105379,51346,96149,120888,101830,31697,129331,54790,160152,172617,102539,1740,74020,123530,39820,12260,65767,143273,60371,92179,61876,83884,163656,70746,162069,167196,46684,134634,156855,85248,47561,130981,15654,38176,54896,68239,120500,38179,104214,158747,116708,168903,101942,60981,17408,104979,10037,41012,37273,164131,83414,122226,139562,30904,100223,41689,17622,35426,15772,111934,39863,579,48891,130302,115523,70657,166125,85636,122006,33691,80209,170305,87805,53975,109258,173481,128259,128572,113420,63985,108583,87540,154906,36639,67826,96144,68906,148250,92616,148691,122577,95480,114095,169914,93478,30187,36587,99735"
INSET ELET RAID PAST EUCAL RF L12P10,repelente,0.07081484152391251,f1_macro_on_full,minimize,"82577,26117,142042,137452,4653,130457,131656,7869,150273,31336,6386,167987,71895,116357,26197,2884,172590,24749,27021,101472,3143,14170,140005,111788,63934,68916,32481,34738,142474,116684,132810,78949,94365,131620,18930,7800,149917,39469,133970,146935,74139,136032,35502,174420,164970,151469,94706,70275,78835,48866,140128,23541,151162,150544,133424,137574,1427,76192,38513,112719,57213,113631,6336,54186,68454,82373,52170,30100,165321,47271,49019,62701,39698,5027,145627,19316,115936,144960,146799,129378,55469,23402,120567,23561,164151,137010,74269,86870,153867,132210,10359,146182,87593,162145,142884,161426,122295,96885,154188,60189,132022,124740,6281,67968,6121,136391,108609,99353,167724,158095,125806,129456,96265,52558,36778,171576,49803,105618,172706,82710,170041,9056,91589,132914,101519,112757,10252,77710,36605,102335,65833,15371,50184,24095,102230,128937,163729,104705,144547,88666,94917,62179,82258,24674,89608,117096,110425,92439,70121,98010,65246,88521,105379,51346,96149,120888,101830,31697,129331,54790,160152,172617,102539,1740,74020,123530,39820,12260,65767,143273,60371,92179,61876,83884,163656,70746,162069,167196,46684,134634,156855,85248,47561,130981,15654,38176,54896,68239,120500,38179,104214,158747,116708,168903,101942,60981,17408,104979,10037,41012,37273,164131,83414,122226,139562,30904,100223,41689,17622,35426,15772,111934,39863,579,48891,130302,115523,70657,166125,85636,122006,33691,80209,170305,87805,53975,109258,173481,128259,128572,113420,63985,108583,87540,154906,36639,67826,96144,68906,148250,92616,148691,122577,95480,114095,169914,93478,30187,36587,99735"
MAIONESE HEMMER PREMIUM          VD 330G,maionese,0.07081484152391251,f1_macro_on_full,minimize,"82577,26117,142042,137452,4653,130457,131656,7869,150273,31336,6386,167987,71895,116357,26197,2884,172590,24749,27021,101472,3143,14170,140005,111788,63934,68916,32481,34738,142474,116684,132810,78949,94365,131620,18930,7800,149917,39469,133970,146935,74139,136032,35502,174420,164970,151469,94706,70275,78835,48866,140128,23541,151162,150544,133424,137574,1427,76192,38513,112719,57213,113631,6336,54186,68454,82373,52170,30100,165321,47271,49019,62701,39698,5027,145627,19316,115936,144960,146799,129378,55469,23402,120567,23561,164151,137010,74269,86870,153867,132210,10359,146182,87593,162145,142884,161426,122295,96885,154188,60189,132022,124740,6281,67968,6121,136391,108609,99353,167724,158095,125806,129456,96265,52558,36778,171576,49803,105618,172706,82710,170041,9056,91589,132914,101519,112757,10252,77710,36605,102335,65833,15371,50184,24095,102230,128937,163729,104705,144547,88666,94917,62179,82258,24674,89608,117096,110425,92439,70121,98010,65246,88521,105379,51346,96149,120888,101830,31697,129331,54790,160152,172617,102539,1740,74020,123530,39820,12260,65767,143273,60371,92179,61876,83884,163656,70746,162069,167196,46684,134634,156855,85248,47561,130981,15654,38176,54896,68239,120500,38179,104214,158747,116708,168903,101942,60981,17408,104979,10037,41012,37273,164131,83414,122226,139562,30904,100223,41689,17622,35426,15772,111934,39863,579,48891,130302,115523,70657,166125,85636,122006,33691,80209,170305,87805,53975,109258,173481,128259,128572,113420,63985,108583,87540,154906,36639,67826,96144,68906,148250,92616,148691,122577,95480,114095,169914,93478,30187,36587,99735"
BISC.WAFER OURO BRANCO 25G RECH.,biscoito,0.07081484152391251,f1_macro_on_full,minimize,"82577,26117,142042,137452,4653,130457,131656,7869,150273,31336,6386,167987,71895,116357,26197,2884,172590,24749,27021,101472,3143,14170,140005,111788,63934,68916,32481,34738,142474,116684,132810,78949,94365,131620,18930,7800,149917,39469,133970,146935,74139,136032,35502,174420,164970,151469,94706,70275,78835,48866,140128,23541,151162,150544,133424,137574,1427,76192,38513,112719,57213,113631,6336,54186,68454,82373,52170,30100,165321,47271,49019,62701,39698,5027,145627,19316,115936,144960,146799,129378,55469,23402,120567,23561,164151,137010,74269,86870,153867,132210,10359,146182,87593,162145,142884,161426,122295,96885,154188,60189,132022,124740,6281,67968,6121,136391,108609,99353,167724,158095,125806,129456,96265,52558,36778,171576,49803,105618,172706,82710,170041,9056,91589,132914,101519,112757,10252,77710,36605,102335,65833,15371,50184,24095,102230,128937,163729,104705,144547,88666,94917,62179,82258,24674,89608,117096,110425,92439,70121,98010,65246,88521,105379,51346,96149,120888,101830,31697,129331,54790,160152,172617,102539,1740,74020,123530,39820,12260,65767,143273,60371,92179,61876,83884,163656,70746,162069,167196,46684,134634,156855,85248,47561,130981,15654,38176,54896,68239,120500,38179,104214,158747,116708,168903,101942,60981,17408,104979,10037,41012,37273,164131,83414,122226,139562,30904,100223,41689,17622,35426,15772,111934,39863,579,48891,130302,115523,70657,166125,85636,122006,33691,80209,170305,87805,53975,109258,173481,128259,128572,113420,63985,108583,87540,154906,36639,67826,96144,68906,148250,92616,148691,122577,95480,114095,169914,93478,30187,36587,99735"
SORV CREME MEL CHOCOLATE 1 5L,sorvete,0.07081484152391251,f1_macro_on_full,minimize,"82577,26117,142042,137452,4653,130457,131656,7869,150273,31336,6386,167987,71895,116357,26197,2884,172590,24749,27021,101472,3143,14170,140005,111788,63934,68916,32481,34738,142474,116684,132810,78949,94365,131620,18930,7800,149917,39469,133970,146935,74139,136032,35502,174420,164970,151469,94706,70275,78835,48866,140128,23541,151162,150544,133424,137574,1427,76192,38513,112719,57213,113631,6336,54186,68454,82373,52170,30100,165321,47271,49019,62701,39698,5027,145627,19316,115936,144960,146799,129378,55469,23402,120567,23561,164151,137010,74269,86870,153867,132210,10359,146182,87593,162145,142884,161426,122295,96885,154188,60189,132022,124740,6281,67968,6121,136391,108609,99353,167724,158095,125806,129456,96265,52558,36778,171576,49803,105618,172706,82710,170041,9056,91589,132914,101519,112757,10252,77710,36605,102335,65833,15371,50184,24095,102230,128937,163729,104705,144547,88666,94917,62179,82258,24674,89608,117096,110425,92439,70121,98010,65246,88521,105379,51346,96149,120888,101830,31697,129331,54790,160152,172617,102539,1740,74020,123530,39820,12260,65767,143273,60371,92179,61876,83884,163656,70746,162069,167196,46684,134634,156855,85248,47561,130981,15654,38176,54896,68239,120500,38179,104214,158747,116708,168903,101942,60981,17408,104979,10037,41012,37273,164131,83414,122226,139562,30904,100223,41689,17622,35426,15772,111934,39863,579,48891,130302,115523,70657,166125,85636,122006,33691,80209,170305,87805,53975,109258,173481,128259,128572,113420,63985,108583,87540,154906,36639,67826,96144,68906,148250,92616,148691,122577,95480,114095,169914,93478,30187,36587,99735"
IOG INT LAR CEN MEL DANONE 160G,iogurte,0.07081484152391251,f1_macro_on_full,minimize,"82577,26117,142042,137452,4653,130457,131656,7869,150273,31336,6386,167987,71895,116357,26197,2884,172590,24749,27021,101472,3143,14170,140005,111788,63934,68916,32481,34738,142474,116684,132810,78949,94365,131620,18930,7800,149917,39469,133970,146935,74139,136032,35502,174420,164970,151469,94706,70275,78835,48866,140128,23541,151162,150544,133424,137574,1427,76192,38513,112719,57213,113631,6336,54186,68454,82373,52170,30100,165321,47271,49019,62701,39698,5027,145627,19316,115936,144960,146799,129378,55469,23402,120567,23561,164151,137010,74269,86870,153867,132210,10359,146182,87593,162145,142884,161426,122295,96885,154188,60189,132022,124740,6281,67968,6121,136391,108609,99353,167724,158095,125806,129456,96265,52558,36778,171576,49803,105618,172706,82710,170041,9056,91589,132914,101519,112757,10252,77710,36605,102335,65833,15371,50184,24095,102230,128937,163729,104705,144547,88666,94917,62179,82258,24674,89608,117096,110425,92439,70121,98010,65246,88521,105379,51346,96149,120888,101830,31697,129331,54790,160152,172617,102539,1740,74020,123530,39820,12260,65767,143273,60371,92179,61876,83884,163656,70746,162069,167196,46684,134634,156855,85248,47561,130981,15654,38176,54896,68239,120500,38179,104214,158747,116708,168903,101942,60981,17408,104979,10037,41012,37273,164131,83414,122226,139562,30904,100223,41689,17622,35426,15772,111934,39863,579,48891,130302,115523,70657,166125,85636,122006,33691,80209,170305,87805,53975,109258,173481,128259,128572,113420,63985,108583,87540,154906,36639,67826,96144,68906,148250,92616,148691,122577,95480,114095,169914,93478,30187,36587,99735"
TEMP KNORR MEU ASSADO PC 23G FRANGO CAIPIRA,tempero pronto,0.07081484152391251,f1_macro_on_full,minimize,"82577,26117,142042,137452,4653,130457,131656,7869,150273,31336,6386,167987,71895,116357,26197,2884,172590,24749,27021,101472,3143,14170,140005,111788,63934,68916,32481,34738,142474,116684,132810,78949,94365,131620,18930,7800,149917,39469,133970,146935,74139,136032,35502,174420,164970,151469,94706,70275,78835,48866,140128,23541,151162,150544,133424,137574,1427,76192,38513,112719,57213,113631,6336,54186,68454,82373,52170,30100,165321,47271,49019,62701,39698,5027,145627,19316,115936,144960,146799,129378,55469,23402,120567,23561,164151,137010,74269,86870,153867,132210,10359,146182,87593,162145,142884,161426,122295,96885,154188,60189,132022,124740,6281,67968,6121,136391,108609,99353,167724,158095,125806,129456,96265,52558,36778,171576,49803,105618,172706,82710,170041,9056,91589,132914,101519,112757,10252,77710,36605,102335,65833,15371,50184,24095,102230,128937,163729,104705,144547,88666,94917,62179,82258,24674,89608,117096,110425,92439,70121,98010,65246,88521,105379,51346,96149,120888,101830,31697,129331,54790,160152,172617,102539,1740,74020,123530,39820,12260,65767,143273,60371,92179,61876,83884,163656,70746,162069,167196,46684,134634,156855,85248,47561,130981,15654,38176,54896,68239,120500,38179,104214,158747,116708,168903,101942,60981,17408,104979,10037,41012,37273,164131,83414,122226,139562,30904,100223,41689,17622,35426,15772,111934,39863,579,48891,130302,115523,70657,166125,85636,122006,33691,80209,170305,87805,53975,109258,173481,128259,128572,113420,63985,108583,87540,154906,36639,67826,96144,68906,148250,92616,148691,122577,95480,114095,169914,93478,30187,36587,99735"
PAO QUEIJO SAO GERALDO TRAD.    PE   1KG,massa de pao de queijo,0.07081484152391251,f1_macro_on_full,minimize,"82577,26117,142042,137452,4653,130457,131656,7869,150273,31336,6386,167987,71895,116357,26197,2884,172590,24749,27021,101472,3143,14170,140005,111788,63934,68916,32481,34738,142474,116684,132810,78949,94365,131620,18930,7800,149917,39469,133970,146935,74139,136032,35502,174420,164970,151469,94706,70275,78835,48866,140128,23541,151162,150544,133424,137574,1427,76192,38513,112719,57213,113631,6336,54186,68454,82373,52170,30100,165321,47271,49019,62701,39698,5027,145627,19316,115936,144960,146799,129378,55469,23402,120567,23561,164151,137010,74269,86870,153867,132210,10359,146182,87593,162145,142884,161426,122295,96885,154188,60189,132022,124740,6281,67968,6121,136391,108609,99353,167724,158095,125806,129456,96265,52558,36778,171576,49803,105618,172706,82710,170041,9056,91589,132914,101519,112757,10252,77710,36605,102335,65833,15371,50184,24095,102230,128937,163729,104705,144547,88666,94917,62179,82258,24674,89608,117096,110425,92439,70121,98010,65246,88521,105379,51346,96149,120888,101830,31697,129331,54790,160152,172617,102539,1740,74020,123530,39820,12260,65767,143273,60371,92179,61876,83884,163656,70746,162069,167196,46684,134634,156855,85248,47561,130981,15654,38176,54896,68239,120500,38179,104214,158747,116708,168903,101942,60981,17408,104979,10037,41012,37273,164131,83414,122226,139562,30904,100223,41689,17622,35426,15772,111934,39863,579,48891,130302,115523,70657,166125,85636,122006,33691,80209,170305,87805,53975,109258,173481,128259,128572,113420,63985,108583,87540,154906,36639,67826,96144,68906,148250,92616,148691,122577,95480,114095,169914,93478,30187,36587,99735"
VH CHI CHILANO CAB SAUV TT 750ML,vinho importado,0.07081484152391251,f1_macro_on_full,minimize,"82577,26117,142042,137452,4653,130457,131656,7869,150273,31336,6386,167987,71895,116357,26197,2884,172590,24749,27021,101472,3143,14170,140005,111788,63934,68916,32481,34738,142474,116684,132810,78949,94365,131620,18930,7800,149917,39469,133970,146935,74139,136032,35502,174420,164970,151469,94706,70275,78835,48866,140128,23541,151162,150544,133424,137574,1427,76192,38513,112719,57213,113631,6336,54186,68454,82373,52170,30100,165321,47271,49019,62701,39698,5027,145627,19316,115936,144960,146799,129378,55469,23402,120567,23561,164151,137010,74269,86870,153867,132210,10359,146182,87593,162145,142884,161426,122295,96885,154188,60189,132022,124740,6281,67968,6121,136391,108609,99353,167724,158095,125806,129456,96265,52558,36778,171576,49803,105618,172706,82710,170041,9056,91589,132914,101519,112757,10252,77710,36605,102335,65833,15371,50184,24095,102230,128937,163729,104705,144547,88666,94917,62179,82258,24674,89608,117096,110425,92439,70121,98010,65246,88521,105379,51346,96149,120888,101830,31697,129331,54790,160152,172617,102539,1740,74020,123530,39820,12260,65767,143273,60371,92179,61876,83884,163656,70746,162069,167196,46684,134634,156855,85248,47561,130981,15654,38176,54896,68239,120500,38179,104214,158747,116708,168903,101942,60981,17408,104979,10037,41012,37273,164131,83414,122226,139562,30904,100223,41689,17622,35426,15772,111934,39863,579,48891,130302,115523,70657,166125,85636,122006,33691,80209,170305,87805,53975,109258,173481,128259,128572,113420,63985,108583,87540,154906,36639,67826,96144,68906,148250,92616,148691,122577,95480,114095,169914,93478,30187,36587,99735"
LASANHA SADIA CALABRESA        CX 600GR,lasanha congelada,0.07081484152391251,f1_macro_on_full,minimize,"82577,26117,142042,137452,4653,130457,131656,7869,150273,31336,6386,167987,71895,116357,26197,2884,172590,24749,27021,101472,3143,14170,140005,111788,63934,68916,32481,34738,142474,116684,132810,78949,94365,131620,18930,7800,149917,39469,133970,146935,74139,136032,35502,174420,164970,151469,94706,70275,78835,48866,140128,23541,151162,150544,133424,137574,1427,76192,38513,112719,57213,113631,6336,54186,68454,82373,52170,30100,165321,47271,49019,62701,39698,5027,145627,19316,115936,144960,146799,129378,55469,23402,120567,23561,164151,137010,74269,86870,153867,132210,10359,146182,87593,162145,142884,161426,122295,96885,154188,60189,132022,124740,6281,67968,6121,136391,108609,99353,167724,158095,125806,129456,96265,52558,36778,171576,49803,105618,172706,82710,170041,9056,91589,132914,101519,112757,10252,77710,36605,102335,65833,15371,50184,24095,102230,128937,163729,104705,144547,88666,94917,62179,82258,24674,89608,117096,110425,92439,70121,98010,65246,88521,105379,51346,96149,120888,101830,31697,129331,54790,160152,172617,102539,1740,74020,123530,39820,12260,65767,143273,60371,92179,61876,83884,163656,70746,162069,167196,46684,134634,156855,85248,47561,130981,15654,38176,54896,68239,120500,38179,104214,158747,116708,168903,101942,60981,17408,104979,10037,41012,37273,164131,83414,122226,139562,30904,100223,41689,17622,35426,15772,111934,39863,579,48891,130302,115523,70657,166125,85636,122006,33691,80209,170305,87805,53975,109258,173481,128259,128572,113420,63985,108583,87540,154906,36639,67826,96144,68906,148250,92616,148691,122577,95480,114095,169914,93478,30187,36587,99735"
DESOD REXONA CLINICAL MEN CLEAN AE 150ML,desodorante,0.07081484152391251,f1_macro_on_full,minimize,"82577,26117,142042,137452,4653,130457,131656,7869,150273,31336,6386,167987,71895,116357,26197,2884,172590,24749,27021,101472,3143,14170,140005,111788,63934,68916,32481,34738,142474,116684,132810,78949,94365,131620,18930,7800,149917,39469,133970,146935,74139,136032,35502,174420,164970,151469,94706,70275,78835,48866,140128,23541,151162,150544,133424,137574,1427,76192,38513,112719,57213,113631,6336,54186,68454,82373,52170,30100,165321,47271,49019,62701,39698,5027,145627,19316,115936,144960,146799,129378,55469,23402,120567,23561,164151,137010,74269,86870,153867,132210,10359,146182,87593,162145,142884,161426,122295,96885,154188,60189,132022,124740,6281,67968,6121,136391,108609,99353,167724,158095,125806,129456,96265,52558,36778,171576,49803,105618,172706,82710,170041,9056,91589,132914,101519,112757,10252,77710,36605,102335,65833,15371,50184,24095,102230,128937,163729,104705,144547,88666,94917,62179,82258,24674,89608,117096,110425,92439,70121,98010,65246,88521,105379,51346,96149,120888,101830,31697,129331,54790,160152,172617,102539,1740,74020,123530,39820,12260,65767,143273,60371,92179,61876,83884,163656,70746,162069,167196,46684,134634,156855,85248,47561,130981,15654,38176,54896,68239,120500,38179,104214,158747,116708,168903,101942,60981,17408,104979,10037,41012,37273,164131,83414,122226,139562,30904,100223,41689,17622,35426,15772,111934,39863,579,48891,130302,115523,70657,166125,85636,122006,33691,80209,170305,87805,53975,109258,173481,128259,128572,113420,63985,108583,87540,154906,36639,67826,96144,68906,148250,92616,148691,122577,95480,114095,169914,93478,30187,36587,99735"
BATATA PALHA YOKI EXT FINA PC 100G TRADICIONAL,vegetal em palha,0.07081484152391251,f1_macro_on_full,minimize,"82577,26117,142042,137452,4653,130457,131656,7869,150273,31336,6386,167987,71895,116357,26197,2884,172590,24749,27021,101472,3143,14170,140005,111788,63934,68916,32481,34738,142474,116684,132810,78949,94365,131620,18930,7800,149917,39469,133970,146935,74139,136032,35502,174420,164970,151469,94706,70275,78835,48866,140128,23541,151162,150544,133424,137574,1427,76192,38513,112719,57213,113631,6336,54186,68454,82373,52170,30100,165321,47271,49019,62701,39698,5027,145627,19316,115936,144960,146799,129378,55469,23402,120567,23561,164151,137010,74269,86870,153867,132210,10359,146182,87593,162145,142884,161426,122295,96885,154188,60189,132022,124740,6281,67968,6121,136391,108609,99353,167724,158095,125806,129456,96265,52558,36778,171576,49803,105618,172706,82710,170041,9056,91589,132914,101519,112757,10252,77710,36605,102335,65833,15371,50184,24095,102230,128937,163729,104705,144547,88666,94917,62179,82258,24674,89608,117096,110425,92439,70121,98010,65246,88521,105379,51346,96149,120888,101830,31697,129331,54790,160152,172617,102539,1740,74020,123530,39820,12260,65767,143273,60371,92179,61876,83884,163656,70746,162069,167196,46684,134634,156855,85248,47561,130981,15654,38176,54896,68239,120500,38179,104214,158747,116708,168903,101942,60981,17408,104979,10037,41012,37273,164131,83414,122226,139562,30904,100223,41689,17622,35426,15772,111934,39863,579,48891,130302,115523,70657,166125,85636,122006,33691,80209,170305,87805,53975,109258,173481,128259,128572,113420,63985,108583,87540,154906,36639,67826,96144,68906,148250,92616,148691,122577,95480,114095,169914,93478,30187,36587,99735"
CEREAL MATINAL NESTLE 170GR NESCAU EXTRA CACAU,cereal matinal,0.07081484152391251,f1_macro_on_full,minimize,"82577,26117,142042,137452,4653,130457,131656,7869,150273,31336,6386,167987,71895,116357,26197,2884,172590,24749,27021,101472,3143,14170,140005,111788,63934,68916,32481,34738,142474,116684,132810,78949,94365,131620,18930,7800,149917,39469,133970,146935,74139,136032,35502,174420,164970,151469,94706,70275,78835,48866,140128,23541,151162,150544,133424,137574,1427,76192,38513,112719,57213,113631,6336,54186,68454,82373,52170,30100,165321,47271,49019,62701,39698,5027,145627,19316,115936,144960,146799,129378,55469,23402,120567,23561,164151,137010,74269,86870,153867,132210,10359,146182,87593,162145,142884,161426,122295,96885,154188,60189,132022,124740,6281,67968,6121,136391,108609,99353,167724,158095,125806,129456,96265,52558,36778,171576,49803,105618,172706,82710,170041,9056,91589,132914,101519,112757,10252,77710,36605,102335,65833,15371,50184,24095,102230,128937,163729,104705,144547,88666,94917,62179,82258,24674,89608,117096,110425,92439,70121,98010,65246,88521,105379,51346,96149,120888,101830,31697,129331,54790,160152,172617,102539,1740,74020,123530,39820,12260,65767,143273,60371,92179,61876,83884,163656,70746,162069,167196,46684,134634,156855,85248,47561,130981,15654,38176,54896,68239,120500,38179,104214,158747,116708,168903,101942,60981,17408,104979,10037,41012,37273,164131,83414,122226,139562,30904,100223,41689,17622,35426,15772,111934,39863,579,48891,130302,115523,70657,166125,85636,122006,33691,80209,170305,87805,53975,109258,173481,128259,128572,113420,63985,108583,87540,154906,36639,67826,96144,68906,148250,92616,148691,122577,95480,114095,169914,93478,30187,36587,99735"
PURE FRUTAS NESTLE NATUR MANG/MAC/BA 99G,outro doce,0.07081484152391251,f1_macro_on_full,minimize,"82577,26117,142042,137452,4653,130457,131656,7869,150273,31336,6386,167987,71895,116357,26197,2884,172590,24749,27021,101472,3143,14170,140005,111788,63934,68916,32481,34738,142474,116684,132810,78949,94365,131620,18930,7800,149917,39469,133970,146935,74139,136032,35502,174420,164970,151469,94706,70275,78835,48866,140128,23541,151162,150544,133424,137574,1427,76192,38513,112719,57213,113631,6336,54186,68454,82373,52170,30100,165321,47271,49019,62701,39698,5027,145627,19316,115936,144960,146799,129378,55469,23402,120567,23561,164151,137010,74269,86870,153867,132210,10359,146182,87593,162145,142884,161426,122295,96885,154188,60189,132022,124740,6281,67968,6121,136391,108609,99353,167724,158095,125806,129456,96265,52558,36778,171576,49803,105618,172706,82710,170041,9056,91589,132914,101519,112757,10252,77710,36605,102335,65833,15371,50184,24095,102230,128937,163729,104705,144547,88666,94917,62179,82258,24674,89608,117096,110425,92439,70121,98010,65246,88521,105379,51346,96149,120888,101830,31697,129331,54790,160152,172617,102539,1740,74020,123530,39820,12260,65767,143273,60371,92179,61876,83884,163656,70746,162069,167196,46684,134634,156855,85248,47561,130981,15654,38176,54896,68239,120500,38179,104214,158747,116708,168903,101942,60981,17408,104979,10037,41012,37273,164131,83414,122226,139562,30904,100223,41689,17622,35426,15772,111934,39863,579,48891,130302,115523,70657,166125,85636,122006,33691,80209,170305,87805,53975,109258,173481,128259,128572,113420,63985,108583,87540,154906,36639,67826,96144,68906,148250,92616,148691,122577,95480,114095,169914,93478,30187,36587,99735"
HAMBURG BOV CARAPRETA C/2 200G COSTELA,hamburguer congelado,0.07081484152391251,f1_macro_on_full,minimize,"82577,26117,142042,137452,4653,130457,131656,7869,150273,31336,6386,167987,71895,116357,26197,2884,172590,24749,27021,101472,3143,14170,140005,111788,63934,68916,32481,34738,142474,116684,132810,78949,94365,131620,18930,7800,149917,39469,133970,146935,74139,136032,35502,174420,164970,151469,94706,70275,78835,48866,140128,23541,151162,150544,133424,137574,1427,76192,38513,112719,57213,113631,6336,54186,68454,82373,52170,30100,165321,47271,49019,62701,39698,5027,145627,19316,115936,144960,146799,129378,55469,23402,120567,23561,164151,137010,74269,86870,153867,132210,10359,146182,87593,162145,142884,161426,122295,96885,154188,60189,132022,124740,6281,67968,6121,136391,108609,99353,167724,158095,125806,129456,96265,52558,36778,171576,49803,105618,172706,82710,170041,9056,91589,132914,101519,112757,10252,77710,36605,102335,65833,15371,50184,24095,102230,128937,163729,104705,144547,88666,94917,62179,82258,24674,89608,117096,110425,92439,70121,98010,65246,88521,105379,51346,96149,120888,101830,31697,129331,54790,160152,172617,102539,1740,74020,123530,39820,12260,65767,143273,60371,92179,61876,83884,163656,70746,162069,167196,46684,134634,156855,85248,47561,130981,15654,38176,54896,68239,120500,38179,104214,158747,116708,168903,101942,60981,17408,104979,10037,41012,37273,164131,83414,122226,139562,30904,100223,41689,17622,35426,15772,111934,39863,579,48891,130302,115523,70657,166125,85636,122006,33691,80209,170305,87805,53975,109258,173481,128259,128572,113420,63985,108583,87540,154906,36639,67826,96144,68906,148250,92616,148691,122577,95480,114095,169914,93478,30187,36587,99735"
LIMP VEJA LIMPEZ PES 500ML,multiuso,0.07081484152391251,f1_macro_on_full,minimize,"82577,26117,142042,137452,4653,130457,131656,7869,150273,31336,6386,167987,71895,116357,26197,2884,172590,24749,27021,101472,3143,14170,140005,111788,63934,68916,32481,34738,142474,116684,132810,78949,94365,131620,18930,7800,149917,39469,133970,146935,74139,136032,35502,174420,164970,151469,94706,70275,78835,48866,140128,23541,151162,150544,133424,137574,1427,76192,38513,112719,57213,113631,6336,54186,68454,82373,52170,30100,165321,47271,49019,62701,39698,5027,145627,19316,115936,144960,146799,129378,55469,23402,120567,23561,164151,137010,74269,86870,153867,132210,10359,146182,87593,162145,142884,161426,122295,96885,154188,60189,132022,124740,6281,67968,6121,136391,108609,99353,167724,158095,125806,129456,96265,52558,36778,171576,49803,105618,172706,82710,170041,9056,91589,132914,101519,112757,10252,77710,36605,102335,65833,15371,50184,24095,102230,128937,163729,104705,144547,88666,94917,62179,82258,24674,89608,117096,110425,92439,70121,98010,65246,88521,105379,51346,96149,120888,101830,31697,129331,54790,160152,172617,102539,1740,74020,123530,39820,12260,65767,143273,60371,92179,61876,83884,163656,70746,162069,167196,46684,134634,156855,85248,47561,130981,15654,38176,54896,68239,120500,38179,104214,158747,116708,168903,101942,60981,17408,104979,10037,41012,37273,164131,83414,122226,139562,30904,100223,41689,17622,35426,15772,111934,39863,579,48891,130302,115523,70657,166125,85636,122006,33691,80209,170305,87805,53975,109258,173481,128259,128572,113420,63985,108583,87540,154906,36639,67826,96144,68906,148250,92616,148691,122577,95480,114095,169914,93478,30187,36587,99735"
FEIJAO CARIOCA EMPORIO SAO JOAO 1KG,feijao,0.07081484152391251,f1_macro_on_full,minimize,"82577,26117,142042,137452,4653,130457,131656,7869,150273,31336,6386,167987,71895,116357,26197,2884,172590,24749,27021,101472,3143,14170,140005,111788,63934,68916,32481,34738,142474,116684,132810,78949,94365,131620,18930,7800,149917,39469,133970,146935,74139,136032,35502,174420,164970,151469,94706,70275,78835,48866,140128,23541,151162,150544,133424,137574,1427,76192,38513,112719,57213,113631,6336,54186,68454,82373,52170,30100,165321,47271,49019,62701,39698,5027,145627,19316,115936,144960,146799,129378,55469,23402,120567,23561,164151,137010,74269,86870,153867,132210,10359,146182,87593,162145,142884,161426,122295,96885,154188,60189,132022,124740,6281,67968,6121,136391,108609,99353,167724,158095,125806,129456,96265,52558,36778,171576,49803,105618,172706,82710,170041,9056,91589,132914,101519,112757,10252,77710,36605,102335,65833,15371,50184,24095,102230,128937,163729,104705,144547,88666,94917,62179,82258,24674,89608,117096,110425,92439,70121,98010,65246,88521,105379,51346,96149,120888,101830,31697,129331,54790,160152,172617,102539,1740,74020,123530,39820,12260,65767,143273,60371,92179,61876,83884,163656,70746,162069,167196,46684,134634,156855,85248,47561,130981,15654,38176,54896,68239,120500,38179,104214,158747,116708,168903,101942,60981,17408,104979,10037,41012,37273,164131,83414,122226,139562,30904,100223,41689,17622,35426,15772,111934,39863,579,48891,130302,115523,70657,166125,85636,122006,33691,80209,170305,87805,53975,109258,173481,128259,128572,113420,63985,108583,87540,154906,36639,67826,96144,68906,148250,92616,148691,122577,95480,114095,169914,93478,30187,36587,99735"
BOLINHO CER LARANJA. 35G,padaria e confeitaria industrializado,0.07081484152391251,f1_macro_on_full,minimize,"82577,26117,142042,137452,4653,130457,131656,7869,150273,31336,6386,167987,71895,116357,26197,2884,172590,24749,27021,101472,3143,14170,140005,111788,63934,68916,32481,34738,142474,116684,132810,78949,94365,131620,18930,7800,149917,39469,133970,146935,74139,136032,35502,174420,164970,151469,94706,70275,78835,48866,140128,23541,151162,150544,133424,137574,1427,76192,38513,112719,57213,113631,6336,54186,68454,82373,52170,30100,165321,47271,49019,62701,39698,5027,145627,19316,115936,144960,146799,129378,55469,23402,120567,23561,164151,137010,74269,86870,153867,132210,10359,146182,87593,162145,142884,161426,122295,96885,154188,60189,132022,124740,6281,67968,6121,136391,108609,99353,167724,158095,125806,129456,96265,52558,36778,171576,49803,105618,172706,82710,170041,9056,91589,132914,101519,112757,10252,77710,36605,102335,65833,15371,50184,24095,102230,128937,163729,104705,144547,88666,94917,62179,82258,24674,89608,117096,110425,92439,70121,98010,65246,88521,105379,51346,96149,120888,101830,31697,129331,54790,160152,172617,102539,1740,74020,123530,39820,12260,65767,143273,60371,92179,61876,83884,163656,70746,162069,167196,46684,134634,156855,85248,47561,130981,15654,38176,54896,68239,120500,38179,104214,158747,116708,168903,101942,60981,17408,104979,10037,41012,37273,164131,83414,122226,139562,30904,100223,41689,17622,35426,15772,111934,39863,579,48891,130302,115523,70657,166125,85636,122006,33691,80209,170305,87805,53975,109258,173481,128259,128572,113420,63985,108583,87540,154906,36639,67826,96144,68906,148250,92616,148691,122577,95480,114095,169914,93478,30187,36587,99735"
MUSCULO TRAS BOV PED Kg,carne bovina,0.07081484152391251,f1_macro_on_full,minimize,"82577,26117,142042,137452,4653,130457,131656,7869,150273,31336,6386,167987,71895,116357,26197,2884,172590,24749,27021,101472,3143,14170,140005,111788,63934,68916,32481,34738,142474,116684,132810,78949,94365,131620,18930,7800,149917,39469,133970,146935,74139,136032,35502,174420,164970,151469,94706,70275,78835,48866,140128,23541,151162,150544,133424,137574,1427,76192,38513,112719,57213,113631,6336,54186,68454,82373,52170,30100,165321,47271,49019,62701,39698,5027,145627,19316,115936,144960,146799,129378,55469,23402,120567,23561,164151,137010,74269,86870,153867,132210,10359,146182,87593,162145,142884,161426,122295,96885,154188,60189,132022,124740,6281,67968,6121,136391,108609,99353,167724,158095,125806,129456,96265,52558,36778,171576,49803,105618,172706,82710,170041,9056,91589,132914,101519,112757,10252,77710,36605,102335,65833,15371,50184,24095,102230,128937,163729,104705,144547,88666,94917,62179,82258,24674,89608,117096,110425,92439,70121,98010,65246,88521,105379,51346,96149,120888,101830,31697,129331,54790,160152,172617,102539,1740,74020,123530,39820,12260,65767,143273,60371,92179,61876,83884,163656,70746,162069,167196,46684,134634,156855,85248,47561,130981,15654,38176,54896,68239,120500,38179,104214,158747,116708,168903,101942,60981,17408,104979,10037,41012,37273,164131,83414,122226,139562,30904,100223,41689,17622,35426,15772,111934,39863,579,48891,130302,115523,70657,166125,85636,122006,33691,80209,170305,87805,53975,109258,173481,128259,128572,113420,63985,108583,87540,154906,36639,67826,96144,68906,148250,92616,148691,122577,95480,114095,169914,93478,30187,36587,99735"
FEIRINHA LAVANDERIA PLASUTIL,outro bazar e departamentos,0.07081484152391251,f1_macro_on_full,minimize,"82577,26117,142042,137452,4653,130457,131656,7869,150273,31336,6386,167987,71895,116357,26197,2884,172590,24749,27021,101472,3143,14170,140005,111788,63934,68916,32481,34738,142474,116684,132810,78949,94365,131620,18930,7800,149917,39469,133970,146935,74139,136032,35502,174420,164970,151469,94706,70275,78835,48866,140128,23541,151162,150544,133424,137574,1427,76192,38513,112719,57213,113631,6336,54186,68454,82373,52170,30100,165321,47271,49019,62701,39698,5027,145627,19316,115936,144960,146799,129378,55469,23402,120567,23561,164151,137010,74269,86870,153867,132210,10359,146182,87593,162145,142884,161426,122295,96885,154188,60189,132022,124740,6281,67968,6121,136391,108609,99353,167724,158095,125806,129456,96265,52558,36778,171576,49803,105618,172706,82710,170041,9056,91589,132914,101519,112757,10252,77710,36605,102335,65833,15371,50184,24095,102230,128937,163729,104705,144547,88666,94917,62179,82258,24674,89608,117096,110425,92439,70121,98010,65246,88521,105379,51346,96149,120888,101830,31697,129331,54790,160152,172617,102539,1740,74020,123530,39820,12260,65767,143273,60371,92179,61876,83884,163656,70746,162069,167196,46684,134634,156855,85248,47561,130981,15654,38176,54896,68239,120500,38179,104214,158747,116708,168903,101942,60981,17408,104979,10037,41012,37273,164131,83414,122226,139562,30904,100223,41689,17622,35426,15772,111934,39863,579,48891,130302,115523,70657,166125,85636,122006,33691,80209,170305,87805,53975,109258,173481,128259,128572,113420,63985,108583,87540,154906,36639,67826,96144,68906,148250,92616,148691,122577,95480,114095,169914,93478,30187,36587,99735"
BISC TRIGOLINO RECH CHOCOLATE 40G,biscoito,0.07081484152391251,f1_macro_on_full,minimize,"82577,26117,142042,137452,4653,130457,131656,7869,150273,31336,6386,167987,71895,116357,26197,2884,172590,24749,27021,101472,3143,14170,140005,111788,63934,68916,32481,34738,142474,116684,132810,78949,94365,131620,18930,7800,149917,39469,133970,146935,74139,136032,35502,174420,164970,151469,94706,70275,78835,48866,140128,23541,151162,150544,133424,137574,1427,76192,38513,112719,57213,113631,6336,54186,68454,82373,52170,30100,165321,47271,49019,62701,39698,5027,145627,19316,115936,144960,146799,129378,55469,23402,120567,23561,164151,137010,74269,86870,153867,132210,10359,146182,87593,162145,142884,161426,122295,96885,154188,60189,132022,124740,6281,67968,6121,136391,108609,99353,167724,158095,125806,129456,96265,52558,36778,171576,49803,105618,172706,82710,170041,9056,91589,132914,101519,112757,10252,77710,36605,102335,65833,15371,50184,24095,102230,128937,163729,104705,144547,88666,94917,62179,82258,24674,89608,117096,110425,92439,70121,98010,65246,88521,105379,51346,96149,120888,101830,31697,129331,54790,160152,172617,102539,1740,74020,123530,39820,12260,65767,143273,60371,92179,61876,83884,163656,70746,162069,167196,46684,134634,156855,85248,47561,130981,15654,38176,54896,68239,120500,38179,104214,158747,116708,168903,101942,60981,17408,104979,10037,41012,37273,164131,83414,122226,139562,30904,100223,41689,17622,35426,15772,111934,39863,579,48891,130302,115523,70657,166125,85636,122006,33691,80209,170305,87805,53975,109258,173481,128259,128572,113420,63985,108583,87540,154906,36639,67826,96144,68906,148250,92616,148691,122577,95480,114095,169914,93478,30187,36587,99735"
LV ROUPA  LIQ COMFORT HYDRA  900 ML,lava roupas,0.07081484152391251,f1_macro_on_full,minimize,"82577,26117,142042,137452,4653,130457,131656,7869,150273,31336,6386,167987,71895,116357,26197,2884,172590,24749,27021,101472,3143,14170,140005,111788,63934,68916,32481,34738,142474,116684,132810,78949,94365,131620,18930,7800,149917,39469,133970,146935,74139,136032,35502,174420,164970,151469,94706,70275,78835,48866,140128,23541,151162,150544,133424,137574,1427,76192,38513,112719,57213,113631,6336,54186,68454,82373,52170,30100,165321,47271,49019,62701,39698,5027,145627,19316,115936,144960,146799,129378,55469,23402,120567,23561,164151,137010,74269,86870,153867,132210,10359,146182,87593,162145,142884,161426,122295,96885,154188,60189,132022,124740,6281,67968,6121,136391,108609,99353,167724,158095,125806,129456,96265,52558,36778,171576,49803,105618,172706,82710,170041,9056,91589,132914,101519,112757,10252,77710,36605,102335,65833,15371,50184,24095,102230,128937,163729,104705,144547,88666,94917,62179,82258,24674,89608,117096,110425,92439,70121,98010,65246,88521,105379,51346,96149,120888,101830,31697,129331,54790,160152,172617,102539,1740,74020,123530,39820,12260,65767,143273,60371,92179,61876,83884,163656,70746,162069,167196,46684,134634,156855,85248,47561,130981,15654,38176,54896,68239,120500,38179,104214,158747,116708,168903,101942,60981,17408,104979,10037,41012,37273,164131,83414,122226,139562,30904,100223,41689,17622,35426,15772,111934,39863,579,48891,130302,115523,70657,166125,85636,122006,33691,80209,170305,87805,53975,109258,173481,128259,128572,113420,63985,108583,87540,154906,36639,67826,96144,68906,148250,92616,148691,122577,95480,114095,169914,93478,30187,36587,99735"
LAVA ROUPA PO BRILHANTE LIMPEZA TOT 4KG,lava roupas,0.07081484152391251,f1_macro_on_full,minimize,"82577,26117,142042,137452,4653,130457,131656,7869,150273,31336,6386,167987,71895,116357,26197,2884,172590,24749,27021,101472,3143,14170,140005,111788,63934,68916,32481,34738,142474,116684,132810,78949,94365,131620,18930,7800,149917,39469,133970,146935,74139,136032,35502,174420,164970,151469,94706,70275,78835,48866,140128,23541,151162,150544,133424,137574,1427,76192,38513,112719,57213,113631,6336,54186,68454,82373,52170,30100,165321,47271,49019,62701,39698,5027,145627,19316,115936,144960,146799,129378,55469,23402,120567,23561,164151,137010,74269,86870,153867,132210,10359,146182,87593,162145,142884,161426,122295,96885,154188,60189,132022,124740,6281,67968,6121,136391,108609,99353,167724,158095,125806,129456,96265,52558,36778,171576,49803,105618,172706,82710,170041,9056,91589,132914,101519,112757,10252,77710,36605,102335,65833,15371,50184,24095,102230,128937,163729,104705,144547,88666,94917,62179,82258,24674,89608,117096,110425,92439,70121,98010,65246,88521,105379,51346,96149,120888,101830,31697,129331,54790,160152,172617,102539,1740,74020,123530,39820,12260,65767,143273,60371,92179,61876,83884,163656,70746,162069,167196,46684,134634,156855,85248,47561,130981,15654,38176,54896,68239,120500,38179,104214,158747,116708,168903,101942,60981,17408,104979,10037,41012,37273,164131,83414,122226,139562,30904,100223,41689,17622,35426,15772,111934,39863,579,48891,130302,115523,70657,166125,85636,122006,33691,80209,170305,87805,53975,109258,173481,128259,128572,113420,63985,108583,87540,154906,36639,67826,96144,68906,148250,92616,148691,122577,95480,114095,169914,93478,30187,36587,99735"
DEOCIL SL 10MG C/10 COMPRIMIDOS DIFFUCAP,outro farma,0.07081484152391251,f1_macro_on_full,minimize,"82577,26117,142042,137452,4653,130457,131656,7869,150273,31336,6386,167987,71895,116357,26197,2884,172590,24749,27021,101472,3143,14170,140005,111788,63934,68916,32481,34738,142474,116684,132810,78949,94365,131620,18930,7800,149917,39469,133970,146935,74139,136032,35502,174420,164970,151469,94706,70275,78835,48866,140128,23541,151162,150544,133424,137574,1427,76192,38513,112719,57213,113631,6336,54186,68454,82373,52170,30100,165321,47271,49019,62701,39698,5027,145627,19316,115936,144960,146799,129378,55469,23402,120567,23561,164151,137010,74269,86870,153867,132210,10359,146182,87593,162145,142884,161426,122295,96885,154188,60189,132022,124740,6281,67968,6121,136391,108609,99353,167724,158095,125806,129456,96265,52558,36778,171576,49803,105618,172706,82710,170041,9056,91589,132914,101519,112757,10252,77710,36605,102335,65833,15371,50184,24095,102230,128937,163729,104705,144547,88666,94917,62179,82258,24674,89608,117096,110425,92439,70121,98010,65246,88521,105379,51346,96149,120888,101830,31697,129331,54790,160152,172617,102539,1740,74020,123530,39820,12260,65767,143273,60371,92179,61876,83884,163656,70746,162069,167196,46684,134634,156855,85248,47561,130981,15654,38176,54896,68239,120500,38179,104214,158747,116708,168903,101942,60981,17408,104979,10037,41012,37273,164131,83414,122226,139562,30904,100223,41689,17622,35426,15772,111934,39863,579,48891,130302,115523,70657,166125,85636,122006,33691,80209,170305,87805,53975,109258,173481,128259,128572,113420,63985,108583,87540,154906,36639,67826,96144,68906,148250,92616,148691,122577,95480,114095,169914,93478,30187,36587,99735"
SHAMPOO SEDA 425ML LISO PERF,shampoo,0.07081484152391251,f1_macro_on_full,minimize,"82577,26117,142042,137452,4653,130457,131656,7869,150273,31336,6386,167987,71895,116357,26197,2884,172590,24749,27021,101472,3143,14170,140005,111788,63934,68916,32481,34738,142474,116684,132810,78949,94365,131620,18930,7800,149917,39469,133970,146935,74139,136032,35502,174420,164970,151469,94706,70275,78835,48866,140128,23541,151162,150544,133424,137574,1427,76192,38513,112719,57213,113631,6336,54186,68454,82373,52170,30100,165321,47271,49019,62701,39698,5027,145627,19316,115936,144960,146799,129378,55469,23402,120567,23561,164151,137010,74269,86870,153867,132210,10359,146182,87593,162145,142884,161426,122295,96885,154188,60189,132022,124740,6281,67968,6121,136391,108609,99353,167724,158095,125806,129456,96265,52558,36778,171576,49803,105618,172706,82710,170041,9056,91589,132914,101519,112757,10252,77710,36605,102335,65833,15371,50184,24095,102230,128937,163729,104705,144547,88666,94917,62179,82258,24674,89608,117096,110425,92439,70121,98010,65246,88521,105379,51346,96149,120888,101830,31697,129331,54790,160152,172617,102539,1740,74020,123530,39820,12260,65767,143273,60371,92179,61876,83884,163656,70746,162069,167196,46684,134634,156855,85248,47561,130981,15654,38176,54896,68239,120500,38179,104214,158747,116708,168903,101942,60981,17408,104979,10037,41012,37273,164131,83414,122226,139562,30904,100223,41689,17622,35426,15772,111934,39863,579,48891,130302,115523,70657,166125,85636,122006,33691,80209,170305,87805,53975,109258,173481,128259,128572,113420,63985,108583,87540,154906,36639,67826,96144,68906,148250,92616,148691,122577,95480,114095,169914,93478,30187,36587,99735"
BISC TORTUG REC BRIG MARRON 130G,biscoito,0.07081484152391251,f1_macro_on_full,minimize,"82577,26117,142042,137452,4653,130457,131656,7869,150273,31336,6386,167987,71895,116357,26197,2884,172590,24749,27021,101472,3143,14170,140005,111788,63934,68916,32481,34738,142474,116684,132810,78949,94365,131620,18930,7800,149917,39469,133970,146935,74139,136032,35502,174420,164970,151469,94706,70275,78835,48866,140128,23541,151162,150544,133424,137574,1427,76192,38513,112719,57213,113631,6336,54186,68454,82373,52170,30100,165321,47271,49019,62701,39698,5027,145627,19316,115936,144960,146799,129378,55469,23402,120567,23561,164151,137010,74269,86870,153867,132210,10359,146182,87593,162145,142884,161426,122295,96885,154188,60189,132022,124740,6281,67968,6121,136391,108609,99353,167724,158095,125806,129456,96265,52558,36778,171576,49803,105618,172706,82710,170041,9056,91589,132914,101519,112757,10252,77710,36605,102335,65833,15371,50184,24095,102230,128937,163729,104705,144547,88666,94917,62179,82258,24674,89608,117096,110425,92439,70121,98010,65246,88521,105379,51346,96149,120888,101830,31697,129331,54790,160152,172617,102539,1740,74020,123530,39820,12260,65767,143273,60371,92179,61876,83884,163656,70746,162069,167196,46684,134634,156855,85248,47561,130981,15654,38176,54896,68239,120500,38179,104214,158747,116708,168903,101942,60981,17408,104979,10037,41012,37273,164131,83414,122226,139562,30904,100223,41689,17622,35426,15772,111934,39863,579,48891,130302,115523,70657,166125,85636,122006,33691,80209,170305,87805,53975,109258,173481,128259,128572,113420,63985,108583,87540,154906,36639,67826,96144,68906,148250,92616,148691,122577,95480,114095,169914,93478,30187,36587,99735"
SAB 4 EST VERAO 90G,sabonete,0.07081484152391251,f1_macro_on_full,minimize,"82577,26117,142042,137452,4653,130457,131656,7869,150273,31336,6386,167987,71895,116357,26197,2884,172590,24749,27021,101472,3143,14170,140005,111788,63934,68916,32481,34738,142474,116684,132810,78949,94365,131620,18930,7800,149917,39469,133970,146935,74139,136032,35502,174420,164970,151469,94706,70275,78835,48866,140128,23541,151162,150544,133424,137574,1427,76192,38513,112719,57213,113631,6336,54186,68454,82373,52170,30100,165321,47271,49019,62701,39698,5027,145627,19316,115936,144960,146799,129378,55469,23402,120567,23561,164151,137010,74269,86870,153867,132210,10359,146182,87593,162145,142884,161426,122295,96885,154188,60189,132022,124740,6281,67968,6121,136391,108609,99353,167724,158095,125806,129456,96265,52558,36778,171576,49803,105618,172706,82710,170041,9056,91589,132914,101519,112757,10252,77710,36605,102335,65833,15371,50184,24095,102230,128937,163729,104705,144547,88666,94917,62179,82258,24674,89608,117096,110425,92439,70121,98010,65246,88521,105379,51346,96149,120888,101830,31697,129331,54790,160152,172617,102539,1740,74020,123530,39820,12260,65767,143273,60371,92179,61876,83884,163656,70746,162069,167196,46684,134634,156855,85248,47561,130981,15654,38176,54896,68239,120500,38179,104214,158747,116708,168903,101942,60981,17408,104979,10037,41012,37273,164131,83414,122226,139562,30904,100223,41689,17622,35426,15772,111934,39863,579,48891,130302,115523,70657,166125,85636,122006,33691,80209,170305,87805,53975,109258,173481,128259,128572,113420,63985,108583,87540,154906,36639,67826,96144,68906,148250,92616,148691,122577,95480,114095,169914,93478,30187,36587,99735"
FARINHA TRIGO UNI 1KG INTEGRAL,farinha de trigo,0.07081484152391251,f1_macro_on_full,minimize,"82577,26117,142042,137452,4653,130457,131656,7869,150273,31336,6386,167987,71895,116357,26197,2884,172590,24749,27021,101472,3143,14170,140005,111788,63934,68916,32481,34738,142474,116684,132810,78949,94365,131620,18930,7800,149917,39469,133970,146935,74139,136032,35502,174420,164970,151469,94706,70275,78835,48866,140128,23541,151162,150544,133424,137574,1427,76192,38513,112719,57213,113631,6336,54186,68454,82373,52170,30100,165321,47271,49019,62701,39698,5027,145627,19316,115936,144960,146799,129378,55469,23402,120567,23561,164151,137010,74269,86870,153867,132210,10359,146182,87593,162145,142884,161426,122295,96885,154188,60189,132022,124740,6281,67968,6121,136391,108609,99353,167724,158095,125806,129456,96265,52558,36778,171576,49803,105618,172706,82710,170041,9056,91589,132914,101519,112757,10252,77710,36605,102335,65833,15371,50184,24095,102230,128937,163729,104705,144547,88666,94917,62179,82258,24674,89608,117096,110425,92439,70121,98010,65246,88521,105379,51346,96149,120888,101830,31697,129331,54790,160152,172617,102539,1740,74020,123530,39820,12260,65767,143273,60371,92179,61876,83884,163656,70746,162069,167196,46684,134634,156855,85248,47561,130981,15654,38176,54896,68239,120500,38179,104214,158747,116708,168903,101942,60981,17408,104979,10037,41012,37273,164131,83414,122226,139562,30904,100223,41689,17622,35426,15772,111934,39863,579,48891,130302,115523,70657,166125,85636,122006,33691,80209,170305,87805,53975,109258,173481,128259,128572,113420,63985,108583,87540,154906,36639,67826,96144,68906,148250,92616,148691,122577,95480,114095,169914,93478,30187,36587,99735"
ERVILHA CARREFOUR 500G,ervilha seca,0.07081484152391251,f1_macro_on_full,minimize,"82577,26117,142042,137452,4653,130457,131656,7869,150273,31336,6386,167987,71895,116357,26197,2884,172590,24749,27021,101472,3143,14170,140005,111788,63934,68916,32481,34738,142474,116684,132810,78949,94365,131620,18930,7800,149917,39469,133970,146935,74139,136032,35502,174420,164970,151469,94706,70275,78835,48866,140128,23541,151162,150544,133424,137574,1427,76192,38513,112719,57213,113631,6336,54186,68454,82373,52170,30100,165321,47271,49019,62701,39698,5027,145627,19316,115936,144960,146799,129378,55469,23402,120567,23561,164151,137010,74269,86870,153867,132210,10359,146182,87593,162145,142884,161426,122295,96885,154188,60189,132022,124740,6281,67968,6121,136391,108609,99353,167724,158095,125806,129456,96265,52558,36778,171576,49803,105618,172706,82710,170041,9056,91589,132914,101519,112757,10252,77710,36605,102335,65833,15371,50184,24095,102230,128937,163729,104705,144547,88666,94917,62179,82258,24674,89608,117096,110425,92439,70121,98010,65246,88521,105379,51346,96149,120888,101830,31697,129331,54790,160152,172617,102539,1740,74020,123530,39820,12260,65767,143273,60371,92179,61876,83884,163656,70746,162069,167196,46684,134634,156855,85248,47561,130981,15654,38176,54896,68239,120500,38179,104214,158747,116708,168903,101942,60981,17408,104979,10037,41012,37273,164131,83414,122226,139562,30904,100223,41689,17622,35426,15772,111934,39863,579,48891,130302,115523,70657,166125,85636,122006,33691,80209,170305,87805,53975,109258,173481,128259,128572,113420,63985,108583,87540,154906,36639,67826,96144,68906,148250,92616,148691,122577,95480,114095,169914,93478,30187,36587,99735"
CHOCO DIAM NEGRO LACTA,chocolate,0.07081484152391251,f1_macro_on_full,minimize,"82577,26117,142042,137452,4653,130457,131656,7869,150273,31336,6386,167987,71895,116357,26197,2884,172590,24749,27021,101472,3143,14170,140005,111788,63934,68916,32481,34738,142474,116684,132810,78949,94365,131620,18930,7800,149917,39469,133970,146935,74139,136032,35502,174420,164970,151469,94706,70275,78835,48866,140128,23541,151162,150544,133424,137574,1427,76192,38513,112719,57213,113631,6336,54186,68454,82373,52170,30100,165321,47271,49019,62701,39698,5027,145627,19316,115936,144960,146799,129378,55469,23402,120567,23561,164151,137010,74269,86870,153867,132210,10359,146182,87593,162145,142884,161426,122295,96885,154188,60189,132022,124740,6281,67968,6121,136391,108609,99353,167724,158095,125806,129456,96265,52558,36778,171576,49803,105618,172706,82710,170041,9056,91589,132914,101519,112757,10252,77710,36605,102335,65833,15371,50184,24095,102230,128937,163729,104705,144547,88666,94917,62179,82258,24674,89608,117096,110425,92439,70121,98010,65246,88521,105379,51346,96149,120888,101830,31697,129331,54790,160152,172617,102539,1740,74020,123530,39820,12260,65767,143273,60371,92179,61876,83884,163656,70746,162069,167196,46684,134634,156855,85248,47561,130981,15654,38176,54896,68239,120500,38179,104214,158747,116708,168903,101942,60981,17408,104979,10037,41012,37273,164131,83414,122226,139562,30904,100223,41689,17622,35426,15772,111934,39863,579,48891,130302,115523,70657,166125,85636,122006,33691,80209,170305,87805,53975,109258,173481,128259,128572,113420,63985,108583,87540,154906,36639,67826,96144,68906,148250,92616,148691,122577,95480,114095,169914,93478,30187,36587,99735"
"IOG FRIMESA 165G, INTEG NAT, .",iogurte,0.07081484152391251,f1_macro_on_full,minimize,"82577,26117,142042,137452,4653,130457,131656,7869,150273,31336,6386,167987,71895,116357,26197,2884,172590,24749,27021,101472,3143,14170,140005,111788,63934,68916,32481,34738,142474,116684,132810,78949,94365,131620,18930,7800,149917,39469,133970,146935,74139,136032,35502,174420,164970,151469,94706,70275,78835,48866,140128,23541,151162,150544,133424,137574,1427,76192,38513,112719,57213,113631,6336,54186,68454,82373,52170,30100,165321,47271,49019,62701,39698,5027,145627,19316,115936,144960,146799,129378,55469,23402,120567,23561,164151,137010,74269,86870,153867,132210,10359,146182,87593,162145,142884,161426,122295,96885,154188,60189,132022,124740,6281,67968,6121,136391,108609,99353,167724,158095,125806,129456,96265,52558,36778,171576,49803,105618,172706,82710,170041,9056,91589,132914,101519,112757,10252,77710,36605,102335,65833,15371,50184,24095,102230,128937,163729,104705,144547,88666,94917,62179,82258,24674,89608,117096,110425,92439,70121,98010,65246,88521,105379,51346,96149,120888,101830,31697,129331,54790,160152,172617,102539,1740,74020,123530,39820,12260,65767,143273,60371,92179,61876,83884,163656,70746,162069,167196,46684,134634,156855,85248,47561,130981,15654,38176,54896,68239,120500,38179,104214,158747,116708,168903,101942,60981,17408,104979,10037,41012,37273,164131,83414,122226,139562,30904,100223,41689,17622,35426,15772,111934,39863,579,48891,130302,115523,70657,166125,85636,122006,33691,80209,170305,87805,53975,109258,173481,128259,128572,113420,63985,108583,87540,154906,36639,67826,96144,68906,148250,92616,148691,122577,95480,114095,169914,93478,30187,36587,99735"
AGUA COCO PURO COCO 180ML-TP MARACUJA,agua de coco,0.07081484152391251,f1_macro_on_full,minimize,"82577,26117,142042,137452,4653,130457,131656,7869,150273,31336,6386,167987,71895,116357,26197,2884,172590,24749,27021,101472,3143,14170,140005,111788,63934,68916,32481,34738,142474,116684,132810,78949,94365,131620,18930,7800,149917,39469,133970,146935,74139,136032,35502,174420,164970,151469,94706,70275,78835,48866,140128,23541,151162,150544,133424,137574,1427,76192,38513,112719,57213,113631,6336,54186,68454,82373,52170,30100,165321,47271,49019,62701,39698,5027,145627,19316,115936,144960,146799,129378,55469,23402,120567,23561,164151,137010,74269,86870,153867,132210,10359,146182,87593,162145,142884,161426,122295,96885,154188,60189,132022,124740,6281,67968,6121,136391,108609,99353,167724,158095,125806,129456,96265,52558,36778,171576,49803,105618,172706,82710,170041,9056,91589,132914,101519,112757,10252,77710,36605,102335,65833,15371,50184,24095,102230,128937,163729,104705,144547,88666,94917,62179,82258,24674,89608,117096,110425,92439,70121,98010,65246,88521,105379,51346,96149,120888,101830,31697,129331,54790,160152,172617,102539,1740,74020,123530,39820,12260,65767,143273,60371,92179,61876,83884,163656,70746,162069,167196,46684,134634,156855,85248,47561,130981,15654,38176,54896,68239,120500,38179,104214,158747,116708,168903,101942,60981,17408,104979,10037,41012,37273,164131,83414,122226,139562,30904,100223,41689,17622,35426,15772,111934,39863,579,48891,130302,115523,70657,166125,85636,122006,33691,80209,170305,87805,53975,109258,173481,128259,128572,113420,63985,108583,87540,154906,36639,67826,96144,68906,148250,92616,148691,122577,95480,114095,169914,93478,30187,36587,99735"
"SABONETE EVEN SUAVE 85g, FLOR PESS/MAR",sabonete,0.07081484152391251,f1_macro_on_full,minimize,"82577,26117,142042,137452,4653,130457,131656,7869,150273,31336,6386,167987,71895,116357,26197,2884,172590,24749,27021,101472,3143,14170,140005,111788,63934,68916,32481,34738,142474,116684,132810,78949,94365,131620,18930,7800,149917,39469,133970,146935,74139,136032,35502,174420,164970,151469,94706,70275,78835,48866,140128,23541,151162,150544,133424,137574,1427,76192,38513,112719,57213,113631,6336,54186,68454,82373,52170,30100,165321,47271,49019,62701,39698,5027,145627,19316,115936,144960,146799,129378,55469,23402,120567,23561,164151,137010,74269,86870,153867,132210,10359,146182,87593,162145,142884,161426,122295,96885,154188,60189,132022,124740,6281,67968,6121,136391,108609,99353,167724,158095,125806,129456,96265,52558,36778,171576,49803,105618,172706,82710,170041,9056,91589,132914,101519,112757,10252,77710,36605,102335,65833,15371,50184,24095,102230,128937,163729,104705,144547,88666,94917,62179,82258,24674,89608,117096,110425,92439,70121,98010,65246,88521,105379,51346,96149,120888,101830,31697,129331,54790,160152,172617,102539,1740,74020,123530,39820,12260,65767,143273,60371,92179,61876,83884,163656,70746,162069,167196,46684,134634,156855,85248,47561,130981,15654,38176,54896,68239,120500,38179,104214,158747,116708,168903,101942,60981,17408,104979,10037,41012,37273,164131,83414,122226,139562,30904,100223,41689,17622,35426,15772,111934,39863,579,48891,130302,115523,70657,166125,85636,122006,33691,80209,170305,87805,53975,109258,173481,128259,128572,113420,63985,108583,87540,154906,36639,67826,96144,68906,148250,92616,148691,122577,95480,114095,169914,93478,30187,36587,99735"
CERVEJA ORIGINAL 350ML-LT PILSEN,cerveja,0.07081484152391251,f1_macro_on_full,minimize,"82577,26117,142042,137452,4653,130457,131656,7869,150273,31336,6386,167987,71895,116357,26197,2884,172590,24749,27021,101472,3143,14170,140005,111788,63934,68916,32481,34738,142474,116684,132810,78949,94365,131620,18930,7800,149917,39469,133970,146935,74139,136032,35502,174420,164970,151469,94706,70275,78835,48866,140128,23541,151162,150544,133424,137574,1427,76192,38513,112719,57213,113631,6336,54186,68454,82373,52170,30100,165321,47271,49019,62701,39698,5027,145627,19316,115936,144960,146799,129378,55469,23402,120567,23561,164151,137010,74269,86870,153867,132210,10359,146182,87593,162145,142884,161426,122295,96885,154188,60189,132022,124740,6281,67968,6121,136391,108609,99353,167724,158095,125806,129456,96265,52558,36778,171576,49803,105618,172706,82710,170041,9056,91589,132914,101519,112757,10252,77710,36605,102335,65833,15371,50184,24095,102230,128937,163729,104705,144547,88666,94917,62179,82258,24674,89608,117096,110425,92439,70121,98010,65246,88521,105379,51346,96149,120888,101830,31697,129331,54790,160152,172617,102539,1740,74020,123530,39820,12260,65767,143273,60371,92179,61876,83884,163656,70746,162069,167196,46684,134634,156855,85248,47561,130981,15654,38176,54896,68239,120500,38179,104214,158747,116708,168903,101942,60981,17408,104979,10037,41012,37273,164131,83414,122226,139562,30904,100223,41689,17622,35426,15772,111934,39863,579,48891,130302,115523,70657,166125,85636,122006,33691,80209,170305,87805,53975,109258,173481,128259,128572,113420,63985,108583,87540,154906,36639,67826,96144,68906,148250,92616,148691,122577,95480,114095,169914,93478,30187,36587,99735"
BISNAGUITO INTEGRAL PLUSVITA 300G,padaria e confeitaria industrializado,0.07081484152391251,f1_macro_on_full,minimize,"82577,26117,142042,137452,4653,130457,131656,7869,150273,31336,6386,167987,71895,116357,26197,2884,172590,24749,27021,101472,3143,14170,140005,111788,63934,68916,32481,34738,142474,116684,132810,78949,94365,131620,18930,7800,149917,39469,133970,146935,74139,136032,35502,174420,164970,151469,94706,70275,78835,48866,140128,23541,151162,150544,133424,137574,1427,76192,38513,112719,57213,113631,6336,54186,68454,82373,52170,30100,165321,47271,49019,62701,39698,5027,145627,19316,115936,144960,146799,129378,55469,23402,120567,23561,164151,137010,74269,86870,153867,132210,10359,146182,87593,162145,142884,161426,122295,96885,154188,60189,132022,124740,6281,67968,6121,136391,108609,99353,167724,158095,125806,129456,96265,52558,36778,171576,49803,105618,172706,82710,170041,9056,91589,132914,101519,112757,10252,77710,36605,102335,65833,15371,50184,24095,102230,128937,163729,104705,144547,88666,94917,62179,82258,24674,89608,117096,110425,92439,70121,98010,65246,88521,105379,51346,96149,120888,101830,31697,129331,54790,160152,172617,102539,1740,74020,123530,39820,12260,65767,143273,60371,92179,61876,83884,163656,70746,162069,167196,46684,134634,156855,85248,47561,130981,15654,38176,54896,68239,120500,38179,104214,158747,116708,168903,101942,60981,17408,104979,10037,41012,37273,164131,83414,122226,139562,30904,100223,41689,17622,35426,15772,111934,39863,579,48891,130302,115523,70657,166125,85636,122006,33691,80209,170305,87805,53975,109258,173481,128259,128572,113420,63985,108583,87540,154906,36639,67826,96144,68906,148250,92616,148691,122577,95480,114095,169914,93478,30187,36587,99735"
BISC RECH BONO 90G DOCE DE LEITE,biscoito,0.07081484152391251,f1_macro_on_full,minimize,"82577,26117,142042,137452,4653,130457,131656,7869,150273,31336,6386,167987,71895,116357,26197,2884,172590,24749,27021,101472,3143,14170,140005,111788,63934,68916,32481,34738,142474,116684,132810,78949,94365,131620,18930,7800,149917,39469,133970,146935,74139,136032,35502,174420,164970,151469,94706,70275,78835,48866,140128,23541,151162,150544,133424,137574,1427,76192,38513,112719,57213,113631,6336,54186,68454,82373,52170,30100,165321,47271,49019,62701,39698,5027,145627,19316,115936,144960,146799,129378,55469,23402,120567,23561,164151,137010,74269,86870,153867,132210,10359,146182,87593,162145,142884,161426,122295,96885,154188,60189,132022,124740,6281,67968,6121,136391,108609,99353,167724,158095,125806,129456,96265,52558,36778,171576,49803,105618,172706,82710,170041,9056,91589,132914,101519,112757,10252,77710,36605,102335,65833,15371,50184,24095,102230,128937,163729,104705,144547,88666,94917,62179,82258,24674,89608,117096,110425,92439,70121,98010,65246,88521,105379,51346,96149,120888,101830,31697,129331,54790,160152,172617,102539,1740,74020,123530,39820,12260,65767,143273,60371,92179,61876,83884,163656,70746,162069,167196,46684,134634,156855,85248,47561,130981,15654,38176,54896,68239,120500,38179,104214,158747,116708,168903,101942,60981,17408,104979,10037,41012,37273,164131,83414,122226,139562,30904,100223,41689,17622,35426,15772,111934,39863,579,48891,130302,115523,70657,166125,85636,122006,33691,80209,170305,87805,53975,109258,173481,128259,128572,113420,63985,108583,87540,154906,36639,67826,96144,68906,148250,92616,148691,122577,95480,114095,169914,93478,30187,36587,99735"
PAO WICKBOLD 500G INTEGRAL 18 GRAOS,padaria e confeitaria industrializado,0.07081484152391251,f1_macro_on_full,minimize,"82577,26117,142042,137452,4653,130457,131656,7869,150273,31336,6386,167987,71895,116357,26197,2884,172590,24749,27021,101472,3143,14170,140005,111788,63934,68916,32481,34738,142474,116684,132810,78949,94365,131620,18930,7800,149917,39469,133970,146935,74139,136032,35502,174420,164970,151469,94706,70275,78835,48866,140128,23541,151162,150544,133424,137574,1427,76192,38513,112719,57213,113631,6336,54186,68454,82373,52170,30100,165321,47271,49019,62701,39698,5027,145627,19316,115936,144960,146799,129378,55469,23402,120567,23561,164151,137010,74269,86870,153867,132210,10359,146182,87593,162145,142884,161426,122295,96885,154188,60189,132022,124740,6281,67968,6121,136391,108609,99353,167724,158095,125806,129456,96265,52558,36778,171576,49803,105618,172706,82710,170041,9056,91589,132914,101519,112757,10252,77710,36605,102335,65833,15371,50184,24095,102230,128937,163729,104705,144547,88666,94917,62179,82258,24674,89608,117096,110425,92439,70121,98010,65246,88521,105379,51346,96149,120888,101830,31697,129331,54790,160152,172617,102539,1740,74020,123530,39820,12260,65767,143273,60371,92179,61876,83884,163656,70746,162069,167196,46684,134634,156855,85248,47561,130981,15654,38176,54896,68239,120500,38179,104214,158747,116708,168903,101942,60981,17408,104979,10037,41012,37273,164131,83414,122226,139562,30904,100223,41689,17622,35426,15772,111934,39863,579,48891,130302,115523,70657,166125,85636,122006,33691,80209,170305,87805,53975,109258,173481,128259,128572,113420,63985,108583,87540,154906,36639,67826,96144,68906,148250,92616,148691,122577,95480,114095,169914,93478,30187,36587,99735"
ASPIRADOR VERT ELECTROLUX STK12 PT 110V,aspirador,0.07081484152391251,f1_macro_on_full,minimize,"82577,26117,142042,137452,4653,130457,131656,7869,150273,31336,6386,167987,71895,116357,26197,2884,172590,24749,27021,101472,3143,14170,140005,111788,63934,68916,32481,34738,142474,116684,132810,78949,94365,131620,18930,7800,149917,39469,133970,146935,74139,136032,35502,174420,164970,151469,94706,70275,78835,48866,140128,23541,151162,150544,133424,137574,1427,76192,38513,112719,57213,113631,6336,54186,68454,82373,52170,30100,165321,47271,49019,62701,39698,5027,145627,19316,115936,144960,146799,129378,55469,23402,120567,23561,164151,137010,74269,86870,153867,132210,10359,146182,87593,162145,142884,161426,122295,96885,154188,60189,132022,124740,6281,67968,6121,136391,108609,99353,167724,158095,125806,129456,96265,52558,36778,171576,49803,105618,172706,82710,170041,9056,91589,132914,101519,112757,10252,77710,36605,102335,65833,15371,50184,24095,102230,128937,163729,104705,144547,88666,94917,62179,82258,24674,89608,117096,110425,92439,70121,98010,65246,88521,105379,51346,96149,120888,101830,31697,129331,54790,160152,172617,102539,1740,74020,123530,39820,12260,65767,143273,60371,92179,61876,83884,163656,70746,162069,167196,46684,134634,156855,85248,47561,130981,15654,38176,54896,68239,120500,38179,104214,158747,116708,168903,101942,60981,17408,104979,10037,41012,37273,164131,83414,122226,139562,30904,100223,41689,17622,35426,15772,111934,39863,579,48891,130302,115523,70657,166125,85636,122006,33691,80209,170305,87805,53975,109258,173481,128259,128572,113420,63985,108583,87540,154906,36639,67826,96144,68906,148250,92616,148691,122577,95480,114095,169914,93478,30187,36587,99735"
PICANHA BOVINA TIPO A VACUO KG,carne bovina,0.07081484152391251,f1_macro_on_full,minimize,"82577,26117,142042,137452,4653,130457,131656,7869,150273,31336,6386,167987,71895,116357,26197,2884,172590,24749,27021,101472,3143,14170,140005,111788,63934,68916,32481,34738,142474,116684,132810,78949,94365,131620,18930,7800,149917,39469,133970,146935,74139,136032,35502,174420,164970,151469,94706,70275,78835,48866,140128,23541,151162,150544,133424,137574,1427,76192,38513,112719,57213,113631,6336,54186,68454,82373,52170,30100,165321,47271,49019,62701,39698,5027,145627,19316,115936,144960,146799,129378,55469,23402,120567,23561,164151,137010,74269,86870,153867,132210,10359,146182,87593,162145,142884,161426,122295,96885,154188,60189,132022,124740,6281,67968,6121,136391,108609,99353,167724,158095,125806,129456,96265,52558,36778,171576,49803,105618,172706,82710,170041,9056,91589,132914,101519,112757,10252,77710,36605,102335,65833,15371,50184,24095,102230,128937,163729,104705,144547,88666,94917,62179,82258,24674,89608,117096,110425,92439,70121,98010,65246,88521,105379,51346,96149,120888,101830,31697,129331,54790,160152,172617,102539,1740,74020,123530,39820,12260,65767,143273,60371,92179,61876,83884,163656,70746,162069,167196,46684,134634,156855,85248,47561,130981,15654,38176,54896,68239,120500,38179,104214,158747,116708,168903,101942,60981,17408,104979,10037,41012,37273,164131,83414,122226,139562,30904,100223,41689,17622,35426,15772,111934,39863,579,48891,130302,115523,70657,166125,85636,122006,33691,80209,170305,87805,53975,109258,173481,128259,128572,113420,63985,108583,87540,154906,36639,67826,96144,68906,148250,92616,148691,122577,95480,114095,169914,93478,30187,36587,99735"
LP BANH PATO SQZ 500ML,multiuso,0.07081484152391251,f1_macro_on_full,minimize,"82577,26117,142042,137452,4653,130457,131656,7869,150273,31336,6386,167987,71895,116357,26197,2884,172590,24749,27021,101472,3143,14170,140005,111788,63934,68916,32481,34738,142474,116684,132810,78949,94365,131620,18930,7800,149917,39469,133970,146935,74139,136032,35502,174420,164970,151469,94706,70275,78835,48866,140128,23541,151162,150544,133424,137574,1427,76192,38513,112719,57213,113631,6336,54186,68454,82373,52170,30100,165321,47271,49019,62701,39698,5027,145627,19316,115936,144960,146799,129378,55469,23402,120567,23561,164151,137010,74269,86870,153867,132210,10359,146182,87593,162145,142884,161426,122295,96885,154188,60189,132022,124740,6281,67968,6121,136391,108609,99353,167724,158095,125806,129456,96265,52558,36778,171576,49803,105618,172706,82710,170041,9056,91589,132914,101519,112757,10252,77710,36605,102335,65833,15371,50184,24095,102230,128937,163729,104705,144547,88666,94917,62179,82258,24674,89608,117096,110425,92439,70121,98010,65246,88521,105379,51346,96149,120888,101830,31697,129331,54790,160152,172617,102539,1740,74020,123530,39820,12260,65767,143273,60371,92179,61876,83884,163656,70746,162069,167196,46684,134634,156855,85248,47561,130981,15654,38176,54896,68239,120500,38179,104214,158747,116708,168903,101942,60981,17408,104979,10037,41012,37273,164131,83414,122226,139562,30904,100223,41689,17622,35426,15772,111934,39863,579,48891,130302,115523,70657,166125,85636,122006,33691,80209,170305,87805,53975,109258,173481,128259,128572,113420,63985,108583,87540,154906,36639,67826,96144,68906,148250,92616,148691,122577,95480,114095,169914,93478,30187,36587,99735"
SHAMPOO JOHNSONS BABY 400ML REGULAR,shampoo infantil,0.07081484152391251,f1_macro_on_full,minimize,"82577,26117,142042,137452,4653,130457,131656,7869,150273,31336,6386,167987,71895,116357,26197,2884,172590,24749,27021,101472,3143,14170,140005,111788,63934,68916,32481,34738,142474,116684,132810,78949,94365,131620,18930,7800,149917,39469,133970,146935,74139,136032,35502,174420,164970,151469,94706,70275,78835,48866,140128,23541,151162,150544,133424,137574,1427,76192,38513,112719,57213,113631,6336,54186,68454,82373,52170,30100,165321,47271,49019,62701,39698,5027,145627,19316,115936,144960,146799,129378,55469,23402,120567,23561,164151,137010,74269,86870,153867,132210,10359,146182,87593,162145,142884,161426,122295,96885,154188,60189,132022,124740,6281,67968,6121,136391,108609,99353,167724,158095,125806,129456,96265,52558,36778,171576,49803,105618,172706,82710,170041,9056,91589,132914,101519,112757,10252,77710,36605,102335,65833,15371,50184,24095,102230,128937,163729,104705,144547,88666,94917,62179,82258,24674,89608,117096,110425,92439,70121,98010,65246,88521,105379,51346,96149,120888,101830,31697,129331,54790,160152,172617,102539,1740,74020,123530,39820,12260,65767,143273,60371,92179,61876,83884,163656,70746,162069,167196,46684,134634,156855,85248,47561,130981,15654,38176,54896,68239,120500,38179,104214,158747,116708,168903,101942,60981,17408,104979,10037,41012,37273,164131,83414,122226,139562,30904,100223,41689,17622,35426,15772,111934,39863,579,48891,130302,115523,70657,166125,85636,122006,33691,80209,170305,87805,53975,109258,173481,128259,128572,113420,63985,108583,87540,154906,36639,67826,96144,68906,148250,92616,148691,122577,95480,114095,169914,93478,30187,36587,99735"
CARNE BOV PICANHA MATURATA PC KG,carne bovina,0.07081484152391251,f1_macro_on_full,minimize,"82577,26117,142042,137452,4653,130457,131656,7869,150273,31336,6386,167987,71895,116357,26197,2884,172590,24749,27021,101472,3143,14170,140005,111788,63934,68916,32481,34738,142474,116684,132810,78949,94365,131620,18930,7800,149917,39469,133970,146935,74139,136032,35502,174420,164970,151469,94706,70275,78835,48866,140128,23541,151162,150544,133424,137574,1427,76192,38513,112719,57213,113631,6336,54186,68454,82373,52170,30100,165321,47271,49019,62701,39698,5027,145627,19316,115936,144960,146799,129378,55469,23402,120567,23561,164151,137010,74269,86870,153867,132210,10359,146182,87593,162145,142884,161426,122295,96885,154188,60189,132022,124740,6281,67968,6121,136391,108609,99353,167724,158095,125806,129456,96265,52558,36778,171576,49803,105618,172706,82710,170041,9056,91589,132914,101519,112757,10252,77710,36605,102335,65833,15371,50184,24095,102230,128937,163729,104705,144547,88666,94917,62179,82258,24674,89608,117096,110425,92439,70121,98010,65246,88521,105379,51346,96149,120888,101830,31697,129331,54790,160152,172617,102539,1740,74020,123530,39820,12260,65767,143273,60371,92179,61876,83884,163656,70746,162069,167196,46684,134634,156855,85248,47561,130981,15654,38176,54896,68239,120500,38179,104214,158747,116708,168903,101942,60981,17408,104979,10037,41012,37273,164131,83414,122226,139562,30904,100223,41689,17622,35426,15772,111934,39863,579,48891,130302,115523,70657,166125,85636,122006,33691,80209,170305,87805,53975,109258,173481,128259,128572,113420,63985,108583,87540,154906,36639,67826,96144,68906,148250,92616,148691,122577,95480,114095,169914,93478,30187,36587,99735"
VINHO CHI CONCHA Y TORO PD JIM RES 750ml,vinho importado,0.07081484152391251,f1_macro_on_full,minimize,"82577,26117,142042,137452,4653,130457,131656,7869,150273,31336,6386,167987,71895,116357,26197,2884,172590,24749,27021,101472,3143,14170,140005,111788,63934,68916,32481,34738,142474,116684,132810,78949,94365,131620,18930,7800,149917,39469,133970,146935,74139,136032,35502,174420,164970,151469,94706,70275,78835,48866,140128,23541,151162,150544,133424,137574,1427,76192,38513,112719,57213,113631,6336,54186,68454,82373,52170,30100,165321,47271,49019,62701,39698,5027,145627,19316,115936,144960,146799,129378,55469,23402,120567,23561,164151,137010,74269,86870,153867,132210,10359,146182,87593,162145,142884,161426,122295,96885,154188,60189,132022,124740,6281,67968,6121,136391,108609,99353,167724,158095,125806,129456,96265,52558,36778,171576,49803,105618,172706,82710,170041,9056,91589,132914,101519,112757,10252,77710,36605,102335,65833,15371,50184,24095,102230,128937,163729,104705,144547,88666,94917,62179,82258,24674,89608,117096,110425,92439,70121,98010,65246,88521,105379,51346,96149,120888,101830,31697,129331,54790,160152,172617,102539,1740,74020,123530,39820,12260,65767,143273,60371,92179,61876,83884,163656,70746,162069,167196,46684,134634,156855,85248,47561,130981,15654,38176,54896,68239,120500,38179,104214,158747,116708,168903,101942,60981,17408,104979,10037,41012,37273,164131,83414,122226,139562,30904,100223,41689,17622,35426,15772,111934,39863,579,48891,130302,115523,70657,166125,85636,122006,33691,80209,170305,87805,53975,109258,173481,128259,128572,113420,63985,108583,87540,154906,36639,67826,96144,68906,148250,92616,148691,122577,95480,114095,169914,93478,30187,36587,99735"
DOSS 7.000UI C/12 CAPSULAS BIOLAB,outro farma,0.07081484152391251,f1_macro_on_full,minimize,"82577,26117,142042,137452,4653,130457,131656,7869,150273,31336,6386,167987,71895,116357,26197,2884,172590,24749,27021,101472,3143,14170,140005,111788,63934,68916,32481,34738,142474,116684,132810,78949,94365,131620,18930,7800,149917,39469,133970,146935,74139,136032,35502,174420,164970,151469,94706,70275,78835,48866,140128,23541,151162,150544,133424,137574,1427,76192,38513,112719,57213,113631,6336,54186,68454,82373,52170,30100,165321,47271,49019,62701,39698,5027,145627,19316,115936,144960,146799,129378,55469,23402,120567,23561,164151,137010,74269,86870,153867,132210,10359,146182,87593,162145,142884,161426,122295,96885,154188,60189,132022,124740,6281,67968,6121,136391,108609,99353,167724,158095,125806,129456,96265,52558,36778,171576,49803,105618,172706,82710,170041,9056,91589,132914,101519,112757,10252,77710,36605,102335,65833,15371,50184,24095,102230,128937,163729,104705,144547,88666,94917,62179,82258,24674,89608,117096,110425,92439,70121,98010,65246,88521,105379,51346,96149,120888,101830,31697,129331,54790,160152,172617,102539,1740,74020,123530,39820,12260,65767,143273,60371,92179,61876,83884,163656,70746,162069,167196,46684,134634,156855,85248,47561,130981,15654,38176,54896,68239,120500,38179,104214,158747,116708,168903,101942,60981,17408,104979,10037,41012,37273,164131,83414,122226,139562,30904,100223,41689,17622,35426,15772,111934,39863,579,48891,130302,115523,70657,166125,85636,122006,33691,80209,170305,87805,53975,109258,173481,128259,128572,113420,63985,108583,87540,154906,36639,67826,96144,68906,148250,92616,148691,122577,95480,114095,169914,93478,30187,36587,99735"
MIX DAUCY 300G LEG,vegetal congelado,0.07081484152391251,f1_macro_on_full,minimize,"82577,26117,142042,137452,4653,130457,131656,7869,150273,31336,6386,167987,71895,116357,26197,2884,172590,24749,27021,101472,3143,14170,140005,111788,63934,68916,32481,34738,142474,116684,132810,78949,94365,131620,18930,7800,149917,39469,133970,146935,74139,136032,35502,174420,164970,151469,94706,70275,78835,48866,140128,23541,151162,150544,133424,137574,1427,76192,38513,112719,57213,113631,6336,54186,68454,82373,52170,30100,165321,47271,49019,62701,39698,5027,145627,19316,115936,144960,146799,129378,55469,23402,120567,23561,164151,137010,74269,86870,153867,132210,10359,146182,87593,162145,142884,161426,122295,96885,154188,60189,132022,124740,6281,67968,6121,136391,108609,99353,167724,158095,125806,129456,96265,52558,36778,171576,49803,105618,172706,82710,170041,9056,91589,132914,101519,112757,10252,77710,36605,102335,65833,15371,50184,24095,102230,128937,163729,104705,144547,88666,94917,62179,82258,24674,89608,117096,110425,92439,70121,98010,65246,88521,105379,51346,96149,120888,101830,31697,129331,54790,160152,172617,102539,1740,74020,123530,39820,12260,65767,143273,60371,92179,61876,83884,163656,70746,162069,167196,46684,134634,156855,85248,47561,130981,15654,38176,54896,68239,120500,38179,104214,158747,116708,168903,101942,60981,17408,104979,10037,41012,37273,164131,83414,122226,139562,30904,100223,41689,17622,35426,15772,111934,39863,579,48891,130302,115523,70657,166125,85636,122006,33691,80209,170305,87805,53975,109258,173481,128259,128572,113420,63985,108583,87540,154906,36639,67826,96144,68906,148250,92616,148691,122577,95480,114095,169914,93478,30187,36587,99735"
LEITE UHT SEMI DESN SHEFA 1L,leite,0.07081484152391251,f1_macro_on_full,minimize,"82577,26117,142042,137452,4653,130457,131656,7869,150273,31336,6386,167987,71895,116357,26197,2884,172590,24749,27021,101472,3143,14170,140005,111788,63934,68916,32481,34738,142474,116684,132810,78949,94365,131620,18930,7800,149917,39469,133970,146935,74139,136032,35502,174420,164970,151469,94706,70275,78835,48866,140128,23541,151162,150544,133424,137574,1427,76192,38513,112719,57213,113631,6336,54186,68454,82373,52170,30100,165321,47271,49019,62701,39698,5027,145627,19316,115936,144960,146799,129378,55469,23402,120567,23561,164151,137010,74269,86870,153867,132210,10359,146182,87593,162145,142884,161426,122295,96885,154188,60189,132022,124740,6281,67968,6121,136391,108609,99353,167724,158095,125806,129456,96265,52558,36778,171576,49803,105618,172706,82710,170041,9056,91589,132914,101519,112757,10252,77710,36605,102335,65833,15371,50184,24095,102230,128937,163729,104705,144547,88666,94917,62179,82258,24674,89608,117096,110425,92439,70121,98010,65246,88521,105379,51346,96149,120888,101830,31697,129331,54790,160152,172617,102539,1740,74020,123530,39820,12260,65767,143273,60371,92179,61876,83884,163656,70746,162069,167196,46684,134634,156855,85248,47561,130981,15654,38176,54896,68239,120500,38179,104214,158747,116708,168903,101942,60981,17408,104979,10037,41012,37273,164131,83414,122226,139562,30904,100223,41689,17622,35426,15772,111934,39863,579,48891,130302,115523,70657,166125,85636,122006,33691,80209,170305,87805,53975,109258,173481,128259,128572,113420,63985,108583,87540,154906,36639,67826,96144,68906,148250,92616,148691,122577,95480,114095,169914,93478,30187,36587,99735"
LAMP ELET 25WX127V OUROLUX,lampada,0.07081484152391251,f1_macro_on_full,minimize,"82577,26117,142042,137452,4653,130457,131656,7869,150273,31336,6386,167987,71895,116357,26197,2884,172590,24749,27021,101472,3143,14170,140005,111788,63934,68916,32481,34738,142474,116684,132810,78949,94365,131620,18930,7800,149917,39469,133970,146935,74139,136032,35502,174420,164970,151469,94706,70275,78835,48866,140128,23541,151162,150544,133424,137574,1427,76192,38513,112719,57213,113631,6336,54186,68454,82373,52170,30100,165321,47271,49019,62701,39698,5027,145627,19316,115936,144960,146799,129378,55469,23402,120567,23561,164151,137010,74269,86870,153867,132210,10359,146182,87593,162145,142884,161426,122295,96885,154188,60189,132022,124740,6281,67968,6121,136391,108609,99353,167724,158095,125806,129456,96265,52558,36778,171576,49803,105618,172706,82710,170041,9056,91589,132914,101519,112757,10252,77710,36605,102335,65833,15371,50184,24095,102230,128937,163729,104705,144547,88666,94917,62179,82258,24674,89608,117096,110425,92439,70121,98010,65246,88521,105379,51346,96149,120888,101830,31697,129331,54790,160152,172617,102539,1740,74020,123530,39820,12260,65767,143273,60371,92179,61876,83884,163656,70746,162069,167196,46684,134634,156855,85248,47561,130981,15654,38176,54896,68239,120500,38179,104214,158747,116708,168903,101942,60981,17408,104979,10037,41012,37273,164131,83414,122226,139562,30904,100223,41689,17622,35426,15772,111934,39863,579,48891,130302,115523,70657,166125,85636,122006,33691,80209,170305,87805,53975,109258,173481,128259,128572,113420,63985,108583,87540,154906,36639,67826,96144,68906,148250,92616,148691,122577,95480,114095,169914,93478,30187,36587,99735"
QUEIJO COALHO KG,queijo,0.07081484152391251,f1_macro_on_full,minimize,"82577,26117,142042,137452,4653,130457,131656,7869,150273,31336,6386,167987,71895,116357,26197,2884,172590,24749,27021,101472,3143,14170,140005,111788,63934,68916,32481,34738,142474,116684,132810,78949,94365,131620,18930,7800,149917,39469,133970,146935,74139,136032,35502,174420,164970,151469,94706,70275,78835,48866,140128,23541,151162,150544,133424,137574,1427,76192,38513,112719,57213,113631,6336,54186,68454,82373,52170,30100,165321,47271,49019,62701,39698,5027,145627,19316,115936,144960,146799,129378,55469,23402,120567,23561,164151,137010,74269,86870,153867,132210,10359,146182,87593,162145,142884,161426,122295,96885,154188,60189,132022,124740,6281,67968,6121,136391,108609,99353,167724,158095,125806,129456,96265,52558,36778,171576,49803,105618,172706,82710,170041,9056,91589,132914,101519,112757,10252,77710,36605,102335,65833,15371,50184,24095,102230,128937,163729,104705,144547,88666,94917,62179,82258,24674,89608,117096,110425,92439,70121,98010,65246,88521,105379,51346,96149,120888,101830,31697,129331,54790,160152,172617,102539,1740,74020,123530,39820,12260,65767,143273,60371,92179,61876,83884,163656,70746,162069,167196,46684,134634,156855,85248,47561,130981,15654,38176,54896,68239,120500,38179,104214,158747,116708,168903,101942,60981,17408,104979,10037,41012,37273,164131,83414,122226,139562,30904,100223,41689,17622,35426,15772,111934,39863,579,48891,130302,115523,70657,166125,85636,122006,33691,80209,170305,87805,53975,109258,173481,128259,128572,113420,63985,108583,87540,154906,36639,67826,96144,68906,148250,92616,148691,122577,95480,114095,169914,93478,30187,36587,99735"
BISC DOCE AYMORE 200G-PC COCO,biscoito,0.07081484152391251,f1_macro_on_full,minimize,"82577,26117,142042,137452,4653,130457,131656,7869,150273,31336,6386,167987,71895,116357,26197,2884,172590,24749,27021,101472,3143,14170,140005,111788,63934,68916,32481,34738,142474,116684,132810,78949,94365,131620,18930,7800,149917,39469,133970,146935,74139,136032,35502,174420,164970,151469,94706,70275,78835,48866,140128,23541,151162,150544,133424,137574,1427,76192,38513,112719,57213,113631,6336,54186,68454,82373,52170,30100,165321,47271,49019,62701,39698,5027,145627,19316,115936,144960,146799,129378,55469,23402,120567,23561,164151,137010,74269,86870,153867,132210,10359,146182,87593,162145,142884,161426,122295,96885,154188,60189,132022,124740,6281,67968,6121,136391,108609,99353,167724,158095,125806,129456,96265,52558,36778,171576,49803,105618,172706,82710,170041,9056,91589,132914,101519,112757,10252,77710,36605,102335,65833,15371,50184,24095,102230,128937,163729,104705,144547,88666,94917,62179,82258,24674,89608,117096,110425,92439,70121,98010,65246,88521,105379,51346,96149,120888,101830,31697,129331,54790,160152,172617,102539,1740,74020,123530,39820,12260,65767,143273,60371,92179,61876,83884,163656,70746,162069,167196,46684,134634,156855,85248,47561,130981,15654,38176,54896,68239,120500,38179,104214,158747,116708,168903,101942,60981,17408,104979,10037,41012,37273,164131,83414,122226,139562,30904,100223,41689,17622,35426,15772,111934,39863,579,48891,130302,115523,70657,166125,85636,122006,33691,80209,170305,87805,53975,109258,173481,128259,128572,113420,63985,108583,87540,154906,36639,67826,96144,68906,148250,92616,148691,122577,95480,114095,169914,93478,30187,36587,99735"
"TIC TAC LARANJA14,5G",bala,0.07081484152391251,f1_macro_on_full,minimize,"82577,26117,142042,137452,4653,130457,131656,7869,150273,31336,6386,167987,71895,116357,26197,2884,172590,24749,27021,101472,3143,14170,140005,111788,63934,68916,32481,34738,142474,116684,132810,78949,94365,131620,18930,7800,149917,39469,133970,146935,74139,136032,35502,174420,164970,151469,94706,70275,78835,48866,140128,23541,151162,150544,133424,137574,1427,76192,38513,112719,57213,113631,6336,54186,68454,82373,52170,30100,165321,47271,49019,62701,39698,5027,145627,19316,115936,144960,146799,129378,55469,23402,120567,23561,164151,137010,74269,86870,153867,132210,10359,146182,87593,162145,142884,161426,122295,96885,154188,60189,132022,124740,6281,67968,6121,136391,108609,99353,167724,158095,125806,129456,96265,52558,36778,171576,49803,105618,172706,82710,170041,9056,91589,132914,101519,112757,10252,77710,36605,102335,65833,15371,50184,24095,102230,128937,163729,104705,144547,88666,94917,62179,82258,24674,89608,117096,110425,92439,70121,98010,65246,88521,105379,51346,96149,120888,101830,31697,129331,54790,160152,172617,102539,1740,74020,123530,39820,12260,65767,143273,60371,92179,61876,83884,163656,70746,162069,167196,46684,134634,156855,85248,47561,130981,15654,38176,54896,68239,120500,38179,104214,158747,116708,168903,101942,60981,17408,104979,10037,41012,37273,164131,83414,122226,139562,30904,100223,41689,17622,35426,15772,111934,39863,579,48891,130302,115523,70657,166125,85636,122006,33691,80209,170305,87805,53975,109258,173481,128259,128572,113420,63985,108583,87540,154906,36639,67826,96144,68906,148250,92616,148691,122577,95480,114095,169914,93478,30187,36587,99735"
REFRIG FANTA LARANJA PET 600ML,refrigerante,0.07081484152391251,f1_macro_on_full,minimize,"82577,26117,142042,137452,4653,130457,131656,7869,150273,31336,6386,167987,71895,116357,26197,2884,172590,24749,27021,101472,3143,14170,140005,111788,63934,68916,32481,34738,142474,116684,132810,78949,94365,131620,18930,7800,149917,39469,133970,146935,74139,136032,35502,174420,164970,151469,94706,70275,78835,48866,140128,23541,151162,150544,133424,137574,1427,76192,38513,112719,57213,113631,6336,54186,68454,82373,52170,30100,165321,47271,49019,62701,39698,5027,145627,19316,115936,144960,146799,129378,55469,23402,120567,23561,164151,137010,74269,86870,153867,132210,10359,146182,87593,162145,142884,161426,122295,96885,154188,60189,132022,124740,6281,67968,6121,136391,108609,99353,167724,158095,125806,129456,96265,52558,36778,171576,49803,105618,172706,82710,170041,9056,91589,132914,101519,112757,10252,77710,36605,102335,65833,15371,50184,24095,102230,128937,163729,104705,144547,88666,94917,62179,82258,24674,89608,117096,110425,92439,70121,98010,65246,88521,105379,51346,96149,120888,101830,31697,129331,54790,160152,172617,102539,1740,74020,123530,39820,12260,65767,143273,60371,92179,61876,83884,163656,70746,162069,167196,46684,134634,156855,85248,47561,130981,15654,38176,54896,68239,120500,38179,104214,158747,116708,168903,101942,60981,17408,104979,10037,41012,37273,164131,83414,122226,139562,30904,100223,41689,17622,35426,15772,111934,39863,579,48891,130302,115523,70657,166125,85636,122006,33691,80209,170305,87805,53975,109258,173481,128259,128572,113420,63985,108583,87540,154906,36639,67826,96144,68906,148250,92616,148691,122577,95480,114095,169914,93478,30187,36587,99735"
GOMATRIDENT MELANCIA MINT ZERO 54GR,goma de mascar,0.07081484152391251,f1_macro_on_full,minimize,"82577,26117,142042,137452,4653,130457,131656,7869,150273,31336,6386,167987,71895,116357,26197,2884,172590,24749,27021,101472,3143,14170,140005,111788,63934,68916,32481,34738,142474,116684,132810,78949,94365,131620,18930,7800,149917,39469,133970,146935,74139,136032,35502,174420,164970,151469,94706,70275,78835,48866,140128,23541,151162,150544,133424,137574,1427,76192,38513,112719,57213,113631,6336,54186,68454,82373,52170,30100,165321,47271,49019,62701,39698,5027,145627,19316,115936,144960,146799,129378,55469,23402,120567,23561,164151,137010,74269,86870,153867,132210,10359,146182,87593,162145,142884,161426,122295,96885,154188,60189,132022,124740,6281,67968,6121,136391,108609,99353,167724,158095,125806,129456,96265,52558,36778,171576,49803,105618,172706,82710,170041,9056,91589,132914,101519,112757,10252,77710,36605,102335,65833,15371,50184,24095,102230,128937,163729,104705,144547,88666,94917,62179,82258,24674,89608,117096,110425,92439,70121,98010,65246,88521,105379,51346,96149,120888,101830,31697,129331,54790,160152,172617,102539,1740,74020,123530,39820,12260,65767,143273,60371,92179,61876,83884,163656,70746,162069,167196,46684,134634,156855,85248,47561,130981,15654,38176,54896,68239,120500,38179,104214,158747,116708,168903,101942,60981,17408,104979,10037,41012,37273,164131,83414,122226,139562,30904,100223,41689,17622,35426,15772,111934,39863,579,48891,130302,115523,70657,166125,85636,122006,33691,80209,170305,87805,53975,109258,173481,128259,128572,113420,63985,108583,87540,154906,36639,67826,96144,68906,148250,92616,148691,122577,95480,114095,169914,93478,30187,36587,99735"
BISC SALG PIRAQUE 240G AGUA GERG,biscoito,0.07081484152391251,f1_macro_on_full,minimize,"82577,26117,142042,137452,4653,130457,131656,7869,150273,31336,6386,167987,71895,116357,26197,2884,172590,24749,27021,101472,3143,14170,140005,111788,63934,68916,32481,34738,142474,116684,132810,78949,94365,131620,18930,7800,149917,39469,133970,146935,74139,136032,35502,174420,164970,151469,94706,70275,78835,48866,140128,23541,151162,150544,133424,137574,1427,76192,38513,112719,57213,113631,6336,54186,68454,82373,52170,30100,165321,47271,49019,62701,39698,5027,145627,19316,115936,144960,146799,129378,55469,23402,120567,23561,164151,137010,74269,86870,153867,132210,10359,146182,87593,162145,142884,161426,122295,96885,154188,60189,132022,124740,6281,67968,6121,136391,108609,99353,167724,158095,125806,129456,96265,52558,36778,171576,49803,105618,172706,82710,170041,9056,91589,132914,101519,112757,10252,77710,36605,102335,65833,15371,50184,24095,102230,128937,163729,104705,144547,88666,94917,62179,82258,24674,89608,117096,110425,92439,70121,98010,65246,88521,105379,51346,96149,120888,101830,31697,129331,54790,160152,172617,102539,1740,74020,123530,39820,12260,65767,143273,60371,92179,61876,83884,163656,70746,162069,167196,46684,134634,156855,85248,47561,130981,15654,38176,54896,68239,120500,38179,104214,158747,116708,168903,101942,60981,17408,104979,10037,41012,37273,164131,83414,122226,139562,30904,100223,41689,17622,35426,15772,111934,39863,579,48891,130302,115523,70657,166125,85636,122006,33691,80209,170305,87805,53975,109258,173481,128259,128572,113420,63985,108583,87540,154906,36639,67826,96144,68906,148250,92616,148691,122577,95480,114095,169914,93478,30187,36587,99735"
SAB LIQ FIORUCCI 440ML-REF ALGAS MARINHAS,sabonete,0.07081484152391251,f1_macro_on_full,minimize,"82577,26117,142042,137452,4653,130457,131656,7869,150273,31336,6386,167987,71895,116357,26197,2884,172590,24749,27021,101472,3143,14170,140005,111788,63934,68916,32481,34738,142474,116684,132810,78949,94365,131620,18930,7800,149917,39469,133970,146935,74139,136032,35502,174420,164970,151469,94706,70275,78835,48866,140128,23541,151162,150544,133424,137574,1427,76192,38513,112719,57213,113631,6336,54186,68454,82373,52170,30100,165321,47271,49019,62701,39698,5027,145627,19316,115936,144960,146799,129378,55469,23402,120567,23561,164151,137010,74269,86870,153867,132210,10359,146182,87593,162145,142884,161426,122295,96885,154188,60189,132022,124740,6281,67968,6121,136391,108609,99353,167724,158095,125806,129456,96265,52558,36778,171576,49803,105618,172706,82710,170041,9056,91589,132914,101519,112757,10252,77710,36605,102335,65833,15371,50184,24095,102230,128937,163729,104705,144547,88666,94917,62179,82258,24674,89608,117096,110425,92439,70121,98010,65246,88521,105379,51346,96149,120888,101830,31697,129331,54790,160152,172617,102539,1740,74020,123530,39820,12260,65767,143273,60371,92179,61876,83884,163656,70746,162069,167196,46684,134634,156855,85248,47561,130981,15654,38176,54896,68239,120500,38179,104214,158747,116708,168903,101942,60981,17408,104979,10037,41012,37273,164131,83414,122226,139562,30904,100223,41689,17622,35426,15772,111934,39863,579,48891,130302,115523,70657,166125,85636,122006,33691,80209,170305,87805,53975,109258,173481,128259,128572,113420,63985,108583,87540,154906,36639,67826,96144,68906,148250,92616,148691,122577,95480,114095,169914,93478,30187,36587,99735"
BEB LACT  PAULISTA FEST FRU 540G,iogurte,0.07081484152391251,f1_macro_on_full,minimize,"82577,26117,142042,137452,4653,130457,131656,7869,150273,31336,6386,167987,71895,116357,26197,2884,172590,24749,27021,101472,3143,14170,140005,111788,63934,68916,32481,34738,142474,116684,132810,78949,94365,131620,18930,7800,149917,39469,133970,146935,74139,136032,35502,174420,164970,151469,94706,70275,78835,48866,140128,23541,151162,150544,133424,137574,1427,76192,38513,112719,57213,113631,6336,54186,68454,82373,52170,30100,165321,47271,49019,62701,39698,5027,145627,19316,115936,144960,146799,129378,55469,23402,120567,23561,164151,137010,74269,86870,153867,132210,10359,146182,87593,162145,142884,161426,122295,96885,154188,60189,132022,124740,6281,67968,6121,136391,108609,99353,167724,158095,125806,129456,96265,52558,36778,171576,49803,105618,172706,82710,170041,9056,91589,132914,101519,112757,10252,77710,36605,102335,65833,15371,50184,24095,102230,128937,163729,104705,144547,88666,94917,62179,82258,24674,89608,117096,110425,92439,70121,98010,65246,88521,105379,51346,96149,120888,101830,31697,129331,54790,160152,172617,102539,1740,74020,123530,39820,12260,65767,143273,60371,92179,61876,83884,163656,70746,162069,167196,46684,134634,156855,85248,47561,130981,15654,38176,54896,68239,120500,38179,104214,158747,116708,168903,101942,60981,17408,104979,10037,41012,37273,164131,83414,122226,139562,30904,100223,41689,17622,35426,15772,111934,39863,579,48891,130302,115523,70657,166125,85636,122006,33691,80209,170305,87805,53975,109258,173481,128259,128572,113420,63985,108583,87540,154906,36639,67826,96144,68906,148250,92616,148691,122577,95480,114095,169914,93478,30187,36587,99735"
CRM DENTAL COLGATE TT 12 ANTI TART 180G,creme dental,0.07081484152391251,f1_macro_on_full,minimize,"82577,26117,142042,137452,4653,130457,131656,7869,150273,31336,6386,167987,71895,116357,26197,2884,172590,24749,27021,101472,3143,14170,140005,111788,63934,68916,32481,34738,142474,116684,132810,78949,94365,131620,18930,7800,149917,39469,133970,146935,74139,136032,35502,174420,164970,151469,94706,70275,78835,48866,140128,23541,151162,150544,133424,137574,1427,76192,38513,112719,57213,113631,6336,54186,68454,82373,52170,30100,165321,47271,49019,62701,39698,5027,145627,19316,115936,144960,146799,129378,55469,23402,120567,23561,164151,137010,74269,86870,153867,132210,10359,146182,87593,162145,142884,161426,122295,96885,154188,60189,132022,124740,6281,67968,6121,136391,108609,99353,167724,158095,125806,129456,96265,52558,36778,171576,49803,105618,172706,82710,170041,9056,91589,132914,101519,112757,10252,77710,36605,102335,65833,15371,50184,24095,102230,128937,163729,104705,144547,88666,94917,62179,82258,24674,89608,117096,110425,92439,70121,98010,65246,88521,105379,51346,96149,120888,101830,31697,129331,54790,160152,172617,102539,1740,74020,123530,39820,12260,65767,143273,60371,92179,61876,83884,163656,70746,162069,167196,46684,134634,156855,85248,47561,130981,15654,38176,54896,68239,120500,38179,104214,158747,116708,168903,101942,60981,17408,104979,10037,41012,37273,164131,83414,122226,139562,30904,100223,41689,17622,35426,15772,111934,39863,579,48891,130302,115523,70657,166125,85636,122006,33691,80209,170305,87805,53975,109258,173481,128259,128572,113420,63985,108583,87540,154906,36639,67826,96144,68906,148250,92616,148691,122577,95480,114095,169914,93478,30187,36587,99735"
MANTEIGA COMPLEITE C SAL PT 200g,manteiga,0.07081484152391251,f1_macro_on_full,minimize,"82577,26117,142042,137452,4653,130457,131656,7869,150273,31336,6386,167987,71895,116357,26197,2884,172590,24749,27021,101472,3143,14170,140005,111788,63934,68916,32481,34738,142474,116684,132810,78949,94365,131620,18930,7800,149917,39469,133970,146935,74139,136032,35502,174420,164970,151469,94706,70275,78835,48866,140128,23541,151162,150544,133424,137574,1427,76192,38513,112719,57213,113631,6336,54186,68454,82373,52170,30100,165321,47271,49019,62701,39698,5027,145627,19316,115936,144960,146799,129378,55469,23402,120567,23561,164151,137010,74269,86870,153867,132210,10359,146182,87593,162145,142884,161426,122295,96885,154188,60189,132022,124740,6281,67968,6121,136391,108609,99353,167724,158095,125806,129456,96265,52558,36778,171576,49803,105618,172706,82710,170041,9056,91589,132914,101519,112757,10252,77710,36605,102335,65833,15371,50184,24095,102230,128937,163729,104705,144547,88666,94917,62179,82258,24674,89608,117096,110425,92439,70121,98010,65246,88521,105379,51346,96149,120888,101830,31697,129331,54790,160152,172617,102539,1740,74020,123530,39820,12260,65767,143273,60371,92179,61876,83884,163656,70746,162069,167196,46684,134634,156855,85248,47561,130981,15654,38176,54896,68239,120500,38179,104214,158747,116708,168903,101942,60981,17408,104979,10037,41012,37273,164131,83414,122226,139562,30904,100223,41689,17622,35426,15772,111934,39863,579,48891,130302,115523,70657,166125,85636,122006,33691,80209,170305,87805,53975,109258,173481,128259,128572,113420,63985,108583,87540,154906,36639,67826,96144,68906,148250,92616,148691,122577,95480,114095,169914,93478,30187,36587,99735"
EMATE C/ ACUCAR LM NATIVA 1KG,erva mate,0.07081484152391251,f1_macro_on_full,minimize,"82577,26117,142042,137452,4653,130457,131656,7869,150273,31336,6386,167987,71895,116357,26197,2884,172590,24749,27021,101472,3143,14170,140005,111788,63934,68916,32481,34738,142474,116684,132810,78949,94365,131620,18930,7800,149917,39469,133970,146935,74139,136032,35502,174420,164970,151469,94706,70275,78835,48866,140128,23541,151162,150544,133424,137574,1427,76192,38513,112719,57213,113631,6336,54186,68454,82373,52170,30100,165321,47271,49019,62701,39698,5027,145627,19316,115936,144960,146799,129378,55469,23402,120567,23561,164151,137010,74269,86870,153867,132210,10359,146182,87593,162145,142884,161426,122295,96885,154188,60189,132022,124740,6281,67968,6121,136391,108609,99353,167724,158095,125806,129456,96265,52558,36778,171576,49803,105618,172706,82710,170041,9056,91589,132914,101519,112757,10252,77710,36605,102335,65833,15371,50184,24095,102230,128937,163729,104705,144547,88666,94917,62179,82258,24674,89608,117096,110425,92439,70121,98010,65246,88521,105379,51346,96149,120888,101830,31697,129331,54790,160152,172617,102539,1740,74020,123530,39820,12260,65767,143273,60371,92179,61876,83884,163656,70746,162069,167196,46684,134634,156855,85248,47561,130981,15654,38176,54896,68239,120500,38179,104214,158747,116708,168903,101942,60981,17408,104979,10037,41012,37273,164131,83414,122226,139562,30904,100223,41689,17622,35426,15772,111934,39863,579,48891,130302,115523,70657,166125,85636,122006,33691,80209,170305,87805,53975,109258,173481,128259,128572,113420,63985,108583,87540,154906,36639,67826,96144,68906,148250,92616,148691,122577,95480,114095,169914,93478,30187,36587,99735"
NESCAFE VD MATINAL 230G,cafe,0.07081484152391251,f1_macro_on_full,minimize,"82577,26117,142042,137452,4653,130457,131656,7869,150273,31336,6386,167987,71895,116357,26197,2884,172590,24749,27021,101472,3143,14170,140005,111788,63934,68916,32481,34738,142474,116684,132810,78949,94365,131620,18930,7800,149917,39469,133970,146935,74139,136032,35502,174420,164970,151469,94706,70275,78835,48866,140128,23541,151162,150544,133424,137574,1427,76192,38513,112719,57213,113631,6336,54186,68454,82373,52170,30100,165321,47271,49019,62701,39698,5027,145627,19316,115936,144960,146799,129378,55469,23402,120567,23561,164151,137010,74269,86870,153867,132210,10359,146182,87593,162145,142884,161426,122295,96885,154188,60189,132022,124740,6281,67968,6121,136391,108609,99353,167724,158095,125806,129456,96265,52558,36778,171576,49803,105618,172706,82710,170041,9056,91589,132914,101519,112757,10252,77710,36605,102335,65833,15371,50184,24095,102230,128937,163729,104705,144547,88666,94917,62179,82258,24674,89608,117096,110425,92439,70121,98010,65246,88521,105379,51346,96149,120888,101830,31697,129331,54790,160152,172617,102539,1740,74020,123530,39820,12260,65767,143273,60371,92179,61876,83884,163656,70746,162069,167196,46684,134634,156855,85248,47561,130981,15654,38176,54896,68239,120500,38179,104214,158747,116708,168903,101942,60981,17408,104979,10037,41012,37273,164131,83414,122226,139562,30904,100223,41689,17622,35426,15772,111934,39863,579,48891,130302,115523,70657,166125,85636,122006,33691,80209,170305,87805,53975,109258,173481,128259,128572,113420,63985,108583,87540,154906,36639,67826,96144,68906,148250,92616,148691,122577,95480,114095,169914,93478,30187,36587,99735"
CHOC BR SERENATA AMOR 80G,chocolate,0.07081484152391251,f1_macro_on_full,minimize,"82577,26117,142042,137452,4653,130457,131656,7869,150273,31336,6386,167987,71895,116357,26197,2884,172590,24749,27021,101472,3143,14170,140005,111788,63934,68916,32481,34738,142474,116684,132810,78949,94365,131620,18930,7800,149917,39469,133970,146935,74139,136032,35502,174420,164970,151469,94706,70275,78835,48866,140128,23541,151162,150544,133424,137574,1427,76192,38513,112719,57213,113631,6336,54186,68454,82373,52170,30100,165321,47271,49019,62701,39698,5027,145627,19316,115936,144960,146799,129378,55469,23402,120567,23561,164151,137010,74269,86870,153867,132210,10359,146182,87593,162145,142884,161426,122295,96885,154188,60189,132022,124740,6281,67968,6121,136391,108609,99353,167724,158095,125806,129456,96265,52558,36778,171576,49803,105618,172706,82710,170041,9056,91589,132914,101519,112757,10252,77710,36605,102335,65833,15371,50184,24095,102230,128937,163729,104705,144547,88666,94917,62179,82258,24674,89608,117096,110425,92439,70121,98010,65246,88521,105379,51346,96149,120888,101830,31697,129331,54790,160152,172617,102539,1740,74020,123530,39820,12260,65767,143273,60371,92179,61876,83884,163656,70746,162069,167196,46684,134634,156855,85248,47561,130981,15654,38176,54896,68239,120500,38179,104214,158747,116708,168903,101942,60981,17408,104979,10037,41012,37273,164131,83414,122226,139562,30904,100223,41689,17622,35426,15772,111934,39863,579,48891,130302,115523,70657,166125,85636,122006,33691,80209,170305,87805,53975,109258,173481,128259,128572,113420,63985,108583,87540,154906,36639,67826,96144,68906,148250,92616,148691,122577,95480,114095,169914,93478,30187,36587,99735"
TILAPIA CONG SAINT PETERS GENESEAS 450G,peixe,0.07081484152391251,f1_macro_on_full,minimize,"82577,26117,142042,137452,4653,130457,131656,7869,150273,31336,6386,167987,71895,116357,26197,2884,172590,24749,27021,101472,3143,14170,140005,111788,63934,68916,32481,34738,142474,116684,132810,78949,94365,131620,18930,7800,149917,39469,133970,146935,74139,136032,35502,174420,164970,151469,94706,70275,78835,48866,140128,23541,151162,150544,133424,137574,1427,76192,38513,112719,57213,113631,6336,54186,68454,82373,52170,30100,165321,47271,49019,62701,39698,5027,145627,19316,115936,144960,146799,129378,55469,23402,120567,23561,164151,137010,74269,86870,153867,132210,10359,146182,87593,162145,142884,161426,122295,96885,154188,60189,132022,124740,6281,67968,6121,136391,108609,99353,167724,158095,125806,129456,96265,52558,36778,171576,49803,105618,172706,82710,170041,9056,91589,132914,101519,112757,10252,77710,36605,102335,65833,15371,50184,24095,102230,128937,163729,104705,144547,88666,94917,62179,82258,24674,89608,117096,110425,92439,70121,98010,65246,88521,105379,51346,96149,120888,101830,31697,129331,54790,160152,172617,102539,1740,74020,123530,39820,12260,65767,143273,60371,92179,61876,83884,163656,70746,162069,167196,46684,134634,156855,85248,47561,130981,15654,38176,54896,68239,120500,38179,104214,158747,116708,168903,101942,60981,17408,104979,10037,41012,37273,164131,83414,122226,139562,30904,100223,41689,17622,35426,15772,111934,39863,579,48891,130302,115523,70657,166125,85636,122006,33691,80209,170305,87805,53975,109258,173481,128259,128572,113420,63985,108583,87540,154906,36639,67826,96144,68906,148250,92616,148691,122577,95480,114095,169914,93478,30187,36587,99735"
MAIONESE HEINZ SH 192X7G,maionese,0.07081484152391251,f1_macro_on_full,minimize,"82577,26117,142042,137452,4653,130457,131656,7869,150273,31336,6386,167987,71895,116357,26197,2884,172590,24749,27021,101472,3143,14170,140005,111788,63934,68916,32481,34738,142474,116684,132810,78949,94365,131620,18930,7800,149917,39469,133970,146935,74139,136032,35502,174420,164970,151469,94706,70275,78835,48866,140128,23541,151162,150544,133424,137574,1427,76192,38513,112719,57213,113631,6336,54186,68454,82373,52170,30100,165321,47271,49019,62701,39698,5027,145627,19316,115936,144960,146799,129378,55469,23402,120567,23561,164151,137010,74269,86870,153867,132210,10359,146182,87593,162145,142884,161426,122295,96885,154188,60189,132022,124740,6281,67968,6121,136391,108609,99353,167724,158095,125806,129456,96265,52558,36778,171576,49803,105618,172706,82710,170041,9056,91589,132914,101519,112757,10252,77710,36605,102335,65833,15371,50184,24095,102230,128937,163729,104705,144547,88666,94917,62179,82258,24674,89608,117096,110425,92439,70121,98010,65246,88521,105379,51346,96149,120888,101830,31697,129331,54790,160152,172617,102539,1740,74020,123530,39820,12260,65767,143273,60371,92179,61876,83884,163656,70746,162069,167196,46684,134634,156855,85248,47561,130981,15654,38176,54896,68239,120500,38179,104214,158747,116708,168903,101942,60981,17408,104979,10037,41012,37273,164131,83414,122226,139562,30904,100223,41689,17622,35426,15772,111934,39863,579,48891,130302,115523,70657,166125,85636,122006,33691,80209,170305,87805,53975,109258,173481,128259,128572,113420,63985,108583,87540,154906,36639,67826,96144,68906,148250,92616,148691,122577,95480,114095,169914,93478,30187,36587,99735"
LAVA ROUPAS GIRANDO SOL 3L GLICERINA,lava roupas,0.07081484152391251,f1_macro_on_full,minimize,"82577,26117,142042,137452,4653,130457,131656,7869,150273,31336,6386,167987,71895,116357,26197,2884,172590,24749,27021,101472,3143,14170,140005,111788,63934,68916,32481,34738,142474,116684,132810,78949,94365,131620,18930,7800,149917,39469,133970,146935,74139,136032,35502,174420,164970,151469,94706,70275,78835,48866,140128,23541,151162,150544,133424,137574,1427,76192,38513,112719,57213,113631,6336,54186,68454,82373,52170,30100,165321,47271,49019,62701,39698,5027,145627,19316,115936,144960,146799,129378,55469,23402,120567,23561,164151,137010,74269,86870,153867,132210,10359,146182,87593,162145,142884,161426,122295,96885,154188,60189,132022,124740,6281,67968,6121,136391,108609,99353,167724,158095,125806,129456,96265,52558,36778,171576,49803,105618,172706,82710,170041,9056,91589,132914,101519,112757,10252,77710,36605,102335,65833,15371,50184,24095,102230,128937,163729,104705,144547,88666,94917,62179,82258,24674,89608,117096,110425,92439,70121,98010,65246,88521,105379,51346,96149,120888,101830,31697,129331,54790,160152,172617,102539,1740,74020,123530,39820,12260,65767,143273,60371,92179,61876,83884,163656,70746,162069,167196,46684,134634,156855,85248,47561,130981,15654,38176,54896,68239,120500,38179,104214,158747,116708,168903,101942,60981,17408,104979,10037,41012,37273,164131,83414,122226,139562,30904,100223,41689,17622,35426,15772,111934,39863,579,48891,130302,115523,70657,166125,85636,122006,33691,80209,170305,87805,53975,109258,173481,128259,128572,113420,63985,108583,87540,154906,36639,67826,96144,68906,148250,92616,148691,122577,95480,114095,169914,93478,30187,36587,99735"
BACTRIM F 800 160MG C.10 COMPRIMIDOS FQM,outro farma,0.07081484152391251,f1_macro_on_full,minimize,"82577,26117,142042,137452,4653,130457,131656,7869,150273,31336,6386,167987,71895,116357,26197,2884,172590,24749,27021,101472,3143,14170,140005,111788,63934,68916,32481,34738,142474,116684,132810,78949,94365,131620,18930,7800,149917,39469,133970,146935,74139,136032,35502,174420,164970,151469,94706,70275,78835,48866,140128,23541,151162,150544,133424,137574,1427,76192,38513,112719,57213,113631,6336,54186,68454,82373,52170,30100,165321,47271,49019,62701,39698,5027,145627,19316,115936,144960,146799,129378,55469,23402,120567,23561,164151,137010,74269,86870,153867,132210,10359,146182,87593,162145,142884,161426,122295,96885,154188,60189,132022,124740,6281,67968,6121,136391,108609,99353,167724,158095,125806,129456,96265,52558,36778,171576,49803,105618,172706,82710,170041,9056,91589,132914,101519,112757,10252,77710,36605,102335,65833,15371,50184,24095,102230,128937,163729,104705,144547,88666,94917,62179,82258,24674,89608,117096,110425,92439,70121,98010,65246,88521,105379,51346,96149,120888,101830,31697,129331,54790,160152,172617,102539,1740,74020,123530,39820,12260,65767,143273,60371,92179,61876,83884,163656,70746,162069,167196,46684,134634,156855,85248,47561,130981,15654,38176,54896,68239,120500,38179,104214,158747,116708,168903,101942,60981,17408,104979,10037,41012,37273,164131,83414,122226,139562,30904,100223,41689,17622,35426,15772,111934,39863,579,48891,130302,115523,70657,166125,85636,122006,33691,80209,170305,87805,53975,109258,173481,128259,128572,113420,63985,108583,87540,154906,36639,67826,96144,68906,148250,92616,148691,122577,95480,114095,169914,93478,30187,36587,99735"
CUBOS CARNE SUINA CX SQ KG,carne suina,0.07081484152391251,f1_macro_on_full,minimize,"82577,26117,142042,137452,4653,130457,131656,7869,150273,31336,6386,167987,71895,116357,26197,2884,172590,24749,27021,101472,3143,14170,140005,111788,63934,68916,32481,34738,142474,116684,132810,78949,94365,131620,18930,7800,149917,39469,133970,146935,74139,136032,35502,174420,164970,151469,94706,70275,78835,48866,140128,23541,151162,150544,133424,137574,1427,76192,38513,112719,57213,113631,6336,54186,68454,82373,52170,30100,165321,47271,49019,62701,39698,5027,145627,19316,115936,144960,146799,129378,55469,23402,120567,23561,164151,137010,74269,86870,153867,132210,10359,146182,87593,162145,142884,161426,122295,96885,154188,60189,132022,124740,6281,67968,6121,136391,108609,99353,167724,158095,125806,129456,96265,52558,36778,171576,49803,105618,172706,82710,170041,9056,91589,132914,101519,112757,10252,77710,36605,102335,65833,15371,50184,24095,102230,128937,163729,104705,144547,88666,94917,62179,82258,24674,89608,117096,110425,92439,70121,98010,65246,88521,105379,51346,96149,120888,101830,31697,129331,54790,160152,172617,102539,1740,74020,123530,39820,12260,65767,143273,60371,92179,61876,83884,163656,70746,162069,167196,46684,134634,156855,85248,47561,130981,15654,38176,54896,68239,120500,38179,104214,158747,116708,168903,101942,60981,17408,104979,10037,41012,37273,164131,83414,122226,139562,30904,100223,41689,17622,35426,15772,111934,39863,579,48891,130302,115523,70657,166125,85636,122006,33691,80209,170305,87805,53975,109258,173481,128259,128572,113420,63985,108583,87540,154906,36639,67826,96144,68906,148250,92616,148691,122577,95480,114095,169914,93478,30187,36587,99735"
BEB LAC NESTON 280ML-GF 13G PROTEIN BANANA/MACA,bebida lactea,0.07081484152391251,f1_macro_on_full,minimize,"82577,26117,142042,137452,4653,130457,131656,7869,150273,31336,6386,167987,71895,116357,26197,2884,172590,24749,27021,101472,3143,14170,140005,111788,63934,68916,32481,34738,142474,116684,132810,78949,94365,131620,18930,7800,149917,39469,133970,146935,74139,136032,35502,174420,164970,151469,94706,70275,78835,48866,140128,23541,151162,150544,133424,137574,1427,76192,38513,112719,57213,113631,6336,54186,68454,82373,52170,30100,165321,47271,49019,62701,39698,5027,145627,19316,115936,144960,146799,129378,55469,23402,120567,23561,164151,137010,74269,86870,153867,132210,10359,146182,87593,162145,142884,161426,122295,96885,154188,60189,132022,124740,6281,67968,6121,136391,108609,99353,167724,158095,125806,129456,96265,52558,36778,171576,49803,105618,172706,82710,170041,9056,91589,132914,101519,112757,10252,77710,36605,102335,65833,15371,50184,24095,102230,128937,163729,104705,144547,88666,94917,62179,82258,24674,89608,117096,110425,92439,70121,98010,65246,88521,105379,51346,96149,120888,101830,31697,129331,54790,160152,172617,102539,1740,74020,123530,39820,12260,65767,143273,60371,92179,61876,83884,163656,70746,162069,167196,46684,134634,156855,85248,47561,130981,15654,38176,54896,68239,120500,38179,104214,158747,116708,168903,101942,60981,17408,104979,10037,41012,37273,164131,83414,122226,139562,30904,100223,41689,17622,35426,15772,111934,39863,579,48891,130302,115523,70657,166125,85636,122006,33691,80209,170305,87805,53975,109258,173481,128259,128572,113420,63985,108583,87540,154906,36639,67826,96144,68906,148250,92616,148691,122577,95480,114095,169914,93478,30187,36587,99735"
ROUP INT PLENITUD PREM COMF G XG 14,fralda adulto,0.07081484152391251,f1_macro_on_full,minimize,"82577,26117,142042,137452,4653,130457,131656,7869,150273,31336,6386,167987,71895,116357,26197,2884,172590,24749,27021,101472,3143,14170,140005,111788,63934,68916,32481,34738,142474,116684,132810,78949,94365,131620,18930,7800,149917,39469,133970,146935,74139,136032,35502,174420,164970,151469,94706,70275,78835,48866,140128,23541,151162,150544,133424,137574,1427,76192,38513,112719,57213,113631,6336,54186,68454,82373,52170,30100,165321,47271,49019,62701,39698,5027,145627,19316,115936,144960,146799,129378,55469,23402,120567,23561,164151,137010,74269,86870,153867,132210,10359,146182,87593,162145,142884,161426,122295,96885,154188,60189,132022,124740,6281,67968,6121,136391,108609,99353,167724,158095,125806,129456,96265,52558,36778,171576,49803,105618,172706,82710,170041,9056,91589,132914,101519,112757,10252,77710,36605,102335,65833,15371,50184,24095,102230,128937,163729,104705,144547,88666,94917,62179,82258,24674,89608,117096,110425,92439,70121,98010,65246,88521,105379,51346,96149,120888,101830,31697,129331,54790,160152,172617,102539,1740,74020,123530,39820,12260,65767,143273,60371,92179,61876,83884,163656,70746,162069,167196,46684,134634,156855,85248,47561,130981,15654,38176,54896,68239,120500,38179,104214,158747,116708,168903,101942,60981,17408,104979,10037,41012,37273,164131,83414,122226,139562,30904,100223,41689,17622,35426,15772,111934,39863,579,48891,130302,115523,70657,166125,85636,122006,33691,80209,170305,87805,53975,109258,173481,128259,128572,113420,63985,108583,87540,154906,36639,67826,96144,68906,148250,92616,148691,122577,95480,114095,169914,93478,30187,36587,99735"
GELEIA MORANGO DANA PREMIUN 454G,geleia,0.07081484152391251,f1_macro_on_full,minimize,"82577,26117,142042,137452,4653,130457,131656,7869,150273,31336,6386,167987,71895,116357,26197,2884,172590,24749,27021,101472,3143,14170,140005,111788,63934,68916,32481,34738,142474,116684,132810,78949,94365,131620,18930,7800,149917,39469,133970,146935,74139,136032,35502,174420,164970,151469,94706,70275,78835,48866,140128,23541,151162,150544,133424,137574,1427,76192,38513,112719,57213,113631,6336,54186,68454,82373,52170,30100,165321,47271,49019,62701,39698,5027,145627,19316,115936,144960,146799,129378,55469,23402,120567,23561,164151,137010,74269,86870,153867,132210,10359,146182,87593,162145,142884,161426,122295,96885,154188,60189,132022,124740,6281,67968,6121,136391,108609,99353,167724,158095,125806,129456,96265,52558,36778,171576,49803,105618,172706,82710,170041,9056,91589,132914,101519,112757,10252,77710,36605,102335,65833,15371,50184,24095,102230,128937,163729,104705,144547,88666,94917,62179,82258,24674,89608,117096,110425,92439,70121,98010,65246,88521,105379,51346,96149,120888,101830,31697,129331,54790,160152,172617,102539,1740,74020,123530,39820,12260,65767,143273,60371,92179,61876,83884,163656,70746,162069,167196,46684,134634,156855,85248,47561,130981,15654,38176,54896,68239,120500,38179,104214,158747,116708,168903,101942,60981,17408,104979,10037,41012,37273,164131,83414,122226,139562,30904,100223,41689,17622,35426,15772,111934,39863,579,48891,130302,115523,70657,166125,85636,122006,33691,80209,170305,87805,53975,109258,173481,128259,128572,113420,63985,108583,87540,154906,36639,67826,96144,68906,148250,92616,148691,122577,95480,114095,169914,93478,30187,36587,99735"
FRONHA MF AVULSA CAMESA MILANO PV20,fronha,0.07081484152391251,f1_macro_on_full,minimize,"82577,26117,142042,137452,4653,130457,131656,7869,150273,31336,6386,167987,71895,116357,26197,2884,172590,24749,27021,101472,3143,14170,140005,111788,63934,68916,32481,34738,142474,116684,132810,78949,94365,131620,18930,7800,149917,39469,133970,146935,74139,136032,35502,174420,164970,151469,94706,70275,78835,48866,140128,23541,151162,150544,133424,137574,1427,76192,38513,112719,57213,113631,6336,54186,68454,82373,52170,30100,165321,47271,49019,62701,39698,5027,145627,19316,115936,144960,146799,129378,55469,23402,120567,23561,164151,137010,74269,86870,153867,132210,10359,146182,87593,162145,142884,161426,122295,96885,154188,60189,132022,124740,6281,67968,6121,136391,108609,99353,167724,158095,125806,129456,96265,52558,36778,171576,49803,105618,172706,82710,170041,9056,91589,132914,101519,112757,10252,77710,36605,102335,65833,15371,50184,24095,102230,128937,163729,104705,144547,88666,94917,62179,82258,24674,89608,117096,110425,92439,70121,98010,65246,88521,105379,51346,96149,120888,101830,31697,129331,54790,160152,172617,102539,1740,74020,123530,39820,12260,65767,143273,60371,92179,61876,83884,163656,70746,162069,167196,46684,134634,156855,85248,47561,130981,15654,38176,54896,68239,120500,38179,104214,158747,116708,168903,101942,60981,17408,104979,10037,41012,37273,164131,83414,122226,139562,30904,100223,41689,17622,35426,15772,111934,39863,579,48891,130302,115523,70657,166125,85636,122006,33691,80209,170305,87805,53975,109258,173481,128259,128572,113420,63985,108583,87540,154906,36639,67826,96144,68906,148250,92616,148691,122577,95480,114095,169914,93478,30187,36587,99735"
"LAVA ROUPA PO INVICTO CX 800g, LAVANDA",lava roupas,0.07081484152391251,f1_macro_on_full,minimize,"82577,26117,142042,137452,4653,130457,131656,7869,150273,31336,6386,167987,71895,116357,26197,2884,172590,24749,27021,101472,3143,14170,140005,111788,63934,68916,32481,34738,142474,116684,132810,78949,94365,131620,18930,7800,149917,39469,133970,146935,74139,136032,35502,174420,164970,151469,94706,70275,78835,48866,140128,23541,151162,150544,133424,137574,1427,76192,38513,112719,57213,113631,6336,54186,68454,82373,52170,30100,165321,47271,49019,62701,39698,5027,145627,19316,115936,144960,146799,129378,55469,23402,120567,23561,164151,137010,74269,86870,153867,132210,10359,146182,87593,162145,142884,161426,122295,96885,154188,60189,132022,124740,6281,67968,6121,136391,108609,99353,167724,158095,125806,129456,96265,52558,36778,171576,49803,105618,172706,82710,170041,9056,91589,132914,101519,112757,10252,77710,36605,102335,65833,15371,50184,24095,102230,128937,163729,104705,144547,88666,94917,62179,82258,24674,89608,117096,110425,92439,70121,98010,65246,88521,105379,51346,96149,120888,101830,31697,129331,54790,160152,172617,102539,1740,74020,123530,39820,12260,65767,143273,60371,92179,61876,83884,163656,70746,162069,167196,46684,134634,156855,85248,47561,130981,15654,38176,54896,68239,120500,38179,104214,158747,116708,168903,101942,60981,17408,104979,10037,41012,37273,164131,83414,122226,139562,30904,100223,41689,17622,35426,15772,111934,39863,579,48891,130302,115523,70657,166125,85636,122006,33691,80209,170305,87805,53975,109258,173481,128259,128572,113420,63985,108583,87540,154906,36639,67826,96144,68906,148250,92616,148691,122577,95480,114095,169914,93478,30187,36587,99735"
"TORRADA CROCANTISSIMO 40g, QJO/CEB",torrada,0.07081484152391251,f1_macro_on_full,minimize,"82577,26117,142042,137452,4653,130457,131656,7869,150273,31336,6386,167987,71895,116357,26197,2884,172590,24749,27021,101472,3143,14170,140005,111788,63934,68916,32481,34738,142474,116684,132810,78949,94365,131620,18930,7800,149917,39469,133970,146935,74139,136032,35502,174420,164970,151469,94706,70275,78835,48866,140128,23541,151162,150544,133424,137574,1427,76192,38513,112719,57213,113631,6336,54186,68454,82373,52170,30100,165321,47271,49019,62701,39698,5027,145627,19316,115936,144960,146799,129378,55469,23402,120567,23561,164151,137010,74269,86870,153867,132210,10359,146182,87593,162145,142884,161426,122295,96885,154188,60189,132022,124740,6281,67968,6121,136391,108609,99353,167724,158095,125806,129456,96265,52558,36778,171576,49803,105618,172706,82710,170041,9056,91589,132914,101519,112757,10252,77710,36605,102335,65833,15371,50184,24095,102230,128937,163729,104705,144547,88666,94917,62179,82258,24674,89608,117096,110425,92439,70121,98010,65246,88521,105379,51346,96149,120888,101830,31697,129331,54790,160152,172617,102539,1740,74020,123530,39820,12260,65767,143273,60371,92179,61876,83884,163656,70746,162069,167196,46684,134634,156855,85248,47561,130981,15654,38176,54896,68239,120500,38179,104214,158747,116708,168903,101942,60981,17408,104979,10037,41012,37273,164131,83414,122226,139562,30904,100223,41689,17622,35426,15772,111934,39863,579,48891,130302,115523,70657,166125,85636,122006,33691,80209,170305,87805,53975,109258,173481,128259,128572,113420,63985,108583,87540,154906,36639,67826,96144,68906,148250,92616,148691,122577,95480,114095,169914,93478,30187,36587,99735"
CR DENTAL ORAL B 70G 3D WHITE BRILLANT,creme dental,0.07081484152391251,f1_macro_on_full,minimize,"82577,26117,142042,137452,4653,130457,131656,7869,150273,31336,6386,167987,71895,116357,26197,2884,172590,24749,27021,101472,3143,14170,140005,111788,63934,68916,32481,34738,142474,116684,132810,78949,94365,131620,18930,7800,149917,39469,133970,146935,74139,136032,35502,174420,164970,151469,94706,70275,78835,48866,140128,23541,151162,150544,133424,137574,1427,76192,38513,112719,57213,113631,6336,54186,68454,82373,52170,30100,165321,47271,49019,62701,39698,5027,145627,19316,115936,144960,146799,129378,55469,23402,120567,23561,164151,137010,74269,86870,153867,132210,10359,146182,87593,162145,142884,161426,122295,96885,154188,60189,132022,124740,6281,67968,6121,136391,108609,99353,167724,158095,125806,129456,96265,52558,36778,171576,49803,105618,172706,82710,170041,9056,91589,132914,101519,112757,10252,77710,36605,102335,65833,15371,50184,24095,102230,128937,163729,104705,144547,88666,94917,62179,82258,24674,89608,117096,110425,92439,70121,98010,65246,88521,105379,51346,96149,120888,101830,31697,129331,54790,160152,172617,102539,1740,74020,123530,39820,12260,65767,143273,60371,92179,61876,83884,163656,70746,162069,167196,46684,134634,156855,85248,47561,130981,15654,38176,54896,68239,120500,38179,104214,158747,116708,168903,101942,60981,17408,104979,10037,41012,37273,164131,83414,122226,139562,30904,100223,41689,17622,35426,15772,111934,39863,579,48891,130302,115523,70657,166125,85636,122006,33691,80209,170305,87805,53975,109258,173481,128259,128572,113420,63985,108583,87540,154906,36639,67826,96144,68906,148250,92616,148691,122577,95480,114095,169914,93478,30187,36587,99735"
IOG PED PENSE ZERO MORANGO 500G,iogurte,0.07081484152391251,f1_macro_on_full,minimize,"82577,26117,142042,137452,4653,130457,131656,7869,150273,31336,6386,167987,71895,116357,26197,2884,172590,24749,27021,101472,3143,14170,140005,111788,63934,68916,32481,34738,142474,116684,132810,78949,94365,131620,18930,7800,149917,39469,133970,146935,74139,136032,35502,174420,164970,151469,94706,70275,78835,48866,140128,23541,151162,150544,133424,137574,1427,76192,38513,112719,57213,113631,6336,54186,68454,82373,52170,30100,165321,47271,49019,62701,39698,5027,145627,19316,115936,144960,146799,129378,55469,23402,120567,23561,164151,137010,74269,86870,153867,132210,10359,146182,87593,162145,142884,161426,122295,96885,154188,60189,132022,124740,6281,67968,6121,136391,108609,99353,167724,158095,125806,129456,96265,52558,36778,171576,49803,105618,172706,82710,170041,9056,91589,132914,101519,112757,10252,77710,36605,102335,65833,15371,50184,24095,102230,128937,163729,104705,144547,88666,94917,62179,82258,24674,89608,117096,110425,92439,70121,98010,65246,88521,105379,51346,96149,120888,101830,31697,129331,54790,160152,172617,102539,1740,74020,123530,39820,12260,65767,143273,60371,92179,61876,83884,163656,70746,162069,167196,46684,134634,156855,85248,47561,130981,15654,38176,54896,68239,120500,38179,104214,158747,116708,168903,101942,60981,17408,104979,10037,41012,37273,164131,83414,122226,139562,30904,100223,41689,17622,35426,15772,111934,39863,579,48891,130302,115523,70657,166125,85636,122006,33691,80209,170305,87805,53975,109258,173481,128259,128572,113420,63985,108583,87540,154906,36639,67826,96144,68906,148250,92616,148691,122577,95480,114095,169914,93478,30187,36587,99735"
TOALHA UMED PAMPERS CH BEBE C/48,lenco umedecido,0.07081484152391251,f1_macro_on_full,minimize,"82577,26117,142042,137452,4653,130457,131656,7869,150273,31336,6386,167987,71895,116357,26197,2884,172590,24749,27021,101472,3143,14170,140005,111788,63934,68916,32481,34738,142474,116684,132810,78949,94365,131620,18930,7800,149917,39469,133970,146935,74139,136032,35502,174420,164970,151469,94706,70275,78835,48866,140128,23541,151162,150544,133424,137574,1427,76192,38513,112719,57213,113631,6336,54186,68454,82373,52170,30100,165321,47271,49019,62701,39698,5027,145627,19316,115936,144960,146799,129378,55469,23402,120567,23561,164151,137010,74269,86870,153867,132210,10359,146182,87593,162145,142884,161426,122295,96885,154188,60189,132022,124740,6281,67968,6121,136391,108609,99353,167724,158095,125806,129456,96265,52558,36778,171576,49803,105618,172706,82710,170041,9056,91589,132914,101519,112757,10252,77710,36605,102335,65833,15371,50184,24095,102230,128937,163729,104705,144547,88666,94917,62179,82258,24674,89608,117096,110425,92439,70121,98010,65246,88521,105379,51346,96149,120888,101830,31697,129331,54790,160152,172617,102539,1740,74020,123530,39820,12260,65767,143273,60371,92179,61876,83884,163656,70746,162069,167196,46684,134634,156855,85248,47561,130981,15654,38176,54896,68239,120500,38179,104214,158747,116708,168903,101942,60981,17408,104979,10037,41012,37273,164131,83414,122226,139562,30904,100223,41689,17622,35426,15772,111934,39863,579,48891,130302,115523,70657,166125,85636,122006,33691,80209,170305,87805,53975,109258,173481,128259,128572,113420,63985,108583,87540,154906,36639,67826,96144,68906,148250,92616,148691,122577,95480,114095,169914,93478,30187,36587,99735"
OVOS BRANCO GRANDE 30 UNIDADES,ovo,0.07081484152391251,f1_macro_on_full,minimize,"82577,26117,142042,137452,4653,130457,131656,7869,150273,31336,6386,167987,71895,116357,26197,2884,172590,24749,27021,101472,3143,14170,140005,111788,63934,68916,32481,34738,142474,116684,132810,78949,94365,131620,18930,7800,149917,39469,133970,146935,74139,136032,35502,174420,164970,151469,94706,70275,78835,48866,140128,23541,151162,150544,133424,137574,1427,76192,38513,112719,57213,113631,6336,54186,68454,82373,52170,30100,165321,47271,49019,62701,39698,5027,145627,19316,115936,144960,146799,129378,55469,23402,120567,23561,164151,137010,74269,86870,153867,132210,10359,146182,87593,162145,142884,161426,122295,96885,154188,60189,132022,124740,6281,67968,6121,136391,108609,99353,167724,158095,125806,129456,96265,52558,36778,171576,49803,105618,172706,82710,170041,9056,91589,132914,101519,112757,10252,77710,36605,102335,65833,15371,50184,24095,102230,128937,163729,104705,144547,88666,94917,62179,82258,24674,89608,117096,110425,92439,70121,98010,65246,88521,105379,51346,96149,120888,101830,31697,129331,54790,160152,172617,102539,1740,74020,123530,39820,12260,65767,143273,60371,92179,61876,83884,163656,70746,162069,167196,46684,134634,156855,85248,47561,130981,15654,38176,54896,68239,120500,38179,104214,158747,116708,168903,101942,60981,17408,104979,10037,41012,37273,164131,83414,122226,139562,30904,100223,41689,17622,35426,15772,111934,39863,579,48891,130302,115523,70657,166125,85636,122006,33691,80209,170305,87805,53975,109258,173481,128259,128572,113420,63985,108583,87540,154906,36639,67826,96144,68906,148250,92616,148691,122577,95480,114095,169914,93478,30187,36587,99735"
"DESOD REXONA AER 90g, ACTIVE",desodorante,0.07081484152391251,f1_macro_on_full,minimize,"82577,26117,142042,137452,4653,130457,131656,7869,150273,31336,6386,167987,71895,116357,26197,2884,172590,24749,27021,101472,3143,14170,140005,111788,63934,68916,32481,34738,142474,116684,132810,78949,94365,131620,18930,7800,149917,39469,133970,146935,74139,136032,35502,174420,164970,151469,94706,70275,78835,48866,140128,23541,151162,150544,133424,137574,1427,76192,38513,112719,57213,113631,6336,54186,68454,82373,52170,30100,165321,47271,49019,62701,39698,5027,145627,19316,115936,144960,146799,129378,55469,23402,120567,23561,164151,137010,74269,86870,153867,132210,10359,146182,87593,162145,142884,161426,122295,96885,154188,60189,132022,124740,6281,67968,6121,136391,108609,99353,167724,158095,125806,129456,96265,52558,36778,171576,49803,105618,172706,82710,170041,9056,91589,132914,101519,112757,10252,77710,36605,102335,65833,15371,50184,24095,102230,128937,163729,104705,144547,88666,94917,62179,82258,24674,89608,117096,110425,92439,70121,98010,65246,88521,105379,51346,96149,120888,101830,31697,129331,54790,160152,172617,102539,1740,74020,123530,39820,12260,65767,143273,60371,92179,61876,83884,163656,70746,162069,167196,46684,134634,156855,85248,47561,130981,15654,38176,54896,68239,120500,38179,104214,158747,116708,168903,101942,60981,17408,104979,10037,41012,37273,164131,83414,122226,139562,30904,100223,41689,17622,35426,15772,111934,39863,579,48891,130302,115523,70657,166125,85636,122006,33691,80209,170305,87805,53975,109258,173481,128259,128572,113420,63985,108583,87540,154906,36639,67826,96144,68906,148250,92616,148691,122577,95480,114095,169914,93478,30187,36587,99735"
VIN NAC ADEGA VALE 750ML - GF SECO,vinho nacional,0.07081484152391251,f1_macro_on_full,minimize,"82577,26117,142042,137452,4653,130457,131656,7869,150273,31336,6386,167987,71895,116357,26197,2884,172590,24749,27021,101472,3143,14170,140005,111788,63934,68916,32481,34738,142474,116684,132810,78949,94365,131620,18930,7800,149917,39469,133970,146935,74139,136032,35502,174420,164970,151469,94706,70275,78835,48866,140128,23541,151162,150544,133424,137574,1427,76192,38513,112719,57213,113631,6336,54186,68454,82373,52170,30100,165321,47271,49019,62701,39698,5027,145627,19316,115936,144960,146799,129378,55469,23402,120567,23561,164151,137010,74269,86870,153867,132210,10359,146182,87593,162145,142884,161426,122295,96885,154188,60189,132022,124740,6281,67968,6121,136391,108609,99353,167724,158095,125806,129456,96265,52558,36778,171576,49803,105618,172706,82710,170041,9056,91589,132914,101519,112757,10252,77710,36605,102335,65833,15371,50184,24095,102230,128937,163729,104705,144547,88666,94917,62179,82258,24674,89608,117096,110425,92439,70121,98010,65246,88521,105379,51346,96149,120888,101830,31697,129331,54790,160152,172617,102539,1740,74020,123530,39820,12260,65767,143273,60371,92179,61876,83884,163656,70746,162069,167196,46684,134634,156855,85248,47561,130981,15654,38176,54896,68239,120500,38179,104214,158747,116708,168903,101942,60981,17408,104979,10037,41012,37273,164131,83414,122226,139562,30904,100223,41689,17622,35426,15772,111934,39863,579,48891,130302,115523,70657,166125,85636,122006,33691,80209,170305,87805,53975,109258,173481,128259,128572,113420,63985,108583,87540,154906,36639,67826,96144,68906,148250,92616,148691,122577,95480,114095,169914,93478,30187,36587,99735"
PAPEL HIG FD NEVE TQ SEDA L12P11 30M,papel higienico,0.07081484152391251,f1_macro_on_full,minimize,"82577,26117,142042,137452,4653,130457,131656,7869,150273,31336,6386,167987,71895,116357,26197,2884,172590,24749,27021,101472,3143,14170,140005,111788,63934,68916,32481,34738,142474,116684,132810,78949,94365,131620,18930,7800,149917,39469,133970,146935,74139,136032,35502,174420,164970,151469,94706,70275,78835,48866,140128,23541,151162,150544,133424,137574,1427,76192,38513,112719,57213,113631,6336,54186,68454,82373,52170,30100,165321,47271,49019,62701,39698,5027,145627,19316,115936,144960,146799,129378,55469,23402,120567,23561,164151,137010,74269,86870,153867,132210,10359,146182,87593,162145,142884,161426,122295,96885,154188,60189,132022,124740,6281,67968,6121,136391,108609,99353,167724,158095,125806,129456,96265,52558,36778,171576,49803,105618,172706,82710,170041,9056,91589,132914,101519,112757,10252,77710,36605,102335,65833,15371,50184,24095,102230,128937,163729,104705,144547,88666,94917,62179,82258,24674,89608,117096,110425,92439,70121,98010,65246,88521,105379,51346,96149,120888,101830,31697,129331,54790,160152,172617,102539,1740,74020,123530,39820,12260,65767,143273,60371,92179,61876,83884,163656,70746,162069,167196,46684,134634,156855,85248,47561,130981,15654,38176,54896,68239,120500,38179,104214,158747,116708,168903,101942,60981,17408,104979,10037,41012,37273,164131,83414,122226,139562,30904,100223,41689,17622,35426,15772,111934,39863,579,48891,130302,115523,70657,166125,85636,122006,33691,80209,170305,87805,53975,109258,173481,128259,128572,113420,63985,108583,87540,154906,36639,67826,96144,68906,148250,92616,148691,122577,95480,114095,169914,93478,30187,36587,99735"
BISC ANIMADOS ZOO 130G  LEITE,biscoito,0.07081484152391251,f1_macro_on_full,minimize,"82577,26117,142042,137452,4653,130457,131656,7869,150273,31336,6386,167987,71895,116357,26197,2884,172590,24749,27021,101472,3143,14170,140005,111788,63934,68916,32481,34738,142474,116684,132810,78949,94365,131620,18930,7800,149917,39469,133970,146935,74139,136032,35502,174420,164970,151469,94706,70275,78835,48866,140128,23541,151162,150544,133424,137574,1427,76192,38513,112719,57213,113631,6336,54186,68454,82373,52170,30100,165321,47271,49019,62701,39698,5027,145627,19316,115936,144960,146799,129378,55469,23402,120567,23561,164151,137010,74269,86870,153867,132210,10359,146182,87593,162145,142884,161426,122295,96885,154188,60189,132022,124740,6281,67968,6121,136391,108609,99353,167724,158095,125806,129456,96265,52558,36778,171576,49803,105618,172706,82710,170041,9056,91589,132914,101519,112757,10252,77710,36605,102335,65833,15371,50184,24095,102230,128937,163729,104705,144547,88666,94917,62179,82258,24674,89608,117096,110425,92439,70121,98010,65246,88521,105379,51346,96149,120888,101830,31697,129331,54790,160152,172617,102539,1740,74020,123530,39820,12260,65767,143273,60371,92179,61876,83884,163656,70746,162069,167196,46684,134634,156855,85248,47561,130981,15654,38176,54896,68239,120500,38179,104214,158747,116708,168903,101942,60981,17408,104979,10037,41012,37273,164131,83414,122226,139562,30904,100223,41689,17622,35426,15772,111934,39863,579,48891,130302,115523,70657,166125,85636,122006,33691,80209,170305,87805,53975,109258,173481,128259,128572,113420,63985,108583,87540,154906,36639,67826,96144,68906,148250,92616,148691,122577,95480,114095,169914,93478,30187,36587,99735"
ABOBORA SECA HIG 400G,abobora,0.07081484152391251,f1_macro_on_full,minimize,"82577,26117,142042,137452,4653,130457,131656,7869,150273,31336,6386,167987,71895,116357,26197,2884,172590,24749,27021,101472,3143,14170,140005,111788,63934,68916,32481,34738,142474,116684,132810,78949,94365,131620,18930,7800,149917,39469,133970,146935,74139,136032,35502,174420,164970,151469,94706,70275,78835,48866,140128,23541,151162,150544,133424,137574,1427,76192,38513,112719,57213,113631,6336,54186,68454,82373,52170,30100,165321,47271,49019,62701,39698,5027,145627,19316,115936,144960,146799,129378,55469,23402,120567,23561,164151,137010,74269,86870,153867,132210,10359,146182,87593,162145,142884,161426,122295,96885,154188,60189,132022,124740,6281,67968,6121,136391,108609,99353,167724,158095,125806,129456,96265,52558,36778,171576,49803,105618,172706,82710,170041,9056,91589,132914,101519,112757,10252,77710,36605,102335,65833,15371,50184,24095,102230,128937,163729,104705,144547,88666,94917,62179,82258,24674,89608,117096,110425,92439,70121,98010,65246,88521,105379,51346,96149,120888,101830,31697,129331,54790,160152,172617,102539,1740,74020,123530,39820,12260,65767,143273,60371,92179,61876,83884,163656,70746,162069,167196,46684,134634,156855,85248,47561,130981,15654,38176,54896,68239,120500,38179,104214,158747,116708,168903,101942,60981,17408,104979,10037,41012,37273,164131,83414,122226,139562,30904,100223,41689,17622,35426,15772,111934,39863,579,48891,130302,115523,70657,166125,85636,122006,33691,80209,170305,87805,53975,109258,173481,128259,128572,113420,63985,108583,87540,154906,36639,67826,96144,68906,148250,92616,148691,122577,95480,114095,169914,93478,30187,36587,99735"
LING CALAB PERDIGAO TRAD KG,linguica,0.07081484152391251,f1_macro_on_full,minimize,"82577,26117,142042,137452,4653,130457,131656,7869,150273,31336,6386,167987,71895,116357,26197,2884,172590,24749,27021,101472,3143,14170,140005,111788,63934,68916,32481,34738,142474,116684,132810,78949,94365,131620,18930,7800,149917,39469,133970,146935,74139,136032,35502,174420,164970,151469,94706,70275,78835,48866,140128,23541,151162,150544,133424,137574,1427,76192,38513,112719,57213,113631,6336,54186,68454,82373,52170,30100,165321,47271,49019,62701,39698,5027,145627,19316,115936,144960,146799,129378,55469,23402,120567,23561,164151,137010,74269,86870,153867,132210,10359,146182,87593,162145,142884,161426,122295,96885,154188,60189,132022,124740,6281,67968,6121,136391,108609,99353,167724,158095,125806,129456,96265,52558,36778,171576,49803,105618,172706,82710,170041,9056,91589,132914,101519,112757,10252,77710,36605,102335,65833,15371,50184,24095,102230,128937,163729,104705,144547,88666,94917,62179,82258,24674,89608,117096,110425,92439,70121,98010,65246,88521,105379,51346,96149,120888,101830,31697,129331,54790,160152,172617,102539,1740,74020,123530,39820,12260,65767,143273,60371,92179,61876,83884,163656,70746,162069,167196,46684,134634,156855,85248,47561,130981,15654,38176,54896,68239,120500,38179,104214,158747,116708,168903,101942,60981,17408,104979,10037,41012,37273,164131,83414,122226,139562,30904,100223,41689,17622,35426,15772,111934,39863,579,48891,130302,115523,70657,166125,85636,122006,33691,80209,170305,87805,53975,109258,173481,128259,128572,113420,63985,108583,87540,154906,36639,67826,96144,68906,148250,92616,148691,122577,95480,114095,169914,93478,30187,36587,99735"
KIWI PICK e NICKY IMPORTADA 600G,kiwi,0.07081484152391251,f1_macro_on_full,minimize,"82577,26117,142042,137452,4653,130457,131656,7869,150273,31336,6386,167987,71895,116357,26197,2884,172590,24749,27021,101472,3143,14170,140005,111788,63934,68916,32481,34738,142474,116684,132810,78949,94365,131620,18930,7800,149917,39469,133970,146935,74139,136032,35502,174420,164970,151469,94706,70275,78835,48866,140128,23541,151162,150544,133424,137574,1427,76192,38513,112719,57213,113631,6336,54186,68454,82373,52170,30100,165321,47271,49019,62701,39698,5027,145627,19316,115936,144960,146799,129378,55469,23402,120567,23561,164151,137010,74269,86870,153867,132210,10359,146182,87593,162145,142884,161426,122295,96885,154188,60189,132022,124740,6281,67968,6121,136391,108609,99353,167724,158095,125806,129456,96265,52558,36778,171576,49803,105618,172706,82710,170041,9056,91589,132914,101519,112757,10252,77710,36605,102335,65833,15371,50184,24095,102230,128937,163729,104705,144547,88666,94917,62179,82258,24674,89608,117096,110425,92439,70121,98010,65246,88521,105379,51346,96149,120888,101830,31697,129331,54790,160152,172617,102539,1740,74020,123530,39820,12260,65767,143273,60371,92179,61876,83884,163656,70746,162069,167196,46684,134634,156855,85248,47561,130981,15654,38176,54896,68239,120500,38179,104214,158747,116708,168903,101942,60981,17408,104979,10037,41012,37273,164131,83414,122226,139562,30904,100223,41689,17622,35426,15772,111934,39863,579,48891,130302,115523,70657,166125,85636,122006,33691,80209,170305,87805,53975,109258,173481,128259,128572,113420,63985,108583,87540,154906,36639,67826,96144,68906,148250,92616,148691,122577,95480,114095,169914,93478,30187,36587,99735"
"AMACIANTE COMFORT CONC.INTENSE FC  1,5LT",amaciante,0.07081484152391251,f1_macro_on_full,minimize,"82577,26117,142042,137452,4653,130457,131656,7869,150273,31336,6386,167987,71895,116357,26197,2884,172590,24749,27021,101472,3143,14170,140005,111788,63934,68916,32481,34738,142474,116684,132810,78949,94365,131620,18930,7800,149917,39469,133970,146935,74139,136032,35502,174420,164970,151469,94706,70275,78835,48866,140128,23541,151162,150544,133424,137574,1427,76192,38513,112719,57213,113631,6336,54186,68454,82373,52170,30100,165321,47271,49019,62701,39698,5027,145627,19316,115936,144960,146799,129378,55469,23402,120567,23561,164151,137010,74269,86870,153867,132210,10359,146182,87593,162145,142884,161426,122295,96885,154188,60189,132022,124740,6281,67968,6121,136391,108609,99353,167724,158095,125806,129456,96265,52558,36778,171576,49803,105618,172706,82710,170041,9056,91589,132914,101519,112757,10252,77710,36605,102335,65833,15371,50184,24095,102230,128937,163729,104705,144547,88666,94917,62179,82258,24674,89608,117096,110425,92439,70121,98010,65246,88521,105379,51346,96149,120888,101830,31697,129331,54790,160152,172617,102539,1740,74020,123530,39820,12260,65767,143273,60371,92179,61876,83884,163656,70746,162069,167196,46684,134634,156855,85248,47561,130981,15654,38176,54896,68239,120500,38179,104214,158747,116708,168903,101942,60981,17408,104979,10037,41012,37273,164131,83414,122226,139562,30904,100223,41689,17622,35426,15772,111934,39863,579,48891,130302,115523,70657,166125,85636,122006,33691,80209,170305,87805,53975,109258,173481,128259,128572,113420,63985,108583,87540,154906,36639,67826,96144,68906,148250,92616,148691,122577,95480,114095,169914,93478,30187,36587,99735"
TOALHA UMED BEBE LIMPINHO C/45,lenco umedecido,0.07081484152391251,f1_macro_on_full,minimize,"82577,26117,142042,137452,4653,130457,131656,7869,150273,31336,6386,167987,71895,116357,26197,2884,172590,24749,27021,101472,3143,14170,140005,111788,63934,68916,32481,34738,142474,116684,132810,78949,94365,131620,18930,7800,149917,39469,133970,146935,74139,136032,35502,174420,164970,151469,94706,70275,78835,48866,140128,23541,151162,150544,133424,137574,1427,76192,38513,112719,57213,113631,6336,54186,68454,82373,52170,30100,165321,47271,49019,62701,39698,5027,145627,19316,115936,144960,146799,129378,55469,23402,120567,23561,164151,137010,74269,86870,153867,132210,10359,146182,87593,162145,142884,161426,122295,96885,154188,60189,132022,124740,6281,67968,6121,136391,108609,99353,167724,158095,125806,129456,96265,52558,36778,171576,49803,105618,172706,82710,170041,9056,91589,132914,101519,112757,10252,77710,36605,102335,65833,15371,50184,24095,102230,128937,163729,104705,144547,88666,94917,62179,82258,24674,89608,117096,110425,92439,70121,98010,65246,88521,105379,51346,96149,120888,101830,31697,129331,54790,160152,172617,102539,1740,74020,123530,39820,12260,65767,143273,60371,92179,61876,83884,163656,70746,162069,167196,46684,134634,156855,85248,47561,130981,15654,38176,54896,68239,120500,38179,104214,158747,116708,168903,101942,60981,17408,104979,10037,41012,37273,164131,83414,122226,139562,30904,100223,41689,17622,35426,15772,111934,39863,579,48891,130302,115523,70657,166125,85636,122006,33691,80209,170305,87805,53975,109258,173481,128259,128572,113420,63985,108583,87540,154906,36639,67826,96144,68906,148250,92616,148691,122577,95480,114095,169914,93478,30187,36587,99735"
SCH PUR ONE GAT SUPE 85GR,alimento pet,0.07081484152391251,f1_macro_on_full,minimize,"82577,26117,142042,137452,4653,130457,131656,7869,150273,31336,6386,167987,71895,116357,26197,2884,172590,24749,27021,101472,3143,14170,140005,111788,63934,68916,32481,34738,142474,116684,132810,78949,94365,131620,18930,7800,149917,39469,133970,146935,74139,136032,35502,174420,164970,151469,94706,70275,78835,48866,140128,23541,151162,150544,133424,137574,1427,76192,38513,112719,57213,113631,6336,54186,68454,82373,52170,30100,165321,47271,49019,62701,39698,5027,145627,19316,115936,144960,146799,129378,55469,23402,120567,23561,164151,137010,74269,86870,153867,132210,10359,146182,87593,162145,142884,161426,122295,96885,154188,60189,132022,124740,6281,67968,6121,136391,108609,99353,167724,158095,125806,129456,96265,52558,36778,171576,49803,105618,172706,82710,170041,9056,91589,132914,101519,112757,10252,77710,36605,102335,65833,15371,50184,24095,102230,128937,163729,104705,144547,88666,94917,62179,82258,24674,89608,117096,110425,92439,70121,98010,65246,88521,105379,51346,96149,120888,101830,31697,129331,54790,160152,172617,102539,1740,74020,123530,39820,12260,65767,143273,60371,92179,61876,83884,163656,70746,162069,167196,46684,134634,156855,85248,47561,130981,15654,38176,54896,68239,120500,38179,104214,158747,116708,168903,101942,60981,17408,104979,10037,41012,37273,164131,83414,122226,139562,30904,100223,41689,17622,35426,15772,111934,39863,579,48891,130302,115523,70657,166125,85636,122006,33691,80209,170305,87805,53975,109258,173481,128259,128572,113420,63985,108583,87540,154906,36639,67826,96144,68906,148250,92616,148691,122577,95480,114095,169914,93478,30187,36587,99735"
COLOMBA BAUDUCCO 454G FRUTAS,panificacao pascoa,0.07081484152391251,f1_macro_on_full,minimize,"82577,26117,142042,137452,4653,130457,131656,7869,150273,31336,6386,167987,71895,116357,26197,2884,172590,24749,27021,101472,3143,14170,140005,111788,63934,68916,32481,34738,142474,116684,132810,78949,94365,131620,18930,7800,149917,39469,133970,146935,74139,136032,35502,174420,164970,151469,94706,70275,78835,48866,140128,23541,151162,150544,133424,137574,1427,76192,38513,112719,57213,113631,6336,54186,68454,82373,52170,30100,165321,47271,49019,62701,39698,5027,145627,19316,115936,144960,146799,129378,55469,23402,120567,23561,164151,137010,74269,86870,153867,132210,10359,146182,87593,162145,142884,161426,122295,96885,154188,60189,132022,124740,6281,67968,6121,136391,108609,99353,167724,158095,125806,129456,96265,52558,36778,171576,49803,105618,172706,82710,170041,9056,91589,132914,101519,112757,10252,77710,36605,102335,65833,15371,50184,24095,102230,128937,163729,104705,144547,88666,94917,62179,82258,24674,89608,117096,110425,92439,70121,98010,65246,88521,105379,51346,96149,120888,101830,31697,129331,54790,160152,172617,102539,1740,74020,123530,39820,12260,65767,143273,60371,92179,61876,83884,163656,70746,162069,167196,46684,134634,156855,85248,47561,130981,15654,38176,54896,68239,120500,38179,104214,158747,116708,168903,101942,60981,17408,104979,10037,41012,37273,164131,83414,122226,139562,30904,100223,41689,17622,35426,15772,111934,39863,579,48891,130302,115523,70657,166125,85636,122006,33691,80209,170305,87805,53975,109258,173481,128259,128572,113420,63985,108583,87540,154906,36639,67826,96144,68906,148250,92616,148691,122577,95480,114095,169914,93478,30187,36587,99735"
VASSOURA CASA MIA MULT C/PEGA,vassoura,0.07081484152391251,f1_macro_on_full,minimize,"82577,26117,142042,137452,4653,130457,131656,7869,150273,31336,6386,167987,71895,116357,26197,2884,172590,24749,27021,101472,3143,14170,140005,111788,63934,68916,32481,34738,142474,116684,132810,78949,94365,131620,18930,7800,149917,39469,133970,146935,74139,136032,35502,174420,164970,151469,94706,70275,78835,48866,140128,23541,151162,150544,133424,137574,1427,76192,38513,112719,57213,113631,6336,54186,68454,82373,52170,30100,165321,47271,49019,62701,39698,5027,145627,19316,115936,144960,146799,129378,55469,23402,120567,23561,164151,137010,74269,86870,153867,132210,10359,146182,87593,162145,142884,161426,122295,96885,154188,60189,132022,124740,6281,67968,6121,136391,108609,99353,167724,158095,125806,129456,96265,52558,36778,171576,49803,105618,172706,82710,170041,9056,91589,132914,101519,112757,10252,77710,36605,102335,65833,15371,50184,24095,102230,128937,163729,104705,144547,88666,94917,62179,82258,24674,89608,117096,110425,92439,70121,98010,65246,88521,105379,51346,96149,120888,101830,31697,129331,54790,160152,172617,102539,1740,74020,123530,39820,12260,65767,143273,60371,92179,61876,83884,163656,70746,162069,167196,46684,134634,156855,85248,47561,130981,15654,38176,54896,68239,120500,38179,104214,158747,116708,168903,101942,60981,17408,104979,10037,41012,37273,164131,83414,122226,139562,30904,100223,41689,17622,35426,15772,111934,39863,579,48891,130302,115523,70657,166125,85636,122006,33691,80209,170305,87805,53975,109258,173481,128259,128572,113420,63985,108583,87540,154906,36639,67826,96144,68906,148250,92616,148691,122577,95480,114095,169914,93478,30187,36587,99735"
FARINH BOA ARTESANAL COPIOBA 1KG,farinha de mandioca,0.07081484152391251,f1_macro_on_full,minimize,"82577,26117,142042,137452,4653,130457,131656,7869,150273,31336,6386,167987,71895,116357,26197,2884,172590,24749,27021,101472,3143,14170,140005,111788,63934,68916,32481,34738,142474,116684,132810,78949,94365,131620,18930,7800,149917,39469,133970,146935,74139,136032,35502,174420,164970,151469,94706,70275,78835,48866,140128,23541,151162,150544,133424,137574,1427,76192,38513,112719,57213,113631,6336,54186,68454,82373,52170,30100,165321,47271,49019,62701,39698,5027,145627,19316,115936,144960,146799,129378,55469,23402,120567,23561,164151,137010,74269,86870,153867,132210,10359,146182,87593,162145,142884,161426,122295,96885,154188,60189,132022,124740,6281,67968,6121,136391,108609,99353,167724,158095,125806,129456,96265,52558,36778,171576,49803,105618,172706,82710,170041,9056,91589,132914,101519,112757,10252,77710,36605,102335,65833,15371,50184,24095,102230,128937,163729,104705,144547,88666,94917,62179,82258,24674,89608,117096,110425,92439,70121,98010,65246,88521,105379,51346,96149,120888,101830,31697,129331,54790,160152,172617,102539,1740,74020,123530,39820,12260,65767,143273,60371,92179,61876,83884,163656,70746,162069,167196,46684,134634,156855,85248,47561,130981,15654,38176,54896,68239,120500,38179,104214,158747,116708,168903,101942,60981,17408,104979,10037,41012,37273,164131,83414,122226,139562,30904,100223,41689,17622,35426,15772,111934,39863,579,48891,130302,115523,70657,166125,85636,122006,33691,80209,170305,87805,53975,109258,173481,128259,128572,113420,63985,108583,87540,154906,36639,67826,96144,68906,148250,92616,148691,122577,95480,114095,169914,93478,30187,36587,99735"
SABAO BARRA GLICERINADO C/5 200G,sabao em pedra,0.07081484152391251,f1_macro_on_full,minimize,"82577,26117,142042,137452,4653,130457,131656,7869,150273,31336,6386,167987,71895,116357,26197,2884,172590,24749,27021,101472,3143,14170,140005,111788,63934,68916,32481,34738,142474,116684,132810,78949,94365,131620,18930,7800,149917,39469,133970,146935,74139,136032,35502,174420,164970,151469,94706,70275,78835,48866,140128,23541,151162,150544,133424,137574,1427,76192,38513,112719,57213,113631,6336,54186,68454,82373,52170,30100,165321,47271,49019,62701,39698,5027,145627,19316,115936,144960,146799,129378,55469,23402,120567,23561,164151,137010,74269,86870,153867,132210,10359,146182,87593,162145,142884,161426,122295,96885,154188,60189,132022,124740,6281,67968,6121,136391,108609,99353,167724,158095,125806,129456,96265,52558,36778,171576,49803,105618,172706,82710,170041,9056,91589,132914,101519,112757,10252,77710,36605,102335,65833,15371,50184,24095,102230,128937,163729,104705,144547,88666,94917,62179,82258,24674,89608,117096,110425,92439,70121,98010,65246,88521,105379,51346,96149,120888,101830,31697,129331,54790,160152,172617,102539,1740,74020,123530,39820,12260,65767,143273,60371,92179,61876,83884,163656,70746,162069,167196,46684,134634,156855,85248,47561,130981,15654,38176,54896,68239,120500,38179,104214,158747,116708,168903,101942,60981,17408,104979,10037,41012,37273,164131,83414,122226,139562,30904,100223,41689,17622,35426,15772,111934,39863,579,48891,130302,115523,70657,166125,85636,122006,33691,80209,170305,87805,53975,109258,173481,128259,128572,113420,63985,108583,87540,154906,36639,67826,96144,68906,148250,92616,148691,122577,95480,114095,169914,93478,30187,36587,99735"
CONFEITO SKITTLES 38G-PC WILD BERRY,bala,0.07081484152391251,f1_macro_on_full,minimize,"82577,26117,142042,137452,4653,130457,131656,7869,150273,31336,6386,167987,71895,116357,26197,2884,172590,24749,27021,101472,3143,14170,140005,111788,63934,68916,32481,34738,142474,116684,132810,78949,94365,131620,18930,7800,149917,39469,133970,146935,74139,136032,35502,174420,164970,151469,94706,70275,78835,48866,140128,23541,151162,150544,133424,137574,1427,76192,38513,112719,57213,113631,6336,54186,68454,82373,52170,30100,165321,47271,49019,62701,39698,5027,145627,19316,115936,144960,146799,129378,55469,23402,120567,23561,164151,137010,74269,86870,153867,132210,10359,146182,87593,162145,142884,161426,122295,96885,154188,60189,132022,124740,6281,67968,6121,136391,108609,99353,167724,158095,125806,129456,96265,52558,36778,171576,49803,105618,172706,82710,170041,9056,91589,132914,101519,112757,10252,77710,36605,102335,65833,15371,50184,24095,102230,128937,163729,104705,144547,88666,94917,62179,82258,24674,89608,117096,110425,92439,70121,98010,65246,88521,105379,51346,96149,120888,101830,31697,129331,54790,160152,172617,102539,1740,74020,123530,39820,12260,65767,143273,60371,92179,61876,83884,163656,70746,162069,167196,46684,134634,156855,85248,47561,130981,15654,38176,54896,68239,120500,38179,104214,158747,116708,168903,101942,60981,17408,104979,10037,41012,37273,164131,83414,122226,139562,30904,100223,41689,17622,35426,15772,111934,39863,579,48891,130302,115523,70657,166125,85636,122006,33691,80209,170305,87805,53975,109258,173481,128259,128572,113420,63985,108583,87540,154906,36639,67826,96144,68906,148250,92616,148691,122577,95480,114095,169914,93478,30187,36587,99735"
IOG ACTIVIA VIT FRUTA 800G,iogurte,0.07081484152391251,f1_macro_on_full,minimize,"82577,26117,142042,137452,4653,130457,131656,7869,150273,31336,6386,167987,71895,116357,26197,2884,172590,24749,27021,101472,3143,14170,140005,111788,63934,68916,32481,34738,142474,116684,132810,78949,94365,131620,18930,7800,149917,39469,133970,146935,74139,136032,35502,174420,164970,151469,94706,70275,78835,48866,140128,23541,151162,150544,133424,137574,1427,76192,38513,112719,57213,113631,6336,54186,68454,82373,52170,30100,165321,47271,49019,62701,39698,5027,145627,19316,115936,144960,146799,129378,55469,23402,120567,23561,164151,137010,74269,86870,153867,132210,10359,146182,87593,162145,142884,161426,122295,96885,154188,60189,132022,124740,6281,67968,6121,136391,108609,99353,167724,158095,125806,129456,96265,52558,36778,171576,49803,105618,172706,82710,170041,9056,91589,132914,101519,112757,10252,77710,36605,102335,65833,15371,50184,24095,102230,128937,163729,104705,144547,88666,94917,62179,82258,24674,89608,117096,110425,92439,70121,98010,65246,88521,105379,51346,96149,120888,101830,31697,129331,54790,160152,172617,102539,1740,74020,123530,39820,12260,65767,143273,60371,92179,61876,83884,163656,70746,162069,167196,46684,134634,156855,85248,47561,130981,15654,38176,54896,68239,120500,38179,104214,158747,116708,168903,101942,60981,17408,104979,10037,41012,37273,164131,83414,122226,139562,30904,100223,41689,17622,35426,15772,111934,39863,579,48891,130302,115523,70657,166125,85636,122006,33691,80209,170305,87805,53975,109258,173481,128259,128572,113420,63985,108583,87540,154906,36639,67826,96144,68906,148250,92616,148691,122577,95480,114095,169914,93478,30187,36587,99735"
PASTILHA MORG FERRERO TIC TAC 16G,bala,0.07081484152391251,f1_macro_on_full,minimize,"82577,26117,142042,137452,4653,130457,131656,7869,150273,31336,6386,167987,71895,116357,26197,2884,172590,24749,27021,101472,3143,14170,140005,111788,63934,68916,32481,34738,142474,116684,132810,78949,94365,131620,18930,7800,149917,39469,133970,146935,74139,136032,35502,174420,164970,151469,94706,70275,78835,48866,140128,23541,151162,150544,133424,137574,1427,76192,38513,112719,57213,113631,6336,54186,68454,82373,52170,30100,165321,47271,49019,62701,39698,5027,145627,19316,115936,144960,146799,129378,55469,23402,120567,23561,164151,137010,74269,86870,153867,132210,10359,146182,87593,162145,142884,161426,122295,96885,154188,60189,132022,124740,6281,67968,6121,136391,108609,99353,167724,158095,125806,129456,96265,52558,36778,171576,49803,105618,172706,82710,170041,9056,91589,132914,101519,112757,10252,77710,36605,102335,65833,15371,50184,24095,102230,128937,163729,104705,144547,88666,94917,62179,82258,24674,89608,117096,110425,92439,70121,98010,65246,88521,105379,51346,96149,120888,101830,31697,129331,54790,160152,172617,102539,1740,74020,123530,39820,12260,65767,143273,60371,92179,61876,83884,163656,70746,162069,167196,46684,134634,156855,85248,47561,130981,15654,38176,54896,68239,120500,38179,104214,158747,116708,168903,101942,60981,17408,104979,10037,41012,37273,164131,83414,122226,139562,30904,100223,41689,17622,35426,15772,111934,39863,579,48891,130302,115523,70657,166125,85636,122006,33691,80209,170305,87805,53975,109258,173481,128259,128572,113420,63985,108583,87540,154906,36639,67826,96144,68906,148250,92616,148691,122577,95480,114095,169914,93478,30187,36587,99735"
SAL LEBRE LIGHT 500G,sal,0.07081484152391251,f1_macro_on_full,minimize,"82577,26117,142042,137452,4653,130457,131656,7869,150273,31336,6386,167987,71895,116357,26197,2884,172590,24749,27021,101472,3143,14170,140005,111788,63934,68916,32481,34738,142474,116684,132810,78949,94365,131620,18930,7800,149917,39469,133970,146935,74139,136032,35502,174420,164970,151469,94706,70275,78835,48866,140128,23541,151162,150544,133424,137574,1427,76192,38513,112719,57213,113631,6336,54186,68454,82373,52170,30100,165321,47271,49019,62701,39698,5027,145627,19316,115936,144960,146799,129378,55469,23402,120567,23561,164151,137010,74269,86870,153867,132210,10359,146182,87593,162145,142884,161426,122295,96885,154188,60189,132022,124740,6281,67968,6121,136391,108609,99353,167724,158095,125806,129456,96265,52558,36778,171576,49803,105618,172706,82710,170041,9056,91589,132914,101519,112757,10252,77710,36605,102335,65833,15371,50184,24095,102230,128937,163729,104705,144547,88666,94917,62179,82258,24674,89608,117096,110425,92439,70121,98010,65246,88521,105379,51346,96149,120888,101830,31697,129331,54790,160152,172617,102539,1740,74020,123530,39820,12260,65767,143273,60371,92179,61876,83884,163656,70746,162069,167196,46684,134634,156855,85248,47561,130981,15654,38176,54896,68239,120500,38179,104214,158747,116708,168903,101942,60981,17408,104979,10037,41012,37273,164131,83414,122226,139562,30904,100223,41689,17622,35426,15772,111934,39863,579,48891,130302,115523,70657,166125,85636,122006,33691,80209,170305,87805,53975,109258,173481,128259,128572,113420,63985,108583,87540,154906,36639,67826,96144,68906,148250,92616,148691,122577,95480,114095,169914,93478,30187,36587,99735"
LEITE FERM VIGOR 800g,leite fermentado,0.07081484152391251,f1_macro_on_full,minimize,"82577,26117,142042,137452,4653,130457,131656,7869,150273,31336,6386,167987,71895,116357,26197,2884,172590,24749,27021,101472,3143,14170,140005,111788,63934,68916,32481,34738,142474,116684,132810,78949,94365,131620,18930,7800,149917,39469,133970,146935,74139,136032,35502,174420,164970,151469,94706,70275,78835,48866,140128,23541,151162,150544,133424,137574,1427,76192,38513,112719,57213,113631,6336,54186,68454,82373,52170,30100,165321,47271,49019,62701,39698,5027,145627,19316,115936,144960,146799,129378,55469,23402,120567,23561,164151,137010,74269,86870,153867,132210,10359,146182,87593,162145,142884,161426,122295,96885,154188,60189,132022,124740,6281,67968,6121,136391,108609,99353,167724,158095,125806,129456,96265,52558,36778,171576,49803,105618,172706,82710,170041,9056,91589,132914,101519,112757,10252,77710,36605,102335,65833,15371,50184,24095,102230,128937,163729,104705,144547,88666,94917,62179,82258,24674,89608,117096,110425,92439,70121,98010,65246,88521,105379,51346,96149,120888,101830,31697,129331,54790,160152,172617,102539,1740,74020,123530,39820,12260,65767,143273,60371,92179,61876,83884,163656,70746,162069,167196,46684,134634,156855,85248,47561,130981,15654,38176,54896,68239,120500,38179,104214,158747,116708,168903,101942,60981,17408,104979,10037,41012,37273,164131,83414,122226,139562,30904,100223,41689,17622,35426,15772,111934,39863,579,48891,130302,115523,70657,166125,85636,122006,33691,80209,170305,87805,53975,109258,173481,128259,128572,113420,63985,108583,87540,154906,36639,67826,96144,68906,148250,92616,148691,122577,95480,114095,169914,93478,30187,36587,99735"
POLPA BRASFRUT 100G  CUPUACU,polpa de fruta congelada,0.07081484152391251,f1_macro_on_full,minimize,"82577,26117,142042,137452,4653,130457,131656,7869,150273,31336,6386,167987,71895,116357,26197,2884,172590,24749,27021,101472,3143,14170,140005,111788,63934,68916,32481,34738,142474,116684,132810,78949,94365,131620,18930,7800,149917,39469,133970,146935,74139,136032,35502,174420,164970,151469,94706,70275,78835,48866,140128,23541,151162,150544,133424,137574,1427,76192,38513,112719,57213,113631,6336,54186,68454,82373,52170,30100,165321,47271,49019,62701,39698,5027,145627,19316,115936,144960,146799,129378,55469,23402,120567,23561,164151,137010,74269,86870,153867,132210,10359,146182,87593,162145,142884,161426,122295,96885,154188,60189,132022,124740,6281,67968,6121,136391,108609,99353,167724,158095,125806,129456,96265,52558,36778,171576,49803,105618,172706,82710,170041,9056,91589,132914,101519,112757,10252,77710,36605,102335,65833,15371,50184,24095,102230,128937,163729,104705,144547,88666,94917,62179,82258,24674,89608,117096,110425,92439,70121,98010,65246,88521,105379,51346,96149,120888,101830,31697,129331,54790,160152,172617,102539,1740,74020,123530,39820,12260,65767,143273,60371,92179,61876,83884,163656,70746,162069,167196,46684,134634,156855,85248,47561,130981,15654,38176,54896,68239,120500,38179,104214,158747,116708,168903,101942,60981,17408,104979,10037,41012,37273,164131,83414,122226,139562,30904,100223,41689,17622,35426,15772,111934,39863,579,48891,130302,115523,70657,166125,85636,122006,33691,80209,170305,87805,53975,109258,173481,128259,128572,113420,63985,108583,87540,154906,36639,67826,96144,68906,148250,92616,148691,122577,95480,114095,169914,93478,30187,36587,99735"
CALDO TABLETE GAL ZR SAL KNORR 48G,caldo industrializado,0.07081484152391251,f1_macro_on_full,minimize,"82577,26117,142042,137452,4653,130457,131656,7869,150273,31336,6386,167987,71895,116357,26197,2884,172590,24749,27021,101472,3143,14170,140005,111788,63934,68916,32481,34738,142474,116684,132810,78949,94365,131620,18930,7800,149917,39469,133970,146935,74139,136032,35502,174420,164970,151469,94706,70275,78835,48866,140128,23541,151162,150544,133424,137574,1427,76192,38513,112719,57213,113631,6336,54186,68454,82373,52170,30100,165321,47271,49019,62701,39698,5027,145627,19316,115936,144960,146799,129378,55469,23402,120567,23561,164151,137010,74269,86870,153867,132210,10359,146182,87593,162145,142884,161426,122295,96885,154188,60189,132022,124740,6281,67968,6121,136391,108609,99353,167724,158095,125806,129456,96265,52558,36778,171576,49803,105618,172706,82710,170041,9056,91589,132914,101519,112757,10252,77710,36605,102335,65833,15371,50184,24095,102230,128937,163729,104705,144547,88666,94917,62179,82258,24674,89608,117096,110425,92439,70121,98010,65246,88521,105379,51346,96149,120888,101830,31697,129331,54790,160152,172617,102539,1740,74020,123530,39820,12260,65767,143273,60371,92179,61876,83884,163656,70746,162069,167196,46684,134634,156855,85248,47561,130981,15654,38176,54896,68239,120500,38179,104214,158747,116708,168903,101942,60981,17408,104979,10037,41012,37273,164131,83414,122226,139562,30904,100223,41689,17622,35426,15772,111934,39863,579,48891,130302,115523,70657,166125,85636,122006,33691,80209,170305,87805,53975,109258,173481,128259,128572,113420,63985,108583,87540,154906,36639,67826,96144,68906,148250,92616,148691,122577,95480,114095,169914,93478,30187,36587,99735"
TAP HIG MEGA SECO C7 7UN,tapete higienico,0.07081484152391251,f1_macro_on_full,minimize,"82577,26117,142042,137452,4653,130457,131656,7869,150273,31336,6386,167987,71895,116357,26197,2884,172590,24749,27021,101472,3143,14170,140005,111788,63934,68916,32481,34738,142474,116684,132810,78949,94365,131620,18930,7800,149917,39469,133970,146935,74139,136032,35502,174420,164970,151469,94706,70275,78835,48866,140128,23541,151162,150544,133424,137574,1427,76192,38513,112719,57213,113631,6336,54186,68454,82373,52170,30100,165321,47271,49019,62701,39698,5027,145627,19316,115936,144960,146799,129378,55469,23402,120567,23561,164151,137010,74269,86870,153867,132210,10359,146182,87593,162145,142884,161426,122295,96885,154188,60189,132022,124740,6281,67968,6121,136391,108609,99353,167724,158095,125806,129456,96265,52558,36778,171576,49803,105618,172706,82710,170041,9056,91589,132914,101519,112757,10252,77710,36605,102335,65833,15371,50184,24095,102230,128937,163729,104705,144547,88666,94917,62179,82258,24674,89608,117096,110425,92439,70121,98010,65246,88521,105379,51346,96149,120888,101830,31697,129331,54790,160152,172617,102539,1740,74020,123530,39820,12260,65767,143273,60371,92179,61876,83884,163656,70746,162069,167196,46684,134634,156855,85248,47561,130981,15654,38176,54896,68239,120500,38179,104214,158747,116708,168903,101942,60981,17408,104979,10037,41012,37273,164131,83414,122226,139562,30904,100223,41689,17622,35426,15772,111934,39863,579,48891,130302,115523,70657,166125,85636,122006,33691,80209,170305,87805,53975,109258,173481,128259,128572,113420,63985,108583,87540,154906,36639,67826,96144,68906,148250,92616,148691,122577,95480,114095,169914,93478,30187,36587,99735"
LARANJA KG LIMA,laranja,0.07081484152391251,f1_macro_on_full,minimize,"82577,26117,142042,137452,4653,130457,131656,7869,150273,31336,6386,167987,71895,116357,26197,2884,172590,24749,27021,101472,3143,14170,140005,111788,63934,68916,32481,34738,142474,116684,132810,78949,94365,131620,18930,7800,149917,39469,133970,146935,74139,136032,35502,174420,164970,151469,94706,70275,78835,48866,140128,23541,151162,150544,133424,137574,1427,76192,38513,112719,57213,113631,6336,54186,68454,82373,52170,30100,165321,47271,49019,62701,39698,5027,145627,19316,115936,144960,146799,129378,55469,23402,120567,23561,164151,137010,74269,86870,153867,132210,10359,146182,87593,162145,142884,161426,122295,96885,154188,60189,132022,124740,6281,67968,6121,136391,108609,99353,167724,158095,125806,129456,96265,52558,36778,171576,49803,105618,172706,82710,170041,9056,91589,132914,101519,112757,10252,77710,36605,102335,65833,15371,50184,24095,102230,128937,163729,104705,144547,88666,94917,62179,82258,24674,89608,117096,110425,92439,70121,98010,65246,88521,105379,51346,96149,120888,101830,31697,129331,54790,160152,172617,102539,1740,74020,123530,39820,12260,65767,143273,60371,92179,61876,83884,163656,70746,162069,167196,46684,134634,156855,85248,47561,130981,15654,38176,54896,68239,120500,38179,104214,158747,116708,168903,101942,60981,17408,104979,10037,41012,37273,164131,83414,122226,139562,30904,100223,41689,17622,35426,15772,111934,39863,579,48891,130302,115523,70657,166125,85636,122006,33691,80209,170305,87805,53975,109258,173481,128259,128572,113420,63985,108583,87540,154906,36639,67826,96144,68906,148250,92616,148691,122577,95480,114095,169914,93478,30187,36587,99735"
REFR SUKITA LARANJA PET 2L,refrigerante,0.07081484152391251,f1_macro_on_full,minimize,"82577,26117,142042,137452,4653,130457,131656,7869,150273,31336,6386,167987,71895,116357,26197,2884,172590,24749,27021,101472,3143,14170,140005,111788,63934,68916,32481,34738,142474,116684,132810,78949,94365,131620,18930,7800,149917,39469,133970,146935,74139,136032,35502,174420,164970,151469,94706,70275,78835,48866,140128,23541,151162,150544,133424,137574,1427,76192,38513,112719,57213,113631,6336,54186,68454,82373,52170,30100,165321,47271,49019,62701,39698,5027,145627,19316,115936,144960,146799,129378,55469,23402,120567,23561,164151,137010,74269,86870,153867,132210,10359,146182,87593,162145,142884,161426,122295,96885,154188,60189,132022,124740,6281,67968,6121,136391,108609,99353,167724,158095,125806,129456,96265,52558,36778,171576,49803,105618,172706,82710,170041,9056,91589,132914,101519,112757,10252,77710,36605,102335,65833,15371,50184,24095,102230,128937,163729,104705,144547,88666,94917,62179,82258,24674,89608,117096,110425,92439,70121,98010,65246,88521,105379,51346,96149,120888,101830,31697,129331,54790,160152,172617,102539,1740,74020,123530,39820,12260,65767,143273,60371,92179,61876,83884,163656,70746,162069,167196,46684,134634,156855,85248,47561,130981,15654,38176,54896,68239,120500,38179,104214,158747,116708,168903,101942,60981,17408,104979,10037,41012,37273,164131,83414,122226,139562,30904,100223,41689,17622,35426,15772,111934,39863,579,48891,130302,115523,70657,166125,85636,122006,33691,80209,170305,87805,53975,109258,173481,128259,128572,113420,63985,108583,87540,154906,36639,67826,96144,68906,148250,92616,148691,122577,95480,114095,169914,93478,30187,36587,99735"
DROPS HALLS EXTRA FORTE 82G,bala,0.07081484152391251,f1_macro_on_full,minimize,"82577,26117,142042,137452,4653,130457,131656,7869,150273,31336,6386,167987,71895,116357,26197,2884,172590,24749,27021,101472,3143,14170,140005,111788,63934,68916,32481,34738,142474,116684,132810,78949,94365,131620,18930,7800,149917,39469,133970,146935,74139,136032,35502,174420,164970,151469,94706,70275,78835,48866,140128,23541,151162,150544,133424,137574,1427,76192,38513,112719,57213,113631,6336,54186,68454,82373,52170,30100,165321,47271,49019,62701,39698,5027,145627,19316,115936,144960,146799,129378,55469,23402,120567,23561,164151,137010,74269,86870,153867,132210,10359,146182,87593,162145,142884,161426,122295,96885,154188,60189,132022,124740,6281,67968,6121,136391,108609,99353,167724,158095,125806,129456,96265,52558,36778,171576,49803,105618,172706,82710,170041,9056,91589,132914,101519,112757,10252,77710,36605,102335,65833,15371,50184,24095,102230,128937,163729,104705,144547,88666,94917,62179,82258,24674,89608,117096,110425,92439,70121,98010,65246,88521,105379,51346,96149,120888,101830,31697,129331,54790,160152,172617,102539,1740,74020,123530,39820,12260,65767,143273,60371,92179,61876,83884,163656,70746,162069,167196,46684,134634,156855,85248,47561,130981,15654,38176,54896,68239,120500,38179,104214,158747,116708,168903,101942,60981,17408,104979,10037,41012,37273,164131,83414,122226,139562,30904,100223,41689,17622,35426,15772,111934,39863,579,48891,130302,115523,70657,166125,85636,122006,33691,80209,170305,87805,53975,109258,173481,128259,128572,113420,63985,108583,87540,154906,36639,67826,96144,68906,148250,92616,148691,122577,95480,114095,169914,93478,30187,36587,99735"
MIST BOLO CRF SPECIAL BROWNIE POUCH,preparo para bolo,0.07081484152391251,f1_macro_on_full,minimize,"82577,26117,142042,137452,4653,130457,131656,7869,150273,31336,6386,167987,71895,116357,26197,2884,172590,24749,27021,101472,3143,14170,140005,111788,63934,68916,32481,34738,142474,116684,132810,78949,94365,131620,18930,7800,149917,39469,133970,146935,74139,136032,35502,174420,164970,151469,94706,70275,78835,48866,140128,23541,151162,150544,133424,137574,1427,76192,38513,112719,57213,113631,6336,54186,68454,82373,52170,30100,165321,47271,49019,62701,39698,5027,145627,19316,115936,144960,146799,129378,55469,23402,120567,23561,164151,137010,74269,86870,153867,132210,10359,146182,87593,162145,142884,161426,122295,96885,154188,60189,132022,124740,6281,67968,6121,136391,108609,99353,167724,158095,125806,129456,96265,52558,36778,171576,49803,105618,172706,82710,170041,9056,91589,132914,101519,112757,10252,77710,36605,102335,65833,15371,50184,24095,102230,128937,163729,104705,144547,88666,94917,62179,82258,24674,89608,117096,110425,92439,70121,98010,65246,88521,105379,51346,96149,120888,101830,31697,129331,54790,160152,172617,102539,1740,74020,123530,39820,12260,65767,143273,60371,92179,61876,83884,163656,70746,162069,167196,46684,134634,156855,85248,47561,130981,15654,38176,54896,68239,120500,38179,104214,158747,116708,168903,101942,60981,17408,104979,10037,41012,37273,164131,83414,122226,139562,30904,100223,41689,17622,35426,15772,111934,39863,579,48891,130302,115523,70657,166125,85636,122006,33691,80209,170305,87805,53975,109258,173481,128259,128572,113420,63985,108583,87540,154906,36639,67826,96144,68906,148250,92616,148691,122577,95480,114095,169914,93478,30187,36587,99735"
IOG INT MARAC PES BATAVO DUO 100G,iogurte,0.07081484152391251,f1_macro_on_full,minimize,"82577,26117,142042,137452,4653,130457,131656,7869,150273,31336,6386,167987,71895,116357,26197,2884,172590,24749,27021,101472,3143,14170,140005,111788,63934,68916,32481,34738,142474,116684,132810,78949,94365,131620,18930,7800,149917,39469,133970,146935,74139,136032,35502,174420,164970,151469,94706,70275,78835,48866,140128,23541,151162,150544,133424,137574,1427,76192,38513,112719,57213,113631,6336,54186,68454,82373,52170,30100,165321,47271,49019,62701,39698,5027,145627,19316,115936,144960,146799,129378,55469,23402,120567,23561,164151,137010,74269,86870,153867,132210,10359,146182,87593,162145,142884,161426,122295,96885,154188,60189,132022,124740,6281,67968,6121,136391,108609,99353,167724,158095,125806,129456,96265,52558,36778,171576,49803,105618,172706,82710,170041,9056,91589,132914,101519,112757,10252,77710,36605,102335,65833,15371,50184,24095,102230,128937,163729,104705,144547,88666,94917,62179,82258,24674,89608,117096,110425,92439,70121,98010,65246,88521,105379,51346,96149,120888,101830,31697,129331,54790,160152,172617,102539,1740,74020,123530,39820,12260,65767,143273,60371,92179,61876,83884,163656,70746,162069,167196,46684,134634,156855,85248,47561,130981,15654,38176,54896,68239,120500,38179,104214,158747,116708,168903,101942,60981,17408,104979,10037,41012,37273,164131,83414,122226,139562,30904,100223,41689,17622,35426,15772,111934,39863,579,48891,130302,115523,70657,166125,85636,122006,33691,80209,170305,87805,53975,109258,173481,128259,128572,113420,63985,108583,87540,154906,36639,67826,96144,68906,148250,92616,148691,122577,95480,114095,169914,93478,30187,36587,99735"
MOLHO SAKURA CEREJA SUAVE DCA 1L,molho shoyu,0.07081484152391251,f1_macro_on_full,minimize,"82577,26117,142042,137452,4653,130457,131656,7869,150273,31336,6386,167987,71895,116357,26197,2884,172590,24749,27021,101472,3143,14170,140005,111788,63934,68916,32481,34738,142474,116684,132810,78949,94365,131620,18930,7800,149917,39469,133970,146935,74139,136032,35502,174420,164970,151469,94706,70275,78835,48866,140128,23541,151162,150544,133424,137574,1427,76192,38513,112719,57213,113631,6336,54186,68454,82373,52170,30100,165321,47271,49019,62701,39698,5027,145627,19316,115936,144960,146799,129378,55469,23402,120567,23561,164151,137010,74269,86870,153867,132210,10359,146182,87593,162145,142884,161426,122295,96885,154188,60189,132022,124740,6281,67968,6121,136391,108609,99353,167724,158095,125806,129456,96265,52558,36778,171576,49803,105618,172706,82710,170041,9056,91589,132914,101519,112757,10252,77710,36605,102335,65833,15371,50184,24095,102230,128937,163729,104705,144547,88666,94917,62179,82258,24674,89608,117096,110425,92439,70121,98010,65246,88521,105379,51346,96149,120888,101830,31697,129331,54790,160152,172617,102539,1740,74020,123530,39820,12260,65767,143273,60371,92179,61876,83884,163656,70746,162069,167196,46684,134634,156855,85248,47561,130981,15654,38176,54896,68239,120500,38179,104214,158747,116708,168903,101942,60981,17408,104979,10037,41012,37273,164131,83414,122226,139562,30904,100223,41689,17622,35426,15772,111934,39863,579,48891,130302,115523,70657,166125,85636,122006,33691,80209,170305,87805,53975,109258,173481,128259,128572,113420,63985,108583,87540,154906,36639,67826,96144,68906,148250,92616,148691,122577,95480,114095,169914,93478,30187,36587,99735"
LV RP OMO CON DILUI PURO CUID 500ML,lava roupas,0.07081484152391251,f1_macro_on_full,minimize,"82577,26117,142042,137452,4653,130457,131656,7869,150273,31336,6386,167987,71895,116357,26197,2884,172590,24749,27021,101472,3143,14170,140005,111788,63934,68916,32481,34738,142474,116684,132810,78949,94365,131620,18930,7800,149917,39469,133970,146935,74139,136032,35502,174420,164970,151469,94706,70275,78835,48866,140128,23541,151162,150544,133424,137574,1427,76192,38513,112719,57213,113631,6336,54186,68454,82373,52170,30100,165321,47271,49019,62701,39698,5027,145627,19316,115936,144960,146799,129378,55469,23402,120567,23561,164151,137010,74269,86870,153867,132210,10359,146182,87593,162145,142884,161426,122295,96885,154188,60189,132022,124740,6281,67968,6121,136391,108609,99353,167724,158095,125806,129456,96265,52558,36778,171576,49803,105618,172706,82710,170041,9056,91589,132914,101519,112757,10252,77710,36605,102335,65833,15371,50184,24095,102230,128937,163729,104705,144547,88666,94917,62179,82258,24674,89608,117096,110425,92439,70121,98010,65246,88521,105379,51346,96149,120888,101830,31697,129331,54790,160152,172617,102539,1740,74020,123530,39820,12260,65767,143273,60371,92179,61876,83884,163656,70746,162069,167196,46684,134634,156855,85248,47561,130981,15654,38176,54896,68239,120500,38179,104214,158747,116708,168903,101942,60981,17408,104979,10037,41012,37273,164131,83414,122226,139562,30904,100223,41689,17622,35426,15772,111934,39863,579,48891,130302,115523,70657,166125,85636,122006,33691,80209,170305,87805,53975,109258,173481,128259,128572,113420,63985,108583,87540,154906,36639,67826,96144,68906,148250,92616,148691,122577,95480,114095,169914,93478,30187,36587,99735"
GOMA MASCAR TRIDENT MENTA 14S      25.2G,goma de mascar,0.07081484152391251,f1_macro_on_full,minimize,"82577,26117,142042,137452,4653,130457,131656,7869,150273,31336,6386,167987,71895,116357,26197,2884,172590,24749,27021,101472,3143,14170,140005,111788,63934,68916,32481,34738,142474,116684,132810,78949,94365,131620,18930,7800,149917,39469,133970,146935,74139,136032,35502,174420,164970,151469,94706,70275,78835,48866,140128,23541,151162,150544,133424,137574,1427,76192,38513,112719,57213,113631,6336,54186,68454,82373,52170,30100,165321,47271,49019,62701,39698,5027,145627,19316,115936,144960,146799,129378,55469,23402,120567,23561,164151,137010,74269,86870,153867,132210,10359,146182,87593,162145,142884,161426,122295,96885,154188,60189,132022,124740,6281,67968,6121,136391,108609,99353,167724,158095,125806,129456,96265,52558,36778,171576,49803,105618,172706,82710,170041,9056,91589,132914,101519,112757,10252,77710,36605,102335,65833,15371,50184,24095,102230,128937,163729,104705,144547,88666,94917,62179,82258,24674,89608,117096,110425,92439,70121,98010,65246,88521,105379,51346,96149,120888,101830,31697,129331,54790,160152,172617,102539,1740,74020,123530,39820,12260,65767,143273,60371,92179,61876,83884,163656,70746,162069,167196,46684,134634,156855,85248,47561,130981,15654,38176,54896,68239,120500,38179,104214,158747,116708,168903,101942,60981,17408,104979,10037,41012,37273,164131,83414,122226,139562,30904,100223,41689,17622,35426,15772,111934,39863,579,48891,130302,115523,70657,166125,85636,122006,33691,80209,170305,87805,53975,109258,173481,128259,128572,113420,63985,108583,87540,154906,36639,67826,96144,68906,148250,92616,148691,122577,95480,114095,169914,93478,30187,36587,99735"
"BATATA PRINGLES 109G, QUEIJO",aperitivo,0.07081484152391251,f1_macro_on_full,minimize,"82577,26117,142042,137452,4653,130457,131656,7869,150273,31336,6386,167987,71895,116357,26197,2884,172590,24749,27021,101472,3143,14170,140005,111788,63934,68916,32481,34738,142474,116684,132810,78949,94365,131620,18930,7800,149917,39469,133970,146935,74139,136032,35502,174420,164970,151469,94706,70275,78835,48866,140128,23541,151162,150544,133424,137574,1427,76192,38513,112719,57213,113631,6336,54186,68454,82373,52170,30100,165321,47271,49019,62701,39698,5027,145627,19316,115936,144960,146799,129378,55469,23402,120567,23561,164151,137010,74269,86870,153867,132210,10359,146182,87593,162145,142884,161426,122295,96885,154188,60189,132022,124740,6281,67968,6121,136391,108609,99353,167724,158095,125806,129456,96265,52558,36778,171576,49803,105618,172706,82710,170041,9056,91589,132914,101519,112757,10252,77710,36605,102335,65833,15371,50184,24095,102230,128937,163729,104705,144547,88666,94917,62179,82258,24674,89608,117096,110425,92439,70121,98010,65246,88521,105379,51346,96149,120888,101830,31697,129331,54790,160152,172617,102539,1740,74020,123530,39820,12260,65767,143273,60371,92179,61876,83884,163656,70746,162069,167196,46684,134634,156855,85248,47561,130981,15654,38176,54896,68239,120500,38179,104214,158747,116708,168903,101942,60981,17408,104979,10037,41012,37273,164131,83414,122226,139562,30904,100223,41689,17622,35426,15772,111934,39863,579,48891,130302,115523,70657,166125,85636,122006,33691,80209,170305,87805,53975,109258,173481,128259,128572,113420,63985,108583,87540,154906,36639,67826,96144,68906,148250,92616,148691,122577,95480,114095,169914,93478,30187,36587,99735"
ALHO PICADO OISHII S/SAL 200G,tempero pronto,0.07081484152391251,f1_macro_on_full,minimize,"82577,26117,142042,137452,4653,130457,131656,7869,150273,31336,6386,167987,71895,116357,26197,2884,172590,24749,27021,101472,3143,14170,140005,111788,63934,68916,32481,34738,142474,116684,132810,78949,94365,131620,18930,7800,149917,39469,133970,146935,74139,136032,35502,174420,164970,151469,94706,70275,78835,48866,140128,23541,151162,150544,133424,137574,1427,76192,38513,112719,57213,113631,6336,54186,68454,82373,52170,30100,165321,47271,49019,62701,39698,5027,145627,19316,115936,144960,146799,129378,55469,23402,120567,23561,164151,137010,74269,86870,153867,132210,10359,146182,87593,162145,142884,161426,122295,96885,154188,60189,132022,124740,6281,67968,6121,136391,108609,99353,167724,158095,125806,129456,96265,52558,36778,171576,49803,105618,172706,82710,170041,9056,91589,132914,101519,112757,10252,77710,36605,102335,65833,15371,50184,24095,102230,128937,163729,104705,144547,88666,94917,62179,82258,24674,89608,117096,110425,92439,70121,98010,65246,88521,105379,51346,96149,120888,101830,31697,129331,54790,160152,172617,102539,1740,74020,123530,39820,12260,65767,143273,60371,92179,61876,83884,163656,70746,162069,167196,46684,134634,156855,85248,47561,130981,15654,38176,54896,68239,120500,38179,104214,158747,116708,168903,101942,60981,17408,104979,10037,41012,37273,164131,83414,122226,139562,30904,100223,41689,17622,35426,15772,111934,39863,579,48891,130302,115523,70657,166125,85636,122006,33691,80209,170305,87805,53975,109258,173481,128259,128572,113420,63985,108583,87540,154906,36639,67826,96144,68906,148250,92616,148691,122577,95480,114095,169914,93478,30187,36587,99735"
BISC MUCILON MORANGO/BANANA 35G,biscoito,0.07081484152391251,f1_macro_on_full,minimize,"82577,26117,142042,137452,4653,130457,131656,7869,150273,31336,6386,167987,71895,116357,26197,2884,172590,24749,27021,101472,3143,14170,140005,111788,63934,68916,32481,34738,142474,116684,132810,78949,94365,131620,18930,7800,149917,39469,133970,146935,74139,136032,35502,174420,164970,151469,94706,70275,78835,48866,140128,23541,151162,150544,133424,137574,1427,76192,38513,112719,57213,113631,6336,54186,68454,82373,52170,30100,165321,47271,49019,62701,39698,5027,145627,19316,115936,144960,146799,129378,55469,23402,120567,23561,164151,137010,74269,86870,153867,132210,10359,146182,87593,162145,142884,161426,122295,96885,154188,60189,132022,124740,6281,67968,6121,136391,108609,99353,167724,158095,125806,129456,96265,52558,36778,171576,49803,105618,172706,82710,170041,9056,91589,132914,101519,112757,10252,77710,36605,102335,65833,15371,50184,24095,102230,128937,163729,104705,144547,88666,94917,62179,82258,24674,89608,117096,110425,92439,70121,98010,65246,88521,105379,51346,96149,120888,101830,31697,129331,54790,160152,172617,102539,1740,74020,123530,39820,12260,65767,143273,60371,92179,61876,83884,163656,70746,162069,167196,46684,134634,156855,85248,47561,130981,15654,38176,54896,68239,120500,38179,104214,158747,116708,168903,101942,60981,17408,104979,10037,41012,37273,164131,83414,122226,139562,30904,100223,41689,17622,35426,15772,111934,39863,579,48891,130302,115523,70657,166125,85636,122006,33691,80209,170305,87805,53975,109258,173481,128259,128572,113420,63985,108583,87540,154906,36639,67826,96144,68906,148250,92616,148691,122577,95480,114095,169914,93478,30187,36587,99735"
WAFER RECH.TRENTO CHOC.         PE  32GR,biscoito,0.07081484152391251,f1_macro_on_full,minimize,"82577,26117,142042,137452,4653,130457,131656,7869,150273,31336,6386,167987,71895,116357,26197,2884,172590,24749,27021,101472,3143,14170,140005,111788,63934,68916,32481,34738,142474,116684,132810,78949,94365,131620,18930,7800,149917,39469,133970,146935,74139,136032,35502,174420,164970,151469,94706,70275,78835,48866,140128,23541,151162,150544,133424,137574,1427,76192,38513,112719,57213,113631,6336,54186,68454,82373,52170,30100,165321,47271,49019,62701,39698,5027,145627,19316,115936,144960,146799,129378,55469,23402,120567,23561,164151,137010,74269,86870,153867,132210,10359,146182,87593,162145,142884,161426,122295,96885,154188,60189,132022,124740,6281,67968,6121,136391,108609,99353,167724,158095,125806,129456,96265,52558,36778,171576,49803,105618,172706,82710,170041,9056,91589,132914,101519,112757,10252,77710,36605,102335,65833,15371,50184,24095,102230,128937,163729,104705,144547,88666,94917,62179,82258,24674,89608,117096,110425,92439,70121,98010,65246,88521,105379,51346,96149,120888,101830,31697,129331,54790,160152,172617,102539,1740,74020,123530,39820,12260,65767,143273,60371,92179,61876,83884,163656,70746,162069,167196,46684,134634,156855,85248,47561,130981,15654,38176,54896,68239,120500,38179,104214,158747,116708,168903,101942,60981,17408,104979,10037,41012,37273,164131,83414,122226,139562,30904,100223,41689,17622,35426,15772,111934,39863,579,48891,130302,115523,70657,166125,85636,122006,33691,80209,170305,87805,53975,109258,173481,128259,128572,113420,63985,108583,87540,154906,36639,67826,96144,68906,148250,92616,148691,122577,95480,114095,169914,93478,30187,36587,99735"
CR DENT SORRISO TRIPLA PROMO 220G,creme dental,0.07081484152391251,f1_macro_on_full,minimize,"82577,26117,142042,137452,4653,130457,131656,7869,150273,31336,6386,167987,71895,116357,26197,2884,172590,24749,27021,101472,3143,14170,140005,111788,63934,68916,32481,34738,142474,116684,132810,78949,94365,131620,18930,7800,149917,39469,133970,146935,74139,136032,35502,174420,164970,151469,94706,70275,78835,48866,140128,23541,151162,150544,133424,137574,1427,76192,38513,112719,57213,113631,6336,54186,68454,82373,52170,30100,165321,47271,49019,62701,39698,5027,145627,19316,115936,144960,146799,129378,55469,23402,120567,23561,164151,137010,74269,86870,153867,132210,10359,146182,87593,162145,142884,161426,122295,96885,154188,60189,132022,124740,6281,67968,6121,136391,108609,99353,167724,158095,125806,129456,96265,52558,36778,171576,49803,105618,172706,82710,170041,9056,91589,132914,101519,112757,10252,77710,36605,102335,65833,15371,50184,24095,102230,128937,163729,104705,144547,88666,94917,62179,82258,24674,89608,117096,110425,92439,70121,98010,65246,88521,105379,51346,96149,120888,101830,31697,129331,54790,160152,172617,102539,1740,74020,123530,39820,12260,65767,143273,60371,92179,61876,83884,163656,70746,162069,167196,46684,134634,156855,85248,47561,130981,15654,38176,54896,68239,120500,38179,104214,158747,116708,168903,101942,60981,17408,104979,10037,41012,37273,164131,83414,122226,139562,30904,100223,41689,17622,35426,15772,111934,39863,579,48891,130302,115523,70657,166125,85636,122006,33691,80209,170305,87805,53975,109258,173481,128259,128572,113420,63985,108583,87540,154906,36639,67826,96144,68906,148250,92616,148691,122577,95480,114095,169914,93478,30187,36587,99735"
"TEMPERO SAZON FLOPPY 60g, AM",tempero pronto,0.07081484152391251,f1_macro_on_full,minimize,"82577,26117,142042,137452,4653,130457,131656,7869,150273,31336,6386,167987,71895,116357,26197,2884,172590,24749,27021,101472,3143,14170,140005,111788,63934,68916,32481,34738,142474,116684,132810,78949,94365,131620,18930,7800,149917,39469,133970,146935,74139,136032,35502,174420,164970,151469,94706,70275,78835,48866,140128,23541,151162,150544,133424,137574,1427,76192,38513,112719,57213,113631,6336,54186,68454,82373,52170,30100,165321,47271,49019,62701,39698,5027,145627,19316,115936,144960,146799,129378,55469,23402,120567,23561,164151,137010,74269,86870,153867,132210,10359,146182,87593,162145,142884,161426,122295,96885,154188,60189,132022,124740,6281,67968,6121,136391,108609,99353,167724,158095,125806,129456,96265,52558,36778,171576,49803,105618,172706,82710,170041,9056,91589,132914,101519,112757,10252,77710,36605,102335,65833,15371,50184,24095,102230,128937,163729,104705,144547,88666,94917,62179,82258,24674,89608,117096,110425,92439,70121,98010,65246,88521,105379,51346,96149,120888,101830,31697,129331,54790,160152,172617,102539,1740,74020,123530,39820,12260,65767,143273,60371,92179,61876,83884,163656,70746,162069,167196,46684,134634,156855,85248,47561,130981,15654,38176,54896,68239,120500,38179,104214,158747,116708,168903,101942,60981,17408,104979,10037,41012,37273,164131,83414,122226,139562,30904,100223,41689,17622,35426,15772,111934,39863,579,48891,130302,115523,70657,166125,85636,122006,33691,80209,170305,87805,53975,109258,173481,128259,128572,113420,63985,108583,87540,154906,36639,67826,96144,68906,148250,92616,148691,122577,95480,114095,169914,93478,30187,36587,99735"
"IOG GREGO DANONE 100G, FRUTAS VERMELHAS",iogurte,0.07081484152391251,f1_macro_on_full,minimize,"82577,26117,142042,137452,4653,130457,131656,7869,150273,31336,6386,167987,71895,116357,26197,2884,172590,24749,27021,101472,3143,14170,140005,111788,63934,68916,32481,34738,142474,116684,132810,78949,94365,131620,18930,7800,149917,39469,133970,146935,74139,136032,35502,174420,164970,151469,94706,70275,78835,48866,140128,23541,151162,150544,133424,137574,1427,76192,38513,112719,57213,113631,6336,54186,68454,82373,52170,30100,165321,47271,49019,62701,39698,5027,145627,19316,115936,144960,146799,129378,55469,23402,120567,23561,164151,137010,74269,86870,153867,132210,10359,146182,87593,162145,142884,161426,122295,96885,154188,60189,132022,124740,6281,67968,6121,136391,108609,99353,167724,158095,125806,129456,96265,52558,36778,171576,49803,105618,172706,82710,170041,9056,91589,132914,101519,112757,10252,77710,36605,102335,65833,15371,50184,24095,102230,128937,163729,104705,144547,88666,94917,62179,82258,24674,89608,117096,110425,92439,70121,98010,65246,88521,105379,51346,96149,120888,101830,31697,129331,54790,160152,172617,102539,1740,74020,123530,39820,12260,65767,143273,60371,92179,61876,83884,163656,70746,162069,167196,46684,134634,156855,85248,47561,130981,15654,38176,54896,68239,120500,38179,104214,158747,116708,168903,101942,60981,17408,104979,10037,41012,37273,164131,83414,122226,139562,30904,100223,41689,17622,35426,15772,111934,39863,579,48891,130302,115523,70657,166125,85636,122006,33691,80209,170305,87805,53975,109258,173481,128259,128572,113420,63985,108583,87540,154906,36639,67826,96144,68906,148250,92616,148691,122577,95480,114095,169914,93478,30187,36587,99735"
NECTAR TANGERINA MAGUARY 1L,suco pronto,0.07081484152391251,f1_macro_on_full,minimize,"82577,26117,142042,137452,4653,130457,131656,7869,150273,31336,6386,167987,71895,116357,26197,2884,172590,24749,27021,101472,3143,14170,140005,111788,63934,68916,32481,34738,142474,116684,132810,78949,94365,131620,18930,7800,149917,39469,133970,146935,74139,136032,35502,174420,164970,151469,94706,70275,78835,48866,140128,23541,151162,150544,133424,137574,1427,76192,38513,112719,57213,113631,6336,54186,68454,82373,52170,30100,165321,47271,49019,62701,39698,5027,145627,19316,115936,144960,146799,129378,55469,23402,120567,23561,164151,137010,74269,86870,153867,132210,10359,146182,87593,162145,142884,161426,122295,96885,154188,60189,132022,124740,6281,67968,6121,136391,108609,99353,167724,158095,125806,129456,96265,52558,36778,171576,49803,105618,172706,82710,170041,9056,91589,132914,101519,112757,10252,77710,36605,102335,65833,15371,50184,24095,102230,128937,163729,104705,144547,88666,94917,62179,82258,24674,89608,117096,110425,92439,70121,98010,65246,88521,105379,51346,96149,120888,101830,31697,129331,54790,160152,172617,102539,1740,74020,123530,39820,12260,65767,143273,60371,92179,61876,83884,163656,70746,162069,167196,46684,134634,156855,85248,47561,130981,15654,38176,54896,68239,120500,38179,104214,158747,116708,168903,101942,60981,17408,104979,10037,41012,37273,164131,83414,122226,139562,30904,100223,41689,17622,35426,15772,111934,39863,579,48891,130302,115523,70657,166125,85636,122006,33691,80209,170305,87805,53975,109258,173481,128259,128572,113420,63985,108583,87540,154906,36639,67826,96144,68906,148250,92616,148691,122577,95480,114095,169914,93478,30187,36587,99735"
LEITE COND SEMIDESNAT MOCA ZERO TP 395G,leite condensado,0.07081484152391251,f1_macro_on_full,minimize,"82577,26117,142042,137452,4653,130457,131656,7869,150273,31336,6386,167987,71895,116357,26197,2884,172590,24749,27021,101472,3143,14170,140005,111788,63934,68916,32481,34738,142474,116684,132810,78949,94365,131620,18930,7800,149917,39469,133970,146935,74139,136032,35502,174420,164970,151469,94706,70275,78835,48866,140128,23541,151162,150544,133424,137574,1427,76192,38513,112719,57213,113631,6336,54186,68454,82373,52170,30100,165321,47271,49019,62701,39698,5027,145627,19316,115936,144960,146799,129378,55469,23402,120567,23561,164151,137010,74269,86870,153867,132210,10359,146182,87593,162145,142884,161426,122295,96885,154188,60189,132022,124740,6281,67968,6121,136391,108609,99353,167724,158095,125806,129456,96265,52558,36778,171576,49803,105618,172706,82710,170041,9056,91589,132914,101519,112757,10252,77710,36605,102335,65833,15371,50184,24095,102230,128937,163729,104705,144547,88666,94917,62179,82258,24674,89608,117096,110425,92439,70121,98010,65246,88521,105379,51346,96149,120888,101830,31697,129331,54790,160152,172617,102539,1740,74020,123530,39820,12260,65767,143273,60371,92179,61876,83884,163656,70746,162069,167196,46684,134634,156855,85248,47561,130981,15654,38176,54896,68239,120500,38179,104214,158747,116708,168903,101942,60981,17408,104979,10037,41012,37273,164131,83414,122226,139562,30904,100223,41689,17622,35426,15772,111934,39863,579,48891,130302,115523,70657,166125,85636,122006,33691,80209,170305,87805,53975,109258,173481,128259,128572,113420,63985,108583,87540,154906,36639,67826,96144,68906,148250,92616,148691,122577,95480,114095,169914,93478,30187,36587,99735"
LAVA ROUPAS LIQ CLASSIC 5L,lava roupas,0.07081484152391251,f1_macro_on_full,minimize,"82577,26117,142042,137452,4653,130457,131656,7869,150273,31336,6386,167987,71895,116357,26197,2884,172590,24749,27021,101472,3143,14170,140005,111788,63934,68916,32481,34738,142474,116684,132810,78949,94365,131620,18930,7800,149917,39469,133970,146935,74139,136032,35502,174420,164970,151469,94706,70275,78835,48866,140128,23541,151162,150544,133424,137574,1427,76192,38513,112719,57213,113631,6336,54186,68454,82373,52170,30100,165321,47271,49019,62701,39698,5027,145627,19316,115936,144960,146799,129378,55469,23402,120567,23561,164151,137010,74269,86870,153867,132210,10359,146182,87593,162145,142884,161426,122295,96885,154188,60189,132022,124740,6281,67968,6121,136391,108609,99353,167724,158095,125806,129456,96265,52558,36778,171576,49803,105618,172706,82710,170041,9056,91589,132914,101519,112757,10252,77710,36605,102335,65833,15371,50184,24095,102230,128937,163729,104705,144547,88666,94917,62179,82258,24674,89608,117096,110425,92439,70121,98010,65246,88521,105379,51346,96149,120888,101830,31697,129331,54790,160152,172617,102539,1740,74020,123530,39820,12260,65767,143273,60371,92179,61876,83884,163656,70746,162069,167196,46684,134634,156855,85248,47561,130981,15654,38176,54896,68239,120500,38179,104214,158747,116708,168903,101942,60981,17408,104979,10037,41012,37273,164131,83414,122226,139562,30904,100223,41689,17622,35426,15772,111934,39863,579,48891,130302,115523,70657,166125,85636,122006,33691,80209,170305,87805,53975,109258,173481,128259,128572,113420,63985,108583,87540,154906,36639,67826,96144,68906,148250,92616,148691,122577,95480,114095,169914,93478,30187,36587,99735"
CERV Z HEINEKEN 269ML,cerveja,0.07081484152391251,f1_macro_on_full,minimize,"82577,26117,142042,137452,4653,130457,131656,7869,150273,31336,6386,167987,71895,116357,26197,2884,172590,24749,27021,101472,3143,14170,140005,111788,63934,68916,32481,34738,142474,116684,132810,78949,94365,131620,18930,7800,149917,39469,133970,146935,74139,136032,35502,174420,164970,151469,94706,70275,78835,48866,140128,23541,151162,150544,133424,137574,1427,76192,38513,112719,57213,113631,6336,54186,68454,82373,52170,30100,165321,47271,49019,62701,39698,5027,145627,19316,115936,144960,146799,129378,55469,23402,120567,23561,164151,137010,74269,86870,153867,132210,10359,146182,87593,162145,142884,161426,122295,96885,154188,60189,132022,124740,6281,67968,6121,136391,108609,99353,167724,158095,125806,129456,96265,52558,36778,171576,49803,105618,172706,82710,170041,9056,91589,132914,101519,112757,10252,77710,36605,102335,65833,15371,50184,24095,102230,128937,163729,104705,144547,88666,94917,62179,82258,24674,89608,117096,110425,92439,70121,98010,65246,88521,105379,51346,96149,120888,101830,31697,129331,54790,160152,172617,102539,1740,74020,123530,39820,12260,65767,143273,60371,92179,61876,83884,163656,70746,162069,167196,46684,134634,156855,85248,47561,130981,15654,38176,54896,68239,120500,38179,104214,158747,116708,168903,101942,60981,17408,104979,10037,41012,37273,164131,83414,122226,139562,30904,100223,41689,17622,35426,15772,111934,39863,579,48891,130302,115523,70657,166125,85636,122006,33691,80209,170305,87805,53975,109258,173481,128259,128572,113420,63985,108583,87540,154906,36639,67826,96144,68906,148250,92616,148691,122577,95480,114095,169914,93478,30187,36587,99735"
IOG NESTLE CHAMYTO CEREAL CHOC 130G,iogurte,0.07081484152391251,f1_macro_on_full,minimize,"82577,26117,142042,137452,4653,130457,131656,7869,150273,31336,6386,167987,71895,116357,26197,2884,172590,24749,27021,101472,3143,14170,140005,111788,63934,68916,32481,34738,142474,116684,132810,78949,94365,131620,18930,7800,149917,39469,133970,146935,74139,136032,35502,174420,164970,151469,94706,70275,78835,48866,140128,23541,151162,150544,133424,137574,1427,76192,38513,112719,57213,113631,6336,54186,68454,82373,52170,30100,165321,47271,49019,62701,39698,5027,145627,19316,115936,144960,146799,129378,55469,23402,120567,23561,164151,137010,74269,86870,153867,132210,10359,146182,87593,162145,142884,161426,122295,96885,154188,60189,132022,124740,6281,67968,6121,136391,108609,99353,167724,158095,125806,129456,96265,52558,36778,171576,49803,105618,172706,82710,170041,9056,91589,132914,101519,112757,10252,77710,36605,102335,65833,15371,50184,24095,102230,128937,163729,104705,144547,88666,94917,62179,82258,24674,89608,117096,110425,92439,70121,98010,65246,88521,105379,51346,96149,120888,101830,31697,129331,54790,160152,172617,102539,1740,74020,123530,39820,12260,65767,143273,60371,92179,61876,83884,163656,70746,162069,167196,46684,134634,156855,85248,47561,130981,15654,38176,54896,68239,120500,38179,104214,158747,116708,168903,101942,60981,17408,104979,10037,41012,37273,164131,83414,122226,139562,30904,100223,41689,17622,35426,15772,111934,39863,579,48891,130302,115523,70657,166125,85636,122006,33691,80209,170305,87805,53975,109258,173481,128259,128572,113420,63985,108583,87540,154906,36639,67826,96144,68906,148250,92616,148691,122577,95480,114095,169914,93478,30187,36587,99735"
ASA TEMP RESF MAURIC  700,carne de ave,0.07081484152391251,f1_macro_on_full,minimize,"82577,26117,142042,137452,4653,130457,131656,7869,150273,31336,6386,167987,71895,116357,26197,2884,172590,24749,27021,101472,3143,14170,140005,111788,63934,68916,32481,34738,142474,116684,132810,78949,94365,131620,18930,7800,149917,39469,133970,146935,74139,136032,35502,174420,164970,151469,94706,70275,78835,48866,140128,23541,151162,150544,133424,137574,1427,76192,38513,112719,57213,113631,6336,54186,68454,82373,52170,30100,165321,47271,49019,62701,39698,5027,145627,19316,115936,144960,146799,129378,55469,23402,120567,23561,164151,137010,74269,86870,153867,132210,10359,146182,87593,162145,142884,161426,122295,96885,154188,60189,132022,124740,6281,67968,6121,136391,108609,99353,167724,158095,125806,129456,96265,52558,36778,171576,49803,105618,172706,82710,170041,9056,91589,132914,101519,112757,10252,77710,36605,102335,65833,15371,50184,24095,102230,128937,163729,104705,144547,88666,94917,62179,82258,24674,89608,117096,110425,92439,70121,98010,65246,88521,105379,51346,96149,120888,101830,31697,129331,54790,160152,172617,102539,1740,74020,123530,39820,12260,65767,143273,60371,92179,61876,83884,163656,70746,162069,167196,46684,134634,156855,85248,47561,130981,15654,38176,54896,68239,120500,38179,104214,158747,116708,168903,101942,60981,17408,104979,10037,41012,37273,164131,83414,122226,139562,30904,100223,41689,17622,35426,15772,111934,39863,579,48891,130302,115523,70657,166125,85636,122006,33691,80209,170305,87805,53975,109258,173481,128259,128572,113420,63985,108583,87540,154906,36639,67826,96144,68906,148250,92616,148691,122577,95480,114095,169914,93478,30187,36587,99735"
"LEITE HD MONANGE 200ML, FRUTAS VERMELHAS",leite,0.07081484152391251,f1_macro_on_full,minimize,"82577,26117,142042,137452,4653,130457,131656,7869,150273,31336,6386,167987,71895,116357,26197,2884,172590,24749,27021,101472,3143,14170,140005,111788,63934,68916,32481,34738,142474,116684,132810,78949,94365,131620,18930,7800,149917,39469,133970,146935,74139,136032,35502,174420,164970,151469,94706,70275,78835,48866,140128,23541,151162,150544,133424,137574,1427,76192,38513,112719,57213,113631,6336,54186,68454,82373,52170,30100,165321,47271,49019,62701,39698,5027,145627,19316,115936,144960,146799,129378,55469,23402,120567,23561,164151,137010,74269,86870,153867,132210,10359,146182,87593,162145,142884,161426,122295,96885,154188,60189,132022,124740,6281,67968,6121,136391,108609,99353,167724,158095,125806,129456,96265,52558,36778,171576,49803,105618,172706,82710,170041,9056,91589,132914,101519,112757,10252,77710,36605,102335,65833,15371,50184,24095,102230,128937,163729,104705,144547,88666,94917,62179,82258,24674,89608,117096,110425,92439,70121,98010,65246,88521,105379,51346,96149,120888,101830,31697,129331,54790,160152,172617,102539,1740,74020,123530,39820,12260,65767,143273,60371,92179,61876,83884,163656,70746,162069,167196,46684,134634,156855,85248,47561,130981,15654,38176,54896,68239,120500,38179,104214,158747,116708,168903,101942,60981,17408,104979,10037,41012,37273,164131,83414,122226,139562,30904,100223,41689,17622,35426,15772,111934,39863,579,48891,130302,115523,70657,166125,85636,122006,33691,80209,170305,87805,53975,109258,173481,128259,128572,113420,63985,108583,87540,154906,36639,67826,96144,68906,148250,92616,148691,122577,95480,114095,169914,93478,30187,36587,99735"
FLOCOS ARROZ CARAM GUIMARAES 100G,farinha de arroz,0.07081484152391251,f1_macro_on_full,minimize,"82577,26117,142042,137452,4653,130457,131656,7869,150273,31336,6386,167987,71895,116357,26197,2884,172590,24749,27021,101472,3143,14170,140005,111788,63934,68916,32481,34738,142474,116684,132810,78949,94365,131620,18930,7800,149917,39469,133970,146935,74139,136032,35502,174420,164970,151469,94706,70275,78835,48866,140128,23541,151162,150544,133424,137574,1427,76192,38513,112719,57213,113631,6336,54186,68454,82373,52170,30100,165321,47271,49019,62701,39698,5027,145627,19316,115936,144960,146799,129378,55469,23402,120567,23561,164151,137010,74269,86870,153867,132210,10359,146182,87593,162145,142884,161426,122295,96885,154188,60189,132022,124740,6281,67968,6121,136391,108609,99353,167724,158095,125806,129456,96265,52558,36778,171576,49803,105618,172706,82710,170041,9056,91589,132914,101519,112757,10252,77710,36605,102335,65833,15371,50184,24095,102230,128937,163729,104705,144547,88666,94917,62179,82258,24674,89608,117096,110425,92439,70121,98010,65246,88521,105379,51346,96149,120888,101830,31697,129331,54790,160152,172617,102539,1740,74020,123530,39820,12260,65767,143273,60371,92179,61876,83884,163656,70746,162069,167196,46684,134634,156855,85248,47561,130981,15654,38176,54896,68239,120500,38179,104214,158747,116708,168903,101942,60981,17408,104979,10037,41012,37273,164131,83414,122226,139562,30904,100223,41689,17622,35426,15772,111934,39863,579,48891,130302,115523,70657,166125,85636,122006,33691,80209,170305,87805,53975,109258,173481,128259,128572,113420,63985,108583,87540,154906,36639,67826,96144,68906,148250,92616,148691,122577,95480,114095,169914,93478,30187,36587,99735"
BROCOLIS NINJA 200G  200G,brocolis,0.07081484152391251,f1_macro_on_full,minimize,"82577,26117,142042,137452,4653,130457,131656,7869,150273,31336,6386,167987,71895,116357,26197,2884,172590,24749,27021,101472,3143,14170,140005,111788,63934,68916,32481,34738,142474,116684,132810,78949,94365,131620,18930,7800,149917,39469,133970,146935,74139,136032,35502,174420,164970,151469,94706,70275,78835,48866,140128,23541,151162,150544,133424,137574,1427,76192,38513,112719,57213,113631,6336,54186,68454,82373,52170,30100,165321,47271,49019,62701,39698,5027,145627,19316,115936,144960,146799,129378,55469,23402,120567,23561,164151,137010,74269,86870,153867,132210,10359,146182,87593,162145,142884,161426,122295,96885,154188,60189,132022,124740,6281,67968,6121,136391,108609,99353,167724,158095,125806,129456,96265,52558,36778,171576,49803,105618,172706,82710,170041,9056,91589,132914,101519,112757,10252,77710,36605,102335,65833,15371,50184,24095,102230,128937,163729,104705,144547,88666,94917,62179,82258,24674,89608,117096,110425,92439,70121,98010,65246,88521,105379,51346,96149,120888,101830,31697,129331,54790,160152,172617,102539,1740,74020,123530,39820,12260,65767,143273,60371,92179,61876,83884,163656,70746,162069,167196,46684,134634,156855,85248,47561,130981,15654,38176,54896,68239,120500,38179,104214,158747,116708,168903,101942,60981,17408,104979,10037,41012,37273,164131,83414,122226,139562,30904,100223,41689,17622,35426,15772,111934,39863,579,48891,130302,115523,70657,166125,85636,122006,33691,80209,170305,87805,53975,109258,173481,128259,128572,113420,63985,108583,87540,154906,36639,67826,96144,68906,148250,92616,148691,122577,95480,114095,169914,93478,30187,36587,99735"
PALMITO PUPUNHA PALMEIRON RODELA VD 300G,palmito,0.07081484152391251,f1_macro_on_full,minimize,"82577,26117,142042,137452,4653,130457,131656,7869,150273,31336,6386,167987,71895,116357,26197,2884,172590,24749,27021,101472,3143,14170,140005,111788,63934,68916,32481,34738,142474,116684,132810,78949,94365,131620,18930,7800,149917,39469,133970,146935,74139,136032,35502,174420,164970,151469,94706,70275,78835,48866,140128,23541,151162,150544,133424,137574,1427,76192,38513,112719,57213,113631,6336,54186,68454,82373,52170,30100,165321,47271,49019,62701,39698,5027,145627,19316,115936,144960,146799,129378,55469,23402,120567,23561,164151,137010,74269,86870,153867,132210,10359,146182,87593,162145,142884,161426,122295,96885,154188,60189,132022,124740,6281,67968,6121,136391,108609,99353,167724,158095,125806,129456,96265,52558,36778,171576,49803,105618,172706,82710,170041,9056,91589,132914,101519,112757,10252,77710,36605,102335,65833,15371,50184,24095,102230,128937,163729,104705,144547,88666,94917,62179,82258,24674,89608,117096,110425,92439,70121,98010,65246,88521,105379,51346,96149,120888,101830,31697,129331,54790,160152,172617,102539,1740,74020,123530,39820,12260,65767,143273,60371,92179,61876,83884,163656,70746,162069,167196,46684,134634,156855,85248,47561,130981,15654,38176,54896,68239,120500,38179,104214,158747,116708,168903,101942,60981,17408,104979,10037,41012,37273,164131,83414,122226,139562,30904,100223,41689,17622,35426,15772,111934,39863,579,48891,130302,115523,70657,166125,85636,122006,33691,80209,170305,87805,53975,109258,173481,128259,128572,113420,63985,108583,87540,154906,36639,67826,96144,68906,148250,92616,148691,122577,95480,114095,169914,93478,30187,36587,99735"
CHOC TAB BCO GALAK 90G,chocolate,0.07081484152391251,f1_macro_on_full,minimize,"82577,26117,142042,137452,4653,130457,131656,7869,150273,31336,6386,167987,71895,116357,26197,2884,172590,24749,27021,101472,3143,14170,140005,111788,63934,68916,32481,34738,142474,116684,132810,78949,94365,131620,18930,7800,149917,39469,133970,146935,74139,136032,35502,174420,164970,151469,94706,70275,78835,48866,140128,23541,151162,150544,133424,137574,1427,76192,38513,112719,57213,113631,6336,54186,68454,82373,52170,30100,165321,47271,49019,62701,39698,5027,145627,19316,115936,144960,146799,129378,55469,23402,120567,23561,164151,137010,74269,86870,153867,132210,10359,146182,87593,162145,142884,161426,122295,96885,154188,60189,132022,124740,6281,67968,6121,136391,108609,99353,167724,158095,125806,129456,96265,52558,36778,171576,49803,105618,172706,82710,170041,9056,91589,132914,101519,112757,10252,77710,36605,102335,65833,15371,50184,24095,102230,128937,163729,104705,144547,88666,94917,62179,82258,24674,89608,117096,110425,92439,70121,98010,65246,88521,105379,51346,96149,120888,101830,31697,129331,54790,160152,172617,102539,1740,74020,123530,39820,12260,65767,143273,60371,92179,61876,83884,163656,70746,162069,167196,46684,134634,156855,85248,47561,130981,15654,38176,54896,68239,120500,38179,104214,158747,116708,168903,101942,60981,17408,104979,10037,41012,37273,164131,83414,122226,139562,30904,100223,41689,17622,35426,15772,111934,39863,579,48891,130302,115523,70657,166125,85636,122006,33691,80209,170305,87805,53975,109258,173481,128259,128572,113420,63985,108583,87540,154906,36639,67826,96144,68906,148250,92616,148691,122577,95480,114095,169914,93478,30187,36587,99735"
BEB LAC YOPRO PROTEIN 15 BANANA 250ml,iogurte,0.07081484152391251,f1_macro_on_full,minimize,"82577,26117,142042,137452,4653,130457,131656,7869,150273,31336,6386,167987,71895,116357,26197,2884,172590,24749,27021,101472,3143,14170,140005,111788,63934,68916,32481,34738,142474,116684,132810,78949,94365,131620,18930,7800,149917,39469,133970,146935,74139,136032,35502,174420,164970,151469,94706,70275,78835,48866,140128,23541,151162,150544,133424,137574,1427,76192,38513,112719,57213,113631,6336,54186,68454,82373,52170,30100,165321,47271,49019,62701,39698,5027,145627,19316,115936,144960,146799,129378,55469,23402,120567,23561,164151,137010,74269,86870,153867,132210,10359,146182,87593,162145,142884,161426,122295,96885,154188,60189,132022,124740,6281,67968,6121,136391,108609,99353,167724,158095,125806,129456,96265,52558,36778,171576,49803,105618,172706,82710,170041,9056,91589,132914,101519,112757,10252,77710,36605,102335,65833,15371,50184,24095,102230,128937,163729,104705,144547,88666,94917,62179,82258,24674,89608,117096,110425,92439,70121,98010,65246,88521,105379,51346,96149,120888,101830,31697,129331,54790,160152,172617,102539,1740,74020,123530,39820,12260,65767,143273,60371,92179,61876,83884,163656,70746,162069,167196,46684,134634,156855,85248,47561,130981,15654,38176,54896,68239,120500,38179,104214,158747,116708,168903,101942,60981,17408,104979,10037,41012,37273,164131,83414,122226,139562,30904,100223,41689,17622,35426,15772,111934,39863,579,48891,130302,115523,70657,166125,85636,122006,33691,80209,170305,87805,53975,109258,173481,128259,128572,113420,63985,108583,87540,154906,36639,67826,96144,68906,148250,92616,148691,122577,95480,114095,169914,93478,30187,36587,99735"
"IOG NESTLE GREGO 90g, TORTA TRADICIONAL",iogurte,0.07081484152391251,f1_macro_on_full,minimize,"82577,26117,142042,137452,4653,130457,131656,7869,150273,31336,6386,167987,71895,116357,26197,2884,172590,24749,27021,101472,3143,14170,140005,111788,63934,68916,32481,34738,142474,116684,132810,78949,94365,131620,18930,7800,149917,39469,133970,146935,74139,136032,35502,174420,164970,151469,94706,70275,78835,48866,140128,23541,151162,150544,133424,137574,1427,76192,38513,112719,57213,113631,6336,54186,68454,82373,52170,30100,165321,47271,49019,62701,39698,5027,145627,19316,115936,144960,146799,129378,55469,23402,120567,23561,164151,137010,74269,86870,153867,132210,10359,146182,87593,162145,142884,161426,122295,96885,154188,60189,132022,124740,6281,67968,6121,136391,108609,99353,167724,158095,125806,129456,96265,52558,36778,171576,49803,105618,172706,82710,170041,9056,91589,132914,101519,112757,10252,77710,36605,102335,65833,15371,50184,24095,102230,128937,163729,104705,144547,88666,94917,62179,82258,24674,89608,117096,110425,92439,70121,98010,65246,88521,105379,51346,96149,120888,101830,31697,129331,54790,160152,172617,102539,1740,74020,123530,39820,12260,65767,143273,60371,92179,61876,83884,163656,70746,162069,167196,46684,134634,156855,85248,47561,130981,15654,38176,54896,68239,120500,38179,104214,158747,116708,168903,101942,60981,17408,104979,10037,41012,37273,164131,83414,122226,139562,30904,100223,41689,17622,35426,15772,111934,39863,579,48891,130302,115523,70657,166125,85636,122006,33691,80209,170305,87805,53975,109258,173481,128259,128572,113420,63985,108583,87540,154906,36639,67826,96144,68906,148250,92616,148691,122577,95480,114095,169914,93478,30187,36587,99735"
"MAC RENATA 500G OVOS, FIDEL 10",macarrao,0.07081484152391251,f1_macro_on_full,minimize,"82577,26117,142042,137452,4653,130457,131656,7869,150273,31336,6386,167987,71895,116357,26197,2884,172590,24749,27021,101472,3143,14170,140005,111788,63934,68916,32481,34738,142474,116684,132810,78949,94365,131620,18930,7800,149917,39469,133970,146935,74139,136032,35502,174420,164970,151469,94706,70275,78835,48866,140128,23541,151162,150544,133424,137574,1427,76192,38513,112719,57213,113631,6336,54186,68454,82373,52170,30100,165321,47271,49019,62701,39698,5027,145627,19316,115936,144960,146799,129378,55469,23402,120567,23561,164151,137010,74269,86870,153867,132210,10359,146182,87593,162145,142884,161426,122295,96885,154188,60189,132022,124740,6281,67968,6121,136391,108609,99353,167724,158095,125806,129456,96265,52558,36778,171576,49803,105618,172706,82710,170041,9056,91589,132914,101519,112757,10252,77710,36605,102335,65833,15371,50184,24095,102230,128937,163729,104705,144547,88666,94917,62179,82258,24674,89608,117096,110425,92439,70121,98010,65246,88521,105379,51346,96149,120888,101830,31697,129331,54790,160152,172617,102539,1740,74020,123530,39820,12260,65767,143273,60371,92179,61876,83884,163656,70746,162069,167196,46684,134634,156855,85248,47561,130981,15654,38176,54896,68239,120500,38179,104214,158747,116708,168903,101942,60981,17408,104979,10037,41012,37273,164131,83414,122226,139562,30904,100223,41689,17622,35426,15772,111934,39863,579,48891,130302,115523,70657,166125,85636,122006,33691,80209,170305,87805,53975,109258,173481,128259,128572,113420,63985,108583,87540,154906,36639,67826,96144,68906,148250,92616,148691,122577,95480,114095,169914,93478,30187,36587,99735"
QJO RAL PARM TEIXEIRA 40G,queijo,0.07081484152391251,f1_macro_on_full,minimize,"82577,26117,142042,137452,4653,130457,131656,7869,150273,31336,6386,167987,71895,116357,26197,2884,172590,24749,27021,101472,3143,14170,140005,111788,63934,68916,32481,34738,142474,116684,132810,78949,94365,131620,18930,7800,149917,39469,133970,146935,74139,136032,35502,174420,164970,151469,94706,70275,78835,48866,140128,23541,151162,150544,133424,137574,1427,76192,38513,112719,57213,113631,6336,54186,68454,82373,52170,30100,165321,47271,49019,62701,39698,5027,145627,19316,115936,144960,146799,129378,55469,23402,120567,23561,164151,137010,74269,86870,153867,132210,10359,146182,87593,162145,142884,161426,122295,96885,154188,60189,132022,124740,6281,67968,6121,136391,108609,99353,167724,158095,125806,129456,96265,52558,36778,171576,49803,105618,172706,82710,170041,9056,91589,132914,101519,112757,10252,77710,36605,102335,65833,15371,50184,24095,102230,128937,163729,104705,144547,88666,94917,62179,82258,24674,89608,117096,110425,92439,70121,98010,65246,88521,105379,51346,96149,120888,101830,31697,129331,54790,160152,172617,102539,1740,74020,123530,39820,12260,65767,143273,60371,92179,61876,83884,163656,70746,162069,167196,46684,134634,156855,85248,47561,130981,15654,38176,54896,68239,120500,38179,104214,158747,116708,168903,101942,60981,17408,104979,10037,41012,37273,164131,83414,122226,139562,30904,100223,41689,17622,35426,15772,111934,39863,579,48891,130302,115523,70657,166125,85636,122006,33691,80209,170305,87805,53975,109258,173481,128259,128572,113420,63985,108583,87540,154906,36639,67826,96144,68906,148250,92616,148691,122577,95480,114095,169914,93478,30187,36587,99735"
BEB C/SUCO MAGUARY 200ML UVA,suco pronto,0.07081484152391251,f1_macro_on_full,minimize,"82577,26117,142042,137452,4653,130457,131656,7869,150273,31336,6386,167987,71895,116357,26197,2884,172590,24749,27021,101472,3143,14170,140005,111788,63934,68916,32481,34738,142474,116684,132810,78949,94365,131620,18930,7800,149917,39469,133970,146935,74139,136032,35502,174420,164970,151469,94706,70275,78835,48866,140128,23541,151162,150544,133424,137574,1427,76192,38513,112719,57213,113631,6336,54186,68454,82373,52170,30100,165321,47271,49019,62701,39698,5027,145627,19316,115936,144960,146799,129378,55469,23402,120567,23561,164151,137010,74269,86870,153867,132210,10359,146182,87593,162145,142884,161426,122295,96885,154188,60189,132022,124740,6281,67968,6121,136391,108609,99353,167724,158095,125806,129456,96265,52558,36778,171576,49803,105618,172706,82710,170041,9056,91589,132914,101519,112757,10252,77710,36605,102335,65833,15371,50184,24095,102230,128937,163729,104705,144547,88666,94917,62179,82258,24674,89608,117096,110425,92439,70121,98010,65246,88521,105379,51346,96149,120888,101830,31697,129331,54790,160152,172617,102539,1740,74020,123530,39820,12260,65767,143273,60371,92179,61876,83884,163656,70746,162069,167196,46684,134634,156855,85248,47561,130981,15654,38176,54896,68239,120500,38179,104214,158747,116708,168903,101942,60981,17408,104979,10037,41012,37273,164131,83414,122226,139562,30904,100223,41689,17622,35426,15772,111934,39863,579,48891,130302,115523,70657,166125,85636,122006,33691,80209,170305,87805,53975,109258,173481,128259,128572,113420,63985,108583,87540,154906,36639,67826,96144,68906,148250,92616,148691,122577,95480,114095,169914,93478,30187,36587,99735"
ASA FRANGO MACEDO RESF (MP)          KG,carne de ave,0.07081484152391251,f1_macro_on_full,minimize,"82577,26117,142042,137452,4653,130457,131656,7869,150273,31336,6386,167987,71895,116357,26197,2884,172590,24749,27021,101472,3143,14170,140005,111788,63934,68916,32481,34738,142474,116684,132810,78949,94365,131620,18930,7800,149917,39469,133970,146935,74139,136032,35502,174420,164970,151469,94706,70275,78835,48866,140128,23541,151162,150544,133424,137574,1427,76192,38513,112719,57213,113631,6336,54186,68454,82373,52170,30100,165321,47271,49019,62701,39698,5027,145627,19316,115936,144960,146799,129378,55469,23402,120567,23561,164151,137010,74269,86870,153867,132210,10359,146182,87593,162145,142884,161426,122295,96885,154188,60189,132022,124740,6281,67968,6121,136391,108609,99353,167724,158095,125806,129456,96265,52558,36778,171576,49803,105618,172706,82710,170041,9056,91589,132914,101519,112757,10252,77710,36605,102335,65833,15371,50184,24095,102230,128937,163729,104705,144547,88666,94917,62179,82258,24674,89608,117096,110425,92439,70121,98010,65246,88521,105379,51346,96149,120888,101830,31697,129331,54790,160152,172617,102539,1740,74020,123530,39820,12260,65767,143273,60371,92179,61876,83884,163656,70746,162069,167196,46684,134634,156855,85248,47561,130981,15654,38176,54896,68239,120500,38179,104214,158747,116708,168903,101942,60981,17408,104979,10037,41012,37273,164131,83414,122226,139562,30904,100223,41689,17622,35426,15772,111934,39863,579,48891,130302,115523,70657,166125,85636,122006,33691,80209,170305,87805,53975,109258,173481,128259,128572,113420,63985,108583,87540,154906,36639,67826,96144,68906,148250,92616,148691,122577,95480,114095,169914,93478,30187,36587,99735"
DETERGENTE PO BRILHANTE P CUID TOTAL,lava roupas,0.07081484152391251,f1_macro_on_full,minimize,"82577,26117,142042,137452,4653,130457,131656,7869,150273,31336,6386,167987,71895,116357,26197,2884,172590,24749,27021,101472,3143,14170,140005,111788,63934,68916,32481,34738,142474,116684,132810,78949,94365,131620,18930,7800,149917,39469,133970,146935,74139,136032,35502,174420,164970,151469,94706,70275,78835,48866,140128,23541,151162,150544,133424,137574,1427,76192,38513,112719,57213,113631,6336,54186,68454,82373,52170,30100,165321,47271,49019,62701,39698,5027,145627,19316,115936,144960,146799,129378,55469,23402,120567,23561,164151,137010,74269,86870,153867,132210,10359,146182,87593,162145,142884,161426,122295,96885,154188,60189,132022,124740,6281,67968,6121,136391,108609,99353,167724,158095,125806,129456,96265,52558,36778,171576,49803,105618,172706,82710,170041,9056,91589,132914,101519,112757,10252,77710,36605,102335,65833,15371,50184,24095,102230,128937,163729,104705,144547,88666,94917,62179,82258,24674,89608,117096,110425,92439,70121,98010,65246,88521,105379,51346,96149,120888,101830,31697,129331,54790,160152,172617,102539,1740,74020,123530,39820,12260,65767,143273,60371,92179,61876,83884,163656,70746,162069,167196,46684,134634,156855,85248,47561,130981,15654,38176,54896,68239,120500,38179,104214,158747,116708,168903,101942,60981,17408,104979,10037,41012,37273,164131,83414,122226,139562,30904,100223,41689,17622,35426,15772,111934,39863,579,48891,130302,115523,70657,166125,85636,122006,33691,80209,170305,87805,53975,109258,173481,128259,128572,113420,63985,108583,87540,154906,36639,67826,96144,68906,148250,92616,148691,122577,95480,114095,169914,93478,30187,36587,99735"
SB YPE COCO BRANCO 200G,sabao em pedra,0.07081484152391251,f1_macro_on_full,minimize,"82577,26117,142042,137452,4653,130457,131656,7869,150273,31336,6386,167987,71895,116357,26197,2884,172590,24749,27021,101472,3143,14170,140005,111788,63934,68916,32481,34738,142474,116684,132810,78949,94365,131620,18930,7800,149917,39469,133970,146935,74139,136032,35502,174420,164970,151469,94706,70275,78835,48866,140128,23541,151162,150544,133424,137574,1427,76192,38513,112719,57213,113631,6336,54186,68454,82373,52170,30100,165321,47271,49019,62701,39698,5027,145627,19316,115936,144960,146799,129378,55469,23402,120567,23561,164151,137010,74269,86870,153867,132210,10359,146182,87593,162145,142884,161426,122295,96885,154188,60189,132022,124740,6281,67968,6121,136391,108609,99353,167724,158095,125806,129456,96265,52558,36778,171576,49803,105618,172706,82710,170041,9056,91589,132914,101519,112757,10252,77710,36605,102335,65833,15371,50184,24095,102230,128937,163729,104705,144547,88666,94917,62179,82258,24674,89608,117096,110425,92439,70121,98010,65246,88521,105379,51346,96149,120888,101830,31697,129331,54790,160152,172617,102539,1740,74020,123530,39820,12260,65767,143273,60371,92179,61876,83884,163656,70746,162069,167196,46684,134634,156855,85248,47561,130981,15654,38176,54896,68239,120500,38179,104214,158747,116708,168903,101942,60981,17408,104979,10037,41012,37273,164131,83414,122226,139562,30904,100223,41689,17622,35426,15772,111934,39863,579,48891,130302,115523,70657,166125,85636,122006,33691,80209,170305,87805,53975,109258,173481,128259,128572,113420,63985,108583,87540,154906,36639,67826,96144,68906,148250,92616,148691,122577,95480,114095,169914,93478,30187,36587,99735"
ALIM INF PICADINHO CARNE NESTLE 170G,alimento pronto de bebe,0.07081484152391251,f1_macro_on_full,minimize,"82577,26117,142042,137452,4653,130457,131656,7869,150273,31336,6386,167987,71895,116357,26197,2884,172590,24749,27021,101472,3143,14170,140005,111788,63934,68916,32481,34738,142474,116684,132810,78949,94365,131620,18930,7800,149917,39469,133970,146935,74139,136032,35502,174420,164970,151469,94706,70275,78835,48866,140128,23541,151162,150544,133424,137574,1427,76192,38513,112719,57213,113631,6336,54186,68454,82373,52170,30100,165321,47271,49019,62701,39698,5027,145627,19316,115936,144960,146799,129378,55469,23402,120567,23561,164151,137010,74269,86870,153867,132210,10359,146182,87593,162145,142884,161426,122295,96885,154188,60189,132022,124740,6281,67968,6121,136391,108609,99353,167724,158095,125806,129456,96265,52558,36778,171576,49803,105618,172706,82710,170041,9056,91589,132914,101519,112757,10252,77710,36605,102335,65833,15371,50184,24095,102230,128937,163729,104705,144547,88666,94917,62179,82258,24674,89608,117096,110425,92439,70121,98010,65246,88521,105379,51346,96149,120888,101830,31697,129331,54790,160152,172617,102539,1740,74020,123530,39820,12260,65767,143273,60371,92179,61876,83884,163656,70746,162069,167196,46684,134634,156855,85248,47561,130981,15654,38176,54896,68239,120500,38179,104214,158747,116708,168903,101942,60981,17408,104979,10037,41012,37273,164131,83414,122226,139562,30904,100223,41689,17622,35426,15772,111934,39863,579,48891,130302,115523,70657,166125,85636,122006,33691,80209,170305,87805,53975,109258,173481,128259,128572,113420,63985,108583,87540,154906,36639,67826,96144,68906,148250,92616,148691,122577,95480,114095,169914,93478,30187,36587,99735"
SUCO PRATS 4L-GL INTEG LAR,suco pronto,0.07081484152391251,f1_macro_on_full,minimize,"82577,26117,142042,137452,4653,130457,131656,7869,150273,31336,6386,167987,71895,116357,26197,2884,172590,24749,27021,101472,3143,14170,140005,111788,63934,68916,32481,34738,142474,116684,132810,78949,94365,131620,18930,7800,149917,39469,133970,146935,74139,136032,35502,174420,164970,151469,94706,70275,78835,48866,140128,23541,151162,150544,133424,137574,1427,76192,38513,112719,57213,113631,6336,54186,68454,82373,52170,30100,165321,47271,49019,62701,39698,5027,145627,19316,115936,144960,146799,129378,55469,23402,120567,23561,164151,137010,74269,86870,153867,132210,10359,146182,87593,162145,142884,161426,122295,96885,154188,60189,132022,124740,6281,67968,6121,136391,108609,99353,167724,158095,125806,129456,96265,52558,36778,171576,49803,105618,172706,82710,170041,9056,91589,132914,101519,112757,10252,77710,36605,102335,65833,15371,50184,24095,102230,128937,163729,104705,144547,88666,94917,62179,82258,24674,89608,117096,110425,92439,70121,98010,65246,88521,105379,51346,96149,120888,101830,31697,129331,54790,160152,172617,102539,1740,74020,123530,39820,12260,65767,143273,60371,92179,61876,83884,163656,70746,162069,167196,46684,134634,156855,85248,47561,130981,15654,38176,54896,68239,120500,38179,104214,158747,116708,168903,101942,60981,17408,104979,10037,41012,37273,164131,83414,122226,139562,30904,100223,41689,17622,35426,15772,111934,39863,579,48891,130302,115523,70657,166125,85636,122006,33691,80209,170305,87805,53975,109258,173481,128259,128572,113420,63985,108583,87540,154906,36639,67826,96144,68906,148250,92616,148691,122577,95480,114095,169914,93478,30187,36587,99735"
LIMP L PESADA VEJA FLOR CAMPESTRE 1L,multiuso,0.07081484152391251,f1_macro_on_full,minimize,"82577,26117,142042,137452,4653,130457,131656,7869,150273,31336,6386,167987,71895,116357,26197,2884,172590,24749,27021,101472,3143,14170,140005,111788,63934,68916,32481,34738,142474,116684,132810,78949,94365,131620,18930,7800,149917,39469,133970,146935,74139,136032,35502,174420,164970,151469,94706,70275,78835,48866,140128,23541,151162,150544,133424,137574,1427,76192,38513,112719,57213,113631,6336,54186,68454,82373,52170,30100,165321,47271,49019,62701,39698,5027,145627,19316,115936,144960,146799,129378,55469,23402,120567,23561,164151,137010,74269,86870,153867,132210,10359,146182,87593,162145,142884,161426,122295,96885,154188,60189,132022,124740,6281,67968,6121,136391,108609,99353,167724,158095,125806,129456,96265,52558,36778,171576,49803,105618,172706,82710,170041,9056,91589,132914,101519,112757,10252,77710,36605,102335,65833,15371,50184,24095,102230,128937,163729,104705,144547,88666,94917,62179,82258,24674,89608,117096,110425,92439,70121,98010,65246,88521,105379,51346,96149,120888,101830,31697,129331,54790,160152,172617,102539,1740,74020,123530,39820,12260,65767,143273,60371,92179,61876,83884,163656,70746,162069,167196,46684,134634,156855,85248,47561,130981,15654,38176,54896,68239,120500,38179,104214,158747,116708,168903,101942,60981,17408,104979,10037,41012,37273,164131,83414,122226,139562,30904,100223,41689,17622,35426,15772,111934,39863,579,48891,130302,115523,70657,166125,85636,122006,33691,80209,170305,87805,53975,109258,173481,128259,128572,113420,63985,108583,87540,154906,36639,67826,96144,68906,148250,92616,148691,122577,95480,114095,169914,93478,30187,36587,99735"
CR D COLGATE 220G TR ACAO,creme dental,0.07081484152391251,f1_macro_on_full,minimize,"82577,26117,142042,137452,4653,130457,131656,7869,150273,31336,6386,167987,71895,116357,26197,2884,172590,24749,27021,101472,3143,14170,140005,111788,63934,68916,32481,34738,142474,116684,132810,78949,94365,131620,18930,7800,149917,39469,133970,146935,74139,136032,35502,174420,164970,151469,94706,70275,78835,48866,140128,23541,151162,150544,133424,137574,1427,76192,38513,112719,57213,113631,6336,54186,68454,82373,52170,30100,165321,47271,49019,62701,39698,5027,145627,19316,115936,144960,146799,129378,55469,23402,120567,23561,164151,137010,74269,86870,153867,132210,10359,146182,87593,162145,142884,161426,122295,96885,154188,60189,132022,124740,6281,67968,6121,136391,108609,99353,167724,158095,125806,129456,96265,52558,36778,171576,49803,105618,172706,82710,170041,9056,91589,132914,101519,112757,10252,77710,36605,102335,65833,15371,50184,24095,102230,128937,163729,104705,144547,88666,94917,62179,82258,24674,89608,117096,110425,92439,70121,98010,65246,88521,105379,51346,96149,120888,101830,31697,129331,54790,160152,172617,102539,1740,74020,123530,39820,12260,65767,143273,60371,92179,61876,83884,163656,70746,162069,167196,46684,134634,156855,85248,47561,130981,15654,38176,54896,68239,120500,38179,104214,158747,116708,168903,101942,60981,17408,104979,10037,41012,37273,164131,83414,122226,139562,30904,100223,41689,17622,35426,15772,111934,39863,579,48891,130302,115523,70657,166125,85636,122006,33691,80209,170305,87805,53975,109258,173481,128259,128572,113420,63985,108583,87540,154906,36639,67826,96144,68906,148250,92616,148691,122577,95480,114095,169914,93478,30187,36587,99735"
LEITE PIRACANJUBA Z.LACTP   1LT,leite,0.07081484152391251,f1_macro_on_full,minimize,"82577,26117,142042,137452,4653,130457,131656,7869,150273,31336,6386,167987,71895,116357,26197,2884,172590,24749,27021,101472,3143,14170,140005,111788,63934,68916,32481,34738,142474,116684,132810,78949,94365,131620,18930,7800,149917,39469,133970,146935,74139,136032,35502,174420,164970,151469,94706,70275,78835,48866,140128,23541,151162,150544,133424,137574,1427,76192,38513,112719,57213,113631,6336,54186,68454,82373,52170,30100,165321,47271,49019,62701,39698,5027,145627,19316,115936,144960,146799,129378,55469,23402,120567,23561,164151,137010,74269,86870,153867,132210,10359,146182,87593,162145,142884,161426,122295,96885,154188,60189,132022,124740,6281,67968,6121,136391,108609,99353,167724,158095,125806,129456,96265,52558,36778,171576,49803,105618,172706,82710,170041,9056,91589,132914,101519,112757,10252,77710,36605,102335,65833,15371,50184,24095,102230,128937,163729,104705,144547,88666,94917,62179,82258,24674,89608,117096,110425,92439,70121,98010,65246,88521,105379,51346,96149,120888,101830,31697,129331,54790,160152,172617,102539,1740,74020,123530,39820,12260,65767,143273,60371,92179,61876,83884,163656,70746,162069,167196,46684,134634,156855,85248,47561,130981,15654,38176,54896,68239,120500,38179,104214,158747,116708,168903,101942,60981,17408,104979,10037,41012,37273,164131,83414,122226,139562,30904,100223,41689,17622,35426,15772,111934,39863,579,48891,130302,115523,70657,166125,85636,122006,33691,80209,170305,87805,53975,109258,173481,128259,128572,113420,63985,108583,87540,154906,36639,67826,96144,68906,148250,92616,148691,122577,95480,114095,169914,93478,30187,36587,99735"
CERVEJA LAGUNITAS 350ML IPA INDIA PELE,cerveja,0.07081484152391251,f1_macro_on_full,minimize,"82577,26117,142042,137452,4653,130457,131656,7869,150273,31336,6386,167987,71895,116357,26197,2884,172590,24749,27021,101472,3143,14170,140005,111788,63934,68916,32481,34738,142474,116684,132810,78949,94365,131620,18930,7800,149917,39469,133970,146935,74139,136032,35502,174420,164970,151469,94706,70275,78835,48866,140128,23541,151162,150544,133424,137574,1427,76192,38513,112719,57213,113631,6336,54186,68454,82373,52170,30100,165321,47271,49019,62701,39698,5027,145627,19316,115936,144960,146799,129378,55469,23402,120567,23561,164151,137010,74269,86870,153867,132210,10359,146182,87593,162145,142884,161426,122295,96885,154188,60189,132022,124740,6281,67968,6121,136391,108609,99353,167724,158095,125806,129456,96265,52558,36778,171576,49803,105618,172706,82710,170041,9056,91589,132914,101519,112757,10252,77710,36605,102335,65833,15371,50184,24095,102230,128937,163729,104705,144547,88666,94917,62179,82258,24674,89608,117096,110425,92439,70121,98010,65246,88521,105379,51346,96149,120888,101830,31697,129331,54790,160152,172617,102539,1740,74020,123530,39820,12260,65767,143273,60371,92179,61876,83884,163656,70746,162069,167196,46684,134634,156855,85248,47561,130981,15654,38176,54896,68239,120500,38179,104214,158747,116708,168903,101942,60981,17408,104979,10037,41012,37273,164131,83414,122226,139562,30904,100223,41689,17622,35426,15772,111934,39863,579,48891,130302,115523,70657,166125,85636,122006,33691,80209,170305,87805,53975,109258,173481,128259,128572,113420,63985,108583,87540,154906,36639,67826,96144,68906,148250,92616,148691,122577,95480,114095,169914,93478,30187,36587,99735"
SALADA FRUTA 250G C/GRANOLA N2,prato pronto,0.07081484152391251,f1_macro_on_full,minimize,"82577,26117,142042,137452,4653,130457,131656,7869,150273,31336,6386,167987,71895,116357,26197,2884,172590,24749,27021,101472,3143,14170,140005,111788,63934,68916,32481,34738,142474,116684,132810,78949,94365,131620,18930,7800,149917,39469,133970,146935,74139,136032,35502,174420,164970,151469,94706,70275,78835,48866,140128,23541,151162,150544,133424,137574,1427,76192,38513,112719,57213,113631,6336,54186,68454,82373,52170,30100,165321,47271,49019,62701,39698,5027,145627,19316,115936,144960,146799,129378,55469,23402,120567,23561,164151,137010,74269,86870,153867,132210,10359,146182,87593,162145,142884,161426,122295,96885,154188,60189,132022,124740,6281,67968,6121,136391,108609,99353,167724,158095,125806,129456,96265,52558,36778,171576,49803,105618,172706,82710,170041,9056,91589,132914,101519,112757,10252,77710,36605,102335,65833,15371,50184,24095,102230,128937,163729,104705,144547,88666,94917,62179,82258,24674,89608,117096,110425,92439,70121,98010,65246,88521,105379,51346,96149,120888,101830,31697,129331,54790,160152,172617,102539,1740,74020,123530,39820,12260,65767,143273,60371,92179,61876,83884,163656,70746,162069,167196,46684,134634,156855,85248,47561,130981,15654,38176,54896,68239,120500,38179,104214,158747,116708,168903,101942,60981,17408,104979,10037,41012,37273,164131,83414,122226,139562,30904,100223,41689,17622,35426,15772,111934,39863,579,48891,130302,115523,70657,166125,85636,122006,33691,80209,170305,87805,53975,109258,173481,128259,128572,113420,63985,108583,87540,154906,36639,67826,96144,68906,148250,92616,148691,122577,95480,114095,169914,93478,30187,36587,99735"
OVO VERM ORG FAZ TOCA C/10 MED,ovo,0.07081484152391251,f1_macro_on_full,minimize,"82577,26117,142042,137452,4653,130457,131656,7869,150273,31336,6386,167987,71895,116357,26197,2884,172590,24749,27021,101472,3143,14170,140005,111788,63934,68916,32481,34738,142474,116684,132810,78949,94365,131620,18930,7800,149917,39469,133970,146935,74139,136032,35502,174420,164970,151469,94706,70275,78835,48866,140128,23541,151162,150544,133424,137574,1427,76192,38513,112719,57213,113631,6336,54186,68454,82373,52170,30100,165321,47271,49019,62701,39698,5027,145627,19316,115936,144960,146799,129378,55469,23402,120567,23561,164151,137010,74269,86870,153867,132210,10359,146182,87593,162145,142884,161426,122295,96885,154188,60189,132022,124740,6281,67968,6121,136391,108609,99353,167724,158095,125806,129456,96265,52558,36778,171576,49803,105618,172706,82710,170041,9056,91589,132914,101519,112757,10252,77710,36605,102335,65833,15371,50184,24095,102230,128937,163729,104705,144547,88666,94917,62179,82258,24674,89608,117096,110425,92439,70121,98010,65246,88521,105379,51346,96149,120888,101830,31697,129331,54790,160152,172617,102539,1740,74020,123530,39820,12260,65767,143273,60371,92179,61876,83884,163656,70746,162069,167196,46684,134634,156855,85248,47561,130981,15654,38176,54896,68239,120500,38179,104214,158747,116708,168903,101942,60981,17408,104979,10037,41012,37273,164131,83414,122226,139562,30904,100223,41689,17622,35426,15772,111934,39863,579,48891,130302,115523,70657,166125,85636,122006,33691,80209,170305,87805,53975,109258,173481,128259,128572,113420,63985,108583,87540,154906,36639,67826,96144,68906,148250,92616,148691,122577,95480,114095,169914,93478,30187,36587,99735"
AGUARD ADOC JAMEL 965ML,cachaca,0.07081484152391251,f1_macro_on_full,minimize,"82577,26117,142042,137452,4653,130457,131656,7869,150273,31336,6386,167987,71895,116357,26197,2884,172590,24749,27021,101472,3143,14170,140005,111788,63934,68916,32481,34738,142474,116684,132810,78949,94365,131620,18930,7800,149917,39469,133970,146935,74139,136032,35502,174420,164970,151469,94706,70275,78835,48866,140128,23541,151162,150544,133424,137574,1427,76192,38513,112719,57213,113631,6336,54186,68454,82373,52170,30100,165321,47271,49019,62701,39698,5027,145627,19316,115936,144960,146799,129378,55469,23402,120567,23561,164151,137010,74269,86870,153867,132210,10359,146182,87593,162145,142884,161426,122295,96885,154188,60189,132022,124740,6281,67968,6121,136391,108609,99353,167724,158095,125806,129456,96265,52558,36778,171576,49803,105618,172706,82710,170041,9056,91589,132914,101519,112757,10252,77710,36605,102335,65833,15371,50184,24095,102230,128937,163729,104705,144547,88666,94917,62179,82258,24674,89608,117096,110425,92439,70121,98010,65246,88521,105379,51346,96149,120888,101830,31697,129331,54790,160152,172617,102539,1740,74020,123530,39820,12260,65767,143273,60371,92179,61876,83884,163656,70746,162069,167196,46684,134634,156855,85248,47561,130981,15654,38176,54896,68239,120500,38179,104214,158747,116708,168903,101942,60981,17408,104979,10037,41012,37273,164131,83414,122226,139562,30904,100223,41689,17622,35426,15772,111934,39863,579,48891,130302,115523,70657,166125,85636,122006,33691,80209,170305,87805,53975,109258,173481,128259,128572,113420,63985,108583,87540,154906,36639,67826,96144,68906,148250,92616,148691,122577,95480,114095,169914,93478,30187,36587,99735"
INSET RAID ELET 45 NOITES  RF C/3,repelente,0.07081484152391251,f1_macro_on_full,minimize,"82577,26117,142042,137452,4653,130457,131656,7869,150273,31336,6386,167987,71895,116357,26197,2884,172590,24749,27021,101472,3143,14170,140005,111788,63934,68916,32481,34738,142474,116684,132810,78949,94365,131620,18930,7800,149917,39469,133970,146935,74139,136032,35502,174420,164970,151469,94706,70275,78835,48866,140128,23541,151162,150544,133424,137574,1427,76192,38513,112719,57213,113631,6336,54186,68454,82373,52170,30100,165321,47271,49019,62701,39698,5027,145627,19316,115936,144960,146799,129378,55469,23402,120567,23561,164151,137010,74269,86870,153867,132210,10359,146182,87593,162145,142884,161426,122295,96885,154188,60189,132022,124740,6281,67968,6121,136391,108609,99353,167724,158095,125806,129456,96265,52558,36778,171576,49803,105618,172706,82710,170041,9056,91589,132914,101519,112757,10252,77710,36605,102335,65833,15371,50184,24095,102230,128937,163729,104705,144547,88666,94917,62179,82258,24674,89608,117096,110425,92439,70121,98010,65246,88521,105379,51346,96149,120888,101830,31697,129331,54790,160152,172617,102539,1740,74020,123530,39820,12260,65767,143273,60371,92179,61876,83884,163656,70746,162069,167196,46684,134634,156855,85248,47561,130981,15654,38176,54896,68239,120500,38179,104214,158747,116708,168903,101942,60981,17408,104979,10037,41012,37273,164131,83414,122226,139562,30904,100223,41689,17622,35426,15772,111934,39863,579,48891,130302,115523,70657,166125,85636,122006,33691,80209,170305,87805,53975,109258,173481,128259,128572,113420,63985,108583,87540,154906,36639,67826,96144,68906,148250,92616,148691,122577,95480,114095,169914,93478,30187,36587,99735"
ACAI TROPICAL MIX 2KG,acai,0.07081484152391251,f1_macro_on_full,minimize,"82577,26117,142042,137452,4653,130457,131656,7869,150273,31336,6386,167987,71895,116357,26197,2884,172590,24749,27021,101472,3143,14170,140005,111788,63934,68916,32481,34738,142474,116684,132810,78949,94365,131620,18930,7800,149917,39469,133970,146935,74139,136032,35502,174420,164970,151469,94706,70275,78835,48866,140128,23541,151162,150544,133424,137574,1427,76192,38513,112719,57213,113631,6336,54186,68454,82373,52170,30100,165321,47271,49019,62701,39698,5027,145627,19316,115936,144960,146799,129378,55469,23402,120567,23561,164151,137010,74269,86870,153867,132210,10359,146182,87593,162145,142884,161426,122295,96885,154188,60189,132022,124740,6281,67968,6121,136391,108609,99353,167724,158095,125806,129456,96265,52558,36778,171576,49803,105618,172706,82710,170041,9056,91589,132914,101519,112757,10252,77710,36605,102335,65833,15371,50184,24095,102230,128937,163729,104705,144547,88666,94917,62179,82258,24674,89608,117096,110425,92439,70121,98010,65246,88521,105379,51346,96149,120888,101830,31697,129331,54790,160152,172617,102539,1740,74020,123530,39820,12260,65767,143273,60371,92179,61876,83884,163656,70746,162069,167196,46684,134634,156855,85248,47561,130981,15654,38176,54896,68239,120500,38179,104214,158747,116708,168903,101942,60981,17408,104979,10037,41012,37273,164131,83414,122226,139562,30904,100223,41689,17622,35426,15772,111934,39863,579,48891,130302,115523,70657,166125,85636,122006,33691,80209,170305,87805,53975,109258,173481,128259,128572,113420,63985,108583,87540,154906,36639,67826,96144,68906,148250,92616,148691,122577,95480,114095,169914,93478,30187,36587,99735"
FJ FRAD TOZZO 500G,feijao,0.07081484152391251,f1_macro_on_full,minimize,"82577,26117,142042,137452,4653,130457,131656,7869,150273,31336,6386,167987,71895,116357,26197,2884,172590,24749,27021,101472,3143,14170,140005,111788,63934,68916,32481,34738,142474,116684,132810,78949,94365,131620,18930,7800,149917,39469,133970,146935,74139,136032,35502,174420,164970,151469,94706,70275,78835,48866,140128,23541,151162,150544,133424,137574,1427,76192,38513,112719,57213,113631,6336,54186,68454,82373,52170,30100,165321,47271,49019,62701,39698,5027,145627,19316,115936,144960,146799,129378,55469,23402,120567,23561,164151,137010,74269,86870,153867,132210,10359,146182,87593,162145,142884,161426,122295,96885,154188,60189,132022,124740,6281,67968,6121,136391,108609,99353,167724,158095,125806,129456,96265,52558,36778,171576,49803,105618,172706,82710,170041,9056,91589,132914,101519,112757,10252,77710,36605,102335,65833,15371,50184,24095,102230,128937,163729,104705,144547,88666,94917,62179,82258,24674,89608,117096,110425,92439,70121,98010,65246,88521,105379,51346,96149,120888,101830,31697,129331,54790,160152,172617,102539,1740,74020,123530,39820,12260,65767,143273,60371,92179,61876,83884,163656,70746,162069,167196,46684,134634,156855,85248,47561,130981,15654,38176,54896,68239,120500,38179,104214,158747,116708,168903,101942,60981,17408,104979,10037,41012,37273,164131,83414,122226,139562,30904,100223,41689,17622,35426,15772,111934,39863,579,48891,130302,115523,70657,166125,85636,122006,33691,80209,170305,87805,53975,109258,173481,128259,128572,113420,63985,108583,87540,154906,36639,67826,96144,68906,148250,92616,148691,122577,95480,114095,169914,93478,30187,36587,99735"
FACA TRAMONTINA CHURRASCO INOX 4 LEME PT,outro utensilio de cozinha,0.07081484152391251,f1_macro_on_full,minimize,"82577,26117,142042,137452,4653,130457,131656,7869,150273,31336,6386,167987,71895,116357,26197,2884,172590,24749,27021,101472,3143,14170,140005,111788,63934,68916,32481,34738,142474,116684,132810,78949,94365,131620,18930,7800,149917,39469,133970,146935,74139,136032,35502,174420,164970,151469,94706,70275,78835,48866,140128,23541,151162,150544,133424,137574,1427,76192,38513,112719,57213,113631,6336,54186,68454,82373,52170,30100,165321,47271,49019,62701,39698,5027,145627,19316,115936,144960,146799,129378,55469,23402,120567,23561,164151,137010,74269,86870,153867,132210,10359,146182,87593,162145,142884,161426,122295,96885,154188,60189,132022,124740,6281,67968,6121,136391,108609,99353,167724,158095,125806,129456,96265,52558,36778,171576,49803,105618,172706,82710,170041,9056,91589,132914,101519,112757,10252,77710,36605,102335,65833,15371,50184,24095,102230,128937,163729,104705,144547,88666,94917,62179,82258,24674,89608,117096,110425,92439,70121,98010,65246,88521,105379,51346,96149,120888,101830,31697,129331,54790,160152,172617,102539,1740,74020,123530,39820,12260,65767,143273,60371,92179,61876,83884,163656,70746,162069,167196,46684,134634,156855,85248,47561,130981,15654,38176,54896,68239,120500,38179,104214,158747,116708,168903,101942,60981,17408,104979,10037,41012,37273,164131,83414,122226,139562,30904,100223,41689,17622,35426,15772,111934,39863,579,48891,130302,115523,70657,166125,85636,122006,33691,80209,170305,87805,53975,109258,173481,128259,128572,113420,63985,108583,87540,154906,36639,67826,96144,68906,148250,92616,148691,122577,95480,114095,169914,93478,30187,36587,99735"
QUEIJO TIROLEZ 150GR MUSS LIGHT FAT,queijo,0.07081484152391251,f1_macro_on_full,minimize,"82577,26117,142042,137452,4653,130457,131656,7869,150273,31336,6386,167987,71895,116357,26197,2884,172590,24749,27021,101472,3143,14170,140005,111788,63934,68916,32481,34738,142474,116684,132810,78949,94365,131620,18930,7800,149917,39469,133970,146935,74139,136032,35502,174420,164970,151469,94706,70275,78835,48866,140128,23541,151162,150544,133424,137574,1427,76192,38513,112719,57213,113631,6336,54186,68454,82373,52170,30100,165321,47271,49019,62701,39698,5027,145627,19316,115936,144960,146799,129378,55469,23402,120567,23561,164151,137010,74269,86870,153867,132210,10359,146182,87593,162145,142884,161426,122295,96885,154188,60189,132022,124740,6281,67968,6121,136391,108609,99353,167724,158095,125806,129456,96265,52558,36778,171576,49803,105618,172706,82710,170041,9056,91589,132914,101519,112757,10252,77710,36605,102335,65833,15371,50184,24095,102230,128937,163729,104705,144547,88666,94917,62179,82258,24674,89608,117096,110425,92439,70121,98010,65246,88521,105379,51346,96149,120888,101830,31697,129331,54790,160152,172617,102539,1740,74020,123530,39820,12260,65767,143273,60371,92179,61876,83884,163656,70746,162069,167196,46684,134634,156855,85248,47561,130981,15654,38176,54896,68239,120500,38179,104214,158747,116708,168903,101942,60981,17408,104979,10037,41012,37273,164131,83414,122226,139562,30904,100223,41689,17622,35426,15772,111934,39863,579,48891,130302,115523,70657,166125,85636,122006,33691,80209,170305,87805,53975,109258,173481,128259,128572,113420,63985,108583,87540,154906,36639,67826,96144,68906,148250,92616,148691,122577,95480,114095,169914,93478,30187,36587,99735"
SAB PALMOLIVE 85G CARVAO,sabonete,0.07081484152391251,f1_macro_on_full,minimize,"82577,26117,142042,137452,4653,130457,131656,7869,150273,31336,6386,167987,71895,116357,26197,2884,172590,24749,27021,101472,3143,14170,140005,111788,63934,68916,32481,34738,142474,116684,132810,78949,94365,131620,18930,7800,149917,39469,133970,146935,74139,136032,35502,174420,164970,151469,94706,70275,78835,48866,140128,23541,151162,150544,133424,137574,1427,76192,38513,112719,57213,113631,6336,54186,68454,82373,52170,30100,165321,47271,49019,62701,39698,5027,145627,19316,115936,144960,146799,129378,55469,23402,120567,23561,164151,137010,74269,86870,153867,132210,10359,146182,87593,162145,142884,161426,122295,96885,154188,60189,132022,124740,6281,67968,6121,136391,108609,99353,167724,158095,125806,129456,96265,52558,36778,171576,49803,105618,172706,82710,170041,9056,91589,132914,101519,112757,10252,77710,36605,102335,65833,15371,50184,24095,102230,128937,163729,104705,144547,88666,94917,62179,82258,24674,89608,117096,110425,92439,70121,98010,65246,88521,105379,51346,96149,120888,101830,31697,129331,54790,160152,172617,102539,1740,74020,123530,39820,12260,65767,143273,60371,92179,61876,83884,163656,70746,162069,167196,46684,134634,156855,85248,47561,130981,15654,38176,54896,68239,120500,38179,104214,158747,116708,168903,101942,60981,17408,104979,10037,41012,37273,164131,83414,122226,139562,30904,100223,41689,17622,35426,15772,111934,39863,579,48891,130302,115523,70657,166125,85636,122006,33691,80209,170305,87805,53975,109258,173481,128259,128572,113420,63985,108583,87540,154906,36639,67826,96144,68906,148250,92616,148691,122577,95480,114095,169914,93478,30187,36587,99735"
LEITE PO DESN MOLICO 280G,leite em po,0.07081484152391251,f1_macro_on_full,minimize,"82577,26117,142042,137452,4653,130457,131656,7869,150273,31336,6386,167987,71895,116357,26197,2884,172590,24749,27021,101472,3143,14170,140005,111788,63934,68916,32481,34738,142474,116684,132810,78949,94365,131620,18930,7800,149917,39469,133970,146935,74139,136032,35502,174420,164970,151469,94706,70275,78835,48866,140128,23541,151162,150544,133424,137574,1427,76192,38513,112719,57213,113631,6336,54186,68454,82373,52170,30100,165321,47271,49019,62701,39698,5027,145627,19316,115936,144960,146799,129378,55469,23402,120567,23561,164151,137010,74269,86870,153867,132210,10359,146182,87593,162145,142884,161426,122295,96885,154188,60189,132022,124740,6281,67968,6121,136391,108609,99353,167724,158095,125806,129456,96265,52558,36778,171576,49803,105618,172706,82710,170041,9056,91589,132914,101519,112757,10252,77710,36605,102335,65833,15371,50184,24095,102230,128937,163729,104705,144547,88666,94917,62179,82258,24674,89608,117096,110425,92439,70121,98010,65246,88521,105379,51346,96149,120888,101830,31697,129331,54790,160152,172617,102539,1740,74020,123530,39820,12260,65767,143273,60371,92179,61876,83884,163656,70746,162069,167196,46684,134634,156855,85248,47561,130981,15654,38176,54896,68239,120500,38179,104214,158747,116708,168903,101942,60981,17408,104979,10037,41012,37273,164131,83414,122226,139562,30904,100223,41689,17622,35426,15772,111934,39863,579,48891,130302,115523,70657,166125,85636,122006,33691,80209,170305,87805,53975,109258,173481,128259,128572,113420,63985,108583,87540,154906,36639,67826,96144,68906,148250,92616,148691,122577,95480,114095,169914,93478,30187,36587,99735"
ABS HIG DEFINITY NORMAL C/ABAS C/8,absorvente,0.07081484152391251,f1_macro_on_full,minimize,"82577,26117,142042,137452,4653,130457,131656,7869,150273,31336,6386,167987,71895,116357,26197,2884,172590,24749,27021,101472,3143,14170,140005,111788,63934,68916,32481,34738,142474,116684,132810,78949,94365,131620,18930,7800,149917,39469,133970,146935,74139,136032,35502,174420,164970,151469,94706,70275,78835,48866,140128,23541,151162,150544,133424,137574,1427,76192,38513,112719,57213,113631,6336,54186,68454,82373,52170,30100,165321,47271,49019,62701,39698,5027,145627,19316,115936,144960,146799,129378,55469,23402,120567,23561,164151,137010,74269,86870,153867,132210,10359,146182,87593,162145,142884,161426,122295,96885,154188,60189,132022,124740,6281,67968,6121,136391,108609,99353,167724,158095,125806,129456,96265,52558,36778,171576,49803,105618,172706,82710,170041,9056,91589,132914,101519,112757,10252,77710,36605,102335,65833,15371,50184,24095,102230,128937,163729,104705,144547,88666,94917,62179,82258,24674,89608,117096,110425,92439,70121,98010,65246,88521,105379,51346,96149,120888,101830,31697,129331,54790,160152,172617,102539,1740,74020,123530,39820,12260,65767,143273,60371,92179,61876,83884,163656,70746,162069,167196,46684,134634,156855,85248,47561,130981,15654,38176,54896,68239,120500,38179,104214,158747,116708,168903,101942,60981,17408,104979,10037,41012,37273,164131,83414,122226,139562,30904,100223,41689,17622,35426,15772,111934,39863,579,48891,130302,115523,70657,166125,85636,122006,33691,80209,170305,87805,53975,109258,173481,128259,128572,113420,63985,108583,87540,154906,36639,67826,96144,68906,148250,92616,148691,122577,95480,114095,169914,93478,30187,36587,99735"
GOMA DE MANDIOCA ROSA DA GAMA 1 KG,vegetal higienizado e processado,0.07081484152391251,f1_macro_on_full,minimize,"82577,26117,142042,137452,4653,130457,131656,7869,150273,31336,6386,167987,71895,116357,26197,2884,172590,24749,27021,101472,3143,14170,140005,111788,63934,68916,32481,34738,142474,116684,132810,78949,94365,131620,18930,7800,149917,39469,133970,146935,74139,136032,35502,174420,164970,151469,94706,70275,78835,48866,140128,23541,151162,150544,133424,137574,1427,76192,38513,112719,57213,113631,6336,54186,68454,82373,52170,30100,165321,47271,49019,62701,39698,5027,145627,19316,115936,144960,146799,129378,55469,23402,120567,23561,164151,137010,74269,86870,153867,132210,10359,146182,87593,162145,142884,161426,122295,96885,154188,60189,132022,124740,6281,67968,6121,136391,108609,99353,167724,158095,125806,129456,96265,52558,36778,171576,49803,105618,172706,82710,170041,9056,91589,132914,101519,112757,10252,77710,36605,102335,65833,15371,50184,24095,102230,128937,163729,104705,144547,88666,94917,62179,82258,24674,89608,117096,110425,92439,70121,98010,65246,88521,105379,51346,96149,120888,101830,31697,129331,54790,160152,172617,102539,1740,74020,123530,39820,12260,65767,143273,60371,92179,61876,83884,163656,70746,162069,167196,46684,134634,156855,85248,47561,130981,15654,38176,54896,68239,120500,38179,104214,158747,116708,168903,101942,60981,17408,104979,10037,41012,37273,164131,83414,122226,139562,30904,100223,41689,17622,35426,15772,111934,39863,579,48891,130302,115523,70657,166125,85636,122006,33691,80209,170305,87805,53975,109258,173481,128259,128572,113420,63985,108583,87540,154906,36639,67826,96144,68906,148250,92616,148691,122577,95480,114095,169914,93478,30187,36587,99735"
VELA S DOMINGOS N-5F CX-8UN,vela,0.07081484152391251,f1_macro_on_full,minimize,"82577,26117,142042,137452,4653,130457,131656,7869,150273,31336,6386,167987,71895,116357,26197,2884,172590,24749,27021,101472,3143,14170,140005,111788,63934,68916,32481,34738,142474,116684,132810,78949,94365,131620,18930,7800,149917,39469,133970,146935,74139,136032,35502,174420,164970,151469,94706,70275,78835,48866,140128,23541,151162,150544,133424,137574,1427,76192,38513,112719,57213,113631,6336,54186,68454,82373,52170,30100,165321,47271,49019,62701,39698,5027,145627,19316,115936,144960,146799,129378,55469,23402,120567,23561,164151,137010,74269,86870,153867,132210,10359,146182,87593,162145,142884,161426,122295,96885,154188,60189,132022,124740,6281,67968,6121,136391,108609,99353,167724,158095,125806,129456,96265,52558,36778,171576,49803,105618,172706,82710,170041,9056,91589,132914,101519,112757,10252,77710,36605,102335,65833,15371,50184,24095,102230,128937,163729,104705,144547,88666,94917,62179,82258,24674,89608,117096,110425,92439,70121,98010,65246,88521,105379,51346,96149,120888,101830,31697,129331,54790,160152,172617,102539,1740,74020,123530,39820,12260,65767,143273,60371,92179,61876,83884,163656,70746,162069,167196,46684,134634,156855,85248,47561,130981,15654,38176,54896,68239,120500,38179,104214,158747,116708,168903,101942,60981,17408,104979,10037,41012,37273,164131,83414,122226,139562,30904,100223,41689,17622,35426,15772,111934,39863,579,48891,130302,115523,70657,166125,85636,122006,33691,80209,170305,87805,53975,109258,173481,128259,128572,113420,63985,108583,87540,154906,36639,67826,96144,68906,148250,92616,148691,122577,95480,114095,169914,93478,30187,36587,99735"
BISC RECH OREO CHOC  270G L P-,biscoito,0.07081484152391251,f1_macro_on_full,minimize,"82577,26117,142042,137452,4653,130457,131656,7869,150273,31336,6386,167987,71895,116357,26197,2884,172590,24749,27021,101472,3143,14170,140005,111788,63934,68916,32481,34738,142474,116684,132810,78949,94365,131620,18930,7800,149917,39469,133970,146935,74139,136032,35502,174420,164970,151469,94706,70275,78835,48866,140128,23541,151162,150544,133424,137574,1427,76192,38513,112719,57213,113631,6336,54186,68454,82373,52170,30100,165321,47271,49019,62701,39698,5027,145627,19316,115936,144960,146799,129378,55469,23402,120567,23561,164151,137010,74269,86870,153867,132210,10359,146182,87593,162145,142884,161426,122295,96885,154188,60189,132022,124740,6281,67968,6121,136391,108609,99353,167724,158095,125806,129456,96265,52558,36778,171576,49803,105618,172706,82710,170041,9056,91589,132914,101519,112757,10252,77710,36605,102335,65833,15371,50184,24095,102230,128937,163729,104705,144547,88666,94917,62179,82258,24674,89608,117096,110425,92439,70121,98010,65246,88521,105379,51346,96149,120888,101830,31697,129331,54790,160152,172617,102539,1740,74020,123530,39820,12260,65767,143273,60371,92179,61876,83884,163656,70746,162069,167196,46684,134634,156855,85248,47561,130981,15654,38176,54896,68239,120500,38179,104214,158747,116708,168903,101942,60981,17408,104979,10037,41012,37273,164131,83414,122226,139562,30904,100223,41689,17622,35426,15772,111934,39863,579,48891,130302,115523,70657,166125,85636,122006,33691,80209,170305,87805,53975,109258,173481,128259,128572,113420,63985,108583,87540,154906,36639,67826,96144,68906,148250,92616,148691,122577,95480,114095,169914,93478,30187,36587,99735"
IOG DANONE ED ESP MIX FRUTAS 5,iogurte,0.07081484152391251,f1_macro_on_full,minimize,"82577,26117,142042,137452,4653,130457,131656,7869,150273,31336,6386,167987,71895,116357,26197,2884,172590,24749,27021,101472,3143,14170,140005,111788,63934,68916,32481,34738,142474,116684,132810,78949,94365,131620,18930,7800,149917,39469,133970,146935,74139,136032,35502,174420,164970,151469,94706,70275,78835,48866,140128,23541,151162,150544,133424,137574,1427,76192,38513,112719,57213,113631,6336,54186,68454,82373,52170,30100,165321,47271,49019,62701,39698,5027,145627,19316,115936,144960,146799,129378,55469,23402,120567,23561,164151,137010,74269,86870,153867,132210,10359,146182,87593,162145,142884,161426,122295,96885,154188,60189,132022,124740,6281,67968,6121,136391,108609,99353,167724,158095,125806,129456,96265,52558,36778,171576,49803,105618,172706,82710,170041,9056,91589,132914,101519,112757,10252,77710,36605,102335,65833,15371,50184,24095,102230,128937,163729,104705,144547,88666,94917,62179,82258,24674,89608,117096,110425,92439,70121,98010,65246,88521,105379,51346,96149,120888,101830,31697,129331,54790,160152,172617,102539,1740,74020,123530,39820,12260,65767,143273,60371,92179,61876,83884,163656,70746,162069,167196,46684,134634,156855,85248,47561,130981,15654,38176,54896,68239,120500,38179,104214,158747,116708,168903,101942,60981,17408,104979,10037,41012,37273,164131,83414,122226,139562,30904,100223,41689,17622,35426,15772,111934,39863,579,48891,130302,115523,70657,166125,85636,122006,33691,80209,170305,87805,53975,109258,173481,128259,128572,113420,63985,108583,87540,154906,36639,67826,96144,68906,148250,92616,148691,122577,95480,114095,169914,93478,30187,36587,99735"
POPCORN YOKI MINI BAG SAL 50G,pipoca pronta,0.07081484152391251,f1_macro_on_full,minimize,"82577,26117,142042,137452,4653,130457,131656,7869,150273,31336,6386,167987,71895,116357,26197,2884,172590,24749,27021,101472,3143,14170,140005,111788,63934,68916,32481,34738,142474,116684,132810,78949,94365,131620,18930,7800,149917,39469,133970,146935,74139,136032,35502,174420,164970,151469,94706,70275,78835,48866,140128,23541,151162,150544,133424,137574,1427,76192,38513,112719,57213,113631,6336,54186,68454,82373,52170,30100,165321,47271,49019,62701,39698,5027,145627,19316,115936,144960,146799,129378,55469,23402,120567,23561,164151,137010,74269,86870,153867,132210,10359,146182,87593,162145,142884,161426,122295,96885,154188,60189,132022,124740,6281,67968,6121,136391,108609,99353,167724,158095,125806,129456,96265,52558,36778,171576,49803,105618,172706,82710,170041,9056,91589,132914,101519,112757,10252,77710,36605,102335,65833,15371,50184,24095,102230,128937,163729,104705,144547,88666,94917,62179,82258,24674,89608,117096,110425,92439,70121,98010,65246,88521,105379,51346,96149,120888,101830,31697,129331,54790,160152,172617,102539,1740,74020,123530,39820,12260,65767,143273,60371,92179,61876,83884,163656,70746,162069,167196,46684,134634,156855,85248,47561,130981,15654,38176,54896,68239,120500,38179,104214,158747,116708,168903,101942,60981,17408,104979,10037,41012,37273,164131,83414,122226,139562,30904,100223,41689,17622,35426,15772,111934,39863,579,48891,130302,115523,70657,166125,85636,122006,33691,80209,170305,87805,53975,109258,173481,128259,128572,113420,63985,108583,87540,154906,36639,67826,96144,68906,148250,92616,148691,122577,95480,114095,169914,93478,30187,36587,99735"
COGUMELO INT CONS G COSTA 170G,cogumelo,0.07081484152391251,f1_macro_on_full,minimize,"82577,26117,142042,137452,4653,130457,131656,7869,150273,31336,6386,167987,71895,116357,26197,2884,172590,24749,27021,101472,3143,14170,140005,111788,63934,68916,32481,34738,142474,116684,132810,78949,94365,131620,18930,7800,149917,39469,133970,146935,74139,136032,35502,174420,164970,151469,94706,70275,78835,48866,140128,23541,151162,150544,133424,137574,1427,76192,38513,112719,57213,113631,6336,54186,68454,82373,52170,30100,165321,47271,49019,62701,39698,5027,145627,19316,115936,144960,146799,129378,55469,23402,120567,23561,164151,137010,74269,86870,153867,132210,10359,146182,87593,162145,142884,161426,122295,96885,154188,60189,132022,124740,6281,67968,6121,136391,108609,99353,167724,158095,125806,129456,96265,52558,36778,171576,49803,105618,172706,82710,170041,9056,91589,132914,101519,112757,10252,77710,36605,102335,65833,15371,50184,24095,102230,128937,163729,104705,144547,88666,94917,62179,82258,24674,89608,117096,110425,92439,70121,98010,65246,88521,105379,51346,96149,120888,101830,31697,129331,54790,160152,172617,102539,1740,74020,123530,39820,12260,65767,143273,60371,92179,61876,83884,163656,70746,162069,167196,46684,134634,156855,85248,47561,130981,15654,38176,54896,68239,120500,38179,104214,158747,116708,168903,101942,60981,17408,104979,10037,41012,37273,164131,83414,122226,139562,30904,100223,41689,17622,35426,15772,111934,39863,579,48891,130302,115523,70657,166125,85636,122006,33691,80209,170305,87805,53975,109258,173481,128259,128572,113420,63985,108583,87540,154906,36639,67826,96144,68906,148250,92616,148691,122577,95480,114095,169914,93478,30187,36587,99735"
LAVA ROUPA OMO LIQ MICELAR         FR 3L,lava roupas,0.07081484152391251,f1_macro_on_full,minimize,"82577,26117,142042,137452,4653,130457,131656,7869,150273,31336,6386,167987,71895,116357,26197,2884,172590,24749,27021,101472,3143,14170,140005,111788,63934,68916,32481,34738,142474,116684,132810,78949,94365,131620,18930,7800,149917,39469,133970,146935,74139,136032,35502,174420,164970,151469,94706,70275,78835,48866,140128,23541,151162,150544,133424,137574,1427,76192,38513,112719,57213,113631,6336,54186,68454,82373,52170,30100,165321,47271,49019,62701,39698,5027,145627,19316,115936,144960,146799,129378,55469,23402,120567,23561,164151,137010,74269,86870,153867,132210,10359,146182,87593,162145,142884,161426,122295,96885,154188,60189,132022,124740,6281,67968,6121,136391,108609,99353,167724,158095,125806,129456,96265,52558,36778,171576,49803,105618,172706,82710,170041,9056,91589,132914,101519,112757,10252,77710,36605,102335,65833,15371,50184,24095,102230,128937,163729,104705,144547,88666,94917,62179,82258,24674,89608,117096,110425,92439,70121,98010,65246,88521,105379,51346,96149,120888,101830,31697,129331,54790,160152,172617,102539,1740,74020,123530,39820,12260,65767,143273,60371,92179,61876,83884,163656,70746,162069,167196,46684,134634,156855,85248,47561,130981,15654,38176,54896,68239,120500,38179,104214,158747,116708,168903,101942,60981,17408,104979,10037,41012,37273,164131,83414,122226,139562,30904,100223,41689,17622,35426,15772,111934,39863,579,48891,130302,115523,70657,166125,85636,122006,33691,80209,170305,87805,53975,109258,173481,128259,128572,113420,63985,108583,87540,154906,36639,67826,96144,68906,148250,92616,148691,122577,95480,114095,169914,93478,30187,36587,99735"
BISC WAF NESTLE CH CLASSIC 110G,biscoito,0.07081484152391251,f1_macro_on_full,minimize,"82577,26117,142042,137452,4653,130457,131656,7869,150273,31336,6386,167987,71895,116357,26197,2884,172590,24749,27021,101472,3143,14170,140005,111788,63934,68916,32481,34738,142474,116684,132810,78949,94365,131620,18930,7800,149917,39469,133970,146935,74139,136032,35502,174420,164970,151469,94706,70275,78835,48866,140128,23541,151162,150544,133424,137574,1427,76192,38513,112719,57213,113631,6336,54186,68454,82373,52170,30100,165321,47271,49019,62701,39698,5027,145627,19316,115936,144960,146799,129378,55469,23402,120567,23561,164151,137010,74269,86870,153867,132210,10359,146182,87593,162145,142884,161426,122295,96885,154188,60189,132022,124740,6281,67968,6121,136391,108609,99353,167724,158095,125806,129456,96265,52558,36778,171576,49803,105618,172706,82710,170041,9056,91589,132914,101519,112757,10252,77710,36605,102335,65833,15371,50184,24095,102230,128937,163729,104705,144547,88666,94917,62179,82258,24674,89608,117096,110425,92439,70121,98010,65246,88521,105379,51346,96149,120888,101830,31697,129331,54790,160152,172617,102539,1740,74020,123530,39820,12260,65767,143273,60371,92179,61876,83884,163656,70746,162069,167196,46684,134634,156855,85248,47561,130981,15654,38176,54896,68239,120500,38179,104214,158747,116708,168903,101942,60981,17408,104979,10037,41012,37273,164131,83414,122226,139562,30904,100223,41689,17622,35426,15772,111934,39863,579,48891,130302,115523,70657,166125,85636,122006,33691,80209,170305,87805,53975,109258,173481,128259,128572,113420,63985,108583,87540,154906,36639,67826,96144,68906,148250,92616,148691,122577,95480,114095,169914,93478,30187,36587,99735"
TAB CHOC MEIO AMARGO 90G,chocolate,0.07081484152391251,f1_macro_on_full,minimize,"82577,26117,142042,137452,4653,130457,131656,7869,150273,31336,6386,167987,71895,116357,26197,2884,172590,24749,27021,101472,3143,14170,140005,111788,63934,68916,32481,34738,142474,116684,132810,78949,94365,131620,18930,7800,149917,39469,133970,146935,74139,136032,35502,174420,164970,151469,94706,70275,78835,48866,140128,23541,151162,150544,133424,137574,1427,76192,38513,112719,57213,113631,6336,54186,68454,82373,52170,30100,165321,47271,49019,62701,39698,5027,145627,19316,115936,144960,146799,129378,55469,23402,120567,23561,164151,137010,74269,86870,153867,132210,10359,146182,87593,162145,142884,161426,122295,96885,154188,60189,132022,124740,6281,67968,6121,136391,108609,99353,167724,158095,125806,129456,96265,52558,36778,171576,49803,105618,172706,82710,170041,9056,91589,132914,101519,112757,10252,77710,36605,102335,65833,15371,50184,24095,102230,128937,163729,104705,144547,88666,94917,62179,82258,24674,89608,117096,110425,92439,70121,98010,65246,88521,105379,51346,96149,120888,101830,31697,129331,54790,160152,172617,102539,1740,74020,123530,39820,12260,65767,143273,60371,92179,61876,83884,163656,70746,162069,167196,46684,134634,156855,85248,47561,130981,15654,38176,54896,68239,120500,38179,104214,158747,116708,168903,101942,60981,17408,104979,10037,41012,37273,164131,83414,122226,139562,30904,100223,41689,17622,35426,15772,111934,39863,579,48891,130302,115523,70657,166125,85636,122006,33691,80209,170305,87805,53975,109258,173481,128259,128572,113420,63985,108583,87540,154906,36639,67826,96144,68906,148250,92616,148691,122577,95480,114095,169914,93478,30187,36587,99735"
SAB NIVEA CREME CARE 90G L P-,sabonete,0.07081484152391251,f1_macro_on_full,minimize,"82577,26117,142042,137452,4653,130457,131656,7869,150273,31336,6386,167987,71895,116357,26197,2884,172590,24749,27021,101472,3143,14170,140005,111788,63934,68916,32481,34738,142474,116684,132810,78949,94365,131620,18930,7800,149917,39469,133970,146935,74139,136032,35502,174420,164970,151469,94706,70275,78835,48866,140128,23541,151162,150544,133424,137574,1427,76192,38513,112719,57213,113631,6336,54186,68454,82373,52170,30100,165321,47271,49019,62701,39698,5027,145627,19316,115936,144960,146799,129378,55469,23402,120567,23561,164151,137010,74269,86870,153867,132210,10359,146182,87593,162145,142884,161426,122295,96885,154188,60189,132022,124740,6281,67968,6121,136391,108609,99353,167724,158095,125806,129456,96265,52558,36778,171576,49803,105618,172706,82710,170041,9056,91589,132914,101519,112757,10252,77710,36605,102335,65833,15371,50184,24095,102230,128937,163729,104705,144547,88666,94917,62179,82258,24674,89608,117096,110425,92439,70121,98010,65246,88521,105379,51346,96149,120888,101830,31697,129331,54790,160152,172617,102539,1740,74020,123530,39820,12260,65767,143273,60371,92179,61876,83884,163656,70746,162069,167196,46684,134634,156855,85248,47561,130981,15654,38176,54896,68239,120500,38179,104214,158747,116708,168903,101942,60981,17408,104979,10037,41012,37273,164131,83414,122226,139562,30904,100223,41689,17622,35426,15772,111934,39863,579,48891,130302,115523,70657,166125,85636,122006,33691,80209,170305,87805,53975,109258,173481,128259,128572,113420,63985,108583,87540,154906,36639,67826,96144,68906,148250,92616,148691,122577,95480,114095,169914,93478,30187,36587,99735"
PAO DA MARCIA AIPIM             PE  300G,padaria e confeitaria industrializado,0.07081484152391251,f1_macro_on_full,minimize,"82577,26117,142042,137452,4653,130457,131656,7869,150273,31336,6386,167987,71895,116357,26197,2884,172590,24749,27021,101472,3143,14170,140005,111788,63934,68916,32481,34738,142474,116684,132810,78949,94365,131620,18930,7800,149917,39469,133970,146935,74139,136032,35502,174420,164970,151469,94706,70275,78835,48866,140128,23541,151162,150544,133424,137574,1427,76192,38513,112719,57213,113631,6336,54186,68454,82373,52170,30100,165321,47271,49019,62701,39698,5027,145627,19316,115936,144960,146799,129378,55469,23402,120567,23561,164151,137010,74269,86870,153867,132210,10359,146182,87593,162145,142884,161426,122295,96885,154188,60189,132022,124740,6281,67968,6121,136391,108609,99353,167724,158095,125806,129456,96265,52558,36778,171576,49803,105618,172706,82710,170041,9056,91589,132914,101519,112757,10252,77710,36605,102335,65833,15371,50184,24095,102230,128937,163729,104705,144547,88666,94917,62179,82258,24674,89608,117096,110425,92439,70121,98010,65246,88521,105379,51346,96149,120888,101830,31697,129331,54790,160152,172617,102539,1740,74020,123530,39820,12260,65767,143273,60371,92179,61876,83884,163656,70746,162069,167196,46684,134634,156855,85248,47561,130981,15654,38176,54896,68239,120500,38179,104214,158747,116708,168903,101942,60981,17408,104979,10037,41012,37273,164131,83414,122226,139562,30904,100223,41689,17622,35426,15772,111934,39863,579,48891,130302,115523,70657,166125,85636,122006,33691,80209,170305,87805,53975,109258,173481,128259,128572,113420,63985,108583,87540,154906,36639,67826,96144,68906,148250,92616,148691,122577,95480,114095,169914,93478,30187,36587,99735"
CARGA GILLETTE MACH3 C/2,aparelho de barbear e depilatorio,0.07081484152391251,f1_macro_on_full,minimize,"82577,26117,142042,137452,4653,130457,131656,7869,150273,31336,6386,167987,71895,116357,26197,2884,172590,24749,27021,101472,3143,14170,140005,111788,63934,68916,32481,34738,142474,116684,132810,78949,94365,131620,18930,7800,149917,39469,133970,146935,74139,136032,35502,174420,164970,151469,94706,70275,78835,48866,140128,23541,151162,150544,133424,137574,1427,76192,38513,112719,57213,113631,6336,54186,68454,82373,52170,30100,165321,47271,49019,62701,39698,5027,145627,19316,115936,144960,146799,129378,55469,23402,120567,23561,164151,137010,74269,86870,153867,132210,10359,146182,87593,162145,142884,161426,122295,96885,154188,60189,132022,124740,6281,67968,6121,136391,108609,99353,167724,158095,125806,129456,96265,52558,36778,171576,49803,105618,172706,82710,170041,9056,91589,132914,101519,112757,10252,77710,36605,102335,65833,15371,50184,24095,102230,128937,163729,104705,144547,88666,94917,62179,82258,24674,89608,117096,110425,92439,70121,98010,65246,88521,105379,51346,96149,120888,101830,31697,129331,54790,160152,172617,102539,1740,74020,123530,39820,12260,65767,143273,60371,92179,61876,83884,163656,70746,162069,167196,46684,134634,156855,85248,47561,130981,15654,38176,54896,68239,120500,38179,104214,158747,116708,168903,101942,60981,17408,104979,10037,41012,37273,164131,83414,122226,139562,30904,100223,41689,17622,35426,15772,111934,39863,579,48891,130302,115523,70657,166125,85636,122006,33691,80209,170305,87805,53975,109258,173481,128259,128572,113420,63985,108583,87540,154906,36639,67826,96144,68906,148250,92616,148691,122577,95480,114095,169914,93478,30187,36587,99735"
BOLO AIPIM FP 250G,padaria e confeitaria fresca,0.07081484152391251,f1_macro_on_full,minimize,"82577,26117,142042,137452,4653,130457,131656,7869,150273,31336,6386,167987,71895,116357,26197,2884,172590,24749,27021,101472,3143,14170,140005,111788,63934,68916,32481,34738,142474,116684,132810,78949,94365,131620,18930,7800,149917,39469,133970,146935,74139,136032,35502,174420,164970,151469,94706,70275,78835,48866,140128,23541,151162,150544,133424,137574,1427,76192,38513,112719,57213,113631,6336,54186,68454,82373,52170,30100,165321,47271,49019,62701,39698,5027,145627,19316,115936,144960,146799,129378,55469,23402,120567,23561,164151,137010,74269,86870,153867,132210,10359,146182,87593,162145,142884,161426,122295,96885,154188,60189,132022,124740,6281,67968,6121,136391,108609,99353,167724,158095,125806,129456,96265,52558,36778,171576,49803,105618,172706,82710,170041,9056,91589,132914,101519,112757,10252,77710,36605,102335,65833,15371,50184,24095,102230,128937,163729,104705,144547,88666,94917,62179,82258,24674,89608,117096,110425,92439,70121,98010,65246,88521,105379,51346,96149,120888,101830,31697,129331,54790,160152,172617,102539,1740,74020,123530,39820,12260,65767,143273,60371,92179,61876,83884,163656,70746,162069,167196,46684,134634,156855,85248,47561,130981,15654,38176,54896,68239,120500,38179,104214,158747,116708,168903,101942,60981,17408,104979,10037,41012,37273,164131,83414,122226,139562,30904,100223,41689,17622,35426,15772,111934,39863,579,48891,130302,115523,70657,166125,85636,122006,33691,80209,170305,87805,53975,109258,173481,128259,128572,113420,63985,108583,87540,154906,36639,67826,96144,68906,148250,92616,148691,122577,95480,114095,169914,93478,30187,36587,99735"
IOGURTE LIQUIDO VIGOR MORANGO 170G,iogurte,0.07081484152391251,f1_macro_on_full,minimize,"82577,26117,142042,137452,4653,130457,131656,7869,150273,31336,6386,167987,71895,116357,26197,2884,172590,24749,27021,101472,3143,14170,140005,111788,63934,68916,32481,34738,142474,116684,132810,78949,94365,131620,18930,7800,149917,39469,133970,146935,74139,136032,35502,174420,164970,151469,94706,70275,78835,48866,140128,23541,151162,150544,133424,137574,1427,76192,38513,112719,57213,113631,6336,54186,68454,82373,52170,30100,165321,47271,49019,62701,39698,5027,145627,19316,115936,144960,146799,129378,55469,23402,120567,23561,164151,137010,74269,86870,153867,132210,10359,146182,87593,162145,142884,161426,122295,96885,154188,60189,132022,124740,6281,67968,6121,136391,108609,99353,167724,158095,125806,129456,96265,52558,36778,171576,49803,105618,172706,82710,170041,9056,91589,132914,101519,112757,10252,77710,36605,102335,65833,15371,50184,24095,102230,128937,163729,104705,144547,88666,94917,62179,82258,24674,89608,117096,110425,92439,70121,98010,65246,88521,105379,51346,96149,120888,101830,31697,129331,54790,160152,172617,102539,1740,74020,123530,39820,12260,65767,143273,60371,92179,61876,83884,163656,70746,162069,167196,46684,134634,156855,85248,47561,130981,15654,38176,54896,68239,120500,38179,104214,158747,116708,168903,101942,60981,17408,104979,10037,41012,37273,164131,83414,122226,139562,30904,100223,41689,17622,35426,15772,111934,39863,579,48891,130302,115523,70657,166125,85636,122006,33691,80209,170305,87805,53975,109258,173481,128259,128572,113420,63985,108583,87540,154906,36639,67826,96144,68906,148250,92616,148691,122577,95480,114095,169914,93478,30187,36587,99735"
SAB LIQ PROTEX BALANCE 250ML,sabonete,0.07081484152391251,f1_macro_on_full,minimize,"82577,26117,142042,137452,4653,130457,131656,7869,150273,31336,6386,167987,71895,116357,26197,2884,172590,24749,27021,101472,3143,14170,140005,111788,63934,68916,32481,34738,142474,116684,132810,78949,94365,131620,18930,7800,149917,39469,133970,146935,74139,136032,35502,174420,164970,151469,94706,70275,78835,48866,140128,23541,151162,150544,133424,137574,1427,76192,38513,112719,57213,113631,6336,54186,68454,82373,52170,30100,165321,47271,49019,62701,39698,5027,145627,19316,115936,144960,146799,129378,55469,23402,120567,23561,164151,137010,74269,86870,153867,132210,10359,146182,87593,162145,142884,161426,122295,96885,154188,60189,132022,124740,6281,67968,6121,136391,108609,99353,167724,158095,125806,129456,96265,52558,36778,171576,49803,105618,172706,82710,170041,9056,91589,132914,101519,112757,10252,77710,36605,102335,65833,15371,50184,24095,102230,128937,163729,104705,144547,88666,94917,62179,82258,24674,89608,117096,110425,92439,70121,98010,65246,88521,105379,51346,96149,120888,101830,31697,129331,54790,160152,172617,102539,1740,74020,123530,39820,12260,65767,143273,60371,92179,61876,83884,163656,70746,162069,167196,46684,134634,156855,85248,47561,130981,15654,38176,54896,68239,120500,38179,104214,158747,116708,168903,101942,60981,17408,104979,10037,41012,37273,164131,83414,122226,139562,30904,100223,41689,17622,35426,15772,111934,39863,579,48891,130302,115523,70657,166125,85636,122006,33691,80209,170305,87805,53975,109258,173481,128259,128572,113420,63985,108583,87540,154906,36639,67826,96144,68906,148250,92616,148691,122577,95480,114095,169914,93478,30187,36587,99735"
AMACIANTE COMFORT CONC 1L ORIGINAL,amaciante,0.07081484152391251,f1_macro_on_full,minimize,"82577,26117,142042,137452,4653,130457,131656,7869,150273,31336,6386,167987,71895,116357,26197,2884,172590,24749,27021,101472,3143,14170,140005,111788,63934,68916,32481,34738,142474,116684,132810,78949,94365,131620,18930,7800,149917,39469,133970,146935,74139,136032,35502,174420,164970,151469,94706,70275,78835,48866,140128,23541,151162,150544,133424,137574,1427,76192,38513,112719,57213,113631,6336,54186,68454,82373,52170,30100,165321,47271,49019,62701,39698,5027,145627,19316,115936,144960,146799,129378,55469,23402,120567,23561,164151,137010,74269,86870,153867,132210,10359,146182,87593,162145,142884,161426,122295,96885,154188,60189,132022,124740,6281,67968,6121,136391,108609,99353,167724,158095,125806,129456,96265,52558,36778,171576,49803,105618,172706,82710,170041,9056,91589,132914,101519,112757,10252,77710,36605,102335,65833,15371,50184,24095,102230,128937,163729,104705,144547,88666,94917,62179,82258,24674,89608,117096,110425,92439,70121,98010,65246,88521,105379,51346,96149,120888,101830,31697,129331,54790,160152,172617,102539,1740,74020,123530,39820,12260,65767,143273,60371,92179,61876,83884,163656,70746,162069,167196,46684,134634,156855,85248,47561,130981,15654,38176,54896,68239,120500,38179,104214,158747,116708,168903,101942,60981,17408,104979,10037,41012,37273,164131,83414,122226,139562,30904,100223,41689,17622,35426,15772,111934,39863,579,48891,130302,115523,70657,166125,85636,122006,33691,80209,170305,87805,53975,109258,173481,128259,128572,113420,63985,108583,87540,154906,36639,67826,96144,68906,148250,92616,148691,122577,95480,114095,169914,93478,30187,36587,99735"
WHISKY BLACKeWHITE 700ML,whisky,0.07081484152391251,f1_macro_on_full,minimize,"82577,26117,142042,137452,4653,130457,131656,7869,150273,31336,6386,167987,71895,116357,26197,2884,172590,24749,27021,101472,3143,14170,140005,111788,63934,68916,32481,34738,142474,116684,132810,78949,94365,131620,18930,7800,149917,39469,133970,146935,74139,136032,35502,174420,164970,151469,94706,70275,78835,48866,140128,23541,151162,150544,133424,137574,1427,76192,38513,112719,57213,113631,6336,54186,68454,82373,52170,30100,165321,47271,49019,62701,39698,5027,145627,19316,115936,144960,146799,129378,55469,23402,120567,23561,164151,137010,74269,86870,153867,132210,10359,146182,87593,162145,142884,161426,122295,96885,154188,60189,132022,124740,6281,67968,6121,136391,108609,99353,167724,158095,125806,129456,96265,52558,36778,171576,49803,105618,172706,82710,170041,9056,91589,132914,101519,112757,10252,77710,36605,102335,65833,15371,50184,24095,102230,128937,163729,104705,144547,88666,94917,62179,82258,24674,89608,117096,110425,92439,70121,98010,65246,88521,105379,51346,96149,120888,101830,31697,129331,54790,160152,172617,102539,1740,74020,123530,39820,12260,65767,143273,60371,92179,61876,83884,163656,70746,162069,167196,46684,134634,156855,85248,47561,130981,15654,38176,54896,68239,120500,38179,104214,158747,116708,168903,101942,60981,17408,104979,10037,41012,37273,164131,83414,122226,139562,30904,100223,41689,17622,35426,15772,111934,39863,579,48891,130302,115523,70657,166125,85636,122006,33691,80209,170305,87805,53975,109258,173481,128259,128572,113420,63985,108583,87540,154906,36639,67826,96144,68906,148250,92616,148691,122577,95480,114095,169914,93478,30187,36587,99735"
LAVA ROUPA T BRILHANTE RF 500ML,lava roupas,0.07081484152391251,f1_macro_on_full,minimize,"82577,26117,142042,137452,4653,130457,131656,7869,150273,31336,6386,167987,71895,116357,26197,2884,172590,24749,27021,101472,3143,14170,140005,111788,63934,68916,32481,34738,142474,116684,132810,78949,94365,131620,18930,7800,149917,39469,133970,146935,74139,136032,35502,174420,164970,151469,94706,70275,78835,48866,140128,23541,151162,150544,133424,137574,1427,76192,38513,112719,57213,113631,6336,54186,68454,82373,52170,30100,165321,47271,49019,62701,39698,5027,145627,19316,115936,144960,146799,129378,55469,23402,120567,23561,164151,137010,74269,86870,153867,132210,10359,146182,87593,162145,142884,161426,122295,96885,154188,60189,132022,124740,6281,67968,6121,136391,108609,99353,167724,158095,125806,129456,96265,52558,36778,171576,49803,105618,172706,82710,170041,9056,91589,132914,101519,112757,10252,77710,36605,102335,65833,15371,50184,24095,102230,128937,163729,104705,144547,88666,94917,62179,82258,24674,89608,117096,110425,92439,70121,98010,65246,88521,105379,51346,96149,120888,101830,31697,129331,54790,160152,172617,102539,1740,74020,123530,39820,12260,65767,143273,60371,92179,61876,83884,163656,70746,162069,167196,46684,134634,156855,85248,47561,130981,15654,38176,54896,68239,120500,38179,104214,158747,116708,168903,101942,60981,17408,104979,10037,41012,37273,164131,83414,122226,139562,30904,100223,41689,17622,35426,15772,111934,39863,579,48891,130302,115523,70657,166125,85636,122006,33691,80209,170305,87805,53975,109258,173481,128259,128572,113420,63985,108583,87540,154906,36639,67826,96144,68906,148250,92616,148691,122577,95480,114095,169914,93478,30187,36587,99735"
G HEM QUETIAPINA CPREV 25MG C 30 MEDLEY,outro farma,0.07081484152391251,f1_macro_on_full,minimize,"82577,26117,142042,137452,4653,130457,131656,7869,150273,31336,6386,167987,71895,116357,26197,2884,172590,24749,27021,101472,3143,14170,140005,111788,63934,68916,32481,34738,142474,116684,132810,78949,94365,131620,18930,7800,149917,39469,133970,146935,74139,136032,35502,174420,164970,151469,94706,70275,78835,48866,140128,23541,151162,150544,133424,137574,1427,76192,38513,112719,57213,113631,6336,54186,68454,82373,52170,30100,165321,47271,49019,62701,39698,5027,145627,19316,115936,144960,146799,129378,55469,23402,120567,23561,164151,137010,74269,86870,153867,132210,10359,146182,87593,162145,142884,161426,122295,96885,154188,60189,132022,124740,6281,67968,6121,136391,108609,99353,167724,158095,125806,129456,96265,52558,36778,171576,49803,105618,172706,82710,170041,9056,91589,132914,101519,112757,10252,77710,36605,102335,65833,15371,50184,24095,102230,128937,163729,104705,144547,88666,94917,62179,82258,24674,89608,117096,110425,92439,70121,98010,65246,88521,105379,51346,96149,120888,101830,31697,129331,54790,160152,172617,102539,1740,74020,123530,39820,12260,65767,143273,60371,92179,61876,83884,163656,70746,162069,167196,46684,134634,156855,85248,47561,130981,15654,38176,54896,68239,120500,38179,104214,158747,116708,168903,101942,60981,17408,104979,10037,41012,37273,164131,83414,122226,139562,30904,100223,41689,17622,35426,15772,111934,39863,579,48891,130302,115523,70657,166125,85636,122006,33691,80209,170305,87805,53975,109258,173481,128259,128572,113420,63985,108583,87540,154906,36639,67826,96144,68906,148250,92616,148691,122577,95480,114095,169914,93478,30187,36587,99735"
MAXINOM POMADA OFTALMICA 3.5 G GENON,outro farma,0.07081484152391251,f1_macro_on_full,minimize,"82577,26117,142042,137452,4653,130457,131656,7869,150273,31336,6386,167987,71895,116357,26197,2884,172590,24749,27021,101472,3143,14170,140005,111788,63934,68916,32481,34738,142474,116684,132810,78949,94365,131620,18930,7800,149917,39469,133970,146935,74139,136032,35502,174420,164970,151469,94706,70275,78835,48866,140128,23541,151162,150544,133424,137574,1427,76192,38513,112719,57213,113631,6336,54186,68454,82373,52170,30100,165321,47271,49019,62701,39698,5027,145627,19316,115936,144960,146799,129378,55469,23402,120567,23561,164151,137010,74269,86870,153867,132210,10359,146182,87593,162145,142884,161426,122295,96885,154188,60189,132022,124740,6281,67968,6121,136391,108609,99353,167724,158095,125806,129456,96265,52558,36778,171576,49803,105618,172706,82710,170041,9056,91589,132914,101519,112757,10252,77710,36605,102335,65833,15371,50184,24095,102230,128937,163729,104705,144547,88666,94917,62179,82258,24674,89608,117096,110425,92439,70121,98010,65246,88521,105379,51346,96149,120888,101830,31697,129331,54790,160152,172617,102539,1740,74020,123530,39820,12260,65767,143273,60371,92179,61876,83884,163656,70746,162069,167196,46684,134634,156855,85248,47561,130981,15654,38176,54896,68239,120500,38179,104214,158747,116708,168903,101942,60981,17408,104979,10037,41012,37273,164131,83414,122226,139562,30904,100223,41689,17622,35426,15772,111934,39863,579,48891,130302,115523,70657,166125,85636,122006,33691,80209,170305,87805,53975,109258,173481,128259,128572,113420,63985,108583,87540,154906,36639,67826,96144,68906,148250,92616,148691,122577,95480,114095,169914,93478,30187,36587,99735"
BEB LACTEA TIROL GF 830G COCO,bebida lactea,0.07081484152391251,f1_macro_on_full,minimize,"82577,26117,142042,137452,4653,130457,131656,7869,150273,31336,6386,167987,71895,116357,26197,2884,172590,24749,27021,101472,3143,14170,140005,111788,63934,68916,32481,34738,142474,116684,132810,78949,94365,131620,18930,7800,149917,39469,133970,146935,74139,136032,35502,174420,164970,151469,94706,70275,78835,48866,140128,23541,151162,150544,133424,137574,1427,76192,38513,112719,57213,113631,6336,54186,68454,82373,52170,30100,165321,47271,49019,62701,39698,5027,145627,19316,115936,144960,146799,129378,55469,23402,120567,23561,164151,137010,74269,86870,153867,132210,10359,146182,87593,162145,142884,161426,122295,96885,154188,60189,132022,124740,6281,67968,6121,136391,108609,99353,167724,158095,125806,129456,96265,52558,36778,171576,49803,105618,172706,82710,170041,9056,91589,132914,101519,112757,10252,77710,36605,102335,65833,15371,50184,24095,102230,128937,163729,104705,144547,88666,94917,62179,82258,24674,89608,117096,110425,92439,70121,98010,65246,88521,105379,51346,96149,120888,101830,31697,129331,54790,160152,172617,102539,1740,74020,123530,39820,12260,65767,143273,60371,92179,61876,83884,163656,70746,162069,167196,46684,134634,156855,85248,47561,130981,15654,38176,54896,68239,120500,38179,104214,158747,116708,168903,101942,60981,17408,104979,10037,41012,37273,164131,83414,122226,139562,30904,100223,41689,17622,35426,15772,111934,39863,579,48891,130302,115523,70657,166125,85636,122006,33691,80209,170305,87805,53975,109258,173481,128259,128572,113420,63985,108583,87540,154906,36639,67826,96144,68906,148250,92616,148691,122577,95480,114095,169914,93478,30187,36587,99735"
IOG NAT DESN NESTLE 160G,iogurte,0.07081484152391251,f1_macro_on_full,minimize,"82577,26117,142042,137452,4653,130457,131656,7869,150273,31336,6386,167987,71895,116357,26197,2884,172590,24749,27021,101472,3143,14170,140005,111788,63934,68916,32481,34738,142474,116684,132810,78949,94365,131620,18930,7800,149917,39469,133970,146935,74139,136032,35502,174420,164970,151469,94706,70275,78835,48866,140128,23541,151162,150544,133424,137574,1427,76192,38513,112719,57213,113631,6336,54186,68454,82373,52170,30100,165321,47271,49019,62701,39698,5027,145627,19316,115936,144960,146799,129378,55469,23402,120567,23561,164151,137010,74269,86870,153867,132210,10359,146182,87593,162145,142884,161426,122295,96885,154188,60189,132022,124740,6281,67968,6121,136391,108609,99353,167724,158095,125806,129456,96265,52558,36778,171576,49803,105618,172706,82710,170041,9056,91589,132914,101519,112757,10252,77710,36605,102335,65833,15371,50184,24095,102230,128937,163729,104705,144547,88666,94917,62179,82258,24674,89608,117096,110425,92439,70121,98010,65246,88521,105379,51346,96149,120888,101830,31697,129331,54790,160152,172617,102539,1740,74020,123530,39820,12260,65767,143273,60371,92179,61876,83884,163656,70746,162069,167196,46684,134634,156855,85248,47561,130981,15654,38176,54896,68239,120500,38179,104214,158747,116708,168903,101942,60981,17408,104979,10037,41012,37273,164131,83414,122226,139562,30904,100223,41689,17622,35426,15772,111934,39863,579,48891,130302,115523,70657,166125,85636,122006,33691,80209,170305,87805,53975,109258,173481,128259,128572,113420,63985,108583,87540,154906,36639,67826,96144,68906,148250,92616,148691,122577,95480,114095,169914,93478,30187,36587,99735"
REFR COCA COLA LT 350ML,refrigerante,0.07081484152391251,f1_macro_on_full,minimize,"82577,26117,142042,137452,4653,130457,131656,7869,150273,31336,6386,167987,71895,116357,26197,2884,172590,24749,27021,101472,3143,14170,140005,111788,63934,68916,32481,34738,142474,116684,132810,78949,94365,131620,18930,7800,149917,39469,133970,146935,74139,136032,35502,174420,164970,151469,94706,70275,78835,48866,140128,23541,151162,150544,133424,137574,1427,76192,38513,112719,57213,113631,6336,54186,68454,82373,52170,30100,165321,47271,49019,62701,39698,5027,145627,19316,115936,144960,146799,129378,55469,23402,120567,23561,164151,137010,74269,86870,153867,132210,10359,146182,87593,162145,142884,161426,122295,96885,154188,60189,132022,124740,6281,67968,6121,136391,108609,99353,167724,158095,125806,129456,96265,52558,36778,171576,49803,105618,172706,82710,170041,9056,91589,132914,101519,112757,10252,77710,36605,102335,65833,15371,50184,24095,102230,128937,163729,104705,144547,88666,94917,62179,82258,24674,89608,117096,110425,92439,70121,98010,65246,88521,105379,51346,96149,120888,101830,31697,129331,54790,160152,172617,102539,1740,74020,123530,39820,12260,65767,143273,60371,92179,61876,83884,163656,70746,162069,167196,46684,134634,156855,85248,47561,130981,15654,38176,54896,68239,120500,38179,104214,158747,116708,168903,101942,60981,17408,104979,10037,41012,37273,164131,83414,122226,139562,30904,100223,41689,17622,35426,15772,111934,39863,579,48891,130302,115523,70657,166125,85636,122006,33691,80209,170305,87805,53975,109258,173481,128259,128572,113420,63985,108583,87540,154906,36639,67826,96144,68906,148250,92616,148691,122577,95480,114095,169914,93478,30187,36587,99735"
NECTAR MARACUJA MARATA TP 1L,suco pronto,0.07081484152391251,f1_macro_on_full,minimize,"82577,26117,142042,137452,4653,130457,131656,7869,150273,31336,6386,167987,71895,116357,26197,2884,172590,24749,27021,101472,3143,14170,140005,111788,63934,68916,32481,34738,142474,116684,132810,78949,94365,131620,18930,7800,149917,39469,133970,146935,74139,136032,35502,174420,164970,151469,94706,70275,78835,48866,140128,23541,151162,150544,133424,137574,1427,76192,38513,112719,57213,113631,6336,54186,68454,82373,52170,30100,165321,47271,49019,62701,39698,5027,145627,19316,115936,144960,146799,129378,55469,23402,120567,23561,164151,137010,74269,86870,153867,132210,10359,146182,87593,162145,142884,161426,122295,96885,154188,60189,132022,124740,6281,67968,6121,136391,108609,99353,167724,158095,125806,129456,96265,52558,36778,171576,49803,105618,172706,82710,170041,9056,91589,132914,101519,112757,10252,77710,36605,102335,65833,15371,50184,24095,102230,128937,163729,104705,144547,88666,94917,62179,82258,24674,89608,117096,110425,92439,70121,98010,65246,88521,105379,51346,96149,120888,101830,31697,129331,54790,160152,172617,102539,1740,74020,123530,39820,12260,65767,143273,60371,92179,61876,83884,163656,70746,162069,167196,46684,134634,156855,85248,47561,130981,15654,38176,54896,68239,120500,38179,104214,158747,116708,168903,101942,60981,17408,104979,10037,41012,37273,164131,83414,122226,139562,30904,100223,41689,17622,35426,15772,111934,39863,579,48891,130302,115523,70657,166125,85636,122006,33691,80209,170305,87805,53975,109258,173481,128259,128572,113420,63985,108583,87540,154906,36639,67826,96144,68906,148250,92616,148691,122577,95480,114095,169914,93478,30187,36587,99735"
CAP CAFE MACCHIAT112G,cafe,0.07081484152391251,f1_macro_on_full,minimize,"82577,26117,142042,137452,4653,130457,131656,7869,150273,31336,6386,167987,71895,116357,26197,2884,172590,24749,27021,101472,3143,14170,140005,111788,63934,68916,32481,34738,142474,116684,132810,78949,94365,131620,18930,7800,149917,39469,133970,146935,74139,136032,35502,174420,164970,151469,94706,70275,78835,48866,140128,23541,151162,150544,133424,137574,1427,76192,38513,112719,57213,113631,6336,54186,68454,82373,52170,30100,165321,47271,49019,62701,39698,5027,145627,19316,115936,144960,146799,129378,55469,23402,120567,23561,164151,137010,74269,86870,153867,132210,10359,146182,87593,162145,142884,161426,122295,96885,154188,60189,132022,124740,6281,67968,6121,136391,108609,99353,167724,158095,125806,129456,96265,52558,36778,171576,49803,105618,172706,82710,170041,9056,91589,132914,101519,112757,10252,77710,36605,102335,65833,15371,50184,24095,102230,128937,163729,104705,144547,88666,94917,62179,82258,24674,89608,117096,110425,92439,70121,98010,65246,88521,105379,51346,96149,120888,101830,31697,129331,54790,160152,172617,102539,1740,74020,123530,39820,12260,65767,143273,60371,92179,61876,83884,163656,70746,162069,167196,46684,134634,156855,85248,47561,130981,15654,38176,54896,68239,120500,38179,104214,158747,116708,168903,101942,60981,17408,104979,10037,41012,37273,164131,83414,122226,139562,30904,100223,41689,17622,35426,15772,111934,39863,579,48891,130302,115523,70657,166125,85636,122006,33691,80209,170305,87805,53975,109258,173481,128259,128572,113420,63985,108583,87540,154906,36639,67826,96144,68906,148250,92616,148691,122577,95480,114095,169914,93478,30187,36587,99735"
PIPOCA MO QJO MARPA 100G,pipoca para microondas,0.07081484152391251,f1_macro_on_full,minimize,"82577,26117,142042,137452,4653,130457,131656,7869,150273,31336,6386,167987,71895,116357,26197,2884,172590,24749,27021,101472,3143,14170,140005,111788,63934,68916,32481,34738,142474,116684,132810,78949,94365,131620,18930,7800,149917,39469,133970,146935,74139,136032,35502,174420,164970,151469,94706,70275,78835,48866,140128,23541,151162,150544,133424,137574,1427,76192,38513,112719,57213,113631,6336,54186,68454,82373,52170,30100,165321,47271,49019,62701,39698,5027,145627,19316,115936,144960,146799,129378,55469,23402,120567,23561,164151,137010,74269,86870,153867,132210,10359,146182,87593,162145,142884,161426,122295,96885,154188,60189,132022,124740,6281,67968,6121,136391,108609,99353,167724,158095,125806,129456,96265,52558,36778,171576,49803,105618,172706,82710,170041,9056,91589,132914,101519,112757,10252,77710,36605,102335,65833,15371,50184,24095,102230,128937,163729,104705,144547,88666,94917,62179,82258,24674,89608,117096,110425,92439,70121,98010,65246,88521,105379,51346,96149,120888,101830,31697,129331,54790,160152,172617,102539,1740,74020,123530,39820,12260,65767,143273,60371,92179,61876,83884,163656,70746,162069,167196,46684,134634,156855,85248,47561,130981,15654,38176,54896,68239,120500,38179,104214,158747,116708,168903,101942,60981,17408,104979,10037,41012,37273,164131,83414,122226,139562,30904,100223,41689,17622,35426,15772,111934,39863,579,48891,130302,115523,70657,166125,85636,122006,33691,80209,170305,87805,53975,109258,173481,128259,128572,113420,63985,108583,87540,154906,36639,67826,96144,68906,148250,92616,148691,122577,95480,114095,169914,93478,30187,36587,99735"
IOG GREGO TORTA LIMAO DANONE 100G,iogurte,0.07081484152391251,f1_macro_on_full,minimize,"82577,26117,142042,137452,4653,130457,131656,7869,150273,31336,6386,167987,71895,116357,26197,2884,172590,24749,27021,101472,3143,14170,140005,111788,63934,68916,32481,34738,142474,116684,132810,78949,94365,131620,18930,7800,149917,39469,133970,146935,74139,136032,35502,174420,164970,151469,94706,70275,78835,48866,140128,23541,151162,150544,133424,137574,1427,76192,38513,112719,57213,113631,6336,54186,68454,82373,52170,30100,165321,47271,49019,62701,39698,5027,145627,19316,115936,144960,146799,129378,55469,23402,120567,23561,164151,137010,74269,86870,153867,132210,10359,146182,87593,162145,142884,161426,122295,96885,154188,60189,132022,124740,6281,67968,6121,136391,108609,99353,167724,158095,125806,129456,96265,52558,36778,171576,49803,105618,172706,82710,170041,9056,91589,132914,101519,112757,10252,77710,36605,102335,65833,15371,50184,24095,102230,128937,163729,104705,144547,88666,94917,62179,82258,24674,89608,117096,110425,92439,70121,98010,65246,88521,105379,51346,96149,120888,101830,31697,129331,54790,160152,172617,102539,1740,74020,123530,39820,12260,65767,143273,60371,92179,61876,83884,163656,70746,162069,167196,46684,134634,156855,85248,47561,130981,15654,38176,54896,68239,120500,38179,104214,158747,116708,168903,101942,60981,17408,104979,10037,41012,37273,164131,83414,122226,139562,30904,100223,41689,17622,35426,15772,111934,39863,579,48891,130302,115523,70657,166125,85636,122006,33691,80209,170305,87805,53975,109258,173481,128259,128572,113420,63985,108583,87540,154906,36639,67826,96144,68906,148250,92616,148691,122577,95480,114095,169914,93478,30187,36587,99735"
P FACIL MBIJU BABY BRANCO 2L,passa facil,0.07081484152391251,f1_macro_on_full,minimize,"82577,26117,142042,137452,4653,130457,131656,7869,150273,31336,6386,167987,71895,116357,26197,2884,172590,24749,27021,101472,3143,14170,140005,111788,63934,68916,32481,34738,142474,116684,132810,78949,94365,131620,18930,7800,149917,39469,133970,146935,74139,136032,35502,174420,164970,151469,94706,70275,78835,48866,140128,23541,151162,150544,133424,137574,1427,76192,38513,112719,57213,113631,6336,54186,68454,82373,52170,30100,165321,47271,49019,62701,39698,5027,145627,19316,115936,144960,146799,129378,55469,23402,120567,23561,164151,137010,74269,86870,153867,132210,10359,146182,87593,162145,142884,161426,122295,96885,154188,60189,132022,124740,6281,67968,6121,136391,108609,99353,167724,158095,125806,129456,96265,52558,36778,171576,49803,105618,172706,82710,170041,9056,91589,132914,101519,112757,10252,77710,36605,102335,65833,15371,50184,24095,102230,128937,163729,104705,144547,88666,94917,62179,82258,24674,89608,117096,110425,92439,70121,98010,65246,88521,105379,51346,96149,120888,101830,31697,129331,54790,160152,172617,102539,1740,74020,123530,39820,12260,65767,143273,60371,92179,61876,83884,163656,70746,162069,167196,46684,134634,156855,85248,47561,130981,15654,38176,54896,68239,120500,38179,104214,158747,116708,168903,101942,60981,17408,104979,10037,41012,37273,164131,83414,122226,139562,30904,100223,41689,17622,35426,15772,111934,39863,579,48891,130302,115523,70657,166125,85636,122006,33691,80209,170305,87805,53975,109258,173481,128259,128572,113420,63985,108583,87540,154906,36639,67826,96144,68906,148250,92616,148691,122577,95480,114095,169914,93478,30187,36587,99735"
CHA LIPTON PET 1.5L PESSEGO,cha pronto,0.07081484152391251,f1_macro_on_full,minimize,"82577,26117,142042,137452,4653,130457,131656,7869,150273,31336,6386,167987,71895,116357,26197,2884,172590,24749,27021,101472,3143,14170,140005,111788,63934,68916,32481,34738,142474,116684,132810,78949,94365,131620,18930,7800,149917,39469,133970,146935,74139,136032,35502,174420,164970,151469,94706,70275,78835,48866,140128,23541,151162,150544,133424,137574,1427,76192,38513,112719,57213,113631,6336,54186,68454,82373,52170,30100,165321,47271,49019,62701,39698,5027,145627,19316,115936,144960,146799,129378,55469,23402,120567,23561,164151,137010,74269,86870,153867,132210,10359,146182,87593,162145,142884,161426,122295,96885,154188,60189,132022,124740,6281,67968,6121,136391,108609,99353,167724,158095,125806,129456,96265,52558,36778,171576,49803,105618,172706,82710,170041,9056,91589,132914,101519,112757,10252,77710,36605,102335,65833,15371,50184,24095,102230,128937,163729,104705,144547,88666,94917,62179,82258,24674,89608,117096,110425,92439,70121,98010,65246,88521,105379,51346,96149,120888,101830,31697,129331,54790,160152,172617,102539,1740,74020,123530,39820,12260,65767,143273,60371,92179,61876,83884,163656,70746,162069,167196,46684,134634,156855,85248,47561,130981,15654,38176,54896,68239,120500,38179,104214,158747,116708,168903,101942,60981,17408,104979,10037,41012,37273,164131,83414,122226,139562,30904,100223,41689,17622,35426,15772,111934,39863,579,48891,130302,115523,70657,166125,85636,122006,33691,80209,170305,87805,53975,109258,173481,128259,128572,113420,63985,108583,87540,154906,36639,67826,96144,68906,148250,92616,148691,122577,95480,114095,169914,93478,30187,36587,99735"
TONICA SCHWEPPES CITRUS ORIGINAL LT 350ml,refrigerante,0.07081484152391251,f1_macro_on_full,minimize,"82577,26117,142042,137452,4653,130457,131656,7869,150273,31336,6386,167987,71895,116357,26197,2884,172590,24749,27021,101472,3143,14170,140005,111788,63934,68916,32481,34738,142474,116684,132810,78949,94365,131620,18930,7800,149917,39469,133970,146935,74139,136032,35502,174420,164970,151469,94706,70275,78835,48866,140128,23541,151162,150544,133424,137574,1427,76192,38513,112719,57213,113631,6336,54186,68454,82373,52170,30100,165321,47271,49019,62701,39698,5027,145627,19316,115936,144960,146799,129378,55469,23402,120567,23561,164151,137010,74269,86870,153867,132210,10359,146182,87593,162145,142884,161426,122295,96885,154188,60189,132022,124740,6281,67968,6121,136391,108609,99353,167724,158095,125806,129456,96265,52558,36778,171576,49803,105618,172706,82710,170041,9056,91589,132914,101519,112757,10252,77710,36605,102335,65833,15371,50184,24095,102230,128937,163729,104705,144547,88666,94917,62179,82258,24674,89608,117096,110425,92439,70121,98010,65246,88521,105379,51346,96149,120888,101830,31697,129331,54790,160152,172617,102539,1740,74020,123530,39820,12260,65767,143273,60371,92179,61876,83884,163656,70746,162069,167196,46684,134634,156855,85248,47561,130981,15654,38176,54896,68239,120500,38179,104214,158747,116708,168903,101942,60981,17408,104979,10037,41012,37273,164131,83414,122226,139562,30904,100223,41689,17622,35426,15772,111934,39863,579,48891,130302,115523,70657,166125,85636,122006,33691,80209,170305,87805,53975,109258,173481,128259,128572,113420,63985,108583,87540,154906,36639,67826,96144,68906,148250,92616,148691,122577,95480,114095,169914,93478,30187,36587,99735"
GEL DENTAL SORRISO 2EM1 MENTA GLAC 120g,creme dental,0.07081484152391251,f1_macro_on_full,minimize,"82577,26117,142042,137452,4653,130457,131656,7869,150273,31336,6386,167987,71895,116357,26197,2884,172590,24749,27021,101472,3143,14170,140005,111788,63934,68916,32481,34738,142474,116684,132810,78949,94365,131620,18930,7800,149917,39469,133970,146935,74139,136032,35502,174420,164970,151469,94706,70275,78835,48866,140128,23541,151162,150544,133424,137574,1427,76192,38513,112719,57213,113631,6336,54186,68454,82373,52170,30100,165321,47271,49019,62701,39698,5027,145627,19316,115936,144960,146799,129378,55469,23402,120567,23561,164151,137010,74269,86870,153867,132210,10359,146182,87593,162145,142884,161426,122295,96885,154188,60189,132022,124740,6281,67968,6121,136391,108609,99353,167724,158095,125806,129456,96265,52558,36778,171576,49803,105618,172706,82710,170041,9056,91589,132914,101519,112757,10252,77710,36605,102335,65833,15371,50184,24095,102230,128937,163729,104705,144547,88666,94917,62179,82258,24674,89608,117096,110425,92439,70121,98010,65246,88521,105379,51346,96149,120888,101830,31697,129331,54790,160152,172617,102539,1740,74020,123530,39820,12260,65767,143273,60371,92179,61876,83884,163656,70746,162069,167196,46684,134634,156855,85248,47561,130981,15654,38176,54896,68239,120500,38179,104214,158747,116708,168903,101942,60981,17408,104979,10037,41012,37273,164131,83414,122226,139562,30904,100223,41689,17622,35426,15772,111934,39863,579,48891,130302,115523,70657,166125,85636,122006,33691,80209,170305,87805,53975,109258,173481,128259,128572,113420,63985,108583,87540,154906,36639,67826,96144,68906,148250,92616,148691,122577,95480,114095,169914,93478,30187,36587,99735"
AVENTAL INFANTIL DE COZINHA MASTERCHEF,outro bazar e departamentos,0.07081484152391251,f1_macro_on_full,minimize,"82577,26117,142042,137452,4653,130457,131656,7869,150273,31336,6386,167987,71895,116357,26197,2884,172590,24749,27021,101472,3143,14170,140005,111788,63934,68916,32481,34738,142474,116684,132810,78949,94365,131620,18930,7800,149917,39469,133970,146935,74139,136032,35502,174420,164970,151469,94706,70275,78835,48866,140128,23541,151162,150544,133424,137574,1427,76192,38513,112719,57213,113631,6336,54186,68454,82373,52170,30100,165321,47271,49019,62701,39698,5027,145627,19316,115936,144960,146799,129378,55469,23402,120567,23561,164151,137010,74269,86870,153867,132210,10359,146182,87593,162145,142884,161426,122295,96885,154188,60189,132022,124740,6281,67968,6121,136391,108609,99353,167724,158095,125806,129456,96265,52558,36778,171576,49803,105618,172706,82710,170041,9056,91589,132914,101519,112757,10252,77710,36605,102335,65833,15371,50184,24095,102230,128937,163729,104705,144547,88666,94917,62179,82258,24674,89608,117096,110425,92439,70121,98010,65246,88521,105379,51346,96149,120888,101830,31697,129331,54790,160152,172617,102539,1740,74020,123530,39820,12260,65767,143273,60371,92179,61876,83884,163656,70746,162069,167196,46684,134634,156855,85248,47561,130981,15654,38176,54896,68239,120500,38179,104214,158747,116708,168903,101942,60981,17408,104979,10037,41012,37273,164131,83414,122226,139562,30904,100223,41689,17622,35426,15772,111934,39863,579,48891,130302,115523,70657,166125,85636,122006,33691,80209,170305,87805,53975,109258,173481,128259,128572,113420,63985,108583,87540,154906,36639,67826,96144,68906,148250,92616,148691,122577,95480,114095,169914,93478,30187,36587,99735"
