generation,individual_id,l0_size,accuracy_on_full,f1_macro_on_full,num_tokens,num_distinct_tokens,num_classes_in_l0,most_frequent_class_in_l0,l0_indices_hash,fitness_calc_time_sec
1,0,50,0.178791,0.020692,261,234,44,biscoito,f79de55a12,2.0269
1,1,50,0.189762,0.018305,272,248,41,biscoito,1069427192,1.5925
1,2,50,0.187032,0.018594,283,244,42,biscoito,d196833e64,1.7502
1,3,50,0.166409,0.015295,289,241,35,biscoito,788d7fdc12,1.6642
1,4,50,0.187445,0.018380,281,249,40,biscoito,d174cd0c50,1.7171
1,5,50,0.178352,0.016275,284,252,38,chocolate,475b00c17c,1.5752
1,6,50,0.158607,0.018678,273,244,41,refrigerante,e29ab2c2ff,1.7006
1,7,50,0.180083,0.016837,271,243,37,biscoito,be6e62ea0d,1.6822
1,8,50,0.175050,0.018060,268,243,39,chocolate,2da9574fe0,1.6466
1,9,50,0.173905,0.016246,268,240,39,biscoito,498be1552f,1.6491
1,10,50,0.194674,0.021117,279,247,38,biscoito,c330c6cea8,1.6462
1,11,50,0.182093,0.017035,275,242,39,biscoito,73929c52e1,1.5141
1,12,50,0.155119,0.019162,269,233,43,azeitona,97e6506461,1.5987
1,13,50,0.191985,0.016090,276,237,37,aperitivo,3724307748,1.6850
1,14,50,0.167368,0.018754,278,258,44,cerveja,cd550aed64,1.6200
1,15,50,0.183571,0.019047,290,261,40,padaria e confeitaria industrializado,64aa829017,1.6491
1,16,50,0.178046,0.017759,283,247,36,biscoito,2c24a2db20,1.7588
1,17,50,0.176168,0.015980,258,222,39,biscoito,e48452d7a8,1.6474
1,18,50,0.183557,0.019578,274,240,41,biscoito,e43506138b,1.6126
1,19,50,0.183691,0.017201,253,227,41,biscoito,3fcd840ca2,1.7008
1,20,50,0.182825,0.019233,273,235,41,iogurte,59c2f8cff8,1.6687
1,21,50,0.173559,0.013215,282,250,36,biscoito,3cf1725499,1.6796
1,22,50,0.139262,0.018291,266,240,43,cerveja,ef55be8ebe,1.6693
1,23,50,0.166383,0.017910,268,240,41,biscoito,fdacf20ea0,1.6115
1,24,50,0.199188,0.019318,275,244,38,biscoito,c385d30a82,1.7280
1,25,50,0.181094,0.018232,280,248,40,iogurte,1e4f3293ac,1.5005
1,26,50,0.165624,0.017025,289,256,40,lava roupas,6872a378e5,1.7404
1,27,50,0.185768,0.018505,264,230,39,iogurte,1f7a964b5c,1.8963
1,28,50,0.179843,0.018345,275,245,43,chocolate,b2cf27bf8a,1.6986
1,29,50,0.180948,0.020314,275,235,41,biscoito,8b1c66ca89,1.9710
1,30,50,0.156677,0.016826,266,234,39,carne suina,6b46631275,1.9556
1,31,50,0.153801,0.018608,281,256,43,cafe,571f81e181,1.9166
1,32,50,0.178764,0.018376,279,249,40,queijo,5a52016070,1.6996
1,33,50,0.158115,0.017707,274,240,40,biscoito,1059c2588b,1.8036
1,34,50,0.195180,0.019719,281,250,40,chocolate,2c3d1cea5d,1.6831
1,35,50,0.133884,0.017601,271,242,43,aperitivo,613fbd0a32,1.6442
1,36,50,0.144189,0.016720,268,246,43,refrigerante,b96a1b7c48,1.7525
1,37,50,0.187884,0.016743,291,260,38,biscoito,3a359ae594,1.6828
1,38,50,0.210065,0.019836,287,263,40,iogurte,5576312c89,1.8031
1,39,50,0.174864,0.017868,280,245,39,suco pronto,2abe9dabf8,1.6325
1,40,50,0.158900,0.019862,278,232,38,biscoito,81186640ab,2.3754
1,41,50,0.140288,0.016855,288,267,41,outro farma,96bcae1817,2.1260
1,42,50,0.199348,0.019550,277,244,42,iogurte,09a511f015,1.7105
1,43,50,0.173825,0.015786,281,246,38,padaria e confeitaria industrializado,28a12c0ed3,1.9678
1,44,50,0.179617,0.015856,276,249,37,iogurte,e821f8bd06,1.5982
1,45,50,0.187991,0.016218,284,251,35,cerveja,5f09c6b2ae,1.8848
1,46,50,0.161217,0.018296,278,254,40,biscoito,77dc706179,1.6864
1,47,50,0.173479,0.015910,275,247,39,refrigerante,ebc7f26e2d,1.6527
1,48,50,0.198349,0.019493,278,239,38,biscoito,9e4fc9a8a6,1.7476
1,49,50,0.167048,0.018165,274,257,43,cerveja,7c8b6889b9,1.6624
2,0,50,0.210065,0.019836,287,263,40,iogurte,5576312c89,1.8031
2,1,50,0.199348,0.019550,277,244,42,iogurte,09a511f015,1.7105
2,2,50,0.199188,0.019318,275,244,38,biscoito,c385d30a82,1.7280
2,3,50,0.198349,0.019493,278,239,38,biscoito,9e4fc9a8a6,1.7476
2,4,50,0.195180,0.019719,281,250,40,chocolate,2c3d1cea5d,1.6831
2,5,50,0.173026,0.018024,279,255,43,escova de dentes,a565f0dc96,1.8387
2,6,50,0.157582,0.017431,267,238,41,biscoito,e730c795d9,1.6838
2,7,50,0.182905,0.020054,273,236,37,iogurte,8687f58d3b,1.7288
2,8,50,0.162136,0.016596,289,245,40,biscoito,57e306d5bd,1.6652
2,9,50,0.198136,0.017827,284,247,34,creme dental,3ee9439cc1,1.6287
2,10,50,0.176448,0.017501,273,241,40,suco pronto,2425905d82,1.7582
2,11,50,0.178725,0.018715,277,249,41,creme dental,8869703275,1.8120
2,12,50,0.213500,0.020497,284,253,37,suco pronto,a1edbd8070,1.7077
2,13,50,0.170190,0.014227,277,239,36,biscoito,16489bf16f,1.6347
2,14,50,0.199121,0.020139,275,242,42,iogurte,432f8ea877,1.5960
2,15,50,0.204274,0.018829,285,261,39,iogurte,52b501ae55,1.8778
2,16,50,0.202743,0.020406,279,246,43,iogurte,419c2d7e2b,1.7695
2,17,50,0.193609,0.018472,281,250,40,biscoito,03c85b59e0,1.8545
2,18,50,0.176168,0.017976,267,240,37,iogurte,21435819fe,1.8223
2,19,50,0.185501,0.017023,268,232,37,macarrao,d71927b9b3,1.6505
2,20,50,0.169897,0.016057,274,231,35,biscoito,09103f56da,1.6215
2,21,50,0.199348,0.019550,277,244,42,iogurte,09a511f015,1.7105
2,22,50,0.199348,0.019550,277,244,42,iogurte,09a511f015,1.7105
2,23,50,0.193583,0.019012,274,245,38,biscoito,8b72f029fb,1.7432
2,24,50,0.186473,0.020539,278,243,38,creme dental,a7e357721d,1.5610
2,25,50,0.194342,0.020029,284,254,39,queijo,3f860f2625,1.8158
2,26,50,0.178898,0.017749,276,246,40,outro farma,e05ff6d2d2,1.7347
2,27,50,0.201544,0.019101,278,255,44,cerveja,790f9a97f8,1.5975
2,28,50,0.166809,0.017770,273,249,41,biscoito,3b72a598f5,1.7815
2,29,50,0.189762,0.018305,272,248,41,biscoito,1069427192,1.5925
2,30,50,0.183691,0.017201,253,227,41,biscoito,3fcd840ca2,1.7008
2,31,50,0.215750,0.019376,289,260,41,biscoito,92e0876aca,1.6637
2,32,50,0.176475,0.020160,278,251,40,biscoito,5d437f607b,1.6308
2,33,50,0.191426,0.017175,296,267,40,biscoito,1c9be9932b,1.7054
2,34,50,0.172400,0.013635,277,246,36,biscoito,058da47be0,1.7342
2,35,50,0.215590,0.017362,278,242,35,biscoito,382a482839,1.6499
2,36,50,0.195194,0.019396,285,258,43,chocolate,24d891821d,1.6971
2,37,50,0.186220,0.019649,264,233,42,cafe,a0455ff38a,1.6335
2,38,50,0.206018,0.018859,287,261,36,biscoito,69fb07eec7,1.7757
2,39,50,0.188111,0.018394,266,231,38,biscoito,5b8771a03c,1.6830
2,40,50,0.204793,0.021691,273,243,40,suco pronto,ae8de9a1d7,1.7074
2,41,50,0.177739,0.018036,275,239,40,iogurte,810a274879,1.7068
2,42,50,0.197470,0.019569,273,242,39,suco pronto,aad816fa19,1.6308
2,43,50,0.185674,0.015794,279,248,39,biscoito,f08ac21242,1.7150
2,44,50,0.165717,0.016068,280,248,39,biscoito,74c0245299,1.5704
2,45,50,0.192171,0.018583,285,255,37,biscoito,308424d3a1,1.8254
2,46,50,0.197377,0.018803,283,252,39,padaria e confeitaria industrializado,da81a91af5,1.9354
2,47,50,0.161430,0.016874,287,243,41,biscoito,e51c282302,1.5792
2,48,50,0.203621,0.020085,271,242,43,queijo,f8cdefb190,1.7340
2,49,50,0.219372,0.022579,280,258,39,multiuso,d1ff2099ed,1.6374
3,0,50,0.219372,0.022579,280,258,39,multiuso,d1ff2099ed,1.6374
3,1,50,0.215750,0.019376,289,260,41,biscoito,92e0876aca,1.6637
3,2,50,0.215590,0.017362,278,242,35,biscoito,382a482839,1.6499
3,3,50,0.213500,0.020497,284,253,37,suco pronto,a1edbd8070,1.7077
3,4,50,0.210065,0.019836,287,263,40,iogurte,5576312c89,1.8031
3,5,50,0.186313,0.019616,287,255,40,queijo,37a79afcbc,1.7986
3,6,50,0.208894,0.020730,271,245,37,suco pronto,219268112f,1.5982
3,7,50,0.184130,0.019257,279,250,41,queijo,17c16fee9d,1.7017
3,8,50,0.199254,0.020768,290,266,41,chocolate,89c4539acd,1.6912
3,9,50,0.204540,0.021599,272,250,42,saco de lixo,e43e5b9e36,1.6283
3,10,50,0.188151,0.020306,286,246,42,iogurte,b40218b316,1.8932
3,11,50,0.215750,0.019376,289,260,41,biscoito,92e0876aca,1.6637
3,12,50,0.186220,0.019649,264,233,42,cafe,a0455ff38a,1.6335
3,13,50,0.200506,0.019418,277,244,42,iogurte,58c466dc87,1.8969
3,14,50,0.193583,0.019012,274,245,38,biscoito,8b72f029fb,1.7432
3,15,50,0.198442,0.019335,272,239,40,shampoo,b3690d3338,1.7451
3,16,50,0.165810,0.018153,284,261,43,multiuso,99c141d428,1.5841
3,17,50,0.220796,0.018153,274,247,34,aperitivo,db945f3b3b,1.6407
3,18,50,0.192877,0.018346,281,247,38,multiuso,9e7063f3ad,1.6346
3,19,50,0.211423,0.019419,281,253,40,biscoito,a73d4e6c44,1.6538
3,20,50,0.199893,0.019065,275,242,40,biscoito,80f29c7038,1.6932
3,21,50,0.204793,0.021691,273,243,40,suco pronto,ae8de9a1d7,1.7074
3,22,50,0.206018,0.018859,287,261,36,biscoito,69fb07eec7,1.7757
3,23,50,0.205898,0.021924,275,252,40,sabonete,18f5f6e0c1,1.6835
3,24,50,0.185807,0.015326,289,250,31,creme dental,baa0e1faa4,1.6906
3,25,50,0.199467,0.019400,289,249,40,iogurte,893001f3f2,1.5959
3,26,50,0.229304,0.024300,268,248,42,saco de lixo,81c778b8e0,1.6716
3,27,50,0.201318,0.015037,277,236,33,iogurte,a8f2bf39fd,1.7349
3,28,50,0.200439,0.019356,280,250,43,cerveja,4a81c475bd,1.9526
3,29,50,0.180469,0.016792,274,247,38,iogurte,a7eb07077e,1.7522
3,30,50,0.187032,0.019350,288,256,41,chocolate,8b1ac97128,1.6471
3,31,50,0.197004,0.016683,301,263,38,biscoito,dffe1307af,1.6534
3,32,50,0.182226,0.017508,279,246,36,creme dental,cf90401ae9,1.7799
3,33,50,0.208667,0.021094,270,233,40,biscoito,f75bc60e8a,1.6360
3,34,50,0.182093,0.016836,271,233,35,suco pronto,e7558ebfbf,1.7370
3,35,50,0.213700,0.020423,284,262,45,cerveja,539914f8f8,1.8127
3,36,50,0.204873,0.019757,278,248,38,biscoito,68a286fe55,1.6966
3,37,50,0.193103,0.017261,288,258,37,multiuso,7061cfd44c,1.8345
3,38,50,0.212608,0.022575,276,252,43,saco de lixo,2b42783de0,1.6585
3,39,50,0.206071,0.019550,277,246,42,cerveja,e7ddb09bc0,1.6027
3,40,50,0.189708,0.018143,279,255,44,biscoito,1d31355789,1.8421
3,41,50,0.188550,0.021540,274,247,41,iogurte,422963163e,1.6317
3,42,50,0.191825,0.016550,289,252,35,biscoito,0c8f3dab09,1.6530
3,43,50,0.204274,0.018829,285,261,39,iogurte,52b501ae55,1.8778
3,44,50,0.219372,0.022579,280,258,39,multiuso,d1ff2099ed,1.6374
3,45,50,0.212369,0.019312,284,257,36,biscoito,16df8961a4,1.7668
3,46,50,0.186034,0.015971,287,250,33,creme dental,1140738770,1.6358
3,47,50,0.200013,0.017971,287,252,35,biscoito,8227b1e28a,1.6183
3,48,50,0.176980,0.019616,273,238,38,suco pronto,be620b429f,1.7033
3,49,50,0.199308,0.018321,283,258,39,iogurte,1ae5e0dc28,1.6285
4,0,50,0.229304,0.024300,268,248,42,saco de lixo,81c778b8e0,1.6716
4,1,50,0.220796,0.018153,274,247,34,aperitivo,db945f3b3b,1.6407
4,2,50,0.219372,0.022579,280,258,39,multiuso,d1ff2099ed,1.6374
4,3,50,0.219372,0.022579,280,258,39,multiuso,d1ff2099ed,1.6374
4,4,50,0.215750,0.019376,289,260,41,biscoito,92e0876aca,1.6637
4,5,50,0.207416,0.021340,268,247,41,chocolate,be936a8068,1.7046
4,6,50,0.196339,0.019859,280,243,43,iogurte,e74772e959,1.7589
4,7,50,0.200506,0.017597,286,252,33,outro farma,4ace290a6e,1.7261
4,8,50,0.211863,0.021117,275,251,43,biscoito,9539967d65,1.8000
4,9,50,0.210957,0.021785,278,251,40,iogurte,d93d536fc5,1.8303
4,10,50,0.212635,0.020582,276,250,40,biscoito,5691558a7b,1.6164
4,11,50,0.205898,0.021924,275,252,40,sabonete,18f5f6e0c1,1.6835
4,12,50,0.206071,0.019550,277,246,42,cerveja,e7ddb09bc0,1.6027
4,13,50,0.229304,0.024300,268,248,42,saco de lixo,81c778b8e0,1.6716
4,14,50,0.212715,0.018774,286,259,36,biscoito,2530214582,1.6773
4,15,50,0.213500,0.020497,284,253,37,suco pronto,a1edbd8070,1.7077
4,16,50,0.215590,0.017362,278,242,35,biscoito,382a482839,1.6499
4,17,50,0.204274,0.018829,285,261,39,iogurte,52b501ae55,1.8778
4,18,50,0.193103,0.017261,288,258,37,multiuso,7061cfd44c,1.8345
4,19,50,0.205272,0.019766,281,257,37,aperitivo,366cc411a7,1.6252
4,20,50,0.215338,0.020939,272,252,37,iogurte,c901b0f74a,1.6457
4,21,50,0.219372,0.022579,280,258,39,multiuso,d1ff2099ed,1.6374
4,22,50,0.212608,0.022575,276,252,43,saco de lixo,2b42783de0,1.6585
4,23,50,0.219372,0.022579,280,258,39,multiuso,d1ff2099ed,1.6374
4,24,50,0.206005,0.020582,277,250,39,biscoito,864ff9f183,1.7145
4,25,50,0.220796,0.018153,274,247,34,aperitivo,db945f3b3b,1.6407
4,26,50,0.189708,0.018143,279,255,44,biscoito,1d31355789,1.8421
4,27,50,0.200506,0.019418,277,244,42,iogurte,58c466dc87,1.8969
4,28,50,0.208894,0.020730,271,245,37,suco pronto,219268112f,1.5982
4,29,50,0.212076,0.018717,288,260,40,biscoito,330e15d073,1.6632
4,30,50,0.205738,0.019043,288,259,40,iogurte,86de039e42,1.7344
4,31,50,0.213700,0.020423,284,262,45,cerveja,539914f8f8,1.8127
4,32,50,0.204793,0.021691,273,243,40,suco pronto,ae8de9a1d7,1.7074
4,33,50,0.212369,0.019312,284,257,36,biscoito,16df8961a4,1.7668
4,34,50,0.206018,0.018859,287,261,36,biscoito,69fb07eec7,1.7757
4,35,50,0.202024,0.019355,281,249,36,biscoito,6350e3207f,1.6116
4,36,50,0.224937,0.022871,285,262,38,suco pronto,7e958b992a,1.6513
4,37,50,0.193583,0.019012,274,245,38,biscoito,8b72f029fb,1.7432
4,38,50,0.219372,0.022579,280,258,39,multiuso,d1ff2099ed,1.6374
4,39,50,0.209333,0.019487,286,263,39,iogurte,c8109c6251,1.7624
4,40,50,0.203275,0.019086,285,260,39,iogurte,df58687ddc,1.7842
4,41,50,0.201811,0.018786,268,242,38,aperitivo,7c774a5409,1.6855
4,42,50,0.200812,0.017360,287,251,36,biscoito,8c1ca2ba04,1.6520
4,43,50,0.224537,0.021744,280,254,38,padaria e confeitaria industrializado,a43cff4377,2.3024
4,44,50,0.195167,0.018972,286,260,39,multiuso,5cc5b8af8f,1.8851
4,45,50,0.210358,0.022438,278,252,41,amendoim,12ec139cd5,1.6855
4,46,50,0.209613,0.018624,283,254,40,biscoito,823b34769a,1.7141
4,47,50,0.196392,0.018217,281,261,41,biscoito,32328c4e49,1.5978
4,48,50,0.204194,0.023432,270,245,40,iogurte,414e510473,1.7541
4,49,50,0.208707,0.021711,277,254,44,iogurte,0eb4b104d7,1.7790
5,0,50,0.229304,0.024300,268,248,42,saco de lixo,81c778b8e0,1.6716
5,1,50,0.229304,0.024300,268,248,42,saco de lixo,81c778b8e0,1.6716
5,2,50,0.224937,0.022871,285,262,38,suco pronto,7e958b992a,1.6513
5,3,50,0.224537,0.021744,280,254,38,padaria e confeitaria industrializado,a43cff4377,2.3024
5,4,50,0.220796,0.018153,274,247,34,aperitivo,db945f3b3b,1.6407
5,5,50,0.197244,0.019024,276,254,44,biscoito,7204175fb7,1.7905
5,6,50,0.236027,0.024322,277,257,41,suco pronto,87af09717a,1.7145
5,7,50,0.190774,0.020560,275,247,38,suco pronto,4792305a9b,1.6821
5,8,50,0.205365,0.020523,280,253,42,biscoito,6bbde4fe77,1.7296
5,9,50,0.222434,0.021696,286,261,39,padaria e confeitaria industrializado,c9e6a46774,1.7017
5,10,50,0.229650,0.022547,281,256,38,iogurte,c2f4ffd291,1.6874
5,11,50,0.224937,0.022871,285,262,38,suco pronto,7e958b992a,1.6513
5,12,50,0.210957,0.021785,278,251,40,iogurte,d93d536fc5,1.8303
5,13,50,0.209985,0.022464,274,250,38,suco pronto,28b291d155,1.6444
5,14,50,0.201784,0.017379,294,262,37,biscoito,e880c55bc9,1.7069
5,15,50,0.214752,0.019432,284,255,37,biscoito,afd1924758,1.6588
5,16,50,0.205139,0.024648,270,249,41,suco pronto,bdca9bfdb7,1.7431
5,17,50,0.215750,0.019376,289,260,41,biscoito,92e0876aca,1.6637
5,18,50,0.220796,0.018153,274,247,34,aperitivo,db945f3b3b,1.6407
5,19,50,0.219372,0.022579,280,258,39,multiuso,d1ff2099ed,1.6374
5,20,50,0.220796,0.018153,274,247,34,aperitivo,db945f3b3b,1.6407
5,21,50,0.235774,0.023252,287,265,38,suco pronto,2a50c78de9,1.6674
5,22,50,0.184876,0.021640,278,254,40,suco pronto,540c3e157d,1.6460
5,23,50,0.229304,0.024300,268,248,42,saco de lixo,81c778b8e0,1.6716
5,24,50,0.219372,0.022579,280,258,39,multiuso,d1ff2099ed,1.6374
5,25,50,0.212715,0.022748,275,251,43,saco de lixo,b67a8c711a,1.9794
5,26,50,0.212049,0.020973,284,259,37,multiuso,b25fa23c04,1.8081
5,27,50,0.207815,0.017225,285,259,39,sabonete,6afa510ee8,1.7629
5,28,50,0.218320,0.022006,283,255,39,padaria e confeitaria industrializado,ad3ba6d860,1.6315
5,29,50,0.193010,0.021455,283,255,37,suco pronto,ee95fd5990,1.6018
5,30,50,0.212941,0.020087,284,256,38,suco pronto,95f3f26492,1.6932
5,31,50,0.204860,0.022117,270,253,42,saco de lixo,f6e1b7eaf6,1.5629
5,32,50,0.217388,0.019799,281,246,39,padaria e confeitaria industrializado,96d65ae97f,1.8329
5,33,50,0.212715,0.018774,286,259,36,biscoito,2530214582,1.6773
5,34,50,0.215338,0.020939,272,252,37,iogurte,c901b0f74a,1.6457
5,35,50,0.227320,0.022421,281,254,39,suco pronto,5930054498,1.6370
5,36,50,0.191466,0.018690,274,241,35,suco pronto,4db0928f70,1.7274
5,37,50,0.225855,0.025065,269,248,42,suco pronto,b535625d26,1.5804
5,38,50,0.208508,0.020275,276,249,39,biscoito,5c276c442d,1.6325
5,39,50,0.221741,0.020285,272,251,36,iogurte,1a5bb73c17,1.7213
5,40,50,0.226654,0.017988,273,247,34,aperitivo,0c0ddea07b,1.6459
5,41,50,0.211144,0.019895,286,255,38,biscoito,b529a36e09,2.1831
5,42,50,0.181574,0.016644,279,245,38,biscoito,04feb39d8c,1.6435
5,43,50,0.219372,0.022579,280,258,39,multiuso,d1ff2099ed,1.6374
5,44,50,0.213846,0.019070,284,257,36,biscoito,2fac7fb111,1.7153
5,45,50,0.232046,0.024743,268,248,43,saco de lixo,c72b570c2a,1.7304
5,46,50,0.201291,0.019527,277,246,43,biscoito,199a179873,1.7785
5,47,50,0.212289,0.020000,279,254,37,iogurte,9460c8d4d9,1.7276
5,48,50,0.203914,0.021130,274,253,39,aperitivo,291a28b67a,1.5975
5,49,50,0.210332,0.021667,272,249,41,padaria e confeitaria industrializado,0569f4b1b5,1.6993
6,0,50,0.236027,0.024322,277,257,41,suco pronto,87af09717a,1.7145
6,1,50,0.235774,0.023252,287,265,38,suco pronto,2a50c78de9,1.6674
6,2,50,0.232046,0.024743,268,248,43,saco de lixo,c72b570c2a,1.7304
6,3,50,0.229650,0.022547,281,256,38,iogurte,c2f4ffd291,1.6874
6,4,50,0.229304,0.024300,268,248,42,saco de lixo,81c778b8e0,1.6716
6,5,50,0.219465,0.023142,280,260,40,multiuso,aca69ea67f,1.8340
6,6,50,0.224338,0.021412,282,254,37,padaria e confeitaria industrializado,a3f25bf141,1.7187
6,7,50,0.216882,0.025014,275,253,40,multiuso,87924c4ab2,1.8332
6,8,50,0.213607,0.020541,275,249,39,iogurte,93857aff1b,1.7194
6,9,50,0.224537,0.021744,280,254,38,padaria e confeitaria industrializado,a43cff4377,2.3024
6,10,50,0.219372,0.022579,280,258,39,multiuso,d1ff2099ed,1.6374
6,11,50,0.217747,0.020975,286,261,38,padaria e confeitaria industrializado,4ef6dec8b5,1.6321
6,12,50,0.222474,0.021542,279,252,38,iogurte,f32f00b24f,1.7312
6,13,50,0.226055,0.022797,282,258,38,suco pronto,9ec333ae52,1.5979
6,14,50,0.210105,0.020245,283,257,38,biscoito,91fe566ef0,1.7051
6,15,50,0.226348,0.022653,284,263,39,suco pronto,ec9c5924c2,1.7135
6,16,50,0.206883,0.023709,269,247,40,suco pronto,dff2262047,1.7052
6,17,50,0.226654,0.017988,273,247,34,aperitivo,0c0ddea07b,1.6459
6,18,50,0.213846,0.019070,284,257,36,biscoito,2fac7fb111,1.7153
6,19,50,0.229304,0.024300,268,248,42,saco de lixo,81c778b8e0,1.6716
6,20,50,0.229304,0.024300,268,248,42,saco de lixo,81c778b8e0,1.6716
6,21,50,0.219372,0.022579,280,258,39,multiuso,d1ff2099ed,1.6374
6,22,50,0.220796,0.018153,274,247,34,aperitivo,db945f3b3b,1.6407
6,23,50,0.215284,0.022797,273,252,42,suco pronto,3fc7b2fc7c,1.5986
6,24,50,0.190108,0.022295,280,256,39,suco pronto,cd2042575f,1.8269
6,25,50,0.228092,0.022066,274,253,40,saco de lixo,5280d237ba,1.7819
6,26,50,0.215271,0.024061,276,252,44,saco de lixo,aa21eccc97,2.0654
6,27,50,0.220929,0.022629,280,255,39,iogurte,78021dfa06,1.8034
6,28,50,0.219385,0.021319,283,258,38,padaria e confeitaria industrializado,819b4e5f6d,1.6432
6,29,50,0.235854,0.022613,281,255,37,iogurte,a2f25d1547,1.7317
6,30,50,0.229650,0.022547,281,256,38,iogurte,c2f4ffd291,1.6874
6,31,50,0.212715,0.018774,286,259,36,biscoito,2530214582,1.6773
6,32,50,0.219372,0.022579,280,258,39,multiuso,d1ff2099ed,1.6374
6,33,50,0.225017,0.021973,289,262,40,suco pronto,d341b8f32c,1.6559
6,34,50,0.196405,0.020980,277,247,37,suco pronto,bf90cc5aa4,1.6956
6,35,50,0.224937,0.022871,285,262,38,suco pronto,7e958b992a,1.6513
6,36,50,0.224537,0.021744,280,254,38,padaria e confeitaria industrializado,a43cff4377,2.3024
6,37,50,0.226907,0.019009,272,246,34,iogurte,0298139562,1.7469
6,38,50,0.226761,0.021134,287,265,38,sabonete,9a47bffe27,1.8030
6,39,50,0.237598,0.025058,272,254,40,saco de lixo,076439761b,1.6443
6,40,50,0.225576,0.022953,280,256,39,suco pronto,ebc59828d1,1.8660
6,41,50,0.227320,0.022421,281,254,39,suco pronto,5930054498,1.6370
6,42,50,0.229650,0.022547,281,256,38,iogurte,c2f4ffd291,1.6874
6,43,50,0.225855,0.025065,269,248,42,suco pronto,b535625d26,1.5804
6,44,50,0.207615,0.019852,274,247,39,biscoito,e2c3d05905,1.6488
6,45,50,0.245334,0.023997,287,264,39,suco pronto,600fb92afc,1.7975
6,46,50,0.219372,0.022579,280,258,39,multiuso,d1ff2099ed,1.6374
6,47,50,0.212715,0.018774,286,259,36,biscoito,2530214582,1.6773
6,48,50,0.229304,0.024300,268,248,42,saco de lixo,81c778b8e0,1.6716
6,49,50,0.233671,0.024923,272,249,42,desodorante,d3daa3ff1d,1.8023
7,0,50,0.245334,0.023997,287,264,39,suco pronto,600fb92afc,1.7975
7,1,50,0.237598,0.025058,272,254,40,saco de lixo,076439761b,1.6443
7,2,50,0.236027,0.024322,277,257,41,suco pronto,87af09717a,1.7145
7,3,50,0.235854,0.022613,281,255,37,iogurte,a2f25d1547,1.7317
7,4,50,0.235774,0.023252,287,265,38,suco pronto,2a50c78de9,1.6674
7,5,50,0.253468,0.023971,288,262,38,suco pronto,12e87b80ef,1.7712
7,6,50,0.211130,0.022314,281,253,38,iogurte,b532f1f145,1.6533
7,7,50,0.226974,0.022347,273,252,37,iogurte,278d1743bb,1.6406
7,8,50,0.229916,0.024031,282,257,41,iogurte,74701650a0,1.7829
7,9,50,0.208827,0.023077,272,252,39,desodorante,6655598d7f,1.6629
7,10,50,0.218719,0.018181,275,246,34,aperitivo,f11e9b47f9,1.7815
7,11,50,0.219372,0.022579,280,258,39,multiuso,d1ff2099ed,1.6374
7,12,50,0.235774,0.023252,287,265,38,suco pronto,2a50c78de9,1.6674
7,13,50,0.229304,0.024300,268,248,42,saco de lixo,81c778b8e0,1.6716
7,14,50,0.219465,0.023142,280,260,40,multiuso,aca69ea67f,1.8340
7,15,50,0.225496,0.023402,277,252,39,iogurte,28e543bacb,1.7008
7,16,50,0.240527,0.023901,277,258,39,refrigerante,e58b43f61c,1.7967
7,17,50,0.248236,0.025032,273,256,40,saco de lixo,6f0b93133d,1.6669
7,18,50,0.207962,0.021043,276,250,41,iogurte,de55067933,1.7017
7,19,50,0.232685,0.023428,276,256,40,suco pronto,78270d0201,1.7297
7,20,50,0.224777,0.023593,267,246,41,saco de lixo,90eedd7535,1.7099
7,21,50,0.235761,0.023146,291,266,38,suco pronto,17b6d14f6b,1.7908
7,22,50,0.216336,0.020732,279,252,37,suco pronto,34083eedbb,1.5821
7,23,50,0.231221,0.021750,276,254,41,desodorante,b3281c0863,1.6506
7,24,50,0.199667,0.022763,279,259,40,multiuso,f037553f05,1.6274
7,25,50,0.227813,0.023906,284,256,36,suco pronto,fcfc2e8d25,1.7665
7,26,50,0.231221,0.023239,275,257,42,desodorante,20388c4136,1.7139
7,27,50,0.237106,0.025049,279,255,40,iogurte,d8a40a6016,1.6691
7,28,50,0.210305,0.019713,277,259,39,sabonete,7ab39ae66e,1.7664
7,29,50,0.232046,0.024743,268,248,43,saco de lixo,c72b570c2a,1.7304
7,30,50,0.236027,0.024322,277,257,41,suco pronto,87af09717a,1.7145
7,31,50,0.219145,0.021282,279,252,38,iogurte,6689b868cd,1.7465
7,32,50,0.238264,0.023122,283,259,39,biscoito,2e2c517ec6,1.8124
7,33,50,0.241672,0.024429,286,262,39,suco pronto,02b15f415f,1.6815
7,34,50,0.224537,0.021744,280,254,38,padaria e confeitaria industrializado,a43cff4377,2.3024
7,35,50,0.236400,0.024005,268,246,41,requeijao,78d0f3f0a3,1.7279
7,36,50,0.216309,0.020644,279,254,37,iogurte,2196457805,1.5834
7,37,50,0.229650,0.022547,281,256,38,iogurte,c2f4ffd291,1.6874
7,38,50,0.229650,0.022547,281,256,38,iogurte,c2f4ffd291,1.6874
7,39,50,0.230529,0.022195,279,252,38,padaria e confeitaria industrializado,afd580ca30,1.7094
7,40,50,0.228492,0.022774,280,256,39,iogurte,ad88328384,1.6181
7,41,50,0.248782,0.024900,287,264,39,suco pronto,2e9d478f7d,1.8264
7,42,50,0.229650,0.022547,281,256,38,iogurte,c2f4ffd291,1.6874
7,43,50,0.235854,0.022613,281,255,37,iogurte,a2f25d1547,1.7317
7,44,50,0.229650,0.022547,281,256,38,iogurte,c2f4ffd291,1.6874
7,45,50,0.236467,0.023427,284,264,38,suco pronto,75f29606bf,1.7136
7,46,50,0.237998,0.023145,285,262,38,suco pronto,0503a0ea48,1.7341
7,47,50,0.220650,0.019744,278,252,36,suco pronto,52a6b525cb,1.6292
7,48,50,0.224404,0.021597,278,255,36,suco pronto,21b6d47d5e,1.7672
7,49,50,0.254627,0.025211,287,265,39,suco pronto,9e2b6ae2b9,1.5999
8,0,50,0.254627,0.025211,287,265,39,suco pronto,9e2b6ae2b9,1.5999
8,1,50,0.253468,0.023971,288,262,38,suco pronto,12e87b80ef,1.7712
8,2,50,0.248782,0.024900,287,264,39,suco pronto,2e9d478f7d,1.8264
8,3,50,0.248236,0.025032,273,256,40,saco de lixo,6f0b93133d,1.6669
8,4,50,0.245334,0.023997,287,264,39,suco pronto,600fb92afc,1.7975
8,5,50,0.235854,0.022613,281,255,37,iogurte,a2f25d1547,1.7317
8,6,50,0.235761,0.023146,291,266,38,suco pronto,17b6d14f6b,1.7908
8,7,50,0.237598,0.025058,272,254,40,saco de lixo,076439761b,1.6443
8,8,50,0.237106,0.025049,279,255,40,iogurte,d8a40a6016,1.6691
8,9,50,0.220530,0.023215,282,256,39,suco pronto,531bbea027,1.7591
8,10,50,0.248223,0.023623,285,257,36,suco pronto,07bbb30223,2.2142
8,11,50,0.240421,0.025527,280,261,41,suco pronto,d7970d7c78,1.7458
8,12,50,0.226481,0.021618,275,255,38,refrigerante,4edd6568a9,1.8200
8,13,50,0.238530,0.024925,267,245,42,requeijao,7532b5bea4,1.5644
8,14,50,0.255545,0.024267,287,261,39,suco pronto,c5d644be5d,1.7483
8,15,50,0.230529,0.022195,279,252,38,padaria e confeitaria industrializado,afd580ca30,1.7094
8,16,50,0.236467,0.023427,284,264,38,suco pronto,75f29606bf,1.7136
8,17,50,0.220969,0.020910,280,252,36,iogurte,7f989e1901,1.7326
8,18,50,0.240088,0.022748,276,255,39,cafe,48faef9aca,1.6863
8,19,50,0.235854,0.022613,281,255,37,iogurte,a2f25d1547,1.7317
8,20,50,0.237598,0.025058,272,254,40,saco de lixo,076439761b,1.6443
8,21,50,0.250872,0.025396,289,266,38,suco pronto,9ea3657c1f,1.6288
8,22,50,0.207203,0.023998,278,250,40,iogurte,f2116237e3,1.7264
8,23,50,0.228758,0.022879,282,258,39,suco pronto,118f439682,1.6134
8,24,50,0.238424,0.023021,292,269,39,suco pronto,2321b1f775,1.5925
8,25,50,0.246625,0.023994,286,262,37,suco pronto,0c90a4393a,1.6650
8,26,50,0.223579,0.022775,275,255,40,suco pronto,1ad9ed5047,1.6827
8,27,50,0.231274,0.022743,279,251,39,iogurte,30e605028a,1.7196
8,28,50,0.223286,0.021682,279,252,38,padaria e confeitaria industrializado,fa1b5d74ce,1.6185
8,29,50,0.220703,0.023567,271,248,39,requeijao,051d9cb468,1.6993
8,30,50,0.245653,0.023101,283,258,38,biscoito,aea7b57074,1.6102
8,31,50,0.229889,0.021933,278,253,38,suco pronto,64c21e48cc,1.6828
8,32,50,0.234869,0.022445,286,264,35,suco pronto,3b4c15e2af,1.6972
8,33,50,0.241659,0.023175,285,256,35,iogurte,ebbcc608c2,1.7159
8,34,50,0.234416,0.022517,278,260,38,cafe,30900a48a2,1.7439
8,35,50,0.245334,0.023997,287,264,39,suco pronto,600fb92afc,1.7975
8,36,50,0.238264,0.023122,283,259,39,biscoito,2e2c517ec6,1.8124
8,37,50,0.227533,0.022555,279,253,38,multiuso,1e15c6fdf1,1.8785
8,38,50,0.233750,0.024623,268,248,42,iogurte,a1804cc32d,1.8305
8,39,50,0.233857,0.021531,278,255,37,padaria e confeitaria industrializado,3c5ac5e9e6,1.7924
8,40,50,0.231500,0.024149,279,254,40,iogurte,fcc9319d1f,1.6234
8,41,50,0.231461,0.022797,274,254,40,suco pronto,86ec50999d,1.6820
8,42,50,0.241020,0.024855,287,265,41,suco pronto,fd5e374925,1.6565
8,43,50,0.240527,0.023901,277,258,39,refrigerante,e58b43f61c,1.7967
8,44,50,0.241672,0.024429,286,262,39,suco pronto,02b15f415f,1.6815
8,45,50,0.241672,0.024429,286,262,39,suco pronto,02b15f415f,1.6815
8,46,50,0.231221,0.023239,275,257,42,desodorante,20388c4136,1.7139
8,47,50,0.235415,0.023318,282,260,38,suco pronto,cec10d0333,1.7027
8,48,50,0.222980,0.022672,279,255,41,suco pronto,aa3bc1a6a4,1.5985
8,49,50,0.223552,0.022056,288,261,35,suco pronto,bbf7410f15,1.8160
9,0,50,0.255545,0.024267,287,261,39,suco pronto,c5d644be5d,1.7483
9,1,50,0.254627,0.025211,287,265,39,suco pronto,9e2b6ae2b9,1.5999
9,2,50,0.253468,0.023971,288,262,38,suco pronto,12e87b80ef,1.7712
9,3,50,0.250872,0.025396,289,266,38,suco pronto,9ea3657c1f,1.6288
9,4,50,0.248782,0.024900,287,264,39,suco pronto,2e9d478f7d,1.8264
9,5,50,0.235268,0.024531,284,264,38,suco pronto,13eabc0375,2.0087
9,6,50,0.267568,0.026352,294,270,40,suco pronto,494a2697a8,1.6621
9,7,50,0.255545,0.024267,287,261,39,suco pronto,c5d644be5d,1.7483
9,8,50,0.235854,0.022613,281,255,37,iogurte,a2f25d1547,1.7317
9,9,50,0.230089,0.023474,280,255,39,suco pronto,12e857cf8f,1.6952
9,10,50,0.239435,0.023216,285,263,39,suco pronto,6475eb5d70,1.6435
9,11,50,0.251072,0.025264,280,259,39,suco pronto,743f7aaad6,1.6773
9,12,50,0.219784,0.023668,283,260,40,suco pronto,2ee22c7f18,1.7167
9,13,50,0.253468,0.023971,288,262,38,suco pronto,12e87b80ef,1.7712
9,14,50,0.255638,0.024156,287,264,39,suco pronto,f921c9a178,1.6272
9,15,50,0.241672,0.024429,286,262,39,suco pronto,02b15f415f,1.6815
9,16,50,0.223552,0.022056,288,261,35,suco pronto,bbf7410f15,1.8160
9,17,50,0.248236,0.025032,273,256,40,saco de lixo,6f0b93133d,1.6669
9,18,50,0.250872,0.025396,289,266,38,suco pronto,9ea3657c1f,1.6288
9,19,50,0.218892,0.023921,275,250,40,iogurte,64b98d25cd,1.7808
9,20,50,0.255545,0.024267,287,261,39,suco pronto,c5d644be5d,1.7483
9,21,50,0.225349,0.023996,280,259,39,suco pronto,610ca36980,1.6324
9,22,50,0.238357,0.021881,281,252,37,iogurte,4268631354,1.6444
9,23,50,0.246052,0.024211,275,255,38,iogurte,edfc27f15a,1.8909
9,24,50,0.245160,0.024762,285,261,40,suco pronto,41e49920c4,1.6970
9,25,50,0.245334,0.023997,287,264,39,suco pronto,600fb92afc,1.7975
9,26,50,0.248223,0.023623,285,257,36,suco pronto,07bbb30223,2.2142
9,27,50,0.226707,0.022403,280,254,37,iogurte,e495d66f17,1.6191
9,28,50,0.247197,0.025468,284,264,40,suco pronto,ce735a3cc1,1.7609
9,29,50,0.254627,0.025211,287,265,39,suco pronto,9e2b6ae2b9,1.5999
9,30,50,0.248782,0.024900,287,264,39,suco pronto,2e9d478f7d,1.8264
9,31,50,0.247331,0.024369,288,265,39,suco pronto,ae93ee7281,1.7075
9,32,50,0.218040,0.021130,278,250,39,iogurte,331ad55070,1.9940
9,33,50,0.224750,0.021107,281,254,36,iogurte,ddf02007b1,1.6637
9,34,50,0.240181,0.023041,280,251,38,suco pronto,1f41be315d,1.8735
9,35,50,0.238011,0.023958,290,265,40,suco pronto,946219fe7e,1.6675
9,36,50,0.239968,0.025206,280,256,40,suco pronto,ac3b8144fd,1.7620
9,37,50,0.253468,0.023971,288,262,38,suco pronto,12e87b80ef,1.7712
9,38,50,0.245334,0.023997,287,264,39,suco pronto,600fb92afc,1.7975
9,39,50,0.252124,0.024216,288,263,39,suco pronto,cb91090b0c,1.6974
9,40,50,0.248156,0.023325,286,255,36,suco pronto,9750b38bcf,1.7316
9,41,50,0.247637,0.024890,277,253,39,suco pronto,daaded1843,1.6548
9,42,50,0.224657,0.023423,281,261,40,suco pronto,d9717dba19,1.7101
9,43,50,0.252030,0.025851,288,265,39,biscoito,f6e58ce1da,1.7150
9,44,50,0.241539,0.023158,283,260,39,biscoito,a3f0b03cbf,1.8202
9,45,50,0.250885,0.025490,289,266,40,suco pronto,6c088ecb17,1.8153
9,46,50,0.248223,0.023623,285,257,36,suco pronto,07bbb30223,2.2142
9,47,50,0.248236,0.025032,273,256,40,saco de lixo,6f0b93133d,1.6669
9,48,50,0.245334,0.023997,287,264,39,suco pronto,600fb92afc,1.7975
9,49,50,0.244548,0.024741,286,266,38,suco pronto,df2d2c12b9,1.7960
10,0,50,0.267568,0.026352,294,270,40,suco pronto,494a2697a8,1.6621
10,1,50,0.255638,0.024156,287,264,39,suco pronto,f921c9a178,1.6272
10,2,50,0.255545,0.024267,287,261,39,suco pronto,c5d644be5d,1.7483
10,3,50,0.255545,0.024267,287,261,39,suco pronto,c5d644be5d,1.7483
10,4,50,0.255545,0.024267,287,261,39,suco pronto,c5d644be5d,1.7483
10,5,50,0.243789,0.025233,282,256,40,suco pronto,625b0b0efe,1.8277
10,6,50,0.249115,0.024789,284,263,39,suco pronto,a369f58c6c,1.6378
10,7,50,0.245334,0.023997,287,264,39,suco pronto,600fb92afc,1.7975
10,8,50,0.245334,0.023997,287,264,39,suco pronto,600fb92afc,1.7975
10,9,50,0.251058,0.025614,286,263,40,suco pronto,0d0d5cb40b,1.7258
10,10,50,0.246265,0.024717,283,261,40,suco pronto,1fe2b02eef,1.5974
10,11,50,0.239569,0.023938,278,253,38,suco pronto,ee8a5e7810,1.6409
10,12,50,0.250233,0.025682,291,267,40,suco pronto,5070815452,1.7576
10,13,50,0.257103,0.025784,286,264,40,suco pronto,6d22316c81,1.6661
10,14,50,0.240980,0.023779,283,257,41,padaria e confeitaria industrializado,d54981f023,1.8022
10,15,50,0.255545,0.024267,287,261,39,suco pronto,c5d644be5d,1.7483
10,16,50,0.255252,0.024368,288,262,39,suco pronto,b4da060044,1.7373
10,17,50,0.253801,0.024158,289,265,39,suco pronto,f6a7d734b2,1.6182
10,18,50,0.265144,0.025445,284,260,39,suco pronto,0cc7ef7090,1.6517
10,19,50,0.248236,0.025032,273,256,40,saco de lixo,6f0b93133d,1.6669
10,20,50,0.251817,0.025200,272,256,40,suco pronto,d84fb7aff7,1.6650
10,21,50,0.245334,0.023997,287,264,39,suco pronto,600fb92afc,1.7975
10,22,50,0.249288,0.023472,289,263,37,suco pronto,4bbc58c10f,1.7501
10,23,50,0.242098,0.023542,279,254,38,suco pronto,dde309a773,1.6565
10,24,50,0.257596,0.024975,290,268,38,suco pronto,218aa27850,1.7041
10,25,50,0.241499,0.025159,289,269,39,suco pronto,9b0cc7f230,1.6161
10,26,50,0.241339,0.022236,274,250,37,suco pronto,51f6a9b221,1.6105
10,27,50,0.250433,0.024370,286,262,39,suco pronto,1152ab26cd,1.7853
10,28,50,0.240527,0.023426,289,265,38,suco pronto,2b389ca92d,1.5382
10,29,50,0.240900,0.022097,284,256,35,suco pronto,2b7b97e048,1.7816
10,30,50,0.264852,0.026099,291,265,39,suco pronto,14dd8b18f3,1.5934
10,31,50,0.249141,0.025229,293,266,39,suco pronto,a80ee89f93,1.7491
10,32,50,0.252590,0.022640,289,257,35,suco pronto,119d9a59f8,1.6312
10,33,50,0.255545,0.024267,287,261,39,suco pronto,c5d644be5d,1.7483
10,34,50,0.254627,0.025211,287,265,39,suco pronto,9e2b6ae2b9,1.5999
10,35,50,0.255545,0.024267,287,261,39,suco pronto,c5d644be5d,1.7483
10,36,50,0.255545,0.024267,287,261,39,suco pronto,c5d644be5d,1.7483
10,37,50,0.255718,0.025742,288,266,40,biscoito,6808e4cb97,1.7464
10,38,50,0.243336,0.024478,287,265,39,suco pronto,2a6b6add6b,1.6775
10,39,50,0.253535,0.024263,278,258,39,suco pronto,04ef5f7769,1.8010
10,40,50,0.242431,0.025765,280,262,40,suco pronto,4715eef7a5,1.7393
10,41,50,0.256158,0.025772,282,262,39,suco pronto,6c48fe086f,1.7247
10,42,50,0.244149,0.024170,285,261,38,biscoito,9cce5f7424,1.9033
10,43,50,0.248729,0.023355,286,261,37,suco pronto,7b8da72ea6,1.6015
10,44,50,0.256584,0.025073,292,268,40,suco pronto,dfd544774d,1.6661
10,45,50,0.246399,0.023826,288,263,40,suco pronto,e59a32a7e7,1.9105
10,46,50,0.250952,0.025183,286,263,40,suco pronto,f46aa89fa7,1.7589
10,47,50,0.258088,0.024786,285,263,40,suco pronto,a8854808b9,1.8982
10,48,50,0.244588,0.024382,275,256,39,saco de lixo,c9a9ccb8e2,1.6342
10,49,50,0.238983,0.022834,288,261,36,iogurte,6b279e35d4,1.8236
11,0,50,0.267568,0.026352,294,270,40,suco pronto,494a2697a8,1.6621
11,1,50,0.265144,0.025445,284,260,39,suco pronto,0cc7ef7090,1.6517
11,2,50,0.264852,0.026099,291,265,39,suco pronto,14dd8b18f3,1.5934
11,3,50,0.258088,0.024786,285,263,40,suco pronto,a8854808b9,1.8982
11,4,50,0.257596,0.024975,290,268,38,suco pronto,218aa27850,1.7041
11,5,50,0.265144,0.025445,284,260,39,suco pronto,0cc7ef7090,1.6517
11,6,50,0.250952,0.025183,286,263,40,suco pronto,f46aa89fa7,1.7589
11,7,50,0.260485,0.023092,279,258,38,suco pronto,34c1560d6f,1.8208
11,8,50,0.235841,0.024306,287,266,39,suco pronto,9dcda23949,1.6165
11,9,50,0.259473,0.024171,285,261,41,biscoito,d3c1d39778,1.7536
11,10,50,0.259433,0.024531,292,265,39,suco pronto,b65d107dbc,1.7225
11,11,50,0.256717,0.024452,286,262,39,suco pronto,bd4c0d74f1,1.7279
11,12,50,0.267568,0.026352,294,270,40,suco pronto,494a2697a8,1.6621
11,13,50,0.267568,0.026352,294,270,40,suco pronto,494a2697a8,1.6621
11,14,50,0.248236,0.025032,273,256,40,saco de lixo,6f0b93133d,1.6669
11,15,50,0.256517,0.024895,291,264,38,suco pronto,c0b921f586,1.6938
11,16,50,0.258567,0.025435,292,267,39,suco pronto,33d2629d58,1.8746
11,17,50,0.265158,0.025328,286,264,40,suco pronto,daf4a8a751,1.6646
11,18,50,0.253149,0.024715,290,266,38,suco pronto,f0173ba167,1.7580
11,19,50,0.250939,0.024076,288,264,40,suco pronto,10362fde20,1.6754
11,20,50,0.254147,0.023331,287,260,38,suco pronto,2175214427,1.6457
11,21,50,0.255559,0.024149,285,258,38,suco pronto,2b7925fe73,1.7991
11,22,50,0.255638,0.024156,287,264,39,suco pronto,f921c9a178,1.6272
11,23,50,0.260418,0.024588,288,264,39,suco pronto,e5fdf33f09,1.6580
11,24,50,0.258567,0.025389,290,264,39,suco pronto,d6fb493d3e,1.7569
11,25,50,0.249274,0.023665,290,264,39,suco pronto,2e6988d320,1.6841
11,26,50,0.255306,0.023867,289,264,39,suco pronto,3a17d02987,1.7122
11,27,50,0.261057,0.025154,291,266,40,suco pronto,9729ba31af,1.6654
11,28,50,0.257835,0.025488,289,266,40,suco pronto,1edef7cfc7,1.8292
11,29,50,0.255545,0.024267,287,261,39,suco pronto,c5d644be5d,1.7483
11,30,50,0.256158,0.025772,282,262,39,suco pronto,6c48fe086f,1.7247
11,31,50,0.245147,0.023879,283,259,39,suco pronto,ab97025942,1.6897
11,32,50,0.264798,0.025298,291,264,40,suco pronto,63f21cad82,1.6269
11,33,50,0.265144,0.025445,284,260,39,suco pronto,0cc7ef7090,1.6517
11,34,50,0.255545,0.024267,287,261,39,suco pronto,c5d644be5d,1.7483
11,35,50,0.264852,0.026099,291,265,39,suco pronto,14dd8b18f3,1.5934
11,36,50,0.264852,0.026099,291,265,39,suco pronto,14dd8b18f3,1.5934
11,37,50,0.255545,0.024267,287,261,39,suco pronto,c5d644be5d,1.7483
11,38,50,0.255545,0.024267,287,261,39,suco pronto,c5d644be5d,1.7483
11,39,50,0.259499,0.025586,290,267,40,suco pronto,1d9ca255e4,1.7283
11,40,50,0.251311,0.023587,287,262,38,suco pronto,0a8c07f707,1.6824
11,41,50,0.260977,0.025981,288,264,41,biscoito,443eb52d0d,1.7571
11,42,50,0.255079,0.026599,286,266,40,suco pronto,7ddcc1b395,1.6262
11,43,50,0.256903,0.025009,287,263,41,suco pronto,9ee120145e,1.6460
11,44,50,0.259246,0.025897,285,261,40,suco pronto,bfa6b55ac2,1.7098
11,45,50,0.255545,0.024267,287,261,39,suco pronto,c5d644be5d,1.7483
11,46,50,0.255545,0.024267,287,261,39,suco pronto,c5d644be5d,1.7483
11,47,50,0.257755,0.024506,289,264,39,suco pronto,d5821fc120,1.7657
11,48,50,0.250379,0.022536,288,258,35,suco pronto,fdd08fa24b,1.6676
11,49,50,0.257596,0.024975,290,268,38,suco pronto,218aa27850,1.7041
12,0,50,0.267568,0.026352,294,270,40,suco pronto,494a2697a8,1.6621
12,1,50,0.267568,0.026352,294,270,40,suco pronto,494a2697a8,1.6621
12,2,50,0.267568,0.026352,294,270,40,suco pronto,494a2697a8,1.6621
12,3,50,0.265158,0.025328,286,264,40,suco pronto,daf4a8a751,1.6646
12,4,50,0.265144,0.025445,284,260,39,suco pronto,0cc7ef7090,1.6517
12,5,50,0.265038,0.026158,284,259,39,suco pronto,620be28b89,1.8121
12,6,50,0.254147,0.024930,284,261,39,suco pronto,8824976c8d,1.7420
12,7,50,0.261124,0.026446,292,267,40,suco pronto,44454583a2,1.7403
12,8,50,0.262202,0.024739,290,267,39,suco pronto,7d211fb65d,2.0469
12,9,50,0.260977,0.025981,288,264,41,biscoito,443eb52d0d,1.7571
12,10,50,0.253202,0.024499,292,269,37,suco pronto,7adeab6231,1.9551
12,11,50,0.254507,0.024605,288,261,38,suco pronto,5ac0735129,1.9536
12,12,50,0.261896,0.025210,287,262,39,suco pronto,cd1c1f21ee,1.7671
12,13,50,0.255545,0.024267,287,261,39,suco pronto,c5d644be5d,1.7483
12,14,50,0.262029,0.023219,279,259,38,suco pronto,cbe004d640,1.6689
12,15,50,0.256517,0.024895,291,264,38,suco pronto,c0b921f586,1.6938
12,16,50,0.267860,0.025660,291,266,39,suco pronto,1f7b24a945,1.7585
12,17,50,0.265144,0.025445,284,260,39,suco pronto,0cc7ef7090,1.6517
12,18,50,0.259246,0.025897,285,261,40,suco pronto,bfa6b55ac2,1.7098
12,19,50,0.260165,0.024790,287,266,40,suco pronto,fd4893c9dd,1.7374
12,20,50,0.256024,0.024516,290,270,39,suco pronto,42b213ab03,1.6620
12,21,50,0.258874,0.024386,297,268,39,suco pronto,7204cd53be,1.7956
12,22,50,0.244841,0.022053,291,264,35,iogurte,a5be174119,1.8028
12,23,50,0.271841,0.025436,287,264,40,suco pronto,2b79ce632c,1.7511
12,24,50,0.254507,0.024605,288,261,38,suco pronto,5ac0735129,1.9536
12,25,50,0.253748,0.025281,288,263,41,biscoito,a1c04dc374,1.7490
12,26,50,0.268087,0.025944,288,265,40,suco pronto,f80859b16d,1.7156
12,27,50,0.259393,0.024125,286,259,38,suco pronto,02770f6574,1.6387
12,28,50,0.260112,0.024658,282,261,42,biscoito,04433f8e08,1.7516
12,29,50,0.264838,0.025451,292,268,40,suco pronto,f13b34dd95,1.6500
12,30,50,0.255399,0.024129,288,262,39,suco pronto,96e057a4c7,1.8134
12,31,50,0.270616,0.025426,296,268,39,suco pronto,31f64eaacc,1.7997
12,32,50,0.257236,0.025571,288,265,42,suco pronto,2f41213a04,1.7106
12,33,50,0.265144,0.025831,288,262,39,suco pronto,5a54f5e00c,1.8365
12,34,50,0.259393,0.023765,290,263,39,suco pronto,04a9627945,1.6609
12,35,50,0.266369,0.026812,292,267,40,suco pronto,be319650a6,1.7360
12,36,50,0.248516,0.023386,291,264,39,biscoito,c9146f77b0,1.7465
12,37,50,0.259433,0.024531,292,265,39,suco pronto,b65d107dbc,1.7225
12,38,50,0.253482,0.024187,288,264,39,suco pronto,40112e80dc,1.7624
12,39,50,0.267568,0.026352,294,270,40,suco pronto,494a2697a8,1.6621
12,40,50,0.267568,0.026352,294,270,40,suco pronto,494a2697a8,1.6621
12,41,50,0.256903,0.025009,287,263,41,suco pronto,9ee120145e,1.6460
12,42,50,0.260418,0.024588,288,264,39,suco pronto,e5fdf33f09,1.6580
12,43,50,0.267568,0.026352,294,270,40,suco pronto,494a2697a8,1.6621
12,44,50,0.267568,0.026352,294,270,40,suco pronto,494a2697a8,1.6621
12,45,50,0.246971,0.022877,285,258,37,suco pronto,8b30a1a694,1.6657
12,46,50,0.266782,0.025435,285,263,40,suco pronto,05e30a9bd1,1.7617
12,47,50,0.266649,0.025740,281,258,40,suco pronto,ed1db56d3c,1.7155
12,48,50,0.251178,0.023463,286,260,39,suco pronto,e722762999,1.7904
12,49,50,0.260485,0.023092,279,258,38,suco pronto,34c1560d6f,1.8208
13,0,50,0.271841,0.025436,287,264,40,suco pronto,2b79ce632c,1.7511
13,1,50,0.270616,0.025426,296,268,39,suco pronto,31f64eaacc,1.7997
13,2,50,0.268087,0.025944,288,265,40,suco pronto,f80859b16d,1.7156
13,3,50,0.267860,0.025660,291,266,39,suco pronto,1f7b24a945,1.7585
13,4,50,0.267568,0.026352,294,270,40,suco pronto,494a2697a8,1.6621
13,5,50,0.268593,0.026359,294,269,40,suco pronto,7301889ce2,1.7762
13,6,50,0.254773,0.025330,281,256,38,suco pronto,83a39fa570,1.6820
13,7,50,0.262255,0.026235,289,264,41,suco pronto,5e68753f88,1.6641
13,8,50,0.257130,0.025472,290,267,41,suco pronto,c2b00c1afc,1.7298
13,9,50,0.240580,0.025470,288,262,42,suco pronto,017da94e25,1.8489
13,10,50,0.273972,0.027080,288,265,41,suco pronto,fbd0a2e977,1.8857
13,11,50,0.253322,0.024838,289,264,40,suco pronto,b971d18d6c,1.8508
13,12,50,0.257755,0.024852,288,265,39,suco pronto,82aa4d2038,1.6652
13,13,50,0.267860,0.025660,291,266,39,suco pronto,1f7b24a945,1.7585
13,14,50,0.267860,0.025660,291,266,39,suco pronto,1f7b24a945,1.7585
13,15,50,0.260085,0.025779,292,268,40,suco pronto,36e35ddafd,1.6340
13,16,50,0.261829,0.025745,285,263,41,suco pronto,364fbae227,1.8700
13,17,50,0.267568,0.026352,294,270,40,suco pronto,494a2697a8,1.6621
13,18,50,0.262029,0.023219,279,259,38,suco pronto,cbe004d640,1.6689
13,19,50,0.262948,0.024632,288,263,39,suco pronto,8cd19f9343,1.7145
13,20,50,0.261390,0.025856,289,264,41,suco pronto,d040d1910d,1.7817
13,21,50,0.269019,0.026673,290,266,40,suco pronto,fa89f79c82,1.7958
13,22,50,0.256970,0.025001,291,268,40,suco pronto,bf75f97f0f,1.6742
13,23,50,0.257130,0.025118,287,262,39,suco pronto,2f0481e9ab,1.6768
13,24,50,0.273359,0.026623,289,265,40,suco pronto,fc51d9f874,1.7304
13,25,50,0.256317,0.025469,289,265,40,suco pronto,cf3548a290,1.7376
13,26,50,0.259153,0.024813,286,262,40,suco pronto,830bf837dd,1.6489
13,27,50,0.267568,0.026352,294,270,40,suco pronto,494a2697a8,1.6621
13,28,50,0.267568,0.026352,294,270,40,suco pronto,494a2697a8,1.6621
13,29,50,0.270616,0.025426,296,268,39,suco pronto,31f64eaacc,1.7997
13,30,50,0.267568,0.026352,294,270,40,suco pronto,494a2697a8,1.6621
13,31,50,0.271202,0.026124,297,269,40,biscoito,9cd136b384,1.7660
13,32,50,0.270616,0.025426,296,268,39,suco pronto,31f64eaacc,1.7997
13,33,50,0.265144,0.025831,288,262,39,suco pronto,5a54f5e00c,1.8365
13,34,50,0.267568,0.026352,294,270,40,suco pronto,494a2697a8,1.6621
13,35,50,0.270803,0.025884,285,261,40,suco pronto,02b0de3e92,1.6472
13,36,50,0.271495,0.026446,291,267,40,suco pronto,9eec382705,1.6378
13,37,50,0.265357,0.026015,291,268,40,suco pronto,b5dd07a0c7,1.7907
13,38,50,0.256224,0.024109,285,264,38,suco pronto,a48da0bf9a,1.7341
13,39,50,0.262522,0.025174,290,266,39,suco pronto,30e04cf5cd,1.6478
13,40,50,0.260178,0.024443,283,257,38,suco pronto,247540cb4a,1.7337
13,41,50,0.265144,0.025445,284,260,39,suco pronto,0cc7ef7090,1.6517
13,42,50,0.265144,0.025445,284,260,39,suco pronto,0cc7ef7090,1.6517
13,43,50,0.265144,0.025831,288,262,39,suco pronto,5a54f5e00c,1.8365
13,44,50,0.266369,0.026812,292,267,40,suco pronto,be319650a6,1.7360
13,45,50,0.267568,0.026352,294,270,40,suco pronto,494a2697a8,1.6621
13,46,50,0.260977,0.025981,288,264,41,biscoito,443eb52d0d,1.7571
13,47,50,0.250273,0.024058,290,263,38,suco pronto,4c059bc3d2,1.6515
13,48,50,0.258780,0.024855,296,268,39,suco pronto,323267535c,1.8541
13,49,50,0.282466,0.026881,285,263,41,suco pronto,37eb281995,1.8204
14,0,50,0.282466,0.026881,285,263,41,suco pronto,37eb281995,1.8204
14,1,50,0.273972,0.027080,288,265,41,suco pronto,fbd0a2e977,1.8857
14,2,50,0.273359,0.026623,289,265,40,suco pronto,fc51d9f874,1.7304
14,3,50,0.271841,0.025436,287,264,40,suco pronto,2b79ce632c,1.7511
14,4,50,0.271495,0.026446,291,267,40,suco pronto,9eec382705,1.6378
14,5,50,0.265144,0.025831,288,262,39,suco pronto,5a54f5e00c,1.8365
14,6,50,0.269019,0.026673,290,266,40,suco pronto,fa89f79c82,1.7958
14,7,50,0.268593,0.026359,294,269,40,suco pronto,7301889ce2,1.7762
14,8,50,0.262215,0.025359,290,264,38,suco pronto,181803bc21,1.8312
14,9,50,0.258448,0.025903,292,267,40,suco pronto,bb6cb873f6,1.7855
14,10,50,0.265584,0.025862,295,271,39,suco pronto,6e213767ee,1.5829
14,11,50,0.267860,0.025660,291,266,39,suco pronto,1f7b24a945,1.7585
14,12,50,0.264386,0.024708,287,265,40,suco pronto,4fe9c76958,1.7612
14,13,50,0.268247,0.024311,285,258,38,suco pronto,f150c5cc62,1.6244
14,14,50,0.264199,0.025447,285,263,40,suco pronto,90e49e89e3,1.7561
14,15,50,0.270616,0.025426,296,268,39,suco pronto,31f64eaacc,1.7997
14,16,50,0.267860,0.025660,291,266,39,suco pronto,1f7b24a945,1.7585
14,17,50,0.271495,0.026446,291,267,40,suco pronto,9eec382705,1.6378
14,18,50,0.267568,0.026352,294,270,40,suco pronto,494a2697a8,1.6621
14,19,50,0.260977,0.025748,290,265,40,suco pronto,7a9cee4fca,1.7501
14,20,50,0.258434,0.025670,290,266,40,suco pronto,87965b6b17,1.9959
14,21,50,0.280083,0.026075,297,269,39,suco pronto,8487cd1957,1.6596
14,22,50,0.259633,0.025223,290,263,39,suco pronto,16d0b205d6,1.6774
14,23,50,0.273972,0.027080,288,265,41,suco pronto,fbd0a2e977,1.8857
14,24,50,0.265357,0.026015,291,268,40,suco pronto,b5dd07a0c7,1.7907
14,25,50,0.267568,0.026352,294,270,40,suco pronto,494a2697a8,1.6621
14,26,50,0.264292,0.025338,292,268,39,suco pronto,17b1cb4a11,1.8181
14,27,50,0.264332,0.026430,289,264,41,biscoito,f189a94325,1.8674
14,28,50,0.269019,0.026673,290,266,40,suco pronto,fa89f79c82,1.7958
14,29,50,0.262122,0.026132,291,266,40,suco pronto,d85c46b17c,1.8001
14,30,50,0.268699,0.025379,288,266,39,suco pronto,6d32143f9b,1.7288
14,31,50,0.268952,0.024846,287,262,39,suco pronto,ac2ad6d23e,1.6303
14,32,50,0.259326,0.025037,283,261,40,suco pronto,8680563e2d,1.6770
14,33,50,0.261936,0.024722,292,264,39,suco pronto,c7c3d2c41c,1.7433
14,34,50,0.261403,0.025780,284,262,41,suco pronto,5d9058eab6,1.6918
14,35,50,0.270297,0.025581,296,265,39,suco pronto,a03d4f9223,1.6808
14,36,50,0.259739,0.025035,295,265,39,suco pronto,2adcb5b66c,1.7128
14,37,50,0.273466,0.026468,287,266,41,suco pronto,387b7fed6e,1.6866
14,38,50,0.268233,0.026753,290,265,40,suco pronto,fe42034052,1.7851
14,39,50,0.254746,0.024732,289,261,39,suco pronto,fcdc1291dc,1.6459
14,40,50,0.261869,0.026412,291,262,40,suco pronto,7553c1393e,1.7480
14,41,50,0.256983,0.025632,292,265,40,padaria e confeitaria industrializado,9acb11ecb2,1.6597
14,42,50,0.264945,0.025925,291,265,39,suco pronto,98aefadcd5,1.6519
14,43,50,0.262602,0.025732,289,265,39,suco pronto,fd2ac98f61,1.6889
14,44,50,0.262801,0.024524,290,268,39,suco pronto,6e0feba622,1.7871
14,45,50,0.257902,0.025206,290,265,39,suco pronto,8b89bbfbe5,1.6550
14,46,50,0.259486,0.025931,286,262,41,biscoito,76b3e6afd3,1.5960
14,47,50,0.269724,0.026839,291,268,41,suco pronto,92c3db8dc3,1.7792
14,48,50,0.254427,0.025271,290,264,39,suco pronto,3a78008d2d,1.7122
14,49,50,0.267102,0.025245,285,261,40,suco pronto,d617bd64de,1.5507
15,0,50,0.282466,0.026881,285,263,41,suco pronto,37eb281995,1.8204
15,1,50,0.280083,0.026075,297,269,39,suco pronto,8487cd1957,1.6596
15,2,50,0.273972,0.027080,288,265,41,suco pronto,fbd0a2e977,1.8857
15,3,50,0.273972,0.027080,288,265,41,suco pronto,fbd0a2e977,1.8857
15,4,50,0.273466,0.026468,287,266,41,suco pronto,387b7fed6e,1.6866
15,5,50,0.273972,0.027080,288,265,41,suco pronto,fbd0a2e977,1.8857
15,6,50,0.269724,0.026839,291,268,41,suco pronto,92c3db8dc3,1.7792
15,7,50,0.268779,0.026407,291,266,41,suco pronto,33e245c1db,1.9025
15,8,50,0.263241,0.025593,285,261,40,suco pronto,d1d8d9afd3,1.6487
15,9,50,0.270443,0.026185,293,268,39,suco pronto,f00e90beb2,1.7243
15,10,50,0.266489,0.025377,288,262,40,suco pronto,edc95f36ab,1.7464
15,11,50,0.265238,0.024681,288,261,39,suco pronto,086c5ea563,1.6784
15,12,50,0.265664,0.025646,286,265,40,suco pronto,321e8eead3,1.7784
15,13,50,0.270284,0.025497,288,264,40,suco pronto,cc583f77ad,1.6304
15,14,50,0.260405,0.025160,286,262,39,suco pronto,cfdbae64e9,1.6903
15,15,50,0.270350,0.026234,289,265,41,suco pronto,5583650ff6,1.8513
15,16,50,0.267594,0.025261,287,265,40,suco pronto,0693cf2269,1.6282
15,17,50,0.269724,0.026839,291,268,41,suco pronto,92c3db8dc3,1.7792
15,18,50,0.282466,0.026881,285,263,41,suco pronto,37eb281995,1.8204
15,19,50,0.259712,0.024844,283,259,41,suco pronto,69e322e88e,1.7626
15,20,50,0.276075,0.026631,295,269,40,suco pronto,b819d6a1f6,1.7897
15,21,50,0.270829,0.026434,291,268,40,suco pronto,b3922b1df4,1.7469
15,22,50,0.263347,0.025395,285,263,40,suco pronto,084a6420a8,1.9493
15,23,50,0.267608,0.027077,288,264,42,biscoito,48c5bd1d57,1.6954
15,24,50,0.272241,0.025569,302,273,40,suco pronto,f0781365b0,1.6334
15,25,50,0.273972,0.027080,288,265,41,suco pronto,fbd0a2e977,1.8857
15,26,50,0.264945,0.025925,291,265,39,suco pronto,98aefadcd5,1.6519
15,27,50,0.259153,0.025097,292,262,39,suco pronto,718456eb47,1.7195
15,28,50,0.280083,0.026075,297,269,39,suco pronto,8487cd1957,1.6596
15,29,50,0.271003,0.024070,301,268,37,suco pronto,5a2974a8b8,1.8441
15,30,50,0.266223,0.025949,291,263,39,suco pronto,04baed3ce6,1.6676
15,31,50,0.270616,0.025426,296,268,39,suco pronto,31f64eaacc,1.7997
15,32,50,0.264199,0.025447,285,263,40,suco pronto,90e49e89e3,1.7561
15,33,50,0.273972,0.027080,288,265,41,suco pronto,fbd0a2e977,1.8857
15,34,50,0.269019,0.026673,290,266,40,suco pronto,fa89f79c82,1.7958
15,35,50,0.265584,0.025862,295,271,39,suco pronto,6e213767ee,1.5829
15,36,50,0.269019,0.026673,290,266,40,suco pronto,fa89f79c82,1.7958
15,37,50,0.264865,0.027376,291,267,41,suco pronto,d21264fae5,1.7272
15,38,50,0.262122,0.026222,288,265,41,suco pronto,025c528aeb,1.6709
15,39,50,0.273359,0.026623,289,265,40,suco pronto,fc51d9f874,1.7304
15,40,50,0.268233,0.026753,290,265,40,suco pronto,fe42034052,1.7851
15,41,50,0.268153,0.027361,290,266,41,suco pronto,b842c4d465,1.7999
15,42,50,0.282239,0.026467,286,265,40,suco pronto,3f412747dc,1.6752
15,43,50,0.265823,0.025503,296,268,40,suco pronto,0d9db66c3e,1.7139
15,44,50,0.294515,0.027420,285,265,40,suco pronto,fb5d617dfb,1.6838
15,45,50,0.267860,0.025660,291,266,39,suco pronto,1f7b24a945,1.7585
15,46,50,0.273466,0.026468,287,266,41,suco pronto,387b7fed6e,1.6866
15,47,50,0.272267,0.026871,289,267,41,suco pronto,d141dfa947,1.7296
15,48,50,0.268766,0.025476,283,263,41,suco pronto,8038757d1f,1.6626
15,49,50,0.267568,0.026352,294,270,40,suco pronto,494a2697a8,1.6621
16,0,50,0.294515,0.027420,285,265,40,suco pronto,fb5d617dfb,1.6838
16,1,50,0.282466,0.026881,285,263,41,suco pronto,37eb281995,1.8204
16,2,50,0.282466,0.026881,285,263,41,suco pronto,37eb281995,1.8204
16,3,50,0.282239,0.026467,286,265,40,suco pronto,3f412747dc,1.6752
16,4,50,0.280083,0.026075,297,269,39,suco pronto,8487cd1957,1.6596
16,5,50,0.273466,0.026468,287,266,41,suco pronto,387b7fed6e,1.6866
16,6,50,0.282239,0.026467,286,265,40,suco pronto,3f412747dc,1.6752
16,7,50,0.282239,0.026467,286,265,40,suco pronto,3f412747dc,1.6752
16,8,50,0.268233,0.026753,290,265,40,suco pronto,fe42034052,1.7851
16,9,50,0.264998,0.026298,287,264,41,suco pronto,7899de3a12,1.7927
16,10,50,0.265664,0.026246,290,263,40,suco pronto,7c10c59646,1.7176
16,11,50,0.273412,0.027065,281,260,42,suco pronto,7fe9a4ddbe,1.6831
16,12,50,0.266729,0.026239,287,266,41,suco pronto,d8204d3f6a,1.7271
16,13,50,0.273972,0.027080,288,265,41,suco pronto,fbd0a2e977,1.8857
16,14,50,0.273972,0.027080,288,265,41,suco pronto,fbd0a2e977,1.8857
16,15,50,0.267581,0.026149,288,267,41,suco pronto,fa5a7d2992,1.7185
16,16,50,0.271335,0.024951,301,268,38,suco pronto,ecf1fd4445,1.6442
16,17,50,0.271721,0.025790,302,274,40,suco pronto,6a563fcdf9,1.7149
16,18,50,0.257343,0.025794,290,267,41,suco pronto,7d17bae816,1.6636
16,19,50,0.269804,0.025007,286,265,41,suco pronto,dba423baf6,1.7592
16,20,50,0.268619,0.025278,285,262,40,suco pronto,456f1869d2,1.6982
16,21,50,0.273359,0.026623,289,265,40,suco pronto,fc51d9f874,1.7304
16,22,50,0.280083,0.026075,297,269,39,suco pronto,8487cd1957,1.6596
16,23,50,0.271362,0.025567,291,265,39,suco pronto,6a2537eb23,1.7753
16,24,50,0.294475,0.026577,294,271,39,suco pronto,42e55c9233,1.6664
16,25,50,0.277939,0.027633,291,266,41,suco pronto,1484b1c497,1.6304
16,26,50,0.261909,0.025999,288,265,40,suco pronto,0e4a6c09d6,1.7458
16,27,50,0.264199,0.026187,288,265,40,suco pronto,74d0783288,1.6541
16,28,50,0.270856,0.026830,292,268,40,suco pronto,28ce8e5f2f,1.7517
16,29,50,0.267301,0.025572,288,265,40,suco pronto,f10d583840,1.7574
16,30,50,0.282878,0.026627,296,270,40,suco pronto,e7fcd9351d,1.6457
16,31,50,0.264439,0.025604,283,261,40,suco pronto,a4286c4a26,1.7135
16,32,50,0.280988,0.025545,297,270,38,suco pronto,28c485634a,1.7134
16,33,50,0.273359,0.026623,289,265,40,suco pronto,fc51d9f874,1.7304
16,34,50,0.276075,0.026631,295,269,40,suco pronto,b819d6a1f6,1.7897
16,35,50,0.271841,0.025330,294,267,38,suco pronto,6c490b5866,1.9135
16,36,50,0.271016,0.025456,295,265,39,suco pronto,116a0b1d5e,2.6072
16,37,50,0.279257,0.025931,290,266,39,suco pronto,7997f83dde,1.9839
16,38,50,0.277619,0.026248,287,264,40,suco pronto,389864e0e2,1.8314
16,39,50,0.262162,0.025981,290,266,40,suco pronto,4eabd8b52d,2.4109
16,40,50,0.275569,0.027454,292,267,40,suco pronto,d10cf7d628,3.0028
16,41,50,0.262562,0.026896,288,264,42,suco pronto,81173b66a5,3.0581
16,42,50,0.281108,0.026627,288,262,40,suco pronto,024449ab71,2.8284
16,43,50,0.282918,0.026382,288,264,39,suco pronto,bc228f39d9,2.8292
16,44,50,0.269937,0.025032,289,264,40,suco pronto,e777894da3,2.9307
16,45,50,0.280083,0.026075,297,269,39,suco pronto,8487cd1957,1.6596
16,46,50,0.280083,0.026075,297,269,39,suco pronto,8487cd1957,1.6596
16,47,50,0.271096,0.027013,288,266,41,suco pronto,8ccadf78b1,3.2156
16,48,50,0.266556,0.026494,288,264,41,suco pronto,0e0c20193e,2.7878
16,49,50,0.267927,0.026476,289,264,41,suco pronto,d2768ffab0,3.4419
17,0,50,0.294515,0.027420,285,265,40,suco pronto,fb5d617dfb,1.6838
17,1,50,0.294475,0.026577,294,271,39,suco pronto,42e55c9233,1.6664
17,2,50,0.282918,0.026382,288,264,39,suco pronto,bc228f39d9,2.8292
17,3,50,0.282878,0.026627,296,270,40,suco pronto,e7fcd9351d,1.6457
17,4,50,0.282466,0.026881,285,263,41,suco pronto,37eb281995,1.8204
17,5,50,0.268473,0.024732,287,262,40,suco pronto,0837e42015,3.0398
17,6,50,0.260325,0.025122,288,263,39,suco pronto,42848a177b,2.6917
17,7,50,0.300013,0.028288,288,267,41,suco pronto,390e9f0164,3.1232
17,8,50,0.274477,0.025862,297,271,39,suco pronto,ed10c960f9,2.6907
17,9,50,0.294475,0.026577,294,271,39,suco pronto,42e55c9233,1.6664
17,10,50,0.282239,0.026467,286,265,40,suco pronto,3f412747dc,1.6752
17,11,50,0.273359,0.026623,289,265,40,suco pronto,fc51d9f874,1.7304
17,12,50,0.273359,0.026623,289,265,40,suco pronto,fc51d9f874,1.7304
17,13,50,0.280083,0.026075,297,269,39,suco pronto,8487cd1957,1.6596
17,14,50,0.280083,0.026075,297,269,39,suco pronto,8487cd1957,1.6596
17,15,50,0.266769,0.025233,297,266,39,suco pronto,bfa646fad5,2.9763
17,16,50,0.261310,0.025394,291,265,38,suco pronto,2cacefdb1a,2.8621
17,17,50,0.281108,0.026627,288,262,40,suco pronto,024449ab71,2.8284
17,18,50,0.273359,0.026623,289,265,40,suco pronto,fc51d9f874,1.7304
17,19,50,0.286873,0.026393,287,264,38,suco pronto,73954aba40,2.8934
17,20,50,0.274624,0.025921,287,266,41,suco pronto,0420178d41,2.7517
17,21,50,0.289469,0.027342,285,264,41,suco pronto,3bdbe401b9,2.7875
17,22,50,0.288111,0.027816,286,264,42,suco pronto,a4b872a9fe,3.2086
17,23,50,0.275037,0.026503,294,268,40,suco pronto,3dc2b3e79f,2.9664
17,24,50,0.272560,0.025584,300,270,39,suco pronto,5c09045a04,2.7444
17,25,50,0.280083,0.026075,297,269,39,suco pronto,8487cd1957,1.6596
17,26,50,0.283504,0.027896,291,268,41,suco pronto,6307f47e3c,2.8800
17,27,50,0.285435,0.025954,292,266,39,suco pronto,950e08117b,2.7919
17,28,50,0.289229,0.026610,288,265,40,suco pronto,8f45effe5e,2.8536
17,29,50,0.283757,0.026310,285,263,41,suco pronto,1f01a8d83f,2.8541
17,30,50,0.281054,0.027001,288,265,40,suco pronto,07179d5cec,3.2112
17,31,50,0.278192,0.026959,282,260,41,suco pronto,f95d746bdb,2.7233
17,32,50,0.282466,0.026881,285,263,41,suco pronto,37eb281995,1.8204
17,33,50,0.277233,0.026126,291,267,40,suco pronto,6a9fb87551,3.6063
17,34,50,0.263427,0.025331,290,266,39,suco pronto,cd72f961b3,2.8612
17,35,50,0.282878,0.026627,296,270,40,suco pronto,e7fcd9351d,1.6457
17,36,50,0.282878,0.026627,296,270,40,suco pronto,e7fcd9351d,1.6457
17,37,50,0.281054,0.026078,300,273,39,suco pronto,9af767ed46,2.7770
17,38,50,0.271069,0.027365,288,266,41,suco pronto,c279e9efd4,2.8785
17,39,50,0.282918,0.026382,288,264,39,suco pronto,bc228f39d9,2.8292
17,40,50,0.266130,0.026678,290,269,41,suco pronto,7a8424c076,3.0411
17,41,50,0.282466,0.026881,285,263,41,suco pronto,37eb281995,1.8204
17,42,50,0.277619,0.026248,287,264,40,suco pronto,389864e0e2,1.8314
17,43,50,0.268180,0.025357,293,262,38,suco pronto,c02f78bca1,2.6689
17,44,50,0.268340,0.027062,289,265,41,suco pronto,6c70787e26,3.0104
17,45,50,0.280083,0.026075,297,269,39,suco pronto,8487cd1957,1.6596
17,46,50,0.265664,0.026246,290,263,40,suco pronto,7c10c59646,1.7176
17,47,50,0.280083,0.026075,297,269,39,suco pronto,8487cd1957,1.6596
17,48,50,0.294035,0.026588,292,268,39,suco pronto,8d1569b325,2.7038
17,49,50,0.265371,0.025925,297,266,39,suco pronto,3e1f96c2bf,3.2334
18,0,50,0.300013,0.028288,288,267,41,suco pronto,390e9f0164,3.1232
18,1,50,0.294515,0.027420,285,265,40,suco pronto,fb5d617dfb,1.6838
18,2,50,0.294475,0.026577,294,271,39,suco pronto,42e55c9233,1.6664
18,3,50,0.294475,0.026577,294,271,39,suco pronto,42e55c9233,1.6664
18,4,50,0.294035,0.026588,292,268,39,suco pronto,8d1569b325,2.7038
18,5,50,0.294635,0.027309,289,268,39,suco pronto,9e12b03152,3.0972
18,6,50,0.289016,0.026307,283,261,39,suco pronto,4a50ff90bc,2.8069
18,7,50,0.288590,0.027935,287,265,42,suco pronto,47e71dadec,2.8493
18,8,50,0.273239,0.028729,279,258,44,fralda,dd0a610b39,2.8497
18,9,50,0.280841,0.026444,293,269,39,suco pronto,f760f285e7,2.8292
18,10,50,0.282572,0.027577,291,266,42,biscoito,7dec47bed3,2.9218
18,11,50,0.282918,0.026382,288,264,39,suco pronto,bc228f39d9,2.8292
18,12,50,0.294515,0.027420,285,265,40,suco pronto,fb5d617dfb,1.6838
18,13,50,0.282918,0.026382,288,264,39,suco pronto,bc228f39d9,2.8292
18,14,50,0.282466,0.026881,285,263,41,suco pronto,37eb281995,1.8204
18,15,50,0.274824,0.025387,299,266,39,suco pronto,90d616deee,3.0541
18,16,50,0.292398,0.026721,289,268,39,suco pronto,5daa8e5dcd,2.7684
18,17,50,0.282466,0.026881,285,263,41,suco pronto,37eb281995,1.8204
18,18,50,0.282466,0.026881,285,263,41,suco pronto,37eb281995,1.8204
18,19,50,0.295061,0.027539,288,267,40,suco pronto,990a902b11,2.6305
18,20,50,0.271309,0.025643,298,271,39,suco pronto,b1e88af6f6,2.7006
18,21,50,0.287365,0.027172,291,266,41,suco pronto,b0b6718490,3.0942
18,22,50,0.287339,0.027723,285,264,41,suco pronto,b11e4db6e4,2.7400
18,23,50,0.294475,0.026577,294,271,39,suco pronto,42e55c9233,1.6664
18,24,50,0.288111,0.027816,286,264,42,suco pronto,a4b872a9fe,3.2086
18,25,50,0.289469,0.027342,285,264,41,suco pronto,3bdbe401b9,2.7875
18,26,50,0.300013,0.028288,288,267,41,suco pronto,390e9f0164,3.1232
18,27,50,0.294035,0.026588,292,268,39,suco pronto,8d1569b325,2.7038
18,28,50,0.282878,0.026627,296,270,40,suco pronto,e7fcd9351d,1.6457
18,29,50,0.294035,0.026588,292,268,39,suco pronto,8d1569b325,2.7038
18,30,50,0.282466,0.026881,285,263,41,suco pronto,37eb281995,1.8204
18,31,50,0.293995,0.027158,293,271,40,suco pronto,c7f954ada9,2.6307
18,32,50,0.291506,0.028450,287,266,42,suco pronto,d06294d095,2.7404
18,33,50,0.298549,0.028256,287,264,41,suco pronto,a3df8e2091,2.9001
18,34,50,0.291093,0.026826,297,271,39,suco pronto,8d623f5933,2.7879
18,35,50,0.287778,0.026399,289,267,39,suco pronto,79901819ad,2.9232
18,36,50,0.285501,0.025907,286,264,39,suco pronto,e9e3aedf47,2.6543
18,37,50,0.276688,0.025832,294,268,40,suco pronto,11bc1451ac,2.9350
18,38,50,0.282745,0.025685,295,267,38,suco pronto,7cde15d857,2.7453
18,39,50,0.285701,0.026096,293,267,39,suco pronto,247c13557a,2.7587
18,40,50,0.275449,0.026594,288,263,42,suco pronto,c44b05dc74,2.7584
18,41,50,0.293743,0.027552,285,262,40,suco pronto,355881e943,2.9378
18,42,50,0.293543,0.026655,295,274,39,suco pronto,d600d77b0c,2.9451
18,43,50,0.288084,0.026407,286,263,40,suco pronto,53b68b47ee,2.7496
18,44,50,0.286939,0.026026,291,267,40,suco pronto,e0bd15f09d,2.8192
18,45,50,0.284689,0.026358,294,268,40,suco pronto,a3c0ae8850,2.8872
18,46,50,0.292771,0.026665,295,268,39,suco pronto,08a18f64e3,2.9853
18,47,50,0.288111,0.027816,286,264,42,suco pronto,a4b872a9fe,3.2086
18,48,50,0.289469,0.027342,285,264,41,suco pronto,3bdbe401b9,2.7875
18,49,50,0.294515,0.027420,285,265,40,suco pronto,fb5d617dfb,1.6838
19,0,50,0.300013,0.028288,288,267,41,suco pronto,390e9f0164,3.1232
19,1,50,0.300013,0.028288,288,267,41,suco pronto,390e9f0164,3.1232
19,2,50,0.298549,0.028256,287,264,41,suco pronto,a3df8e2091,2.9001
19,3,50,0.295061,0.027539,288,267,40,suco pronto,990a902b11,2.6305
19,4,50,0.294635,0.027309,289,268,39,suco pronto,9e12b03152,3.0972
19,5,50,0.285501,0.025907,286,264,39,suco pronto,e9e3aedf47,2.6543
19,6,50,0.291506,0.028450,287,266,42,suco pronto,d06294d095,2.7404
19,7,50,0.293743,0.027552,285,262,40,suco pronto,355881e943,2.9378
19,8,50,0.294035,0.026588,292,268,39,suco pronto,8d1569b325,2.7038
19,9,50,0.292398,0.026721,289,268,39,suco pronto,5daa8e5dcd,2.7684
19,10,50,0.294515,0.027420,285,265,40,suco pronto,fb5d617dfb,1.6838
19,11,50,0.287312,0.027233,287,263,40,suco pronto,3c17beda20,3.1170
19,12,50,0.292997,0.027494,288,264,41,suco pronto,6bf4cc2c61,2.6856
19,13,50,0.293743,0.027552,285,262,40,suco pronto,355881e943,2.9378
19,14,50,0.293995,0.027158,293,271,40,suco pronto,c7f954ada9,2.6307
19,15,50,0.292398,0.026165,294,270,38,suco pronto,fa419a889c,2.5777
19,16,50,0.296312,0.027690,289,270,40,suco pronto,546ce284fb,2.9062
19,17,50,0.285062,0.027090,291,268,39,suco pronto,fe1552cfdf,2.7919
19,18,50,0.294435,0.027160,292,272,40,suco pronto,26b4c75358,2.7721
19,19,50,0.293995,0.027158,293,271,40,suco pronto,c7f954ada9,2.6307
19,20,50,0.294635,0.027309,289,268,39,suco pronto,9e12b03152,3.0972
19,21,50,0.294475,0.026577,294,271,39,suco pronto,42e55c9233,1.6664
19,22,50,0.294475,0.026577,294,271,39,suco pronto,42e55c9233,1.6664
19,23,50,0.287778,0.026399,289,267,39,suco pronto,79901819ad,2.9232
19,24,50,0.289469,0.026424,286,263,39,suco pronto,0ed10346f0,2.8045
19,25,50,0.294035,0.026588,292,268,39,suco pronto,8d1569b325,2.7038
19,26,50,0.294035,0.026588,292,268,39,suco pronto,8d1569b325,2.7038
19,27,50,0.277979,0.026173,287,264,39,suco pronto,b9bbff7499,2.8128
19,28,50,0.294142,0.026304,292,267,38,suco pronto,5135859c8e,2.8151
19,29,50,0.292211,0.026377,292,267,38,suco pronto,e338f2ff16,2.7625
19,30,50,0.269764,0.025143,292,266,38,suco pronto,320589d940,2.9773
19,31,50,0.289469,0.027342,285,264,41,suco pronto,3bdbe401b9,2.7875
19,32,50,0.292318,0.027330,286,265,40,suco pronto,8fffc745e9,2.7484
19,33,50,0.292531,0.026762,289,265,39,suco pronto,cbadc59d3a,2.8022
19,34,50,0.285581,0.026208,297,268,38,suco pronto,5d814cc2fb,2.8147
19,35,50,0.292265,0.027644,287,266,42,suco pronto,6059b5f6c4,2.8872
19,36,50,0.276275,0.026018,290,267,39,suco pronto,1ea464520d,2.7615
19,37,50,0.283491,0.025628,289,265,39,suco pronto,4803e90d8e,3.0490
19,38,50,0.300013,0.028288,288,267,41,suco pronto,390e9f0164,3.1232
19,39,50,0.296805,0.028165,286,266,41,suco pronto,902812af97,2.6252
19,40,50,0.292424,0.026284,290,268,39,suco pronto,03c7fe8a75,3.0148
19,41,50,0.294475,0.026577,294,271,39,suco pronto,42e55c9233,1.6664
19,42,50,0.292544,0.026666,284,259,39,suco pronto,981929814b,2.6158
19,43,50,0.289469,0.027342,285,264,41,suco pronto,3bdbe401b9,2.7875
19,44,50,0.300013,0.028288,288,267,41,suco pronto,390e9f0164,3.1232
19,45,50,0.289495,0.026997,292,271,40,suco pronto,da141800a9,3.0722
19,46,50,0.288137,0.027240,289,265,40,suco pronto,12aef3f27f,2.9057
19,47,50,0.294515,0.027420,285,265,40,suco pronto,fb5d617dfb,1.6838
19,48,50,0.302237,0.028491,291,270,41,suco pronto,53f0d73ade,2.6430
19,49,50,0.293543,0.026655,295,274,39,suco pronto,d600d77b0c,2.9451
20,0,50,0.302237,0.028491,291,270,41,suco pronto,53f0d73ade,2.6430
20,1,50,0.300013,0.028288,288,267,41,suco pronto,390e9f0164,3.1232
20,2,50,0.300013,0.028288,288,267,41,suco pronto,390e9f0164,3.1232
20,3,50,0.300013,0.028288,288,267,41,suco pronto,390e9f0164,3.1232
20,4,50,0.300013,0.028288,288,267,41,suco pronto,390e9f0164,3.1232
20,5,50,0.294142,0.026304,292,267,38,suco pronto,5135859c8e,2.8151
20,6,50,0.292398,0.026165,294,270,38,suco pronto,fa419a889c,2.5777
20,7,50,0.294515,0.027420,285,265,40,suco pronto,fb5d617dfb,1.6838
20,8,50,0.294635,0.027309,289,268,39,suco pronto,9e12b03152,3.0972
20,9,50,0.294515,0.027420,285,265,40,suco pronto,fb5d617dfb,1.6838
20,10,50,0.298549,0.028256,287,264,41,suco pronto,a3df8e2091,2.9001
20,11,50,0.296312,0.027690,289,270,40,suco pronto,546ce284fb,2.9062
20,12,50,0.300013,0.028288,288,267,41,suco pronto,390e9f0164,3.1232
20,13,50,0.294235,0.027227,291,266,39,suco pronto,a3d79d1f88,2.9119
20,14,50,0.287911,0.025774,289,268,38,suco pronto,5f94661525,2.6770
20,15,50,0.295367,0.027082,291,269,40,suco pronto,be107417e7,3.0198
20,16,50,0.293117,0.027067,296,274,40,suco pronto,2c753daccf,2.9515
20,17,50,0.285435,0.027000,286,263,40,suco pronto,ad973f9aef,2.8740
20,18,50,0.284636,0.025905,288,264,38,suco pronto,0d40a03c8d,2.6073
20,19,50,0.294635,0.027309,289,268,39,suco pronto,9e12b03152,3.0972
20,20,50,0.289469,0.027342,285,264,41,suco pronto,3bdbe401b9,2.7875
20,21,50,0.292358,0.027418,290,273,40,suco pronto,1e371b0820,2.6876
20,22,50,0.295367,0.027082,291,269,40,suco pronto,be107417e7,3.0198
20,23,50,0.299627,0.028321,286,264,41,suco pronto,2403d54c42,2.9266
20,24,50,0.292970,0.026746,291,268,39,suco pronto,32284a3565,2.9717
20,25,50,0.289376,0.027278,284,264,41,suco pronto,e52c59eff6,2.7612
20,26,50,0.290308,0.027150,281,260,40,suco pronto,297649019f,2.6101
20,27,50,0.294475,0.026577,294,271,39,suco pronto,42e55c9233,1.6664
20,28,50,0.299627,0.028321,286,264,41,suco pronto,2403d54c42,2.9266
20,29,50,0.290987,0.028026,288,268,41,suco pronto,b4c0895968,2.7178
20,30,50,0.299814,0.029124,287,264,42,suco pronto,e03486becf,3.0405
20,31,50,0.289469,0.027342,285,264,41,suco pronto,3bdbe401b9,2.7875
20,32,50,0.297963,0.027478,289,267,40,suco pronto,09ddb7a58e,2.7884
20,33,50,0.299587,0.028058,289,268,40,suco pronto,5880e42de9,2.9636
20,34,50,0.295061,0.027539,288,267,40,suco pronto,990a902b11,2.6305
20,35,50,0.289575,0.026224,294,269,39,suco pronto,c3c748bfca,2.8308
20,36,50,0.296312,0.027824,288,266,41,suco pronto,327322b57a,2.6960
20,37,50,0.297550,0.027570,294,269,41,suco pronto,57b9be0372,2.7909
20,38,50,0.296312,0.027690,289,270,40,suco pronto,546ce284fb,2.9062
20,39,50,0.298549,0.028256,287,264,41,suco pronto,a3df8e2091,2.9001
20,40,50,0.298549,0.028256,287,264,41,suco pronto,a3df8e2091,2.9001
20,41,50,0.292544,0.026666,284,259,39,suco pronto,981929814b,2.6158
20,42,50,0.294648,0.028171,289,268,42,suco pronto,9b60076e70,3.0636
20,43,50,0.298722,0.028130,287,265,41,suco pronto,3ff619dd8b,2.9236
20,44,50,0.292744,0.027586,289,267,40,suco pronto,4619567941,2.6626
20,45,50,0.292704,0.027351,286,262,39,suco pronto,80a607ae50,2.7610
20,46,50,0.293836,0.026629,295,270,39,suco pronto,241a0a2e42,2.8604
20,47,50,0.302237,0.028491,291,270,41,suco pronto,53f0d73ade,2.6430
20,48,50,0.298549,0.028256,287,264,41,suco pronto,a3df8e2091,2.9001
20,49,50,0.292584,0.026421,291,263,38,suco pronto,c9c649151b,2.8101
21,0,50,0.302237,0.028491,291,270,41,suco pronto,53f0d73ade,2.6430
21,1,50,0.302237,0.028491,291,270,41,suco pronto,53f0d73ade,2.6430
21,2,50,0.300013,0.028288,288,267,41,suco pronto,390e9f0164,3.1232
21,3,50,0.300013,0.028288,288,267,41,suco pronto,390e9f0164,3.1232
21,4,50,0.300013,0.028288,288,267,41,suco pronto,390e9f0164,3.1232
21,5,50,0.294635,0.027309,289,268,39,suco pronto,9e12b03152,3.0972
21,6,50,0.300013,0.028288,288,267,41,suco pronto,390e9f0164,3.1232
21,7,50,0.302237,0.028491,291,270,41,suco pronto,53f0d73ade,2.6430
21,8,50,0.287658,0.026906,283,262,39,suco pronto,be8a59baca,2.8883
21,9,50,0.299627,0.028321,286,264,41,suco pronto,2403d54c42,2.9266
21,10,50,0.288044,0.027374,288,266,41,suco pronto,ccd214d4d9,2.6452
21,11,50,0.298376,0.028258,291,268,41,suco pronto,8bdf4e8f87,3.0043
21,12,50,0.291519,0.027498,286,264,40,suco pronto,a4802a4c03,2.9310
21,13,50,0.300013,0.028288,288,267,41,suco pronto,390e9f0164,3.1232
21,14,50,0.300013,0.028288,288,267,41,suco pronto,390e9f0164,3.1232
21,15,50,0.299627,0.028321,286,264,41,suco pronto,2403d54c42,2.9266
21,16,50,0.296925,0.027652,287,264,41,suco pronto,e7fcf1c9b1,2.6982
21,17,50,0.298549,0.028256,287,264,41,suco pronto,a3df8e2091,2.9001
21,18,50,0.294648,0.028171,289,268,42,suco pronto,9b60076e70,3.0636
21,19,50,0.296645,0.027161,293,268,40,suco pronto,53e91616dd,2.7941
21,20,50,0.292624,0.027698,285,264,41,suco pronto,609f6e46c8,2.8008
21,21,50,0.285528,0.026355,291,268,40,suco pronto,3db0fb5367,2.7561
21,22,50,0.295873,0.027389,290,267,40,suco pronto,206ac7f780,3.3396
21,23,50,0.291080,0.028301,288,264,43,suco pronto,1b327857bb,4.7042
21,24,50,0.292318,0.026557,293,271,39,suco pronto,d7262cc06e,4.4866
21,25,50,0.280029,0.027349,286,264,42,suco pronto,cbf92fde05,4.1004
21,26,50,0.299654,0.028182,289,267,41,suco pronto,21300214aa,3.5378
21,27,50,0.297550,0.027570,294,269,41,suco pronto,57b9be0372,2.7909
21,28,50,0.300013,0.028288,288,267,41,suco pronto,390e9f0164,3.1232
21,29,50,0.288204,0.026625,287,264,39,suco pronto,36a13d814a,3.4845
21,30,50,0.289722,0.026657,289,264,39,suco pronto,e5b51222a9,3.7253
21,31,50,0.294515,0.027420,285,265,40,suco pronto,fb5d617dfb,1.6838
21,32,50,0.302237,0.028491,291,270,41,suco pronto,53f0d73ade,2.6430
21,33,50,0.294475,0.026577,294,271,39,suco pronto,42e55c9233,1.6664
21,34,50,0.295287,0.028212,291,271,41,suco pronto,d570c8d56b,3.4050
21,35,50,0.302237,0.028491,291,270,41,suco pronto,53f0d73ade,2.6430
21,36,50,0.300013,0.028288,288,267,41,suco pronto,390e9f0164,3.1232
21,37,50,0.299654,0.028182,289,267,41,suco pronto,21300214aa,3.5378
21,38,50,0.283291,0.027652,286,265,42,suco pronto,85fda85fab,3.3925
21,39,50,0.292997,0.027428,284,262,40,suco pronto,163c971bb6,2.7760
21,40,50,0.295367,0.027082,291,269,40,suco pronto,be107417e7,3.0198
21,41,50,0.292451,0.027475,286,264,40,suco pronto,e1c22d209f,3.1324
21,42,50,0.297058,0.027300,295,268,40,suco pronto,945b57c321,2.7315
21,43,50,0.293836,0.026629,295,270,39,suco pronto,241a0a2e42,2.8604
21,44,50,0.302237,0.028491,291,270,41,suco pronto,53f0d73ade,2.6430
21,45,50,0.295061,0.027539,288,267,40,suco pronto,990a902b11,2.6305
21,46,50,0.295061,0.027539,288,267,40,suco pronto,990a902b11,2.6305
21,47,50,0.291240,0.026872,285,265,39,suco pronto,40fe12ddd0,3.0618
21,48,50,0.298722,0.028130,287,265,41,suco pronto,3ff619dd8b,2.9236
21,49,50,0.277127,0.027124,288,267,41,suco pronto,3c33d21ec4,2.6636
22,0,50,0.302237,0.028491,291,270,41,suco pronto,53f0d73ade,2.6430
22,1,50,0.302237,0.028491,291,270,41,suco pronto,53f0d73ade,2.6430
22,2,50,0.302237,0.028491,291,270,41,suco pronto,53f0d73ade,2.6430
22,3,50,0.302237,0.028491,291,270,41,suco pronto,53f0d73ade,2.6430
22,4,50,0.302237,0.028491,291,270,41,suco pronto,53f0d73ade,2.6430
22,5,50,0.300706,0.028054,294,273,41,suco pronto,caf0f9e1f9,3.1121
22,6,50,0.302237,0.028491,291,270,41,suco pronto,53f0d73ade,2.6430
22,7,50,0.291293,0.027426,289,268,41,suco pronto,5f700423d1,2.8231
22,8,50,0.291413,0.027170,291,266,40,fralda,d3dc840415,3.2313
22,9,50,0.300013,0.028288,288,267,41,suco pronto,390e9f0164,3.1232
22,10,50,0.300013,0.028288,288,267,41,suco pronto,390e9f0164,3.1232
22,11,50,0.296765,0.026574,294,268,38,suco pronto,c2970c5bf5,2.8944
22,12,50,0.290614,0.026570,288,264,41,suco pronto,caab3be5b1,2.6912
22,13,50,0.302237,0.028491,291,270,41,suco pronto,53f0d73ade,2.6430
22,14,50,0.300080,0.027794,292,269,41,suco pronto,2565f2c655,2.7742
22,15,50,0.300892,0.029049,289,267,42,suco pronto,7f059cd213,3.1920
22,16,50,0.295553,0.027050,289,267,40,suco pronto,0e32195a46,2.7619
22,17,50,0.300013,0.028288,288,267,41,suco pronto,390e9f0164,3.1232
22,18,50,0.299654,0.028182,289,267,41,suco pronto,21300214aa,3.5378
22,19,50,0.299627,0.028774,289,268,42,suco pronto,178c290cf9,2.7142
22,20,50,0.295154,0.028561,286,266,42,suco pronto,e028e0ada2,2.8445
22,21,50,0.300013,0.028288,288,267,41,suco pronto,390e9f0164,3.1232
22,22,50,0.298549,0.028256,287,264,41,suco pronto,a3df8e2091,2.9001
22,23,50,0.298376,0.028258,291,268,41,suco pronto,8bdf4e8f87,3.0043
22,24,50,0.295420,0.027808,287,264,41,suco pronto,25ae10fa9c,2.9796
22,25,50,0.288723,0.027013,288,264,41,suco pronto,a85fbf6cb1,2.7752
22,26,50,0.298669,0.028090,294,268,41,suco pronto,7702c0be77,3.0693
22,27,50,0.303142,0.028642,294,272,41,suco pronto,71cce8613b,2.5909
22,28,50,0.299627,0.028321,286,264,41,suco pronto,2403d54c42,2.9266
22,29,50,0.294648,0.028171,289,268,42,suco pronto,9b60076e70,3.0636
22,30,50,0.302237,0.028491,291,270,41,suco pronto,53f0d73ade,2.6430
22,31,50,0.290720,0.027057,286,266,41,suco pronto,43420fd38b,2.8948
22,32,50,0.302237,0.028491,291,270,41,suco pronto,53f0d73ade,2.6430
22,33,50,0.300013,0.028288,288,267,41,suco pronto,390e9f0164,3.1232
22,34,50,0.299654,0.028182,289,267,41,suco pronto,21300214aa,3.5378
22,35,50,0.300013,0.028288,288,267,41,suco pronto,390e9f0164,3.1232
22,36,50,0.300013,0.028288,288,267,41,suco pronto,390e9f0164,3.1232
22,37,50,0.295367,0.027082,291,269,40,suco pronto,be107417e7,3.0198
22,38,50,0.299268,0.027810,287,265,40,suco pronto,fa497e6d1a,2.9904
22,39,50,0.299654,0.028182,289,267,41,suco pronto,21300214aa,3.5378
22,40,50,0.291186,0.028595,286,266,43,suco pronto,98e18bb38f,2.8545
22,41,50,0.302237,0.028491,291,270,41,suco pronto,53f0d73ade,2.6430
22,42,50,0.302237,0.028491,291,270,41,suco pronto,53f0d73ade,2.6430
22,43,50,0.300013,0.028288,288,267,41,suco pronto,390e9f0164,3.1232
22,44,50,0.295167,0.027974,287,267,41,suco pronto,96d40fb513,2.7264
22,45,50,0.301518,0.028523,292,272,41,suco pronto,5b575e85af,2.7949
22,46,50,0.300013,0.028288,288,267,41,suco pronto,390e9f0164,3.1232
22,47,50,0.300013,0.028288,288,267,41,suco pronto,390e9f0164,3.1232
22,48,50,0.300013,0.028288,288,267,41,suco pronto,390e9f0164,3.1232
22,49,50,0.282679,0.028045,288,267,41,suco pronto,a213d7cccd,2.8685
23,0,50,0.303142,0.028642,294,272,41,suco pronto,71cce8613b,2.5909
23,1,50,0.302237,0.028491,291,270,41,suco pronto,53f0d73ade,2.6430
23,2,50,0.302237,0.028491,291,270,41,suco pronto,53f0d73ade,2.6430
23,3,50,0.302237,0.028491,291,270,41,suco pronto,53f0d73ade,2.6430
23,4,50,0.302237,0.028491,291,270,41,suco pronto,53f0d73ade,2.6430
23,5,50,0.300013,0.028288,288,267,41,suco pronto,390e9f0164,3.1232
23,6,50,0.303528,0.029127,289,269,42,suco pronto,b4e06a722a,3.1691
23,7,50,0.302237,0.028491,291,270,41,suco pronto,53f0d73ade,2.6430
23,8,50,0.301678,0.028434,289,268,41,suco pronto,54e5de2414,2.5311
23,9,50,0.301518,0.028523,292,272,41,suco pronto,5b575e85af,2.7949
23,10,50,0.300706,0.028054,294,273,41,suco pronto,caf0f9e1f9,3.1121
23,11,50,0.300013,0.028288,288,267,41,suco pronto,390e9f0164,3.1232
23,12,50,0.299654,0.028182,289,267,41,suco pronto,21300214aa,3.5378
23,13,50,0.302237,0.028491,291,270,41,suco pronto,53f0d73ade,2.6430
23,14,50,0.302237,0.028491,291,270,41,suco pronto,53f0d73ade,2.6430
23,15,50,0.303142,0.028642,294,272,41,suco pronto,71cce8613b,2.5909
23,16,50,0.303142,0.028642,294,272,41,suco pronto,71cce8613b,2.5909
23,17,50,0.302237,0.028491,291,270,41,suco pronto,53f0d73ade,2.6430
23,18,50,0.302237,0.028491,291,270,41,suco pronto,53f0d73ade,2.6430
23,19,50,0.302237,0.028491,291,270,41,suco pronto,53f0d73ade,2.6430
23,20,50,0.302237,0.028491,291,270,41,suco pronto,53f0d73ade,2.6430
23,21,50,0.297817,0.028067,288,269,41,suco pronto,d5fa717c6a,2.8491
23,22,50,0.300892,0.029049,289,267,42,suco pronto,7f059cd213,3.1920
23,23,50,0.298669,0.028090,294,268,41,suco pronto,7702c0be77,3.0693
23,24,50,0.302237,0.028491,291,270,41,suco pronto,53f0d73ade,2.6430
23,25,50,0.298709,0.028757,288,266,42,suco pronto,838f5bd015,2.7531
23,26,50,0.302237,0.028491,291,270,41,suco pronto,53f0d73ade,2.6430
23,27,50,0.290481,0.027464,292,269,41,suco pronto,8bbd6223af,2.9507
23,28,50,0.298149,0.027847,292,270,41,suco pronto,fb4d65f54b,2.5762
23,29,50,0.300013,0.028288,288,267,41,suco pronto,390e9f0164,3.1232
23,30,50,0.303142,0.028642,294,272,41,suco pronto,71cce8613b,2.5909
23,31,50,0.302237,0.028491,291,270,41,suco pronto,53f0d73ade,2.6430
23,32,50,0.302237,0.028491,291,270,41,suco pronto,53f0d73ade,2.6430
23,33,50,0.302237,0.028491,291,270,41,suco pronto,53f0d73ade,2.6430
23,34,50,0.293782,0.027944,289,266,41,suco pronto,7172960b7d,2.7764
23,35,50,0.297444,0.028102,290,271,41,suco pronto,58cf443ec9,2.8040
23,36,50,0.302237,0.028491,291,270,41,suco pronto,53f0d73ade,2.6430
23,37,50,0.300080,0.027794,292,269,41,suco pronto,2565f2c655,2.7742
23,38,50,0.289163,0.026922,287,266,40,suco pronto,4e254cf111,2.9410
23,39,50,0.301518,0.028523,292,272,41,suco pronto,5b575e85af,2.7949
23,40,50,0.300013,0.028288,288,267,41,suco pronto,390e9f0164,3.1232
23,41,50,0.302237,0.028491,291,270,41,suco pronto,53f0d73ade,2.6430
23,42,50,0.300013,0.028288,288,267,41,suco pronto,390e9f0164,3.1232
23,43,50,0.303142,0.028642,294,272,41,suco pronto,71cce8613b,2.5909
23,44,50,0.302237,0.028491,291,270,41,suco pronto,53f0d73ade,2.6430
23,45,50,0.302144,0.028674,286,265,41,suco pronto,b3fd6329a5,2.7415
23,46,50,0.299627,0.028774,289,268,42,suco pronto,178c290cf9,2.7142
23,47,50,0.302237,0.028491,291,270,41,suco pronto,53f0d73ade,2.6430
23,48,50,0.302237,0.028491,291,270,41,suco pronto,53f0d73ade,2.6430
23,49,50,0.300013,0.028288,288,267,41,suco pronto,390e9f0164,3.1232
24,0,50,0.303528,0.029127,289,269,42,suco pronto,b4e06a722a,3.1691
24,1,50,0.303142,0.028642,294,272,41,suco pronto,71cce8613b,2.5909
24,2,50,0.303142,0.028642,294,272,41,suco pronto,71cce8613b,2.5909
24,3,50,0.303142,0.028642,294,272,41,suco pronto,71cce8613b,2.5909
24,4,50,0.303142,0.028642,294,272,41,suco pronto,71cce8613b,2.5909
24,5,50,0.303528,0.029127,289,269,42,suco pronto,b4e06a722a,3.1691
24,6,50,0.302237,0.028491,291,270,41,suco pronto,53f0d73ade,2.6430
24,7,50,0.302237,0.028491,291,270,41,suco pronto,53f0d73ade,2.6430
24,8,50,0.303142,0.028642,294,272,41,suco pronto,71cce8613b,2.5909
24,9,50,0.289256,0.027623,291,271,41,suco pronto,4bd920a257,2.8513
24,10,50,0.301518,0.028523,292,272,41,suco pronto,5b575e85af,2.7949
24,11,50,0.300786,0.028098,291,269,40,suco pronto,4b07a9a8b0,2.6978
24,12,50,0.302237,0.028491,291,270,41,suco pronto,53f0d73ade,2.6430
24,13,50,0.302237,0.028491,291,270,41,suco pronto,53f0d73ade,2.6430
24,14,50,0.302237,0.028491,291,270,41,suco pronto,53f0d73ade,2.6430
24,15,50,0.303142,0.028642,294,272,41,suco pronto,71cce8613b,2.5909
24,16,50,0.303142,0.028642,294,272,41,suco pronto,71cce8613b,2.5909
24,17,50,0.300080,0.027794,292,269,41,suco pronto,2565f2c655,2.7742
24,18,50,0.303142,0.028642,294,272,41,suco pronto,71cce8613b,2.5909
24,19,50,0.302237,0.028491,291,270,41,suco pronto,53f0d73ade,2.6430
24,20,50,0.303142,0.028642,294,272,41,suco pronto,71cce8613b,2.5909
24,21,50,0.302144,0.028674,286,265,41,suco pronto,b3fd6329a5,2.7415
24,22,50,0.303142,0.028642,294,272,41,suco pronto,71cce8613b,2.5909
24,23,50,0.302237,0.028491,291,270,41,suco pronto,53f0d73ade,2.6430
24,24,50,0.287645,0.028249,286,266,42,suco pronto,94d0f02de1,2.9459
24,25,50,0.300013,0.028288,288,267,41,suco pronto,390e9f0164,3.1232
24,26,50,0.291879,0.028050,288,267,40,suco pronto,031ca15972,2.9215
24,27,50,0.267528,0.027056,290,267,41,suco pronto,694f4b7b62,2.8797
24,28,50,0.302237,0.028491,291,270,41,suco pronto,53f0d73ade,2.6430
24,29,50,0.302237,0.028491,291,270,41,suco pronto,53f0d73ade,2.6430
24,30,50,0.303142,0.028642,294,272,41,suco pronto,71cce8613b,2.5909
24,31,50,0.303142,0.028642,294,272,41,suco pronto,71cce8613b,2.5909
24,32,50,0.302237,0.028491,291,270,41,suco pronto,53f0d73ade,2.6430
24,33,50,0.297657,0.028251,294,273,42,suco pronto,4c733d2b8e,2.8470
24,34,50,0.301518,0.028523,292,272,41,suco pronto,5b575e85af,2.7949
24,35,50,0.302237,0.028491,291,270,41,suco pronto,53f0d73ade,2.6430
24,36,50,0.303142,0.028642,294,272,41,suco pronto,71cce8613b,2.5909
24,37,50,0.301518,0.028523,292,272,41,suco pronto,5b575e85af,2.7949
24,38,50,0.297444,0.028102,290,271,41,suco pronto,58cf443ec9,2.8040
24,39,50,0.303528,0.029127,289,269,42,suco pronto,b4e06a722a,3.1691
24,40,50,0.302237,0.028491,291,270,41,suco pronto,53f0d73ade,2.6430
24,41,50,0.303142,0.028642,294,272,41,suco pronto,71cce8613b,2.5909
24,42,50,0.303528,0.029127,289,269,42,suco pronto,b4e06a722a,3.1691
24,43,50,0.300080,0.027794,292,269,41,suco pronto,2565f2c655,2.7742
24,44,50,0.299214,0.028033,295,274,41,suco pronto,9a67d4f73c,2.7807
24,45,50,0.301185,0.027809,293,271,40,suco pronto,bccfa7af52,2.7836
24,46,50,0.302237,0.028491,291,270,41,suco pronto,53f0d73ade,2.6430
24,47,50,0.302237,0.028491,291,270,41,suco pronto,53f0d73ade,2.6430
24,48,50,0.303142,0.028642,294,272,41,suco pronto,71cce8613b,2.5909
24,49,50,0.303142,0.028642,294,272,41,suco pronto,71cce8613b,2.5909
25,0,50,0.303528,0.029127,289,269,42,suco pronto,b4e06a722a,3.1691
25,1,50,0.303528,0.029127,289,269,42,suco pronto,b4e06a722a,3.1691
25,2,50,0.303528,0.029127,289,269,42,suco pronto,b4e06a722a,3.1691
25,3,50,0.303528,0.029127,289,269,42,suco pronto,b4e06a722a,3.1691
25,4,50,0.303142,0.028642,294,272,41,suco pronto,71cce8613b,2.5909
25,5,50,0.299654,0.029538,290,270,43,suco pronto,0e852980d2,3.1107
25,6,50,0.303142,0.028642,294,272,41,suco pronto,71cce8613b,2.5909
25,7,50,0.303142,0.028642,294,272,41,suco pronto,71cce8613b,2.5909
25,8,50,0.303142,0.028642,294,272,41,suco pronto,71cce8613b,2.5909
25,9,50,0.303142,0.028642,294,272,41,suco pronto,71cce8613b,2.5909
25,10,50,0.302237,0.028491,291,270,41,suco pronto,53f0d73ade,2.6430
25,11,50,0.301518,0.028523,292,272,41,suco pronto,5b575e85af,2.7949
25,12,50,0.302237,0.028491,291,270,41,suco pronto,53f0d73ade,2.6430
25,13,50,0.303142,0.028642,294,272,41,suco pronto,71cce8613b,2.5909
25,14,50,0.295686,0.028036,295,274,41,fralda,77a6369f1f,2.8264
25,15,50,0.303528,0.029127,289,269,42,suco pronto,b4e06a722a,3.1691
25,16,50,0.303528,0.029127,289,269,42,suco pronto,b4e06a722a,3.1691
25,17,50,0.304527,0.029282,292,271,42,suco pronto,44dc50369d,2.7079
25,18,50,0.302237,0.028491,291,270,41,suco pronto,53f0d73ade,2.6430
25,19,50,0.303142,0.028642,294,272,41,suco pronto,71cce8613b,2.5909
25,20,50,0.303528,0.029127,289,269,42,suco pronto,b4e06a722a,3.1691
25,21,50,0.303142,0.028642,294,272,41,suco pronto,71cce8613b,2.5909
25,22,50,0.302237,0.028491,291,270,41,suco pronto,53f0d73ade,2.6430
25,23,50,0.302237,0.028491,291,270,41,suco pronto,53f0d73ade,2.6430
25,24,50,0.303528,0.029127,289,269,42,suco pronto,b4e06a722a,3.1691
25,25,50,0.303142,0.028642,294,272,41,suco pronto,71cce8613b,2.5909
25,26,50,0.303528,0.029127,289,269,42,suco pronto,b4e06a722a,3.1691
25,27,50,0.298975,0.028992,292,271,42,suco pronto,1aba62c3ae,2.7329
25,28,50,0.302237,0.028491,291,270,41,suco pronto,53f0d73ade,2.6430
25,29,50,0.303528,0.029127,289,269,42,suco pronto,b4e06a722a,3.1691
25,30,50,0.303142,0.028642,294,272,41,suco pronto,71cce8613b,2.5909
25,31,50,0.304527,0.029282,292,271,42,suco pronto,44dc50369d,2.7079
25,32,50,0.302237,0.028491,291,270,41,suco pronto,53f0d73ade,2.6430
25,33,50,0.303169,0.028754,292,271,41,suco pronto,18c222c313,2.8340
25,34,50,0.303528,0.029127,289,269,42,suco pronto,b4e06a722a,3.1691
25,35,50,0.302237,0.028491,291,270,41,suco pronto,53f0d73ade,2.6430
25,36,50,0.303142,0.028642,294,272,41,suco pronto,71cce8613b,2.5909
25,37,50,0.303142,0.028642,294,272,41,suco pronto,71cce8613b,2.5909
25,38,50,0.303142,0.028642,294,272,41,suco pronto,71cce8613b,2.5909
25,39,50,0.303528,0.029127,289,269,42,suco pronto,b4e06a722a,3.1691
25,40,50,0.299135,0.028525,290,270,41,suco pronto,39a60a6e11,2.6719
25,41,50,0.303528,0.029127,289,269,42,suco pronto,b4e06a722a,3.1691
25,42,50,0.301931,0.029286,287,269,42,suco pronto,4ea633d4e0,2.9912
25,43,50,0.303528,0.029127,289,269,42,suco pronto,b4e06a722a,3.1691
25,44,50,0.302237,0.028491,291,270,41,suco pronto,53f0d73ade,2.6430
25,45,50,0.295021,0.028153,290,267,41,fralda,bb65b2aa1e,2.6082
25,46,50,0.303142,0.028642,294,272,41,suco pronto,71cce8613b,2.5909
25,47,50,0.303142,0.028642,294,272,41,suco pronto,71cce8613b,2.5909
25,48,50,0.302237,0.028491,291,270,41,suco pronto,53f0d73ade,2.6430
25,49,50,0.303142,0.028642,294,272,41,suco pronto,71cce8613b,2.5909
26,0,50,0.304527,0.029282,292,271,42,suco pronto,44dc50369d,2.7079
26,1,50,0.304527,0.029282,292,271,42,suco pronto,44dc50369d,2.7079
26,2,50,0.303528,0.029127,289,269,42,suco pronto,b4e06a722a,3.1691
26,3,50,0.303528,0.029127,289,269,42,suco pronto,b4e06a722a,3.1691
26,4,50,0.303528,0.029127,289,269,42,suco pronto,b4e06a722a,3.1691
26,5,50,0.303528,0.029127,289,269,42,suco pronto,b4e06a722a,3.1691
26,6,50,0.303528,0.029127,289,269,42,suco pronto,b4e06a722a,3.1691
26,7,50,0.303528,0.029127,289,269,42,suco pronto,b4e06a722a,3.1691
26,8,50,0.302982,0.029275,291,269,42,suco pronto,60413d3e56,3.2532
26,9,50,0.304527,0.029282,292,271,42,suco pronto,44dc50369d,2.7079
26,10,50,0.303528,0.029127,289,269,42,suco pronto,b4e06a722a,3.1691
26,11,50,0.291346,0.028225,292,267,41,suco pronto,0a9b7805d1,2.7805
26,12,50,0.303528,0.029127,289,269,42,suco pronto,b4e06a722a,3.1691
26,13,50,0.303142,0.028642,294,272,41,suco pronto,71cce8613b,2.5909
26,14,50,0.303142,0.028642,294,272,41,suco pronto,71cce8613b,2.5909
26,15,50,0.303874,0.029407,291,271,42,fralda,88e073f824,2.7942
26,16,50,0.305658,0.029413,294,273,42,suco pronto,b5fb31edce,2.7073
26,17,50,0.303142,0.028642,294,272,41,suco pronto,71cce8613b,2.5909
26,18,50,0.303528,0.029127,289,269,42,suco pronto,b4e06a722a,3.1691
26,19,50,0.301651,0.029289,290,271,42,suco pronto,067a89d355,2.8537
26,20,50,0.303874,0.028910,292,270,41,suco pronto,af9e99df17,2.8101
26,21,50,0.303528,0.029127,289,269,42,suco pronto,b4e06a722a,3.1691
26,22,50,0.293649,0.028152,289,268,42,suco pronto,3e3480e5ff,2.8680
26,23,50,0.302237,0.028491,291,270,41,suco pronto,53f0d73ade,2.6430
26,24,50,0.296698,0.028267,287,266,41,suco pronto,4d780ffd95,2.6961
26,25,50,0.303528,0.029127,289,269,42,suco pronto,b4e06a722a,3.1691
26,26,50,0.303528,0.029127,289,269,42,suco pronto,b4e06a722a,3.1691
26,27,50,0.303142,0.028642,294,272,41,suco pronto,71cce8613b,2.5909
26,28,50,0.303142,0.028642,294,272,41,suco pronto,71cce8613b,2.5909
26,29,50,0.303528,0.029127,289,269,42,suco pronto,b4e06a722a,3.1691
26,30,50,0.303528,0.029127,289,269,42,suco pronto,b4e06a722a,3.1691
26,31,50,0.297390,0.028492,290,269,42,suco pronto,e32de4026f,2.9388
26,32,50,0.303142,0.028642,294,272,41,suco pronto,71cce8613b,2.5909
26,33,50,0.303528,0.029127,289,269,42,suco pronto,b4e06a722a,3.1691
26,34,50,0.303528,0.029127,289,269,42,suco pronto,b4e06a722a,3.1691
26,35,50,0.302237,0.028491,291,270,41,suco pronto,53f0d73ade,2.6430
26,36,50,0.302237,0.028491,291,270,41,suco pronto,53f0d73ade,2.6430
26,37,50,0.304527,0.029282,292,271,42,suco pronto,44dc50369d,2.7079
26,38,50,0.298749,0.028696,296,274,42,suco pronto,2b43a79e42,2.7861
26,39,50,0.304527,0.029282,292,271,42,suco pronto,44dc50369d,2.7079
26,40,50,0.297151,0.028776,290,269,42,suco pronto,a92497f7b3,3.0077
26,41,50,0.304527,0.029282,292,271,42,suco pronto,44dc50369d,2.7079
26,42,50,0.304527,0.029282,292,271,42,suco pronto,44dc50369d,2.7079
26,43,50,0.303528,0.029127,289,269,42,suco pronto,b4e06a722a,3.1691
26,44,50,0.303528,0.029127,289,269,42,suco pronto,b4e06a722a,3.1691
26,45,50,0.303528,0.029127,289,269,42,suco pronto,b4e06a722a,3.1691
26,46,50,0.303528,0.029127,289,269,42,suco pronto,b4e06a722a,3.1691
26,47,50,0.303142,0.028642,294,272,41,suco pronto,71cce8613b,2.5909
26,48,50,0.303142,0.028642,294,272,41,suco pronto,71cce8613b,2.5909
26,49,50,0.303142,0.028642,294,272,41,suco pronto,71cce8613b,2.5909
27,0,50,0.305658,0.029413,294,273,42,suco pronto,b5fb31edce,2.7073
27,1,50,0.304527,0.029282,292,271,42,suco pronto,44dc50369d,2.7079
27,2,50,0.304527,0.029282,292,271,42,suco pronto,44dc50369d,2.7079
27,3,50,0.304527,0.029282,292,271,42,suco pronto,44dc50369d,2.7079
27,4,50,0.304527,0.029282,292,271,42,suco pronto,44dc50369d,2.7079
27,5,50,0.303528,0.029127,289,269,42,suco pronto,b4e06a722a,3.1691
27,6,50,0.303528,0.029127,289,269,42,suco pronto,b4e06a722a,3.1691
27,7,50,0.304527,0.029282,292,271,42,suco pronto,44dc50369d,2.7079
27,8,50,0.303528,0.029127,289,269,42,suco pronto,b4e06a722a,3.1691
27,9,50,0.304527,0.029282,292,271,42,suco pronto,44dc50369d,2.7079
27,10,50,0.304527,0.029282,292,271,42,suco pronto,44dc50369d,2.7079
27,11,50,0.306617,0.029589,290,269,42,suco pronto,82cd84beb2,2.7709
27,12,50,0.304527,0.029282,292,271,42,suco pronto,44dc50369d,2.7079
27,13,50,0.304527,0.029282,292,271,42,suco pronto,44dc50369d,2.7079
27,14,50,0.304527,0.029282,292,271,42,suco pronto,44dc50369d,2.7079
27,15,50,0.303874,0.029407,291,271,42,fralda,88e073f824,2.7942
27,16,50,0.304527,0.029282,292,271,42,suco pronto,44dc50369d,2.7079
27,17,50,0.304527,0.029282,292,271,42,suco pronto,44dc50369d,2.7079
27,18,50,0.304527,0.029282,292,271,42,suco pronto,44dc50369d,2.7079
27,19,50,0.303075,0.028771,289,268,41,suco pronto,f326990cb9,2.8649
27,20,50,0.303142,0.028642,294,272,41,suco pronto,71cce8613b,2.5909
27,21,50,0.303528,0.029127,289,269,42,suco pronto,b4e06a722a,3.1691
27,22,50,0.303528,0.029127,289,269,42,suco pronto,b4e06a722a,3.1691
27,23,50,0.303528,0.029127,289,269,42,suco pronto,b4e06a722a,3.1691
27,24,50,0.303528,0.029127,289,269,42,suco pronto,b4e06a722a,3.1691
27,25,50,0.305605,0.029150,292,271,42,suco pronto,4c206d9588,2.8476
27,26,50,0.305765,0.029592,293,273,42,fralda,924fe0a328,2.7675
27,27,50,0.303528,0.029127,289,269,42,suco pronto,b4e06a722a,3.1691
27,28,50,0.275330,0.028466,290,269,42,suco pronto,7261ef2d30,2.9749
27,29,50,0.303874,0.029407,291,271,42,fralda,88e073f824,2.7942
27,30,50,0.303142,0.028642,294,272,41,suco pronto,71cce8613b,2.5909
27,31,50,0.296086,0.029042,286,268,42,suco pronto,c0fcf9478a,2.5836
27,32,50,0.299654,0.029538,290,270,43,suco pronto,0e852980d2,3.1107
27,33,50,0.304527,0.029282,292,271,42,suco pronto,44dc50369d,2.7079
27,34,50,0.303528,0.029127,289,269,42,suco pronto,b4e06a722a,3.1691
27,35,50,0.304527,0.029282,292,271,42,suco pronto,44dc50369d,2.7079
27,36,50,0.299121,0.028571,287,267,42,suco pronto,8c9ade51e8,2.8046
27,37,50,0.304527,0.029282,292,271,42,suco pronto,44dc50369d,2.7079
27,38,50,0.303874,0.029407,291,271,42,fralda,88e073f824,2.7942
27,39,50,0.304527,0.029282,292,271,42,suco pronto,44dc50369d,2.7079
27,40,50,0.303528,0.029127,289,269,42,suco pronto,b4e06a722a,3.1691
27,41,50,0.303528,0.029127,289,269,42,suco pronto,b4e06a722a,3.1691
27,42,50,0.303528,0.029127,289,269,42,suco pronto,b4e06a722a,3.1691
27,43,50,0.303528,0.029127,289,269,42,suco pronto,b4e06a722a,3.1691
27,44,50,0.303528,0.029127,289,269,42,suco pronto,b4e06a722a,3.1691
27,45,50,0.303528,0.029127,289,269,42,suco pronto,b4e06a722a,3.1691
27,46,50,0.303528,0.029127,289,269,42,suco pronto,b4e06a722a,3.1691
27,47,50,0.303528,0.029127,289,269,42,suco pronto,b4e06a722a,3.1691
27,48,50,0.303528,0.029127,289,269,42,suco pronto,b4e06a722a,3.1691
27,49,50,0.303874,0.029407,291,271,42,fralda,88e073f824,2.7942
28,0,50,0.306617,0.029589,290,269,42,suco pronto,82cd84beb2,2.7709
28,1,50,0.305765,0.029592,293,273,42,fralda,924fe0a328,2.7675
28,2,50,0.305658,0.029413,294,273,42,suco pronto,b5fb31edce,2.7073
28,3,50,0.305605,0.029150,292,271,42,suco pronto,4c206d9588,2.8476
28,4,50,0.304527,0.029282,292,271,42,suco pronto,44dc50369d,2.7079
28,5,50,0.304527,0.029282,292,271,42,suco pronto,44dc50369d,2.7079
28,6,50,0.295979,0.029338,290,268,41,multiuso,3fab75534d,3.0580
28,7,50,0.304527,0.029282,292,271,42,suco pronto,44dc50369d,2.7079
28,8,50,0.304527,0.029282,292,271,42,suco pronto,44dc50369d,2.7079
28,9,50,0.303528,0.029127,289,269,42,suco pronto,b4e06a722a,3.1691
28,10,50,0.304527,0.029282,292,271,42,suco pronto,44dc50369d,2.7079
28,11,50,0.305765,0.029592,293,273,42,fralda,924fe0a328,2.7675
28,12,50,0.305765,0.029592,293,273,42,fralda,924fe0a328,2.7675
28,13,50,0.301891,0.029702,293,273,43,padaria e confeitaria industrializado,e839f80597,2.7636
28,14,50,0.306803,0.029722,294,273,42,suco pronto,5285f3d634,2.7422
28,15,50,0.303528,0.029127,289,269,42,suco pronto,b4e06a722a,3.1691
28,16,50,0.299654,0.029538,290,270,43,suco pronto,0e852980d2,3.1107
28,17,50,0.304527,0.029282,292,271,42,suco pronto,44dc50369d,2.7079
28,18,50,0.304527,0.029282,292,271,42,suco pronto,44dc50369d,2.7079
28,19,50,0.304527,0.029282,292,271,42,suco pronto,44dc50369d,2.7079
28,20,50,0.275343,0.027364,292,270,42,suco pronto,ce4c4359d4,2.5361
28,21,50,0.305765,0.029592,293,273,42,fralda,924fe0a328,2.7675
28,22,50,0.305765,0.029592,293,273,42,fralda,924fe0a328,2.7675
28,23,50,0.304527,0.029282,292,271,42,suco pronto,44dc50369d,2.7079
28,24,50,0.304527,0.029282,292,271,42,suco pronto,44dc50369d,2.7079
28,25,50,0.304527,0.029282,292,271,42,suco pronto,44dc50369d,2.7079
28,26,50,0.304527,0.029282,292,271,42,suco pronto,44dc50369d,2.7079
28,27,50,0.303874,0.029407,291,271,42,fralda,88e073f824,2.7942
28,28,50,0.305765,0.029592,293,273,42,fralda,924fe0a328,2.7675
28,29,50,0.304527,0.029282,292,271,42,suco pronto,44dc50369d,2.7079
28,30,50,0.304527,0.029282,292,271,42,suco pronto,44dc50369d,2.7079
28,31,50,0.304527,0.029282,292,271,42,suco pronto,44dc50369d,2.7079
28,32,50,0.304527,0.029282,292,271,42,suco pronto,44dc50369d,2.7079
28,33,50,0.303528,0.029127,289,269,42,suco pronto,b4e06a722a,3.1691
28,34,50,0.300080,0.029430,290,269,42,suco pronto,e1e26d85e9,2.8602
28,35,50,0.304527,0.029282,292,271,42,suco pronto,44dc50369d,2.7079
28,36,50,0.301504,0.028532,289,270,41,suco pronto,aec66f0f16,2.9095
28,37,50,0.304527,0.029282,292,271,42,suco pronto,44dc50369d,2.7079
28,38,50,0.304527,0.029282,292,271,42,suco pronto,44dc50369d,2.7079
28,39,50,0.306111,0.029227,292,271,42,suco pronto,c3b03fe8e1,2.8169
28,40,50,0.305658,0.029413,294,273,42,suco pronto,b5fb31edce,2.7073
28,41,50,0.304527,0.029282,292,271,42,suco pronto,44dc50369d,2.7079
28,42,50,0.304527,0.029282,292,271,42,suco pronto,44dc50369d,2.7079
28,43,50,0.304527,0.029282,292,271,42,suco pronto,44dc50369d,2.7079
28,44,50,0.304167,0.028639,293,270,41,suco pronto,17806f1c42,2.6972
28,45,50,0.304527,0.029282,292,271,42,suco pronto,44dc50369d,2.7079
28,46,50,0.304527,0.029282,292,271,42,suco pronto,44dc50369d,2.7079
28,47,50,0.297856,0.028359,285,267,42,suco pronto,95c5e36c99,2.7315
28,48,50,0.304527,0.029282,292,271,42,suco pronto,44dc50369d,2.7079
28,49,50,0.304527,0.029282,292,271,42,suco pronto,44dc50369d,2.7079
29,0,50,0.306803,0.029722,294,273,42,suco pronto,5285f3d634,2.7422
29,1,50,0.306617,0.029589,290,269,42,suco pronto,82cd84beb2,2.7709
29,2,50,0.306111,0.029227,292,271,42,suco pronto,c3b03fe8e1,2.8169
29,3,50,0.305765,0.029592,293,273,42,fralda,924fe0a328,2.7675
29,4,50,0.305765,0.029592,293,273,42,fralda,924fe0a328,2.7675
29,5,50,0.303528,0.029127,289,269,42,suco pronto,b4e06a722a,3.1691
29,6,50,0.303608,0.028930,292,271,41,suco pronto,3e7c310f55,3.1662
29,7,50,0.304527,0.029282,292,271,42,suco pronto,44dc50369d,2.7079
29,8,50,0.304527,0.029282,292,271,42,suco pronto,44dc50369d,2.7079
29,9,50,0.303142,0.028642,294,272,41,suco pronto,71cce8613b,2.5909
29,10,50,0.305965,0.029711,289,269,42,fralda,184aa29e7f,2.7313
29,11,50,0.304527,0.029282,292,271,42,suco pronto,44dc50369d,2.7079
29,12,50,0.305658,0.029413,294,273,42,suco pronto,b5fb31edce,2.7073
29,13,50,0.305765,0.029592,293,273,42,fralda,924fe0a328,2.7675
29,14,50,0.305765,0.029592,293,273,42,fralda,924fe0a328,2.7675
29,15,50,0.299135,0.028525,290,270,41,suco pronto,39a60a6e11,2.6719
29,16,50,0.297151,0.028776,290,269,42,suco pronto,a92497f7b3,3.0077
29,17,50,0.304527,0.029282,292,271,42,suco pronto,44dc50369d,2.7079
29,18,50,0.304527,0.029282,292,271,42,suco pronto,44dc50369d,2.7079
29,19,50,0.305765,0.029592,293,273,42,fralda,924fe0a328,2.7675
29,20,50,0.298975,0.028992,292,271,42,suco pronto,1aba62c3ae,2.7329
29,21,50,0.304527,0.029282,292,271,42,suco pronto,44dc50369d,2.7079
29,22,50,0.304527,0.029282,292,271,42,suco pronto,44dc50369d,2.7079
29,23,50,0.302277,0.028241,289,268,41,suco pronto,590d9d3744,3.5296
29,24,50,0.306111,0.029227,292,271,42,suco pronto,c3b03fe8e1,2.8169
29,25,50,0.304527,0.029282,292,271,42,suco pronto,44dc50369d,2.7079
29,26,50,0.306111,0.029227,292,271,42,suco pronto,c3b03fe8e1,2.8169
29,27,50,0.297484,0.027955,288,269,41,suco pronto,1ad318315a,2.7145
29,28,50,0.305765,0.029592,293,273,42,suco pronto,924fe0a328,2.7675
29,29,50,0.304527,0.029282,292,271,42,suco pronto,44dc50369d,2.7079
29,30,50,0.304527,0.029282,292,271,42,suco pronto,44dc50369d,2.7079
29,31,50,0.304686,0.028983,296,274,41,suco pronto,e9078f9bc9,2.8461
29,32,50,0.305658,0.029413,294,273,42,suco pronto,b5fb31edce,2.7073
29,33,50,0.304527,0.029282,292,271,42,suco pronto,44dc50369d,2.7079
29,34,50,0.304527,0.029282,292,271,42,suco pronto,44dc50369d,2.7079
29,35,50,0.286979,0.028950,292,271,42,suco pronto,b616708c76,3.2874
29,36,50,0.306803,0.029722,294,273,42,suco pronto,5285f3d634,2.7422
29,37,50,0.304527,0.029282,292,271,42,suco pronto,44dc50369d,2.7079
29,38,50,0.304527,0.029282,292,271,42,suco pronto,44dc50369d,2.7079
29,39,50,0.305765,0.029592,293,273,42,fralda,924fe0a328,2.7675
29,40,50,0.302130,0.028486,292,270,42,suco pronto,7b6591a74d,3.0712
29,41,50,0.299015,0.029665,289,270,43,fralda,4344ef5cae,2.6210
29,42,50,0.302277,0.028241,289,268,41,suco pronto,590d9d3744,3.5296
29,43,50,0.304527,0.029282,292,271,42,suco pronto,44dc50369d,2.7079
29,44,50,0.298895,0.027969,296,274,41,suco pronto,5311f5ac16,2.8861
29,45,50,0.306803,0.029722,294,273,42,suco pronto,5285f3d634,2.7422
29,46,50,0.305765,0.029592,293,273,42,fralda,924fe0a328,2.7675
29,47,50,0.305765,0.029592,293,273,42,fralda,924fe0a328,2.7675
29,48,50,0.305765,0.029592,293,273,42,fralda,924fe0a328,2.7675
29,49,50,0.299015,0.029665,289,270,43,fralda,4344ef5cae,2.6210
30,0,50,0.306803,0.029722,294,273,42,suco pronto,5285f3d634,2.7422
30,1,50,0.306803,0.029722,294,273,42,suco pronto,5285f3d634,2.7422
30,2,50,0.306803,0.029722,294,273,42,suco pronto,5285f3d634,2.7422
30,3,50,0.306617,0.029589,290,269,42,suco pronto,82cd84beb2,2.7709
30,4,50,0.306111,0.029227,292,271,42,suco pronto,c3b03fe8e1,2.8169
30,5,50,0.303874,0.029407,291,271,42,fralda,88e073f824,2.7942
30,6,50,0.305658,0.029413,294,273,42,suco pronto,b5fb31edce,2.7073
30,7,50,0.306803,0.029722,294,273,42,suco pronto,5285f3d634,2.7422
30,8,50,0.306803,0.029722,294,273,42,suco pronto,5285f3d634,2.7422
30,9,50,0.304527,0.029282,292,271,42,suco pronto,44dc50369d,2.7079
30,10,50,0.305405,0.030376,289,269,43,suco pronto,c8b67d4a84,2.9620
30,11,50,0.294515,0.028615,294,272,41,suco pronto,49a26b5f40,2.7400
30,12,50,0.306803,0.029722,294,273,42,suco pronto,5285f3d634,2.7422
30,13,50,0.304527,0.029282,292,271,42,suco pronto,44dc50369d,2.7079
30,14,50,0.306617,0.029589,290,269,42,suco pronto,82cd84beb2,2.7709
30,15,50,0.303874,0.029407,291,271,42,suco pronto,88e073f824,2.7942
30,16,50,0.297231,0.029315,287,268,42,suco pronto,9e61791821,2.8141
30,17,50,0.304527,0.029282,292,271,42,suco pronto,44dc50369d,2.7079
30,18,50,0.294102,0.028587,287,265,41,shampoo,e20f209782,3.0448
30,19,50,0.306803,0.029722,294,273,42,suco pronto,5285f3d634,2.7422
30,20,50,0.306111,0.029227,292,271,42,suco pronto,c3b03fe8e1,2.8169
30,21,50,0.306111,0.029227,292,271,42,suco pronto,c3b03fe8e1,2.8169
30,22,50,0.304527,0.029282,292,271,42,suco pronto,44dc50369d,2.7079
30,23,50,0.304527,0.029282,292,271,42,suco pronto,44dc50369d,2.7079
30,24,50,0.305792,0.029199,292,270,41,suco pronto,1290a5f9cb,2.8607
30,25,50,0.306897,0.029766,290,270,42,suco pronto,841dcab4fb,2.9584
30,26,50,0.306803,0.029722,294,273,42,suco pronto,5285f3d634,2.7422
30,27,50,0.306111,0.029227,292,271,42,suco pronto,c3b03fe8e1,2.8169
30,28,50,0.292664,0.028696,290,270,42,fralda,e1d8139d9a,3.2175
30,29,50,0.305965,0.029711,289,269,42,fralda,184aa29e7f,2.7313
30,30,50,0.305765,0.029592,293,273,42,fralda,924fe0a328,2.7675
30,31,50,0.304527,0.029282,292,271,42,suco pronto,44dc50369d,2.7079
30,32,50,0.304527,0.029282,292,271,42,suco pronto,44dc50369d,2.7079
30,33,50,0.292105,0.029360,288,268,43,suco pronto,8dd3e69ebe,2.9041
30,34,50,0.285754,0.029297,290,270,43,suco pronto,718649ff9b,2.7709
30,35,50,0.304061,0.029638,288,265,42,suco pronto,f15c1ce322,2.8663
30,36,50,0.305765,0.029592,293,273,42,fralda,924fe0a328,2.7675
30,37,50,0.307815,0.029595,294,273,42,suco pronto,65ccca833d,2.9836
30,38,50,0.305765,0.029592,293,273,42,fralda,924fe0a328,2.7675
30,39,50,0.270257,0.028465,290,269,42,suco pronto,79f58cd813,2.7748
30,40,50,0.305965,0.029711,289,269,42,fralda,184aa29e7f,2.7313
30,41,50,0.302237,0.028491,291,270,41,suco pronto,53f0d73ade,2.6430
30,42,50,0.296685,0.028138,291,270,41,suco pronto,e34dee2cf0,2.8604
30,43,50,0.302277,0.028241,289,268,41,suco pronto,590d9d3744,3.5296
30,44,50,0.305765,0.029592,293,273,42,fralda,924fe0a328,2.7675
30,45,50,0.305765,0.029592,293,273,42,fralda,924fe0a328,2.7675
30,46,50,0.312369,0.030044,292,273,42,suco pronto,e964fb788f,2.8243
30,47,50,0.305765,0.029592,293,273,42,fralda,924fe0a328,2.7675
30,48,50,0.298283,0.029699,287,267,43,suco pronto,93c0fbfeb3,2.9888
30,49,50,0.305658,0.029413,294,273,42,suco pronto,b5fb31edce,2.7073
31,0,50,0.312369,0.030044,292,273,42,suco pronto,e964fb788f,2.8243
31,1,50,0.307815,0.029595,294,273,42,suco pronto,65ccca833d,2.9836
31,2,50,0.306897,0.029766,290,270,42,suco pronto,841dcab4fb,2.9584
31,3,50,0.306803,0.029722,294,273,42,suco pronto,5285f3d634,2.7422
31,4,50,0.306803,0.029722,294,273,42,suco pronto,5285f3d634,2.7422
31,5,50,0.304633,0.029332,291,271,42,fralda,2e10f7afb6,3.3087
31,6,50,0.306351,0.030377,291,271,43,suco pronto,bcf4945084,2.7911
31,7,50,0.305272,0.029691,293,272,42,suco pronto,412d2f8b30,2.9359
31,8,50,0.303688,0.028900,294,272,41,suco pronto,9a9bd63e6d,2.6898
31,9,50,0.303328,0.029084,293,272,42,suco pronto,155a256593,3.0348
31,10,50,0.310611,0.029015,293,272,41,suco pronto,fc156555c6,2.5998
31,11,50,0.308121,0.029190,295,274,42,suco pronto,eed0fc32ab,2.9543
31,12,50,0.308428,0.029862,288,270,42,fralda,4fa76d0009,2.6423
31,13,50,0.304327,0.028785,295,271,41,suco pronto,75453fe671,3.1131
31,14,50,0.312369,0.030044,292,273,42,suco pronto,e964fb788f,2.8243
31,15,50,0.305965,0.029711,289,269,42,fralda,184aa29e7f,2.7313
31,16,50,0.306803,0.029722,294,273,42,suco pronto,5285f3d634,2.7422
31,17,50,0.305658,0.029413,294,273,42,suco pronto,b5fb31edce,2.7073
31,18,50,0.299015,0.029159,290,269,42,suco pronto,4b73e52f17,2.9294
31,19,50,0.293343,0.028566,291,270,42,suco pronto,d4cde12671,3.3932
31,20,50,0.303528,0.029127,289,269,42,suco pronto,b4e06a722a,3.1691
31,21,50,0.306803,0.029722,294,273,42,suco pronto,5285f3d634,2.7422
31,22,50,0.301891,0.028969,294,275,41,suco pronto,316bd3928f,2.8046
31,23,50,0.305792,0.029199,292,270,41,suco pronto,1290a5f9cb,2.8607
31,24,50,0.304527,0.029282,292,271,42,suco pronto,44dc50369d,2.7079
31,25,50,0.302197,0.028609,285,264,40,suco pronto,b723d84a89,2.9007
31,26,50,0.303062,0.029265,288,269,42,suco pronto,7043eaa4c8,2.9703
31,27,50,0.305965,0.029711,289,269,42,fralda,184aa29e7f,2.7313
31,28,50,0.305765,0.029592,293,273,42,fralda,924fe0a328,2.7675
31,29,50,0.299015,0.029665,289,270,43,fralda,4344ef5cae,2.6210
31,30,50,0.304686,0.028983,296,274,41,suco pronto,e9078f9bc9,2.8461
31,31,50,0.307922,0.029913,292,272,42,suco pronto,8c743361ad,2.8261
31,32,50,0.306058,0.029381,292,271,41,suco pronto,dc58230b61,2.6315
31,33,50,0.306617,0.029589,290,269,42,suco pronto,82cd84beb2,2.7709
31,34,50,0.309706,0.028848,290,270,41,suco pronto,59391fe84a,2.8626
31,35,50,0.306111,0.029672,293,272,42,suco pronto,26cf8af197,2.7149
31,36,50,0.304487,0.029419,294,272,42,suco pronto,3f6b7b68f0,2.9142
31,37,50,0.304127,0.028840,290,268,41,suco pronto,a9f6e963af,2.7616
31,38,50,0.299374,0.028878,293,271,41,suco pronto,2c084a790d,2.8405
31,39,50,0.303328,0.029084,293,272,42,suco pronto,155a256593,3.0348
31,40,50,0.305658,0.029413,294,273,42,suco pronto,b5fb31edce,2.7073
31,41,50,0.300413,0.029187,291,271,42,suco pronto,c25baa0879,2.8173
31,42,50,0.307163,0.029333,294,273,42,suco pronto,ae7190eacd,2.8850
31,43,50,0.305965,0.029711,289,269,42,fralda,184aa29e7f,2.7313
31,44,50,0.295606,0.028692,294,271,41,suco pronto,41474d9dbe,2.7321
31,45,50,0.305965,0.029711,289,269,42,suco pronto,184aa29e7f,2.7313
31,46,50,0.302916,0.029133,290,271,43,suco pronto,417be46773,3.1281
31,47,50,0.299680,0.030179,289,268,43,suco pronto,8b4d6e00ba,2.7269
31,48,50,0.312369,0.030044,292,273,42,suco pronto,e964fb788f,2.8243
31,49,50,0.277313,0.028722,289,269,42,suco pronto,5e91d8b585,2.9474
32,0,50,0.312369,0.030044,292,273,42,suco pronto,e964fb788f,2.8243
32,1,50,0.312369,0.030044,292,273,42,suco pronto,e964fb788f,2.8243
32,2,50,0.312369,0.030044,292,273,42,suco pronto,e964fb788f,2.8243
32,3,50,0.310611,0.029015,293,272,41,suco pronto,fc156555c6,2.5998
32,4,50,0.309706,0.028848,290,270,41,suco pronto,59391fe84a,2.8626
32,5,50,0.309053,0.029733,289,270,42,suco pronto,c57e2f0d88,3.0993
32,6,50,0.305765,0.029592,293,273,42,fralda,924fe0a328,2.7675
32,7,50,0.293902,0.028832,294,270,42,suco pronto,9243c9210f,2.7699
32,8,50,0.307256,0.029668,296,276,42,fralda,0a67e2c671,3.0027
32,9,50,0.301345,0.029016,287,265,41,suco pronto,00f05a4d31,2.6880
32,10,50,0.305565,0.029817,292,272,42,suco pronto,56c202ecbc,2.8352
32,11,50,0.305792,0.029199,292,270,41,suco pronto,1290a5f9cb,2.8607
32,12,50,0.308121,0.029190,295,274,42,suco pronto,eed0fc32ab,2.9543
32,13,50,0.301278,0.028950,291,269,41,suco pronto,a7c063bedb,2.8763
32,14,50,0.307163,0.029333,294,273,42,suco pronto,ae7190eacd,2.8850
32,15,50,0.313167,0.029775,293,273,42,suco pronto,50a0968f9b,2.7502
32,16,50,0.306963,0.029850,294,273,42,fralda,06540b1bda,2.8692
32,17,50,0.285967,0.028360,294,272,41,suco pronto,e9b53bf79b,3.8548
32,18,50,0.306058,0.029381,292,271,41,suco pronto,dc58230b61,2.6315
32,19,50,0.305033,0.030337,288,269,43,fralda,22a03369a9,3.4219
32,20,50,0.306111,0.029227,292,271,42,suco pronto,c3b03fe8e1,2.8169
32,21,50,0.299694,0.029486,290,271,43,fralda,2e1465e774,3.1717
32,22,50,0.305658,0.029413,294,273,42,suco pronto,b5fb31edce,2.7073
32,23,50,0.304673,0.029466,290,268,42,suco pronto,ceed4a0f9b,2.7068
32,24,50,0.310611,0.029015,293,272,41,suco pronto,fc156555c6,2.5998
32,25,50,0.304034,0.029318,290,271,42,suco pronto,ccea685986,2.8872
32,26,50,0.302942,0.029423,293,273,43,suco pronto,bf95f6351b,2.9224
32,27,50,0.307163,0.029333,294,273,42,suco pronto,ae7190eacd,2.8850
32,28,50,0.304633,0.029332,291,271,42,fralda,2e10f7afb6,3.3087
32,29,50,0.305552,0.029778,293,273,42,suco pronto,fdcf54037e,3.1565
32,30,50,0.296565,0.028369,286,265,41,suco pronto,45eea78589,2.4797
32,31,50,0.265624,0.028209,289,270,43,suco pronto,ac5621257c,2.7942
32,32,50,0.304686,0.028983,296,274,41,suco pronto,e9078f9bc9,2.8461
32,33,50,0.307815,0.029595,294,273,42,suco pronto,65ccca833d,2.9836
32,34,50,0.296565,0.028369,286,265,41,suco pronto,45eea78589,2.4797
32,35,50,0.313247,0.029566,299,276,41,suco pronto,cc1f215ea6,3.0483
32,36,50,0.304686,0.028983,296,274,41,suco pronto,e9078f9bc9,2.8461
32,37,50,0.306803,0.029722,294,273,42,suco pronto,5285f3d634,2.7422
32,38,50,0.312369,0.030044,292,273,42,suco pronto,e964fb788f,2.8243
32,39,50,0.304101,0.029046,295,275,42,suco pronto,d72fd02838,2.8970
32,40,50,0.310611,0.029015,293,272,41,suco pronto,fc156555c6,2.5998
32,41,50,0.308121,0.029514,290,269,42,suco pronto,63a7be7209,2.5338
32,42,50,0.294581,0.027647,291,265,40,biscoito,80fae9f3c3,2.7919
32,43,50,0.299654,0.028973,287,268,42,suco pronto,c4a541bc6e,2.8097
32,44,50,0.305419,0.029067,292,272,42,suco pronto,0fefae24cc,2.9672
32,45,50,0.304633,0.029332,291,271,42,suco pronto,2e10f7afb6,3.3087
32,46,50,0.301118,0.029593,288,268,42,fralda,bc1ac04941,2.7659
32,47,50,0.304487,0.029452,295,275,42,suco pronto,ca09db1767,2.6564
32,48,50,0.309892,0.030030,294,275,43,suco pronto,b0a804f1cb,2.7983
32,49,50,0.310611,0.029015,293,272,41,suco pronto,fc156555c6,2.5998
33,0,50,0.313247,0.029566,299,276,41,suco pronto,cc1f215ea6,3.0483
33,1,50,0.313167,0.029775,293,273,42,suco pronto,50a0968f9b,2.7502
33,2,50,0.312369,0.030044,292,273,42,suco pronto,e964fb788f,2.8243
33,3,50,0.312369,0.030044,292,273,42,suco pronto,e964fb788f,2.8243
33,4,50,0.312369,0.030044,292,273,42,suco pronto,e964fb788f,2.8243
33,5,50,0.313167,0.029775,293,273,42,suco pronto,50a0968f9b,2.7502
33,6,50,0.312369,0.030044,292,273,42,suco pronto,e964fb788f,2.8243
33,7,50,0.305725,0.029327,294,274,42,fralda,e7f426f7fb,3.2132
33,8,50,0.305831,0.028366,291,271,41,suco pronto,34eefcebf9,2.8859
33,9,50,0.309892,0.030030,294,275,43,suco pronto,b0a804f1cb,2.7983
33,10,50,0.313167,0.029775,293,273,42,suco pronto,50a0968f9b,2.7502
33,11,50,0.309892,0.030030,294,275,43,suco pronto,b0a804f1cb,2.7983
33,12,50,0.305392,0.028804,294,273,42,suco pronto,29abab5a25,2.8286
33,13,50,0.306444,0.028335,298,276,40,suco pronto,512cf9d4a2,2.6242
33,14,50,0.307163,0.029333,294,273,42,suco pronto,ae7190eacd,2.8850
33,15,50,0.309879,0.030444,289,272,43,fralda,98dc2c9754,2.9990
33,16,50,0.304686,0.028983,296,274,41,suco pronto,e9078f9bc9,2.8461
33,17,50,0.311104,0.029623,292,270,42,suco pronto,bf8a12fa40,2.7160
33,18,50,0.305565,0.029817,292,272,42,suco pronto,56c202ecbc,2.8352
33,19,50,0.301877,0.028473,287,266,41,suco pronto,51af779a42,2.7333
33,20,50,0.312369,0.030044,292,273,42,suco pronto,e964fb788f,2.8243
33,21,50,0.307442,0.030145,292,272,43,suco pronto,c7872e27a1,2.6972
33,22,50,0.315537,0.029787,293,273,42,suco pronto,8d43cdf865,3.0108
33,23,50,0.307163,0.029333,294,273,42,suco pronto,ae7190eacd,2.8850
33,24,50,0.308121,0.029514,290,269,42,suco pronto,63a7be7209,2.5338
33,25,50,0.312369,0.030044,292,273,42,fralda,e964fb788f,2.8243
33,26,50,0.312369,0.030044,292,273,42,fralda,e964fb788f,2.8243
33,27,50,0.306763,0.029462,295,274,42,suco pronto,c9fd002098,2.8418
33,28,50,0.301345,0.029633,291,271,43,padaria e confeitaria industrializado,ae37114ed3,2.7628
33,29,50,0.306923,0.028798,296,275,42,suco pronto,ca2163e0d9,2.7455
33,30,50,0.302849,0.029460,294,272,42,suco pronto,274b033dee,2.9654
33,31,50,0.302849,0.029328,292,274,42,fralda,0d3f2796b9,3.0352
33,32,50,0.309892,0.030030,294,275,43,suco pronto,b0a804f1cb,2.7983
33,33,50,0.307549,0.029067,291,271,41,suco pronto,e19542c9af,2.9177
33,34,50,0.306763,0.029462,295,274,42,suco pronto,c9fd002098,2.8418
33,35,50,0.307163,0.029333,294,273,42,suco pronto,ae7190eacd,2.8850
33,36,50,0.305818,0.029279,291,271,42,suco pronto,89df235df0,2.5774
33,37,50,0.313167,0.029775,293,273,42,suco pronto,50a0968f9b,2.7502
33,38,50,0.312156,0.029340,295,274,41,suco pronto,9eb59e4fd9,3.3056
33,39,50,0.312369,0.030044,292,273,42,fralda,e964fb788f,2.8243
33,40,50,0.312369,0.030044,292,273,42,fralda,e964fb788f,2.8243
33,41,50,0.310611,0.029015,293,272,41,suco pronto,fc156555c6,2.5998
33,42,50,0.310611,0.029015,293,272,41,suco pronto,fc156555c6,2.5998
33,43,50,0.309892,0.030030,294,275,43,suco pronto,b0a804f1cb,2.7983
33,44,50,0.302849,0.029328,292,274,42,fralda,0d3f2796b9,3.0352
33,45,50,0.308121,0.029190,295,274,42,suco pronto,eed0fc32ab,2.9543
33,46,50,0.299494,0.028691,292,272,41,suco pronto,d985b71577,2.7267
33,47,50,0.315697,0.030502,290,272,43,suco pronto,9faea97457,3.0176
33,48,50,0.303142,0.028642,294,272,41,suco pronto,71cce8613b,2.5909
33,49,50,0.311690,0.029554,300,277,41,suco pronto,314de5261d,2.6492
34,0,50,0.315697,0.030502,290,272,43,suco pronto,9faea97457,3.0176
34,1,50,0.315537,0.029787,293,273,42,suco pronto,8d43cdf865,3.0108
34,2,50,0.313247,0.029566,299,276,41,suco pronto,cc1f215ea6,3.0483
34,3,50,0.313167,0.029775,293,273,42,suco pronto,50a0968f9b,2.7502
34,4,50,0.313167,0.029775,293,273,42,suco pronto,50a0968f9b,2.7502
34,5,50,0.313167,0.029775,293,273,42,suco pronto,50a0968f9b,2.7502
34,6,50,0.312156,0.029340,295,274,41,suco pronto,9eb59e4fd9,3.3056
34,7,50,0.310611,0.029015,293,272,41,suco pronto,fc156555c6,2.5998
34,8,50,0.312369,0.030044,292,273,42,suco pronto,e964fb788f,2.8243
34,9,50,0.303448,0.029222,293,274,42,suco pronto,9477d4a0d7,2.8770
34,10,50,0.302210,0.028286,295,273,41,suco pronto,8ccfc6c432,2.7216
34,11,50,0.315697,0.030502,290,272,43,suco pronto,9faea97457,3.0176
34,12,50,0.315537,0.029787,293,273,42,suco pronto,8d43cdf865,3.0108
34,13,50,0.311104,0.029623,292,270,42,fralda,bf8a12fa40,2.7160
34,14,50,0.312369,0.030044,292,273,42,fralda,e964fb788f,2.8243
34,15,50,0.313167,0.029775,293,273,42,suco pronto,50a0968f9b,2.7502
34,16,50,0.315697,0.030502,290,272,43,suco pronto,9faea97457,3.0176
34,17,50,0.306444,0.028335,298,276,40,suco pronto,512cf9d4a2,2.6242
34,18,50,0.312369,0.030044,292,273,42,suco pronto,e964fb788f,2.8243
34,19,50,0.291666,0.028529,290,270,42,suco pronto,848fe88b88,2.9362
34,20,50,0.312156,0.029340,295,274,41,suco pronto,9eb59e4fd9,3.3056
34,21,50,0.315697,0.030502,290,272,43,suco pronto,9faea97457,3.0176
34,22,50,0.308920,0.029006,295,274,42,suco pronto,2ab1424e1e,2.9326
34,23,50,0.313167,0.029775,293,273,42,suco pronto,50a0968f9b,2.7502
34,24,50,0.313167,0.029775,293,273,42,suco pronto,50a0968f9b,2.7502
34,25,50,0.312369,0.030044,292,273,42,fralda,e964fb788f,2.8243
34,26,50,0.312156,0.029340,295,274,41,suco pronto,9eb59e4fd9,3.3056
34,27,50,0.308201,0.030498,296,276,44,suco pronto,0a846b0dde,2.7150
34,28,50,0.305725,0.029327,294,274,42,fralda,e7f426f7fb,3.2132
34,29,50,0.313247,0.029566,299,276,41,suco pronto,cc1f215ea6,3.0483
34,30,50,0.305818,0.029279,291,271,42,suco pronto,89df235df0,2.5774
34,31,50,0.312369,0.030044,292,273,42,fralda,e964fb788f,2.8243
34,32,50,0.312369,0.030044,292,273,42,fralda,e964fb788f,2.8243
34,33,50,0.312009,0.029727,294,275,42,suco pronto,6754d7eeb8,2.6575
34,34,50,0.312369,0.030044,292,273,42,fralda,e964fb788f,2.8243
34,35,50,0.308121,0.029190,295,274,42,suco pronto,eed0fc32ab,2.9543
34,36,50,0.309000,0.030085,292,272,43,suco pronto,e91443b9dc,2.9454
34,37,50,0.312369,0.030044,292,273,42,fralda,e964fb788f,2.8243
34,38,50,0.312369,0.030044,292,273,42,fralda,e964fb788f,2.8243
34,39,50,0.302729,0.028584,290,270,41,fralda,e16c6fdb0e,2.7924
34,40,50,0.312369,0.030044,292,273,42,fralda,e964fb788f,2.8243
34,41,50,0.313167,0.029775,293,273,42,suco pronto,50a0968f9b,2.7502
34,42,50,0.312369,0.030044,292,273,42,fralda,e964fb788f,2.8243
34,43,50,0.298109,0.027874,292,268,41,suco pronto,270bdd003e,2.7256
34,44,50,0.312369,0.030044,292,273,42,suco pronto,e964fb788f,2.8243
34,45,50,0.303701,0.028544,292,274,42,suco pronto,52a48b5896,2.7580
34,46,50,0.293703,0.028531,293,272,41,suco pronto,2693d163eb,2.8948
34,47,50,0.312369,0.030044,292,273,42,fralda,e964fb788f,2.8243
34,48,50,0.312156,0.029340,295,274,41,suco pronto,9eb59e4fd9,3.3056
34,49,50,0.313167,0.029775,293,273,42,suco pronto,50a0968f9b,2.7502
35,0,50,0.315697,0.030502,290,272,43,suco pronto,9faea97457,3.0176
35,1,50,0.315697,0.030502,290,272,43,suco pronto,9faea97457,3.0176
35,2,50,0.315697,0.030502,290,272,43,suco pronto,9faea97457,3.0176
35,3,50,0.315697,0.030502,290,272,43,suco pronto,9faea97457,3.0176
35,4,50,0.315537,0.029787,293,273,42,suco pronto,8d43cdf865,3.0108
35,5,50,0.313167,0.029775,293,273,42,suco pronto,50a0968f9b,2.7502
35,6,50,0.315697,0.030502,290,272,43,suco pronto,9faea97457,3.0176
35,7,50,0.313167,0.029775,293,273,42,suco pronto,50a0968f9b,2.7502
35,8,50,0.311849,0.029802,293,274,42,suco pronto,1fe3c117f6,3.1079
35,9,50,0.313167,0.029775,293,273,42,suco pronto,50a0968f9b,2.7502
35,10,50,0.313167,0.029775,293,273,42,suco pronto,50a0968f9b,2.7502
35,11,50,0.315537,0.029787,293,273,42,suco pronto,8d43cdf865,3.0108
35,12,50,0.315537,0.029787,293,273,42,suco pronto,8d43cdf865,3.0108
35,13,50,0.312369,0.030044,292,273,42,fralda,e964fb788f,2.8243
35,14,50,0.312369,0.030044,292,273,42,suco pronto,e964fb788f,2.8243
35,15,50,0.313167,0.029775,293,273,42,suco pronto,50a0968f9b,2.7502
35,16,50,0.313167,0.029775,293,273,42,suco pronto,50a0968f9b,2.7502
35,17,50,0.308694,0.028811,292,272,41,fralda,8f913c2538,2.7974
35,18,50,0.315537,0.029787,293,273,42,suco pronto,8d43cdf865,3.0108
35,19,50,0.312369,0.030044,292,273,42,fralda,e964fb788f,2.8243
35,20,50,0.313167,0.029775,293,273,42,suco pronto,50a0968f9b,2.7502
35,21,50,0.312475,0.029600,295,275,42,suco pronto,74483a3731,2.8883
35,22,50,0.305698,0.029475,291,273,43,fralda,645c35ce4f,2.6476
35,23,50,0.312156,0.029340,295,274,41,suco pronto,9eb59e4fd9,3.3056
35,24,50,0.301025,0.029921,294,273,43,suco pronto,5b9bccbb31,2.8821
35,25,50,0.315937,0.030146,291,272,42,suco pronto,5973672b0d,3.0190
35,26,50,0.312369,0.030044,292,273,42,fralda,e964fb788f,2.8243
35,27,50,0.313167,0.029775,293,273,42,suco pronto,50a0968f9b,2.7502
35,28,50,0.306550,0.028764,297,274,41,suco pronto,30c2f1d04f,2.7620
35,29,50,0.313167,0.029775,293,273,42,suco pronto,50a0968f9b,2.7502
35,30,50,0.313167,0.029775,293,273,42,suco pronto,50a0968f9b,2.7502
35,31,50,0.312369,0.030044,292,273,42,suco pronto,e964fb788f,2.8243
35,32,50,0.312369,0.030044,292,273,42,fralda,e964fb788f,2.8243
35,33,50,0.313167,0.029775,293,273,42,suco pronto,50a0968f9b,2.7502
35,34,50,0.312369,0.030044,292,273,42,fralda,e964fb788f,2.8243
35,35,50,0.305818,0.029279,291,271,42,suco pronto,89df235df0,2.5774
35,36,50,0.313167,0.029775,293,273,42,suco pronto,50a0968f9b,2.7502
35,37,50,0.312528,0.029019,297,274,40,suco pronto,ceae42fb9d,2.7459
35,38,50,0.312369,0.030044,292,273,42,fralda,e964fb788f,2.8243
35,39,50,0.310611,0.029015,293,272,41,suco pronto,fc156555c6,2.5998
35,40,50,0.313167,0.029775,293,273,42,suco pronto,50a0968f9b,2.7502
35,41,50,0.312369,0.030044,292,273,42,fralda,e964fb788f,2.8243
35,42,50,0.315937,0.030146,291,272,42,suco pronto,5973672b0d,3.0190
35,43,50,0.313167,0.029775,293,273,42,suco pronto,50a0968f9b,2.7502
35,44,50,0.310584,0.028979,298,275,41,suco pronto,720c9ffd70,3.0640
35,45,50,0.312369,0.030044,292,273,42,fralda,e964fb788f,2.8243
35,46,50,0.312369,0.030044,292,273,42,suco pronto,e964fb788f,2.8243
35,47,50,0.310611,0.029015,293,272,41,suco pronto,fc156555c6,2.5998
35,48,50,0.313167,0.029775,293,273,42,suco pronto,50a0968f9b,2.7502
35,49,50,0.304433,0.029777,288,269,43,fralda,78b8e6992c,3.2785
36,0,50,0.315937,0.030146,291,272,42,suco pronto,5973672b0d,3.0190
36,1,50,0.315937,0.030146,291,272,42,suco pronto,5973672b0d,3.0190
36,2,50,0.315697,0.030502,290,272,43,suco pronto,9faea97457,3.0176
36,3,50,0.315697,0.030502,290,272,43,suco pronto,9faea97457,3.0176
36,4,50,0.315697,0.030502,290,272,43,suco pronto,9faea97457,3.0176
36,5,50,0.312369,0.030044,292,273,42,fralda,e964fb788f,2.8243
36,6,50,0.313207,0.029751,291,271,42,suco pronto,a91bb55b9c,3.4145
36,7,50,0.315697,0.030502,290,272,43,suco pronto,9faea97457,3.0176
36,8,50,0.315937,0.030146,291,272,42,suco pronto,5973672b0d,3.0190
36,9,50,0.312369,0.030044,292,273,42,fralda,e964fb788f,2.8243
36,10,50,0.313713,0.030029,293,273,42,suco pronto,a8153f4252,2.6104
36,11,50,0.315537,0.029787,293,273,42,suco pronto,8d43cdf865,3.0108
36,12,50,0.310864,0.029192,290,270,42,suco pronto,eea9e3c07f,3.0612
36,13,50,0.312369,0.030044,292,273,42,fralda,e964fb788f,2.8243
36,14,50,0.315697,0.030502,290,272,43,suco pronto,9faea97457,3.0176
36,15,50,0.302942,0.029370,291,271,42,suco pronto,c86f3d40ac,2.7991
36,16,50,0.315937,0.030146,291,272,42,suco pronto,5973672b0d,3.0190
36,17,50,0.314911,0.029768,293,274,42,suco pronto,05e8c1769b,3.0057
36,18,50,0.309546,0.028861,294,273,41,suco pronto,60afdde7fd,3.0327
36,19,50,0.315697,0.030502,290,272,43,suco pronto,9faea97457,3.0176
36,20,50,0.312369,0.030044,292,273,42,fralda,e964fb788f,2.8243
36,21,50,0.313167,0.029775,293,273,42,suco pronto,50a0968f9b,2.7502
36,22,50,0.313167,0.029775,293,273,42,suco pronto,50a0968f9b,2.7502
36,23,50,0.313167,0.029775,293,273,42,suco pronto,50a0968f9b,2.7502
36,24,50,0.308281,0.029207,289,268,42,suco pronto,c7c054870b,2.6967
36,25,50,0.313167,0.029775,293,273,42,suco pronto,50a0968f9b,2.7502
36,26,50,0.313167,0.029775,293,273,42,suco pronto,50a0968f9b,2.7502
36,27,50,0.313167,0.029775,293,273,42,suco pronto,50a0968f9b,2.7502
36,28,50,0.313167,0.029775,293,273,42,suco pronto,50a0968f9b,2.7502
36,29,50,0.313167,0.029775,293,273,42,suco pronto,50a0968f9b,2.7502
36,30,50,0.313167,0.029775,293,273,42,suco pronto,50a0968f9b,2.7502
36,31,50,0.315937,0.030146,291,272,42,suco pronto,5973672b0d,3.0190
36,32,50,0.313167,0.029775,293,273,42,suco pronto,50a0968f9b,2.7502
36,33,50,0.315697,0.030502,290,272,43,suco pronto,9faea97457,3.0176
36,34,50,0.315537,0.029787,293,273,42,suco pronto,8d43cdf865,3.0108
36,35,50,0.315697,0.030502,290,272,43,suco pronto,9faea97457,3.0176
36,36,50,0.315537,0.029787,293,273,42,suco pronto,8d43cdf865,3.0108
36,37,50,0.313167,0.029775,293,273,42,suco pronto,50a0968f9b,2.7502
36,38,50,0.313167,0.029775,293,273,42,suco pronto,50a0968f9b,2.7502
36,39,50,0.315537,0.029787,293,273,42,suco pronto,8d43cdf865,3.0108
36,40,50,0.315537,0.029787,293,273,42,suco pronto,8d43cdf865,3.0108
36,41,50,0.315537,0.029787,293,273,42,suco pronto,8d43cdf865,3.0108
36,42,50,0.305818,0.029279,291,271,42,suco pronto,89df235df0,2.5774
36,43,50,0.313167,0.029775,293,273,42,suco pronto,50a0968f9b,2.7502
36,44,50,0.313167,0.029775,293,273,42,suco pronto,50a0968f9b,2.7502
36,45,50,0.313167,0.029775,293,273,42,suco pronto,50a0968f9b,2.7502
36,46,50,0.316482,0.029520,292,271,41,suco pronto,7684e1f2ce,2.6860
36,47,50,0.309573,0.029414,294,273,42,suco pronto,707b9e076d,2.7342
36,48,50,0.305818,0.029279,291,271,42,suco pronto,89df235df0,2.5774
36,49,50,0.313713,0.030029,293,273,42,suco pronto,a8153f4252,2.6104
37,0,50,0.316482,0.029520,292,271,41,suco pronto,7684e1f2ce,2.6860
37,1,50,0.315937,0.030146,291,272,42,suco pronto,5973672b0d,3.0190
37,2,50,0.315937,0.030146,291,272,42,suco pronto,5973672b0d,3.0190
37,3,50,0.315937,0.030146,291,272,42,suco pronto,5973672b0d,3.0190
37,4,50,0.315937,0.030146,291,272,42,suco pronto,5973672b0d,3.0190
37,5,50,0.313167,0.029775,293,273,42,suco pronto,50a0968f9b,2.7502
37,6,50,0.307229,0.029917,289,270,43,suco pronto,5b5ae771ed,2.6634
37,7,50,0.305099,0.029608,289,268,43,multiuso,ed393dbc43,1.7154
37,8,50,0.315937,0.030146,291,272,42,suco pronto,5973672b0d,3.0190
37,9,50,0.315537,0.029787,293,273,42,suco pronto,8d43cdf865,3.0108
37,10,50,0.312249,0.029685,291,274,42,suco pronto,864f566ea1,1.8329
37,11,50,0.315937,0.030146,291,272,42,suco pronto,5973672b0d,3.0190
37,12,50,0.313008,0.030234,290,272,42,fralda,1223527dd0,1.6283
37,13,50,0.316482,0.029520,292,271,41,suco pronto,7684e1f2ce,2.6860
37,14,50,0.313940,0.029649,291,271,42,suco pronto,cb7dcfa761,1.9449
37,15,50,0.315537,0.029787,293,273,42,suco pronto,8d43cdf865,3.0108
37,16,50,0.315537,0.029787,293,273,42,suco pronto,8d43cdf865,3.0108
37,17,50,0.315697,0.030502,290,272,43,suco pronto,9faea97457,3.0176
37,18,50,0.315937,0.030146,291,272,42,suco pronto,5973672b0d,3.0190
37,19,50,0.313167,0.029775,293,273,42,suco pronto,50a0968f9b,2.7502
37,20,50,0.315537,0.029787,293,273,42,suco pronto,8d43cdf865,3.0108
37,21,50,0.275915,0.028944,287,268,43,fralda,a63ddb78dd,1.6976
37,22,50,0.315764,0.029695,293,270,41,suco pronto,a155d45d2c,1.7844
37,23,50,0.315697,0.030502,290,272,43,suco pronto,9faea97457,3.0176
37,24,50,0.315937,0.030146,291,272,42,suco pronto,5973672b0d,3.0190
37,25,50,0.315697,0.030502,290,272,43,suco pronto,9faea97457,3.0176
37,26,50,0.315697,0.030502,290,272,43,suco pronto,9faea97457,3.0176
37,27,50,0.308268,0.029065,290,269,41,suco pronto,9e43f998c0,1.6480
37,28,50,0.310797,0.029691,289,270,42,suco pronto,05aad3023d,1.7745
37,29,50,0.313713,0.030029,293,273,42,suco pronto,a8153f4252,2.6104
37,30,50,0.315537,0.029787,293,273,42,suco pronto,8d43cdf865,3.0108
37,31,50,0.307496,0.029604,288,268,42,suco pronto,663f8da132,1.6663
37,32,50,0.315431,0.030801,292,274,43,suco pronto,cd71857b66,1.7526
37,33,50,0.313940,0.029649,291,271,42,suco pronto,cb7dcfa761,1.9449
37,34,50,0.308907,0.029871,289,270,43,suco pronto,593347e77a,1.6319
37,35,50,0.315537,0.029787,293,273,42,suco pronto,8d43cdf865,3.0108
37,36,50,0.315697,0.030502,290,272,43,suco pronto,9faea97457,3.0176
37,37,50,0.306963,0.028620,292,273,41,suco pronto,dca5ed0c03,1.7856
37,38,50,0.307922,0.029194,290,269,41,suco pronto,c3afb78892,1.7512
37,39,50,0.312369,0.030044,292,273,42,fralda,e964fb788f,2.8243
37,40,50,0.315937,0.030146,291,272,42,suco pronto,5973672b0d,3.0190
37,41,50,0.304686,0.028342,293,269,40,suco pronto,c85a3e4dc4,1.7013
37,42,50,0.315537,0.029787,293,273,42,suco pronto,8d43cdf865,3.0108
37,43,50,0.313327,0.029696,292,273,42,cafe,7f96f87718,1.6553
37,44,50,0.315697,0.030502,290,272,43,suco pronto,9faea97457,3.0176
37,45,50,0.315937,0.030146,291,272,42,suco pronto,5973672b0d,3.0190
37,46,50,0.315937,0.030146,291,272,42,suco pronto,5973672b0d,3.0190
37,47,50,0.315937,0.030146,291,272,42,suco pronto,5973672b0d,3.0190
37,48,50,0.316482,0.029520,292,271,41,suco pronto,7684e1f2ce,2.6860
37,49,50,0.307229,0.029917,289,270,43,suco pronto,5b5ae771ed,2.6634
38,0,50,0.316482,0.029520,292,271,41,suco pronto,7684e1f2ce,2.6860
38,1,50,0.316482,0.029520,292,271,41,suco pronto,7684e1f2ce,2.6860
38,2,50,0.316482,0.029520,292,271,41,suco pronto,7684e1f2ce,2.6860
38,3,50,0.315937,0.030146,291,272,42,suco pronto,5973672b0d,3.0190
38,4,50,0.315937,0.030146,291,272,42,suco pronto,5973672b0d,3.0190
38,5,50,0.315697,0.030502,290,272,43,suco pronto,9faea97457,3.0176
38,6,50,0.315697,0.030502,290,272,43,suco pronto,9faea97457,3.0176
38,7,50,0.315937,0.030146,291,272,42,suco pronto,5973672b0d,3.0190
38,8,50,0.315937,0.030146,291,272,42,suco pronto,5973672b0d,3.0190
38,9,50,0.310891,0.029713,290,270,42,suco pronto,1bddbf6c9c,1.8469
38,10,50,0.311556,0.029176,292,273,41,suco pronto,c716f03dcd,1.6643
38,11,50,0.315937,0.030146,291,272,42,suco pronto,5973672b0d,3.0190
38,12,50,0.315937,0.030146,291,272,42,suco pronto,5973672b0d,3.0190
38,13,50,0.315937,0.030146,291,272,42,suco pronto,5973672b0d,3.0190
38,14,50,0.315937,0.030146,291,272,42,suco pronto,5973672b0d,3.0190
38,15,50,0.316482,0.029520,292,271,41,suco pronto,7684e1f2ce,2.6860
38,16,50,0.315937,0.030146,291,272,42,suco pronto,5973672b0d,3.0190
38,17,50,0.316482,0.029520,292,271,41,suco pronto,7684e1f2ce,2.6860
38,18,50,0.315937,0.030146,291,272,42,suco pronto,5973672b0d,3.0190
38,19,50,0.312954,0.029478,288,269,42,suco pronto,28c2538b94,1.8035
38,20,50,0.315937,0.030146,291,272,42,suco pronto,5973672b0d,3.0190
38,21,50,0.300439,0.028886,294,272,41,suco pronto,5dff8e5708,1.6286
38,22,50,0.314286,0.029013,292,270,41,suco pronto,0d4e55fdd2,1.7967
38,23,50,0.316482,0.029520,292,271,41,suco pronto,7684e1f2ce,2.6860
38,24,50,0.315937,0.030146,291,272,42,suco pronto,5973672b0d,3.0190
38,25,50,0.313008,0.030234,290,272,42,fralda,1223527dd0,1.6283
38,26,50,0.315764,0.029695,293,270,41,suco pronto,a155d45d2c,1.7844
38,27,50,0.315537,0.029787,293,273,42,suco pronto,8d43cdf865,3.0108
38,28,50,0.315697,0.030502,290,272,43,suco pronto,9faea97457,3.0176
38,29,50,0.315697,0.030502,290,272,43,suco pronto,9faea97457,3.0176
38,30,50,0.315937,0.030146,291,272,42,suco pronto,5973672b0d,3.0190
38,31,50,0.304993,0.029107,291,271,41,suco pronto,9ad7e2182b,1.6901
38,32,50,0.316482,0.029520,292,271,41,suco pronto,7684e1f2ce,2.6860
38,33,50,0.310797,0.029691,289,270,42,suco pronto,05aad3023d,1.7745
38,34,50,0.314406,0.028621,292,273,41,suco pronto,f3ba534362,1.7943
38,35,50,0.307682,0.029806,290,270,42,suco pronto,44edcefe6b,1.6341
38,36,50,0.311690,0.029446,289,270,42,suco pronto,fd5d91ca1c,1.7989
38,37,50,0.315937,0.030146,291,272,42,suco pronto,5973672b0d,3.0190
38,38,50,0.315937,0.030146,291,272,42,suco pronto,5973672b0d,3.0190
38,39,50,0.315937,0.030146,291,272,42,suco pronto,5973672b0d,3.0190
38,40,50,0.315937,0.030146,291,272,42,suco pronto,5973672b0d,3.0190
38,41,50,0.315937,0.030146,291,272,42,suco pronto,5973672b0d,3.0190
38,42,50,0.315937,0.030146,291,272,42,suco pronto,5973672b0d,3.0190
38,43,50,0.314339,0.029923,292,272,42,suco pronto,1d51a6b613,1.6295
38,44,50,0.315764,0.029695,293,270,41,suco pronto,a155d45d2c,1.7844
38,45,50,0.315697,0.030502,290,272,43,suco pronto,9faea97457,3.0176
38,46,50,0.307469,0.029149,288,269,42,suco pronto,a6f5f94b6a,1.7274
38,47,50,0.315937,0.030146,291,272,42,suco pronto,5973672b0d,3.0190
38,48,50,0.315937,0.030146,291,272,42,suco pronto,5973672b0d,3.0190
38,49,50,0.315937,0.030146,291,272,42,suco pronto,5973672b0d,3.0190
39,0,50,0.316482,0.029520,292,271,41,suco pronto,7684e1f2ce,2.6860
39,1,50,0.316482,0.029520,292,271,41,suco pronto,7684e1f2ce,2.6860
39,2,50,0.316482,0.029520,292,271,41,suco pronto,7684e1f2ce,2.6860
39,3,50,0.316482,0.029520,292,271,41,suco pronto,7684e1f2ce,2.6860
39,4,50,0.316482,0.029520,292,271,41,suco pronto,7684e1f2ce,2.6860
39,5,50,0.316482,0.029520,292,271,41,suco pronto,7684e1f2ce,2.6860
39,6,50,0.315937,0.030146,291,272,42,suco pronto,5973672b0d,3.0190
39,7,50,0.315937,0.030146,291,272,42,suco pronto,5973672b0d,3.0190
39,8,50,0.315937,0.030146,291,272,42,suco pronto,5973672b0d,3.0190
39,9,50,0.310891,0.029713,290,270,42,suco pronto,1bddbf6c9c,1.8469
39,10,50,0.308241,0.029645,293,273,42,suco pronto,3ff6109cdb,1.7636
39,11,50,0.315937,0.030146,291,272,42,suco pronto,5973672b0d,3.0190
39,12,50,0.316482,0.029520,292,271,41,suco pronto,7684e1f2ce,2.6860
39,13,50,0.315937,0.030146,291,272,42,suco pronto,5973672b0d,3.0190
39,14,50,0.315937,0.030146,291,272,42,suco pronto,5973672b0d,3.0190
39,15,50,0.315937,0.030146,291,272,42,suco pronto,5973672b0d,3.0190
39,16,50,0.315937,0.030146,291,272,42,suco pronto,5973672b0d,3.0190
39,17,50,0.316482,0.029520,292,271,41,suco pronto,7684e1f2ce,2.6860
39,18,50,0.316482,0.029520,292,271,41,suco pronto,7684e1f2ce,2.6860
39,19,50,0.316482,0.029520,292,271,41,suco pronto,7684e1f2ce,2.6860
39,20,50,0.315937,0.030146,291,272,42,suco pronto,5973672b0d,3.0190
39,21,50,0.315937,0.030146,291,272,42,suco pronto,5973672b0d,3.0190
39,22,50,0.315937,0.030146,291,272,42,suco pronto,5973672b0d,3.0190
39,23,50,0.315417,0.029382,292,273,41,suco pronto,15299e4ec0,1.6663
39,24,50,0.315937,0.030146,291,272,42,suco pronto,5973672b0d,3.0190
39,25,50,0.316482,0.029520,292,271,41,suco pronto,7684e1f2ce,2.6860
39,26,50,0.311556,0.029535,292,274,42,suco pronto,3a6881b37a,1.7980
39,27,50,0.315937,0.030146,291,272,42,suco pronto,5973672b0d,3.0190
39,28,50,0.315937,0.030146,291,272,42,suco pronto,5973672b0d,3.0190
39,29,50,0.315937,0.030146,291,272,42,suco pronto,5973672b0d,3.0190
39,30,50,0.315937,0.030146,291,272,42,suco pronto,5973672b0d,3.0190
39,31,50,0.315937,0.030146,291,272,42,suco pronto,5973672b0d,3.0190
39,32,50,0.315937,0.030146,291,272,42,suco pronto,5973672b0d,3.0190
39,33,50,0.315937,0.030146,291,272,42,suco pronto,5973672b0d,3.0190
39,34,50,0.315937,0.030146,291,272,42,suco pronto,5973672b0d,3.0190
39,35,50,0.315937,0.030146,291,272,42,suco pronto,5973672b0d,3.0190
39,36,50,0.318706,0.030113,293,273,41,suco pronto,3aa0509709,1.6458
39,37,50,0.316482,0.029520,292,271,41,suco pronto,7684e1f2ce,2.6860
39,38,50,0.316656,0.029831,292,272,41,suco pronto,ae2e001c7c,1.7307
39,39,50,0.315937,0.030146,291,272,42,suco pronto,5973672b0d,3.0190
39,40,50,0.315937,0.030146,291,272,42,suco pronto,5973672b0d,3.0190
39,41,50,0.315937,0.030146,291,272,42,suco pronto,5973672b0d,3.0190
39,42,50,0.315937,0.030146,291,272,42,suco pronto,5973672b0d,3.0190
39,43,50,0.310891,0.029713,290,270,42,suco pronto,1bddbf6c9c,1.8469
39,44,50,0.315937,0.030146,291,272,42,suco pronto,5973672b0d,3.0190
39,45,50,0.310891,0.029713,290,270,42,suco pronto,1bddbf6c9c,1.8469
39,46,50,0.315937,0.030146,291,272,42,suco pronto,5973672b0d,3.0190
39,47,50,0.315937,0.030146,291,272,42,suco pronto,5973672b0d,3.0190
39,48,50,0.316482,0.029520,292,271,41,suco pronto,7684e1f2ce,2.6860
39,49,50,0.316482,0.029520,292,271,41,suco pronto,7684e1f2ce,2.6860
40,0,50,0.318706,0.030113,293,273,41,suco pronto,3aa0509709,1.6458
40,1,50,0.316656,0.029831,292,272,41,suco pronto,ae2e001c7c,1.7307
40,2,50,0.316482,0.029520,292,271,41,suco pronto,7684e1f2ce,2.6860
40,3,50,0.316482,0.029520,292,271,41,suco pronto,7684e1f2ce,2.6860
40,4,50,0.316482,0.029520,292,271,41,suco pronto,7684e1f2ce,2.6860
40,5,50,0.316482,0.029520,292,271,41,suco pronto,7684e1f2ce,2.6860
40,6,50,0.316403,0.030197,291,272,42,suco pronto,5cdd14003d,1.8402
40,7,50,0.317707,0.030560,291,275,42,suco pronto,266e8da8be,1.7138
40,8,50,0.317481,0.029833,294,273,41,suco pronto,332a91e8d3,1.7084
40,9,50,0.318147,0.029953,290,270,41,suco pronto,991a6d90b4,1.6481
40,10,50,0.316656,0.029831,292,272,41,suco pronto,ae2e001c7c,1.7307
40,11,50,0.310891,0.029713,290,270,42,suco pronto,1bddbf6c9c,1.8469
40,12,50,0.317188,0.030149,292,272,42,suco pronto,e0c780b7a5,1.6658
40,13,50,0.318706,0.030113,293,273,41,suco pronto,3aa0509709,1.6458
40,14,50,0.316656,0.029831,292,272,41,suco pronto,ae2e001c7c,1.7307
40,15,50,0.316482,0.029520,292,271,41,suco pronto,7684e1f2ce,2.6860
40,16,50,0.316482,0.029520,292,271,41,suco pronto,7684e1f2ce,2.6860
40,17,50,0.315111,0.029645,291,270,41,suco pronto,b177d34a2c,1.6802
40,18,50,0.315937,0.030146,291,272,42,suco pronto,5973672b0d,3.0190
40,19,50,0.315937,0.030146,291,272,42,suco pronto,5973672b0d,3.0190
40,20,50,0.315937,0.030146,291,272,42,suco pronto,5973672b0d,3.0190
40,21,50,0.315937,0.030146,291,272,42,suco pronto,5973672b0d,3.0190
40,22,50,0.310891,0.029713,290,270,42,suco pronto,1bddbf6c9c,1.8469
40,23,50,0.316482,0.029520,292,271,41,suco pronto,7684e1f2ce,2.6860
40,24,50,0.316482,0.029520,292,271,41,suco pronto,7684e1f2ce,2.6860
40,25,50,0.313287,0.029677,296,275,42,suco pronto,8fa0d8bd5d,1.8717
40,26,50,0.315937,0.030146,291,272,42,suco pronto,5973672b0d,3.0190
40,27,50,0.312528,0.030791,293,276,43,suco pronto,dbf83db2ce,1.7878
40,28,50,0.316482,0.029520,292,271,41,suco pronto,7684e1f2ce,2.6860
40,29,50,0.316482,0.029520,292,271,41,suco pronto,7684e1f2ce,2.6860
40,30,50,0.317960,0.030734,292,274,42,suco pronto,fcd44275fb,1.6187
40,31,50,0.316482,0.029520,292,271,41,suco pronto,7684e1f2ce,2.6860
40,32,50,0.316403,0.030197,291,272,42,suco pronto,5cdd14003d,1.8402
40,33,50,0.316482,0.029520,292,271,41,suco pronto,7684e1f2ce,2.6860
40,34,50,0.316482,0.029520,292,271,41,suco pronto,7684e1f2ce,2.6860
40,35,50,0.315937,0.030146,291,272,42,suco pronto,5973672b0d,3.0190
40,36,50,0.310891,0.029713,290,270,42,suco pronto,1bddbf6c9c,1.8469
40,37,50,0.316482,0.029520,292,271,41,suco pronto,7684e1f2ce,2.6860
40,38,50,0.316482,0.029520,292,271,41,suco pronto,7684e1f2ce,2.6860
40,39,50,0.316482,0.029520,292,271,41,suco pronto,7684e1f2ce,2.6860
40,40,50,0.318626,0.029786,289,268,41,suco pronto,e3d30d6cab,1.7973
40,41,50,0.315937,0.030146,291,272,42,suco pronto,5973672b0d,3.0190
40,42,50,0.316482,0.029520,292,271,41,suco pronto,7684e1f2ce,2.6860
40,43,50,0.316482,0.029520,292,271,41,suco pronto,7684e1f2ce,2.6860
40,44,50,0.316482,0.029520,292,271,41,suco pronto,7684e1f2ce,2.6860
40,45,50,0.316482,0.029520,292,271,41,suco pronto,7684e1f2ce,2.6860
40,46,50,0.310891,0.029713,290,270,42,suco pronto,1bddbf6c9c,1.8469
40,47,50,0.316482,0.029520,292,271,41,suco pronto,7684e1f2ce,2.6860
40,48,50,0.315937,0.030146,291,272,42,suco pronto,5973672b0d,3.0190
40,49,50,0.315937,0.030146,291,272,42,suco pronto,5973672b0d,3.0190
41,0,50,0.318706,0.030113,293,273,41,suco pronto,3aa0509709,1.6458
41,1,50,0.318706,0.030113,293,273,41,suco pronto,3aa0509709,1.6458
41,2,50,0.318626,0.029786,289,268,41,suco pronto,e3d30d6cab,1.7973
41,3,50,0.318147,0.029953,290,270,41,suco pronto,991a6d90b4,1.6481
41,4,50,0.317960,0.030734,292,274,42,suco pronto,fcd44275fb,1.6187
41,5,50,0.318147,0.029953,290,270,41,suco pronto,991a6d90b4,1.6481
41,6,50,0.317960,0.030734,292,274,42,suco pronto,fcd44275fb,1.6187
41,7,50,0.318706,0.030113,293,273,41,suco pronto,3aa0509709,1.6458
41,8,50,0.318706,0.030113,293,273,41,suco pronto,3aa0509709,1.6458
41,9,50,0.315937,0.030146,291,272,42,suco pronto,5973672b0d,3.0190
41,10,50,0.308002,0.029393,290,270,42,suco pronto,3bc1de8959,1.7781
41,11,50,0.317188,0.030149,292,272,42,suco pronto,e0c780b7a5,1.6658
41,12,50,0.318706,0.030113,293,273,41,suco pronto,3aa0509709,1.6458
41,13,50,0.310891,0.029713,290,270,42,suco pronto,1bddbf6c9c,1.8469
41,14,50,0.316482,0.029520,292,271,41,suco pronto,7684e1f2ce,2.6860
41,15,50,0.318147,0.029953,290,270,41,suco pronto,991a6d90b4,1.6481
41,16,50,0.316482,0.029520,292,271,41,suco pronto,7684e1f2ce,2.6860
41,17,50,0.316482,0.029520,292,271,41,suco pronto,7684e1f2ce,2.6860
41,18,50,0.316482,0.029520,292,271,41,suco pronto,7684e1f2ce,2.6860
41,19,50,0.315657,0.029346,288,268,41,suco pronto,27f93db2df,1.6981
41,20,50,0.318706,0.030113,293,273,41,suco pronto,3aa0509709,1.6458
41,21,50,0.316482,0.029520,292,271,41,suco pronto,7684e1f2ce,2.6860
41,22,50,0.316482,0.029520,292,271,41,suco pronto,7684e1f2ce,2.6860
41,23,50,0.314938,0.029332,289,269,41,suco pronto,104151b509,1.6676
41,24,50,0.316656,0.029831,292,272,41,suco pronto,ae2e001c7c,1.7307
41,25,50,0.318706,0.030113,293,273,41,suco pronto,3aa0509709,1.6458
41,26,50,0.316482,0.029520,292,271,41,suco pronto,7684e1f2ce,2.6860
41,27,50,0.318706,0.030113,293,273,41,suco pronto,3aa0509709,1.6458
41,28,50,0.316656,0.029831,292,272,41,suco pronto,ae2e001c7c,1.7307
41,29,50,0.318626,0.029786,289,268,41,suco pronto,e3d30d6cab,1.7973
41,30,50,0.317481,0.029833,294,273,41,suco pronto,332a91e8d3,1.7084
41,31,50,0.316482,0.029520,292,271,41,suco pronto,7684e1f2ce,2.6860
41,32,50,0.317707,0.030560,291,275,42,suco pronto,266e8da8be,1.7138
41,33,50,0.315191,0.030280,294,276,42,creme dental,10cec19fb4,1.6768
41,34,50,0.316482,0.029520,292,271,41,suco pronto,7684e1f2ce,2.6860
41,35,50,0.316482,0.029520,292,271,41,suco pronto,7684e1f2ce,2.6860
41,36,50,0.316482,0.029520,292,271,41,suco pronto,7684e1f2ce,2.6860
41,37,50,0.311929,0.029511,289,269,42,suco pronto,9b7326a491,1.8120
41,38,50,0.317960,0.030734,292,274,42,suco pronto,fcd44275fb,1.6187
41,39,50,0.316482,0.029520,292,271,41,suco pronto,7684e1f2ce,2.6860
41,40,50,0.316482,0.029520,292,271,41,suco pronto,7684e1f2ce,2.6860
41,41,50,0.292984,0.028101,292,271,40,suco pronto,eb378d2240,1.7058
41,42,50,0.317960,0.030734,292,274,42,suco pronto,fcd44275fb,1.6187
41,43,50,0.317481,0.029833,294,273,41,suco pronto,332a91e8d3,1.7084
41,44,50,0.319225,0.030199,295,275,41,suco pronto,02cd9cafb1,1.6594
41,45,50,0.318706,0.030113,293,273,41,suco pronto,3aa0509709,1.6458
41,46,50,0.318706,0.030113,293,273,41,suco pronto,3aa0509709,1.6458
41,47,50,0.309266,0.028796,292,270,42,suco pronto,42545f8be4,1.7293
41,48,50,0.317907,0.030164,291,271,42,suco pronto,c0e63fb4ec,1.7539
41,49,50,0.316656,0.029831,292,272,41,suco pronto,ae2e001c7c,1.7307
42,0,50,0.319225,0.030199,295,275,41,suco pronto,02cd9cafb1,1.6594
42,1,50,0.318706,0.030113,293,273,41,suco pronto,3aa0509709,1.6458
42,2,50,0.318706,0.030113,293,273,41,suco pronto,3aa0509709,1.6458
42,3,50,0.318706,0.030113,293,273,41,suco pronto,3aa0509709,1.6458
42,4,50,0.318706,0.030113,293,273,41,suco pronto,3aa0509709,1.6458
42,5,50,0.318706,0.030113,293,273,41,suco pronto,3aa0509709,1.6458
42,6,50,0.317707,0.030560,291,275,42,suco pronto,266e8da8be,1.7138
42,7,50,0.318706,0.030113,293,273,41,suco pronto,3aa0509709,1.6458
42,8,50,0.318706,0.030113,293,273,41,suco pronto,3aa0509709,1.6458
42,9,50,0.315937,0.030146,291,272,42,suco pronto,5973672b0d,3.0190
42,10,50,0.301877,0.028995,291,271,41,suco pronto,ddf95e1331,1.8461
42,11,50,0.318706,0.030113,293,273,41,suco pronto,3aa0509709,1.6458
42,12,50,0.316096,0.029217,294,273,41,suco pronto,0f0c76a88b,1.7151
42,13,50,0.318706,0.030113,293,273,41,suco pronto,3aa0509709,1.6458
42,14,50,0.318706,0.030113,293,273,41,suco pronto,3aa0509709,1.6458
42,15,50,0.318133,0.029904,293,273,41,suco pronto,8358bed0b7,1.6288
42,16,50,0.313247,0.030149,287,268,42,suco pronto,64e2068002,1.7516
42,17,50,0.311636,0.029476,294,272,41,suco pronto,9580efbda7,1.6828
42,18,50,0.311570,0.029573,290,271,41,suco pronto,701465f226,1.7458
42,19,50,0.318653,0.030791,292,274,42,suco pronto,7634962570,1.7820
42,20,50,0.318706,0.030113,293,273,41,suco pronto,3aa0509709,1.6458
42,21,50,0.313527,0.029842,289,270,41,suco pronto,f5d8443ca8,1.6484
42,22,50,0.316482,0.029520,292,271,41,suco pronto,7684e1f2ce,2.6860
42,23,50,0.312435,0.028941,293,270,40,suco pronto,601fad7d60,1.7700
42,24,50,0.316549,0.030188,291,272,42,suco pronto,dcc1c21549,1.6423
42,25,50,0.310478,0.029506,287,267,42,suco pronto,13f29941d5,1.6510
42,26,50,0.315937,0.030146,291,272,42,suco pronto,5973672b0d,3.0190
42,27,50,0.318706,0.030113,293,273,41,suco pronto,3aa0509709,1.6458
42,28,50,0.319225,0.030199,295,275,41,suco pronto,02cd9cafb1,1.6594
42,29,50,0.317548,0.029788,292,271,41,suco pronto,5157c27db6,1.8603
42,30,50,0.316482,0.029520,292,271,41,suco pronto,7684e1f2ce,2.6860
42,31,50,0.318706,0.030113,293,273,41,suco pronto,3aa0509709,1.6458
42,32,50,0.318706,0.030113,293,273,41,suco pronto,3aa0509709,1.6458
42,33,50,0.316482,0.029520,292,271,41,suco pronto,7684e1f2ce,2.6860
42,34,50,0.318706,0.030113,293,273,41,suco pronto,3aa0509709,1.6458
42,35,50,0.318706,0.030113,293,273,41,suco pronto,3aa0509709,1.6458
42,36,50,0.318626,0.029786,289,268,41,suco pronto,e3d30d6cab,1.7973
42,37,50,0.313247,0.030149,287,268,42,suco pronto,64e2068002,1.7516
42,38,50,0.317987,0.030098,294,274,41,suco pronto,04ade4c5db,1.7485
42,39,50,0.318706,0.030113,293,273,41,suco pronto,3aa0509709,1.6458
42,40,50,0.317960,0.030206,291,270,42,suco pronto,1fbc0462c4,1.6957
42,41,50,0.318706,0.030113,293,273,41,suco pronto,3aa0509709,1.6458
42,42,50,0.318706,0.030113,293,273,41,suco pronto,3aa0509709,1.6458
42,43,50,0.318147,0.029953,290,270,41,suco pronto,991a6d90b4,1.6481
42,44,50,0.298629,0.029599,290,271,42,suco pronto,6ac397a433,1.7379
42,45,50,0.317801,0.030074,293,273,41,suco pronto,b986ef2af2,1.8519
42,46,50,0.317960,0.030734,292,274,42,suco pronto,fcd44275fb,1.6187
42,47,50,0.314845,0.029122,293,272,41,suco pronto,7fce532aec,1.7222
42,48,50,0.318147,0.029953,290,270,41,suco pronto,991a6d90b4,1.6481
42,49,50,0.317681,0.030413,288,268,42,suco pronto,b787b871cb,1.6350
43,0,50,0.319225,0.030199,295,275,41,suco pronto,02cd9cafb1,1.6594
43,1,50,0.319225,0.030199,295,275,41,suco pronto,02cd9cafb1,1.6594
43,2,50,0.318706,0.030113,293,273,41,suco pronto,3aa0509709,1.6458
43,3,50,0.318706,0.030113,293,273,41,suco pronto,3aa0509709,1.6458
43,4,50,0.318706,0.030113,293,273,41,suco pronto,3aa0509709,1.6458
43,5,50,0.318706,0.030113,293,273,41,suco pronto,3aa0509709,1.6458
43,6,50,0.318772,0.030995,291,272,42,suco pronto,76be78285a,1.8330
43,7,50,0.318706,0.030113,293,273,41,suco pronto,3aa0509709,1.6458
43,8,50,0.319225,0.030199,295,275,41,suco pronto,02cd9cafb1,1.6594
43,9,50,0.318706,0.030113,293,273,41,suco pronto,3aa0509709,1.6458
43,10,50,0.318706,0.030113,293,273,41,suco pronto,3aa0509709,1.6458
43,11,50,0.312089,0.029078,288,268,41,suco pronto,a10371c8a9,1.6326
43,12,50,0.318706,0.030113,293,273,41,suco pronto,3aa0509709,1.6458
43,13,50,0.318706,0.030113,293,273,41,suco pronto,3aa0509709,1.6458
43,14,50,0.318706,0.030113,293,273,41,suco pronto,3aa0509709,1.6458
43,15,50,0.316190,0.030337,291,270,41,suco pronto,9e5c417abc,1.7793
43,16,50,0.319225,0.030199,295,275,41,suco pronto,02cd9cafb1,1.6594
43,17,50,0.318706,0.030113,293,273,41,suco pronto,3aa0509709,1.6458
43,18,50,0.318706,0.030113,293,273,41,suco pronto,3aa0509709,1.6458
43,19,50,0.318706,0.030113,293,273,41,suco pronto,3aa0509709,1.6458
43,20,50,0.318706,0.030113,293,273,41,suco pronto,3aa0509709,1.6458
43,21,50,0.306377,0.030016,291,271,41,suco pronto,c2fa3326d8,1.6045
43,22,50,0.318706,0.030113,293,273,41,suco pronto,3aa0509709,1.6458
43,23,50,0.318706,0.030113,293,273,41,suco pronto,3aa0509709,1.6458
43,24,50,0.318706,0.030113,293,273,41,suco pronto,3aa0509709,1.6458
43,25,50,0.318706,0.030113,293,273,41,suco pronto,3aa0509709,1.6458
43,26,50,0.318706,0.030113,293,273,41,suco pronto,3aa0509709,1.6458
43,27,50,0.318706,0.030113,293,273,41,suco pronto,3aa0509709,1.6458
43,28,50,0.319225,0.030199,295,275,41,suco pronto,02cd9cafb1,1.6594
43,29,50,0.316802,0.029560,294,273,41,suco pronto,d2b5e9f24c,1.8586
43,30,50,0.318706,0.030113,293,273,41,suco pronto,3aa0509709,1.6458
43,31,50,0.318706,0.030113,293,273,41,suco pronto,3aa0509709,1.6458
43,32,50,0.317707,0.030560,291,275,42,suco pronto,266e8da8be,1.7138
43,33,50,0.316203,0.030295,297,276,42,suco pronto,e81303e9f0,1.7145
43,34,50,0.318653,0.030791,292,274,42,suco pronto,7634962570,1.7820
43,35,50,0.316482,0.029520,292,271,41,suco pronto,7684e1f2ce,2.6860
43,36,50,0.318706,0.030113,293,273,41,suco pronto,3aa0509709,1.6458
43,37,50,0.318706,0.030113,293,273,41,suco pronto,3aa0509709,1.6458
43,38,50,0.314059,0.028893,297,276,40,suco pronto,983d79abae,1.7529
43,39,50,0.318706,0.030113,293,273,41,suco pronto,3aa0509709,1.6458
43,40,50,0.318706,0.030113,293,273,41,suco pronto,3aa0509709,1.6458
43,41,50,0.316482,0.029520,292,271,41,suco pronto,7684e1f2ce,2.6860
43,42,50,0.320370,0.030545,291,272,41,suco pronto,55bb55d980,1.6125
43,43,50,0.318706,0.030113,293,273,41,suco pronto,3aa0509709,1.6458
43,44,50,0.316696,0.030672,291,273,42,suco pronto,b9fdf0532b,1.7275
43,45,50,0.318706,0.030113,293,273,41,suco pronto,3aa0509709,1.6458
43,46,50,0.318706,0.030113,293,273,41,suco pronto,3aa0509709,1.6458
43,47,50,0.318706,0.030113,293,273,41,suco pronto,3aa0509709,1.6458
43,48,50,0.318706,0.030113,293,273,41,suco pronto,3aa0509709,1.6458
43,49,50,0.318706,0.030113,293,273,41,suco pronto,3aa0509709,1.6458
44,0,50,0.320370,0.030545,291,272,41,suco pronto,55bb55d980,1.6125
44,1,50,0.319225,0.030199,295,275,41,suco pronto,02cd9cafb1,1.6594
44,2,50,0.319225,0.030199,295,275,41,suco pronto,02cd9cafb1,1.6594
44,3,50,0.319225,0.030199,295,275,41,suco pronto,02cd9cafb1,1.6594
44,4,50,0.319225,0.030199,295,275,41,suco pronto,02cd9cafb1,1.6594
44,5,50,0.305512,0.028816,295,274,41,suco pronto,36d85c3041,1.8553
44,6,50,0.319225,0.030199,295,275,41,suco pronto,02cd9cafb1,1.6594
44,7,50,0.318706,0.030113,293,273,41,suco pronto,3aa0509709,1.6458
44,8,50,0.319225,0.030199,295,275,41,suco pronto,02cd9cafb1,1.6594
44,9,50,0.314379,0.030736,293,273,42,suco pronto,a5d9b7eda5,1.6788
44,10,50,0.320370,0.030545,291,272,41,suco pronto,55bb55d980,1.6125
44,11,50,0.317108,0.029721,294,274,41,suco pronto,a106d0c958,1.8214
44,12,50,0.316456,0.030789,288,273,43,suco pronto,77b7825497,1.7796
44,13,50,0.318706,0.030113,293,273,41,suco pronto,3aa0509709,1.6458
44,14,50,0.318706,0.030113,293,273,41,suco pronto,3aa0509709,1.6458
44,15,50,0.319225,0.030199,295,275,41,suco pronto,02cd9cafb1,1.6594
44,16,50,0.319225,0.030199,295,275,41,suco pronto,02cd9cafb1,1.6594
44,17,50,0.308894,0.030419,293,271,41,suco pronto,61bef387d2,1.8545
44,18,50,0.318706,0.030113,293,273,41,suco pronto,3aa0509709,1.6458
44,19,50,0.318706,0.030113,293,273,41,suco pronto,3aa0509709,1.6458
44,20,50,0.313114,0.030305,291,272,42,suco pronto,a27d90b0df,1.7827
44,21,50,0.318706,0.030113,293,273,41,suco pronto,3aa0509709,1.6458
44,22,50,0.318706,0.030113,293,273,41,suco pronto,3aa0509709,1.6458
44,23,50,0.317987,0.030098,294,274,41,suco pronto,04ade4c5db,1.7485
44,24,50,0.317934,0.030065,293,273,41,suco pronto,c4b47370a9,1.6814
44,25,50,0.311330,0.029539,292,272,41,suco pronto,bba59461ba,1.7685
44,26,50,0.320130,0.030362,291,271,41,suco pronto,d9f98f2630,1.6452
44,27,50,0.319225,0.030199,295,275,41,suco pronto,02cd9cafb1,1.6594
44,28,50,0.318706,0.030113,293,273,41,suco pronto,3aa0509709,1.6458
44,29,50,0.318706,0.030113,293,273,41,suco pronto,3aa0509709,1.6458
44,30,50,0.313114,0.030305,291,272,42,suco pronto,a27d90b0df,1.7827
44,31,50,0.318706,0.030113,293,273,41,suco pronto,3aa0509709,1.6458
44,32,50,0.318706,0.030113,293,273,41,suco pronto,3aa0509709,1.6458
44,33,50,0.318706,0.030113,293,273,41,suco pronto,3aa0509709,1.6458
44,34,50,0.318706,0.030113,293,273,41,suco pronto,3aa0509709,1.6458
44,35,50,0.318706,0.030113,293,273,41,suco pronto,3aa0509709,1.6458
44,36,50,0.319225,0.030199,295,275,41,suco pronto,02cd9cafb1,1.6594
44,37,50,0.318706,0.030113,293,273,41,suco pronto,3aa0509709,1.6458
44,38,50,0.317987,0.030098,294,274,41,suco pronto,04ade4c5db,1.7485
44,39,50,0.318706,0.030113,293,273,41,suco pronto,3aa0509709,1.6458
44,40,50,0.319225,0.030199,295,275,41,suco pronto,02cd9cafb1,1.6594
44,41,50,0.318706,0.030113,293,273,41,suco pronto,3aa0509709,1.6458
44,42,50,0.317002,0.029353,293,272,40,suco pronto,eb02e21e7a,1.7812
44,43,50,0.319225,0.030199,295,275,41,suco pronto,02cd9cafb1,1.6594
44,44,50,0.318706,0.030113,293,273,41,suco pronto,3aa0509709,1.6458
44,45,50,0.319225,0.030199,295,275,41,suco pronto,02cd9cafb1,1.6594
44,46,50,0.318706,0.030113,293,273,41,suco pronto,3aa0509709,1.6458
44,47,50,0.318706,0.030113,293,273,41,suco pronto,3aa0509709,1.6458
44,48,50,0.318706,0.030113,293,273,41,suco pronto,3aa0509709,1.6458
44,49,50,0.320370,0.030545,291,272,41,suco pronto,55bb55d980,1.6125
45,0,50,0.320370,0.030545,291,272,41,suco pronto,55bb55d980,1.6125
45,1,50,0.320370,0.030545,291,272,41,suco pronto,55bb55d980,1.6125
45,2,50,0.320370,0.030545,291,272,41,suco pronto,55bb55d980,1.6125
45,3,50,0.320130,0.030362,291,271,41,suco pronto,d9f98f2630,1.6452
45,4,50,0.319225,0.030199,295,275,41,suco pronto,02cd9cafb1,1.6594
45,5,50,0.319225,0.030199,295,275,41,suco pronto,02cd9cafb1,1.6594
45,6,50,0.316629,0.029792,291,273,40,suco pronto,8661aadca9,1.8688
45,7,50,0.320370,0.030545,291,272,41,suco pronto,55bb55d980,1.6125
45,8,50,0.319225,0.030199,295,275,41,suco pronto,02cd9cafb1,1.6594
45,9,50,0.320370,0.030545,291,272,41,suco pronto,55bb55d980,1.6125
45,10,50,0.315404,0.030477,294,275,42,biscoito,530e034e49,1.6363
45,11,50,0.319225,0.030199,295,275,41,suco pronto,02cd9cafb1,1.6594
45,12,50,0.319225,0.030199,295,275,41,suco pronto,02cd9cafb1,1.6594
45,13,50,0.319225,0.030199,295,275,41,suco pronto,02cd9cafb1,1.6594
45,14,50,0.313114,0.030305,291,272,42,suco pronto,a27d90b0df,1.7827
45,15,50,0.313247,0.030337,288,270,42,suco pronto,fbb2e50860,1.7863
45,16,50,0.320370,0.030545,291,272,41,suco pronto,55bb55d980,1.6125
45,17,50,0.319225,0.030199,295,275,41,suco pronto,02cd9cafb1,1.6594
45,18,50,0.319225,0.030199,295,275,41,suco pronto,02cd9cafb1,1.6594
45,19,50,0.318706,0.030113,293,273,41,suco pronto,3aa0509709,1.6458
45,20,50,0.317108,0.029721,294,274,41,suco pronto,a106d0c958,1.8214
45,21,50,0.318706,0.030113,293,273,41,suco pronto,3aa0509709,1.6458
45,22,50,0.319225,0.030199,295,275,41,suco pronto,02cd9cafb1,1.6594
45,23,50,0.319225,0.030199,295,275,41,suco pronto,02cd9cafb1,1.6594
45,24,50,0.318706,0.030113,293,273,41,suco pronto,3aa0509709,1.6458
45,25,50,0.319225,0.030199,295,275,41,suco pronto,02cd9cafb1,1.6594
45,26,50,0.319225,0.030199,295,275,41,suco pronto,02cd9cafb1,1.6594
45,27,50,0.319225,0.030199,295,275,41,suco pronto,02cd9cafb1,1.6594
45,28,50,0.319185,0.030988,290,271,42,suco pronto,abac4de96f,1.7976
45,29,50,0.318706,0.030113,293,273,41,suco pronto,3aa0509709,1.6458
45,30,50,0.319225,0.030199,295,275,41,suco pronto,02cd9cafb1,1.6594
45,31,50,0.313114,0.030305,291,272,42,suco pronto,a27d90b0df,1.7827
45,32,50,0.317987,0.030098,294,274,41,suco pronto,04ade4c5db,1.7485
45,33,50,0.319225,0.030199,295,275,41,suco pronto,02cd9cafb1,1.6594
45,34,50,0.319225,0.030199,295,275,41,suco pronto,02cd9cafb1,1.6594
45,35,50,0.320370,0.030545,291,272,41,suco pronto,55bb55d980,1.6125
45,36,50,0.318706,0.030113,293,273,41,suco pronto,3aa0509709,1.6458
45,37,50,0.318706,0.030113,293,273,41,suco pronto,3aa0509709,1.6458
45,38,50,0.319225,0.030199,295,275,41,suco pronto,02cd9cafb1,1.6594
45,39,50,0.319225,0.030199,295,275,41,suco pronto,02cd9cafb1,1.6594
45,40,50,0.319225,0.030199,295,275,41,suco pronto,02cd9cafb1,1.6594
45,41,50,0.308188,0.029312,291,270,41,suco pronto,a5f7715ee3,1.7514
45,42,50,0.320370,0.030545,291,272,41,suco pronto,55bb55d980,1.6125
45,43,50,0.313114,0.030305,291,272,42,suco pronto,a27d90b0df,1.7827
45,44,50,0.319225,0.030199,295,275,41,suco pronto,02cd9cafb1,1.6594
45,45,50,0.307243,0.029712,292,273,41,suco pronto,c911ddb002,1.7795
45,46,50,0.318706,0.030113,293,273,41,suco pronto,3aa0509709,1.6458
45,47,50,0.319225,0.030199,295,275,41,suco pronto,02cd9cafb1,1.6594
45,48,50,0.319225,0.030199,295,275,41,suco pronto,02cd9cafb1,1.6594
45,49,50,0.316696,0.030672,291,273,42,suco pronto,b9fdf0532b,1.7275
46,0,50,0.320370,0.030545,291,272,41,suco pronto,55bb55d980,1.6125
46,1,50,0.320370,0.030545,291,272,41,suco pronto,55bb55d980,1.6125
46,2,50,0.320370,0.030545,291,272,41,suco pronto,55bb55d980,1.6125
46,3,50,0.320370,0.030545,291,272,41,suco pronto,55bb55d980,1.6125
46,4,50,0.320370,0.030545,291,272,41,suco pronto,55bb55d980,1.6125
46,5,50,0.319225,0.030199,295,275,41,suco pronto,02cd9cafb1,1.6594
46,6,50,0.319225,0.030199,295,275,41,suco pronto,02cd9cafb1,1.6594
46,7,50,0.317108,0.029721,294,274,41,suco pronto,a106d0c958,1.8214
46,8,50,0.313780,0.029714,290,270,41,suco pronto,536eeaf7bc,1.7859
46,9,50,0.318719,0.030777,292,274,42,suco pronto,bac4d245db,1.6885
46,10,50,0.313114,0.030305,291,272,42,suco pronto,a27d90b0df,1.7827
46,11,50,0.320370,0.030545,291,272,41,suco pronto,55bb55d980,1.6125
46,12,50,0.320370,0.030545,291,272,41,suco pronto,55bb55d980,1.6125
46,13,50,0.313114,0.030305,291,272,42,suco pronto,a27d90b0df,1.7827
46,14,50,0.317987,0.030098,294,274,41,suco pronto,04ade4c5db,1.7485
46,15,50,0.319225,0.030199,295,275,41,suco pronto,02cd9cafb1,1.6594
46,16,50,0.319225,0.030199,295,275,41,suco pronto,02cd9cafb1,1.6594
46,17,50,0.317987,0.030098,294,274,41,suco pronto,04ade4c5db,1.7485
46,18,50,0.320370,0.030545,291,272,41,suco pronto,55bb55d980,1.6125
46,19,50,0.320370,0.030545,291,272,41,suco pronto,55bb55d980,1.6125
46,20,50,0.317934,0.030065,293,273,41,suco pronto,c4b47370a9,1.6814
46,21,50,0.319225,0.030199,295,275,41,suco pronto,02cd9cafb1,1.6594
46,22,50,0.319225,0.030199,295,275,41,suco pronto,02cd9cafb1,1.6594
46,23,50,0.320130,0.030362,291,271,41,suco pronto,d9f98f2630,1.6452
46,24,50,0.320130,0.030362,291,271,41,suco pronto,d9f98f2630,1.6452
46,25,50,0.320370,0.030545,291,272,41,suco pronto,55bb55d980,1.6125
46,26,50,0.319225,0.030199,295,275,41,suco pronto,02cd9cafb1,1.6594
46,27,50,0.320370,0.030545,291,272,41,suco pronto,55bb55d980,1.6125
46,28,50,0.319225,0.030199,295,275,41,suco pronto,02cd9cafb1,1.6594
46,29,50,0.320370,0.030545,291,272,41,suco pronto,55bb55d980,1.6125
46,30,50,0.310571,0.029061,288,269,40,suco pronto,ca3d611dce,1.8280
46,31,50,0.320370,0.030545,291,272,41,suco pronto,55bb55d980,1.6125
46,32,50,0.319225,0.030199,295,275,41,suco pronto,02cd9cafb1,1.6594
46,33,50,0.319225,0.030199,295,275,41,suco pronto,02cd9cafb1,1.6594
46,34,50,0.319225,0.030199,295,275,41,suco pronto,02cd9cafb1,1.6594
46,35,50,0.318706,0.030113,293,273,41,suco pronto,3aa0509709,1.6458
46,36,50,0.318706,0.030113,293,273,41,suco pronto,3aa0509709,1.6458
46,37,50,0.319225,0.030199,295,275,41,suco pronto,02cd9cafb1,1.6594
46,38,50,0.319225,0.030199,295,275,41,suco pronto,02cd9cafb1,1.6594
46,39,50,0.319225,0.030199,295,275,41,suco pronto,02cd9cafb1,1.6594
46,40,50,0.319225,0.030199,295,275,41,suco pronto,02cd9cafb1,1.6594
46,41,50,0.320370,0.030545,291,272,41,suco pronto,55bb55d980,1.6125
46,42,50,0.320370,0.030545,291,272,41,suco pronto,55bb55d980,1.6125
46,43,50,0.313127,0.029742,293,274,40,suco pronto,1794d57e3d,1.6359
46,44,50,0.320370,0.030545,291,272,41,suco pronto,55bb55d980,1.6125
46,45,50,0.319225,0.030199,295,275,41,suco pronto,02cd9cafb1,1.6594
46,46,50,0.312728,0.030601,289,271,42,suco pronto,585ffb39bf,1.7896
46,47,50,0.319225,0.030199,295,275,41,suco pronto,02cd9cafb1,1.6594
46,48,50,0.319904,0.030458,293,273,41,suco pronto,b12efdb859,1.7391
46,49,50,0.317960,0.030734,292,274,42,suco pronto,fcd44275fb,1.6187
47,0,50,0.320370,0.030545,291,272,41,suco pronto,55bb55d980,1.6125
47,1,50,0.320370,0.030545,291,272,41,suco pronto,55bb55d980,1.6125
47,2,50,0.320370,0.030545,291,272,41,suco pronto,55bb55d980,1.6125
47,3,50,0.320370,0.030545,291,272,41,suco pronto,55bb55d980,1.6125
47,4,50,0.320370,0.030545,291,272,41,suco pronto,55bb55d980,1.6125
47,5,50,0.319225,0.030199,295,275,41,suco pronto,02cd9cafb1,1.6594
47,6,50,0.320370,0.030545,291,272,41,suco pronto,55bb55d980,1.6125
47,7,50,0.317934,0.030065,293,273,41,suco pronto,c4b47370a9,1.6814
47,8,50,0.319225,0.030199,295,275,41,suco pronto,02cd9cafb1,1.6594
47,9,50,0.320370,0.030545,291,272,41,suco pronto,55bb55d980,1.6125
47,10,50,0.320370,0.030545,291,272,41,suco pronto,55bb55d980,1.6125
47,11,50,0.320370,0.030545,291,272,41,suco pronto,55bb55d980,1.6125
47,12,50,0.317574,0.029941,288,268,40,suco pronto,0940edc928,1.7614
47,13,50,0.320370,0.030545,291,272,41,suco pronto,55bb55d980,1.6125
47,14,50,0.320370,0.030545,291,272,41,suco pronto,55bb55d980,1.6125
47,15,50,0.313114,0.030305,291,272,42,suco pronto,a27d90b0df,1.7827
47,16,50,0.317987,0.030098,294,274,41,suco pronto,04ade4c5db,1.7485
47,17,50,0.319225,0.030199,295,275,41,suco pronto,02cd9cafb1,1.6594
47,18,50,0.310797,0.030329,295,274,41,suco pronto,d0613b532f,1.6933
47,19,50,0.320370,0.030545,291,272,41,suco pronto,55bb55d980,1.6125
47,20,50,0.320370,0.030545,291,272,41,suco pronto,55bb55d980,1.6125
47,21,50,0.319225,0.030199,295,275,41,suco pronto,02cd9cafb1,1.6594
47,22,50,0.319225,0.030199,295,275,41,suco pronto,02cd9cafb1,1.6594
47,23,50,0.320370,0.030545,291,272,41,suco pronto,55bb55d980,1.6125
47,24,50,0.320370,0.030545,291,272,41,suco pronto,55bb55d980,1.6125
47,25,50,0.320370,0.030545,291,272,41,suco pronto,55bb55d980,1.6125
47,26,50,0.319904,0.030458,293,273,41,suco pronto,b12efdb859,1.7391
47,27,50,0.320130,0.030362,291,271,41,suco pronto,d9f98f2630,1.6452
47,28,50,0.320370,0.030545,291,272,41,suco pronto,55bb55d980,1.6125
47,29,50,0.319225,0.030199,295,275,41,suco pronto,02cd9cafb1,1.6594
47,30,50,0.319225,0.030199,295,275,41,suco pronto,02cd9cafb1,1.6594
47,31,50,0.320370,0.030545,291,272,41,suco pronto,55bb55d980,1.6125
47,32,50,0.320370,0.030545,291,272,41,suco pronto,55bb55d980,1.6125
47,33,50,0.320370,0.030545,291,272,41,suco pronto,55bb55d980,1.6125
47,34,50,0.320370,0.030545,291,272,41,suco pronto,55bb55d980,1.6125
47,35,50,0.319225,0.030199,295,275,41,suco pronto,02cd9cafb1,1.6594
47,36,50,0.319225,0.030199,295,275,41,suco pronto,02cd9cafb1,1.6594
47,37,50,0.320130,0.030362,291,271,41,suco pronto,d9f98f2630,1.6452
47,38,50,0.319225,0.030199,295,275,41,suco pronto,02cd9cafb1,1.6594
47,39,50,0.320370,0.030545,291,272,41,suco pronto,55bb55d980,1.6125
47,40,50,0.314406,0.029571,292,272,41,suco pronto,fdc89d3b3c,1.7130
47,41,50,0.319225,0.030199,295,275,41,suco pronto,02cd9cafb1,1.6594
47,42,50,0.319225,0.030199,295,275,41,suco pronto,02cd9cafb1,1.6594
47,43,50,0.320130,0.030362,291,271,41,suco pronto,d9f98f2630,1.6452
47,44,50,0.319345,0.030580,291,273,41,suco pronto,94dded0342,1.7846
47,45,50,0.320370,0.030545,291,272,41,suco pronto,55bb55d980,1.6125
47,46,50,0.320370,0.030545,291,272,41,suco pronto,55bb55d980,1.6125
47,47,50,0.319225,0.030199,295,275,41,suco pronto,02cd9cafb1,1.6594
47,48,50,0.319225,0.030199,295,275,41,suco pronto,02cd9cafb1,1.6594
47,49,50,0.313114,0.030305,291,272,42,suco pronto,a27d90b0df,1.7827
48,0,50,0.320370,0.030545,291,272,41,suco pronto,55bb55d980,1.6125
48,1,50,0.320370,0.030545,291,272,41,suco pronto,55bb55d980,1.6125
48,2,50,0.320370,0.030545,291,272,41,suco pronto,55bb55d980,1.6125
48,3,50,0.320370,0.030545,291,272,41,suco pronto,55bb55d980,1.6125
48,4,50,0.320370,0.030545,291,272,41,suco pronto,55bb55d980,1.6125
48,5,50,0.320370,0.030545,291,272,41,suco pronto,55bb55d980,1.6125
48,6,50,0.320370,0.030545,291,272,41,suco pronto,55bb55d980,1.6125
48,7,50,0.320370,0.030545,291,272,41,suco pronto,55bb55d980,1.6125
48,8,50,0.320370,0.030545,291,272,41,suco pronto,55bb55d980,1.6125
48,9,50,0.320370,0.030545,291,272,41,suco pronto,55bb55d980,1.6125
48,10,50,0.320370,0.030545,291,272,41,suco pronto,55bb55d980,1.6125
48,11,50,0.320370,0.030545,291,272,41,suco pronto,55bb55d980,1.6125
48,12,50,0.320370,0.030545,291,272,41,suco pronto,55bb55d980,1.6125
48,13,50,0.320370,0.030545,291,272,41,suco pronto,55bb55d980,1.6125
48,14,50,0.320370,0.030545,291,272,41,suco pronto,55bb55d980,1.6125
48,15,50,0.320370,0.030545,291,272,41,suco pronto,55bb55d980,1.6125
48,16,50,0.320370,0.030545,291,272,41,suco pronto,55bb55d980,1.6125
48,17,50,0.320370,0.030545,291,272,41,suco pronto,55bb55d980,1.6125
48,18,50,0.320370,0.030545,291,272,41,suco pronto,55bb55d980,1.6125
48,19,50,0.320370,0.030545,291,272,41,suco pronto,55bb55d980,1.6125
48,20,50,0.319225,0.030199,295,275,41,suco pronto,02cd9cafb1,1.6594
48,21,50,0.320370,0.030545,291,272,41,suco pronto,55bb55d980,1.6125
48,22,50,0.320370,0.030545,291,272,41,suco pronto,55bb55d980,1.6125
48,23,50,0.320370,0.030545,291,272,41,suco pronto,55bb55d980,1.6125
48,24,50,0.320370,0.030545,291,272,41,suco pronto,55bb55d980,1.6125
48,25,50,0.320370,0.030545,291,272,41,suco pronto,55bb55d980,1.6125
48,26,50,0.320370,0.030545,291,272,41,suco pronto,55bb55d980,1.6125
48,27,50,0.320370,0.030545,291,272,41,suco pronto,55bb55d980,1.6125
48,28,50,0.314898,0.029914,290,270,41,suco pronto,0de6cb4cc5,1.7694
48,29,50,0.320370,0.030545,291,272,41,suco pronto,55bb55d980,1.6125
48,30,50,0.320370,0.030545,291,272,41,suco pronto,55bb55d980,1.6125
48,31,50,0.320370,0.030545,291,272,41,suco pronto,55bb55d980,1.6125
48,32,50,0.320370,0.030545,291,272,41,suco pronto,55bb55d980,1.6125
48,33,50,0.320370,0.030545,291,272,41,suco pronto,55bb55d980,1.6125
48,34,50,0.320370,0.030545,291,272,41,suco pronto,55bb55d980,1.6125
48,35,50,0.320370,0.030545,291,272,41,biscoito,55bb55d980,1.6125
48,36,50,0.320370,0.030545,291,272,41,suco pronto,55bb55d980,1.6125
48,37,50,0.320370,0.030545,291,272,41,suco pronto,55bb55d980,1.6125
48,38,50,0.320370,0.030545,291,272,41,suco pronto,55bb55d980,1.6125
48,39,50,0.314406,0.029571,292,272,41,suco pronto,fdc89d3b3c,1.7130
48,40,50,0.303675,0.028950,291,271,40,suco pronto,a13f8a9b67,1.6520
48,41,50,0.320463,0.030001,292,273,40,suco pronto,12dd636aef,1.8322
48,42,50,0.320370,0.030545,291,272,41,suco pronto,55bb55d980,1.6125
48,43,50,0.320370,0.030545,291,272,41,suco pronto,55bb55d980,1.6125
48,44,50,0.320370,0.030545,291,272,41,suco pronto,55bb55d980,1.6125
48,45,50,0.320370,0.030545,291,272,41,suco pronto,55bb55d980,1.6125
48,46,50,0.319225,0.030199,295,275,41,suco pronto,02cd9cafb1,1.6594
48,47,50,0.320370,0.030545,291,272,41,suco pronto,55bb55d980,1.6125
48,48,50,0.320370,0.030545,291,272,41,suco pronto,55bb55d980,1.6125
48,49,50,0.318426,0.030170,295,275,41,suco pronto,5fbfc4054c,1.6884
49,0,50,0.320463,0.030001,292,273,40,suco pronto,12dd636aef,1.8322
49,1,50,0.320370,0.030545,291,272,41,suco pronto,55bb55d980,1.6125
49,2,50,0.320370,0.030545,291,272,41,suco pronto,55bb55d980,1.6125
49,3,50,0.320370,0.030545,291,272,41,suco pronto,55bb55d980,1.6125
49,4,50,0.320370,0.030545,291,272,41,suco pronto,55bb55d980,1.6125
49,5,50,0.320370,0.030545,291,272,41,suco pronto,55bb55d980,1.6125
49,6,50,0.320370,0.030545,291,272,41,suco pronto,55bb55d980,1.6125
49,7,50,0.315324,0.029850,294,273,41,suco pronto,c332b508d9,1.8153
49,8,50,0.320370,0.030545,291,272,41,suco pronto,55bb55d980,1.6125
49,9,50,0.320370,0.030545,291,272,41,suco pronto,55bb55d980,1.6125
49,10,50,0.320370,0.030545,291,272,41,suco pronto,55bb55d980,1.6125
49,11,50,0.320370,0.030545,291,272,41,biscoito,55bb55d980,1.6125
49,12,50,0.320370,0.030545,291,272,41,suco pronto,55bb55d980,1.6125
49,13,50,0.320370,0.030545,291,272,41,suco pronto,55bb55d980,1.6125
49,14,50,0.320370,0.030545,291,272,41,suco pronto,55bb55d980,1.6125
49,15,50,0.320370,0.030545,291,272,41,suco pronto,55bb55d980,1.6125
49,16,50,0.320463,0.030001,292,273,40,suco pronto,12dd636aef,1.8322
49,17,50,0.320370,0.030545,291,272,41,suco pronto,55bb55d980,1.6125
49,18,50,0.320370,0.030545,291,272,41,suco pronto,55bb55d980,1.6125
49,19,50,0.320370,0.030545,291,272,41,suco pronto,55bb55d980,1.6125
49,20,50,0.317255,0.030721,290,270,41,suco pronto,e0f0d429cf,1.6950
49,21,50,0.320370,0.030545,291,272,41,suco pronto,55bb55d980,1.6125
49,22,50,0.320370,0.030545,291,272,41,suco pronto,55bb55d980,1.6125
49,23,50,0.320370,0.030545,291,272,41,suco pronto,55bb55d980,1.6125
49,24,50,0.320370,0.030545,291,272,41,suco pronto,55bb55d980,1.6125
49,25,50,0.311117,0.029718,289,267,40,suco pronto,8a7829d8a8,1.7315
49,26,50,0.320370,0.030545,291,272,41,suco pronto,55bb55d980,1.6125
49,27,50,0.320370,0.030545,291,272,41,suco pronto,55bb55d980,1.6125
49,28,50,0.320370,0.030545,291,272,41,suco pronto,55bb55d980,1.6125
49,29,50,0.320370,0.030545,291,272,41,suco pronto,55bb55d980,1.6125
49,30,50,0.320370,0.030545,291,272,41,suco pronto,55bb55d980,1.6125
49,31,50,0.320370,0.030545,291,272,41,biscoito,55bb55d980,1.6125
49,32,50,0.320370,0.030545,291,272,41,suco pronto,55bb55d980,1.6125
49,33,50,0.320370,0.030545,291,272,41,suco pronto,55bb55d980,1.6125
49,34,50,0.320370,0.030545,291,272,41,suco pronto,55bb55d980,1.6125
49,35,50,0.320370,0.030545,291,272,41,suco pronto,55bb55d980,1.6125
49,36,50,0.320370,0.030545,291,272,41,suco pronto,55bb55d980,1.6125
49,37,50,0.320370,0.030545,291,272,41,suco pronto,55bb55d980,1.6125
49,38,50,0.320370,0.030545,291,272,41,suco pronto,55bb55d980,1.6125
49,39,50,0.320370,0.030545,291,272,41,suco pronto,55bb55d980,1.6125
49,40,50,0.320370,0.030545,291,272,41,suco pronto,55bb55d980,1.6125
49,41,50,0.304766,0.028169,294,271,40,suco pronto,43d4ffbfbb,1.8184
49,42,50,0.321142,0.030002,294,274,40,suco pronto,54020301c4,1.7572
49,43,50,0.320370,0.030545,291,272,41,suco pronto,55bb55d980,1.6125
49,44,50,0.316869,0.029673,289,269,40,suco pronto,403795b463,1.8711
49,45,50,0.320370,0.030545,291,272,41,suco pronto,55bb55d980,1.6125
49,46,50,0.320370,0.030545,291,272,41,suco pronto,55bb55d980,1.6125
49,47,50,0.320370,0.030545,291,272,41,suco pronto,55bb55d980,1.6125
49,48,50,0.317854,0.030058,291,271,41,suco pronto,27f19adf23,1.7687
49,49,50,0.320370,0.030545,291,272,41,suco pronto,55bb55d980,1.6125
50,0,50,0.321142,0.030002,294,274,40,suco pronto,54020301c4,1.7572
50,1,50,0.320463,0.030001,292,273,40,suco pronto,12dd636aef,1.8322
50,2,50,0.320463,0.030001,292,273,40,suco pronto,12dd636aef,1.8322
50,3,50,0.320370,0.030545,291,272,41,suco pronto,55bb55d980,1.6125
50,4,50,0.320370,0.030545,291,272,41,suco pronto,55bb55d980,1.6125
50,5,50,0.320370,0.030545,291,272,41,suco pronto,55bb55d980,1.6125
50,6,50,0.320463,0.030001,292,273,40,suco pronto,12dd636aef,1.8322
50,7,50,0.320370,0.030545,291,272,41,suco pronto,55bb55d980,1.6125
50,8,50,0.320370,0.030545,291,272,41,suco pronto,55bb55d980,1.6125
50,9,50,0.320370,0.030545,291,272,41,suco pronto,55bb55d980,1.6125
50,10,50,0.320370,0.030545,291,272,41,suco pronto,55bb55d980,1.6125
50,11,50,0.320370,0.030545,291,272,41,suco pronto,55bb55d980,1.6125
50,12,50,0.320370,0.030545,291,272,41,suco pronto,55bb55d980,1.6125
50,13,50,0.320370,0.030545,291,272,41,suco pronto,55bb55d980,1.6125
50,14,50,0.316948,0.030270,291,273,41,suco pronto,dabc01ebd4,1.8473
50,15,50,0.320370,0.030545,291,272,41,suco pronto,55bb55d980,1.6125
50,16,50,0.320370,0.030545,291,272,41,suco pronto,55bb55d980,1.6125
50,17,50,0.320370,0.030545,291,272,41,suco pronto,55bb55d980,1.6125
50,18,50,0.307003,0.028994,291,270,40,biscoito,a0b312f53e,1.6987
50,19,50,0.320370,0.030545,291,272,41,suco pronto,55bb55d980,1.6125
50,20,50,0.320370,0.030545,291,272,41,suco pronto,55bb55d980,1.6125
50,21,50,0.320370,0.030545,291,272,41,suco pronto,55bb55d980,1.6125
50,22,50,0.320370,0.030545,291,272,41,suco pronto,55bb55d980,1.6125
50,23,50,0.320370,0.030545,291,272,41,suco pronto,55bb55d980,1.6125
50,24,50,0.320370,0.030545,291,272,41,suco pronto,55bb55d980,1.6125
50,25,50,0.320370,0.030545,291,272,41,suco pronto,55bb55d980,1.6125
50,26,50,0.320370,0.030545,291,272,41,suco pronto,55bb55d980,1.6125
50,27,50,0.320370,0.030545,291,272,41,suco pronto,55bb55d980,1.6125
50,28,50,0.320370,0.030545,291,272,41,suco pronto,55bb55d980,1.6125
50,29,50,0.320463,0.030001,292,273,40,suco pronto,12dd636aef,1.8322
50,30,50,0.313873,0.028940,292,275,40,suco pronto,020bb64c88,1.7231
50,31,50,0.320370,0.030545,291,272,41,suco pronto,55bb55d980,1.6125
50,32,50,0.320370,0.030545,291,272,41,biscoito,55bb55d980,1.6125
50,33,50,0.321142,0.030002,294,274,40,suco pronto,54020301c4,1.7572
50,34,50,0.320370,0.030545,291,272,41,suco pronto,55bb55d980,1.6125
50,35,50,0.320370,0.030545,291,272,41,suco pronto,55bb55d980,1.6125
50,36,50,0.320370,0.030545,291,272,41,suco pronto,55bb55d980,1.6125
50,37,50,0.320370,0.030545,291,272,41,suco pronto,55bb55d980,1.6125
50,38,50,0.320463,0.030001,292,273,40,suco pronto,12dd636aef,1.8322
50,39,50,0.320370,0.030545,291,272,41,suco pronto,55bb55d980,1.6125
50,40,50,0.320370,0.030545,291,272,41,suco pronto,55bb55d980,1.6125
50,41,50,0.320370,0.030545,291,272,41,biscoito,55bb55d980,1.6125
50,42,50,0.320370,0.030545,291,272,41,suco pronto,55bb55d980,1.6125
50,43,50,0.320370,0.030545,291,272,41,suco pronto,55bb55d980,1.6125
50,44,50,0.320370,0.030545,291,272,41,suco pronto,55bb55d980,1.6125
50,45,50,0.318932,0.029595,292,272,40,suco pronto,ccf5aa8c5f,1.6793
50,46,50,0.321142,0.030002,294,274,40,suco pronto,54020301c4,1.7572
50,47,50,0.313234,0.029396,289,270,40,suco pronto,3b24f0c682,1.6986
50,48,50,0.320370,0.030545,291,272,41,suco pronto,55bb55d980,1.6125
50,49,50,0.320370,0.030545,291,272,41,suco pronto,55bb55d980,1.6125
51,0,50,0.321142,0.030002,294,274,40,suco pronto,54020301c4,1.7572
51,1,50,0.321142,0.030002,294,274,40,suco pronto,54020301c4,1.7572
51,2,50,0.321142,0.030002,294,274,40,suco pronto,54020301c4,1.7572
51,3,50,0.320463,0.030001,292,273,40,suco pronto,12dd636aef,1.8322
51,4,50,0.320463,0.030001,292,273,40,suco pronto,12dd636aef,1.8322
51,5,50,0.311929,0.029732,293,274,41,suco pronto,880cfa03ff,1.8451
51,6,50,0.320463,0.030001,292,273,40,suco pronto,12dd636aef,1.8322
51,7,50,0.318932,0.029595,292,272,40,suco pronto,ccf5aa8c5f,1.6793
51,8,50,0.319145,0.029635,293,273,40,suco pronto,f61d258f0b,1.6778
51,9,50,0.320463,0.030001,292,273,40,suco pronto,12dd636aef,1.8322
51,10,50,0.320370,0.030545,291,272,41,suco pronto,55bb55d980,1.6125
51,11,50,0.320370,0.030545,291,272,41,suco pronto,55bb55d980,1.6125
51,12,50,0.320463,0.030001,292,273,40,suco pronto,12dd636aef,1.8322
51,13,50,0.320370,0.030545,291,272,41,suco pronto,55bb55d980,1.6125
51,14,50,0.320370,0.030545,291,272,41,suco pronto,55bb55d980,1.6125
51,15,50,0.320370,0.030545,291,272,41,suco pronto,55bb55d980,1.6125
51,16,50,0.320370,0.030545,291,272,41,suco pronto,55bb55d980,1.6125
51,17,50,0.320370,0.030545,291,272,41,suco pronto,55bb55d980,1.6125
51,18,50,0.320370,0.030545,291,272,41,suco pronto,55bb55d980,1.6125
51,19,50,0.321142,0.030002,294,274,40,suco pronto,54020301c4,1.7572
51,20,50,0.321142,0.030002,294,274,40,suco pronto,54020301c4,1.7572
51,21,50,0.321142,0.030002,294,274,40,suco pronto,54020301c4,1.7572
51,22,50,0.314219,0.029823,290,271,41,suco pronto,4bd9b8c55a,1.7828
51,23,50,0.315524,0.028908,291,269,39,suco pronto,303d0d36c3,1.6284
51,24,50,0.320370,0.030545,291,272,41,suco pronto,55bb55d980,1.6125
51,25,50,0.320783,0.030378,291,272,41,suco pronto,07b4c7a718,1.7829
51,26,50,0.320370,0.030545,291,272,41,suco pronto,55bb55d980,1.6125
51,27,50,0.319145,0.029635,293,273,40,suco pronto,f61d258f0b,1.6778
51,28,50,0.320783,0.030378,291,272,41,suco pronto,07b4c7a718,1.7829
51,29,50,0.320370,0.030545,291,272,41,suco pronto,55bb55d980,1.6125
51,30,50,0.320463,0.030001,292,273,40,suco pronto,12dd636aef,1.8322
51,31,50,0.320463,0.030001,292,273,40,suco pronto,12dd636aef,1.8322
51,32,50,0.320370,0.030545,291,272,41,suco pronto,55bb55d980,1.6125
51,33,50,0.320370,0.030545,291,272,41,suco pronto,55bb55d980,1.6125
51,34,50,0.320770,0.031003,291,272,42,suco pronto,f516940fb1,1.6997
51,35,50,0.320370,0.030545,291,272,41,suco pronto,55bb55d980,1.6125
51,36,50,0.320370,0.030545,291,272,41,suco pronto,55bb55d980,1.6125
51,37,50,0.321142,0.030002,294,274,40,suco pronto,54020301c4,1.7572
51,38,50,0.321142,0.030002,294,274,40,suco pronto,54020301c4,1.7572
51,39,50,0.319145,0.029635,293,273,40,suco pronto,f61d258f0b,1.6778
51,40,50,0.320463,0.030001,292,273,40,suco pronto,12dd636aef,1.8322
51,41,50,0.320370,0.030545,291,272,41,suco pronto,55bb55d980,1.6125
51,42,50,0.320370,0.030545,291,272,41,suco pronto,55bb55d980,1.6125
51,43,50,0.320370,0.030545,291,272,41,suco pronto,55bb55d980,1.6125
51,44,50,0.320370,0.030545,291,272,41,suco pronto,55bb55d980,1.6125
51,45,50,0.316669,0.029590,289,269,40,suco pronto,9ee92276a2,2.2668
51,46,50,0.312275,0.029642,289,268,40,biscoito,e7ba4a170f,1.7621
51,47,50,0.314911,0.029234,289,269,40,suco pronto,1c179f844c,1.6511
51,48,50,0.320370,0.030545,291,272,41,suco pronto,55bb55d980,1.6125
51,49,50,0.320463,0.030001,292,273,40,suco pronto,12dd636aef,1.8322
52,0,50,0.321142,0.030002,294,274,40,suco pronto,54020301c4,1.7572
52,1,50,0.321142,0.030002,294,274,40,suco pronto,54020301c4,1.7572
52,2,50,0.321142,0.030002,294,274,40,suco pronto,54020301c4,1.7572
52,3,50,0.321142,0.030002,294,274,40,suco pronto,54020301c4,1.7572
52,4,50,0.321142,0.030002,294,274,40,suco pronto,54020301c4,1.7572
52,5,50,0.320463,0.030001,292,273,40,suco pronto,12dd636aef,1.8322
52,6,50,0.319318,0.030093,293,274,41,suco pronto,de7a46a42c,2.0352
52,7,50,0.319145,0.029635,293,273,40,suco pronto,f61d258f0b,1.6778
52,8,50,0.318293,0.030237,290,273,41,suco pronto,c9b8f05ac2,1.7161
52,9,50,0.321142,0.030002,294,274,40,suco pronto,54020301c4,1.7572
52,10,50,0.321142,0.030002,294,274,40,suco pronto,54020301c4,1.7572
52,11,50,0.320317,0.030511,289,270,41,suco pronto,9235cdd202,1.8334
52,12,50,0.317801,0.030187,290,272,41,suco pronto,0b4e987c01,1.6593
52,13,50,0.318373,0.030245,291,270,41,suco pronto,43a838bbad,1.9350
52,14,50,0.320783,0.030378,291,272,41,suco pronto,07b4c7a718,1.7829
52,15,50,0.321142,0.030002,294,274,40,suco pronto,54020301c4,1.7572
52,16,50,0.318293,0.030237,290,273,41,suco pronto,c9b8f05ac2,1.7161
52,17,50,0.320463,0.030001,292,273,40,suco pronto,12dd636aef,1.8322
52,18,50,0.320463,0.030001,292,273,40,suco pronto,12dd636aef,1.8322
52,19,50,0.320463,0.030001,292,273,40,suco pronto,12dd636aef,1.8322
52,20,50,0.320463,0.030001,292,273,40,suco pronto,12dd636aef,1.8322
52,21,50,0.320463,0.030001,292,273,40,suco pronto,12dd636aef,1.8322
52,22,50,0.319145,0.029635,293,273,40,suco pronto,f61d258f0b,1.6778
52,23,50,0.320463,0.030001,292,273,40,suco pronto,12dd636aef,1.8322
52,24,50,0.321622,0.030401,290,272,41,suco pronto,d2afbdd08e,1.7744
52,25,50,0.320370,0.030545,291,272,41,suco pronto,55bb55d980,1.6125
52,26,50,0.319025,0.030253,291,273,41,suco pronto,006d01c1d6,1.7023
52,27,50,0.320463,0.030001,292,273,40,suco pronto,12dd636aef,1.8322
52,28,50,0.320463,0.030001,292,273,40,suco pronto,12dd636aef,1.8322
52,29,50,0.320463,0.030001,292,273,40,suco pronto,12dd636aef,1.8322
52,30,50,0.320370,0.030545,291,272,41,suco pronto,55bb55d980,1.6125
52,31,50,0.321142,0.030002,294,274,40,suco pronto,54020301c4,1.7572
52,32,50,0.319824,0.029650,292,272,40,suco pronto,d36aef4ba3,1.6998
52,33,50,0.321142,0.030002,294,274,40,suco pronto,54020301c4,1.7572
52,34,50,0.320463,0.030001,292,273,40,suco pronto,12dd636aef,1.8322
52,35,50,0.320783,0.030378,291,272,41,suco pronto,07b4c7a718,1.7829
52,36,50,0.320463,0.030001,292,273,40,suco pronto,12dd636aef,1.8322
52,37,50,0.320370,0.030545,291,272,41,suco pronto,55bb55d980,1.6125
52,38,50,0.320370,0.030545,291,272,41,suco pronto,55bb55d980,1.6125
52,39,50,0.319145,0.029635,293,273,40,suco pronto,f61d258f0b,1.6778
52,40,50,0.321023,0.029978,292,272,40,suco pronto,3cab9d80b9,1.6638
52,41,50,0.320463,0.030001,292,273,40,suco pronto,12dd636aef,1.8322
52,42,50,0.320463,0.030001,292,273,40,suco pronto,12dd636aef,1.8322
52,43,50,0.320463,0.030001,292,273,40,suco pronto,12dd636aef,1.8322
52,44,50,0.321142,0.030002,294,274,40,suco pronto,54020301c4,1.7572
52,45,50,0.321142,0.030002,294,274,40,suco pronto,54020301c4,1.7572
52,46,50,0.320370,0.030545,291,272,41,suco pronto,55bb55d980,1.6125
52,47,50,0.320783,0.030378,291,272,41,suco pronto,07b4c7a718,1.7829
52,48,50,0.320370,0.030545,291,272,41,suco pronto,55bb55d980,1.6125
52,49,50,0.320463,0.030001,292,273,40,suco pronto,12dd636aef,1.8322
53,0,50,0.321622,0.030401,290,272,41,suco pronto,d2afbdd08e,1.7744
53,1,50,0.321142,0.030002,294,274,40,suco pronto,54020301c4,1.7572
53,2,50,0.321142,0.030002,294,274,40,suco pronto,54020301c4,1.7572
53,3,50,0.321142,0.030002,294,274,40,suco pronto,54020301c4,1.7572
53,4,50,0.321142,0.030002,294,274,40,suco pronto,54020301c4,1.7572
53,5,50,0.320463,0.030001,292,273,40,suco pronto,12dd636aef,1.8322
53,6,50,0.317361,0.029331,293,271,39,suco pronto,842452aeaa,1.8492
53,7,50,0.321142,0.030002,294,274,40,suco pronto,54020301c4,1.7572
53,8,50,0.321142,0.030002,294,274,40,suco pronto,54020301c4,1.7572
53,9,50,0.321142,0.030002,294,274,40,suco pronto,54020301c4,1.7572
53,10,50,0.314565,0.028633,290,271,39,suco pronto,c87c44a355,1.7354
53,11,50,0.320463,0.030001,292,273,40,suco pronto,12dd636aef,1.8322
53,12,50,0.320463,0.030001,292,273,40,suco pronto,12dd636aef,1.8322
53,13,50,0.320370,0.030545,291,272,41,suco pronto,55bb55d980,1.6125
53,14,50,0.319145,0.029635,293,273,40,suco pronto,f61d258f0b,1.6778
53,15,50,0.321142,0.030002,294,274,40,suco pronto,54020301c4,1.7572
53,16,50,0.320783,0.030378,291,272,41,suco pronto,07b4c7a718,1.7829
53,17,50,0.320463,0.030001,292,273,40,suco pronto,12dd636aef,1.8322
53,18,50,0.321142,0.030002,294,274,40,suco pronto,54020301c4,1.7572
53,19,50,0.321142,0.030002,294,274,40,suco pronto,54020301c4,1.7572
53,20,50,0.321142,0.030002,294,274,40,suco pronto,54020301c4,1.7572
53,21,50,0.321142,0.030002,294,274,40,suco pronto,54020301c4,1.7572
53,22,50,0.320463,0.030001,292,273,40,suco pronto,12dd636aef,1.8322
53,23,50,0.320463,0.030001,292,273,40,suco pronto,12dd636aef,1.8322
53,24,50,0.319025,0.030253,291,273,41,suco pronto,006d01c1d6,1.7023
53,25,50,0.320783,0.030378,291,272,41,suco pronto,07b4c7a718,1.7829
53,26,50,0.319145,0.029635,293,273,40,suco pronto,f61d258f0b,1.6778
53,27,50,0.321142,0.030002,294,274,40,suco pronto,54020301c4,1.7572
53,28,50,0.321142,0.030002,294,274,40,suco pronto,54020301c4,1.7572
53,29,50,0.319731,0.030323,291,273,41,suco pronto,80f15f361e,1.8140
53,30,50,0.319345,0.029879,291,271,40,suco pronto,824f28f3fe,1.6626
53,31,50,0.321142,0.030002,294,274,40,suco pronto,54020301c4,1.7572
53,32,50,0.320463,0.030001,292,273,40,suco pronto,12dd636aef,1.8322
53,33,50,0.320463,0.030001,292,273,40,suco pronto,12dd636aef,1.8322
53,34,50,0.321622,0.030401,290,272,41,suco pronto,d2afbdd08e,1.7744
53,35,50,0.320783,0.030378,291,272,41,suco pronto,07b4c7a718,1.7829
53,36,50,0.319145,0.029635,293,273,40,suco pronto,f61d258f0b,1.6778
53,37,50,0.321142,0.030002,294,274,40,suco pronto,54020301c4,1.7572
53,38,50,0.321142,0.030002,294,274,40,suco pronto,54020301c4,1.7572
53,39,50,0.321142,0.030002,294,274,40,suco pronto,54020301c4,1.7572
53,40,50,0.311024,0.029197,289,272,40,suco pronto,7c6858bf94,1.6989
53,41,50,0.319824,0.029650,292,272,40,suco pronto,d36aef4ba3,1.6998
53,42,50,0.320370,0.030545,291,272,41,suco pronto,55bb55d980,1.6125
53,43,50,0.307722,0.028970,288,270,41,suco pronto,71816e597b,1.7799
53,44,50,0.314219,0.029823,290,271,41,suco pronto,4bd9b8c55a,1.7828
53,45,50,0.321142,0.030002,294,274,40,suco pronto,54020301c4,1.7572
53,46,50,0.321142,0.030002,294,274,40,suco pronto,54020301c4,1.7572
53,47,50,0.314219,0.029823,290,271,41,suco pronto,4bd9b8c55a,1.7828
53,48,50,0.321023,0.029978,292,272,40,suco pronto,3cab9d80b9,1.6638
53,49,50,0.320197,0.029893,293,273,40,suco pronto,e0cf17ef98,1.8829
54,0,50,0.321622,0.030401,290,272,41,suco pronto,d2afbdd08e,1.7744
54,1,50,0.321622,0.030401,290,272,41,suco pronto,d2afbdd08e,1.7744
54,2,50,0.321142,0.030002,294,274,40,suco pronto,54020301c4,1.7572
54,3,50,0.321142,0.030002,294,274,40,suco pronto,54020301c4,1.7572
54,4,50,0.321142,0.030002,294,274,40,suco pronto,54020301c4,1.7572
54,5,50,0.311929,0.029732,293,274,41,suco pronto,880cfa03ff,1.8451
54,6,50,0.314219,0.029823,290,271,41,suco pronto,4bd9b8c55a,1.7828
54,7,50,0.315670,0.029581,291,272,41,suco pronto,c35bb9cc81,2.2273
54,8,50,0.321142,0.030002,294,274,40,suco pronto,54020301c4,1.7572
54,9,50,0.321142,0.030002,294,274,40,suco pronto,54020301c4,1.7572
54,10,50,0.320463,0.030001,292,273,40,suco pronto,12dd636aef,1.8322
54,11,50,0.321142,0.030002,294,274,40,suco pronto,54020301c4,1.7572
54,12,50,0.320463,0.030001,292,273,40,suco pronto,12dd636aef,1.8322
54,13,50,0.321142,0.030002,294,274,40,suco pronto,54020301c4,1.7572
54,14,50,0.318267,0.029436,293,271,39,suco pronto,89cfde257a,1.8220
54,15,50,0.320463,0.030001,292,273,40,suco pronto,12dd636aef,1.8322
54,16,50,0.321142,0.030002,294,274,40,suco pronto,54020301c4,1.7572
54,17,50,0.321142,0.030002,294,274,40,suco pronto,54020301c4,1.7572
54,18,50,0.321142,0.030002,294,274,40,suco pronto,54020301c4,1.7572
54,19,50,0.320370,0.030545,291,272,41,suco pronto,55bb55d980,1.6125
54,20,50,0.321182,0.030506,291,272,41,biscoito,d0f2ca79c5,1.8174
54,21,50,0.319025,0.030253,291,273,41,suco pronto,006d01c1d6,1.7023
54,22,50,0.321622,0.030401,290,272,41,suco pronto,d2afbdd08e,1.7744
54,23,50,0.320463,0.030001,292,273,40,suco pronto,12dd636aef,1.8322
54,24,50,0.321622,0.030401,290,272,41,suco pronto,d2afbdd08e,1.7744
54,25,50,0.314219,0.029823,290,271,41,suco pronto,4bd9b8c55a,1.7828
54,26,50,0.321142,0.030002,294,274,40,suco pronto,54020301c4,1.7572
54,27,50,0.318906,0.029226,294,272,39,suco pronto,84ed59b9a1,1.7023
54,28,50,0.321622,0.030401,290,272,41,suco pronto,d2afbdd08e,1.7744
54,29,50,0.321142,0.030002,294,274,40,suco pronto,54020301c4,1.7572
54,30,50,0.321142,0.030002,294,274,40,suco pronto,54020301c4,1.7572
54,31,50,0.321142,0.030002,294,274,40,suco pronto,54020301c4,1.7572
54,32,50,0.316003,0.028890,294,273,39,suco pronto,e040163a62,1.7390
54,33,50,0.321142,0.030002,294,274,40,suco pronto,54020301c4,1.7572
54,34,50,0.321142,0.030002,294,274,40,suco pronto,54020301c4,1.7572
54,35,50,0.321142,0.030002,294,274,40,suco pronto,54020301c4,1.7572
54,36,50,0.315883,0.028800,293,271,39,suco pronto,e5113efa41,1.7202
54,37,50,0.321142,0.030002,294,274,40,suco pronto,54020301c4,1.7572
54,38,50,0.321142,0.030002,294,274,40,suco pronto,54020301c4,1.7572
54,39,50,0.313873,0.029600,296,274,40,suco pronto,34e7d54890,1.6507
54,40,50,0.321142,0.030002,294,274,40,suco pronto,54020301c4,1.7572
54,41,50,0.321142,0.030002,294,274,40,suco pronto,54020301c4,1.7572
54,42,50,0.318107,0.029975,293,273,41,suco pronto,594eba88cb,1.7918
54,43,50,0.321023,0.029978,292,272,40,suco pronto,3cab9d80b9,1.6638
54,44,50,0.321142,0.030002,294,274,40,suco pronto,54020301c4,1.7572
54,45,50,0.321142,0.030002,294,274,40,suco pronto,54020301c4,1.7572
54,46,50,0.313434,0.028844,293,271,39,suco pronto,1a9f1c4a8c,1.7161
54,47,50,0.321142,0.030002,294,274,40,suco pronto,54020301c4,1.7572
54,48,50,0.321142,0.030002,294,274,40,suco pronto,54020301c4,1.7572
54,49,50,0.321142,0.030002,294,274,40,suco pronto,54020301c4,1.7572
55,0,50,0.321622,0.030401,290,272,41,suco pronto,d2afbdd08e,1.7744
55,1,50,0.321622,0.030401,290,272,41,suco pronto,d2afbdd08e,1.7744
55,2,50,0.321622,0.030401,290,272,41,suco pronto,d2afbdd08e,1.7744
55,3,50,0.321622,0.030401,290,272,41,suco pronto,d2afbdd08e,1.7744
55,4,50,0.321622,0.030401,290,272,41,suco pronto,d2afbdd08e,1.7744
55,5,50,0.321142,0.030002,294,274,40,suco pronto,54020301c4,1.7572
55,6,50,0.321182,0.030506,291,272,41,biscoito,d0f2ca79c5,1.8174
55,7,50,0.321023,0.029978,292,272,40,suco pronto,3cab9d80b9,1.6638
55,8,50,0.321142,0.030002,294,274,40,suco pronto,54020301c4,1.7572
55,9,50,0.314539,0.030125,296,275,40,suco pronto,f5ec153ffe,1.9416
55,10,50,0.320463,0.030001,292,273,40,suco pronto,12dd636aef,1.8322
55,11,50,0.321622,0.030401,290,272,41,suco pronto,d2afbdd08e,1.7744
55,12,50,0.321142,0.030002,294,274,40,suco pronto,54020301c4,1.7572
55,13,50,0.321142,0.030002,294,274,40,suco pronto,54020301c4,1.7572
55,14,50,0.321142,0.030002,294,274,40,suco pronto,54020301c4,1.7572
55,15,50,0.320317,0.030511,289,270,41,suco pronto,9235cdd202,1.8334
55,16,50,0.314965,0.030280,288,269,41,suco pronto,9e46d51262,1.6353
55,17,50,0.321142,0.030002,294,274,40,suco pronto,54020301c4,1.7572
55,18,50,0.321142,0.030002,294,274,40,suco pronto,54020301c4,1.7572
55,19,50,0.321142,0.030002,294,274,40,suco pronto,54020301c4,1.7572
55,20,50,0.321142,0.030002,294,274,40,suco pronto,54020301c4,1.7572
55,21,50,0.314193,0.029571,289,269,40,suco pronto,b99c39ed16,1.7854
55,22,50,0.320437,0.030015,292,274,40,suco pronto,2bedfe105d,1.7202
55,23,50,0.321142,0.030002,294,274,40,suco pronto,54020301c4,1.7572
55,24,50,0.321142,0.030002,294,274,40,suco pronto,54020301c4,1.7572
55,25,50,0.321142,0.030002,294,274,40,suco pronto,54020301c4,1.7572
55,26,50,0.321142,0.030002,294,274,40,suco pronto,54020301c4,1.7572
55,27,50,0.321622,0.030401,290,272,41,suco pronto,d2afbdd08e,1.7744
55,28,50,0.320317,0.030511,289,270,41,suco pronto,9235cdd202,1.8334
55,29,50,0.320463,0.030001,292,273,40,suco pronto,12dd636aef,1.8322
55,30,50,0.321142,0.030002,294,274,40,suco pronto,54020301c4,1.7572
55,31,50,0.321622,0.030401,290,272,41,suco pronto,d2afbdd08e,1.7744
55,32,50,0.321142,0.030002,294,274,40,suco pronto,54020301c4,1.7572
55,33,50,0.321622,0.030401,290,272,41,suco pronto,d2afbdd08e,1.7744
55,34,50,0.321622,0.030401,290,272,41,suco pronto,d2afbdd08e,1.7744
55,35,50,0.305405,0.029185,287,267,41,biscoito,81800aa5f5,1.6869
55,36,50,0.319917,0.030904,290,272,42,suco pronto,e4ea3f0751,1.8007
55,37,50,0.321142,0.030002,294,274,40,suco pronto,54020301c4,1.7572
55,38,50,0.320463,0.030001,292,273,40,suco pronto,12dd636aef,1.8322
55,39,50,0.319824,0.029650,292,272,40,suco pronto,d36aef4ba3,1.6998
55,40,50,0.320463,0.030001,292,273,40,suco pronto,12dd636aef,1.8322
55,41,50,0.321142,0.030002,294,274,40,suco pronto,54020301c4,1.7572
55,42,50,0.315457,0.029169,291,273,40,suco pronto,1cf7e9ae67,1.7741
55,43,50,0.321142,0.030002,294,274,40,suco pronto,54020301c4,1.7572
55,44,50,0.321142,0.030002,294,274,40,suco pronto,54020301c4,1.7572
55,45,50,0.319145,0.029635,293,273,40,suco pronto,f61d258f0b,1.6778
55,46,50,0.314219,0.029823,290,271,41,suco pronto,4bd9b8c55a,1.7828
55,47,50,0.321622,0.030401,290,272,41,suco pronto,d2afbdd08e,1.7744
55,48,50,0.317161,0.029663,292,275,40,suco pronto,821d0cff76,1.7361
55,49,50,0.321142,0.030002,294,274,40,suco pronto,54020301c4,1.7572
56,0,50,0.321622,0.030401,290,272,41,suco pronto,d2afbdd08e,1.7744
56,1,50,0.321622,0.030401,290,272,41,suco pronto,d2afbdd08e,1.7744
56,2,50,0.321622,0.030401,290,272,41,suco pronto,d2afbdd08e,1.7744
56,3,50,0.321622,0.030401,290,272,41,suco pronto,d2afbdd08e,1.7744
56,4,50,0.321622,0.030401,290,272,41,suco pronto,d2afbdd08e,1.7744
56,5,50,0.321622,0.030401,290,272,41,suco pronto,d2afbdd08e,1.7744
56,6,50,0.321622,0.030401,290,272,41,suco pronto,d2afbdd08e,1.7744
56,7,50,0.318373,0.029585,289,269,40,suco pronto,816f1c218e,1.8839
56,8,50,0.323446,0.030193,293,274,40,suco pronto,c77d959bba,1.7511
56,9,50,0.321142,0.030002,294,274,40,suco pronto,54020301c4,1.7572
56,10,50,0.321622,0.030401,290,272,41,suco pronto,d2afbdd08e,1.7744
56,11,50,0.321622,0.030401,290,272,41,suco pronto,d2afbdd08e,1.7744
56,12,50,0.321622,0.030401,290,272,41,suco pronto,d2afbdd08e,1.7744
56,13,50,0.321622,0.030401,290,272,41,suco pronto,d2afbdd08e,1.7744
56,14,50,0.321622,0.030401,290,272,41,suco pronto,d2afbdd08e,1.7744
56,15,50,0.321142,0.030002,294,274,40,suco pronto,54020301c4,1.7572
56,16,50,0.319145,0.029635,293,273,40,suco pronto,f61d258f0b,1.6778
56,17,50,0.321142,0.030002,294,274,40,suco pronto,54020301c4,1.7572
56,18,50,0.321142,0.030002,294,274,40,suco pronto,54020301c4,1.7572
56,19,50,0.318360,0.029739,295,274,40,suco pronto,55efe64930,1.8313
56,20,50,0.321142,0.030002,294,274,40,suco pronto,54020301c4,1.7572
56,21,50,0.321622,0.030401,290,272,41,suco pronto,d2afbdd08e,1.7744
56,22,50,0.321622,0.030401,290,272,41,suco pronto,d2afbdd08e,1.7744
56,23,50,0.321142,0.030002,294,274,40,suco pronto,54020301c4,1.7572
56,24,50,0.321622,0.030401,290,272,41,suco pronto,d2afbdd08e,1.7744
56,25,50,0.321622,0.030401,290,272,41,suco pronto,d2afbdd08e,1.7744
56,26,50,0.321142,0.030002,294,274,40,suco pronto,54020301c4,1.7572
56,27,50,0.307948,0.028834,291,271,40,suco pronto,7ec3ec5d0e,1.6192
56,28,50,0.321142,0.030002,294,274,40,suco pronto,54020301c4,1.7572
56,29,50,0.307948,0.028834,291,271,40,suco pronto,7ec3ec5d0e,1.6192
56,30,50,0.321142,0.030002,294,274,40,suco pronto,54020301c4,1.7572
56,31,50,0.323259,0.029803,294,275,39,suco pronto,2103948699,1.8501
56,32,50,0.317654,0.029342,291,274,40,suco pronto,1595941674,1.7268
56,33,50,0.321622,0.030401,290,272,41,suco pronto,d2afbdd08e,1.7744
56,34,50,0.310065,0.029268,292,272,40,suco pronto,1b383c9594,1.7002
56,35,50,0.321622,0.030401,290,272,41,suco pronto,d2afbdd08e,1.7744
56,36,50,0.321622,0.030401,290,272,41,suco pronto,d2afbdd08e,1.7744
56,37,50,0.316709,0.030092,292,274,41,suco pronto,fd0acfbfec,1.6083
56,38,50,0.321142,0.030002,294,274,40,suco pronto,54020301c4,1.7572
56,39,50,0.320317,0.030511,289,270,41,suco pronto,9235cdd202,1.8334
56,40,50,0.321622,0.030401,290,272,41,suco pronto,d2afbdd08e,1.7744
56,41,50,0.321622,0.030401,290,272,41,suco pronto,d2afbdd08e,1.7744
56,42,50,0.314219,0.029823,290,271,41,suco pronto,4bd9b8c55a,1.7828
56,43,50,0.321622,0.030401,290,272,41,suco pronto,d2afbdd08e,1.7744
56,44,50,0.321622,0.030401,290,272,41,suco pronto,d2afbdd08e,1.7744
56,45,50,0.317654,0.029342,291,274,40,suco pronto,1595941674,1.7268
56,46,50,0.321622,0.030401,290,272,41,suco pronto,d2afbdd08e,1.7744
56,47,50,0.321142,0.030002,294,274,40,suco pronto,54020301c4,1.7572
56,48,50,0.321142,0.030002,294,274,40,suco pronto,54020301c4,1.7572
56,49,50,0.321622,0.030401,290,272,41,suco pronto,d2afbdd08e,1.7744
57,0,50,0.323446,0.030193,293,274,40,suco pronto,c77d959bba,1.7511
57,1,50,0.323259,0.029803,294,275,39,suco pronto,2103948699,1.8501
57,2,50,0.321622,0.030401,290,272,41,suco pronto,d2afbdd08e,1.7744
57,3,50,0.321622,0.030401,290,272,41,suco pronto,d2afbdd08e,1.7744
57,4,50,0.321622,0.030401,290,272,41,suco pronto,d2afbdd08e,1.7744
57,5,50,0.321622,0.030401,290,272,41,suco pronto,d2afbdd08e,1.7744
57,6,50,0.321622,0.030401,290,272,41,suco pronto,d2afbdd08e,1.7744
57,7,50,0.321622,0.030401,290,272,41,suco pronto,d2afbdd08e,1.7744
57,8,50,0.321622,0.030401,290,272,41,suco pronto,d2afbdd08e,1.7744
57,9,50,0.321622,0.030401,290,272,41,suco pronto,d2afbdd08e,1.7744
57,10,50,0.321622,0.030401,290,272,41,suco pronto,d2afbdd08e,1.7744
57,11,50,0.321142,0.030002,294,274,40,suco pronto,54020301c4,1.7572
57,12,50,0.314698,0.029782,291,271,41,suco pronto,274d8f4661,1.8859
57,13,50,0.321622,0.030401,290,272,41,suco pronto,d2afbdd08e,1.7744
57,14,50,0.321622,0.030401,290,272,41,suco pronto,d2afbdd08e,1.7744
57,15,50,0.320530,0.030264,292,273,41,suco pronto,fdbd9fc9a7,1.7483
57,16,50,0.323619,0.030316,293,274,40,biscoito,00303f90a3,1.7692
57,17,50,0.321622,0.030401,290,272,41,suco pronto,d2afbdd08e,1.7744
57,18,50,0.321622,0.030401,290,272,41,suco pronto,d2afbdd08e,1.7744
57,19,50,0.321622,0.030401,290,272,41,suco pronto,d2afbdd08e,1.7744
57,20,50,0.321622,0.030401,290,272,41,suco pronto,d2afbdd08e,1.7744
57,21,50,0.318187,0.029817,291,272,39,biscoito,b9513fca82,1.6527
57,22,50,0.321275,0.030498,286,268,41,suco pronto,830af96f5d,1.7334
57,23,50,0.321622,0.030401,290,272,41,suco pronto,d2afbdd08e,1.7744
57,24,50,0.321622,0.030401,290,272,41,suco pronto,d2afbdd08e,1.7744
57,25,50,0.321622,0.030401,290,272,41,suco pronto,d2afbdd08e,1.7744
57,26,50,0.321622,0.030401,290,272,41,suco pronto,d2afbdd08e,1.7744
57,27,50,0.321622,0.030401,290,272,41,suco pronto,d2afbdd08e,1.7744
57,28,50,0.323446,0.030193,293,274,40,suco pronto,c77d959bba,1.7511
57,29,50,0.321622,0.030401,290,272,41,suco pronto,d2afbdd08e,1.7744
57,30,50,0.321622,0.030401,290,272,41,suco pronto,d2afbdd08e,1.7744
57,31,50,0.308547,0.029292,289,269,40,biscoito,0a7f06ed9b,1.7941
57,32,50,0.319238,0.030212,290,271,41,suco pronto,0e99ff693d,1.8957
57,33,50,0.321622,0.030401,290,272,41,suco pronto,d2afbdd08e,1.7744
57,34,50,0.323259,0.029803,294,275,39,suco pronto,2103948699,1.8501
57,35,50,0.314445,0.029457,292,272,40,suco pronto,5474c5a1f8,1.9001
57,36,50,0.320916,0.029705,293,274,40,suco pronto,5544dec15d,1.8142
57,37,50,0.321622,0.030401,290,272,41,suco pronto,d2afbdd08e,1.7744
57,38,50,0.321622,0.030401,290,272,41,suco pronto,d2afbdd08e,1.7744
57,39,50,0.321622,0.030401,290,272,41,suco pronto,d2afbdd08e,1.7744
57,40,50,0.321622,0.030401,290,272,41,suco pronto,d2afbdd08e,1.7744
57,41,50,0.321622,0.030401,290,272,41,suco pronto,d2afbdd08e,1.7744
57,42,50,0.321622,0.030401,290,272,41,suco pronto,d2afbdd08e,1.7744
57,43,50,0.321622,0.030401,290,272,41,suco pronto,d2afbdd08e,1.7744
57,44,50,0.318360,0.029739,295,274,40,suco pronto,55efe64930,1.8313
57,45,50,0.321622,0.030401,290,272,41,suco pronto,d2afbdd08e,1.7744
57,46,50,0.321622,0.030401,290,272,41,suco pronto,d2afbdd08e,1.7744
57,47,50,0.321622,0.030401,290,272,41,suco pronto,d2afbdd08e,1.7744
57,48,50,0.321755,0.029962,292,271,40,suco pronto,98bfcd5f31,1.6983
57,49,50,0.321622,0.030401,290,272,41,suco pronto,d2afbdd08e,1.7744
58,0,50,0.323619,0.030316,293,274,40,biscoito,00303f90a3,1.7692
58,1,50,0.323446,0.030193,293,274,40,suco pronto,c77d959bba,1.7511
58,2,50,0.323446,0.030193,293,274,40,suco pronto,c77d959bba,1.7511
58,3,50,0.323259,0.029803,294,275,39,suco pronto,2103948699,1.8501
58,4,50,0.323259,0.029803,294,275,39,suco pronto,2103948699,1.8501
58,5,50,0.323259,0.029803,294,275,39,suco pronto,2103948699,1.8501
58,6,50,0.323259,0.029803,294,275,39,suco pronto,2103948699,1.8501
58,7,50,0.318293,0.028915,292,270,39,suco pronto,f020dc2a51,1.7697
58,8,50,0.323113,0.030305,291,272,40,suco pronto,08a38d5b05,1.7450
58,9,50,0.321622,0.030401,290,272,41,suco pronto,d2afbdd08e,1.7744
58,10,50,0.318493,0.029450,291,271,39,suco pronto,7f90d31925,1.7335
58,11,50,0.321622,0.030401,290,272,41,suco pronto,d2afbdd08e,1.7744
58,12,50,0.321622,0.030401,290,272,41,suco pronto,d2afbdd08e,1.7744
58,13,50,0.321622,0.030401,290,272,41,suco pronto,d2afbdd08e,1.7744
58,14,50,0.321622,0.030401,290,272,41,suco pronto,d2afbdd08e,1.7744
58,15,50,0.321755,0.029962,292,271,40,suco pronto,98bfcd5f31,1.6983
58,16,50,0.321622,0.030401,290,272,41,suco pronto,d2afbdd08e,1.7744
58,17,50,0.321622,0.030401,290,272,41,suco pronto,d2afbdd08e,1.7744
58,18,50,0.321622,0.030401,290,272,41,suco pronto,d2afbdd08e,1.7744
58,19,50,0.325829,0.029672,296,276,38,suco pronto,c965fb873f,1.6569
58,20,50,0.319025,0.029795,288,269,40,suco pronto,7176b76125,1.8000
58,21,50,0.321622,0.030401,290,272,41,suco pronto,d2afbdd08e,1.7744
58,22,50,0.321622,0.030401,290,272,41,suco pronto,d2afbdd08e,1.7744
58,23,50,0.321116,0.029937,293,273,40,suco pronto,d2412c98cd,1.7690
58,24,50,0.320663,0.030125,290,270,40,biscoito,2aaae95786,1.6561
58,25,50,0.323259,0.029803,294,275,39,suco pronto,2103948699,1.8501
58,26,50,0.321622,0.030401,290,272,41,suco pronto,d2afbdd08e,1.7744
58,27,50,0.323446,0.030193,293,274,40,suco pronto,c77d959bba,1.7511
58,28,50,0.321622,0.030401,290,272,41,suco pronto,d2afbdd08e,1.7744
58,29,50,0.323446,0.030193,293,274,40,suco pronto,c77d959bba,1.7511
58,30,50,0.321622,0.030401,290,272,41,suco pronto,d2afbdd08e,1.7744
58,31,50,0.321622,0.030401,290,272,41,suco pronto,d2afbdd08e,1.7744
58,32,50,0.321622,0.030401,290,272,41,suco pronto,d2afbdd08e,1.7744
58,33,50,0.321262,0.029885,290,270,40,suco pronto,7e7629b0ab,1.7705
58,34,50,0.323858,0.030589,289,272,41,suco pronto,fc2b84a780,1.6640
58,35,50,0.321089,0.029706,294,273,40,suco pronto,bb3a645274,1.7982
58,36,50,0.319878,0.029610,293,272,40,suco pronto,1e07a4e247,1.7144
58,37,50,0.321994,0.029840,291,273,40,suco pronto,ad6808974a,1.7297
58,38,50,0.318693,0.028981,289,269,39,suco pronto,7a3ae021c7,1.7907
58,39,50,0.319145,0.029635,293,273,40,suco pronto,f61d258f0b,1.6778
58,40,50,0.323858,0.030589,289,272,41,suco pronto,fc2b84a780,1.6640
58,41,50,0.321622,0.030401,290,272,41,suco pronto,d2afbdd08e,1.7744
58,42,50,0.321622,0.030401,290,272,41,suco pronto,d2afbdd08e,1.7744
58,43,50,0.318360,0.030023,287,267,40,biscoito,1b7daa5cf3,1.6360
58,44,50,0.314219,0.029823,290,271,41,suco pronto,4bd9b8c55a,1.7828
58,45,50,0.321622,0.030401,290,272,41,suco pronto,d2afbdd08e,1.7744
58,46,50,0.321622,0.030401,290,272,41,suco pronto,d2afbdd08e,1.7744
58,47,50,0.318280,0.029395,293,274,40,suco pronto,66a51a6bcc,1.7162
58,48,50,0.323619,0.030316,293,274,40,biscoito,00303f90a3,1.7692
58,49,50,0.321622,0.030401,290,272,41,suco pronto,d2afbdd08e,1.7744
59,0,50,0.325829,0.029672,296,276,38,suco pronto,c965fb873f,1.6569
59,1,50,0.323858,0.030589,289,272,41,suco pronto,fc2b84a780,1.6640
59,2,50,0.323858,0.030589,289,272,41,suco pronto,fc2b84a780,1.6640
59,3,50,0.323619,0.030316,293,274,40,biscoito,00303f90a3,1.7692
59,4,50,0.323619,0.030316,293,274,40,biscoito,00303f90a3,1.7692
59,5,50,0.327773,0.031084,289,272,41,biscoito,acb7328a1c,1.8260
59,6,50,0.322314,0.029038,293,276,38,suco pronto,68f1d74d3a,1.7601
59,7,50,0.321622,0.030401,290,272,41,suco pronto,d2afbdd08e,1.7744
59,8,50,0.325829,0.029672,296,276,38,suco pronto,c965fb873f,1.6569
59,9,50,0.324191,0.029889,295,276,39,suco pronto,24bd32d4de,1.8001
59,10,50,0.325629,0.030691,290,271,40,biscoito,123b1c2558,1.6490
59,11,50,0.323259,0.029803,294,275,39,suco pronto,2103948699,1.8501
59,12,50,0.317681,0.029063,292,274,39,suco pronto,f96c996fd5,1.7936
59,13,50,0.321622,0.030401,290,272,41,suco pronto,d2afbdd08e,1.7744
59,14,50,0.321622,0.030401,290,272,41,suco pronto,d2afbdd08e,1.7744
59,15,50,0.316123,0.030020,286,270,41,suco pronto,822eb2fa79,1.7129
59,16,50,0.323858,0.030589,289,272,41,suco pronto,fc2b84a780,1.6640
59,17,50,0.323113,0.030305,291,272,40,suco pronto,08a38d5b05,1.7450
59,18,50,0.324591,0.029805,293,274,39,suco pronto,0f24fdeb7b,1.7620
59,19,50,0.324045,0.030211,292,274,40,suco pronto,cb0141c402,1.6163
59,20,50,0.322487,0.030072,292,273,40,suco pronto,9bed971f56,1.6713
59,21,50,0.323273,0.030167,291,272,40,suco pronto,17a5685ece,1.8232
59,22,50,0.321555,0.029550,293,273,39,suco pronto,3ca57124aa,1.6769
59,23,50,0.325829,0.029672,296,276,38,suco pronto,c965fb873f,1.6569
59,24,50,0.315311,0.029735,287,269,41,suco pronto,dbfb2a8d2a,1.6887
59,25,50,0.323619,0.030316,293,274,40,biscoito,00303f90a3,1.7692
59,26,50,0.321622,0.030401,290,272,41,suco pronto,d2afbdd08e,1.7744
59,27,50,0.321994,0.029840,291,273,40,suco pronto,ad6808974a,1.7297
59,28,50,0.323446,0.030193,293,274,40,suco pronto,c77d959bba,1.7511
59,29,50,0.323619,0.030316,293,274,40,biscoito,00303f90a3,1.7692
59,30,50,0.323512,0.029728,295,275,39,suco pronto,db3822e7f5,1.7628
59,31,50,0.323259,0.029803,294,275,39,suco pronto,2103948699,1.8501
59,32,50,0.323259,0.029803,294,275,39,suco pronto,2103948699,1.8501
59,33,50,0.319545,0.029728,292,274,40,suco pronto,ad823f9577,1.7606
59,34,50,0.316296,0.030821,290,270,41,suco pronto,4896d46452,1.8038
59,35,50,0.321622,0.030401,290,272,41,suco pronto,d2afbdd08e,1.7744
59,36,50,0.314951,0.029804,290,270,41,suco pronto,7ce54fc33b,1.9700
59,37,50,0.317654,0.029342,291,274,40,suco pronto,1595941674,1.7268
59,38,50,0.324098,0.030919,289,271,41,biscoito,2accac233c,1.7549
59,39,50,0.325829,0.029672,296,276,38,suco pronto,c965fb873f,1.6569
59,40,50,0.322314,0.029038,293,276,38,suco pronto,68f1d74d3a,1.7601
59,41,50,0.323033,0.030356,291,272,41,suco pronto,6f17129d86,1.7827
59,42,50,0.319145,0.029635,293,273,40,suco pronto,f61d258f0b,1.6778
59,43,50,0.321994,0.029840,291,273,40,suco pronto,ad6808974a,1.7297
59,44,50,0.321622,0.030401,290,272,41,suco pronto,d2afbdd08e,1.7744
59,45,50,0.323858,0.030589,289,272,41,suco pronto,fc2b84a780,1.6640
59,46,50,0.323858,0.030589,289,272,41,suco pronto,fc2b84a780,1.6640
59,47,50,0.325895,0.030468,293,275,40,suco pronto,047b13a948,1.8028
59,48,50,0.319052,0.030123,288,270,40,suco pronto,1336e0d493,1.7789
59,49,50,0.324045,0.030211,292,274,40,suco pronto,cb0141c402,1.6163
60,0,50,0.327773,0.031084,289,272,41,biscoito,acb7328a1c,1.8260
60,1,50,0.325895,0.030468,293,275,40,suco pronto,047b13a948,1.8028
60,2,50,0.325829,0.029672,296,276,38,suco pronto,c965fb873f,1.6569
60,3,50,0.325829,0.029672,296,276,38,suco pronto,c965fb873f,1.6569
60,4,50,0.325829,0.029672,296,276,38,suco pronto,c965fb873f,1.6569
60,5,50,0.325083,0.030325,289,271,40,suco pronto,939bee817e,1.8039
60,6,50,0.323685,0.030599,290,271,41,biscoito,a617e3e9f3,1.7624
60,7,50,0.325829,0.029672,296,276,38,suco pronto,c965fb873f,1.6569
60,8,50,0.325629,0.030691,290,271,40,biscoito,123b1c2558,1.6490
60,9,50,0.317614,0.030108,287,269,41,suco pronto,8cfd173ea1,1.7818
60,10,50,0.323938,0.029783,296,276,39,suco pronto,31e5f17a56,1.6677
60,11,50,0.327852,0.030456,288,270,40,suco pronto,77e3b42b3a,1.7674
60,12,50,0.323858,0.030589,289,272,41,suco pronto,fc2b84a780,1.6640
60,13,50,0.316629,0.028693,295,275,38,biscoito,8ebe6f7794,1.7674
60,14,50,0.321142,0.030002,294,274,40,suco pronto,54020301c4,1.7572
60,15,50,0.323432,0.030698,290,272,41,biscoito,9791941055,1.6995
60,16,50,0.323925,0.030293,293,274,40,biscoito,60f8ac7a88,1.7524
60,17,50,0.324098,0.030919,289,271,41,biscoito,2accac233c,1.7549
60,18,50,0.322487,0.029227,293,273,39,suco pronto,74efe451b1,1.7488
60,19,50,0.323166,0.030722,287,270,41,suco pronto,bd8e5df721,1.7103
60,20,50,0.325003,0.029734,295,275,39,suco pronto,34f78f67cb,1.7944
60,21,50,0.320490,0.030118,290,274,40,biscoito,3a57ac9acf,1.6329
60,22,50,0.323858,0.030589,289,272,41,suco pronto,fc2b84a780,1.6640
60,23,50,0.319718,0.030000,291,272,40,suco pronto,548dc50fd9,1.7074
60,24,50,0.324191,0.029889,295,276,39,suco pronto,24bd32d4de,1.8001
60,25,50,0.312542,0.029082,294,274,39,suco pronto,02c040c02a,1.6797
60,26,50,0.326534,0.030110,293,274,39,suco pronto,7b75de5bb9,1.7137
60,27,50,0.323858,0.030589,289,272,41,suco pronto,fc2b84a780,1.6640
60,28,50,0.323858,0.030589,289,272,41,suco pronto,fc2b84a780,1.6640
60,29,50,0.323858,0.030589,289,272,41,suco pronto,fc2b84a780,1.6640
60,30,50,0.323858,0.030589,289,272,41,suco pronto,fc2b84a780,1.6640
60,31,50,0.317494,0.028474,297,279,38,suco pronto,a5fe42828f,1.7981
60,32,50,0.319531,0.029233,294,275,38,suco pronto,e907a0726a,1.6811
60,33,50,0.325829,0.029672,296,276,38,suco pronto,c965fb873f,1.6569
60,34,50,0.324191,0.029889,295,276,39,suco pronto,24bd32d4de,1.8001
60,35,50,0.320091,0.029766,292,274,40,suco pronto,e711cd22a3,1.6957
60,36,50,0.325349,0.030286,293,275,40,suco pronto,4fa005d45c,1.7339
60,37,50,0.323259,0.029803,294,275,39,suco pronto,2103948699,1.8501
60,38,50,0.325895,0.030468,293,275,40,suco pronto,047b13a948,1.8028
60,39,50,0.324191,0.029889,295,276,39,suco pronto,24bd32d4de,1.8001
60,40,50,0.322048,0.029120,297,276,38,suco pronto,22a691d4b7,1.7105
60,41,50,0.324191,0.029889,295,276,39,suco pronto,24bd32d4de,1.8001
60,42,50,0.312022,0.028650,291,269,39,suco pronto,fdd11098de,1.6533
60,43,50,0.327453,0.030037,292,272,39,suco pronto,89ae38ce5c,1.8338
60,44,50,0.323113,0.030305,291,272,40,suco pronto,08a38d5b05,1.7450
60,45,50,0.323858,0.030589,289,272,41,suco pronto,fc2b84a780,1.6640
60,46,50,0.323033,0.030356,291,272,41,suco pronto,6f17129d86,1.7827
60,47,50,0.327134,0.030647,291,272,40,biscoito,20fcd4ae30,2.1437
60,48,50,0.327959,0.030678,292,274,40,biscoito,30ff0a4539,2.0973
60,49,50,0.325629,0.030691,290,271,40,biscoito,123b1c2558,1.6490
61,0,50,0.327959,0.030678,292,274,40,biscoito,30ff0a4539,2.0973
61,1,50,0.327852,0.030456,288,270,40,suco pronto,77e3b42b3a,1.7674
61,2,50,0.327773,0.031084,289,272,41,biscoito,acb7328a1c,1.8260
61,3,50,0.327453,0.030037,292,272,39,suco pronto,89ae38ce5c,1.8338
61,4,50,0.327134,0.030647,291,272,40,biscoito,20fcd4ae30,2.1437
61,5,50,0.327786,0.030552,292,274,40,suco pronto,4e83783d75,2.2002
61,6,50,0.325895,0.030468,293,275,40,suco pronto,047b13a948,1.8028
61,7,50,0.323113,0.030305,291,272,40,suco pronto,08a38d5b05,1.7450
61,8,50,0.314366,0.028646,288,268,39,suco pronto,b2651aa58a,2.0270
61,9,50,0.325829,0.029672,296,276,38,suco pronto,c965fb873f,1.6569
61,10,50,0.327773,0.031084,289,272,41,biscoito,acb7328a1c,1.8260
61,11,50,0.325895,0.030468,293,275,40,suco pronto,047b13a948,1.8028
61,12,50,0.325895,0.030468,293,275,40,suco pronto,047b13a948,1.8028
61,13,50,0.326335,0.030893,289,273,41,suco pronto,da862c2439,2.3179
61,14,50,0.327360,0.030660,293,274,40,biscoito,cc8e98aa3a,2.5602
61,15,50,0.327852,0.030456,288,270,40,suco pronto,77e3b42b3a,1.7674
61,16,50,0.325083,0.030325,289,271,40,suco pronto,939bee817e,1.8039
61,17,50,0.325349,0.030286,293,275,40,suco pronto,4fa005d45c,1.7339
61,18,50,0.324191,0.029889,295,276,39,suco pronto,24bd32d4de,1.8001
61,19,50,0.323512,0.028927,298,277,38,suco pronto,0c1b86874b,2.5757
61,20,50,0.313141,0.029059,294,275,39,suco pronto,5570abd6df,2.1527
61,21,50,0.304141,0.028323,296,276,38,suco pronto,5eb9cf3479,2.4511
61,22,50,0.325003,0.029734,295,275,39,suco pronto,34f78f67cb,1.7944
61,23,50,0.316722,0.029835,290,272,40,suco pronto,0dacd2682c,2.5449
61,24,50,0.317228,0.029561,288,270,40,suco pronto,f3cfaeed97,2.3513
61,25,50,0.325829,0.029672,296,276,38,suco pronto,c965fb873f,1.6569
61,26,50,0.327773,0.031084,289,272,41,biscoito,acb7328a1c,1.8260
61,27,50,0.325895,0.030468,293,275,40,suco pronto,047b13a948,1.8028
61,28,50,0.325349,0.030286,293,275,40,suco pronto,4fa005d45c,1.7339
61,29,50,0.314126,0.028991,293,273,39,suco pronto,7001fb6942,2.2461
61,30,50,0.311610,0.028302,283,264,39,suco pronto,645df5547a,2.4242
61,31,50,0.326534,0.030110,293,274,39,suco pronto,7b75de5bb9,1.7137
61,32,50,0.327959,0.030678,292,274,40,biscoito,30ff0a4539,2.0973
61,33,50,0.324191,0.029889,295,276,39,suco pronto,24bd32d4de,1.8001
61,34,50,0.308002,0.029309,294,274,39,biscoito,0696c0156d,2.4597
61,35,50,0.324191,0.029889,295,276,39,suco pronto,24bd32d4de,1.8001
61,36,50,0.317015,0.029615,292,273,40,suco pronto,572f0f34f5,2.1924
61,37,50,0.327453,0.030037,292,272,39,suco pronto,89ae38ce5c,1.8338
61,38,50,0.325829,0.029672,296,276,38,suco pronto,c965fb873f,1.6569
61,39,50,0.325349,0.030286,293,275,40,suco pronto,4fa005d45c,1.7339
61,40,50,0.325895,0.030468,293,275,40,suco pronto,047b13a948,1.8028
61,41,50,0.323166,0.030722,287,270,41,suco pronto,bd8e5df721,1.7103
61,42,50,0.325629,0.030691,290,271,40,biscoito,123b1c2558,1.6490
61,43,50,0.323938,0.029783,296,276,39,suco pronto,31e5f17a56,1.6677
61,44,50,0.323685,0.030599,290,271,41,biscoito,a617e3e9f3,1.7624
61,45,50,0.323938,0.029783,296,276,39,suco pronto,31e5f17a56,1.6677
61,46,50,0.317681,0.029350,294,275,39,suco pronto,3141f171e1,2.1532
61,47,50,0.320463,0.028593,296,275,38,suco pronto,4b87f8d7f0,2.2852
61,48,50,0.325349,0.030286,293,275,40,suco pronto,4fa005d45c,1.7339
61,49,50,0.324191,0.029889,295,276,39,suco pronto,24bd32d4de,1.8001
62,0,50,0.327959,0.030678,292,274,40,biscoito,30ff0a4539,2.0973
62,1,50,0.327959,0.030678,292,274,40,biscoito,30ff0a4539,2.0973
62,2,50,0.327852,0.030456,288,270,40,suco pronto,77e3b42b3a,1.7674
62,3,50,0.327852,0.030456,288,270,40,suco pronto,77e3b42b3a,1.7674
62,4,50,0.327786,0.030552,292,274,40,suco pronto,4e83783d75,2.2002
62,5,50,0.325602,0.029754,294,275,39,suco pronto,3999fa0b91,2.3303
62,6,50,0.325829,0.029672,296,276,38,suco pronto,c965fb873f,1.6569
62,7,50,0.325349,0.030286,293,275,40,suco pronto,4fa005d45c,1.7339
62,8,50,0.317681,0.029350,294,275,39,suco pronto,3141f171e1,2.1532
62,9,50,0.322567,0.029472,296,276,39,suco pronto,57ccb5b29c,2.3136
62,10,50,0.325256,0.029730,294,274,39,suco pronto,c4f52af0c8,2.2692
62,11,50,0.326534,0.030110,293,274,39,suco pronto,7b75de5bb9,1.7137
62,12,50,0.326534,0.030110,293,274,39,suco pronto,7b75de5bb9,1.7137
62,13,50,0.325270,0.029898,294,274,39,suco pronto,d7dad30bfa,2.4717
62,14,50,0.326628,0.030153,294,275,39,suco pronto,b7b9c847f9,2.1745
62,15,50,0.323685,0.030599,290,271,41,biscoito,a617e3e9f3,1.7624
62,16,50,0.323978,0.030269,292,274,40,biscoito,53a3f71ea8,2.2798
62,17,50,0.324191,0.029889,295,276,39,suco pronto,24bd32d4de,1.8001
62,18,50,0.327773,0.031084,289,272,41,biscoito,acb7328a1c,1.8260
62,19,50,0.323938,0.029783,296,276,39,suco pronto,31e5f17a56,1.6677
62,20,50,0.314126,0.028991,293,273,39,suco pronto,7001fb6942,2.2461
62,21,50,0.323352,0.029220,293,273,39,suco pronto,c58ff6cb58,2.0909
62,22,50,0.318080,0.029615,289,270,40,suco pronto,c3944be070,2.1108
62,23,50,0.327360,0.030660,293,274,40,biscoito,cc8e98aa3a,2.5602
62,24,50,0.316815,0.029143,292,272,39,suco pronto,de53d57764,1.6793
62,25,50,0.321515,0.030064,290,270,40,biscoito,7a8ea73529,1.7480
62,26,50,0.325003,0.029734,295,275,39,suco pronto,34f78f67cb,1.7944
62,27,50,0.325895,0.030468,293,275,40,suco pronto,047b13a948,1.8028
62,28,50,0.326335,0.030893,289,273,41,suco pronto,da862c2439,2.3179
62,29,50,0.326761,0.030032,285,266,39,suco pronto,6dee31eaf2,1.7208
62,30,50,0.327134,0.030647,291,272,40,biscoito,20fcd4ae30,2.1437
62,31,50,0.327453,0.030037,292,272,39,suco pronto,89ae38ce5c,1.8338
62,32,50,0.327453,0.030037,292,272,39,suco pronto,89ae38ce5c,1.8338
62,33,50,0.307389,0.029268,293,273,39,biscoito,7a70b75f61,1.7610
62,34,50,0.324045,0.030398,292,273,40,suco pronto,5b0e0ec40d,1.7141
62,35,50,0.326335,0.030893,289,273,41,suco pronto,da862c2439,2.3179
62,36,50,0.327453,0.030037,292,272,39,suco pronto,89ae38ce5c,1.8338
62,37,50,0.317228,0.029561,288,270,40,suco pronto,f3cfaeed97,2.3513
62,38,50,0.327773,0.031084,289,272,41,biscoito,acb7328a1c,1.8260
62,39,50,0.325829,0.029672,296,276,38,suco pronto,c965fb873f,1.6569
62,40,50,0.324191,0.029889,295,276,39,suco pronto,24bd32d4de,1.8001
62,41,50,0.325003,0.029734,295,275,39,suco pronto,34f78f67cb,1.7944
62,42,50,0.325083,0.030325,289,271,40,suco pronto,939bee817e,1.8039
62,43,50,0.323312,0.029380,294,277,39,suco pronto,857c04ba7c,1.8041
62,44,50,0.316815,0.029143,292,272,39,suco pronto,de53d57764,1.6793
62,45,50,0.327773,0.031084,289,272,41,biscoito,acb7328a1c,1.8260
62,46,50,0.327773,0.031084,289,272,41,biscoito,acb7328a1c,1.8260
62,47,50,0.327360,0.030660,293,274,40,biscoito,cc8e98aa3a,2.5602
62,48,50,0.325895,0.030468,293,275,40,suco pronto,047b13a948,1.8028
62,49,50,0.327453,0.030037,292,272,39,suco pronto,89ae38ce5c,1.8338
63,0,50,0.327959,0.030678,292,274,40,biscoito,30ff0a4539,2.0973
63,1,50,0.327959,0.030678,292,274,40,biscoito,30ff0a4539,2.0973
63,2,50,0.327852,0.030456,288,270,40,suco pronto,77e3b42b3a,1.7674
63,3,50,0.327852,0.030456,288,270,40,suco pronto,77e3b42b3a,1.7674
63,4,50,0.327786,0.030552,292,274,40,suco pronto,4e83783d75,2.2002
63,5,50,0.300053,0.028985,288,268,40,suco pronto,fbdfdb0940,2.0871
63,6,50,0.326628,0.030153,294,275,39,suco pronto,b7b9c847f9,2.1745
63,7,50,0.326534,0.030110,293,274,39,suco pronto,7b75de5bb9,1.7137
63,8,50,0.326534,0.030110,293,274,39,suco pronto,7b75de5bb9,1.7137
63,9,50,0.326335,0.030893,289,273,41,suco pronto,da862c2439,2.3179
63,10,50,0.321608,0.029848,290,273,40,biscoito,e057e2c63c,2.0746
63,11,50,0.325829,0.029672,296,276,38,suco pronto,c965fb873f,1.6569
63,12,50,0.325895,0.030468,293,275,40,suco pronto,047b13a948,1.8028
63,13,50,0.321435,0.029489,290,271,39,suco pronto,f75a39761d,1.8192
63,14,50,0.327786,0.030552,292,274,40,suco pronto,4e83783d75,2.2002
63,15,50,0.327360,0.030660,293,274,40,biscoito,cc8e98aa3a,2.5602
63,16,50,0.322953,0.030833,291,272,41,biscoito,b1a0daa006,1.7476
63,17,50,0.325602,0.029754,294,275,39,suco pronto,3999fa0b91,2.3303
63,18,50,0.327453,0.030037,292,272,39,suco pronto,89ae38ce5c,1.8338
63,19,50,0.325895,0.030468,293,275,40,suco pronto,047b13a948,1.8028
63,20,50,0.327134,0.030647,291,272,40,biscoito,20fcd4ae30,2.1437
63,21,50,0.327773,0.031084,289,272,41,biscoito,acb7328a1c,1.8260
63,22,50,0.327773,0.031084,289,272,41,biscoito,acb7328a1c,1.8260
63,23,50,0.323619,0.030316,293,274,40,biscoito,00303f90a3,1.7692
63,24,50,0.327786,0.030552,292,274,40,suco pronto,4e83783d75,2.2002
63,25,50,0.326801,0.029975,297,277,39,suco pronto,996403ae80,1.7972
63,26,50,0.324205,0.029276,297,276,38,suco pronto,2437e83320,1.8131
63,27,50,0.324524,0.030265,294,275,40,suco pronto,18e5b3d682,1.6768
63,28,50,0.325589,0.030002,295,276,39,biscoito,bd11407cbf,1.8303
63,29,50,0.327773,0.031084,289,272,41,biscoito,acb7328a1c,1.8260
63,30,50,0.328052,0.030058,291,272,39,suco pronto,39a2f43fa3,1.6969
63,31,50,0.325310,0.030309,292,273,40,biscoito,325b587356,1.7819
63,32,50,0.326375,0.030570,292,273,40,biscoito,73612a79c4,1.7369
63,33,50,0.327959,0.030678,292,274,40,biscoito,30ff0a4539,2.0973
63,34,50,0.326694,0.029950,296,276,39,biscoito,1908e1089c,1.6677
63,35,50,0.327453,0.030037,292,272,39,suco pronto,89ae38ce5c,1.8338
63,36,50,0.327773,0.031084,289,272,41,biscoito,acb7328a1c,1.8260
63,37,50,0.325310,0.030309,292,273,40,biscoito,325b587356,1.7819
63,38,50,0.325097,0.030263,291,272,40,biscoito,abd6b2f8e0,1.8091
63,39,50,0.327453,0.030037,292,272,39,suco pronto,89ae38ce5c,1.8338
63,40,50,0.327773,0.031084,289,272,41,biscoito,acb7328a1c,1.8260
63,41,50,0.327360,0.030660,293,274,40,biscoito,cc8e98aa3a,2.5602
63,42,50,0.320650,0.030102,292,273,40,biscoito,b9b50af134,1.8134
63,43,50,0.326974,0.030066,294,275,39,suco pronto,c899300693,1.6301
63,44,50,0.325110,0.029892,294,274,39,biscoito,9c2c209c10,1.7865
63,45,50,0.327134,0.030647,291,272,40,biscoito,20fcd4ae30,2.1437
63,46,50,0.327852,0.030456,288,270,40,suco pronto,77e3b42b3a,1.7674
63,47,50,0.327773,0.031084,289,272,41,biscoito,acb7328a1c,1.8260
63,48,50,0.326534,0.030702,292,274,40,suco pronto,a939c83b00,1.7622
63,49,50,0.327773,0.031084,289,272,41,biscoito,acb7328a1c,1.8260
64,0,50,0.328052,0.030058,291,272,39,suco pronto,39a2f43fa3,1.6969
64,1,50,0.327959,0.030678,292,274,40,biscoito,30ff0a4539,2.0973
64,2,50,0.327959,0.030678,292,274,40,biscoito,30ff0a4539,2.0973
64,3,50,0.327959,0.030678,292,274,40,biscoito,30ff0a4539,2.0973
64,4,50,0.327852,0.030456,288,270,40,suco pronto,77e3b42b3a,1.7674
64,5,50,0.326628,0.030153,294,275,39,suco pronto,b7b9c847f9,2.1745
64,6,50,0.327786,0.030552,292,274,40,suco pronto,4e83783d75,2.2002
64,7,50,0.324963,0.030157,287,269,40,suco pronto,e7629bc1dc,1.8027
64,8,50,0.327773,0.031084,289,272,41,biscoito,acb7328a1c,1.8260
64,9,50,0.327786,0.030552,292,274,40,suco pronto,4e83783d75,2.2002
64,10,50,0.326628,0.030153,294,275,39,suco pronto,b7b9c847f9,2.1745
64,11,50,0.327786,0.030552,292,274,40,suco pronto,4e83783d75,2.2002
64,12,50,0.327773,0.031084,289,272,41,biscoito,acb7328a1c,1.8260
64,13,50,0.320530,0.030172,289,272,40,biscoito,68ee007350,1.7440
64,14,50,0.321062,0.030524,288,271,41,biscoito,c728a1236f,1.7527
64,15,50,0.326534,0.030110,293,274,39,suco pronto,7b75de5bb9,1.7137
64,16,50,0.326534,0.030110,293,274,39,suco pronto,7b75de5bb9,1.7137
64,17,50,0.327852,0.030456,288,270,40,suco pronto,77e3b42b3a,1.7674
64,18,50,0.323552,0.030008,292,275,40,suco pronto,0c797a4371,1.7833
64,19,50,0.325389,0.029687,291,271,39,suco pronto,11cbfec1c4,1.7451
64,20,50,0.327360,0.030660,293,274,40,biscoito,cc8e98aa3a,2.5602
64,21,50,0.326321,0.029568,294,274,39,suco pronto,626156c9da,1.8111
64,22,50,0.327187,0.030172,293,275,39,suco pronto,d5f7caa43f,1.7879
64,23,50,0.316775,0.028952,301,280,39,suco pronto,dec4e0b77c,1.7310
64,24,50,0.326761,0.030268,294,275,39,biscoito,5491d9830e,1.7753
64,25,50,0.327959,0.030678,292,274,40,biscoito,30ff0a4539,2.0973
64,26,50,0.327959,0.030678,292,274,40,biscoito,30ff0a4539,2.0973
64,27,50,0.327426,0.030567,289,270,40,biscoito,af1739e8da,1.7761
64,28,50,0.324018,0.030345,292,274,40,suco pronto,7023877da3,1.6756
64,29,50,0.320277,0.031142,290,274,42,biscoito,c2dc6c781c,1.7343
64,30,50,0.326468,0.030149,292,273,39,suco pronto,0f8d5786b6,1.8077
64,31,50,0.327773,0.031084,289,272,41,biscoito,acb7328a1c,1.8260
64,32,50,0.327852,0.030456,288,270,40,suco pronto,77e3b42b3a,1.7674
64,33,50,0.327773,0.031084,289,272,41,biscoito,acb7328a1c,1.8260
64,34,50,0.325736,0.030203,291,273,40,suco pronto,d54b40d47a,1.6636
64,35,50,0.328052,0.030058,291,272,39,suco pronto,39a2f43fa3,1.6969
64,36,50,0.327773,0.031084,289,272,41,biscoito,acb7328a1c,1.8260
64,37,50,0.321688,0.029924,287,269,40,biscoito,fadf60394b,1.7955
64,38,50,0.323605,0.029768,290,272,39,suco pronto,8fceffe85d,1.8510
64,39,50,0.326628,0.030153,294,275,39,suco pronto,b7b9c847f9,2.1745
64,40,50,0.327852,0.030456,288,270,40,suco pronto,77e3b42b3a,1.7674
64,41,50,0.327773,0.031084,289,272,41,biscoito,acb7328a1c,1.8260
64,42,50,0.324963,0.030157,287,269,40,suco pronto,e7629bc1dc,1.8027
64,43,50,0.316043,0.030218,288,271,41,biscoito,be6834d014,1.7771
64,44,50,0.315164,0.030316,286,268,40,suco pronto,5e103c4fd0,2.1538
64,45,50,0.317228,0.029561,288,270,40,suco pronto,f3cfaeed97,2.3513
64,46,50,0.327852,0.030456,288,270,40,suco pronto,77e3b42b3a,1.7674
64,47,50,0.325310,0.030309,292,273,40,biscoito,325b587356,1.7819
64,48,50,0.324684,0.029908,293,273,39,suco pronto,e95b78df81,1.9576
64,49,50,0.312808,0.030001,287,269,41,suco pronto,f9a0be9f02,1.8592
65,0,50,0.328052,0.030058,291,272,39,suco pronto,39a2f43fa3,1.6969
65,1,50,0.328052,0.030058,291,272,39,suco pronto,39a2f43fa3,1.6969
65,2,50,0.327959,0.030678,292,274,40,biscoito,30ff0a4539,2.0973
65,3,50,0.327959,0.030678,292,274,40,biscoito,30ff0a4539,2.0973
65,4,50,0.327959,0.030678,292,274,40,biscoito,30ff0a4539,2.0973
65,5,50,0.326881,0.031071,287,270,41,suco pronto,10287449c3,1.8696
65,6,50,0.327959,0.030678,292,274,40,biscoito,30ff0a4539,2.0973
65,7,50,0.327773,0.031084,289,272,41,biscoito,acb7328a1c,1.8260
65,8,50,0.327852,0.030456,288,270,40,suco pronto,77e3b42b3a,1.7674
65,9,50,0.327959,0.030678,292,274,40,biscoito,30ff0a4539,2.0973
65,10,50,0.322713,0.031532,288,270,41,biscoito,7acc025685,1.7492
65,11,50,0.325736,0.030203,291,273,40,suco pronto,d54b40d47a,1.6636
65,12,50,0.305565,0.029481,290,273,40,suco pronto,de1188d081,1.7916
65,13,50,0.325602,0.029754,294,275,39,suco pronto,3999fa0b91,2.3303
65,14,50,0.327959,0.030678,292,274,40,biscoito,30ff0a4539,2.0973
65,15,50,0.327426,0.030567,289,270,40,biscoito,af1739e8da,1.7761
65,16,50,0.327959,0.030678,292,274,40,biscoito,30ff0a4539,2.0973
65,17,50,0.327852,0.030456,288,270,40,suco pronto,77e3b42b3a,1.7674
65,18,50,0.327852,0.030456,288,270,40,suco pronto,77e3b42b3a,1.7674
65,19,50,0.303249,0.029259,290,272,40,suco pronto,a7757fafcc,1.8002
65,20,50,0.328052,0.030058,291,272,39,suco pronto,39a2f43fa3,1.6969
65,21,50,0.327426,0.030567,289,270,40,biscoito,af1739e8da,1.7761
65,22,50,0.327426,0.030567,289,270,40,biscoito,af1739e8da,1.7761
65,23,50,0.327786,0.030552,292,274,40,suco pronto,4e83783d75,2.2002
65,24,50,0.320410,0.030678,291,275,41,suco pronto,bdc2ce08a4,1.6130
65,25,50,0.327773,0.031084,289,272,41,biscoito,acb7328a1c,1.8260
65,26,50,0.321755,0.030366,287,270,41,suco pronto,c4463499f1,1.9202
65,27,50,0.321076,0.029991,291,273,40,suco pronto,3cfa481a47,2.5662
65,28,50,0.327773,0.031084,289,272,41,biscoito,acb7328a1c,1.8260
65,29,50,0.327959,0.030678,292,274,40,biscoito,30ff0a4539,2.0973
65,30,50,0.329250,0.030619,294,274,40,suco pronto,c92e771cc3,1.7841
65,31,50,0.319917,0.029592,293,274,39,suco pronto,d2642ee09c,1.9310
65,32,50,0.326721,0.029352,295,274,38,suco pronto,2e3af1e893,1.7505
65,33,50,0.316509,0.029377,288,269,39,suco pronto,19d3ed58c3,1.7317
65,34,50,0.325909,0.030330,291,273,40,biscoito,5320c726b6,1.8345
65,35,50,0.327959,0.030678,292,274,40,biscoito,30ff0a4539,2.0973
65,36,50,0.327773,0.031084,289,272,41,biscoito,acb7328a1c,1.8260
65,37,50,0.327852,0.030456,288,270,40,suco pronto,77e3b42b3a,1.7674
65,38,50,0.327852,0.030456,288,270,40,suco pronto,77e3b42b3a,1.7674
65,39,50,0.327773,0.031084,289,272,41,biscoito,acb7328a1c,1.8260
65,40,50,0.327773,0.031084,289,272,41,biscoito,acb7328a1c,1.8260
65,41,50,0.327253,0.030069,295,275,39,suco pronto,f103468038,1.9382
65,42,50,0.326761,0.030268,294,275,39,biscoito,5491d9830e,1.7753
65,43,50,0.327773,0.031084,289,272,41,biscoito,acb7328a1c,1.8260
65,44,50,0.323898,0.030292,291,273,40,suco pronto,58acb5ac06,1.7521
65,45,50,0.327852,0.030456,288,270,40,suco pronto,77e3b42b3a,1.7674
65,46,50,0.328052,0.030058,291,272,39,suco pronto,39a2f43fa3,1.6969
65,47,50,0.325736,0.030203,291,273,40,suco pronto,d54b40d47a,1.6636
65,48,50,0.327959,0.030678,292,274,40,biscoito,30ff0a4539,2.0973
65,49,50,0.325736,0.030203,291,273,40,suco pronto,d54b40d47a,1.6636
66,0,50,0.329250,0.030619,294,274,40,suco pronto,c92e771cc3,1.7841
66,1,50,0.328052,0.030058,291,272,39,suco pronto,39a2f43fa3,1.6969
66,2,50,0.328052,0.030058,291,272,39,suco pronto,39a2f43fa3,1.6969
66,3,50,0.328052,0.030058,291,272,39,suco pronto,39a2f43fa3,1.6969
66,4,50,0.328052,0.030058,291,272,39,suco pronto,39a2f43fa3,1.6969
66,5,50,0.328052,0.030058,291,272,39,suco pronto,39a2f43fa3,1.6969
66,6,50,0.320383,0.029400,291,271,38,biscoito,3a2dc3de98,1.7688
66,7,50,0.327852,0.030456,288,270,40,suco pronto,77e3b42b3a,1.7674
66,8,50,0.328052,0.030058,291,272,39,suco pronto,39a2f43fa3,1.6969
66,9,50,0.328052,0.030058,291,272,39,suco pronto,39a2f43fa3,1.6969
66,10,50,0.328052,0.030058,291,272,39,suco pronto,39a2f43fa3,1.6969
66,11,50,0.322540,0.029745,292,274,40,suco pronto,6fba0a67b1,1.6479
66,12,50,0.324045,0.030211,292,274,40,suco pronto,cb0141c402,1.6163
66,13,50,0.325216,0.029657,286,267,39,suco pronto,a542d05d38,1.8184
66,14,50,0.327959,0.030678,292,274,40,biscoito,30ff0a4539,2.0973
66,15,50,0.328052,0.030058,291,272,39,suco pronto,39a2f43fa3,1.6969
66,16,50,0.327959,0.030678,292,274,40,biscoito,30ff0a4539,2.0973
66,17,50,0.327959,0.030678,292,274,40,biscoito,30ff0a4539,2.0973
66,18,50,0.327959,0.030678,292,274,40,biscoito,30ff0a4539,2.0973
66,19,50,0.327959,0.030678,292,274,40,biscoito,30ff0a4539,2.0973
66,20,50,0.327320,0.030461,293,274,40,suco pronto,1c20a6b3ad,1.8118
66,21,50,0.328052,0.030058,291,272,39,suco pronto,39a2f43fa3,1.6969
66,22,50,0.327852,0.030456,288,270,40,suco pronto,77e3b42b3a,1.7674
66,23,50,0.328052,0.030058,291,272,39,suco pronto,39a2f43fa3,1.6969
66,24,50,0.325989,0.029709,290,271,39,suco pronto,099acb6ffc,1.6865
66,25,50,0.327959,0.030678,292,274,40,biscoito,30ff0a4539,2.0973
66,26,50,0.328052,0.030058,291,272,39,suco pronto,39a2f43fa3,1.6969
66,27,50,0.325283,0.029927,292,273,39,suco pronto,e611bd8ecd,1.7807
66,28,50,0.327773,0.031084,289,272,41,biscoito,acb7328a1c,1.8260
66,29,50,0.324670,0.029242,290,271,39,suco pronto,c1444406e6,1.7710
66,30,50,0.327852,0.030456,288,270,40,suco pronto,77e3b42b3a,1.7674
66,31,50,0.323938,0.029958,293,273,40,biscoito,ca53b8ac76,1.6991
66,32,50,0.325136,0.030281,287,269,40,biscoito,42dc1a5d2d,1.8332
66,33,50,0.328052,0.030058,291,272,39,suco pronto,39a2f43fa3,1.6969
66,34,50,0.327852,0.030456,288,270,40,suco pronto,77e3b42b3a,1.7674
66,35,50,0.325909,0.030330,291,273,40,biscoito,5320c726b6,1.8345
66,36,50,0.327852,0.030456,288,270,40,suco pronto,77e3b42b3a,1.7674
66,37,50,0.325602,0.029754,294,275,39,suco pronto,3999fa0b91,2.3303
66,38,50,0.307722,0.028236,290,271,38,suco pronto,dc467160a3,1.7963
66,39,50,0.327426,0.030567,289,270,40,biscoito,af1739e8da,1.7761
66,40,50,0.327852,0.030456,288,270,40,suco pronto,77e3b42b3a,1.7674
66,41,50,0.327959,0.030678,292,274,40,biscoito,30ff0a4539,2.0973
66,42,50,0.324937,0.030002,293,276,39,biscoito,8da3f2c051,1.7801
66,43,50,0.327959,0.030678,292,274,40,biscoito,30ff0a4539,2.0973
66,44,50,0.327959,0.030678,292,274,40,biscoito,30ff0a4539,2.0973
66,45,50,0.328052,0.030058,291,272,39,suco pronto,39a2f43fa3,1.6969
66,46,50,0.327852,0.030456,288,270,40,suco pronto,77e3b42b3a,1.7674
66,47,50,0.328052,0.030058,291,272,39,suco pronto,39a2f43fa3,1.6969
66,48,50,0.327852,0.030456,288,270,40,suco pronto,77e3b42b3a,1.7674
66,49,50,0.321355,0.029785,294,276,40,suco pronto,8d44cd52c6,1.7662
67,0,50,0.329250,0.030619,294,274,40,suco pronto,c92e771cc3,1.7841
67,1,50,0.328052,0.030058,291,272,39,suco pronto,39a2f43fa3,1.6969
67,2,50,0.328052,0.030058,291,272,39,suco pronto,39a2f43fa3,1.6969
67,3,50,0.328052,0.030058,291,272,39,suco pronto,39a2f43fa3,1.6969
67,4,50,0.328052,0.030058,291,272,39,suco pronto,39a2f43fa3,1.6969
67,5,50,0.328052,0.030058,291,272,39,suco pronto,39a2f43fa3,1.6969
67,6,50,0.328052,0.030058,291,272,39,suco pronto,39a2f43fa3,1.6969
67,7,50,0.327786,0.030552,292,274,40,suco pronto,4e83783d75,2.2002
67,8,50,0.328052,0.030058,291,272,39,suco pronto,39a2f43fa3,1.6969
67,9,50,0.327852,0.030456,288,270,40,suco pronto,77e3b42b3a,1.7674
67,10,50,0.325283,0.029927,292,273,39,suco pronto,e611bd8ecd,1.7807
67,11,50,0.328052,0.030058,291,272,39,suco pronto,39a2f43fa3,1.6969
67,12,50,0.328052,0.030058,291,272,39,suco pronto,39a2f43fa3,1.6969
67,13,50,0.328052,0.030058,291,272,39,suco pronto,39a2f43fa3,1.6969
67,14,50,0.328052,0.030058,291,272,39,suco pronto,39a2f43fa3,1.6969
67,15,50,0.328052,0.030058,291,272,39,suco pronto,39a2f43fa3,1.6969
67,16,50,0.328052,0.030058,291,272,39,suco pronto,39a2f43fa3,1.6969
67,17,50,0.328052,0.030058,291,272,39,suco pronto,39a2f43fa3,1.6969
67,18,50,0.325989,0.029709,290,271,39,suco pronto,099acb6ffc,1.6865
67,19,50,0.328052,0.030058,291,272,39,suco pronto,39a2f43fa3,1.6969
67,20,50,0.321662,0.029962,292,273,39,suco pronto,f515257ab4,1.7874
67,21,50,0.327773,0.031084,289,272,41,biscoito,acb7328a1c,1.8260
67,22,50,0.329250,0.030619,294,274,40,suco pronto,c92e771cc3,1.7841
67,23,50,0.327067,0.029820,296,275,39,suco pronto,03d8e7ab98,1.8006
67,24,50,0.327786,0.030552,292,274,40,suco pronto,4e83783d75,2.2002
67,25,50,0.319531,0.029304,290,272,39,suco pronto,deb5e5d245,2.0353
67,26,50,0.327959,0.030678,292,274,40,biscoito,30ff0a4539,2.0973
67,27,50,0.319105,0.030278,288,271,41,biscoito,44b87ab11c,1.7613
67,28,50,0.328052,0.030058,291,272,39,suco pronto,39a2f43fa3,1.6969
67,29,50,0.329517,0.030124,293,272,39,suco pronto,a3b39ae2cf,1.7459
67,30,50,0.327786,0.030552,292,274,40,suco pronto,4e83783d75,2.2002
67,31,50,0.327852,0.030456,288,270,40,suco pronto,77e3b42b3a,1.7674
67,32,50,0.328052,0.030058,291,272,39,suco pronto,39a2f43fa3,1.6969
67,33,50,0.327067,0.029820,296,275,39,suco pronto,03d8e7ab98,1.8006
67,34,50,0.327786,0.030552,292,274,40,suco pronto,4e83783d75,2.2002
67,35,50,0.327959,0.030678,292,274,40,biscoito,30ff0a4539,2.0973
67,36,50,0.329250,0.030619,294,274,40,suco pronto,c92e771cc3,1.7841
67,37,50,0.320703,0.029530,288,269,40,suco pronto,c4d6a03d4a,1.6879
67,38,50,0.327959,0.030678,292,274,40,biscoito,30ff0a4539,2.0973
67,39,50,0.314725,0.029008,292,273,39,suco pronto,315ab6d6e8,1.7807
67,40,50,0.327959,0.030678,292,274,40,biscoito,30ff0a4539,2.0973
67,41,50,0.328052,0.030058,291,272,39,suco pronto,39a2f43fa3,1.6969
67,42,50,0.324244,0.029638,294,273,39,suco pronto,a066d21ccd,1.8690
67,43,50,0.323699,0.030752,291,273,41,biscoito,4175647854,1.6504
67,44,50,0.323885,0.030326,293,276,40,biscoito,374052ce25,1.8167
67,45,50,0.327786,0.030552,292,274,40,suco pronto,4e83783d75,2.2002
67,46,50,0.317787,0.029955,289,271,40,suco pronto,b492dec0df,1.7711
67,47,50,0.327786,0.030552,292,274,40,suco pronto,4e83783d75,2.2002
67,48,50,0.319824,0.029965,296,276,40,suco pronto,b49bd90ebc,1.6919
67,49,50,0.328052,0.030058,291,272,39,suco pronto,39a2f43fa3,1.6969
68,0,50,0.329517,0.030124,293,272,39,suco pronto,a3b39ae2cf,1.7459
68,1,50,0.329250,0.030619,294,274,40,suco pronto,c92e771cc3,1.7841
68,2,50,0.329250,0.030619,294,274,40,suco pronto,c92e771cc3,1.7841
68,3,50,0.329250,0.030619,294,274,40,suco pronto,c92e771cc3,1.7841
68,4,50,0.328052,0.030058,291,272,39,suco pronto,39a2f43fa3,1.6969
68,5,50,0.329250,0.030619,294,274,40,suco pronto,c92e771cc3,1.7841
68,6,50,0.329250,0.030619,294,274,40,suco pronto,c92e771cc3,1.7841
68,7,50,0.328052,0.030058,291,272,39,suco pronto,39a2f43fa3,1.6969
68,8,50,0.328052,0.030058,291,272,39,suco pronto,39a2f43fa3,1.6969
68,9,50,0.328052,0.030058,291,272,39,suco pronto,39a2f43fa3,1.6969
68,10,50,0.329250,0.030619,294,274,40,suco pronto,c92e771cc3,1.7841
68,11,50,0.328052,0.030058,291,272,39,suco pronto,39a2f43fa3,1.6969
68,12,50,0.324830,0.030312,289,271,40,suco pronto,274d248df0,1.7597
68,13,50,0.328052,0.030058,291,272,39,suco pronto,39a2f43fa3,1.6969
68,14,50,0.328052,0.030058,291,272,39,suco pronto,39a2f43fa3,1.6969
68,15,50,0.328052,0.030058,291,272,39,suco pronto,39a2f43fa3,1.6969
68,16,50,0.325190,0.029351,291,271,38,suco pronto,b375bb1590,1.6304
68,17,50,0.328052,0.030058,291,272,39,suco pronto,39a2f43fa3,1.6969
68,18,50,0.328052,0.030058,291,272,39,suco pronto,39a2f43fa3,1.6969
68,19,50,0.328052,0.030058,291,272,39,suco pronto,39a2f43fa3,1.6969
68,20,50,0.328052,0.030058,291,272,39,suco pronto,39a2f43fa3,1.6969
68,21,50,0.327067,0.029820,296,275,39,suco pronto,03d8e7ab98,1.8006
68,22,50,0.329503,0.030526,292,272,40,suco pronto,4254c042c7,1.8163
68,23,50,0.328052,0.030058,291,272,39,suco pronto,39a2f43fa3,1.6969
68,24,50,0.328052,0.030058,291,272,39,suco pronto,39a2f43fa3,1.6969
68,25,50,0.326148,0.030237,290,272,40,suco pronto,85fabf01a9,1.7194
68,26,50,0.328052,0.030058,291,272,39,suco pronto,39a2f43fa3,1.6969
68,27,50,0.328052,0.030058,291,272,39,suco pronto,39a2f43fa3,1.6969
68,28,50,0.328052,0.030058,291,272,39,suco pronto,39a2f43fa3,1.6969
68,29,50,0.328052,0.030058,291,272,39,suco pronto,39a2f43fa3,1.6969
68,30,50,0.328052,0.030058,291,272,39,suco pronto,39a2f43fa3,1.6969
68,31,50,0.319571,0.029204,286,268,39,suco pronto,aa65a007b3,1.6487
68,32,50,0.328026,0.030587,288,270,40,biscoito,3f6fbb6a36,1.7687
68,33,50,0.328052,0.030058,291,272,39,suco pronto,39a2f43fa3,1.6969
68,34,50,0.327786,0.030552,292,274,40,suco pronto,4e83783d75,2.2002
68,35,50,0.328052,0.030058,291,272,39,suco pronto,39a2f43fa3,1.6969
68,36,50,0.328052,0.030058,291,272,39,suco pronto,39a2f43fa3,1.6969
68,37,50,0.316975,0.029686,292,273,41,biscoito,598380b5e3,1.7497
68,38,50,0.329676,0.030656,292,272,40,biscoito,6e569f610c,1.5960
68,39,50,0.328052,0.030058,291,272,39,suco pronto,39a2f43fa3,1.6969
68,40,50,0.328052,0.030058,291,272,39,suco pronto,39a2f43fa3,1.6969
68,41,50,0.326095,0.030387,290,269,40,biscoito,f864138401,1.7806
68,42,50,0.329370,0.030733,294,274,40,biscoito,f9cb0fe839,1.5982
68,43,50,0.328052,0.030058,291,272,39,suco pronto,39a2f43fa3,1.6969
68,44,50,0.328052,0.030058,291,272,39,suco pronto,39a2f43fa3,1.6969
68,45,50,0.323805,0.029350,294,273,39,suco pronto,324aa7c3e5,1.7527
68,46,50,0.327786,0.030552,292,274,40,suco pronto,4e83783d75,2.2002
68,47,50,0.319824,0.029965,296,276,40,suco pronto,b49bd90ebc,1.6919
68,48,50,0.328052,0.030058,291,272,39,suco pronto,39a2f43fa3,1.6969
68,49,50,0.328052,0.030058,291,272,39,suco pronto,39a2f43fa3,1.6969
69,0,50,0.329676,0.030656,292,272,40,biscoito,6e569f610c,1.5960
69,1,50,0.329517,0.030124,293,272,39,suco pronto,a3b39ae2cf,1.7459
69,2,50,0.329503,0.030526,292,272,40,suco pronto,4254c042c7,1.8163
69,3,50,0.329370,0.030733,294,274,40,biscoito,f9cb0fe839,1.5982
69,4,50,0.329250,0.030619,294,274,40,suco pronto,c92e771cc3,1.7841
69,5,50,0.329517,0.030124,293,272,39,suco pronto,a3b39ae2cf,1.7459
69,6,50,0.327786,0.030552,292,274,40,suco pronto,4e83783d75,2.2002
69,7,50,0.328052,0.030058,291,272,39,suco pronto,39a2f43fa3,1.6969
69,8,50,0.328052,0.030058,291,272,39,suco pronto,39a2f43fa3,1.6969
69,9,50,0.328745,0.030442,296,276,40,biscoito,98acee05f6,1.8832
69,10,50,0.327320,0.029728,294,273,39,suco pronto,2131f9d2b4,1.8215
69,11,50,0.328052,0.030058,291,272,39,suco pronto,39a2f43fa3,1.6969
69,12,50,0.327813,0.030174,294,274,39,suco pronto,eb5cdb22ae,1.8557
69,13,50,0.329676,0.030656,292,272,40,biscoito,6e569f610c,1.5960
69,14,50,0.328438,0.030502,292,273,40,suco pronto,eeeb5e1972,1.6673
69,15,50,0.329250,0.030619,294,274,40,suco pronto,c92e771cc3,1.7841
69,16,50,0.328052,0.030058,291,272,39,suco pronto,39a2f43fa3,1.6969
69,17,50,0.329250,0.030619,294,274,40,suco pronto,c92e771cc3,1.7841
69,18,50,0.329250,0.030619,294,274,40,suco pronto,c92e771cc3,1.7841
69,19,50,0.327786,0.030552,292,274,40,suco pronto,4e83783d75,2.2002
69,20,50,0.329370,0.030733,294,274,40,biscoito,f9cb0fe839,1.5982
69,21,50,0.328052,0.030058,291,272,39,suco pronto,39a2f43fa3,1.6969
69,22,50,0.323406,0.029373,290,269,39,suco pronto,1c164c12c0,1.6689
69,23,50,0.327786,0.030552,292,274,40,suco pronto,4e83783d75,2.2002
69,24,50,0.320956,0.029068,293,272,39,suco pronto,2291f47baf,1.6672
69,25,50,0.329503,0.030526,292,272,40,suco pronto,4254c042c7,1.8163
69,26,50,0.327067,0.029820,296,275,39,suco pronto,03d8e7ab98,1.8006
69,27,50,0.328052,0.030058,291,272,39,suco pronto,39a2f43fa3,1.6969
69,28,50,0.322793,0.029976,291,271,40,suco pronto,96c50eb2d9,1.6489
69,29,50,0.329250,0.030619,294,274,40,suco pronto,c92e771cc3,1.7841
69,30,50,0.329503,0.030526,292,272,40,suco pronto,4254c042c7,1.8163
69,31,50,0.327786,0.030552,292,274,40,suco pronto,4e83783d75,2.2002
69,32,50,0.329250,0.030619,294,274,40,suco pronto,c92e771cc3,1.7841
69,33,50,0.329250,0.030619,294,274,40,suco pronto,c92e771cc3,1.7841
69,34,50,0.329250,0.030619,294,274,40,suco pronto,c92e771cc3,1.7841
69,35,50,0.328052,0.030058,291,272,39,suco pronto,39a2f43fa3,1.6969
69,36,50,0.329250,0.030619,294,274,40,suco pronto,c92e771cc3,1.7841
69,37,50,0.329370,0.030733,294,274,40,biscoito,f9cb0fe839,1.5982
69,38,50,0.328052,0.030058,291,272,39,suco pronto,39a2f43fa3,1.6969
69,39,50,0.323752,0.029416,292,269,39,suco pronto,ad20787490,1.7128
69,40,50,0.328052,0.030058,291,272,39,suco pronto,39a2f43fa3,1.6969
69,41,50,0.329370,0.030733,294,274,40,biscoito,f9cb0fe839,1.5982
69,42,50,0.329503,0.030526,292,272,40,suco pronto,4254c042c7,1.8163
69,43,50,0.325602,0.029754,294,275,39,suco pronto,3999fa0b91,2.3303
69,44,50,0.303222,0.028683,291,270,39,suco pronto,e3d991b9ae,1.7970
69,45,50,0.328052,0.030058,291,272,39,suco pronto,39a2f43fa3,1.6969
69,46,50,0.329503,0.030526,292,272,40,suco pronto,4254c042c7,1.8163
69,47,50,0.329370,0.030733,294,274,40,biscoito,f9cb0fe839,1.5982
69,48,50,0.329250,0.030619,294,274,40,suco pronto,c92e771cc3,1.7841
69,49,50,0.326894,0.030544,291,273,40,suco pronto,f746b4b896,1.7325
70,0,50,0.329676,0.030656,292,272,40,biscoito,6e569f610c,1.5960
70,1,50,0.329676,0.030656,292,272,40,biscoito,6e569f610c,1.5960
70,2,50,0.329517,0.030124,293,272,39,suco pronto,a3b39ae2cf,1.7459
70,3,50,0.329517,0.030124,293,272,39,suco pronto,a3b39ae2cf,1.7459
70,4,50,0.329503,0.030526,292,272,40,suco pronto,4254c042c7,1.8163
70,5,50,0.329503,0.030526,292,272,40,suco pronto,4254c042c7,1.8163
70,6,50,0.329503,0.030526,292,272,40,suco pronto,4254c042c7,1.8163
70,7,50,0.327600,0.029737,293,272,39,suco pronto,0f2d3dd286,1.8799
70,8,50,0.329250,0.030619,294,274,40,suco pronto,c92e771cc3,1.7841
70,9,50,0.329517,0.030124,293,272,39,suco pronto,a3b39ae2cf,1.7459
70,10,50,0.328052,0.030058,291,272,39,suco pronto,39a2f43fa3,1.6969
70,11,50,0.329503,0.030526,292,272,40,suco pronto,4254c042c7,1.8163
70,12,50,0.329250,0.030619,294,274,40,suco pronto,c92e771cc3,1.7841
70,13,50,0.329676,0.030656,292,272,40,biscoito,6e569f610c,1.5960
70,14,50,0.329370,0.030733,294,274,40,biscoito,f9cb0fe839,1.5982
70,15,50,0.329250,0.030619,294,274,40,suco pronto,c92e771cc3,1.7841
70,16,50,0.327054,0.030221,295,275,40,suco pronto,e1bffadfc5,1.8229
70,17,50,0.329503,0.030526,292,272,40,suco pronto,4254c042c7,1.8163
70,18,50,0.329503,0.030526,292,272,40,suco pronto,4254c042c7,1.8163
70,19,50,0.329517,0.030124,293,272,39,suco pronto,a3b39ae2cf,1.7459
70,20,50,0.326415,0.030218,296,276,40,biscoito,890e8b3dc8,1.8360
70,21,50,0.327067,0.029820,296,275,39,suco pronto,03d8e7ab98,1.8006
70,22,50,0.329503,0.030526,292,272,40,suco pronto,4254c042c7,1.8163
70,23,50,0.323406,0.030194,291,271,40,biscoito,8577253f1f,1.7691
70,24,50,0.327373,0.029883,294,273,39,biscoito,4bc282e155,1.6624
70,25,50,0.320077,0.029873,294,274,40,suco pronto,58a8671677,1.7877
70,26,50,0.328438,0.030502,292,273,40,suco pronto,eeeb5e1972,1.6673
70,27,50,0.328039,0.030282,294,274,40,suco pronto,abf55e13b4,1.7075
70,28,50,0.327054,0.030221,295,275,40,suco pronto,e1bffadfc5,1.8229
70,29,50,0.329250,0.030619,294,274,40,suco pronto,c92e771cc3,1.7841
70,30,50,0.329503,0.030526,292,272,40,suco pronto,4254c042c7,1.8163
70,31,50,0.329250,0.030619,294,274,40,suco pronto,c92e771cc3,1.7841
70,32,50,0.329503,0.030526,292,272,40,suco pronto,4254c042c7,1.8163
70,33,50,0.325962,0.030239,293,274,40,suco pronto,16af2d9330,1.7667
70,34,50,0.328052,0.030058,291,272,39,suco pronto,39a2f43fa3,1.6969
70,35,50,0.329676,0.030656,292,272,40,biscoito,6e569f610c,1.5960
70,36,50,0.327799,0.030150,293,274,39,suco pronto,036a63cc53,1.7847
70,37,50,0.329370,0.030733,294,274,40,biscoito,f9cb0fe839,1.5982
70,38,50,0.329503,0.030526,292,272,40,suco pronto,4254c042c7,1.8163
70,39,50,0.329517,0.030124,293,272,39,suco pronto,a3b39ae2cf,1.7459
70,40,50,0.327000,0.030607,293,274,40,suco pronto,de0e81f57b,1.7145
70,41,50,0.329517,0.030124,293,272,39,suco pronto,a3b39ae2cf,1.7459
70,42,50,0.324524,0.029749,295,273,39,suco pronto,bdc820c72c,1.6665
70,43,50,0.328705,0.030173,293,271,39,suco pronto,0bcea6341a,1.8293
70,44,50,0.329676,0.030656,292,272,40,biscoito,6e569f610c,1.5960
70,45,50,0.329250,0.030619,294,274,40,suco pronto,c92e771cc3,1.7841
70,46,50,0.328438,0.030502,292,273,40,suco pronto,eeeb5e1972,1.6673
70,47,50,0.326122,0.030842,292,274,41,suco pronto,e44bd677b8,1.6801
70,48,50,0.324884,0.029326,295,273,39,biscoito,2b8692c7c7,1.6195
70,49,50,0.324378,0.029491,290,268,39,biscoito,4ba8311f98,1.7986
71,0,50,0.329676,0.030656,292,272,40,biscoito,6e569f610c,1.5960
71,1,50,0.329676,0.030656,292,272,40,biscoito,6e569f610c,1.5960
71,2,50,0.329676,0.030656,292,272,40,biscoito,6e569f610c,1.5960
71,3,50,0.329676,0.030656,292,272,40,biscoito,6e569f610c,1.5960
71,4,50,0.329676,0.030656,292,272,40,biscoito,6e569f610c,1.5960
71,5,50,0.329676,0.030656,292,272,40,biscoito,6e569f610c,1.5960
71,6,50,0.329503,0.030526,292,272,40,suco pronto,4254c042c7,1.8163
71,7,50,0.329503,0.030526,292,272,40,suco pronto,4254c042c7,1.8163
71,8,50,0.329676,0.030656,292,272,40,biscoito,6e569f610c,1.5960
71,9,50,0.329676,0.030656,292,272,40,biscoito,6e569f610c,1.5960
71,10,50,0.329503,0.030526,292,272,40,suco pronto,4254c042c7,1.8163
71,11,50,0.327320,0.029728,294,273,39,suco pronto,2131f9d2b4,1.8215
71,12,50,0.329517,0.030124,293,272,39,suco pronto,a3b39ae2cf,1.7459
71,13,50,0.329517,0.030124,293,272,39,suco pronto,a3b39ae2cf,1.7459
71,14,50,0.318520,0.029104,290,268,38,suco pronto,86e76b4717,1.8037
71,15,50,0.322793,0.029976,291,271,40,suco pronto,96c50eb2d9,1.6489
71,16,50,0.323525,0.029962,292,271,39,suco pronto,44afc35dbe,1.6688
71,17,50,0.322793,0.029976,291,271,40,suco pronto,96c50eb2d9,1.6489
71,18,50,0.327600,0.029737,293,272,39,suco pronto,0f2d3dd286,1.8799
71,19,50,0.329503,0.030526,292,272,40,suco pronto,4254c042c7,1.8163
71,20,50,0.329144,0.029967,294,274,39,suco pronto,5d5446fb44,1.7331
71,21,50,0.327067,0.029820,296,275,39,suco pronto,03d8e7ab98,1.8006
71,22,50,0.329517,0.030124,293,272,39,suco pronto,a3b39ae2cf,1.7459
71,23,50,0.327426,0.030227,292,270,39,suco pronto,123fd2fc2f,1.6985
71,24,50,0.322727,0.030307,289,268,40,suco pronto,8d043dc9e5,1.8164
71,25,50,0.329676,0.030656,292,272,40,biscoito,6e569f610c,1.5960
71,26,50,0.329676,0.030656,292,272,40,biscoito,6e569f610c,1.5960
71,27,50,0.329517,0.030124,293,272,39,suco pronto,a3b39ae2cf,1.7459
71,28,50,0.328891,0.030062,296,276,39,suco pronto,8e833952e7,1.7494
71,29,50,0.329503,0.030526,292,272,40,suco pronto,4254c042c7,1.8163
71,30,50,0.329503,0.030526,292,272,40,suco pronto,4254c042c7,1.8163
71,31,50,0.327320,0.029728,294,273,39,suco pronto,2131f9d2b4,1.8215
71,32,50,0.327440,0.029733,293,272,39,suco pronto,395dc7ad97,1.5910
71,33,50,0.325776,0.030191,292,272,40,suco pronto,810b2063de,1.8470
71,34,50,0.329517,0.030124,293,272,39,suco pronto,a3b39ae2cf,1.7459
71,35,50,0.329517,0.030124,293,272,39,suco pronto,a3b39ae2cf,1.7459
71,36,50,0.329517,0.030124,293,272,39,suco pronto,a3b39ae2cf,1.7459
71,37,50,0.329517,0.030124,293,272,39,suco pronto,a3b39ae2cf,1.7459
71,38,50,0.329144,0.029967,294,274,39,suco pronto,5d5446fb44,1.7331
71,39,50,0.329517,0.030124,293,272,39,suco pronto,a3b39ae2cf,1.7459
71,40,50,0.329676,0.030656,292,272,40,biscoito,6e569f610c,1.5960
71,41,50,0.329503,0.030526,292,272,40,suco pronto,4254c042c7,1.8163
71,42,50,0.327240,0.029494,291,270,39,suco pronto,92016053cf,1.7122
71,43,50,0.329250,0.030619,294,274,40,suco pronto,c92e771cc3,1.7841
71,44,50,0.329676,0.030656,292,272,40,biscoito,6e569f610c,1.5960
71,45,50,0.329503,0.030526,292,272,40,suco pronto,4254c042c7,1.8163
71,46,50,0.329503,0.030526,292,272,40,suco pronto,4254c042c7,1.8163
71,47,50,0.329503,0.030526,292,272,40,suco pronto,4254c042c7,1.8163
71,48,50,0.329037,0.030435,293,272,40,suco pronto,6f6d49edc6,1.7900
71,49,50,0.316975,0.029391,292,272,39,suco pronto,058795d920,1.8285
72,0,50,0.329676,0.030656,292,272,40,biscoito,6e569f610c,1.5960
72,1,50,0.329676,0.030656,292,272,40,biscoito,6e569f610c,1.5960
72,2,50,0.329676,0.030656,292,272,40,biscoito,6e569f610c,1.5960
72,3,50,0.329676,0.030656,292,272,40,biscoito,6e569f610c,1.5960
72,4,50,0.329676,0.030656,292,272,40,biscoito,6e569f610c,1.5960
72,5,50,0.329517,0.030124,293,272,39,suco pronto,a3b39ae2cf,1.7459
72,6,50,0.329517,0.030124,293,272,39,suco pronto,a3b39ae2cf,1.7459
72,7,50,0.329517,0.030124,293,272,39,suco pronto,a3b39ae2cf,1.7459
72,8,50,0.329676,0.030656,292,272,40,biscoito,6e569f610c,1.5960
72,9,50,0.329676,0.030656,292,272,40,biscoito,6e569f610c,1.5960
72,10,50,0.329676,0.030656,292,272,40,biscoito,6e569f610c,1.5960
72,11,50,0.327320,0.029728,294,273,39,suco pronto,2131f9d2b4,1.8215
72,12,50,0.327560,0.030405,292,273,40,suco pronto,ba8e108ad8,2.0417
72,13,50,0.329676,0.030656,292,272,40,biscoito,6e569f610c,1.5960
72,14,50,0.329676,0.030656,292,272,40,biscoito,6e569f610c,1.5960
72,15,50,0.329517,0.030124,293,272,39,suco pronto,a3b39ae2cf,1.7459
72,16,50,0.329517,0.030124,293,272,39,suco pronto,a3b39ae2cf,1.7459
72,17,50,0.329517,0.030124,293,272,39,suco pronto,a3b39ae2cf,1.7459
72,18,50,0.329517,0.030124,293,272,39,suco pronto,a3b39ae2cf,1.7459
72,19,50,0.329517,0.030124,293,272,39,suco pronto,a3b39ae2cf,1.7459
72,20,50,0.329517,0.030124,293,272,39,suco pronto,a3b39ae2cf,1.7459
72,21,50,0.329676,0.030656,292,272,40,biscoito,6e569f610c,1.5960
72,22,50,0.326960,0.030222,292,270,40,biscoito,937fe7feb9,1.8462
72,23,50,0.329503,0.030526,292,272,40,suco pronto,4254c042c7,1.8163
72,24,50,0.329676,0.030656,292,272,40,biscoito,6e569f610c,1.5960
72,25,50,0.329676,0.030656,292,272,40,biscoito,6e569f610c,1.5960
72,26,50,0.329676,0.030656,292,272,40,biscoito,6e569f610c,1.5960
72,27,50,0.329503,0.030526,292,272,40,suco pronto,4254c042c7,1.8163
72,28,50,0.326135,0.030442,293,274,40,suco pronto,98df013873,1.7167
72,29,50,0.322420,0.029608,292,272,39,suco pronto,124ef70be1,1.7552
72,30,50,0.322793,0.029976,291,271,40,suco pronto,96c50eb2d9,1.6489
72,31,50,0.329676,0.030656,292,272,40,biscoito,6e569f610c,1.5960
72,32,50,0.329517,0.030124,293,272,39,suco pronto,a3b39ae2cf,1.7459
72,33,50,0.310185,0.029169,293,272,39,suco pronto,fa3fb10530,2.1074
72,34,50,0.326867,0.029731,290,269,39,suco pronto,eaba198199,1.7313
72,35,50,0.329676,0.030656,292,272,40,biscoito,6e569f610c,1.5960
72,36,50,0.329676,0.030656,292,272,40,biscoito,6e569f610c,1.5960
72,37,50,0.329517,0.030124,293,272,39,suco pronto,a3b39ae2cf,1.7459
72,38,50,0.324018,0.030050,289,268,40,suco pronto,66e571a6a5,1.8827
72,39,50,0.329676,0.030656,292,272,40,biscoito,6e569f610c,1.5960
72,40,50,0.329676,0.030656,292,272,40,biscoito,6e569f610c,1.5960
72,41,50,0.323406,0.029373,290,269,39,suco pronto,1c164c12c0,1.6689
72,42,50,0.329676,0.030656,292,272,40,biscoito,6e569f610c,1.5960
72,43,50,0.328984,0.030326,294,273,40,biscoito,e984376377,1.9479
72,44,50,0.329503,0.030526,292,272,40,suco pronto,4254c042c7,1.8163
72,45,50,0.318799,0.029748,291,270,39,biscoito,69a7a622b7,1.9418
72,46,50,0.329676,0.030656,292,272,40,biscoito,6e569f610c,1.5960
72,47,50,0.329503,0.030526,292,272,40,suco pronto,4254c042c7,1.8163
72,48,50,0.323459,0.030275,288,266,40,suco pronto,967441200a,1.7614
72,49,50,0.329517,0.030124,293,272,39,suco pronto,a3b39ae2cf,1.7459
73,0,50,0.329676,0.030656,292,272,40,biscoito,6e569f610c,1.5960
73,1,50,0.329676,0.030656,292,272,40,biscoito,6e569f610c,1.5960
73,2,50,0.329676,0.030656,292,272,40,biscoito,6e569f610c,1.5960
73,3,50,0.329676,0.030656,292,272,40,biscoito,6e569f610c,1.5960
73,4,50,0.329676,0.030656,292,272,40,biscoito,6e569f610c,1.5960
73,5,50,0.329503,0.030526,292,272,40,suco pronto,4254c042c7,1.8163
73,6,50,0.329676,0.030656,292,272,40,biscoito,6e569f610c,1.5960
73,7,50,0.329676,0.030656,292,272,40,biscoito,6e569f610c,1.5960
73,8,50,0.329676,0.030656,292,272,40,biscoito,6e569f610c,1.5960
73,9,50,0.329517,0.030124,293,272,39,suco pronto,a3b39ae2cf,1.7459
73,10,50,0.329676,0.030656,292,272,40,biscoito,6e569f610c,1.5960
73,11,50,0.329676,0.030656,292,272,40,biscoito,6e569f610c,1.5960
73,12,50,0.329676,0.030656,292,272,40,biscoito,6e569f610c,1.5960
73,13,50,0.316123,0.029776,290,269,40,biscoito,79ef94130c,1.8430
73,14,50,0.329676,0.030656,292,272,40,biscoito,6e569f610c,1.5960
73,15,50,0.329517,0.030124,293,272,39,suco pronto,a3b39ae2cf,1.7459
73,16,50,0.326641,0.030387,291,273,40,suco pronto,a030e6b14d,1.7008
73,17,50,0.329676,0.030656,292,272,40,biscoito,6e569f610c,1.5960
73,18,50,0.329676,0.030656,292,272,40,biscoito,6e569f610c,1.5960
73,19,50,0.329517,0.030124,293,272,39,suco pronto,a3b39ae2cf,1.7459
73,20,50,0.327000,0.029141,294,269,38,suco pronto,da5d039887,1.7551
73,21,50,0.329676,0.030656,292,272,40,biscoito,6e569f610c,1.5960
73,22,50,0.329676,0.030656,292,272,40,biscoito,6e569f610c,1.5960
73,23,50,0.329676,0.030656,292,272,40,biscoito,6e569f610c,1.5960
73,24,50,0.329676,0.030656,292,272,40,biscoito,6e569f610c,1.5960
73,25,50,0.329676,0.030656,292,272,40,biscoito,6e569f610c,1.5960
73,26,50,0.329676,0.030656,292,272,40,biscoito,6e569f610c,1.5960
73,27,50,0.329676,0.030656,292,272,40,biscoito,6e569f610c,1.5960
73,28,50,0.329676,0.030656,292,272,40,biscoito,6e569f610c,1.5960
73,29,50,0.329676,0.030656,292,272,40,biscoito,6e569f610c,1.5960
73,30,50,0.329676,0.030656,292,272,40,biscoito,6e569f610c,1.5960
73,31,50,0.329676,0.030656,292,272,40,biscoito,6e569f610c,1.5960
73,32,50,0.329676,0.030656,292,272,40,biscoito,6e569f610c,1.5960
73,33,50,0.329676,0.030656,292,272,40,biscoito,6e569f610c,1.5960
73,34,50,0.329676,0.030656,292,272,40,biscoito,6e569f610c,1.5960
73,35,50,0.329676,0.030656,292,272,40,biscoito,6e569f610c,1.5960
73,36,50,0.329676,0.030656,292,272,40,biscoito,6e569f610c,1.5960
73,37,50,0.329503,0.030526,292,272,40,suco pronto,4254c042c7,1.8163
73,38,50,0.309506,0.028711,295,274,39,suco pronto,eb332496bf,1.7568
73,39,50,0.329676,0.030656,292,272,40,biscoito,6e569f610c,1.5960
73,40,50,0.329676,0.030656,292,272,40,biscoito,6e569f610c,1.5960
73,41,50,0.329517,0.030124,293,272,39,suco pronto,a3b39ae2cf,1.7459
73,42,50,0.329676,0.030656,292,272,40,biscoito,6e569f610c,1.5960
73,43,50,0.327320,0.029728,294,273,39,suco pronto,2131f9d2b4,1.8215
73,44,50,0.329676,0.030656,292,272,40,biscoito,6e569f610c,1.5960
73,45,50,0.329676,0.030656,292,272,40,biscoito,6e569f610c,1.5960
73,46,50,0.329676,0.030656,292,272,40,biscoito,6e569f610c,1.5960
73,47,50,0.329676,0.030656,292,272,40,biscoito,6e569f610c,1.5960
73,48,50,0.329676,0.030656,292,272,40,biscoito,6e569f610c,1.5960
73,49,50,0.329676,0.030656,292,272,40,biscoito,6e569f610c,1.5960
74,0,50,0.329676,0.030656,292,272,40,biscoito,6e569f610c,1.5960
74,1,50,0.329676,0.030656,292,272,40,biscoito,6e569f610c,1.5960
74,2,50,0.329676,0.030656,292,272,40,biscoito,6e569f610c,1.5960
74,3,50,0.329676,0.030656,292,272,40,biscoito,6e569f610c,1.5960
74,4,50,0.329676,0.030656,292,272,40,biscoito,6e569f610c,1.5960
74,5,50,0.329676,0.030656,292,272,40,biscoito,6e569f610c,1.5960
74,6,50,0.329676,0.030656,292,272,40,biscoito,6e569f610c,1.5960
74,7,50,0.329676,0.030656,292,272,40,biscoito,6e569f610c,1.5960
74,8,50,0.329676,0.030656,292,272,40,biscoito,6e569f610c,1.5960
74,9,50,0.329676,0.030656,292,272,40,biscoito,6e569f610c,1.5960
74,10,50,0.329676,0.030656,292,272,40,biscoito,6e569f610c,1.5960
74,11,50,0.324657,0.029413,290,268,39,biscoito,ec035a41af,1.9240
74,12,50,0.326415,0.029861,288,266,39,biscoito,c3ca570654,1.6739
74,13,50,0.328811,0.030309,290,272,39,biscoito,1477226f67,1.7451
74,14,50,0.329676,0.030656,292,272,40,biscoito,6e569f610c,1.5960
74,15,50,0.329676,0.030656,292,272,40,biscoito,6e569f610c,1.5960
74,16,50,0.329676,0.030656,292,272,40,biscoito,6e569f610c,1.5960
74,17,50,0.329676,0.030656,292,272,40,biscoito,6e569f610c,1.5960
74,18,50,0.329676,0.030656,292,272,40,biscoito,6e569f610c,1.5960
74,19,50,0.329676,0.030656,292,272,40,biscoito,6e569f610c,1.5960
74,20,50,0.329676,0.030656,292,272,40,biscoito,6e569f610c,1.5960
74,21,50,0.329676,0.030656,292,272,40,biscoito,6e569f610c,1.5960
74,22,50,0.324724,0.030806,289,271,41,suco pronto,b5c7a8d0db,1.6991
74,23,50,0.329676,0.030656,292,272,40,biscoito,6e569f610c,1.5960
74,24,50,0.323512,0.029851,291,273,40,biscoito,3aef4ade9f,1.7670
74,25,50,0.329676,0.030656,292,272,40,biscoito,6e569f610c,1.5960
74,26,50,0.320397,0.030051,293,273,40,sabonete,d85eb453ca,1.7935
74,27,50,0.329676,0.030656,292,272,40,biscoito,6e569f610c,1.5960
74,28,50,0.329676,0.030656,292,272,40,biscoito,6e569f610c,1.5960
74,29,50,0.329676,0.030656,292,272,40,biscoito,6e569f610c,1.5960
74,30,50,0.329676,0.030656,292,272,40,biscoito,6e569f610c,1.5960
74,31,50,0.329676,0.030656,292,272,40,biscoito,6e569f610c,1.5960
74,32,50,0.329676,0.030656,292,272,40,biscoito,6e569f610c,1.5960
74,33,50,0.329676,0.030656,292,272,40,biscoito,6e569f610c,1.5960
74,34,50,0.329676,0.030656,292,272,40,biscoito,6e569f610c,1.5960
74,35,50,0.329676,0.030656,292,272,40,biscoito,6e569f610c,1.5960
74,36,50,0.329676,0.030656,292,272,40,biscoito,6e569f610c,1.5960
74,37,50,0.329676,0.030656,292,272,40,biscoito,6e569f610c,1.5960
74,38,50,0.329676,0.030656,292,272,40,biscoito,6e569f610c,1.5960
74,39,50,0.329676,0.030656,292,272,40,biscoito,6e569f610c,1.5960
74,40,50,0.329676,0.030656,292,272,40,biscoito,6e569f610c,1.5960
74,41,50,0.329676,0.030656,292,272,40,biscoito,6e569f610c,1.5960
74,42,50,0.329676,0.030656,292,272,40,biscoito,6e569f610c,1.5960
74,43,50,0.329676,0.030656,292,272,40,biscoito,6e569f610c,1.5960
74,44,50,0.329676,0.030656,292,272,40,biscoito,6e569f610c,1.5960
74,45,50,0.329676,0.030656,292,272,40,biscoito,6e569f610c,1.5960
74,46,50,0.329676,0.030656,292,272,40,biscoito,6e569f610c,1.5960
74,47,50,0.329676,0.030656,292,272,40,biscoito,6e569f610c,1.5960
74,48,50,0.329676,0.030656,292,272,40,biscoito,6e569f610c,1.5960
74,49,50,0.329676,0.030656,292,272,40,biscoito,6e569f610c,1.5960
75,0,50,0.329676,0.030656,292,272,40,biscoito,6e569f610c,1.5960
75,1,50,0.329676,0.030656,292,272,40,biscoito,6e569f610c,1.5960
75,2,50,0.329676,0.030656,292,272,40,biscoito,6e569f610c,1.5960
75,3,50,0.329676,0.030656,292,272,40,biscoito,6e569f610c,1.5960
75,4,50,0.329676,0.030656,292,272,40,biscoito,6e569f610c,1.5960
75,5,50,0.329676,0.030656,292,272,40,biscoito,6e569f610c,1.5960
75,6,50,0.329676,0.030656,292,272,40,biscoito,6e569f610c,1.5960
75,7,50,0.328318,0.030287,290,270,39,biscoito,dc0d0a504f,1.8985
75,8,50,0.329676,0.030656,292,272,40,biscoito,6e569f610c,1.5960
75,9,50,0.329676,0.030656,292,272,40,biscoito,6e569f610c,1.5960
75,10,50,0.329676,0.030656,292,272,40,biscoito,6e569f610c,1.5960
75,11,50,0.329676,0.030656,292,272,40,biscoito,6e569f610c,1.5960
75,12,50,0.329676,0.030656,292,272,40,biscoito,6e569f610c,1.5960
75,13,50,0.329676,0.030656,292,272,40,biscoito,6e569f610c,1.5960
75,14,50,0.329676,0.030656,292,272,40,biscoito,6e569f610c,1.5960
75,15,50,0.329676,0.030656,292,272,40,biscoito,6e569f610c,1.5960
75,16,50,0.329676,0.030656,292,272,40,biscoito,6e569f610c,1.5960
75,17,50,0.329676,0.030656,292,272,40,biscoito,6e569f610c,1.5960
75,18,50,0.311663,0.028767,293,273,39,biscoito,a54c7d67e7,1.6714
75,19,50,0.329676,0.030656,292,272,40,biscoito,6e569f610c,1.5960
75,20,50,0.329676,0.030656,292,272,40,biscoito,6e569f610c,1.5960
75,21,50,0.329676,0.030656,292,272,40,biscoito,6e569f610c,1.5960
75,22,50,0.329676,0.030656,292,272,40,biscoito,6e569f610c,1.5960
75,23,50,0.329676,0.030656,292,272,40,biscoito,6e569f610c,1.5960
75,24,50,0.326481,0.030525,289,271,40,biscoito,9468884856,1.7598
75,25,50,0.329676,0.030656,292,272,40,biscoito,6e569f610c,1.5960
75,26,50,0.329676,0.030656,292,272,40,biscoito,6e569f610c,1.5960
75,27,50,0.329676,0.030656,292,272,40,biscoito,6e569f610c,1.5960
75,28,50,0.319172,0.030016,290,270,40,biscoito,6eaf428b88,1.7569
75,29,50,0.329676,0.030656,292,272,40,biscoito,6e569f610c,1.5960
75,30,50,0.323046,0.030139,292,272,40,biscoito,000be45a90,1.7810
75,31,50,0.329676,0.030656,292,272,40,biscoito,6e569f610c,1.5960
75,32,50,0.327120,0.029645,289,267,39,biscoito,8eb375d35a,1.6455
75,33,50,0.329676,0.030656,292,272,40,biscoito,6e569f610c,1.5960
75,34,50,0.329676,0.030656,292,272,40,biscoito,6e569f610c,1.5960
75,35,50,0.319798,0.030281,295,274,41,biscoito,8d49b50803,1.7757
75,36,50,0.331128,0.031063,290,270,40,biscoito,79c1c0406c,1.7518
75,37,50,0.329676,0.030656,292,272,40,biscoito,6e569f610c,1.5960
75,38,50,0.329676,0.030656,292,272,40,biscoito,6e569f610c,1.5960
75,39,50,0.311330,0.029724,290,270,40,biscoito,800a6bb671,1.6861
75,40,50,0.329676,0.030656,292,272,40,biscoito,6e569f610c,1.5960
75,41,50,0.329676,0.030656,292,272,40,biscoito,6e569f610c,1.5960
75,42,50,0.329676,0.030656,292,272,40,biscoito,6e569f610c,1.5960
75,43,50,0.329676,0.030656,292,272,40,biscoito,6e569f610c,1.5960
75,44,50,0.329676,0.030656,292,272,40,biscoito,6e569f610c,1.5960
75,45,50,0.329676,0.030656,292,272,40,biscoito,6e569f610c,1.5960
75,46,50,0.329676,0.030656,292,272,40,biscoito,6e569f610c,1.5960
75,47,50,0.329676,0.030656,292,272,40,biscoito,6e569f610c,1.5960
75,48,50,0.320517,0.029270,290,270,39,sabonete,58f6493ab9,1.6962
75,49,50,0.329676,0.030656,292,272,40,biscoito,6e569f610c,1.5960
76,0,50,0.331128,0.031063,290,270,40,biscoito,79c1c0406c,1.7518
76,1,50,0.329676,0.030656,292,272,40,biscoito,6e569f610c,1.5960
76,2,50,0.329676,0.030656,292,272,40,biscoito,6e569f610c,1.5960
76,3,50,0.329676,0.030656,292,272,40,biscoito,6e569f610c,1.5960
76,4,50,0.329676,0.030656,292,272,40,biscoito,6e569f610c,1.5960
76,5,50,0.331128,0.031063,290,270,40,biscoito,79c1c0406c,1.7518
76,6,50,0.325083,0.030322,287,267,40,biscoito,f80575300f,2.0201
76,7,50,0.329676,0.030656,292,272,40,biscoito,6e569f610c,1.5960
76,8,50,0.329676,0.030656,292,272,40,biscoito,6e569f610c,1.5960
76,9,50,0.329676,0.030656,292,272,40,biscoito,6e569f610c,1.5960
76,10,50,0.329676,0.030656,292,272,40,biscoito,6e569f610c,1.5960
76,11,50,0.329676,0.030656,292,272,40,biscoito,6e569f610c,1.5960
76,12,50,0.329676,0.030656,292,272,40,biscoito,6e569f610c,1.5960
76,13,50,0.329676,0.030656,292,272,40,biscoito,6e569f610c,1.5960
76,14,50,0.329676,0.030656,292,272,40,biscoito,6e569f610c,1.5960
76,15,50,0.325083,0.030322,287,267,40,biscoito,f80575300f,2.0201
76,16,50,0.324484,0.030944,288,269,41,biscoito,e0707cfdf0,1.7869
76,17,50,0.328984,0.030677,291,271,40,biscoito,2e561da4c3,1.7295
76,18,50,0.325709,0.030216,289,269,40,biscoito,1225c8dfb4,1.7828
76,19,50,0.329676,0.030656,292,272,40,biscoito,6e569f610c,1.5960
76,20,50,0.329676,0.030656,292,272,40,biscoito,6e569f610c,1.5960
76,21,50,0.330076,0.031458,290,270,41,biscoito,b353f7fb64,1.6471
76,22,50,0.329676,0.030656,292,272,40,biscoito,6e569f610c,1.5960
76,23,50,0.329676,0.030656,292,272,40,biscoito,6e569f610c,1.5960
76,24,50,0.329676,0.030656,292,272,40,biscoito,6e569f610c,1.5960
76,25,50,0.329676,0.030656,292,272,40,biscoito,6e569f610c,1.5960
76,26,50,0.329676,0.030656,292,272,40,biscoito,6e569f610c,1.5960
76,27,50,0.329676,0.030656,292,272,40,biscoito,6e569f610c,1.5960
76,28,50,0.329676,0.030656,292,272,40,biscoito,6e569f610c,1.5960
76,29,50,0.326321,0.030072,290,273,40,biscoito,9dc737e7d9,1.8087
76,30,50,0.329676,0.030656,292,272,40,biscoito,6e569f610c,1.5960
76,31,50,0.329676,0.030656,292,272,40,biscoito,6e569f610c,1.5960
76,32,50,0.326215,0.030639,290,271,41,biscoito,09fb4f1180,1.8666
76,33,50,0.329676,0.030656,292,272,40,biscoito,6e569f610c,1.5960
76,34,50,0.326321,0.030359,288,266,39,biscoito,5639250164,1.7775
76,35,50,0.329131,0.029837,291,268,39,biscoito,102f4eeb40,1.8085
76,36,50,0.329676,0.030656,292,272,40,biscoito,6e569f610c,1.5960
76,37,50,0.329676,0.030656,292,272,40,biscoito,6e569f610c,1.5960
76,38,50,0.329676,0.030656,292,272,40,biscoito,6e569f610c,1.5960
76,39,50,0.329676,0.030656,292,272,40,biscoito,6e569f610c,1.5960
76,40,50,0.323525,0.029870,289,269,39,biscoito,bbbb27a598,2.2316
76,41,50,0.324484,0.030944,288,269,41,biscoito,e0707cfdf0,1.7869
76,42,50,0.325083,0.030322,287,267,40,biscoito,f80575300f,2.0201
76,43,50,0.329676,0.030656,292,272,40,biscoito,6e569f610c,1.5960
76,44,50,0.329676,0.030656,292,272,40,biscoito,6e569f610c,1.5960
76,45,50,0.329676,0.030656,292,272,40,biscoito,6e569f610c,1.5960
76,46,50,0.329676,0.030656,292,272,40,biscoito,6e569f610c,1.5960
76,47,50,0.329676,0.030656,292,272,40,biscoito,6e569f610c,1.5960
76,48,50,0.329676,0.030656,292,272,40,biscoito,6e569f610c,1.5960
76,49,50,0.329676,0.030656,292,272,40,biscoito,6e569f610c,1.5960
77,0,50,0.331128,0.031063,290,270,40,biscoito,79c1c0406c,1.7518
77,1,50,0.331128,0.031063,290,270,40,biscoito,79c1c0406c,1.7518
77,2,50,0.330076,0.031458,290,270,41,biscoito,b353f7fb64,1.6471
77,3,50,0.329676,0.030656,292,272,40,biscoito,6e569f610c,1.5960
77,4,50,0.329676,0.030656,292,272,40,biscoito,6e569f610c,1.5960
77,5,50,0.329676,0.030656,292,272,40,biscoito,6e569f610c,1.5960
77,6,50,0.324484,0.030944,288,269,41,biscoito,e0707cfdf0,1.7869
77,7,50,0.329676,0.030656,292,272,40,biscoito,6e569f610c,1.5960
77,8,50,0.329091,0.030635,291,270,40,biscoito,55b837129c,1.8476
77,9,50,0.328345,0.030609,293,270,40,biscoito,1f68b4624d,1.7164
77,10,50,0.329676,0.030656,292,272,40,biscoito,6e569f610c,1.5960
77,11,50,0.329676,0.030656,292,272,40,biscoito,6e569f610c,1.5960
77,12,50,0.328718,0.031246,291,271,41,suco pronto,bbcf098056,1.8116
77,13,50,0.328105,0.031246,291,272,41,biscoito,78e9df8c8d,1.8108
77,14,50,0.329676,0.030656,292,272,40,biscoito,6e569f610c,1.5960
77,15,50,0.325083,0.030322,287,267,40,biscoito,f80575300f,2.0201
77,16,50,0.328185,0.031338,288,270,41,biscoito,2ec89ba348,1.7371
77,17,50,0.329676,0.030656,292,272,40,biscoito,6e569f610c,1.5960
77,18,50,0.329676,0.030656,292,272,40,biscoito,6e569f610c,1.5960
77,19,50,0.331128,0.031063,290,270,40,biscoito,79c1c0406c,1.7518
77,20,50,0.323632,0.030436,285,265,41,biscoito,482db9dd8a,1.7121
77,21,50,0.331128,0.031063,290,270,40,biscoito,79c1c0406c,1.7518
77,22,50,0.329676,0.030656,292,272,40,biscoito,6e569f610c,1.5960
77,23,50,0.329676,0.030656,292,272,40,biscoito,6e569f610c,1.5960
77,24,50,0.329676,0.030656,292,272,40,biscoito,6e569f610c,1.5960
77,25,50,0.329676,0.030656,292,272,40,biscoito,6e569f610c,1.5960
77,26,50,0.329676,0.030656,292,272,40,biscoito,6e569f610c,1.5960
77,27,50,0.329676,0.030656,292,272,40,biscoito,6e569f610c,1.5960
77,28,50,0.329676,0.030656,292,272,40,biscoito,6e569f610c,1.5960
77,29,50,0.329676,0.030656,292,272,40,biscoito,6e569f610c,1.5960
77,30,50,0.329676,0.030656,292,272,40,biscoito,6e569f610c,1.5960
77,31,50,0.329676,0.030656,292,272,40,biscoito,6e569f610c,1.5960
77,32,50,0.329676,0.030656,292,272,40,biscoito,6e569f610c,1.5960
77,33,50,0.331128,0.031063,290,270,40,biscoito,79c1c0406c,1.7518
77,34,50,0.329676,0.030656,292,272,40,biscoito,6e569f610c,1.5960
77,35,50,0.329676,0.030656,292,272,40,biscoito,6e569f610c,1.5960
77,36,50,0.315524,0.030134,291,273,40,suco pronto,eaa6ed112c,1.7696
77,37,50,0.326082,0.029606,293,273,39,sabonete,c3ccf651fe,1.6995
77,38,50,0.330076,0.031458,290,270,41,biscoito,b353f7fb64,1.6471
77,39,50,0.329676,0.030656,292,272,40,biscoito,6e569f610c,1.5960
77,40,50,0.329676,0.030656,292,272,40,biscoito,6e569f610c,1.5960
77,41,50,0.331128,0.031063,290,270,40,biscoito,79c1c0406c,1.7518
77,42,50,0.326455,0.030159,292,274,39,biscoito,359f0cf12d,1.7277
77,43,50,0.329676,0.030656,292,272,40,biscoito,6e569f610c,1.5960
77,44,50,0.329676,0.030656,292,272,40,biscoito,6e569f610c,1.5960
77,45,50,0.329676,0.030656,292,272,40,biscoito,6e569f610c,1.5960
77,46,50,0.329676,0.030656,292,272,40,biscoito,6e569f610c,1.5960
77,47,50,0.327866,0.030224,292,271,39,biscoito,39ee21e9d0,1.7138
77,48,50,0.331128,0.031063,290,270,40,biscoito,79c1c0406c,1.7518
77,49,50,0.316922,0.029541,292,271,39,creme dental,23e2bc8578,1.7853
78,0,50,0.331128,0.031063,290,270,40,biscoito,79c1c0406c,1.7518
78,1,50,0.331128,0.031063,290,270,40,biscoito,79c1c0406c,1.7518
78,2,50,0.331128,0.031063,290,270,40,biscoito,79c1c0406c,1.7518
78,3,50,0.331128,0.031063,290,270,40,biscoito,79c1c0406c,1.7518
78,4,50,0.331128,0.031063,290,270,40,biscoito,79c1c0406c,1.7518
78,5,50,0.329676,0.030656,292,272,40,biscoito,6e569f610c,1.5960
78,6,50,0.329676,0.030656,292,272,40,biscoito,6e569f610c,1.5960
78,7,50,0.324484,0.030944,288,269,41,biscoito,e0707cfdf0,1.7869
78,8,50,0.325083,0.030322,287,267,40,biscoito,f80575300f,2.0201
78,9,50,0.329676,0.030656,292,272,40,biscoito,6e569f610c,1.5960
78,10,50,0.329676,0.030656,292,272,40,biscoito,6e569f610c,1.5960
78,11,50,0.328984,0.030677,291,271,40,biscoito,2e561da4c3,1.7295
78,12,50,0.328531,0.030681,287,267,40,biscoito,f4a093565a,1.8647
78,13,50,0.331128,0.031063,290,270,40,biscoito,79c1c0406c,1.7518
78,14,50,0.329676,0.030656,292,272,40,biscoito,6e569f610c,1.5960
78,15,50,0.329676,0.030656,292,272,40,biscoito,6e569f610c,1.5960
78,16,50,0.329676,0.030656,292,272,40,biscoito,6e569f610c,1.5960
78,17,50,0.329676,0.030656,292,272,40,biscoito,6e569f610c,1.5960
78,18,50,0.331128,0.031063,290,270,40,biscoito,79c1c0406c,1.7518
78,19,50,0.331128,0.031063,290,270,40,biscoito,79c1c0406c,1.7518
78,20,50,0.328984,0.030677,291,271,40,biscoito,2e561da4c3,1.7295
78,21,50,0.329676,0.030656,292,272,40,biscoito,6e569f610c,1.5960
78,22,50,0.316775,0.030554,292,273,41,biscoito,97d6284779,1.8972
78,23,50,0.331128,0.031063,290,270,40,biscoito,79c1c0406c,1.7518
78,24,50,0.331128,0.031063,290,270,40,biscoito,79c1c0406c,1.7518
78,25,50,0.331128,0.031063,290,270,40,biscoito,79c1c0406c,1.7518
78,26,50,0.331128,0.031063,290,270,40,biscoito,79c1c0406c,1.7518
78,27,50,0.329676,0.030656,292,272,40,biscoito,6e569f610c,1.5960
78,28,50,0.329676,0.030656,292,272,40,biscoito,6e569f610c,1.5960
78,29,50,0.329676,0.030656,292,272,40,biscoito,6e569f610c,1.5960
78,30,50,0.329676,0.030656,292,272,40,biscoito,6e569f610c,1.5960
78,31,50,0.322287,0.030380,288,269,40,biscoito,cdfe315e4f,1.7847
78,32,50,0.329104,0.030683,290,270,40,biscoito,25aa6381c4,1.7727
78,33,50,0.331128,0.031063,290,270,40,biscoito,79c1c0406c,1.7518
78,34,50,0.331128,0.031063,290,270,40,biscoito,79c1c0406c,1.7518
78,35,50,0.331168,0.031484,289,270,41,biscoito,70472eb40b,1.9816
78,36,50,0.328984,0.030677,291,271,40,biscoito,2e561da4c3,1.7295
78,37,50,0.329676,0.030656,292,272,40,biscoito,6e569f610c,1.5960
78,38,50,0.329676,0.030656,292,272,40,biscoito,6e569f610c,1.5960
78,39,50,0.331128,0.031063,290,270,40,biscoito,79c1c0406c,1.7518
78,40,50,0.324750,0.030338,288,265,40,desodorante,b1a09e618b,1.8054
78,41,50,0.329676,0.030656,292,272,40,biscoito,6e569f610c,1.5960
78,42,50,0.329676,0.030656,292,272,40,biscoito,6e569f610c,1.5960
78,43,50,0.331128,0.031063,290,270,40,biscoito,79c1c0406c,1.7518
78,44,50,0.329676,0.030656,292,272,40,biscoito,6e569f610c,1.5960
78,45,50,0.331128,0.031063,290,270,40,biscoito,79c1c0406c,1.7518
78,46,50,0.331128,0.031063,290,270,40,biscoito,79c1c0406c,1.7518
78,47,50,0.329676,0.030656,292,272,40,biscoito,6e569f610c,1.5960
78,48,50,0.329676,0.030656,292,272,40,biscoito,6e569f610c,1.5960
78,49,50,0.328984,0.030677,291,271,40,biscoito,2e561da4c3,1.7295
79,0,50,0.331168,0.031484,289,270,41,biscoito,70472eb40b,1.9816
79,1,50,0.331128,0.031063,290,270,40,biscoito,79c1c0406c,1.7518
79,2,50,0.331128,0.031063,290,270,40,biscoito,79c1c0406c,1.7518
79,3,50,0.331128,0.031063,290,270,40,biscoito,79c1c0406c,1.7518
79,4,50,0.331128,0.031063,290,270,40,biscoito,79c1c0406c,1.7518
79,5,50,0.331128,0.031063,290,270,40,biscoito,79c1c0406c,1.7518
79,6,50,0.331128,0.031063,290,270,40,biscoito,79c1c0406c,1.7518
79,7,50,0.324484,0.030944,288,269,41,biscoito,e0707cfdf0,1.7869
79,8,50,0.331128,0.031063,290,270,40,biscoito,79c1c0406c,1.7518
79,9,50,0.328904,0.030446,288,268,40,biscoito,45be0dc751,1.8667
79,10,50,0.324484,0.030944,288,269,41,biscoito,e0707cfdf0,1.7869
79,11,50,0.328798,0.031314,288,270,41,biscoito,edafe48692,1.7523
79,12,50,0.329676,0.030656,292,272,40,biscoito,6e569f610c,1.5960
79,13,50,0.330702,0.031393,290,270,41,biscoito,97ff906ff1,1.6992
79,14,50,0.329676,0.030656,292,272,40,biscoito,6e569f610c,1.5960
79,15,50,0.329916,0.030901,289,270,40,biscoito,a67fb47627,1.7960
79,16,50,0.331128,0.031063,290,270,40,biscoito,79c1c0406c,1.7518
79,17,50,0.331128,0.031063,290,270,40,biscoito,79c1c0406c,1.7518
79,18,50,0.329676,0.030656,292,272,40,biscoito,6e569f610c,1.5960
79,19,50,0.331128,0.031063,290,270,40,biscoito,79c1c0406c,1.7518
79,20,50,0.331128,0.031063,290,270,40,biscoito,79c1c0406c,1.7518
79,21,50,0.325230,0.030916,289,269,40,biscoito,9487f20067,1.8340
79,22,50,0.331168,0.031484,289,270,41,biscoito,70472eb40b,1.9816
79,23,50,0.331128,0.031063,290,270,40,biscoito,79c1c0406c,1.7518
79,24,50,0.331128,0.031063,290,270,40,biscoito,79c1c0406c,1.7518
79,25,50,0.329676,0.030656,292,272,40,biscoito,6e569f610c,1.5960
79,26,50,0.331128,0.031063,290,270,40,biscoito,79c1c0406c,1.7518
79,27,50,0.330289,0.030509,290,270,40,biscoito,f60e9603f2,1.7750
79,28,50,0.331128,0.031063,290,270,40,biscoito,79c1c0406c,1.7518
79,29,50,0.331128,0.031063,290,270,40,biscoito,79c1c0406c,1.7518
79,30,50,0.331128,0.031063,290,270,40,biscoito,79c1c0406c,1.7518
79,31,50,0.331128,0.031063,290,270,40,biscoito,79c1c0406c,1.7518
79,32,50,0.331128,0.031063,290,270,40,biscoito,79c1c0406c,1.7518
79,33,50,0.324484,0.030944,288,269,41,biscoito,e0707cfdf0,1.7869
79,34,50,0.331128,0.031063,290,270,40,biscoito,79c1c0406c,1.7518
79,35,50,0.331128,0.031063,290,270,40,biscoito,79c1c0406c,1.7518
79,36,50,0.331128,0.031063,290,270,40,biscoito,79c1c0406c,1.7518
79,37,50,0.329676,0.030656,292,272,40,biscoito,6e569f610c,1.5960
79,38,50,0.327679,0.030994,291,269,41,biscoito,bbdcf9321e,1.8112
79,39,50,0.328984,0.030677,291,271,40,biscoito,2e561da4c3,1.7295
79,40,50,0.328185,0.031338,288,270,41,biscoito,2ec89ba348,1.7371
79,41,50,0.331128,0.031063,290,270,40,biscoito,79c1c0406c,1.7518
79,42,50,0.331128,0.031063,290,270,40,biscoito,79c1c0406c,1.7518
79,43,50,0.324484,0.030944,288,269,41,biscoito,e0707cfdf0,1.7869
79,44,50,0.325243,0.030265,292,269,40,biscoito,fedd152ad8,1.7525
79,45,50,0.331128,0.031063,290,270,40,biscoito,79c1c0406c,1.7518
79,46,50,0.331128,0.031063,290,270,40,biscoito,79c1c0406c,1.7518
79,47,50,0.331168,0.031484,289,270,41,biscoito,70472eb40b,1.9816
79,48,50,0.331128,0.031063,290,270,40,biscoito,79c1c0406c,1.7518
79,49,50,0.331128,0.031063,290,270,40,biscoito,79c1c0406c,1.7518
80,0,50,0.331168,0.031484,289,270,41,biscoito,70472eb40b,1.9816
80,1,50,0.331168,0.031484,289,270,41,biscoito,70472eb40b,1.9816
80,2,50,0.331168,0.031484,289,270,41,biscoito,70472eb40b,1.9816
80,3,50,0.331128,0.031063,290,270,40,biscoito,79c1c0406c,1.7518
80,4,50,0.331128,0.031063,290,270,40,biscoito,79c1c0406c,1.7518
80,5,50,0.331128,0.031063,290,270,40,biscoito,79c1c0406c,1.7518
80,6,50,0.331128,0.031063,290,270,40,biscoito,79c1c0406c,1.7518
80,7,50,0.331168,0.031484,289,270,41,biscoito,70472eb40b,1.9816
80,8,50,0.330555,0.031634,287,268,41,biscoito,5efb985923,1.7846
80,9,50,0.331128,0.031063,290,270,40,biscoito,79c1c0406c,1.7518
80,10,50,0.331128,0.031063,290,270,40,biscoito,79c1c0406c,1.7518
80,11,50,0.331168,0.031484,289,270,41,biscoito,70472eb40b,1.9816
80,12,50,0.331128,0.031063,290,270,40,biscoito,79c1c0406c,1.7518
80,13,50,0.331128,0.031063,290,270,40,biscoito,79c1c0406c,1.7518
80,14,50,0.331128,0.031063,290,270,40,biscoito,79c1c0406c,1.7518
80,15,50,0.331168,0.031484,289,270,41,biscoito,70472eb40b,1.9816
80,16,50,0.328904,0.030446,288,268,40,biscoito,45be0dc751,1.8667
80,17,50,0.331128,0.031063,290,270,40,biscoito,79c1c0406c,1.7518
80,18,50,0.331128,0.031063,290,270,40,biscoito,79c1c0406c,1.7518
80,19,50,0.331128,0.031063,290,270,40,biscoito,79c1c0406c,1.7518
80,20,50,0.331128,0.031063,290,270,40,biscoito,79c1c0406c,1.7518
80,21,50,0.322980,0.031179,290,272,42,suco pronto,6cbea6d406,1.8144
80,22,50,0.331168,0.031484,289,270,41,biscoito,70472eb40b,1.9816
80,23,50,0.331128,0.031063,290,270,40,biscoito,79c1c0406c,1.7518
80,24,50,0.331128,0.031063,290,270,40,biscoito,79c1c0406c,1.7518
80,25,50,0.331128,0.031063,290,270,40,biscoito,79c1c0406c,1.7518
80,26,50,0.331128,0.031063,290,270,40,biscoito,79c1c0406c,1.7518
80,27,50,0.331128,0.031063,290,270,40,biscoito,79c1c0406c,1.7518
80,28,50,0.331128,0.031063,290,270,40,biscoito,79c1c0406c,1.7518
80,29,50,0.331168,0.031484,289,270,41,biscoito,70472eb40b,1.9816
80,30,50,0.324484,0.030944,288,269,41,biscoito,e0707cfdf0,1.7869
80,31,50,0.331128,0.031063,290,270,40,biscoito,79c1c0406c,1.7518
80,32,50,0.331128,0.031063,290,270,40,biscoito,79c1c0406c,1.7518
80,33,50,0.331168,0.031484,289,270,41,biscoito,70472eb40b,1.9816
80,34,50,0.326321,0.031008,290,268,41,biscoito,b917ef68c9,1.7388
80,35,50,0.331128,0.031063,290,270,40,biscoito,79c1c0406c,1.7518
80,36,50,0.331128,0.031063,290,270,40,biscoito,79c1c0406c,1.7518
80,37,50,0.331168,0.031484,289,270,41,biscoito,70472eb40b,1.9816
80,38,50,0.331128,0.031063,290,270,40,biscoito,79c1c0406c,1.7518
80,39,50,0.331128,0.031063,290,270,40,biscoito,79c1c0406c,1.7518
80,40,50,0.331128,0.031063,290,270,40,biscoito,79c1c0406c,1.7518
80,41,50,0.331168,0.031484,289,270,41,biscoito,70472eb40b,1.9816
80,42,50,0.331128,0.031063,290,270,40,biscoito,79c1c0406c,1.7518
80,43,50,0.331128,0.031063,290,270,40,biscoito,79c1c0406c,1.7518
80,44,50,0.331168,0.031484,289,270,41,biscoito,70472eb40b,1.9816
80,45,50,0.331168,0.031484,289,270,41,biscoito,70472eb40b,1.9816
80,46,50,0.331168,0.031484,289,270,41,biscoito,70472eb40b,1.9816
80,47,50,0.331128,0.031063,290,270,40,biscoito,79c1c0406c,1.7518
80,48,50,0.328531,0.030681,287,267,40,biscoito,f4a093565a,1.8647
80,49,50,0.331128,0.031063,290,270,40,biscoito,79c1c0406c,1.7518
81,0,50,0.331168,0.031484,289,270,41,biscoito,70472eb40b,1.9816
81,1,50,0.331168,0.031484,289,270,41,biscoito,70472eb40b,1.9816
81,2,50,0.331168,0.031484,289,270,41,biscoito,70472eb40b,1.9816
81,3,50,0.331168,0.031484,289,270,41,biscoito,70472eb40b,1.9816
81,4,50,0.331168,0.031484,289,270,41,biscoito,70472eb40b,1.9816
81,5,50,0.331128,0.031063,290,270,40,biscoito,79c1c0406c,1.7518
81,6,50,0.331128,0.031063,290,270,40,biscoito,79c1c0406c,1.7518
81,7,50,0.331168,0.031484,289,270,41,biscoito,70472eb40b,1.9816
81,8,50,0.331168,0.031484,289,270,41,biscoito,70472eb40b,1.9816
81,9,50,0.331168,0.031484,289,270,41,biscoito,70472eb40b,1.9816
81,10,50,0.331168,0.031484,289,270,41,biscoito,70472eb40b,1.9816
81,11,50,0.331168,0.031484,289,270,41,biscoito,70472eb40b,1.9816
81,12,50,0.331128,0.031063,290,270,40,biscoito,79c1c0406c,1.7518
81,13,50,0.328984,0.030677,291,271,40,biscoito,2e561da4c3,1.7295
81,14,50,0.331128,0.031063,290,270,40,biscoito,79c1c0406c,1.7518
81,15,50,0.331128,0.031063,290,270,40,biscoito,79c1c0406c,1.7518
81,16,50,0.331168,0.031484,289,270,41,biscoito,70472eb40b,1.9816
81,17,50,0.331168,0.031484,289,270,41,biscoito,70472eb40b,1.9816
81,18,50,0.331168,0.031484,289,270,41,biscoito,70472eb40b,1.9816
81,19,50,0.331168,0.031484,289,270,41,biscoito,70472eb40b,1.9816
81,20,50,0.331168,0.031484,289,270,41,biscoito,70472eb40b,1.9816
81,21,50,0.331168,0.031484,289,270,41,biscoito,70472eb40b,1.9816
81,22,50,0.331128,0.031063,290,270,40,biscoito,79c1c0406c,1.7518
81,23,50,0.319997,0.030035,290,269,40,biscoito,ad47ac6d00,1.9519
81,24,50,0.331168,0.031484,289,270,41,biscoito,70472eb40b,1.9816
81,25,50,0.331168,0.031484,289,270,41,biscoito,70472eb40b,1.9816
81,26,50,0.331168,0.031484,289,270,41,biscoito,70472eb40b,1.9816
81,27,50,0.331168,0.031484,289,270,41,biscoito,70472eb40b,1.9816
81,28,50,0.328984,0.030677,291,271,40,biscoito,2e561da4c3,1.7295
81,29,50,0.331128,0.031063,290,270,40,biscoito,79c1c0406c,1.7518
81,30,50,0.331128,0.031063,290,270,40,biscoito,79c1c0406c,1.7518
81,31,50,0.331128,0.031063,290,270,40,biscoito,79c1c0406c,1.7518
81,32,50,0.331168,0.031484,289,270,41,biscoito,70472eb40b,1.9816
81,33,50,0.331128,0.031063,290,270,40,biscoito,79c1c0406c,1.7518
81,34,50,0.331128,0.031063,290,270,40,biscoito,79c1c0406c,1.7518
81,35,50,0.331168,0.031484,289,270,41,biscoito,70472eb40b,1.9816
81,36,50,0.331168,0.031484,289,270,41,biscoito,70472eb40b,1.9816
81,37,50,0.331168,0.031484,289,270,41,biscoito,70472eb40b,1.9816
81,38,50,0.331168,0.031484,289,270,41,biscoito,70472eb40b,1.9816
81,39,50,0.331168,0.031484,289,270,41,biscoito,70472eb40b,1.9816
81,40,50,0.331168,0.031484,289,270,41,biscoito,70472eb40b,1.9816
81,41,50,0.325709,0.030216,289,269,40,biscoito,1225c8dfb4,1.7828
81,42,50,0.331128,0.031063,290,270,40,biscoito,79c1c0406c,1.7518
81,43,50,0.331128,0.031063,290,270,40,biscoito,79c1c0406c,1.7518
81,44,50,0.321342,0.031511,287,269,42,biscoito,e709215587,2.0194
81,45,50,0.316709,0.031270,288,268,41,biscoito,50a67e0f9e,2.0583
81,46,50,0.331128,0.031063,290,270,40,biscoito,79c1c0406c,1.7518
81,47,50,0.331168,0.031484,289,270,41,biscoito,70472eb40b,1.9816
81,48,50,0.331168,0.031484,289,270,41,biscoito,70472eb40b,1.9816
81,49,50,0.331128,0.031063,290,270,40,biscoito,79c1c0406c,1.7518
82,0,50,0.331168,0.031484,289,270,41,biscoito,70472eb40b,1.9816
82,1,50,0.331168,0.031484,289,270,41,biscoito,70472eb40b,1.9816
82,2,50,0.331168,0.031484,289,270,41,biscoito,70472eb40b,1.9816
82,3,50,0.331168,0.031484,289,270,41,biscoito,70472eb40b,1.9816
82,4,50,0.331168,0.031484,289,270,41,biscoito,70472eb40b,1.9816
82,5,50,0.331128,0.031063,290,270,40,biscoito,79c1c0406c,1.7518
82,6,50,0.328984,0.030677,291,271,40,biscoito,2e561da4c3,1.7295
82,7,50,0.331168,0.031484,289,270,41,biscoito,70472eb40b,1.9816
82,8,50,0.331168,0.031484,289,270,41,biscoito,70472eb40b,1.9816
82,9,50,0.331168,0.031484,289,270,41,biscoito,70472eb40b,1.9816
82,10,50,0.331168,0.031484,289,270,41,biscoito,70472eb40b,1.9816
82,11,50,0.331168,0.031484,289,270,41,biscoito,70472eb40b,1.9816
82,12,50,0.331168,0.031484,289,270,41,biscoito,70472eb40b,1.9816
82,13,50,0.331168,0.031484,289,270,41,biscoito,70472eb40b,1.9816
82,14,50,0.329650,0.031214,292,272,41,biscoito,b488bf756d,2.1382
82,15,50,0.331128,0.031063,290,270,40,biscoito,79c1c0406c,1.7518
82,16,50,0.326747,0.031654,288,269,41,biscoito,798af5b7bb,1.8002
82,17,50,0.331168,0.031484,289,270,41,biscoito,70472eb40b,1.9816
82,18,50,0.331168,0.031484,289,270,41,biscoito,70472eb40b,1.9816
82,19,50,0.321928,0.030242,287,269,41,biscoito,11d6956c9b,1.8135
82,20,50,0.331168,0.031484,289,270,41,biscoito,70472eb40b,1.9816
82,21,50,0.331168,0.031484,289,270,41,biscoito,70472eb40b,1.9816
82,22,50,0.330662,0.030921,290,270,40,biscoito,6ad9ed38ad,1.8528
82,23,50,0.331168,0.031484,289,270,41,biscoito,70472eb40b,1.9816
82,24,50,0.331128,0.031063,290,270,40,biscoito,79c1c0406c,1.7518
82,25,50,0.331168,0.031484,289,270,41,biscoito,70472eb40b,1.9816
82,26,50,0.331168,0.031484,289,270,41,biscoito,70472eb40b,1.9816
82,27,50,0.331168,0.031484,289,270,41,biscoito,70472eb40b,1.9816
82,28,50,0.331168,0.031484,289,270,41,biscoito,70472eb40b,1.9816
82,29,50,0.331168,0.031484,289,270,41,biscoito,70472eb40b,1.9816
82,30,50,0.331168,0.031484,289,270,41,biscoito,70472eb40b,1.9816
82,31,50,0.331168,0.031484,289,270,41,biscoito,70472eb40b,1.9816
82,32,50,0.331168,0.031484,289,270,41,biscoito,70472eb40b,1.9816
82,33,50,0.331168,0.031484,289,270,41,biscoito,70472eb40b,1.9816
82,34,50,0.331168,0.031484,289,270,41,biscoito,70472eb40b,1.9816
82,35,50,0.331168,0.031484,289,270,41,biscoito,70472eb40b,1.9816
82,36,50,0.331168,0.031484,289,270,41,biscoito,70472eb40b,1.9816
82,37,50,0.325323,0.032120,288,269,42,suco pronto,190f65ed19,2.3215
82,38,50,0.331168,0.031484,289,270,41,biscoito,70472eb40b,1.9816
82,39,50,0.331128,0.031063,290,270,40,biscoito,79c1c0406c,1.7518
82,40,50,0.331168,0.031484,289,270,41,biscoito,70472eb40b,1.9816
82,41,50,0.331168,0.031484,289,270,41,biscoito,70472eb40b,1.9816
82,42,50,0.329197,0.031461,287,269,41,biscoito,a6e6ca33c3,2.1715
82,43,50,0.331168,0.031484,289,270,41,biscoito,70472eb40b,1.9816
82,44,50,0.325123,0.030887,288,269,41,biscoito,ca18011dfc,1.7108
82,45,50,0.331168,0.031484,289,270,41,biscoito,70472eb40b,1.9816
82,46,50,0.331168,0.031484,289,270,41,biscoito,70472eb40b,1.9816
82,47,50,0.331168,0.031484,289,270,41,biscoito,70472eb40b,1.9816
82,48,50,0.331168,0.031484,289,270,41,biscoito,70472eb40b,1.9816
82,49,50,0.331168,0.031484,289,270,41,biscoito,70472eb40b,1.9816
83,0,50,0.331168,0.031484,289,270,41,biscoito,70472eb40b,1.9816
83,1,50,0.331168,0.031484,289,270,41,biscoito,70472eb40b,1.9816
83,2,50,0.331168,0.031484,289,270,41,biscoito,70472eb40b,1.9816
83,3,50,0.331168,0.031484,289,270,41,biscoito,70472eb40b,1.9816
83,4,50,0.331168,0.031484,289,270,41,biscoito,70472eb40b,1.9816
83,5,50,0.331168,0.031484,289,270,41,biscoito,70472eb40b,1.9816
83,6,50,0.331168,0.031484,289,270,41,biscoito,70472eb40b,1.9816
83,7,50,0.331168,0.031484,289,270,41,biscoito,70472eb40b,1.9816
83,8,50,0.331168,0.031484,289,270,41,biscoito,70472eb40b,1.9816
83,9,50,0.331168,0.031484,289,270,41,biscoito,70472eb40b,1.9816
83,10,50,0.331168,0.031484,289,270,41,biscoito,70472eb40b,1.9816
83,11,50,0.331168,0.031484,289,270,41,biscoito,70472eb40b,1.9816
83,12,50,0.331168,0.031484,289,270,41,biscoito,70472eb40b,1.9816
83,13,50,0.325323,0.031820,288,269,41,biscoito,e877c24682,1.8808
83,14,50,0.331168,0.031484,289,270,41,biscoito,70472eb40b,1.9816
83,15,50,0.331168,0.031484,289,270,41,biscoito,70472eb40b,1.9816
83,16,50,0.331168,0.031484,289,270,41,biscoito,70472eb40b,1.9816
83,17,50,0.331168,0.031484,289,270,41,biscoito,70472eb40b,1.9816
83,18,50,0.331168,0.031484,289,270,41,biscoito,70472eb40b,1.9816
83,19,50,0.331168,0.031484,289,270,41,biscoito,70472eb40b,1.9816
83,20,50,0.331168,0.031484,289,270,41,biscoito,70472eb40b,1.9816
83,21,50,0.331168,0.031484,289,270,41,biscoito,70472eb40b,1.9816
83,22,50,0.331168,0.031484,289,270,41,biscoito,70472eb40b,1.9816
83,23,50,0.331168,0.031484,289,270,41,biscoito,70472eb40b,1.9816
83,24,50,0.331168,0.031484,289,270,41,biscoito,70472eb40b,1.9816
83,25,50,0.331168,0.031484,289,270,41,biscoito,70472eb40b,1.9816
83,26,50,0.324018,0.030007,287,267,40,biscoito,d6cf0c3db0,1.7955
83,27,50,0.331168,0.031484,289,270,41,biscoito,70472eb40b,1.9816
83,28,50,0.331168,0.031484,289,270,41,biscoito,70472eb40b,1.9816
83,29,50,0.331168,0.031484,289,270,41,biscoito,70472eb40b,1.9816
83,30,50,0.331168,0.031484,289,270,41,biscoito,70472eb40b,1.9816
83,31,50,0.331168,0.031484,289,270,41,biscoito,70472eb40b,1.9816
83,32,50,0.331168,0.031484,289,270,41,biscoito,70472eb40b,1.9816
83,33,50,0.331168,0.031484,289,270,41,biscoito,70472eb40b,1.9816
83,34,50,0.331168,0.031484,289,270,41,biscoito,70472eb40b,1.9816
83,35,50,0.331168,0.031484,289,270,41,biscoito,70472eb40b,1.9816
83,36,50,0.331168,0.031484,289,270,41,biscoito,70472eb40b,1.9816
83,37,50,0.331168,0.031484,289,270,41,biscoito,70472eb40b,1.9816
83,38,50,0.331168,0.031484,289,270,41,biscoito,70472eb40b,1.9816
83,39,50,0.329197,0.031461,287,269,41,biscoito,a6e6ca33c3,2.1715
83,40,50,0.331168,0.031484,289,270,41,biscoito,70472eb40b,1.9816
83,41,50,0.331168,0.031484,289,270,41,biscoito,70472eb40b,1.9816
83,42,50,0.325616,0.031000,285,265,41,biscoito,ee48b21fb9,1.7344
83,43,50,0.331168,0.031484,289,270,41,biscoito,70472eb40b,1.9816
83,44,50,0.319851,0.030415,290,269,40,creme dental,12cc62b8f7,1.7010
83,45,50,0.331168,0.031484,289,270,41,biscoito,70472eb40b,1.9816
83,46,50,0.331168,0.031484,289,270,41,biscoito,70472eb40b,1.9816
83,47,50,0.331168,0.031484,289,270,41,biscoito,70472eb40b,1.9816
83,48,50,0.331168,0.031484,289,270,41,biscoito,70472eb40b,1.9816
83,49,50,0.331168,0.031484,289,270,41,biscoito,70472eb40b,1.9816
84,0,50,0.331168,0.031484,289,270,41,biscoito,70472eb40b,1.9816
84,1,50,0.331168,0.031484,289,270,41,biscoito,70472eb40b,1.9816
84,2,50,0.331168,0.031484,289,270,41,biscoito,70472eb40b,1.9816
84,3,50,0.331168,0.031484,289,270,41,biscoito,70472eb40b,1.9816
84,4,50,0.331168,0.031484,289,270,41,biscoito,70472eb40b,1.9816
84,5,50,0.331168,0.031484,289,270,41,biscoito,70472eb40b,1.9816
84,6,50,0.331168,0.031484,289,270,41,biscoito,70472eb40b,1.9816
84,7,50,0.331168,0.031484,289,270,41,biscoito,70472eb40b,1.9816
84,8,50,0.331168,0.031484,289,270,41,biscoito,70472eb40b,1.9816
84,9,50,0.331168,0.031484,289,270,41,biscoito,70472eb40b,1.9816
84,10,50,0.331168,0.031484,289,270,41,biscoito,70472eb40b,1.9816
84,11,50,0.331168,0.031484,289,270,41,biscoito,70472eb40b,1.9816
84,12,50,0.331168,0.031484,289,270,41,biscoito,70472eb40b,1.9816
84,13,50,0.329157,0.030819,288,267,40,biscoito,6a62b5eb7d,1.9770
84,14,50,0.319784,0.029816,286,266,40,biscoito,59d85e9bc9,1.7594
84,15,50,0.331168,0.031484,289,270,41,biscoito,70472eb40b,1.9816
84,16,50,0.331168,0.031484,289,270,41,biscoito,70472eb40b,1.9816
84,17,50,0.331168,0.031484,289,270,41,biscoito,70472eb40b,1.9816
84,18,50,0.331168,0.031484,289,270,41,biscoito,70472eb40b,1.9816
84,19,50,0.331168,0.031484,289,270,41,biscoito,70472eb40b,1.9816
84,20,50,0.331168,0.031484,289,270,41,biscoito,70472eb40b,1.9816
84,21,50,0.323898,0.031248,287,267,42,biscoito,bc3eed39aa,1.8032
84,22,50,0.331168,0.031484,289,270,41,biscoito,70472eb40b,1.9816
84,23,50,0.331168,0.031484,289,270,41,biscoito,70472eb40b,1.9816
84,24,50,0.331168,0.031484,289,270,41,biscoito,70472eb40b,1.9816
84,25,50,0.331168,0.031484,289,270,41,biscoito,70472eb40b,1.9816
84,26,50,0.331168,0.031484,289,270,41,biscoito,70472eb40b,1.9816
84,27,50,0.331168,0.031484,289,270,41,biscoito,70472eb40b,1.9816
84,28,50,0.331168,0.031484,289,270,41,biscoito,70472eb40b,1.9816
84,29,50,0.325722,0.030610,288,268,41,suco pronto,c864807820,1.8152
84,30,50,0.331168,0.031484,289,270,41,biscoito,70472eb40b,1.9816
84,31,50,0.331168,0.031484,289,270,41,biscoito,70472eb40b,1.9816
84,32,50,0.331168,0.031484,289,270,41,biscoito,70472eb40b,1.9816
84,33,50,0.331168,0.031484,289,270,41,biscoito,70472eb40b,1.9816
84,34,50,0.331168,0.031484,289,270,41,biscoito,70472eb40b,1.9816
84,35,50,0.331168,0.031484,289,270,41,biscoito,70472eb40b,1.9816
84,36,50,0.331168,0.031484,289,270,41,biscoito,70472eb40b,1.9816
84,37,50,0.331168,0.031484,289,270,41,biscoito,70472eb40b,1.9816
84,38,50,0.331168,0.031484,289,270,41,biscoito,70472eb40b,1.9816
84,39,50,0.331168,0.031484,289,270,41,biscoito,70472eb40b,1.9816
84,40,50,0.331168,0.031484,289,270,41,biscoito,70472eb40b,1.9816
84,41,50,0.324577,0.030638,285,266,41,biscoito,4e3921d831,1.9975
84,42,50,0.331168,0.031484,289,270,41,biscoito,70472eb40b,1.9816
84,43,50,0.331168,0.031484,289,270,41,biscoito,70472eb40b,1.9816
84,44,50,0.331168,0.031484,289,270,41,biscoito,70472eb40b,1.9816
84,45,50,0.331168,0.031484,289,270,41,biscoito,70472eb40b,1.9816
84,46,50,0.331168,0.031484,289,270,41,biscoito,70472eb40b,1.9816
84,47,50,0.331168,0.031484,289,270,41,biscoito,70472eb40b,1.9816
84,48,50,0.331168,0.031484,289,270,41,biscoito,70472eb40b,1.9816
84,49,50,0.331168,0.031484,289,270,41,biscoito,70472eb40b,1.9816
85,0,50,0.331168,0.031484,289,270,41,biscoito,70472eb40b,1.9816
85,1,50,0.331168,0.031484,289,270,41,biscoito,70472eb40b,1.9816
85,2,50,0.331168,0.031484,289,270,41,biscoito,70472eb40b,1.9816
85,3,50,0.331168,0.031484,289,270,41,biscoito,70472eb40b,1.9816
85,4,50,0.331168,0.031484,289,270,41,biscoito,70472eb40b,1.9816
85,5,50,0.331168,0.031484,289,270,41,biscoito,70472eb40b,1.9816
85,6,50,0.331168,0.031484,289,270,41,biscoito,70472eb40b,1.9816
85,7,50,0.331168,0.031484,289,270,41,biscoito,70472eb40b,1.9816
85,8,50,0.331168,0.031484,289,270,41,biscoito,70472eb40b,1.9816
85,9,50,0.331168,0.031484,289,270,41,biscoito,70472eb40b,1.9816
85,10,50,0.331168,0.031484,289,270,41,biscoito,70472eb40b,1.9816
85,11,50,0.331168,0.031484,289,270,41,biscoito,70472eb40b,1.9816
85,12,50,0.331168,0.031484,289,270,41,biscoito,70472eb40b,1.9816
85,13,50,0.331168,0.031484,289,270,41,biscoito,70472eb40b,1.9816
85,14,50,0.331168,0.031484,289,270,41,biscoito,70472eb40b,1.9816
85,15,50,0.331168,0.031484,289,270,41,biscoito,70472eb40b,1.9816
85,16,50,0.331168,0.031484,289,270,41,biscoito,70472eb40b,1.9816
85,17,50,0.331168,0.031484,289,270,41,biscoito,70472eb40b,1.9816
85,18,50,0.331168,0.031484,289,270,41,biscoito,70472eb40b,1.9816
85,19,50,0.331168,0.031484,289,270,41,biscoito,70472eb40b,1.9816
85,20,50,0.331168,0.031484,289,270,41,biscoito,70472eb40b,1.9816
85,21,50,0.331168,0.031484,289,270,41,biscoito,70472eb40b,1.9816
85,22,50,0.331168,0.031484,289,270,41,biscoito,70472eb40b,1.9816
85,23,50,0.331168,0.031484,289,270,41,biscoito,70472eb40b,1.9816
85,24,50,0.331168,0.031484,289,270,41,biscoito,70472eb40b,1.9816
85,25,50,0.331168,0.031484,289,270,41,biscoito,70472eb40b,1.9816
85,26,50,0.331168,0.031484,289,270,41,biscoito,70472eb40b,1.9816
85,27,50,0.331168,0.031484,289,270,41,biscoito,70472eb40b,1.9816
85,28,50,0.317508,0.030252,286,266,40,biscoito,ec562bcfd5,1.8852
85,29,50,0.331168,0.031484,289,270,41,biscoito,70472eb40b,1.9816
85,30,50,0.331168,0.031484,289,270,41,biscoito,70472eb40b,1.9816
85,31,50,0.331168,0.031484,289,270,41,biscoito,70472eb40b,1.9816
85,32,50,0.331168,0.031484,289,270,41,biscoito,70472eb40b,1.9816
85,33,50,0.331168,0.031484,289,270,41,biscoito,70472eb40b,1.9816
85,34,50,0.331168,0.031484,289,270,41,biscoito,70472eb40b,1.9816
85,35,50,0.331168,0.031484,289,270,41,biscoito,70472eb40b,1.9816
85,36,50,0.331168,0.031484,289,270,41,biscoito,70472eb40b,1.9816
85,37,50,0.331168,0.031484,289,270,41,biscoito,70472eb40b,1.9816
85,38,50,0.331168,0.031484,289,270,41,biscoito,70472eb40b,1.9816
85,39,50,0.331168,0.031484,289,270,41,biscoito,70472eb40b,1.9816
85,40,50,0.327080,0.030769,290,270,41,biscoito,1a7a1e7af1,1.8165
85,41,50,0.331168,0.031484,289,270,41,biscoito,70472eb40b,1.9816
85,42,50,0.331168,0.031484,289,270,41,biscoito,70472eb40b,1.9816
85,43,50,0.331168,0.031484,289,270,41,biscoito,70472eb40b,1.9816
85,44,50,0.331168,0.031484,289,270,41,biscoito,70472eb40b,1.9816
85,45,50,0.331168,0.031484,289,270,41,biscoito,70472eb40b,1.9816
85,46,50,0.331168,0.031484,289,270,41,biscoito,70472eb40b,1.9816
85,47,50,0.331168,0.031484,289,270,41,biscoito,70472eb40b,1.9816
85,48,50,0.331168,0.031484,289,270,41,biscoito,70472eb40b,1.9816
85,49,50,0.331168,0.031484,289,270,41,biscoito,70472eb40b,1.9816
86,0,50,0.331168,0.031484,289,270,41,biscoito,70472eb40b,1.9816
86,1,50,0.331168,0.031484,289,270,41,biscoito,70472eb40b,1.9816
86,2,50,0.331168,0.031484,289,270,41,biscoito,70472eb40b,1.9816
86,3,50,0.331168,0.031484,289,270,41,biscoito,70472eb40b,1.9816
86,4,50,0.331168,0.031484,289,270,41,biscoito,70472eb40b,1.9816
86,5,50,0.331168,0.031484,289,270,41,biscoito,70472eb40b,1.9816
86,6,50,0.331168,0.031484,289,270,41,biscoito,70472eb40b,1.9816
86,7,50,0.331168,0.031484,289,270,41,biscoito,70472eb40b,1.9816
86,8,50,0.331168,0.031484,289,270,41,biscoito,70472eb40b,1.9816
86,9,50,0.331168,0.031484,289,270,41,biscoito,70472eb40b,1.9816
86,10,50,0.331168,0.031484,289,270,41,biscoito,70472eb40b,1.9816
86,11,50,0.331168,0.031484,289,270,41,biscoito,70472eb40b,1.9816
86,12,50,0.331168,0.031484,289,270,41,biscoito,70472eb40b,1.9816
86,13,50,0.331168,0.031484,289,270,41,biscoito,70472eb40b,1.9816
86,14,50,0.331168,0.031484,289,270,41,biscoito,70472eb40b,1.9816
86,15,50,0.331168,0.031484,289,270,41,biscoito,70472eb40b,1.9816
86,16,50,0.331168,0.031484,289,270,41,biscoito,70472eb40b,1.9816
86,17,50,0.331168,0.031484,289,270,41,biscoito,70472eb40b,1.9816
86,18,50,0.331168,0.031484,289,270,41,biscoito,70472eb40b,1.9816
86,19,50,0.331168,0.031484,289,270,41,biscoito,70472eb40b,1.9816
86,20,50,0.331168,0.031484,289,270,41,biscoito,70472eb40b,1.9816
86,21,50,0.331168,0.031484,289,270,41,biscoito,70472eb40b,1.9816
86,22,50,0.331168,0.031484,289,270,41,biscoito,70472eb40b,1.9816
86,23,50,0.331168,0.031484,289,270,41,biscoito,70472eb40b,1.9816
86,24,50,0.331168,0.031484,289,270,41,biscoito,70472eb40b,1.9816
86,25,50,0.321049,0.031459,287,265,40,biscoito,ec7984784d,1.8255
86,26,50,0.331168,0.031484,289,270,41,biscoito,70472eb40b,1.9816
86,27,50,0.331168,0.031484,289,270,41,biscoito,70472eb40b,1.9816
86,28,50,0.331168,0.031484,289,270,41,biscoito,70472eb40b,1.9816
86,29,50,0.331168,0.031484,289,270,41,biscoito,70472eb40b,1.9816
86,30,50,0.331168,0.031484,289,270,41,biscoito,70472eb40b,1.9816
86,31,50,0.331168,0.031484,289,270,41,biscoito,70472eb40b,1.9816
86,32,50,0.331168,0.031484,289,270,41,biscoito,70472eb40b,1.9816
86,33,50,0.331168,0.031484,289,270,41,biscoito,70472eb40b,1.9816
86,34,50,0.327426,0.031257,289,270,41,biscoito,f3da95b387,1.8295
86,35,50,0.331168,0.031484,289,270,41,biscoito,70472eb40b,1.9816
86,36,50,0.331168,0.031484,289,270,41,biscoito,70472eb40b,1.9816
86,37,50,0.319771,0.030451,286,266,41,biscoito,51285bb60b,1.7191
86,38,50,0.331168,0.031484,289,270,41,biscoito,70472eb40b,1.9816
86,39,50,0.331168,0.031484,289,270,41,biscoito,70472eb40b,1.9816
86,40,50,0.331168,0.031484,289,270,41,biscoito,70472eb40b,1.9816
86,41,50,0.331168,0.031484,289,270,41,biscoito,70472eb40b,1.9816
86,42,50,0.331168,0.031484,289,270,41,biscoito,70472eb40b,1.9816
86,43,50,0.331168,0.031484,289,270,41,biscoito,70472eb40b,1.9816
86,44,50,0.327906,0.031140,290,271,41,biscoito,d47a7999ca,1.6012
86,45,50,0.331168,0.031484,289,270,41,biscoito,70472eb40b,1.9816
86,46,50,0.331168,0.031484,289,270,41,biscoito,70472eb40b,1.9816
86,47,50,0.331168,0.031484,289,270,41,biscoito,70472eb40b,1.9816
86,48,50,0.331168,0.031484,289,270,41,biscoito,70472eb40b,1.9816
86,49,50,0.331168,0.031484,289,270,41,biscoito,70472eb40b,1.9816
87,0,50,0.331168,0.031484,289,270,41,biscoito,70472eb40b,1.9816
87,1,50,0.331168,0.031484,289,270,41,biscoito,70472eb40b,1.9816
87,2,50,0.331168,0.031484,289,270,41,biscoito,70472eb40b,1.9816
87,3,50,0.331168,0.031484,289,270,41,biscoito,70472eb40b,1.9816
87,4,50,0.331168,0.031484,289,270,41,biscoito,70472eb40b,1.9816
87,5,50,0.331168,0.031484,289,270,41,biscoito,70472eb40b,1.9816
87,6,50,0.331168,0.031484,289,270,41,biscoito,70472eb40b,1.9816
87,7,50,0.331168,0.031484,289,270,41,biscoito,70472eb40b,1.9816
87,8,50,0.331168,0.031484,289,270,41,biscoito,70472eb40b,1.9816
87,9,50,0.331168,0.031484,289,270,41,biscoito,70472eb40b,1.9816
87,10,50,0.331168,0.031484,289,270,41,biscoito,70472eb40b,1.9816
87,11,50,0.330489,0.031672,292,272,41,biscoito,5864a24c76,1.8527
87,12,50,0.331168,0.031484,289,270,41,biscoito,70472eb40b,1.9816
87,13,50,0.331168,0.031484,289,270,41,biscoito,70472eb40b,1.9816
87,14,50,0.331168,0.031484,289,270,41,biscoito,70472eb40b,1.9816
87,15,50,0.331168,0.031484,289,270,41,biscoito,70472eb40b,1.9816
87,16,50,0.331168,0.031484,289,270,41,biscoito,70472eb40b,1.9816
87,17,50,0.331168,0.031484,289,270,41,biscoito,70472eb40b,1.9816
87,18,50,0.327094,0.031278,291,272,41,biscoito,cd6c0c5c20,1.7008
87,19,50,0.331168,0.031484,289,270,41,biscoito,70472eb40b,1.9816
87,20,50,0.331168,0.031484,289,270,41,biscoito,70472eb40b,1.9816
87,21,50,0.331168,0.031484,289,270,41,biscoito,70472eb40b,1.9816
87,22,50,0.331168,0.031484,289,270,41,biscoito,70472eb40b,1.9816
87,23,50,0.331168,0.031484,289,270,41,biscoito,70472eb40b,1.9816
87,24,50,0.331168,0.031484,289,270,41,biscoito,70472eb40b,1.9816
87,25,50,0.331168,0.031484,289,270,41,biscoito,70472eb40b,1.9816
87,26,50,0.326747,0.031499,289,271,42,suco pronto,7ed6297913,1.6836
87,27,50,0.331168,0.031484,289,270,41,biscoito,70472eb40b,1.9816
87,28,50,0.331168,0.031484,289,270,41,biscoito,70472eb40b,1.9816
87,29,50,0.331168,0.031484,289,270,41,biscoito,70472eb40b,1.9816
87,30,50,0.331168,0.031484,289,270,41,biscoito,70472eb40b,1.9816
87,31,50,0.331168,0.031484,289,270,41,biscoito,70472eb40b,1.9816
87,32,50,0.331168,0.031484,289,270,41,biscoito,70472eb40b,1.9816
87,33,50,0.331168,0.031484,289,270,41,biscoito,70472eb40b,1.9816
87,34,50,0.331168,0.031484,289,270,41,biscoito,70472eb40b,1.9816
87,35,50,0.323339,0.031395,285,264,42,biscoito,cbdc53ad79,1.8926
87,36,50,0.331168,0.031484,289,270,41,biscoito,70472eb40b,1.9816
87,37,50,0.331168,0.031484,289,270,41,biscoito,70472eb40b,1.9816
87,38,50,0.331168,0.031484,289,270,41,biscoito,70472eb40b,1.9816
87,39,50,0.331168,0.031484,289,270,41,biscoito,70472eb40b,1.9816
87,40,50,0.331168,0.031484,289,270,41,biscoito,70472eb40b,1.9816
87,41,50,0.331168,0.031484,289,270,41,biscoito,70472eb40b,1.9816
87,42,50,0.331168,0.031484,289,270,41,biscoito,70472eb40b,1.9816
87,43,50,0.331168,0.031484,289,270,41,biscoito,70472eb40b,1.9816
87,44,50,0.331168,0.031484,289,270,41,biscoito,70472eb40b,1.9816
87,45,50,0.331168,0.031484,289,270,41,biscoito,70472eb40b,1.9816
87,46,50,0.331168,0.031484,289,270,41,biscoito,70472eb40b,1.9816
87,47,50,0.331168,0.031484,289,270,41,biscoito,70472eb40b,1.9816
87,48,50,0.331168,0.031484,289,270,41,biscoito,70472eb40b,1.9816
87,49,50,0.331168,0.031484,289,270,41,biscoito,70472eb40b,1.9816
88,0,50,0.331168,0.031484,289,270,41,biscoito,70472eb40b,1.9816
88,1,50,0.331168,0.031484,289,270,41,biscoito,70472eb40b,1.9816
88,2,50,0.331168,0.031484,289,270,41,biscoito,70472eb40b,1.9816
88,3,50,0.331168,0.031484,289,270,41,biscoito,70472eb40b,1.9816
88,4,50,0.331168,0.031484,289,270,41,biscoito,70472eb40b,1.9816
88,5,50,0.331168,0.031484,289,270,41,biscoito,70472eb40b,1.9816
88,6,50,0.331168,0.031484,289,270,41,biscoito,70472eb40b,1.9816
88,7,50,0.331168,0.031484,289,270,41,biscoito,70472eb40b,1.9816
88,8,50,0.331168,0.031484,289,270,41,biscoito,70472eb40b,1.9816
88,9,50,0.331168,0.031484,289,270,41,biscoito,70472eb40b,1.9816
88,10,50,0.331168,0.031484,289,270,41,biscoito,70472eb40b,1.9816
88,11,50,0.331168,0.031484,289,270,41,biscoito,70472eb40b,1.9816
88,12,50,0.331168,0.031484,289,270,41,biscoito,70472eb40b,1.9816
88,13,50,0.331168,0.031484,289,270,41,biscoito,70472eb40b,1.9816
88,14,50,0.331168,0.031484,289,270,41,biscoito,70472eb40b,1.9816
88,15,50,0.331168,0.031484,289,270,41,biscoito,70472eb40b,1.9816
88,16,50,0.311863,0.030488,290,270,41,biscoito,b03ea7c687,2.0236
88,17,50,0.331168,0.031484,289,270,41,biscoito,70472eb40b,1.9816
88,18,50,0.331168,0.031484,289,270,41,biscoito,70472eb40b,1.9816
88,19,50,0.331168,0.031484,289,270,41,biscoito,70472eb40b,1.9816
88,20,50,0.331168,0.031484,289,270,41,biscoito,70472eb40b,1.9816
88,21,50,0.331168,0.031484,289,270,41,biscoito,70472eb40b,1.9816
88,22,50,0.331168,0.031484,289,270,41,biscoito,70472eb40b,1.9816
88,23,50,0.331168,0.031484,289,270,41,biscoito,70472eb40b,1.9816
88,24,50,0.331168,0.031484,289,270,41,biscoito,70472eb40b,1.9816
88,25,50,0.331168,0.031484,289,270,41,biscoito,70472eb40b,1.9816
88,26,50,0.331168,0.031484,289,270,41,biscoito,70472eb40b,1.9816
88,27,50,0.331168,0.031484,289,270,41,biscoito,70472eb40b,1.9816
88,28,50,0.318786,0.030234,286,267,41,biscoito,42ae77f618,2.1302
88,29,50,0.331168,0.031484,289,270,41,biscoito,70472eb40b,1.9816
88,30,50,0.331168,0.031484,289,270,41,biscoito,70472eb40b,1.9816
88,31,50,0.328771,0.031343,289,269,41,biscoito,bd70d2c23f,1.8846
88,32,50,0.331168,0.031484,289,270,41,biscoito,70472eb40b,1.9816
88,33,50,0.331168,0.031484,289,270,41,biscoito,70472eb40b,1.9816
88,34,50,0.331168,0.031484,289,270,41,biscoito,70472eb40b,1.9816
88,35,50,0.331168,0.031484,289,270,41,biscoito,70472eb40b,1.9816
88,36,50,0.331168,0.031484,289,270,41,biscoito,70472eb40b,1.9816
88,37,50,0.331168,0.031484,289,270,41,biscoito,70472eb40b,1.9816
88,38,50,0.331168,0.031484,289,270,41,biscoito,70472eb40b,1.9816
88,39,50,0.331168,0.031484,289,270,41,biscoito,70472eb40b,1.9816
88,40,50,0.331168,0.031484,289,270,41,biscoito,70472eb40b,1.9816
88,41,50,0.331168,0.031484,289,270,41,biscoito,70472eb40b,1.9816
88,42,50,0.331168,0.031484,289,270,41,biscoito,70472eb40b,1.9816
88,43,50,0.323845,0.030836,288,268,41,biscoito,30a3ac9d8c,1.7112
88,44,50,0.331168,0.031484,289,270,41,biscoito,70472eb40b,1.9816
88,45,50,0.331168,0.031484,289,270,41,biscoito,70472eb40b,1.9816
88,46,50,0.331168,0.031484,289,270,41,biscoito,70472eb40b,1.9816
88,47,50,0.331168,0.031484,289,270,41,biscoito,70472eb40b,1.9816
88,48,50,0.331168,0.031484,289,270,41,biscoito,70472eb40b,1.9816
88,49,50,0.331168,0.031484,289,270,41,biscoito,70472eb40b,1.9816
89,0,50,0.331168,0.031484,289,270,41,biscoito,70472eb40b,1.9816
89,1,50,0.331168,0.031484,289,270,41,biscoito,70472eb40b,1.9816
89,2,50,0.331168,0.031484,289,270,41,biscoito,70472eb40b,1.9816
89,3,50,0.331168,0.031484,289,270,41,biscoito,70472eb40b,1.9816
89,4,50,0.331168,0.031484,289,270,41,biscoito,70472eb40b,1.9816
89,5,50,0.331168,0.031484,289,270,41,biscoito,70472eb40b,1.9816
89,6,50,0.331168,0.031484,289,270,41,biscoito,70472eb40b,1.9816
89,7,50,0.331168,0.031484,289,270,41,biscoito,70472eb40b,1.9816
89,8,50,0.331168,0.031484,289,270,41,biscoito,70472eb40b,1.9816
89,9,50,0.331168,0.031484,289,270,41,biscoito,70472eb40b,1.9816
89,10,50,0.331168,0.031484,289,270,41,biscoito,70472eb40b,1.9816
89,11,50,0.331168,0.031484,289,270,41,biscoito,70472eb40b,1.9816
89,12,50,0.331101,0.031180,290,272,40,biscoito,e727aab321,1.8996
89,13,50,0.331168,0.031484,289,270,41,biscoito,70472eb40b,1.9816
89,14,50,0.331168,0.031484,289,270,41,biscoito,70472eb40b,1.9816
89,15,50,0.331168,0.031484,289,270,41,biscoito,70472eb40b,1.9816
89,16,50,0.331168,0.031484,289,270,41,biscoito,70472eb40b,1.9816
89,17,50,0.331168,0.031484,289,270,41,biscoito,70472eb40b,1.9816
89,18,50,0.331168,0.031484,289,270,41,biscoito,70472eb40b,1.9816
89,19,50,0.331168,0.031484,289,270,41,biscoito,70472eb40b,1.9816
89,20,50,0.331168,0.031484,289,270,41,biscoito,70472eb40b,1.9816
89,21,50,0.330355,0.031343,290,271,41,biscoito,9bf9bfa23e,1.7769
89,22,50,0.331168,0.031484,289,270,41,biscoito,70472eb40b,1.9816
89,23,50,0.331168,0.031484,289,270,41,biscoito,70472eb40b,1.9816
89,24,50,0.331168,0.031484,289,270,41,biscoito,70472eb40b,1.9816
89,25,50,0.331168,0.031484,289,270,41,biscoito,70472eb40b,1.9816
89,26,50,0.329091,0.031184,293,273,41,biscoito,726fc95149,1.7881
89,27,50,0.331168,0.031484,289,270,41,biscoito,70472eb40b,1.9816
89,28,50,0.331168,0.031484,289,270,41,biscoito,70472eb40b,1.9816
89,29,50,0.331168,0.031484,289,270,41,biscoito,70472eb40b,1.9816
89,30,50,0.331168,0.031484,289,270,41,biscoito,70472eb40b,1.9816
89,31,50,0.331168,0.031484,289,270,41,biscoito,70472eb40b,1.9816
89,32,50,0.331168,0.031484,289,270,41,biscoito,70472eb40b,1.9816
89,33,50,0.331168,0.031484,289,270,41,biscoito,70472eb40b,1.9816
89,34,50,0.331168,0.031484,289,270,41,biscoito,70472eb40b,1.9816
89,35,50,0.324897,0.031979,285,263,42,biscoito,82eda07fac,1.8168
89,36,50,0.330169,0.030807,290,271,40,suco pronto,ba7419a303,1.7353
89,37,50,0.331168,0.031484,289,270,41,biscoito,70472eb40b,1.9816
89,38,50,0.331168,0.031484,289,270,41,biscoito,70472eb40b,1.9816
89,39,50,0.331168,0.031484,289,270,41,biscoito,70472eb40b,1.9816
89,40,50,0.331168,0.031484,289,270,41,biscoito,70472eb40b,1.9816
89,41,50,0.331168,0.031484,289,270,41,biscoito,70472eb40b,1.9816
89,42,50,0.331168,0.031484,289,270,41,biscoito,70472eb40b,1.9816
89,43,50,0.331168,0.031484,289,270,41,biscoito,70472eb40b,1.9816
89,44,50,0.331168,0.031484,289,270,41,biscoito,70472eb40b,1.9816
89,45,50,0.331168,0.031484,289,270,41,biscoito,70472eb40b,1.9816
89,46,50,0.331168,0.031484,289,270,41,biscoito,70472eb40b,1.9816
89,47,50,0.331168,0.031484,289,270,41,biscoito,70472eb40b,1.9816
89,48,50,0.331168,0.031484,289,270,41,biscoito,70472eb40b,1.9816
89,49,50,0.331168,0.031484,289,270,41,biscoito,70472eb40b,1.9816
90,0,50,0.331168,0.031484,289,270,41,biscoito,70472eb40b,1.9816
90,1,50,0.331168,0.031484,289,270,41,biscoito,70472eb40b,1.9816
90,2,50,0.331168,0.031484,289,270,41,biscoito,70472eb40b,1.9816
90,3,50,0.331168,0.031484,289,270,41,biscoito,70472eb40b,1.9816
90,4,50,0.331168,0.031484,289,270,41,biscoito,70472eb40b,1.9816
90,5,50,0.331168,0.031484,289,270,41,biscoito,70472eb40b,1.9816
90,6,50,0.331168,0.031484,289,270,41,biscoito,70472eb40b,1.9816
90,7,50,0.331168,0.031484,289,270,41,biscoito,70472eb40b,1.9816
90,8,50,0.331168,0.031484,289,270,41,biscoito,70472eb40b,1.9816
90,9,50,0.331168,0.031484,289,270,41,biscoito,70472eb40b,1.9816
90,10,50,0.331168,0.031484,289,270,41,biscoito,70472eb40b,1.9816
90,11,50,0.331168,0.031484,289,270,41,biscoito,70472eb40b,1.9816
90,12,50,0.331168,0.031484,289,270,41,biscoito,70472eb40b,1.9816
90,13,50,0.331168,0.031484,289,270,41,biscoito,70472eb40b,1.9816
90,14,50,0.331168,0.031484,289,270,41,biscoito,70472eb40b,1.9816
90,15,50,0.331168,0.031484,289,270,41,biscoito,70472eb40b,1.9816
90,16,50,0.331168,0.031484,289,270,41,biscoito,70472eb40b,1.9816
90,17,50,0.318373,0.030491,285,265,41,biscoito,d39b5a78ff,1.8517
90,18,50,0.331168,0.031484,289,270,41,biscoito,70472eb40b,1.9816
90,19,50,0.331168,0.031484,289,270,41,biscoito,70472eb40b,1.9816
90,20,50,0.331168,0.031484,289,270,41,biscoito,70472eb40b,1.9816
90,21,50,0.331168,0.031484,289,270,41,biscoito,70472eb40b,1.9816
90,22,50,0.331168,0.031484,289,270,41,biscoito,70472eb40b,1.9816
90,23,50,0.331168,0.031484,289,270,41,biscoito,70472eb40b,1.9816
90,24,50,0.331168,0.031484,289,270,41,biscoito,70472eb40b,1.9816
90,25,50,0.331168,0.031484,289,270,41,biscoito,70472eb40b,1.9816
90,26,50,0.331168,0.031484,289,270,41,biscoito,70472eb40b,1.9816
90,27,50,0.331168,0.031484,289,270,41,biscoito,70472eb40b,1.9816
90,28,50,0.331168,0.031484,289,270,41,biscoito,70472eb40b,1.9816
90,29,50,0.331168,0.031484,289,270,41,biscoito,70472eb40b,1.9816
90,30,50,0.331168,0.031484,289,270,41,biscoito,70472eb40b,1.9816
90,31,50,0.331168,0.031484,289,270,41,biscoito,70472eb40b,1.9816
90,32,50,0.331168,0.031484,289,270,41,biscoito,70472eb40b,1.9816
90,33,50,0.331168,0.031484,289,270,41,biscoito,70472eb40b,1.9816
90,34,50,0.331168,0.031484,289,270,41,biscoito,70472eb40b,1.9816
90,35,50,0.331168,0.031484,289,270,41,biscoito,70472eb40b,1.9816
90,36,50,0.331168,0.031484,289,270,41,biscoito,70472eb40b,1.9816
90,37,50,0.331168,0.031484,289,270,41,biscoito,70472eb40b,1.9816
90,38,50,0.331168,0.031484,289,270,41,biscoito,70472eb40b,1.9816
90,39,50,0.331168,0.031484,289,270,41,biscoito,70472eb40b,1.9816
90,40,50,0.331168,0.031484,289,270,41,biscoito,70472eb40b,1.9816
90,41,50,0.331168,0.031484,289,270,41,biscoito,70472eb40b,1.9816
90,42,50,0.331168,0.031484,289,270,41,biscoito,70472eb40b,1.9816
90,43,50,0.331168,0.031484,289,270,41,biscoito,70472eb40b,1.9816
90,44,50,0.331168,0.031484,289,270,41,biscoito,70472eb40b,1.9816
90,45,50,0.331168,0.031484,289,270,41,biscoito,70472eb40b,1.9816
90,46,50,0.331168,0.031484,289,270,41,biscoito,70472eb40b,1.9816
90,47,50,0.331168,0.031484,289,270,41,biscoito,70472eb40b,1.9816
90,48,50,0.328545,0.030896,288,269,40,suco pronto,4b8a66393d,1.7307
90,49,50,0.331168,0.031484,289,270,41,biscoito,70472eb40b,1.9816
91,0,50,0.331168,0.031484,289,270,41,biscoito,70472eb40b,1.9816
91,1,50,0.331168,0.031484,289,270,41,biscoito,70472eb40b,1.9816
91,2,50,0.331168,0.031484,289,270,41,biscoito,70472eb40b,1.9816
91,3,50,0.331168,0.031484,289,270,41,biscoito,70472eb40b,1.9816
91,4,50,0.331168,0.031484,289,270,41,biscoito,70472eb40b,1.9816
91,5,50,0.331168,0.031484,289,270,41,biscoito,70472eb40b,1.9816
91,6,50,0.331168,0.031484,289,270,41,biscoito,70472eb40b,1.9816
91,7,50,0.331168,0.031484,289,270,41,biscoito,70472eb40b,1.9816
91,8,50,0.331168,0.031484,289,270,41,biscoito,70472eb40b,1.9816
91,9,50,0.331168,0.031484,289,270,41,biscoito,70472eb40b,1.9816
91,10,50,0.331168,0.031484,289,270,41,biscoito,70472eb40b,1.9816
91,11,50,0.331168,0.031484,289,270,41,biscoito,70472eb40b,1.9816
91,12,50,0.331168,0.031484,289,270,41,biscoito,70472eb40b,1.9816
91,13,50,0.331168,0.031484,289,270,41,biscoito,70472eb40b,1.9816
91,14,50,0.331168,0.031484,289,270,41,biscoito,70472eb40b,1.9816
91,15,50,0.331168,0.031484,289,270,41,biscoito,70472eb40b,1.9816
91,16,50,0.328531,0.030934,291,271,41,biscoito,89849c9afa,1.8357
91,17,50,0.330662,0.032134,286,268,42,biscoito,d9fb5237f9,1.6460
91,18,50,0.331168,0.031484,289,270,41,biscoito,70472eb40b,1.9816
91,19,50,0.320237,0.030422,288,270,40,biscoito,5154a6a82a,1.7210
91,20,50,0.331168,0.031484,289,270,41,biscoito,70472eb40b,1.9816
91,21,50,0.331168,0.031484,289,270,41,biscoito,70472eb40b,1.9816
91,22,50,0.331168,0.031484,289,270,41,biscoito,70472eb40b,1.9816
91,23,50,0.323299,0.030908,286,264,41,biscoito,1db18f6319,1.8456
91,24,50,0.331168,0.031484,289,270,41,biscoito,70472eb40b,1.9816
91,25,50,0.331168,0.031484,289,270,41,biscoito,70472eb40b,1.9816
91,26,50,0.331168,0.031484,289,270,41,biscoito,70472eb40b,1.9816
91,27,50,0.331168,0.031484,289,270,41,biscoito,70472eb40b,1.9816
91,28,50,0.331168,0.031484,289,270,41,biscoito,70472eb40b,1.9816
91,29,50,0.331168,0.031484,289,270,41,biscoito,70472eb40b,1.9816
91,30,50,0.331168,0.031484,289,270,41,biscoito,70472eb40b,1.9816
91,31,50,0.331168,0.031484,289,270,41,biscoito,70472eb40b,1.9816
91,32,50,0.331168,0.031484,289,270,41,biscoito,70472eb40b,1.9816
91,33,50,0.331168,0.031484,289,270,41,biscoito,70472eb40b,1.9816
91,34,50,0.331168,0.031484,289,270,41,biscoito,70472eb40b,1.9816
91,35,50,0.331168,0.031484,289,270,41,biscoito,70472eb40b,1.9816
91,36,50,0.331168,0.031484,289,270,41,biscoito,70472eb40b,1.9816
91,37,50,0.331168,0.031484,289,270,41,biscoito,70472eb40b,1.9816
91,38,50,0.331168,0.031484,289,270,41,biscoito,70472eb40b,1.9816
91,39,50,0.322460,0.030683,289,269,40,biscoito,beafab8dab,1.7450
91,40,50,0.331168,0.031484,289,270,41,biscoito,70472eb40b,1.9816
91,41,50,0.331168,0.031484,289,270,41,biscoito,70472eb40b,1.9816
91,42,50,0.331168,0.031484,289,270,41,biscoito,70472eb40b,1.9816
91,43,50,0.331168,0.031484,289,270,41,biscoito,70472eb40b,1.9816
91,44,50,0.331168,0.031484,289,270,41,biscoito,70472eb40b,1.9816
91,45,50,0.331168,0.031484,289,270,41,biscoito,70472eb40b,1.9816
91,46,50,0.331168,0.031484,289,270,41,biscoito,70472eb40b,1.9816
91,47,50,0.331168,0.031484,289,270,41,biscoito,70472eb40b,1.9816
91,48,50,0.331168,0.031484,289,270,41,biscoito,70472eb40b,1.9816
91,49,50,0.331168,0.031484,289,270,41,biscoito,70472eb40b,1.9816
92,0,50,0.331168,0.031484,289,270,41,biscoito,70472eb40b,1.9816
92,1,50,0.331168,0.031484,289,270,41,biscoito,70472eb40b,1.9816
92,2,50,0.331168,0.031484,289,270,41,biscoito,70472eb40b,1.9816
92,3,50,0.331168,0.031484,289,270,41,biscoito,70472eb40b,1.9816
92,4,50,0.331168,0.031484,289,270,41,biscoito,70472eb40b,1.9816
92,5,50,0.331168,0.031484,289,270,41,biscoito,70472eb40b,1.9816
92,6,50,0.331168,0.031484,289,270,41,biscoito,70472eb40b,1.9816
92,7,50,0.331168,0.031484,289,270,41,biscoito,70472eb40b,1.9816
92,8,50,0.331168,0.031484,289,270,41,biscoito,70472eb40b,1.9816
92,9,50,0.331168,0.031484,289,270,41,biscoito,70472eb40b,1.9816
92,10,50,0.331168,0.031484,289,270,41,biscoito,70472eb40b,1.9816
92,11,50,0.331168,0.031484,289,270,41,biscoito,70472eb40b,1.9816
92,12,50,0.331168,0.031484,289,270,41,biscoito,70472eb40b,1.9816
92,13,50,0.331168,0.031484,289,270,41,biscoito,70472eb40b,1.9816
92,14,50,0.331168,0.031484,289,270,41,biscoito,70472eb40b,1.9816
92,15,50,0.331168,0.031484,289,270,41,biscoito,70472eb40b,1.9816
92,16,50,0.331168,0.031484,289,270,41,biscoito,70472eb40b,1.9816
92,17,50,0.331168,0.031484,289,270,41,biscoito,70472eb40b,1.9816
92,18,50,0.332126,0.032037,288,270,41,biscoito,52f2f0a024,1.9122
92,19,50,0.331168,0.031484,289,270,41,biscoito,70472eb40b,1.9816
92,20,50,0.331168,0.031484,289,270,41,biscoito,70472eb40b,1.9816
92,21,50,0.326148,0.030002,289,270,40,biscoito,64306d1135,1.6735
92,22,50,0.331168,0.031484,289,270,41,biscoito,70472eb40b,1.9816
92,23,50,0.331168,0.031484,289,270,41,biscoito,70472eb40b,1.9816
92,24,50,0.331168,0.031484,289,270,41,biscoito,70472eb40b,1.9816
92,25,50,0.331168,0.031484,289,270,41,biscoito,70472eb40b,1.9816
92,26,50,0.331168,0.031484,289,270,41,biscoito,70472eb40b,1.9816
92,27,50,0.331168,0.031484,289,270,41,biscoito,70472eb40b,1.9816
92,28,50,0.331168,0.031484,289,270,41,biscoito,70472eb40b,1.9816
92,29,50,0.331168,0.031484,289,270,41,biscoito,70472eb40b,1.9816
92,30,50,0.331168,0.031484,289,270,41,biscoito,70472eb40b,1.9816
92,31,50,0.331168,0.031484,289,270,41,biscoito,70472eb40b,1.9816
92,32,50,0.327480,0.031162,289,271,41,biscoito,c7ec2c83d7,1.6682
92,33,50,0.331168,0.031484,289,270,41,biscoito,70472eb40b,1.9816
92,34,50,0.331168,0.031484,289,270,41,biscoito,70472eb40b,1.9816
92,35,50,0.331168,0.031484,289,270,41,biscoito,70472eb40b,1.9816
92,36,50,0.331168,0.031484,289,270,41,biscoito,70472eb40b,1.9816
92,37,50,0.331168,0.031484,289,270,41,biscoito,70472eb40b,1.9816
92,38,50,0.331168,0.031484,289,270,41,biscoito,70472eb40b,1.9816
92,39,50,0.331168,0.031484,289,270,41,biscoito,70472eb40b,1.9816
92,40,50,0.331168,0.031484,289,270,41,biscoito,70472eb40b,1.9816
92,41,50,0.331168,0.031484,289,270,41,biscoito,70472eb40b,1.9816
92,42,50,0.331168,0.031484,289,270,41,biscoito,70472eb40b,1.9816
92,43,50,0.331168,0.031484,289,270,41,biscoito,70472eb40b,1.9816
92,44,50,0.331168,0.031484,289,270,41,biscoito,70472eb40b,1.9816
92,45,50,0.331168,0.031484,289,270,41,biscoito,70472eb40b,1.9816
92,46,50,0.327839,0.030507,289,272,40,biscoito,769d849dd5,1.6875
92,47,50,0.331168,0.031484,289,270,41,biscoito,70472eb40b,1.9816
92,48,50,0.331168,0.031484,289,270,41,biscoito,70472eb40b,1.9816
92,49,50,0.331168,0.031484,289,270,41,biscoito,70472eb40b,1.9816
93,0,50,0.332126,0.032037,288,270,41,biscoito,52f2f0a024,1.9122
93,1,50,0.331168,0.031484,289,270,41,biscoito,70472eb40b,1.9816
93,2,50,0.331168,0.031484,289,270,41,biscoito,70472eb40b,1.9816
93,3,50,0.331168,0.031484,289,270,41,biscoito,70472eb40b,1.9816
93,4,50,0.331168,0.031484,289,270,41,biscoito,70472eb40b,1.9816
93,5,50,0.331168,0.031484,289,270,41,biscoito,70472eb40b,1.9816
93,6,50,0.331168,0.031484,289,270,41,biscoito,70472eb40b,1.9816
93,7,50,0.331168,0.031484,289,270,41,biscoito,70472eb40b,1.9816
93,8,50,0.331168,0.031484,289,270,41,biscoito,70472eb40b,1.9816
93,9,50,0.331168,0.031484,289,270,41,biscoito,70472eb40b,1.9816
93,10,50,0.331168,0.031484,289,270,41,biscoito,70472eb40b,1.9816
93,11,50,0.331168,0.031484,289,270,41,biscoito,70472eb40b,1.9816
93,12,50,0.326814,0.031545,287,267,42,biscoito,000aac5b82,1.8297
93,13,50,0.331168,0.031484,289,270,41,biscoito,70472eb40b,1.9816
93,14,50,0.331168,0.031484,289,270,41,biscoito,70472eb40b,1.9816
93,15,50,0.331168,0.031484,289,270,41,biscoito,70472eb40b,1.9816
93,16,50,0.331168,0.031484,289,270,41,biscoito,70472eb40b,1.9816
93,17,50,0.331168,0.031484,289,270,41,biscoito,70472eb40b,1.9816
93,18,50,0.331168,0.031484,289,270,41,biscoito,70472eb40b,1.9816
93,19,50,0.331168,0.031484,289,270,41,biscoito,70472eb40b,1.9816
93,20,50,0.327480,0.031672,285,265,41,biscoito,02b73cb0fb,1.7817
93,21,50,0.331168,0.031484,289,270,41,biscoito,70472eb40b,1.9816
93,22,50,0.316190,0.029917,288,265,40,biscoito,9520e96b3e,1.6696
93,23,50,0.331168,0.031484,289,270,41,biscoito,70472eb40b,1.9816
93,24,50,0.331168,0.031484,289,270,41,biscoito,70472eb40b,1.9816
93,25,50,0.331168,0.031484,289,270,41,biscoito,70472eb40b,1.9816
93,26,50,0.331168,0.031484,289,270,41,biscoito,70472eb40b,1.9816
93,27,50,0.331168,0.031484,289,270,41,biscoito,70472eb40b,1.9816
93,28,50,0.331168,0.031484,289,270,41,biscoito,70472eb40b,1.9816
93,29,50,0.322980,0.031761,289,270,42,biscoito,c230e3d84b,1.7438
93,30,50,0.332126,0.032037,288,270,41,biscoito,52f2f0a024,1.9122
93,31,50,0.331168,0.031484,289,270,41,biscoito,70472eb40b,1.9816
93,32,50,0.329397,0.030376,290,270,40,suco pronto,c7cd0e568b,1.8043
93,33,50,0.331168,0.031484,289,270,41,biscoito,70472eb40b,1.9816
93,34,50,0.331168,0.031484,289,270,41,biscoito,70472eb40b,1.9816
93,35,50,0.331168,0.031484,289,270,41,biscoito,70472eb40b,1.9816
93,36,50,0.331168,0.031484,289,270,41,biscoito,70472eb40b,1.9816
93,37,50,0.331168,0.031484,289,270,41,biscoito,70472eb40b,1.9816
93,38,50,0.331168,0.031484,289,270,41,biscoito,70472eb40b,1.9816
93,39,50,0.331168,0.031484,289,270,41,biscoito,70472eb40b,1.9816
93,40,50,0.331168,0.031484,289,270,41,biscoito,70472eb40b,1.9816
93,41,50,0.332126,0.032037,288,270,41,biscoito,52f2f0a024,1.9122
93,42,50,0.331168,0.031484,289,270,41,biscoito,70472eb40b,1.9816
93,43,50,0.331168,0.031484,289,270,41,biscoito,70472eb40b,1.9816
93,44,50,0.331168,0.031484,289,270,41,biscoito,70472eb40b,1.9816
93,45,50,0.331168,0.031484,289,270,41,biscoito,70472eb40b,1.9816
93,46,50,0.331168,0.031484,289,270,41,biscoito,70472eb40b,1.9816
93,47,50,0.331168,0.031484,289,270,41,biscoito,70472eb40b,1.9816
93,48,50,0.331168,0.031484,289,270,41,biscoito,70472eb40b,1.9816
93,49,50,0.331168,0.031484,289,270,41,biscoito,70472eb40b,1.9816
94,0,50,0.332126,0.032037,288,270,41,biscoito,52f2f0a024,1.9122
94,1,50,0.332126,0.032037,288,270,41,biscoito,52f2f0a024,1.9122
94,2,50,0.332126,0.032037,288,270,41,biscoito,52f2f0a024,1.9122
94,3,50,0.331168,0.031484,289,270,41,biscoito,70472eb40b,1.9816
94,4,50,0.331168,0.031484,289,270,41,biscoito,70472eb40b,1.9816
94,5,50,0.327014,0.031558,287,270,42,biscoito,180dff72d1,1.8193
94,6,50,0.331168,0.031484,289,270,41,biscoito,70472eb40b,1.9816
94,7,50,0.331168,0.031484,289,270,41,biscoito,70472eb40b,1.9816
94,8,50,0.330422,0.031282,290,271,41,biscoito,9b0420596b,1.7957
94,9,50,0.331168,0.031484,289,270,41,biscoito,70472eb40b,1.9816
94,10,50,0.331168,0.031484,289,270,41,biscoito,70472eb40b,1.9816
94,11,50,0.330036,0.032495,285,266,41,biscoito,8ab7640be9,1.7795
94,12,50,0.331168,0.031484,289,270,41,biscoito,70472eb40b,1.9816
94,13,50,0.332126,0.032037,288,270,41,biscoito,52f2f0a024,1.9122
94,14,50,0.331168,0.031484,289,270,41,biscoito,70472eb40b,1.9816
94,15,50,0.332126,0.032037,288,270,41,biscoito,52f2f0a024,1.9122
94,16,50,0.330222,0.031610,289,269,41,biscoito,5633a3e3ca,1.7686
94,17,50,0.331168,0.031484,289,270,41,biscoito,70472eb40b,1.9816
94,18,50,0.332126,0.032037,288,270,41,biscoito,52f2f0a024,1.9122
94,19,50,0.331168,0.031484,289,270,41,biscoito,70472eb40b,1.9816
94,20,50,0.328984,0.030973,286,267,41,biscoito,b3f51b6dbd,1.9683
94,21,50,0.331168,0.031484,289,270,41,biscoito,70472eb40b,1.9816
94,22,50,0.331168,0.031484,289,270,41,biscoito,70472eb40b,1.9816
94,23,50,0.331168,0.031484,289,270,41,biscoito,70472eb40b,1.9816
94,24,50,0.331168,0.031484,289,270,41,biscoito,70472eb40b,1.9816
94,25,50,0.331168,0.031484,289,270,41,biscoito,70472eb40b,1.9816
94,26,50,0.331168,0.031484,289,270,41,biscoito,70472eb40b,1.9816
94,27,50,0.311477,0.031201,291,272,42,biscoito,4531578c49,1.8876
94,28,50,0.331354,0.032382,287,269,42,suco pronto,fadddd7958,1.7359
94,29,50,0.323046,0.030916,287,268,41,biscoito,98f0657b9b,1.7816
94,30,50,0.331168,0.031484,289,270,41,biscoito,70472eb40b,1.9816
94,31,50,0.331168,0.031484,289,270,41,biscoito,70472eb40b,1.9816
94,32,50,0.331168,0.031484,289,270,41,biscoito,70472eb40b,1.9816
94,33,50,0.326814,0.030617,290,268,40,biscoito,9c4ddc2817,1.8122
94,34,50,0.331168,0.031484,289,270,41,biscoito,70472eb40b,1.9816
94,35,50,0.328145,0.031096,288,270,41,biscoito,59fbeaa75a,1.7197
94,36,50,0.328784,0.030524,292,272,40,suco pronto,7d94e0e6c6,1.6329
94,37,50,0.330222,0.031610,289,269,41,biscoito,5633a3e3ca,1.7686
94,38,50,0.331168,0.031484,289,270,41,biscoito,70472eb40b,1.9816
94,39,50,0.331168,0.031484,289,270,41,biscoito,70472eb40b,1.9816
94,40,50,0.326415,0.030997,289,267,40,biscoito,03998267b9,1.7414
94,41,50,0.331168,0.031484,289,270,41,biscoito,70472eb40b,1.9816
94,42,50,0.331168,0.031484,289,270,41,biscoito,70472eb40b,1.9816
94,43,50,0.331168,0.031484,289,270,41,biscoito,70472eb40b,1.9816
94,44,50,0.331168,0.031484,289,270,41,biscoito,70472eb40b,1.9816
94,45,50,0.331168,0.031484,289,270,41,biscoito,70472eb40b,1.9816
94,46,50,0.318480,0.030755,288,268,41,biscoito,bc21438202,1.8273
94,47,50,0.331168,0.031484,289,270,41,biscoito,70472eb40b,1.9816
94,48,50,0.331168,0.031484,289,270,41,biscoito,70472eb40b,1.9816
94,49,50,0.331168,0.031484,289,270,41,biscoito,70472eb40b,1.9816
95,0,50,0.332126,0.032037,288,270,41,biscoito,52f2f0a024,1.9122
95,1,50,0.332126,0.032037,288,270,41,biscoito,52f2f0a024,1.9122
95,2,50,0.332126,0.032037,288,270,41,biscoito,52f2f0a024,1.9122
95,3,50,0.332126,0.032037,288,270,41,biscoito,52f2f0a024,1.9122
95,4,50,0.332126,0.032037,288,270,41,biscoito,52f2f0a024,1.9122
95,5,50,0.331168,0.031484,289,270,41,biscoito,70472eb40b,1.9816
95,6,50,0.331168,0.031484,289,270,41,biscoito,70472eb40b,1.9816
95,7,50,0.332126,0.032037,288,270,41,biscoito,52f2f0a024,1.9122
95,8,50,0.331354,0.032382,287,269,42,suco pronto,fadddd7958,1.7359
95,9,50,0.329543,0.032273,286,269,42,biscoito,b72866c814,1.7722
95,10,50,0.331168,0.031484,289,270,41,biscoito,70472eb40b,1.9816
95,11,50,0.331168,0.031484,289,270,41,biscoito,70472eb40b,1.9816
95,12,50,0.330222,0.031610,289,269,41,biscoito,5633a3e3ca,1.7686
95,13,50,0.329543,0.032273,286,269,42,biscoito,b72866c814,1.7722
95,14,50,0.322048,0.031046,286,266,41,biscoito,5b385942cb,1.7312
95,15,50,0.331168,0.031484,289,270,41,biscoito,70472eb40b,1.9816
95,16,50,0.331168,0.031484,289,270,41,biscoito,70472eb40b,1.9816
95,17,50,0.332126,0.032037,288,270,41,biscoito,52f2f0a024,1.9122
95,18,50,0.321808,0.030559,287,266,40,biscoito,da97ba66ed,1.6986
95,19,50,0.329543,0.032273,286,269,42,biscoito,b72866c814,1.7722
95,20,50,0.322048,0.031046,286,266,41,biscoito,5b385942cb,1.7312
95,21,50,0.332126,0.032037,288,270,41,biscoito,52f2f0a024,1.9122
95,22,50,0.330222,0.031610,289,269,41,biscoito,5633a3e3ca,1.7686
95,23,50,0.331168,0.031484,289,270,41,biscoito,70472eb40b,1.9816
95,24,50,0.332126,0.032037,288,270,41,biscoito,52f2f0a024,1.9122
95,25,50,0.329530,0.031603,288,271,41,biscoito,da45a83c77,1.6979
95,26,50,0.331168,0.031484,289,270,41,biscoito,70472eb40b,1.9816
95,27,50,0.331168,0.031484,289,270,41,biscoito,70472eb40b,1.9816
95,28,50,0.331168,0.031484,289,270,41,biscoito,70472eb40b,1.9816
95,29,50,0.331168,0.031484,289,270,41,biscoito,70472eb40b,1.9816
95,30,50,0.331168,0.031484,289,270,41,biscoito,70472eb40b,1.9816
95,31,50,0.331168,0.031484,289,270,41,biscoito,70472eb40b,1.9816
95,32,50,0.332126,0.032037,288,270,41,biscoito,52f2f0a024,1.9122
95,33,50,0.332126,0.032037,288,270,41,biscoito,52f2f0a024,1.9122
95,34,50,0.329543,0.032273,286,269,42,biscoito,b72866c814,1.7722
95,35,50,0.326455,0.031844,287,267,41,biscoito,866ef6fe87,1.8137
95,36,50,0.329543,0.032273,286,269,42,biscoito,b72866c814,1.7722
95,37,50,0.331168,0.031484,289,270,41,biscoito,70472eb40b,1.9816
95,38,50,0.331168,0.031484,289,270,41,biscoito,70472eb40b,1.9816
95,39,50,0.332126,0.032037,288,270,41,biscoito,52f2f0a024,1.9122
95,40,50,0.332126,0.032037,288,270,41,biscoito,52f2f0a024,1.9122
95,41,50,0.330422,0.031282,290,271,41,biscoito,9b0420596b,1.7957
95,42,50,0.332126,0.032037,288,270,41,biscoito,52f2f0a024,1.9122
95,43,50,0.331168,0.031484,289,270,41,biscoito,70472eb40b,1.9816
95,44,50,0.332126,0.032037,288,270,41,biscoito,52f2f0a024,1.9122
95,45,50,0.331168,0.031484,289,270,41,biscoito,70472eb40b,1.9816
95,46,50,0.331354,0.032382,287,269,42,suco pronto,fadddd7958,1.7359
95,47,50,0.331168,0.031484,289,270,41,biscoito,70472eb40b,1.9816
95,48,50,0.331953,0.031867,288,268,41,biscoito,e3256f3294,1.7375
95,49,50,0.332126,0.032037,288,270,41,biscoito,52f2f0a024,1.9122
96,0,50,0.332126,0.032037,288,270,41,biscoito,52f2f0a024,1.9122
96,1,50,0.332126,0.032037,288,270,41,biscoito,52f2f0a024,1.9122
96,2,50,0.332126,0.032037,288,270,41,biscoito,52f2f0a024,1.9122
96,3,50,0.332126,0.032037,288,270,41,biscoito,52f2f0a024,1.9122
96,4,50,0.332126,0.032037,288,270,41,biscoito,52f2f0a024,1.9122
96,5,50,0.332126,0.032037,288,270,41,biscoito,52f2f0a024,1.9122
96,6,50,0.331168,0.031484,289,270,41,biscoito,70472eb40b,1.9816
96,7,50,0.332126,0.032037,288,270,41,biscoito,52f2f0a024,1.9122
96,8,50,0.332126,0.032037,288,270,41,biscoito,52f2f0a024,1.9122
96,9,50,0.332126,0.032037,288,270,41,biscoito,52f2f0a024,1.9122
96,10,50,0.332126,0.032037,288,270,41,biscoito,52f2f0a024,1.9122
96,11,50,0.331168,0.031484,289,270,41,biscoito,70472eb40b,1.9816
96,12,50,0.331168,0.031484,289,270,41,biscoito,70472eb40b,1.9816
96,13,50,0.331354,0.032382,287,269,42,suco pronto,fadddd7958,1.7359
96,14,50,0.331168,0.031484,289,270,41,biscoito,70472eb40b,1.9816
96,15,50,0.332126,0.032037,288,270,41,biscoito,52f2f0a024,1.9122
96,16,50,0.332126,0.032037,288,270,41,biscoito,52f2f0a024,1.9122
96,17,50,0.322048,0.030595,289,267,40,biscoito,3fbe576849,1.6541
96,18,50,0.331168,0.031484,289,270,41,biscoito,70472eb40b,1.9816
96,19,50,0.332126,0.032037,288,270,41,biscoito,52f2f0a024,1.9122
96,20,50,0.332126,0.032037,288,270,41,biscoito,52f2f0a024,1.9122
96,21,50,0.326055,0.030749,289,271,40,biscoito,12c9126270,1.7742
96,22,50,0.331953,0.031867,288,268,41,biscoito,e3256f3294,1.7375
96,23,50,0.331168,0.031484,289,270,41,biscoito,70472eb40b,1.9816
96,24,50,0.331354,0.032382,287,269,42,suco pronto,fadddd7958,1.7359
96,25,50,0.332126,0.032037,288,270,41,biscoito,52f2f0a024,1.9122
96,26,50,0.332126,0.032037,288,270,41,biscoito,52f2f0a024,1.9122
96,27,50,0.332126,0.032037,288,270,41,biscoito,52f2f0a024,1.9122
96,28,50,0.332126,0.032037,288,270,41,biscoito,52f2f0a024,1.9122
96,29,50,0.331168,0.031484,289,270,41,biscoito,70472eb40b,1.9816
96,30,50,0.332126,0.032037,288,270,41,biscoito,52f2f0a024,1.9122
96,31,50,0.331168,0.031484,289,270,41,biscoito,70472eb40b,1.9816
96,32,50,0.319358,0.030882,287,267,41,biscoito,4f72bb9c47,1.7708
96,33,50,0.332126,0.032037,288,270,41,biscoito,52f2f0a024,1.9122
96,34,50,0.332126,0.032037,288,270,41,biscoito,52f2f0a024,1.9122
96,35,50,0.322181,0.030934,292,272,41,biscoito,87c584acd9,1.7795
96,36,50,0.329543,0.032273,286,269,42,biscoito,b72866c814,1.7722
96,37,50,0.332126,0.032037,288,270,41,biscoito,52f2f0a024,1.9122
96,38,50,0.331168,0.031484,289,270,41,biscoito,70472eb40b,1.9816
96,39,50,0.332126,0.032037,288,270,41,biscoito,52f2f0a024,1.9122
96,40,50,0.332126,0.032037,288,270,41,biscoito,52f2f0a024,1.9122
96,41,50,0.330222,0.031610,289,269,41,biscoito,5633a3e3ca,1.7686
96,42,50,0.330955,0.031944,286,268,41,biscoito,60a00636d7,1.7151
96,43,50,0.332126,0.032037,288,270,41,biscoito,52f2f0a024,1.9122
96,44,50,0.332126,0.032037,288,270,41,biscoito,52f2f0a024,1.9122
96,45,50,0.331354,0.032382,287,269,42,suco pronto,fadddd7958,1.7359
96,46,50,0.329543,0.032273,286,269,42,biscoito,b72866c814,1.7722
96,47,50,0.332126,0.032037,288,270,41,biscoito,52f2f0a024,1.9122
96,48,50,0.332126,0.032037,288,270,41,biscoito,52f2f0a024,1.9122
96,49,50,0.332126,0.032037,288,270,41,biscoito,52f2f0a024,1.9122
97,0,50,0.332126,0.032037,288,270,41,biscoito,52f2f0a024,1.9122
97,1,50,0.332126,0.032037,288,270,41,biscoito,52f2f0a024,1.9122
97,2,50,0.332126,0.032037,288,270,41,biscoito,52f2f0a024,1.9122
97,3,50,0.332126,0.032037,288,270,41,biscoito,52f2f0a024,1.9122
97,4,50,0.332126,0.032037,288,270,41,biscoito,52f2f0a024,1.9122
97,5,50,0.332126,0.032037,288,270,41,biscoito,52f2f0a024,1.9122
97,6,50,0.332126,0.032037,288,270,41,biscoito,52f2f0a024,1.9122
97,7,50,0.332126,0.032037,288,270,41,biscoito,52f2f0a024,1.9122
97,8,50,0.325017,0.030483,287,268,40,biscoito,353d57eccd,1.7299
97,9,50,0.332126,0.032037,288,270,41,biscoito,52f2f0a024,1.9122
97,10,50,0.332126,0.032037,288,270,41,biscoito,52f2f0a024,1.9122
97,11,50,0.332126,0.032037,288,270,41,biscoito,52f2f0a024,1.9122
97,12,50,0.332126,0.032037,288,270,41,biscoito,52f2f0a024,1.9122
97,13,50,0.332126,0.032037,288,270,41,biscoito,52f2f0a024,1.9122
97,14,50,0.332126,0.032037,288,270,41,biscoito,52f2f0a024,1.9122
97,15,50,0.332126,0.032037,288,270,41,biscoito,52f2f0a024,1.9122
97,16,50,0.332126,0.032037,288,270,41,biscoito,52f2f0a024,1.9122
97,17,50,0.332126,0.032037,288,270,41,biscoito,52f2f0a024,1.9122
97,18,50,0.332126,0.032037,288,270,41,biscoito,52f2f0a024,1.9122
97,19,50,0.332126,0.032037,288,270,41,biscoito,52f2f0a024,1.9122
97,20,50,0.332126,0.032037,288,270,41,biscoito,52f2f0a024,1.9122
97,21,50,0.332126,0.032037,288,270,41,biscoito,52f2f0a024,1.9122
97,22,50,0.331447,0.032401,287,269,41,biscoito,0f00cab21c,1.7192
97,23,50,0.332126,0.032037,288,270,41,biscoito,52f2f0a024,1.9122
97,24,50,0.332126,0.032037,288,270,41,biscoito,52f2f0a024,1.9122
97,25,50,0.332126,0.032037,288,270,41,biscoito,52f2f0a024,1.9122
97,26,50,0.332126,0.032037,288,270,41,biscoito,52f2f0a024,1.9122
97,27,50,0.332126,0.032037,288,270,41,biscoito,52f2f0a024,1.9122
97,28,50,0.332126,0.032037,288,270,41,biscoito,52f2f0a024,1.9122
97,29,50,0.332126,0.032037,288,270,41,biscoito,52f2f0a024,1.9122
97,30,50,0.332126,0.032037,288,270,41,biscoito,52f2f0a024,1.9122
97,31,50,0.332126,0.032037,288,270,41,biscoito,52f2f0a024,1.9122
97,32,50,0.332126,0.032037,288,270,41,biscoito,52f2f0a024,1.9122
97,33,50,0.322048,0.031046,286,266,41,biscoito,5b385942cb,1.7312
97,34,50,0.331860,0.032292,288,269,42,biscoito,e6d7cda946,1.7309
97,35,50,0.332126,0.032037,288,270,41,biscoito,52f2f0a024,1.9122
97,36,50,0.332126,0.032037,288,270,41,biscoito,52f2f0a024,1.9122
97,37,50,0.332126,0.032037,288,270,41,biscoito,52f2f0a024,1.9122
97,38,50,0.332126,0.032037,288,270,41,biscoito,52f2f0a024,1.9122
97,39,50,0.331168,0.031484,289,270,41,biscoito,70472eb40b,1.9816
97,40,50,0.332126,0.032037,288,270,41,biscoito,52f2f0a024,1.9122
97,41,50,0.332126,0.032037,288,270,41,biscoito,52f2f0a024,1.9122
97,42,50,0.332126,0.032037,288,270,41,biscoito,52f2f0a024,1.9122
97,43,50,0.332126,0.032037,288,270,41,biscoito,52f2f0a024,1.9122
97,44,50,0.332126,0.032037,288,270,41,biscoito,52f2f0a024,1.9122
97,45,50,0.332126,0.032037,288,270,41,biscoito,52f2f0a024,1.9122
97,46,50,0.332126,0.032037,288,270,41,biscoito,52f2f0a024,1.9122
97,47,50,0.332126,0.032037,288,270,41,biscoito,52f2f0a024,1.9122
97,48,50,0.332126,0.032037,288,270,41,biscoito,52f2f0a024,1.9122
97,49,50,0.332126,0.032037,288,270,41,biscoito,52f2f0a024,1.9122
98,0,50,0.332126,0.032037,288,270,41,biscoito,52f2f0a024,1.9122
98,1,50,0.332126,0.032037,288,270,41,biscoito,52f2f0a024,1.9122
98,2,50,0.332126,0.032037,288,270,41,biscoito,52f2f0a024,1.9122
98,3,50,0.332126,0.032037,288,270,41,biscoito,52f2f0a024,1.9122
98,4,50,0.332126,0.032037,288,270,41,biscoito,52f2f0a024,1.9122
98,5,50,0.332126,0.032037,288,270,41,biscoito,52f2f0a024,1.9122
98,6,50,0.332126,0.032037,288,270,41,biscoito,52f2f0a024,1.9122
98,7,50,0.332126,0.032037,288,270,41,biscoito,52f2f0a024,1.9122
98,8,50,0.332126,0.032037,288,270,41,biscoito,52f2f0a024,1.9122
98,9,50,0.332126,0.032037,288,270,41,biscoito,52f2f0a024,1.9122
98,10,50,0.332126,0.032037,288,270,41,biscoito,52f2f0a024,1.9122
98,11,50,0.332126,0.032037,288,270,41,biscoito,52f2f0a024,1.9122
98,12,50,0.332126,0.032037,288,270,41,biscoito,52f2f0a024,1.9122
98,13,50,0.332126,0.032037,288,270,41,biscoito,52f2f0a024,1.9122
98,14,50,0.332126,0.032037,288,270,41,biscoito,52f2f0a024,1.9122
98,15,50,0.332126,0.032037,288,270,41,biscoito,52f2f0a024,1.9122
98,16,50,0.332126,0.032037,288,270,41,biscoito,52f2f0a024,1.9122
98,17,50,0.321196,0.031310,284,267,41,biscoito,36efc693b4,1.8446
98,18,50,0.332126,0.032037,288,270,41,biscoito,52f2f0a024,1.9122
98,19,50,0.332126,0.032037,288,270,41,biscoito,52f2f0a024,1.9122
98,20,50,0.332126,0.032037,288,270,41,biscoito,52f2f0a024,1.9122
98,21,50,0.332126,0.032037,288,270,41,biscoito,52f2f0a024,1.9122
98,22,50,0.332126,0.032037,288,270,41,biscoito,52f2f0a024,1.9122
98,23,50,0.332126,0.032037,288,270,41,biscoito,52f2f0a024,1.9122
98,24,50,0.332126,0.032037,288,270,41,biscoito,52f2f0a024,1.9122
98,25,50,0.332126,0.032037,288,270,41,biscoito,52f2f0a024,1.9122
98,26,50,0.332126,0.032037,288,270,41,biscoito,52f2f0a024,1.9122
98,27,50,0.332126,0.032037,288,270,41,biscoito,52f2f0a024,1.9122
98,28,50,0.332126,0.032037,288,270,41,biscoito,52f2f0a024,1.9122
98,29,50,0.332126,0.032037,288,270,41,biscoito,52f2f0a024,1.9122
98,30,50,0.332126,0.032037,288,270,41,biscoito,52f2f0a024,1.9122
98,31,50,0.332126,0.032037,288,270,41,biscoito,52f2f0a024,1.9122
98,32,50,0.332126,0.032037,288,270,41,biscoito,52f2f0a024,1.9122
98,33,50,0.320943,0.031524,288,269,41,biscoito,51c3d664c5,1.7424
98,34,50,0.332126,0.032037,288,270,41,biscoito,52f2f0a024,1.9122
98,35,50,0.332126,0.032037,288,270,41,biscoito,52f2f0a024,1.9122
98,36,50,0.332126,0.032037,288,270,41,biscoito,52f2f0a024,1.9122
98,37,50,0.332126,0.032037,288,270,41,biscoito,52f2f0a024,1.9122
98,38,50,0.332126,0.032037,288,270,41,biscoito,52f2f0a024,1.9122
98,39,50,0.332126,0.032037,288,270,41,biscoito,52f2f0a024,1.9122
98,40,50,0.332126,0.032037,288,270,41,biscoito,52f2f0a024,1.9122
98,41,50,0.332126,0.032037,288,270,41,biscoito,52f2f0a024,1.9122
98,42,50,0.332126,0.032037,288,270,41,biscoito,52f2f0a024,1.9122
98,43,50,0.332126,0.032037,288,270,41,biscoito,52f2f0a024,1.9122
98,44,50,0.323712,0.030818,285,263,40,biscoito,558a422c9d,1.7929
98,45,50,0.320557,0.031190,287,269,41,biscoito,e3c41319bc,1.7537
98,46,50,0.332126,0.032037,288,270,41,biscoito,52f2f0a024,1.9122
98,47,50,0.332126,0.032037,288,270,41,biscoito,52f2f0a024,1.9122
98,48,50,0.332126,0.032037,288,270,41,biscoito,52f2f0a024,1.9122
98,49,50,0.332126,0.032037,288,270,41,biscoito,52f2f0a024,1.9122
99,0,50,0.332126,0.032037,288,270,41,biscoito,52f2f0a024,1.9122
99,1,50,0.332126,0.032037,288,270,41,biscoito,52f2f0a024,1.9122
99,2,50,0.332126,0.032037,288,270,41,biscoito,52f2f0a024,1.9122
99,3,50,0.332126,0.032037,288,270,41,biscoito,52f2f0a024,1.9122
99,4,50,0.332126,0.032037,288,270,41,biscoito,52f2f0a024,1.9122
99,5,50,0.332126,0.032037,288,270,41,biscoito,52f2f0a024,1.9122
99,6,50,0.332126,0.032037,288,270,41,biscoito,52f2f0a024,1.9122
99,7,50,0.332126,0.032037,288,270,41,biscoito,52f2f0a024,1.9122
99,8,50,0.332126,0.032037,288,270,41,biscoito,52f2f0a024,1.9122
99,9,50,0.332126,0.032037,288,270,41,biscoito,52f2f0a024,1.9122
99,10,50,0.332126,0.032037,288,270,41,biscoito,52f2f0a024,1.9122
99,11,50,0.332126,0.032037,288,270,41,biscoito,52f2f0a024,1.9122
99,12,50,0.332126,0.032037,288,270,41,biscoito,52f2f0a024,1.9122
99,13,50,0.332126,0.032037,288,270,41,biscoito,52f2f0a024,1.9122
99,14,50,0.332126,0.032037,288,270,41,biscoito,52f2f0a024,1.9122
99,15,50,0.332126,0.032037,288,270,41,biscoito,52f2f0a024,1.9122
99,16,50,0.332126,0.032037,288,270,41,biscoito,52f2f0a024,1.9122
99,17,50,0.332126,0.032037,288,270,41,biscoito,52f2f0a024,1.9122
99,18,50,0.332126,0.032037,288,270,41,biscoito,52f2f0a024,1.9122
99,19,50,0.332126,0.032037,288,270,41,biscoito,52f2f0a024,1.9122
99,20,50,0.330675,0.031174,292,274,40,biscoito,38ee6ca971,1.7795
99,21,50,0.332126,0.032037,288,270,41,biscoito,52f2f0a024,1.9122
99,22,50,0.332126,0.032037,288,270,41,biscoito,52f2f0a024,1.9122
99,23,50,0.332126,0.032037,288,270,41,biscoito,52f2f0a024,1.9122
99,24,50,0.332126,0.032037,288,270,41,biscoito,52f2f0a024,1.9122
99,25,50,0.332126,0.032037,288,270,41,biscoito,52f2f0a024,1.9122
99,26,50,0.332126,0.032037,288,270,41,biscoito,52f2f0a024,1.9122
99,27,50,0.332126,0.032037,288,270,41,biscoito,52f2f0a024,1.9122
99,28,50,0.332126,0.032037,288,270,41,biscoito,52f2f0a024,1.9122
99,29,50,0.332126,0.032037,288,270,41,biscoito,52f2f0a024,1.9122
99,30,50,0.332126,0.032037,288,270,41,biscoito,52f2f0a024,1.9122
99,31,50,0.324391,0.031513,285,266,41,biscoito,bfd19fab66,1.7729
99,32,50,0.332126,0.032037,288,270,41,biscoito,52f2f0a024,1.9122
99,33,50,0.323446,0.031362,284,267,41,biscoito,4e60f086be,1.8954
99,34,50,0.332126,0.032037,288,270,41,biscoito,52f2f0a024,1.9122
99,35,50,0.332126,0.032037,288,270,41,biscoito,52f2f0a024,1.9122
99,36,50,0.332126,0.032037,288,270,41,biscoito,52f2f0a024,1.9122
99,37,50,0.332126,0.032037,288,270,41,biscoito,52f2f0a024,1.9122
99,38,50,0.332126,0.032037,288,270,41,biscoito,52f2f0a024,1.9122
99,39,50,0.332126,0.032037,288,270,41,biscoito,52f2f0a024,1.9122
99,40,50,0.332126,0.032037,288,270,41,biscoito,52f2f0a024,1.9122
99,41,50,0.332126,0.032037,288,270,41,biscoito,52f2f0a024,1.9122
99,42,50,0.332126,0.032037,288,270,41,biscoito,52f2f0a024,1.9122
99,43,50,0.332126,0.032037,288,270,41,biscoito,52f2f0a024,1.9122
99,44,50,0.332126,0.032037,288,270,41,biscoito,52f2f0a024,1.9122
99,45,50,0.332126,0.032037,288,270,41,biscoito,52f2f0a024,1.9122
99,46,50,0.332126,0.032037,288,270,41,biscoito,52f2f0a024,1.9122
99,47,50,0.332126,0.032037,288,270,41,biscoito,52f2f0a024,1.9122
99,48,50,0.332126,0.032037,288,270,41,biscoito,52f2f0a024,1.9122
99,49,50,0.332126,0.032037,288,270,41,biscoito,52f2f0a024,1.9122
100,0,50,0.332126,0.032037,288,270,41,biscoito,52f2f0a024,1.9122
100,1,50,0.332126,0.032037,288,270,41,biscoito,52f2f0a024,1.9122
100,2,50,0.332126,0.032037,288,270,41,biscoito,52f2f0a024,1.9122
100,3,50,0.332126,0.032037,288,270,41,biscoito,52f2f0a024,1.9122
100,4,50,0.332126,0.032037,288,270,41,biscoito,52f2f0a024,1.9122
100,5,50,0.332126,0.032037,288,270,41,biscoito,52f2f0a024,1.9122
100,6,50,0.332126,0.032037,288,270,41,biscoito,52f2f0a024,1.9122
100,7,50,0.332126,0.032037,288,270,41,biscoito,52f2f0a024,1.9122
100,8,50,0.332126,0.032037,288,270,41,biscoito,52f2f0a024,1.9122
100,9,50,0.332126,0.032037,288,270,41,biscoito,52f2f0a024,1.9122
100,10,50,0.332126,0.032037,288,270,41,biscoito,52f2f0a024,1.9122
100,11,50,0.332126,0.032037,288,270,41,biscoito,52f2f0a024,1.9122
100,12,50,0.332126,0.032037,288,270,41,biscoito,52f2f0a024,1.9122
100,13,50,0.332126,0.032037,288,270,41,biscoito,52f2f0a024,1.9122
100,14,50,0.332126,0.032037,288,270,41,biscoito,52f2f0a024,1.9122
100,15,50,0.316376,0.030943,287,268,41,biscoito,05f0856a3d,1.8956
100,16,50,0.326095,0.031140,287,269,40,biscoito,726d92eb83,1.7964
100,17,50,0.332126,0.032037,288,270,41,biscoito,52f2f0a024,1.9122
100,18,50,0.332126,0.032037,288,270,41,biscoito,52f2f0a024,1.9122
100,19,50,0.332126,0.032037,288,270,41,biscoito,52f2f0a024,1.9122
100,20,50,0.331261,0.032083,287,268,41,suco pronto,29c4a9a42b,1.9152
100,21,50,0.332126,0.032037,288,270,41,biscoito,52f2f0a024,1.9122
100,22,50,0.332126,0.032037,288,270,41,biscoito,52f2f0a024,1.9122
100,23,50,0.332126,0.032037,288,270,41,biscoito,52f2f0a024,1.9122
100,24,50,0.332126,0.032037,288,270,41,biscoito,52f2f0a024,1.9122
100,25,50,0.332126,0.032037,288,270,41,biscoito,52f2f0a024,1.9122
100,26,50,0.332126,0.032037,288,270,41,biscoito,52f2f0a024,1.9122
100,27,50,0.332126,0.032037,288,270,41,biscoito,52f2f0a024,1.9122
100,28,50,0.332126,0.032037,288,270,41,biscoito,52f2f0a024,1.9122
100,29,50,0.332126,0.032037,288,270,41,biscoito,52f2f0a024,1.9122
100,30,50,0.332126,0.032037,288,270,41,biscoito,52f2f0a024,1.9122
100,31,50,0.332126,0.032037,288,270,41,biscoito,52f2f0a024,1.9122
100,32,50,0.332126,0.032037,288,270,41,biscoito,52f2f0a024,1.9122
100,33,50,0.332126,0.032037,288,270,41,biscoito,52f2f0a024,1.9122
100,34,50,0.332126,0.032037,288,270,41,biscoito,52f2f0a024,1.9122
100,35,50,0.332126,0.032037,288,270,41,biscoito,52f2f0a024,1.9122
100,36,50,0.332126,0.032037,288,270,41,biscoito,52f2f0a024,1.9122
100,37,50,0.332126,0.032037,288,270,41,biscoito,52f2f0a024,1.9122
100,38,50,0.332126,0.032037,288,270,41,biscoito,52f2f0a024,1.9122
100,39,50,0.329863,0.031623,292,273,41,biscoito,ad121b4881,1.8546
100,40,50,0.332126,0.032037,288,270,41,biscoito,52f2f0a024,1.9122
100,41,50,0.332126,0.032037,288,270,41,biscoito,52f2f0a024,1.9122
100,42,50,0.330595,0.031503,286,267,40,biscoito,6e96181d75,1.6246
100,43,50,0.332126,0.032037,288,270,41,biscoito,52f2f0a024,1.9122
100,44,50,0.332126,0.032037,288,270,41,biscoito,52f2f0a024,1.9122
100,45,50,0.332126,0.032037,288,270,41,biscoito,52f2f0a024,1.9122
100,46,50,0.332126,0.032037,288,270,41,biscoito,52f2f0a024,1.9122
100,47,50,0.315298,0.031317,286,268,41,biscoito,263d1f0994,1.7353
100,48,50,0.332126,0.032037,288,270,41,biscoito,52f2f0a024,1.9122
100,49,50,0.332126,0.032037,288,270,41,biscoito,52f2f0a024,1.9122
